<?xml version="1.0" encoding="UTF-8" standalone="yes"?>
<gpx version="1.1" creator="outdooractive - http://www.outdooractive.com" xmlns="http://www.topografix.com/GPX/1/1" xmlns:oa="http://www.outdooractive.com/GPX/Extensions/1" xmlns:xsi="http://www.w3.org/2001/XMLSchema-instance" xsi:schemaLocation="http://www.topografix.com/GPX/1/1 http://www.topografix.com/GPX/1/1/gpx.xsd http://www.outdooractive.com/GPX/Extensions/1 https://www.outdooractive.com/schema/gpx_extensions.xsd">
  <metadata>
    <name>Birgitta Trail, Linköping to Vadstena</name>
    <author>
      <name>Ulf Sighede - Paxwalk, ekonomisk förening</name>
    </author>
    <link href="https://www.outdooractive.com/r/18098821"/>
    <time>2026-03-19T09:37:56.109Z</time>
    <extensions>
      <oa:oaCategory>pilgrimTrack</oa:oaCategory>
    </extensions>
  </metadata>
  <trk>
    <name>Birgitta Trail, Linköping to Vadstena</name>
    <desc>A historic walk in the footsteps of Saint Birgitta.</desc>
    <type>pilgrimTrack</type>
    <trkseg>
      <trkpt lat="58.450605" lon="14.892135">
        <ele>107.0</ele>
        <name>58.450605,14.892135</name>
        <extensions>
          <oa:Extension>
            <oa:mapZoom>12</oa:mapZoom>
          </oa:Extension>
        </extensions>
      </trkpt>
      <trkpt lat="58.45061" lon="14.892205">
        <ele>106.9</ele>
      </trkpt>
      <trkpt lat="58.450623" lon="14.892309">
        <ele>106.6</ele>
      </trkpt>
      <trkpt lat="58.450655" lon="14.892438">
        <ele>106.1</ele>
      </trkpt>
      <trkpt lat="58.450735" lon="14.892332">
        <ele>105.9</ele>
      </trkpt>
      <trkpt lat="58.450749" lon="14.892322">
        <ele>105.8</ele>
      </trkpt>
      <trkpt lat="58.450782" lon="14.892642">
        <ele>105.3</ele>
      </trkpt>
      <trkpt lat="58.450853" lon="14.893238">
        <ele>102.7</ele>
      </trkpt>
      <trkpt lat="58.450924" lon="14.893835">
        <ele>97.6</ele>
      </trkpt>
      <trkpt lat="58.450967" lon="14.893816">
        <ele>97.3</ele>
      </trkpt>
      <trkpt lat="58.451137" lon="14.893748">
        <ele>96.3</ele>
      </trkpt>
      <trkpt lat="58.451415" lon="14.893655">
        <ele>95.7</ele>
      </trkpt>
      <trkpt lat="58.451455" lon="14.893639">
        <ele>95.5</ele>
      </trkpt>
      <trkpt lat="58.451524" lon="14.894288">
        <ele>94.0</ele>
      </trkpt>
      <trkpt lat="58.451759" lon="14.894144">
        <ele>92.3</ele>
      </trkpt>
      <trkpt lat="58.451789" lon="14.894614">
        <ele>92.9</ele>
      </trkpt>
      <trkpt lat="58.451806" lon="14.894767">
        <ele>93.0</ele>
      </trkpt>
      <trkpt lat="58.451874" lon="14.895346">
        <ele>94.4</ele>
      </trkpt>
      <trkpt lat="58.451933" lon="14.895668">
        <ele>94.1</ele>
      </trkpt>
      <trkpt lat="58.452" lon="14.895991">
        <ele>93.1</ele>
      </trkpt>
      <trkpt lat="58.452047" lon="14.896131">
        <ele>92.5</ele>
      </trkpt>
      <trkpt lat="58.452138" lon="14.896273">
        <ele>92.2</ele>
      </trkpt>
      <trkpt lat="58.452122" lon="14.896381">
        <ele>92.2</ele>
      </trkpt>
      <trkpt lat="58.452114" lon="14.896859">
        <ele>92.3</ele>
      </trkpt>
      <trkpt lat="58.452106" lon="14.897337">
        <ele>92.6</ele>
      </trkpt>
      <trkpt lat="58.452118" lon="14.897524">
        <ele>93.1</ele>
      </trkpt>
      <trkpt lat="58.452148" lon="14.897984">
        <ele>93.0</ele>
      </trkpt>
      <trkpt lat="58.452199" lon="14.898425">
        <ele>93.0</ele>
      </trkpt>
      <trkpt lat="58.452249" lon="14.898867">
        <ele>94.0</ele>
      </trkpt>
      <trkpt lat="58.452371" lon="14.89947">
        <ele>95.0</ele>
      </trkpt>
      <trkpt lat="58.452411" lon="14.89961">
        <ele>94.9</ele>
      </trkpt>
      <trkpt lat="58.452491" lon="14.899889">
        <ele>95.6</ele>
      </trkpt>
      <trkpt lat="58.452586" lon="14.900327">
        <ele>96.1</ele>
      </trkpt>
      <trkpt lat="58.452355" lon="14.900593">
        <ele>95.4</ele>
      </trkpt>
      <trkpt lat="58.452124" lon="14.900858">
        <ele>95.0</ele>
      </trkpt>
      <trkpt lat="58.451782" lon="14.901234">
        <ele>95.0</ele>
      </trkpt>
      <trkpt lat="58.451956" lon="14.901915">
        <ele>95.0</ele>
      </trkpt>
      <trkpt lat="58.45213" lon="14.902596">
        <ele>95.1</ele>
      </trkpt>
      <trkpt lat="58.452305" lon="14.903277">
        <ele>93.7</ele>
      </trkpt>
      <trkpt lat="58.452479" lon="14.903959">
        <ele>93.1</ele>
      </trkpt>
      <trkpt lat="58.452653" lon="14.90464">
        <ele>92.3</ele>
      </trkpt>
      <trkpt lat="58.452825" lon="14.905265">
        <ele>93.0</ele>
      </trkpt>
      <trkpt lat="58.452967" lon="14.905841">
        <ele>93.1</ele>
      </trkpt>
      <trkpt lat="58.453109" lon="14.906417">
        <ele>93.0</ele>
      </trkpt>
      <trkpt lat="58.453251" lon="14.906993">
        <ele>93.2</ele>
      </trkpt>
      <trkpt lat="58.453368" lon="14.907458">
        <ele>92.1</ele>
      </trkpt>
      <trkpt lat="58.453485" lon="14.907924">
        <ele>91.7</ele>
      </trkpt>
      <trkpt lat="58.453535" lon="14.908068">
        <ele>91.2</ele>
      </trkpt>
      <trkpt lat="58.453556" lon="14.90831">
        <ele>91.1</ele>
      </trkpt>
      <trkpt lat="58.453546" lon="14.90878">
        <ele>91.7</ele>
      </trkpt>
      <trkpt lat="58.453436" lon="14.909342">
        <ele>91.9</ele>
      </trkpt>
      <trkpt lat="58.45325" lon="14.909927">
        <ele>93.3</ele>
      </trkpt>
      <trkpt lat="58.453072" lon="14.910504">
        <ele>94.0</ele>
      </trkpt>
      <trkpt lat="58.453403" lon="14.910982">
        <ele>93.5</ele>
      </trkpt>
      <trkpt lat="58.453652" lon="14.911273">
        <ele>94.7</ele>
      </trkpt>
      <trkpt lat="58.453949" lon="14.911165">
        <ele>95.0</ele>
      </trkpt>
      <trkpt lat="58.454245" lon="14.911057">
        <ele>93.9</ele>
      </trkpt>
      <trkpt lat="58.454338" lon="14.911141">
        <ele>94.1</ele>
      </trkpt>
      <trkpt lat="58.454409" lon="14.911725">
        <ele>94.1</ele>
      </trkpt>
      <trkpt lat="58.454479" lon="14.91231">
        <ele>93.6</ele>
      </trkpt>
      <trkpt lat="58.454549" lon="14.912894">
        <ele>92.9</ele>
      </trkpt>
      <trkpt lat="58.454706" lon="14.913278">
        <ele>92.0</ele>
      </trkpt>
      <trkpt lat="58.454915" lon="14.913687">
        <ele>91.9</ele>
      </trkpt>
      <trkpt lat="58.455124" lon="14.914096">
        <ele>92.5</ele>
      </trkpt>
      <trkpt lat="58.455334" lon="14.914505">
        <ele>91.9</ele>
      </trkpt>
      <trkpt lat="58.455582" lon="14.915138">
        <ele>92.1</ele>
      </trkpt>
      <trkpt lat="58.45583" lon="14.91577">
        <ele>93.1</ele>
      </trkpt>
      <trkpt lat="58.456078" lon="14.916403">
        <ele>92.9</ele>
      </trkpt>
      <trkpt lat="58.456327" lon="14.917035">
        <ele>92.8</ele>
      </trkpt>
      <trkpt lat="58.456575" lon="14.917668">
        <ele>93.7</ele>
      </trkpt>
      <trkpt lat="58.456823" lon="14.918301">
        <ele>93.6</ele>
      </trkpt>
      <trkpt lat="58.457071" lon="14.918933">
        <ele>93.5</ele>
      </trkpt>
      <trkpt lat="58.457237" lon="14.919561">
        <ele>94.1</ele>
      </trkpt>
      <trkpt lat="58.457389" lon="14.920278">
        <ele>92.7</ele>
      </trkpt>
      <trkpt lat="58.457437" lon="14.92079">
        <ele>91.1</ele>
      </trkpt>
      <trkpt lat="58.45752" lon="14.921307">
        <ele>90.2</ele>
      </trkpt>
      <trkpt lat="58.457631" lon="14.921832">
        <ele>89.4</ele>
      </trkpt>
      <trkpt lat="58.457743" lon="14.922255">
        <ele>89.1</ele>
      </trkpt>
      <trkpt lat="58.457838" lon="14.922515">
        <ele>88.9</ele>
      </trkpt>
      <trkpt lat="58.457812" lon="14.922704">
        <ele>88.9</ele>
        <name>58.457812,14.922704</name>
        <extensions>
          <oa:Extension>
            <oa:mapZoom>12</oa:mapZoom>
          </oa:Extension>
        </extensions>
      </trkpt>
      <trkpt lat="58.457789" lon="14.922892">
        <ele>89.4</ele>
      </trkpt>
      <trkpt lat="58.457787" lon="14.922949">
        <ele>89.6</ele>
      </trkpt>
      <trkpt lat="58.457778" lon="14.923016">
        <ele>89.9</ele>
      </trkpt>
      <trkpt lat="58.457741" lon="14.92324">
        <ele>90.1</ele>
        <name>58.457741,14.923240</name>
        <extensions>
          <oa:Extension>
            <oa:mapZoom>12</oa:mapZoom>
          </oa:Extension>
        </extensions>
      </trkpt>
      <trkpt lat="58.457709" lon="14.923334">
        <ele>90.0</ele>
      </trkpt>
      <trkpt lat="58.457674" lon="14.923493">
        <ele>90.0</ele>
      </trkpt>
      <trkpt lat="58.457663" lon="14.923571">
        <ele>90.0</ele>
      </trkpt>
      <trkpt lat="58.457644" lon="14.923631">
        <ele>90.0</ele>
      </trkpt>
      <trkpt lat="58.457601" lon="14.923694">
        <ele>90.0</ele>
      </trkpt>
      <trkpt lat="58.457617" lon="14.92394">
        <ele>89.9</ele>
      </trkpt>
      <trkpt lat="58.457607" lon="14.92429">
        <ele>89.6</ele>
      </trkpt>
      <trkpt lat="58.45755" lon="14.925002">
        <ele>89.9</ele>
      </trkpt>
      <trkpt lat="58.457514" lon="14.925448">
        <ele>90.5</ele>
      </trkpt>
      <trkpt lat="58.457478" lon="14.925893">
        <ele>92.0</ele>
      </trkpt>
      <trkpt lat="58.457449" lon="14.926315">
        <ele>92.8</ele>
      </trkpt>
      <trkpt lat="58.457432" lon="14.926629">
        <ele>92.1</ele>
      </trkpt>
      <trkpt lat="58.45741" lon="14.927155">
        <ele>91.2</ele>
      </trkpt>
      <trkpt lat="58.457385" lon="14.927898">
        <ele>90.0</ele>
      </trkpt>
      <trkpt lat="58.457363" lon="14.928643">
        <ele>90.0</ele>
      </trkpt>
      <trkpt lat="58.457362" lon="14.928837">
        <ele>90.0</ele>
      </trkpt>
      <trkpt lat="58.457361" lon="14.929076">
        <ele>90.0</ele>
      </trkpt>
      <trkpt lat="58.45737" lon="14.92982">
        <ele>90.0</ele>
      </trkpt>
      <trkpt lat="58.457359" lon="14.930415">
        <ele>90.8</ele>
      </trkpt>
      <trkpt lat="58.457345" lon="14.930972">
        <ele>91.6</ele>
      </trkpt>
      <trkpt lat="58.457321" lon="14.931543">
        <ele>91.5</ele>
      </trkpt>
      <trkpt lat="58.457284" lon="14.932126">
        <ele>91.1</ele>
      </trkpt>
      <trkpt lat="58.457261" lon="14.932443">
        <ele>90.2</ele>
      </trkpt>
      <trkpt lat="58.457208" lon="14.933018">
        <ele>90.0</ele>
      </trkpt>
      <trkpt lat="58.457154" lon="14.933594">
        <ele>90.9</ele>
      </trkpt>
      <trkpt lat="58.457136" lon="14.933849">
        <ele>91.2</ele>
      </trkpt>
      <trkpt lat="58.457127" lon="14.934074">
        <ele>91.2</ele>
      </trkpt>
      <trkpt lat="58.457114" lon="14.934773">
        <ele>92.1</ele>
      </trkpt>
      <trkpt lat="58.457107" lon="14.935252">
        <ele>92.0</ele>
      </trkpt>
      <trkpt lat="58.457115" lon="14.935654">
        <ele>92.1</ele>
      </trkpt>
      <trkpt lat="58.457134" lon="14.935965">
        <ele>92.0</ele>
      </trkpt>
      <trkpt lat="58.457162" lon="14.936221">
        <ele>92.0</ele>
      </trkpt>
      <trkpt lat="58.45719" lon="14.936424">
        <ele>92.1</ele>
      </trkpt>
      <trkpt lat="58.457235" lon="14.936694">
        <ele>93.1</ele>
      </trkpt>
      <trkpt lat="58.457286" lon="14.936923">
        <ele>94.0</ele>
      </trkpt>
      <trkpt lat="58.457343" lon="14.937155">
        <ele>94.2</ele>
      </trkpt>
      <trkpt lat="58.457446" lon="14.93749">
        <ele>93.9</ele>
      </trkpt>
      <trkpt lat="58.457571" lon="14.937881">
        <ele>93.6</ele>
      </trkpt>
      <trkpt lat="58.457675" lon="14.938239">
        <ele>93.2</ele>
      </trkpt>
      <trkpt lat="58.457712" lon="14.938399">
        <ele>93.0</ele>
      </trkpt>
      <trkpt lat="58.45776" lon="14.938628">
        <ele>92.0</ele>
      </trkpt>
      <trkpt lat="58.457845" lon="14.93914">
        <ele>92.0</ele>
      </trkpt>
      <trkpt lat="58.457929" lon="14.939652">
        <ele>92.0</ele>
      </trkpt>
      <trkpt lat="58.458021" lon="14.940129">
        <ele>91.9</ele>
      </trkpt>
      <trkpt lat="58.45807" lon="14.940358">
        <ele>92.3</ele>
      </trkpt>
      <trkpt lat="58.458131" lon="14.940623">
        <ele>93.3</ele>
      </trkpt>
      <trkpt lat="58.45824" lon="14.94107">
        <ele>94.6</ele>
      </trkpt>
      <trkpt lat="58.458314" lon="14.941346">
        <ele>94.9</ele>
      </trkpt>
      <trkpt lat="58.458374" lon="14.941556">
        <ele>95.8</ele>
      </trkpt>
      <trkpt lat="58.458533" lon="14.942064">
        <ele>95.8</ele>
      </trkpt>
      <trkpt lat="58.458676" lon="14.942521">
        <ele>94.0</ele>
      </trkpt>
      <trkpt lat="58.458819" lon="14.942979">
        <ele>93.2</ele>
      </trkpt>
      <trkpt lat="58.458885" lon="14.943199">
        <ele>93.0</ele>
      </trkpt>
      <trkpt lat="58.458992" lon="14.943582">
        <ele>92.9</ele>
      </trkpt>
      <trkpt lat="58.45912" lon="14.944083">
        <ele>93.1</ele>
      </trkpt>
      <trkpt lat="58.459265" lon="14.944726">
        <ele>93.0</ele>
      </trkpt>
      <trkpt lat="58.45941" lon="14.945368">
        <ele>93.0</ele>
      </trkpt>
      <trkpt lat="58.459454" lon="14.945549">
        <ele>93.0</ele>
      </trkpt>
      <trkpt lat="58.45958" lon="14.945933">
        <ele>92.9</ele>
      </trkpt>
      <trkpt lat="58.459671" lon="14.946154">
        <ele>92.9</ele>
      </trkpt>
      <trkpt lat="58.459882" lon="14.946623">
        <ele>93.9</ele>
      </trkpt>
      <trkpt lat="58.45994" lon="14.946768">
        <ele>94.2</ele>
      </trkpt>
      <trkpt lat="58.460045" lon="14.947083">
        <ele>95.1</ele>
      </trkpt>
      <trkpt lat="58.46011" lon="14.947307">
        <ele>95.1</ele>
      </trkpt>
      <trkpt lat="58.460304" lon="14.948022">
        <ele>96.0</ele>
      </trkpt>
      <trkpt lat="58.460365" lon="14.948281">
        <ele>96.2</ele>
      </trkpt>
      <trkpt lat="58.46044" lon="14.94854">
        <ele>96.9</ele>
      </trkpt>
      <trkpt lat="58.460484" lon="14.948783">
        <ele>97.5</ele>
      </trkpt>
      <trkpt lat="58.460609" lon="14.949527">
        <ele>98.2</ele>
      </trkpt>
      <trkpt lat="58.46065" lon="14.94974">
        <ele>98.4</ele>
      </trkpt>
      <trkpt lat="58.460711" lon="14.949985">
        <ele>98.6</ele>
      </trkpt>
      <trkpt lat="58.460775" lon="14.950189">
        <ele>98.2</ele>
      </trkpt>
      <trkpt lat="58.460889" lon="14.950523">
        <ele>98.0</ele>
      </trkpt>
      <trkpt lat="58.460992" lon="14.950793">
        <ele>98.0</ele>
      </trkpt>
      <trkpt lat="58.461072" lon="14.950988">
        <ele>98.0</ele>
      </trkpt>
      <trkpt lat="58.46117" lon="14.951261">
        <ele>98.0</ele>
      </trkpt>
      <trkpt lat="58.461234" lon="14.951447">
        <ele>98.6</ele>
      </trkpt>
      <trkpt lat="58.461294" lon="14.951637">
        <ele>99.0</ele>
      </trkpt>
      <trkpt lat="58.46135" lon="14.951847">
        <ele>99.0</ele>
      </trkpt>
      <trkpt lat="58.461405" lon="14.952012">
        <ele>99.0</ele>
      </trkpt>
      <trkpt lat="58.461491" lon="14.952239">
        <ele>99.3</ele>
      </trkpt>
      <trkpt lat="58.461603" lon="14.952496">
        <ele>99.8</ele>
      </trkpt>
      <trkpt lat="58.461659" lon="14.952604">
        <ele>100.0</ele>
      </trkpt>
      <trkpt lat="58.461734" lon="14.952725">
        <ele>100.3</ele>
      </trkpt>
      <trkpt lat="58.461835" lon="14.952843">
        <ele>100.6</ele>
      </trkpt>
      <trkpt lat="58.461998" lon="14.953001">
        <ele>101.2</ele>
      </trkpt>
      <trkpt lat="58.46223" lon="14.953215">
        <ele>102.1</ele>
      </trkpt>
      <trkpt lat="58.462573" lon="14.953561">
        <ele>102.3</ele>
      </trkpt>
      <trkpt lat="58.4627" lon="14.953705">
        <ele>102.4</ele>
      </trkpt>
      <trkpt lat="58.462831" lon="14.953866">
        <ele>102.2</ele>
      </trkpt>
      <trkpt lat="58.462936" lon="14.954012">
        <ele>102.4</ele>
      </trkpt>
      <trkpt lat="58.463055" lon="14.95421">
        <ele>103.0</ele>
      </trkpt>
      <trkpt lat="58.463248" lon="14.954538">
        <ele>104.4</ele>
      </trkpt>
      <trkpt lat="58.46344" lon="14.954866">
        <ele>105.5</ele>
      </trkpt>
      <trkpt lat="58.463668" lon="14.955236">
        <ele>106.5</ele>
      </trkpt>
      <trkpt lat="58.463828" lon="14.955465">
        <ele>107.1</ele>
      </trkpt>
      <trkpt lat="58.464134" lon="14.955924">
        <ele>106.8</ele>
      </trkpt>
      <trkpt lat="58.464199" lon="14.956044">
        <ele>107.2</ele>
      </trkpt>
      <trkpt lat="58.464309" lon="14.956278">
        <ele>106.9</ele>
      </trkpt>
      <trkpt lat="58.464445" lon="14.956666">
        <ele>107.0</ele>
      </trkpt>
      <trkpt lat="58.464513" lon="14.956876">
        <ele>107.3</ele>
      </trkpt>
      <trkpt lat="58.464626" lon="14.957234">
        <ele>107.3</ele>
      </trkpt>
      <trkpt lat="58.464774" lon="14.957722">
        <ele>107.3</ele>
      </trkpt>
      <trkpt lat="58.464922" lon="14.958211">
        <ele>108.0</ele>
      </trkpt>
      <trkpt lat="58.465002" lon="14.958506">
        <ele>107.9</ele>
      </trkpt>
      <trkpt lat="58.465043" lon="14.958675">
        <ele>108.4</ele>
      </trkpt>
      <trkpt lat="58.465067" lon="14.958823">
        <ele>109.2</ele>
      </trkpt>
      <trkpt lat="58.465098" lon="14.959242">
        <ele>109.1</ele>
      </trkpt>
      <trkpt lat="58.465118" lon="14.959619">
        <ele>109.1</ele>
      </trkpt>
      <trkpt lat="58.465141" lon="14.960194">
        <ele>109.1</ele>
      </trkpt>
      <trkpt lat="58.465164" lon="14.960769">
        <ele>109.5</ele>
      </trkpt>
      <trkpt lat="58.465188" lon="14.961345">
        <ele>110.7</ele>
      </trkpt>
      <trkpt lat="58.465237" lon="14.962082">
        <ele>112.1</ele>
      </trkpt>
      <trkpt lat="58.465299" lon="14.962723">
        <ele>111.0</ele>
      </trkpt>
      <trkpt lat="58.465328" lon="14.963076">
        <ele>111.2</ele>
      </trkpt>
      <trkpt lat="58.465348" lon="14.963477">
        <ele>112.1</ele>
      </trkpt>
      <trkpt lat="58.465351" lon="14.963905">
        <ele>112.1</ele>
      </trkpt>
      <trkpt lat="58.465341" lon="14.964591">
        <ele>110.1</ele>
      </trkpt>
      <trkpt lat="58.465331" lon="14.965277">
        <ele>109.0</ele>
      </trkpt>
      <trkpt lat="58.465322" lon="14.965964">
        <ele>109.6</ele>
      </trkpt>
      <trkpt lat="58.465312" lon="14.96665">
        <ele>112.0</ele>
      </trkpt>
      <trkpt lat="58.465303" lon="14.967336">
        <ele>113.4</ele>
      </trkpt>
      <trkpt lat="58.465292" lon="14.96774">
        <ele>114.9</ele>
      </trkpt>
      <trkpt lat="58.465277" lon="14.968152">
        <ele>115.0</ele>
      </trkpt>
      <trkpt lat="58.465246" lon="14.968822">
        <ele>114.9</ele>
      </trkpt>
      <trkpt lat="58.465218" lon="14.969275">
        <ele>114.5</ele>
        <name>58.465218,14.969275</name>
        <extensions>
          <oa:Extension>
            <oa:mapZoom>12</oa:mapZoom>
          </oa:Extension>
        </extensions>
      </trkpt>
      <trkpt lat="58.465209" lon="14.969742">
        <ele>114.4</ele>
      </trkpt>
      <trkpt lat="58.465224" lon="14.969991">
        <ele>114.5</ele>
      </trkpt>
      <trkpt lat="58.465247" lon="14.970167">
        <ele>114.7</ele>
      </trkpt>
      <trkpt lat="58.46527" lon="14.970305">
        <ele>114.9</ele>
      </trkpt>
      <trkpt lat="58.4653" lon="14.970458">
        <ele>115.2</ele>
      </trkpt>
      <trkpt lat="58.465377" lon="14.970724">
        <ele>116.2</ele>
      </trkpt>
      <trkpt lat="58.465485" lon="14.970974">
        <ele>116.8</ele>
      </trkpt>
      <trkpt lat="58.465564" lon="14.97113">
        <ele>117.0</ele>
      </trkpt>
      <trkpt lat="58.465627" lon="14.971244">
        <ele>117.6</ele>
      </trkpt>
      <trkpt lat="58.465699" lon="14.971356">
        <ele>118.2</ele>
      </trkpt>
      <trkpt lat="58.466014" lon="14.97181">
        <ele>119.4</ele>
      </trkpt>
      <trkpt lat="58.466093" lon="14.971949">
        <ele>119.9</ele>
      </trkpt>
      <trkpt lat="58.466164" lon="14.972097">
        <ele>120.0</ele>
      </trkpt>
      <trkpt lat="58.466139" lon="14.972151">
        <ele>120.0</ele>
      </trkpt>
      <trkpt lat="58.465918" lon="14.972622">
        <ele>120.0</ele>
      </trkpt>
      <trkpt lat="58.465667" lon="14.97314">
        <ele>119.7</ele>
        <name>58.465667,14.973140</name>
        <extensions>
          <oa:Extension>
            <oa:mapZoom>12</oa:mapZoom>
          </oa:Extension>
        </extensions>
      </trkpt>
      <trkpt lat="58.465549" lon="14.97336">
        <ele>120.0</ele>
      </trkpt>
      <trkpt lat="58.465446" lon="14.973536">
        <ele>120.0</ele>
      </trkpt>
      <trkpt lat="58.465315" lon="14.973736">
        <ele>120.1</ele>
      </trkpt>
      <trkpt lat="58.465121" lon="14.974006">
        <ele>119.9</ele>
      </trkpt>
      <trkpt lat="58.464924" lon="14.974289">
        <ele>119.8</ele>
      </trkpt>
      <trkpt lat="58.464727" lon="14.974572">
        <ele>120.0</ele>
      </trkpt>
      <trkpt lat="58.464502" lon="14.974905">
        <ele>119.9</ele>
      </trkpt>
      <trkpt lat="58.464244" lon="14.975277">
        <ele>119.6</ele>
      </trkpt>
      <trkpt lat="58.463987" lon="14.975649">
        <ele>119.0</ele>
      </trkpt>
      <trkpt lat="58.464016" lon="14.975792">
        <ele>119.8</ele>
      </trkpt>
      <trkpt lat="58.46403" lon="14.97588">
        <ele>120.1</ele>
      </trkpt>
      <trkpt lat="58.464044" lon="14.976008">
        <ele>120.4</ele>
      </trkpt>
      <trkpt lat="58.464046" lon="14.976096">
        <ele>120.5</ele>
      </trkpt>
      <trkpt lat="58.46402" lon="14.97644">
        <ele>121.6</ele>
      </trkpt>
      <trkpt lat="58.463959" lon="14.976875">
        <ele>121.2</ele>
      </trkpt>
      <trkpt lat="58.463897" lon="14.97731">
        <ele>121.3</ele>
      </trkpt>
      <trkpt lat="58.463831" lon="14.977737">
        <ele>121.8</ele>
      </trkpt>
      <trkpt lat="58.463766" lon="14.978165">
        <ele>122.2</ele>
      </trkpt>
      <trkpt lat="58.463704" lon="14.978639">
        <ele>123.1</ele>
      </trkpt>
      <trkpt lat="58.463663" lon="14.979029">
        <ele>123.4</ele>
      </trkpt>
      <trkpt lat="58.463648" lon="14.979142">
        <ele>123.9</ele>
      </trkpt>
      <trkpt lat="58.46363" lon="14.979211">
        <ele>124.0</ele>
      </trkpt>
      <trkpt lat="58.463604" lon="14.979293">
        <ele>124.1</ele>
      </trkpt>
      <trkpt lat="58.463545" lon="14.979427">
        <ele>124.3</ele>
      </trkpt>
      <trkpt lat="58.463307" lon="14.979864">
        <ele>124.5</ele>
      </trkpt>
      <trkpt lat="58.463256" lon="14.979983">
        <ele>123.9</ele>
      </trkpt>
      <trkpt lat="58.463194" lon="14.980185">
        <ele>123.7</ele>
      </trkpt>
      <trkpt lat="58.463097" lon="14.980528">
        <ele>123.2</ele>
      </trkpt>
      <trkpt lat="58.462927" lon="14.981314">
        <ele>121.2</ele>
      </trkpt>
      <trkpt lat="58.462856" lon="14.981739">
        <ele>120.5</ele>
      </trkpt>
      <trkpt lat="58.46279" lon="14.982247">
        <ele>121.0</ele>
      </trkpt>
      <trkpt lat="58.462755" lon="14.982428">
        <ele>120.8</ele>
      </trkpt>
      <trkpt lat="58.462704" lon="14.982605">
        <ele>121.1</ele>
      </trkpt>
      <trkpt lat="58.462651" lon="14.982762">
        <ele>122.0</ele>
      </trkpt>
      <trkpt lat="58.462585" lon="14.982897">
        <ele>122.5</ele>
      </trkpt>
      <trkpt lat="58.46253" lon="14.982992">
        <ele>122.7</ele>
      </trkpt>
      <trkpt lat="58.46244" lon="14.983116">
        <ele>123.4</ele>
      </trkpt>
      <trkpt lat="58.462227" lon="14.983386">
        <ele>125.3</ele>
      </trkpt>
      <trkpt lat="58.462014" lon="14.983655">
        <ele>125.5</ele>
      </trkpt>
      <trkpt lat="58.461866" lon="14.983853">
        <ele>125.6</ele>
      </trkpt>
      <trkpt lat="58.4618" lon="14.983953">
        <ele>125.7</ele>
      </trkpt>
      <trkpt lat="58.461772" lon="14.98402">
        <ele>125.9</ele>
      </trkpt>
      <trkpt lat="58.461927" lon="14.98438">
        <ele>126.9</ele>
      </trkpt>
      <trkpt lat="58.462081" lon="14.98474">
        <ele>128.6</ele>
      </trkpt>
      <trkpt lat="58.46235" lon="14.9854">
        <ele>129.3</ele>
      </trkpt>
      <trkpt lat="58.462474" lon="14.98575">
        <ele>127.5</ele>
      </trkpt>
      <trkpt lat="58.462533" lon="14.985878">
        <ele>126.6</ele>
      </trkpt>
      <trkpt lat="58.462571" lon="14.985931">
        <ele>126.2</ele>
      </trkpt>
      <trkpt lat="58.462611" lon="14.985961">
        <ele>125.9</ele>
      </trkpt>
      <trkpt lat="58.462737" lon="14.986076">
        <ele>125.2</ele>
      </trkpt>
      <trkpt lat="58.462928" lon="14.986277">
        <ele>123.6</ele>
      </trkpt>
      <trkpt lat="58.463053" lon="14.986388">
        <ele>123.0</ele>
      </trkpt>
      <trkpt lat="58.463171" lon="14.98638">
        <ele>123.0</ele>
      </trkpt>
      <trkpt lat="58.463278" lon="14.986278">
        <ele>123.1</ele>
      </trkpt>
      <trkpt lat="58.463522" lon="14.986014">
        <ele>122.2</ele>
      </trkpt>
      <trkpt lat="58.463765" lon="14.98575">
        <ele>122.1</ele>
      </trkpt>
      <trkpt lat="58.463944" lon="14.985533">
        <ele>121.9</ele>
      </trkpt>
      <trkpt lat="58.464066" lon="14.985325">
        <ele>121.9</ele>
      </trkpt>
      <trkpt lat="58.464229" lon="14.985091">
        <ele>122.0</ele>
      </trkpt>
      <trkpt lat="58.464459" lon="14.984822">
        <ele>121.9</ele>
      </trkpt>
      <trkpt lat="58.464592" lon="14.984699">
        <ele>122.6</ele>
      </trkpt>
      <trkpt lat="58.464854" lon="14.984507">
        <ele>123.0</ele>
      </trkpt>
      <trkpt lat="58.465045" lon="14.984384">
        <ele>123.0</ele>
      </trkpt>
      <trkpt lat="58.465238" lon="14.984188">
        <ele>123.1</ele>
      </trkpt>
      <trkpt lat="58.465414" lon="14.984061">
        <ele>123.1</ele>
      </trkpt>
      <trkpt lat="58.465654" lon="14.98391">
        <ele>123.6</ele>
      </trkpt>
      <trkpt lat="58.465893" lon="14.983759">
        <ele>123.3</ele>
      </trkpt>
      <trkpt lat="58.465979" lon="14.983747">
        <ele>122.9</ele>
      </trkpt>
      <trkpt lat="58.466022" lon="14.983755">
        <ele>122.6</ele>
      </trkpt>
      <trkpt lat="58.466097" lon="14.983853">
        <ele>121.3</ele>
      </trkpt>
      <trkpt lat="58.4662" lon="14.984058">
        <ele>119.8</ele>
      </trkpt>
      <trkpt lat="58.466381" lon="14.984374">
        <ele>117.3</ele>
      </trkpt>
      <trkpt lat="58.466562" lon="14.98469">
        <ele>115.5</ele>
      </trkpt>
      <trkpt lat="58.466802" lon="14.985087">
        <ele>113.4</ele>
      </trkpt>
      <trkpt lat="58.467005" lon="14.985469">
        <ele>112.8</ele>
      </trkpt>
      <trkpt lat="58.467208" lon="14.98585">
        <ele>112.1</ele>
      </trkpt>
      <trkpt lat="58.46739" lon="14.986231">
        <ele>112.5</ele>
      </trkpt>
      <trkpt lat="58.467468" lon="14.98621">
        <ele>112.1</ele>
      </trkpt>
      <trkpt lat="58.467558" lon="14.986957">
        <ele>110.8</ele>
      </trkpt>
      <trkpt lat="58.467649" lon="14.987703">
        <ele>110.0</ele>
      </trkpt>
      <trkpt lat="58.467682" lon="14.987916">
        <ele>110.1</ele>
      </trkpt>
      <trkpt lat="58.467784" lon="14.9883">
        <ele>110.0</ele>
      </trkpt>
      <trkpt lat="58.467831" lon="14.988427">
        <ele>109.9</ele>
      </trkpt>
      <trkpt lat="58.467888" lon="14.988559">
        <ele>109.7</ele>
      </trkpt>
      <trkpt lat="58.467961" lon="14.988702">
        <ele>109.2</ele>
      </trkpt>
      <trkpt lat="58.468042" lon="14.988843">
        <ele>109.0</ele>
      </trkpt>
      <trkpt lat="58.468172" lon="14.989048">
        <ele>108.7</ele>
      </trkpt>
      <trkpt lat="58.468389" lon="14.989371">
        <ele>108.1</ele>
      </trkpt>
      <trkpt lat="58.468637" lon="14.989715">
        <ele>108.0</ele>
      </trkpt>
      <trkpt lat="58.468973" lon="14.990174">
        <ele>108.0</ele>
      </trkpt>
      <trkpt lat="58.469075" lon="14.990335">
        <ele>108.0</ele>
      </trkpt>
      <trkpt lat="58.46913" lon="14.990452">
        <ele>108.0</ele>
      </trkpt>
      <trkpt lat="58.469183" lon="14.990578">
        <ele>108.0</ele>
      </trkpt>
      <trkpt lat="58.469287" lon="14.990881">
        <ele>108.1</ele>
      </trkpt>
      <trkpt lat="58.469351" lon="14.991137">
        <ele>109.0</ele>
      </trkpt>
      <trkpt lat="58.469522" lon="14.991847">
        <ele>110.0</ele>
      </trkpt>
      <trkpt lat="58.469652" lon="14.992325">
        <ele>110.0</ele>
      </trkpt>
      <trkpt lat="58.469783" lon="14.992803">
        <ele>111.0</ele>
      </trkpt>
      <trkpt lat="58.469935" lon="14.993306">
        <ele>110.9</ele>
      </trkpt>
      <trkpt lat="58.470087" lon="14.993809">
        <ele>112.1</ele>
      </trkpt>
      <trkpt lat="58.470268" lon="14.994371">
        <ele>113.0</ele>
      </trkpt>
      <trkpt lat="58.470378" lon="14.994695">
        <ele>113.1</ele>
      </trkpt>
      <trkpt lat="58.470476" lon="14.994961">
        <ele>113.1</ele>
      </trkpt>
      <trkpt lat="58.470649" lon="14.995391">
        <ele>113.1</ele>
      </trkpt>
      <trkpt lat="58.470808" lon="14.995747">
        <ele>113.0</ele>
      </trkpt>
      <trkpt lat="58.471093" lon="14.996317">
        <ele>113.1</ele>
      </trkpt>
      <trkpt lat="58.471281" lon="14.996715">
        <ele>112.1</ele>
      </trkpt>
      <trkpt lat="58.471407" lon="14.996987">
        <ele>112.0</ele>
      </trkpt>
      <trkpt lat="58.471501" lon="14.997203">
        <ele>112.0</ele>
      </trkpt>
      <trkpt lat="58.471681" lon="14.997674">
        <ele>113.0</ele>
      </trkpt>
      <trkpt lat="58.471737" lon="14.997829">
        <ele>112.8</ele>
      </trkpt>
      <trkpt lat="58.471794" lon="14.998004">
        <ele>112.6</ele>
      </trkpt>
      <trkpt lat="58.471849" lon="14.998198">
        <ele>112.3</ele>
      </trkpt>
      <trkpt lat="58.471891" lon="14.99836">
        <ele>112.2</ele>
      </trkpt>
      <trkpt lat="58.471922" lon="14.998513">
        <ele>112.1</ele>
      </trkpt>
      <trkpt lat="58.472058" lon="14.999306">
        <ele>111.6</ele>
      </trkpt>
      <trkpt lat="58.472143" lon="14.999863">
        <ele>111.4</ele>
      </trkpt>
      <trkpt lat="58.472229" lon="15.000419">
        <ele>110.9</ele>
      </trkpt>
      <trkpt lat="58.472397" lon="15.00043">
        <ele>110.9</ele>
      </trkpt>
      <trkpt lat="58.47274" lon="15.000499">
        <ele>111.0</ele>
      </trkpt>
      <trkpt lat="58.473082" lon="15.000568">
        <ele>112.1</ele>
      </trkpt>
      <trkpt lat="58.47327" lon="15.00059">
        <ele>112.9</ele>
      </trkpt>
      <trkpt lat="58.47334" lon="15.000519">
        <ele>112.9</ele>
      </trkpt>
      <trkpt lat="58.473542" lon="15.000296">
        <ele>112.9</ele>
      </trkpt>
      <trkpt lat="58.473676" lon="15.000212">
        <ele>112.9</ele>
      </trkpt>
      <trkpt lat="58.473837" lon="15.000197">
        <ele>112.8</ele>
      </trkpt>
      <trkpt lat="58.47405" lon="15.000265">
        <ele>112.4</ele>
      </trkpt>
      <trkpt lat="58.474198" lon="15.00032">
        <ele>112.0</ele>
      </trkpt>
      <trkpt lat="58.474283" lon="15.000391">
        <ele>111.9</ele>
      </trkpt>
      <trkpt lat="58.474385" lon="15.000578">
        <ele>112.0</ele>
      </trkpt>
      <trkpt lat="58.47449" lon="15.000824">
        <ele>112.0</ele>
      </trkpt>
      <trkpt lat="58.474787" lon="15.000909">
        <ele>112.0</ele>
      </trkpt>
      <trkpt lat="58.475084" lon="15.000993">
        <ele>112.0</ele>
      </trkpt>
      <trkpt lat="58.475381" lon="15.001078">
        <ele>112.0</ele>
      </trkpt>
      <trkpt lat="58.475804" lon="15.001226">
        <ele>112.4</ele>
      </trkpt>
      <trkpt lat="58.475864" lon="15.001243">
        <ele>112.6</ele>
      </trkpt>
      <trkpt lat="58.475902" lon="15.001243">
        <ele>112.6</ele>
      </trkpt>
      <trkpt lat="58.475954" lon="15.001228">
        <ele>112.5</ele>
      </trkpt>
      <trkpt lat="58.475992" lon="15.001189">
        <ele>112.3</ele>
      </trkpt>
      <trkpt lat="58.476042" lon="15.001109">
        <ele>112.0</ele>
      </trkpt>
      <trkpt lat="58.476085" lon="15.001007">
        <ele>111.9</ele>
      </trkpt>
      <trkpt lat="58.476193" lon="15.000673">
        <ele>111.9</ele>
      </trkpt>
      <trkpt lat="58.476255" lon="15.000498">
        <ele>111.4</ele>
      </trkpt>
      <trkpt lat="58.476317" lon="15.000342">
        <ele>111.2</ele>
      </trkpt>
      <trkpt lat="58.476403" lon="15.000151">
        <ele>110.9</ele>
      </trkpt>
      <trkpt lat="58.476495" lon="14.999983">
        <ele>110.9</ele>
      </trkpt>
      <trkpt lat="58.476577" lon="14.999845">
        <ele>111.5</ele>
      </trkpt>
      <trkpt lat="58.476638" lon="14.999762">
        <ele>111.9</ele>
      </trkpt>
      <trkpt lat="58.476689" lon="14.999712">
        <ele>112.0</ele>
      </trkpt>
      <trkpt lat="58.476766" lon="14.99965">
        <ele>112.0</ele>
      </trkpt>
      <trkpt lat="58.476873" lon="14.999592">
        <ele>112.0</ele>
      </trkpt>
      <trkpt lat="58.477218" lon="14.999453">
        <ele>112.0</ele>
      </trkpt>
      <trkpt lat="58.477631" lon="14.999292">
        <ele>113.1</ele>
      </trkpt>
      <trkpt lat="58.478044" lon="14.999132">
        <ele>113.0</ele>
      </trkpt>
      <trkpt lat="58.478457" lon="14.998971">
        <ele>112.7</ele>
      </trkpt>
      <trkpt lat="58.47887" lon="14.99881">
        <ele>112.0</ele>
      </trkpt>
      <trkpt lat="58.479149" lon="14.998686">
        <ele>111.9</ele>
      </trkpt>
      <trkpt lat="58.479437" lon="14.9985">
        <ele>113.1</ele>
      </trkpt>
      <trkpt lat="58.479725" lon="14.998315">
        <ele>113.0</ele>
      </trkpt>
      <trkpt lat="58.4801" lon="14.99806">
        <ele>113.0</ele>
      </trkpt>
      <trkpt lat="58.480474" lon="14.997804">
        <ele>113.7</ele>
      </trkpt>
      <trkpt lat="58.480849" lon="14.997549">
        <ele>114.0</ele>
      </trkpt>
      <trkpt lat="58.481224" lon="14.997294">
        <ele>115.2</ele>
      </trkpt>
      <trkpt lat="58.481599" lon="14.997039">
        <ele>117.7</ele>
      </trkpt>
      <trkpt lat="58.481973" lon="14.996784">
        <ele>119.1</ele>
      </trkpt>
      <trkpt lat="58.482348" lon="14.996529">
        <ele>120.1</ele>
      </trkpt>
      <trkpt lat="58.482437" lon="14.99648">
        <ele>120.0</ele>
      </trkpt>
      <trkpt lat="58.482521" lon="14.996443">
        <ele>120.0</ele>
      </trkpt>
      <trkpt lat="58.482587" lon="14.996426">
        <ele>120.0</ele>
      </trkpt>
      <trkpt lat="58.48268" lon="14.996412">
        <ele>120.1</ele>
      </trkpt>
      <trkpt lat="58.4828" lon="14.996418">
        <ele>120.0</ele>
      </trkpt>
      <trkpt lat="58.483024" lon="14.996441">
        <ele>119.2</ele>
      </trkpt>
      <trkpt lat="58.483137" lon="14.996453">
        <ele>119.1</ele>
      </trkpt>
      <trkpt lat="58.48358" lon="14.996523">
        <ele>119.9</ele>
      </trkpt>
      <trkpt lat="58.483797" lon="14.996536">
        <ele>120.3</ele>
      </trkpt>
      <trkpt lat="58.483953" lon="14.996534">
        <ele>120.7</ele>
      </trkpt>
      <trkpt lat="58.484052" lon="14.996524">
        <ele>121.1</ele>
      </trkpt>
      <trkpt lat="58.484244" lon="14.996419">
        <ele>121.2</ele>
      </trkpt>
      <trkpt lat="58.484399" lon="14.996332">
        <ele>120.9</ele>
      </trkpt>
      <trkpt lat="58.484464" lon="14.996269">
        <ele>120.6</ele>
      </trkpt>
      <trkpt lat="58.484517" lon="14.99612">
        <ele>119.7</ele>
      </trkpt>
      <trkpt lat="58.484565" lon="14.995841">
        <ele>117.6</ele>
      </trkpt>
      <trkpt lat="58.484683" lon="14.995349">
        <ele>116.2</ele>
      </trkpt>
      <trkpt lat="58.4848" lon="14.994857">
        <ele>115.7</ele>
      </trkpt>
      <trkpt lat="58.484966" lon="14.994139">
        <ele>116.1</ele>
      </trkpt>
      <trkpt lat="58.485132" lon="14.993422">
        <ele>115.9</ele>
      </trkpt>
      <trkpt lat="58.485278" lon="14.992817">
        <ele>115.9</ele>
      </trkpt>
      <trkpt lat="58.485425" lon="14.992213">
        <ele>115.5</ele>
      </trkpt>
      <trkpt lat="58.485572" lon="14.991608">
        <ele>116.1</ele>
      </trkpt>
      <trkpt lat="58.485631" lon="14.99136">
        <ele>116.8</ele>
      </trkpt>
      <trkpt lat="58.485706" lon="14.991466">
        <ele>116.3</ele>
      </trkpt>
      <trkpt lat="58.485885" lon="14.991751">
        <ele>114.9</ele>
      </trkpt>
      <trkpt lat="58.486006" lon="14.991901">
        <ele>114.9</ele>
      </trkpt>
      <trkpt lat="58.486146" lon="14.992065">
        <ele>114.7</ele>
      </trkpt>
      <trkpt lat="58.486254" lon="14.992166">
        <ele>115.0</ele>
      </trkpt>
      <trkpt lat="58.486526" lon="14.992366">
        <ele>116.6</ele>
      </trkpt>
      <trkpt lat="58.486798" lon="14.992565">
        <ele>117.3</ele>
      </trkpt>
      <trkpt lat="58.486989" lon="14.992681">
        <ele>117.5</ele>
      </trkpt>
      <trkpt lat="58.487067" lon="14.992719">
        <ele>117.3</ele>
      </trkpt>
      <trkpt lat="58.48738" lon="14.992777">
        <ele>117.7</ele>
      </trkpt>
      <trkpt lat="58.487675" lon="14.992807">
        <ele>117.4</ele>
      </trkpt>
      <trkpt lat="58.48797" lon="14.992836">
        <ele>116.2</ele>
      </trkpt>
      <trkpt lat="58.487999" lon="14.992807">
        <ele>116.1</ele>
      </trkpt>
      <trkpt lat="58.48804" lon="14.992725">
        <ele>116.1</ele>
      </trkpt>
      <trkpt lat="58.488322" lon="14.993131">
        <ele>113.7</ele>
      </trkpt>
      <trkpt lat="58.488597" lon="14.993538">
        <ele>112.2</ele>
      </trkpt>
      <trkpt lat="58.488815" lon="14.993878">
        <ele>112.1</ele>
      </trkpt>
      <trkpt lat="58.489068" lon="14.994283">
        <ele>110.2</ele>
      </trkpt>
      <trkpt lat="58.489304" lon="14.994718">
        <ele>108.5</ele>
      </trkpt>
      <trkpt lat="58.489507" lon="14.995155">
        <ele>107.0</ele>
      </trkpt>
      <trkpt lat="58.489702" lon="14.995599">
        <ele>106.8</ele>
      </trkpt>
      <trkpt lat="58.489919" lon="14.996115">
        <ele>106.7</ele>
      </trkpt>
      <trkpt lat="58.490136" lon="14.996631">
        <ele>106.6</ele>
      </trkpt>
      <trkpt lat="58.490353" lon="14.997147">
        <ele>106.3</ele>
      </trkpt>
      <trkpt lat="58.49057" lon="14.997663">
        <ele>105.4</ele>
      </trkpt>
      <trkpt lat="58.490747" lon="14.998099">
        <ele>104.6</ele>
      </trkpt>
      <trkpt lat="58.490965" lon="14.99862">
        <ele>104.0</ele>
      </trkpt>
      <trkpt lat="58.491183" lon="14.999142">
        <ele>103.3</ele>
      </trkpt>
      <trkpt lat="58.491401" lon="14.999664">
        <ele>103.1</ele>
      </trkpt>
      <trkpt lat="58.491576" lon="15.000057">
        <ele>101.9</ele>
      </trkpt>
      <trkpt lat="58.491803" lon="15.000505">
        <ele>102.1</ele>
      </trkpt>
      <trkpt lat="58.491929" lon="15.000726">
        <ele>101.3</ele>
      </trkpt>
      <trkpt lat="58.492204" lon="15.001164">
        <ele>100.9</ele>
      </trkpt>
      <trkpt lat="58.492426" lon="15.001471">
        <ele>100.9</ele>
      </trkpt>
      <trkpt lat="58.492641" lon="15.001725">
        <ele>101.5</ele>
      </trkpt>
      <trkpt lat="58.492843" lon="15.00193">
        <ele>102.1</ele>
      </trkpt>
      <trkpt lat="58.493045" lon="15.002135">
        <ele>102.0</ele>
      </trkpt>
      <trkpt lat="58.493269" lon="15.002344">
        <ele>102.3</ele>
      </trkpt>
      <trkpt lat="58.493492" lon="15.002552">
        <ele>103.6</ele>
      </trkpt>
      <trkpt lat="58.493796" lon="15.00283">
        <ele>104.8</ele>
      </trkpt>
      <trkpt lat="58.494099" lon="15.003108">
        <ele>105.0</ele>
      </trkpt>
      <trkpt lat="58.494321" lon="15.003316">
        <ele>103.5</ele>
      </trkpt>
      <trkpt lat="58.494543" lon="15.003525">
        <ele>102.1</ele>
      </trkpt>
      <trkpt lat="58.494797" lon="15.003785">
        <ele>102.2</ele>
      </trkpt>
      <trkpt lat="58.495015" lon="15.004032">
        <ele>103.0</ele>
      </trkpt>
      <trkpt lat="58.495139" lon="15.00418">
        <ele>103.1</ele>
      </trkpt>
      <trkpt lat="58.495228" lon="15.004287">
        <ele>103.0</ele>
      </trkpt>
      <trkpt lat="58.495503" lon="15.004662">
        <ele>102.4</ele>
      </trkpt>
      <trkpt lat="58.495842" lon="15.005148">
        <ele>101.1</ele>
      </trkpt>
      <trkpt lat="58.496182" lon="15.005634">
        <ele>100.1</ele>
      </trkpt>
      <trkpt lat="58.496522" lon="15.006121">
        <ele>101.1</ele>
      </trkpt>
      <trkpt lat="58.496861" lon="15.006607">
        <ele>101.2</ele>
      </trkpt>
      <trkpt lat="58.497189" lon="15.007076">
        <ele>100.1</ele>
        <name>58.497189,15.007076</name>
        <extensions>
          <oa:Extension>
            <oa:mapZoom>12</oa:mapZoom>
          </oa:Extension>
        </extensions>
      </trkpt>
      <trkpt lat="58.497516" lon="15.007544">
        <ele>101.1</ele>
      </trkpt>
      <trkpt lat="58.49779" lon="15.007936">
        <ele>101.0</ele>
      </trkpt>
      <trkpt lat="58.498064" lon="15.008328">
        <ele>101.0</ele>
      </trkpt>
      <trkpt lat="58.498344" lon="15.008729">
        <ele>102.0</ele>
      </trkpt>
      <trkpt lat="58.498632" lon="15.009136">
        <ele>103.1</ele>
      </trkpt>
      <trkpt lat="58.49892" lon="15.009542">
        <ele>104.0</ele>
      </trkpt>
      <trkpt lat="58.499183" lon="15.009915">
        <ele>104.0</ele>
      </trkpt>
      <trkpt lat="58.499446" lon="15.010289">
        <ele>104.0</ele>
      </trkpt>
      <trkpt lat="58.499734" lon="15.010699">
        <ele>103.5</ele>
      </trkpt>
      <trkpt lat="58.500022" lon="15.011109">
        <ele>103.0</ele>
      </trkpt>
      <trkpt lat="58.500376" lon="15.011621">
        <ele>104.0</ele>
      </trkpt>
      <trkpt lat="58.500729" lon="15.012132">
        <ele>102.0</ele>
      </trkpt>
      <trkpt lat="58.500969" lon="15.012475">
        <ele>100.5</ele>
      </trkpt>
      <trkpt lat="58.50121" lon="15.012817">
        <ele>98.9</ele>
      </trkpt>
      <trkpt lat="58.50145" lon="15.01316">
        <ele>98.5</ele>
      </trkpt>
      <trkpt lat="58.501741" lon="15.013571">
        <ele>97.9</ele>
      </trkpt>
      <trkpt lat="58.502031" lon="15.013983">
        <ele>96.8</ele>
      </trkpt>
      <trkpt lat="58.502322" lon="15.014395">
        <ele>95.7</ele>
      </trkpt>
      <trkpt lat="58.502612" lon="15.014807">
        <ele>95.0</ele>
      </trkpt>
      <trkpt lat="58.502971" lon="15.015304">
        <ele>95.0</ele>
      </trkpt>
      <trkpt lat="58.503329" lon="15.015801">
        <ele>95.0</ele>
      </trkpt>
      <trkpt lat="58.503544" lon="15.016107">
        <ele>95.0</ele>
      </trkpt>
      <trkpt lat="58.503759" lon="15.016412">
        <ele>93.9</ele>
      </trkpt>
      <trkpt lat="58.503716" lon="15.016499">
        <ele>93.8</ele>
      </trkpt>
      <trkpt lat="58.503669" lon="15.01661">
        <ele>93.9</ele>
      </trkpt>
      <trkpt lat="58.503643" lon="15.016713">
        <ele>94.0</ele>
      </trkpt>
      <trkpt lat="58.503632" lon="15.0168">
        <ele>94.0</ele>
      </trkpt>
      <trkpt lat="58.503638" lon="15.016868">
        <ele>94.0</ele>
      </trkpt>
      <trkpt lat="58.503649" lon="15.016933">
        <ele>94.0</ele>
      </trkpt>
      <trkpt lat="58.503657" lon="15.016959">
        <ele>94.0</ele>
      </trkpt>
      <trkpt lat="58.503547" lon="15.01717">
        <ele>93.9</ele>
      </trkpt>
      <trkpt lat="58.503868" lon="15.017676">
        <ele>95.0</ele>
      </trkpt>
      <trkpt lat="58.503954" lon="15.017441">
        <ele>94.8</ele>
      </trkpt>
      <trkpt lat="58.50428" lon="15.017915">
        <ele>95.5</ele>
      </trkpt>
      <trkpt lat="58.504621" lon="15.018423">
        <ele>96.1</ele>
      </trkpt>
      <trkpt lat="58.504753" lon="15.018629">
        <ele>95.9</ele>
      </trkpt>
      <trkpt lat="58.504819" lon="15.018744">
        <ele>95.9</ele>
      </trkpt>
      <trkpt lat="58.504874" lon="15.018695">
        <ele>95.9</ele>
      </trkpt>
      <trkpt lat="58.504899" lon="15.018683">
        <ele>95.9</ele>
      </trkpt>
      <trkpt lat="58.504923" lon="15.018672">
        <ele>95.9</ele>
      </trkpt>
      <trkpt lat="58.505064" lon="15.018652">
        <ele>96.1</ele>
      </trkpt>
      <trkpt lat="58.505121" lon="15.018645">
        <ele>96.3</ele>
      </trkpt>
      <trkpt lat="58.505151" lon="15.018649">
        <ele>96.4</ele>
      </trkpt>
      <trkpt lat="58.505175" lon="15.018656">
        <ele>96.4</ele>
      </trkpt>
      <trkpt lat="58.505213" lon="15.018696">
        <ele>96.5</ele>
      </trkpt>
      <trkpt lat="58.505344" lon="15.01885">
        <ele>96.5</ele>
      </trkpt>
      <trkpt lat="58.505447" lon="15.018947">
        <ele>97.0</ele>
      </trkpt>
      <trkpt lat="58.505709" lon="15.019295">
        <ele>97.4</ele>
      </trkpt>
      <trkpt lat="58.505918" lon="15.01959">
        <ele>96.7</ele>
      </trkpt>
      <trkpt lat="58.506044" lon="15.019795">
        <ele>96.1</ele>
      </trkpt>
      <trkpt lat="58.506154" lon="15.019998">
        <ele>94.9</ele>
      </trkpt>
      <trkpt lat="58.506419" lon="15.020552">
        <ele>95.1</ele>
      </trkpt>
      <trkpt lat="58.506468" lon="15.020674">
        <ele>95.6</ele>
      </trkpt>
      <trkpt lat="58.506542" lon="15.020863">
        <ele>96.1</ele>
      </trkpt>
      <trkpt lat="58.50662" lon="15.021074">
        <ele>96.0</ele>
      </trkpt>
      <trkpt lat="58.506688" lon="15.021272">
        <ele>96.0</ele>
      </trkpt>
      <trkpt lat="58.506767" lon="15.021503">
        <ele>96.0</ele>
      </trkpt>
      <trkpt lat="58.506843" lon="15.021771">
        <ele>95.9</ele>
      </trkpt>
      <trkpt lat="58.506916" lon="15.022049">
        <ele>96.0</ele>
      </trkpt>
      <trkpt lat="58.506991" lon="15.022384">
        <ele>96.1</ele>
      </trkpt>
      <trkpt lat="58.50709" lon="15.022815">
        <ele>96.5</ele>
      </trkpt>
      <trkpt lat="58.507189" lon="15.023245">
        <ele>97.0</ele>
      </trkpt>
      <trkpt lat="58.507309" lon="15.023789">
        <ele>96.9</ele>
      </trkpt>
      <trkpt lat="58.507429" lon="15.024332">
        <ele>98.2</ele>
      </trkpt>
      <trkpt lat="58.507473" lon="15.024304">
        <ele>98.2</ele>
      </trkpt>
      <trkpt lat="58.507524" lon="15.024264">
        <ele>98.1</ele>
      </trkpt>
      <trkpt lat="58.507549" lon="15.024274">
        <ele>98.0</ele>
      </trkpt>
      <trkpt lat="58.507567" lon="15.024309">
        <ele>97.9</ele>
      </trkpt>
      <trkpt lat="58.507594" lon="15.024378">
        <ele>97.8</ele>
      </trkpt>
      <trkpt lat="58.507625" lon="15.024438">
        <ele>97.6</ele>
      </trkpt>
      <trkpt lat="58.507662" lon="15.024488">
        <ele>97.3</ele>
      </trkpt>
      <trkpt lat="58.507702" lon="15.024525">
        <ele>97.2</ele>
      </trkpt>
      <trkpt lat="58.507745" lon="15.02455">
        <ele>97.0</ele>
      </trkpt>
      <trkpt lat="58.507833" lon="15.024577">
        <ele>97.0</ele>
      </trkpt>
      <trkpt lat="58.507865" lon="15.024636">
        <ele>97.0</ele>
      </trkpt>
      <trkpt lat="58.507885" lon="15.024709">
        <ele>97.0</ele>
      </trkpt>
      <trkpt lat="58.507905" lon="15.024789">
        <ele>97.0</ele>
      </trkpt>
      <trkpt lat="58.507917" lon="15.024872">
        <ele>97.0</ele>
      </trkpt>
      <trkpt lat="58.507919" lon="15.024957">
        <ele>97.0</ele>
      </trkpt>
      <trkpt lat="58.507876" lon="15.025378">
        <ele>97.0</ele>
      </trkpt>
      <trkpt lat="58.507871" lon="15.025463">
        <ele>97.0</ele>
      </trkpt>
      <trkpt lat="58.507879" lon="15.025547">
        <ele>97.0</ele>
      </trkpt>
      <trkpt lat="58.507898" lon="15.025625">
        <ele>97.0</ele>
      </trkpt>
      <trkpt lat="58.507953" lon="15.025777">
        <ele>96.9</ele>
      </trkpt>
      <trkpt lat="58.508176" lon="15.026392">
        <ele>97.4</ele>
      </trkpt>
      <trkpt lat="58.508209" lon="15.026465">
        <ele>97.5</ele>
      </trkpt>
      <trkpt lat="58.50824" lon="15.026526">
        <ele>97.7</ele>
      </trkpt>
      <trkpt lat="58.508273" lon="15.026584">
        <ele>97.8</ele>
      </trkpt>
      <trkpt lat="58.508345" lon="15.026686">
        <ele>98.0</ele>
      </trkpt>
      <trkpt lat="58.508423" lon="15.026771">
        <ele>98.3</ele>
      </trkpt>
      <trkpt lat="58.508464" lon="15.026805">
        <ele>98.3</ele>
      </trkpt>
      <trkpt lat="58.508506" lon="15.026835">
        <ele>98.3</ele>
      </trkpt>
      <trkpt lat="58.508592" lon="15.026884">
        <ele>98.1</ele>
      </trkpt>
      <trkpt lat="58.508631" lon="15.026926">
        <ele>98.1</ele>
      </trkpt>
      <trkpt lat="58.508663" lon="15.026986">
        <ele>98.1</ele>
      </trkpt>
      <trkpt lat="58.508694" lon="15.027051">
        <ele>98.2</ele>
      </trkpt>
      <trkpt lat="58.50873" lon="15.027093">
        <ele>98.4</ele>
      </trkpt>
      <trkpt lat="58.508815" lon="15.027176">
        <ele>98.8</ele>
      </trkpt>
      <trkpt lat="58.50883" lon="15.027183">
        <ele>98.8</ele>
      </trkpt>
      <trkpt lat="58.508853" lon="15.027175">
        <ele>98.9</ele>
      </trkpt>
      <trkpt lat="58.508869" lon="15.02716">
        <ele>99.0</ele>
      </trkpt>
      <trkpt lat="58.508885" lon="15.027108">
        <ele>99.1</ele>
      </trkpt>
      <trkpt lat="58.508901" lon="15.027047">
        <ele>99.1</ele>
      </trkpt>
      <trkpt lat="58.509001" lon="15.026661">
        <ele>98.9</ele>
      </trkpt>
      <trkpt lat="58.509025" lon="15.026575">
        <ele>98.9</ele>
      </trkpt>
      <trkpt lat="58.50904" lon="15.02654">
        <ele>99.0</ele>
      </trkpt>
      <trkpt lat="58.509059" lon="15.026522">
        <ele>99.0</ele>
      </trkpt>
      <trkpt lat="58.509082" lon="15.026522">
        <ele>99.0</ele>
      </trkpt>
      <trkpt lat="58.509102" lon="15.026527">
        <ele>99.0</ele>
      </trkpt>
      <trkpt lat="58.509339" lon="15.026628">
        <ele>99.5</ele>
      </trkpt>
      <trkpt lat="58.509375" lon="15.026657">
        <ele>99.7</ele>
      </trkpt>
      <trkpt lat="58.509436" lon="15.026745">
        <ele>100.0</ele>
      </trkpt>
      <trkpt lat="58.509476" lon="15.026786">
        <ele>100.2</ele>
      </trkpt>
      <trkpt lat="58.509501" lon="15.026788">
        <ele>100.3</ele>
      </trkpt>
      <trkpt lat="58.509523" lon="15.026767">
        <ele>100.3</ele>
      </trkpt>
      <trkpt lat="58.509539" lon="15.026727">
        <ele>100.4</ele>
      </trkpt>
      <trkpt lat="58.50956" lon="15.026619">
        <ele>100.3</ele>
      </trkpt>
      <trkpt lat="58.509639" lon="15.026666">
        <ele>100.7</ele>
      </trkpt>
      <trkpt lat="58.509663" lon="15.026505">
        <ele>100.1</ele>
      </trkpt>
      <trkpt lat="58.509696" lon="15.026345">
        <ele>99.8</ele>
      </trkpt>
      <trkpt lat="58.509737" lon="15.026193">
        <ele>100.1</ele>
      </trkpt>
      <trkpt lat="58.509787" lon="15.026051">
        <ele>100.1</ele>
      </trkpt>
      <trkpt lat="58.509845" lon="15.02592">
        <ele>100.0</ele>
      </trkpt>
      <trkpt lat="58.50991" lon="15.025802">
        <ele>100.3</ele>
      </trkpt>
      <trkpt lat="58.509982" lon="15.025697">
        <ele>100.9</ele>
      </trkpt>
      <trkpt lat="58.510202" lon="15.025869">
        <ele>102.5</ele>
      </trkpt>
      <trkpt lat="58.510329" lon="15.025947">
        <ele>103.4</ele>
      </trkpt>
      <trkpt lat="58.510453" lon="15.026003">
        <ele>104.4</ele>
      </trkpt>
      <trkpt lat="58.510556" lon="15.026032">
        <ele>105.0</ele>
      </trkpt>
      <trkpt lat="58.510827" lon="15.026071">
        <ele>105.9</ele>
      </trkpt>
      <trkpt lat="58.510872" lon="15.026078">
        <ele>106.1</ele>
      </trkpt>
      <trkpt lat="58.511145" lon="15.026086">
        <ele>108.4</ele>
      </trkpt>
      <trkpt lat="58.511419" lon="15.026094">
        <ele>112.3</ele>
      </trkpt>
      <trkpt lat="58.511703" lon="15.026113">
        <ele>115.3</ele>
      </trkpt>
      <trkpt lat="58.511987" lon="15.026132">
        <ele>117.3</ele>
      </trkpt>
      <trkpt lat="58.51226" lon="15.026174">
        <ele>119.3</ele>
      </trkpt>
      <trkpt lat="58.512464" lon="15.026204">
        <ele>120.5</ele>
      </trkpt>
      <trkpt lat="58.51265" lon="15.02627">
        <ele>121.4</ele>
      </trkpt>
      <trkpt lat="58.512808" lon="15.026326">
        <ele>122.2</ele>
      </trkpt>
      <trkpt lat="58.513065" lon="15.026411">
        <ele>121.9</ele>
      </trkpt>
      <trkpt lat="58.513323" lon="15.026495">
        <ele>121.0</ele>
      </trkpt>
      <trkpt lat="58.513752" lon="15.026679">
        <ele>121.5</ele>
      </trkpt>
      <trkpt lat="58.513816" lon="15.026704">
        <ele>121.7</ele>
      </trkpt>
      <trkpt lat="58.513885" lon="15.026168">
        <ele>122.0</ele>
      </trkpt>
      <trkpt lat="58.513954" lon="15.025632">
        <ele>122.2</ele>
      </trkpt>
      <trkpt lat="58.514043" lon="15.025281">
        <ele>122.6</ele>
      </trkpt>
      <trkpt lat="58.51406" lon="15.025199">
        <ele>122.6</ele>
      </trkpt>
      <trkpt lat="58.514094" lon="15.025087">
        <ele>122.8</ele>
      </trkpt>
      <trkpt lat="58.51414" lon="15.024959">
        <ele>122.9</ele>
      </trkpt>
      <trkpt lat="58.51423" lon="15.024762">
        <ele>123.3</ele>
      </trkpt>
      <trkpt lat="58.514383" lon="15.024457">
        <ele>123.9</ele>
      </trkpt>
      <trkpt lat="58.51444" lon="15.024364">
        <ele>124.0</ele>
      </trkpt>
      <trkpt lat="58.514556" lon="15.024211">
        <ele>124.2</ele>
      </trkpt>
      <trkpt lat="58.514671" lon="15.024123">
        <ele>124.0</ele>
      </trkpt>
      <trkpt lat="58.514747" lon="15.024084">
        <ele>124.0</ele>
      </trkpt>
      <trkpt lat="58.51482" lon="15.024056">
        <ele>124.0</ele>
      </trkpt>
      <trkpt lat="58.514898" lon="15.024014">
        <ele>123.9</ele>
      </trkpt>
      <trkpt lat="58.515104" lon="15.023941">
        <ele>124.6</ele>
      </trkpt>
      <trkpt lat="58.515276" lon="15.023852">
        <ele>126.0</ele>
      </trkpt>
      <trkpt lat="58.515366" lon="15.02384">
        <ele>126.6</ele>
      </trkpt>
      <trkpt lat="58.515486" lon="15.023926">
        <ele>127.5</ele>
      </trkpt>
      <trkpt lat="58.51553" lon="15.023869">
        <ele>127.8</ele>
      </trkpt>
      <trkpt lat="58.515687" lon="15.023536">
        <ele>129.0</ele>
      </trkpt>
      <trkpt lat="58.515905" lon="15.02315">
        <ele>130.5</ele>
      </trkpt>
      <trkpt lat="58.516016" lon="15.022957">
        <ele>131.1</ele>
      </trkpt>
      <trkpt lat="58.516174" lon="15.023171">
        <ele>132.7</ele>
      </trkpt>
      <trkpt lat="58.51655" lon="15.023332">
        <ele>136.2</ele>
      </trkpt>
      <trkpt lat="58.516875" lon="15.023461">
        <ele>137.8</ele>
      </trkpt>
      <trkpt lat="58.517105" lon="15.023268">
        <ele>139.3</ele>
      </trkpt>
      <trkpt lat="58.517267" lon="15.023085">
        <ele>139.9</ele>
      </trkpt>
      <trkpt lat="58.517431" lon="15.022976">
        <ele>140.0</ele>
      </trkpt>
      <trkpt lat="58.51763" lon="15.02304">
        <ele>140.4</ele>
      </trkpt>
      <trkpt lat="58.517924" lon="15.023182">
        <ele>141.5</ele>
      </trkpt>
      <trkpt lat="58.518241" lon="15.023334">
        <ele>143.3</ele>
      </trkpt>
      <trkpt lat="58.518477" lon="15.023322">
        <ele>145.1</ele>
      </trkpt>
      <trkpt lat="58.518708" lon="15.023115">
        <ele>145.8</ele>
      </trkpt>
      <trkpt lat="58.518939" lon="15.022907">
        <ele>146.7</ele>
      </trkpt>
      <trkpt lat="58.519103" lon="15.022643">
        <ele>146.2</ele>
      </trkpt>
      <trkpt lat="58.519287" lon="15.022143">
        <ele>146.4</ele>
      </trkpt>
      <trkpt lat="58.51947" lon="15.021643">
        <ele>147.0</ele>
      </trkpt>
      <trkpt lat="58.519735" lon="15.021457">
        <ele>147.0</ele>
      </trkpt>
      <trkpt lat="58.519946" lon="15.022018">
        <ele>148.1</ele>
      </trkpt>
      <trkpt lat="58.519974" lon="15.022446">
        <ele>149.9</ele>
      </trkpt>
      <trkpt lat="58.519983" lon="15.022574">
        <ele>150.3</ele>
      </trkpt>
      <trkpt lat="58.519892" lon="15.023306">
        <ele>151.8</ele>
      </trkpt>
      <trkpt lat="58.519879" lon="15.023876">
        <ele>151.4</ele>
      </trkpt>
      <trkpt lat="58.519866" lon="15.024446">
        <ele>148.7</ele>
      </trkpt>
      <trkpt lat="58.519831" lon="15.024844">
        <ele>147.4</ele>
      </trkpt>
      <trkpt lat="58.519795" lon="15.02518">
        <ele>145.4</ele>
      </trkpt>
      <trkpt lat="58.519636" lon="15.025849">
        <ele>144.5</ele>
      </trkpt>
      <trkpt lat="58.519478" lon="15.026519">
        <ele>145.8</ele>
      </trkpt>
      <trkpt lat="58.519319" lon="15.027188">
        <ele>145.8</ele>
      </trkpt>
      <trkpt lat="58.519304" lon="15.027783">
        <ele>143.7</ele>
      </trkpt>
      <trkpt lat="58.519377" lon="15.028461">
        <ele>141.3</ele>
      </trkpt>
      <trkpt lat="58.519441" lon="15.029078">
        <ele>138.9</ele>
      </trkpt>
      <trkpt lat="58.519474" lon="15.029343">
        <ele>139.4</ele>
      </trkpt>
      <trkpt lat="58.519524" lon="15.029796">
        <ele>139.1</ele>
      </trkpt>
      <trkpt lat="58.519574" lon="15.030249">
        <ele>137.9</ele>
      </trkpt>
      <trkpt lat="58.519631" lon="15.03063">
        <ele>136.8</ele>
      </trkpt>
      <trkpt lat="58.519646" lon="15.030734">
        <ele>137.0</ele>
      </trkpt>
      <trkpt lat="58.519678" lon="15.030898">
        <ele>137.1</ele>
      </trkpt>
      <trkpt lat="58.519693" lon="15.030972">
        <ele>137.0</ele>
      </trkpt>
      <trkpt lat="58.519731" lon="15.031158">
        <ele>137.1</ele>
      </trkpt>
      <trkpt lat="58.519758" lon="15.031143">
        <ele>137.2</ele>
      </trkpt>
      <trkpt lat="58.519755" lon="15.031529">
        <ele>138.7</ele>
      </trkpt>
      <trkpt lat="58.519732" lon="15.03198">
        <ele>140.2</ele>
      </trkpt>
      <trkpt lat="58.519727" lon="15.032623">
        <ele>141.2</ele>
      </trkpt>
      <trkpt lat="58.51971" lon="15.033213">
        <ele>139.8</ele>
      </trkpt>
      <trkpt lat="58.519844" lon="15.033621">
        <ele>141.3</ele>
      </trkpt>
      <trkpt lat="58.520024" lon="15.03404">
        <ele>143.3</ele>
      </trkpt>
      <trkpt lat="58.52008" lon="15.034705">
        <ele>142.9</ele>
      </trkpt>
      <trkpt lat="58.520091" lon="15.035306">
        <ele>142.9</ele>
      </trkpt>
      <trkpt lat="58.520113" lon="15.035756">
        <ele>142.2</ele>
      </trkpt>
      <trkpt lat="58.520197" lon="15.036239">
        <ele>140.8</ele>
      </trkpt>
      <trkpt lat="58.520315" lon="15.036958">
        <ele>139.3</ele>
      </trkpt>
      <trkpt lat="58.520382" lon="15.037451">
        <ele>140.0</ele>
      </trkpt>
      <trkpt lat="58.520573" lon="15.038084">
        <ele>143.2</ele>
      </trkpt>
      <trkpt lat="58.520724" lon="15.03847">
        <ele>144.4</ele>
      </trkpt>
      <trkpt lat="58.520886" lon="15.038674">
        <ele>145.1</ele>
      </trkpt>
      <trkpt lat="58.521066" lon="15.038932">
        <ele>144.7</ele>
      </trkpt>
      <trkpt lat="58.521307" lon="15.039275">
        <ele>144.7</ele>
      </trkpt>
      <trkpt lat="58.521447" lon="15.039447">
        <ele>145.1</ele>
      </trkpt>
      <trkpt lat="58.521714" lon="15.039769">
        <ele>145.1</ele>
      </trkpt>
      <trkpt lat="58.521941" lon="15.040176">
        <ele>146.7</ele>
      </trkpt>
      <trkpt lat="58.522184" lon="15.040584">
        <ele>147.1</ele>
      </trkpt>
      <trkpt lat="58.522311" lon="15.040842">
        <ele>146.7</ele>
      </trkpt>
      <trkpt lat="58.522487" lon="15.041292">
        <ele>146.0</ele>
      </trkpt>
      <trkpt lat="58.522566" lon="15.041482">
        <ele>146.0</ele>
      </trkpt>
      <trkpt lat="58.522614" lon="15.041393">
        <ele>146.0</ele>
      </trkpt>
      <trkpt lat="58.52268" lon="15.041272">
        <ele>146.0</ele>
      </trkpt>
      <trkpt lat="58.522904" lon="15.041186">
        <ele>145.7</ele>
      </trkpt>
      <trkpt lat="58.523128" lon="15.04112">
        <ele>145.0</ele>
      </trkpt>
      <trkpt lat="58.523364" lon="15.041057">
        <ele>144.7</ele>
      </trkpt>
      <trkpt lat="58.523565" lon="15.040969">
        <ele>142.6</ele>
      </trkpt>
      <trkpt lat="58.523823" lon="15.041057">
        <ele>138.9</ele>
      </trkpt>
      <trkpt lat="58.524148" lon="15.041293">
        <ele>136.1</ele>
      </trkpt>
      <trkpt lat="58.524361" lon="15.041487">
        <ele>136.6</ele>
      </trkpt>
      <trkpt lat="58.524563" lon="15.041658">
        <ele>137.5</ele>
      </trkpt>
      <trkpt lat="58.524854" lon="15.041978">
        <ele>136.2</ele>
      </trkpt>
      <trkpt lat="58.525091" lon="15.042131">
        <ele>135.9</ele>
      </trkpt>
      <trkpt lat="58.525328" lon="15.042283">
        <ele>136.0</ele>
      </trkpt>
      <trkpt lat="58.525566" lon="15.042321">
        <ele>137.4</ele>
      </trkpt>
      <trkpt lat="58.52582" lon="15.042448">
        <ele>136.2</ele>
      </trkpt>
      <trkpt lat="58.525931" lon="15.04252">
        <ele>135.1</ele>
      </trkpt>
      <trkpt lat="58.526128" lon="15.04277">
        <ele>132.8</ele>
      </trkpt>
      <trkpt lat="58.526298" lon="15.043385">
        <ele>133.2</ele>
      </trkpt>
      <trkpt lat="58.526331" lon="15.043762">
        <ele>134.1</ele>
      </trkpt>
      <trkpt lat="58.52648" lon="15.043921">
        <ele>133.5</ele>
      </trkpt>
      <trkpt lat="58.526511" lon="15.043953">
        <ele>133.4</ele>
      </trkpt>
      <trkpt lat="58.526768" lon="15.04421">
        <ele>132.2</ele>
      </trkpt>
      <trkpt lat="58.527088" lon="15.044382">
        <ele>130.0</ele>
      </trkpt>
      <trkpt lat="58.52732" lon="15.044559">
        <ele>128.7</ele>
      </trkpt>
      <trkpt lat="58.527553" lon="15.044736">
        <ele>127.7</ele>
      </trkpt>
      <trkpt lat="58.527938" lon="15.045144">
        <ele>124.3</ele>
      </trkpt>
      <trkpt lat="58.528156" lon="15.044698">
        <ele>119.5</ele>
      </trkpt>
      <trkpt lat="58.528438" lon="15.044321">
        <ele>112.8</ele>
      </trkpt>
      <trkpt lat="58.528528" lon="15.043989">
        <ele>109.2</ele>
      </trkpt>
      <trkpt lat="58.52857" lon="15.043636">
        <ele>106.0</ele>
      </trkpt>
      <trkpt lat="58.528614" lon="15.043597">
        <ele>104.8</ele>
      </trkpt>
      <trkpt lat="58.528713" lon="15.043482">
        <ele>102.1</ele>
      </trkpt>
      <trkpt lat="58.528753" lon="15.043413">
        <ele>100.8</ele>
      </trkpt>
      <trkpt lat="58.528806" lon="15.043302">
        <ele>99.1</ele>
      </trkpt>
      <trkpt lat="58.528838" lon="15.04325">
        <ele>98.4</ele>
      </trkpt>
      <trkpt lat="58.528881" lon="15.043182">
        <ele>97.6</ele>
      </trkpt>
      <trkpt lat="58.528999" lon="15.043036">
        <ele>95.9</ele>
      </trkpt>
      <trkpt lat="58.529076" lon="15.042958">
        <ele>95.1</ele>
      </trkpt>
      <trkpt lat="58.529261" lon="15.042794">
        <ele>94.0</ele>
      </trkpt>
      <trkpt lat="58.529445" lon="15.042635">
        <ele>93.5</ele>
      </trkpt>
      <trkpt lat="58.529748" lon="15.04236">
        <ele>92.4</ele>
      </trkpt>
      <trkpt lat="58.530051" lon="15.042086">
        <ele>90.8</ele>
      </trkpt>
      <trkpt lat="58.530325" lon="15.041804">
        <ele>90.4</ele>
      </trkpt>
      <trkpt lat="58.530523" lon="15.042172">
        <ele>89.1</ele>
      </trkpt>
      <trkpt lat="58.530749" lon="15.042566">
        <ele>90.0</ele>
      </trkpt>
      <trkpt lat="58.530974" lon="15.04296">
        <ele>90.0</ele>
      </trkpt>
      <trkpt lat="58.531254" lon="15.043461">
        <ele>90.2</ele>
      </trkpt>
      <trkpt lat="58.531317" lon="15.043432">
        <ele>90.5</ele>
      </trkpt>
      <trkpt lat="58.531368" lon="15.043391">
        <ele>90.8</ele>
      </trkpt>
      <trkpt lat="58.531543" lon="15.043146">
        <ele>91.7</ele>
      </trkpt>
      <trkpt lat="58.531612" lon="15.043072">
        <ele>91.8</ele>
      </trkpt>
      <trkpt lat="58.531659" lon="15.043035">
        <ele>92.0</ele>
      </trkpt>
      <trkpt lat="58.531849" lon="15.042956">
        <ele>92.9</ele>
      </trkpt>
      <trkpt lat="58.532069" lon="15.042881">
        <ele>93.0</ele>
      </trkpt>
      <trkpt lat="58.532231" lon="15.042844">
        <ele>92.8</ele>
      </trkpt>
      <trkpt lat="58.532423" lon="15.042815">
        <ele>92.1</ele>
      </trkpt>
      <trkpt lat="58.532635" lon="15.042817">
        <ele>91.9</ele>
      </trkpt>
      <trkpt lat="58.532741" lon="15.042822">
        <ele>92.0</ele>
      </trkpt>
      <trkpt lat="58.532789" lon="15.042822">
        <ele>92.0</ele>
      </trkpt>
      <trkpt lat="58.532829" lon="15.042819">
        <ele>92.0</ele>
      </trkpt>
      <trkpt lat="58.532854" lon="15.042815">
        <ele>92.1</ele>
      </trkpt>
      <trkpt lat="58.532892" lon="15.042801">
        <ele>92.1</ele>
      </trkpt>
      <trkpt lat="58.532922" lon="15.04279">
        <ele>92.1</ele>
      </trkpt>
      <trkpt lat="58.532973" lon="15.042756">
        <ele>92.0</ele>
      </trkpt>
      <trkpt lat="58.533036" lon="15.042705">
        <ele>91.8</ele>
      </trkpt>
      <trkpt lat="58.533098" lon="15.042629">
        <ele>91.4</ele>
      </trkpt>
      <trkpt lat="58.533386" lon="15.042282">
        <ele>91.4</ele>
      </trkpt>
      <trkpt lat="58.533674" lon="15.041935">
        <ele>91.4</ele>
      </trkpt>
      <trkpt lat="58.533962" lon="15.041589">
        <ele>91.5</ele>
      </trkpt>
      <trkpt lat="58.534055" lon="15.041477">
        <ele>92.2</ele>
      </trkpt>
      <trkpt lat="58.534271" lon="15.04221">
        <ele>93.1</ele>
      </trkpt>
      <trkpt lat="58.534299" lon="15.042339">
        <ele>92.8</ele>
      </trkpt>
      <trkpt lat="58.534326" lon="15.042491">
        <ele>92.6</ele>
      </trkpt>
      <trkpt lat="58.5344" lon="15.043262">
        <ele>92.0</ele>
      </trkpt>
      <trkpt lat="58.534438" lon="15.043496">
        <ele>92.0</ele>
      </trkpt>
      <trkpt lat="58.534472" lon="15.043649">
        <ele>92.0</ele>
      </trkpt>
      <trkpt lat="58.53451" lon="15.043832">
        <ele>92.1</ele>
      </trkpt>
      <trkpt lat="58.534524" lon="15.043942">
        <ele>91.9</ele>
      </trkpt>
      <trkpt lat="58.534532" lon="15.044055">
        <ele>91.6</ele>
      </trkpt>
      <trkpt lat="58.534486" lon="15.044518">
        <ele>91.0</ele>
      </trkpt>
      <trkpt lat="58.534397" lon="15.044934">
        <ele>90.8</ele>
      </trkpt>
      <trkpt lat="58.534287" lon="15.045401">
        <ele>91.7</ele>
      </trkpt>
      <trkpt lat="58.534246" lon="15.045648">
        <ele>92.4</ele>
      </trkpt>
      <trkpt lat="58.534296" lon="15.04569">
        <ele>92.5</ele>
      </trkpt>
      <trkpt lat="58.534302" lon="15.045735">
        <ele>92.6</ele>
      </trkpt>
      <trkpt lat="58.5343" lon="15.045792">
        <ele>92.8</ele>
      </trkpt>
      <trkpt lat="58.534278" lon="15.046006">
        <ele>93.2</ele>
      </trkpt>
      <trkpt lat="58.534267" lon="15.046186">
        <ele>93.6</ele>
      </trkpt>
      <trkpt lat="58.534228" lon="15.046715">
        <ele>94.2</ele>
      </trkpt>
      <trkpt lat="58.53422" lon="15.046842">
        <ele>94.1</ele>
      </trkpt>
      <trkpt lat="58.534223" lon="15.046923">
        <ele>94.0</ele>
      </trkpt>
      <trkpt lat="58.534238" lon="15.047001">
        <ele>94.0</ele>
      </trkpt>
      <trkpt lat="58.534262" lon="15.047078">
        <ele>93.9</ele>
      </trkpt>
      <trkpt lat="58.534299" lon="15.047151">
        <ele>94.0</ele>
      </trkpt>
      <trkpt lat="58.534333" lon="15.047255">
        <ele>94.0</ele>
      </trkpt>
      <trkpt lat="58.534431" lon="15.047666">
        <ele>94.6</ele>
      </trkpt>
      <trkpt lat="58.534558" lon="15.048152">
        <ele>95.5</ele>
      </trkpt>
      <trkpt lat="58.534649" lon="15.048433">
        <ele>96.2</ele>
      </trkpt>
      <trkpt lat="58.534809" lon="15.048905">
        <ele>97.4</ele>
      </trkpt>
      <trkpt lat="58.535083" lon="15.049547">
        <ele>98.1</ele>
      </trkpt>
      <trkpt lat="58.535215" lon="15.049827">
        <ele>97.6</ele>
      </trkpt>
      <trkpt lat="58.535444" lon="15.050277">
        <ele>97.6</ele>
      </trkpt>
      <trkpt lat="58.535705" lon="15.050716">
        <ele>97.6</ele>
      </trkpt>
      <trkpt lat="58.535965" lon="15.051155">
        <ele>97.7</ele>
      </trkpt>
      <trkpt lat="58.536192" lon="15.051478">
        <ele>96.4</ele>
      </trkpt>
      <trkpt lat="58.536442" lon="15.051829">
        <ele>95.2</ele>
      </trkpt>
      <trkpt lat="58.536741" lon="15.052208">
        <ele>96.3</ele>
      </trkpt>
      <trkpt lat="58.53704" lon="15.052586">
        <ele>95.9</ele>
      </trkpt>
      <trkpt lat="58.537339" lon="15.052965">
        <ele>94.6</ele>
      </trkpt>
      <trkpt lat="58.537579" lon="15.053299">
        <ele>94.6</ele>
      </trkpt>
      <trkpt lat="58.53782" lon="15.053634">
        <ele>95.3</ele>
      </trkpt>
      <trkpt lat="58.538079" lon="15.054097">
        <ele>95.7</ele>
      </trkpt>
      <trkpt lat="58.538314" lon="15.054584">
        <ele>95.9</ele>
      </trkpt>
      <trkpt lat="58.538549" lon="15.055071">
        <ele>93.4</ele>
      </trkpt>
      <trkpt lat="58.538655" lon="15.055262">
        <ele>93.3</ele>
      </trkpt>
      <trkpt lat="58.538845" lon="15.055635">
        <ele>92.6</ele>
      </trkpt>
      <trkpt lat="58.539036" lon="15.056009">
        <ele>93.4</ele>
      </trkpt>
      <trkpt lat="58.539226" lon="15.056359">
        <ele>93.2</ele>
      </trkpt>
      <trkpt lat="58.539438" lon="15.056696">
        <ele>91.9</ele>
      </trkpt>
      <trkpt lat="58.539686" lon="15.056991">
        <ele>92.9</ele>
      </trkpt>
      <trkpt lat="58.539934" lon="15.057287">
        <ele>93.2</ele>
      </trkpt>
      <trkpt lat="58.5402" lon="15.057584">
        <ele>93.3</ele>
      </trkpt>
      <trkpt lat="58.540465" lon="15.057881">
        <ele>93.9</ele>
      </trkpt>
      <trkpt lat="58.540835" lon="15.058238">
        <ele>94.3</ele>
      </trkpt>
      <trkpt lat="58.541204" lon="15.058595">
        <ele>94.8</ele>
      </trkpt>
      <trkpt lat="58.541459" lon="15.058808">
        <ele>94.0</ele>
      </trkpt>
      <trkpt lat="58.541714" lon="15.059021">
        <ele>93.8</ele>
      </trkpt>
      <trkpt lat="58.542086" lon="15.05933">
        <ele>89.6</ele>
      </trkpt>
      <trkpt lat="58.542146" lon="15.05941">
        <ele>88.7</ele>
      </trkpt>
      <trkpt lat="58.542208" lon="15.059481">
        <ele>88.1</ele>
      </trkpt>
      <trkpt lat="58.542382" lon="15.059642">
        <ele>87.0</ele>
      </trkpt>
      <trkpt lat="58.542416" lon="15.059678">
        <ele>86.9</ele>
      </trkpt>
      <trkpt lat="58.542466" lon="15.059695">
        <ele>86.9</ele>
      </trkpt>
      <trkpt lat="58.542508" lon="15.059681">
        <ele>87.0</ele>
      </trkpt>
      <trkpt lat="58.542556" lon="15.059676">
        <ele>87.2</ele>
      </trkpt>
      <trkpt lat="58.542606" lon="15.059682">
        <ele>87.5</ele>
      </trkpt>
      <trkpt lat="58.542855" lon="15.059803">
        <ele>89.7</ele>
      </trkpt>
      <trkpt lat="58.543111" lon="15.059968">
        <ele>91.6</ele>
      </trkpt>
      <trkpt lat="58.543311" lon="15.060114">
        <ele>92.1</ele>
      </trkpt>
      <trkpt lat="58.543656" lon="15.060542">
        <ele>92.3</ele>
      </trkpt>
      <trkpt lat="58.543902" lon="15.060931">
        <ele>93.0</ele>
      </trkpt>
      <trkpt lat="58.544006" lon="15.061143">
        <ele>93.2</ele>
      </trkpt>
      <trkpt lat="58.54417" lon="15.061462">
        <ele>94.1</ele>
      </trkpt>
      <trkpt lat="58.54445" lon="15.062048">
        <ele>92.6</ele>
      </trkpt>
      <trkpt lat="58.544604" lon="15.062415">
        <ele>91.4</ele>
      </trkpt>
      <trkpt lat="58.544759" lon="15.062783">
        <ele>91.0</ele>
      </trkpt>
      <trkpt lat="58.544897" lon="15.063164">
        <ele>90.8</ele>
      </trkpt>
      <trkpt lat="58.545034" lon="15.063545">
        <ele>91.2</ele>
      </trkpt>
      <trkpt lat="58.545189" lon="15.064097">
        <ele>91.3</ele>
      </trkpt>
      <trkpt lat="58.545421" lon="15.064802">
        <ele>94.4</ele>
      </trkpt>
      <trkpt lat="58.545648" lon="15.065487">
        <ele>94.6</ele>
      </trkpt>
      <trkpt lat="58.54581" lon="15.065898">
        <ele>94.2</ele>
      </trkpt>
      <trkpt lat="58.54602" lon="15.066293">
        <ele>94.9</ele>
      </trkpt>
      <trkpt lat="58.546322" lon="15.066732">
        <ele>92.6</ele>
      </trkpt>
      <trkpt lat="58.5464" lon="15.066836">
        <ele>91.9</ele>
      </trkpt>
      <trkpt lat="58.546381" lon="15.066935">
        <ele>92.0</ele>
      </trkpt>
      <trkpt lat="58.546589" lon="15.067102">
        <ele>91.1</ele>
      </trkpt>
      <trkpt lat="58.546796" lon="15.067269">
        <ele>91.5</ele>
      </trkpt>
      <trkpt lat="58.547031" lon="15.067425">
        <ele>91.9</ele>
      </trkpt>
      <trkpt lat="58.547266" lon="15.067581">
        <ele>91.9</ele>
      </trkpt>
      <trkpt lat="58.547658" lon="15.067827">
        <ele>90.6</ele>
      </trkpt>
      <trkpt lat="58.547912" lon="15.067991">
        <ele>90.0</ele>
      </trkpt>
      <trkpt lat="58.548167" lon="15.068156">
        <ele>88.2</ele>
      </trkpt>
      <trkpt lat="58.548551" lon="15.06848">
        <ele>87.1</ele>
      </trkpt>
      <trkpt lat="58.548811" lon="15.068778">
        <ele>87.0</ele>
      </trkpt>
      <trkpt lat="58.548888" lon="15.068942">
        <ele>87.0</ele>
      </trkpt>
      <trkpt lat="58.549003" lon="15.069192">
        <ele>87.7</ele>
      </trkpt>
      <trkpt lat="58.549191" lon="15.069655">
        <ele>88.3</ele>
      </trkpt>
      <trkpt lat="58.549306" lon="15.069995">
        <ele>88.4</ele>
      </trkpt>
      <trkpt lat="58.549352" lon="15.070153">
        <ele>88.5</ele>
      </trkpt>
      <trkpt lat="58.549413" lon="15.070218">
        <ele>88.9</ele>
      </trkpt>
      <trkpt lat="58.549607" lon="15.070648">
        <ele>89.2</ele>
      </trkpt>
      <trkpt lat="58.549835" lon="15.071061">
        <ele>90.4</ele>
      </trkpt>
      <trkpt lat="58.550063" lon="15.071474">
        <ele>90.9</ele>
      </trkpt>
      <trkpt lat="58.550278" lon="15.071787">
        <ele>90.6</ele>
      </trkpt>
      <trkpt lat="58.550494" lon="15.0721">
        <ele>90.3</ele>
      </trkpt>
      <trkpt lat="58.550666" lon="15.072352">
        <ele>88.7</ele>
      </trkpt>
      <trkpt lat="58.5506" lon="15.07275">
        <ele>87.0</ele>
      </trkpt>
      <trkpt lat="58.550527" lon="15.073033">
        <ele>87.0</ele>
      </trkpt>
      <trkpt lat="58.550516" lon="15.073074">
        <ele>86.9</ele>
      </trkpt>
      <trkpt lat="58.550435" lon="15.073387">
        <ele>85.3</ele>
      </trkpt>
      <trkpt lat="58.550752" lon="15.07366">
        <ele>85.3</ele>
      </trkpt>
      <trkpt lat="58.551069" lon="15.073933">
        <ele>84.7</ele>
      </trkpt>
      <trkpt lat="58.551364" lon="15.074187">
        <ele>83.8</ele>
      </trkpt>
      <trkpt lat="58.551659" lon="15.074442">
        <ele>84.0</ele>
      </trkpt>
      <trkpt lat="58.551821" lon="15.074578">
        <ele>83.8</ele>
      </trkpt>
      <trkpt lat="58.552153" lon="15.074845">
        <ele>83.8</ele>
      </trkpt>
      <trkpt lat="58.552378" lon="15.074931">
        <ele>84.4</ele>
      </trkpt>
      <trkpt lat="58.552501" lon="15.074968">
        <ele>85.2</ele>
      </trkpt>
      <trkpt lat="58.552563" lon="15.075019">
        <ele>85.6</ele>
      </trkpt>
      <trkpt lat="58.552725" lon="15.075721">
        <ele>84.1</ele>
      </trkpt>
      <trkpt lat="58.55294" lon="15.076338">
        <ele>82.3</ele>
      </trkpt>
      <trkpt lat="58.553155" lon="15.076955">
        <ele>82.0</ele>
      </trkpt>
      <trkpt lat="58.553369" lon="15.077572">
        <ele>82.1</ele>
      </trkpt>
      <trkpt lat="58.553542" lon="15.078039">
        <ele>82.3</ele>
      </trkpt>
      <trkpt lat="58.553716" lon="15.078507">
        <ele>81.5</ele>
      </trkpt>
      <trkpt lat="58.55382" lon="15.078993">
        <ele>79.5</ele>
      </trkpt>
      <trkpt lat="58.553925" lon="15.079479">
        <ele>77.1</ele>
      </trkpt>
      <trkpt lat="58.5539" lon="15.079695">
        <ele>76.2</ele>
      </trkpt>
      <trkpt lat="58.553835" lon="15.079924">
        <ele>74.2</ele>
      </trkpt>
      <trkpt lat="58.553564" lon="15.080541">
        <ele>74.7</ele>
      </trkpt>
      <trkpt lat="58.553292" lon="15.081159">
        <ele>75.3</ele>
      </trkpt>
      <trkpt lat="58.553091" lon="15.081602">
        <ele>77.0</ele>
      </trkpt>
      <trkpt lat="58.552985" lon="15.082073">
        <ele>77.3</ele>
      </trkpt>
      <trkpt lat="58.55296" lon="15.082207">
        <ele>77.6</ele>
      </trkpt>
      <trkpt lat="58.552968" lon="15.082513">
        <ele>77.9</ele>
      </trkpt>
      <trkpt lat="58.553052" lon="15.082867">
        <ele>78.0</ele>
      </trkpt>
      <trkpt lat="58.553075" lon="15.083135">
        <ele>77.8</ele>
      </trkpt>
      <trkpt lat="58.553106" lon="15.08365">
        <ele>77.1</ele>
      </trkpt>
      <trkpt lat="58.553148" lon="15.084154">
        <ele>76.1</ele>
      </trkpt>
      <trkpt lat="58.553106" lon="15.084498">
        <ele>74.9</ele>
      </trkpt>
      <trkpt lat="58.5531" lon="15.084825">
        <ele>74.8</ele>
      </trkpt>
      <trkpt lat="58.553005" lon="15.085506">
        <ele>75.5</ele>
      </trkpt>
      <trkpt lat="58.552851" lon="15.086064">
        <ele>81.0</ele>
      </trkpt>
      <trkpt lat="58.55282" lon="15.086252">
        <ele>83.1</ele>
      </trkpt>
      <trkpt lat="58.552882" lon="15.08652">
        <ele>83.6</ele>
      </trkpt>
      <trkpt lat="58.552991" lon="15.08667">
        <ele>82.3</ele>
      </trkpt>
      <trkpt lat="58.553086" lon="15.086879">
        <ele>82.8</ele>
      </trkpt>
      <trkpt lat="58.553145" lon="15.087099">
        <ele>83.4</ele>
      </trkpt>
      <trkpt lat="58.553259" lon="15.087555">
        <ele>84.4</ele>
      </trkpt>
      <trkpt lat="58.553346" lon="15.088097">
        <ele>84.6</ele>
      </trkpt>
      <trkpt lat="58.55331" lon="15.088623">
        <ele>87.9</ele>
      </trkpt>
      <trkpt lat="58.553324" lon="15.088859">
        <ele>87.3</ele>
      </trkpt>
      <trkpt lat="58.553383" lon="15.089143">
        <ele>85.4</ele>
      </trkpt>
      <trkpt lat="58.553408" lon="15.08935">
        <ele>83.8</ele>
      </trkpt>
      <trkpt lat="58.553433" lon="15.089556">
        <ele>82.0</ele>
      </trkpt>
      <trkpt lat="58.553422" lon="15.089948">
        <ele>82.2</ele>
      </trkpt>
      <trkpt lat="58.553343" lon="15.090543">
        <ele>83.9</ele>
      </trkpt>
      <trkpt lat="58.553218" lon="15.090887">
        <ele>76.8</ele>
      </trkpt>
      <trkpt lat="58.553052" lon="15.09108">
        <ele>85.9</ele>
      </trkpt>
      <trkpt lat="58.552722" lon="15.091428">
        <ele>87.0</ele>
      </trkpt>
      <trkpt lat="58.552496" lon="15.091842">
        <ele>83.5</ele>
      </trkpt>
      <trkpt lat="58.552319" lon="15.092126">
        <ele>82.7</ele>
      </trkpt>
      <trkpt lat="58.552224" lon="15.092491">
        <ele>80.0</ele>
      </trkpt>
      <trkpt lat="58.552039" lon="15.092759">
        <ele>79.8</ele>
      </trkpt>
      <trkpt lat="58.551703" lon="15.093129">
        <ele>77.6</ele>
      </trkpt>
      <trkpt lat="58.551468" lon="15.093327">
        <ele>78.5</ele>
      </trkpt>
      <trkpt lat="58.551163" lon="15.093451">
        <ele>79.0</ele>
      </trkpt>
      <trkpt lat="58.550788" lon="15.093606">
        <ele>78.1</ele>
      </trkpt>
      <trkpt lat="58.550612" lon="15.093445">
        <ele>80.1</ele>
      </trkpt>
      <trkpt lat="58.55038" lon="15.093256">
        <ele>81.5</ele>
      </trkpt>
      <trkpt lat="58.550211" lon="15.092894">
        <ele>82.5</ele>
      </trkpt>
      <trkpt lat="58.550111" lon="15.09244">
        <ele>84.2</ele>
      </trkpt>
      <trkpt lat="58.549992" lon="15.092425">
        <ele>84.3</ele>
      </trkpt>
      <trkpt lat="58.549765" lon="15.092423">
        <ele>83.5</ele>
      </trkpt>
      <trkpt lat="58.549538" lon="15.092422">
        <ele>82.6</ele>
      </trkpt>
      <trkpt lat="58.549395" lon="15.092478">
        <ele>82.0</ele>
      </trkpt>
      <trkpt lat="58.54931" lon="15.09233">
        <ele>82.6</ele>
      </trkpt>
      <trkpt lat="58.549319" lon="15.092105">
        <ele>83.1</ele>
      </trkpt>
      <trkpt lat="58.549268" lon="15.091892">
        <ele>83.4</ele>
      </trkpt>
      <trkpt lat="58.549106" lon="15.091678">
        <ele>83.9</ele>
      </trkpt>
      <trkpt lat="58.549031" lon="15.091919">
        <ele>83.4</ele>
      </trkpt>
      <trkpt lat="58.548846" lon="15.092348">
        <ele>83.8</ele>
      </trkpt>
      <trkpt lat="58.548762" lon="15.092375">
        <ele>84.1</ele>
      </trkpt>
      <trkpt lat="58.548693" lon="15.092464">
        <ele>84.0</ele>
      </trkpt>
      <trkpt lat="58.548482" lon="15.092724">
        <ele>82.5</ele>
      </trkpt>
      <trkpt lat="58.548409" lon="15.09304">
        <ele>79.7</ele>
      </trkpt>
      <trkpt lat="58.548331" lon="15.093233">
        <ele>78.8</ele>
      </trkpt>
      <trkpt lat="58.548205" lon="15.0934">
        <ele>78.3</ele>
      </trkpt>
      <trkpt lat="58.548012" lon="15.093512">
        <ele>79.1</ele>
      </trkpt>
      <trkpt lat="58.547813" lon="15.09356">
        <ele>80.1</ele>
      </trkpt>
      <trkpt lat="58.547653" lon="15.093641">
        <ele>81.0</ele>
      </trkpt>
      <trkpt lat="58.547469" lon="15.093775">
        <ele>82.3</ele>
      </trkpt>
      <trkpt lat="58.547301" lon="15.094076">
        <ele>82.5</ele>
      </trkpt>
      <trkpt lat="58.547203" lon="15.094279">
        <ele>82.1</ele>
      </trkpt>
      <trkpt lat="58.54711" lon="15.09466">
        <ele>80.0</ele>
      </trkpt>
      <trkpt lat="58.547071" lon="15.09503">
        <ele>78.6</ele>
      </trkpt>
      <trkpt lat="58.547136" lon="15.095502">
        <ele>76.7</ele>
      </trkpt>
      <trkpt lat="58.547105" lon="15.095824">
        <ele>76.6</ele>
      </trkpt>
      <trkpt lat="58.546979" lon="15.096334">
        <ele>76.1</ele>
      </trkpt>
      <trkpt lat="58.546788" lon="15.096758">
        <ele>75.3</ele>
      </trkpt>
      <trkpt lat="58.546674" lon="15.096886">
        <ele>75.1</ele>
      </trkpt>
      <trkpt lat="58.546511" lon="15.096951">
        <ele>75.5</ele>
      </trkpt>
      <trkpt lat="58.546397" lon="15.096983">
        <ele>75.9</ele>
      </trkpt>
      <trkpt lat="58.546276" lon="15.097192">
        <ele>76.1</ele>
      </trkpt>
      <trkpt lat="58.546187" lon="15.097471">
        <ele>75.9</ele>
      </trkpt>
      <trkpt lat="58.546072" lon="15.097992">
        <ele>75.1</ele>
      </trkpt>
      <trkpt lat="58.54605" lon="15.098313">
        <ele>75.2</ele>
      </trkpt>
      <trkpt lat="58.546023" lon="15.098833">
        <ele>74.5</ele>
      </trkpt>
      <trkpt lat="58.545997" lon="15.099352">
        <ele>73.3</ele>
      </trkpt>
      <trkpt lat="58.546033" lon="15.099718">
        <ele>73.0</ele>
      </trkpt>
      <trkpt lat="58.546073" lon="15.100176">
        <ele>73.0</ele>
      </trkpt>
      <trkpt lat="58.546092" lon="15.100438">
        <ele>73.0</ele>
      </trkpt>
      <trkpt lat="58.546167" lon="15.101087">
        <ele>73.7</ele>
      </trkpt>
      <trkpt lat="58.546223" lon="15.101586">
        <ele>74.7</ele>
      </trkpt>
      <trkpt lat="58.546234" lon="15.101918">
        <ele>77.4</ele>
      </trkpt>
      <trkpt lat="58.546237" lon="15.102095">
        <ele>79.2</ele>
      </trkpt>
      <trkpt lat="58.546039" lon="15.102113">
        <ele>81.1</ele>
      </trkpt>
      <trkpt lat="58.545782" lon="15.102049">
        <ele>81.1</ele>
      </trkpt>
      <trkpt lat="58.545508" lon="15.101931">
        <ele>79.9</ele>
      </trkpt>
      <trkpt lat="58.545275" lon="15.102">
        <ele>81.9</ele>
      </trkpt>
      <trkpt lat="58.545043" lon="15.10207">
        <ele>85.7</ele>
      </trkpt>
      <trkpt lat="58.544813" lon="15.102102">
        <ele>89.4</ele>
      </trkpt>
      <trkpt lat="58.544591" lon="15.102181">
        <ele>91.8</ele>
      </trkpt>
      <trkpt lat="58.544454" lon="15.102244">
        <ele>92.2</ele>
      </trkpt>
      <trkpt lat="58.544321" lon="15.102306">
        <ele>92.5</ele>
      </trkpt>
      <trkpt lat="58.544197" lon="15.10236">
        <ele>92.9</ele>
      </trkpt>
      <trkpt lat="58.544013" lon="15.102328">
        <ele>93.0</ele>
      </trkpt>
      <trkpt lat="58.544001" lon="15.102333">
        <ele>93.1</ele>
      </trkpt>
      <trkpt lat="58.543761" lon="15.102435">
        <ele>93.8</ele>
      </trkpt>
      <trkpt lat="58.543499" lon="15.102439">
        <ele>93.4</ele>
      </trkpt>
      <trkpt lat="58.54338" lon="15.102607">
        <ele>93.4</ele>
      </trkpt>
      <trkpt lat="58.543167" lon="15.102886">
        <ele>94.0</ele>
      </trkpt>
      <trkpt lat="58.542955" lon="15.103165">
        <ele>95.3</ele>
      </trkpt>
      <trkpt lat="58.54276" lon="15.103463">
        <ele>96.8</ele>
      </trkpt>
      <trkpt lat="58.542577" lon="15.103743">
        <ele>99.0</ele>
      </trkpt>
      <trkpt lat="58.542395" lon="15.104023">
        <ele>101.2</ele>
      </trkpt>
      <trkpt lat="58.54226" lon="15.104162">
        <ele>102.9</ele>
      </trkpt>
      <trkpt lat="58.542003" lon="15.104141">
        <ele>102.6</ele>
      </trkpt>
      <trkpt lat="58.541752" lon="15.104034">
        <ele>102.3</ele>
      </trkpt>
      <trkpt lat="58.5416" lon="15.103969">
        <ele>102.0</ele>
      </trkpt>
      <trkpt lat="58.541252" lon="15.103808">
        <ele>99.8</ele>
      </trkpt>
      <trkpt lat="58.541079" lon="15.103862">
        <ele>99.6</ele>
      </trkpt>
      <trkpt lat="58.54095" lon="15.104012">
        <ele>99.8</ele>
      </trkpt>
      <trkpt lat="58.540896" lon="15.104136">
        <ele>100.3</ele>
      </trkpt>
      <trkpt lat="58.54081" lon="15.104334">
        <ele>101.0</ele>
      </trkpt>
      <trkpt lat="58.540632" lon="15.104582">
        <ele>100.9</ele>
      </trkpt>
      <trkpt lat="58.540375" lon="15.104712">
        <ele>98.2</ele>
      </trkpt>
      <trkpt lat="58.540217" lon="15.104795">
        <ele>96.8</ele>
      </trkpt>
      <trkpt lat="58.540034" lon="15.104884">
        <ele>96.2</ele>
      </trkpt>
      <trkpt lat="58.539918" lon="15.104914">
        <ele>95.5</ele>
      </trkpt>
      <trkpt lat="58.539896" lon="15.105143">
        <ele>95.1</ele>
      </trkpt>
      <trkpt lat="58.539833" lon="15.105605">
        <ele>93.7</ele>
      </trkpt>
      <trkpt lat="58.539824" lon="15.106113">
        <ele>92.7</ele>
      </trkpt>
      <trkpt lat="58.539911" lon="15.106887">
        <ele>90.2</ele>
      </trkpt>
      <trkpt lat="58.539967" lon="15.107226">
        <ele>89.0</ele>
      </trkpt>
      <trkpt lat="58.540055" lon="15.107499">
        <ele>89.0</ele>
      </trkpt>
      <trkpt lat="58.540236" lon="15.108048">
        <ele>89.0</ele>
      </trkpt>
      <trkpt lat="58.540417" lon="15.108596">
        <ele>88.9</ele>
      </trkpt>
      <trkpt lat="58.540513" lon="15.108959">
        <ele>90.0</ele>
      </trkpt>
      <trkpt lat="58.540566" lon="15.109608">
        <ele>90.0</ele>
      </trkpt>
      <trkpt lat="58.540573" lon="15.11015">
        <ele>90.0</ele>
      </trkpt>
      <trkpt lat="58.54058" lon="15.110692">
        <ele>90.5</ele>
      </trkpt>
      <trkpt lat="58.540566" lon="15.111379">
        <ele>92.0</ele>
      </trkpt>
      <trkpt lat="58.540552" lon="15.112066">
        <ele>93.4</ele>
      </trkpt>
      <trkpt lat="58.540517" lon="15.112432">
        <ele>94.7</ele>
      </trkpt>
      <trkpt lat="58.540341" lon="15.112986">
        <ele>94.9</ele>
      </trkpt>
      <trkpt lat="58.540164" lon="15.11354">
        <ele>96.2</ele>
      </trkpt>
      <trkpt lat="58.539994" lon="15.114075">
        <ele>98.7</ele>
      </trkpt>
      <trkpt lat="58.539928" lon="15.114453">
        <ele>99.8</ele>
      </trkpt>
      <trkpt lat="58.539948" lon="15.115197">
        <ele>100.0</ele>
      </trkpt>
      <trkpt lat="58.539968" lon="15.11594">
        <ele>99.8</ele>
      </trkpt>
      <trkpt lat="58.539976" lon="15.116696">
        <ele>100.0</ele>
      </trkpt>
      <trkpt lat="58.539985" lon="15.117452">
        <ele>101.8</ele>
      </trkpt>
      <trkpt lat="58.539994" lon="15.118209">
        <ele>103.0</ele>
      </trkpt>
      <trkpt lat="58.539981" lon="15.118864">
        <ele>104.0</ele>
      </trkpt>
      <trkpt lat="58.539986" lon="15.119345">
        <ele>102.9</ele>
      </trkpt>
      <trkpt lat="58.539991" lon="15.119827">
        <ele>104.1</ele>
      </trkpt>
      <trkpt lat="58.539994" lon="15.120099">
        <ele>104.0</ele>
      </trkpt>
      <trkpt lat="58.539941" lon="15.120729">
        <ele>104.1</ele>
      </trkpt>
      <trkpt lat="58.539774" lon="15.121388">
        <ele>103.1</ele>
      </trkpt>
      <trkpt lat="58.539607" lon="15.122047">
        <ele>102.6</ele>
      </trkpt>
      <trkpt lat="58.53944" lon="15.122706">
        <ele>101.0</ele>
      </trkpt>
      <trkpt lat="58.539273" lon="15.123365">
        <ele>100.1</ele>
      </trkpt>
      <trkpt lat="58.539106" lon="15.124024">
        <ele>98.9</ele>
      </trkpt>
      <trkpt lat="58.538984" lon="15.124456">
        <ele>99.1</ele>
      </trkpt>
      <trkpt lat="58.538863" lon="15.124888">
        <ele>99.5</ele>
      </trkpt>
      <trkpt lat="58.538712" lon="15.125266">
        <ele>100.5</ele>
      </trkpt>
      <trkpt lat="58.53856" lon="15.125644">
        <ele>99.8</ele>
      </trkpt>
      <trkpt lat="58.538359" lon="15.125993">
        <ele>99.1</ele>
      </trkpt>
      <trkpt lat="58.538139" lon="15.126375">
        <ele>98.8</ele>
      </trkpt>
      <trkpt lat="58.537902" lon="15.12698">
        <ele>102.1</ele>
      </trkpt>
      <trkpt lat="58.537851" lon="15.127355">
        <ele>105.2</ele>
      </trkpt>
      <trkpt lat="58.53785" lon="15.127635">
        <ele>107.3</ele>
      </trkpt>
      <trkpt lat="58.537876" lon="15.12829">
        <ele>110.9</ele>
      </trkpt>
      <trkpt lat="58.537903" lon="15.128873">
        <ele>110.8</ele>
      </trkpt>
      <trkpt lat="58.53793" lon="15.129456">
        <ele>107.5</ele>
      </trkpt>
      <trkpt lat="58.537957" lon="15.13004">
        <ele>104.0</ele>
      </trkpt>
      <trkpt lat="58.537955" lon="15.130155">
        <ele>103.6</ele>
      </trkpt>
      <trkpt lat="58.537935" lon="15.130609">
        <ele>101.8</ele>
      </trkpt>
      <trkpt lat="58.537916" lon="15.131062">
        <ele>102.2</ele>
      </trkpt>
      <trkpt lat="58.537856" lon="15.131483">
        <ele>103.5</ele>
      </trkpt>
      <trkpt lat="58.537797" lon="15.131904">
        <ele>104.9</ele>
      </trkpt>
      <trkpt lat="58.537712" lon="15.132318">
        <ele>106.3</ele>
      </trkpt>
      <trkpt lat="58.537628" lon="15.132732">
        <ele>107.0</ele>
      </trkpt>
      <trkpt lat="58.537492" lon="15.133238">
        <ele>107.1</ele>
      </trkpt>
      <trkpt lat="58.537356" lon="15.133743">
        <ele>105.1</ele>
      </trkpt>
      <trkpt lat="58.53712" lon="15.134358">
        <ele>103.8</ele>
      </trkpt>
      <trkpt lat="58.536871" lon="15.13502">
        <ele>103.7</ele>
      </trkpt>
      <trkpt lat="58.536623" lon="15.135682">
        <ele>101.0</ele>
      </trkpt>
      <trkpt lat="58.536422" lon="15.136225">
        <ele>98.5</ele>
      </trkpt>
      <trkpt lat="58.53622" lon="15.136768">
        <ele>97.9</ele>
      </trkpt>
      <trkpt lat="58.536012" lon="15.137507">
        <ele>95.7</ele>
      </trkpt>
      <trkpt lat="58.535804" lon="15.138247">
        <ele>92.1</ele>
      </trkpt>
      <trkpt lat="58.53568" lon="15.139016">
        <ele>87.6</ele>
      </trkpt>
      <trkpt lat="58.535556" lon="15.139785">
        <ele>84.9</ele>
      </trkpt>
      <trkpt lat="58.535432" lon="15.140554">
        <ele>85.0</ele>
      </trkpt>
      <trkpt lat="58.535308" lon="15.141323">
        <ele>85.9</ele>
      </trkpt>
      <trkpt lat="58.535185" lon="15.142093">
        <ele>86.7</ele>
      </trkpt>
      <trkpt lat="58.534991" lon="15.142827">
        <ele>87.1</ele>
      </trkpt>
      <trkpt lat="58.534797" lon="15.143562">
        <ele>91.2</ele>
      </trkpt>
      <trkpt lat="58.534779" lon="15.143623">
        <ele>91.8</ele>
      </trkpt>
      <trkpt lat="58.534494" lon="15.144245">
        <ele>95.2</ele>
      </trkpt>
      <trkpt lat="58.53421" lon="15.144867">
        <ele>94.7</ele>
      </trkpt>
      <trkpt lat="58.533925" lon="15.145489">
        <ele>92.4</ele>
      </trkpt>
      <trkpt lat="58.533649" lon="15.146105">
        <ele>89.3</ele>
      </trkpt>
      <trkpt lat="58.533373" lon="15.14672">
        <ele>85.2</ele>
      </trkpt>
      <trkpt lat="58.533097" lon="15.147335">
        <ele>80.8</ele>
      </trkpt>
      <trkpt lat="58.532821" lon="15.147951">
        <ele>78.1</ele>
      </trkpt>
      <trkpt lat="58.532653" lon="15.148591">
        <ele>77.0</ele>
      </trkpt>
      <trkpt lat="58.532486" lon="15.149231">
        <ele>76.0</ele>
      </trkpt>
      <trkpt lat="58.532381" lon="15.149939">
        <ele>75.6</ele>
      </trkpt>
      <trkpt lat="58.532275" lon="15.150647">
        <ele>76.0</ele>
      </trkpt>
      <trkpt lat="58.53217" lon="15.151356">
        <ele>76.7</ele>
      </trkpt>
      <trkpt lat="58.532064" lon="15.152064">
        <ele>77.7</ele>
      </trkpt>
      <trkpt lat="58.532029" lon="15.152305">
        <ele>77.6</ele>
      </trkpt>
      <trkpt lat="58.53194" lon="15.152862">
        <ele>77.0</ele>
      </trkpt>
      <trkpt lat="58.531903" lon="15.153016">
        <ele>76.9</ele>
      </trkpt>
      <trkpt lat="58.532051" lon="15.1532">
        <ele>77.2</ele>
      </trkpt>
      <trkpt lat="58.532324" lon="15.153723">
        <ele>76.3</ele>
      </trkpt>
      <trkpt lat="58.532484" lon="15.154026">
        <ele>75.5</ele>
      </trkpt>
      <trkpt lat="58.532607" lon="15.154245">
        <ele>75.0</ele>
      </trkpt>
      <trkpt lat="58.53287" lon="15.154676">
        <ele>75.0</ele>
      </trkpt>
      <trkpt lat="58.533133" lon="15.155107">
        <ele>75.0</ele>
      </trkpt>
      <trkpt lat="58.533406" lon="15.155541">
        <ele>75.0</ele>
      </trkpt>
      <trkpt lat="58.53368" lon="15.155974">
        <ele>74.8</ele>
      </trkpt>
      <trkpt lat="58.533817" lon="15.156271">
        <ele>74.2</ele>
      </trkpt>
      <trkpt lat="58.533912" lon="15.156597">
        <ele>74.0</ele>
      </trkpt>
      <trkpt lat="58.534122" lon="15.1573">
        <ele>73.7</ele>
      </trkpt>
      <trkpt lat="58.534331" lon="15.158004">
        <ele>74.0</ele>
      </trkpt>
      <trkpt lat="58.534477" lon="15.158523">
        <ele>74.0</ele>
      </trkpt>
      <trkpt lat="58.534622" lon="15.159041">
        <ele>73.6</ele>
      </trkpt>
      <trkpt lat="58.534757" lon="15.159678">
        <ele>73.0</ele>
      </trkpt>
      <trkpt lat="58.534858" lon="15.16045">
        <ele>73.0</ele>
      </trkpt>
      <trkpt lat="58.534959" lon="15.161222">
        <ele>72.9</ele>
      </trkpt>
      <trkpt lat="58.535023" lon="15.161815">
        <ele>73.1</ele>
      </trkpt>
      <trkpt lat="58.535087" lon="15.162408">
        <ele>73.1</ele>
      </trkpt>
      <trkpt lat="58.535151" lon="15.163001">
        <ele>73.0</ele>
      </trkpt>
      <trkpt lat="58.535194" lon="15.16339">
        <ele>73.0</ele>
      </trkpt>
      <trkpt lat="58.535222" lon="15.163938">
        <ele>73.0</ele>
      </trkpt>
      <trkpt lat="58.535227" lon="15.16457">
        <ele>73.9</ele>
      </trkpt>
      <trkpt lat="58.535221" lon="15.165215">
        <ele>73.8</ele>
      </trkpt>
      <trkpt lat="58.535214" lon="15.165861">
        <ele>74.1</ele>
      </trkpt>
      <trkpt lat="58.535207" lon="15.166506">
        <ele>74.1</ele>
      </trkpt>
      <trkpt lat="58.535206" lon="15.167211">
        <ele>74.1</ele>
      </trkpt>
      <trkpt lat="58.535205" lon="15.167917">
        <ele>74.0</ele>
      </trkpt>
      <trkpt lat="58.535205" lon="15.168622">
        <ele>75.1</ele>
      </trkpt>
      <trkpt lat="58.535189" lon="15.169216">
        <ele>75.4</ele>
      </trkpt>
      <trkpt lat="58.535174" lon="15.169809">
        <ele>76.0</ele>
      </trkpt>
      <trkpt lat="58.535192" lon="15.170348">
        <ele>76.0</ele>
      </trkpt>
      <trkpt lat="58.535212" lon="15.170584">
        <ele>76.0</ele>
      </trkpt>
      <trkpt lat="58.535312" lon="15.171145">
        <ele>75.8</ele>
      </trkpt>
      <trkpt lat="58.535412" lon="15.171706">
        <ele>76.1</ele>
      </trkpt>
      <trkpt lat="58.535542" lon="15.172323">
        <ele>75.0</ele>
      </trkpt>
      <trkpt lat="58.535672" lon="15.172939">
        <ele>75.0</ele>
      </trkpt>
      <trkpt lat="58.535802" lon="15.173555">
        <ele>75.9</ele>
      </trkpt>
      <trkpt lat="58.535885" lon="15.174317">
        <ele>77.2</ele>
      </trkpt>
      <trkpt lat="58.535967" lon="15.175079">
        <ele>77.3</ele>
      </trkpt>
      <trkpt lat="58.536049" lon="15.175841">
        <ele>74.9</ele>
      </trkpt>
      <trkpt lat="58.536131" lon="15.176603">
        <ele>74.0</ele>
      </trkpt>
      <trkpt lat="58.536197" lon="15.177388">
        <ele>73.9</ele>
      </trkpt>
      <trkpt lat="58.536262" lon="15.178174">
        <ele>73.9</ele>
      </trkpt>
      <trkpt lat="58.536306" lon="15.17872">
        <ele>74.9</ele>
      </trkpt>
      <trkpt lat="58.53635" lon="15.179266">
        <ele>75.0</ele>
      </trkpt>
      <trkpt lat="58.536376" lon="15.179757">
        <ele>76.1</ele>
      </trkpt>
      <trkpt lat="58.53638" lon="15.180022">
        <ele>77.1</ele>
      </trkpt>
      <trkpt lat="58.536373" lon="15.180198">
        <ele>77.7</ele>
      </trkpt>
      <trkpt lat="58.536356" lon="15.18035">
        <ele>78.3</ele>
      </trkpt>
      <trkpt lat="58.536335" lon="15.180523">
        <ele>78.9</ele>
      </trkpt>
      <trkpt lat="58.536287" lon="15.180773">
        <ele>79.8</ele>
      </trkpt>
      <trkpt lat="58.536166" lon="15.181504">
        <ele>83.2</ele>
      </trkpt>
      <trkpt lat="58.536139" lon="15.181597">
        <ele>83.7</ele>
      </trkpt>
      <trkpt lat="58.536097" lon="15.181676">
        <ele>84.1</ele>
      </trkpt>
      <trkpt lat="58.536022" lon="15.181653">
        <ele>84.3</ele>
      </trkpt>
      <trkpt lat="58.535948" lon="15.181621">
        <ele>84.5</ele>
      </trkpt>
      <trkpt lat="58.535779" lon="15.181507">
        <ele>84.7</ele>
      </trkpt>
      <trkpt lat="58.535526" lon="15.181354">
        <ele>84.9</ele>
      </trkpt>
      <trkpt lat="58.535499" lon="15.181546">
        <ele>85.6</ele>
      </trkpt>
      <trkpt lat="58.53541" lon="15.182283">
        <ele>84.4</ele>
      </trkpt>
      <trkpt lat="58.535342" lon="15.182951">
        <ele>82.6</ele>
      </trkpt>
      <trkpt lat="58.535326" lon="15.183142">
        <ele>81.9</ele>
      </trkpt>
      <trkpt lat="58.535285" lon="15.183649">
        <ele>79.9</ele>
      </trkpt>
      <trkpt lat="58.535243" lon="15.184192">
        <ele>78.9</ele>
      </trkpt>
      <trkpt lat="58.53523" lon="15.184329">
        <ele>78.4</ele>
      </trkpt>
      <trkpt lat="58.535205" lon="15.184518">
        <ele>77.9</ele>
      </trkpt>
      <trkpt lat="58.535179" lon="15.184663">
        <ele>77.9</ele>
      </trkpt>
      <trkpt lat="58.535117" lon="15.184932">
        <ele>78.8</ele>
      </trkpt>
      <trkpt lat="58.535057" lon="15.185116">
        <ele>79.1</ele>
      </trkpt>
      <trkpt lat="58.534995" lon="15.185273">
        <ele>79.0</ele>
      </trkpt>
      <trkpt lat="58.534933" lon="15.185382">
        <ele>79.5</ele>
      </trkpt>
      <trkpt lat="58.534828" lon="15.185542">
        <ele>79.7</ele>
      </trkpt>
      <trkpt lat="58.534681" lon="15.185731">
        <ele>79.5</ele>
      </trkpt>
      <trkpt lat="58.534403" lon="15.186083">
        <ele>79.0</ele>
      </trkpt>
      <trkpt lat="58.534157" lon="15.186421">
        <ele>78.0</ele>
      </trkpt>
      <trkpt lat="58.533919" lon="15.186789">
        <ele>77.9</ele>
      </trkpt>
      <trkpt lat="58.533841" lon="15.186902">
        <ele>78.1</ele>
      </trkpt>
      <trkpt lat="58.53375" lon="15.187003">
        <ele>78.5</ele>
      </trkpt>
      <trkpt lat="58.533646" lon="15.187093">
        <ele>78.9</ele>
      </trkpt>
      <trkpt lat="58.533518" lon="15.187173">
        <ele>79.3</ele>
      </trkpt>
      <trkpt lat="58.533327" lon="15.187302">
        <ele>80.1</ele>
      </trkpt>
      <trkpt lat="58.533203" lon="15.187405">
        <ele>80.8</ele>
      </trkpt>
      <trkpt lat="58.532973" lon="15.187627">
        <ele>82.3</ele>
      </trkpt>
      <trkpt lat="58.532591" lon="15.188024">
        <ele>83.8</ele>
      </trkpt>
      <trkpt lat="58.532401" lon="15.188254">
        <ele>83.8</ele>
      </trkpt>
      <trkpt lat="58.53218" lon="15.188599">
        <ele>82.2</ele>
      </trkpt>
      <trkpt lat="58.531886" lon="15.189115">
        <ele>79.7</ele>
      </trkpt>
      <trkpt lat="58.531591" lon="15.189632">
        <ele>78.4</ele>
      </trkpt>
      <trkpt lat="58.531369" lon="15.190037">
        <ele>76.9</ele>
      </trkpt>
      <trkpt lat="58.531146" lon="15.190442">
        <ele>76.3</ele>
      </trkpt>
      <trkpt lat="58.53096" lon="15.190788">
        <ele>76.6</ele>
      </trkpt>
      <trkpt lat="58.530774" lon="15.191134">
        <ele>77.1</ele>
      </trkpt>
      <trkpt lat="58.530491" lon="15.19167">
        <ele>76.9</ele>
      </trkpt>
      <trkpt lat="58.530207" lon="15.192205">
        <ele>76.0</ele>
      </trkpt>
      <trkpt lat="58.529924" lon="15.192741">
        <ele>76.0</ele>
      </trkpt>
      <trkpt lat="58.52964" lon="15.193277">
        <ele>76.0</ele>
      </trkpt>
      <trkpt lat="58.529459" lon="15.193631">
        <ele>76.0</ele>
      </trkpt>
      <trkpt lat="58.529278" lon="15.193985">
        <ele>76.0</ele>
      </trkpt>
      <trkpt lat="58.529078" lon="15.19443">
        <ele>76.0</ele>
      </trkpt>
      <trkpt lat="58.528879" lon="15.194876">
        <ele>76.0</ele>
      </trkpt>
      <trkpt lat="58.528739" lon="15.195232">
        <ele>76.0</ele>
      </trkpt>
      <trkpt lat="58.528598" lon="15.195589">
        <ele>76.1</ele>
      </trkpt>
      <trkpt lat="58.528462" lon="15.195952">
        <ele>76.2</ele>
      </trkpt>
      <trkpt lat="58.528325" lon="15.196316">
        <ele>76.1</ele>
      </trkpt>
      <trkpt lat="58.528136" lon="15.196888">
        <ele>75.0</ele>
      </trkpt>
      <trkpt lat="58.527964" lon="15.197506">
        <ele>76.0</ele>
      </trkpt>
      <trkpt lat="58.52789" lon="15.197843">
        <ele>76.1</ele>
      </trkpt>
      <trkpt lat="58.527845" lon="15.198152">
        <ele>76.0</ele>
      </trkpt>
      <trkpt lat="58.527824" lon="15.198428">
        <ele>76.0</ele>
      </trkpt>
      <trkpt lat="58.527824" lon="15.198829">
        <ele>76.0</ele>
      </trkpt>
      <trkpt lat="58.52783" lon="15.19932">
        <ele>76.0</ele>
      </trkpt>
      <trkpt lat="58.527836" lon="15.199811">
        <ele>76.0</ele>
      </trkpt>
      <trkpt lat="58.527827" lon="15.200077">
        <ele>76.2</ele>
      </trkpt>
      <trkpt lat="58.527814" lon="15.200295">
        <ele>77.0</ele>
      </trkpt>
      <trkpt lat="58.527734" lon="15.200794">
        <ele>78.1</ele>
      </trkpt>
      <trkpt lat="58.527589" lon="15.201492">
        <ele>79.6</ele>
      </trkpt>
      <trkpt lat="58.527445" lon="15.20219">
        <ele>79.1</ele>
      </trkpt>
      <trkpt lat="58.527414" lon="15.202342">
        <ele>78.8</ele>
      </trkpt>
      <trkpt lat="58.527373" lon="15.202531">
        <ele>78.5</ele>
      </trkpt>
      <trkpt lat="58.527329" lon="15.202757">
        <ele>78.7</ele>
      </trkpt>
      <trkpt lat="58.527293" lon="15.202961">
        <ele>78.6</ele>
      </trkpt>
      <trkpt lat="58.527274" lon="15.203146">
        <ele>78.6</ele>
      </trkpt>
      <trkpt lat="58.527261" lon="15.203345">
        <ele>78.7</ele>
      </trkpt>
      <trkpt lat="58.527258" lon="15.203559">
        <ele>79.6</ele>
      </trkpt>
      <trkpt lat="58.527266" lon="15.203907">
        <ele>79.7</ele>
      </trkpt>
      <trkpt lat="58.527294" lon="15.204384">
        <ele>80.7</ele>
      </trkpt>
      <trkpt lat="58.527322" lon="15.204862">
        <ele>81.4</ele>
      </trkpt>
      <trkpt lat="58.527365" lon="15.205583">
        <ele>81.5</ele>
      </trkpt>
      <trkpt lat="58.527364" lon="15.20573">
        <ele>81.5</ele>
      </trkpt>
      <trkpt lat="58.527345" lon="15.205872">
        <ele>81.5</ele>
      </trkpt>
      <trkpt lat="58.527332" lon="15.20595">
        <ele>81.4</ele>
      </trkpt>
      <trkpt lat="58.527304" lon="15.206032">
        <ele>81.4</ele>
      </trkpt>
      <trkpt lat="58.527417" lon="15.206115">
        <ele>80.5</ele>
      </trkpt>
      <trkpt lat="58.527569" lon="15.20618">
        <ele>79.6</ele>
      </trkpt>
      <trkpt lat="58.52778" lon="15.206212">
        <ele>78.7</ele>
      </trkpt>
      <trkpt lat="58.528095" lon="15.206262">
        <ele>77.4</ele>
      </trkpt>
      <trkpt lat="58.528248" lon="15.206298">
        <ele>76.6</ele>
      </trkpt>
      <trkpt lat="58.528347" lon="15.206345">
        <ele>76.1</ele>
      </trkpt>
      <trkpt lat="58.528457" lon="15.206418">
        <ele>76.0</ele>
      </trkpt>
      <trkpt lat="58.528529" lon="15.206496">
        <ele>76.1</ele>
      </trkpt>
      <trkpt lat="58.528589" lon="15.206607">
        <ele>76.1</ele>
      </trkpt>
      <trkpt lat="58.528623" lon="15.206701">
        <ele>75.9</ele>
      </trkpt>
      <trkpt lat="58.528655" lon="15.206858">
        <ele>75.2</ele>
      </trkpt>
      <trkpt lat="58.528707" lon="15.207353">
        <ele>74.9</ele>
      </trkpt>
      <trkpt lat="58.528765" lon="15.207906">
        <ele>74.9</ele>
      </trkpt>
      <trkpt lat="58.528826" lon="15.208388">
        <ele>75.0</ele>
      </trkpt>
      <trkpt lat="58.52891" lon="15.208922">
        <ele>75.0</ele>
      </trkpt>
      <trkpt lat="58.528977" lon="15.209251">
        <ele>75.0</ele>
      </trkpt>
      <trkpt lat="58.52905" lon="15.209513">
        <ele>75.0</ele>
      </trkpt>
      <trkpt lat="58.529119" lon="15.209649">
        <ele>75.0</ele>
      </trkpt>
      <trkpt lat="58.529206" lon="15.209797">
        <ele>75.0</ele>
      </trkpt>
      <trkpt lat="58.529318" lon="15.209931">
        <ele>75.0</ele>
      </trkpt>
      <trkpt lat="58.529497" lon="15.210086">
        <ele>75.0</ele>
      </trkpt>
      <trkpt lat="58.529759" lon="15.210235">
        <ele>75.0</ele>
      </trkpt>
      <trkpt lat="58.53007" lon="15.210397">
        <ele>75.1</ele>
      </trkpt>
      <trkpt lat="58.530176" lon="15.210488">
        <ele>75.4</ele>
      </trkpt>
      <trkpt lat="58.530263" lon="15.210593">
        <ele>76.0</ele>
      </trkpt>
      <trkpt lat="58.530326" lon="15.210704">
        <ele>76.9</ele>
      </trkpt>
      <trkpt lat="58.530451" lon="15.210994">
        <ele>79.1</ele>
      </trkpt>
      <trkpt lat="58.530551" lon="15.211241">
        <ele>81.5</ele>
      </trkpt>
      <trkpt lat="58.530591" lon="15.211359">
        <ele>82.4</ele>
      </trkpt>
      <trkpt lat="58.530621" lon="15.211485">
        <ele>82.9</ele>
      </trkpt>
      <trkpt lat="58.530636" lon="15.211551">
        <ele>83.1</ele>
      </trkpt>
      <trkpt lat="58.530709" lon="15.211943">
        <ele>82.7</ele>
      </trkpt>
      <trkpt lat="58.530831" lon="15.212601">
        <ele>81.6</ele>
      </trkpt>
      <trkpt lat="58.530868" lon="15.212804">
        <ele>81.2</ele>
      </trkpt>
      <trkpt lat="58.53092" lon="15.213187">
        <ele>80.1</ele>
      </trkpt>
      <trkpt lat="58.530958" lon="15.213525">
        <ele>79.5</ele>
      </trkpt>
      <trkpt lat="58.530966" lon="15.213646">
        <ele>79.2</ele>
      </trkpt>
      <trkpt lat="58.530989" lon="15.214065">
        <ele>78.5</ele>
      </trkpt>
      <trkpt lat="58.531017" lon="15.214712">
        <ele>78.3</ele>
      </trkpt>
      <trkpt lat="58.531046" lon="15.215105">
        <ele>78.5</ele>
      </trkpt>
      <trkpt lat="58.531095" lon="15.215438">
        <ele>78.9</ele>
      </trkpt>
      <trkpt lat="58.531166" lon="15.215939">
        <ele>79.4</ele>
      </trkpt>
      <trkpt lat="58.531231" lon="15.216625">
        <ele>79.9</ele>
      </trkpt>
      <trkpt lat="58.53126" lon="15.217072">
        <ele>80.1</ele>
      </trkpt>
      <trkpt lat="58.531325" lon="15.217699">
        <ele>80.7</ele>
      </trkpt>
      <trkpt lat="58.531374" lon="15.218134">
        <ele>82.0</ele>
      </trkpt>
      <trkpt lat="58.531429" lon="15.218516">
        <ele>82.2</ele>
      </trkpt>
      <trkpt lat="58.531518" lon="15.21929">
        <ele>82.6</ele>
      </trkpt>
      <trkpt lat="58.531485" lon="15.219412">
        <ele>82.5</ele>
      </trkpt>
      <trkpt lat="58.531419" lon="15.219562">
        <ele>81.7</ele>
      </trkpt>
      <trkpt lat="58.531336" lon="15.219711">
        <ele>80.8</ele>
      </trkpt>
      <trkpt lat="58.53124" lon="15.219945">
        <ele>80.6</ele>
      </trkpt>
      <trkpt lat="58.531205" lon="15.220147">
        <ele>79.8</ele>
      </trkpt>
      <trkpt lat="58.531186" lon="15.220414">
        <ele>79.1</ele>
      </trkpt>
      <trkpt lat="58.531176" lon="15.220871">
        <ele>80.1</ele>
      </trkpt>
      <trkpt lat="58.531154" lon="15.221333">
        <ele>81.6</ele>
      </trkpt>
      <trkpt lat="58.531134" lon="15.221521">
        <ele>83.0</ele>
      </trkpt>
      <trkpt lat="58.531109" lon="15.221642">
        <ele>83.9</ele>
      </trkpt>
      <trkpt lat="58.53107" lon="15.221738">
        <ele>84.3</ele>
      </trkpt>
      <trkpt lat="58.531005" lon="15.221832">
        <ele>84.6</ele>
      </trkpt>
      <trkpt lat="58.530654" lon="15.222212">
        <ele>85.5</ele>
      </trkpt>
      <trkpt lat="58.530407" lon="15.222468">
        <ele>83.9</ele>
      </trkpt>
      <trkpt lat="58.530337" lon="15.222525">
        <ele>83.4</ele>
      </trkpt>
      <trkpt lat="58.530243" lon="15.222573">
        <ele>82.9</ele>
      </trkpt>
      <trkpt lat="58.529845" lon="15.222731">
        <ele>82.9</ele>
      </trkpt>
      <trkpt lat="58.52961" lon="15.222842">
        <ele>83.5</ele>
      </trkpt>
      <trkpt lat="58.529712" lon="15.223118">
        <ele>84.1</ele>
      </trkpt>
      <trkpt lat="58.529985" lon="15.223671">
        <ele>84.0</ele>
      </trkpt>
      <trkpt lat="58.530106" lon="15.22395">
        <ele>83.9</ele>
      </trkpt>
      <trkpt lat="58.530296" lon="15.224397">
        <ele>82.9</ele>
      </trkpt>
      <trkpt lat="58.530486" lon="15.224845">
        <ele>78.7</ele>
      </trkpt>
      <trkpt lat="58.530755" lon="15.225506">
        <ele>76.2</ele>
      </trkpt>
      <trkpt lat="58.531023" lon="15.226123">
        <ele>76.0</ele>
      </trkpt>
      <trkpt lat="58.531178" lon="15.226495">
        <ele>76.0</ele>
      </trkpt>
      <trkpt lat="58.531333" lon="15.226866">
        <ele>75.0</ele>
      </trkpt>
      <trkpt lat="58.531477" lon="15.227212">
        <ele>75.0</ele>
      </trkpt>
      <trkpt lat="58.531621" lon="15.227558">
        <ele>75.0</ele>
      </trkpt>
      <trkpt lat="58.531857" lon="15.228105">
        <ele>75.0</ele>
      </trkpt>
      <trkpt lat="58.532092" lon="15.228652">
        <ele>75.1</ele>
      </trkpt>
      <trkpt lat="58.532243" lon="15.229002">
        <ele>75.0</ele>
      </trkpt>
      <trkpt lat="58.532393" lon="15.229353">
        <ele>74.0</ele>
      </trkpt>
      <trkpt lat="58.532673" lon="15.230001">
        <ele>74.0</ele>
      </trkpt>
      <trkpt lat="58.532819" lon="15.230357">
        <ele>73.7</ele>
      </trkpt>
      <trkpt lat="58.532965" lon="15.230714">
        <ele>72.8</ele>
      </trkpt>
      <trkpt lat="58.533197" lon="15.23124">
        <ele>74.1</ele>
      </trkpt>
      <trkpt lat="58.533428" lon="15.231766">
        <ele>75.1</ele>
      </trkpt>
      <trkpt lat="58.533607" lon="15.232202">
        <ele>75.0</ele>
      </trkpt>
      <trkpt lat="58.533784" lon="15.232616">
        <ele>75.4</ele>
      </trkpt>
      <trkpt lat="58.533961" lon="15.23303">
        <ele>75.9</ele>
      </trkpt>
      <trkpt lat="58.534213" lon="15.233615">
        <ele>77.2</ele>
      </trkpt>
      <trkpt lat="58.534348" lon="15.23393">
        <ele>78.5</ele>
      </trkpt>
      <trkpt lat="58.534409" lon="15.233891">
        <ele>78.8</ele>
      </trkpt>
      <trkpt lat="58.534552" lon="15.233626">
        <ele>78.2</ele>
      </trkpt>
      <trkpt lat="58.534591" lon="15.233569">
        <ele>78.0</ele>
      </trkpt>
      <trkpt lat="58.534619" lon="15.233583">
        <ele>78.0</ele>
      </trkpt>
      <trkpt lat="58.534719" lon="15.233826">
        <ele>78.8</ele>
      </trkpt>
      <trkpt lat="58.53481" lon="15.234044">
        <ele>78.8</ele>
      </trkpt>
      <trkpt lat="58.534867" lon="15.234187">
        <ele>78.6</ele>
      </trkpt>
      <trkpt lat="58.534893" lon="15.234224">
        <ele>78.5</ele>
      </trkpt>
      <trkpt lat="58.534658" lon="15.234654">
        <ele>79.0</ele>
      </trkpt>
      <trkpt lat="58.53451" lon="15.234944">
        <ele>79.1</ele>
      </trkpt>
      <trkpt lat="58.534445" lon="15.235039">
        <ele>79.0</ele>
      </trkpt>
      <trkpt lat="58.534267" lon="15.235255">
        <ele>77.7</ele>
      </trkpt>
      <trkpt lat="58.534211" lon="15.235342">
        <ele>77.3</ele>
      </trkpt>
      <trkpt lat="58.534188" lon="15.235431">
        <ele>77.2</ele>
      </trkpt>
      <trkpt lat="58.534187" lon="15.235561">
        <ele>77.1</ele>
      </trkpt>
      <trkpt lat="58.534204" lon="15.235631">
        <ele>76.9</ele>
      </trkpt>
      <trkpt lat="58.534244" lon="15.235754">
        <ele>76.5</ele>
      </trkpt>
      <trkpt lat="58.534417" lon="15.236099">
        <ele>76.9</ele>
      </trkpt>
      <trkpt lat="58.534532" lon="15.236377">
        <ele>76.4</ele>
      </trkpt>
      <trkpt lat="58.534576" lon="15.236529">
        <ele>76.0</ele>
      </trkpt>
      <trkpt lat="58.534601" lon="15.236635">
        <ele>75.7</ele>
      </trkpt>
      <trkpt lat="58.534607" lon="15.236801">
        <ele>75.1</ele>
      </trkpt>
      <trkpt lat="58.534577" lon="15.237078">
        <ele>74.2</ele>
      </trkpt>
      <trkpt lat="58.534476" lon="15.237651">
        <ele>73.6</ele>
      </trkpt>
      <trkpt lat="58.534375" lon="15.238222">
        <ele>74.0</ele>
      </trkpt>
      <trkpt lat="58.534309" lon="15.238488">
        <ele>74.1</ele>
      </trkpt>
      <trkpt lat="58.534266" lon="15.238598">
        <ele>74.0</ele>
      </trkpt>
      <trkpt lat="58.53421" lon="15.23869">
        <ele>74.0</ele>
      </trkpt>
      <trkpt lat="58.534104" lon="15.238801">
        <ele>74.0</ele>
      </trkpt>
      <trkpt lat="58.533851" lon="15.239072">
        <ele>74.0</ele>
      </trkpt>
      <trkpt lat="58.533614" lon="15.239321">
        <ele>74.1</ele>
      </trkpt>
      <trkpt lat="58.533377" lon="15.23957">
        <ele>73.6</ele>
      </trkpt>
      <trkpt lat="58.533065" lon="15.239896">
        <ele>73.0</ele>
      </trkpt>
      <trkpt lat="58.532754" lon="15.240222">
        <ele>73.0</ele>
      </trkpt>
      <trkpt lat="58.532442" lon="15.240548">
        <ele>73.0</ele>
      </trkpt>
      <trkpt lat="58.532137" lon="15.240857">
        <ele>73.8</ele>
      </trkpt>
      <trkpt lat="58.532049" lon="15.240966">
        <ele>73.2</ele>
      </trkpt>
      <trkpt lat="58.532004" lon="15.241062">
        <ele>73.0</ele>
      </trkpt>
      <trkpt lat="58.531983" lon="15.241155">
        <ele>73.0</ele>
      </trkpt>
      <trkpt lat="58.531976" lon="15.241284">
        <ele>73.0</ele>
      </trkpt>
      <trkpt lat="58.531994" lon="15.241464">
        <ele>73.0</ele>
      </trkpt>
      <trkpt lat="58.532065" lon="15.241903">
        <ele>73.0</ele>
      </trkpt>
      <trkpt lat="58.532136" lon="15.242342">
        <ele>73.0</ele>
      </trkpt>
      <trkpt lat="58.532238" lon="15.242908">
        <ele>74.1</ele>
      </trkpt>
      <trkpt lat="58.532341" lon="15.243474">
        <ele>74.1</ele>
      </trkpt>
      <trkpt lat="58.532474" lon="15.244239">
        <ele>74.0</ele>
      </trkpt>
      <trkpt lat="58.532608" lon="15.245003">
        <ele>73.9</ele>
      </trkpt>
      <trkpt lat="58.532741" lon="15.245767">
        <ele>76.5</ele>
      </trkpt>
      <trkpt lat="58.532791" lon="15.245982">
        <ele>77.2</ele>
      </trkpt>
      <trkpt lat="58.532818" lon="15.246179">
        <ele>77.1</ele>
      </trkpt>
      <trkpt lat="58.532822" lon="15.246337">
        <ele>76.5</ele>
      </trkpt>
      <trkpt lat="58.532805" lon="15.246449">
        <ele>75.9</ele>
      </trkpt>
      <trkpt lat="58.532772" lon="15.246598">
        <ele>75.2</ele>
      </trkpt>
      <trkpt lat="58.532696" lon="15.246819">
        <ele>75.0</ele>
      </trkpt>
      <trkpt lat="58.532474" lon="15.247421">
        <ele>74.0</ele>
      </trkpt>
      <trkpt lat="58.532273" lon="15.247982">
        <ele>74.7</ele>
      </trkpt>
      <trkpt lat="58.532071" lon="15.248544">
        <ele>77.9</ele>
      </trkpt>
      <trkpt lat="58.532013" lon="15.248802">
        <ele>79.1</ele>
      </trkpt>
      <trkpt lat="58.53198" lon="15.24911">
        <ele>80.6</ele>
      </trkpt>
      <trkpt lat="58.531962" lon="15.249304">
        <ele>80.9</ele>
      </trkpt>
      <trkpt lat="58.53191" lon="15.249699">
        <ele>81.2</ele>
      </trkpt>
      <trkpt lat="58.531859" lon="15.249981">
        <ele>80.4</ele>
      </trkpt>
      <trkpt lat="58.531763" lon="15.249996">
        <ele>80.7</ele>
      </trkpt>
      <trkpt lat="58.531682" lon="15.250013">
        <ele>80.9</ele>
      </trkpt>
      <trkpt lat="58.53155" lon="15.250064">
        <ele>80.9</ele>
      </trkpt>
      <trkpt lat="58.531251" lon="15.250192">
        <ele>81.1</ele>
      </trkpt>
      <trkpt lat="58.531004" lon="15.250288">
        <ele>80.6</ele>
      </trkpt>
      <trkpt lat="58.530864" lon="15.250334">
        <ele>80.0</ele>
      </trkpt>
      <trkpt lat="58.530732" lon="15.250368">
        <ele>79.9</ele>
      </trkpt>
      <trkpt lat="58.530587" lon="15.250389">
        <ele>80.0</ele>
      </trkpt>
      <trkpt lat="58.530454" lon="15.2504">
        <ele>80.0</ele>
      </trkpt>
      <trkpt lat="58.53005" lon="15.250382">
        <ele>80.8</ele>
      </trkpt>
      <trkpt lat="58.529906" lon="15.250366">
        <ele>81.4</ele>
      </trkpt>
      <trkpt lat="58.529864" lon="15.250368">
        <ele>81.5</ele>
      </trkpt>
      <trkpt lat="58.529812" lon="15.250381">
        <ele>81.7</ele>
      </trkpt>
      <trkpt lat="58.529866" lon="15.250801">
        <ele>81.5</ele>
      </trkpt>
      <trkpt lat="58.529938" lon="15.251463">
        <ele>81.4</ele>
      </trkpt>
      <trkpt lat="58.529989" lon="15.252047">
        <ele>81.4</ele>
      </trkpt>
      <trkpt lat="58.530054" lon="15.252812">
        <ele>81.1</ele>
      </trkpt>
      <trkpt lat="58.530118" lon="15.253577">
        <ele>82.0</ele>
      </trkpt>
      <trkpt lat="58.530155" lon="15.254034">
        <ele>82.5</ele>
      </trkpt>
      <trkpt lat="58.530193" lon="15.254491">
        <ele>81.9</ele>
      </trkpt>
      <trkpt lat="58.530225" lon="15.254885">
        <ele>81.0</ele>
      </trkpt>
      <trkpt lat="58.530274" lon="15.255315">
        <ele>79.9</ele>
      </trkpt>
      <trkpt lat="58.530366" lon="15.255948">
        <ele>80.0</ele>
      </trkpt>
      <trkpt lat="58.53045" lon="15.25652">
        <ele>79.8</ele>
      </trkpt>
      <trkpt lat="58.530528" lon="15.257137">
        <ele>79.0</ele>
      </trkpt>
      <trkpt lat="58.53058" lon="15.257674">
        <ele>79.1</ele>
      </trkpt>
      <trkpt lat="58.530628" lon="15.258381">
        <ele>78.1</ele>
      </trkpt>
      <trkpt lat="58.530677" lon="15.259088">
        <ele>78.1</ele>
      </trkpt>
      <trkpt lat="58.530721" lon="15.259922">
        <ele>76.5</ele>
      </trkpt>
      <trkpt lat="58.530768" lon="15.260727">
        <ele>76.0</ele>
      </trkpt>
      <trkpt lat="58.530815" lon="15.261533">
        <ele>77.1</ele>
      </trkpt>
      <trkpt lat="58.530836" lon="15.261808">
        <ele>77.0</ele>
      </trkpt>
      <trkpt lat="58.530869" lon="15.262158">
        <ele>77.0</ele>
      </trkpt>
      <trkpt lat="58.530903" lon="15.262428">
        <ele>77.1</ele>
      </trkpt>
      <trkpt lat="58.530941" lon="15.262677">
        <ele>76.6</ele>
      </trkpt>
      <trkpt lat="58.531009" lon="15.263081">
        <ele>76.7</ele>
      </trkpt>
      <trkpt lat="58.531135" lon="15.263811">
        <ele>76.9</ele>
      </trkpt>
      <trkpt lat="58.531219" lon="15.264259">
        <ele>76.8</ele>
      </trkpt>
      <trkpt lat="58.531304" lon="15.264708">
        <ele>77.1</ele>
      </trkpt>
      <trkpt lat="58.53141" lon="15.265249">
        <ele>76.1</ele>
      </trkpt>
      <trkpt lat="58.531517" lon="15.26579">
        <ele>76.3</ele>
      </trkpt>
      <trkpt lat="58.531623" lon="15.266331">
        <ele>77.0</ele>
      </trkpt>
      <trkpt lat="58.531633" lon="15.266383">
        <ele>77.0</ele>
      </trkpt>
      <trkpt lat="58.531732" lon="15.266988">
        <ele>76.9</ele>
      </trkpt>
      <trkpt lat="58.531798" lon="15.267492">
        <ele>76.9</ele>
      </trkpt>
      <trkpt lat="58.531863" lon="15.267996">
        <ele>77.0</ele>
      </trkpt>
      <trkpt lat="58.531956" lon="15.26863">
        <ele>77.0</ele>
      </trkpt>
      <trkpt lat="58.532036" lon="15.269089">
        <ele>77.2</ele>
      </trkpt>
      <trkpt lat="58.532145" lon="15.269682">
        <ele>77.7</ele>
      </trkpt>
      <trkpt lat="58.532193" lon="15.270004">
        <ele>78.0</ele>
      </trkpt>
      <trkpt lat="58.532255" lon="15.270479">
        <ele>78.0</ele>
      </trkpt>
      <trkpt lat="58.532288" lon="15.27072">
        <ele>77.9</ele>
      </trkpt>
      <trkpt lat="58.532318" lon="15.270914">
        <ele>78.2</ele>
      </trkpt>
      <trkpt lat="58.53238" lon="15.271212">
        <ele>79.3</ele>
      </trkpt>
      <trkpt lat="58.532456" lon="15.271528">
        <ele>79.2</ele>
      </trkpt>
      <trkpt lat="58.532544" lon="15.27182">
        <ele>78.7</ele>
      </trkpt>
      <trkpt lat="58.532641" lon="15.272115">
        <ele>79.1</ele>
      </trkpt>
      <trkpt lat="58.532789" lon="15.272548">
        <ele>79.1</ele>
      </trkpt>
      <trkpt lat="58.532954" lon="15.272993">
        <ele>80.9</ele>
      </trkpt>
      <trkpt lat="58.533076" lon="15.273301">
        <ele>81.9</ele>
      </trkpt>
      <trkpt lat="58.533186" lon="15.273572">
        <ele>82.1</ele>
      </trkpt>
      <trkpt lat="58.533366" lon="15.274012">
        <ele>82.0</ele>
      </trkpt>
      <trkpt lat="58.533585" lon="15.274487">
        <ele>82.0</ele>
      </trkpt>
      <trkpt lat="58.533738" lon="15.274823">
        <ele>82.2</ele>
      </trkpt>
      <trkpt lat="58.533892" lon="15.275159">
        <ele>83.1</ele>
      </trkpt>
      <trkpt lat="58.534098" lon="15.27562">
        <ele>83.8</ele>
      </trkpt>
      <trkpt lat="58.534295" lon="15.276092">
        <ele>83.1</ele>
      </trkpt>
      <trkpt lat="58.534435" lon="15.276454">
        <ele>82.0</ele>
      </trkpt>
      <trkpt lat="58.534574" lon="15.276816">
        <ele>82.1</ele>
      </trkpt>
      <trkpt lat="58.53482" lon="15.277486">
        <ele>83.9</ele>
      </trkpt>
      <trkpt lat="58.535065" lon="15.278156">
        <ele>86.4</ele>
      </trkpt>
      <trkpt lat="58.535236" lon="15.278698">
        <ele>87.1</ele>
      </trkpt>
      <trkpt lat="58.535367" lon="15.279193">
        <ele>86.7</ele>
      </trkpt>
      <trkpt lat="58.535447" lon="15.279542">
        <ele>87.4</ele>
      </trkpt>
      <trkpt lat="58.535497" lon="15.279774">
        <ele>87.3</ele>
      </trkpt>
      <trkpt lat="58.535548" lon="15.279969">
        <ele>87.9</ele>
      </trkpt>
      <trkpt lat="58.535596" lon="15.280113">
        <ele>88.2</ele>
      </trkpt>
      <trkpt lat="58.535644" lon="15.280226">
        <ele>88.4</ele>
      </trkpt>
      <trkpt lat="58.535687" lon="15.280296">
        <ele>88.5</ele>
      </trkpt>
      <trkpt lat="58.535748" lon="15.280378">
        <ele>88.6</ele>
      </trkpt>
      <trkpt lat="58.535809" lon="15.280443">
        <ele>88.7</ele>
      </trkpt>
      <trkpt lat="58.535875" lon="15.280488">
        <ele>88.6</ele>
      </trkpt>
      <trkpt lat="58.53598" lon="15.280544">
        <ele>88.4</ele>
      </trkpt>
      <trkpt lat="58.536389" lon="15.280722">
        <ele>88.6</ele>
      </trkpt>
      <trkpt lat="58.536617" lon="15.280822">
        <ele>88.9</ele>
      </trkpt>
      <trkpt lat="58.536846" lon="15.280922">
        <ele>89.4</ele>
      </trkpt>
      <trkpt lat="58.537231" lon="15.281056">
        <ele>90.6</ele>
      </trkpt>
      <trkpt lat="58.53747" lon="15.281126">
        <ele>91.2</ele>
      </trkpt>
      <trkpt lat="58.537701" lon="15.281188">
        <ele>90.8</ele>
      </trkpt>
      <trkpt lat="58.537811" lon="15.281245">
        <ele>90.8</ele>
      </trkpt>
      <trkpt lat="58.537899" lon="15.281314">
        <ele>91.0</ele>
      </trkpt>
      <trkpt lat="58.537992" lon="15.281411">
        <ele>91.3</ele>
      </trkpt>
      <trkpt lat="58.538182" lon="15.281652">
        <ele>92.3</ele>
      </trkpt>
      <trkpt lat="58.538372" lon="15.281892">
        <ele>93.6</ele>
      </trkpt>
      <trkpt lat="58.538596" lon="15.282147">
        <ele>95.4</ele>
      </trkpt>
      <trkpt lat="58.538877" lon="15.282407">
        <ele>98.0</ele>
      </trkpt>
      <trkpt lat="58.539032" lon="15.282521">
        <ele>99.2</ele>
      </trkpt>
      <trkpt lat="58.539239" lon="15.28265">
        <ele>99.9</ele>
      </trkpt>
      <trkpt lat="58.539434" lon="15.282741">
        <ele>99.8</ele>
      </trkpt>
      <trkpt lat="58.539657" lon="15.282798">
        <ele>98.6</ele>
      </trkpt>
      <trkpt lat="58.539837" lon="15.282806">
        <ele>97.2</ele>
      </trkpt>
      <trkpt lat="58.54012" lon="15.282774">
        <ele>95.0</ele>
      </trkpt>
      <trkpt lat="58.540527" lon="15.282716">
        <ele>93.9</ele>
      </trkpt>
      <trkpt lat="58.540798" lon="15.282659">
        <ele>94.9</ele>
      </trkpt>
      <trkpt lat="58.541174" lon="15.28256">
        <ele>94.9</ele>
      </trkpt>
      <trkpt lat="58.541392" lon="15.28246">
        <ele>94.0</ele>
      </trkpt>
      <trkpt lat="58.541407" lon="15.282453">
        <ele>93.9</ele>
      </trkpt>
      <trkpt lat="58.541621" lon="15.282318">
        <ele>93.2</ele>
      </trkpt>
      <trkpt lat="58.541902" lon="15.28213">
        <ele>92.0</ele>
      </trkpt>
      <trkpt lat="58.542026" lon="15.282081">
        <ele>92.0</ele>
      </trkpt>
      <trkpt lat="58.542188" lon="15.282052">
        <ele>92.3</ele>
      </trkpt>
      <trkpt lat="58.54242" lon="15.282048">
        <ele>93.1</ele>
      </trkpt>
      <trkpt lat="58.542844" lon="15.282089">
        <ele>93.4</ele>
      </trkpt>
      <trkpt lat="58.543032" lon="15.282121">
        <ele>93.0</ele>
      </trkpt>
      <trkpt lat="58.54328" lon="15.282203">
        <ele>92.9</ele>
      </trkpt>
      <trkpt lat="58.543701" lon="15.282342">
        <ele>93.7</ele>
      </trkpt>
      <trkpt lat="58.544088" lon="15.282442">
        <ele>93.1</ele>
      </trkpt>
      <trkpt lat="58.544326" lon="15.282486">
        <ele>92.9</ele>
      </trkpt>
      <trkpt lat="58.544565" lon="15.28253">
        <ele>93.0</ele>
      </trkpt>
      <trkpt lat="58.544841" lon="15.282595">
        <ele>93.0</ele>
      </trkpt>
      <trkpt lat="58.545132" lon="15.282689">
        <ele>93.3</ele>
      </trkpt>
      <trkpt lat="58.545448" lon="15.282826">
        <ele>94.2</ele>
      </trkpt>
      <trkpt lat="58.545854" lon="15.283033">
        <ele>95.0</ele>
      </trkpt>
      <trkpt lat="58.545985" lon="15.28309">
        <ele>95.4</ele>
      </trkpt>
      <trkpt lat="58.546113" lon="15.28312">
        <ele>96.0</ele>
      </trkpt>
      <trkpt lat="58.546278" lon="15.283125">
        <ele>97.7</ele>
      </trkpt>
      <trkpt lat="58.546461" lon="15.283082">
        <ele>99.4</ele>
      </trkpt>
      <trkpt lat="58.546595" lon="15.28301">
        <ele>100.0</ele>
      </trkpt>
      <trkpt lat="58.546965" lon="15.282786">
        <ele>101.0</ele>
      </trkpt>
      <trkpt lat="58.547165" lon="15.282684">
        <ele>101.7</ele>
      </trkpt>
      <trkpt lat="58.547295" lon="15.282628">
        <ele>101.8</ele>
      </trkpt>
      <trkpt lat="58.547583" lon="15.282531">
        <ele>100.3</ele>
      </trkpt>
      <trkpt lat="58.547829" lon="15.282453">
        <ele>98.9</ele>
      </trkpt>
      <trkpt lat="58.548112" lon="15.282339">
        <ele>98.4</ele>
      </trkpt>
      <trkpt lat="58.548395" lon="15.282225">
        <ele>97.6</ele>
      </trkpt>
      <trkpt lat="58.548534" lon="15.28217">
        <ele>96.9</ele>
      </trkpt>
      <trkpt lat="58.548879" lon="15.281997">
        <ele>94.9</ele>
      </trkpt>
      <trkpt lat="58.548967" lon="15.281945">
        <ele>94.3</ele>
      </trkpt>
      <trkpt lat="58.548997" lon="15.281927">
        <ele>94.2</ele>
      </trkpt>
      <trkpt lat="58.54913" lon="15.281837">
        <ele>93.6</ele>
      </trkpt>
      <trkpt lat="58.549198" lon="15.281794">
        <ele>93.4</ele>
      </trkpt>
      <trkpt lat="58.549295" lon="15.281733">
        <ele>92.9</ele>
      </trkpt>
      <trkpt lat="58.549273" lon="15.281685">
        <ele>93.1</ele>
      </trkpt>
      <trkpt lat="58.549248" lon="15.281642">
        <ele>93.4</ele>
      </trkpt>
      <trkpt lat="58.549389" lon="15.281566">
        <ele>92.2</ele>
      </trkpt>
      <trkpt lat="58.549436" lon="15.28154">
        <ele>92.0</ele>
      </trkpt>
      <trkpt lat="58.549509" lon="15.281501">
        <ele>91.8</ele>
      </trkpt>
      <trkpt lat="58.549725" lon="15.281386">
        <ele>92.0</ele>
      </trkpt>
      <trkpt lat="58.550014" lon="15.281253">
        <ele>93.6</ele>
      </trkpt>
      <trkpt lat="58.550269" lon="15.281156">
        <ele>94.7</ele>
      </trkpt>
      <trkpt lat="58.550381" lon="15.281119">
        <ele>95.0</ele>
      </trkpt>
      <trkpt lat="58.550512" lon="15.281125">
        <ele>94.9</ele>
      </trkpt>
      <trkpt lat="58.550634" lon="15.281149">
        <ele>94.8</ele>
      </trkpt>
      <trkpt lat="58.550885" lon="15.28128">
        <ele>94.5</ele>
      </trkpt>
      <trkpt lat="58.550942" lon="15.281325">
        <ele>94.3</ele>
      </trkpt>
      <trkpt lat="58.551044" lon="15.281354">
        <ele>94.1</ele>
      </trkpt>
      <trkpt lat="58.551143" lon="15.281429">
        <ele>93.9</ele>
      </trkpt>
      <trkpt lat="58.551173" lon="15.281473">
        <ele>93.8</ele>
      </trkpt>
      <trkpt lat="58.551181" lon="15.281484">
        <ele>93.8</ele>
      </trkpt>
      <trkpt lat="58.551218" lon="15.281549">
        <ele>93.5</ele>
      </trkpt>
      <trkpt lat="58.551275" lon="15.281664">
        <ele>93.1</ele>
      </trkpt>
      <trkpt lat="58.551322" lon="15.2818">
        <ele>92.6</ele>
      </trkpt>
      <trkpt lat="58.551351" lon="15.281926">
        <ele>92.1</ele>
      </trkpt>
      <trkpt lat="58.551406" lon="15.282117">
        <ele>91.4</ele>
      </trkpt>
      <trkpt lat="58.551525" lon="15.282447">
        <ele>90.7</ele>
      </trkpt>
      <trkpt lat="58.551646" lon="15.282735">
        <ele>90.1</ele>
      </trkpt>
      <trkpt lat="58.551771" lon="15.283005">
        <ele>89.6</ele>
      </trkpt>
      <trkpt lat="58.551886" lon="15.283197">
        <ele>89.3</ele>
      </trkpt>
      <trkpt lat="58.552015" lon="15.283367">
        <ele>89.1</ele>
      </trkpt>
      <trkpt lat="58.552117" lon="15.283487">
        <ele>89.1</ele>
      </trkpt>
      <trkpt lat="58.552204" lon="15.283566">
        <ele>89.1</ele>
      </trkpt>
      <trkpt lat="58.552226" lon="15.283586">
        <ele>89.1</ele>
      </trkpt>
      <trkpt lat="58.552415" lon="15.283712">
        <ele>88.6</ele>
      </trkpt>
      <trkpt lat="58.552499" lon="15.283735">
        <ele>88.5</ele>
      </trkpt>
      <trkpt lat="58.552601" lon="15.283756">
        <ele>88.3</ele>
      </trkpt>
      <trkpt lat="58.552722" lon="15.283764">
        <ele>88.0</ele>
      </trkpt>
      <trkpt lat="58.5528" lon="15.28376">
        <ele>87.9</ele>
      </trkpt>
      <trkpt lat="58.552881" lon="15.283745">
        <ele>87.8</ele>
      </trkpt>
      <trkpt lat="58.553098" lon="15.283669">
        <ele>87.8</ele>
      </trkpt>
      <trkpt lat="58.553372" lon="15.283588">
        <ele>88.0</ele>
      </trkpt>
      <trkpt lat="58.553667" lon="15.283543">
        <ele>87.3</ele>
      </trkpt>
      <trkpt lat="58.553938" lon="15.283486">
        <ele>86.3</ele>
      </trkpt>
      <trkpt lat="58.554297" lon="15.283404">
        <ele>85.6</ele>
      </trkpt>
      <trkpt lat="58.554518" lon="15.283332">
        <ele>85.8</ele>
      </trkpt>
      <trkpt lat="58.55463" lon="15.283293">
        <ele>85.5</ele>
      </trkpt>
      <trkpt lat="58.55471" lon="15.283266">
        <ele>85.3</ele>
      </trkpt>
      <trkpt lat="58.554941" lon="15.283174">
        <ele>84.8</ele>
      </trkpt>
      <trkpt lat="58.555231" lon="15.283024">
        <ele>84.3</ele>
      </trkpt>
      <trkpt lat="58.55538" lon="15.282935">
        <ele>83.4</ele>
      </trkpt>
      <trkpt lat="58.555577" lon="15.282806">
        <ele>82.8</ele>
      </trkpt>
      <trkpt lat="58.555801" lon="15.282638">
        <ele>81.3</ele>
      </trkpt>
      <trkpt lat="58.556006" lon="15.28248">
        <ele>80.3</ele>
      </trkpt>
      <trkpt lat="58.556262" lon="15.282242">
        <ele>78.5</ele>
      </trkpt>
      <trkpt lat="58.556451" lon="15.282047">
        <ele>77.3</ele>
      </trkpt>
      <trkpt lat="58.556731" lon="15.281725">
        <ele>76.3</ele>
      </trkpt>
      <trkpt lat="58.557012" lon="15.281403">
        <ele>77.1</ele>
      </trkpt>
      <trkpt lat="58.557293" lon="15.281081">
        <ele>77.0</ele>
      </trkpt>
      <trkpt lat="58.557632" lon="15.280683">
        <ele>76.2</ele>
      </trkpt>
      <trkpt lat="58.557689" lon="15.28062">
        <ele>76.0</ele>
      </trkpt>
      <trkpt lat="58.557721" lon="15.280598">
        <ele>76.0</ele>
      </trkpt>
      <trkpt lat="58.557763" lon="15.280606">
        <ele>76.0</ele>
      </trkpt>
      <trkpt lat="58.557819" lon="15.28066">
        <ele>75.9</ele>
      </trkpt>
      <trkpt lat="58.557875" lon="15.280709">
        <ele>75.9</ele>
      </trkpt>
      <trkpt lat="58.557904" lon="15.280763">
        <ele>75.9</ele>
      </trkpt>
      <trkpt lat="58.557949" lon="15.28087">
        <ele>76.0</ele>
      </trkpt>
      <trkpt lat="58.557963" lon="15.280904">
        <ele>76.0</ele>
      </trkpt>
      <trkpt lat="58.558016" lon="15.281061">
        <ele>76.1</ele>
      </trkpt>
      <trkpt lat="58.558211" lon="15.281764">
        <ele>77.1</ele>
      </trkpt>
      <trkpt lat="58.558308" lon="15.282112">
        <ele>77.0</ele>
      </trkpt>
      <trkpt lat="58.558329" lon="15.282158">
        <ele>77.0</ele>
      </trkpt>
      <trkpt lat="58.558343" lon="15.28218">
        <ele>77.0</ele>
      </trkpt>
      <trkpt lat="58.558371" lon="15.28221">
        <ele>77.0</ele>
      </trkpt>
      <trkpt lat="58.558404" lon="15.28223">
        <ele>77.0</ele>
      </trkpt>
      <trkpt lat="58.558453" lon="15.282241">
        <ele>77.0</ele>
      </trkpt>
      <trkpt lat="58.558503" lon="15.282237">
        <ele>77.0</ele>
      </trkpt>
      <trkpt lat="58.558709" lon="15.282183">
        <ele>77.0</ele>
      </trkpt>
      <trkpt lat="58.558804" lon="15.28217">
        <ele>77.0</ele>
      </trkpt>
      <trkpt lat="58.559006" lon="15.282178">
        <ele>77.1</ele>
      </trkpt>
      <trkpt lat="58.55912" lon="15.282207">
        <ele>77.1</ele>
      </trkpt>
      <trkpt lat="58.559188" lon="15.282232">
        <ele>77.0</ele>
      </trkpt>
      <trkpt lat="58.559385" lon="15.282322">
        <ele>76.1</ele>
      </trkpt>
      <trkpt lat="58.559393" lon="15.282326">
        <ele>76.1</ele>
      </trkpt>
      <trkpt lat="58.559426" lon="15.282348">
        <ele>76.0</ele>
      </trkpt>
      <trkpt lat="58.559446" lon="15.282362">
        <ele>75.9</ele>
      </trkpt>
      <trkpt lat="58.559557" lon="15.282439">
        <ele>75.9</ele>
      </trkpt>
      <trkpt lat="58.559582" lon="15.282446">
        <ele>76.0</ele>
      </trkpt>
      <trkpt lat="58.559604" lon="15.282447">
        <ele>76.0</ele>
      </trkpt>
      <trkpt lat="58.559627" lon="15.282442">
        <ele>76.0</ele>
      </trkpt>
      <trkpt lat="58.559826" lon="15.282377">
        <ele>75.8</ele>
      </trkpt>
      <trkpt lat="58.559896" lon="15.282355">
        <ele>75.7</ele>
      </trkpt>
      <trkpt lat="58.560097" lon="15.282294">
        <ele>75.5</ele>
      </trkpt>
      <trkpt lat="58.560101" lon="15.282355">
        <ele>75.3</ele>
      </trkpt>
      <trkpt lat="58.560122" lon="15.282659">
        <ele>74.9</ele>
      </trkpt>
      <trkpt lat="58.560072" lon="15.282678">
        <ele>74.9</ele>
      </trkpt>
      <trkpt lat="58.559942" lon="15.282727">
        <ele>75.1</ele>
      </trkpt>
      <trkpt lat="58.559914" lon="15.282741">
        <ele>75.2</ele>
      </trkpt>
      <trkpt lat="58.559895" lon="15.282765">
        <ele>75.3</ele>
      </trkpt>
      <trkpt lat="58.55989" lon="15.282815">
        <ele>75.4</ele>
      </trkpt>
      <trkpt lat="58.559889" lon="15.282893">
        <ele>75.7</ele>
      </trkpt>
      <trkpt lat="58.559892" lon="15.282965">
        <ele>75.9</ele>
      </trkpt>
      <trkpt lat="58.559911" lon="15.283206">
        <ele>76.0</ele>
      </trkpt>
      <trkpt lat="58.559929" lon="15.283384">
        <ele>76.1</ele>
      </trkpt>
      <trkpt lat="58.559952" lon="15.283542">
        <ele>76.7</ele>
      </trkpt>
      <trkpt lat="58.560009" lon="15.283867">
        <ele>78.0</ele>
      </trkpt>
      <trkpt lat="58.560062" lon="15.284285">
        <ele>78.1</ele>
      </trkpt>
      <trkpt lat="58.560112" lon="15.284776">
        <ele>78.1</ele>
      </trkpt>
      <trkpt lat="58.560131" lon="15.284936">
        <ele>78.1</ele>
      </trkpt>
      <trkpt lat="58.56015" lon="15.285071">
        <ele>77.9</ele>
      </trkpt>
      <trkpt lat="58.560182" lon="15.285213">
        <ele>77.8</ele>
      </trkpt>
      <trkpt lat="58.560227" lon="15.285375">
        <ele>77.9</ele>
      </trkpt>
      <trkpt lat="58.560304" lon="15.285591">
        <ele>78.0</ele>
      </trkpt>
      <trkpt lat="58.560381" lon="15.285771">
        <ele>78.4</ele>
      </trkpt>
      <trkpt lat="58.560489" lon="15.285995">
        <ele>78.9</ele>
      </trkpt>
      <trkpt lat="58.560608" lon="15.286226">
        <ele>78.9</ele>
      </trkpt>
      <trkpt lat="58.560743" lon="15.286494">
        <ele>78.7</ele>
      </trkpt>
      <trkpt lat="58.560793" lon="15.286593">
        <ele>79.0</ele>
      </trkpt>
      <trkpt lat="58.560938" lon="15.286853">
        <ele>78.3</ele>
      </trkpt>
      <trkpt lat="58.560988" lon="15.286964">
        <ele>77.9</ele>
      </trkpt>
      <trkpt lat="58.561047" lon="15.287107">
        <ele>77.4</ele>
      </trkpt>
      <trkpt lat="58.561079" lon="15.287229">
        <ele>77.2</ele>
      </trkpt>
      <trkpt lat="58.56112" lon="15.287413">
        <ele>77.0</ele>
      </trkpt>
      <trkpt lat="58.561129" lon="15.287464">
        <ele>76.9</ele>
      </trkpt>
      <trkpt lat="58.56115" lon="15.287612">
        <ele>76.8</ele>
      </trkpt>
      <trkpt lat="58.56116" lon="15.28774">
        <ele>76.8</ele>
      </trkpt>
      <trkpt lat="58.561165" lon="15.28789">
        <ele>76.7</ele>
      </trkpt>
      <trkpt lat="58.561163" lon="15.288046">
        <ele>76.6</ele>
      </trkpt>
      <trkpt lat="58.561132" lon="15.288336">
        <ele>76.8</ele>
      </trkpt>
      <trkpt lat="58.561102" lon="15.288533">
        <ele>76.4</ele>
      </trkpt>
      <trkpt lat="58.561049" lon="15.288793">
        <ele>75.8</ele>
      </trkpt>
      <trkpt lat="58.560971" lon="15.289133">
        <ele>75.4</ele>
      </trkpt>
      <trkpt lat="58.560828" lon="15.289657">
        <ele>75.3</ele>
      </trkpt>
      <trkpt lat="58.560685" lon="15.290181">
        <ele>74.7</ele>
      </trkpt>
      <trkpt lat="58.560648" lon="15.290338">
        <ele>74.6</ele>
      </trkpt>
      <trkpt lat="58.560616" lon="15.290501">
        <ele>74.7</ele>
      </trkpt>
      <trkpt lat="58.560582" lon="15.290693">
        <ele>74.9</ele>
      </trkpt>
      <trkpt lat="58.560522" lon="15.291228">
        <ele>74.5</ele>
      </trkpt>
      <trkpt lat="58.560479" lon="15.291712">
        <ele>75.2</ele>
      </trkpt>
      <trkpt lat="58.560456" lon="15.292047">
        <ele>75.2</ele>
      </trkpt>
      <trkpt lat="58.560439" lon="15.292456">
        <ele>74.6</ele>
      </trkpt>
      <trkpt lat="58.560415" lon="15.293209">
        <ele>75.7</ele>
      </trkpt>
      <trkpt lat="58.560392" lon="15.293709">
        <ele>75.8</ele>
      </trkpt>
      <trkpt lat="58.560369" lon="15.29406">
        <ele>75.8</ele>
      </trkpt>
      <trkpt lat="58.560317" lon="15.294571">
        <ele>76.4</ele>
      </trkpt>
      <trkpt lat="58.560249" lon="15.295052">
        <ele>77.2</ele>
      </trkpt>
      <trkpt lat="58.56015" lon="15.295774">
        <ele>77.7</ele>
      </trkpt>
      <trkpt lat="58.560095" lon="15.296225">
        <ele>76.8</ele>
      </trkpt>
      <trkpt lat="58.560061" lon="15.296587">
        <ele>76.0</ele>
      </trkpt>
      <trkpt lat="58.560039" lon="15.296983">
        <ele>76.0</ele>
      </trkpt>
      <trkpt lat="58.560015" lon="15.297575">
        <ele>74.9</ele>
      </trkpt>
      <trkpt lat="58.559994" lon="15.297893">
        <ele>75.0</ele>
      </trkpt>
      <trkpt lat="58.559965" lon="15.298231">
        <ele>75.0</ele>
      </trkpt>
      <trkpt lat="58.559919" lon="15.298646">
        <ele>75.2</ele>
      </trkpt>
      <trkpt lat="58.559864" lon="15.299022">
        <ele>74.9</ele>
      </trkpt>
      <trkpt lat="58.559801" lon="15.299384">
        <ele>74.9</ele>
      </trkpt>
      <trkpt lat="58.559718" lon="15.299742">
        <ele>74.0</ele>
      </trkpt>
      <trkpt lat="58.559636" lon="15.300024">
        <ele>74.0</ele>
      </trkpt>
      <trkpt lat="58.559565" lon="15.300245">
        <ele>74.0</ele>
      </trkpt>
      <trkpt lat="58.559408" lon="15.300682">
        <ele>74.1</ele>
      </trkpt>
      <trkpt lat="58.55939" lon="15.300758">
        <ele>74.1</ele>
      </trkpt>
      <trkpt lat="58.559305" lon="15.300899">
        <ele>74.4</ele>
      </trkpt>
      <trkpt lat="58.559177" lon="15.301238">
        <ele>75.0</ele>
      </trkpt>
      <trkpt lat="58.559049" lon="15.301526">
        <ele>75.3</ele>
      </trkpt>
      <trkpt lat="58.55895" lon="15.301748">
        <ele>75.7</ele>
      </trkpt>
      <trkpt lat="58.558683" lon="15.302269">
        <ele>76.7</ele>
      </trkpt>
      <trkpt lat="58.55846" lon="15.302697">
        <ele>77.1</ele>
      </trkpt>
      <trkpt lat="58.558294" lon="15.303046">
        <ele>77.1</ele>
      </trkpt>
      <trkpt lat="58.558174" lon="15.303356">
        <ele>77.7</ele>
      </trkpt>
      <trkpt lat="58.558005" lon="15.303842">
        <ele>77.9</ele>
      </trkpt>
      <trkpt lat="58.557811" lon="15.304523">
        <ele>77.1</ele>
      </trkpt>
      <trkpt lat="58.557688" lon="15.304976">
        <ele>77.0</ele>
      </trkpt>
      <trkpt lat="58.557566" lon="15.30543">
        <ele>76.4</ele>
      </trkpt>
      <trkpt lat="58.557334" lon="15.306127">
        <ele>74.6</ele>
      </trkpt>
      <trkpt lat="58.557151" lon="15.306585">
        <ele>74.4</ele>
      </trkpt>
      <trkpt lat="58.557069" lon="15.306772">
        <ele>74.7</ele>
      </trkpt>
      <trkpt lat="58.556965" lon="15.306994">
        <ele>75.1</ele>
      </trkpt>
      <trkpt lat="58.556691" lon="15.30755">
        <ele>77.0</ele>
      </trkpt>
      <trkpt lat="58.556417" lon="15.308105">
        <ele>78.1</ele>
      </trkpt>
      <trkpt lat="58.556155" lon="15.308632">
        <ele>78.1</ele>
      </trkpt>
      <trkpt lat="58.555893" lon="15.30916">
        <ele>78.8</ele>
      </trkpt>
      <trkpt lat="58.555672" lon="15.309608">
        <ele>79.6</ele>
      </trkpt>
      <trkpt lat="58.555451" lon="15.310055">
        <ele>79.5</ele>
      </trkpt>
      <trkpt lat="58.55523" lon="15.310503">
        <ele>79.0</ele>
      </trkpt>
      <trkpt lat="58.55499" lon="15.310985">
        <ele>79.0</ele>
      </trkpt>
      <trkpt lat="58.55475" lon="15.311467">
        <ele>79.0</ele>
      </trkpt>
      <trkpt lat="58.55451" lon="15.311949">
        <ele>79.1</ele>
      </trkpt>
      <trkpt lat="58.55427" lon="15.312431">
        <ele>78.4</ele>
      </trkpt>
      <trkpt lat="58.554136" lon="15.312687">
        <ele>78.0</ele>
      </trkpt>
      <trkpt lat="58.553966" lon="15.312991">
        <ele>77.1</ele>
      </trkpt>
      <trkpt lat="58.55393" lon="15.313095">
        <ele>76.9</ele>
      </trkpt>
      <trkpt lat="58.55389" lon="15.313258">
        <ele>76.2</ele>
      </trkpt>
      <trkpt lat="58.55379" lon="15.31369">
        <ele>76.3</ele>
      </trkpt>
      <trkpt lat="58.553751" lon="15.313856">
        <ele>76.5</ele>
      </trkpt>
      <trkpt lat="58.553741" lon="15.313944">
        <ele>76.6</ele>
      </trkpt>
      <trkpt lat="58.553724" lon="15.314093">
        <ele>76.7</ele>
      </trkpt>
      <trkpt lat="58.553701" lon="15.314272">
        <ele>76.5</ele>
      </trkpt>
      <trkpt lat="58.553666" lon="15.314475">
        <ele>76.0</ele>
      </trkpt>
      <trkpt lat="58.553632" lon="15.314727">
        <ele>76.0</ele>
      </trkpt>
      <trkpt lat="58.553585" lon="15.315185">
        <ele>76.1</ele>
      </trkpt>
      <trkpt lat="58.553548" lon="15.315512">
        <ele>75.1</ele>
      </trkpt>
      <trkpt lat="58.553463" lon="15.316001">
        <ele>74.4</ele>
      </trkpt>
      <trkpt lat="58.553321" lon="15.316756">
        <ele>73.0</ele>
      </trkpt>
      <trkpt lat="58.553243" lon="15.317089">
        <ele>73.5</ele>
      </trkpt>
      <trkpt lat="58.553134" lon="15.317401">
        <ele>73.2</ele>
      </trkpt>
      <trkpt lat="58.553017" lon="15.317691">
        <ele>72.4</ele>
      </trkpt>
      <trkpt lat="58.55286" lon="15.318049">
        <ele>72.8</ele>
      </trkpt>
      <trkpt lat="58.552734" lon="15.318294">
        <ele>73.2</ele>
      </trkpt>
      <trkpt lat="58.552493" lon="15.31868">
        <ele>74.0</ele>
      </trkpt>
      <trkpt lat="58.552312" lon="15.318936">
        <ele>74.0</ele>
      </trkpt>
      <trkpt lat="58.551964" lon="15.31942">
        <ele>74.0</ele>
      </trkpt>
      <trkpt lat="58.551663" lon="15.31991">
        <ele>73.4</ele>
      </trkpt>
      <trkpt lat="58.551472" lon="15.32024">
        <ele>72.8</ele>
      </trkpt>
      <trkpt lat="58.551281" lon="15.320571">
        <ele>72.7</ele>
      </trkpt>
      <trkpt lat="58.551139" lon="15.320851">
        <ele>71.8</ele>
      </trkpt>
      <trkpt lat="58.55109" lon="15.320944">
        <ele>71.7</ele>
      </trkpt>
      <trkpt lat="58.551003" lon="15.32109">
        <ele>71.6</ele>
      </trkpt>
      <trkpt lat="58.550866" lon="15.321381">
        <ele>71.3</ele>
      </trkpt>
      <trkpt lat="58.550624" lon="15.321963">
        <ele>70.6</ele>
      </trkpt>
      <trkpt lat="58.550602" lon="15.32203">
        <ele>70.8</ele>
      </trkpt>
      <trkpt lat="58.55041" lon="15.322496">
        <ele>70.5</ele>
      </trkpt>
      <trkpt lat="58.550218" lon="15.322962">
        <ele>71.2</ele>
      </trkpt>
      <trkpt lat="58.550026" lon="15.323428">
        <ele>71.6</ele>
      </trkpt>
      <trkpt lat="58.549813" lon="15.323903">
        <ele>72.5</ele>
      </trkpt>
      <trkpt lat="58.5496" lon="15.324378">
        <ele>73.6</ele>
      </trkpt>
      <trkpt lat="58.549387" lon="15.324854">
        <ele>74.1</ele>
      </trkpt>
      <trkpt lat="58.54921" lon="15.325306">
        <ele>73.1</ele>
      </trkpt>
      <trkpt lat="58.549086" lon="15.325725">
        <ele>72.9</ele>
      </trkpt>
      <trkpt lat="58.548922" lon="15.326425">
        <ele>74.0</ele>
      </trkpt>
      <trkpt lat="58.548762" lon="15.327198">
        <ele>75.2</ele>
      </trkpt>
      <trkpt lat="58.548661" lon="15.327684">
        <ele>75.0</ele>
      </trkpt>
      <trkpt lat="58.548521" lon="15.328249">
        <ele>74.1</ele>
      </trkpt>
      <trkpt lat="58.54847" lon="15.328522">
        <ele>73.4</ele>
      </trkpt>
      <trkpt lat="58.548434" lon="15.328846">
        <ele>72.8</ele>
      </trkpt>
      <trkpt lat="58.548425" lon="15.329167">
        <ele>71.7</ele>
      </trkpt>
      <trkpt lat="58.548361" lon="15.329487">
        <ele>70.8</ele>
      </trkpt>
      <trkpt lat="58.548282" lon="15.329735">
        <ele>71.2</ele>
      </trkpt>
      <trkpt lat="58.548151" lon="15.330041">
        <ele>71.3</ele>
      </trkpt>
      <trkpt lat="58.547902" lon="15.330413">
        <ele>71.3</ele>
      </trkpt>
      <trkpt lat="58.547594" lon="15.330792">
        <ele>71.8</ele>
      </trkpt>
      <trkpt lat="58.547332" lon="15.331047">
        <ele>71.8</ele>
      </trkpt>
      <trkpt lat="58.547071" lon="15.331303">
        <ele>71.9</ele>
      </trkpt>
      <trkpt lat="58.546797" lon="15.331459">
        <ele>72.3</ele>
      </trkpt>
      <trkpt lat="58.546507" lon="15.331539">
        <ele>72.9</ele>
      </trkpt>
      <trkpt lat="58.546289" lon="15.331496">
        <ele>73.2</ele>
      </trkpt>
      <trkpt lat="58.546062" lon="15.3314">
        <ele>72.8</ele>
      </trkpt>
      <trkpt lat="58.545906" lon="15.331251">
        <ele>72.3</ele>
      </trkpt>
      <trkpt lat="58.545768" lon="15.331026">
        <ele>71.8</ele>
      </trkpt>
      <trkpt lat="58.545611" lon="15.330699">
        <ele>71.2</ele>
      </trkpt>
      <trkpt lat="58.545455" lon="15.330373">
        <ele>70.6</ele>
      </trkpt>
      <trkpt lat="58.54532" lon="15.329954">
        <ele>70.3</ele>
      </trkpt>
      <trkpt lat="58.545173" lon="15.329483">
        <ele>70.6</ele>
      </trkpt>
      <trkpt lat="58.54505" lon="15.329123">
        <ele>71.3</ele>
      </trkpt>
      <trkpt lat="58.54487" lon="15.328754">
        <ele>71.0</ele>
      </trkpt>
      <trkpt lat="58.544695" lon="15.328548">
        <ele>71.2</ele>
      </trkpt>
      <trkpt lat="58.54449" lon="15.328367">
        <ele>71.8</ele>
      </trkpt>
      <trkpt lat="58.5441" lon="15.328187">
        <ele>73.1</ele>
      </trkpt>
      <trkpt lat="58.543749" lon="15.328088">
        <ele>72.9</ele>
      </trkpt>
      <trkpt lat="58.543474" lon="15.328045">
        <ele>73.1</ele>
      </trkpt>
      <trkpt lat="58.543133" lon="15.328032">
        <ele>72.3</ele>
      </trkpt>
      <trkpt lat="58.542862" lon="15.328146">
        <ele>71.7</ele>
      </trkpt>
      <trkpt lat="58.542631" lon="15.328259">
        <ele>71.7</ele>
      </trkpt>
      <trkpt lat="58.5424" lon="15.328373">
        <ele>72.0</ele>
      </trkpt>
      <trkpt lat="58.542079" lon="15.32852">
        <ele>72.1</ele>
      </trkpt>
      <trkpt lat="58.541757" lon="15.328668">
        <ele>73.1</ele>
      </trkpt>
      <trkpt lat="58.541382" lon="15.328796">
        <ele>73.4</ele>
      </trkpt>
      <trkpt lat="58.541007" lon="15.328925">
        <ele>73.8</ele>
      </trkpt>
      <trkpt lat="58.540609" lon="15.329022">
        <ele>73.9</ele>
      </trkpt>
      <trkpt lat="58.540212" lon="15.329118">
        <ele>74.6</ele>
      </trkpt>
      <trkpt lat="58.539912" lon="15.329197">
        <ele>74.4</ele>
      </trkpt>
      <trkpt lat="58.539612" lon="15.329275">
        <ele>72.1</ele>
      </trkpt>
      <trkpt lat="58.539312" lon="15.329354">
        <ele>71.2</ele>
      </trkpt>
      <trkpt lat="58.538897" lon="15.329504">
        <ele>72.0</ele>
      </trkpt>
      <trkpt lat="58.538482" lon="15.329654">
        <ele>72.6</ele>
      </trkpt>
      <trkpt lat="58.53812" lon="15.329845">
        <ele>73.5</ele>
      </trkpt>
      <trkpt lat="58.537736" lon="15.330062">
        <ele>73.8</ele>
      </trkpt>
      <trkpt lat="58.53749" lon="15.330315">
        <ele>72.9</ele>
      </trkpt>
      <trkpt lat="58.537243" lon="15.330567">
        <ele>72.0</ele>
      </trkpt>
      <trkpt lat="58.536988" lon="15.330967">
        <ele>70.9</ele>
      </trkpt>
      <trkpt lat="58.536773" lon="15.331382">
        <ele>71.6</ele>
      </trkpt>
      <trkpt lat="58.536595" lon="15.331819">
        <ele>72.2</ele>
      </trkpt>
      <trkpt lat="58.536439" lon="15.332248">
        <ele>72.0</ele>
      </trkpt>
      <trkpt lat="58.536298" lon="15.332768">
        <ele>71.0</ele>
      </trkpt>
      <trkpt lat="58.536157" lon="15.333288">
        <ele>70.9</ele>
      </trkpt>
      <trkpt lat="58.536062" lon="15.333877">
        <ele>71.2</ele>
      </trkpt>
      <trkpt lat="58.535967" lon="15.334466">
        <ele>72.1</ele>
      </trkpt>
      <trkpt lat="58.535885" lon="15.335146">
        <ele>72.2</ele>
      </trkpt>
      <trkpt lat="58.535823" lon="15.335867">
        <ele>72.1</ele>
      </trkpt>
      <trkpt lat="58.535775" lon="15.336596">
        <ele>73.0</ele>
      </trkpt>
      <trkpt lat="58.535735" lon="15.33733">
        <ele>74.8</ele>
      </trkpt>
      <trkpt lat="58.535746" lon="15.338163">
        <ele>75.8</ele>
      </trkpt>
      <trkpt lat="58.535756" lon="15.338996">
        <ele>76.6</ele>
      </trkpt>
      <trkpt lat="58.535774" lon="15.339747">
        <ele>75.1</ele>
      </trkpt>
      <trkpt lat="58.535792" lon="15.340498">
        <ele>74.1</ele>
      </trkpt>
      <trkpt lat="58.535811" lon="15.34093">
        <ele>74.0</ele>
      </trkpt>
      <trkpt lat="58.53583" lon="15.341361">
        <ele>74.0</ele>
      </trkpt>
      <trkpt lat="58.53587" lon="15.341831">
        <ele>73.3</ele>
      </trkpt>
      <trkpt lat="58.53591" lon="15.3423">
        <ele>72.5</ele>
      </trkpt>
      <trkpt lat="58.535982" lon="15.343011">
        <ele>72.4</ele>
      </trkpt>
      <trkpt lat="58.536053" lon="15.343722">
        <ele>73.1</ele>
      </trkpt>
      <trkpt lat="58.536094" lon="15.343846">
        <ele>73.0</ele>
      </trkpt>
      <trkpt lat="58.536117" lon="15.343966">
        <ele>73.0</ele>
      </trkpt>
      <trkpt lat="58.536161" lon="15.344528">
        <ele>72.9</ele>
      </trkpt>
      <trkpt lat="58.536157" lon="15.345297">
        <ele>71.9</ele>
      </trkpt>
      <trkpt lat="58.53614" lon="15.345806">
        <ele>70.9</ele>
      </trkpt>
      <trkpt lat="58.536123" lon="15.346314">
        <ele>71.0</ele>
      </trkpt>
      <trkpt lat="58.536108" lon="15.346728">
        <ele>71.0</ele>
      </trkpt>
      <trkpt lat="58.536118" lon="15.347121">
        <ele>71.6</ele>
      </trkpt>
      <trkpt lat="58.536165" lon="15.347533">
        <ele>71.6</ele>
      </trkpt>
      <trkpt lat="58.536247" lon="15.348043">
        <ele>71.4</ele>
      </trkpt>
      <trkpt lat="58.53637" lon="15.348557">
        <ele>71.0</ele>
      </trkpt>
      <trkpt lat="58.536516" lon="15.349073">
        <ele>72.3</ele>
      </trkpt>
      <trkpt lat="58.536659" lon="15.349504">
        <ele>72.2</ele>
      </trkpt>
      <trkpt lat="58.536802" lon="15.349934">
        <ele>73.5</ele>
      </trkpt>
      <trkpt lat="58.536944" lon="15.350373">
        <ele>73.3</ele>
      </trkpt>
      <trkpt lat="58.537086" lon="15.350812">
        <ele>73.6</ele>
      </trkpt>
      <trkpt lat="58.537298" lon="15.351489">
        <ele>72.9</ele>
      </trkpt>
      <trkpt lat="58.537509" lon="15.352166">
        <ele>73.8</ele>
      </trkpt>
      <trkpt lat="58.537721" lon="15.352843">
        <ele>73.3</ele>
      </trkpt>
      <trkpt lat="58.537934" lon="15.353539">
        <ele>73.3</ele>
      </trkpt>
      <trkpt lat="58.538147" lon="15.354234">
        <ele>74.8</ele>
      </trkpt>
      <trkpt lat="58.538283" lon="15.354701">
        <ele>74.3</ele>
      </trkpt>
      <trkpt lat="58.538419" lon="15.355167">
        <ele>72.6</ele>
      </trkpt>
      <trkpt lat="58.538545" lon="15.355635">
        <ele>72.3</ele>
      </trkpt>
      <trkpt lat="58.538671" lon="15.356102">
        <ele>72.8</ele>
      </trkpt>
      <trkpt lat="58.538819" lon="15.356749">
        <ele>72.5</ele>
      </trkpt>
      <trkpt lat="58.538968" lon="15.357396">
        <ele>72.8</ele>
      </trkpt>
      <trkpt lat="58.539117" lon="15.358043">
        <ele>72.2</ele>
      </trkpt>
      <trkpt lat="58.539276" lon="15.358751">
        <ele>72.5</ele>
      </trkpt>
      <trkpt lat="58.539434" lon="15.359459">
        <ele>73.1</ele>
      </trkpt>
      <trkpt lat="58.539593" lon="15.360167">
        <ele>73.3</ele>
      </trkpt>
      <trkpt lat="58.539752" lon="15.360875">
        <ele>74.0</ele>
      </trkpt>
      <trkpt lat="58.539883" lon="15.361498">
        <ele>74.7</ele>
      </trkpt>
      <trkpt lat="58.540014" lon="15.362121">
        <ele>74.9</ele>
      </trkpt>
      <trkpt lat="58.540146" lon="15.362744">
        <ele>76.0</ele>
      </trkpt>
      <trkpt lat="58.540215" lon="15.363022">
        <ele>76.0</ele>
      </trkpt>
      <trkpt lat="58.540251" lon="15.363186">
        <ele>76.4</ele>
      </trkpt>
      <trkpt lat="58.540435" lon="15.363897">
        <ele>78.1</ele>
      </trkpt>
      <trkpt lat="58.540641" lon="15.364372">
        <ele>79.1</ele>
      </trkpt>
      <trkpt lat="58.540965" lon="15.364875">
        <ele>80.1</ele>
      </trkpt>
      <trkpt lat="58.541173" lon="15.365144">
        <ele>80.0</ele>
      </trkpt>
      <trkpt lat="58.541381" lon="15.365414">
        <ele>79.9</ele>
      </trkpt>
      <trkpt lat="58.541693" lon="15.365797">
        <ele>81.0</ele>
      </trkpt>
      <trkpt lat="58.54199" lon="15.366194">
        <ele>80.9</ele>
      </trkpt>
      <trkpt lat="58.54217" lon="15.366528">
        <ele>79.8</ele>
      </trkpt>
      <trkpt lat="58.54235" lon="15.366862">
        <ele>78.9</ele>
      </trkpt>
      <trkpt lat="58.542534" lon="15.36728">
        <ele>78.0</ele>
      </trkpt>
      <trkpt lat="58.542719" lon="15.367699">
        <ele>78.1</ele>
      </trkpt>
      <trkpt lat="58.542846" lon="15.368076">
        <ele>77.5</ele>
      </trkpt>
      <trkpt lat="58.542973" lon="15.368454">
        <ele>76.9</ele>
      </trkpt>
      <trkpt lat="58.54307" lon="15.368934">
        <ele>77.0</ele>
      </trkpt>
      <trkpt lat="58.543122" lon="15.369394">
        <ele>78.2</ele>
      </trkpt>
      <trkpt lat="58.543159" lon="15.369991">
        <ele>77.9</ele>
      </trkpt>
      <trkpt lat="58.543159" lon="15.370629">
        <ele>75.8</ele>
      </trkpt>
      <trkpt lat="58.543128" lon="15.37116">
        <ele>74.4</ele>
      </trkpt>
      <trkpt lat="58.543066" lon="15.37169">
        <ele>75.6</ele>
      </trkpt>
      <trkpt lat="58.542994" lon="15.372323">
        <ele>74.8</ele>
      </trkpt>
      <trkpt lat="58.542921" lon="15.372956">
        <ele>71.4</ele>
      </trkpt>
      <trkpt lat="58.542833" lon="15.373601">
        <ele>74.6</ele>
      </trkpt>
      <trkpt lat="58.542697" lon="15.374243">
        <ele>77.1</ele>
      </trkpt>
      <trkpt lat="58.542595" lon="15.374735">
        <ele>75.8</ele>
      </trkpt>
      <trkpt lat="58.542543" lon="15.37523">
        <ele>74.5</ele>
      </trkpt>
      <trkpt lat="58.542484" lon="15.375808">
        <ele>76.4</ele>
      </trkpt>
      <trkpt lat="58.542425" lon="15.376386">
        <ele>77.6</ele>
      </trkpt>
      <trkpt lat="58.542366" lon="15.376964">
        <ele>77.6</ele>
      </trkpt>
      <trkpt lat="58.542263" lon="15.37753">
        <ele>76.7</ele>
      </trkpt>
      <trkpt lat="58.542124" lon="15.378034">
        <ele>74.9</ele>
      </trkpt>
      <trkpt lat="58.542018" lon="15.37833">
        <ele>74.6</ele>
      </trkpt>
      <trkpt lat="58.541875" lon="15.378646">
        <ele>75.1</ele>
      </trkpt>
      <trkpt lat="58.541631" lon="15.379289">
        <ele>74.9</ele>
      </trkpt>
      <trkpt lat="58.541536" lon="15.379682">
        <ele>75.1</ele>
      </trkpt>
      <trkpt lat="58.541453" lon="15.380119">
        <ele>75.1</ele>
      </trkpt>
      <trkpt lat="58.541343" lon="15.380774">
        <ele>73.6</ele>
      </trkpt>
      <trkpt lat="58.541198" lon="15.381417">
        <ele>74.1</ele>
      </trkpt>
      <trkpt lat="58.541028" lon="15.382052">
        <ele>74.8</ele>
      </trkpt>
      <trkpt lat="58.540827" lon="15.382655">
        <ele>76.1</ele>
      </trkpt>
      <trkpt lat="58.540597" lon="15.383331">
        <ele>76.7</ele>
      </trkpt>
      <trkpt lat="58.540368" lon="15.384007">
        <ele>76.2</ele>
      </trkpt>
      <trkpt lat="58.540148" lon="15.384567">
        <ele>76.4</ele>
      </trkpt>
      <trkpt lat="58.539929" lon="15.385127">
        <ele>77.4</ele>
      </trkpt>
      <trkpt lat="58.539658" lon="15.385651">
        <ele>77.0</ele>
      </trkpt>
      <trkpt lat="58.53936" lon="15.386131">
        <ele>76.1</ele>
      </trkpt>
      <trkpt lat="58.539048" lon="15.386584">
        <ele>74.9</ele>
      </trkpt>
      <trkpt lat="58.538713" lon="15.386997">
        <ele>74.4</ele>
      </trkpt>
      <trkpt lat="58.538316" lon="15.387389">
        <ele>73.8</ele>
      </trkpt>
      <trkpt lat="58.537919" lon="15.38778">
        <ele>73.1</ele>
      </trkpt>
      <trkpt lat="58.537534" lon="15.388127">
        <ele>72.9</ele>
      </trkpt>
      <trkpt lat="58.53715" lon="15.388474">
        <ele>72.7</ele>
      </trkpt>
      <trkpt lat="58.536765" lon="15.388821">
        <ele>72.2</ele>
      </trkpt>
      <trkpt lat="58.536528" lon="15.388958">
        <ele>72.2</ele>
      </trkpt>
      <trkpt lat="58.536291" lon="15.389095">
        <ele>72.6</ele>
      </trkpt>
      <trkpt lat="58.53605" lon="15.389244">
        <ele>73.0</ele>
      </trkpt>
      <trkpt lat="58.535809" lon="15.389392">
        <ele>73.3</ele>
      </trkpt>
      <trkpt lat="58.535458" lon="15.389676">
        <ele>73.5</ele>
      </trkpt>
      <trkpt lat="58.535106" lon="15.389959">
        <ele>73.2</ele>
      </trkpt>
      <trkpt lat="58.534755" lon="15.390264">
        <ele>73.0</ele>
      </trkpt>
      <trkpt lat="58.534405" lon="15.390569">
        <ele>73.0</ele>
      </trkpt>
      <trkpt lat="58.534285" lon="15.390721">
        <ele>72.4</ele>
      </trkpt>
      <trkpt lat="58.534153" lon="15.390976">
        <ele>72.0</ele>
      </trkpt>
      <trkpt lat="58.533973" lon="15.391407">
        <ele>71.6</ele>
      </trkpt>
      <trkpt lat="58.533793" lon="15.391839">
        <ele>71.4</ele>
      </trkpt>
      <trkpt lat="58.533516" lon="15.392359">
        <ele>72.1</ele>
      </trkpt>
      <trkpt lat="58.533324" lon="15.392592">
        <ele>72.8</ele>
      </trkpt>
      <trkpt lat="58.533132" lon="15.392826">
        <ele>71.8</ele>
      </trkpt>
      <trkpt lat="58.532924" lon="15.393076">
        <ele>71.5</ele>
      </trkpt>
      <trkpt lat="58.532716" lon="15.393326">
        <ele>71.1</ele>
      </trkpt>
      <trkpt lat="58.532363" lon="15.393783">
        <ele>69.7</ele>
      </trkpt>
      <trkpt lat="58.532051" lon="15.394377">
        <ele>70.3</ele>
      </trkpt>
      <trkpt lat="58.531903" lon="15.39474">
        <ele>70.1</ele>
      </trkpt>
      <trkpt lat="58.531754" lon="15.395103">
        <ele>70.8</ele>
      </trkpt>
      <trkpt lat="58.531585" lon="15.39572">
        <ele>71.4</ele>
      </trkpt>
      <trkpt lat="58.531406" lon="15.396491">
        <ele>71.7</ele>
      </trkpt>
      <trkpt lat="58.531227" lon="15.397262">
        <ele>71.1</ele>
      </trkpt>
      <trkpt lat="58.531049" lon="15.398032">
        <ele>71.2</ele>
      </trkpt>
      <trkpt lat="58.530967" lon="15.39855">
        <ele>71.5</ele>
      </trkpt>
      <trkpt lat="58.53092" lon="15.39903">
        <ele>71.7</ele>
      </trkpt>
      <trkpt lat="58.53092" lon="15.399491">
        <ele>71.6</ele>
      </trkpt>
      <trkpt lat="58.530985" lon="15.400035">
        <ele>71.0</ele>
      </trkpt>
      <trkpt lat="58.531075" lon="15.400436">
        <ele>71.0</ele>
      </trkpt>
      <trkpt lat="58.531218" lon="15.400847">
        <ele>71.0</ele>
      </trkpt>
      <trkpt lat="58.531407" lon="15.401368">
        <ele>71.0</ele>
      </trkpt>
      <trkpt lat="58.531595" lon="15.401888">
        <ele>70.9</ele>
      </trkpt>
      <trkpt lat="58.531793" lon="15.402467">
        <ele>72.1</ele>
      </trkpt>
      <trkpt lat="58.531991" lon="15.403047">
        <ele>73.8</ele>
      </trkpt>
      <trkpt lat="58.532122" lon="15.403483">
        <ele>74.5</ele>
      </trkpt>
      <trkpt lat="58.532202" lon="15.40393">
        <ele>74.1</ele>
      </trkpt>
      <trkpt lat="58.532285" lon="15.404509">
        <ele>73.5</ele>
      </trkpt>
      <trkpt lat="58.532337" lon="15.40506">
        <ele>72.5</ele>
      </trkpt>
      <trkpt lat="58.532386" lon="15.405776">
        <ele>71.4</ele>
      </trkpt>
      <trkpt lat="58.532415" lon="15.406491">
        <ele>72.3</ele>
      </trkpt>
      <trkpt lat="58.532432" lon="15.407317">
        <ele>72.5</ele>
      </trkpt>
      <trkpt lat="58.532399" lon="15.408104">
        <ele>72.7</ele>
      </trkpt>
      <trkpt lat="58.532353" lon="15.408792">
        <ele>72.3</ele>
      </trkpt>
      <trkpt lat="58.532281" lon="15.409477">
        <ele>71.7</ele>
      </trkpt>
      <trkpt lat="58.532197" lon="15.410172">
        <ele>72.2</ele>
      </trkpt>
      <trkpt lat="58.532098" lon="15.410707">
        <ele>72.9</ele>
      </trkpt>
      <trkpt lat="58.531953" lon="15.411352">
        <ele>73.9</ele>
      </trkpt>
      <trkpt lat="58.531771" lon="15.412001">
        <ele>75.2</ele>
      </trkpt>
      <trkpt lat="58.531617" lon="15.412496">
        <ele>75.4</ele>
      </trkpt>
      <trkpt lat="58.531463" lon="15.412991">
        <ele>76.6</ele>
      </trkpt>
      <trkpt lat="58.531309" lon="15.413486">
        <ele>76.8</ele>
      </trkpt>
      <trkpt lat="58.531111" lon="15.414109">
        <ele>77.0</ele>
      </trkpt>
      <trkpt lat="58.530914" lon="15.414732">
        <ele>76.9</ele>
      </trkpt>
      <trkpt lat="58.530716" lon="15.415355">
        <ele>74.9</ele>
      </trkpt>
      <trkpt lat="58.530519" lon="15.415978">
        <ele>73.6</ele>
      </trkpt>
      <trkpt lat="58.530321" lon="15.416601">
        <ele>73.9</ele>
      </trkpt>
      <trkpt lat="58.5301" lon="15.417293">
        <ele>73.6</ele>
      </trkpt>
      <trkpt lat="58.529879" lon="15.417985">
        <ele>72.5</ele>
      </trkpt>
      <trkpt lat="58.529658" lon="15.418677">
        <ele>72.1</ele>
      </trkpt>
      <trkpt lat="58.529436" lon="15.419369">
        <ele>72.0</ele>
      </trkpt>
      <trkpt lat="58.529246" lon="15.420003">
        <ele>73.5</ele>
      </trkpt>
      <trkpt lat="58.529022" lon="15.420656">
        <ele>73.3</ele>
      </trkpt>
      <trkpt lat="58.528801" lon="15.421172">
        <ele>72.1</ele>
      </trkpt>
      <trkpt lat="58.52854" lon="15.421684">
        <ele>71.5</ele>
      </trkpt>
      <trkpt lat="58.528267" lon="15.42212">
        <ele>71.7</ele>
      </trkpt>
      <trkpt lat="58.52798" lon="15.422502">
        <ele>72.3</ele>
      </trkpt>
      <trkpt lat="58.527708" lon="15.42278">
        <ele>73.1</ele>
      </trkpt>
      <trkpt lat="58.527454" lon="15.422974">
        <ele>73.1</ele>
      </trkpt>
      <trkpt lat="58.527218" lon="15.423124">
        <ele>72.8</ele>
      </trkpt>
      <trkpt lat="58.526983" lon="15.423274">
        <ele>73.0</ele>
      </trkpt>
      <trkpt lat="58.526669" lon="15.423574">
        <ele>73.0</ele>
      </trkpt>
      <trkpt lat="58.526367" lon="15.424004">
        <ele>72.7</ele>
      </trkpt>
      <trkpt lat="58.52618" lon="15.424322">
        <ele>72.3</ele>
      </trkpt>
      <trkpt lat="58.525992" lon="15.424641">
        <ele>72.2</ele>
      </trkpt>
      <trkpt lat="58.525739" lon="15.425163">
        <ele>72.4</ele>
      </trkpt>
      <trkpt lat="58.525589" lon="15.425503">
        <ele>72.0</ele>
      </trkpt>
      <trkpt lat="58.525439" lon="15.425844">
        <ele>72.0</ele>
      </trkpt>
      <trkpt lat="58.525293" lon="15.426239">
        <ele>71.9</ele>
      </trkpt>
      <trkpt lat="58.525147" lon="15.426634">
        <ele>72.6</ele>
      </trkpt>
      <trkpt lat="58.52499" lon="15.426998">
        <ele>73.0</ele>
      </trkpt>
      <trkpt lat="58.524712" lon="15.427469">
        <ele>73.0</ele>
      </trkpt>
      <trkpt lat="58.524482" lon="15.42783">
        <ele>72.0</ele>
      </trkpt>
      <trkpt lat="58.524253" lon="15.42819">
        <ele>72.0</ele>
      </trkpt>
      <trkpt lat="58.524086" lon="15.428417">
        <ele>72.3</ele>
      </trkpt>
      <trkpt lat="58.523953" lon="15.428589">
        <ele>72.9</ele>
      </trkpt>
      <trkpt lat="58.523803" lon="15.428736">
        <ele>72.8</ele>
      </trkpt>
      <trkpt lat="58.523696" lon="15.428813">
        <ele>72.8</ele>
      </trkpt>
      <trkpt lat="58.523553" lon="15.428906">
        <ele>73.2</ele>
      </trkpt>
      <trkpt lat="58.523372" lon="15.428993">
        <ele>73.7</ele>
      </trkpt>
      <trkpt lat="58.523213" lon="15.429041">
        <ele>73.8</ele>
      </trkpt>
      <trkpt lat="58.523019" lon="15.429082">
        <ele>74.1</ele>
      </trkpt>
      <trkpt lat="58.522848" lon="15.429092">
        <ele>74.2</ele>
      </trkpt>
      <trkpt lat="58.522726" lon="15.429066">
        <ele>73.9</ele>
      </trkpt>
      <trkpt lat="58.522581" lon="15.429016">
        <ele>73.3</ele>
      </trkpt>
      <trkpt lat="58.522463" lon="15.42895">
        <ele>72.9</ele>
      </trkpt>
      <trkpt lat="58.522342" lon="15.42886">
        <ele>73.1</ele>
      </trkpt>
      <trkpt lat="58.522203" lon="15.428744">
        <ele>72.9</ele>
      </trkpt>
      <trkpt lat="58.52187" lon="15.428352">
        <ele>72.7</ele>
      </trkpt>
      <trkpt lat="58.521775" lon="15.428217">
        <ele>72.6</ele>
      </trkpt>
      <trkpt lat="58.521675" lon="15.428015">
        <ele>73.2</ele>
      </trkpt>
      <trkpt lat="58.521579" lon="15.427902">
        <ele>73.7</ele>
      </trkpt>
      <trkpt lat="58.521407" lon="15.427738">
        <ele>74.1</ele>
      </trkpt>
      <trkpt lat="58.521042" lon="15.427426">
        <ele>72.8</ele>
      </trkpt>
      <trkpt lat="58.520726" lon="15.427171">
        <ele>71.6</ele>
      </trkpt>
      <trkpt lat="58.520494" lon="15.427043">
        <ele>71.7</ele>
      </trkpt>
      <trkpt lat="58.520405" lon="15.427024">
        <ele>71.8</ele>
      </trkpt>
      <trkpt lat="58.520302" lon="15.427021">
        <ele>71.8</ele>
      </trkpt>
      <trkpt lat="58.519924" lon="15.427113">
        <ele>71.6</ele>
      </trkpt>
      <trkpt lat="58.519786" lon="15.427149">
        <ele>72.0</ele>
      </trkpt>
      <trkpt lat="58.519627" lon="15.42722">
        <ele>72.4</ele>
      </trkpt>
      <trkpt lat="58.519485" lon="15.427306">
        <ele>72.6</ele>
      </trkpt>
      <trkpt lat="58.519359" lon="15.427411">
        <ele>72.5</ele>
      </trkpt>
      <trkpt lat="58.519151" lon="15.427643">
        <ele>73.1</ele>
      </trkpt>
      <trkpt lat="58.518948" lon="15.428003">
        <ele>73.7</ele>
      </trkpt>
      <trkpt lat="58.518755" lon="15.428398">
        <ele>74.0</ele>
      </trkpt>
      <trkpt lat="58.518492" lon="15.429004">
        <ele>73.8</ele>
      </trkpt>
      <trkpt lat="58.518375" lon="15.429301">
        <ele>72.9</ele>
      </trkpt>
      <trkpt lat="58.518273" lon="15.429647">
        <ele>73.4</ele>
      </trkpt>
      <trkpt lat="58.518165" lon="15.43003">
        <ele>72.6</ele>
      </trkpt>
      <trkpt lat="58.518057" lon="15.430413">
        <ele>72.5</ele>
      </trkpt>
      <trkpt lat="58.51794" lon="15.430859">
        <ele>72.6</ele>
      </trkpt>
      <trkpt lat="58.517862" lon="15.431309">
        <ele>72.8</ele>
      </trkpt>
      <trkpt lat="58.517795" lon="15.431846">
        <ele>73.0</ele>
      </trkpt>
      <trkpt lat="58.51776" lon="15.432309">
        <ele>72.0</ele>
      </trkpt>
      <trkpt lat="58.517725" lon="15.432772">
        <ele>71.4</ele>
      </trkpt>
      <trkpt lat="58.517683" lon="15.433301">
        <ele>71.4</ele>
      </trkpt>
      <trkpt lat="58.51764" lon="15.433831">
        <ele>71.5</ele>
      </trkpt>
      <trkpt lat="58.517601" lon="15.43431">
        <ele>72.8</ele>
      </trkpt>
      <trkpt lat="58.517561" lon="15.434789">
        <ele>73.6</ele>
      </trkpt>
      <trkpt lat="58.517496" lon="15.435241">
        <ele>73.1</ele>
      </trkpt>
      <trkpt lat="58.517401" lon="15.435682">
        <ele>72.4</ele>
      </trkpt>
      <trkpt lat="58.517253" lon="15.436221">
        <ele>72.9</ele>
      </trkpt>
      <trkpt lat="58.517104" lon="15.436759">
        <ele>72.5</ele>
      </trkpt>
      <trkpt lat="58.517027" lon="15.437002">
        <ele>72.8</ele>
      </trkpt>
      <trkpt lat="58.516951" lon="15.437171">
        <ele>73.0</ele>
      </trkpt>
      <trkpt lat="58.516847" lon="15.437364">
        <ele>72.8</ele>
      </trkpt>
      <trkpt lat="58.516671" lon="15.437628">
        <ele>72.6</ele>
      </trkpt>
      <trkpt lat="58.516507" lon="15.437834">
        <ele>72.5</ele>
      </trkpt>
      <trkpt lat="58.516239" lon="15.438165">
        <ele>72.4</ele>
      </trkpt>
      <trkpt lat="58.515975" lon="15.438515">
        <ele>72.8</ele>
      </trkpt>
      <trkpt lat="58.515847" lon="15.438732">
        <ele>73.0</ele>
      </trkpt>
      <trkpt lat="58.515776" lon="15.438903">
        <ele>72.9</ele>
      </trkpt>
      <trkpt lat="58.515722" lon="15.439073">
        <ele>72.2</ele>
      </trkpt>
      <trkpt lat="58.515642" lon="15.439417">
        <ele>72.0</ele>
      </trkpt>
      <trkpt lat="58.515559" lon="15.439851">
        <ele>72.0</ele>
      </trkpt>
      <trkpt lat="58.515549" lon="15.440347">
        <ele>72.0</ele>
      </trkpt>
      <trkpt lat="58.51552" lon="15.44084">
        <ele>72.0</ele>
      </trkpt>
      <trkpt lat="58.515461" lon="15.44134">
        <ele>72.1</ele>
      </trkpt>
      <trkpt lat="58.515376" lon="15.441813">
        <ele>71.9</ele>
      </trkpt>
      <trkpt lat="58.515264" lon="15.442252">
        <ele>71.0</ele>
      </trkpt>
      <trkpt lat="58.515152" lon="15.442692">
        <ele>71.0</ele>
      </trkpt>
      <trkpt lat="58.514973" lon="15.443298">
        <ele>71.1</ele>
      </trkpt>
      <trkpt lat="58.514794" lon="15.443904">
        <ele>71.8</ele>
      </trkpt>
      <trkpt lat="58.514614" lon="15.44451">
        <ele>71.0</ele>
      </trkpt>
      <trkpt lat="58.514473" lon="15.44506">
        <ele>71.0</ele>
      </trkpt>
      <trkpt lat="58.514332" lon="15.445611">
        <ele>71.5</ele>
      </trkpt>
      <trkpt lat="58.514238" lon="15.446189">
        <ele>71.9</ele>
      </trkpt>
      <trkpt lat="58.514144" lon="15.446768">
        <ele>72.1</ele>
      </trkpt>
      <trkpt lat="58.514076" lon="15.447373">
        <ele>72.1</ele>
      </trkpt>
      <trkpt lat="58.514009" lon="15.447977">
        <ele>72.7</ele>
      </trkpt>
      <trkpt lat="58.513947" lon="15.448813">
        <ele>71.8</ele>
      </trkpt>
      <trkpt lat="58.513885" lon="15.449648">
        <ele>71.2</ele>
      </trkpt>
      <trkpt lat="58.513837" lon="15.450471">
        <ele>72.1</ele>
      </trkpt>
      <trkpt lat="58.513788" lon="15.451293">
        <ele>72.5</ele>
      </trkpt>
      <trkpt lat="58.51374" lon="15.452116">
        <ele>72.0</ele>
      </trkpt>
      <trkpt lat="58.513707" lon="15.452904">
        <ele>72.8</ele>
      </trkpt>
      <trkpt lat="58.513674" lon="15.453692">
        <ele>72.9</ele>
      </trkpt>
      <trkpt lat="58.513642" lon="15.454479">
        <ele>72.9</ele>
      </trkpt>
      <trkpt lat="58.513609" lon="15.455267">
        <ele>72.0</ele>
      </trkpt>
      <trkpt lat="58.513572" lon="15.456098">
        <ele>71.1</ele>
      </trkpt>
      <trkpt lat="58.513535" lon="15.456928">
        <ele>72.4</ele>
      </trkpt>
      <trkpt lat="58.513498" lon="15.457759">
        <ele>72.5</ele>
      </trkpt>
      <trkpt lat="58.513461" lon="15.45859">
        <ele>71.6</ele>
      </trkpt>
      <trkpt lat="58.513429" lon="15.459029">
        <ele>71.7</ele>
      </trkpt>
      <trkpt lat="58.513396" lon="15.459469">
        <ele>71.8</ele>
      </trkpt>
      <trkpt lat="58.51332" lon="15.460134">
        <ele>72.0</ele>
      </trkpt>
      <trkpt lat="58.513226" lon="15.460807">
        <ele>72.5</ele>
      </trkpt>
      <trkpt lat="58.513178" lon="15.461216">
        <ele>72.7</ele>
      </trkpt>
      <trkpt lat="58.513172" lon="15.461597">
        <ele>72.4</ele>
      </trkpt>
      <trkpt lat="58.513209" lon="15.462257">
        <ele>71.5</ele>
      </trkpt>
      <trkpt lat="58.513246" lon="15.462916">
        <ele>71.9</ele>
      </trkpt>
      <trkpt lat="58.513271" lon="15.463219">
        <ele>72.3</ele>
      </trkpt>
      <trkpt lat="58.513336" lon="15.463513">
        <ele>72.7</ele>
      </trkpt>
      <trkpt lat="58.513448" lon="15.463846">
        <ele>72.7</ele>
      </trkpt>
      <trkpt lat="58.513578" lon="15.464086">
        <ele>72.9</ele>
      </trkpt>
      <trkpt lat="58.51388" lon="15.464462">
        <ele>72.1</ele>
      </trkpt>
      <trkpt lat="58.51418" lon="15.464837">
        <ele>71.4</ele>
      </trkpt>
      <trkpt lat="58.514404" lon="15.465158">
        <ele>72.0</ele>
      </trkpt>
      <trkpt lat="58.514628" lon="15.465479">
        <ele>73.1</ele>
      </trkpt>
      <trkpt lat="58.514884" lon="15.465931">
        <ele>73.3</ele>
      </trkpt>
      <trkpt lat="58.515251" lon="15.466425">
        <ele>73.1</ele>
      </trkpt>
      <trkpt lat="58.515442" lon="15.466769">
        <ele>72.7</ele>
      </trkpt>
      <trkpt lat="58.515634" lon="15.467112">
        <ele>72.3</ele>
      </trkpt>
      <trkpt lat="58.515814" lon="15.467477">
        <ele>72.0</ele>
      </trkpt>
      <trkpt lat="58.515993" lon="15.467842">
        <ele>71.6</ele>
      </trkpt>
      <trkpt lat="58.516139" lon="15.468223">
        <ele>72.0</ele>
      </trkpt>
      <trkpt lat="58.516251" lon="15.468636">
        <ele>71.6</ele>
      </trkpt>
      <trkpt lat="58.516351" lon="15.469126">
        <ele>71.1</ele>
      </trkpt>
      <trkpt lat="58.516407" lon="15.469623">
        <ele>71.9</ele>
      </trkpt>
      <trkpt lat="58.51648" lon="15.470188">
        <ele>72.5</ele>
      </trkpt>
      <trkpt lat="58.516553" lon="15.470753">
        <ele>72.6</ele>
      </trkpt>
      <trkpt lat="58.516609" lon="15.471315">
        <ele>73.1</ele>
      </trkpt>
      <trkpt lat="58.516665" lon="15.471876">
        <ele>72.9</ele>
      </trkpt>
      <trkpt lat="58.516872" lon="15.472562">
        <ele>73.4</ele>
      </trkpt>
      <trkpt lat="58.517034" lon="15.472883">
        <ele>74.1</ele>
      </trkpt>
      <trkpt lat="58.517197" lon="15.473204">
        <ele>74.2</ele>
      </trkpt>
      <trkpt lat="58.517341" lon="15.473511">
        <ele>73.6</ele>
      </trkpt>
      <trkpt lat="58.517457" lon="15.47382">
        <ele>73.2</ele>
      </trkpt>
      <trkpt lat="58.517527" lon="15.474145">
        <ele>72.9</ele>
      </trkpt>
      <trkpt lat="58.517532" lon="15.474192">
        <ele>72.9</ele>
      </trkpt>
      <trkpt lat="58.517617" lon="15.475008">
        <ele>73.8</ele>
      </trkpt>
      <trkpt lat="58.517649" lon="15.475541">
        <ele>73.6</ele>
      </trkpt>
      <trkpt lat="58.517647" lon="15.47609">
        <ele>73.6</ele>
      </trkpt>
      <trkpt lat="58.517606" lon="15.476634">
        <ele>73.6</ele>
      </trkpt>
      <trkpt lat="58.517528" lon="15.477132">
        <ele>75.0</ele>
      </trkpt>
      <trkpt lat="58.517412" lon="15.477595">
        <ele>74.1</ele>
      </trkpt>
      <trkpt lat="58.517259" lon="15.477926">
        <ele>74.2</ele>
      </trkpt>
      <trkpt lat="58.517029" lon="15.478452">
        <ele>74.6</ele>
      </trkpt>
      <trkpt lat="58.516799" lon="15.478978">
        <ele>74.7</ele>
      </trkpt>
      <trkpt lat="58.516575" lon="15.479533">
        <ele>74.5</ele>
      </trkpt>
      <trkpt lat="58.516351" lon="15.480089">
        <ele>73.7</ele>
      </trkpt>
      <trkpt lat="58.516127" lon="15.480645">
        <ele>73.9</ele>
      </trkpt>
      <trkpt lat="58.515883" lon="15.481159">
        <ele>75.6</ele>
      </trkpt>
      <trkpt lat="58.515656" lon="15.481574">
        <ele>77.1</ele>
      </trkpt>
      <trkpt lat="58.515379" lon="15.482004">
        <ele>78.9</ele>
      </trkpt>
      <trkpt lat="58.515045" lon="15.48239">
        <ele>77.2</ele>
      </trkpt>
      <trkpt lat="58.514892" lon="15.482696">
        <ele>76.6</ele>
      </trkpt>
      <trkpt lat="58.514785" lon="15.48301">
        <ele>76.0</ele>
      </trkpt>
      <trkpt lat="58.514536" lon="15.48357">
        <ele>76.0</ele>
      </trkpt>
      <trkpt lat="58.514294" lon="15.483972">
        <ele>77.0</ele>
      </trkpt>
      <trkpt lat="58.514099" lon="15.484428">
        <ele>77.0</ele>
      </trkpt>
      <trkpt lat="58.513858" lon="15.485123">
        <ele>76.0</ele>
      </trkpt>
      <trkpt lat="58.513594" lon="15.485673">
        <ele>76.0</ele>
      </trkpt>
      <trkpt lat="58.513419" lon="15.486024">
        <ele>76.0</ele>
      </trkpt>
      <trkpt lat="58.513244" lon="15.486375">
        <ele>75.9</ele>
      </trkpt>
      <trkpt lat="58.513106" lon="15.486757">
        <ele>75.6</ele>
      </trkpt>
      <trkpt lat="58.513026" lon="15.487139">
        <ele>74.3</ele>
      </trkpt>
      <trkpt lat="58.512895" lon="15.487638">
        <ele>73.5</ele>
      </trkpt>
      <trkpt lat="58.512607" lon="15.488291">
        <ele>75.4</ele>
      </trkpt>
      <trkpt lat="58.51245" lon="15.488714">
        <ele>75.3</ele>
      </trkpt>
      <trkpt lat="58.512226" lon="15.489128">
        <ele>76.0</ele>
      </trkpt>
      <trkpt lat="58.511998" lon="15.489514">
        <ele>75.7</ele>
      </trkpt>
      <trkpt lat="58.51177" lon="15.4899">
        <ele>75.7</ele>
      </trkpt>
      <trkpt lat="58.511543" lon="15.490286">
        <ele>75.9</ele>
      </trkpt>
      <trkpt lat="58.511256" lon="15.49081">
        <ele>76.1</ele>
      </trkpt>
      <trkpt lat="58.510969" lon="15.491334">
        <ele>76.7</ele>
      </trkpt>
      <trkpt lat="58.510668" lon="15.491788">
        <ele>75.8</ele>
      </trkpt>
      <trkpt lat="58.510485" lon="15.492041">
        <ele>74.6</ele>
      </trkpt>
      <trkpt lat="58.510265" lon="15.492218">
        <ele>74.0</ele>
      </trkpt>
      <trkpt lat="58.509906" lon="15.492389">
        <ele>73.3</ele>
      </trkpt>
      <trkpt lat="58.509466" lon="15.492454">
        <ele>74.1</ele>
      </trkpt>
      <trkpt lat="58.509025" lon="15.49252">
        <ele>76.0</ele>
      </trkpt>
      <trkpt lat="58.508737" lon="15.492671">
        <ele>75.5</ele>
      </trkpt>
      <trkpt lat="58.508455" lon="15.492837">
        <ele>74.8</ele>
      </trkpt>
      <trkpt lat="58.508195" lon="15.49306">
        <ele>74.4</ele>
      </trkpt>
      <trkpt lat="58.507959" lon="15.493352">
        <ele>74.2</ele>
      </trkpt>
      <trkpt lat="58.50773" lon="15.493699">
        <ele>74.0</ele>
      </trkpt>
      <trkpt lat="58.50752" lon="15.494111">
        <ele>75.0</ele>
      </trkpt>
      <trkpt lat="58.507294" lon="15.494555">
        <ele>75.7</ele>
      </trkpt>
      <trkpt lat="58.507069" lon="15.494999">
        <ele>75.6</ele>
      </trkpt>
      <trkpt lat="58.506851" lon="15.495404">
        <ele>76.0</ele>
      </trkpt>
      <trkpt lat="58.506633" lon="15.495809">
        <ele>76.2</ele>
      </trkpt>
      <trkpt lat="58.50645" lon="15.4962">
        <ele>75.4</ele>
      </trkpt>
      <trkpt lat="58.50629" lon="15.496646">
        <ele>75.1</ele>
      </trkpt>
      <trkpt lat="58.506174" lon="15.497022">
        <ele>75.1</ele>
      </trkpt>
      <trkpt lat="58.506095" lon="15.497538">
        <ele>73.1</ele>
      </trkpt>
      <trkpt lat="58.506004" lon="15.498117">
        <ele>72.7</ele>
      </trkpt>
      <trkpt lat="58.505925" lon="15.49858">
        <ele>72.4</ele>
      </trkpt>
      <trkpt lat="58.505784" lon="15.499063">
        <ele>73.3</ele>
      </trkpt>
      <trkpt lat="58.505626" lon="15.499516">
        <ele>73.6</ele>
      </trkpt>
      <trkpt lat="58.505468" lon="15.499893">
        <ele>74.1</ele>
      </trkpt>
      <trkpt lat="58.505309" lon="15.500269">
        <ele>73.9</ele>
      </trkpt>
      <trkpt lat="58.505117" lon="15.500666">
        <ele>74.6</ele>
      </trkpt>
      <trkpt lat="58.504931" lon="15.50103">
        <ele>74.5</ele>
      </trkpt>
      <trkpt lat="58.50486" lon="15.501119">
        <ele>74.6</ele>
      </trkpt>
      <trkpt lat="58.504841" lon="15.501189">
        <ele>74.7</ele>
      </trkpt>
      <trkpt lat="58.504682" lon="15.501698">
        <ele>75.0</ele>
      </trkpt>
      <trkpt lat="58.504596" lon="15.50191">
        <ele>74.6</ele>
      </trkpt>
      <trkpt lat="58.504489" lon="15.502069">
        <ele>75.0</ele>
      </trkpt>
      <trkpt lat="58.504194" lon="15.502401">
        <ele>74.4</ele>
      </trkpt>
      <trkpt lat="58.503887" lon="15.502611">
        <ele>74.0</ele>
      </trkpt>
      <trkpt lat="58.503534" lon="15.502856">
        <ele>74.3</ele>
      </trkpt>
      <trkpt lat="58.503216" lon="15.503165">
        <ele>76.0</ele>
      </trkpt>
      <trkpt lat="58.503027" lon="15.50347">
        <ele>76.0</ele>
      </trkpt>
      <trkpt lat="58.502838" lon="15.503775">
        <ele>75.1</ele>
      </trkpt>
      <trkpt lat="58.502625" lon="15.504203">
        <ele>75.0</ele>
      </trkpt>
      <trkpt lat="58.502426" lon="15.504917">
        <ele>75.2</ele>
      </trkpt>
      <trkpt lat="58.502227" lon="15.50563">
        <ele>73.7</ele>
      </trkpt>
      <trkpt lat="58.502195" lon="15.505841">
        <ele>72.9</ele>
      </trkpt>
      <trkpt lat="58.50206" lon="15.506583">
        <ele>72.0</ele>
      </trkpt>
      <trkpt lat="58.502034" lon="15.506846">
        <ele>73.1</ele>
      </trkpt>
      <trkpt lat="58.50196" lon="15.50734">
        <ele>73.9</ele>
      </trkpt>
      <trkpt lat="58.501876" lon="15.507749">
        <ele>74.7</ele>
      </trkpt>
      <trkpt lat="58.501754" lon="15.508204">
        <ele>75.6</ele>
      </trkpt>
      <trkpt lat="58.501603" lon="15.508654">
        <ele>75.5</ele>
      </trkpt>
      <trkpt lat="58.501451" lon="15.509105">
        <ele>74.9</ele>
      </trkpt>
      <trkpt lat="58.501233" lon="15.509598">
        <ele>75.3</ele>
      </trkpt>
      <trkpt lat="58.501014" lon="15.510092">
        <ele>75.6</ele>
      </trkpt>
      <trkpt lat="58.500829" lon="15.510553">
        <ele>75.0</ele>
      </trkpt>
      <trkpt lat="58.500644" lon="15.511014">
        <ele>74.7</ele>
      </trkpt>
      <trkpt lat="58.50042" lon="15.511712">
        <ele>73.9</ele>
      </trkpt>
      <trkpt lat="58.500196" lon="15.512409">
        <ele>73.8</ele>
      </trkpt>
      <trkpt lat="58.500036" lon="15.512853">
        <ele>73.8</ele>
      </trkpt>
      <trkpt lat="58.499892" lon="15.513253">
        <ele>73.7</ele>
      </trkpt>
      <trkpt lat="58.499748" lon="15.513654">
        <ele>72.9</ele>
      </trkpt>
      <trkpt lat="58.499484" lon="15.51419">
        <ele>72.9</ele>
      </trkpt>
      <trkpt lat="58.499221" lon="15.514727">
        <ele>73.0</ele>
      </trkpt>
      <trkpt lat="58.498974" lon="15.515091">
        <ele>72.9</ele>
      </trkpt>
      <trkpt lat="58.498727" lon="15.515456">
        <ele>72.9</ele>
      </trkpt>
      <trkpt lat="58.498369" lon="15.515712">
        <ele>73.9</ele>
      </trkpt>
      <trkpt lat="58.49817" lon="15.515849">
        <ele>74.6</ele>
      </trkpt>
      <trkpt lat="58.497928" lon="15.515938">
        <ele>75.2</ele>
      </trkpt>
      <trkpt lat="58.497686" lon="15.516027">
        <ele>75.3</ele>
      </trkpt>
      <trkpt lat="58.497247" lon="15.516036">
        <ele>75.0</ele>
      </trkpt>
      <trkpt lat="58.496928" lon="15.516121">
        <ele>75.0</ele>
      </trkpt>
      <trkpt lat="58.496608" lon="15.516207">
        <ele>75.0</ele>
      </trkpt>
      <trkpt lat="58.496287" lon="15.516407">
        <ele>75.0</ele>
      </trkpt>
      <trkpt lat="58.495965" lon="15.516608">
        <ele>74.2</ele>
      </trkpt>
      <trkpt lat="58.495644" lon="15.516808">
        <ele>73.9</ele>
      </trkpt>
      <trkpt lat="58.495396" lon="15.516926">
        <ele>74.1</ele>
      </trkpt>
      <trkpt lat="58.495149" lon="15.517044">
        <ele>73.7</ele>
      </trkpt>
      <trkpt lat="58.494975" lon="15.517105">
        <ele>73.5</ele>
      </trkpt>
      <trkpt lat="58.49483" lon="15.517136">
        <ele>73.8</ele>
      </trkpt>
      <trkpt lat="58.494633" lon="15.517116">
        <ele>74.1</ele>
      </trkpt>
      <trkpt lat="58.494388" lon="15.517174">
        <ele>74.0</ele>
      </trkpt>
      <trkpt lat="58.494173" lon="15.517293">
        <ele>74.0</ele>
      </trkpt>
      <trkpt lat="58.49391" lon="15.517437">
        <ele>73.9</ele>
      </trkpt>
      <trkpt lat="58.493646" lon="15.517581">
        <ele>75.0</ele>
      </trkpt>
      <trkpt lat="58.493349" lon="15.517635">
        <ele>74.0</ele>
      </trkpt>
      <trkpt lat="58.493052" lon="15.517688">
        <ele>74.1</ele>
      </trkpt>
      <trkpt lat="58.492788" lon="15.517532">
        <ele>73.0</ele>
      </trkpt>
      <trkpt lat="58.492525" lon="15.517376">
        <ele>72.1</ele>
      </trkpt>
      <trkpt lat="58.492132" lon="15.51723">
        <ele>70.7</ele>
      </trkpt>
      <trkpt lat="58.49174" lon="15.517083">
        <ele>68.2</ele>
      </trkpt>
      <trkpt lat="58.491347" lon="15.516937">
        <ele>68.0</ele>
      </trkpt>
      <trkpt lat="58.490962" lon="15.51678">
        <ele>68.8</ele>
      </trkpt>
      <trkpt lat="58.490577" lon="15.516623">
        <ele>69.9</ele>
      </trkpt>
      <trkpt lat="58.490192" lon="15.516466">
        <ele>70.1</ele>
      </trkpt>
      <trkpt lat="58.489784" lon="15.516277">
        <ele>69.3</ele>
      </trkpt>
      <trkpt lat="58.489377" lon="15.516088">
        <ele>68.0</ele>
      </trkpt>
      <trkpt lat="58.488948" lon="15.515902">
        <ele>68.8</ele>
      </trkpt>
      <trkpt lat="58.488519" lon="15.515717">
        <ele>68.8</ele>
      </trkpt>
      <trkpt lat="58.488455" lon="15.515706">
        <ele>68.5</ele>
      </trkpt>
      <trkpt lat="58.488409" lon="15.515709">
        <ele>68.3</ele>
      </trkpt>
      <trkpt lat="58.488327" lon="15.515768">
        <ele>68.0</ele>
      </trkpt>
      <trkpt lat="58.488274" lon="15.515802">
        <ele>67.8</ele>
      </trkpt>
      <trkpt lat="58.488225" lon="15.515816">
        <ele>67.6</ele>
      </trkpt>
      <trkpt lat="58.488165" lon="15.515816">
        <ele>67.4</ele>
      </trkpt>
      <trkpt lat="58.48804" lon="15.515795">
        <ele>66.9</ele>
      </trkpt>
      <trkpt lat="58.487963" lon="15.515795">
        <ele>66.7</ele>
      </trkpt>
      <trkpt lat="58.487873" lon="15.515803">
        <ele>66.3</ele>
      </trkpt>
      <trkpt lat="58.487744" lon="15.515869">
        <ele>65.9</ele>
      </trkpt>
      <trkpt lat="58.487653" lon="15.515902">
        <ele>65.5</ele>
      </trkpt>
      <trkpt lat="58.487422" lon="15.515966">
        <ele>65.0</ele>
      </trkpt>
      <trkpt lat="58.487313" lon="15.516025">
        <ele>65.1</ele>
      </trkpt>
      <trkpt lat="58.487177" lon="15.516152">
        <ele>64.8</ele>
      </trkpt>
      <trkpt lat="58.487021" lon="15.51633">
        <ele>63.5</ele>
      </trkpt>
      <trkpt lat="58.486921" lon="15.516479">
        <ele>62.8</ele>
      </trkpt>
      <trkpt lat="58.486786" lon="15.516748">
        <ele>62.3</ele>
      </trkpt>
      <trkpt lat="58.486576" lon="15.517208">
        <ele>62.2</ele>
      </trkpt>
      <trkpt lat="58.486503" lon="15.517404">
        <ele>62.5</ele>
      </trkpt>
      <trkpt lat="58.486408" lon="15.517748">
        <ele>62.9</ele>
      </trkpt>
      <trkpt lat="58.486353" lon="15.518054">
        <ele>63.1</ele>
      </trkpt>
      <trkpt lat="58.486268" lon="15.518629">
        <ele>62.4</ele>
      </trkpt>
      <trkpt lat="58.486184" lon="15.519203">
        <ele>63.0</ele>
      </trkpt>
      <trkpt lat="58.486074" lon="15.51999">
        <ele>62.1</ele>
      </trkpt>
      <trkpt lat="58.486009" lon="15.520766">
        <ele>62.0</ele>
      </trkpt>
      <trkpt lat="58.485962" lon="15.521378">
        <ele>62.6</ele>
      </trkpt>
      <trkpt lat="58.485915" lon="15.52199">
        <ele>65.0</ele>
      </trkpt>
      <trkpt lat="58.485868" lon="15.522602">
        <ele>66.0</ele>
      </trkpt>
      <trkpt lat="58.485856" lon="15.522953">
        <ele>65.9</ele>
      </trkpt>
      <trkpt lat="58.485869" lon="15.523362">
        <ele>66.8</ele>
      </trkpt>
      <trkpt lat="58.485872" lon="15.523449">
        <ele>66.5</ele>
      </trkpt>
      <trkpt lat="58.485871" lon="15.523902">
        <ele>65.8</ele>
      </trkpt>
      <trkpt lat="58.485856" lon="15.524314">
        <ele>66.0</ele>
      </trkpt>
      <trkpt lat="58.485833" lon="15.524622">
        <ele>65.3</ele>
      </trkpt>
      <trkpt lat="58.485818" lon="15.52487">
        <ele>65.0</ele>
      </trkpt>
      <trkpt lat="58.485813" lon="15.525062">
        <ele>64.9</ele>
      </trkpt>
      <trkpt lat="58.485818" lon="15.52525">
        <ele>64.1</ele>
      </trkpt>
      <trkpt lat="58.485822" lon="15.525326">
        <ele>63.8</ele>
      </trkpt>
      <trkpt lat="58.485826" lon="15.525419">
        <ele>63.5</ele>
      </trkpt>
      <trkpt lat="58.485741" lon="15.525428">
        <ele>63.4</ele>
      </trkpt>
      <trkpt lat="58.485612" lon="15.525444">
        <ele>63.3</ele>
      </trkpt>
      <trkpt lat="58.485527" lon="15.52546">
        <ele>63.4</ele>
      </trkpt>
      <trkpt lat="58.485488" lon="15.525467">
        <ele>63.5</ele>
      </trkpt>
      <trkpt lat="58.485414" lon="15.525472">
        <ele>63.8</ele>
      </trkpt>
      <trkpt lat="58.485384" lon="15.525472">
        <ele>63.9</ele>
      </trkpt>
      <trkpt lat="58.485278" lon="15.525454">
        <ele>64.4</ele>
      </trkpt>
      <trkpt lat="58.485097" lon="15.525403">
        <ele>64.7</ele>
      </trkpt>
      <trkpt lat="58.484982" lon="15.525341">
        <ele>64.7</ele>
      </trkpt>
      <trkpt lat="58.484921" lon="15.525307">
        <ele>64.7</ele>
      </trkpt>
      <trkpt lat="58.484847" lon="15.525307">
        <ele>64.4</ele>
      </trkpt>
      <trkpt lat="58.484815" lon="15.525299">
        <ele>64.3</ele>
      </trkpt>
      <trkpt lat="58.4848" lon="15.525288">
        <ele>64.3</ele>
      </trkpt>
      <trkpt lat="58.484596" lon="15.525077">
        <ele>64.2</ele>
      </trkpt>
      <trkpt lat="58.484572" lon="15.525049">
        <ele>64.2</ele>
      </trkpt>
      <trkpt lat="58.484477" lon="15.524863">
        <ele>64.5</ele>
      </trkpt>
      <trkpt lat="58.484363" lon="15.524726">
        <ele>65.0</ele>
      </trkpt>
      <trkpt lat="58.48411" lon="15.524431">
        <ele>66.2</ele>
      </trkpt>
      <trkpt lat="58.483857" lon="15.524136">
        <ele>68.3</ele>
      </trkpt>
      <trkpt lat="58.483647" lon="15.523868">
        <ele>69.9</ele>
      </trkpt>
      <trkpt lat="58.483436" lon="15.523601">
        <ele>70.1</ele>
      </trkpt>
      <trkpt lat="58.483231" lon="15.523301">
        <ele>68.5</ele>
      </trkpt>
      <trkpt lat="58.483025" lon="15.523002">
        <ele>66.8</ele>
      </trkpt>
      <trkpt lat="58.482905" lon="15.522805">
        <ele>66.1</ele>
      </trkpt>
      <trkpt lat="58.482623" lon="15.522338">
        <ele>65.4</ele>
      </trkpt>
      <trkpt lat="58.482553" lon="15.52223">
        <ele>65.1</ele>
      </trkpt>
      <trkpt lat="58.482465" lon="15.52212">
        <ele>64.5</ele>
      </trkpt>
      <trkpt lat="58.482372" lon="15.522012">
        <ele>63.6</ele>
      </trkpt>
      <trkpt lat="58.482266" lon="15.521905">
        <ele>63.3</ele>
      </trkpt>
      <trkpt lat="58.482103" lon="15.521776">
        <ele>62.6</ele>
      </trkpt>
      <trkpt lat="58.481971" lon="15.521682">
        <ele>61.2</ele>
      </trkpt>
      <trkpt lat="58.481895" lon="15.521638">
        <ele>60.6</ele>
      </trkpt>
      <trkpt lat="58.48172" lon="15.521605">
        <ele>59.5</ele>
      </trkpt>
      <trkpt lat="58.481599" lon="15.521612">
        <ele>58.8</ele>
      </trkpt>
      <trkpt lat="58.481496" lon="15.521638">
        <ele>58.4</ele>
      </trkpt>
      <trkpt lat="58.481368" lon="15.521697">
        <ele>57.9</ele>
      </trkpt>
      <trkpt lat="58.481236" lon="15.521801">
        <ele>57.3</ele>
      </trkpt>
      <trkpt lat="58.481109" lon="15.521918">
        <ele>57.0</ele>
      </trkpt>
      <trkpt lat="58.48098" lon="15.522038">
        <ele>57.1</ele>
      </trkpt>
      <trkpt lat="58.480749" lon="15.52225">
        <ele>57.0</ele>
      </trkpt>
      <trkpt lat="58.480496" lon="15.522482">
        <ele>56.6</ele>
      </trkpt>
      <trkpt lat="58.480175" lon="15.522777">
        <ele>54.2</ele>
      </trkpt>
      <trkpt lat="58.479801" lon="15.523119">
        <ele>52.3</ele>
      </trkpt>
      <trkpt lat="58.479426" lon="15.52346">
        <ele>50.5</ele>
      </trkpt>
      <trkpt lat="58.479145" lon="15.523686">
        <ele>48.9</ele>
      </trkpt>
      <trkpt lat="58.478838" lon="15.523906">
        <ele>46.7</ele>
      </trkpt>
      <trkpt lat="58.478517" lon="15.524131">
        <ele>45.0</ele>
      </trkpt>
      <trkpt lat="58.478204" lon="15.524338">
        <ele>44.2</ele>
      </trkpt>
      <trkpt lat="58.477891" lon="15.524545">
        <ele>43.2</ele>
      </trkpt>
      <trkpt lat="58.477579" lon="15.524752">
        <ele>42.2</ele>
      </trkpt>
      <trkpt lat="58.477314" lon="15.524918">
        <ele>40.5</ele>
      </trkpt>
      <trkpt lat="58.47705" lon="15.525085">
        <ele>39.9</ele>
      </trkpt>
      <trkpt lat="58.476681" lon="15.525324">
        <ele>39.0</ele>
      </trkpt>
      <trkpt lat="58.476311" lon="15.525564">
        <ele>39.0</ele>
      </trkpt>
      <trkpt lat="58.475951" lon="15.52579">
        <ele>38.5</ele>
      </trkpt>
      <trkpt lat="58.475591" lon="15.526016">
        <ele>38.0</ele>
      </trkpt>
      <trkpt lat="58.475219" lon="15.52627">
        <ele>36.9</ele>
      </trkpt>
      <trkpt lat="58.474846" lon="15.526523">
        <ele>37.0</ele>
      </trkpt>
      <trkpt lat="58.474463" lon="15.526807">
        <ele>37.1</ele>
      </trkpt>
      <trkpt lat="58.474124" lon="15.527072">
        <ele>36.0</ele>
      </trkpt>
      <trkpt lat="58.473784" lon="15.527336">
        <ele>35.6</ele>
      </trkpt>
      <trkpt lat="58.473415" lon="15.527635">
        <ele>35.1</ele>
      </trkpt>
      <trkpt lat="58.473046" lon="15.527934">
        <ele>33.9</ele>
      </trkpt>
      <trkpt lat="58.472742" lon="15.528153">
        <ele>34.0</ele>
      </trkpt>
      <trkpt lat="58.472439" lon="15.528372">
        <ele>34.0</ele>
      </trkpt>
      <trkpt lat="58.472135" lon="15.528591">
        <ele>34.0</ele>
      </trkpt>
      <trkpt lat="58.471814" lon="15.528786">
        <ele>33.7</ele>
      </trkpt>
      <trkpt lat="58.471493" lon="15.528981">
        <ele>33.4</ele>
      </trkpt>
      <trkpt lat="58.471173" lon="15.529176">
        <ele>33.0</ele>
      </trkpt>
      <trkpt lat="58.470852" lon="15.529371">
        <ele>33.0</ele>
      </trkpt>
      <trkpt lat="58.470583" lon="15.529547">
        <ele>33.0</ele>
      </trkpt>
      <trkpt lat="58.470315" lon="15.529722">
        <ele>33.0</ele>
      </trkpt>
      <trkpt lat="58.470092" lon="15.529864">
        <ele>33.1</ele>
      </trkpt>
      <trkpt lat="58.469868" lon="15.530005">
        <ele>32.5</ele>
      </trkpt>
      <trkpt lat="58.469537" lon="15.530236">
        <ele>31.9</ele>
      </trkpt>
      <trkpt lat="58.46921" lon="15.530524">
        <ele>32.8</ele>
      </trkpt>
      <trkpt lat="58.468902" lon="15.530849">
        <ele>34.0</ele>
      </trkpt>
      <trkpt lat="58.46863" lon="15.53116">
        <ele>34.9</ele>
      </trkpt>
      <trkpt lat="58.468358" lon="15.531471">
        <ele>34.9</ele>
      </trkpt>
      <trkpt lat="58.468086" lon="15.531782">
        <ele>34.5</ele>
      </trkpt>
      <trkpt lat="58.467832" lon="15.532089">
        <ele>34.4</ele>
      </trkpt>
      <trkpt lat="58.467577" lon="15.532397">
        <ele>33.9</ele>
      </trkpt>
      <trkpt lat="58.467323" lon="15.532704">
        <ele>34.2</ele>
      </trkpt>
      <trkpt lat="58.466975" lon="15.533146">
        <ele>33.6</ele>
      </trkpt>
      <trkpt lat="58.466778" lon="15.533416">
        <ele>33.7</ele>
      </trkpt>
      <trkpt lat="58.466581" lon="15.533686">
        <ele>33.8</ele>
      </trkpt>
      <trkpt lat="58.466374" lon="15.533987">
        <ele>33.0</ele>
      </trkpt>
      <trkpt lat="58.466169" lon="15.534295">
        <ele>33.9</ele>
      </trkpt>
      <trkpt lat="58.465963" lon="15.534617">
        <ele>34.1</ele>
      </trkpt>
      <trkpt lat="58.465756" lon="15.534938">
        <ele>34.1</ele>
      </trkpt>
      <trkpt lat="58.465492" lon="15.535382">
        <ele>33.9</ele>
      </trkpt>
      <trkpt lat="58.465227" lon="15.535826">
        <ele>33.0</ele>
      </trkpt>
      <trkpt lat="58.464963" lon="15.536269">
        <ele>33.1</ele>
      </trkpt>
      <trkpt lat="58.464679" lon="15.536762">
        <ele>33.2</ele>
      </trkpt>
      <trkpt lat="58.464396" lon="15.537255">
        <ele>33.1</ele>
      </trkpt>
      <trkpt lat="58.464112" lon="15.537748">
        <ele>33.0</ele>
      </trkpt>
      <trkpt lat="58.463802" lon="15.538271">
        <ele>33.0</ele>
      </trkpt>
      <trkpt lat="58.463491" lon="15.538795">
        <ele>33.0</ele>
      </trkpt>
      <trkpt lat="58.46318" lon="15.539319">
        <ele>32.9</ele>
      </trkpt>
      <trkpt lat="58.46287" lon="15.539842">
        <ele>34.0</ele>
      </trkpt>
      <trkpt lat="58.462784" lon="15.540002">
        <ele>34.0</ele>
      </trkpt>
      <trkpt lat="58.462676" lon="15.540247">
        <ele>33.6</ele>
      </trkpt>
      <trkpt lat="58.462533" lon="15.540624">
        <ele>33.1</ele>
      </trkpt>
      <trkpt lat="58.462429" lon="15.540804">
        <ele>33.0</ele>
      </trkpt>
      <trkpt lat="58.462158" lon="15.541221">
        <ele>33.5</ele>
      </trkpt>
      <trkpt lat="58.461887" lon="15.541638">
        <ele>34.1</ele>
      </trkpt>
      <trkpt lat="58.461741" lon="15.541841">
        <ele>34.2</ele>
      </trkpt>
      <trkpt lat="58.461524" lon="15.542061">
        <ele>33.3</ele>
      </trkpt>
      <trkpt lat="58.46135" lon="15.542248">
        <ele>33.0</ele>
      </trkpt>
      <trkpt lat="58.461136" lon="15.542493">
        <ele>33.0</ele>
      </trkpt>
      <trkpt lat="58.460775" lon="15.542959">
        <ele>33.2</ele>
      </trkpt>
      <trkpt lat="58.460469" lon="15.54337">
        <ele>34.1</ele>
      </trkpt>
      <trkpt lat="58.460164" lon="15.543782">
        <ele>34.0</ele>
      </trkpt>
      <trkpt lat="58.459858" lon="15.544193">
        <ele>34.0</ele>
      </trkpt>
      <trkpt lat="58.459576" lon="15.544582">
        <ele>33.2</ele>
      </trkpt>
      <trkpt lat="58.459294" lon="15.544971">
        <ele>33.0</ele>
      </trkpt>
      <trkpt lat="58.459061" lon="15.545293">
        <ele>32.3</ele>
      </trkpt>
      <trkpt lat="58.458828" lon="15.545614">
        <ele>33.1</ele>
      </trkpt>
      <trkpt lat="58.458481" lon="15.546082">
        <ele>33.0</ele>
      </trkpt>
      <trkpt lat="58.458133" lon="15.546549">
        <ele>33.0</ele>
      </trkpt>
      <trkpt lat="58.457786" lon="15.547017">
        <ele>33.0</ele>
      </trkpt>
      <trkpt lat="58.457555" lon="15.547321">
        <ele>33.0</ele>
      </trkpt>
      <trkpt lat="58.457324" lon="15.547625">
        <ele>33.3</ele>
      </trkpt>
      <trkpt lat="58.457062" lon="15.547982">
        <ele>32.9</ele>
      </trkpt>
      <trkpt lat="58.4568" lon="15.548338">
        <ele>32.9</ele>
      </trkpt>
      <trkpt lat="58.456442" lon="15.548838">
        <ele>33.1</ele>
      </trkpt>
      <trkpt lat="58.456085" lon="15.549338">
        <ele>33.0</ele>
      </trkpt>
      <trkpt lat="58.455727" lon="15.549837">
        <ele>33.0</ele>
      </trkpt>
      <trkpt lat="58.455369" lon="15.550349">
        <ele>33.0</ele>
      </trkpt>
      <trkpt lat="58.455011" lon="15.550861">
        <ele>33.0</ele>
      </trkpt>
      <trkpt lat="58.454769" lon="15.551221">
        <ele>33.0</ele>
      </trkpt>
      <trkpt lat="58.454527" lon="15.55158">
        <ele>33.2</ele>
      </trkpt>
      <trkpt lat="58.454222" lon="15.552096">
        <ele>33.0</ele>
      </trkpt>
      <trkpt lat="58.453971" lon="15.552498">
        <ele>33.1</ele>
      </trkpt>
      <trkpt lat="58.45373" lon="15.552916">
        <ele>32.7</ele>
      </trkpt>
      <trkpt lat="58.453558" lon="15.553237">
        <ele>33.0</ele>
      </trkpt>
      <trkpt lat="58.453386" lon="15.553557">
        <ele>33.0</ele>
      </trkpt>
      <trkpt lat="58.453115" lon="15.554049">
        <ele>32.9</ele>
      </trkpt>
      <trkpt lat="58.452937" lon="15.554386">
        <ele>33.4</ele>
      </trkpt>
      <trkpt lat="58.452759" lon="15.554722">
        <ele>34.0</ele>
      </trkpt>
      <trkpt lat="58.45255" lon="15.555114">
        <ele>34.0</ele>
      </trkpt>
      <trkpt lat="58.452341" lon="15.555506">
        <ele>34.6</ele>
      </trkpt>
      <trkpt lat="58.452199" lon="15.555765">
        <ele>35.1</ele>
      </trkpt>
      <trkpt lat="58.452121" lon="15.555884">
        <ele>35.4</ele>
      </trkpt>
      <trkpt lat="58.451964" lon="15.556125">
        <ele>36.0</ele>
      </trkpt>
      <trkpt lat="58.451758" lon="15.556432">
        <ele>36.0</ele>
      </trkpt>
      <trkpt lat="58.451656" lon="15.556593">
        <ele>36.0</ele>
      </trkpt>
      <trkpt lat="58.451373" lon="15.557114">
        <ele>36.0</ele>
      </trkpt>
      <trkpt lat="58.451142" lon="15.557538">
        <ele>36.0</ele>
      </trkpt>
      <trkpt lat="58.45113" lon="15.557331">
        <ele>36.0</ele>
      </trkpt>
      <trkpt lat="58.451125" lon="15.55724">
        <ele>36.0</ele>
      </trkpt>
      <trkpt lat="58.451122" lon="15.557119">
        <ele>36.0</ele>
        <name>58.451122,15.557119</name>
        <extensions>
          <oa:Extension>
            <oa:mapZoom>12</oa:mapZoom>
          </oa:Extension>
        </extensions>
      </trkpt>
      <trkpt lat="58.451116" lon="15.556871">
        <ele>36.0</ele>
      </trkpt>
      <trkpt lat="58.451091" lon="15.556167">
        <ele>37.0</ele>
        <name>58.451091,15.556167</name>
        <extensions>
          <oa:Extension>
            <oa:mapZoom>12</oa:mapZoom>
          </oa:Extension>
        </extensions>
      </trkpt>
      <trkpt lat="58.451067" lon="15.555464">
        <ele>37.0</ele>
        <name>58.451067,15.555464</name>
        <extensions>
          <oa:Extension>
            <oa:mapZoom>12</oa:mapZoom>
          </oa:Extension>
        </extensions>
      </trkpt>
      <trkpt lat="58.451043" lon="15.554673">
        <ele>37.0</ele>
      </trkpt>
      <trkpt lat="58.451019" lon="15.553882">
        <ele>36.0</ele>
      </trkpt>
      <trkpt lat="58.450996" lon="15.553091">
        <ele>35.0</ele>
      </trkpt>
      <trkpt lat="58.450975" lon="15.552425">
        <ele>34.4</ele>
      </trkpt>
      <trkpt lat="58.450955" lon="15.551759">
        <ele>34.6</ele>
      </trkpt>
      <trkpt lat="58.450934" lon="15.551093">
        <ele>35.4</ele>
      </trkpt>
      <trkpt lat="58.450926" lon="15.550787">
        <ele>36.2</ele>
      </trkpt>
      <trkpt lat="58.450924" lon="15.550695">
        <ele>36.5</ele>
      </trkpt>
      <trkpt lat="58.450889" lon="15.550233">
        <ele>38.2</ele>
      </trkpt>
      <trkpt lat="58.45084" lon="15.549809">
        <ele>39.8</ele>
      </trkpt>
      <trkpt lat="58.450792" lon="15.549385">
        <ele>38.8</ele>
      </trkpt>
      <trkpt lat="58.450745" lon="15.548946">
        <ele>38.9</ele>
      </trkpt>
      <trkpt lat="58.450698" lon="15.548508">
        <ele>37.9</ele>
      </trkpt>
      <trkpt lat="58.450657" lon="15.54802">
        <ele>37.4</ele>
      </trkpt>
      <trkpt lat="58.450643" lon="15.54782">
        <ele>37.1</ele>
      </trkpt>
      <trkpt lat="58.450638" lon="15.547762">
        <ele>37.1</ele>
      </trkpt>
      <trkpt lat="58.45063" lon="15.547484">
        <ele>37.1</ele>
      </trkpt>
      <trkpt lat="58.450628" lon="15.547343">
        <ele>36.5</ele>
      </trkpt>
      <trkpt lat="58.450626" lon="15.547234">
        <ele>36.1</ele>
      </trkpt>
      <trkpt lat="58.450635" lon="15.546953">
        <ele>35.8</ele>
      </trkpt>
      <trkpt lat="58.450693" lon="15.546225">
        <ele>34.4</ele>
      </trkpt>
      <trkpt lat="58.450751" lon="15.545496">
        <ele>34.9</ele>
      </trkpt>
      <trkpt lat="58.450809" lon="15.544767">
        <ele>35.0</ele>
      </trkpt>
      <trkpt lat="58.450861" lon="15.544097">
        <ele>35.0</ele>
      </trkpt>
      <trkpt lat="58.450913" lon="15.543427">
        <ele>35.0</ele>
      </trkpt>
      <trkpt lat="58.450965" lon="15.542758">
        <ele>35.0</ele>
      </trkpt>
      <trkpt lat="58.450998" lon="15.542246">
        <ele>36.0</ele>
      </trkpt>
      <trkpt lat="58.451018" lon="15.541833">
        <ele>36.0</ele>
      </trkpt>
      <trkpt lat="58.451034" lon="15.541312">
        <ele>35.9</ele>
      </trkpt>
      <trkpt lat="58.451033" lon="15.54109">
        <ele>36.0</ele>
      </trkpt>
      <trkpt lat="58.451032" lon="15.540515">
        <ele>35.9</ele>
      </trkpt>
      <trkpt lat="58.451031" lon="15.539941">
        <ele>35.3</ele>
      </trkpt>
      <trkpt lat="58.451021" lon="15.539312">
        <ele>36.1</ele>
      </trkpt>
      <trkpt lat="58.45101" lon="15.538684">
        <ele>37.6</ele>
      </trkpt>
      <trkpt lat="58.450996" lon="15.53806">
        <ele>38.1</ele>
      </trkpt>
      <trkpt lat="58.450981" lon="15.537436">
        <ele>37.5</ele>
      </trkpt>
      <trkpt lat="58.450944" lon="15.537032">
        <ele>37.0</ele>
      </trkpt>
      <trkpt lat="58.45088" lon="15.536645">
        <ele>37.0</ele>
      </trkpt>
      <trkpt lat="58.450506" lon="15.536579">
        <ele>37.0</ele>
      </trkpt>
      <trkpt lat="58.450132" lon="15.536513">
        <ele>37.2</ele>
      </trkpt>
      <trkpt lat="58.449757" lon="15.536448">
        <ele>38.0</ele>
      </trkpt>
      <trkpt lat="58.449317" lon="15.53636">
        <ele>36.9</ele>
      </trkpt>
      <trkpt lat="58.448877" lon="15.536273">
        <ele>36.9</ele>
      </trkpt>
      <trkpt lat="58.448437" lon="15.536185">
        <ele>37.7</ele>
      </trkpt>
      <trkpt lat="58.447997" lon="15.536098">
        <ele>38.2</ele>
      </trkpt>
      <trkpt lat="58.447557" lon="15.53601">
        <ele>39.2</ele>
      </trkpt>
      <trkpt lat="58.447117" lon="15.535923">
        <ele>40.8</ele>
      </trkpt>
      <trkpt lat="58.446795" lon="15.535971">
        <ele>40.5</ele>
      </trkpt>
      <trkpt lat="58.446377" lon="15.536089">
        <ele>40.0</ele>
      </trkpt>
      <trkpt lat="58.446059" lon="15.536307">
        <ele>40.0</ele>
      </trkpt>
      <trkpt lat="58.44574" lon="15.536525">
        <ele>40.0</ele>
      </trkpt>
      <trkpt lat="58.445354" lon="15.536809">
        <ele>40.9</ele>
      </trkpt>
      <trkpt lat="58.444968" lon="15.537093">
        <ele>41.1</ele>
      </trkpt>
      <trkpt lat="58.444582" lon="15.537377">
        <ele>42.0</ele>
      </trkpt>
      <trkpt lat="58.444196" lon="15.537661">
        <ele>43.0</ele>
      </trkpt>
      <trkpt lat="58.44381" lon="15.537945">
        <ele>43.3</ele>
      </trkpt>
      <trkpt lat="58.443424" lon="15.53823">
        <ele>44.8</ele>
      </trkpt>
      <trkpt lat="58.443038" lon="15.538514">
        <ele>45.1</ele>
      </trkpt>
      <trkpt lat="58.442766" lon="15.53871">
        <ele>44.7</ele>
      </trkpt>
      <trkpt lat="58.442494" lon="15.538905">
        <ele>45.0</ele>
      </trkpt>
      <trkpt lat="58.442365" lon="15.539002">
        <ele>45.7</ele>
      </trkpt>
      <trkpt lat="58.442117" lon="15.539141">
        <ele>46.3</ele>
      </trkpt>
      <trkpt lat="58.441687" lon="15.539223">
        <ele>44.9</ele>
      </trkpt>
      <trkpt lat="58.441257" lon="15.539304">
        <ele>44.4</ele>
      </trkpt>
      <trkpt lat="58.440873" lon="15.539353">
        <ele>43.2</ele>
      </trkpt>
      <trkpt lat="58.440489" lon="15.539401">
        <ele>41.8</ele>
      </trkpt>
      <trkpt lat="58.440209" lon="15.539266">
        <ele>40.7</ele>
      </trkpt>
      <trkpt lat="58.439927" lon="15.539137">
        <ele>40.0</ele>
      </trkpt>
      <trkpt lat="58.439758" lon="15.539082">
        <ele>40.0</ele>
      </trkpt>
      <trkpt lat="58.439572" lon="15.539109">
        <ele>40.0</ele>
      </trkpt>
      <trkpt lat="58.439181" lon="15.53929">
        <ele>40.0</ele>
      </trkpt>
      <trkpt lat="58.438789" lon="15.53947">
        <ele>38.6</ele>
      </trkpt>
      <trkpt lat="58.438485" lon="15.539655">
        <ele>37.6</ele>
      </trkpt>
      <trkpt lat="58.438182" lon="15.53984">
        <ele>36.5</ele>
      </trkpt>
      <trkpt lat="58.437744" lon="15.539921">
        <ele>36.0</ele>
      </trkpt>
      <trkpt lat="58.437438" lon="15.53996">
        <ele>37.2</ele>
      </trkpt>
      <trkpt lat="58.437132" lon="15.539998">
        <ele>38.1</ele>
      </trkpt>
      <trkpt lat="58.436842" lon="15.540042">
        <ele>37.9</ele>
      </trkpt>
      <trkpt lat="58.436638" lon="15.540066">
        <ele>38.1</ele>
      </trkpt>
      <trkpt lat="58.436486" lon="15.540081">
        <ele>38.5</ele>
      </trkpt>
      <trkpt lat="58.436331" lon="15.54008">
        <ele>39.5</ele>
      </trkpt>
      <trkpt lat="58.436212" lon="15.540065">
        <ele>40.9</ele>
      </trkpt>
      <trkpt lat="58.436054" lon="15.540022">
        <ele>42.5</ele>
      </trkpt>
      <trkpt lat="58.435808" lon="15.539958">
        <ele>43.9</ele>
      </trkpt>
      <trkpt lat="58.435696" lon="15.539929">
        <ele>43.6</ele>
      </trkpt>
      <trkpt lat="58.435564" lon="15.539898">
        <ele>43.0</ele>
      </trkpt>
      <trkpt lat="58.435424" lon="15.539866">
        <ele>42.8</ele>
      </trkpt>
      <trkpt lat="58.435264" lon="15.539834">
        <ele>42.6</ele>
      </trkpt>
      <trkpt lat="58.435095" lon="15.539825">
        <ele>42.2</ele>
      </trkpt>
      <trkpt lat="58.434915" lon="15.539833">
        <ele>42.0</ele>
      </trkpt>
      <trkpt lat="58.434764" lon="15.539852">
        <ele>42.1</ele>
      </trkpt>
      <trkpt lat="58.434627" lon="15.539879">
        <ele>41.7</ele>
      </trkpt>
      <trkpt lat="58.43453" lon="15.53992">
        <ele>41.3</ele>
      </trkpt>
      <trkpt lat="58.434436" lon="15.539985">
        <ele>41.0</ele>
      </trkpt>
      <trkpt lat="58.434353" lon="15.540053">
        <ele>40.9</ele>
      </trkpt>
      <trkpt lat="58.434136" lon="15.540305">
        <ele>41.0</ele>
      </trkpt>
      <trkpt lat="58.434048" lon="15.540403">
        <ele>41.1</ele>
      </trkpt>
      <trkpt lat="58.433977" lon="15.540465">
        <ele>41.1</ele>
      </trkpt>
      <trkpt lat="58.433919" lon="15.540511">
        <ele>41.1</ele>
      </trkpt>
      <trkpt lat="58.433786" lon="15.540611">
        <ele>40.9</ele>
      </trkpt>
      <trkpt lat="58.433637" lon="15.540699">
        <ele>40.9</ele>
      </trkpt>
      <trkpt lat="58.433487" lon="15.540768">
        <ele>41.4</ele>
      </trkpt>
      <trkpt lat="58.433356" lon="15.540809">
        <ele>41.9</ele>
      </trkpt>
      <trkpt lat="58.433304" lon="15.540818">
        <ele>42.2</ele>
      </trkpt>
      <trkpt lat="58.433251" lon="15.540827">
        <ele>42.5</ele>
      </trkpt>
      <trkpt lat="58.433172" lon="15.540828">
        <ele>43.2</ele>
      </trkpt>
      <trkpt lat="58.433047" lon="15.540819">
        <ele>44.0</ele>
      </trkpt>
      <trkpt lat="58.432749" lon="15.540783">
        <ele>44.9</ele>
      </trkpt>
      <trkpt lat="58.432708" lon="15.54078">
        <ele>44.9</ele>
      </trkpt>
      <trkpt lat="58.432505" lon="15.540766">
        <ele>44.8</ele>
      </trkpt>
      <trkpt lat="58.432384" lon="15.540758">
        <ele>44.7</ele>
      </trkpt>
      <trkpt lat="58.432288" lon="15.54077">
        <ele>44.8</ele>
      </trkpt>
      <trkpt lat="58.432223" lon="15.540792">
        <ele>44.8</ele>
      </trkpt>
      <trkpt lat="58.432144" lon="15.54084">
        <ele>45.0</ele>
      </trkpt>
      <trkpt lat="58.431807" lon="15.541059">
        <ele>44.4</ele>
      </trkpt>
      <trkpt lat="58.431442" lon="15.541289">
        <ele>44.5</ele>
      </trkpt>
      <trkpt lat="58.431077" lon="15.541519">
        <ele>47.5</ele>
      </trkpt>
      <trkpt lat="58.430981" lon="15.541563">
        <ele>48.2</ele>
      </trkpt>
      <trkpt lat="58.430873" lon="15.541612">
        <ele>48.7</ele>
      </trkpt>
      <trkpt lat="58.430658" lon="15.541686">
        <ele>48.4</ele>
      </trkpt>
      <trkpt lat="58.430402" lon="15.541768">
        <ele>48.2</ele>
      </trkpt>
      <trkpt lat="58.430367" lon="15.541779">
        <ele>48.1</ele>
      </trkpt>
      <trkpt lat="58.430129" lon="15.541836">
        <ele>47.6</ele>
      </trkpt>
      <trkpt lat="58.430012" lon="15.541856">
        <ele>47.6</ele>
      </trkpt>
      <trkpt lat="58.429904" lon="15.541861">
        <ele>48.0</ele>
      </trkpt>
      <trkpt lat="58.429812" lon="15.541854">
        <ele>48.5</ele>
      </trkpt>
      <trkpt lat="58.429724" lon="15.541833">
        <ele>48.7</ele>
      </trkpt>
      <trkpt lat="58.429635" lon="15.541797">
        <ele>48.5</ele>
      </trkpt>
      <trkpt lat="58.429547" lon="15.541759">
        <ele>48.3</ele>
      </trkpt>
      <trkpt lat="58.429388" lon="15.541669">
        <ele>47.8</ele>
      </trkpt>
      <trkpt lat="58.429192" lon="15.541546">
        <ele>46.9</ele>
      </trkpt>
      <trkpt lat="58.4289" lon="15.541353">
        <ele>48.0</ele>
      </trkpt>
      <trkpt lat="58.42873" lon="15.541219">
        <ele>48.5</ele>
      </trkpt>
      <trkpt lat="58.428634" lon="15.541138">
        <ele>48.9</ele>
      </trkpt>
      <trkpt lat="58.428543" lon="15.541044">
        <ele>49.2</ele>
      </trkpt>
      <trkpt lat="58.428463" lon="15.540948">
        <ele>49.5</ele>
      </trkpt>
      <trkpt lat="58.428321" lon="15.540762">
        <ele>50.1</ele>
      </trkpt>
      <trkpt lat="58.428169" lon="15.540555">
        <ele>50.0</ele>
      </trkpt>
      <trkpt lat="58.428072" lon="15.540436">
        <ele>49.9</ele>
      </trkpt>
      <trkpt lat="58.427974" lon="15.540335">
        <ele>50.3</ele>
      </trkpt>
      <trkpt lat="58.427856" lon="15.540228">
        <ele>50.7</ele>
      </trkpt>
      <trkpt lat="58.427748" lon="15.540144">
        <ele>50.6</ele>
      </trkpt>
      <trkpt lat="58.427493" lon="15.539965">
        <ele>51.0</ele>
      </trkpt>
      <trkpt lat="58.427395" lon="15.539902">
        <ele>51.4</ele>
      </trkpt>
      <trkpt lat="58.427308" lon="15.539851">
        <ele>51.8</ele>
      </trkpt>
      <trkpt lat="58.427225" lon="15.53982">
        <ele>52.0</ele>
      </trkpt>
      <trkpt lat="58.427162" lon="15.539802">
        <ele>52.1</ele>
      </trkpt>
      <trkpt lat="58.427078" lon="15.53979">
        <ele>52.1</ele>
      </trkpt>
      <trkpt lat="58.427004" lon="15.539794">
        <ele>52.0</ele>
      </trkpt>
      <trkpt lat="58.426934" lon="15.539813">
        <ele>52.0</ele>
      </trkpt>
      <trkpt lat="58.426855" lon="15.539855">
        <ele>52.0</ele>
      </trkpt>
      <trkpt lat="58.42666" lon="15.540012">
        <ele>52.0</ele>
      </trkpt>
      <trkpt lat="58.426563" lon="15.54002">
        <ele>52.0</ele>
      </trkpt>
      <trkpt lat="58.426494" lon="15.540056">
        <ele>51.9</ele>
      </trkpt>
      <trkpt lat="58.42645" lon="15.540179">
        <ele>51.9</ele>
      </trkpt>
      <trkpt lat="58.426369" lon="15.54021">
        <ele>52.0</ele>
      </trkpt>
      <trkpt lat="58.426266" lon="15.540236">
        <ele>52.5</ele>
      </trkpt>
      <trkpt lat="58.426276" lon="15.540308">
        <ele>52.4</ele>
      </trkpt>
      <trkpt lat="58.426356" lon="15.540619">
        <ele>52.0</ele>
      </trkpt>
      <trkpt lat="58.426397" lon="15.540807">
        <ele>52.0</ele>
      </trkpt>
      <trkpt lat="58.426515" lon="15.541417">
        <ele>51.9</ele>
      </trkpt>
      <trkpt lat="58.426615" lon="15.542076">
        <ele>52.1</ele>
      </trkpt>
      <trkpt lat="58.426714" lon="15.542903">
        <ele>51.6</ele>
      </trkpt>
      <trkpt lat="58.426741" lon="15.543386">
        <ele>50.8</ele>
      </trkpt>
      <trkpt lat="58.426768" lon="15.543868">
        <ele>50.0</ele>
      </trkpt>
      <trkpt lat="58.426769" lon="15.544698">
        <ele>50.6</ele>
      </trkpt>
      <trkpt lat="58.426749" lon="15.545413">
        <ele>51.0</ele>
      </trkpt>
      <trkpt lat="58.426728" lon="15.546129">
        <ele>51.5</ele>
      </trkpt>
      <trkpt lat="58.426699" lon="15.546744">
        <ele>51.9</ele>
      </trkpt>
      <trkpt lat="58.426674" lon="15.54726">
        <ele>50.9</ele>
      </trkpt>
      <trkpt lat="58.426635" lon="15.547833">
        <ele>50.1</ele>
      </trkpt>
      <trkpt lat="58.426596" lon="15.548406">
        <ele>51.0</ele>
      </trkpt>
      <trkpt lat="58.426524" lon="15.549156">
        <ele>54.2</ele>
      </trkpt>
      <trkpt lat="58.426452" lon="15.549905">
        <ele>52.2</ele>
      </trkpt>
      <trkpt lat="58.426382" lon="15.550531">
        <ele>48.2</ele>
      </trkpt>
      <trkpt lat="58.426313" lon="15.551157">
        <ele>47.0</ele>
      </trkpt>
      <trkpt lat="58.426244" lon="15.551783">
        <ele>47.1</ele>
      </trkpt>
      <trkpt lat="58.426149" lon="15.552522">
        <ele>47.0</ele>
      </trkpt>
      <trkpt lat="58.426054" lon="15.553262">
        <ele>46.0</ele>
      </trkpt>
      <trkpt lat="58.425977" lon="15.554007">
        <ele>46.0</ele>
      </trkpt>
      <trkpt lat="58.4259" lon="15.554753">
        <ele>45.9</ele>
      </trkpt>
      <trkpt lat="58.425849" lon="15.555227">
        <ele>46.8</ele>
      </trkpt>
      <trkpt lat="58.425825" lon="15.555453">
        <ele>47.0</ele>
      </trkpt>
      <trkpt lat="58.42581" lon="15.555915">
        <ele>48.2</ele>
      </trkpt>
      <trkpt lat="58.425736" lon="15.556546">
        <ele>47.8</ele>
      </trkpt>
      <trkpt lat="58.425681" lon="15.557089">
        <ele>46.5</ele>
      </trkpt>
      <trkpt lat="58.425625" lon="15.557632">
        <ele>45.2</ele>
      </trkpt>
      <trkpt lat="58.425517" lon="15.558238">
        <ele>44.5</ele>
      </trkpt>
      <trkpt lat="58.42548" lon="15.55849">
        <ele>45.1</ele>
      </trkpt>
      <trkpt lat="58.425458" lon="15.558744">
        <ele>45.8</ele>
      </trkpt>
      <trkpt lat="58.425458" lon="15.559386">
        <ele>47.2</ele>
      </trkpt>
      <trkpt lat="58.42539" lon="15.560184">
        <ele>48.5</ele>
      </trkpt>
      <trkpt lat="58.425322" lon="15.560982">
        <ele>46.8</ele>
      </trkpt>
      <trkpt lat="58.425217" lon="15.561498">
        <ele>46.2</ele>
      </trkpt>
      <trkpt lat="58.425188" lon="15.562186">
        <ele>43.8</ele>
      </trkpt>
      <trkpt lat="58.425136" lon="15.562923">
        <ele>44.2</ele>
      </trkpt>
      <trkpt lat="58.425104" lon="15.563383">
        <ele>45.3</ele>
      </trkpt>
      <trkpt lat="58.425071" lon="15.563842">
        <ele>48.0</ele>
      </trkpt>
      <trkpt lat="58.425004" lon="15.564526">
        <ele>49.7</ele>
      </trkpt>
      <trkpt lat="58.424952" lon="15.565023">
        <ele>48.7</ele>
      </trkpt>
      <trkpt lat="58.424901" lon="15.56552">
        <ele>48.0</ele>
      </trkpt>
      <trkpt lat="58.4248" lon="15.566182">
        <ele>49.1</ele>
      </trkpt>
      <trkpt lat="58.424727" lon="15.566659">
        <ele>48.0</ele>
      </trkpt>
      <trkpt lat="58.424644" lon="15.567209">
        <ele>45.9</ele>
      </trkpt>
      <trkpt lat="58.424608" lon="15.567553">
        <ele>45.0</ele>
      </trkpt>
      <trkpt lat="58.424594" lon="15.567939">
        <ele>43.3</ele>
      </trkpt>
      <trkpt lat="58.424594" lon="15.568165">
        <ele>42.5</ele>
      </trkpt>
      <trkpt lat="58.424604" lon="15.568218">
        <ele>42.3</ele>
      </trkpt>
      <trkpt lat="58.424672" lon="15.568551">
        <ele>42.1</ele>
      </trkpt>
      <trkpt lat="58.424689" lon="15.568904">
        <ele>43.2</ele>
      </trkpt>
      <trkpt lat="58.424693" lon="15.569045">
        <ele>43.6</ele>
      </trkpt>
      <trkpt lat="58.424677" lon="15.569142">
        <ele>44.0</ele>
      </trkpt>
      <trkpt lat="58.424638" lon="15.569195">
        <ele>44.3</ele>
      </trkpt>
      <trkpt lat="58.424628" lon="15.569275">
        <ele>44.5</ele>
      </trkpt>
      <trkpt lat="58.424663" lon="15.56945">
        <ele>45.0</ele>
      </trkpt>
      <trkpt lat="58.424699" lon="15.569599">
        <ele>45.6</ele>
      </trkpt>
      <trkpt lat="58.424794" lon="15.569524">
        <ele>45.3</ele>
      </trkpt>
      <trkpt lat="58.424836" lon="15.569699">
        <ele>45.6</ele>
      </trkpt>
      <trkpt lat="58.424886" lon="15.569888">
        <ele>45.5</ele>
      </trkpt>
      <trkpt lat="58.424894" lon="15.570075">
        <ele>45.4</ele>
      </trkpt>
      <trkpt lat="58.424889" lon="15.570195">
        <ele>45.3</ele>
      </trkpt>
      <trkpt lat="58.424821" lon="15.570769">
        <ele>45.8</ele>
      </trkpt>
      <trkpt lat="58.424783" lon="15.571194">
        <ele>45.5</ele>
      </trkpt>
      <trkpt lat="58.424746" lon="15.571619">
        <ele>44.1</ele>
      </trkpt>
      <trkpt lat="58.424779" lon="15.571818">
        <ele>43.4</ele>
      </trkpt>
      <trkpt lat="58.424812" lon="15.572252">
        <ele>41.8</ele>
      </trkpt>
      <trkpt lat="58.424845" lon="15.572685">
        <ele>40.8</ele>
      </trkpt>
      <trkpt lat="58.424903" lon="15.573373">
        <ele>40.9</ele>
      </trkpt>
      <trkpt lat="58.42498" lon="15.573915">
        <ele>41.0</ele>
      </trkpt>
      <trkpt lat="58.425058" lon="15.574458">
        <ele>40.8</ele>
      </trkpt>
      <trkpt lat="58.425106" lon="15.574779">
        <ele>40.6</ele>
      </trkpt>
      <trkpt lat="58.425152" lon="15.57509">
        <ele>41.2</ele>
      </trkpt>
      <trkpt lat="58.425171" lon="15.575219">
        <ele>41.8</ele>
      </trkpt>
      <trkpt lat="58.425224" lon="15.575781">
        <ele>43.0</ele>
      </trkpt>
      <trkpt lat="58.425289" lon="15.576102">
        <ele>44.0</ele>
      </trkpt>
      <trkpt lat="58.425356" lon="15.576393">
        <ele>43.7</ele>
      </trkpt>
      <trkpt lat="58.425438" lon="15.576632">
        <ele>43.4</ele>
      </trkpt>
      <trkpt lat="58.425566" lon="15.576812">
        <ele>43.4</ele>
      </trkpt>
      <trkpt lat="58.425726" lon="15.577015">
        <ele>43.7</ele>
      </trkpt>
      <trkpt lat="58.425572" lon="15.577208">
        <ele>44.9</ele>
      </trkpt>
      <trkpt lat="58.425366" lon="15.577367">
        <ele>45.4</ele>
      </trkpt>
      <trkpt lat="58.42526" lon="15.577465">
        <ele>45.9</ele>
      </trkpt>
      <trkpt lat="58.425064" lon="15.577662">
        <ele>46.5</ele>
      </trkpt>
      <trkpt lat="58.424936" lon="15.577852">
        <ele>47.0</ele>
      </trkpt>
      <trkpt lat="58.424759" lon="15.577994">
        <ele>46.8</ele>
      </trkpt>
      <trkpt lat="58.424444" lon="15.578162">
        <ele>46.4</ele>
      </trkpt>
      <trkpt lat="58.424279" lon="15.578254">
        <ele>46.2</ele>
      </trkpt>
      <trkpt lat="58.424237" lon="15.578277">
        <ele>46.2</ele>
      </trkpt>
      <trkpt lat="58.423814" lon="15.578511">
        <ele>45.8</ele>
      </trkpt>
      <trkpt lat="58.423521" lon="15.578679">
        <ele>45.1</ele>
      </trkpt>
      <trkpt lat="58.423228" lon="15.578848">
        <ele>45.9</ele>
      </trkpt>
      <trkpt lat="58.422983" lon="15.578989">
        <ele>45.9</ele>
      </trkpt>
      <trkpt lat="58.422931" lon="15.579024">
        <ele>45.7</ele>
      </trkpt>
      <trkpt lat="58.422521" lon="15.579118">
        <ele>46.0</ele>
      </trkpt>
      <trkpt lat="58.422419" lon="15.579141">
        <ele>46.0</ele>
      </trkpt>
      <trkpt lat="58.422225" lon="15.579187">
        <ele>46.0</ele>
      </trkpt>
      <trkpt lat="58.421926" lon="15.579275">
        <ele>46.0</ele>
      </trkpt>
      <trkpt lat="58.421883" lon="15.579279">
        <ele>45.8</ele>
      </trkpt>
      <trkpt lat="58.421847" lon="15.579273">
        <ele>45.6</ele>
      </trkpt>
      <trkpt lat="58.421821" lon="15.57926">
        <ele>45.5</ele>
      </trkpt>
      <trkpt lat="58.421685" lon="15.579177">
        <ele>45.0</ele>
      </trkpt>
      <trkpt lat="58.421655" lon="15.579387">
        <ele>44.9</ele>
      </trkpt>
      <trkpt lat="58.421557" lon="15.580072">
        <ele>46.4</ele>
      </trkpt>
      <trkpt lat="58.421517" lon="15.580518">
        <ele>47.4</ele>
      </trkpt>
      <trkpt lat="58.421476" lon="15.580965">
        <ele>48.2</ele>
      </trkpt>
      <trkpt lat="58.42146" lon="15.581178">
        <ele>48.9</ele>
      </trkpt>
      <trkpt lat="58.421448" lon="15.581329">
        <ele>48.9</ele>
      </trkpt>
      <trkpt lat="58.421439" lon="15.581403">
        <ele>48.9</ele>
      </trkpt>
      <trkpt lat="58.421422" lon="15.58147">
        <ele>48.9</ele>
      </trkpt>
      <trkpt lat="58.421395" lon="15.581575">
        <ele>49.0</ele>
      </trkpt>
      <trkpt lat="58.42138" lon="15.581654">
        <ele>49.0</ele>
      </trkpt>
      <trkpt lat="58.421376" lon="15.581734">
        <ele>49.0</ele>
      </trkpt>
      <trkpt lat="58.421362" lon="15.582018">
        <ele>49.0</ele>
      </trkpt>
      <trkpt lat="58.42136" lon="15.582151">
        <ele>49.0</ele>
      </trkpt>
      <trkpt lat="58.421362" lon="15.582219">
        <ele>49.0</ele>
      </trkpt>
      <trkpt lat="58.42137" lon="15.582281">
        <ele>49.1</ele>
      </trkpt>
      <trkpt lat="58.421385" lon="15.582339">
        <ele>49.1</ele>
      </trkpt>
      <trkpt lat="58.421399" lon="15.582377">
        <ele>49.1</ele>
      </trkpt>
      <trkpt lat="58.421395" lon="15.582549">
        <ele>48.8</ele>
      </trkpt>
      <trkpt lat="58.4214" lon="15.582639">
        <ele>48.1</ele>
      </trkpt>
      <trkpt lat="58.421404" lon="15.582696">
        <ele>47.6</ele>
      </trkpt>
      <trkpt lat="58.421391" lon="15.582952">
        <ele>46.3</ele>
      </trkpt>
      <trkpt lat="58.421392" lon="15.583233">
        <ele>46.0</ele>
      </trkpt>
      <trkpt lat="58.421418" lon="15.583919">
        <ele>46.0</ele>
      </trkpt>
      <trkpt lat="58.421443" lon="15.584605">
        <ele>46.2</ele>
      </trkpt>
      <trkpt lat="58.42146" lon="15.584843">
        <ele>45.7</ele>
      </trkpt>
      <trkpt lat="58.421521" lon="15.585417">
        <ele>44.1</ele>
      </trkpt>
      <trkpt lat="58.421573" lon="15.58595">
        <ele>43.0</ele>
      </trkpt>
      <trkpt lat="58.421574" lon="15.586038">
        <ele>43.0</ele>
      </trkpt>
      <trkpt lat="58.421585" lon="15.586158">
        <ele>43.0</ele>
      </trkpt>
      <trkpt lat="58.421569" lon="15.586188">
        <ele>43.0</ele>
      </trkpt>
      <trkpt lat="58.421548" lon="15.586214">
        <ele>43.0</ele>
      </trkpt>
      <trkpt lat="58.421451" lon="15.586256">
        <ele>43.0</ele>
      </trkpt>
      <trkpt lat="58.421391" lon="15.586279">
        <ele>43.0</ele>
      </trkpt>
      <trkpt lat="58.421198" lon="15.586326">
        <ele>42.9</ele>
      </trkpt>
      <trkpt lat="58.421138" lon="15.58634">
        <ele>43.0</ele>
      </trkpt>
      <trkpt lat="58.421069" lon="15.586366">
        <ele>43.1</ele>
      </trkpt>
      <trkpt lat="58.421006" lon="15.586405">
        <ele>43.3</ele>
      </trkpt>
      <trkpt lat="58.42089" lon="15.586474">
        <ele>43.7</ele>
      </trkpt>
      <trkpt lat="58.420776" lon="15.586527">
        <ele>44.2</ele>
      </trkpt>
      <trkpt lat="58.420727" lon="15.586553">
        <ele>44.6</ele>
      </trkpt>
      <trkpt lat="58.4206" lon="15.586653">
        <ele>45.8</ele>
      </trkpt>
      <trkpt lat="58.420497" lon="15.586733">
        <ele>46.2</ele>
      </trkpt>
      <trkpt lat="58.420419" lon="15.586823">
        <ele>46.1</ele>
      </trkpt>
      <trkpt lat="58.420344" lon="15.586917">
        <ele>46.0</ele>
      </trkpt>
      <trkpt lat="58.420274" lon="15.587018">
        <ele>46.0</ele>
      </trkpt>
      <trkpt lat="58.420233" lon="15.587101">
        <ele>46.0</ele>
      </trkpt>
      <trkpt lat="58.420186" lon="15.58721">
        <ele>46.0</ele>
      </trkpt>
      <trkpt lat="58.420114" lon="15.58742">
        <ele>45.9</ele>
      </trkpt>
      <trkpt lat="58.420029" lon="15.587697">
        <ele>45.9</ele>
      </trkpt>
      <trkpt lat="58.419869" lon="15.58819">
        <ele>47.5</ele>
      </trkpt>
      <trkpt lat="58.419851" lon="15.588245">
        <ele>47.6</ele>
      </trkpt>
      <trkpt lat="58.419781" lon="15.588408">
        <ele>47.9</ele>
      </trkpt>
      <trkpt lat="58.419641" lon="15.58882">
        <ele>47.4</ele>
      </trkpt>
      <trkpt lat="58.4195" lon="15.589232">
        <ele>46.9</ele>
      </trkpt>
      <trkpt lat="58.419424" lon="15.5894">
        <ele>47.0</ele>
      </trkpt>
      <trkpt lat="58.419296" lon="15.589629">
        <ele>47.4</ele>
      </trkpt>
      <trkpt lat="58.419094" lon="15.590002">
        <ele>49.3</ele>
      </trkpt>
      <trkpt lat="58.419083" lon="15.590041">
        <ele>49.4</ele>
      </trkpt>
      <trkpt lat="58.419085" lon="15.590069">
        <ele>49.4</ele>
      </trkpt>
      <trkpt lat="58.4191" lon="15.5901">
        <ele>49.4</ele>
      </trkpt>
      <trkpt lat="58.419055" lon="15.59017">
        <ele>49.5</ele>
      </trkpt>
      <trkpt lat="58.418962" lon="15.590323">
        <ele>49.7</ele>
      </trkpt>
      <trkpt lat="58.418895" lon="15.590421">
        <ele>50.0</ele>
      </trkpt>
      <trkpt lat="58.4188" lon="15.590549">
        <ele>50.4</ele>
      </trkpt>
      <trkpt lat="58.418513" lon="15.590905">
        <ele>50.9</ele>
      </trkpt>
      <trkpt lat="58.418463" lon="15.590967">
        <ele>50.7</ele>
      </trkpt>
      <trkpt lat="58.418424" lon="15.59103">
        <ele>50.6</ele>
      </trkpt>
      <trkpt lat="58.418357" lon="15.591146">
        <ele>51.0</ele>
      </trkpt>
      <trkpt lat="58.418318" lon="15.591216">
        <ele>51.4</ele>
      </trkpt>
      <trkpt lat="58.418299" lon="15.591271">
        <ele>51.8</ele>
      </trkpt>
      <trkpt lat="58.418283" lon="15.591351">
        <ele>52.2</ele>
      </trkpt>
      <trkpt lat="58.418255" lon="15.591426">
        <ele>52.4</ele>
      </trkpt>
      <trkpt lat="58.418165" lon="15.591575">
        <ele>52.6</ele>
      </trkpt>
      <trkpt lat="58.417836" lon="15.592095">
        <ele>55.0</ele>
      </trkpt>
      <trkpt lat="58.417522" lon="15.592588">
        <ele>55.0</ele>
      </trkpt>
      <trkpt lat="58.41733" lon="15.592892">
        <ele>55.5</ele>
      </trkpt>
      <trkpt lat="58.41716" lon="15.593181">
        <ele>56.7</ele>
      </trkpt>
      <trkpt lat="58.417133" lon="15.593246">
        <ele>57.1</ele>
      </trkpt>
      <trkpt lat="58.417067" lon="15.593426">
        <ele>57.7</ele>
      </trkpt>
      <trkpt lat="58.41692" lon="15.593868">
        <ele>59.0</ele>
      </trkpt>
      <trkpt lat="58.416804" lon="15.594208">
        <ele>58.8</ele>
      </trkpt>
      <trkpt lat="58.416688" lon="15.594555">
        <ele>58.9</ele>
      </trkpt>
      <trkpt lat="58.416496" lon="15.595136">
        <ele>60.6</ele>
      </trkpt>
      <trkpt lat="58.416428" lon="15.595347">
        <ele>60.9</ele>
      </trkpt>
      <trkpt lat="58.41621" lon="15.596009">
        <ele>60.6</ele>
      </trkpt>
      <trkpt lat="58.415992" lon="15.596671">
        <ele>61.3</ele>
      </trkpt>
      <trkpt lat="58.41589" lon="15.596961">
        <ele>61.9</ele>
      </trkpt>
      <trkpt lat="58.415846" lon="15.597099">
        <ele>62.0</ele>
      </trkpt>
      <trkpt lat="58.415784" lon="15.597252">
        <ele>62.2</ele>
      </trkpt>
      <trkpt lat="58.415613" lon="15.597726">
        <ele>62.0</ele>
      </trkpt>
      <trkpt lat="58.415557" lon="15.597898">
        <ele>61.9</ele>
      </trkpt>
      <trkpt lat="58.415512" lon="15.59808">
        <ele>62.1</ele>
      </trkpt>
      <trkpt lat="58.415423" lon="15.598545">
        <ele>61.9</ele>
      </trkpt>
      <trkpt lat="58.415373" lon="15.598863">
        <ele>62.3</ele>
      </trkpt>
      <trkpt lat="58.415345" lon="15.599072">
        <ele>61.9</ele>
      </trkpt>
      <trkpt lat="58.415324" lon="15.599293">
        <ele>61.6</ele>
      </trkpt>
      <trkpt lat="58.415319" lon="15.599344">
        <ele>61.7</ele>
      </trkpt>
      <trkpt lat="58.415303" lon="15.599543">
        <ele>62.2</ele>
      </trkpt>
      <trkpt lat="58.415287" lon="15.599774">
        <ele>63.0</ele>
      </trkpt>
      <trkpt lat="58.415283" lon="15.599806">
        <ele>63.1</ele>
      </trkpt>
      <trkpt lat="58.415248" lon="15.600099">
        <ele>63.1</ele>
      </trkpt>
      <trkpt lat="58.41524" lon="15.600168">
        <ele>63.1</ele>
      </trkpt>
      <trkpt lat="58.415228" lon="15.600306">
        <ele>63.0</ele>
      </trkpt>
      <trkpt lat="58.415227" lon="15.600472">
        <ele>63.0</ele>
      </trkpt>
      <trkpt lat="58.415234" lon="15.600549">
        <ele>62.9</ele>
      </trkpt>
      <trkpt lat="58.415252" lon="15.60072">
        <ele>63.0</ele>
      </trkpt>
      <trkpt lat="58.415284" lon="15.601077">
        <ele>62.1</ele>
      </trkpt>
      <trkpt lat="58.415279" lon="15.601216">
        <ele>61.6</ele>
      </trkpt>
      <trkpt lat="58.415268" lon="15.601356">
        <ele>61.1</ele>
      </trkpt>
      <trkpt lat="58.415214" lon="15.601365">
        <ele>61.1</ele>
      </trkpt>
      <trkpt lat="58.41516" lon="15.601384">
        <ele>61.2</ele>
      </trkpt>
      <trkpt lat="58.415204" lon="15.601801">
        <ele>61.3</ele>
      </trkpt>
      <trkpt lat="58.415252" lon="15.602269">
        <ele>61.2</ele>
      </trkpt>
      <trkpt lat="58.415298" lon="15.602704">
        <ele>60.9</ele>
      </trkpt>
      <trkpt lat="58.415339" lon="15.60312">
        <ele>60.4</ele>
      </trkpt>
      <trkpt lat="58.415385" lon="15.603559">
        <ele>59.9</ele>
      </trkpt>
      <trkpt lat="58.415477" lon="15.603873">
        <ele>58.5</ele>
      </trkpt>
      <trkpt lat="58.415478" lon="15.603944">
        <ele>58.5</ele>
      </trkpt>
      <trkpt lat="58.415471" lon="15.603996">
        <ele>58.6</ele>
      </trkpt>
      <trkpt lat="58.415472" lon="15.604053">
        <ele>58.6</ele>
      </trkpt>
      <trkpt lat="58.415468" lon="15.604096">
        <ele>58.6</ele>
      </trkpt>
      <trkpt lat="58.415454" lon="15.604151">
        <ele>58.7</ele>
      </trkpt>
      <trkpt lat="58.415424" lon="15.604245">
        <ele>58.7</ele>
      </trkpt>
      <trkpt lat="58.415119" lon="15.604708">
        <ele>59.5</ele>
      </trkpt>
      <trkpt lat="58.415056" lon="15.604808">
        <ele>59.7</ele>
      </trkpt>
      <trkpt lat="58.414778" lon="15.605163">
        <ele>61.1</ele>
      </trkpt>
      <trkpt lat="58.414714" lon="15.605242">
        <ele>61.1</ele>
      </trkpt>
      <trkpt lat="58.414672" lon="15.605329">
        <ele>61.2</ele>
      </trkpt>
      <trkpt lat="58.414645" lon="15.60536">
        <ele>61.4</ele>
      </trkpt>
      <trkpt lat="58.414618" lon="15.605387">
        <ele>61.5</ele>
      </trkpt>
      <trkpt lat="58.414659" lon="15.605607">
        <ele>62.1</ele>
      </trkpt>
      <trkpt lat="58.414668" lon="15.605658">
        <ele>62.1</ele>
      </trkpt>
      <trkpt lat="58.414714" lon="15.60589">
        <ele>62.0</ele>
      </trkpt>
      <trkpt lat="58.414725" lon="15.605953">
        <ele>62.0</ele>
      </trkpt>
      <trkpt lat="58.414728" lon="15.606017">
        <ele>62.0</ele>
      </trkpt>
      <trkpt lat="58.414716" lon="15.606084">
        <ele>62.0</ele>
      </trkpt>
      <trkpt lat="58.414701" lon="15.606116">
        <ele>62.0</ele>
      </trkpt>
      <trkpt lat="58.41467" lon="15.606154">
        <ele>62.2</ele>
      </trkpt>
      <trkpt lat="58.414623" lon="15.606212">
        <ele>62.4</ele>
      </trkpt>
      <trkpt lat="58.414565" lon="15.606292">
        <ele>62.6</ele>
      </trkpt>
      <trkpt lat="58.414457" lon="15.606537">
        <ele>63.0</ele>
      </trkpt>
      <trkpt lat="58.414367" lon="15.606791">
        <ele>63.1</ele>
      </trkpt>
      <trkpt lat="58.414177" lon="15.607265">
        <ele>63.0</ele>
      </trkpt>
      <trkpt lat="58.413986" lon="15.607739">
        <ele>64.1</ele>
      </trkpt>
      <trkpt lat="58.413894" lon="15.60797">
        <ele>64.0</ele>
      </trkpt>
      <trkpt lat="58.413749" lon="15.60833">
        <ele>64.1</ele>
      </trkpt>
      <trkpt lat="58.413613" lon="15.608653">
        <ele>62.9</ele>
      </trkpt>
      <trkpt lat="58.413412" lon="15.609133">
        <ele>63.1</ele>
      </trkpt>
      <trkpt lat="58.413212" lon="15.609613">
        <ele>61.6</ele>
      </trkpt>
      <trkpt lat="58.413163" lon="15.609744">
        <ele>61.6</ele>
      </trkpt>
      <trkpt lat="58.41296" lon="15.610296">
        <ele>60.0</ele>
      </trkpt>
      <trkpt lat="58.412757" lon="15.610848">
        <ele>58.9</ele>
      </trkpt>
      <trkpt lat="58.412696" lon="15.611012">
        <ele>58.9</ele>
      </trkpt>
      <trkpt lat="58.412629" lon="15.611195">
        <ele>59.0</ele>
      </trkpt>
      <trkpt lat="58.412477" lon="15.611605">
        <ele>59.1</ele>
      </trkpt>
      <trkpt lat="58.412381" lon="15.611867">
        <ele>58.3</ele>
      </trkpt>
      <trkpt lat="58.412206" lon="15.612385">
        <ele>57.0</ele>
      </trkpt>
      <trkpt lat="58.412182" lon="15.612464">
        <ele>57.2</ele>
      </trkpt>
      <trkpt lat="58.412159" lon="15.612562">
        <ele>57.3</ele>
      </trkpt>
      <trkpt lat="58.412129" lon="15.612697">
        <ele>57.6</ele>
        <name>58.412129,15.612697</name>
        <extensions>
          <oa:Extension>
            <oa:mapZoom>12</oa:mapZoom>
          </oa:Extension>
        </extensions>
      </trkpt>
      <trkpt lat="58.41207" lon="15.613012">
        <ele>59.1</ele>
      </trkpt>
      <trkpt lat="58.411974" lon="15.61371">
        <ele>59.6</ele>
      </trkpt>
      <trkpt lat="58.411912" lon="15.614158">
        <ele>59.1</ele>
      </trkpt>
      <trkpt lat="58.411795" lon="15.614964">
        <ele>60.0</ele>
      </trkpt>
      <trkpt lat="58.411775" lon="15.615284">
        <ele>60.7</ele>
      </trkpt>
      <trkpt lat="58.411761" lon="15.615576">
        <ele>60.7</ele>
      </trkpt>
      <trkpt lat="58.411743" lon="15.616">
        <ele>60.8</ele>
      </trkpt>
      <trkpt lat="58.41174" lon="15.61607">
        <ele>60.8</ele>
      </trkpt>
      <trkpt lat="58.411737" lon="15.616176">
        <ele>60.8</ele>
      </trkpt>
      <trkpt lat="58.411727" lon="15.616643">
        <ele>59.7</ele>
      </trkpt>
      <trkpt lat="58.411717" lon="15.61711">
        <ele>59.7</ele>
      </trkpt>
      <trkpt lat="58.411703" lon="15.617709">
        <ele>58.6</ele>
      </trkpt>
      <trkpt lat="58.411693" lon="15.618118">
        <ele>57.6</ele>
      </trkpt>
      <trkpt lat="58.411685" lon="15.618463">
        <ele>56.9</ele>
      </trkpt>
      <trkpt lat="58.411686" lon="15.618607">
        <ele>55.8</ele>
      </trkpt>
      <trkpt lat="58.411689" lon="15.618754">
        <ele>55.3</ele>
      </trkpt>
      <trkpt lat="58.411651" lon="15.618968">
        <ele>54.8</ele>
      </trkpt>
      <trkpt lat="58.411632" lon="15.61911">
        <ele>54.3</ele>
      </trkpt>
      <trkpt lat="58.411509" lon="15.619058">
        <ele>55.5</ele>
      </trkpt>
      <trkpt lat="58.411256" lon="15.619193">
        <ele>57.1</ele>
      </trkpt>
      <trkpt lat="58.411002" lon="15.619328">
        <ele>59.0</ele>
      </trkpt>
      <trkpt lat="58.411036" lon="15.619859">
        <ele>56.2</ele>
      </trkpt>
      <trkpt lat="58.411069" lon="15.620389">
        <ele>56.5</ele>
      </trkpt>
      <trkpt lat="58.411104" lon="15.620975">
        <ele>56.0</ele>
      </trkpt>
      <trkpt lat="58.411075" lon="15.620986">
        <ele>56.3</ele>
      </trkpt>
      <trkpt lat="58.410848" lon="15.621082">
        <ele>58.0</ele>
      </trkpt>
      <trkpt lat="58.410621" lon="15.621177">
        <ele>57.8</ele>
      </trkpt>
      <trkpt lat="58.410576" lon="15.621196">
        <ele>57.7</ele>
      </trkpt>
      <trkpt lat="58.410589" lon="15.621318">
        <ele>57.2</ele>
      </trkpt>
      <trkpt lat="58.410601" lon="15.621427">
        <ele>56.8</ele>
      </trkpt>
      <trkpt lat="58.41065" lon="15.621896">
        <ele>55.9</ele>
      </trkpt>
      <trkpt lat="58.410665" lon="15.622035">
        <ele>56.2</ele>
      </trkpt>
      <trkpt lat="58.410715" lon="15.622478">
        <ele>56.4</ele>
      </trkpt>
      <trkpt lat="58.410766" lon="15.622921">
        <ele>55.8</ele>
      </trkpt>
      <trkpt lat="58.410837" lon="15.623483">
        <ele>53.4</ele>
      </trkpt>
      <trkpt lat="58.410908" lon="15.624046">
        <ele>53.1</ele>
      </trkpt>
      <trkpt lat="58.410934" lon="15.624251">
        <ele>52.8</ele>
      </trkpt>
      <trkpt lat="58.410957" lon="15.624432">
        <ele>52.4</ele>
      </trkpt>
      <trkpt lat="58.410984" lon="15.624662">
        <ele>52.6</ele>
      </trkpt>
      <trkpt lat="58.410994" lon="15.624739">
        <ele>52.5</ele>
      </trkpt>
      <trkpt lat="58.410996" lon="15.62476">
        <ele>52.5</ele>
      </trkpt>
      <trkpt lat="58.411003" lon="15.624812">
        <ele>52.2</ele>
      </trkpt>
      <trkpt lat="58.411022" lon="15.624968">
        <ele>51.1</ele>
      </trkpt>
      <trkpt lat="58.411034" lon="15.625062">
        <ele>50.6</ele>
      </trkpt>
      <trkpt lat="58.411049" lon="15.625181">
        <ele>50.1</ele>
      </trkpt>
      <trkpt lat="58.411111" lon="15.625693">
        <ele>47.9</ele>
      </trkpt>
      <trkpt lat="58.411146" lon="15.625983">
        <ele>48.1</ele>
      </trkpt>
      <trkpt lat="58.41116" lon="15.626101">
        <ele>48.2</ele>
      </trkpt>
      <trkpt lat="58.411187" lon="15.626339">
        <ele>48.3</ele>
      </trkpt>
      <trkpt lat="58.41124" lon="15.626811">
        <ele>50.2</ele>
      </trkpt>
      <trkpt lat="58.411257" lon="15.626968">
        <ele>50.6</ele>
      </trkpt>
      <trkpt lat="58.411274" lon="15.627117">
        <ele>50.7</ele>
      </trkpt>
      <trkpt lat="58.411293" lon="15.627277">
        <ele>50.7</ele>
      </trkpt>
      <trkpt lat="58.411358" lon="15.627842">
        <ele>48.8</ele>
      </trkpt>
      <trkpt lat="58.411422" lon="15.628406">
        <ele>46.6</ele>
      </trkpt>
      <trkpt lat="58.411432" lon="15.628498">
        <ele>46.3</ele>
      </trkpt>
      <trkpt lat="58.41145" lon="15.628659">
        <ele>45.7</ele>
      </trkpt>
      <trkpt lat="58.411466" lon="15.628795">
        <ele>45.1</ele>
      </trkpt>
      <trkpt lat="58.411481" lon="15.628928">
        <ele>44.6</ele>
      </trkpt>
      <trkpt lat="58.411492" lon="15.629028">
        <ele>44.2</ele>
      </trkpt>
      <trkpt lat="58.411502" lon="15.629118">
        <ele>44.0</ele>
      </trkpt>
      <trkpt lat="58.411529" lon="15.629362">
        <ele>44.3</ele>
      </trkpt>
      <trkpt lat="58.411554" lon="15.629586">
        <ele>44.3</ele>
      </trkpt>
      <trkpt lat="58.411562" lon="15.629652">
        <ele>44.2</ele>
      </trkpt>
      <trkpt lat="58.411581" lon="15.629825">
        <ele>44.6</ele>
      </trkpt>
      <trkpt lat="58.411604" lon="15.630032">
        <ele>45.3</ele>
      </trkpt>
      <trkpt lat="58.411635" lon="15.63032">
        <ele>45.1</ele>
      </trkpt>
      <trkpt lat="58.411648" lon="15.630435">
        <ele>44.6</ele>
      </trkpt>
      <trkpt lat="58.411657" lon="15.630512">
        <ele>44.2</ele>
      </trkpt>
      <trkpt lat="58.411666" lon="15.63059">
        <ele>43.9</ele>
      </trkpt>
      <trkpt lat="58.411675" lon="15.630669">
        <ele>43.5</ele>
      </trkpt>
      <trkpt lat="58.411694" lon="15.630837">
        <ele>42.8</ele>
      </trkpt>
      <trkpt lat="58.411704" lon="15.630919">
        <ele>42.5</ele>
      </trkpt>
      <trkpt lat="58.411631" lon="15.630998">
        <ele>42.6</ele>
      </trkpt>
      <trkpt lat="58.411422" lon="15.631317">
        <ele>42.0</ele>
      </trkpt>
      <trkpt lat="58.411242" lon="15.631522">
        <ele>42.5</ele>
      </trkpt>
      <trkpt lat="58.410838" lon="15.631824">
        <ele>43.9</ele>
      </trkpt>
      <trkpt lat="58.410537" lon="15.632081">
        <ele>46.8</ele>
      </trkpt>
      <trkpt lat="58.410344" lon="15.632365">
        <ele>45.9</ele>
      </trkpt>
      <trkpt lat="58.41015" lon="15.632648">
        <ele>43.7</ele>
      </trkpt>
      <trkpt lat="58.410097" lon="15.632728">
        <ele>43.1</ele>
      </trkpt>
      <trkpt lat="58.410052" lon="15.632794">
        <ele>42.9</ele>
      </trkpt>
      <trkpt lat="58.409835" lon="15.633087">
        <ele>42.3</ele>
      </trkpt>
      <trkpt lat="58.409661" lon="15.633332">
        <ele>42.6</ele>
      </trkpt>
      <trkpt lat="58.409507" lon="15.633521">
        <ele>43.8</ele>
      </trkpt>
      <trkpt lat="58.409372" lon="15.633681">
        <ele>44.0</ele>
      </trkpt>
      <trkpt lat="58.409036" lon="15.633931">
        <ele>42.9</ele>
      </trkpt>
      <trkpt lat="58.408805" lon="15.634127">
        <ele>41.9</ele>
      </trkpt>
      <trkpt lat="58.408716" lon="15.634194">
        <ele>41.2</ele>
      </trkpt>
      <trkpt lat="58.408657" lon="15.634237">
        <ele>40.8</ele>
      </trkpt>
      <trkpt lat="58.408545" lon="15.634308">
        <ele>40.3</ele>
      </trkpt>
      <trkpt lat="58.408506" lon="15.634329">
        <ele>40.2</ele>
      </trkpt>
      <trkpt lat="58.40846" lon="15.634338">
        <ele>40.2</ele>
      </trkpt>
      <trkpt lat="58.408404" lon="15.634329">
        <ele>40.2</ele>
      </trkpt>
      <trkpt lat="58.408353" lon="15.634306">
        <ele>40.3</ele>
      </trkpt>
      <trkpt lat="58.408295" lon="15.634364">
        <ele>40.2</ele>
      </trkpt>
      <trkpt lat="58.408179" lon="15.63451">
        <ele>39.8</ele>
      </trkpt>
      <trkpt lat="58.408062" lon="15.63462">
        <ele>39.9</ele>
      </trkpt>
      <trkpt lat="58.407701" lon="15.63487">
        <ele>40.0</ele>
      </trkpt>
      <trkpt lat="58.40757" lon="15.634943">
        <ele>40.0</ele>
      </trkpt>
      <trkpt lat="58.407492" lon="15.634977">
        <ele>40.0</ele>
      </trkpt>
      <trkpt lat="58.407393" lon="15.634999">
        <ele>40.0</ele>
      </trkpt>
      <trkpt lat="58.407297" lon="15.635004">
        <ele>40.0</ele>
      </trkpt>
      <trkpt lat="58.407214" lon="15.635001">
        <ele>40.0</ele>
      </trkpt>
      <trkpt lat="58.407107" lon="15.634996">
        <ele>40.0</ele>
      </trkpt>
      <trkpt lat="58.407025" lon="15.634978">
        <ele>40.0</ele>
      </trkpt>
      <trkpt lat="58.406822" lon="15.634912">
        <ele>40.3</ele>
      </trkpt>
      <trkpt lat="58.4066" lon="15.634872">
        <ele>40.5</ele>
      </trkpt>
      <trkpt lat="58.406419" lon="15.634885">
        <ele>40.4</ele>
      </trkpt>
      <trkpt lat="58.40617" lon="15.634933">
        <ele>40.9</ele>
      </trkpt>
      <trkpt lat="58.406022" lon="15.634975">
        <ele>41.7</ele>
      </trkpt>
      <trkpt lat="58.405773" lon="15.63508">
        <ele>42.9</ele>
      </trkpt>
      <trkpt lat="58.405496" lon="15.635555">
        <ele>41.0</ele>
      </trkpt>
      <trkpt lat="58.405345" lon="15.635724">
        <ele>41.0</ele>
      </trkpt>
      <trkpt lat="58.405195" lon="15.635953">
        <ele>40.8</ele>
      </trkpt>
      <trkpt lat="58.405104" lon="15.63616">
        <ele>41.0</ele>
      </trkpt>
      <trkpt lat="58.40487" lon="15.636643">
        <ele>41.9</ele>
      </trkpt>
      <trkpt lat="58.40466" lon="15.637131">
        <ele>43.4</ele>
      </trkpt>
      <trkpt lat="58.404481" lon="15.637686">
        <ele>43.0</ele>
      </trkpt>
      <trkpt lat="58.404314" lon="15.638418">
        <ele>41.7</ele>
      </trkpt>
      <trkpt lat="58.404188" lon="15.638919">
        <ele>41.8</ele>
      </trkpt>
      <trkpt lat="58.403959" lon="15.639566">
        <ele>41.2</ele>
      </trkpt>
      <trkpt lat="58.403814" lon="15.639977">
        <ele>40.5</ele>
      </trkpt>
      <trkpt lat="58.403749" lon="15.640126">
        <ele>40.4</ele>
      </trkpt>
      <trkpt lat="58.403573" lon="15.640425">
        <ele>40.7</ele>
      </trkpt>
      <trkpt lat="58.403443" lon="15.64062">
        <ele>41.0</ele>
      </trkpt>
      <trkpt lat="58.4032" lon="15.640874">
        <ele>41.8</ele>
      </trkpt>
      <trkpt lat="58.402977" lon="15.641057">
        <ele>42.8</ele>
      </trkpt>
      <trkpt lat="58.402721" lon="15.641319">
        <ele>43.5</ele>
      </trkpt>
      <trkpt lat="58.402401" lon="15.641854">
        <ele>44.0</ele>
      </trkpt>
      <trkpt lat="58.40208" lon="15.642389">
        <ele>43.6</ele>
      </trkpt>
      <trkpt lat="58.40198" lon="15.64269">
        <ele>42.3</ele>
      </trkpt>
      <trkpt lat="58.401882" lon="15.643053">
        <ele>41.0</ele>
      </trkpt>
      <trkpt lat="58.401792" lon="15.643397">
        <ele>39.5</ele>
      </trkpt>
      <trkpt lat="58.401719" lon="15.643775">
        <ele>37.7</ele>
      </trkpt>
      <trkpt lat="58.401638" lon="15.644127">
        <ele>36.8</ele>
      </trkpt>
      <trkpt lat="58.401538" lon="15.644449">
        <ele>36.6</ele>
      </trkpt>
      <trkpt lat="58.401387" lon="15.644869">
        <ele>38.5</ele>
      </trkpt>
      <trkpt lat="58.401221" lon="15.645258">
        <ele>39.5</ele>
      </trkpt>
      <trkpt lat="58.401124" lon="15.645425">
        <ele>40.3</ele>
      </trkpt>
      <trkpt lat="58.401028" lon="15.645571">
        <ele>40.9</ele>
      </trkpt>
      <trkpt lat="58.400928" lon="15.645739">
        <ele>41.3</ele>
      </trkpt>
      <trkpt lat="58.400838" lon="15.645908">
        <ele>41.9</ele>
      </trkpt>
      <trkpt lat="58.400788" lon="15.646037">
        <ele>42.4</ele>
      </trkpt>
      <trkpt lat="58.400716" lon="15.646229">
        <ele>42.6</ele>
      </trkpt>
      <trkpt lat="58.400653" lon="15.64646">
        <ele>42.9</ele>
      </trkpt>
      <trkpt lat="58.40059" lon="15.646766">
        <ele>43.2</ele>
      </trkpt>
      <trkpt lat="58.4005" lon="15.647212">
        <ele>43.8</ele>
      </trkpt>
      <trkpt lat="58.400527" lon="15.647214">
        <ele>43.4</ele>
      </trkpt>
      <trkpt lat="58.400602" lon="15.647266">
        <ele>42.3</ele>
      </trkpt>
      <trkpt lat="58.400628" lon="15.647298">
        <ele>41.9</ele>
      </trkpt>
      <trkpt lat="58.400646" lon="15.647334">
        <ele>41.6</ele>
      </trkpt>
      <trkpt lat="58.400648" lon="15.647397">
        <ele>41.5</ele>
      </trkpt>
      <trkpt lat="58.400635" lon="15.647605">
        <ele>41.7</ele>
      </trkpt>
      <trkpt lat="58.400607" lon="15.648088">
        <ele>42.4</ele>
      </trkpt>
      <trkpt lat="58.400546" lon="15.648243">
        <ele>43.7</ele>
      </trkpt>
      <trkpt lat="58.400468" lon="15.648498">
        <ele>45.5</ele>
      </trkpt>
      <trkpt lat="58.400406" lon="15.648742">
        <ele>46.8</ele>
      </trkpt>
      <trkpt lat="58.40036" lon="15.648986">
        <ele>47.4</ele>
      </trkpt>
      <trkpt lat="58.400344" lon="15.649195">
        <ele>47.7</ele>
      </trkpt>
      <trkpt lat="58.400313" lon="15.649356">
        <ele>47.8</ele>
      </trkpt>
      <trkpt lat="58.400222" lon="15.649296">
        <ele>48.5</ele>
      </trkpt>
      <trkpt lat="58.400144" lon="15.649244">
        <ele>49.4</ele>
      </trkpt>
      <trkpt lat="58.400097" lon="15.649217">
        <ele>49.9</ele>
      </trkpt>
      <trkpt lat="58.400043" lon="15.64943">
        <ele>50.6</ele>
      </trkpt>
      <trkpt lat="58.40001" lon="15.649586">
        <ele>50.9</ele>
      </trkpt>
      <trkpt lat="58.399982" lon="15.650163">
        <ele>51.1</ele>
      </trkpt>
      <trkpt lat="58.39993" lon="15.650715">
        <ele>51.3</ele>
      </trkpt>
      <trkpt lat="58.399878" lon="15.651268">
        <ele>51.3</ele>
      </trkpt>
      <trkpt lat="58.399831" lon="15.651843">
        <ele>50.0</ele>
      </trkpt>
      <trkpt lat="58.399784" lon="15.652419">
        <ele>50.0</ele>
      </trkpt>
      <trkpt lat="58.39978" lon="15.652657">
        <ele>50.0</ele>
      </trkpt>
      <trkpt lat="58.399783" lon="15.652763">
        <ele>50.0</ele>
      </trkpt>
      <trkpt lat="58.399813" lon="15.653215">
        <ele>50.1</ele>
      </trkpt>
      <trkpt lat="58.399843" lon="15.653668">
        <ele>49.5</ele>
      </trkpt>
      <trkpt lat="58.399881" lon="15.654114">
        <ele>48.4</ele>
      </trkpt>
      <trkpt lat="58.399882" lon="15.654343">
        <ele>48.1</ele>
      </trkpt>
      <trkpt lat="58.399864" lon="15.654602">
        <ele>47.6</ele>
      </trkpt>
      <trkpt lat="58.399811" lon="15.654921">
        <ele>47.7</ele>
      </trkpt>
      <trkpt lat="58.399752" lon="15.655148">
        <ele>47.9</ele>
      </trkpt>
      <trkpt lat="58.399623" lon="15.655452">
        <ele>48.1</ele>
      </trkpt>
      <trkpt lat="58.399545" lon="15.655578">
        <ele>48.0</ele>
      </trkpt>
      <trkpt lat="58.399426" lon="15.655733">
        <ele>48.0</ele>
      </trkpt>
      <trkpt lat="58.399293" lon="15.655859">
        <ele>48.0</ele>
      </trkpt>
      <trkpt lat="58.399236" lon="15.655902">
        <ele>48.0</ele>
      </trkpt>
      <trkpt lat="58.399171" lon="15.655929">
        <ele>48.0</ele>
      </trkpt>
      <trkpt lat="58.399119" lon="15.65594">
        <ele>48.0</ele>
      </trkpt>
      <trkpt lat="58.39906" lon="15.655927">
        <ele>48.1</ele>
      </trkpt>
      <trkpt lat="58.398851" lon="15.656327">
        <ele>49.0</ele>
      </trkpt>
      <trkpt lat="58.398728" lon="15.656618">
        <ele>50.0</ele>
      </trkpt>
      <trkpt lat="58.398631" lon="15.656908">
        <ele>50.0</ele>
      </trkpt>
      <trkpt lat="58.398502" lon="15.657371">
        <ele>51.3</ele>
      </trkpt>
      <trkpt lat="58.398463" lon="15.657524">
        <ele>51.2</ele>
      </trkpt>
      <trkpt lat="58.398425" lon="15.65791">
        <ele>51.0</ele>
      </trkpt>
      <trkpt lat="58.398394" lon="15.658617">
        <ele>50.0</ele>
      </trkpt>
      <trkpt lat="58.398363" lon="15.659323">
        <ele>50.0</ele>
      </trkpt>
      <trkpt lat="58.398348" lon="15.659519">
        <ele>50.0</ele>
      </trkpt>
      <trkpt lat="58.398325" lon="15.65968">
        <ele>50.0</ele>
      </trkpt>
      <trkpt lat="58.398294" lon="15.659814">
        <ele>49.9</ele>
      </trkpt>
      <trkpt lat="58.398238" lon="15.659977">
        <ele>49.7</ele>
      </trkpt>
      <trkpt lat="58.398079" lon="15.660356">
        <ele>49.1</ele>
      </trkpt>
      <trkpt lat="58.398016" lon="15.660538">
        <ele>48.8</ele>
      </trkpt>
      <trkpt lat="58.397972" lon="15.660731">
        <ele>49.4</ele>
      </trkpt>
      <trkpt lat="58.397937" lon="15.660937">
        <ele>49.2</ele>
      </trkpt>
      <trkpt lat="58.397924" lon="15.661161">
        <ele>48.3</ele>
      </trkpt>
      <trkpt lat="58.397917" lon="15.661485">
        <ele>48.2</ele>
      </trkpt>
      <trkpt lat="58.397777" lon="15.661512">
        <ele>48.0</ele>
      </trkpt>
      <trkpt lat="58.397657" lon="15.661532">
        <ele>48.3</ele>
      </trkpt>
      <trkpt lat="58.397352" lon="15.66159">
        <ele>49.4</ele>
      </trkpt>
      <trkpt lat="58.397311" lon="15.661597">
        <ele>49.6</ele>
      </trkpt>
      <trkpt lat="58.397299" lon="15.661565">
        <ele>49.6</ele>
      </trkpt>
      <trkpt lat="58.397278" lon="15.66154">
        <ele>49.7</ele>
      </trkpt>
      <trkpt lat="58.397253" lon="15.661525">
        <ele>49.8</ele>
      </trkpt>
      <trkpt lat="58.39706" lon="15.661547">
        <ele>51.1</ele>
      </trkpt>
      <trkpt lat="58.396653" lon="15.661631">
        <ele>54.0</ele>
      </trkpt>
      <trkpt lat="58.396579" lon="15.661645">
        <ele>54.1</ele>
      </trkpt>
      <trkpt lat="58.396564" lon="15.661648">
        <ele>54.1</ele>
      </trkpt>
      <trkpt lat="58.396433" lon="15.661674">
        <ele>54.0</ele>
      </trkpt>
      <trkpt lat="58.396312" lon="15.661684">
        <ele>54.2</ele>
      </trkpt>
      <trkpt lat="58.39624" lon="15.66168">
        <ele>54.4</ele>
      </trkpt>
      <trkpt lat="58.396083" lon="15.661641">
        <ele>55.2</ele>
      </trkpt>
      <trkpt lat="58.395986" lon="15.662356">
        <ele>55.6</ele>
      </trkpt>
      <trkpt lat="58.395905" lon="15.662927">
        <ele>55.7</ele>
      </trkpt>
      <trkpt lat="58.395803" lon="15.663646">
        <ele>56.1</ele>
      </trkpt>
      <trkpt lat="58.395797" lon="15.663689">
        <ele>56.0</ele>
      </trkpt>
      <trkpt lat="58.395819" lon="15.663819">
        <ele>55.4</ele>
      </trkpt>
      <trkpt lat="58.395774" lon="15.664308">
        <ele>54.2</ele>
      </trkpt>
      <trkpt lat="58.395703" lon="15.664971">
        <ele>53.5</ele>
      </trkpt>
      <trkpt lat="58.3957" lon="15.665004">
        <ele>53.4</ele>
      </trkpt>
      <trkpt lat="58.395693" lon="15.665075">
        <ele>53.4</ele>
      </trkpt>
      <trkpt lat="58.395663" lon="15.665359">
        <ele>53.6</ele>
      </trkpt>
      <trkpt lat="58.395609" lon="15.665877">
        <ele>53.9</ele>
      </trkpt>
      <trkpt lat="58.395579" lon="15.666146">
        <ele>53.9</ele>
      </trkpt>
      <trkpt lat="58.395525" lon="15.666624">
        <ele>54.1</ele>
      </trkpt>
      <trkpt lat="58.395512" lon="15.66673">
        <ele>54.2</ele>
      </trkpt>
      <trkpt lat="58.395443" lon="15.667264">
        <ele>53.9</ele>
      </trkpt>
      <trkpt lat="58.395375" lon="15.667798">
        <ele>55.1</ele>
      </trkpt>
      <trkpt lat="58.395321" lon="15.668224">
        <ele>54.9</ele>
      </trkpt>
      <trkpt lat="58.395265" lon="15.668652">
        <ele>56.1</ele>
      </trkpt>
      <trkpt lat="58.39521" lon="15.66908">
        <ele>58.3</ele>
      </trkpt>
      <trkpt lat="58.395284" lon="15.669384">
        <ele>59.8</ele>
      </trkpt>
      <trkpt lat="58.395318" lon="15.669567">
        <ele>60.5</ele>
      </trkpt>
      <trkpt lat="58.395258" lon="15.670208">
        <ele>61.0</ele>
      </trkpt>
      <trkpt lat="58.395351" lon="15.670947">
        <ele>59.2</ele>
      </trkpt>
      <trkpt lat="58.395444" lon="15.671686">
        <ele>56.4</ele>
      </trkpt>
      <trkpt lat="58.395447" lon="15.671786">
        <ele>55.9</ele>
      </trkpt>
      <trkpt lat="58.395451" lon="15.671899">
        <ele>55.5</ele>
      </trkpt>
      <trkpt lat="58.395486" lon="15.672039">
        <ele>55.1</ele>
      </trkpt>
      <trkpt lat="58.395612" lon="15.672474">
        <ele>55.1</ele>
      </trkpt>
      <trkpt lat="58.395671" lon="15.67268">
        <ele>55.1</ele>
      </trkpt>
      <trkpt lat="58.395852" lon="15.673276">
        <ele>54.9</ele>
      </trkpt>
      <trkpt lat="58.395851" lon="15.673416">
        <ele>54.9</ele>
      </trkpt>
      <trkpt lat="58.395983" lon="15.67411">
        <ele>53.5</ele>
      </trkpt>
      <trkpt lat="58.396004" lon="15.674316">
        <ele>53.3</ele>
      </trkpt>
      <trkpt lat="58.396039" lon="15.674361">
        <ele>53.2</ele>
      </trkpt>
      <trkpt lat="58.396078" lon="15.674485">
        <ele>53.1</ele>
      </trkpt>
      <trkpt lat="58.396057" lon="15.674711">
        <ele>53.2</ele>
      </trkpt>
      <trkpt lat="58.396102" lon="15.674856">
        <ele>53.0</ele>
      </trkpt>
      <trkpt lat="58.396293" lon="15.675466">
        <ele>53.9</ele>
      </trkpt>
      <trkpt lat="58.396392" lon="15.675823">
        <ele>54.0</ele>
      </trkpt>
      <trkpt lat="58.396468" lon="15.676246">
        <ele>53.4</ele>
      </trkpt>
      <trkpt lat="58.39651" lon="15.676632">
        <ele>52.0</ele>
      </trkpt>
      <trkpt lat="58.396525" lon="15.67702">
        <ele>51.4</ele>
      </trkpt>
      <trkpt lat="58.396521" lon="15.677389">
        <ele>51.5</ele>
      </trkpt>
      <trkpt lat="58.396497" lon="15.677869">
        <ele>51.0</ele>
      </trkpt>
      <trkpt lat="58.39648" lon="15.67819">
        <ele>50.8</ele>
      </trkpt>
      <trkpt lat="58.396466" lon="15.678371">
        <ele>50.1</ele>
      </trkpt>
      <trkpt lat="58.39644" lon="15.678589">
        <ele>49.2</ele>
      </trkpt>
      <trkpt lat="58.396402" lon="15.678824">
        <ele>49.1</ele>
      </trkpt>
      <trkpt lat="58.396278" lon="15.679614">
        <ele>48.8</ele>
      </trkpt>
      <trkpt lat="58.396153" lon="15.680405">
        <ele>48.5</ele>
      </trkpt>
      <trkpt lat="58.396141" lon="15.680513">
        <ele>48.9</ele>
      </trkpt>
      <trkpt lat="58.396" lon="15.680376">
        <ele>48.3</ele>
      </trkpt>
      <trkpt lat="58.395942" lon="15.680309">
        <ele>48.0</ele>
      </trkpt>
      <trkpt lat="58.395835" lon="15.680041">
        <ele>48.0</ele>
      </trkpt>
      <trkpt lat="58.395785" lon="15.679919">
        <ele>47.9</ele>
      </trkpt>
      <trkpt lat="58.395538" lon="15.679547">
        <ele>48.1</ele>
      </trkpt>
      <trkpt lat="58.395475" lon="15.679445">
        <ele>48.1</ele>
      </trkpt>
      <trkpt lat="58.395422" lon="15.679335">
        <ele>47.6</ele>
      </trkpt>
      <trkpt lat="58.39537" lon="15.679197">
        <ele>47.1</ele>
      </trkpt>
      <trkpt lat="58.395314" lon="15.679019">
        <ele>46.9</ele>
      </trkpt>
      <trkpt lat="58.395266" lon="15.678868">
        <ele>47.0</ele>
      </trkpt>
      <trkpt lat="58.39522" lon="15.678744">
        <ele>47.0</ele>
      </trkpt>
      <trkpt lat="58.395161" lon="15.678644">
        <ele>47.3</ele>
      </trkpt>
      <trkpt lat="58.395088" lon="15.678561">
        <ele>47.8</ele>
      </trkpt>
      <trkpt lat="58.394941" lon="15.67844">
        <ele>48.1</ele>
      </trkpt>
      <trkpt lat="58.394743" lon="15.67828">
        <ele>48.0</ele>
      </trkpt>
      <trkpt lat="58.394624" lon="15.678214">
        <ele>48.0</ele>
      </trkpt>
      <trkpt lat="58.394533" lon="15.678173">
        <ele>48.0</ele>
      </trkpt>
      <trkpt lat="58.39445" lon="15.678155">
        <ele>48.0</ele>
      </trkpt>
      <trkpt lat="58.394378" lon="15.678158">
        <ele>47.8</ele>
      </trkpt>
      <trkpt lat="58.394303" lon="15.678193">
        <ele>47.7</ele>
      </trkpt>
      <trkpt lat="58.394228" lon="15.678244">
        <ele>47.8</ele>
      </trkpt>
      <trkpt lat="58.394056" lon="15.678432">
        <ele>47.7</ele>
      </trkpt>
      <trkpt lat="58.393958" lon="15.678515">
        <ele>47.3</ele>
      </trkpt>
      <trkpt lat="58.393869" lon="15.67859">
        <ele>46.9</ele>
      </trkpt>
      <trkpt lat="58.393777" lon="15.678675">
        <ele>46.5</ele>
      </trkpt>
      <trkpt lat="58.393682" lon="15.678798">
        <ele>46.2</ele>
      </trkpt>
      <trkpt lat="58.393473" lon="15.679101">
        <ele>45.8</ele>
      </trkpt>
      <trkpt lat="58.393264" lon="15.679403">
        <ele>45.9</ele>
      </trkpt>
      <trkpt lat="58.393009" lon="15.679795">
        <ele>45.9</ele>
      </trkpt>
      <trkpt lat="58.392902" lon="15.679924">
        <ele>45.8</ele>
      </trkpt>
      <trkpt lat="58.392652" lon="15.680194">
        <ele>46.4</ele>
      </trkpt>
      <trkpt lat="58.392401" lon="15.680464">
        <ele>46.9</ele>
      </trkpt>
      <trkpt lat="58.392017" lon="15.680845">
        <ele>47.3</ele>
      </trkpt>
      <trkpt lat="58.391726" lon="15.68113">
        <ele>47.3</ele>
      </trkpt>
      <trkpt lat="58.39151" lon="15.68134">
        <ele>46.8</ele>
      </trkpt>
      <trkpt lat="58.391293" lon="15.681549">
        <ele>45.5</ele>
      </trkpt>
      <trkpt lat="58.39122" lon="15.681604">
        <ele>45.3</ele>
      </trkpt>
      <trkpt lat="58.391144" lon="15.681647">
        <ele>45.1</ele>
      </trkpt>
      <trkpt lat="58.391063" lon="15.681676">
        <ele>44.8</ele>
      </trkpt>
      <trkpt lat="58.390984" lon="15.681696">
        <ele>44.4</ele>
      </trkpt>
      <trkpt lat="58.390914" lon="15.681701">
        <ele>44.1</ele>
      </trkpt>
      <trkpt lat="58.390748" lon="15.681693">
        <ele>44.1</ele>
      </trkpt>
      <trkpt lat="58.390681" lon="15.681707">
        <ele>44.4</ele>
      </trkpt>
      <trkpt lat="58.39061" lon="15.681745">
        <ele>44.7</ele>
      </trkpt>
      <trkpt lat="58.390549" lon="15.681808">
        <ele>45.0</ele>
      </trkpt>
      <trkpt lat="58.390487" lon="15.681889">
        <ele>45.2</ele>
      </trkpt>
      <trkpt lat="58.390445" lon="15.681978">
        <ele>45.4</ele>
      </trkpt>
      <trkpt lat="58.390405" lon="15.682073">
        <ele>45.3</ele>
      </trkpt>
      <trkpt lat="58.39037" lon="15.682191">
        <ele>45.0</ele>
      </trkpt>
      <trkpt lat="58.390345" lon="15.682313">
        <ele>44.9</ele>
      </trkpt>
      <trkpt lat="58.390335" lon="15.682446">
        <ele>44.9</ele>
      </trkpt>
      <trkpt lat="58.390333" lon="15.682588">
        <ele>44.9</ele>
      </trkpt>
      <trkpt lat="58.390338" lon="15.682757">
        <ele>44.9</ele>
      </trkpt>
      <trkpt lat="58.390359" lon="15.683247">
        <ele>46.0</ele>
      </trkpt>
      <trkpt lat="58.390381" lon="15.683737">
        <ele>46.1</ele>
      </trkpt>
      <trkpt lat="58.390389" lon="15.684054">
        <ele>46.4</ele>
      </trkpt>
      <trkpt lat="58.390391" lon="15.684364">
        <ele>46.3</ele>
      </trkpt>
      <trkpt lat="58.390387" lon="15.684676">
        <ele>46.6</ele>
      </trkpt>
      <trkpt lat="58.390371" lon="15.684997">
        <ele>47.3</ele>
      </trkpt>
      <trkpt lat="58.390352" lon="15.685283">
        <ele>47.5</ele>
      </trkpt>
      <trkpt lat="58.390335" lon="15.685419">
        <ele>47.9</ele>
      </trkpt>
      <trkpt lat="58.390308" lon="15.685566">
        <ele>48.2</ele>
      </trkpt>
      <trkpt lat="58.390269" lon="15.68572">
        <ele>47.9</ele>
      </trkpt>
      <trkpt lat="58.390221" lon="15.685856">
        <ele>47.8</ele>
      </trkpt>
      <trkpt lat="58.390166" lon="15.685975">
        <ele>48.0</ele>
      </trkpt>
      <trkpt lat="58.390105" lon="15.686086">
        <ele>48.3</ele>
      </trkpt>
      <trkpt lat="58.390042" lon="15.686173">
        <ele>48.4</ele>
      </trkpt>
      <trkpt lat="58.389981" lon="15.686241">
        <ele>48.3</ele>
      </trkpt>
      <trkpt lat="58.389904" lon="15.686298">
        <ele>47.9</ele>
      </trkpt>
      <trkpt lat="58.389505" lon="15.686514">
        <ele>46.5</ele>
      </trkpt>
      <trkpt lat="58.389106" lon="15.68673">
        <ele>46.6</ele>
      </trkpt>
      <trkpt lat="58.389016" lon="15.68679">
        <ele>46.1</ele>
      </trkpt>
      <trkpt lat="58.388939" lon="15.68685">
        <ele>45.9</ele>
      </trkpt>
      <trkpt lat="58.388856" lon="15.686927">
        <ele>46.0</ele>
      </trkpt>
      <trkpt lat="58.388795" lon="15.687004">
        <ele>46.0</ele>
      </trkpt>
      <trkpt lat="58.388731" lon="15.687096">
        <ele>45.9</ele>
      </trkpt>
      <trkpt lat="58.388685" lon="15.687188">
        <ele>45.7</ele>
      </trkpt>
      <trkpt lat="58.388652" lon="15.687271">
        <ele>45.7</ele>
      </trkpt>
      <trkpt lat="58.388622" lon="15.687356">
        <ele>45.9</ele>
      </trkpt>
      <trkpt lat="58.38859" lon="15.687484">
        <ele>46.1</ele>
      </trkpt>
      <trkpt lat="58.388568" lon="15.687625">
        <ele>46.2</ele>
      </trkpt>
      <trkpt lat="58.38856" lon="15.687787">
        <ele>46.1</ele>
      </trkpt>
      <trkpt lat="58.388564" lon="15.687931">
        <ele>46.0</ele>
      </trkpt>
      <trkpt lat="58.388575" lon="15.688098">
        <ele>45.9</ele>
      </trkpt>
      <trkpt lat="58.388639" lon="15.688624">
        <ele>47.2</ele>
      </trkpt>
      <trkpt lat="58.388704" lon="15.68915">
        <ele>51.1</ele>
      </trkpt>
      <trkpt lat="58.388707" lon="15.689256">
        <ele>52.0</ele>
      </trkpt>
      <trkpt lat="58.388694" lon="15.689361">
        <ele>52.8</ele>
      </trkpt>
      <trkpt lat="58.388676" lon="15.689411">
        <ele>52.9</ele>
      </trkpt>
      <trkpt lat="58.388643" lon="15.689476">
        <ele>52.7</ele>
      </trkpt>
      <trkpt lat="58.388575" lon="15.689557">
        <ele>51.9</ele>
      </trkpt>
      <trkpt lat="58.388495" lon="15.689587">
        <ele>50.9</ele>
      </trkpt>
      <trkpt lat="58.388448" lon="15.689626">
        <ele>50.5</ele>
      </trkpt>
      <trkpt lat="58.388391" lon="15.689734">
        <ele>50.6</ele>
      </trkpt>
      <trkpt lat="58.388241" lon="15.690112">
        <ele>50.9</ele>
      </trkpt>
      <trkpt lat="58.388091" lon="15.69049">
        <ele>51.1</ele>
      </trkpt>
      <trkpt lat="58.388004" lon="15.690779">
        <ele>51.9</ele>
      </trkpt>
      <trkpt lat="58.387952" lon="15.690978">
        <ele>52.0</ele>
      </trkpt>
      <trkpt lat="58.387919" lon="15.691168">
        <ele>52.1</ele>
      </trkpt>
      <trkpt lat="58.387899" lon="15.691302">
        <ele>52.3</ele>
      </trkpt>
      <trkpt lat="58.387881" lon="15.691467">
        <ele>52.5</ele>
      </trkpt>
      <trkpt lat="58.387839" lon="15.691952">
        <ele>52.1</ele>
      </trkpt>
      <trkpt lat="58.387796" lon="15.692437">
        <ele>52.1</ele>
      </trkpt>
      <trkpt lat="58.387782" lon="15.692561">
        <ele>52.1</ele>
      </trkpt>
      <trkpt lat="58.387763" lon="15.692651">
        <ele>51.7</ele>
      </trkpt>
      <trkpt lat="58.387679" lon="15.692928">
        <ele>51.7</ele>
      </trkpt>
      <trkpt lat="58.387602" lon="15.693148">
        <ele>52.8</ele>
      </trkpt>
      <trkpt lat="58.38757" lon="15.693211">
        <ele>53.2</ele>
      </trkpt>
      <trkpt lat="58.387514" lon="15.6933">
        <ele>53.8</ele>
      </trkpt>
      <trkpt lat="58.387337" lon="15.693499">
        <ele>54.0</ele>
      </trkpt>
      <trkpt lat="58.387001" lon="15.693829">
        <ele>53.9</ele>
      </trkpt>
      <trkpt lat="58.386935" lon="15.693896">
        <ele>54.0</ele>
      </trkpt>
      <trkpt lat="58.386895" lon="15.693975">
        <ele>54.4</ele>
      </trkpt>
      <trkpt lat="58.386817" lon="15.69437">
        <ele>57.8</ele>
      </trkpt>
      <trkpt lat="58.386792" lon="15.694472">
        <ele>58.6</ele>
      </trkpt>
      <trkpt lat="58.386752" lon="15.694574">
        <ele>59.3</ele>
      </trkpt>
      <trkpt lat="58.386565" lon="15.694835">
        <ele>60.4</ele>
      </trkpt>
      <trkpt lat="58.386362" lon="15.695101">
        <ele>60.7</ele>
      </trkpt>
      <trkpt lat="58.386149" lon="15.695329">
        <ele>60.0</ele>
      </trkpt>
      <trkpt lat="58.385936" lon="15.695558">
        <ele>58.8</ele>
      </trkpt>
      <trkpt lat="58.385751" lon="15.695783">
        <ele>58.0</ele>
      </trkpt>
      <trkpt lat="58.385706" lon="15.695847">
        <ele>57.8</ele>
      </trkpt>
      <trkpt lat="58.385638" lon="15.695891">
        <ele>56.8</ele>
      </trkpt>
      <trkpt lat="58.385551" lon="15.695924">
        <ele>55.6</ele>
      </trkpt>
      <trkpt lat="58.385483" lon="15.695963">
        <ele>54.6</ele>
      </trkpt>
      <trkpt lat="58.38543" lon="15.696004">
        <ele>53.9</ele>
      </trkpt>
      <trkpt lat="58.385366" lon="15.6961">
        <ele>53.3</ele>
      </trkpt>
      <trkpt lat="58.385203" lon="15.696474">
        <ele>53.3</ele>
      </trkpt>
      <trkpt lat="58.385087" lon="15.696779">
        <ele>53.2</ele>
      </trkpt>
      <trkpt lat="58.384953" lon="15.697185">
        <ele>54.1</ele>
      </trkpt>
      <trkpt lat="58.384872" lon="15.697452">
        <ele>53.6</ele>
      </trkpt>
      <trkpt lat="58.384746" lon="15.697947">
        <ele>53.2</ele>
      </trkpt>
      <trkpt lat="58.384645" lon="15.698335">
        <ele>53.1</ele>
      </trkpt>
      <trkpt lat="58.38467" lon="15.698373">
        <ele>53.5</ele>
      </trkpt>
      <trkpt lat="58.384683" lon="15.698428">
        <ele>53.8</ele>
      </trkpt>
      <trkpt lat="58.384685" lon="15.698495">
        <ele>54.0</ele>
      </trkpt>
      <trkpt lat="58.384677" lon="15.698574">
        <ele>54.2</ele>
      </trkpt>
      <trkpt lat="58.38465" lon="15.698694">
        <ele>54.6</ele>
      </trkpt>
      <trkpt lat="58.384495" lon="15.699188">
        <ele>55.5</ele>
      </trkpt>
      <trkpt lat="58.384483" lon="15.699258">
        <ele>55.6</ele>
      </trkpt>
      <trkpt lat="58.384474" lon="15.699314">
        <ele>55.8</ele>
      </trkpt>
      <trkpt lat="58.384476" lon="15.699372">
        <ele>56.0</ele>
      </trkpt>
      <trkpt lat="58.384434" lon="15.699302">
        <ele>55.4</ele>
      </trkpt>
      <trkpt lat="58.384165" lon="15.698775">
        <ele>57.7</ele>
      </trkpt>
      <trkpt lat="58.383897" lon="15.698247">
        <ele>59.9</ele>
      </trkpt>
      <trkpt lat="58.383873" lon="15.698199">
        <ele>60.2</ele>
      </trkpt>
      <trkpt lat="58.38369" lon="15.698556">
        <ele>62.1</ele>
      </trkpt>
      <trkpt lat="58.383579" lon="15.698732">
        <ele>63.0</ele>
      </trkpt>
      <trkpt lat="58.383492" lon="15.698881">
        <ele>63.0</ele>
      </trkpt>
      <trkpt lat="58.383348" lon="15.699196">
        <ele>63.7</ele>
      </trkpt>
      <trkpt lat="58.38324" lon="15.699423">
        <ele>62.9</ele>
      </trkpt>
      <trkpt lat="58.383075" lon="15.699787">
        <ele>62.3</ele>
      </trkpt>
      <trkpt lat="58.383032" lon="15.699899">
        <ele>61.3</ele>
      </trkpt>
      <trkpt lat="58.382984" lon="15.699999">
        <ele>60.5</ele>
      </trkpt>
      <trkpt lat="58.382938" lon="15.700084">
        <ele>60.2</ele>
      </trkpt>
      <trkpt lat="58.382875" lon="15.700171">
        <ele>60.0</ele>
      </trkpt>
      <trkpt lat="58.382652" lon="15.700476">
        <ele>60.7</ele>
      </trkpt>
      <trkpt lat="58.382537" lon="15.700686">
        <ele>61.2</ele>
      </trkpt>
      <trkpt lat="58.382394" lon="15.700971">
        <ele>61.3</ele>
      </trkpt>
      <trkpt lat="58.382283" lon="15.701164">
        <ele>61.2</ele>
      </trkpt>
      <trkpt lat="58.382203" lon="15.701322">
        <ele>61.4</ele>
      </trkpt>
      <trkpt lat="58.382157" lon="15.701444">
        <ele>61.0</ele>
      </trkpt>
      <trkpt lat="58.382103" lon="15.701589">
        <ele>60.0</ele>
      </trkpt>
      <trkpt lat="58.382047" lon="15.701715">
        <ele>59.2</ele>
      </trkpt>
      <trkpt lat="58.382026" lon="15.701762">
        <ele>59.0</ele>
      </trkpt>
      <trkpt lat="58.381938" lon="15.701922">
        <ele>58.2</ele>
      </trkpt>
      <trkpt lat="58.381761" lon="15.702183">
        <ele>57.6</ele>
      </trkpt>
      <trkpt lat="58.381737" lon="15.702217">
        <ele>57.6</ele>
      </trkpt>
      <trkpt lat="58.381396" lon="15.702697">
        <ele>56.4</ele>
      </trkpt>
      <trkpt lat="58.381056" lon="15.703177">
        <ele>55.7</ele>
      </trkpt>
      <trkpt lat="58.380742" lon="15.703614">
        <ele>56.7</ele>
      </trkpt>
      <trkpt lat="58.380715" lon="15.703652">
        <ele>56.9</ele>
      </trkpt>
      <trkpt lat="58.380348" lon="15.704135">
        <ele>57.2</ele>
      </trkpt>
      <trkpt lat="58.379981" lon="15.704601">
        <ele>55.5</ele>
      </trkpt>
      <trkpt lat="58.379613" lon="15.705046">
        <ele>54.5</ele>
      </trkpt>
      <trkpt lat="58.379601" lon="15.70506">
        <ele>54.5</ele>
      </trkpt>
      <trkpt lat="58.379294" lon="15.705422">
        <ele>55.1</ele>
      </trkpt>
      <trkpt lat="58.378988" lon="15.705784">
        <ele>56.0</ele>
      </trkpt>
      <trkpt lat="58.378681" lon="15.706146">
        <ele>54.7</ele>
      </trkpt>
      <trkpt lat="58.378326" lon="15.706562">
        <ele>53.3</ele>
      </trkpt>
      <trkpt lat="58.377971" lon="15.706979">
        <ele>54.5</ele>
      </trkpt>
      <trkpt lat="58.377941" lon="15.707104">
        <ele>54.5</ele>
      </trkpt>
      <trkpt lat="58.377893" lon="15.707222">
        <ele>54.5</ele>
      </trkpt>
      <trkpt lat="58.377597" lon="15.707636">
        <ele>55.1</ele>
      </trkpt>
      <trkpt lat="58.377301" lon="15.70805">
        <ele>55.4</ele>
      </trkpt>
      <trkpt lat="58.377005" lon="15.708464">
        <ele>56.9</ele>
      </trkpt>
      <trkpt lat="58.376845" lon="15.708692">
        <ele>58.1</ele>
      </trkpt>
      <trkpt lat="58.37679" lon="15.708815">
        <ele>58.8</ele>
      </trkpt>
      <trkpt lat="58.376753" lon="15.70909">
        <ele>59.0</ele>
      </trkpt>
      <trkpt lat="58.376733" lon="15.709287">
        <ele>58.8</ele>
      </trkpt>
      <trkpt lat="58.376724" lon="15.709358">
        <ele>58.7</ele>
      </trkpt>
      <trkpt lat="58.376708" lon="15.709432">
        <ele>58.6</ele>
      </trkpt>
      <trkpt lat="58.376688" lon="15.709502">
        <ele>58.6</ele>
      </trkpt>
      <trkpt lat="58.376667" lon="15.709542">
        <ele>58.7</ele>
      </trkpt>
      <trkpt lat="58.376632" lon="15.709601">
        <ele>58.8</ele>
      </trkpt>
      <trkpt lat="58.376582" lon="15.709665">
        <ele>59.0</ele>
      </trkpt>
      <trkpt lat="58.376514" lon="15.709736">
        <ele>59.0</ele>
      </trkpt>
      <trkpt lat="58.376442" lon="15.709812">
        <ele>59.2</ele>
      </trkpt>
      <trkpt lat="58.376364" lon="15.709934">
        <ele>59.5</ele>
      </trkpt>
      <trkpt lat="58.376297" lon="15.710076">
        <ele>59.4</ele>
      </trkpt>
      <trkpt lat="58.37627" lon="15.710163">
        <ele>58.9</ele>
      </trkpt>
      <trkpt lat="58.376253" lon="15.710255">
        <ele>58.4</ele>
      </trkpt>
      <trkpt lat="58.376249" lon="15.710402">
        <ele>57.9</ele>
      </trkpt>
      <trkpt lat="58.376239" lon="15.710468">
        <ele>57.9</ele>
      </trkpt>
      <trkpt lat="58.376221" lon="15.710529">
        <ele>58.0</ele>
      </trkpt>
      <trkpt lat="58.376063" lon="15.710691">
        <ele>58.8</ele>
      </trkpt>
      <trkpt lat="58.375706" lon="15.711019">
        <ele>59.1</ele>
      </trkpt>
      <trkpt lat="58.375357" lon="15.711345">
        <ele>57.1</ele>
      </trkpt>
      <trkpt lat="58.375237" lon="15.711452">
        <ele>56.9</ele>
      </trkpt>
      <trkpt lat="58.375193" lon="15.711469">
        <ele>57.1</ele>
      </trkpt>
      <trkpt lat="58.375154" lon="15.711471">
        <ele>57.3</ele>
      </trkpt>
      <trkpt lat="58.375109" lon="15.711454">
        <ele>57.8</ele>
      </trkpt>
      <trkpt lat="58.375074" lon="15.711426">
        <ele>58.2</ele>
      </trkpt>
      <trkpt lat="58.375034" lon="15.711368">
        <ele>58.9</ele>
      </trkpt>
      <trkpt lat="58.375007" lon="15.71132">
        <ele>59.5</ele>
      </trkpt>
      <trkpt lat="58.37496" lon="15.71122">
        <ele>60.5</ele>
      </trkpt>
      <trkpt lat="58.374881" lon="15.711109">
        <ele>61.6</ele>
      </trkpt>
      <trkpt lat="58.374826" lon="15.711095">
        <ele>61.8</ele>
      </trkpt>
      <trkpt lat="58.374625" lon="15.710539">
        <ele>63.7</ele>
      </trkpt>
      <trkpt lat="58.374504" lon="15.710211">
        <ele>64.2</ele>
      </trkpt>
      <trkpt lat="58.374466" lon="15.7101">
        <ele>64.7</ele>
      </trkpt>
      <trkpt lat="58.374462" lon="15.71002">
        <ele>65.0</ele>
      </trkpt>
      <trkpt lat="58.374413" lon="15.709869">
        <ele>65.0</ele>
      </trkpt>
      <trkpt lat="58.37438" lon="15.709728">
        <ele>64.9</ele>
      </trkpt>
      <trkpt lat="58.37437" lon="15.709653">
        <ele>65.1</ele>
      </trkpt>
      <trkpt lat="58.374338" lon="15.709688">
        <ele>65.0</ele>
      </trkpt>
      <trkpt lat="58.374297" lon="15.709733">
        <ele>64.9</ele>
      </trkpt>
      <trkpt lat="58.374224" lon="15.709813">
        <ele>64.9</ele>
      </trkpt>
      <trkpt lat="58.374189" lon="15.70985">
        <ele>65.0</ele>
      </trkpt>
      <trkpt lat="58.374192" lon="15.709945">
        <ele>65.0</ele>
      </trkpt>
      <trkpt lat="58.373984" lon="15.710151">
        <ele>64.7</ele>
      </trkpt>
      <trkpt lat="58.37394" lon="15.7102">
        <ele>64.8</ele>
      </trkpt>
      <trkpt lat="58.373831" lon="15.71035">
        <ele>65.2</ele>
      </trkpt>
      <trkpt lat="58.373729" lon="15.710565">
        <ele>65.5</ele>
      </trkpt>
      <trkpt lat="58.373692" lon="15.710626">
        <ele>65.5</ele>
      </trkpt>
      <trkpt lat="58.373413" lon="15.711047">
        <ele>65.7</ele>
      </trkpt>
      <trkpt lat="58.373134" lon="15.711467">
        <ele>67.0</ele>
      </trkpt>
      <trkpt lat="58.372793" lon="15.711952">
        <ele>65.9</ele>
      </trkpt>
      <trkpt lat="58.372735" lon="15.712024">
        <ele>65.8</ele>
      </trkpt>
      <trkpt lat="58.372633" lon="15.712118">
        <ele>65.2</ele>
      </trkpt>
      <trkpt lat="58.372421" lon="15.712267">
        <ele>63.5</ele>
      </trkpt>
      <trkpt lat="58.372433" lon="15.71234">
        <ele>63.3</ele>
      </trkpt>
      <trkpt lat="58.372532" lon="15.712848">
        <ele>62.0</ele>
      </trkpt>
      <trkpt lat="58.372631" lon="15.713356">
        <ele>60.9</ele>
      </trkpt>
      <trkpt lat="58.372634" lon="15.713411">
        <ele>60.7</ele>
      </trkpt>
      <trkpt lat="58.372633" lon="15.713457">
        <ele>60.6</ele>
      </trkpt>
      <trkpt lat="58.372623" lon="15.713501">
        <ele>60.4</ele>
      </trkpt>
      <trkpt lat="58.372608" lon="15.713541">
        <ele>60.3</ele>
      </trkpt>
      <trkpt lat="58.372585" lon="15.713567">
        <ele>60.2</ele>
      </trkpt>
      <trkpt lat="58.372272" lon="15.713783">
        <ele>59.5</ele>
      </trkpt>
      <trkpt lat="58.371979" lon="15.713985">
        <ele>58.6</ele>
      </trkpt>
      <trkpt lat="58.371686" lon="15.714188">
        <ele>58.9</ele>
      </trkpt>
      <trkpt lat="58.371393" lon="15.714391">
        <ele>59.2</ele>
      </trkpt>
      <trkpt lat="58.371345" lon="15.714499">
        <ele>58.8</ele>
      </trkpt>
      <trkpt lat="58.37132" lon="15.714541">
        <ele>58.6</ele>
      </trkpt>
      <trkpt lat="58.371295" lon="15.714569">
        <ele>58.4</ele>
      </trkpt>
      <trkpt lat="58.371231" lon="15.714612">
        <ele>58.3</ele>
      </trkpt>
      <trkpt lat="58.371041" lon="15.714748">
        <ele>58.3</ele>
      </trkpt>
      <trkpt lat="58.370978" lon="15.714808">
        <ele>58.6</ele>
      </trkpt>
      <trkpt lat="58.37083" lon="15.714989">
        <ele>59.1</ele>
      </trkpt>
      <trkpt lat="58.370756" lon="15.715068">
        <ele>59.4</ele>
      </trkpt>
      <trkpt lat="58.370684" lon="15.715127">
        <ele>59.9</ele>
      </trkpt>
      <trkpt lat="58.370402" lon="15.715394">
        <ele>59.5</ele>
      </trkpt>
      <trkpt lat="58.370271" lon="15.715537">
        <ele>59.1</ele>
      </trkpt>
      <trkpt lat="58.370114" lon="15.715684">
        <ele>58.6</ele>
      </trkpt>
      <trkpt lat="58.370095" lon="15.715739">
        <ele>58.4</ele>
      </trkpt>
      <trkpt lat="58.370088" lon="15.715808">
        <ele>58.1</ele>
      </trkpt>
      <trkpt lat="58.370088" lon="15.715926">
        <ele>57.7</ele>
      </trkpt>
      <trkpt lat="58.370083" lon="15.71598">
        <ele>57.5</ele>
      </trkpt>
      <trkpt lat="58.370069" lon="15.71603">
        <ele>57.3</ele>
      </trkpt>
      <trkpt lat="58.370044" lon="15.716075">
        <ele>57.2</ele>
      </trkpt>
      <trkpt lat="58.369995" lon="15.716134">
        <ele>56.9</ele>
      </trkpt>
      <trkpt lat="58.369847" lon="15.716268">
        <ele>56.8</ele>
      </trkpt>
      <trkpt lat="58.369749" lon="15.716333">
        <ele>57.0</ele>
      </trkpt>
      <trkpt lat="58.369638" lon="15.716389">
        <ele>56.8</ele>
      </trkpt>
      <trkpt lat="58.36922" lon="15.71652">
        <ele>54.6</ele>
      </trkpt>
      <trkpt lat="58.369142" lon="15.716553">
        <ele>54.3</ele>
      </trkpt>
      <trkpt lat="58.369061" lon="15.716608">
        <ele>54.0</ele>
      </trkpt>
      <trkpt lat="58.368918" lon="15.716712">
        <ele>53.9</ele>
      </trkpt>
      <trkpt lat="58.368787" lon="15.716839">
        <ele>54.1</ele>
      </trkpt>
      <trkpt lat="58.368606" lon="15.71703">
        <ele>53.7</ele>
      </trkpt>
      <trkpt lat="58.368539" lon="15.71709">
        <ele>53.5</ele>
      </trkpt>
      <trkpt lat="58.368472" lon="15.717137">
        <ele>53.6</ele>
      </trkpt>
      <trkpt lat="58.368396" lon="15.717176">
        <ele>53.8</ele>
      </trkpt>
      <trkpt lat="58.368261" lon="15.717232">
        <ele>54.0</ele>
      </trkpt>
      <trkpt lat="58.368172" lon="15.717256">
        <ele>54.0</ele>
      </trkpt>
      <trkpt lat="58.36808" lon="15.717274">
        <ele>53.9</ele>
      </trkpt>
      <trkpt lat="58.367982" lon="15.717286">
        <ele>54.2</ele>
      </trkpt>
      <trkpt lat="58.367938" lon="15.717272">
        <ele>54.4</ele>
      </trkpt>
      <trkpt lat="58.367901" lon="15.717253">
        <ele>54.6</ele>
      </trkpt>
      <trkpt lat="58.367868" lon="15.717205">
        <ele>54.7</ele>
      </trkpt>
      <trkpt lat="58.367847" lon="15.717151">
        <ele>54.8</ele>
      </trkpt>
      <trkpt lat="58.367829" lon="15.717092">
        <ele>54.9</ele>
      </trkpt>
      <trkpt lat="58.3678" lon="15.716867">
        <ele>55.2</ele>
      </trkpt>
      <trkpt lat="58.367789" lon="15.716811">
        <ele>55.5</ele>
      </trkpt>
      <trkpt lat="58.367769" lon="15.716765">
        <ele>55.7</ele>
      </trkpt>
      <trkpt lat="58.367743" lon="15.716739">
        <ele>55.8</ele>
      </trkpt>
      <trkpt lat="58.367711" lon="15.716727">
        <ele>55.9</ele>
      </trkpt>
      <trkpt lat="58.367682" lon="15.716729">
        <ele>55.9</ele>
      </trkpt>
      <trkpt lat="58.367453" lon="15.716817">
        <ele>56.1</ele>
      </trkpt>
      <trkpt lat="58.367224" lon="15.716906">
        <ele>56.1</ele>
      </trkpt>
      <trkpt lat="58.367201" lon="15.716803">
        <ele>55.9</ele>
        <name>58.367201,15.716803</name>
        <extensions>
          <oa:Extension>
            <oa:mapZoom>12</oa:mapZoom>
          </oa:Extension>
        </extensions>
      </trkpt>
      <trkpt lat="58.367658" lon="15.720829">
        <ele>65.5</ele>
        <name>58.367658,15.720829</name>
        <extensions>
          <oa:Extension>
            <oa:mapZoom>12</oa:mapZoom>
          </oa:Extension>
        </extensions>
      </trkpt>
      <trkpt lat="58.367683" lon="15.720973">
        <ele>65.9</ele>
      </trkpt>
      <trkpt lat="58.367714" lon="15.72104">
        <ele>66.0</ele>
      </trkpt>
      <trkpt lat="58.367746" lon="15.721066">
        <ele>66.0</ele>
      </trkpt>
      <trkpt lat="58.367814" lon="15.721109">
        <ele>66.0</ele>
      </trkpt>
      <trkpt lat="58.367845" lon="15.721124">
        <ele>65.9</ele>
      </trkpt>
      <trkpt lat="58.367898" lon="15.721149">
        <ele>65.7</ele>
      </trkpt>
      <trkpt lat="58.367999" lon="15.721374">
        <ele>64.3</ele>
      </trkpt>
      <trkpt lat="58.36822" lon="15.721907">
        <ele>62.4</ele>
      </trkpt>
      <trkpt lat="58.368402" lon="15.722468">
        <ele>62.9</ele>
      </trkpt>
      <trkpt lat="58.368427" lon="15.722526">
        <ele>63.1</ele>
      </trkpt>
      <trkpt lat="58.368465" lon="15.722574">
        <ele>63.4</ele>
      </trkpt>
      <trkpt lat="58.368467" lon="15.722638">
        <ele>63.8</ele>
      </trkpt>
      <trkpt lat="58.368474" lon="15.722683">
        <ele>64.1</ele>
      </trkpt>
      <trkpt lat="58.368489" lon="15.722728">
        <ele>64.4</ele>
      </trkpt>
      <trkpt lat="58.368518" lon="15.722826">
        <ele>65.1</ele>
      </trkpt>
      <trkpt lat="58.368546" lon="15.722913">
        <ele>65.4</ele>
      </trkpt>
      <trkpt lat="58.368544" lon="15.72296">
        <ele>65.6</ele>
      </trkpt>
      <trkpt lat="58.368545" lon="15.723014">
        <ele>65.8</ele>
      </trkpt>
      <trkpt lat="58.368628" lon="15.723053">
        <ele>66.0</ele>
      </trkpt>
      <trkpt lat="58.368675" lon="15.723113">
        <ele>66.6</ele>
      </trkpt>
      <trkpt lat="58.368713" lon="15.723199">
        <ele>67.5</ele>
      </trkpt>
      <trkpt lat="58.368735" lon="15.723299">
        <ele>68.5</ele>
      </trkpt>
      <trkpt lat="58.368735" lon="15.723424">
        <ele>69.5</ele>
      </trkpt>
      <trkpt lat="58.368697" lon="15.723561">
        <ele>70.6</ele>
      </trkpt>
      <trkpt lat="58.368742" lon="15.723767">
        <ele>72.0</ele>
      </trkpt>
      <trkpt lat="58.368769" lon="15.723884">
        <ele>72.6</ele>
      </trkpt>
      <trkpt lat="58.368793" lon="15.723995">
        <ele>73.2</ele>
      </trkpt>
      <trkpt lat="58.368821" lon="15.724119">
        <ele>73.9</ele>
      </trkpt>
      <trkpt lat="58.368952" lon="15.72399">
        <ele>72.4</ele>
      </trkpt>
      <trkpt lat="58.369008" lon="15.724242">
        <ele>73.6</ele>
      </trkpt>
      <trkpt lat="58.369054" lon="15.724409">
        <ele>73.8</ele>
      </trkpt>
      <trkpt lat="58.369132" lon="15.724655">
        <ele>74.0</ele>
      </trkpt>
      <trkpt lat="58.36917" lon="15.72488">
        <ele>74.1</ele>
      </trkpt>
      <trkpt lat="58.369233" lon="15.725126">
        <ele>73.3</ele>
      </trkpt>
      <trkpt lat="58.369245" lon="15.72524">
        <ele>72.9</ele>
      </trkpt>
      <trkpt lat="58.369265" lon="15.725344">
        <ele>72.6</ele>
      </trkpt>
      <trkpt lat="58.369283" lon="15.725434">
        <ele>72.5</ele>
      </trkpt>
      <trkpt lat="58.369298" lon="15.725494">
        <ele>72.3</ele>
      </trkpt>
      <trkpt lat="58.369338" lon="15.725784">
        <ele>71.1</ele>
      </trkpt>
      <trkpt lat="58.369348" lon="15.725861">
        <ele>70.7</ele>
      </trkpt>
      <trkpt lat="58.369365" lon="15.725985">
        <ele>69.9</ele>
      </trkpt>
      <trkpt lat="58.369385" lon="15.726127">
        <ele>69.2</ele>
      </trkpt>
      <trkpt lat="58.369437" lon="15.726489">
        <ele>67.6</ele>
      </trkpt>
      <trkpt lat="58.369448" lon="15.726564">
        <ele>67.3</ele>
      </trkpt>
      <trkpt lat="58.369451" lon="15.726705">
        <ele>66.9</ele>
      </trkpt>
      <trkpt lat="58.369435" lon="15.726886">
        <ele>67.0</ele>
      </trkpt>
      <trkpt lat="58.369601" lon="15.72706">
        <ele>67.0</ele>
      </trkpt>
      <trkpt lat="58.369694" lon="15.727178">
        <ele>67.0</ele>
      </trkpt>
      <trkpt lat="58.369775" lon="15.727298">
        <ele>67.0</ele>
      </trkpt>
      <trkpt lat="58.370024" lon="15.727807">
        <ele>66.9</ele>
      </trkpt>
      <trkpt lat="58.370086" lon="15.727925">
        <ele>66.6</ele>
      </trkpt>
      <trkpt lat="58.370138" lon="15.727989">
        <ele>66.6</ele>
      </trkpt>
      <trkpt lat="58.370196" lon="15.728034">
        <ele>66.8</ele>
      </trkpt>
      <trkpt lat="58.37025" lon="15.728052">
        <ele>66.9</ele>
      </trkpt>
      <trkpt lat="58.370303" lon="15.728055">
        <ele>67.0</ele>
      </trkpt>
      <trkpt lat="58.370362" lon="15.728034">
        <ele>67.1</ele>
      </trkpt>
      <trkpt lat="58.370407" lon="15.728">
        <ele>67.1</ele>
      </trkpt>
      <trkpt lat="58.370466" lon="15.727931">
        <ele>67.0</ele>
      </trkpt>
      <trkpt lat="58.370612" lon="15.727724">
        <ele>67.0</ele>
      </trkpt>
      <trkpt lat="58.370843" lon="15.727365">
        <ele>67.0</ele>
      </trkpt>
      <trkpt lat="58.371095" lon="15.726998">
        <ele>66.0</ele>
      </trkpt>
      <trkpt lat="58.3712" lon="15.726883">
        <ele>66.0</ele>
      </trkpt>
      <trkpt lat="58.37129" lon="15.726802">
        <ele>66.4</ele>
      </trkpt>
      <trkpt lat="58.37139" lon="15.726743">
        <ele>66.8</ele>
      </trkpt>
      <trkpt lat="58.371485" lon="15.726701">
        <ele>66.7</ele>
      </trkpt>
      <trkpt lat="58.371578" lon="15.72668">
        <ele>66.4</ele>
      </trkpt>
      <trkpt lat="58.371645" lon="15.726677">
        <ele>66.1</ele>
      </trkpt>
      <trkpt lat="58.371721" lon="15.726686">
        <ele>65.8</ele>
      </trkpt>
      <trkpt lat="58.371803" lon="15.726714">
        <ele>65.4</ele>
      </trkpt>
      <trkpt lat="58.371895" lon="15.726766">
        <ele>65.1</ele>
      </trkpt>
      <trkpt lat="58.372267" lon="15.727031">
        <ele>65.3</ele>
      </trkpt>
      <trkpt lat="58.372357" lon="15.727094">
        <ele>65.7</ele>
      </trkpt>
      <trkpt lat="58.372455" lon="15.727144">
        <ele>65.9</ele>
      </trkpt>
      <trkpt lat="58.372541" lon="15.727177">
        <ele>65.7</ele>
      </trkpt>
      <trkpt lat="58.372626" lon="15.727204">
        <ele>65.2</ele>
      </trkpt>
      <trkpt lat="58.372736" lon="15.727224">
        <ele>64.3</ele>
      </trkpt>
      <trkpt lat="58.372898" lon="15.727248">
        <ele>63.5</ele>
      </trkpt>
      <trkpt lat="58.373215" lon="15.727263">
        <ele>62.4</ele>
      </trkpt>
      <trkpt lat="58.373538" lon="15.727274">
        <ele>62.0</ele>
      </trkpt>
      <trkpt lat="58.373851" lon="15.727261">
        <ele>62.0</ele>
      </trkpt>
      <trkpt lat="58.374163" lon="15.727248">
        <ele>64.0</ele>
      </trkpt>
      <trkpt lat="58.374298" lon="15.727237">
        <ele>64.6</ele>
      </trkpt>
      <trkpt lat="58.374407" lon="15.727215">
        <ele>64.9</ele>
      </trkpt>
      <trkpt lat="58.374507" lon="15.72718">
        <ele>65.2</ele>
      </trkpt>
      <trkpt lat="58.374586" lon="15.727139">
        <ele>65.5</ele>
      </trkpt>
      <trkpt lat="58.374677" lon="15.727071">
        <ele>65.9</ele>
      </trkpt>
      <trkpt lat="58.374838" lon="15.726939">
        <ele>66.1</ele>
      </trkpt>
      <trkpt lat="58.375066" lon="15.726738">
        <ele>65.3</ele>
      </trkpt>
      <trkpt lat="58.375293" lon="15.726538">
        <ele>64.5</ele>
      </trkpt>
      <trkpt lat="58.375366" lon="15.72645">
        <ele>64.0</ele>
      </trkpt>
      <trkpt lat="58.37545" lon="15.726335">
        <ele>63.3</ele>
      </trkpt>
      <trkpt lat="58.375524" lon="15.726219">
        <ele>62.5</ele>
      </trkpt>
      <trkpt lat="58.375664" lon="15.725989">
        <ele>61.3</ele>
      </trkpt>
      <trkpt lat="58.375758" lon="15.72586">
        <ele>61.1</ele>
      </trkpt>
      <trkpt lat="58.375861" lon="15.725733">
        <ele>60.9</ele>
      </trkpt>
      <trkpt lat="58.376097" lon="15.725471">
        <ele>60.6</ele>
      </trkpt>
      <trkpt lat="58.376187" lon="15.725352">
        <ele>60.9</ele>
      </trkpt>
      <trkpt lat="58.376262" lon="15.725225">
        <ele>60.5</ele>
      </trkpt>
      <trkpt lat="58.376334" lon="15.725096">
        <ele>60.2</ele>
      </trkpt>
      <trkpt lat="58.376402" lon="15.724944">
        <ele>60.1</ele>
      </trkpt>
      <trkpt lat="58.376507" lon="15.724611">
        <ele>59.9</ele>
      </trkpt>
      <trkpt lat="58.376634" lon="15.724139">
        <ele>59.2</ele>
      </trkpt>
      <trkpt lat="58.376762" lon="15.723666">
        <ele>59.2</ele>
      </trkpt>
      <trkpt lat="58.37688" lon="15.723229">
        <ele>59.3</ele>
      </trkpt>
      <trkpt lat="58.376999" lon="15.722792">
        <ele>58.6</ele>
      </trkpt>
      <trkpt lat="58.377119" lon="15.722403">
        <ele>57.9</ele>
      </trkpt>
      <trkpt lat="58.377239" lon="15.722013">
        <ele>57.9</ele>
      </trkpt>
      <trkpt lat="58.377288" lon="15.72187">
        <ele>58.0</ele>
      </trkpt>
      <trkpt lat="58.377353" lon="15.721696">
        <ele>58.4</ele>
      </trkpt>
      <trkpt lat="58.377417" lon="15.721561">
        <ele>58.5</ele>
      </trkpt>
      <trkpt lat="58.37749" lon="15.721438">
        <ele>58.9</ele>
      </trkpt>
      <trkpt lat="58.377566" lon="15.721333">
        <ele>59.0</ele>
      </trkpt>
      <trkpt lat="58.37768" lon="15.721194">
        <ele>58.8</ele>
      </trkpt>
      <trkpt lat="58.377847" lon="15.721046">
        <ele>59.3</ele>
      </trkpt>
      <trkpt lat="58.378004" lon="15.721382">
        <ele>59.8</ele>
      </trkpt>
      <trkpt lat="58.37817" lon="15.721709">
        <ele>60.4</ele>
      </trkpt>
      <trkpt lat="58.37844" lon="15.722202">
        <ele>60.2</ele>
      </trkpt>
      <trkpt lat="58.378709" lon="15.722694">
        <ele>59.2</ele>
      </trkpt>
      <trkpt lat="58.378969" lon="15.723179">
        <ele>58.6</ele>
      </trkpt>
      <trkpt lat="58.379229" lon="15.723663">
        <ele>58.0</ele>
      </trkpt>
      <trkpt lat="58.379423" lon="15.724053">
        <ele>58.9</ele>
      </trkpt>
      <trkpt lat="58.379611" lon="15.724467">
        <ele>61.3</ele>
      </trkpt>
      <trkpt lat="58.379628" lon="15.724509">
        <ele>61.5</ele>
      </trkpt>
      <trkpt lat="58.379859" lon="15.72511">
        <ele>63.4</ele>
      </trkpt>
      <trkpt lat="58.380005" lon="15.725556">
        <ele>64.0</ele>
      </trkpt>
      <trkpt lat="58.380046" lon="15.725692">
        <ele>63.7</ele>
      </trkpt>
      <trkpt lat="58.380169" lon="15.726102">
        <ele>63.6</ele>
      </trkpt>
      <trkpt lat="58.380343" lon="15.726696">
        <ele>63.0</ele>
      </trkpt>
      <trkpt lat="58.380516" lon="15.727291">
        <ele>62.7</ele>
      </trkpt>
      <trkpt lat="58.380618" lon="15.727628">
        <ele>62.3</ele>
      </trkpt>
      <trkpt lat="58.380728" lon="15.727943">
        <ele>63.2</ele>
      </trkpt>
      <trkpt lat="58.38089" lon="15.728352">
        <ele>64.4</ele>
      </trkpt>
      <trkpt lat="58.380978" lon="15.728542">
        <ele>65.2</ele>
      </trkpt>
      <trkpt lat="58.381066" lon="15.728732">
        <ele>65.5</ele>
      </trkpt>
      <trkpt lat="58.381288" lon="15.729117">
        <ele>65.0</ele>
      </trkpt>
      <trkpt lat="58.381496" lon="15.729472">
        <ele>64.6</ele>
      </trkpt>
      <trkpt lat="58.38184" lon="15.730007">
        <ele>63.4</ele>
      </trkpt>
      <trkpt lat="58.382184" lon="15.730542">
        <ele>61.1</ele>
      </trkpt>
      <trkpt lat="58.382528" lon="15.731077">
        <ele>60.8</ele>
      </trkpt>
      <trkpt lat="58.382769" lon="15.731456">
        <ele>61.1</ele>
      </trkpt>
      <trkpt lat="58.383011" lon="15.731835">
        <ele>61.9</ele>
      </trkpt>
      <trkpt lat="58.38325" lon="15.732227">
        <ele>62.6</ele>
      </trkpt>
      <trkpt lat="58.383471" lon="15.732633">
        <ele>63.7</ele>
      </trkpt>
      <trkpt lat="58.383665" lon="15.733024">
        <ele>64.2</ele>
      </trkpt>
      <trkpt lat="58.383941" lon="15.733661">
        <ele>64.1</ele>
      </trkpt>
      <trkpt lat="58.384147" lon="15.734244">
        <ele>63.9</ele>
      </trkpt>
      <trkpt lat="58.384329" lon="15.734793">
        <ele>64.6</ele>
      </trkpt>
      <trkpt lat="58.384469" lon="15.735336">
        <ele>65.0</ele>
      </trkpt>
      <trkpt lat="58.384609" lon="15.735878">
        <ele>66.7</ele>
      </trkpt>
      <trkpt lat="58.384748" lon="15.73642">
        <ele>68.1</ele>
      </trkpt>
      <trkpt lat="58.384912" lon="15.737082">
        <ele>68.2</ele>
      </trkpt>
      <trkpt lat="58.385076" lon="15.737745">
        <ele>67.7</ele>
      </trkpt>
      <trkpt lat="58.38524" lon="15.738407">
        <ele>67.3</ele>
      </trkpt>
      <trkpt lat="58.385404" lon="15.739069">
        <ele>65.8</ele>
      </trkpt>
      <trkpt lat="58.385568" lon="15.739731">
        <ele>62.9</ele>
      </trkpt>
      <trkpt lat="58.385742" lon="15.740407">
        <ele>61.9</ele>
      </trkpt>
      <trkpt lat="58.385917" lon="15.741083">
        <ele>62.3</ele>
      </trkpt>
      <trkpt lat="58.386042" lon="15.741538">
        <ele>62.0</ele>
      </trkpt>
      <trkpt lat="58.386231" lon="15.742154">
        <ele>61.5</ele>
      </trkpt>
      <trkpt lat="58.386446" lon="15.742809">
        <ele>62.2</ele>
      </trkpt>
      <trkpt lat="58.386697" lon="15.743482">
        <ele>63.1</ele>
      </trkpt>
      <trkpt lat="58.38696" lon="15.744131">
        <ele>64.1</ele>
      </trkpt>
      <trkpt lat="58.387233" lon="15.744733">
        <ele>65.0</ele>
      </trkpt>
      <trkpt lat="58.38753" lon="15.745336">
        <ele>65.9</ele>
      </trkpt>
      <trkpt lat="58.387798" lon="15.745839">
        <ele>66.1</ele>
      </trkpt>
      <trkpt lat="58.387991" lon="15.746204">
        <ele>65.6</ele>
      </trkpt>
      <trkpt lat="58.388181" lon="15.746549">
        <ele>66.8</ele>
      </trkpt>
      <trkpt lat="58.38837" lon="15.746894">
        <ele>68.4</ele>
      </trkpt>
      <trkpt lat="58.38863" lon="15.747368">
        <ele>67.4</ele>
      </trkpt>
      <trkpt lat="58.388889" lon="15.747841">
        <ele>66.1</ele>
      </trkpt>
      <trkpt lat="58.389149" lon="15.748314">
        <ele>66.1</ele>
      </trkpt>
      <trkpt lat="58.389409" lon="15.748788">
        <ele>63.8</ele>
      </trkpt>
      <trkpt lat="58.389668" lon="15.749261">
        <ele>59.3</ele>
      </trkpt>
      <trkpt lat="58.389965" lon="15.749878">
        <ele>55.3</ele>
      </trkpt>
      <trkpt lat="58.390146" lon="15.7503">
        <ele>55.5</ele>
      </trkpt>
      <trkpt lat="58.390288" lon="15.750673">
        <ele>55.0</ele>
      </trkpt>
      <trkpt lat="58.390427" lon="15.751067">
        <ele>55.1</ele>
      </trkpt>
      <trkpt lat="58.390565" lon="15.751461">
        <ele>55.0</ele>
      </trkpt>
      <trkpt lat="58.390755" lon="15.752044">
        <ele>55.6</ele>
      </trkpt>
      <trkpt lat="58.390945" lon="15.752628">
        <ele>56.6</ele>
      </trkpt>
      <trkpt lat="58.391153" lon="15.753263">
        <ele>57.1</ele>
      </trkpt>
      <trkpt lat="58.391361" lon="15.753899">
        <ele>56.9</ele>
      </trkpt>
      <trkpt lat="58.391499" lon="15.754294">
        <ele>57.7</ele>
      </trkpt>
      <trkpt lat="58.391638" lon="15.754659">
        <ele>58.0</ele>
      </trkpt>
      <trkpt lat="58.391762" lon="15.754947">
        <ele>57.7</ele>
      </trkpt>
      <trkpt lat="58.391887" lon="15.755225">
        <ele>57.2</ele>
      </trkpt>
      <trkpt lat="58.392173" lon="15.755815">
        <ele>57.0</ele>
      </trkpt>
      <trkpt lat="58.392368" lon="15.756198">
        <ele>56.9</ele>
      </trkpt>
      <trkpt lat="58.392562" lon="15.756581">
        <ele>57.2</ele>
      </trkpt>
      <trkpt lat="58.392824" lon="15.757091">
        <ele>58.0</ele>
      </trkpt>
      <trkpt lat="58.393086" lon="15.757601">
        <ele>59.0</ele>
      </trkpt>
      <trkpt lat="58.393348" lon="15.758112">
        <ele>60.0</ele>
      </trkpt>
      <trkpt lat="58.39361" lon="15.758622">
        <ele>60.0</ele>
      </trkpt>
      <trkpt lat="58.393872" lon="15.759132">
        <ele>59.9</ele>
      </trkpt>
      <trkpt lat="58.394134" lon="15.759642">
        <ele>61.6</ele>
      </trkpt>
      <trkpt lat="58.394192" lon="15.759755">
        <ele>62.1</ele>
      </trkpt>
      <trkpt lat="58.394369" lon="15.760099">
        <ele>62.6</ele>
      </trkpt>
      <trkpt lat="58.394545" lon="15.760443">
        <ele>63.4</ele>
      </trkpt>
      <trkpt lat="58.394794" lon="15.760911">
        <ele>64.2</ele>
      </trkpt>
      <trkpt lat="58.395043" lon="15.76138">
        <ele>63.0</ele>
      </trkpt>
      <trkpt lat="58.395191" lon="15.761658">
        <ele>62.4</ele>
      </trkpt>
      <trkpt lat="58.395389" lon="15.762014">
        <ele>60.4</ele>
      </trkpt>
      <trkpt lat="58.395587" lon="15.762369">
        <ele>58.8</ele>
      </trkpt>
      <trkpt lat="58.395842" lon="15.762824">
        <ele>56.8</ele>
      </trkpt>
      <trkpt lat="58.396098" lon="15.76328">
        <ele>55.2</ele>
      </trkpt>
      <trkpt lat="58.396405" lon="15.763816">
        <ele>54.0</ele>
      </trkpt>
      <trkpt lat="58.396512" lon="15.764023">
        <ele>53.3</ele>
      </trkpt>
      <trkpt lat="58.396626" lon="15.764268">
        <ele>52.7</ele>
      </trkpt>
      <trkpt lat="58.396739" lon="15.764539">
        <ele>51.9</ele>
      </trkpt>
      <trkpt lat="58.396844" lon="15.764837">
        <ele>51.7</ele>
      </trkpt>
      <trkpt lat="58.396972" lon="15.765257">
        <ele>51.0</ele>
      </trkpt>
      <trkpt lat="58.397001" lon="15.765354">
        <ele>50.9</ele>
      </trkpt>
      <trkpt lat="58.397047" lon="15.765526">
        <ele>50.9</ele>
      </trkpt>
      <trkpt lat="58.397095" lon="15.765673">
        <ele>51.1</ele>
      </trkpt>
      <trkpt lat="58.397165" lon="15.765831">
        <ele>51.2</ele>
      </trkpt>
      <trkpt lat="58.397259" lon="15.765992">
        <ele>50.9</ele>
      </trkpt>
      <trkpt lat="58.397286" lon="15.766047">
        <ele>50.9</ele>
      </trkpt>
      <trkpt lat="58.397303" lon="15.766107">
        <ele>50.9</ele>
      </trkpt>
      <trkpt lat="58.397325" lon="15.766232">
        <ele>50.9</ele>
      </trkpt>
      <trkpt lat="58.39731" lon="15.766301">
        <ele>50.9</ele>
      </trkpt>
      <trkpt lat="58.397299" lon="15.766373">
        <ele>50.9</ele>
      </trkpt>
      <trkpt lat="58.397293" lon="15.766446">
        <ele>51.1</ele>
      </trkpt>
      <trkpt lat="58.397291" lon="15.766521">
        <ele>51.3</ele>
      </trkpt>
      <trkpt lat="58.397295" lon="15.766606">
        <ele>51.6</ele>
      </trkpt>
      <trkpt lat="58.397304" lon="15.766689">
        <ele>51.8</ele>
      </trkpt>
      <trkpt lat="58.39732" lon="15.766768">
        <ele>51.7</ele>
      </trkpt>
      <trkpt lat="58.39734" lon="15.766843">
        <ele>51.6</ele>
      </trkpt>
      <trkpt lat="58.397366" lon="15.766912">
        <ele>51.5</ele>
      </trkpt>
      <trkpt lat="58.397397" lon="15.766974">
        <ele>51.3</ele>
      </trkpt>
      <trkpt lat="58.397431" lon="15.767028">
        <ele>51.2</ele>
      </trkpt>
      <trkpt lat="58.397473" lon="15.767076">
        <ele>51.0</ele>
      </trkpt>
      <trkpt lat="58.397518" lon="15.767111">
        <ele>50.9</ele>
      </trkpt>
      <trkpt lat="58.397612" lon="15.767289">
        <ele>51.0</ele>
      </trkpt>
      <trkpt lat="58.397695" lon="15.76744">
        <ele>51.1</ele>
      </trkpt>
      <trkpt lat="58.397759" lon="15.767567">
        <ele>51.0</ele>
      </trkpt>
      <trkpt lat="58.397821" lon="15.767708">
        <ele>51.0</ele>
      </trkpt>
      <trkpt lat="58.397893" lon="15.767903">
        <ele>51.3</ele>
      </trkpt>
      <trkpt lat="58.398001" lon="15.768246">
        <ele>51.2</ele>
      </trkpt>
      <trkpt lat="58.398045" lon="15.768478">
        <ele>50.9</ele>
      </trkpt>
      <trkpt lat="58.398087" lon="15.76876">
        <ele>51.0</ele>
      </trkpt>
      <trkpt lat="58.398113" lon="15.768982">
        <ele>51.0</ele>
      </trkpt>
      <trkpt lat="58.39813" lon="15.76918">
        <ele>51.0</ele>
      </trkpt>
      <trkpt lat="58.398152" lon="15.769528">
        <ele>50.9</ele>
      </trkpt>
      <trkpt lat="58.398168" lon="15.769889">
        <ele>51.8</ele>
      </trkpt>
      <trkpt lat="58.398183" lon="15.770546">
        <ele>51.1</ele>
      </trkpt>
      <trkpt lat="58.398198" lon="15.771204">
        <ele>49.0</ele>
      </trkpt>
      <trkpt lat="58.398211" lon="15.772015">
        <ele>48.1</ele>
      </trkpt>
      <trkpt lat="58.398224" lon="15.772826">
        <ele>47.3</ele>
      </trkpt>
      <trkpt lat="58.398237" lon="15.773637">
        <ele>47.0</ele>
      </trkpt>
      <trkpt lat="58.398244" lon="15.774127">
        <ele>47.6</ele>
      </trkpt>
      <trkpt lat="58.398247" lon="15.774329">
        <ele>48.1</ele>
      </trkpt>
      <trkpt lat="58.398256" lon="15.774903">
        <ele>49.2</ele>
      </trkpt>
      <trkpt lat="58.398264" lon="15.775476">
        <ele>50.4</ele>
      </trkpt>
      <trkpt lat="58.398273" lon="15.77605">
        <ele>50.6</ele>
      </trkpt>
      <trkpt lat="58.398291" lon="15.776865">
        <ele>52.4</ele>
      </trkpt>
      <trkpt lat="58.398321" lon="15.777653">
        <ele>53.9</ele>
      </trkpt>
      <trkpt lat="58.398348" lon="15.778095">
        <ele>54.1</ele>
      </trkpt>
      <trkpt lat="58.398377" lon="15.778511">
        <ele>54.2</ele>
      </trkpt>
      <trkpt lat="58.398415" lon="15.778901">
        <ele>55.3</ele>
      </trkpt>
      <trkpt lat="58.398463" lon="15.779314">
        <ele>55.4</ele>
      </trkpt>
      <trkpt lat="58.398511" lon="15.779662">
        <ele>56.2</ele>
      </trkpt>
      <trkpt lat="58.398569" lon="15.780043">
        <ele>56.9</ele>
      </trkpt>
      <trkpt lat="58.398615" lon="15.780302">
        <ele>57.0</ele>
      </trkpt>
      <trkpt lat="58.398664" lon="15.780559">
        <ele>57.3</ele>
      </trkpt>
      <trkpt lat="58.398811" lon="15.781274">
        <ele>58.4</ele>
      </trkpt>
      <trkpt lat="58.398964" lon="15.781923">
        <ele>58.4</ele>
      </trkpt>
      <trkpt lat="58.399164" lon="15.782672">
        <ele>56.3</ele>
      </trkpt>
      <trkpt lat="58.39935" lon="15.783256">
        <ele>55.9</ele>
      </trkpt>
      <trkpt lat="58.399536" lon="15.783841">
        <ele>54.4</ele>
      </trkpt>
      <trkpt lat="58.399722" lon="15.784425">
        <ele>54.0</ele>
      </trkpt>
      <trkpt lat="58.39987" lon="15.784887">
        <ele>53.7</ele>
      </trkpt>
      <trkpt lat="58.400017" lon="15.78535">
        <ele>54.0</ele>
      </trkpt>
      <trkpt lat="58.400152" lon="15.785766">
        <ele>53.4</ele>
      </trkpt>
      <trkpt lat="58.400287" lon="15.786182">
        <ele>53.0</ele>
      </trkpt>
      <trkpt lat="58.400505" lon="15.786852">
        <ele>54.1</ele>
      </trkpt>
      <trkpt lat="58.400722" lon="15.787523">
        <ele>53.9</ele>
      </trkpt>
      <trkpt lat="58.40094" lon="15.788193">
        <ele>54.3</ele>
      </trkpt>
      <trkpt lat="58.401063" lon="15.788603">
        <ele>55.0</ele>
      </trkpt>
      <trkpt lat="58.401186" lon="15.789013">
        <ele>55.9</ele>
      </trkpt>
      <trkpt lat="58.401297" lon="15.789412">
        <ele>55.1</ele>
      </trkpt>
      <trkpt lat="58.401408" lon="15.789811">
        <ele>54.9</ele>
      </trkpt>
      <trkpt lat="58.401601" lon="15.790561">
        <ele>56.0</ele>
      </trkpt>
      <trkpt lat="58.401695" lon="15.79096">
        <ele>55.9</ele>
      </trkpt>
      <trkpt lat="58.401788" lon="15.791358">
        <ele>56.5</ele>
      </trkpt>
      <trkpt lat="58.40187" lon="15.791761">
        <ele>56.5</ele>
      </trkpt>
      <trkpt lat="58.401952" lon="15.792164">
        <ele>57.0</ele>
      </trkpt>
      <trkpt lat="58.402102" lon="15.792959">
        <ele>56.9</ele>
      </trkpt>
      <trkpt lat="58.402191" lon="15.793491">
        <ele>56.9</ele>
      </trkpt>
      <trkpt lat="58.402283" lon="15.794051">
        <ele>57.1</ele>
      </trkpt>
      <trkpt lat="58.402392" lon="15.794824">
        <ele>58.5</ele>
      </trkpt>
      <trkpt lat="58.402472" lon="15.795447">
        <ele>60.5</ele>
      </trkpt>
      <trkpt lat="58.402519" lon="15.795867">
        <ele>61.1</ele>
      </trkpt>
      <trkpt lat="58.402566" lon="15.796286">
        <ele>61.5</ele>
      </trkpt>
      <trkpt lat="58.402629" lon="15.797082">
        <ele>59.7</ele>
      </trkpt>
      <trkpt lat="58.402663" lon="15.7976">
        <ele>58.7</ele>
      </trkpt>
      <trkpt lat="58.402697" lon="15.798117">
        <ele>58.7</ele>
      </trkpt>
      <trkpt lat="58.402717" lon="15.798636">
        <ele>57.9</ele>
      </trkpt>
      <trkpt lat="58.402737" lon="15.799155">
        <ele>58.8</ele>
      </trkpt>
      <trkpt lat="58.402756" lon="15.799956">
        <ele>57.9</ele>
      </trkpt>
      <trkpt lat="58.402758" lon="15.800395">
        <ele>59.1</ele>
      </trkpt>
      <trkpt lat="58.402759" lon="15.800835">
        <ele>59.0</ele>
      </trkpt>
      <trkpt lat="58.402746" lon="15.801523">
        <ele>59.5</ele>
      </trkpt>
      <trkpt lat="58.402734" lon="15.802212">
        <ele>60.9</ele>
      </trkpt>
      <trkpt lat="58.402713" lon="15.80299">
        <ele>64.3</ele>
      </trkpt>
      <trkpt lat="58.402693" lon="15.803769">
        <ele>65.7</ele>
      </trkpt>
      <trkpt lat="58.40267" lon="15.80457">
        <ele>63.0</ele>
      </trkpt>
      <trkpt lat="58.402647" lon="15.805371">
        <ele>62.1</ele>
      </trkpt>
      <trkpt lat="58.402624" lon="15.806172">
        <ele>62.1</ele>
      </trkpt>
      <trkpt lat="58.402601" lon="15.806973">
        <ele>62.8</ele>
      </trkpt>
      <trkpt lat="58.402578" lon="15.807774">
        <ele>63.5</ele>
      </trkpt>
      <trkpt lat="58.402556" lon="15.808546">
        <ele>65.1</ele>
      </trkpt>
      <trkpt lat="58.402538" lon="15.809226">
        <ele>64.4</ele>
      </trkpt>
      <trkpt lat="58.40252" lon="15.809906">
        <ele>63.0</ele>
      </trkpt>
      <trkpt lat="58.402507" lon="15.810664">
        <ele>63.1</ele>
      </trkpt>
      <trkpt lat="58.402511" lon="15.811492">
        <ele>64.4</ele>
      </trkpt>
      <trkpt lat="58.402527" lon="15.812043">
        <ele>64.9</ele>
      </trkpt>
      <trkpt lat="58.402554" lon="15.812641">
        <ele>65.2</ele>
      </trkpt>
      <trkpt lat="58.402584" lon="15.813073">
        <ele>64.4</ele>
      </trkpt>
      <trkpt lat="58.402613" lon="15.813504">
        <ele>65.6</ele>
      </trkpt>
      <trkpt lat="58.402656" lon="15.813939">
        <ele>66.0</ele>
      </trkpt>
      <trkpt lat="58.402699" lon="15.814374">
        <ele>66.4</ele>
      </trkpt>
      <trkpt lat="58.402771" lon="15.814976">
        <ele>66.0</ele>
      </trkpt>
      <trkpt lat="58.402854" lon="15.815527">
        <ele>67.7</ele>
      </trkpt>
      <trkpt lat="58.402938" lon="15.816078">
        <ele>70.2</ele>
      </trkpt>
      <trkpt lat="58.403061" lon="15.816779">
        <ele>72.1</ele>
      </trkpt>
      <trkpt lat="58.403185" lon="15.817481">
        <ele>73.2</ele>
      </trkpt>
      <trkpt lat="58.403308" lon="15.818182">
        <ele>73.6</ele>
      </trkpt>
      <trkpt lat="58.403431" lon="15.818884">
        <ele>73.4</ele>
      </trkpt>
      <trkpt lat="58.403554" lon="15.819585">
        <ele>73.2</ele>
      </trkpt>
      <trkpt lat="58.403673" lon="15.820253">
        <ele>72.9</ele>
      </trkpt>
      <trkpt lat="58.403791" lon="15.820921">
        <ele>73.2</ele>
      </trkpt>
      <trkpt lat="58.40391" lon="15.821589">
        <ele>74.4</ele>
      </trkpt>
      <trkpt lat="58.404052" lon="15.822392">
        <ele>74.4</ele>
      </trkpt>
      <trkpt lat="58.404194" lon="15.823194">
        <ele>74.0</ele>
      </trkpt>
      <trkpt lat="58.40433" lon="15.823964">
        <ele>72.1</ele>
      </trkpt>
      <trkpt lat="58.404467" lon="15.824734">
        <ele>71.2</ele>
      </trkpt>
      <trkpt lat="58.404603" lon="15.825504">
        <ele>69.1</ele>
      </trkpt>
      <trkpt lat="58.40474" lon="15.826274">
        <ele>69.1</ele>
      </trkpt>
      <trkpt lat="58.40485" lon="15.826979">
        <ele>69.4</ele>
      </trkpt>
      <trkpt lat="58.404959" lon="15.827685">
        <ele>68.9</ele>
      </trkpt>
      <trkpt lat="58.405023" lon="15.828173">
        <ele>69.3</ele>
      </trkpt>
      <trkpt lat="58.405064" lon="15.828532">
        <ele>70.3</ele>
      </trkpt>
      <trkpt lat="58.405083" lon="15.828695">
        <ele>70.6</ele>
      </trkpt>
      <trkpt lat="58.405145" lon="15.829353">
        <ele>71.9</ele>
      </trkpt>
      <trkpt lat="58.405197" lon="15.83014">
        <ele>71.4</ele>
      </trkpt>
      <trkpt lat="58.405216" lon="15.830625">
        <ele>71.2</ele>
      </trkpt>
      <trkpt lat="58.405232" lon="15.831069">
        <ele>71.1</ele>
      </trkpt>
      <trkpt lat="58.405248" lon="15.831513">
        <ele>71.5</ele>
      </trkpt>
      <trkpt lat="58.405271" lon="15.832181">
        <ele>73.8</ele>
      </trkpt>
      <trkpt lat="58.405293" lon="15.832848">
        <ele>76.4</ele>
      </trkpt>
      <trkpt lat="58.405316" lon="15.833516">
        <ele>78.3</ele>
      </trkpt>
      <trkpt lat="58.405339" lon="15.834183">
        <ele>78.3</ele>
      </trkpt>
      <trkpt lat="58.405362" lon="15.834832">
        <ele>76.2</ele>
      </trkpt>
      <trkpt lat="58.405386" lon="15.83548">
        <ele>74.6</ele>
      </trkpt>
      <trkpt lat="58.405406" lon="15.835992">
        <ele>74.4</ele>
      </trkpt>
      <trkpt lat="58.405426" lon="15.836503">
        <ele>74.3</ele>
      </trkpt>
      <trkpt lat="58.40548" lon="15.837224">
        <ele>74.2</ele>
      </trkpt>
      <trkpt lat="58.405545" lon="15.837934">
        <ele>75.0</ele>
      </trkpt>
      <trkpt lat="58.405637" lon="15.838631">
        <ele>75.7</ele>
      </trkpt>
      <trkpt lat="58.405765" lon="15.839403">
        <ele>76.1</ele>
      </trkpt>
      <trkpt lat="58.405849" lon="15.839918">
        <ele>77.7</ele>
      </trkpt>
      <trkpt lat="58.405934" lon="15.840433">
        <ele>78.7</ele>
      </trkpt>
      <trkpt lat="58.406013" lon="15.840943">
        <ele>78.6</ele>
      </trkpt>
      <trkpt lat="58.406091" lon="15.841452">
        <ele>79.0</ele>
      </trkpt>
      <trkpt lat="58.406157" lon="15.841972">
        <ele>78.9</ele>
      </trkpt>
      <trkpt lat="58.406223" lon="15.842492">
        <ele>78.7</ele>
      </trkpt>
      <trkpt lat="58.406296" lon="15.843096">
        <ele>78.4</ele>
      </trkpt>
      <trkpt lat="58.406314" lon="15.843239">
        <ele>79.0</ele>
      </trkpt>
      <trkpt lat="58.406383" lon="15.843858">
        <ele>80.0</ele>
      </trkpt>
      <trkpt lat="58.406405" lon="15.844034">
        <ele>79.9</ele>
      </trkpt>
      <trkpt lat="58.406459" lon="15.844443">
        <ele>80.6</ele>
      </trkpt>
      <trkpt lat="58.40652" lon="15.844844">
        <ele>79.8</ele>
      </trkpt>
      <trkpt lat="58.406573" lon="15.845133">
        <ele>79.7</ele>
      </trkpt>
      <trkpt lat="58.406713" lon="15.845767">
        <ele>80.1</ele>
      </trkpt>
      <trkpt lat="58.406852" lon="15.846309">
        <ele>80.1</ele>
      </trkpt>
      <trkpt lat="58.406991" lon="15.846851">
        <ele>79.0</ele>
      </trkpt>
      <trkpt lat="58.40713" lon="15.847392">
        <ele>78.3</ele>
      </trkpt>
      <trkpt lat="58.407244" lon="15.847813">
        <ele>78.0</ele>
      </trkpt>
      <trkpt lat="58.407394" lon="15.848348">
        <ele>76.4</ele>
      </trkpt>
      <trkpt lat="58.407545" lon="15.84885">
        <ele>75.1</ele>
      </trkpt>
      <trkpt lat="58.407682" lon="15.849297">
        <ele>73.9</ele>
      </trkpt>
      <trkpt lat="58.407886" lon="15.849977">
        <ele>73.6</ele>
      </trkpt>
      <trkpt lat="58.408045" lon="15.850511">
        <ele>73.1</ele>
      </trkpt>
      <trkpt lat="58.408135" lon="15.850868">
        <ele>71.1</ele>
      </trkpt>
      <trkpt lat="58.408188" lon="15.851195">
        <ele>70.3</ele>
      </trkpt>
      <trkpt lat="58.408214" lon="15.851371">
        <ele>70.0</ele>
      </trkpt>
      <trkpt lat="58.408251" lon="15.851661">
        <ele>69.7</ele>
      </trkpt>
      <trkpt lat="58.408288" lon="15.85199">
        <ele>69.8</ele>
      </trkpt>
      <trkpt lat="58.40831" lon="15.852326">
        <ele>69.9</ele>
      </trkpt>
      <trkpt lat="58.408324" lon="15.852737">
        <ele>70.0</ele>
      </trkpt>
      <trkpt lat="58.408312" lon="15.853239">
        <ele>69.8</ele>
      </trkpt>
      <trkpt lat="58.408275" lon="15.853765">
        <ele>69.6</ele>
      </trkpt>
      <trkpt lat="58.408227" lon="15.854239">
        <ele>69.1</ele>
      </trkpt>
      <trkpt lat="58.408157" lon="15.854816">
        <ele>68.1</ele>
      </trkpt>
      <trkpt lat="58.408144" lon="15.854928">
        <ele>67.7</ele>
      </trkpt>
      <trkpt lat="58.408138" lon="15.854988">
        <ele>67.5</ele>
      </trkpt>
      <trkpt lat="58.40809" lon="15.855433">
        <ele>67.1</ele>
      </trkpt>
      <trkpt lat="58.408022" lon="15.856023">
        <ele>67.8</ele>
      </trkpt>
      <trkpt lat="58.407955" lon="15.856612">
        <ele>69.0</ele>
      </trkpt>
      <trkpt lat="58.407893" lon="15.857156">
        <ele>70.0</ele>
      </trkpt>
      <trkpt lat="58.407857" lon="15.857512">
        <ele>69.8</ele>
      </trkpt>
      <trkpt lat="58.407822" lon="15.857887">
        <ele>70.6</ele>
      </trkpt>
      <trkpt lat="58.4078" lon="15.85822">
        <ele>70.2</ele>
      </trkpt>
      <trkpt lat="58.407785" lon="15.858588">
        <ele>70.1</ele>
      </trkpt>
      <trkpt lat="58.407779" lon="15.859056">
        <ele>69.0</ele>
      </trkpt>
      <trkpt lat="58.407787" lon="15.859469">
        <ele>69.1</ele>
      </trkpt>
      <trkpt lat="58.407802" lon="15.859821">
        <ele>69.6</ele>
      </trkpt>
      <trkpt lat="58.407821" lon="15.860113">
        <ele>70.0</ele>
      </trkpt>
      <trkpt lat="58.407846" lon="15.860458">
        <ele>69.4</ele>
      </trkpt>
      <trkpt lat="58.407884" lon="15.860821">
        <ele>68.9</ele>
      </trkpt>
      <trkpt lat="58.407957" lon="15.861477">
        <ele>68.5</ele>
      </trkpt>
      <trkpt lat="58.40803" lon="15.862134">
        <ele>67.2</ele>
      </trkpt>
      <trkpt lat="58.408116" lon="15.862847">
        <ele>66.1</ele>
      </trkpt>
      <trkpt lat="58.408196" lon="15.86354">
        <ele>65.2</ele>
      </trkpt>
      <trkpt lat="58.408276" lon="15.864234">
        <ele>64.9</ele>
      </trkpt>
      <trkpt lat="58.408356" lon="15.864927">
        <ele>64.0</ele>
      </trkpt>
      <trkpt lat="58.408435" lon="15.86562">
        <ele>62.6</ele>
      </trkpt>
      <trkpt lat="58.408515" lon="15.866313">
        <ele>63.0</ele>
      </trkpt>
      <trkpt lat="58.408597" lon="15.867032">
        <ele>63.0</ele>
      </trkpt>
      <trkpt lat="58.40868" lon="15.86775">
        <ele>64.0</ele>
      </trkpt>
      <trkpt lat="58.408762" lon="15.868469">
        <ele>65.2</ele>
      </trkpt>
      <trkpt lat="58.408844" lon="15.869188">
        <ele>65.8</ele>
      </trkpt>
      <trkpt lat="58.40895" lon="15.870001">
        <ele>65.1</ele>
      </trkpt>
      <trkpt lat="58.409088" lon="15.870789">
        <ele>63.9</ele>
      </trkpt>
      <trkpt lat="58.409239" lon="15.871492">
        <ele>67.6</ele>
      </trkpt>
      <trkpt lat="58.40933" lon="15.87186">
        <ele>71.5</ele>
      </trkpt>
      <trkpt lat="58.409412" lon="15.872182">
        <ele>74.3</ele>
      </trkpt>
      <trkpt lat="58.409537" lon="15.872601">
        <ele>77.9</ele>
      </trkpt>
      <trkpt lat="58.409678" lon="15.873039">
        <ele>79.8</ele>
      </trkpt>
      <trkpt lat="58.409895" lon="15.873646">
        <ele>82.0</ele>
      </trkpt>
      <trkpt lat="58.410064" lon="15.874098">
        <ele>81.4</ele>
      </trkpt>
      <trkpt lat="58.410233" lon="15.874551">
        <ele>79.0</ele>
      </trkpt>
      <trkpt lat="58.410376" lon="15.874496">
        <ele>80.3</ele>
      </trkpt>
      <trkpt lat="58.410431" lon="15.874523">
        <ele>80.6</ele>
      </trkpt>
      <trkpt lat="58.410548" lon="15.874579">
        <ele>81.1</ele>
      </trkpt>
      <trkpt lat="58.410772" lon="15.874901">
        <ele>79.5</ele>
      </trkpt>
      <trkpt lat="58.410962" lon="15.875141">
        <ele>77.8</ele>
      </trkpt>
      <trkpt lat="58.411151" lon="15.875382">
        <ele>76.4</ele>
      </trkpt>
      <trkpt lat="58.411387" lon="15.875565">
        <ele>75.9</ele>
      </trkpt>
      <trkpt lat="58.411575" lon="15.875843">
        <ele>74.9</ele>
      </trkpt>
      <trkpt lat="58.411762" lon="15.87612">
        <ele>73.8</ele>
      </trkpt>
      <trkpt lat="58.412131" lon="15.876565">
        <ele>73.0</ele>
      </trkpt>
      <trkpt lat="58.412413" lon="15.877041">
        <ele>72.2</ele>
      </trkpt>
      <trkpt lat="58.41248" lon="15.877155">
        <ele>72.0</ele>
      </trkpt>
      <trkpt lat="58.412735" lon="15.877841">
        <ele>70.6</ele>
      </trkpt>
      <trkpt lat="58.41299" lon="15.878528">
        <ele>69.8</ele>
      </trkpt>
      <trkpt lat="58.413245" lon="15.879214">
        <ele>69.9</ele>
      </trkpt>
      <trkpt lat="58.413385" lon="15.879642">
        <ele>71.0</ele>
      </trkpt>
      <trkpt lat="58.413524" lon="15.88007">
        <ele>70.7</ele>
      </trkpt>
      <trkpt lat="58.41377" lon="15.880608">
        <ele>71.1</ele>
      </trkpt>
      <trkpt lat="58.414015" lon="15.881146">
        <ele>70.4</ele>
      </trkpt>
      <trkpt lat="58.41426" lon="15.881685">
        <ele>70.0</ele>
      </trkpt>
      <trkpt lat="58.414467" lon="15.882301">
        <ele>69.9</ele>
      </trkpt>
      <trkpt lat="58.414732" lon="15.882923">
        <ele>69.1</ele>
      </trkpt>
      <trkpt lat="58.414996" lon="15.883546">
        <ele>68.2</ele>
      </trkpt>
      <trkpt lat="58.415225" lon="15.884069">
        <ele>68.0</ele>
      </trkpt>
      <trkpt lat="58.415455" lon="15.884593">
        <ele>67.0</ele>
      </trkpt>
      <trkpt lat="58.415813" lon="15.885098">
        <ele>64.5</ele>
      </trkpt>
      <trkpt lat="58.416171" lon="15.885604">
        <ele>64.0</ele>
      </trkpt>
      <trkpt lat="58.416529" lon="15.886109">
        <ele>63.9</ele>
      </trkpt>
      <trkpt lat="58.416887" lon="15.886614">
        <ele>67.3</ele>
      </trkpt>
      <trkpt lat="58.417197" lon="15.887206">
        <ele>69.9</ele>
      </trkpt>
      <trkpt lat="58.417507" lon="15.887797">
        <ele>66.8</ele>
      </trkpt>
      <trkpt lat="58.417864" lon="15.888142">
        <ele>63.5</ele>
      </trkpt>
      <trkpt lat="58.418221" lon="15.888488">
        <ele>62.3</ele>
      </trkpt>
      <trkpt lat="58.418578" lon="15.888833">
        <ele>62.0</ele>
      </trkpt>
      <trkpt lat="58.418819" lon="15.889453">
        <ele>62.0</ele>
      </trkpt>
      <trkpt lat="58.41906" lon="15.890073">
        <ele>62.1</ele>
      </trkpt>
      <trkpt lat="58.419301" lon="15.890694">
        <ele>61.2</ele>
      </trkpt>
      <trkpt lat="58.419525" lon="15.891318">
        <ele>62.2</ele>
      </trkpt>
      <trkpt lat="58.419749" lon="15.891942">
        <ele>61.0</ele>
      </trkpt>
      <trkpt lat="58.419973" lon="15.892567">
        <ele>61.0</ele>
      </trkpt>
      <trkpt lat="58.420196" lon="15.893191">
        <ele>61.8</ele>
      </trkpt>
      <trkpt lat="58.42042" lon="15.893816">
        <ele>63.5</ele>
      </trkpt>
      <trkpt lat="58.420644" lon="15.89444">
        <ele>65.3</ele>
      </trkpt>
      <trkpt lat="58.420683" lon="15.894761">
        <ele>66.0</ele>
      </trkpt>
      <trkpt lat="58.420747" lon="15.895586">
        <ele>68.4</ele>
      </trkpt>
      <trkpt lat="58.420899" lon="15.895962">
        <ele>70.0</ele>
      </trkpt>
      <trkpt lat="58.42105" lon="15.896338">
        <ele>72.3</ele>
      </trkpt>
      <trkpt lat="58.421289" lon="15.896597">
        <ele>74.2</ele>
      </trkpt>
      <trkpt lat="58.421528" lon="15.896856">
        <ele>75.6</ele>
      </trkpt>
      <trkpt lat="58.421751" lon="15.897182">
        <ele>74.9</ele>
      </trkpt>
      <trkpt lat="58.421973" lon="15.897509">
        <ele>74.2</ele>
      </trkpt>
      <trkpt lat="58.422177" lon="15.898222">
        <ele>72.9</ele>
      </trkpt>
      <trkpt lat="58.422381" lon="15.898935">
        <ele>71.6</ele>
      </trkpt>
      <trkpt lat="58.422585" lon="15.899649">
        <ele>68.0</ele>
      </trkpt>
      <trkpt lat="58.422789" lon="15.900362">
        <ele>62.4</ele>
      </trkpt>
      <trkpt lat="58.422993" lon="15.901075">
        <ele>59.0</ele>
      </trkpt>
      <trkpt lat="58.423014" lon="15.901198">
        <ele>59.0</ele>
      </trkpt>
      <trkpt lat="58.423102" lon="15.901705">
        <ele>59.2</ele>
      </trkpt>
      <trkpt lat="58.42319" lon="15.902213">
        <ele>60.0</ele>
      </trkpt>
      <trkpt lat="58.423218" lon="15.902444">
        <ele>60.6</ele>
      </trkpt>
      <trkpt lat="58.423236" lon="15.902588">
        <ele>60.7</ele>
      </trkpt>
      <trkpt lat="58.423239" lon="15.902726">
        <ele>60.6</ele>
      </trkpt>
      <trkpt lat="58.423237" lon="15.903044">
        <ele>61.6</ele>
      </trkpt>
      <trkpt lat="58.423201" lon="15.9035">
        <ele>61.7</ele>
      </trkpt>
      <trkpt lat="58.423166" lon="15.903957">
        <ele>62.1</ele>
      </trkpt>
      <trkpt lat="58.423125" lon="15.904386">
        <ele>63.4</ele>
      </trkpt>
      <trkpt lat="58.423084" lon="15.904815">
        <ele>65.8</ele>
      </trkpt>
      <trkpt lat="58.423055" lon="15.905204">
        <ele>67.4</ele>
      </trkpt>
      <trkpt lat="58.423035" lon="15.905384">
        <ele>68.5</ele>
      </trkpt>
      <trkpt lat="58.423" lon="15.905592">
        <ele>69.2</ele>
      </trkpt>
      <trkpt lat="58.422946" lon="15.905787">
        <ele>68.9</ele>
      </trkpt>
      <trkpt lat="58.422839" lon="15.906106">
        <ele>67.1</ele>
      </trkpt>
      <trkpt lat="58.422778" lon="15.906369">
        <ele>66.0</ele>
      </trkpt>
      <trkpt lat="58.422753" lon="15.906677">
        <ele>64.6</ele>
      </trkpt>
      <trkpt lat="58.422779" lon="15.907108">
        <ele>65.0</ele>
      </trkpt>
      <trkpt lat="58.422826" lon="15.907729">
        <ele>65.5</ele>
      </trkpt>
      <trkpt lat="58.42287" lon="15.908237">
        <ele>67.0</ele>
      </trkpt>
      <trkpt lat="58.422914" lon="15.908745">
        <ele>68.0</ele>
      </trkpt>
      <trkpt lat="58.422962" lon="15.909228">
        <ele>68.8</ele>
      </trkpt>
      <trkpt lat="58.422987" lon="15.909577">
        <ele>69.3</ele>
      </trkpt>
      <trkpt lat="58.422994" lon="15.90986">
        <ele>69.4</ele>
      </trkpt>
      <trkpt lat="58.42297" lon="15.910337">
        <ele>68.2</ele>
      </trkpt>
      <trkpt lat="58.422916" lon="15.910994">
        <ele>67.2</ele>
      </trkpt>
      <trkpt lat="58.422909" lon="15.911149">
        <ele>67.3</ele>
      </trkpt>
      <trkpt lat="58.422925" lon="15.911301">
        <ele>67.7</ele>
      </trkpt>
      <trkpt lat="58.422934" lon="15.91134">
        <ele>67.8</ele>
      </trkpt>
      <trkpt lat="58.422958" lon="15.911421">
        <ele>67.9</ele>
      </trkpt>
      <trkpt lat="58.423105" lon="15.911245">
        <ele>68.1</ele>
      </trkpt>
      <trkpt lat="58.423348" lon="15.910983">
        <ele>69.5</ele>
      </trkpt>
      <trkpt lat="58.423539" lon="15.910811">
        <ele>71.7</ele>
      </trkpt>
      <trkpt lat="58.423798" lon="15.910564">
        <ele>73.7</ele>
      </trkpt>
      <trkpt lat="58.424056" lon="15.910317">
        <ele>74.8</ele>
      </trkpt>
      <trkpt lat="58.424207" lon="15.910144">
        <ele>74.5</ele>
      </trkpt>
      <trkpt lat="58.424373" lon="15.909936">
        <ele>74.0</ele>
      </trkpt>
      <trkpt lat="58.424729" lon="15.90946">
        <ele>71.0</ele>
      </trkpt>
      <trkpt lat="58.425048" lon="15.909024">
        <ele>72.9</ele>
      </trkpt>
      <trkpt lat="58.425304" lon="15.908655">
        <ele>77.1</ele>
      </trkpt>
      <trkpt lat="58.425491" lon="15.908391">
        <ele>78.6</ele>
      </trkpt>
      <trkpt lat="58.425679" lon="15.908126">
        <ele>79.2</ele>
      </trkpt>
      <trkpt lat="58.425703" lon="15.90818">
        <ele>79.3</ele>
      </trkpt>
      <trkpt lat="58.425764" lon="15.908302">
        <ele>79.2</ele>
      </trkpt>
      <trkpt lat="58.425832" lon="15.908402">
        <ele>78.8</ele>
      </trkpt>
      <trkpt lat="58.425956" lon="15.908502">
        <ele>78.3</ele>
      </trkpt>
      <trkpt lat="58.426079" lon="15.908634">
        <ele>78.1</ele>
      </trkpt>
      <trkpt lat="58.426174" lon="15.908765">
        <ele>77.7</ele>
      </trkpt>
      <trkpt lat="58.426253" lon="15.90893">
        <ele>77.1</ele>
      </trkpt>
      <trkpt lat="58.426317" lon="15.909122">
        <ele>76.6</ele>
      </trkpt>
      <trkpt lat="58.426416" lon="15.909473">
        <ele>74.7</ele>
      </trkpt>
      <trkpt lat="58.426482" lon="15.90981">
        <ele>73.0</ele>
      </trkpt>
      <trkpt lat="58.426529" lon="15.910143">
        <ele>72.1</ele>
      </trkpt>
      <trkpt lat="58.426564" lon="15.910452">
        <ele>72.0</ele>
      </trkpt>
      <trkpt lat="58.426606" lon="15.910757">
        <ele>71.9</ele>
      </trkpt>
      <trkpt lat="58.426639" lon="15.911001">
        <ele>71.9</ele>
      </trkpt>
      <trkpt lat="58.426701" lon="15.911368">
        <ele>72.0</ele>
      </trkpt>
      <trkpt lat="58.426764" lon="15.911694">
        <ele>72.4</ele>
      </trkpt>
      <trkpt lat="58.426798" lon="15.911937">
        <ele>72.5</ele>
      </trkpt>
      <trkpt lat="58.426829" lon="15.912216">
        <ele>72.7</ele>
      </trkpt>
      <trkpt lat="58.426876" lon="15.9124">
        <ele>72.3</ele>
      </trkpt>
      <trkpt lat="58.426952" lon="15.91254">
        <ele>72.0</ele>
      </trkpt>
      <trkpt lat="58.427038" lon="15.912594">
        <ele>72.2</ele>
      </trkpt>
      <trkpt lat="58.427465" lon="15.912668">
        <ele>75.0</ele>
      </trkpt>
      <trkpt lat="58.42755" lon="15.912704">
        <ele>76.0</ele>
      </trkpt>
      <trkpt lat="58.427618" lon="15.912761">
        <ele>77.1</ele>
      </trkpt>
      <trkpt lat="58.427679" lon="15.912828">
        <ele>78.1</ele>
      </trkpt>
      <trkpt lat="58.427712" lon="15.912884">
        <ele>78.5</ele>
      </trkpt>
      <trkpt lat="58.427746" lon="15.912968">
        <ele>78.9</ele>
      </trkpt>
      <trkpt lat="58.427791" lon="15.913174">
        <ele>78.4</ele>
      </trkpt>
      <trkpt lat="58.427835" lon="15.913458">
        <ele>77.4</ele>
      </trkpt>
      <trkpt lat="58.4279" lon="15.913804">
        <ele>77.2</ele>
      </trkpt>
      <trkpt lat="58.427957" lon="15.914101">
        <ele>77.2</ele>
      </trkpt>
      <trkpt lat="58.427984" lon="15.914314">
        <ele>77.2</ele>
      </trkpt>
      <trkpt lat="58.427999" lon="15.914535">
        <ele>77.0</ele>
      </trkpt>
      <trkpt lat="58.427999" lon="15.914741">
        <ele>76.2</ele>
      </trkpt>
      <trkpt lat="58.427995" lon="15.915137">
        <ele>76.0</ele>
      </trkpt>
      <trkpt lat="58.427997" lon="15.915421">
        <ele>75.5</ele>
      </trkpt>
      <trkpt lat="58.42801" lon="15.915648">
        <ele>74.8</ele>
      </trkpt>
      <trkpt lat="58.428033" lon="15.915866">
        <ele>74.5</ele>
      </trkpt>
      <trkpt lat="58.428069" lon="15.91609">
        <ele>74.3</ele>
      </trkpt>
      <trkpt lat="58.428131" lon="15.916385">
        <ele>74.1</ele>
      </trkpt>
      <trkpt lat="58.428176" lon="15.916603">
        <ele>73.8</ele>
      </trkpt>
      <trkpt lat="58.428216" lon="15.916825">
        <ele>74.3</ele>
      </trkpt>
      <trkpt lat="58.428264" lon="15.917122">
        <ele>74.6</ele>
      </trkpt>
      <trkpt lat="58.428292" lon="15.917246">
        <ele>74.5</ele>
      </trkpt>
      <trkpt lat="58.428325" lon="15.917346">
        <ele>74.5</ele>
      </trkpt>
      <trkpt lat="58.428348" lon="15.917398">
        <ele>74.5</ele>
      </trkpt>
      <trkpt lat="58.428389" lon="15.91747">
        <ele>74.7</ele>
      </trkpt>
      <trkpt lat="58.428507" lon="15.9176">
        <ele>75.0</ele>
      </trkpt>
      <trkpt lat="58.428645" lon="15.917709">
        <ele>74.3</ele>
      </trkpt>
      <trkpt lat="58.428771" lon="15.917829">
        <ele>72.8</ele>
      </trkpt>
      <trkpt lat="58.428872" lon="15.917933">
        <ele>72.0</ele>
      </trkpt>
      <trkpt lat="58.428932" lon="15.918006">
        <ele>71.8</ele>
      </trkpt>
      <trkpt lat="58.429099" lon="15.918258">
        <ele>71.8</ele>
      </trkpt>
      <trkpt lat="58.429224" lon="15.918453">
        <ele>72.5</ele>
      </trkpt>
      <trkpt lat="58.429281" lon="15.918542">
        <ele>73.1</ele>
      </trkpt>
      <trkpt lat="58.429343" lon="15.918663">
        <ele>73.9</ele>
      </trkpt>
      <trkpt lat="58.429376" lon="15.918756">
        <ele>74.3</ele>
      </trkpt>
      <trkpt lat="58.429397" lon="15.918851">
        <ele>74.6</ele>
      </trkpt>
      <trkpt lat="58.429418" lon="15.918962">
        <ele>75.1</ele>
      </trkpt>
      <trkpt lat="58.42943" lon="15.919089">
        <ele>75.6</ele>
      </trkpt>
      <trkpt lat="58.429431" lon="15.919236">
        <ele>76.2</ele>
      </trkpt>
      <trkpt lat="58.429424" lon="15.91937">
        <ele>76.7</ele>
      </trkpt>
      <trkpt lat="58.429408" lon="15.919516">
        <ele>76.8</ele>
      </trkpt>
      <trkpt lat="58.429389" lon="15.919615">
        <ele>76.7</ele>
      </trkpt>
      <trkpt lat="58.429324" lon="15.919894">
        <ele>77.0</ele>
      </trkpt>
      <trkpt lat="58.429261" lon="15.920129">
        <ele>77.0</ele>
      </trkpt>
      <trkpt lat="58.429198" lon="15.920355">
        <ele>77.2</ele>
      </trkpt>
      <trkpt lat="58.429073" lon="15.920751">
        <ele>77.1</ele>
      </trkpt>
      <trkpt lat="58.428961" lon="15.921064">
        <ele>76.7</ele>
      </trkpt>
      <trkpt lat="58.428874" lon="15.921277">
        <ele>76.5</ele>
      </trkpt>
      <trkpt lat="58.428787" lon="15.921591">
        <ele>75.9</ele>
      </trkpt>
      <trkpt lat="58.428709" lon="15.921908">
        <ele>75.2</ele>
      </trkpt>
      <trkpt lat="58.428548" lon="15.92258">
        <ele>74.3</ele>
      </trkpt>
      <trkpt lat="58.428502" lon="15.922789">
        <ele>73.9</ele>
      </trkpt>
      <trkpt lat="58.42847" lon="15.923">
        <ele>73.8</ele>
      </trkpt>
      <trkpt lat="58.428442" lon="15.923263">
        <ele>74.5</ele>
      </trkpt>
      <trkpt lat="58.428433" lon="15.923531">
        <ele>74.6</ele>
      </trkpt>
      <trkpt lat="58.42843" lon="15.923904">
        <ele>74.6</ele>
      </trkpt>
      <trkpt lat="58.428438" lon="15.924758">
        <ele>75.7</ele>
      </trkpt>
      <trkpt lat="58.428431" lon="15.924916">
        <ele>75.7</ele>
      </trkpt>
      <trkpt lat="58.428417" lon="15.925102">
        <ele>75.8</ele>
      </trkpt>
      <trkpt lat="58.428363" lon="15.925581">
        <ele>75.9</ele>
      </trkpt>
      <trkpt lat="58.428312" lon="15.926075">
        <ele>75.0</ele>
      </trkpt>
      <trkpt lat="58.428289" lon="15.926303">
        <ele>74.2</ele>
      </trkpt>
      <trkpt lat="58.428268" lon="15.926599">
        <ele>73.9</ele>
      </trkpt>
      <trkpt lat="58.428264" lon="15.926784">
        <ele>73.5</ele>
      </trkpt>
      <trkpt lat="58.42827" lon="15.927043">
        <ele>73.0</ele>
      </trkpt>
      <trkpt lat="58.428283" lon="15.927268">
        <ele>73.1</ele>
      </trkpt>
      <trkpt lat="58.428302" lon="15.927603">
        <ele>73.0</ele>
      </trkpt>
      <trkpt lat="58.428315" lon="15.928006">
        <ele>73.1</ele>
      </trkpt>
      <trkpt lat="58.428333" lon="15.928278">
        <ele>73.1</ele>
      </trkpt>
      <trkpt lat="58.42836" lon="15.928534">
        <ele>72.1</ele>
      </trkpt>
      <trkpt lat="58.428399" lon="15.928823">
        <ele>71.6</ele>
      </trkpt>
      <trkpt lat="58.428428" lon="15.929191">
        <ele>71.3</ele>
      </trkpt>
      <trkpt lat="58.42845" lon="15.929826">
        <ele>72.6</ele>
      </trkpt>
      <trkpt lat="58.428461" lon="15.930018">
        <ele>73.1</ele>
      </trkpt>
      <trkpt lat="58.428476" lon="15.930171">
        <ele>73.2</ele>
      </trkpt>
      <trkpt lat="58.428506" lon="15.93041">
        <ele>73.5</ele>
      </trkpt>
      <trkpt lat="58.428547" lon="15.930673">
        <ele>74.0</ele>
      </trkpt>
      <trkpt lat="58.428595" lon="15.930963">
        <ele>74.2</ele>
      </trkpt>
      <trkpt lat="58.428734" lon="15.93173">
        <ele>73.5</ele>
      </trkpt>
      <trkpt lat="58.428816" lon="15.932234">
        <ele>73.5</ele>
      </trkpt>
      <trkpt lat="58.4289" lon="15.932839">
        <ele>74.9</ele>
      </trkpt>
      <trkpt lat="58.42897" lon="15.93342">
        <ele>73.6</ele>
      </trkpt>
      <trkpt lat="58.428992" lon="15.933686">
        <ele>72.7</ele>
      </trkpt>
      <trkpt lat="58.429007" lon="15.934013">
        <ele>70.6</ele>
      </trkpt>
      <trkpt lat="58.429003" lon="15.934366">
        <ele>69.4</ele>
      </trkpt>
      <trkpt lat="58.428978" lon="15.934687">
        <ele>68.5</ele>
      </trkpt>
      <trkpt lat="58.428934" lon="15.935102">
        <ele>68.7</ele>
      </trkpt>
      <trkpt lat="58.428862" lon="15.935592">
        <ele>68.6</ele>
      </trkpt>
      <trkpt lat="58.428795" lon="15.936015">
        <ele>67.9</ele>
      </trkpt>
      <trkpt lat="58.428727" lon="15.936439">
        <ele>67.8</ele>
      </trkpt>
      <trkpt lat="58.428653" lon="15.936938">
        <ele>67.1</ele>
      </trkpt>
      <trkpt lat="58.428579" lon="15.937437">
        <ele>66.7</ele>
      </trkpt>
      <trkpt lat="58.428539" lon="15.93761">
        <ele>66.5</ele>
      </trkpt>
      <trkpt lat="58.428501" lon="15.937726">
        <ele>66.6</ele>
      </trkpt>
      <trkpt lat="58.42846" lon="15.937815">
        <ele>66.9</ele>
      </trkpt>
      <trkpt lat="58.428393" lon="15.937928">
        <ele>67.6</ele>
      </trkpt>
      <trkpt lat="58.428324" lon="15.938018">
        <ele>68.2</ele>
      </trkpt>
      <trkpt lat="58.428108" lon="15.938268">
        <ele>69.0</ele>
      </trkpt>
      <trkpt lat="58.427891" lon="15.938518">
        <ele>69.1</ele>
      </trkpt>
      <trkpt lat="58.427568" lon="15.938908">
        <ele>66.9</ele>
      </trkpt>
      <trkpt lat="58.427246" lon="15.939297">
        <ele>65.6</ele>
      </trkpt>
      <trkpt lat="58.427019" lon="15.939546">
        <ele>64.6</ele>
      </trkpt>
      <trkpt lat="58.426792" lon="15.939794">
        <ele>64.5</ele>
      </trkpt>
      <trkpt lat="58.426623" lon="15.939994">
        <ele>65.1</ele>
      </trkpt>
      <trkpt lat="58.426526" lon="15.940142">
        <ele>65.0</ele>
      </trkpt>
      <trkpt lat="58.426478" lon="15.940243">
        <ele>65.0</ele>
      </trkpt>
      <trkpt lat="58.426454" lon="15.940312">
        <ele>65.1</ele>
      </trkpt>
      <trkpt lat="58.426443" lon="15.940344">
        <ele>65.2</ele>
      </trkpt>
      <trkpt lat="58.42641" lon="15.940467">
        <ele>65.7</ele>
      </trkpt>
      <trkpt lat="58.426356" lon="15.940696">
        <ele>66.2</ele>
      </trkpt>
      <trkpt lat="58.4262" lon="15.941374">
        <ele>66.4</ele>
      </trkpt>
      <trkpt lat="58.426159" lon="15.941541">
        <ele>66.8</ele>
      </trkpt>
      <trkpt lat="58.426098" lon="15.941726">
        <ele>67.1</ele>
      </trkpt>
      <trkpt lat="58.426049" lon="15.94185">
        <ele>67.2</ele>
      </trkpt>
      <trkpt lat="58.425948" lon="15.942073">
        <ele>66.7</ele>
      </trkpt>
      <trkpt lat="58.425843" lon="15.942309">
        <ele>65.9</ele>
      </trkpt>
      <trkpt lat="58.425795" lon="15.942442">
        <ele>66.0</ele>
      </trkpt>
      <trkpt lat="58.425757" lon="15.942587">
        <ele>66.0</ele>
      </trkpt>
      <trkpt lat="58.425728" lon="15.942714">
        <ele>66.1</ele>
      </trkpt>
      <trkpt lat="58.425697" lon="15.94293">
        <ele>65.7</ele>
      </trkpt>
      <trkpt lat="58.425623" lon="15.943464">
        <ele>65.3</ele>
      </trkpt>
      <trkpt lat="58.425593" lon="15.943629">
        <ele>64.8</ele>
      </trkpt>
      <trkpt lat="58.425555" lon="15.943795">
        <ele>65.0</ele>
      </trkpt>
      <trkpt lat="58.425512" lon="15.943934">
        <ele>65.0</ele>
      </trkpt>
      <trkpt lat="58.425433" lon="15.9442">
        <ele>64.7</ele>
      </trkpt>
      <trkpt lat="58.42538" lon="15.944395">
        <ele>64.4</ele>
      </trkpt>
      <trkpt lat="58.425354" lon="15.944588">
        <ele>64.9</ele>
      </trkpt>
      <trkpt lat="58.425325" lon="15.944834">
        <ele>66.0</ele>
      </trkpt>
      <trkpt lat="58.425308" lon="15.945061">
        <ele>67.0</ele>
      </trkpt>
      <trkpt lat="58.425283" lon="15.945242">
        <ele>67.8</ele>
      </trkpt>
      <trkpt lat="58.425246" lon="15.945429">
        <ele>68.6</ele>
      </trkpt>
      <trkpt lat="58.425197" lon="15.945612">
        <ele>69.8</ele>
      </trkpt>
      <trkpt lat="58.425153" lon="15.945745">
        <ele>71.0</ele>
      </trkpt>
      <trkpt lat="58.424959" lon="15.94645">
        <ele>75.2</ele>
      </trkpt>
      <trkpt lat="58.424792" lon="15.947105">
        <ele>76.2</ele>
      </trkpt>
      <trkpt lat="58.424669" lon="15.947656">
        <ele>77.1</ele>
      </trkpt>
      <trkpt lat="58.424544" lon="15.948207">
        <ele>77.7</ele>
      </trkpt>
      <trkpt lat="58.424392" lon="15.948794">
        <ele>77.1</ele>
      </trkpt>
      <trkpt lat="58.424341" lon="15.949005">
        <ele>76.8</ele>
      </trkpt>
      <trkpt lat="58.4243" lon="15.949215">
        <ele>76.0</ele>
      </trkpt>
      <trkpt lat="58.424269" lon="15.949401">
        <ele>75.6</ele>
      </trkpt>
      <trkpt lat="58.42425" lon="15.949586">
        <ele>75.2</ele>
      </trkpt>
      <trkpt lat="58.424241" lon="15.949709">
        <ele>75.0</ele>
      </trkpt>
      <trkpt lat="58.424235" lon="15.949885">
        <ele>75.6</ele>
      </trkpt>
      <trkpt lat="58.424236" lon="15.950041">
        <ele>76.1</ele>
      </trkpt>
      <trkpt lat="58.424244" lon="15.950185">
        <ele>76.4</ele>
      </trkpt>
      <trkpt lat="58.424262" lon="15.950371">
        <ele>76.8</ele>
      </trkpt>
      <trkpt lat="58.424308" lon="15.950652">
        <ele>77.4</ele>
      </trkpt>
      <trkpt lat="58.42436" lon="15.950922">
        <ele>78.2</ele>
      </trkpt>
      <trkpt lat="58.42445" lon="15.951374">
        <ele>80.1</ele>
      </trkpt>
      <trkpt lat="58.424553" lon="15.951848">
        <ele>80.7</ele>
      </trkpt>
      <trkpt lat="58.424621" lon="15.952219">
        <ele>79.9</ele>
      </trkpt>
      <trkpt lat="58.424644" lon="15.95239">
        <ele>79.5</ele>
      </trkpt>
      <trkpt lat="58.424671" lon="15.952646">
        <ele>78.9</ele>
      </trkpt>
      <trkpt lat="58.424695" lon="15.953002">
        <ele>78.0</ele>
      </trkpt>
      <trkpt lat="58.424709" lon="15.953254">
        <ele>78.0</ele>
      </trkpt>
      <trkpt lat="58.424719" lon="15.953533">
        <ele>77.2</ele>
      </trkpt>
      <trkpt lat="58.424726" lon="15.953768">
        <ele>76.9</ele>
      </trkpt>
      <trkpt lat="58.424735" lon="15.954304">
        <ele>78.1</ele>
      </trkpt>
      <trkpt lat="58.424747" lon="15.954465">
        <ele>78.1</ele>
      </trkpt>
      <trkpt lat="58.424767" lon="15.954618">
        <ele>78.2</ele>
      </trkpt>
      <trkpt lat="58.424819" lon="15.955047">
        <ele>78.4</ele>
      </trkpt>
      <trkpt lat="58.424851" lon="15.95533">
        <ele>78.5</ele>
      </trkpt>
      <trkpt lat="58.424876" lon="15.95561">
        <ele>78.1</ele>
      </trkpt>
      <trkpt lat="58.424894" lon="15.955867">
        <ele>78.0</ele>
      </trkpt>
      <trkpt lat="58.424906" lon="15.956139">
        <ele>78.1</ele>
      </trkpt>
      <trkpt lat="58.424914" lon="15.956517">
        <ele>77.9</ele>
      </trkpt>
      <trkpt lat="58.424919" lon="15.956849">
        <ele>78.0</ele>
      </trkpt>
      <trkpt lat="58.424931" lon="15.957155">
        <ele>78.2</ele>
      </trkpt>
      <trkpt lat="58.424931" lon="15.957298">
        <ele>78.3</ele>
      </trkpt>
      <trkpt lat="58.424922" lon="15.957454">
        <ele>78.2</ele>
      </trkpt>
      <trkpt lat="58.424906" lon="15.957564">
        <ele>77.9</ele>
      </trkpt>
      <trkpt lat="58.424874" lon="15.957724">
        <ele>77.5</ele>
      </trkpt>
      <trkpt lat="58.424695" lon="15.958348">
        <ele>75.8</ele>
      </trkpt>
      <trkpt lat="58.424629" lon="15.958643">
        <ele>75.5</ele>
      </trkpt>
      <trkpt lat="58.424608" lon="15.958777">
        <ele>75.6</ele>
      </trkpt>
      <trkpt lat="58.424603" lon="15.958897">
        <ele>75.8</ele>
      </trkpt>
      <trkpt lat="58.424611" lon="15.959027">
        <ele>76.3</ele>
      </trkpt>
      <trkpt lat="58.424638" lon="15.959198">
        <ele>77.1</ele>
      </trkpt>
      <trkpt lat="58.424656" lon="15.959275">
        <ele>77.3</ele>
      </trkpt>
      <trkpt lat="58.424686" lon="15.959368">
        <ele>77.2</ele>
      </trkpt>
      <trkpt lat="58.424734" lon="15.959453">
        <ele>76.9</ele>
      </trkpt>
      <trkpt lat="58.424788" lon="15.959531">
        <ele>76.4</ele>
      </trkpt>
      <trkpt lat="58.424841" lon="15.959576">
        <ele>75.7</ele>
      </trkpt>
      <trkpt lat="58.424903" lon="15.959598">
        <ele>74.9</ele>
      </trkpt>
      <trkpt lat="58.424967" lon="15.959601">
        <ele>74.0</ele>
      </trkpt>
      <trkpt lat="58.425193" lon="15.959567">
        <ele>70.0</ele>
      </trkpt>
      <trkpt lat="58.425377" lon="15.959545">
        <ele>67.4</ele>
      </trkpt>
      <trkpt lat="58.425502" lon="15.95954">
        <ele>66.2</ele>
      </trkpt>
      <trkpt lat="58.425652" lon="15.959547">
        <ele>64.8</ele>
      </trkpt>
      <trkpt lat="58.425907" lon="15.959609">
        <ele>63.2</ele>
      </trkpt>
      <trkpt lat="58.426046" lon="15.959652">
        <ele>62.9</ele>
      </trkpt>
      <trkpt lat="58.426329" lon="15.959756">
        <ele>63.6</ele>
      </trkpt>
      <trkpt lat="58.426611" lon="15.959861">
        <ele>66.3</ele>
      </trkpt>
      <trkpt lat="58.42701" lon="15.960079">
        <ele>70.3</ele>
      </trkpt>
      <trkpt lat="58.427319" lon="15.960459">
        <ele>68.5</ele>
      </trkpt>
      <trkpt lat="58.427628" lon="15.96084">
        <ele>64.5</ele>
      </trkpt>
      <trkpt lat="58.427913" lon="15.961232">
        <ele>63.3</ele>
      </trkpt>
      <trkpt lat="58.428199" lon="15.961624">
        <ele>62.4</ele>
      </trkpt>
      <trkpt lat="58.428412" lon="15.961773">
        <ele>62.5</ele>
      </trkpt>
      <trkpt lat="58.428625" lon="15.961923">
        <ele>63.0</ele>
      </trkpt>
      <trkpt lat="58.428913" lon="15.962065">
        <ele>64.0</ele>
      </trkpt>
      <trkpt lat="58.429201" lon="15.962207">
        <ele>63.9</ele>
      </trkpt>
      <trkpt lat="58.429432" lon="15.96233">
        <ele>63.4</ele>
      </trkpt>
      <trkpt lat="58.429662" lon="15.962453">
        <ele>64.6</ele>
      </trkpt>
      <trkpt lat="58.429891" lon="15.962596">
        <ele>65.8</ele>
      </trkpt>
      <trkpt lat="58.430119" lon="15.962739">
        <ele>67.9</ele>
      </trkpt>
      <trkpt lat="58.430377" lon="15.962962">
        <ele>68.4</ele>
      </trkpt>
      <trkpt lat="58.430423" lon="15.963032">
        <ele>68.4</ele>
      </trkpt>
      <trkpt lat="58.430585" lon="15.963296">
        <ele>69.2</ele>
      </trkpt>
      <trkpt lat="58.430707" lon="15.963604">
        <ele>68.6</ele>
      </trkpt>
      <trkpt lat="58.430757" lon="15.963879">
        <ele>68.8</ele>
      </trkpt>
      <trkpt lat="58.430772" lon="15.96416">
        <ele>68.4</ele>
      </trkpt>
      <trkpt lat="58.430651" lon="15.964871">
        <ele>70.2</ele>
      </trkpt>
      <trkpt lat="58.430554" lon="15.965477">
        <ele>71.0</ele>
      </trkpt>
      <trkpt lat="58.430562" lon="15.96599">
        <ele>71.4</ele>
      </trkpt>
      <trkpt lat="58.430624" lon="15.966572">
        <ele>72.3</ele>
      </trkpt>
      <trkpt lat="58.430602" lon="15.967145">
        <ele>72.3</ele>
      </trkpt>
      <trkpt lat="58.430525" lon="15.967578">
        <ele>71.0</ele>
      </trkpt>
      <trkpt lat="58.430395" lon="15.968063">
        <ele>71.0</ele>
      </trkpt>
      <trkpt lat="58.430333" lon="15.968423">
        <ele>70.0</ele>
      </trkpt>
      <trkpt lat="58.43031" lon="15.968605">
        <ele>69.7</ele>
      </trkpt>
      <trkpt lat="58.430318" lon="15.968765">
        <ele>68.5</ele>
      </trkpt>
      <trkpt lat="58.430349" lon="15.968879">
        <ele>67.5</ele>
      </trkpt>
      <trkpt lat="58.430393" lon="15.969007">
        <ele>66.8</ele>
      </trkpt>
      <trkpt lat="58.430496" lon="15.969105">
        <ele>66.2</ele>
      </trkpt>
      <trkpt lat="58.43084" lon="15.969418">
        <ele>65.0</ele>
      </trkpt>
      <trkpt lat="58.431184" lon="15.969732">
        <ele>65.4</ele>
      </trkpt>
      <trkpt lat="58.431528" lon="15.970046">
        <ele>69.2</ele>
      </trkpt>
      <trkpt lat="58.431872" lon="15.97036">
        <ele>70.8</ele>
      </trkpt>
      <trkpt lat="58.432073" lon="15.970564">
        <ele>71.1</ele>
      </trkpt>
      <trkpt lat="58.43243" lon="15.97096">
        <ele>71.0</ele>
      </trkpt>
      <trkpt lat="58.432624" lon="15.971223">
        <ele>71.4</ele>
      </trkpt>
      <trkpt lat="58.432803" lon="15.97159">
        <ele>72.6</ele>
      </trkpt>
      <trkpt lat="58.432858" lon="15.97192">
        <ele>73.3</ele>
      </trkpt>
      <trkpt lat="58.432818" lon="15.97238">
        <ele>75.0</ele>
      </trkpt>
      <trkpt lat="58.43282" lon="15.972853">
        <ele>76.7</ele>
      </trkpt>
      <trkpt lat="58.432886" lon="15.973316">
        <ele>76.3</ele>
      </trkpt>
      <trkpt lat="58.432953" lon="15.973779">
        <ele>75.4</ele>
      </trkpt>
      <trkpt lat="58.432856" lon="15.973986">
        <ele>76.5</ele>
      </trkpt>
      <trkpt lat="58.43259" lon="15.974625">
        <ele>77.4</ele>
      </trkpt>
      <trkpt lat="58.432352" lon="15.975293">
        <ele>76.8</ele>
      </trkpt>
      <trkpt lat="58.432114" lon="15.975962">
        <ele>74.8</ele>
      </trkpt>
      <trkpt lat="58.432031" lon="15.976295">
        <ele>74.4</ele>
      </trkpt>
      <trkpt lat="58.432023" lon="15.976622">
        <ele>73.4</ele>
      </trkpt>
      <trkpt lat="58.432053" lon="15.977243">
        <ele>72.8</ele>
      </trkpt>
      <trkpt lat="58.432083" lon="15.977863">
        <ele>73.1</ele>
      </trkpt>
      <trkpt lat="58.432113" lon="15.978484">
        <ele>73.0</ele>
      </trkpt>
      <trkpt lat="58.432163" lon="15.978822">
        <ele>72.1</ele>
      </trkpt>
      <trkpt lat="58.432281" lon="15.979042">
        <ele>72.1</ele>
      </trkpt>
      <trkpt lat="58.432394" lon="15.979208">
        <ele>71.8</ele>
      </trkpt>
      <trkpt lat="58.432442" lon="15.979412">
        <ele>71.1</ele>
      </trkpt>
      <trkpt lat="58.432394" lon="15.979972">
        <ele>69.0</ele>
      </trkpt>
      <trkpt lat="58.432346" lon="15.980533">
        <ele>67.5</ele>
      </trkpt>
      <trkpt lat="58.432297" lon="15.981021">
        <ele>66.1</ele>
      </trkpt>
      <trkpt lat="58.432248" lon="15.981509">
        <ele>67.5</ele>
      </trkpt>
      <trkpt lat="58.432259" lon="15.981847">
        <ele>68.0</ele>
      </trkpt>
      <trkpt lat="58.43234" lon="15.982195">
        <ele>68.7</ele>
      </trkpt>
      <trkpt lat="58.432322" lon="15.982429">
        <ele>68.2</ele>
      </trkpt>
      <trkpt lat="58.432234" lon="15.98274">
        <ele>68.1</ele>
      </trkpt>
      <trkpt lat="58.432059" lon="15.983145">
        <ele>66.4</ele>
      </trkpt>
      <trkpt lat="58.431883" lon="15.98355">
        <ele>65.8</ele>
      </trkpt>
      <trkpt lat="58.43181" lon="15.983867">
        <ele>66.9</ele>
      </trkpt>
      <trkpt lat="58.43178" lon="15.984199">
        <ele>67.0</ele>
      </trkpt>
      <trkpt lat="58.43176" lon="15.984687">
        <ele>68.0</ele>
      </trkpt>
      <trkpt lat="58.431754" lon="15.98517">
        <ele>68.1</ele>
      </trkpt>
      <trkpt lat="58.431768" lon="15.985803">
        <ele>68.3</ele>
      </trkpt>
      <trkpt lat="58.431757" lon="15.98635">
        <ele>68.8</ele>
      </trkpt>
      <trkpt lat="58.431797" lon="15.986811">
        <ele>70.6</ele>
      </trkpt>
      <trkpt lat="58.431863" lon="15.987235">
        <ele>72.2</ele>
      </trkpt>
      <trkpt lat="58.432008" lon="15.987841">
        <ele>73.6</ele>
      </trkpt>
      <trkpt lat="58.432165" lon="15.988341">
        <ele>72.8</ele>
      </trkpt>
      <trkpt lat="58.4322" lon="15.988559">
        <ele>73.1</ele>
      </trkpt>
      <trkpt lat="58.432297" lon="15.989215">
        <ele>71.9</ele>
      </trkpt>
      <trkpt lat="58.432376" lon="15.989896">
        <ele>71.6</ele>
      </trkpt>
      <trkpt lat="58.432454" lon="15.990577">
        <ele>71.5</ele>
      </trkpt>
      <trkpt lat="58.432463" lon="15.990926">
        <ele>71.4</ele>
      </trkpt>
      <trkpt lat="58.432412" lon="15.991194">
        <ele>71.9</ele>
      </trkpt>
      <trkpt lat="58.432359" lon="15.99128">
        <ele>72.5</ele>
      </trkpt>
      <trkpt lat="58.432318" lon="15.991314">
        <ele>73.0</ele>
      </trkpt>
      <trkpt lat="58.432077" lon="15.991539">
        <ele>74.7</ele>
      </trkpt>
      <trkpt lat="58.431855" lon="15.991808">
        <ele>75.2</ele>
      </trkpt>
      <trkpt lat="58.431775" lon="15.991933">
        <ele>75.0</ele>
      </trkpt>
      <trkpt lat="58.431698" lon="15.992057">
        <ele>74.2</ele>
      </trkpt>
      <trkpt lat="58.431466" lon="15.992432">
        <ele>72.7</ele>
      </trkpt>
      <trkpt lat="58.431341" lon="15.992661">
        <ele>72.6</ele>
      </trkpt>
      <trkpt lat="58.431284" lon="15.992817">
        <ele>72.7</ele>
      </trkpt>
      <trkpt lat="58.431161" lon="15.993212">
        <ele>72.3</ele>
      </trkpt>
      <trkpt lat="58.431111" lon="15.993468">
        <ele>72.5</ele>
      </trkpt>
      <trkpt lat="58.431016" lon="15.994144">
        <ele>71.0</ele>
      </trkpt>
      <trkpt lat="58.431006" lon="15.994397">
        <ele>70.8</ele>
      </trkpt>
      <trkpt lat="58.430993" lon="15.994683">
        <ele>70.3</ele>
      </trkpt>
      <trkpt lat="58.430917" lon="15.995315">
        <ele>69.5</ele>
      </trkpt>
      <trkpt lat="58.430829" lon="15.995928">
        <ele>68.2</ele>
      </trkpt>
      <trkpt lat="58.430777" lon="15.99649">
        <ele>69.2</ele>
      </trkpt>
      <trkpt lat="58.430725" lon="15.997248">
        <ele>72.4</ele>
      </trkpt>
      <trkpt lat="58.430673" lon="15.998006">
        <ele>71.4</ele>
      </trkpt>
      <trkpt lat="58.430602" lon="15.998744">
        <ele>69.8</ele>
      </trkpt>
      <trkpt lat="58.430578" lon="15.999212">
        <ele>69.7</ele>
      </trkpt>
      <trkpt lat="58.430542" lon="15.9996">
        <ele>69.1</ele>
      </trkpt>
      <trkpt lat="58.430494" lon="16.000422">
        <ele>68.2</ele>
      </trkpt>
      <trkpt lat="58.430436" lon="16.001092">
        <ele>68.5</ele>
      </trkpt>
      <trkpt lat="58.430344" lon="16.001751">
        <ele>70.8</ele>
      </trkpt>
      <trkpt lat="58.430293" lon="16.002211">
        <ele>72.1</ele>
      </trkpt>
      <trkpt lat="58.430299" lon="16.002805">
        <ele>74.3</ele>
      </trkpt>
      <trkpt lat="58.430344" lon="16.003283">
        <ele>75.0</ele>
      </trkpt>
      <trkpt lat="58.430388" lon="16.003761">
        <ele>75.4</ele>
      </trkpt>
      <trkpt lat="58.430397" lon="16.003973">
        <ele>75.3</ele>
      </trkpt>
      <trkpt lat="58.430378" lon="16.004072">
        <ele>75.1</ele>
      </trkpt>
      <trkpt lat="58.430333" lon="16.004222">
        <ele>74.5</ele>
      </trkpt>
      <trkpt lat="58.430164" lon="16.004416">
        <ele>73.6</ele>
      </trkpt>
      <trkpt lat="58.429893" lon="16.004687">
        <ele>73.6</ele>
      </trkpt>
      <trkpt lat="58.429622" lon="16.004958">
        <ele>74.3</ele>
      </trkpt>
      <trkpt lat="58.42943" lon="16.005245">
        <ele>74.8</ele>
      </trkpt>
      <trkpt lat="58.429212" lon="16.005581">
        <ele>73.6</ele>
      </trkpt>
      <trkpt lat="58.428995" lon="16.005917">
        <ele>71.9</ele>
      </trkpt>
      <trkpt lat="58.428809" lon="16.006103">
        <ele>70.0</ele>
      </trkpt>
      <trkpt lat="58.428558" lon="16.006262">
        <ele>68.1</ele>
      </trkpt>
      <trkpt lat="58.428202" lon="16.006363">
        <ele>65.8</ele>
      </trkpt>
      <trkpt lat="58.427846" lon="16.006465">
        <ele>65.5</ele>
      </trkpt>
      <trkpt lat="58.427595" lon="16.006486">
        <ele>66.4</ele>
      </trkpt>
      <trkpt lat="58.427271" lon="16.006447">
        <ele>68.4</ele>
      </trkpt>
      <trkpt lat="58.426947" lon="16.006408">
        <ele>70.2</ele>
      </trkpt>
      <trkpt lat="58.426741" lon="16.006429">
        <ele>70.6</ele>
      </trkpt>
      <trkpt lat="58.426535" lon="16.006437">
        <ele>70.1</ele>
      </trkpt>
      <trkpt lat="58.426185" lon="16.006267">
        <ele>68.3</ele>
      </trkpt>
      <trkpt lat="58.426033" lon="16.006203">
        <ele>68.6</ele>
      </trkpt>
      <trkpt lat="58.425867" lon="16.006161">
        <ele>69.1</ele>
      </trkpt>
      <trkpt lat="58.425501" lon="16.006179">
        <ele>69.5</ele>
      </trkpt>
      <trkpt lat="58.425338" lon="16.006219">
        <ele>69.4</ele>
      </trkpt>
      <trkpt lat="58.425241" lon="16.006267">
        <ele>69.5</ele>
      </trkpt>
      <trkpt lat="58.425125" lon="16.006408">
        <ele>70.0</ele>
      </trkpt>
      <trkpt lat="58.42501" lon="16.006661">
        <ele>71.0</ele>
      </trkpt>
      <trkpt lat="58.424922" lon="16.0069">
        <ele>71.8</ele>
      </trkpt>
      <trkpt lat="58.42477" lon="16.007626">
        <ele>73.2</ele>
      </trkpt>
      <trkpt lat="58.424562" lon="16.008202">
        <ele>73.4</ele>
      </trkpt>
      <trkpt lat="58.424431" lon="16.008757">
        <ele>73.9</ele>
      </trkpt>
      <trkpt lat="58.424414" lon="16.008869">
        <ele>73.8</ele>
      </trkpt>
      <trkpt lat="58.42436" lon="16.009483">
        <ele>74.4</ele>
      </trkpt>
      <trkpt lat="58.424271" lon="16.010225">
        <ele>75.6</ele>
      </trkpt>
      <trkpt lat="58.424313" lon="16.010499">
        <ele>76.1</ele>
      </trkpt>
      <trkpt lat="58.424341" lon="16.010789">
        <ele>75.3</ele>
      </trkpt>
      <trkpt lat="58.424308" lon="16.011143">
        <ele>73.8</ele>
      </trkpt>
      <trkpt lat="58.424168" lon="16.011697">
        <ele>72.0</ele>
      </trkpt>
      <trkpt lat="58.424035" lon="16.012072">
        <ele>73.4</ele>
      </trkpt>
      <trkpt lat="58.423957" lon="16.012278">
        <ele>74.7</ele>
      </trkpt>
      <trkpt lat="58.423824" lon="16.012523">
        <ele>75.8</ele>
      </trkpt>
      <trkpt lat="58.423598" lon="16.012828">
        <ele>76.1</ele>
      </trkpt>
      <trkpt lat="58.423459" lon="16.013069">
        <ele>75.9</ele>
      </trkpt>
      <trkpt lat="58.423413" lon="16.013353">
        <ele>77.7</ele>
      </trkpt>
      <trkpt lat="58.423373" lon="16.013707">
        <ele>78.3</ele>
      </trkpt>
      <trkpt lat="58.423354" lon="16.014142">
        <ele>79.1</ele>
      </trkpt>
      <trkpt lat="58.423369" lon="16.014868">
        <ele>81.9</ele>
      </trkpt>
      <trkpt lat="58.42335" lon="16.015319">
        <ele>83.3</ele>
      </trkpt>
      <trkpt lat="58.42333" lon="16.015769">
        <ele>84.7</ele>
      </trkpt>
      <trkpt lat="58.423228" lon="16.016527">
        <ele>85.1</ele>
      </trkpt>
      <trkpt lat="58.423172" lon="16.017084">
        <ele>86.3</ele>
      </trkpt>
      <trkpt lat="58.423156" lon="16.01747">
        <ele>87.3</ele>
      </trkpt>
      <trkpt lat="58.423099" lon="16.017996">
        <ele>88.1</ele>
      </trkpt>
      <trkpt lat="58.422969" lon="16.018534">
        <ele>88.1</ele>
      </trkpt>
      <trkpt lat="58.422935" lon="16.01872">
        <ele>88.2</ele>
      </trkpt>
      <trkpt lat="58.42286" lon="16.019418">
        <ele>87.9</ele>
      </trkpt>
      <trkpt lat="58.42283" lon="16.019816">
        <ele>87.2</ele>
      </trkpt>
      <trkpt lat="58.422825" lon="16.020216">
        <ele>86.5</ele>
      </trkpt>
      <trkpt lat="58.422857" lon="16.020581">
        <ele>85.7</ele>
      </trkpt>
      <trkpt lat="58.422911" lon="16.021006">
        <ele>86.0</ele>
      </trkpt>
      <trkpt lat="58.422971" lon="16.021277">
        <ele>86.2</ele>
      </trkpt>
      <trkpt lat="58.423148" lon="16.021772">
        <ele>87.5</ele>
      </trkpt>
      <trkpt lat="58.423209" lon="16.022003">
        <ele>86.7</ele>
      </trkpt>
      <trkpt lat="58.423246" lon="16.022211">
        <ele>86.3</ele>
      </trkpt>
      <trkpt lat="58.42326" lon="16.022398">
        <ele>85.8</ele>
      </trkpt>
      <trkpt lat="58.423245" lon="16.022634">
        <ele>84.8</ele>
      </trkpt>
      <trkpt lat="58.423192" lon="16.022871">
        <ele>83.6</ele>
      </trkpt>
      <trkpt lat="58.422941" lon="16.023431">
        <ele>83.0</ele>
      </trkpt>
      <trkpt lat="58.422832" lon="16.023816">
        <ele>86.0</ele>
      </trkpt>
      <trkpt lat="58.422842" lon="16.024549">
        <ele>87.8</ele>
      </trkpt>
      <trkpt lat="58.422838" lon="16.024919">
        <ele>87.8</ele>
      </trkpt>
      <trkpt lat="58.422801" lon="16.025155">
        <ele>88.6</ele>
      </trkpt>
      <trkpt lat="58.422689" lon="16.025803">
        <ele>91.2</ele>
      </trkpt>
      <trkpt lat="58.42269" lon="16.025968">
        <ele>91.8</ele>
      </trkpt>
      <trkpt lat="58.422729" lon="16.026323">
        <ele>92.3</ele>
      </trkpt>
      <trkpt lat="58.422787" lon="16.026488">
        <ele>92.6</ele>
      </trkpt>
      <trkpt lat="58.422931" lon="16.026832">
        <ele>93.8</ele>
      </trkpt>
      <trkpt lat="58.423001" lon="16.02702">
        <ele>94.5</ele>
      </trkpt>
      <trkpt lat="58.423117" lon="16.027395">
        <ele>95.0</ele>
      </trkpt>
      <trkpt lat="58.423099" lon="16.027657">
        <ele>95.6</ele>
      </trkpt>
      <trkpt lat="58.423016" lon="16.02812">
        <ele>96.1</ele>
      </trkpt>
      <trkpt lat="58.422844" lon="16.028867">
        <ele>98.1</ele>
      </trkpt>
      <trkpt lat="58.422867" lon="16.029379">
        <ele>99.2</ele>
      </trkpt>
      <trkpt lat="58.42289" lon="16.02989">
        <ele>100.9</ele>
      </trkpt>
      <trkpt lat="58.422858" lon="16.030377">
        <ele>100.5</ele>
      </trkpt>
      <trkpt lat="58.422826" lon="16.030864">
        <ele>99.5</ele>
      </trkpt>
      <trkpt lat="58.422831" lon="16.031096">
        <ele>98.5</ele>
      </trkpt>
      <trkpt lat="58.422878" lon="16.031782">
        <ele>95.0</ele>
      </trkpt>
      <trkpt lat="58.422894" lon="16.03236">
        <ele>92.8</ele>
      </trkpt>
      <trkpt lat="58.422906" lon="16.033119">
        <ele>91.5</ele>
      </trkpt>
      <trkpt lat="58.422836" lon="16.0336">
        <ele>91.7</ele>
      </trkpt>
      <trkpt lat="58.422741" lon="16.033853">
        <ele>90.5</ele>
      </trkpt>
      <trkpt lat="58.422522" lon="16.034415">
        <ele>89.3</ele>
      </trkpt>
      <trkpt lat="58.422275" lon="16.034869">
        <ele>84.5</ele>
      </trkpt>
      <trkpt lat="58.422046" lon="16.035517">
        <ele>80.7</ele>
      </trkpt>
      <trkpt lat="58.421855" lon="16.035957">
        <ele>79.0</ele>
      </trkpt>
      <trkpt lat="58.421592" lon="16.0364">
        <ele>76.4</ele>
      </trkpt>
      <trkpt lat="58.421328" lon="16.036842">
        <ele>75.0</ele>
      </trkpt>
      <trkpt lat="58.421065" lon="16.037285">
        <ele>75.2</ele>
      </trkpt>
      <trkpt lat="58.420802" lon="16.037727">
        <ele>76.1</ele>
      </trkpt>
      <trkpt lat="58.420664" lon="16.038012">
        <ele>76.1</ele>
      </trkpt>
      <trkpt lat="58.420563" lon="16.038339">
        <ele>77.0</ele>
      </trkpt>
      <trkpt lat="58.420448" lon="16.03894">
        <ele>76.8</ele>
      </trkpt>
      <trkpt lat="58.420316" lon="16.039289">
        <ele>76.3</ele>
      </trkpt>
      <trkpt lat="58.420058" lon="16.039629">
        <ele>73.6</ele>
      </trkpt>
      <trkpt lat="58.419801" lon="16.039969">
        <ele>71.6</ele>
      </trkpt>
      <trkpt lat="58.419544" lon="16.040309">
        <ele>69.3</ele>
      </trkpt>
      <trkpt lat="58.41944" lon="16.0405">
        <ele>69.0</ele>
      </trkpt>
      <trkpt lat="58.419357" lon="16.040916">
        <ele>68.0</ele>
      </trkpt>
      <trkpt lat="58.419274" lon="16.041332">
        <ele>69.2</ele>
      </trkpt>
      <trkpt lat="58.419147" lon="16.041739">
        <ele>70.1</ele>
      </trkpt>
      <trkpt lat="58.418858" lon="16.042356">
        <ele>71.0</ele>
      </trkpt>
      <trkpt lat="58.418568" lon="16.042973">
        <ele>73.7</ele>
      </trkpt>
      <trkpt lat="58.418516" lon="16.043201">
        <ele>75.2</ele>
      </trkpt>
      <trkpt lat="58.418507" lon="16.04357">
        <ele>77.0</ele>
      </trkpt>
      <trkpt lat="58.418527" lon="16.043676">
        <ele>77.8</ele>
      </trkpt>
      <trkpt lat="58.418615" lon="16.043837">
        <ele>79.6</ele>
      </trkpt>
      <trkpt lat="58.418797" lon="16.044049">
        <ele>82.6</ele>
      </trkpt>
      <trkpt lat="58.418882" lon="16.044087">
        <ele>83.3</ele>
      </trkpt>
      <trkpt lat="58.41899" lon="16.044102">
        <ele>83.9</ele>
      </trkpt>
      <trkpt lat="58.419138" lon="16.0441">
        <ele>84.6</ele>
      </trkpt>
      <trkpt lat="58.419269" lon="16.044121">
        <ele>85.2</ele>
      </trkpt>
      <trkpt lat="58.419451" lon="16.044201">
        <ele>86.1</ele>
      </trkpt>
      <trkpt lat="58.419612" lon="16.044534">
        <ele>87.4</ele>
      </trkpt>
      <trkpt lat="58.419763" lon="16.044843">
        <ele>88.2</ele>
      </trkpt>
      <trkpt lat="58.420084" lon="16.045266">
        <ele>87.1</ele>
      </trkpt>
      <trkpt lat="58.420374" lon="16.045622">
        <ele>86.4</ele>
      </trkpt>
      <trkpt lat="58.420488" lon="16.045775">
        <ele>86.2</ele>
      </trkpt>
      <trkpt lat="58.420606" lon="16.046162">
        <ele>86.8</ele>
      </trkpt>
      <trkpt lat="58.420716" lon="16.046717">
        <ele>87.8</ele>
      </trkpt>
      <trkpt lat="58.420839" lon="16.047153">
        <ele>87.9</ele>
      </trkpt>
      <trkpt lat="58.420934" lon="16.047565">
        <ele>89.2</ele>
      </trkpt>
      <trkpt lat="58.421029" lon="16.047976">
        <ele>89.2</ele>
      </trkpt>
      <trkpt lat="58.421124" lon="16.048126">
        <ele>88.9</ele>
      </trkpt>
      <trkpt lat="58.421307" lon="16.048356">
        <ele>88.9</ele>
      </trkpt>
      <trkpt lat="58.421499" lon="16.048803">
        <ele>87.7</ele>
      </trkpt>
      <trkpt lat="58.421612" lon="16.049192">
        <ele>86.0</ele>
      </trkpt>
      <trkpt lat="58.421725" lon="16.049581">
        <ele>85.4</ele>
      </trkpt>
      <trkpt lat="58.421844" lon="16.050075">
        <ele>85.4</ele>
      </trkpt>
      <trkpt lat="58.421963" lon="16.050569">
        <ele>85.0</ele>
      </trkpt>
      <trkpt lat="58.422198" lon="16.051117">
        <ele>86.1</ele>
      </trkpt>
      <trkpt lat="58.42242" lon="16.0515">
        <ele>87.5</ele>
      </trkpt>
      <trkpt lat="58.422643" lon="16.051883">
        <ele>88.3</ele>
      </trkpt>
      <trkpt lat="58.422843" lon="16.052323">
        <ele>88.2</ele>
      </trkpt>
      <trkpt lat="58.423025" lon="16.052679">
        <ele>88.0</ele>
      </trkpt>
      <trkpt lat="58.423206" lon="16.053035">
        <ele>88.4</ele>
      </trkpt>
      <trkpt lat="58.423368" lon="16.053362">
        <ele>88.8</ele>
      </trkpt>
      <trkpt lat="58.423463" lon="16.053721">
        <ele>89.9</ele>
      </trkpt>
      <trkpt lat="58.423612" lon="16.054369">
        <ele>91.8</ele>
      </trkpt>
      <trkpt lat="58.423682" lon="16.054865">
        <ele>91.6</ele>
      </trkpt>
      <trkpt lat="58.423701" lon="16.055557">
        <ele>89.7</ele>
      </trkpt>
      <trkpt lat="58.423747" lon="16.055966">
        <ele>88.0</ele>
      </trkpt>
      <trkpt lat="58.42384" lon="16.056402">
        <ele>87.6</ele>
      </trkpt>
      <trkpt lat="58.424059" lon="16.056879">
        <ele>89.2</ele>
      </trkpt>
      <trkpt lat="58.424278" lon="16.057356">
        <ele>89.7</ele>
      </trkpt>
      <trkpt lat="58.424498" lon="16.057833">
        <ele>90.0</ele>
      </trkpt>
      <trkpt lat="58.424676" lon="16.058504">
        <ele>86.5</ele>
      </trkpt>
      <trkpt lat="58.424744" lon="16.058952">
        <ele>85.0</ele>
      </trkpt>
      <trkpt lat="58.424812" lon="16.059401">
        <ele>84.2</ele>
      </trkpt>
      <trkpt lat="58.424924" lon="16.05998">
        <ele>83.3</ele>
      </trkpt>
      <trkpt lat="58.425036" lon="16.060558">
        <ele>82.2</ele>
      </trkpt>
      <trkpt lat="58.425148" lon="16.061136">
        <ele>81.7</ele>
      </trkpt>
      <trkpt lat="58.425192" lon="16.061565">
        <ele>81.3</ele>
      </trkpt>
      <trkpt lat="58.425254" lon="16.06189">
        <ele>80.9</ele>
      </trkpt>
      <trkpt lat="58.425405" lon="16.062421">
        <ele>81.7</ele>
      </trkpt>
      <trkpt lat="58.425556" lon="16.062952">
        <ele>81.1</ele>
      </trkpt>
      <trkpt lat="58.425816" lon="16.063365">
        <ele>79.0</ele>
      </trkpt>
      <trkpt lat="58.426076" lon="16.063777">
        <ele>75.6</ele>
      </trkpt>
      <trkpt lat="58.426234" lon="16.063903">
        <ele>74.5</ele>
      </trkpt>
      <trkpt lat="58.426599" lon="16.064112">
        <ele>72.4</ele>
      </trkpt>
      <trkpt lat="58.426964" lon="16.06432">
        <ele>72.1</ele>
      </trkpt>
      <trkpt lat="58.427103" lon="16.064503">
        <ele>73.1</ele>
      </trkpt>
      <trkpt lat="58.42718" lon="16.064712">
        <ele>73.7</ele>
      </trkpt>
      <trkpt lat="58.427326" lon="16.065504">
        <ele>73.4</ele>
      </trkpt>
      <trkpt lat="58.427471" lon="16.066297">
        <ele>72.8</ele>
      </trkpt>
      <trkpt lat="58.427588" lon="16.06662">
        <ele>73.7</ele>
      </trkpt>
      <trkpt lat="58.427916" lon="16.067158">
        <ele>77.5</ele>
      </trkpt>
      <trkpt lat="58.428039" lon="16.067405">
        <ele>78.8</ele>
      </trkpt>
      <trkpt lat="58.428128" lon="16.067684">
        <ele>79.7</ele>
      </trkpt>
      <trkpt lat="58.428178" lon="16.068018">
        <ele>79.0</ele>
      </trkpt>
      <trkpt lat="58.428311" lon="16.068404">
        <ele>79.7</ele>
      </trkpt>
      <trkpt lat="58.428444" lon="16.06879">
        <ele>79.7</ele>
      </trkpt>
      <trkpt lat="58.42862" lon="16.069164">
        <ele>81.1</ele>
      </trkpt>
      <trkpt lat="58.428786" lon="16.069364">
        <ele>82.3</ele>
      </trkpt>
      <trkpt lat="58.429096" lon="16.06957">
        <ele>83.8</ele>
      </trkpt>
      <trkpt lat="58.429407" lon="16.069776">
        <ele>84.9</ele>
      </trkpt>
      <trkpt lat="58.429797" lon="16.069974">
        <ele>85.0</ele>
      </trkpt>
      <trkpt lat="58.430187" lon="16.070173">
        <ele>84.1</ele>
      </trkpt>
      <trkpt lat="58.430555" lon="16.070537">
        <ele>83.0</ele>
      </trkpt>
      <trkpt lat="58.43091" lon="16.070692">
        <ele>82.8</ele>
      </trkpt>
      <trkpt lat="58.431153" lon="16.07068">
        <ele>81.8</ele>
      </trkpt>
      <trkpt lat="58.431397" lon="16.070668">
        <ele>80.3</ele>
      </trkpt>
      <trkpt lat="58.431773" lon="16.070706">
        <ele>77.4</ele>
      </trkpt>
      <trkpt lat="58.431987" lon="16.070801">
        <ele>75.4</ele>
      </trkpt>
      <trkpt lat="58.432203" lon="16.070955">
        <ele>73.6</ele>
      </trkpt>
      <trkpt lat="58.432419" lon="16.071109">
        <ele>72.5</ele>
      </trkpt>
      <trkpt lat="58.432605" lon="16.071526">
        <ele>73.4</ele>
      </trkpt>
      <trkpt lat="58.432792" lon="16.071944">
        <ele>72.8</ele>
      </trkpt>
      <trkpt lat="58.432895" lon="16.072518">
        <ele>71.6</ele>
      </trkpt>
      <trkpt lat="58.432998" lon="16.073091">
        <ele>70.4</ele>
      </trkpt>
      <trkpt lat="58.433157" lon="16.073673">
        <ele>68.7</ele>
      </trkpt>
      <trkpt lat="58.433316" lon="16.074254">
        <ele>68.9</ele>
      </trkpt>
      <trkpt lat="58.433492" lon="16.074672">
        <ele>68.6</ele>
      </trkpt>
      <trkpt lat="58.433668" lon="16.075091">
        <ele>68.8</ele>
      </trkpt>
      <trkpt lat="58.433802" lon="16.075865">
        <ele>68.8</ele>
      </trkpt>
      <trkpt lat="58.433913" lon="16.076646">
        <ele>69.0</ele>
      </trkpt>
      <trkpt lat="58.434024" lon="16.077428">
        <ele>68.9</ele>
      </trkpt>
      <trkpt lat="58.434109" lon="16.078086">
        <ele>69.0</ele>
      </trkpt>
      <trkpt lat="58.434193" lon="16.078745">
        <ele>70.5</ele>
      </trkpt>
      <trkpt lat="58.434277" lon="16.079403">
        <ele>71.4</ele>
      </trkpt>
      <trkpt lat="58.434409" lon="16.079774">
        <ele>71.4</ele>
      </trkpt>
      <trkpt lat="58.434542" lon="16.080146">
        <ele>71.4</ele>
      </trkpt>
      <trkpt lat="58.434658" lon="16.080807">
        <ele>69.0</ele>
      </trkpt>
      <trkpt lat="58.434774" lon="16.081469">
        <ele>65.7</ele>
      </trkpt>
      <trkpt lat="58.434956" lon="16.081845">
        <ele>65.0</ele>
      </trkpt>
      <trkpt lat="58.435194" lon="16.082216">
        <ele>65.7</ele>
      </trkpt>
      <trkpt lat="58.43547" lon="16.082627">
        <ele>68.1</ele>
      </trkpt>
      <trkpt lat="58.435745" lon="16.083037">
        <ele>69.7</ele>
      </trkpt>
      <trkpt lat="58.436025" lon="16.083304">
        <ele>70.7</ele>
      </trkpt>
      <trkpt lat="58.436287" lon="16.083511">
        <ele>71.2</ele>
      </trkpt>
      <trkpt lat="58.436517" lon="16.08368">
        <ele>70.0</ele>
      </trkpt>
      <trkpt lat="58.436729" lon="16.083792">
        <ele>69.0</ele>
      </trkpt>
      <trkpt lat="58.436929" lon="16.083741">
        <ele>69.0</ele>
      </trkpt>
      <trkpt lat="58.43711" lon="16.083605">
        <ele>69.0</ele>
      </trkpt>
      <trkpt lat="58.437502" lon="16.083298">
        <ele>69.1</ele>
      </trkpt>
      <trkpt lat="58.437657" lon="16.083288">
        <ele>69.1</ele>
      </trkpt>
      <trkpt lat="58.437884" lon="16.083319">
        <ele>69.4</ele>
      </trkpt>
      <trkpt lat="58.43826" lon="16.083579">
        <ele>69.8</ele>
      </trkpt>
      <trkpt lat="58.438636" lon="16.083839">
        <ele>70.3</ele>
      </trkpt>
      <trkpt lat="58.438826" lon="16.083943">
        <ele>69.7</ele>
      </trkpt>
      <trkpt lat="58.439081" lon="16.083956">
        <ele>70.4</ele>
      </trkpt>
      <trkpt lat="58.439281" lon="16.08385">
        <ele>71.6</ele>
      </trkpt>
      <trkpt lat="58.439605" lon="16.084157">
        <ele>71.6</ele>
      </trkpt>
      <trkpt lat="58.439929" lon="16.084464">
        <ele>70.7</ele>
      </trkpt>
      <trkpt lat="58.440253" lon="16.084772">
        <ele>68.9</ele>
      </trkpt>
      <trkpt lat="58.440427" lon="16.085093">
        <ele>65.9</ele>
      </trkpt>
      <trkpt lat="58.440601" lon="16.085415">
        <ele>63.8</ele>
      </trkpt>
      <trkpt lat="58.440792" lon="16.08607">
        <ele>64.4</ele>
      </trkpt>
      <trkpt lat="58.440983" lon="16.086724">
        <ele>66.8</ele>
      </trkpt>
      <trkpt lat="58.441147" lon="16.087432">
        <ele>65.7</ele>
      </trkpt>
      <trkpt lat="58.441312" lon="16.08814">
        <ele>62.1</ele>
      </trkpt>
      <trkpt lat="58.441477" lon="16.088849">
        <ele>60.7</ele>
      </trkpt>
      <trkpt lat="58.441604" lon="16.089514">
        <ele>60.0</ele>
      </trkpt>
      <trkpt lat="58.441731" lon="16.090179">
        <ele>60.0</ele>
      </trkpt>
      <trkpt lat="58.441859" lon="16.090844">
        <ele>60.1</ele>
      </trkpt>
      <trkpt lat="58.441989" lon="16.091527">
        <ele>60.0</ele>
      </trkpt>
      <trkpt lat="58.44212" lon="16.09221">
        <ele>58.3</ele>
      </trkpt>
      <trkpt lat="58.44225" lon="16.092892">
        <ele>58.3</ele>
      </trkpt>
      <trkpt lat="58.442398" lon="16.093621">
        <ele>59.4</ele>
      </trkpt>
      <trkpt lat="58.442546" lon="16.094349">
        <ele>61.3</ele>
      </trkpt>
      <trkpt lat="58.442616" lon="16.095003">
        <ele>61.2</ele>
      </trkpt>
      <trkpt lat="58.44265" lon="16.095471">
        <ele>62.1</ele>
      </trkpt>
      <trkpt lat="58.442706" lon="16.096059">
        <ele>61.1</ele>
      </trkpt>
      <trkpt lat="58.442845" lon="16.096394">
        <ele>59.3</ele>
      </trkpt>
      <trkpt lat="58.443182" lon="16.096798">
        <ele>59.7</ele>
      </trkpt>
      <trkpt lat="58.443454" lon="16.097363">
        <ele>60.7</ele>
      </trkpt>
      <trkpt lat="58.443725" lon="16.097928">
        <ele>59.9</ele>
      </trkpt>
      <trkpt lat="58.443996" lon="16.098493">
        <ele>58.7</ele>
      </trkpt>
      <trkpt lat="58.444267" lon="16.099058">
        <ele>58.4</ele>
      </trkpt>
      <trkpt lat="58.444538" lon="16.099623">
        <ele>62.0</ele>
      </trkpt>
      <trkpt lat="58.444691" lon="16.100276">
        <ele>61.7</ele>
      </trkpt>
      <trkpt lat="58.444844" lon="16.100928">
        <ele>62.1</ele>
      </trkpt>
      <trkpt lat="58.444997" lon="16.10158">
        <ele>64.0</ele>
      </trkpt>
      <trkpt lat="58.445149" lon="16.102232">
        <ele>64.1</ele>
      </trkpt>
      <trkpt lat="58.445302" lon="16.102885">
        <ele>63.3</ele>
      </trkpt>
      <trkpt lat="58.445347" lon="16.103493">
        <ele>64.9</ele>
      </trkpt>
      <trkpt lat="58.445392" lon="16.104101">
        <ele>65.9</ele>
      </trkpt>
      <trkpt lat="58.445437" lon="16.104709">
        <ele>65.2</ele>
      </trkpt>
      <trkpt lat="58.445532" lon="16.105116">
        <ele>65.0</ele>
      </trkpt>
      <trkpt lat="58.445628" lon="16.105524">
        <ele>65.4</ele>
      </trkpt>
      <trkpt lat="58.44586" lon="16.105925">
        <ele>65.0</ele>
      </trkpt>
      <trkpt lat="58.446092" lon="16.106325">
        <ele>64.0</ele>
      </trkpt>
      <trkpt lat="58.446324" lon="16.106726">
        <ele>63.1</ele>
      </trkpt>
      <trkpt lat="58.446504" lon="16.107273">
        <ele>62.7</ele>
      </trkpt>
      <trkpt lat="58.446683" lon="16.10782">
        <ele>60.9</ele>
      </trkpt>
      <trkpt lat="58.446843" lon="16.108438">
        <ele>60.1</ele>
      </trkpt>
      <trkpt lat="58.447002" lon="16.109056">
        <ele>60.2</ele>
      </trkpt>
      <trkpt lat="58.447162" lon="16.109674">
        <ele>60.8</ele>
      </trkpt>
      <trkpt lat="58.447321" lon="16.110292">
        <ele>62.1</ele>
      </trkpt>
      <trkpt lat="58.44748" lon="16.11091">
        <ele>63.2</ele>
      </trkpt>
      <trkpt lat="58.447711" lon="16.111629">
        <ele>65.5</ele>
      </trkpt>
      <trkpt lat="58.447941" lon="16.112348">
        <ele>68.7</ele>
      </trkpt>
      <trkpt lat="58.448003" lon="16.112884">
        <ele>68.6</ele>
      </trkpt>
      <trkpt lat="58.448053" lon="16.113313">
        <ele>68.0</ele>
      </trkpt>
      <trkpt lat="58.448017" lon="16.113815">
        <ele>68.7</ele>
      </trkpt>
      <trkpt lat="58.44798" lon="16.114317">
        <ele>70.5</ele>
      </trkpt>
      <trkpt lat="58.447927" lon="16.115049">
        <ele>73.1</ele>
      </trkpt>
      <trkpt lat="58.447874" lon="16.115781">
        <ele>76.8</ele>
      </trkpt>
      <trkpt lat="58.447902" lon="16.11636">
        <ele>79.8</ele>
      </trkpt>
      <trkpt lat="58.44793" lon="16.11694">
        <ele>81.6</ele>
      </trkpt>
      <trkpt lat="58.448036" lon="16.11772">
        <ele>82.0</ele>
      </trkpt>
      <trkpt lat="58.448143" lon="16.1185">
        <ele>82.8</ele>
      </trkpt>
      <trkpt lat="58.448309" lon="16.119174">
        <ele>81.2</ele>
      </trkpt>
      <trkpt lat="58.448585" lon="16.119451">
        <ele>77.2</ele>
      </trkpt>
      <trkpt lat="58.448803" lon="16.119599">
        <ele>75.7</ele>
      </trkpt>
      <trkpt lat="58.449021" lon="16.119747">
        <ele>74.1</ele>
      </trkpt>
      <trkpt lat="58.449258" lon="16.120083">
        <ele>70.9</ele>
      </trkpt>
      <trkpt lat="58.449495" lon="16.12042">
        <ele>68.9</ele>
      </trkpt>
      <trkpt lat="58.449622" lon="16.121146">
        <ele>67.5</ele>
      </trkpt>
      <trkpt lat="58.449749" lon="16.121873">
        <ele>66.6</ele>
      </trkpt>
      <trkpt lat="58.449732" lon="16.122694">
        <ele>67.7</ele>
      </trkpt>
      <trkpt lat="58.449621" lon="16.123484">
        <ele>68.3</ele>
      </trkpt>
      <trkpt lat="58.449586" lon="16.123925">
        <ele>68.4</ele>
      </trkpt>
      <trkpt lat="58.449552" lon="16.124366">
        <ele>68.0</ele>
      </trkpt>
      <trkpt lat="58.449446" lon="16.124792">
        <ele>68.0</ele>
      </trkpt>
      <trkpt lat="58.44934" lon="16.125218">
        <ele>67.4</ele>
      </trkpt>
      <trkpt lat="58.449357" lon="16.125854">
        <ele>66.6</ele>
      </trkpt>
      <trkpt lat="58.449388" lon="16.126029">
        <ele>65.7</ele>
      </trkpt>
      <trkpt lat="58.449487" lon="16.126585">
        <ele>63.5</ele>
      </trkpt>
      <trkpt lat="58.449586" lon="16.12714">
        <ele>62.0</ele>
      </trkpt>
      <trkpt lat="58.449631" lon="16.127628">
        <ele>62.1</ele>
      </trkpt>
      <trkpt lat="58.449676" lon="16.128115">
        <ele>63.2</ele>
      </trkpt>
      <trkpt lat="58.449747" lon="16.128646">
        <ele>64.1</ele>
      </trkpt>
      <trkpt lat="58.449775" lon="16.128849">
        <ele>64.8</ele>
      </trkpt>
      <trkpt lat="58.449902" lon="16.129288">
        <ele>65.4</ele>
      </trkpt>
      <trkpt lat="58.450029" lon="16.129728">
        <ele>65.8</ele>
      </trkpt>
      <trkpt lat="58.450081" lon="16.129798">
        <ele>65.6</ele>
      </trkpt>
      <trkpt lat="58.450302" lon="16.130096">
        <ele>65.0</ele>
      </trkpt>
      <trkpt lat="58.450523" lon="16.130394">
        <ele>64.5</ele>
      </trkpt>
      <trkpt lat="58.450927" lon="16.130655">
        <ele>62.7</ele>
      </trkpt>
      <trkpt lat="58.451332" lon="16.130916">
        <ele>61.3</ele>
      </trkpt>
      <trkpt lat="58.451736" lon="16.131177">
        <ele>61.0</ele>
      </trkpt>
      <trkpt lat="58.45214" lon="16.131438">
        <ele>58.1</ele>
      </trkpt>
      <trkpt lat="58.452544" lon="16.131699">
        <ele>55.7</ele>
      </trkpt>
      <trkpt lat="58.452948" lon="16.13196">
        <ele>55.4</ele>
      </trkpt>
      <trkpt lat="58.453295" lon="16.132326">
        <ele>57.7</ele>
      </trkpt>
      <trkpt lat="58.453556" lon="16.132839">
        <ele>60.3</ele>
      </trkpt>
      <trkpt lat="58.453753" lon="16.133435">
        <ele>59.4</ele>
      </trkpt>
      <trkpt lat="58.45395" lon="16.134032">
        <ele>58.6</ele>
      </trkpt>
      <trkpt lat="58.454148" lon="16.134629">
        <ele>55.4</ele>
      </trkpt>
      <trkpt lat="58.454345" lon="16.135226">
        <ele>54.7</ele>
      </trkpt>
      <trkpt lat="58.454542" lon="16.135822">
        <ele>54.7</ele>
      </trkpt>
      <trkpt lat="58.454834" lon="16.136423">
        <ele>55.7</ele>
      </trkpt>
      <trkpt lat="58.455126" lon="16.137024">
        <ele>54.3</ele>
      </trkpt>
      <trkpt lat="58.455418" lon="16.137625">
        <ele>50.3</ele>
      </trkpt>
      <trkpt lat="58.45571" lon="16.138226">
        <ele>49.4</ele>
      </trkpt>
      <trkpt lat="58.455966" lon="16.138776">
        <ele>49.8</ele>
      </trkpt>
      <trkpt lat="58.456223" lon="16.139327">
        <ele>51.5</ele>
      </trkpt>
      <trkpt lat="58.456479" lon="16.139878">
        <ele>51.9</ele>
      </trkpt>
      <trkpt lat="58.456735" lon="16.140429">
        <ele>50.6</ele>
      </trkpt>
      <trkpt lat="58.456991" lon="16.140979">
        <ele>49.1</ele>
      </trkpt>
      <trkpt lat="58.457248" lon="16.14153">
        <ele>49.6</ele>
      </trkpt>
      <trkpt lat="58.457439" lon="16.142174">
        <ele>47.3</ele>
      </trkpt>
      <trkpt lat="58.45763" lon="16.142818">
        <ele>46.9</ele>
      </trkpt>
      <trkpt lat="58.457774" lon="16.143423">
        <ele>48.3</ele>
      </trkpt>
      <trkpt lat="58.457919" lon="16.144029">
        <ele>52.5</ele>
      </trkpt>
      <trkpt lat="58.458064" lon="16.144634">
        <ele>56.2</ele>
      </trkpt>
      <trkpt lat="58.458196" lon="16.145208">
        <ele>58.7</ele>
      </trkpt>
      <trkpt lat="58.458328" lon="16.145781">
        <ele>60.0</ele>
      </trkpt>
      <trkpt lat="58.45846" lon="16.146355">
        <ele>59.0</ele>
      </trkpt>
      <trkpt lat="58.458603" lon="16.146928">
        <ele>58.9</ele>
      </trkpt>
      <trkpt lat="58.458745" lon="16.147501">
        <ele>59.4</ele>
      </trkpt>
      <trkpt lat="58.458887" lon="16.148075">
        <ele>59.9</ele>
      </trkpt>
      <trkpt lat="58.459032" lon="16.14881">
        <ele>60.7</ele>
      </trkpt>
      <trkpt lat="58.459178" lon="16.149546">
        <ele>63.2</ele>
      </trkpt>
      <trkpt lat="58.459323" lon="16.150282">
        <ele>64.7</ele>
      </trkpt>
      <trkpt lat="58.459507" lon="16.150953">
        <ele>67.4</ele>
      </trkpt>
      <trkpt lat="58.459678" lon="16.151419">
        <ele>69.2</ele>
      </trkpt>
      <trkpt lat="58.459849" lon="16.151884">
        <ele>70.9</ele>
      </trkpt>
      <trkpt lat="58.460055" lon="16.152293">
        <ele>71.4</ele>
      </trkpt>
      <trkpt lat="58.460261" lon="16.152701">
        <ele>73.0</ele>
      </trkpt>
      <trkpt lat="58.460538" lon="16.153174">
        <ele>71.6</ele>
      </trkpt>
      <trkpt lat="58.460815" lon="16.153647">
        <ele>70.0</ele>
      </trkpt>
      <trkpt lat="58.461055" lon="16.153863">
        <ele>70.0</ele>
      </trkpt>
      <trkpt lat="58.461294" lon="16.154078">
        <ele>69.7</ele>
      </trkpt>
      <trkpt lat="58.461613" lon="16.154428">
        <ele>70.1</ele>
      </trkpt>
      <trkpt lat="58.461932" lon="16.154778">
        <ele>69.0</ele>
      </trkpt>
      <trkpt lat="58.462251" lon="16.155128">
        <ele>69.0</ele>
      </trkpt>
      <trkpt lat="58.46257" lon="16.155477">
        <ele>67.8</ele>
      </trkpt>
      <trkpt lat="58.462939" lon="16.155783">
        <ele>65.0</ele>
      </trkpt>
      <trkpt lat="58.463174" lon="16.155992">
        <ele>63.5</ele>
      </trkpt>
      <trkpt lat="58.463345" lon="16.156162">
        <ele>64.0</ele>
      </trkpt>
      <trkpt lat="58.463573" lon="16.156516">
        <ele>64.1</ele>
      </trkpt>
      <trkpt lat="58.463801" lon="16.156871">
        <ele>62.2</ele>
      </trkpt>
      <trkpt lat="58.463991" lon="16.157337">
        <ele>59.7</ele>
      </trkpt>
      <trkpt lat="58.46423" lon="16.157946">
        <ele>57.8</ele>
      </trkpt>
      <trkpt lat="58.464469" lon="16.158555">
        <ele>59.0</ele>
      </trkpt>
      <trkpt lat="58.464708" lon="16.159164">
        <ele>59.0</ele>
      </trkpt>
      <trkpt lat="58.464947" lon="16.159772">
        <ele>59.9</ele>
      </trkpt>
      <trkpt lat="58.464962" lon="16.160451">
        <ele>63.4</ele>
      </trkpt>
      <trkpt lat="58.464977" lon="16.161129">
        <ele>63.8</ele>
      </trkpt>
      <trkpt lat="58.464992" lon="16.161807">
        <ele>64.0</ele>
      </trkpt>
      <trkpt lat="58.465183" lon="16.162521">
        <ele>64.7</ele>
      </trkpt>
      <trkpt lat="58.465374" lon="16.163234">
        <ele>65.1</ele>
      </trkpt>
      <trkpt lat="58.465565" lon="16.163948">
        <ele>63.9</ele>
      </trkpt>
      <trkpt lat="58.465756" lon="16.164661">
        <ele>64.2</ele>
      </trkpt>
      <trkpt lat="58.465837" lon="16.165117">
        <ele>62.6</ele>
      </trkpt>
      <trkpt lat="58.465918" lon="16.165573">
        <ele>61.1</ele>
      </trkpt>
      <trkpt lat="58.465938" lon="16.165681">
        <ele>60.4</ele>
      </trkpt>
      <trkpt lat="58.466081" lon="16.166485">
        <ele>57.9</ele>
      </trkpt>
      <trkpt lat="58.466244" lon="16.166861">
        <ele>58.1</ele>
      </trkpt>
      <trkpt lat="58.466406" lon="16.167236">
        <ele>58.1</ele>
      </trkpt>
      <trkpt lat="58.466605" lon="16.167518">
        <ele>58.8</ele>
      </trkpt>
      <trkpt lat="58.466804" lon="16.1678">
        <ele>59.1</ele>
      </trkpt>
      <trkpt lat="58.467149" lon="16.168291">
        <ele>60.7</ele>
      </trkpt>
      <trkpt lat="58.467495" lon="16.168781">
        <ele>62.7</ele>
      </trkpt>
      <trkpt lat="58.467657" lon="16.169425">
        <ele>61.6</ele>
      </trkpt>
      <trkpt lat="58.467818" lon="16.170069">
        <ele>59.8</ele>
      </trkpt>
      <trkpt lat="58.46798" lon="16.170712">
        <ele>56.2</ele>
      </trkpt>
      <trkpt lat="58.468316" lon="16.170292">
        <ele>54.2</ele>
      </trkpt>
      <trkpt lat="58.468652" lon="16.169872">
        <ele>52.5</ele>
      </trkpt>
      <trkpt lat="58.468989" lon="16.169452">
        <ele>51.9</ele>
      </trkpt>
      <trkpt lat="58.469131" lon="16.169275">
        <ele>50.9</ele>
      </trkpt>
      <trkpt lat="58.46928" lon="16.169141">
        <ele>49.8</ele>
      </trkpt>
      <trkpt lat="58.469427" lon="16.169046">
        <ele>48.9</ele>
      </trkpt>
      <trkpt lat="58.469616" lon="16.168969">
        <ele>48.3</ele>
      </trkpt>
      <trkpt lat="58.469917" lon="16.168859">
        <ele>46.6</ele>
      </trkpt>
      <trkpt lat="58.470218" lon="16.168748">
        <ele>45.7</ele>
      </trkpt>
      <trkpt lat="58.470504" lon="16.168615">
        <ele>45.2</ele>
      </trkpt>
      <trkpt lat="58.47079" lon="16.168482">
        <ele>44.1</ele>
      </trkpt>
      <trkpt lat="58.471205" lon="16.16831">
        <ele>43.6</ele>
      </trkpt>
      <trkpt lat="58.471622" lon="16.168166">
        <ele>43.8</ele>
      </trkpt>
      <trkpt lat="58.471896" lon="16.168076">
        <ele>44.9</ele>
      </trkpt>
      <trkpt lat="58.472184" lon="16.167982">
        <ele>44.9</ele>
      </trkpt>
      <trkpt lat="58.472523" lon="16.167899">
        <ele>45.0</ele>
      </trkpt>
      <trkpt lat="58.472757" lon="16.167852">
        <ele>45.1</ele>
      </trkpt>
      <trkpt lat="58.472897" lon="16.167855">
        <ele>45.7</ele>
      </trkpt>
      <trkpt lat="58.473056" lon="16.167892">
        <ele>46.6</ele>
      </trkpt>
      <trkpt lat="58.473186" lon="16.167949">
        <ele>47.2</ele>
      </trkpt>
      <trkpt lat="58.473313" lon="16.168059">
        <ele>47.8</ele>
      </trkpt>
      <trkpt lat="58.473429" lon="16.168167">
        <ele>48.6</ele>
      </trkpt>
      <trkpt lat="58.473646" lon="16.168368">
        <ele>49.0</ele>
      </trkpt>
      <trkpt lat="58.473862" lon="16.168569">
        <ele>49.1</ele>
      </trkpt>
      <trkpt lat="58.474201" lon="16.168857">
        <ele>48.1</ele>
      </trkpt>
      <trkpt lat="58.474406" lon="16.169074">
        <ele>47.3</ele>
      </trkpt>
      <trkpt lat="58.474573" lon="16.169258">
        <ele>46.8</ele>
      </trkpt>
      <trkpt lat="58.47472" lon="16.169392">
        <ele>46.1</ele>
      </trkpt>
      <trkpt lat="58.474828" lon="16.169442">
        <ele>45.9</ele>
      </trkpt>
      <trkpt lat="58.474957" lon="16.169472">
        <ele>46.0</ele>
      </trkpt>
      <trkpt lat="58.475108" lon="16.16947">
        <ele>46.0</ele>
      </trkpt>
      <trkpt lat="58.475241" lon="16.169454">
        <ele>46.0</ele>
      </trkpt>
      <trkpt lat="58.475668" lon="16.169386">
        <ele>44.7</ele>
      </trkpt>
      <trkpt lat="58.475906" lon="16.169351">
        <ele>44.2</ele>
      </trkpt>
      <trkpt lat="58.476143" lon="16.169315">
        <ele>44.5</ele>
      </trkpt>
      <trkpt lat="58.476358" lon="16.169301">
        <ele>45.4</ele>
      </trkpt>
      <trkpt lat="58.476617" lon="16.169321">
        <ele>46.2</ele>
      </trkpt>
      <trkpt lat="58.476871" lon="16.169372">
        <ele>47.1</ele>
      </trkpt>
      <trkpt lat="58.477243" lon="16.169504">
        <ele>46.7</ele>
      </trkpt>
      <trkpt lat="58.477627" lon="16.169624">
        <ele>46.3</ele>
      </trkpt>
      <trkpt lat="58.478011" lon="16.169744">
        <ele>45.2</ele>
      </trkpt>
      <trkpt lat="58.478395" lon="16.169865">
        <ele>44.4</ele>
      </trkpt>
      <trkpt lat="58.478689" lon="16.16994">
        <ele>43.9</ele>
      </trkpt>
      <trkpt lat="58.478887" lon="16.169969">
        <ele>44.0</ele>
      </trkpt>
      <trkpt lat="58.479128" lon="16.169986">
        <ele>44.9</ele>
      </trkpt>
      <trkpt lat="58.479517" lon="16.169995">
        <ele>45.9</ele>
      </trkpt>
      <trkpt lat="58.479799" lon="16.169987">
        <ele>44.8</ele>
      </trkpt>
      <trkpt lat="58.480081" lon="16.16998">
        <ele>44.0</ele>
      </trkpt>
      <trkpt lat="58.480316" lon="16.170012">
        <ele>44.0</ele>
      </trkpt>
      <trkpt lat="58.480551" lon="16.170044">
        <ele>44.0</ele>
      </trkpt>
      <trkpt lat="58.480971" lon="16.170105">
        <ele>46.3</ele>
      </trkpt>
      <trkpt lat="58.48123" lon="16.170181">
        <ele>48.4</ele>
      </trkpt>
      <trkpt lat="58.481435" lon="16.170276">
        <ele>49.1</ele>
      </trkpt>
      <trkpt lat="58.481809" lon="16.170536">
        <ele>48.8</ele>
      </trkpt>
      <trkpt lat="58.481985" lon="16.170696">
        <ele>49.8</ele>
      </trkpt>
      <trkpt lat="58.48221" lon="16.170936">
        <ele>51.7</ele>
      </trkpt>
      <trkpt lat="58.482434" lon="16.171177">
        <ele>51.5</ele>
      </trkpt>
      <trkpt lat="58.482489" lon="16.171248">
        <ele>51.5</ele>
      </trkpt>
      <trkpt lat="58.482729" lon="16.171466">
        <ele>50.3</ele>
      </trkpt>
      <trkpt lat="58.483027" lon="16.171702">
        <ele>50.5</ele>
      </trkpt>
      <trkpt lat="58.483413" lon="16.17201">
        <ele>48.2</ele>
      </trkpt>
      <trkpt lat="58.483669" lon="16.172192">
        <ele>44.7</ele>
      </trkpt>
      <trkpt lat="58.483983" lon="16.17237">
        <ele>41.8</ele>
      </trkpt>
      <trkpt lat="58.484313" lon="16.172559">
        <ele>40.9</ele>
      </trkpt>
      <trkpt lat="58.484643" lon="16.172747">
        <ele>40.9</ele>
      </trkpt>
      <trkpt lat="58.485052" lon="16.173022">
        <ele>42.1</ele>
      </trkpt>
      <trkpt lat="58.485267" lon="16.173134">
        <ele>42.0</ele>
      </trkpt>
      <trkpt lat="58.485407" lon="16.17317">
        <ele>41.9</ele>
      </trkpt>
      <trkpt lat="58.485592" lon="16.17321">
        <ele>41.3</ele>
      </trkpt>
      <trkpt lat="58.486022" lon="16.173291">
        <ele>39.4</ele>
      </trkpt>
      <trkpt lat="58.486452" lon="16.173371">
        <ele>37.8</ele>
      </trkpt>
      <trkpt lat="58.486537" lon="16.173364">
        <ele>37.5</ele>
      </trkpt>
      <trkpt lat="58.486641" lon="16.173353">
        <ele>37.1</ele>
      </trkpt>
      <trkpt lat="58.486853" lon="16.17332">
        <ele>35.7</ele>
      </trkpt>
      <trkpt lat="58.487089" lon="16.173296">
        <ele>33.9</ele>
      </trkpt>
      <trkpt lat="58.487407" lon="16.173294">
        <ele>31.7</ele>
      </trkpt>
      <trkpt lat="58.487391" lon="16.17381">
        <ele>31.2</ele>
      </trkpt>
      <trkpt lat="58.487374" lon="16.174326">
        <ele>30.2</ele>
      </trkpt>
      <trkpt lat="58.487366" lon="16.174392">
        <ele>30.4</ele>
      </trkpt>
      <trkpt lat="58.487347" lon="16.174435">
        <ele>30.5</ele>
      </trkpt>
      <trkpt lat="58.487319" lon="16.174465">
        <ele>30.8</ele>
      </trkpt>
      <trkpt lat="58.487288" lon="16.174476">
        <ele>31.1</ele>
      </trkpt>
      <trkpt lat="58.487254" lon="16.174474">
        <ele>31.5</ele>
      </trkpt>
      <trkpt lat="58.487122" lon="16.174446">
        <ele>33.4</ele>
      </trkpt>
      <trkpt lat="58.487087" lon="16.174451">
        <ele>33.9</ele>
      </trkpt>
      <trkpt lat="58.487065" lon="16.174484">
        <ele>34.2</ele>
      </trkpt>
      <trkpt lat="58.48705" lon="16.174532">
        <ele>34.2</ele>
      </trkpt>
      <trkpt lat="58.487042" lon="16.174605">
        <ele>34.1</ele>
      </trkpt>
      <trkpt lat="58.486991" lon="16.175055">
        <ele>33.3</ele>
      </trkpt>
      <trkpt lat="58.48694" lon="16.175504">
        <ele>34.0</ele>
      </trkpt>
      <trkpt lat="58.487167" lon="16.175507">
        <ele>31.5</ele>
      </trkpt>
      <trkpt lat="58.48725" lon="16.175546">
        <ele>30.7</ele>
      </trkpt>
      <trkpt lat="58.487406" lon="16.17563">
        <ele>29.8</ele>
      </trkpt>
      <trkpt lat="58.487625" lon="16.17577">
        <ele>29.3</ele>
      </trkpt>
      <trkpt lat="58.487844" lon="16.175909">
        <ele>28.8</ele>
      </trkpt>
      <trkpt lat="58.488017" lon="16.176014">
        <ele>28.2</ele>
      </trkpt>
      <trkpt lat="58.48821" lon="16.176134">
        <ele>27.4</ele>
      </trkpt>
      <trkpt lat="58.488287" lon="16.176196">
        <ele>27.2</ele>
      </trkpt>
      <trkpt lat="58.48841" lon="16.17634">
        <ele>26.9</ele>
      </trkpt>
      <trkpt lat="58.488454" lon="16.176357">
        <ele>26.8</ele>
      </trkpt>
      <trkpt lat="58.488605" lon="16.176394">
        <ele>27.0</ele>
      </trkpt>
      <trkpt lat="58.488888" lon="16.17647">
        <ele>28.0</ele>
      </trkpt>
      <trkpt lat="58.488973" lon="16.176458">
        <ele>28.5</ele>
      </trkpt>
      <trkpt lat="58.489001" lon="16.176428">
        <ele>28.8</ele>
      </trkpt>
      <trkpt lat="58.489024" lon="16.176374">
        <ele>29.0</ele>
      </trkpt>
      <trkpt lat="58.489036" lon="16.176293">
        <ele>29.1</ele>
      </trkpt>
      <trkpt lat="58.489045" lon="16.175761">
        <ele>29.2</ele>
      </trkpt>
      <trkpt lat="58.489078" lon="16.175621">
        <ele>29.5</ele>
      </trkpt>
      <trkpt lat="58.489159" lon="16.175472">
        <ele>30.0</ele>
      </trkpt>
      <trkpt lat="58.489221" lon="16.175387">
        <ele>30.1</ele>
      </trkpt>
      <trkpt lat="58.489277" lon="16.175361">
        <ele>30.2</ele>
      </trkpt>
      <trkpt lat="58.489313" lon="16.17535">
        <ele>30.2</ele>
      </trkpt>
      <trkpt lat="58.489446" lon="16.175306">
        <ele>30.0</ele>
      </trkpt>
      <trkpt lat="58.489542" lon="16.175274">
        <ele>29.7</ele>
      </trkpt>
      <trkpt lat="58.489973" lon="16.175133">
        <ele>28.1</ele>
      </trkpt>
      <trkpt lat="58.490404" lon="16.174991">
        <ele>27.4</ele>
      </trkpt>
      <trkpt lat="58.490835" lon="16.174849">
        <ele>27.9</ele>
      </trkpt>
      <trkpt lat="58.491198" lon="16.174718">
        <ele>29.0</ele>
      </trkpt>
      <trkpt lat="58.491562" lon="16.174587">
        <ele>29.5</ele>
      </trkpt>
      <trkpt lat="58.491747" lon="16.174532">
        <ele>30.3</ele>
      </trkpt>
      <trkpt lat="58.491905" lon="16.174508">
        <ele>30.9</ele>
      </trkpt>
      <trkpt lat="58.492057" lon="16.174517">
        <ele>31.0</ele>
      </trkpt>
      <trkpt lat="58.492324" lon="16.174584">
        <ele>31.0</ele>
      </trkpt>
      <trkpt lat="58.49271" lon="16.174718">
        <ele>31.0</ele>
      </trkpt>
      <trkpt lat="58.492776" lon="16.17475">
        <ele>31.1</ele>
      </trkpt>
      <trkpt lat="58.492898" lon="16.174816">
        <ele>31.3</ele>
      </trkpt>
      <trkpt lat="58.492994" lon="16.174836">
        <ele>31.4</ele>
      </trkpt>
      <trkpt lat="58.493084" lon="16.17485">
        <ele>31.5</ele>
      </trkpt>
      <trkpt lat="58.493193" lon="16.174839">
        <ele>31.7</ele>
      </trkpt>
      <trkpt lat="58.493367" lon="16.174801">
        <ele>32.1</ele>
      </trkpt>
      <trkpt lat="58.493503" lon="16.174752">
        <ele>32.1</ele>
      </trkpt>
      <trkpt lat="58.493654" lon="16.174664">
        <ele>31.8</ele>
      </trkpt>
      <trkpt lat="58.493926" lon="16.174484">
        <ele>31.2</ele>
      </trkpt>
      <trkpt lat="58.4942" lon="16.174277">
        <ele>31.4</ele>
      </trkpt>
      <trkpt lat="58.494433" lon="16.17407">
        <ele>31.9</ele>
      </trkpt>
      <trkpt lat="58.494587" lon="16.173949">
        <ele>32.5</ele>
      </trkpt>
      <trkpt lat="58.494672" lon="16.17392">
        <ele>32.8</ele>
      </trkpt>
      <trkpt lat="58.49478" lon="16.173873">
        <ele>33.2</ele>
      </trkpt>
      <trkpt lat="58.494883" lon="16.173804">
        <ele>33.5</ele>
      </trkpt>
      <trkpt lat="58.49495" lon="16.17371">
        <ele>33.7</ele>
      </trkpt>
      <trkpt lat="58.495059" lon="16.173532">
        <ele>34.5</ele>
      </trkpt>
      <trkpt lat="58.495049" lon="16.173423">
        <ele>34.4</ele>
      </trkpt>
      <trkpt lat="58.495023" lon="16.173326">
        <ele>34.2</ele>
      </trkpt>
      <trkpt lat="58.494966" lon="16.173094">
        <ele>33.7</ele>
      </trkpt>
      <trkpt lat="58.494953" lon="16.173022">
        <ele>33.5</ele>
      </trkpt>
      <trkpt lat="58.494952" lon="16.172958">
        <ele>33.6</ele>
      </trkpt>
      <trkpt lat="58.494958" lon="16.172878">
        <ele>33.7</ele>
      </trkpt>
      <trkpt lat="58.494983" lon="16.172808">
        <ele>33.9</ele>
      </trkpt>
      <trkpt lat="58.49503" lon="16.172743">
        <ele>34.3</ele>
      </trkpt>
      <trkpt lat="58.495153" lon="16.172622">
        <ele>36.0</ele>
      </trkpt>
      <trkpt lat="58.495233" lon="16.172544">
        <ele>37.3</ele>
      </trkpt>
      <trkpt lat="58.495308" lon="16.17245">
        <ele>38.3</ele>
      </trkpt>
      <trkpt lat="58.495371" lon="16.172347">
        <ele>38.8</ele>
      </trkpt>
      <trkpt lat="58.495422" lon="16.172218">
        <ele>39.3</ele>
      </trkpt>
      <trkpt lat="58.495526" lon="16.171896">
        <ele>39.6</ele>
      </trkpt>
      <trkpt lat="58.495778" lon="16.171392">
        <ele>38.7</ele>
      </trkpt>
      <trkpt lat="58.495933" lon="16.171095">
        <ele>37.4</ele>
      </trkpt>
      <trkpt lat="58.496141" lon="16.170827">
        <ele>36.0</ele>
      </trkpt>
      <trkpt lat="58.496225" lon="16.170694">
        <ele>35.3</ele>
      </trkpt>
      <trkpt lat="58.496382" lon="16.170529">
        <ele>34.8</ele>
      </trkpt>
      <trkpt lat="58.496696" lon="16.170242">
        <ele>31.8</ele>
      </trkpt>
      <trkpt lat="58.497007" lon="16.16987">
        <ele>29.7</ele>
      </trkpt>
      <trkpt lat="58.497289" lon="16.169523">
        <ele>29.0</ele>
      </trkpt>
      <trkpt lat="58.4975" lon="16.169262">
        <ele>28.4</ele>
      </trkpt>
      <trkpt lat="58.49757" lon="16.169228">
        <ele>28.2</ele>
      </trkpt>
      <trkpt lat="58.497599" lon="16.169266">
        <ele>28.3</ele>
      </trkpt>
      <trkpt lat="58.497623" lon="16.169299">
        <ele>28.3</ele>
      </trkpt>
      <trkpt lat="58.497646" lon="16.169411">
        <ele>28.4</ele>
      </trkpt>
      <trkpt lat="58.49766" lon="16.169507">
        <ele>28.5</ele>
      </trkpt>
      <trkpt lat="58.497702" lon="16.169554">
        <ele>28.5</ele>
      </trkpt>
      <trkpt lat="58.497932" lon="16.169379">
        <ele>27.9</ele>
      </trkpt>
      <trkpt lat="58.497974" lon="16.169405">
        <ele>28.0</ele>
      </trkpt>
      <trkpt lat="58.498018" lon="16.169475">
        <ele>28.0</ele>
      </trkpt>
      <trkpt lat="58.498038" lon="16.169624">
        <ele>28.1</ele>
      </trkpt>
      <trkpt lat="58.498061" lon="16.170441">
        <ele>27.0</ele>
      </trkpt>
      <trkpt lat="58.498085" lon="16.171258">
        <ele>27.0</ele>
      </trkpt>
      <trkpt lat="58.498082" lon="16.171768">
        <ele>27.0</ele>
      </trkpt>
      <trkpt lat="58.498135" lon="16.172612">
        <ele>27.0</ele>
      </trkpt>
      <trkpt lat="58.498152" lon="16.173194">
        <ele>26.6</ele>
      </trkpt>
      <trkpt lat="58.49817" lon="16.173777">
        <ele>26.7</ele>
      </trkpt>
      <trkpt lat="58.498187" lon="16.17436">
        <ele>27.0</ele>
      </trkpt>
      <trkpt lat="58.498191" lon="16.175009">
        <ele>27.6</ele>
      </trkpt>
      <trkpt lat="58.498196" lon="16.175659">
        <ele>28.0</ele>
      </trkpt>
      <trkpt lat="58.498189" lon="16.176315">
        <ele>27.5</ele>
      </trkpt>
      <trkpt lat="58.498182" lon="16.176972">
        <ele>27.6</ele>
      </trkpt>
      <trkpt lat="58.498161" lon="16.177682">
        <ele>26.4</ele>
      </trkpt>
      <trkpt lat="58.49814" lon="16.178393">
        <ele>27.1</ele>
      </trkpt>
      <trkpt lat="58.49811" lon="16.178929">
        <ele>27.2</ele>
      </trkpt>
      <trkpt lat="58.498081" lon="16.179466">
        <ele>27.1</ele>
      </trkpt>
      <trkpt lat="58.498019" lon="16.17989">
        <ele>26.9</ele>
      </trkpt>
      <trkpt lat="58.497957" lon="16.180314">
        <ele>27.0</ele>
      </trkpt>
      <trkpt lat="58.497791" lon="16.180946">
        <ele>27.0</ele>
      </trkpt>
      <trkpt lat="58.497663" lon="16.181317">
        <ele>27.1</ele>
      </trkpt>
      <trkpt lat="58.497534" lon="16.181687">
        <ele>27.0</ele>
      </trkpt>
      <trkpt lat="58.497391" lon="16.1821">
        <ele>27.6</ele>
      </trkpt>
      <trkpt lat="58.497247" lon="16.182512">
        <ele>28.1</ele>
      </trkpt>
      <trkpt lat="58.496975" lon="16.183085">
        <ele>28.2</ele>
      </trkpt>
      <trkpt lat="58.496662" lon="16.183688">
        <ele>29.4</ele>
      </trkpt>
      <trkpt lat="58.496496" lon="16.184218">
        <ele>30.8</ele>
      </trkpt>
      <trkpt lat="58.496331" lon="16.184747">
        <ele>30.5</ele>
      </trkpt>
      <trkpt lat="58.496237" lon="16.185214">
        <ele>30.0</ele>
      </trkpt>
      <trkpt lat="58.496213" lon="16.185516">
        <ele>30.8</ele>
      </trkpt>
      <trkpt lat="58.496204" lon="16.185742">
        <ele>31.4</ele>
      </trkpt>
      <trkpt lat="58.496185" lon="16.185883">
        <ele>31.8</ele>
      </trkpt>
      <trkpt lat="58.49616" lon="16.185914">
        <ele>31.8</ele>
      </trkpt>
      <trkpt lat="58.496121" lon="16.185962">
        <ele>31.9</ele>
      </trkpt>
      <trkpt lat="58.496027" lon="16.186037">
        <ele>32.2</ele>
      </trkpt>
      <trkpt lat="58.496004" lon="16.186095">
        <ele>32.5</ele>
      </trkpt>
      <trkpt lat="58.496" lon="16.186194">
        <ele>33.2</ele>
      </trkpt>
      <trkpt lat="58.496013" lon="16.186352">
        <ele>34.5</ele>
      </trkpt>
      <trkpt lat="58.496055" lon="16.186553">
        <ele>35.6</ele>
      </trkpt>
      <trkpt lat="58.496122" lon="16.18666">
        <ele>36.0</ele>
      </trkpt>
      <trkpt lat="58.496174" lon="16.186798">
        <ele>35.9</ele>
      </trkpt>
      <trkpt lat="58.496211" lon="16.187069">
        <ele>35.5</ele>
      </trkpt>
      <trkpt lat="58.496251" lon="16.187909">
        <ele>34.0</ele>
      </trkpt>
      <trkpt lat="58.496291" lon="16.188749">
        <ele>30.5</ele>
      </trkpt>
      <trkpt lat="58.496276" lon="16.189031">
        <ele>30.1</ele>
      </trkpt>
      <trkpt lat="58.496332" lon="16.189173">
        <ele>29.6</ele>
      </trkpt>
      <trkpt lat="58.49645" lon="16.18924">
        <ele>28.7</ele>
      </trkpt>
      <trkpt lat="58.496529" lon="16.189344">
        <ele>28.5</ele>
      </trkpt>
      <trkpt lat="58.496575" lon="16.18951">
        <ele>28.7</ele>
      </trkpt>
      <trkpt lat="58.496721" lon="16.190066">
        <ele>29.1</ele>
      </trkpt>
      <trkpt lat="58.496839" lon="16.190455">
        <ele>30.4</ele>
      </trkpt>
      <trkpt lat="58.496957" lon="16.190844">
        <ele>30.9</ele>
      </trkpt>
      <trkpt lat="58.497052" lon="16.191264">
        <ele>30.1</ele>
      </trkpt>
      <trkpt lat="58.497108" lon="16.1918">
        <ele>29.7</ele>
      </trkpt>
      <trkpt lat="58.497157" lon="16.19262">
        <ele>29.0</ele>
      </trkpt>
      <trkpt lat="58.497158" lon="16.193058">
        <ele>28.3</ele>
      </trkpt>
      <trkpt lat="58.497159" lon="16.193495">
        <ele>28.9</ele>
      </trkpt>
      <trkpt lat="58.497137" lon="16.19394">
        <ele>29.6</ele>
      </trkpt>
      <trkpt lat="58.497114" lon="16.194384">
        <ele>30.7</ele>
      </trkpt>
      <trkpt lat="58.497045" lon="16.195145">
        <ele>30.7</ele>
      </trkpt>
      <trkpt lat="58.496967" lon="16.195682">
        <ele>29.4</ele>
      </trkpt>
      <trkpt lat="58.496835" lon="16.196156">
        <ele>28.9</ele>
      </trkpt>
      <trkpt lat="58.496537" lon="16.196677">
        <ele>29.3</ele>
      </trkpt>
      <trkpt lat="58.496238" lon="16.197197">
        <ele>31.1</ele>
      </trkpt>
      <trkpt lat="58.495885" lon="16.197392">
        <ele>33.0</ele>
      </trkpt>
      <trkpt lat="58.495533" lon="16.197586">
        <ele>34.8</ele>
      </trkpt>
      <trkpt lat="58.49518" lon="16.197781">
        <ele>35.1</ele>
      </trkpt>
      <trkpt lat="58.494946" lon="16.197985">
        <ele>35.0</ele>
      </trkpt>
      <trkpt lat="58.494731" lon="16.198407">
        <ele>35.0</ele>
      </trkpt>
      <trkpt lat="58.49459" lon="16.198907">
        <ele>35.4</ele>
      </trkpt>
      <trkpt lat="58.494448" lon="16.199407">
        <ele>34.1</ele>
      </trkpt>
      <trkpt lat="58.494242" lon="16.199771">
        <ele>34.1</ele>
      </trkpt>
      <trkpt lat="58.494065" lon="16.200031">
        <ele>35.0</ele>
      </trkpt>
      <trkpt lat="58.493949" lon="16.200164">
        <ele>36.0</ele>
      </trkpt>
      <trkpt lat="58.493785" lon="16.200325">
        <ele>36.0</ele>
      </trkpt>
      <trkpt lat="58.49364" lon="16.200495">
        <ele>35.2</ele>
      </trkpt>
      <trkpt lat="58.493508" lon="16.200829">
        <ele>34.0</ele>
      </trkpt>
      <trkpt lat="58.493369" lon="16.201304">
        <ele>32.9</ele>
      </trkpt>
      <trkpt lat="58.493287" lon="16.201792">
        <ele>32.2</ele>
      </trkpt>
      <trkpt lat="58.49324" lon="16.202405">
        <ele>32.0</ele>
      </trkpt>
      <trkpt lat="58.493247" lon="16.203125">
        <ele>29.7</ele>
      </trkpt>
      <trkpt lat="58.4933" lon="16.203923">
        <ele>28.1</ele>
      </trkpt>
      <trkpt lat="58.493353" lon="16.204721">
        <ele>28.0</ele>
      </trkpt>
      <trkpt lat="58.493405" lon="16.205519">
        <ele>26.9</ele>
      </trkpt>
      <trkpt lat="58.493428" lon="16.206031">
        <ele>27.2</ele>
      </trkpt>
      <trkpt lat="58.49345" lon="16.206544">
        <ele>27.6</ele>
      </trkpt>
      <trkpt lat="58.493444" lon="16.207168">
        <ele>28.3</ele>
      </trkpt>
      <trkpt lat="58.493438" lon="16.207792">
        <ele>28.5</ele>
      </trkpt>
      <trkpt lat="58.493496" lon="16.208426">
        <ele>29.1</ele>
      </trkpt>
      <trkpt lat="58.493582" lon="16.209011">
        <ele>28.8</ele>
      </trkpt>
      <trkpt lat="58.493803" lon="16.209723">
        <ele>28.4</ele>
      </trkpt>
      <trkpt lat="58.494024" lon="16.210435">
        <ele>29.9</ele>
      </trkpt>
      <trkpt lat="58.494235" lon="16.211084">
        <ele>30.9</ele>
      </trkpt>
      <trkpt lat="58.494445" lon="16.211734">
        <ele>30.2</ele>
      </trkpt>
      <trkpt lat="58.494617" lon="16.212231">
        <ele>30.9</ele>
      </trkpt>
      <trkpt lat="58.494789" lon="16.212729">
        <ele>31.4</ele>
      </trkpt>
      <trkpt lat="58.494917" lon="16.213099">
        <ele>31.5</ele>
      </trkpt>
      <trkpt lat="58.495045" lon="16.213469">
        <ele>30.8</ele>
      </trkpt>
      <trkpt lat="58.4952" lon="16.213842">
        <ele>30.1</ele>
      </trkpt>
      <trkpt lat="58.495379" lon="16.214217">
        <ele>29.9</ele>
      </trkpt>
      <trkpt lat="58.495614" lon="16.214679">
        <ele>30.7</ele>
      </trkpt>
      <trkpt lat="58.4959" lon="16.215099">
        <ele>33.2</ele>
      </trkpt>
      <trkpt lat="58.496187" lon="16.21552">
        <ele>32.3</ele>
      </trkpt>
      <trkpt lat="58.496443" lon="16.216134">
        <ele>31.7</ele>
      </trkpt>
      <trkpt lat="58.496602" lon="16.216575">
        <ele>30.6</ele>
      </trkpt>
      <trkpt lat="58.496761" lon="16.217016">
        <ele>29.6</ele>
      </trkpt>
      <trkpt lat="58.496937" lon="16.217601">
        <ele>30.1</ele>
      </trkpt>
      <trkpt lat="58.497062" lon="16.218257">
        <ele>29.7</ele>
      </trkpt>
      <trkpt lat="58.497101" lon="16.21896">
        <ele>29.1</ele>
      </trkpt>
      <trkpt lat="58.497067" lon="16.219492">
        <ele>28.5</ele>
      </trkpt>
      <trkpt lat="58.497033" lon="16.220024">
        <ele>27.8</ele>
      </trkpt>
      <trkpt lat="58.496946" lon="16.220632">
        <ele>28.0</ele>
      </trkpt>
      <trkpt lat="58.49686" lon="16.221239">
        <ele>29.3</ele>
      </trkpt>
      <trkpt lat="58.496691" lon="16.221902">
        <ele>31.0</ele>
      </trkpt>
      <trkpt lat="58.496523" lon="16.222566">
        <ele>31.0</ele>
      </trkpt>
      <trkpt lat="58.496355" lon="16.223229">
        <ele>29.8</ele>
      </trkpt>
      <trkpt lat="58.496178" lon="16.223888">
        <ele>29.2</ele>
      </trkpt>
      <trkpt lat="58.496002" lon="16.224546">
        <ele>28.1</ele>
      </trkpt>
      <trkpt lat="58.495826" lon="16.225204">
        <ele>27.0</ele>
      </trkpt>
      <trkpt lat="58.495736" lon="16.225941">
        <ele>26.8</ele>
      </trkpt>
      <trkpt lat="58.495646" lon="16.226678">
        <ele>25.9</ele>
      </trkpt>
      <trkpt lat="58.495557" lon="16.227415">
        <ele>26.0</ele>
      </trkpt>
      <trkpt lat="58.495467" lon="16.228152">
        <ele>25.2</ele>
      </trkpt>
      <trkpt lat="58.495377" lon="16.228889">
        <ele>25.0</ele>
      </trkpt>
      <trkpt lat="58.495287" lon="16.229626">
        <ele>24.7</ele>
      </trkpt>
      <trkpt lat="58.495198" lon="16.230363">
        <ele>25.8</ele>
      </trkpt>
      <trkpt lat="58.495108" lon="16.2311">
        <ele>25.0</ele>
      </trkpt>
      <trkpt lat="58.495053" lon="16.231755">
        <ele>25.0</ele>
      </trkpt>
      <trkpt lat="58.494998" lon="16.232409">
        <ele>26.0</ele>
      </trkpt>
      <trkpt lat="58.494942" lon="16.233063">
        <ele>26.0</ele>
      </trkpt>
      <trkpt lat="58.494887" lon="16.233718">
        <ele>26.1</ele>
      </trkpt>
      <trkpt lat="58.494835" lon="16.234336">
        <ele>26.1</ele>
      </trkpt>
      <trkpt lat="58.494783" lon="16.234954">
        <ele>26.1</ele>
      </trkpt>
      <trkpt lat="58.494731" lon="16.235572">
        <ele>26.0</ele>
      </trkpt>
      <trkpt lat="58.494797" lon="16.236173">
        <ele>25.2</ele>
      </trkpt>
      <trkpt lat="58.494863" lon="16.236774">
        <ele>26.5</ele>
      </trkpt>
      <trkpt lat="58.494929" lon="16.237374">
        <ele>26.7</ele>
      </trkpt>
      <trkpt lat="58.495137" lon="16.237924">
        <ele>27.0</ele>
      </trkpt>
      <trkpt lat="58.495346" lon="16.238473">
        <ele>27.3</ele>
      </trkpt>
      <trkpt lat="58.495689" lon="16.238846">
        <ele>27.2</ele>
      </trkpt>
      <trkpt lat="58.496032" lon="16.23922">
        <ele>26.6</ele>
      </trkpt>
      <trkpt lat="58.496424" lon="16.239576">
        <ele>26.6</ele>
      </trkpt>
      <trkpt lat="58.496817" lon="16.239932">
        <ele>26.1</ele>
      </trkpt>
      <trkpt lat="58.497209" lon="16.240288">
        <ele>26.0</ele>
      </trkpt>
      <trkpt lat="58.497602" lon="16.240645">
        <ele>25.7</ele>
      </trkpt>
      <trkpt lat="58.497994" lon="16.241001">
        <ele>25.8</ele>
      </trkpt>
      <trkpt lat="58.498387" lon="16.241357">
        <ele>27.3</ele>
      </trkpt>
      <trkpt lat="58.498779" lon="16.241713">
        <ele>29.2</ele>
      </trkpt>
      <trkpt lat="58.499171" lon="16.242069">
        <ele>31.6</ele>
      </trkpt>
      <trkpt lat="58.499463" lon="16.242511">
        <ele>28.8</ele>
      </trkpt>
      <trkpt lat="58.499754" lon="16.242953">
        <ele>26.9</ele>
      </trkpt>
      <trkpt lat="58.499923" lon="16.243531">
        <ele>27.0</ele>
      </trkpt>
      <trkpt lat="58.500092" lon="16.244108">
        <ele>26.4</ele>
      </trkpt>
      <trkpt lat="58.500201" lon="16.244783">
        <ele>25.7</ele>
      </trkpt>
      <trkpt lat="58.500309" lon="16.245458">
        <ele>25.1</ele>
      </trkpt>
      <trkpt lat="58.500417" lon="16.246133">
        <ele>24.9</ele>
      </trkpt>
      <trkpt lat="58.500526" lon="16.246808">
        <ele>25.2</ele>
      </trkpt>
      <trkpt lat="58.500626" lon="16.247427">
        <ele>25.9</ele>
      </trkpt>
      <trkpt lat="58.500727" lon="16.248047">
        <ele>27.0</ele>
      </trkpt>
      <trkpt lat="58.500766" lon="16.248858">
        <ele>27.6</ele>
      </trkpt>
      <trkpt lat="58.500705" lon="16.249445">
        <ele>27.5</ele>
      </trkpt>
      <trkpt lat="58.500645" lon="16.250032">
        <ele>27.5</ele>
      </trkpt>
      <trkpt lat="58.500602" lon="16.250512">
        <ele>26.7</ele>
      </trkpt>
      <trkpt lat="58.500634" lon="16.251136">
        <ele>28.3</ele>
      </trkpt>
      <trkpt lat="58.500666" lon="16.25176">
        <ele>29.2</ele>
      </trkpt>
      <trkpt lat="58.50061" lon="16.252257">
        <ele>27.8</ele>
      </trkpt>
      <trkpt lat="58.500554" lon="16.252753">
        <ele>26.0</ele>
      </trkpt>
      <trkpt lat="58.500456" lon="16.253544">
        <ele>24.3</ele>
      </trkpt>
      <trkpt lat="58.500358" lon="16.254335">
        <ele>23.4</ele>
      </trkpt>
      <trkpt lat="58.50026" lon="16.255126">
        <ele>23.9</ele>
      </trkpt>
      <trkpt lat="58.500016" lon="16.255838">
        <ele>24.0</ele>
      </trkpt>
      <trkpt lat="58.499772" lon="16.256549">
        <ele>24.7</ele>
      </trkpt>
      <trkpt lat="58.499458" lon="16.256861">
        <ele>25.4</ele>
      </trkpt>
      <trkpt lat="58.499145" lon="16.257173">
        <ele>26.5</ele>
      </trkpt>
      <trkpt lat="58.498831" lon="16.257484">
        <ele>26.2</ele>
      </trkpt>
      <trkpt lat="58.498582" lon="16.257901">
        <ele>27.0</ele>
      </trkpt>
      <trkpt lat="58.498333" lon="16.258317">
        <ele>26.9</ele>
      </trkpt>
      <trkpt lat="58.498135" lon="16.258892">
        <ele>26.1</ele>
      </trkpt>
      <trkpt lat="58.497938" lon="16.259467">
        <ele>24.5</ele>
      </trkpt>
      <trkpt lat="58.497863" lon="16.259929">
        <ele>24.7</ele>
      </trkpt>
      <trkpt lat="58.497787" lon="16.26039">
        <ele>24.1</ele>
      </trkpt>
      <trkpt lat="58.497859" lon="16.260846">
        <ele>23.8</ele>
      </trkpt>
      <trkpt lat="58.497972" lon="16.261529">
        <ele>24.3</ele>
      </trkpt>
      <trkpt lat="58.498085" lon="16.262212">
        <ele>24.2</ele>
      </trkpt>
      <trkpt lat="58.49814" lon="16.262506">
        <ele>24.6</ele>
      </trkpt>
      <trkpt lat="58.498144" lon="16.262973">
        <ele>23.7</ele>
      </trkpt>
      <trkpt lat="58.498149" lon="16.263441">
        <ele>23.7</ele>
      </trkpt>
      <trkpt lat="58.497956" lon="16.264171">
        <ele>24.3</ele>
      </trkpt>
      <trkpt lat="58.497729" lon="16.264712">
        <ele>24.1</ele>
      </trkpt>
      <trkpt lat="58.497502" lon="16.265252">
        <ele>24.8</ele>
      </trkpt>
      <trkpt lat="58.497274" lon="16.265793">
        <ele>25.6</ele>
      </trkpt>
      <trkpt lat="58.497111" lon="16.266299">
        <ele>26.3</ele>
      </trkpt>
      <trkpt lat="58.496947" lon="16.266806">
        <ele>26.1</ele>
      </trkpt>
      <trkpt lat="58.496815" lon="16.267363">
        <ele>26.0</ele>
      </trkpt>
      <trkpt lat="58.496774" lon="16.26768">
        <ele>25.9</ele>
      </trkpt>
      <trkpt lat="58.496798" lon="16.267902">
        <ele>25.8</ele>
      </trkpt>
      <trkpt lat="58.49677" lon="16.268677">
        <ele>23.5</ele>
      </trkpt>
      <trkpt lat="58.496741" lon="16.269453">
        <ele>23.2</ele>
      </trkpt>
      <trkpt lat="58.496713" lon="16.270228">
        <ele>23.3</ele>
      </trkpt>
      <trkpt lat="58.496685" lon="16.271003">
        <ele>22.0</ele>
      </trkpt>
      <trkpt lat="58.496657" lon="16.271778">
        <ele>23.1</ele>
      </trkpt>
      <trkpt lat="58.496628" lon="16.272553">
        <ele>23.2</ele>
      </trkpt>
      <trkpt lat="58.496604" lon="16.273229">
        <ele>21.9</ele>
      </trkpt>
      <trkpt lat="58.496579" lon="16.273904">
        <ele>21.5</ele>
      </trkpt>
      <trkpt lat="58.496562" lon="16.274745">
        <ele>20.9</ele>
      </trkpt>
      <trkpt lat="58.496544" lon="16.275585">
        <ele>19.3</ele>
      </trkpt>
      <trkpt lat="58.496526" lon="16.276426">
        <ele>17.9</ele>
      </trkpt>
      <trkpt lat="58.496509" lon="16.277266">
        <ele>16.3</ele>
      </trkpt>
      <trkpt lat="58.496491" lon="16.278107">
        <ele>16.0</ele>
      </trkpt>
      <trkpt lat="58.496474" lon="16.278948">
        <ele>15.9</ele>
      </trkpt>
      <trkpt lat="58.496456" lon="16.279788">
        <ele>15.3</ele>
      </trkpt>
      <trkpt lat="58.496438" lon="16.280629">
        <ele>15.2</ele>
      </trkpt>
      <trkpt lat="58.496421" lon="16.281469">
        <ele>15.2</ele>
      </trkpt>
      <trkpt lat="58.496403" lon="16.28231">
        <ele>13.8</ele>
      </trkpt>
      <trkpt lat="58.496426" lon="16.28295">
        <ele>13.1</ele>
      </trkpt>
      <trkpt lat="58.496408" lon="16.283578">
        <ele>13.1</ele>
      </trkpt>
      <trkpt lat="58.496355" lon="16.284262">
        <ele>12.8</ele>
      </trkpt>
      <trkpt lat="58.496258" lon="16.284911">
        <ele>12.0</ele>
      </trkpt>
      <trkpt lat="58.496101" lon="16.285678">
        <ele>10.9</ele>
      </trkpt>
      <trkpt lat="58.495911" lon="16.28639">
        <ele>11.2</ele>
      </trkpt>
      <trkpt lat="58.49566" lon="16.287088">
        <ele>11.9</ele>
      </trkpt>
      <trkpt lat="58.495391" lon="16.287681">
        <ele>13.2</ele>
      </trkpt>
      <trkpt lat="58.495123" lon="16.288275">
        <ele>13.7</ele>
      </trkpt>
      <trkpt lat="58.494855" lon="16.288868">
        <ele>13.2</ele>
      </trkpt>
      <trkpt lat="58.494686" lon="16.289289">
        <ele>13.1</ele>
      </trkpt>
      <trkpt lat="58.494756" lon="16.289349">
        <ele>14.0</ele>
      </trkpt>
      <trkpt lat="58.494805" lon="16.289377">
        <ele>14.5</ele>
      </trkpt>
      <trkpt lat="58.494817" lon="16.289465">
        <ele>15.0</ele>
      </trkpt>
      <trkpt lat="58.494835" lon="16.289523">
        <ele>15.3</ele>
      </trkpt>
      <trkpt lat="58.494849" lon="16.289552">
        <ele>15.5</ele>
      </trkpt>
      <trkpt lat="58.494883" lon="16.289597">
        <ele>15.9</ele>
      </trkpt>
      <trkpt lat="58.494969" lon="16.28943">
        <ele>16.6</ele>
      </trkpt>
      <trkpt lat="58.495264" lon="16.288852">
        <ele>18.7</ele>
      </trkpt>
      <trkpt lat="58.495482" lon="16.288468">
        <ele>20.2</ele>
      </trkpt>
      <trkpt lat="58.495705" lon="16.288151">
        <ele>20.4</ele>
      </trkpt>
      <trkpt lat="58.495928" lon="16.287834">
        <ele>19.7</ele>
      </trkpt>
      <trkpt lat="58.496199" lon="16.287511">
        <ele>18.3</ele>
      </trkpt>
      <trkpt lat="58.496382" lon="16.287302">
        <ele>16.5</ele>
      </trkpt>
      <trkpt lat="58.496414" lon="16.287242">
        <ele>16.1</ele>
      </trkpt>
      <trkpt lat="58.496438" lon="16.287128">
        <ele>15.3</ele>
      </trkpt>
      <trkpt lat="58.496418" lon="16.287086">
        <ele>15.0</ele>
      </trkpt>
      <trkpt lat="58.496399" lon="16.286981">
        <ele>14.2</ele>
      </trkpt>
      <trkpt lat="58.496381" lon="16.286886">
        <ele>13.7</ele>
      </trkpt>
      <trkpt lat="58.496369" lon="16.286702">
        <ele>13.0</ele>
      </trkpt>
      <trkpt lat="58.496369" lon="16.286576">
        <ele>12.9</ele>
      </trkpt>
      <trkpt lat="58.496409" lon="16.286392">
        <ele>13.1</ele>
      </trkpt>
      <trkpt lat="58.496452" lon="16.286244">
        <ele>13.2</ele>
      </trkpt>
      <trkpt lat="58.496534" lon="16.285826">
        <ele>13.6</ele>
      </trkpt>
      <trkpt lat="58.496583" lon="16.285415">
        <ele>13.7</ele>
      </trkpt>
      <trkpt lat="58.496664" lon="16.284665">
        <ele>14.2</ele>
      </trkpt>
      <trkpt lat="58.496714" lon="16.284126">
        <ele>14.3</ele>
      </trkpt>
      <trkpt lat="58.496717" lon="16.284011">
        <ele>14.4</ele>
      </trkpt>
      <trkpt lat="58.49675" lon="16.283913">
        <ele>14.7</ele>
      </trkpt>
      <trkpt lat="58.496717" lon="16.283792">
        <ele>14.4</ele>
      </trkpt>
      <trkpt lat="58.496683" lon="16.283531">
        <ele>14.1</ele>
      </trkpt>
      <trkpt lat="58.49668" lon="16.283088">
        <ele>14.1</ele>
      </trkpt>
      <trkpt lat="58.496692" lon="16.282657">
        <ele>14.5</ele>
      </trkpt>
      <trkpt lat="58.496704" lon="16.282225">
        <ele>15.1</ele>
      </trkpt>
      <trkpt lat="58.496723" lon="16.28166">
        <ele>16.1</ele>
      </trkpt>
      <trkpt lat="58.496741" lon="16.281096">
        <ele>16.1</ele>
        <name>58.496741,16.281096</name>
        <extensions>
          <oa:Extension>
            <oa:mapZoom>12</oa:mapZoom>
          </oa:Extension>
        </extensions>
      </trkpt>
      <trkpt lat="58.496431" lon="16.280958">
        <ele>15.2</ele>
        <name>58.496431,16.280958</name>
        <extensions>
          <oa:Extension>
            <oa:mapZoom>12</oa:mapZoom>
          </oa:Extension>
        </extensions>
      </trkpt>
      <trkpt lat="58.496421" lon="16.281469">
        <ele>15.2</ele>
      </trkpt>
      <trkpt lat="58.496403" lon="16.28231">
        <ele>13.8</ele>
      </trkpt>
      <trkpt lat="58.496426" lon="16.28295">
        <ele>13.1</ele>
      </trkpt>
      <trkpt lat="58.496408" lon="16.283578">
        <ele>13.1</ele>
      </trkpt>
      <trkpt lat="58.496355" lon="16.284262">
        <ele>12.8</ele>
      </trkpt>
      <trkpt lat="58.496258" lon="16.284911">
        <ele>12.0</ele>
      </trkpt>
      <trkpt lat="58.496101" lon="16.285678">
        <ele>10.9</ele>
      </trkpt>
      <trkpt lat="58.495911" lon="16.28639">
        <ele>11.2</ele>
      </trkpt>
      <trkpt lat="58.49566" lon="16.287088">
        <ele>11.9</ele>
      </trkpt>
      <trkpt lat="58.495391" lon="16.287681">
        <ele>13.2</ele>
      </trkpt>
      <trkpt lat="58.495123" lon="16.288275">
        <ele>13.7</ele>
      </trkpt>
      <trkpt lat="58.494855" lon="16.288868">
        <ele>13.2</ele>
      </trkpt>
      <trkpt lat="58.494686" lon="16.289289">
        <ele>13.1</ele>
      </trkpt>
      <trkpt lat="58.494615" lon="16.289465">
        <ele>13.2</ele>
      </trkpt>
      <trkpt lat="58.494325" lon="16.289895">
        <ele>12.1</ele>
      </trkpt>
      <trkpt lat="58.494086" lon="16.290182">
        <ele>12.1</ele>
      </trkpt>
      <trkpt lat="58.493848" lon="16.290469">
        <ele>11.3</ele>
      </trkpt>
      <trkpt lat="58.49354" lon="16.290992">
        <ele>11.3</ele>
      </trkpt>
      <trkpt lat="58.49326" lon="16.291643">
        <ele>11.6</ele>
      </trkpt>
      <trkpt lat="58.493095" lon="16.292153">
        <ele>12.2</ele>
      </trkpt>
      <trkpt lat="58.492929" lon="16.292664">
        <ele>12.5</ele>
      </trkpt>
      <trkpt lat="58.492763" lon="16.293174">
        <ele>11.5</ele>
      </trkpt>
      <trkpt lat="58.492612" lon="16.293723">
        <ele>12.0</ele>
      </trkpt>
      <trkpt lat="58.492489" lon="16.294306">
        <ele>12.3</ele>
      </trkpt>
      <trkpt lat="58.492434" lon="16.294846">
        <ele>13.6</ele>
      </trkpt>
      <trkpt lat="58.492416" lon="16.295035">
        <ele>13.9</ele>
      </trkpt>
      <trkpt lat="58.492393" lon="16.295171">
        <ele>13.8</ele>
      </trkpt>
      <trkpt lat="58.492375" lon="16.29528">
        <ele>13.6</ele>
      </trkpt>
      <trkpt lat="58.492267" lon="16.295635">
        <ele>12.3</ele>
      </trkpt>
      <trkpt lat="58.492209" lon="16.295848">
        <ele>11.9</ele>
      </trkpt>
      <trkpt lat="58.492103" lon="16.296155">
        <ele>11.2</ele>
      </trkpt>
      <trkpt lat="58.49195" lon="16.296863">
        <ele>8.3</ele>
      </trkpt>
      <trkpt lat="58.491798" lon="16.297572">
        <ele>7.0</ele>
      </trkpt>
      <trkpt lat="58.491645" lon="16.29828">
        <ele>6.1</ele>
      </trkpt>
      <trkpt lat="58.491491" lon="16.298982">
        <ele>5.0</ele>
      </trkpt>
      <trkpt lat="58.491337" lon="16.299684">
        <ele>5.0</ele>
      </trkpt>
      <trkpt lat="58.491182" lon="16.300386">
        <ele>4.9</ele>
      </trkpt>
      <trkpt lat="58.491028" lon="16.301088">
        <ele>5.0</ele>
      </trkpt>
      <trkpt lat="58.490874" lon="16.30179">
        <ele>5.0</ele>
      </trkpt>
      <trkpt lat="58.490684" lon="16.302559">
        <ele>6.1</ele>
      </trkpt>
      <trkpt lat="58.490494" lon="16.303327">
        <ele>6.0</ele>
      </trkpt>
      <trkpt lat="58.490304" lon="16.304096">
        <ele>6.1</ele>
      </trkpt>
      <trkpt lat="58.490154" lon="16.304759">
        <ele>5.4</ele>
      </trkpt>
      <trkpt lat="58.490004" lon="16.305422">
        <ele>4.9</ele>
      </trkpt>
      <trkpt lat="58.489854" lon="16.306085">
        <ele>6.0</ele>
      </trkpt>
      <trkpt lat="58.489817" lon="16.306247">
        <ele>6.1</ele>
      </trkpt>
      <trkpt lat="58.489634" lon="16.306974">
        <ele>7.7</ele>
      </trkpt>
      <trkpt lat="58.489479" lon="16.307505">
        <ele>7.1</ele>
      </trkpt>
      <trkpt lat="58.489324" lon="16.308035">
        <ele>6.9</ele>
      </trkpt>
      <trkpt lat="58.489306" lon="16.308098">
        <ele>6.9</ele>
      </trkpt>
      <trkpt lat="58.489209" lon="16.308384">
        <ele>6.9</ele>
      </trkpt>
      <trkpt lat="58.489129" lon="16.308618">
        <ele>7.1</ele>
      </trkpt>
      <trkpt lat="58.489007" lon="16.309137">
        <ele>8.1</ele>
      </trkpt>
      <trkpt lat="58.488958" lon="16.309253">
        <ele>8.0</ele>
      </trkpt>
      <trkpt lat="58.488883" lon="16.309348">
        <ele>8.0</ele>
      </trkpt>
      <trkpt lat="58.488776" lon="16.309444">
        <ele>8.0</ele>
      </trkpt>
      <trkpt lat="58.488728" lon="16.309499">
        <ele>8.1</ele>
      </trkpt>
      <trkpt lat="58.488663" lon="16.309599">
        <ele>8.1</ele>
      </trkpt>
      <trkpt lat="58.488652" lon="16.309657">
        <ele>8.1</ele>
      </trkpt>
      <trkpt lat="58.488643" lon="16.309745">
        <ele>8.0</ele>
      </trkpt>
      <trkpt lat="58.488639" lon="16.310013">
        <ele>8.1</ele>
      </trkpt>
      <trkpt lat="58.488624" lon="16.310143">
        <ele>8.1</ele>
      </trkpt>
      <trkpt lat="58.488595" lon="16.310275">
        <ele>7.9</ele>
      </trkpt>
      <trkpt lat="58.488494" lon="16.310558">
        <ele>7.0</ele>
      </trkpt>
      <trkpt lat="58.488331" lon="16.31095">
        <ele>5.9</ele>
      </trkpt>
      <trkpt lat="58.488124" lon="16.311449">
        <ele>6.1</ele>
      </trkpt>
      <trkpt lat="58.48791" lon="16.311855">
        <ele>6.2</ele>
      </trkpt>
      <trkpt lat="58.487695" lon="16.312261">
        <ele>6.9</ele>
      </trkpt>
      <trkpt lat="58.487426" lon="16.312726">
        <ele>8.1</ele>
      </trkpt>
      <trkpt lat="58.487157" lon="16.313191">
        <ele>8.2</ele>
      </trkpt>
      <trkpt lat="58.48698" lon="16.313493">
        <ele>8.4</ele>
      </trkpt>
      <trkpt lat="58.486804" lon="16.313796">
        <ele>8.8</ele>
      </trkpt>
      <trkpt lat="58.486639" lon="16.314127">
        <ele>9.4</ele>
      </trkpt>
      <trkpt lat="58.486474" lon="16.314458">
        <ele>10.2</ele>
      </trkpt>
      <trkpt lat="58.486276" lon="16.314936">
        <ele>10.7</ele>
      </trkpt>
      <trkpt lat="58.486077" lon="16.315415">
        <ele>10.0</ele>
      </trkpt>
      <trkpt lat="58.485878" lon="16.315893">
        <ele>8.6</ele>
      </trkpt>
      <trkpt lat="58.485626" lon="16.316481">
        <ele>7.3</ele>
      </trkpt>
      <trkpt lat="58.485374" lon="16.31707">
        <ele>9.9</ele>
      </trkpt>
      <trkpt lat="58.485122" lon="16.317658">
        <ele>11.7</ele>
      </trkpt>
      <trkpt lat="58.48487" lon="16.318246">
        <ele>11.1</ele>
      </trkpt>
      <trkpt lat="58.484618" lon="16.318834">
        <ele>11.8</ele>
      </trkpt>
      <trkpt lat="58.484339" lon="16.319498">
        <ele>10.7</ele>
      </trkpt>
      <trkpt lat="58.484134" lon="16.319987">
        <ele>10.3</ele>
      </trkpt>
      <trkpt lat="58.483942" lon="16.320399">
        <ele>10.7</ele>
      </trkpt>
      <trkpt lat="58.483771" lon="16.320738">
        <ele>10.5</ele>
      </trkpt>
      <trkpt lat="58.483675" lon="16.320923">
        <ele>10.3</ele>
      </trkpt>
      <trkpt lat="58.483602" lon="16.321042">
        <ele>10.4</ele>
      </trkpt>
      <trkpt lat="58.483573" lon="16.32104">
        <ele>10.1</ele>
      </trkpt>
      <trkpt lat="58.483525" lon="16.320925">
        <ele>8.9</ele>
      </trkpt>
      <trkpt lat="58.483392" lon="16.320689">
        <ele>8.0</ele>
      </trkpt>
      <trkpt lat="58.483465" lon="16.32054">
        <ele>7.8</ele>
      </trkpt>
      <trkpt lat="58.483677" lon="16.320063">
        <ele>6.2</ele>
      </trkpt>
      <trkpt lat="58.483889" lon="16.319585">
        <ele>5.9</ele>
      </trkpt>
      <trkpt lat="58.483818" lon="16.319533">
        <ele>5.8</ele>
      </trkpt>
      <trkpt lat="58.483774" lon="16.319514">
        <ele>5.8</ele>
      </trkpt>
      <trkpt lat="58.48353" lon="16.319438">
        <ele>6.2</ele>
      </trkpt>
      <trkpt lat="58.483287" lon="16.319361">
        <ele>7.1</ele>
      </trkpt>
      <trkpt lat="58.483046" lon="16.319282">
        <ele>7.0</ele>
      </trkpt>
      <trkpt lat="58.482806" lon="16.319204">
        <ele>6.1</ele>
      </trkpt>
      <trkpt lat="58.482775" lon="16.319194">
        <ele>6.0</ele>
      </trkpt>
      <trkpt lat="58.482694" lon="16.319167">
        <ele>5.9</ele>
      </trkpt>
      <trkpt lat="58.482502" lon="16.319096">
        <ele>6.0</ele>
      </trkpt>
      <trkpt lat="58.48249" lon="16.31915">
        <ele>6.0</ele>
      </trkpt>
      <trkpt lat="58.482378" lon="16.319662">
        <ele>6.4</ele>
      </trkpt>
      <trkpt lat="58.482309" lon="16.31998">
        <ele>6.6</ele>
      </trkpt>
      <trkpt lat="58.482237" lon="16.320298">
        <ele>6.9</ele>
      </trkpt>
      <trkpt lat="58.482162" lon="16.320166">
        <ele>7.2</ele>
      </trkpt>
      <trkpt lat="58.482005" lon="16.319855">
        <ele>7.8</ele>
      </trkpt>
      <trkpt lat="58.481938" lon="16.319684">
        <ele>8.0</ele>
      </trkpt>
      <trkpt lat="58.481915" lon="16.319631">
        <ele>8.1</ele>
      </trkpt>
      <trkpt lat="58.481904" lon="16.319607">
        <ele>8.1</ele>
      </trkpt>
      <trkpt lat="58.481896" lon="16.319565">
        <ele>8.2</ele>
      </trkpt>
      <trkpt lat="58.481868" lon="16.319431">
        <ele>8.3</ele>
      </trkpt>
      <trkpt lat="58.481669" lon="16.318969">
        <ele>9.0</ele>
      </trkpt>
      <trkpt lat="58.481599" lon="16.318793">
        <ele>9.3</ele>
      </trkpt>
      <trkpt lat="58.481348" lon="16.318169">
        <ele>10.1</ele>
      </trkpt>
      <trkpt lat="58.481152" lon="16.317803">
        <ele>10.2</ele>
      </trkpt>
      <trkpt lat="58.481081" lon="16.317622">
        <ele>9.3</ele>
      </trkpt>
      <trkpt lat="58.481203" lon="16.317238">
        <ele>9.4</ele>
      </trkpt>
      <trkpt lat="58.481413" lon="16.316809">
        <ele>10.0</ele>
      </trkpt>
      <trkpt lat="58.481532" lon="16.316597">
        <ele>10.1</ele>
      </trkpt>
      <trkpt lat="58.481414" lon="16.316314">
        <ele>10.0</ele>
      </trkpt>
      <trkpt lat="58.481331" lon="16.316074">
        <ele>10.1</ele>
      </trkpt>
      <trkpt lat="58.48133" lon="16.316069">
        <ele>10.1</ele>
        <name>58.481330,16.316069</name>
      </trkpt>
    </trkseg>
  </trk>
</gpx>