<?xml version="1.0" encoding="UTF-8" standalone="yes"?>
<gpx version="1.1" creator="outdooractive - http://www.outdooractive.com" xmlns="http://www.topografix.com/GPX/1/1" xmlns:oa="http://www.outdooractive.com/GPX/Extensions/1" xmlns:xsi="http://www.w3.org/2001/XMLSchema-instance" xsi:schemaLocation="http://www.topografix.com/GPX/1/1 http://www.topografix.com/GPX/1/1/gpx.xsd http://www.outdooractive.com/GPX/Extensions/1 https://www.outdooractive.com/schema/gpx_extensions.xsd">
  <metadata>
    <name>The Göta Älv Pilgrimage Route</name>
    <link href="https://www.outdooractive.com/r/64580579"/>
    <time>2026-03-19T09:38:22.000Z</time>
    <extensions>
      <oa:oaCategory>pilgrimTrack</oa:oaCategory>
    </extensions>
  </metadata>
  <trk>
    <name>The Göta Älv Pilgrimage Route</name>
    <desc>The pilgrimage route on the Göta River is the ideal choice for anyone who wants to combine a nature experience with history or simply hike longer.</desc>
    <type>pilgrimTrack</type>
    <trkseg>
      <trkpt lat="57.697375" lon="11.937195">
        <ele>41.6</ele>
        <name>57.697375,11.937182</name>
        <extensions>
          <oa:Extension>
            <oa:mapZoom>17</oa:mapZoom>
          </oa:Extension>
        </extensions>
      </trkpt>
      <trkpt lat="57.697385" lon="11.937197">
        <ele>41.5</ele>
      </trkpt>
      <trkpt lat="57.697553" lon="11.937177">
        <ele>40.2</ele>
      </trkpt>
      <trkpt lat="57.697592" lon="11.937174">
        <ele>39.9</ele>
      </trkpt>
      <trkpt lat="57.697627" lon="11.937188">
        <ele>39.6</ele>
      </trkpt>
      <trkpt lat="57.697681" lon="11.937239">
        <ele>39.3</ele>
      </trkpt>
      <trkpt lat="57.697717" lon="11.937228">
        <ele>38.9</ele>
      </trkpt>
      <trkpt lat="57.697755" lon="11.937182">
        <ele>38.5</ele>
      </trkpt>
      <trkpt lat="57.69777" lon="11.937137">
        <ele>38.2</ele>
      </trkpt>
      <trkpt lat="57.697797" lon="11.937128">
        <ele>37.9</ele>
      </trkpt>
      <trkpt lat="57.697834" lon="11.937147">
        <ele>37.6</ele>
      </trkpt>
      <trkpt lat="57.697873" lon="11.937192">
        <ele>37.3</ele>
      </trkpt>
      <trkpt lat="57.697912" lon="11.937224">
        <ele>37.0</ele>
      </trkpt>
      <trkpt lat="57.697959" lon="11.937199">
        <ele>36.5</ele>
      </trkpt>
      <trkpt lat="57.698011" lon="11.937157">
        <ele>35.9</ele>
      </trkpt>
      <trkpt lat="57.698058" lon="11.937093">
        <ele>35.4</ele>
      </trkpt>
      <trkpt lat="57.698142" lon="11.937151">
        <ele>34.6</ele>
      </trkpt>
      <trkpt lat="57.698201" lon="11.937224">
        <ele>33.9</ele>
      </trkpt>
      <trkpt lat="57.69825" lon="11.937344">
        <ele>33.2</ele>
      </trkpt>
      <trkpt lat="57.698264" lon="11.937422">
        <ele>32.9</ele>
        <name>57.698270,11.937418</name>
        <extensions>
          <oa:Extension>
            <oa:mapZoom>17</oa:mapZoom>
          </oa:Extension>
        </extensions>
      </trkpt>
      <trkpt lat="57.698271" lon="11.937457">
        <ele>32.8</ele>
      </trkpt>
      <trkpt lat="57.698268" lon="11.937607">
        <ele>32.6</ele>
      </trkpt>
      <trkpt lat="57.698284" lon="11.937855">
        <ele>32.0</ele>
      </trkpt>
      <trkpt lat="57.698283" lon="11.938073">
        <ele>31.5</ele>
      </trkpt>
      <trkpt lat="57.698284" lon="11.938263">
        <ele>31.0</ele>
      </trkpt>
      <trkpt lat="57.698232" lon="11.938804">
        <ele>30.2</ele>
      </trkpt>
      <trkpt lat="57.698228" lon="11.938915">
        <ele>29.9</ele>
      </trkpt>
      <trkpt lat="57.698237" lon="11.939026">
        <ele>29.3</ele>
      </trkpt>
      <trkpt lat="57.698261" lon="11.939122">
        <ele>28.5</ele>
      </trkpt>
      <trkpt lat="57.698335" lon="11.939257">
        <ele>26.6</ele>
      </trkpt>
      <trkpt lat="57.698402" lon="11.939382">
        <ele>24.9</ele>
      </trkpt>
      <trkpt lat="57.698421" lon="11.939517">
        <ele>23.9</ele>
      </trkpt>
      <trkpt lat="57.698437" lon="11.939633">
        <ele>23.0</ele>
      </trkpt>
      <trkpt lat="57.69844" lon="11.939704">
        <ele>22.6</ele>
      </trkpt>
      <trkpt lat="57.698559" lon="11.939659">
        <ele>20.6</ele>
      </trkpt>
      <trkpt lat="57.698723" lon="11.939597">
        <ele>18.0</ele>
      </trkpt>
      <trkpt lat="57.698748" lon="11.939618">
        <ele>17.4</ele>
      </trkpt>
      <trkpt lat="57.698785" lon="11.939616">
        <ele>16.8</ele>
      </trkpt>
      <trkpt lat="57.698812" lon="11.9396">
        <ele>16.4</ele>
      </trkpt>
      <trkpt lat="57.698849" lon="11.939553">
        <ele>16.1</ele>
      </trkpt>
      <trkpt lat="57.69887" lon="11.939581">
        <ele>15.5</ele>
      </trkpt>
      <trkpt lat="57.698887" lon="11.939608">
        <ele>15.1</ele>
      </trkpt>
      <trkpt lat="57.698896" lon="11.939634">
        <ele>14.8</ele>
      </trkpt>
      <trkpt lat="57.698907" lon="11.939699">
        <ele>14.2</ele>
      </trkpt>
      <trkpt lat="57.698914" lon="11.939923">
        <ele>12.8</ele>
      </trkpt>
      <trkpt lat="57.698904" lon="11.940047">
        <ele>12.4</ele>
      </trkpt>
      <trkpt lat="57.698877" lon="11.940193">
        <ele>12.3</ele>
      </trkpt>
      <trkpt lat="57.698854" lon="11.940272">
        <ele>12.4</ele>
        <name>57.698884,11.940304</name>
        <extensions>
          <oa:Extension>
            <oa:mapZoom>17</oa:mapZoom>
          </oa:Extension>
        </extensions>
      </trkpt>
      <trkpt lat="57.698833" lon="11.94034">
        <ele>12.5</ele>
      </trkpt>
      <trkpt lat="57.69879" lon="11.940448">
        <ele>12.9</ele>
      </trkpt>
      <trkpt lat="57.698779" lon="11.940514">
        <ele>12.9</ele>
      </trkpt>
      <trkpt lat="57.69877" lon="11.940645">
        <ele>12.6</ele>
      </trkpt>
      <trkpt lat="57.698741" lon="11.940682">
        <ele>12.9</ele>
      </trkpt>
      <trkpt lat="57.698708" lon="11.940755">
        <ele>13.2</ele>
      </trkpt>
      <trkpt lat="57.698683" lon="11.940854">
        <ele>13.2</ele>
      </trkpt>
      <trkpt lat="57.698583" lon="11.941399">
        <ele>12.1</ele>
      </trkpt>
      <trkpt lat="57.698532" lon="11.941679">
        <ele>12.1</ele>
        <name>57.698523,11.941673</name>
        <extensions>
          <oa:Extension>
            <oa:mapZoom>17</oa:mapZoom>
          </oa:Extension>
        </extensions>
      </trkpt>
      <trkpt lat="57.698483" lon="11.941944">
        <ele>12.2</ele>
      </trkpt>
      <trkpt lat="57.698531" lon="11.942436">
        <ele>11.4</ele>
      </trkpt>
      <trkpt lat="57.698574" lon="11.942888">
        <ele>10.7</ele>
      </trkpt>
      <trkpt lat="57.698653" lon="11.943667">
        <ele>10.2</ele>
      </trkpt>
      <trkpt lat="57.698663" lon="11.943793">
        <ele>10.2</ele>
      </trkpt>
      <trkpt lat="57.698736" lon="11.944454">
        <ele>10.4</ele>
      </trkpt>
      <trkpt lat="57.698808" lon="11.945114">
        <ele>11.1</ele>
      </trkpt>
      <trkpt lat="57.698809" lon="11.945115">
        <ele>11.1</ele>
        <name>57.698821,11.945111</name>
        <extensions>
          <oa:Extension>
            <oa:mapZoom>17</oa:mapZoom>
          </oa:Extension>
        </extensions>
      </trkpt>
      <trkpt lat="57.698881" lon="11.945774">
        <ele>11.3</ele>
      </trkpt>
      <trkpt lat="57.698954" lon="11.946434">
        <ele>11.9</ele>
      </trkpt>
      <trkpt lat="57.699024" lon="11.94715">
        <ele>12.2</ele>
      </trkpt>
      <trkpt lat="57.699094" lon="11.947866">
        <ele>11.7</ele>
      </trkpt>
      <trkpt lat="57.699163" lon="11.948581">
        <ele>10.9</ele>
      </trkpt>
      <trkpt lat="57.699233" lon="11.949297">
        <ele>11.0</ele>
      </trkpt>
      <trkpt lat="57.699299" lon="11.949973">
        <ele>11.4</ele>
      </trkpt>
      <trkpt lat="57.699364" lon="11.950649">
        <ele>11.2</ele>
      </trkpt>
      <trkpt lat="57.69943" lon="11.951343">
        <ele>11.3</ele>
      </trkpt>
      <trkpt lat="57.699436" lon="11.951412">
        <ele>11.3</ele>
        <name>57.699446,11.951408</name>
        <extensions>
          <oa:Extension>
            <oa:mapZoom>17</oa:mapZoom>
          </oa:Extension>
        </extensions>
      </trkpt>
      <trkpt lat="57.699496" lon="11.952038">
        <ele>11.1</ele>
      </trkpt>
      <trkpt lat="57.699507" lon="11.952145">
        <ele>11.0</ele>
      </trkpt>
      <trkpt lat="57.699552" lon="11.95214">
        <ele>10.9</ele>
      </trkpt>
      <trkpt lat="57.699554" lon="11.952159">
        <ele>10.9</ele>
      </trkpt>
      <trkpt lat="57.699567" lon="11.952288">
        <ele>10.8</ele>
      </trkpt>
      <trkpt lat="57.69957" lon="11.952317">
        <ele>10.7</ele>
      </trkpt>
      <trkpt lat="57.699489" lon="11.952325">
        <ele>11.0</ele>
      </trkpt>
      <trkpt lat="57.699296" lon="11.952269">
        <ele>11.6</ele>
      </trkpt>
      <trkpt lat="57.699072" lon="11.952139">
        <ele>12.4</ele>
      </trkpt>
      <trkpt lat="57.698848" lon="11.952009">
        <ele>13.3</ele>
      </trkpt>
      <trkpt lat="57.698858" lon="11.952134">
        <ele>13.2</ele>
      </trkpt>
      <trkpt lat="57.698897" lon="11.952608">
        <ele>12.8</ele>
      </trkpt>
      <trkpt lat="57.698936" lon="11.953082">
        <ele>12.5</ele>
      </trkpt>
      <trkpt lat="57.69894" lon="11.953154">
        <ele>12.5</ele>
      </trkpt>
      <trkpt lat="57.698922" lon="11.953227">
        <ele>12.4</ele>
      </trkpt>
      <trkpt lat="57.698861" lon="11.953671">
        <ele>12.2</ele>
      </trkpt>
      <trkpt lat="57.698827" lon="11.953917">
        <ele>12.0</ele>
        <name>57.698832,11.953919</name>
        <extensions>
          <oa:Extension>
            <oa:mapZoom>17</oa:mapZoom>
          </oa:Extension>
        </extensions>
      </trkpt>
      <trkpt lat="57.6988" lon="11.954116">
        <ele>11.8</ele>
      </trkpt>
      <trkpt lat="57.698794" lon="11.95416">
        <ele>11.7</ele>
      </trkpt>
      <trkpt lat="57.698787" lon="11.954219">
        <ele>11.6</ele>
      </trkpt>
      <trkpt lat="57.698723" lon="11.954732">
        <ele>10.1</ele>
      </trkpt>
      <trkpt lat="57.698659" lon="11.955244">
        <ele>9.2</ele>
      </trkpt>
      <trkpt lat="57.698653" lon="11.955286">
        <ele>9.2</ele>
      </trkpt>
      <trkpt lat="57.698312" lon="11.955135">
        <ele>8.9</ele>
      </trkpt>
      <trkpt lat="57.698102" lon="11.955042">
        <ele>9.2</ele>
        <name>57.698104,11.955028</name>
        <extensions>
          <oa:Extension>
            <oa:mapZoom>17</oa:mapZoom>
          </oa:Extension>
        </extensions>
      </trkpt>
      <trkpt lat="57.697971" lon="11.954984">
        <ele>9.4</ele>
      </trkpt>
      <trkpt lat="57.697629" lon="11.954833">
        <ele>11.4</ele>
      </trkpt>
      <trkpt lat="57.697606" lon="11.954821">
        <ele>11.6</ele>
      </trkpt>
      <trkpt lat="57.697542" lon="11.955315">
        <ele>12.2</ele>
      </trkpt>
      <trkpt lat="57.697469" lon="11.955414">
        <ele>13.1</ele>
      </trkpt>
      <trkpt lat="57.697344" lon="11.955581">
        <ele>14.8</ele>
      </trkpt>
      <trkpt lat="57.697263" lon="11.955692">
        <ele>16.0</ele>
        <name>57.697260,11.955685</name>
        <extensions>
          <oa:Extension>
            <oa:mapZoom>17</oa:mapZoom>
          </oa:Extension>
        </extensions>
      </trkpt>
      <trkpt lat="57.697164" lon="11.955827">
        <ele>17.4</ele>
      </trkpt>
      <trkpt lat="57.696784" lon="11.955642">
        <ele>26.5</ele>
      </trkpt>
      <trkpt lat="57.696658" lon="11.955426">
        <ele>30.8</ele>
      </trkpt>
      <trkpt lat="57.696598" lon="11.95553">
        <ele>30.2</ele>
      </trkpt>
      <trkpt lat="57.696569" lon="11.955576">
        <ele>29.9</ele>
      </trkpt>
      <trkpt lat="57.696532" lon="11.955607">
        <ele>29.8</ele>
      </trkpt>
      <trkpt lat="57.696513" lon="11.95559">
        <ele>30.2</ele>
      </trkpt>
      <trkpt lat="57.696504" lon="11.955569">
        <ele>30.5</ele>
      </trkpt>
      <trkpt lat="57.696506" lon="11.955542">
        <ele>30.9</ele>
      </trkpt>
      <trkpt lat="57.696504" lon="11.955494">
        <ele>31.5</ele>
      </trkpt>
      <trkpt lat="57.696459" lon="11.955445">
        <ele>32.4</ele>
      </trkpt>
      <trkpt lat="57.696409" lon="11.955387">
        <ele>33.4</ele>
      </trkpt>
      <trkpt lat="57.696382" lon="11.955305">
        <ele>34.5</ele>
      </trkpt>
      <trkpt lat="57.696272" lon="11.955109">
        <ele>36.5</ele>
      </trkpt>
      <trkpt lat="57.696208" lon="11.955065">
        <ele>36.8</ele>
      </trkpt>
      <trkpt lat="57.696031" lon="11.955091">
        <ele>36.5</ele>
      </trkpt>
      <trkpt lat="57.696104" lon="11.955182">
        <ele>36.1</ele>
      </trkpt>
      <trkpt lat="57.696134" lon="11.955255">
        <ele>35.5</ele>
      </trkpt>
      <trkpt lat="57.696143" lon="11.955327">
        <ele>34.8</ele>
        <name>57.696167,11.955316</name>
        <extensions>
          <oa:Extension>
            <oa:mapZoom>17</oa:mapZoom>
          </oa:Extension>
        </extensions>
      </trkpt>
      <trkpt lat="57.696155" lon="11.95541">
        <ele>33.9</ele>
      </trkpt>
      <trkpt lat="57.696127" lon="11.955527">
        <ele>32.5</ele>
      </trkpt>
      <trkpt lat="57.69609" lon="11.955624">
        <ele>31.3</ele>
      </trkpt>
      <trkpt lat="57.696051" lon="11.955681">
        <ele>30.6</ele>
      </trkpt>
      <trkpt lat="57.695996" lon="11.955701">
        <ele>30.4</ele>
      </trkpt>
      <trkpt lat="57.695896" lon="11.955648">
        <ele>30.9</ele>
      </trkpt>
      <trkpt lat="57.695845" lon="11.955656">
        <ele>30.8</ele>
      </trkpt>
      <trkpt lat="57.695788" lon="11.955678">
        <ele>30.4</ele>
      </trkpt>
      <trkpt lat="57.695719" lon="11.955728">
        <ele>29.6</ele>
      </trkpt>
      <trkpt lat="57.695748" lon="11.955771">
        <ele>29.4</ele>
      </trkpt>
      <trkpt lat="57.695862" lon="11.955767">
        <ele>29.6</ele>
      </trkpt>
      <trkpt lat="57.695924" lon="11.955776">
        <ele>29.6</ele>
      </trkpt>
      <trkpt lat="57.695926" lon="11.955821">
        <ele>29.1</ele>
      </trkpt>
      <trkpt lat="57.695901" lon="11.955859">
        <ele>28.8</ele>
      </trkpt>
      <trkpt lat="57.695851" lon="11.955892">
        <ele>28.5</ele>
      </trkpt>
      <trkpt lat="57.695667" lon="11.955957">
        <ele>27.6</ele>
      </trkpt>
      <trkpt lat="57.695631" lon="11.955975">
        <ele>27.3</ele>
      </trkpt>
      <trkpt lat="57.695618" lon="11.956041">
        <ele>26.7</ele>
      </trkpt>
      <trkpt lat="57.695644" lon="11.956073">
        <ele>26.5</ele>
      </trkpt>
      <trkpt lat="57.695781" lon="11.956098">
        <ele>26.6</ele>
      </trkpt>
      <trkpt lat="57.695795" lon="11.956103">
        <ele>26.6</ele>
        <name>57.695790,11.956142</name>
        <extensions>
          <oa:Extension>
            <oa:mapZoom>17</oa:mapZoom>
          </oa:Extension>
        </extensions>
      </trkpt>
      <trkpt lat="57.695823" lon="11.956114">
        <ele>26.5</ele>
      </trkpt>
      <trkpt lat="57.695822" lon="11.956157">
        <ele>26.1</ele>
      </trkpt>
      <trkpt lat="57.695791" lon="11.956221">
        <ele>25.5</ele>
      </trkpt>
      <trkpt lat="57.695683" lon="11.956329">
        <ele>24.6</ele>
      </trkpt>
      <trkpt lat="57.695559" lon="11.956416">
        <ele>23.8</ele>
      </trkpt>
      <trkpt lat="57.695554" lon="11.956534">
        <ele>23.0</ele>
      </trkpt>
      <trkpt lat="57.695606" lon="11.956599">
        <ele>22.7</ele>
      </trkpt>
      <trkpt lat="57.695914" lon="11.956435">
        <ele>23.5</ele>
      </trkpt>
      <trkpt lat="57.69592" lon="11.956483">
        <ele>23.1</ele>
      </trkpt>
      <trkpt lat="57.695862" lon="11.956577">
        <ele>22.5</ele>
      </trkpt>
      <trkpt lat="57.695948" lon="11.956541">
        <ele>22.5</ele>
      </trkpt>
      <trkpt lat="57.696045" lon="11.956487">
        <ele>22.6</ele>
      </trkpt>
      <trkpt lat="57.696129" lon="11.956449">
        <ele>22.7</ele>
      </trkpt>
      <trkpt lat="57.696173" lon="11.956447">
        <ele>22.5</ele>
      </trkpt>
      <trkpt lat="57.696201" lon="11.956464">
        <ele>22.2</ele>
      </trkpt>
      <trkpt lat="57.696229" lon="11.956507">
        <ele>21.7</ele>
      </trkpt>
      <trkpt lat="57.696241" lon="11.956554">
        <ele>21.3</ele>
      </trkpt>
      <trkpt lat="57.696245" lon="11.956624">
        <ele>20.7</ele>
      </trkpt>
      <trkpt lat="57.696238" lon="11.956692">
        <ele>20.3</ele>
      </trkpt>
      <trkpt lat="57.696232" lon="11.956727">
        <ele>20.1</ele>
        <name>57.696241,11.956732</name>
        <extensions>
          <oa:Extension>
            <oa:mapZoom>17</oa:mapZoom>
          </oa:Extension>
        </extensions>
      </trkpt>
      <trkpt lat="57.696223" lon="11.956786">
        <ele>19.8</ele>
      </trkpt>
      <trkpt lat="57.696214" lon="11.956838">
        <ele>19.6</ele>
      </trkpt>
      <trkpt lat="57.696201" lon="11.956847">
        <ele>19.6</ele>
      </trkpt>
      <trkpt lat="57.696208" lon="11.956881">
        <ele>19.5</ele>
      </trkpt>
      <trkpt lat="57.696158" lon="11.956918">
        <ele>19.5</ele>
      </trkpt>
      <trkpt lat="57.696172" lon="11.956975">
        <ele>19.3</ele>
      </trkpt>
      <trkpt lat="57.696169" lon="11.95704">
        <ele>19.1</ele>
      </trkpt>
      <trkpt lat="57.696158" lon="11.957181">
        <ele>18.8</ele>
      </trkpt>
      <trkpt lat="57.696143" lon="11.957338">
        <ele>18.4</ele>
      </trkpt>
      <trkpt lat="57.696193" lon="11.957367">
        <ele>18.1</ele>
      </trkpt>
      <trkpt lat="57.69623" lon="11.957387">
        <ele>17.9</ele>
      </trkpt>
      <trkpt lat="57.696255" lon="11.957456">
        <ele>17.6</ele>
      </trkpt>
      <trkpt lat="57.696569" lon="11.957603">
        <ele>16.1</ele>
      </trkpt>
      <trkpt lat="57.696882" lon="11.957751">
        <ele>14.1</ele>
      </trkpt>
      <trkpt lat="57.697196" lon="11.957898">
        <ele>11.8</ele>
      </trkpt>
      <trkpt lat="57.697216" lon="11.957907">
        <ele>11.7</ele>
      </trkpt>
      <trkpt lat="57.697239" lon="11.957917">
        <ele>11.5</ele>
      </trkpt>
      <trkpt lat="57.697621" lon="11.958081">
        <ele>10.0</ele>
      </trkpt>
      <trkpt lat="57.697698" lon="11.958114">
        <ele>10.0</ele>
        <name>57.697699,11.958105</name>
        <extensions>
          <oa:Extension>
            <oa:mapZoom>17</oa:mapZoom>
          </oa:Extension>
        </extensions>
      </trkpt>
      <trkpt lat="57.698003" lon="11.958245">
        <ele>10.4</ele>
      </trkpt>
      <trkpt lat="57.698385" lon="11.958409">
        <ele>11.1</ele>
      </trkpt>
      <trkpt lat="57.698384" lon="11.95844">
        <ele>11.1</ele>
      </trkpt>
      <trkpt lat="57.698382" lon="11.95847">
        <ele>11.1</ele>
      </trkpt>
      <trkpt lat="57.698358" lon="11.959032">
        <ele>10.9</ele>
      </trkpt>
      <trkpt lat="57.698334" lon="11.959594">
        <ele>11.5</ele>
      </trkpt>
      <trkpt lat="57.698333" lon="11.959624">
        <ele>11.5</ele>
      </trkpt>
      <trkpt lat="57.698331" lon="11.959678">
        <ele>11.6</ele>
      </trkpt>
      <trkpt lat="57.698313" lon="11.960159">
        <ele>12.2</ele>
      </trkpt>
      <trkpt lat="57.698306" lon="11.960364">
        <ele>12.5</ele>
        <name>57.698311,11.960365</name>
        <extensions>
          <oa:Extension>
            <oa:mapZoom>17</oa:mapZoom>
          </oa:Extension>
        </extensions>
      </trkpt>
      <trkpt lat="57.698296" lon="11.96064">
        <ele>12.8</ele>
      </trkpt>
      <trkpt lat="57.698292" lon="11.960723">
        <ele>12.9</ele>
      </trkpt>
      <trkpt lat="57.698291" lon="11.960776">
        <ele>13.0</ele>
      </trkpt>
      <trkpt lat="57.698289" lon="11.960824">
        <ele>13.1</ele>
      </trkpt>
      <trkpt lat="57.698278" lon="11.960886">
        <ele>13.2</ele>
      </trkpt>
      <trkpt lat="57.698272" lon="11.960912">
        <ele>13.3</ele>
      </trkpt>
      <trkpt lat="57.69826" lon="11.960967">
        <ele>13.4</ele>
      </trkpt>
      <trkpt lat="57.69826" lon="11.961111">
        <ele>13.7</ele>
      </trkpt>
      <trkpt lat="57.698289" lon="11.961267">
        <ele>14.1</ele>
      </trkpt>
      <trkpt lat="57.698402" lon="11.961314">
        <ele>14.0</ele>
      </trkpt>
      <trkpt lat="57.698494" lon="11.961344">
        <ele>14.1</ele>
      </trkpt>
      <trkpt lat="57.698629" lon="11.961357">
        <ele>14.3</ele>
      </trkpt>
      <trkpt lat="57.698912" lon="11.961391">
        <ele>14.8</ele>
      </trkpt>
      <trkpt lat="57.699048" lon="11.961468">
        <ele>15.0</ele>
      </trkpt>
      <trkpt lat="57.699133" lon="11.961802">
        <ele>15.1</ele>
        <name>57.699144,11.961792</name>
        <extensions>
          <oa:Extension>
            <oa:mapZoom>17</oa:mapZoom>
          </oa:Extension>
        </extensions>
      </trkpt>
      <trkpt lat="57.69916" lon="11.961908">
        <ele>15.2</ele>
      </trkpt>
      <trkpt lat="57.699209" lon="11.962269">
        <ele>14.8</ele>
      </trkpt>
      <trkpt lat="57.699422" lon="11.962305">
        <ele>13.3</ele>
      </trkpt>
      <trkpt lat="57.699446" lon="11.962294">
        <ele>13.2</ele>
      </trkpt>
      <trkpt lat="57.699426" lon="11.962921">
        <ele>13.5</ele>
      </trkpt>
      <trkpt lat="57.699423" lon="11.963065">
        <ele>13.6</ele>
      </trkpt>
      <trkpt lat="57.699437" lon="11.963177">
        <ele>13.6</ele>
      </trkpt>
      <trkpt lat="57.699545" lon="11.963799">
        <ele>13.6</ele>
      </trkpt>
      <trkpt lat="57.699652" lon="11.96442">
        <ele>13.2</ele>
      </trkpt>
      <trkpt lat="57.699671" lon="11.964407">
        <ele>13.1</ele>
      </trkpt>
      <trkpt lat="57.699681" lon="11.964398">
        <ele>13.0</ele>
      </trkpt>
      <trkpt lat="57.699706" lon="11.964373">
        <ele>12.8</ele>
      </trkpt>
      <trkpt lat="57.699736" lon="11.964346">
        <ele>12.6</ele>
      </trkpt>
      <trkpt lat="57.699765" lon="11.964345">
        <ele>12.4</ele>
      </trkpt>
      <trkpt lat="57.699826" lon="11.964404">
        <ele>12.0</ele>
      </trkpt>
      <trkpt lat="57.69988" lon="11.964439">
        <ele>11.7</ele>
      </trkpt>
      <trkpt lat="57.699932" lon="11.964445">
        <ele>11.4</ele>
      </trkpt>
      <trkpt lat="57.699992" lon="11.964408">
        <ele>11.0</ele>
      </trkpt>
      <trkpt lat="57.700064" lon="11.964347">
        <ele>10.6</ele>
      </trkpt>
      <trkpt lat="57.700084" lon="11.964304">
        <ele>10.5</ele>
      </trkpt>
      <trkpt lat="57.700088" lon="11.964249">
        <ele>10.5</ele>
      </trkpt>
      <trkpt lat="57.700101" lon="11.964218">
        <ele>10.4</ele>
      </trkpt>
      <trkpt lat="57.700176" lon="11.964181">
        <ele>10.0</ele>
      </trkpt>
      <trkpt lat="57.700261" lon="11.964145">
        <ele>9.5</ele>
      </trkpt>
      <trkpt lat="57.700272" lon="11.964184">
        <ele>9.4</ele>
      </trkpt>
      <trkpt lat="57.700298" lon="11.964213">
        <ele>9.3</ele>
      </trkpt>
      <trkpt lat="57.700335" lon="11.964199">
        <ele>9.0</ele>
      </trkpt>
      <trkpt lat="57.70073" lon="11.963978">
        <ele>7.0</ele>
      </trkpt>
      <trkpt lat="57.700794" lon="11.963949">
        <ele>6.8</ele>
      </trkpt>
      <trkpt lat="57.701056" lon="11.963799">
        <ele>6.7</ele>
      </trkpt>
      <trkpt lat="57.701067" lon="11.963792">
        <ele>6.7</ele>
      </trkpt>
      <trkpt lat="57.701072" lon="11.963825">
        <ele>6.8</ele>
      </trkpt>
      <trkpt lat="57.701077" lon="11.963856">
        <ele>6.8</ele>
      </trkpt>
      <trkpt lat="57.701148" lon="11.963801">
        <ele>7.0</ele>
      </trkpt>
      <trkpt lat="57.701465" lon="11.963616">
        <ele>8.2</ele>
        <name>57.701463,11.963605</name>
        <extensions>
          <oa:Extension>
            <oa:mapZoom>17</oa:mapZoom>
          </oa:Extension>
        </extensions>
      </trkpt>
      <trkpt lat="57.701511" lon="11.96359">
        <ele>8.3</ele>
      </trkpt>
      <trkpt lat="57.701873" lon="11.963378">
        <ele>9.5</ele>
      </trkpt>
      <trkpt lat="57.702235" lon="11.963222">
        <ele>10.7</ele>
      </trkpt>
      <trkpt lat="57.702226" lon="11.963258">
        <ele>10.6</ele>
      </trkpt>
      <trkpt lat="57.702207" lon="11.963334">
        <ele>10.3</ele>
      </trkpt>
      <trkpt lat="57.702205" lon="11.963519">
        <ele>10.0</ele>
      </trkpt>
      <trkpt lat="57.702232" lon="11.963524">
        <ele>10.1</ele>
      </trkpt>
      <trkpt lat="57.702327" lon="11.963599">
        <ele>10.2</ele>
      </trkpt>
      <trkpt lat="57.702405" lon="11.963726">
        <ele>10.2</ele>
      </trkpt>
      <trkpt lat="57.702459" lon="11.963892">
        <ele>10.2</ele>
      </trkpt>
      <trkpt lat="57.702482" lon="11.96408">
        <ele>10.1</ele>
      </trkpt>
      <trkpt lat="57.702473" lon="11.964273">
        <ele>9.8</ele>
      </trkpt>
      <trkpt lat="57.702469" lon="11.964294">
        <ele>9.8</ele>
      </trkpt>
      <trkpt lat="57.702593" lon="11.964365">
        <ele>10.0</ele>
      </trkpt>
      <trkpt lat="57.702622" lon="11.96438">
        <ele>10.1</ele>
      </trkpt>
      <trkpt lat="57.702672" lon="11.964344">
        <ele>10.3</ele>
      </trkpt>
      <trkpt lat="57.702709" lon="11.964321">
        <ele>10.5</ele>
      </trkpt>
      <trkpt lat="57.70272" lon="11.96431">
        <ele>10.5</ele>
      </trkpt>
      <trkpt lat="57.702754" lon="11.964287">
        <ele>10.7</ele>
      </trkpt>
      <trkpt lat="57.702791" lon="11.96426">
        <ele>10.8</ele>
      </trkpt>
      <trkpt lat="57.702808" lon="11.964317">
        <ele>10.9</ele>
      </trkpt>
      <trkpt lat="57.702817" lon="11.964347">
        <ele>10.9</ele>
      </trkpt>
      <trkpt lat="57.702841" lon="11.964426">
        <ele>11.0</ele>
      </trkpt>
      <trkpt lat="57.702856" lon="11.964476">
        <ele>11.0</ele>
      </trkpt>
      <trkpt lat="57.702879" lon="11.964553">
        <ele>11.1</ele>
      </trkpt>
      <trkpt lat="57.702907" lon="11.964647">
        <ele>11.3</ele>
      </trkpt>
      <trkpt lat="57.703047" lon="11.964568">
        <ele>12.1</ele>
      </trkpt>
      <trkpt lat="57.703295" lon="11.964434">
        <ele>13.1</ele>
      </trkpt>
      <trkpt lat="57.703543" lon="11.964299">
        <ele>13.9</ele>
      </trkpt>
      <trkpt lat="57.703801" lon="11.964169">
        <ele>14.9</ele>
      </trkpt>
      <trkpt lat="57.70406" lon="11.964039">
        <ele>15.7</ele>
      </trkpt>
      <trkpt lat="57.704124" lon="11.964077">
        <ele>15.9</ele>
      </trkpt>
      <trkpt lat="57.704325" lon="11.964279">
        <ele>16.2</ele>
      </trkpt>
      <trkpt lat="57.704435" lon="11.964412">
        <ele>16.2</ele>
      </trkpt>
      <trkpt lat="57.704441" lon="11.964581">
        <ele>16.0</ele>
      </trkpt>
      <trkpt lat="57.704408" lon="11.964697">
        <ele>16.0</ele>
        <name>57.704419,11.964708</name>
        <extensions>
          <oa:Extension>
            <oa:mapZoom>17</oa:mapZoom>
          </oa:Extension>
        </extensions>
      </trkpt>
      <trkpt lat="57.704358" lon="11.964871">
        <ele>15.9</ele>
      </trkpt>
      <trkpt lat="57.704363" lon="11.965092">
        <ele>15.7</ele>
      </trkpt>
      <trkpt lat="57.704328" lon="11.965341">
        <ele>15.5</ele>
      </trkpt>
      <trkpt lat="57.704355" lon="11.96548">
        <ele>15.3</ele>
      </trkpt>
      <trkpt lat="57.704392" lon="11.96558">
        <ele>15.2</ele>
      </trkpt>
      <trkpt lat="57.704453" lon="11.965834">
        <ele>14.8</ele>
      </trkpt>
      <trkpt lat="57.704526" lon="11.965917">
        <ele>14.7</ele>
      </trkpt>
      <trkpt lat="57.704501" lon="11.966063">
        <ele>14.6</ele>
        <name>57.704496,11.966060</name>
        <extensions>
          <oa:Extension>
            <oa:mapZoom>17</oa:mapZoom>
          </oa:Extension>
        </extensions>
      </trkpt>
      <trkpt lat="57.704482" lon="11.966172">
        <ele>14.5</ele>
      </trkpt>
      <trkpt lat="57.704467" lon="11.966254">
        <ele>14.5</ele>
      </trkpt>
      <trkpt lat="57.704424" lon="11.966425">
        <ele>14.3</ele>
      </trkpt>
      <trkpt lat="57.70449" lon="11.966857">
        <ele>14.2</ele>
      </trkpt>
      <trkpt lat="57.704556" lon="11.967289">
        <ele>14.2</ele>
      </trkpt>
      <trkpt lat="57.704636" lon="11.967812">
        <ele>14.3</ele>
      </trkpt>
      <trkpt lat="57.704715" lon="11.968333">
        <ele>14.2</ele>
      </trkpt>
      <trkpt lat="57.704795" lon="11.968853">
        <ele>14.1</ele>
      </trkpt>
      <trkpt lat="57.704545" lon="11.968986">
        <ele>14.0</ele>
      </trkpt>
      <trkpt lat="57.704296" lon="11.969118">
        <ele>13.5</ele>
      </trkpt>
      <trkpt lat="57.704112" lon="11.969151">
        <ele>12.8</ele>
      </trkpt>
      <trkpt lat="57.704063" lon="11.969232">
        <ele>12.4</ele>
      </trkpt>
      <trkpt lat="57.703746" lon="11.969758">
        <ele>8.7</ele>
      </trkpt>
      <trkpt lat="57.703692" lon="11.970008">
        <ele>7.8</ele>
      </trkpt>
      <trkpt lat="57.703693" lon="11.970044">
        <ele>7.8</ele>
      </trkpt>
      <trkpt lat="57.703694" lon="11.970088">
        <ele>7.7</ele>
      </trkpt>
      <trkpt lat="57.70372" lon="11.970138">
        <ele>7.9</ele>
      </trkpt>
      <trkpt lat="57.703736" lon="11.970178">
        <ele>8.0</ele>
      </trkpt>
      <trkpt lat="57.703763" lon="11.970246">
        <ele>8.2</ele>
      </trkpt>
      <trkpt lat="57.703777" lon="11.970311">
        <ele>8.4</ele>
      </trkpt>
      <trkpt lat="57.703741" lon="11.970347">
        <ele>8.1</ele>
      </trkpt>
      <trkpt lat="57.70371" lon="11.970385">
        <ele>7.9</ele>
      </trkpt>
      <trkpt lat="57.703538" lon="11.97063">
        <ele>6.9</ele>
      </trkpt>
      <trkpt lat="57.70351" lon="11.970667">
        <ele>6.7</ele>
      </trkpt>
      <trkpt lat="57.703482" lon="11.970733">
        <ele>6.6</ele>
      </trkpt>
      <trkpt lat="57.703471" lon="11.970776">
        <ele>6.5</ele>
      </trkpt>
      <trkpt lat="57.703482" lon="11.97083">
        <ele>6.6</ele>
      </trkpt>
      <trkpt lat="57.703525" lon="11.970975">
        <ele>6.7</ele>
      </trkpt>
      <trkpt lat="57.703534" lon="11.971019">
        <ele>6.7</ele>
        <name>57.703559,11.971001</name>
        <extensions>
          <oa:Extension>
            <oa:mapZoom>17</oa:mapZoom>
          </oa:Extension>
        </extensions>
      </trkpt>
      <trkpt lat="57.703552" lon="11.971106">
        <ele>6.7</ele>
      </trkpt>
      <trkpt lat="57.703571" lon="11.971251">
        <ele>6.6</ele>
      </trkpt>
      <trkpt lat="57.703579" lon="11.971463">
        <ele>6.3</ele>
      </trkpt>
      <trkpt lat="57.703581" lon="11.971603">
        <ele>6.2</ele>
      </trkpt>
      <trkpt lat="57.703572" lon="11.971734">
        <ele>6.1</ele>
      </trkpt>
      <trkpt lat="57.703552" lon="11.97186">
        <ele>6.1</ele>
      </trkpt>
      <trkpt lat="57.703505" lon="11.972053">
        <ele>6.0</ele>
      </trkpt>
      <trkpt lat="57.703461" lon="11.972183">
        <ele>6.0</ele>
      </trkpt>
      <trkpt lat="57.703367" lon="11.972372">
        <ele>5.9</ele>
      </trkpt>
      <trkpt lat="57.703224" lon="11.972663">
        <ele>6.0</ele>
      </trkpt>
      <trkpt lat="57.703242" lon="11.972695">
        <ele>6.1</ele>
      </trkpt>
      <trkpt lat="57.703328" lon="11.972857">
        <ele>6.5</ele>
      </trkpt>
      <trkpt lat="57.703379" lon="11.972996">
        <ele>6.8</ele>
      </trkpt>
      <trkpt lat="57.70333" lon="11.973088">
        <ele>6.8</ele>
      </trkpt>
      <trkpt lat="57.703309" lon="11.97317">
        <ele>6.8</ele>
      </trkpt>
      <trkpt lat="57.703303" lon="11.973277">
        <ele>6.9</ele>
      </trkpt>
      <trkpt lat="57.703321" lon="11.973422">
        <ele>7.0</ele>
      </trkpt>
      <trkpt lat="57.703378" lon="11.973586">
        <ele>7.1</ele>
      </trkpt>
      <trkpt lat="57.703541" lon="11.97395">
        <ele>7.4</ele>
      </trkpt>
      <trkpt lat="57.7037" lon="11.974296">
        <ele>7.7</ele>
      </trkpt>
      <trkpt lat="57.703815" lon="11.974502">
        <ele>7.8</ele>
      </trkpt>
      <trkpt lat="57.703842" lon="11.974549">
        <ele>7.8</ele>
      </trkpt>
      <trkpt lat="57.703918" lon="11.974648">
        <ele>7.9</ele>
      </trkpt>
      <trkpt lat="57.704003" lon="11.974751">
        <ele>7.9</ele>
      </trkpt>
      <trkpt lat="57.704093" lon="11.974817">
        <ele>8.0</ele>
      </trkpt>
      <trkpt lat="57.704231" lon="11.974891">
        <ele>8.2</ele>
      </trkpt>
      <trkpt lat="57.704248" lon="11.974896">
        <ele>8.2</ele>
      </trkpt>
      <trkpt lat="57.704408" lon="11.974945">
        <ele>8.6</ele>
      </trkpt>
      <trkpt lat="57.704548" lon="11.974956">
        <ele>9.0</ele>
      </trkpt>
      <trkpt lat="57.704627" lon="11.975007">
        <ele>9.2</ele>
      </trkpt>
      <trkpt lat="57.704691" lon="11.975049">
        <ele>9.3</ele>
      </trkpt>
      <trkpt lat="57.704682" lon="11.975162">
        <ele>9.2</ele>
      </trkpt>
      <trkpt lat="57.70469" lon="11.975262">
        <ele>9.2</ele>
      </trkpt>
      <trkpt lat="57.704706" lon="11.975321">
        <ele>9.2</ele>
        <name>57.704733,11.975295</name>
        <extensions>
          <oa:Extension>
            <oa:mapZoom>17</oa:mapZoom>
          </oa:Extension>
        </extensions>
      </trkpt>
      <trkpt lat="57.704718" lon="11.975367">
        <ele>9.2</ele>
      </trkpt>
      <trkpt lat="57.704763" lon="11.975448">
        <ele>9.2</ele>
      </trkpt>
      <trkpt lat="57.704819" lon="11.975498">
        <ele>9.3</ele>
      </trkpt>
      <trkpt lat="57.704853" lon="11.975509">
        <ele>9.3</ele>
      </trkpt>
      <trkpt lat="57.704918" lon="11.975499">
        <ele>9.4</ele>
      </trkpt>
      <trkpt lat="57.704916" lon="11.975628">
        <ele>9.3</ele>
      </trkpt>
      <trkpt lat="57.704851" lon="11.975945">
        <ele>8.7</ele>
      </trkpt>
      <trkpt lat="57.704739" lon="11.976306">
        <ele>7.8</ele>
      </trkpt>
      <trkpt lat="57.704687" lon="11.976382">
        <ele>7.6</ele>
      </trkpt>
      <trkpt lat="57.704547" lon="11.976511">
        <ele>7.3</ele>
      </trkpt>
      <trkpt lat="57.704556" lon="11.976625">
        <ele>7.2</ele>
      </trkpt>
      <trkpt lat="57.704541" lon="11.976717">
        <ele>7.2</ele>
      </trkpt>
      <trkpt lat="57.70459" lon="11.976792">
        <ele>7.2</ele>
      </trkpt>
      <trkpt lat="57.704724" lon="11.976899">
        <ele>7.2</ele>
      </trkpt>
      <trkpt lat="57.70502" lon="11.977175">
        <ele>6.9</ele>
      </trkpt>
      <trkpt lat="57.705207" lon="11.97733">
        <ele>6.6</ele>
      </trkpt>
      <trkpt lat="57.705363" lon="11.977461">
        <ele>6.1</ele>
      </trkpt>
      <trkpt lat="57.705394" lon="11.977497">
        <ele>6.0</ele>
      </trkpt>
      <trkpt lat="57.705513" lon="11.977591">
        <ele>5.6</ele>
      </trkpt>
      <trkpt lat="57.70562" lon="11.977661">
        <ele>5.3</ele>
      </trkpt>
      <trkpt lat="57.70573" lon="11.97767">
        <ele>5.1</ele>
      </trkpt>
      <trkpt lat="57.70606" lon="11.977651">
        <ele>5.0</ele>
      </trkpt>
      <trkpt lat="57.706086" lon="11.977649">
        <ele>5.0</ele>
        <name>57.706086,11.977632</name>
        <extensions>
          <oa:Extension>
            <oa:mapZoom>17</oa:mapZoom>
          </oa:Extension>
        </extensions>
      </trkpt>
      <trkpt lat="57.706391" lon="11.977632">
        <ele>5.1</ele>
      </trkpt>
      <trkpt lat="57.706699" lon="11.977627">
        <ele>5.3</ele>
      </trkpt>
      <trkpt lat="57.707007" lon="11.977622">
        <ele>5.0</ele>
      </trkpt>
      <trkpt lat="57.707043" lon="11.97762">
        <ele>5.0</ele>
      </trkpt>
      <trkpt lat="57.707044" lon="11.977691">
        <ele>5.2</ele>
      </trkpt>
      <trkpt lat="57.707044" lon="11.977781">
        <ele>5.4</ele>
      </trkpt>
      <trkpt lat="57.707044" lon="11.977943">
        <ele>5.9</ele>
      </trkpt>
      <trkpt lat="57.707044" lon="11.9784">
        <ele>6.9</ele>
      </trkpt>
      <trkpt lat="57.707043" lon="11.97848">
        <ele>7.0</ele>
      </trkpt>
      <trkpt lat="57.707044" lon="11.978608">
        <ele>7.1</ele>
      </trkpt>
      <trkpt lat="57.707043" lon="11.978694">
        <ele>7.1</ele>
      </trkpt>
      <trkpt lat="57.707042" lon="11.978776">
        <ele>7.2</ele>
      </trkpt>
      <trkpt lat="57.707047" lon="11.978841">
        <ele>7.2</ele>
      </trkpt>
      <trkpt lat="57.707065" lon="11.979154">
        <ele>7.3</ele>
      </trkpt>
      <trkpt lat="57.707072" lon="11.979787">
        <ele>7.7</ele>
      </trkpt>
      <trkpt lat="57.707079" lon="11.98042">
        <ele>7.9</ele>
      </trkpt>
      <trkpt lat="57.707084" lon="11.980923">
        <ele>7.6</ele>
        <name>57.707079,11.980923</name>
        <extensions>
          <oa:Extension>
            <oa:mapZoom>17</oa:mapZoom>
          </oa:Extension>
        </extensions>
      </trkpt>
      <trkpt lat="57.707085" lon="11.981054">
        <ele>7.6</ele>
      </trkpt>
      <trkpt lat="57.707087" lon="11.981878">
        <ele>6.5</ele>
      </trkpt>
      <trkpt lat="57.707089" lon="11.982702">
        <ele>5.9</ele>
      </trkpt>
      <trkpt lat="57.707036" lon="11.983128">
        <ele>5.1</ele>
      </trkpt>
      <trkpt lat="57.706983" lon="11.983554">
        <ele>4.9</ele>
      </trkpt>
      <trkpt lat="57.706971" lon="11.984018">
        <ele>5.2</ele>
      </trkpt>
      <trkpt lat="57.706963" lon="11.984124">
        <ele>5.3</ele>
      </trkpt>
      <trkpt lat="57.706922" lon="11.984265">
        <ele>5.3</ele>
      </trkpt>
      <trkpt lat="57.706923" lon="11.984397">
        <ele>5.3</ele>
      </trkpt>
      <trkpt lat="57.706923" lon="11.984464">
        <ele>5.4</ele>
      </trkpt>
      <trkpt lat="57.706923" lon="11.98454">
        <ele>5.4</ele>
      </trkpt>
      <trkpt lat="57.707075" lon="11.984531">
        <ele>6.0</ele>
      </trkpt>
      <trkpt lat="57.707164" lon="11.984526">
        <ele>6.3</ele>
      </trkpt>
      <trkpt lat="57.70725" lon="11.98452">
        <ele>6.6</ele>
      </trkpt>
      <trkpt lat="57.707331" lon="11.984519">
        <ele>6.9</ele>
      </trkpt>
      <trkpt lat="57.707361" lon="11.984546">
        <ele>7.1</ele>
      </trkpt>
      <trkpt lat="57.70739" lon="11.984569">
        <ele>7.2</ele>
      </trkpt>
      <trkpt lat="57.707424" lon="11.984581">
        <ele>7.4</ele>
      </trkpt>
      <trkpt lat="57.707544" lon="11.984581">
        <ele>7.7</ele>
      </trkpt>
      <trkpt lat="57.707595" lon="11.984548">
        <ele>7.7</ele>
      </trkpt>
      <trkpt lat="57.707617" lon="11.984548">
        <ele>7.8</ele>
      </trkpt>
      <trkpt lat="57.707646" lon="11.984548">
        <ele>7.8</ele>
      </trkpt>
      <trkpt lat="57.707646" lon="11.984665">
        <ele>7.9</ele>
      </trkpt>
      <trkpt lat="57.707646" lon="11.984983">
        <ele>8.1</ele>
      </trkpt>
      <trkpt lat="57.707645" lon="11.985135">
        <ele>8.2</ele>
      </trkpt>
      <trkpt lat="57.707645" lon="11.985175">
        <ele>8.2</ele>
      </trkpt>
      <trkpt lat="57.707645" lon="11.985199">
        <ele>8.2</ele>
      </trkpt>
      <trkpt lat="57.70765" lon="11.985313">
        <ele>8.3</ele>
      </trkpt>
      <trkpt lat="57.707662" lon="11.985436">
        <ele>8.3</ele>
      </trkpt>
      <trkpt lat="57.707685" lon="11.985554">
        <ele>8.4</ele>
      </trkpt>
      <trkpt lat="57.707694" lon="11.985582">
        <ele>8.4</ele>
      </trkpt>
      <trkpt lat="57.70772" lon="11.98566">
        <ele>8.4</ele>
      </trkpt>
      <trkpt lat="57.707745" lon="11.985719">
        <ele>8.4</ele>
      </trkpt>
      <trkpt lat="57.707779" lon="11.98578">
        <ele>8.4</ele>
      </trkpt>
      <trkpt lat="57.70782" lon="11.985843">
        <ele>8.4</ele>
      </trkpt>
      <trkpt lat="57.708199" lon="11.986255">
        <ele>9.2</ele>
      </trkpt>
      <trkpt lat="57.708544" lon="11.98663">
        <ele>11.3</ele>
        <name>57.708546,11.986625</name>
        <extensions>
          <oa:Extension>
            <oa:mapZoom>17</oa:mapZoom>
          </oa:Extension>
        </extensions>
      </trkpt>
      <trkpt lat="57.708579" lon="11.986668">
        <ele>11.5</ele>
      </trkpt>
      <trkpt lat="57.708691" lon="11.986743">
        <ele>12.3</ele>
      </trkpt>
      <trkpt lat="57.708768" lon="11.986827">
        <ele>12.9</ele>
      </trkpt>
      <trkpt lat="57.709141" lon="11.98724">
        <ele>14.4</ele>
      </trkpt>
      <trkpt lat="57.709335" lon="11.987453">
        <ele>14.5</ele>
        <name>57.709331,11.987464</name>
        <extensions>
          <oa:Extension>
            <oa:mapZoom>17</oa:mapZoom>
          </oa:Extension>
        </extensions>
      </trkpt>
      <trkpt lat="57.709515" lon="11.987653">
        <ele>14.5</ele>
      </trkpt>
      <trkpt lat="57.709889" lon="11.988066">
        <ele>13.7</ele>
      </trkpt>
      <trkpt lat="57.710263" lon="11.988479">
        <ele>11.8</ele>
      </trkpt>
      <trkpt lat="57.710636" lon="11.988892">
        <ele>9.7</ele>
      </trkpt>
      <trkpt lat="57.710719" lon="11.988979">
        <ele>9.3</ele>
      </trkpt>
      <trkpt lat="57.710821" lon="11.989004">
        <ele>9.1</ele>
      </trkpt>
      <trkpt lat="57.710938" lon="11.988626">
        <ele>8.9</ele>
      </trkpt>
      <trkpt lat="57.711055" lon="11.988248">
        <ele>8.0</ele>
      </trkpt>
      <trkpt lat="57.711099" lon="11.988129">
        <ele>7.5</ele>
      </trkpt>
      <trkpt lat="57.711144" lon="11.988018">
        <ele>7.1</ele>
      </trkpt>
      <trkpt lat="57.711348" lon="11.988443">
        <ele>7.4</ele>
        <name>57.711363,11.988419</name>
        <extensions>
          <oa:Extension>
            <oa:mapZoom>17</oa:mapZoom>
          </oa:Extension>
        </extensions>
      </trkpt>
      <trkpt lat="57.711431" lon="11.988615">
        <ele>7.5</ele>
      </trkpt>
      <trkpt lat="57.711717" lon="11.989212">
        <ele>7.9</ele>
      </trkpt>
      <trkpt lat="57.711896" lon="11.989586">
        <ele>8.0</ele>
      </trkpt>
      <trkpt lat="57.712076" lon="11.98996">
        <ele>7.7</ele>
      </trkpt>
      <trkpt lat="57.712135" lon="11.990084">
        <ele>7.5</ele>
      </trkpt>
      <trkpt lat="57.712184" lon="11.990187">
        <ele>7.4</ele>
      </trkpt>
      <trkpt lat="57.712233" lon="11.990325">
        <ele>7.5</ele>
      </trkpt>
      <trkpt lat="57.712264" lon="11.990394">
        <ele>7.5</ele>
      </trkpt>
      <trkpt lat="57.712313" lon="11.990486">
        <ele>7.5</ele>
      </trkpt>
      <trkpt lat="57.712359" lon="11.990558">
        <ele>7.5</ele>
      </trkpt>
      <trkpt lat="57.712337" lon="11.990686">
        <ele>8.1</ele>
      </trkpt>
      <trkpt lat="57.712329" lon="11.990737">
        <ele>8.3</ele>
      </trkpt>
      <trkpt lat="57.712315" lon="11.990819">
        <ele>8.6</ele>
      </trkpt>
      <trkpt lat="57.71239" lon="11.990892">
        <ele>8.6</ele>
      </trkpt>
      <trkpt lat="57.712432" lon="11.990931">
        <ele>8.6</ele>
      </trkpt>
      <trkpt lat="57.712474" lon="11.990896">
        <ele>8.3</ele>
      </trkpt>
      <trkpt lat="57.712526" lon="11.990884">
        <ele>8.1</ele>
      </trkpt>
      <trkpt lat="57.712601" lon="11.990913">
        <ele>8.0</ele>
      </trkpt>
      <trkpt lat="57.712919" lon="11.991344">
        <ele>7.9</ele>
      </trkpt>
      <trkpt lat="57.712963" lon="11.991416">
        <ele>7.8</ele>
      </trkpt>
      <trkpt lat="57.713114" lon="11.991605">
        <ele>7.1</ele>
      </trkpt>
      <trkpt lat="57.713267" lon="11.991814">
        <ele>6.3</ele>
      </trkpt>
      <trkpt lat="57.713339" lon="11.991906">
        <ele>6.0</ele>
      </trkpt>
      <trkpt lat="57.713368" lon="11.991945">
        <ele>5.9</ele>
      </trkpt>
      <trkpt lat="57.713397" lon="11.991983">
        <ele>5.8</ele>
      </trkpt>
      <trkpt lat="57.713425" lon="11.992039">
        <ele>5.7</ele>
      </trkpt>
      <trkpt lat="57.713447" lon="11.992099">
        <ele>5.7</ele>
      </trkpt>
      <trkpt lat="57.71346" lon="11.992151">
        <ele>5.6</ele>
      </trkpt>
      <trkpt lat="57.713471" lon="11.992218">
        <ele>5.6</ele>
      </trkpt>
      <trkpt lat="57.713481" lon="11.992314">
        <ele>5.6</ele>
      </trkpt>
      <trkpt lat="57.713483" lon="11.992392">
        <ele>5.6</ele>
      </trkpt>
      <trkpt lat="57.713505" lon="11.99266">
        <ele>5.8</ele>
      </trkpt>
      <trkpt lat="57.713517" lon="11.992804">
        <ele>5.9</ele>
      </trkpt>
      <trkpt lat="57.713598" lon="11.993379">
        <ele>6.2</ele>
      </trkpt>
      <trkpt lat="57.713575" lon="11.993461">
        <ele>6.2</ele>
      </trkpt>
      <trkpt lat="57.713617" lon="11.993488">
        <ele>6.0</ele>
      </trkpt>
      <trkpt lat="57.713666" lon="11.993509">
        <ele>5.8</ele>
      </trkpt>
      <trkpt lat="57.713803" lon="11.993687">
        <ele>5.0</ele>
      </trkpt>
      <trkpt lat="57.713814" lon="11.99371">
        <ele>4.9</ele>
      </trkpt>
      <trkpt lat="57.713824" lon="11.993738">
        <ele>4.8</ele>
      </trkpt>
      <trkpt lat="57.713848" lon="11.993815">
        <ele>4.6</ele>
      </trkpt>
      <trkpt lat="57.713852" lon="11.993962">
        <ele>4.4</ele>
      </trkpt>
      <trkpt lat="57.713855" lon="11.994099">
        <ele>4.2</ele>
      </trkpt>
      <trkpt lat="57.713881" lon="11.99441">
        <ele>3.5</ele>
      </trkpt>
      <trkpt lat="57.713944" lon="11.994903">
        <ele>2.4</ele>
      </trkpt>
      <trkpt lat="57.713938" lon="11.995009">
        <ele>2.4</ele>
      </trkpt>
      <trkpt lat="57.713907" lon="11.995101">
        <ele>2.6</ele>
      </trkpt>
      <trkpt lat="57.71385" lon="11.995188">
        <ele>3.0</ele>
      </trkpt>
      <trkpt lat="57.713833" lon="11.99521">
        <ele>3.1</ele>
      </trkpt>
      <trkpt lat="57.713802" lon="11.995297">
        <ele>3.4</ele>
      </trkpt>
      <trkpt lat="57.713805" lon="11.995323">
        <ele>3.5</ele>
      </trkpt>
      <trkpt lat="57.71384" lon="11.995671">
        <ele>4.7</ele>
      </trkpt>
      <trkpt lat="57.713893" lon="11.995834">
        <ele>5.0</ele>
      </trkpt>
      <trkpt lat="57.713963" lon="11.995775">
        <ele>4.5</ele>
      </trkpt>
      <trkpt lat="57.713989" lon="11.995816">
        <ele>4.5</ele>
      </trkpt>
      <trkpt lat="57.714048" lon="11.995956">
        <ele>4.7</ele>
        <name>57.714055,11.995946</name>
        <extensions>
          <oa:Extension>
            <oa:mapZoom>17</oa:mapZoom>
          </oa:Extension>
        </extensions>
      </trkpt>
      <trkpt lat="57.71409" lon="11.996054">
        <ele>4.8</ele>
      </trkpt>
      <trkpt lat="57.714057" lon="11.996098">
        <ele>5.0</ele>
      </trkpt>
      <trkpt lat="57.714085" lon="11.996152">
        <ele>5.1</ele>
      </trkpt>
      <trkpt lat="57.714104" lon="11.996202">
        <ele>5.1</ele>
      </trkpt>
      <trkpt lat="57.714114" lon="11.996264">
        <ele>5.3</ele>
      </trkpt>
      <trkpt lat="57.714188" lon="11.99677">
        <ele>6.1</ele>
      </trkpt>
      <trkpt lat="57.714173" lon="11.996921">
        <ele>6.4</ele>
      </trkpt>
      <trkpt lat="57.714186" lon="11.997023">
        <ele>6.4</ele>
      </trkpt>
      <trkpt lat="57.714238" lon="11.997003">
        <ele>6.3</ele>
      </trkpt>
      <trkpt lat="57.714248" lon="11.997063">
        <ele>6.3</ele>
      </trkpt>
      <trkpt lat="57.714287" lon="11.997344">
        <ele>6.6</ele>
      </trkpt>
      <trkpt lat="57.714303" lon="11.99745">
        <ele>6.7</ele>
      </trkpt>
      <trkpt lat="57.714374" lon="11.997907">
        <ele>7.1</ele>
      </trkpt>
      <trkpt lat="57.714405" lon="11.998154">
        <ele>7.3</ele>
      </trkpt>
      <trkpt lat="57.714415" lon="11.998228">
        <ele>7.4</ele>
      </trkpt>
      <trkpt lat="57.714457" lon="11.998561">
        <ele>7.9</ele>
      </trkpt>
      <trkpt lat="57.714489" lon="11.998861">
        <ele>8.4</ele>
      </trkpt>
      <trkpt lat="57.714524" lon="11.999195">
        <ele>9.1</ele>
      </trkpt>
      <trkpt lat="57.714559" lon="11.999628">
        <ele>9.9</ele>
        <name>57.714507,11.999643</name>
        <extensions>
          <oa:Extension>
            <oa:mapZoom>17</oa:mapZoom>
          </oa:Extension>
        </extensions>
      </trkpt>
      <trkpt lat="57.714559" lon="11.999637">
        <ele>10.0</ele>
      </trkpt>
      <trkpt lat="57.714574" lon="11.999826">
        <ele>10.4</ele>
      </trkpt>
      <trkpt lat="57.714598" lon="12.000127">
        <ele>11.1</ele>
      </trkpt>
      <trkpt lat="57.714627" lon="12.000469">
        <ele>12.3</ele>
      </trkpt>
      <trkpt lat="57.714632" lon="12.00052">
        <ele>12.5</ele>
      </trkpt>
      <trkpt lat="57.714669" lon="12.000834">
        <ele>13.7</ele>
      </trkpt>
      <trkpt lat="57.714698" lon="12.00117">
        <ele>15.5</ele>
      </trkpt>
      <trkpt lat="57.71473" lon="12.001434">
        <ele>17.1</ele>
      </trkpt>
      <trkpt lat="57.714763" lon="12.001826">
        <ele>18.5</ele>
      </trkpt>
      <trkpt lat="57.714772" lon="12.001959">
        <ele>18.7</ele>
      </trkpt>
      <trkpt lat="57.714763" lon="12.002011">
        <ele>18.7</ele>
      </trkpt>
      <trkpt lat="57.714753" lon="12.002032">
        <ele>18.7</ele>
      </trkpt>
      <trkpt lat="57.714738" lon="12.002043">
        <ele>18.8</ele>
      </trkpt>
      <trkpt lat="57.714781" lon="12.002168">
        <ele>18.8</ele>
      </trkpt>
      <trkpt lat="57.714768" lon="12.002211">
        <ele>18.8</ele>
      </trkpt>
      <trkpt lat="57.714776" lon="12.002253">
        <ele>18.8</ele>
      </trkpt>
      <trkpt lat="57.714776" lon="12.002293">
        <ele>18.9</ele>
      </trkpt>
      <trkpt lat="57.714771" lon="12.002362">
        <ele>18.9</ele>
      </trkpt>
      <trkpt lat="57.714866" lon="12.002536">
        <ele>19.1</ele>
      </trkpt>
      <trkpt lat="57.714884" lon="12.002473">
        <ele>19.0</ele>
      </trkpt>
      <trkpt lat="57.714893" lon="12.002447">
        <ele>18.9</ele>
      </trkpt>
      <trkpt lat="57.714909" lon="12.002404">
        <ele>18.9</ele>
      </trkpt>
      <trkpt lat="57.714917" lon="12.002398">
        <ele>18.9</ele>
      </trkpt>
      <trkpt lat="57.714963" lon="12.002364">
        <ele>18.8</ele>
      </trkpt>
      <trkpt lat="57.715008" lon="12.002376">
        <ele>18.8</ele>
      </trkpt>
      <trkpt lat="57.715029" lon="12.002381">
        <ele>18.8</ele>
      </trkpt>
      <trkpt lat="57.715046" lon="12.002409">
        <ele>18.9</ele>
      </trkpt>
      <trkpt lat="57.715076" lon="12.002458">
        <ele>19.0</ele>
        <name>57.715072,12.002465</name>
        <extensions>
          <oa:Extension>
            <oa:mapZoom>17</oa:mapZoom>
          </oa:Extension>
        </extensions>
      </trkpt>
      <trkpt lat="57.715046" lon="12.002409">
        <ele>18.9</ele>
      </trkpt>
      <trkpt lat="57.715063" lon="12.002483">
        <ele>19.0</ele>
      </trkpt>
      <trkpt lat="57.715118" lon="12.002724">
        <ele>19.7</ele>
      </trkpt>
      <trkpt lat="57.715182" lon="12.002946">
        <ele>20.5</ele>
      </trkpt>
      <trkpt lat="57.715272" lon="12.003218">
        <ele>21.6</ele>
      </trkpt>
      <trkpt lat="57.715363" lon="12.003416">
        <ele>22.3</ele>
      </trkpt>
      <trkpt lat="57.715432" lon="12.003531">
        <ele>22.6</ele>
      </trkpt>
      <trkpt lat="57.715485" lon="12.00362">
        <ele>22.8</ele>
      </trkpt>
      <trkpt lat="57.715523" lon="12.003676">
        <ele>22.9</ele>
      </trkpt>
      <trkpt lat="57.71555" lon="12.003613">
        <ele>23.2</ele>
      </trkpt>
      <trkpt lat="57.715671" lon="12.003734">
        <ele>23.6</ele>
      </trkpt>
      <trkpt lat="57.715701" lon="12.003752">
        <ele>23.7</ele>
      </trkpt>
      <trkpt lat="57.715788" lon="12.003214">
        <ele>24.6</ele>
      </trkpt>
      <trkpt lat="57.715836" lon="12.003191">
        <ele>24.8</ele>
      </trkpt>
      <trkpt lat="57.716161" lon="12.003373">
        <ele>26.3</ele>
      </trkpt>
      <trkpt lat="57.716485" lon="12.003556">
        <ele>27.1</ele>
      </trkpt>
      <trkpt lat="57.716574" lon="12.003482">
        <ele>27.6</ele>
      </trkpt>
      <trkpt lat="57.716867" lon="12.003357">
        <ele>28.9</ele>
      </trkpt>
      <trkpt lat="57.716906" lon="12.003218">
        <ele>29.0</ele>
      </trkpt>
      <trkpt lat="57.716954" lon="12.002922">
        <ele>28.1</ele>
      </trkpt>
      <trkpt lat="57.716927" lon="12.002781">
        <ele>27.3</ele>
      </trkpt>
      <trkpt lat="57.716912" lon="12.002768">
        <ele>27.3</ele>
      </trkpt>
      <trkpt lat="57.716933" lon="12.002761">
        <ele>27.3</ele>
      </trkpt>
      <trkpt lat="57.717031" lon="12.002756">
        <ele>27.3</ele>
        <name>57.717031,12.002772</name>
        <extensions>
          <oa:Extension>
            <oa:mapZoom>17</oa:mapZoom>
          </oa:Extension>
        </extensions>
      </trkpt>
      <trkpt lat="57.717188" lon="12.002747">
        <ele>27.3</ele>
      </trkpt>
      <trkpt lat="57.717351" lon="12.002723">
        <ele>27.0</ele>
      </trkpt>
      <trkpt lat="57.717397" lon="12.002693">
        <ele>26.7</ele>
      </trkpt>
      <trkpt lat="57.71762" lon="12.00252">
        <ele>24.8</ele>
      </trkpt>
      <trkpt lat="57.717881" lon="12.002434">
        <ele>23.4</ele>
      </trkpt>
      <trkpt lat="57.718044" lon="12.00243">
        <ele>22.8</ele>
        <name>57.718044,12.002439</name>
        <extensions>
          <oa:Extension>
            <oa:mapZoom>17</oa:mapZoom>
          </oa:Extension>
        </extensions>
      </trkpt>
      <trkpt lat="57.718099" lon="12.002428">
        <ele>22.6</ele>
      </trkpt>
      <trkpt lat="57.718334" lon="12.002541">
        <ele>22.2</ele>
      </trkpt>
      <trkpt lat="57.71862" lon="12.00265">
        <ele>21.6</ele>
      </trkpt>
      <trkpt lat="57.718662" lon="12.002666">
        <ele>21.5</ele>
      </trkpt>
      <trkpt lat="57.718611" lon="12.003148">
        <ele>24.3</ele>
      </trkpt>
      <trkpt lat="57.718566" lon="12.003568">
        <ele>24.8</ele>
      </trkpt>
      <trkpt lat="57.718522" lon="12.003988">
        <ele>23.7</ele>
      </trkpt>
      <trkpt lat="57.718474" lon="12.004462">
        <ele>22.6</ele>
      </trkpt>
      <trkpt lat="57.718427" lon="12.004935">
        <ele>21.7</ele>
      </trkpt>
      <trkpt lat="57.718477" lon="12.00495">
        <ele>21.5</ele>
      </trkpt>
      <trkpt lat="57.718473" lon="12.004996">
        <ele>21.5</ele>
      </trkpt>
      <trkpt lat="57.71849" lon="12.005041">
        <ele>21.4</ele>
      </trkpt>
      <trkpt lat="57.718517" lon="12.005057">
        <ele>21.2</ele>
      </trkpt>
      <trkpt lat="57.718507" lon="12.005167">
        <ele>21.2</ele>
      </trkpt>
      <trkpt lat="57.718504" lon="12.005191">
        <ele>21.2</ele>
      </trkpt>
      <trkpt lat="57.718799" lon="12.005291">
        <ele>19.9</ele>
      </trkpt>
      <trkpt lat="57.719093" lon="12.005391">
        <ele>18.2</ele>
      </trkpt>
      <trkpt lat="57.719373" lon="12.005487">
        <ele>16.4</ele>
        <name>57.719377,12.005452</name>
        <extensions>
          <oa:Extension>
            <oa:mapZoom>17</oa:mapZoom>
          </oa:Extension>
        </extensions>
      </trkpt>
      <trkpt lat="57.719462" lon="12.005518">
        <ele>15.8</ele>
      </trkpt>
      <trkpt lat="57.719831" lon="12.005644">
        <ele>13.0</ele>
      </trkpt>
      <trkpt lat="57.719832" lon="12.005668">
        <ele>13.0</ele>
      </trkpt>
      <trkpt lat="57.719835" lon="12.005756">
        <ele>13.0</ele>
      </trkpt>
      <trkpt lat="57.719856" lon="12.005763">
        <ele>12.9</ele>
      </trkpt>
      <trkpt lat="57.719916" lon="12.005787">
        <ele>12.5</ele>
      </trkpt>
      <trkpt lat="57.719997" lon="12.005824">
        <ele>12.0</ele>
      </trkpt>
      <trkpt lat="57.720064" lon="12.005853">
        <ele>11.7</ele>
      </trkpt>
      <trkpt lat="57.720173" lon="12.005888">
        <ele>11.2</ele>
      </trkpt>
      <trkpt lat="57.720297" lon="12.005928">
        <ele>10.8</ele>
      </trkpt>
      <trkpt lat="57.720409" lon="12.005959">
        <ele>10.4</ele>
      </trkpt>
      <trkpt lat="57.720484" lon="12.005981">
        <ele>10.2</ele>
      </trkpt>
      <trkpt lat="57.720517" lon="12.005993">
        <ele>10.1</ele>
      </trkpt>
      <trkpt lat="57.720549" lon="12.006005">
        <ele>10.0</ele>
      </trkpt>
      <trkpt lat="57.720606" lon="12.006025">
        <ele>9.9</ele>
      </trkpt>
      <trkpt lat="57.720707" lon="12.006058">
        <ele>9.7</ele>
      </trkpt>
      <trkpt lat="57.720704" lon="12.006094">
        <ele>9.7</ele>
      </trkpt>
      <trkpt lat="57.720957" lon="12.006182">
        <ele>9.1</ele>
      </trkpt>
      <trkpt lat="57.72112" lon="12.006227">
        <ele>8.8</ele>
      </trkpt>
      <trkpt lat="57.721152" lon="12.006247">
        <ele>8.7</ele>
      </trkpt>
      <trkpt lat="57.721106" lon="12.006825">
        <ele>9.3</ele>
      </trkpt>
      <trkpt lat="57.721093" lon="12.006902">
        <ele>9.3</ele>
      </trkpt>
      <trkpt lat="57.721108" lon="12.007014">
        <ele>9.2</ele>
      </trkpt>
      <trkpt lat="57.721266" lon="12.007293">
        <ele>8.8</ele>
      </trkpt>
      <trkpt lat="57.721349" lon="12.007292">
        <ele>8.6</ele>
      </trkpt>
      <trkpt lat="57.721436" lon="12.007322">
        <ele>8.4</ele>
      </trkpt>
      <trkpt lat="57.721681" lon="12.007604">
        <ele>8.0</ele>
      </trkpt>
      <trkpt lat="57.721867" lon="12.007876">
        <ele>8.0</ele>
        <name>57.721859,12.007894</name>
        <extensions>
          <oa:Extension>
            <oa:mapZoom>17</oa:mapZoom>
          </oa:Extension>
        </extensions>
      </trkpt>
      <trkpt lat="57.721928" lon="12.007966">
        <ele>8.0</ele>
      </trkpt>
      <trkpt lat="57.722055" lon="12.008155">
        <ele>8.2</ele>
      </trkpt>
      <trkpt lat="57.722268" lon="12.008472">
        <ele>8.5</ele>
      </trkpt>
      <trkpt lat="57.722481" lon="12.00879">
        <ele>8.5</ele>
      </trkpt>
      <trkpt lat="57.722441" lon="12.009022">
        <ele>8.9</ele>
      </trkpt>
      <trkpt lat="57.722531" lon="12.009148">
        <ele>8.9</ele>
      </trkpt>
      <trkpt lat="57.722596" lon="12.009212">
        <ele>8.8</ele>
      </trkpt>
      <trkpt lat="57.722642" lon="12.009238">
        <ele>8.7</ele>
      </trkpt>
      <trkpt lat="57.722646" lon="12.009327">
        <ele>8.8</ele>
      </trkpt>
      <trkpt lat="57.722681" lon="12.009345">
        <ele>8.8</ele>
      </trkpt>
      <trkpt lat="57.722963" lon="12.009332">
        <ele>8.0</ele>
      </trkpt>
      <trkpt lat="57.723" lon="12.009553">
        <ele>8.4</ele>
      </trkpt>
      <trkpt lat="57.723089" lon="12.009505">
        <ele>8.1</ele>
      </trkpt>
      <trkpt lat="57.723314" lon="12.00943">
        <ele>7.5</ele>
      </trkpt>
      <trkpt lat="57.723392" lon="12.009348">
        <ele>7.3</ele>
      </trkpt>
      <trkpt lat="57.723487" lon="12.009253">
        <ele>7.0</ele>
      </trkpt>
      <trkpt lat="57.723539" lon="12.009135">
        <ele>6.8</ele>
      </trkpt>
      <trkpt lat="57.723659" lon="12.008956">
        <ele>6.5</ele>
      </trkpt>
      <trkpt lat="57.723944" lon="12.00883">
        <ele>6.7</ele>
      </trkpt>
      <trkpt lat="57.724006" lon="12.008821">
        <ele>6.8</ele>
      </trkpt>
      <trkpt lat="57.724083" lon="12.008833">
        <ele>6.8</ele>
      </trkpt>
      <trkpt lat="57.724197" lon="12.008777">
        <ele>7.0</ele>
      </trkpt>
      <trkpt lat="57.724314" lon="12.008717">
        <ele>7.1</ele>
      </trkpt>
      <trkpt lat="57.724316" lon="12.008716">
        <ele>7.1</ele>
        <name>57.724318,12.008733</name>
        <extensions>
          <oa:Extension>
            <oa:mapZoom>17</oa:mapZoom>
          </oa:Extension>
        </extensions>
      </trkpt>
      <trkpt lat="57.724504" lon="12.008626">
        <ele>7.3</ele>
      </trkpt>
      <trkpt lat="57.724794" lon="12.008509">
        <ele>7.6</ele>
      </trkpt>
      <trkpt lat="57.724826" lon="12.008494">
        <ele>7.7</ele>
      </trkpt>
      <trkpt lat="57.72498" lon="12.008424">
        <ele>8.0</ele>
      </trkpt>
      <trkpt lat="57.725335" lon="12.00826">
        <ele>9.5</ele>
      </trkpt>
      <trkpt lat="57.7256" lon="12.008133">
        <ele>10.7</ele>
      </trkpt>
      <trkpt lat="57.725731" lon="12.008074">
        <ele>10.8</ele>
      </trkpt>
      <trkpt lat="57.726101" lon="12.007928">
        <ele>8.9</ele>
      </trkpt>
      <trkpt lat="57.726217" lon="12.007911">
        <ele>8.0</ele>
      </trkpt>
      <trkpt lat="57.7263" lon="12.007948">
        <ele>7.3</ele>
      </trkpt>
      <trkpt lat="57.726344" lon="12.007972">
        <ele>6.9</ele>
      </trkpt>
      <trkpt lat="57.726385" lon="12.008012">
        <ele>6.4</ele>
        <name>57.726391,12.007990</name>
        <extensions>
          <oa:Extension>
            <oa:mapZoom>17</oa:mapZoom>
          </oa:Extension>
        </extensions>
      </trkpt>
      <trkpt lat="57.726404" lon="12.00803">
        <ele>6.3</ele>
      </trkpt>
      <trkpt lat="57.726516" lon="12.008035">
        <ele>5.3</ele>
      </trkpt>
      <trkpt lat="57.726676" lon="12.008049">
        <ele>4.4</ele>
      </trkpt>
      <trkpt lat="57.726822" lon="12.008146">
        <ele>3.9</ele>
      </trkpt>
      <trkpt lat="57.726905" lon="12.008219">
        <ele>3.8</ele>
      </trkpt>
      <trkpt lat="57.726978" lon="12.008242">
        <ele>3.9</ele>
      </trkpt>
      <trkpt lat="57.727057" lon="12.008207">
        <ele>4.0</ele>
      </trkpt>
      <trkpt lat="57.727121" lon="12.008159">
        <ele>4.2</ele>
      </trkpt>
      <trkpt lat="57.727168" lon="12.00815">
        <ele>4.3</ele>
      </trkpt>
      <trkpt lat="57.727215" lon="12.008169">
        <ele>4.4</ele>
      </trkpt>
      <trkpt lat="57.727523" lon="12.008276">
        <ele>5.0</ele>
      </trkpt>
      <trkpt lat="57.72773" lon="12.00831">
        <ele>5.0</ele>
      </trkpt>
      <trkpt lat="57.72782" lon="12.008328">
        <ele>5.0</ele>
      </trkpt>
      <trkpt lat="57.727883" lon="12.008764">
        <ele>5.0</ele>
      </trkpt>
      <trkpt lat="57.728064" lon="12.008689">
        <ele>4.9</ele>
      </trkpt>
      <trkpt lat="57.728083" lon="12.008681">
        <ele>4.9</ele>
      </trkpt>
      <trkpt lat="57.728138" lon="12.008648">
        <ele>4.9</ele>
      </trkpt>
      <trkpt lat="57.728166" lon="12.008625">
        <ele>4.9</ele>
      </trkpt>
      <trkpt lat="57.728194" lon="12.008602">
        <ele>4.9</ele>
      </trkpt>
      <trkpt lat="57.728217" lon="12.008583">
        <ele>4.9</ele>
      </trkpt>
      <trkpt lat="57.728226" lon="12.008574">
        <ele>5.0</ele>
      </trkpt>
      <trkpt lat="57.728315" lon="12.008553">
        <ele>5.0</ele>
      </trkpt>
      <trkpt lat="57.728486" lon="12.008462">
        <ele>5.3</ele>
      </trkpt>
      <trkpt lat="57.728559" lon="12.008417">
        <ele>5.4</ele>
      </trkpt>
      <trkpt lat="57.728686" lon="12.008322">
        <ele>5.6</ele>
      </trkpt>
      <trkpt lat="57.728753" lon="12.00827">
        <ele>5.8</ele>
      </trkpt>
      <trkpt lat="57.728882" lon="12.008192">
        <ele>6.0</ele>
      </trkpt>
      <trkpt lat="57.729016" lon="12.008191">
        <ele>6.3</ele>
      </trkpt>
      <trkpt lat="57.729089" lon="12.008138">
        <ele>6.4</ele>
      </trkpt>
      <trkpt lat="57.729274" lon="12.00799">
        <ele>6.6</ele>
        <name>57.729277,12.008001</name>
        <extensions>
          <oa:Extension>
            <oa:mapZoom>17</oa:mapZoom>
          </oa:Extension>
        </extensions>
      </trkpt>
      <trkpt lat="57.729307" lon="12.007963">
        <ele>6.7</ele>
      </trkpt>
      <trkpt lat="57.729526" lon="12.007788">
        <ele>7.1</ele>
      </trkpt>
      <trkpt lat="57.729902" lon="12.007508">
        <ele>7.9</ele>
      </trkpt>
      <trkpt lat="57.729902" lon="12.007384">
        <ele>7.7</ele>
      </trkpt>
      <trkpt lat="57.729931" lon="12.007353">
        <ele>7.7</ele>
      </trkpt>
      <trkpt lat="57.729959" lon="12.007304">
        <ele>7.7</ele>
      </trkpt>
      <trkpt lat="57.729985" lon="12.007223">
        <ele>7.6</ele>
      </trkpt>
      <trkpt lat="57.730018" lon="12.007136">
        <ele>7.6</ele>
      </trkpt>
      <trkpt lat="57.730043" lon="12.007111">
        <ele>7.5</ele>
      </trkpt>
      <trkpt lat="57.730072" lon="12.007098">
        <ele>7.5</ele>
      </trkpt>
      <trkpt lat="57.730112" lon="12.007101">
        <ele>7.5</ele>
      </trkpt>
      <trkpt lat="57.730287" lon="12.00716">
        <ele>7.0</ele>
      </trkpt>
      <trkpt lat="57.73054" lon="12.007247">
        <ele>6.1</ele>
      </trkpt>
      <trkpt lat="57.730793" lon="12.007334">
        <ele>5.7</ele>
      </trkpt>
      <trkpt lat="57.730961" lon="12.007379">
        <ele>6.0</ele>
      </trkpt>
      <trkpt lat="57.731014" lon="12.007388">
        <ele>6.2</ele>
      </trkpt>
      <trkpt lat="57.731143" lon="12.007396">
        <ele>6.8</ele>
      </trkpt>
      <trkpt lat="57.731131" lon="12.007526">
        <ele>6.8</ele>
      </trkpt>
      <trkpt lat="57.731162" lon="12.007526">
        <ele>7.0</ele>
      </trkpt>
      <trkpt lat="57.731555" lon="12.007536">
        <ele>8.7</ele>
      </trkpt>
      <trkpt lat="57.731887" lon="12.007544">
        <ele>9.2</ele>
        <name>57.731887,12.007557</name>
        <extensions>
          <oa:Extension>
            <oa:mapZoom>17</oa:mapZoom>
          </oa:Extension>
        </extensions>
      </trkpt>
      <trkpt lat="57.731947" lon="12.007545">
        <ele>9.3</ele>
      </trkpt>
      <trkpt lat="57.732054" lon="12.007549">
        <ele>9.3</ele>
      </trkpt>
      <trkpt lat="57.732056" lon="12.007434">
        <ele>9.4</ele>
      </trkpt>
      <trkpt lat="57.732352" lon="12.007423">
        <ele>9.3</ele>
      </trkpt>
      <trkpt lat="57.732601" lon="12.00741">
        <ele>8.8</ele>
      </trkpt>
      <trkpt lat="57.732649" lon="12.00741">
        <ele>8.6</ele>
      </trkpt>
      <trkpt lat="57.732679" lon="12.007413">
        <ele>8.5</ele>
      </trkpt>
      <trkpt lat="57.732717" lon="12.007433">
        <ele>8.3</ele>
      </trkpt>
      <trkpt lat="57.732774" lon="12.007478">
        <ele>8.1</ele>
      </trkpt>
      <trkpt lat="57.732834" lon="12.00751">
        <ele>7.8</ele>
      </trkpt>
      <trkpt lat="57.732899" lon="12.007538">
        <ele>7.5</ele>
      </trkpt>
      <trkpt lat="57.732977" lon="12.007573">
        <ele>7.2</ele>
      </trkpt>
      <trkpt lat="57.732951" lon="12.007712">
        <ele>7.5</ele>
      </trkpt>
      <trkpt lat="57.732878" lon="12.007972">
        <ele>7.9</ele>
      </trkpt>
      <trkpt lat="57.73286" lon="12.008302">
        <ele>8.0</ele>
      </trkpt>
      <trkpt lat="57.732779" lon="12.008786">
        <ele>8.0</ele>
      </trkpt>
      <trkpt lat="57.732889" lon="12.008841">
        <ele>8.0</ele>
      </trkpt>
      <trkpt lat="57.732899" lon="12.008911">
        <ele>8.0</ele>
      </trkpt>
      <trkpt lat="57.733067" lon="12.008998">
        <ele>7.9</ele>
      </trkpt>
      <trkpt lat="57.73311" lon="12.008717">
        <ele>8.0</ele>
      </trkpt>
      <trkpt lat="57.733143" lon="12.008728">
        <ele>8.0</ele>
      </trkpt>
      <trkpt lat="57.733167" lon="12.008629">
        <ele>8.1</ele>
      </trkpt>
      <trkpt lat="57.733193" lon="12.008613">
        <ele>8.1</ele>
      </trkpt>
      <trkpt lat="57.733385" lon="12.008679">
        <ele>8.1</ele>
      </trkpt>
      <trkpt lat="57.733446" lon="12.008757">
        <ele>8.1</ele>
      </trkpt>
      <trkpt lat="57.733496" lon="12.008686">
        <ele>8.1</ele>
      </trkpt>
      <trkpt lat="57.73354" lon="12.008619">
        <ele>8.1</ele>
      </trkpt>
      <trkpt lat="57.733629" lon="12.008513">
        <ele>8.1</ele>
      </trkpt>
      <trkpt lat="57.733738" lon="12.008405">
        <ele>7.9</ele>
      </trkpt>
      <trkpt lat="57.733821" lon="12.008336">
        <ele>7.9</ele>
      </trkpt>
      <trkpt lat="57.73387" lon="12.008302">
        <ele>7.8</ele>
        <name>57.733870,12.008301</name>
        <extensions>
          <oa:Extension>
            <oa:mapZoom>17</oa:mapZoom>
          </oa:Extension>
        </extensions>
      </trkpt>
      <trkpt lat="57.733892" lon="12.008287">
        <ele>7.8</ele>
      </trkpt>
      <trkpt lat="57.734164" lon="12.008128">
        <ele>7.8</ele>
      </trkpt>
      <trkpt lat="57.734349" lon="12.008077">
        <ele>7.8</ele>
      </trkpt>
      <trkpt lat="57.73451" lon="12.008049">
        <ele>7.9</ele>
      </trkpt>
      <trkpt lat="57.734837" lon="12.00805">
        <ele>8.5</ele>
      </trkpt>
      <trkpt lat="57.735123" lon="12.00802">
        <ele>9.7</ele>
      </trkpt>
      <trkpt lat="57.735237" lon="12.007972">
        <ele>10.2</ele>
      </trkpt>
      <trkpt lat="57.73533" lon="12.007916">
        <ele>10.6</ele>
      </trkpt>
      <trkpt lat="57.735406" lon="12.007854">
        <ele>10.9</ele>
      </trkpt>
      <trkpt lat="57.735493" lon="12.007748">
        <ele>11.1</ele>
      </trkpt>
      <trkpt lat="57.73554" lon="12.007672">
        <ele>11.2</ele>
      </trkpt>
      <trkpt lat="57.73558" lon="12.007589">
        <ele>11.1</ele>
      </trkpt>
      <trkpt lat="57.735603" lon="12.007526">
        <ele>11.0</ele>
      </trkpt>
      <trkpt lat="57.73565" lon="12.007534">
        <ele>11.4</ele>
      </trkpt>
      <trkpt lat="57.735696" lon="12.007542">
        <ele>11.9</ele>
      </trkpt>
      <trkpt lat="57.735751" lon="12.007538">
        <ele>12.4</ele>
      </trkpt>
      <trkpt lat="57.735818" lon="12.007503">
        <ele>12.8</ele>
      </trkpt>
      <trkpt lat="57.73588" lon="12.007564">
        <ele>14.0</ele>
      </trkpt>
      <trkpt lat="57.735887" lon="12.007576">
        <ele>14.2</ele>
      </trkpt>
      <trkpt lat="57.735905" lon="12.007693">
        <ele>15.3</ele>
      </trkpt>
      <trkpt lat="57.735881" lon="12.007785">
        <ele>15.6</ele>
      </trkpt>
      <trkpt lat="57.735852" lon="12.007842">
        <ele>15.5</ele>
      </trkpt>
      <trkpt lat="57.735809" lon="12.007908">
        <ele>15.3</ele>
      </trkpt>
      <trkpt lat="57.735722" lon="12.008008">
        <ele>14.7</ele>
      </trkpt>
      <trkpt lat="57.735659" lon="12.008089">
        <ele>14.4</ele>
      </trkpt>
      <trkpt lat="57.735591" lon="12.008174">
        <ele>14.0</ele>
      </trkpt>
      <trkpt lat="57.735532" lon="12.00834">
        <ele>14.5</ele>
      </trkpt>
      <trkpt lat="57.735483" lon="12.008521">
        <ele>15.3</ele>
      </trkpt>
      <trkpt lat="57.735445" lon="12.008636">
        <ele>15.8</ele>
      </trkpt>
      <trkpt lat="57.735417" lon="12.008792">
        <ele>16.9</ele>
      </trkpt>
      <trkpt lat="57.735382" lon="12.00897">
        <ele>18.0</ele>
      </trkpt>
      <trkpt lat="57.735329" lon="12.009182">
        <ele>18.8</ele>
      </trkpt>
      <trkpt lat="57.735305" lon="12.009348">
        <ele>19.7</ele>
      </trkpt>
      <trkpt lat="57.734979" lon="12.009433">
        <ele>15.1</ele>
      </trkpt>
      <trkpt lat="57.735051" lon="12.009679">
        <ele>17.6</ele>
      </trkpt>
      <trkpt lat="57.735124" lon="12.010333">
        <ele>20.7</ele>
      </trkpt>
      <trkpt lat="57.735157" lon="12.010623">
        <ele>21.4</ele>
        <name>57.735185,12.010612</name>
        <extensions>
          <oa:Extension>
            <oa:mapZoom>17</oa:mapZoom>
          </oa:Extension>
        </extensions>
      </trkpt>
      <trkpt lat="57.735198" lon="12.010986">
        <ele>22.4</ele>
      </trkpt>
      <trkpt lat="57.735271" lon="12.011639">
        <ele>25.7</ele>
      </trkpt>
      <trkpt lat="57.735241" lon="12.011761">
        <ele>24.8</ele>
      </trkpt>
      <trkpt lat="57.735188" lon="12.011982">
        <ele>23.2</ele>
      </trkpt>
      <trkpt lat="57.735199" lon="12.012267">
        <ele>23.0</ele>
      </trkpt>
      <trkpt lat="57.73521" lon="12.012634">
        <ele>22.8</ele>
      </trkpt>
      <trkpt lat="57.735258" lon="12.013151">
        <ele>23.7</ele>
      </trkpt>
      <trkpt lat="57.735299" lon="12.013676">
        <ele>23.3</ele>
      </trkpt>
      <trkpt lat="57.735333" lon="12.013983">
        <ele>22.7</ele>
      </trkpt>
      <trkpt lat="57.735473" lon="12.014182">
        <ele>25.2</ele>
      </trkpt>
      <trkpt lat="57.735569" lon="12.014363">
        <ele>26.4</ele>
      </trkpt>
      <trkpt lat="57.735694" lon="12.014853">
        <ele>25.7</ele>
      </trkpt>
      <trkpt lat="57.735759" lon="12.015117">
        <ele>25.8</ele>
      </trkpt>
      <trkpt lat="57.735887" lon="12.015342">
        <ele>27.6</ele>
      </trkpt>
      <trkpt lat="57.736018" lon="12.015422">
        <ele>30.2</ele>
      </trkpt>
      <trkpt lat="57.736135" lon="12.01539">
        <ele>33.2</ele>
      </trkpt>
      <trkpt lat="57.736194" lon="12.015373">
        <ele>34.7</ele>
      </trkpt>
      <trkpt lat="57.736291" lon="12.015503">
        <ele>36.1</ele>
      </trkpt>
      <trkpt lat="57.736398" lon="12.015328">
        <ele>40.0</ele>
      </trkpt>
      <trkpt lat="57.736317" lon="12.015117">
        <ele>39.9</ele>
      </trkpt>
      <trkpt lat="57.736265" lon="12.014983">
        <ele>39.7</ele>
      </trkpt>
      <trkpt lat="57.736117" lon="12.014632">
        <ele>38.7</ele>
      </trkpt>
      <trkpt lat="57.735995" lon="12.014328">
        <ele>38.1</ele>
      </trkpt>
      <trkpt lat="57.735969" lon="12.014107">
        <ele>39.4</ele>
      </trkpt>
      <trkpt lat="57.736106" lon="12.01394">
        <ele>45.4</ele>
      </trkpt>
      <trkpt lat="57.73631" lon="12.013886">
        <ele>52.6</ele>
      </trkpt>
      <trkpt lat="57.73647" lon="12.013795">
        <ele>58.4</ele>
      </trkpt>
      <trkpt lat="57.73658" lon="12.013751">
        <ele>61.7</ele>
        <name>57.736578,12.013734</name>
        <extensions>
          <oa:Extension>
            <oa:mapZoom>17</oa:mapZoom>
          </oa:Extension>
        </extensions>
      </trkpt>
      <trkpt lat="57.736658" lon="12.013719">
        <ele>64.1</ele>
      </trkpt>
      <trkpt lat="57.736858" lon="12.013827">
        <ele>66.8</ele>
      </trkpt>
      <trkpt lat="57.737089" lon="12.013902">
        <ele>69.3</ele>
      </trkpt>
      <trkpt lat="57.737222" lon="12.013927">
        <ele>70.4</ele>
      </trkpt>
      <trkpt lat="57.737341" lon="12.013698">
        <ele>74.8</ele>
      </trkpt>
      <trkpt lat="57.737364" lon="12.01353">
        <ele>77.3</ele>
      </trkpt>
      <trkpt lat="57.737306" lon="12.013397">
        <ele>78.3</ele>
      </trkpt>
      <trkpt lat="57.737048" lon="12.012893">
        <ele>77.7</ele>
      </trkpt>
      <trkpt lat="57.736819" lon="12.012388">
        <ele>74.9</ele>
      </trkpt>
      <trkpt lat="57.736819" lon="12.011798">
        <ele>77.3</ele>
      </trkpt>
      <trkpt lat="57.736861" lon="12.011625">
        <ele>78.1</ele>
      </trkpt>
      <trkpt lat="57.737031" lon="12.010908">
        <ele>76.7</ele>
      </trkpt>
      <trkpt lat="57.737212" lon="12.010586">
        <ele>77.1</ele>
      </trkpt>
      <trkpt lat="57.737392" lon="12.010264">
        <ele>76.6</ele>
      </trkpt>
      <trkpt lat="57.737613" lon="12.010092">
        <ele>76.2</ele>
      </trkpt>
      <trkpt lat="57.737833" lon="12.009921">
        <ele>74.8</ele>
      </trkpt>
      <trkpt lat="57.738154" lon="12.009856">
        <ele>73.4</ele>
      </trkpt>
      <trkpt lat="57.738474" lon="12.009792">
        <ele>71.1</ele>
      </trkpt>
      <trkpt lat="57.738708" lon="12.01004">
        <ele>70.6</ele>
        <name>57.738710,12.010033</name>
        <extensions>
          <oa:Extension>
            <oa:mapZoom>16</oa:mapZoom>
          </oa:Extension>
        </extensions>
      </trkpt>
      <trkpt lat="57.738858" lon="12.0102">
        <ele>70.4</ele>
      </trkpt>
      <trkpt lat="57.739041" lon="12.010473">
        <ele>68.9</ele>
      </trkpt>
      <trkpt lat="57.739225" lon="12.010747">
        <ele>67.2</ele>
      </trkpt>
      <trkpt lat="57.739356" lon="12.011167">
        <ele>67.0</ele>
      </trkpt>
      <trkpt lat="57.739488" lon="12.011586">
        <ele>66.7</ele>
      </trkpt>
      <trkpt lat="57.739413" lon="12.011931">
        <ele>66.4</ele>
      </trkpt>
      <trkpt lat="57.739406" lon="12.012194">
        <ele>64.9</ele>
      </trkpt>
      <trkpt lat="57.739429" lon="12.012483">
        <ele>62.9</ele>
      </trkpt>
      <trkpt lat="57.739474" lon="12.012693">
        <ele>61.7</ele>
      </trkpt>
      <trkpt lat="57.739515" lon="12.012776">
        <ele>61.1</ele>
      </trkpt>
      <trkpt lat="57.739591" lon="12.012928">
        <ele>60.2</ele>
      </trkpt>
      <trkpt lat="57.739724" lon="12.013094">
        <ele>59.2</ele>
      </trkpt>
      <trkpt lat="57.739863" lon="12.013135">
        <ele>58.9</ele>
      </trkpt>
      <trkpt lat="57.739959" lon="12.013178">
        <ele>58.7</ele>
      </trkpt>
      <trkpt lat="57.740004" lon="12.013244">
        <ele>58.4</ele>
      </trkpt>
      <trkpt lat="57.740022" lon="12.013323">
        <ele>58.1</ele>
      </trkpt>
      <trkpt lat="57.739994" lon="12.013448">
        <ele>57.3</ele>
      </trkpt>
      <trkpt lat="57.740246" lon="12.013441">
        <ele>58.1</ele>
      </trkpt>
      <trkpt lat="57.740413" lon="12.013515">
        <ele>58.6</ele>
      </trkpt>
      <trkpt lat="57.740652" lon="12.013733">
        <ele>59.0</ele>
      </trkpt>
      <trkpt lat="57.74097" lon="12.014117">
        <ele>59.1</ele>
      </trkpt>
      <trkpt lat="57.741059" lon="12.014249">
        <ele>59.4</ele>
      </trkpt>
      <trkpt lat="57.741352" lon="12.01468">
        <ele>61.2</ele>
      </trkpt>
      <trkpt lat="57.741412" lon="12.014732">
        <ele>61.8</ele>
      </trkpt>
      <trkpt lat="57.741478" lon="12.01479">
        <ele>62.4</ele>
      </trkpt>
      <trkpt lat="57.741589" lon="12.0149">
        <ele>63.4</ele>
      </trkpt>
      <trkpt lat="57.741703" lon="12.014993">
        <ele>64.3</ele>
      </trkpt>
      <trkpt lat="57.742058" lon="12.015166">
        <ele>66.4</ele>
      </trkpt>
      <trkpt lat="57.742159" lon="12.015171">
        <ele>66.9</ele>
      </trkpt>
      <trkpt lat="57.74244" lon="12.01498">
        <ele>67.8</ele>
      </trkpt>
      <trkpt lat="57.74253" lon="12.014948">
        <ele>67.9</ele>
      </trkpt>
      <trkpt lat="57.7426" lon="12.014929">
        <ele>68.1</ele>
      </trkpt>
      <trkpt lat="57.742692" lon="12.01487">
        <ele>68.0</ele>
      </trkpt>
      <trkpt lat="57.742745" lon="12.014782">
        <ele>67.7</ele>
      </trkpt>
      <trkpt lat="57.742798" lon="12.014783">
        <ele>67.8</ele>
      </trkpt>
      <trkpt lat="57.742878" lon="12.01477">
        <ele>67.7</ele>
      </trkpt>
      <trkpt lat="57.74292" lon="12.014771">
        <ele>67.7</ele>
      </trkpt>
      <trkpt lat="57.74307" lon="12.014799">
        <ele>67.9</ele>
      </trkpt>
      <trkpt lat="57.743148" lon="12.014848">
        <ele>68.1</ele>
      </trkpt>
      <trkpt lat="57.743225" lon="12.014904">
        <ele>68.5</ele>
      </trkpt>
      <trkpt lat="57.743346" lon="12.014967">
        <ele>68.9</ele>
        <name>57.743340,12.015005</name>
        <extensions>
          <oa:Extension>
            <oa:mapZoom>19</oa:mapZoom>
          </oa:Extension>
        </extensions>
      </trkpt>
      <trkpt lat="57.743402" lon="12.014997">
        <ele>69.0</ele>
      </trkpt>
      <trkpt lat="57.743501" lon="12.014998">
        <ele>69.1</ele>
      </trkpt>
      <trkpt lat="57.743616" lon="12.015037">
        <ele>69.5</ele>
      </trkpt>
      <trkpt lat="57.743721" lon="12.015094">
        <ele>69.8</ele>
      </trkpt>
      <trkpt lat="57.743804" lon="12.015125">
        <ele>69.9</ele>
      </trkpt>
      <trkpt lat="57.743853" lon="12.015098">
        <ele>69.8</ele>
      </trkpt>
      <trkpt lat="57.743904" lon="12.01503">
        <ele>69.6</ele>
      </trkpt>
      <trkpt lat="57.743977" lon="12.014913">
        <ele>69.0</ele>
      </trkpt>
      <trkpt lat="57.744066" lon="12.014786">
        <ele>68.2</ele>
      </trkpt>
      <trkpt lat="57.744163" lon="12.014715">
        <ele>67.4</ele>
      </trkpt>
      <trkpt lat="57.744234" lon="12.014601">
        <ele>66.3</ele>
      </trkpt>
      <trkpt lat="57.744302" lon="12.014526">
        <ele>65.4</ele>
      </trkpt>
      <trkpt lat="57.744387" lon="12.014447">
        <ele>64.3</ele>
      </trkpt>
      <trkpt lat="57.744462" lon="12.014428">
        <ele>63.7</ele>
      </trkpt>
      <trkpt lat="57.744525" lon="12.014429">
        <ele>63.4</ele>
      </trkpt>
      <trkpt lat="57.744582" lon="12.014471">
        <ele>63.4</ele>
      </trkpt>
      <trkpt lat="57.744697" lon="12.014592">
        <ele>63.5</ele>
      </trkpt>
      <trkpt lat="57.744783" lon="12.014613">
        <ele>63.0</ele>
      </trkpt>
      <trkpt lat="57.744837" lon="12.014605">
        <ele>62.6</ele>
      </trkpt>
      <trkpt lat="57.744929" lon="12.014574">
        <ele>61.8</ele>
      </trkpt>
      <trkpt lat="57.745037" lon="12.014507">
        <ele>60.7</ele>
      </trkpt>
      <trkpt lat="57.745125" lon="12.014524">
        <ele>60.4</ele>
      </trkpt>
      <trkpt lat="57.745189" lon="12.014554">
        <ele>60.2</ele>
      </trkpt>
      <trkpt lat="57.745226" lon="12.014684">
        <ele>60.7</ele>
      </trkpt>
      <trkpt lat="57.745232" lon="12.014825">
        <ele>61.3</ele>
      </trkpt>
      <trkpt lat="57.745248" lon="12.01501">
        <ele>61.6</ele>
      </trkpt>
      <trkpt lat="57.745252" lon="12.01516">
        <ele>61.4</ele>
      </trkpt>
      <trkpt lat="57.745258" lon="12.015321">
        <ele>60.9</ele>
      </trkpt>
      <trkpt lat="57.74528" lon="12.015492">
        <ele>60.1</ele>
      </trkpt>
      <trkpt lat="57.745333" lon="12.015437">
        <ele>60.3</ele>
      </trkpt>
      <trkpt lat="57.745424" lon="12.01533">
        <ele>60.4</ele>
      </trkpt>
      <trkpt lat="57.745487" lon="12.015609">
        <ele>59.7</ele>
      </trkpt>
      <trkpt lat="57.74551" lon="12.015877">
        <ele>59.4</ele>
      </trkpt>
      <trkpt lat="57.74551" lon="12.015969">
        <ele>59.3</ele>
      </trkpt>
      <trkpt lat="57.745512" lon="12.015978">
        <ele>59.27503</ele>
        <name>57.745512,12.015978</name>
        <extensions>
          <oa:Extension>
            <oa:mapZoom>19</oa:mapZoom>
          </oa:Extension>
        </extensions>
      </trkpt>
      <trkpt lat="57.745726" lon="12.01608">
        <ele>60.79617</ele>
      </trkpt>
      <trkpt lat="57.745724" lon="12.016082">
        <ele>60.8</ele>
        <name>57.745726,12.016080</name>
        <extensions>
          <oa:Extension>
            <oa:mapZoom>19</oa:mapZoom>
          </oa:Extension>
        </extensions>
      </trkpt>
      <trkpt lat="57.745767" lon="12.01621">
        <ele>61.4</ele>
      </trkpt>
      <trkpt lat="57.745809" lon="12.016382">
        <ele>62.1</ele>
      </trkpt>
      <trkpt lat="57.745875" lon="12.016629">
        <ele>63.5</ele>
      </trkpt>
      <trkpt lat="57.745944" lon="12.016727">
        <ele>64.7</ele>
        <name>57.745969,12.016666</name>
        <extensions>
          <oa:Extension>
            <oa:mapZoom>16</oa:mapZoom>
          </oa:Extension>
        </extensions>
      </trkpt>
      <trkpt lat="57.746049" lon="12.016876">
        <ele>66.6</ele>
      </trkpt>
      <trkpt lat="57.746195" lon="12.016995">
        <ele>69.4</ele>
      </trkpt>
      <trkpt lat="57.74633" lon="12.016894">
        <ele>71.7</ele>
      </trkpt>
      <trkpt lat="57.746387" lon="12.016597">
        <ele>71.7</ele>
      </trkpt>
      <trkpt lat="57.746412" lon="12.01634">
        <ele>70.2</ele>
      </trkpt>
      <trkpt lat="57.746416" lon="12.016095">
        <ele>67.9</ele>
      </trkpt>
      <trkpt lat="57.746411" lon="12.015953">
        <ele>66.6</ele>
      </trkpt>
      <trkpt lat="57.746432" lon="12.015879">
        <ele>66.1</ele>
      </trkpt>
      <trkpt lat="57.746478" lon="12.015854">
        <ele>66.2</ele>
      </trkpt>
      <trkpt lat="57.746578" lon="12.015919">
        <ele>67.5</ele>
      </trkpt>
      <trkpt lat="57.746668" lon="12.016027">
        <ele>69.3</ele>
      </trkpt>
      <trkpt lat="57.746723" lon="12.016127">
        <ele>70.8</ele>
      </trkpt>
      <trkpt lat="57.746785" lon="12.016216">
        <ele>72.2</ele>
      </trkpt>
      <trkpt lat="57.74692" lon="12.016405">
        <ele>75.3</ele>
      </trkpt>
      <trkpt lat="57.746931" lon="12.016417">
        <ele>75.5</ele>
        <name>57.746916,12.016468</name>
        <extensions>
          <oa:Extension>
            <oa:mapZoom>16</oa:mapZoom>
          </oa:Extension>
        </extensions>
      </trkpt>
      <trkpt lat="57.747047" lon="12.016545">
        <ele>77.5</ele>
      </trkpt>
      <trkpt lat="57.747151" lon="12.016612">
        <ele>78.6</ele>
      </trkpt>
      <trkpt lat="57.74723" lon="12.016715">
        <ele>79.8</ele>
      </trkpt>
      <trkpt lat="57.74728" lon="12.016874">
        <ele>80.8</ele>
      </trkpt>
      <trkpt lat="57.747296" lon="12.017029">
        <ele>81.0</ele>
      </trkpt>
      <trkpt lat="57.747303" lon="12.017186">
        <ele>80.9</ele>
      </trkpt>
      <trkpt lat="57.747299" lon="12.017365">
        <ele>80.7</ele>
      </trkpt>
      <trkpt lat="57.747283" lon="12.017654">
        <ele>80.8</ele>
      </trkpt>
      <trkpt lat="57.747252" lon="12.017876">
        <ele>81.1</ele>
      </trkpt>
      <trkpt lat="57.747239" lon="12.018059">
        <ele>81.3</ele>
      </trkpt>
      <trkpt lat="57.747265" lon="12.018506">
        <ele>81.0</ele>
      </trkpt>
      <trkpt lat="57.747266" lon="12.018716">
        <ele>80.3</ele>
      </trkpt>
      <trkpt lat="57.747267" lon="12.019011">
        <ele>78.9</ele>
      </trkpt>
      <trkpt lat="57.747244" lon="12.019252">
        <ele>77.8</ele>
      </trkpt>
      <trkpt lat="57.747249" lon="12.019461">
        <ele>76.7</ele>
      </trkpt>
      <trkpt lat="57.747283" lon="12.019585">
        <ele>76.3</ele>
      </trkpt>
      <trkpt lat="57.747352" lon="12.019563">
        <ele>76.8</ele>
      </trkpt>
      <trkpt lat="57.747429" lon="12.019622">
        <ele>77.2</ele>
      </trkpt>
      <trkpt lat="57.747578" lon="12.019837">
        <ele>77.9</ele>
      </trkpt>
      <trkpt lat="57.747727" lon="12.020169">
        <ele>79.9</ele>
      </trkpt>
      <trkpt lat="57.747853" lon="12.020362">
        <ele>82.1</ele>
      </trkpt>
      <trkpt lat="57.747993" lon="12.020454">
        <ele>84.2</ele>
      </trkpt>
      <trkpt lat="57.748096" lon="12.020448">
        <ele>85.3</ele>
      </trkpt>
      <trkpt lat="57.748231" lon="12.020588">
        <ele>87.3</ele>
      </trkpt>
      <trkpt lat="57.748357" lon="12.020789">
        <ele>89.1</ele>
      </trkpt>
      <trkpt lat="57.7485" lon="12.020913">
        <ele>90.8</ele>
      </trkpt>
      <trkpt lat="57.748616" lon="12.020996">
        <ele>92.2</ele>
      </trkpt>
      <trkpt lat="57.748853" lon="12.021065">
        <ele>94.5</ele>
      </trkpt>
      <trkpt lat="57.749011" lon="12.021191">
        <ele>95.3</ele>
      </trkpt>
      <trkpt lat="57.749097" lon="12.021259">
        <ele>95.5</ele>
      </trkpt>
      <trkpt lat="57.749164" lon="12.02136">
        <ele>95.3</ele>
      </trkpt>
      <trkpt lat="57.749347" lon="12.021419">
        <ele>95.5</ele>
      </trkpt>
      <trkpt lat="57.749455" lon="12.02145">
        <ele>95.5</ele>
        <name>57.749461,12.021382</name>
        <extensions>
          <oa:Extension>
            <oa:mapZoom>16</oa:mapZoom>
          </oa:Extension>
        </extensions>
      </trkpt>
      <trkpt lat="57.749571" lon="12.021484">
        <ele>95.5</ele>
      </trkpt>
      <trkpt lat="57.749671" lon="12.021546">
        <ele>95.2</ele>
      </trkpt>
      <trkpt lat="57.749719" lon="12.021682">
        <ele>94.5</ele>
      </trkpt>
      <trkpt lat="57.749756" lon="12.021808">
        <ele>94.0</ele>
      </trkpt>
      <trkpt lat="57.749791" lon="12.022095">
        <ele>93.0</ele>
      </trkpt>
      <trkpt lat="57.749896" lon="12.021938">
        <ele>93.2</ele>
      </trkpt>
      <trkpt lat="57.750049" lon="12.021638">
        <ele>94.0</ele>
      </trkpt>
      <trkpt lat="57.750195" lon="12.021434">
        <ele>94.3</ele>
      </trkpt>
      <trkpt lat="57.750343" lon="12.021158">
        <ele>95.0</ele>
      </trkpt>
      <trkpt lat="57.750431" lon="12.02086">
        <ele>96.2</ele>
      </trkpt>
      <trkpt lat="57.750517" lon="12.020785">
        <ele>96.0</ele>
      </trkpt>
      <trkpt lat="57.750709" lon="12.020707">
        <ele>94.9</ele>
      </trkpt>
      <trkpt lat="57.750881" lon="12.020755">
        <ele>93.1</ele>
      </trkpt>
      <trkpt lat="57.751013" lon="12.020841">
        <ele>91.5</ele>
      </trkpt>
      <trkpt lat="57.751098" lon="12.020742">
        <ele>91.4</ele>
      </trkpt>
      <trkpt lat="57.75138" lon="12.020286">
        <ele>92.1</ele>
      </trkpt>
      <trkpt lat="57.751541" lon="12.019755">
        <ele>90.0</ele>
      </trkpt>
      <trkpt lat="57.751669" lon="12.019218">
        <ele>83.4</ele>
      </trkpt>
      <trkpt lat="57.751741" lon="12.019031">
        <ele>81.1</ele>
      </trkpt>
      <trkpt lat="57.751824" lon="12.019009">
        <ele>80.0</ele>
      </trkpt>
      <trkpt lat="57.751878" lon="12.019116">
        <ele>80.2</ele>
      </trkpt>
      <trkpt lat="57.751961" lon="12.01947">
        <ele>82.7</ele>
      </trkpt>
      <trkpt lat="57.752059" lon="12.019733">
        <ele>84.3</ele>
      </trkpt>
      <trkpt lat="57.752136" lon="12.019808">
        <ele>84.2</ele>
      </trkpt>
      <trkpt lat="57.752302" lon="12.019782">
        <ele>82.3</ele>
      </trkpt>
      <trkpt lat="57.752482" lon="12.019959">
        <ele>82.0</ele>
      </trkpt>
      <trkpt lat="57.75256" lon="12.019884">
        <ele>81.1</ele>
      </trkpt>
      <trkpt lat="57.752648" lon="12.019369">
        <ele>76.1</ele>
      </trkpt>
      <trkpt lat="57.752706" lon="12.018929">
        <ele>72.5</ele>
      </trkpt>
      <trkpt lat="57.752774" lon="12.018854">
        <ele>72.0</ele>
      </trkpt>
      <trkpt lat="57.752969" lon="12.018886">
        <ele>72.3</ele>
      </trkpt>
      <trkpt lat="57.753109" lon="12.018938">
        <ele>72.9</ele>
      </trkpt>
      <trkpt lat="57.753155" lon="12.018956">
        <ele>73.2</ele>
      </trkpt>
      <trkpt lat="57.753298" lon="12.01895">
        <ele>74.1</ele>
      </trkpt>
      <trkpt lat="57.753433" lon="12.018864">
        <ele>75.3</ele>
      </trkpt>
      <trkpt lat="57.753498" lon="12.018851">
        <ele>76.2</ele>
      </trkpt>
      <trkpt lat="57.753676" lon="12.018886">
        <ele>79.2</ele>
      </trkpt>
      <trkpt lat="57.753936" lon="12.019009">
        <ele>84.5</ele>
      </trkpt>
      <trkpt lat="57.753973" lon="12.019016">
        <ele>85.2</ele>
      </trkpt>
      <trkpt lat="57.754032" lon="12.019046">
        <ele>86.3</ele>
      </trkpt>
      <trkpt lat="57.754077" lon="12.019081">
        <ele>87.3</ele>
      </trkpt>
      <trkpt lat="57.754139" lon="12.019119">
        <ele>88.4</ele>
      </trkpt>
      <trkpt lat="57.754201" lon="12.019143">
        <ele>89.3</ele>
      </trkpt>
      <trkpt lat="57.754268" lon="12.019154">
        <ele>90.2</ele>
      </trkpt>
      <trkpt lat="57.754312" lon="12.019158">
        <ele>90.8</ele>
      </trkpt>
      <trkpt lat="57.754368" lon="12.019143">
        <ele>91.3</ele>
      </trkpt>
      <trkpt lat="57.7544" lon="12.019137">
        <ele>91.7</ele>
      </trkpt>
      <trkpt lat="57.754447" lon="12.019136">
        <ele>92.2</ele>
      </trkpt>
      <trkpt lat="57.754486" lon="12.019164">
        <ele>92.7</ele>
      </trkpt>
      <trkpt lat="57.75451" lon="12.019226">
        <ele>93.2</ele>
      </trkpt>
      <trkpt lat="57.754527" lon="12.019304">
        <ele>93.7</ele>
      </trkpt>
      <trkpt lat="57.75454" lon="12.019415">
        <ele>94.3</ele>
      </trkpt>
      <trkpt lat="57.754551" lon="12.019535">
        <ele>95.0</ele>
      </trkpt>
      <trkpt lat="57.754555" lon="12.019555">
        <ele>95.2</ele>
      </trkpt>
      <trkpt lat="57.754577" lon="12.019561">
        <ele>95.3</ele>
      </trkpt>
      <trkpt lat="57.754601" lon="12.019569">
        <ele>95.5</ele>
      </trkpt>
      <trkpt lat="57.75464" lon="12.01959">
        <ele>95.8</ele>
      </trkpt>
      <trkpt lat="57.754805" lon="12.019731">
        <ele>97.0</ele>
      </trkpt>
      <trkpt lat="57.75486" lon="12.019778">
        <ele>97.3</ele>
        <name>57.754858,12.019790</name>
        <extensions>
          <oa:Extension>
            <oa:mapZoom>16</oa:mapZoom>
          </oa:Extension>
        </extensions>
      </trkpt>
      <trkpt lat="57.754805" lon="12.019731">
        <ele>97.0</ele>
      </trkpt>
      <trkpt lat="57.75464" lon="12.01959">
        <ele>95.8</ele>
      </trkpt>
      <trkpt lat="57.754601" lon="12.019569">
        <ele>95.5</ele>
      </trkpt>
      <trkpt lat="57.754577" lon="12.019561">
        <ele>95.3</ele>
      </trkpt>
      <trkpt lat="57.754555" lon="12.019555">
        <ele>95.2</ele>
      </trkpt>
      <trkpt lat="57.754566" lon="12.019624">
        <ele>95.6</ele>
      </trkpt>
      <trkpt lat="57.754604" lon="12.019633">
        <ele>95.8</ele>
      </trkpt>
      <trkpt lat="57.754668" lon="12.019675">
        <ele>96.3</ele>
      </trkpt>
      <trkpt lat="57.754728" lon="12.019723">
        <ele>96.7</ele>
      </trkpt>
      <trkpt lat="57.754863" lon="12.019838">
        <ele>97.4</ele>
      </trkpt>
      <trkpt lat="57.755005" lon="12.019947">
        <ele>98.1</ele>
      </trkpt>
      <trkpt lat="57.755152" lon="12.020038">
        <ele>98.8</ele>
      </trkpt>
      <trkpt lat="57.755281" lon="12.020112">
        <ele>99.4</ele>
      </trkpt>
      <trkpt lat="57.755346" lon="12.020153">
        <ele>99.7</ele>
      </trkpt>
      <trkpt lat="57.755376" lon="12.020187">
        <ele>99.7</ele>
      </trkpt>
      <trkpt lat="57.75539" lon="12.020215">
        <ele>99.7</ele>
      </trkpt>
      <trkpt lat="57.755399" lon="12.020265">
        <ele>99.5</ele>
      </trkpt>
      <trkpt lat="57.755384" lon="12.020415">
        <ele>98.4</ele>
      </trkpt>
      <trkpt lat="57.755363" lon="12.020499">
        <ele>97.7</ele>
      </trkpt>
      <trkpt lat="57.755293" lon="12.020768">
        <ele>95.5</ele>
      </trkpt>
      <trkpt lat="57.75521" lon="12.021028">
        <ele>93.6</ele>
      </trkpt>
      <trkpt lat="57.755168" lon="12.021171">
        <ele>92.5</ele>
      </trkpt>
      <trkpt lat="57.755149" lon="12.021289">
        <ele>91.6</ele>
      </trkpt>
      <trkpt lat="57.755133" lon="12.021441">
        <ele>90.6</ele>
      </trkpt>
      <trkpt lat="57.755117" lon="12.021578">
        <ele>89.8</ele>
      </trkpt>
      <trkpt lat="57.755086" lon="12.021924">
        <ele>88.1</ele>
      </trkpt>
      <trkpt lat="57.755108" lon="12.02193">
        <ele>88.1</ele>
      </trkpt>
      <trkpt lat="57.755163" lon="12.02195">
        <ele>88.2</ele>
      </trkpt>
      <trkpt lat="57.7553" lon="12.022002">
        <ele>88.2</ele>
      </trkpt>
      <trkpt lat="57.75535" lon="12.022022">
        <ele>88.2</ele>
      </trkpt>
      <trkpt lat="57.755368" lon="12.022034">
        <ele>88.2</ele>
      </trkpt>
      <trkpt lat="57.755379" lon="12.022052">
        <ele>88.2</ele>
      </trkpt>
      <trkpt lat="57.755384" lon="12.022073">
        <ele>88.1</ele>
      </trkpt>
      <trkpt lat="57.755458" lon="12.022">
        <ele>88.5</ele>
      </trkpt>
      <trkpt lat="57.755484" lon="12.021786">
        <ele>89.6</ele>
      </trkpt>
      <trkpt lat="57.755577" lon="12.021796">
        <ele>89.7</ele>
      </trkpt>
      <trkpt lat="57.755706" lon="12.021828">
        <ele>89.9</ele>
      </trkpt>
      <trkpt lat="57.7559" lon="12.021877">
        <ele>90.0</ele>
      </trkpt>
      <trkpt lat="57.755982" lon="12.02194">
        <ele>89.9</ele>
      </trkpt>
      <trkpt lat="57.756083" lon="12.022019">
        <ele>89.8</ele>
      </trkpt>
      <trkpt lat="57.756192" lon="12.022126">
        <ele>89.8</ele>
      </trkpt>
      <trkpt lat="57.756338" lon="12.022196">
        <ele>90.1</ele>
      </trkpt>
      <trkpt lat="57.756466" lon="12.022233">
        <ele>90.5</ele>
      </trkpt>
      <trkpt lat="57.75673" lon="12.022131">
        <ele>91.3</ele>
      </trkpt>
      <trkpt lat="57.756899" lon="12.022115">
        <ele>92.0</ele>
      </trkpt>
      <trkpt lat="57.757056" lon="12.022115">
        <ele>92.6</ele>
      </trkpt>
      <trkpt lat="57.757245" lon="12.021954">
        <ele>92.7</ele>
      </trkpt>
      <trkpt lat="57.757442" lon="12.021842">
        <ele>92.3</ele>
      </trkpt>
      <trkpt lat="57.75758" lon="12.02182">
        <ele>91.6</ele>
      </trkpt>
      <trkpt lat="57.757651" lon="12.021809">
        <ele>91.0</ele>
      </trkpt>
      <trkpt lat="57.757958" lon="12.021691">
        <ele>87.6</ele>
      </trkpt>
      <trkpt lat="57.758198" lon="12.021622">
        <ele>84.7</ele>
      </trkpt>
      <trkpt lat="57.758335" lon="12.021643">
        <ele>83.0</ele>
      </trkpt>
      <trkpt lat="57.758496" lon="12.021826">
        <ele>81.3</ele>
      </trkpt>
      <trkpt lat="57.758567" lon="12.02204">
        <ele>81.1</ele>
      </trkpt>
      <trkpt lat="57.758596" lon="12.022308">
        <ele>81.9</ele>
      </trkpt>
      <trkpt lat="57.758573" lon="12.022646">
        <ele>83.5</ele>
      </trkpt>
      <trkpt lat="57.758518" lon="12.023006">
        <ele>85.5</ele>
      </trkpt>
      <trkpt lat="57.758464" lon="12.02336">
        <ele>87.6</ele>
      </trkpt>
      <trkpt lat="57.758458" lon="12.02359">
        <ele>88.4</ele>
      </trkpt>
      <trkpt lat="57.75847" lon="12.023762">
        <ele>88.8</ele>
      </trkpt>
      <trkpt lat="57.758565" lon="12.02402">
        <ele>89.0</ele>
      </trkpt>
      <trkpt lat="57.758597" lon="12.024097">
        <ele>89.2</ele>
      </trkpt>
      <trkpt lat="57.758625" lon="12.024128">
        <ele>89.2</ele>
      </trkpt>
      <trkpt lat="57.758492" lon="12.024651">
        <ele>92.7</ele>
      </trkpt>
      <trkpt lat="57.758364" lon="12.025364">
        <ele>93.1</ele>
      </trkpt>
      <trkpt lat="57.758331" lon="12.025535">
        <ele>92.3</ele>
      </trkpt>
      <trkpt lat="57.758364" lon="12.025558">
        <ele>92.2</ele>
      </trkpt>
      <trkpt lat="57.758413" lon="12.02559">
        <ele>92.2</ele>
      </trkpt>
      <trkpt lat="57.758573" lon="12.02572">
        <ele>92.8</ele>
      </trkpt>
      <trkpt lat="57.758716" lon="12.025852">
        <ele>94.2</ele>
      </trkpt>
      <trkpt lat="57.758945" lon="12.025811">
        <ele>97.1</ele>
      </trkpt>
      <trkpt lat="57.759294" lon="12.025618">
        <ele>98.9</ele>
      </trkpt>
      <trkpt lat="57.759534" lon="12.025597">
        <ele>98.7</ele>
      </trkpt>
      <trkpt lat="57.759795" lon="12.02558">
        <ele>98.0</ele>
      </trkpt>
      <trkpt lat="57.759938" lon="12.025629">
        <ele>97.6</ele>
      </trkpt>
      <trkpt lat="57.76011" lon="12.025865">
        <ele>97.6</ele>
      </trkpt>
      <trkpt lat="57.76027" lon="12.026133">
        <ele>97.6</ele>
      </trkpt>
      <trkpt lat="57.760462" lon="12.026155">
        <ele>96.4</ele>
      </trkpt>
      <trkpt lat="57.760691" lon="12.026149">
        <ele>94.9</ele>
      </trkpt>
      <trkpt lat="57.760842" lon="12.026289">
        <ele>95.1</ele>
      </trkpt>
      <trkpt lat="57.761117" lon="12.026428">
        <ele>96.1</ele>
      </trkpt>
      <trkpt lat="57.761306" lon="12.026546">
        <ele>97.2</ele>
      </trkpt>
      <trkpt lat="57.761365" lon="12.026652">
        <ele>97.7</ele>
        <name>57.761354,12.026673</name>
        <extensions>
          <oa:Extension>
            <oa:mapZoom>16</oa:mapZoom>
          </oa:Extension>
        </extensions>
      </trkpt>
      <trkpt lat="57.7615" lon="12.026895">
        <ele>98.7</ele>
      </trkpt>
      <trkpt lat="57.761675" lon="12.027152">
        <ele>98.6</ele>
      </trkpt>
      <trkpt lat="57.761752" lon="12.027335">
        <ele>98.4</ele>
      </trkpt>
      <trkpt lat="57.761772" lon="12.027539">
        <ele>98.6</ele>
      </trkpt>
      <trkpt lat="57.761701" lon="12.027877">
        <ele>99.7</ele>
      </trkpt>
      <trkpt lat="57.761661" lon="12.028102">
        <ele>100.6</ele>
      </trkpt>
      <trkpt lat="57.761672" lon="12.028365">
        <ele>101.0</ele>
      </trkpt>
      <trkpt lat="57.761775" lon="12.028815">
        <ele>100.4</ele>
      </trkpt>
      <trkpt lat="57.76181" lon="12.029126">
        <ele>100.1</ele>
      </trkpt>
      <trkpt lat="57.76183" lon="12.029454">
        <ele>100.1</ele>
      </trkpt>
      <trkpt lat="57.76185" lon="12.029931">
        <ele>100.0</ele>
      </trkpt>
      <trkpt lat="57.76191" lon="12.030167">
        <ele>99.1</ele>
      </trkpt>
      <trkpt lat="57.761901" lon="12.030419">
        <ele>98.2</ele>
      </trkpt>
      <trkpt lat="57.76203" lon="12.030666">
        <ele>96.6</ele>
      </trkpt>
      <trkpt lat="57.76217" lon="12.03094">
        <ele>95.3</ele>
      </trkpt>
      <trkpt lat="57.762207" lon="12.031143">
        <ele>94.5</ele>
      </trkpt>
      <trkpt lat="57.76227" lon="12.031409">
        <ele>93.7</ele>
      </trkpt>
      <trkpt lat="57.762366" lon="12.03135">
        <ele>94.1</ele>
      </trkpt>
      <trkpt lat="57.762458" lon="12.031256">
        <ele>94.4</ele>
      </trkpt>
      <trkpt lat="57.762547" lon="12.03117">
        <ele>94.6</ele>
      </trkpt>
      <trkpt lat="57.76263" lon="12.031042">
        <ele>94.6</ele>
      </trkpt>
      <trkpt lat="57.762667" lon="12.030953">
        <ele>94.6</ele>
      </trkpt>
      <trkpt lat="57.762788" lon="12.030876">
        <ele>94.3</ele>
      </trkpt>
      <trkpt lat="57.762993" lon="12.030568">
        <ele>92.9</ele>
      </trkpt>
      <trkpt lat="57.763212" lon="12.030556">
        <ele>91.3</ele>
      </trkpt>
      <trkpt lat="57.763375" lon="12.030425">
        <ele>88.9</ele>
      </trkpt>
      <trkpt lat="57.763442" lon="12.030219">
        <ele>86.6</ele>
      </trkpt>
      <trkpt lat="57.763531" lon="12.029961">
        <ele>83.4</ele>
      </trkpt>
      <trkpt lat="57.763643" lon="12.029718">
        <ele>79.7</ele>
      </trkpt>
      <trkpt lat="57.763688" lon="12.0294">
        <ele>77.0</ele>
      </trkpt>
      <trkpt lat="57.763758" lon="12.029253">
        <ele>74.5</ele>
      </trkpt>
      <trkpt lat="57.763847" lon="12.029221">
        <ele>72.1</ele>
      </trkpt>
      <trkpt lat="57.764032" lon="12.028893">
        <ele>65.1</ele>
      </trkpt>
      <trkpt lat="57.764082" lon="12.02883">
        <ele>63.4</ele>
      </trkpt>
      <trkpt lat="57.764125" lon="12.028761">
        <ele>61.8</ele>
      </trkpt>
      <trkpt lat="57.764208" lon="12.028588">
        <ele>58.7</ele>
      </trkpt>
      <trkpt lat="57.764229" lon="12.028588">
        <ele>58.2</ele>
      </trkpt>
      <trkpt lat="57.764359" lon="12.028612">
        <ele>55.8</ele>
      </trkpt>
      <trkpt lat="57.76441" lon="12.028653">
        <ele>55.2</ele>
      </trkpt>
      <trkpt lat="57.764579" lon="12.028868">
        <ele>54.1</ele>
      </trkpt>
      <trkpt lat="57.764706" lon="12.028944">
        <ele>52.6</ele>
      </trkpt>
      <trkpt lat="57.764794" lon="12.028954">
        <ele>51.2</ele>
      </trkpt>
      <trkpt lat="57.764871" lon="12.02894">
        <ele>49.8</ele>
      </trkpt>
      <trkpt lat="57.764949" lon="12.028921">
        <ele>48.1</ele>
      </trkpt>
      <trkpt lat="57.765031" lon="12.028904">
        <ele>46.4</ele>
      </trkpt>
      <trkpt lat="57.765106" lon="12.02886">
        <ele>44.3</ele>
      </trkpt>
      <trkpt lat="57.765159" lon="12.028769">
        <ele>42.4</ele>
      </trkpt>
      <trkpt lat="57.765237" lon="12.028714">
        <ele>40.1</ele>
      </trkpt>
      <trkpt lat="57.765254" lon="12.028882">
        <ele>40.8</ele>
      </trkpt>
      <trkpt lat="57.765361" lon="12.028978">
        <ele>38.6</ele>
      </trkpt>
      <trkpt lat="57.765422" lon="12.029107">
        <ele>37.7</ele>
      </trkpt>
      <trkpt lat="57.76548" lon="12.029295">
        <ele>37.1</ele>
      </trkpt>
      <trkpt lat="57.765598" lon="12.029391">
        <ele>34.4</ele>
      </trkpt>
      <trkpt lat="57.765717" lon="12.029488">
        <ele>32.0</ele>
      </trkpt>
      <trkpt lat="57.765736" lon="12.029726">
        <ele>32.4</ele>
      </trkpt>
      <trkpt lat="57.765764" lon="12.030178">
        <ele>34.8</ele>
      </trkpt>
      <trkpt lat="57.76585" lon="12.030391">
        <ele>35.0</ele>
      </trkpt>
      <trkpt lat="57.766002" lon="12.030505">
        <ele>33.5</ele>
      </trkpt>
      <trkpt lat="57.766161" lon="12.030708">
        <ele>32.7</ele>
      </trkpt>
      <trkpt lat="57.766251" lon="12.030884">
        <ele>32.6</ele>
      </trkpt>
      <trkpt lat="57.76633" lon="12.031095">
        <ele>32.6</ele>
      </trkpt>
      <trkpt lat="57.766432" lon="12.031386">
        <ele>32.6</ele>
      </trkpt>
      <trkpt lat="57.766481" lon="12.031561">
        <ele>32.8</ele>
        <name>57.766437,12.031604</name>
        <extensions>
          <oa:Extension>
            <oa:mapZoom>16</oa:mapZoom>
          </oa:Extension>
        </extensions>
      </trkpt>
      <trkpt lat="57.766524" lon="12.031712">
        <ele>33.0</ele>
      </trkpt>
      <trkpt lat="57.766625" lon="12.031818">
        <ele>32.2</ele>
      </trkpt>
      <trkpt lat="57.766715" lon="12.031961">
        <ele>32.0</ele>
      </trkpt>
      <trkpt lat="57.766898" lon="12.03225">
        <ele>32.0</ele>
      </trkpt>
      <trkpt lat="57.766966" lon="12.032421">
        <ele>32.3</ele>
      </trkpt>
      <trkpt lat="57.767087" lon="12.032524">
        <ele>32.1</ele>
      </trkpt>
      <trkpt lat="57.767181" lon="12.032653">
        <ele>32.1</ele>
      </trkpt>
      <trkpt lat="57.767196" lon="12.032744">
        <ele>32.2</ele>
      </trkpt>
      <trkpt lat="57.76698" lon="12.033268">
        <ele>35.6</ele>
      </trkpt>
      <trkpt lat="57.766765" lon="12.033791">
        <ele>39.6</ele>
      </trkpt>
      <trkpt lat="57.766747" lon="12.034002">
        <ele>39.5</ele>
      </trkpt>
      <trkpt lat="57.766703" lon="12.034279">
        <ele>39.9</ele>
      </trkpt>
      <trkpt lat="57.766634" lon="12.034445">
        <ele>41.1</ele>
      </trkpt>
      <trkpt lat="57.766606" lon="12.034988">
        <ele>40.8</ele>
      </trkpt>
      <trkpt lat="57.766577" lon="12.035531">
        <ele>43.7</ele>
      </trkpt>
      <trkpt lat="57.766617" lon="12.035981">
        <ele>44.1</ele>
      </trkpt>
      <trkpt lat="57.766657" lon="12.036432">
        <ele>44.2</ele>
      </trkpt>
      <trkpt lat="57.766811" lon="12.037065">
        <ele>43.3</ele>
      </trkpt>
      <trkpt lat="57.766972" lon="12.037505">
        <ele>41.3</ele>
      </trkpt>
      <trkpt lat="57.767189" lon="12.038219">
        <ele>37.0</ele>
      </trkpt>
      <trkpt lat="57.767406" lon="12.038934">
        <ele>31.6</ele>
      </trkpt>
      <trkpt lat="57.767403" lon="12.03927">
        <ele>32.6</ele>
      </trkpt>
      <trkpt lat="57.767346" lon="12.039704">
        <ele>35.7</ele>
      </trkpt>
      <trkpt lat="57.767289" lon="12.040138">
        <ele>38.8</ele>
      </trkpt>
      <trkpt lat="57.767302" lon="12.040232">
        <ele>38.6</ele>
      </trkpt>
      <trkpt lat="57.767336" lon="12.040663">
        <ele>38.3</ele>
      </trkpt>
      <trkpt lat="57.767369" lon="12.041094">
        <ele>38.0</ele>
      </trkpt>
      <trkpt lat="57.767593" lon="12.041624">
        <ele>33.8</ele>
      </trkpt>
      <trkpt lat="57.767717" lon="12.042024">
        <ele>34.4</ele>
      </trkpt>
      <trkpt lat="57.767842" lon="12.042423">
        <ele>35.8</ele>
      </trkpt>
      <trkpt lat="57.767909" lon="12.042842">
        <ele>37.8</ele>
      </trkpt>
      <trkpt lat="57.767967" lon="12.04295">
        <ele>37.3</ele>
      </trkpt>
      <trkpt lat="57.76807" lon="12.043348">
        <ele>37.5</ele>
      </trkpt>
      <trkpt lat="57.768253" lon="12.043873">
        <ele>36.7</ele>
      </trkpt>
      <trkpt lat="57.768442" lon="12.044098">
        <ele>34.8</ele>
      </trkpt>
      <trkpt lat="57.768551" lon="12.044538">
        <ele>35.7</ele>
      </trkpt>
      <trkpt lat="57.768642" lon="12.044989">
        <ele>36.6</ele>
      </trkpt>
      <trkpt lat="57.768682" lon="12.045375">
        <ele>37.1</ele>
      </trkpt>
      <trkpt lat="57.768694" lon="12.045676">
        <ele>37.4</ele>
      </trkpt>
      <trkpt lat="57.768803" lon="12.04588">
        <ele>35.9</ele>
      </trkpt>
      <trkpt lat="57.768911" lon="12.04618">
        <ele>34.3</ele>
      </trkpt>
      <trkpt lat="57.768968" lon="12.046448">
        <ele>33.3</ele>
      </trkpt>
      <trkpt lat="57.769083" lon="12.046824">
        <ele>32.2</ele>
      </trkpt>
      <trkpt lat="57.769237" lon="12.047006">
        <ele>31.3</ele>
      </trkpt>
      <trkpt lat="57.769318" lon="12.047403">
        <ele>32.2</ele>
      </trkpt>
      <trkpt lat="57.769312" lon="12.047854">
        <ele>34.1</ele>
      </trkpt>
      <trkpt lat="57.769403" lon="12.048347">
        <ele>34.7</ele>
      </trkpt>
      <trkpt lat="57.769484" lon="12.048648">
        <ele>34.4</ele>
      </trkpt>
      <trkpt lat="57.769861" lon="12.048905">
        <ele>32.2</ele>
      </trkpt>
      <trkpt lat="57.769981" lon="12.048948">
        <ele>31.8</ele>
      </trkpt>
      <trkpt lat="57.77021" lon="12.048862">
        <ele>30.5</ele>
      </trkpt>
      <trkpt lat="57.770439" lon="12.049173">
        <ele>30.9</ele>
      </trkpt>
      <trkpt lat="57.770576" lon="12.049645">
        <ele>30.3</ele>
      </trkpt>
      <trkpt lat="57.770571" lon="12.050096">
        <ele>30.6</ele>
      </trkpt>
      <trkpt lat="57.770496" lon="12.050622">
        <ele>32.3</ele>
      </trkpt>
      <trkpt lat="57.770502" lon="12.051062">
        <ele>32.8</ele>
      </trkpt>
      <trkpt lat="57.770531" lon="12.051244">
        <ele>32.6</ele>
        <name>57.770541,12.051238</name>
        <extensions>
          <oa:Extension>
            <oa:mapZoom>16</oa:mapZoom>
          </oa:Extension>
        </extensions>
      </trkpt>
      <trkpt lat="57.770576" lon="12.051534">
        <ele>32.3</ele>
      </trkpt>
      <trkpt lat="57.770696" lon="12.052124">
        <ele>31.7</ele>
      </trkpt>
      <trkpt lat="57.770845" lon="12.052574">
        <ele>31.0</ele>
      </trkpt>
      <trkpt lat="57.770994" lon="12.053025">
        <ele>30.8</ele>
      </trkpt>
      <trkpt lat="57.77104" lon="12.053411">
        <ele>31.0</ele>
      </trkpt>
      <trkpt lat="57.771017" lon="12.053905">
        <ele>31.5</ele>
      </trkpt>
      <trkpt lat="57.770963" lon="12.054268">
        <ele>32.1</ele>
      </trkpt>
      <trkpt lat="57.770948" lon="12.054473">
        <ele>32.4</ele>
      </trkpt>
      <trkpt lat="57.77096" lon="12.054489">
        <ele>32.3</ele>
      </trkpt>
      <trkpt lat="57.771067" lon="12.054627">
        <ele>31.9</ele>
      </trkpt>
      <trkpt lat="57.771175" lon="12.054765">
        <ele>31.8</ele>
      </trkpt>
      <trkpt lat="57.771179" lon="12.054988">
        <ele>32.0</ele>
      </trkpt>
      <trkpt lat="57.771166" lon="12.055241">
        <ele>32.1</ele>
      </trkpt>
      <trkpt lat="57.771138" lon="12.055464">
        <ele>32.3</ele>
      </trkpt>
      <trkpt lat="57.771108" lon="12.055661">
        <ele>32.4</ele>
      </trkpt>
      <trkpt lat="57.771088" lon="12.055963">
        <ele>32.6</ele>
      </trkpt>
      <trkpt lat="57.771073" lon="12.056212">
        <ele>32.6</ele>
      </trkpt>
      <trkpt lat="57.771089" lon="12.05643">
        <ele>32.4</ele>
      </trkpt>
      <trkpt lat="57.771111" lon="12.056655">
        <ele>32.3</ele>
      </trkpt>
      <trkpt lat="57.771132" lon="12.056841">
        <ele>32.4</ele>
      </trkpt>
      <trkpt lat="57.77114" lon="12.057042">
        <ele>32.9</ele>
      </trkpt>
      <trkpt lat="57.771154" lon="12.057299">
        <ele>33.5</ele>
      </trkpt>
      <trkpt lat="57.771175" lon="12.057489">
        <ele>33.7</ele>
      </trkpt>
      <trkpt lat="57.771205" lon="12.057729">
        <ele>33.7</ele>
      </trkpt>
      <trkpt lat="57.771238" lon="12.05798">
        <ele>33.6</ele>
      </trkpt>
      <trkpt lat="57.771283" lon="12.058192">
        <ele>33.1</ele>
      </trkpt>
      <trkpt lat="57.771362" lon="12.058503">
        <ele>31.9</ele>
      </trkpt>
      <trkpt lat="57.771417" lon="12.058738">
        <ele>30.9</ele>
      </trkpt>
      <trkpt lat="57.771487" lon="12.059024">
        <ele>29.9</ele>
      </trkpt>
      <trkpt lat="57.771544" lon="12.059236">
        <ele>29.3</ele>
      </trkpt>
      <trkpt lat="57.771614" lon="12.059434">
        <ele>28.7</ele>
      </trkpt>
      <trkpt lat="57.771707" lon="12.059744">
        <ele>28.5</ele>
      </trkpt>
      <trkpt lat="57.77176" lon="12.059936">
        <ele>28.6</ele>
      </trkpt>
      <trkpt lat="57.771786" lon="12.060102">
        <ele>28.7</ele>
      </trkpt>
      <trkpt lat="57.771763" lon="12.060234">
        <ele>28.7</ele>
      </trkpt>
      <trkpt lat="57.771725" lon="12.06032">
        <ele>28.8</ele>
      </trkpt>
      <trkpt lat="57.771706" lon="12.060574">
        <ele>28.9</ele>
      </trkpt>
      <trkpt lat="57.7717" lon="12.06081">
        <ele>28.9</ele>
      </trkpt>
      <trkpt lat="57.771698" lon="12.060918">
        <ele>28.9</ele>
      </trkpt>
      <trkpt lat="57.771745" lon="12.061224">
        <ele>29.0</ele>
      </trkpt>
      <trkpt lat="57.77174" lon="12.061417">
        <ele>29.0</ele>
      </trkpt>
      <trkpt lat="57.771715" lon="12.061548">
        <ele>29.0</ele>
      </trkpt>
      <trkpt lat="57.77169" lon="12.061654">
        <ele>29.0</ele>
      </trkpt>
      <trkpt lat="57.771658" lon="12.061862">
        <ele>28.8</ele>
      </trkpt>
      <trkpt lat="57.771647" lon="12.062045">
        <ele>28.6</ele>
      </trkpt>
      <trkpt lat="57.771669" lon="12.062192">
        <ele>28.4</ele>
      </trkpt>
      <trkpt lat="57.771705" lon="12.062348">
        <ele>28.1</ele>
      </trkpt>
      <trkpt lat="57.771763" lon="12.06251">
        <ele>28.0</ele>
      </trkpt>
      <trkpt lat="57.771773" lon="12.062601">
        <ele>27.9</ele>
      </trkpt>
      <trkpt lat="57.771748" lon="12.0627">
        <ele>27.7</ele>
      </trkpt>
      <trkpt lat="57.771713" lon="12.062767">
        <ele>27.6</ele>
      </trkpt>
      <trkpt lat="57.771669" lon="12.062834">
        <ele>27.5</ele>
      </trkpt>
      <trkpt lat="57.771623" lon="12.062882">
        <ele>27.6</ele>
      </trkpt>
      <trkpt lat="57.771556" lon="12.062921">
        <ele>27.9</ele>
      </trkpt>
      <trkpt lat="57.771499" lon="12.062981">
        <ele>28.3</ele>
      </trkpt>
      <trkpt lat="57.771465" lon="12.0631">
        <ele>28.5</ele>
      </trkpt>
      <trkpt lat="57.77146" lon="12.063217">
        <ele>28.5</ele>
      </trkpt>
      <trkpt lat="57.771475" lon="12.063308">
        <ele>28.4</ele>
      </trkpt>
      <trkpt lat="57.771523" lon="12.063416">
        <ele>27.9</ele>
      </trkpt>
      <trkpt lat="57.771585" lon="12.063539">
        <ele>27.4</ele>
      </trkpt>
      <trkpt lat="57.771649" lon="12.063647">
        <ele>27.0</ele>
      </trkpt>
      <trkpt lat="57.771726" lon="12.063794">
        <ele>26.8</ele>
      </trkpt>
      <trkpt lat="57.771797" lon="12.063954">
        <ele>26.9</ele>
      </trkpt>
      <trkpt lat="57.771861" lon="12.064131">
        <ele>27.0</ele>
      </trkpt>
      <trkpt lat="57.771886" lon="12.064267">
        <ele>27.1</ele>
      </trkpt>
      <trkpt lat="57.771901" lon="12.064371">
        <ele>27.1</ele>
      </trkpt>
      <trkpt lat="57.771921" lon="12.064568">
        <ele>27.0</ele>
      </trkpt>
      <trkpt lat="57.771925" lon="12.064734">
        <ele>26.9</ele>
      </trkpt>
      <trkpt lat="57.771927" lon="12.064944">
        <ele>26.8</ele>
      </trkpt>
      <trkpt lat="57.771917" lon="12.065164">
        <ele>26.6</ele>
      </trkpt>
      <trkpt lat="57.771901" lon="12.065411">
        <ele>26.3</ele>
      </trkpt>
      <trkpt lat="57.771896" lon="12.065599">
        <ele>26.2</ele>
      </trkpt>
      <trkpt lat="57.771895" lon="12.065774">
        <ele>26.1</ele>
      </trkpt>
      <trkpt lat="57.771916" lon="12.066005">
        <ele>26.0</ele>
      </trkpt>
      <trkpt lat="57.771946" lon="12.066161">
        <ele>25.9</ele>
      </trkpt>
      <trkpt lat="57.772034" lon="12.06634">
        <ele>25.8</ele>
      </trkpt>
      <trkpt lat="57.772087" lon="12.066412">
        <ele>25.6</ele>
      </trkpt>
      <trkpt lat="57.772214" lon="12.066485">
        <ele>25.5</ele>
      </trkpt>
      <trkpt lat="57.772349" lon="12.066533">
        <ele>25.3</ele>
      </trkpt>
      <trkpt lat="57.772497" lon="12.066554">
        <ele>25.2</ele>
      </trkpt>
      <trkpt lat="57.772632" lon="12.066563">
        <ele>25.1</ele>
      </trkpt>
      <trkpt lat="57.772753" lon="12.066565">
        <ele>25.1</ele>
      </trkpt>
      <trkpt lat="57.772859" lon="12.066563">
        <ele>25.2</ele>
      </trkpt>
      <trkpt lat="57.772927" lon="12.06658">
        <ele>25.3</ele>
      </trkpt>
      <trkpt lat="57.772972" lon="12.066645">
        <ele>25.2</ele>
      </trkpt>
      <trkpt lat="57.773019" lon="12.066796">
        <ele>25.1</ele>
      </trkpt>
      <trkpt lat="57.773051" lon="12.066861">
        <ele>25.1</ele>
      </trkpt>
      <trkpt lat="57.773134" lon="12.066878">
        <ele>25.2</ele>
      </trkpt>
      <trkpt lat="57.773246" lon="12.066848">
        <ele>25.5</ele>
      </trkpt>
      <trkpt lat="57.773356" lon="12.066768">
        <ele>25.9</ele>
      </trkpt>
      <trkpt lat="57.773458" lon="12.066703">
        <ele>26.3</ele>
      </trkpt>
      <trkpt lat="57.773557" lon="12.066643">
        <ele>26.9</ele>
      </trkpt>
      <trkpt lat="57.773653" lon="12.066641">
        <ele>27.3</ele>
      </trkpt>
      <trkpt lat="57.773718" lon="12.066695">
        <ele>27.4</ele>
      </trkpt>
      <trkpt lat="57.77379" lon="12.066766">
        <ele>27.6</ele>
      </trkpt>
      <trkpt lat="57.773837" lon="12.06687">
        <ele>27.6</ele>
      </trkpt>
      <trkpt lat="57.773894" lon="12.067036">
        <ele>27.7</ele>
      </trkpt>
      <trkpt lat="57.773953" lon="12.067248">
        <ele>27.6</ele>
      </trkpt>
      <trkpt lat="57.773999" lon="12.06744">
        <ele>27.4</ele>
      </trkpt>
      <trkpt lat="57.774049" lon="12.067635">
        <ele>27.1</ele>
      </trkpt>
      <trkpt lat="57.774112" lon="12.067886">
        <ele>26.3</ele>
      </trkpt>
      <trkpt lat="57.774135" lon="12.06802">
        <ele>25.8</ele>
      </trkpt>
      <trkpt lat="57.774145" lon="12.068147">
        <ele>25.4</ele>
      </trkpt>
      <trkpt lat="57.774154" lon="12.068342">
        <ele>24.9</ele>
      </trkpt>
      <trkpt lat="57.774174" lon="12.068554">
        <ele>24.8</ele>
      </trkpt>
      <trkpt lat="57.774195" lon="12.068726">
        <ele>24.8</ele>
      </trkpt>
      <trkpt lat="57.774197" lon="12.068734">
        <ele>24.8</ele>
        <name>57.774168,12.068760</name>
        <extensions>
          <oa:Extension>
            <oa:mapZoom>16</oa:mapZoom>
          </oa:Extension>
        </extensions>
      </trkpt>
      <trkpt lat="57.774224" lon="12.068834">
        <ele>24.9</ele>
      </trkpt>
      <trkpt lat="57.774273" lon="12.068936">
        <ele>25.1</ele>
      </trkpt>
      <trkpt lat="57.774394" lon="12.069081">
        <ele>25.6</ele>
      </trkpt>
      <trkpt lat="57.774462" lon="12.069135">
        <ele>25.9</ele>
      </trkpt>
      <trkpt lat="57.77454" lon="12.069226">
        <ele>26.3</ele>
      </trkpt>
      <trkpt lat="57.774612" lon="12.069336">
        <ele>26.5</ele>
      </trkpt>
      <trkpt lat="57.774674" lon="12.069425">
        <ele>26.6</ele>
      </trkpt>
      <trkpt lat="57.774751" lon="12.069554">
        <ele>26.5</ele>
      </trkpt>
      <trkpt lat="57.774824" lon="12.069697">
        <ele>26.3</ele>
      </trkpt>
      <trkpt lat="57.774891" lon="12.069801">
        <ele>26.1</ele>
      </trkpt>
      <trkpt lat="57.774942" lon="12.069844">
        <ele>26.1</ele>
      </trkpt>
      <trkpt lat="57.775022" lon="12.069837">
        <ele>26.1</ele>
      </trkpt>
      <trkpt lat="57.775113" lon="12.069805">
        <ele>26.2</ele>
      </trkpt>
      <trkpt lat="57.775191" lon="12.069751">
        <ele>26.3</ele>
      </trkpt>
      <trkpt lat="57.775254" lon="12.06969">
        <ele>26.5</ele>
      </trkpt>
      <trkpt lat="57.775327" lon="12.0696">
        <ele>26.9</ele>
      </trkpt>
      <trkpt lat="57.775396" lon="12.069464">
        <ele>27.6</ele>
      </trkpt>
      <trkpt lat="57.775454" lon="12.069386">
        <ele>28.0</ele>
      </trkpt>
      <trkpt lat="57.775551" lon="12.069334">
        <ele>28.2</ele>
      </trkpt>
      <trkpt lat="57.775642" lon="12.069355">
        <ele>28.0</ele>
      </trkpt>
      <trkpt lat="57.775712" lon="12.069418">
        <ele>27.6</ele>
      </trkpt>
      <trkpt lat="57.775786" lon="12.069539">
        <ele>26.8</ele>
      </trkpt>
      <trkpt lat="57.77586" lon="12.069615">
        <ele>26.3</ele>
      </trkpt>
      <trkpt lat="57.775957" lon="12.069736">
        <ele>25.7</ele>
      </trkpt>
      <trkpt lat="57.776032" lon="12.069801">
        <ele>25.5</ele>
      </trkpt>
      <trkpt lat="57.776138" lon="12.06985">
        <ele>25.5</ele>
      </trkpt>
      <trkpt lat="57.776243" lon="12.069861">
        <ele>25.6</ele>
      </trkpt>
      <trkpt lat="57.77634" lon="12.069831">
        <ele>25.9</ele>
      </trkpt>
      <trkpt lat="57.776407" lon="12.069798">
        <ele>26.1</ele>
      </trkpt>
      <trkpt lat="57.776503" lon="12.069718">
        <ele>26.6</ele>
      </trkpt>
      <trkpt lat="57.776631" lon="12.069621">
        <ele>27.1</ele>
      </trkpt>
      <trkpt lat="57.776743" lon="12.069528">
        <ele>27.6</ele>
      </trkpt>
      <trkpt lat="57.776826" lon="12.069461">
        <ele>27.9</ele>
      </trkpt>
      <trkpt lat="57.776889" lon="12.06939">
        <ele>28.2</ele>
      </trkpt>
      <trkpt lat="57.776895" lon="12.069309">
        <ele>28.6</ele>
      </trkpt>
      <trkpt lat="57.776928" lon="12.06921">
        <ele>28.9</ele>
      </trkpt>
      <trkpt lat="57.776998" lon="12.069153">
        <ele>29.0</ele>
      </trkpt>
      <trkpt lat="57.777109" lon="12.069088">
        <ele>29.2</ele>
      </trkpt>
      <trkpt lat="57.77722" lon="12.069008">
        <ele>29.4</ele>
      </trkpt>
      <trkpt lat="57.777343" lon="12.068924">
        <ele>29.5</ele>
      </trkpt>
      <trkpt lat="57.777454" lon="12.068862">
        <ele>29.7</ele>
      </trkpt>
      <trkpt lat="57.777533" lon="12.06882">
        <ele>29.8</ele>
      </trkpt>
      <trkpt lat="57.777668" lon="12.068728">
        <ele>30.0</ele>
      </trkpt>
      <trkpt lat="57.777775" lon="12.068673">
        <ele>30.2</ele>
      </trkpt>
      <trkpt lat="57.77789" lon="12.068641">
        <ele>30.4</ele>
      </trkpt>
      <trkpt lat="57.778064" lon="12.068652">
        <ele>30.5</ele>
      </trkpt>
      <trkpt lat="57.778243" lon="12.068673">
        <ele>30.5</ele>
      </trkpt>
      <trkpt lat="57.778377" lon="12.068706">
        <ele>30.6</ele>
      </trkpt>
      <trkpt lat="57.778476" lon="12.068712">
        <ele>30.7</ele>
      </trkpt>
      <trkpt lat="57.778597" lon="12.068702">
        <ele>30.9</ele>
      </trkpt>
      <trkpt lat="57.778702" lon="12.068714">
        <ele>31.1</ele>
      </trkpt>
      <trkpt lat="57.778784" lon="12.068728">
        <ele>31.2</ele>
      </trkpt>
      <trkpt lat="57.778877" lon="12.068749">
        <ele>31.3</ele>
      </trkpt>
      <trkpt lat="57.778934" lon="12.068743">
        <ele>31.4</ele>
      </trkpt>
      <trkpt lat="57.778974" lon="12.068714">
        <ele>31.5</ele>
      </trkpt>
      <trkpt lat="57.779019" lon="12.068615">
        <ele>31.9</ele>
      </trkpt>
      <trkpt lat="57.779047" lon="12.068546">
        <ele>32.2</ele>
      </trkpt>
      <trkpt lat="57.779072" lon="12.068474">
        <ele>32.5</ele>
      </trkpt>
      <trkpt lat="57.779291" lon="12.068487">
        <ele>32.2</ele>
      </trkpt>
      <trkpt lat="57.779466" lon="12.068494">
        <ele>31.6</ele>
      </trkpt>
      <trkpt lat="57.779533" lon="12.06824">
        <ele>32.1</ele>
      </trkpt>
      <trkpt lat="57.779598" lon="12.068007">
        <ele>32.9</ele>
      </trkpt>
      <trkpt lat="57.779668" lon="12.067769">
        <ele>33.9</ele>
      </trkpt>
      <trkpt lat="57.779682" lon="12.067722">
        <ele>34.1</ele>
        <name>57.779727,12.067769</name>
        <extensions>
          <oa:Extension>
            <oa:mapZoom>16</oa:mapZoom>
          </oa:Extension>
        </extensions>
      </trkpt>
      <trkpt lat="57.779735" lon="12.067543">
        <ele>34.9</ele>
      </trkpt>
      <trkpt lat="57.779797" lon="12.067341">
        <ele>35.5</ele>
      </trkpt>
      <trkpt lat="57.779865" lon="12.067115">
        <ele>36.0</ele>
      </trkpt>
      <trkpt lat="57.779932" lon="12.06691">
        <ele>36.4</ele>
      </trkpt>
      <trkpt lat="57.780005" lon="12.066754">
        <ele>36.6</ele>
      </trkpt>
      <trkpt lat="57.780103" lon="12.06661">
        <ele>36.6</ele>
      </trkpt>
      <trkpt lat="57.780211" lon="12.066488">
        <ele>36.4</ele>
      </trkpt>
      <trkpt lat="57.780366" lon="12.066412">
        <ele>35.6</ele>
      </trkpt>
      <trkpt lat="57.780509" lon="12.066354">
        <ele>34.8</ele>
      </trkpt>
      <trkpt lat="57.780667" lon="12.06625">
        <ele>34.5</ele>
      </trkpt>
      <trkpt lat="57.780807" lon="12.066155">
        <ele>34.5</ele>
      </trkpt>
      <trkpt lat="57.780931" lon="12.066109">
        <ele>34.5</ele>
      </trkpt>
      <trkpt lat="57.781034" lon="12.066109">
        <ele>34.4</ele>
      </trkpt>
      <trkpt lat="57.781145" lon="12.066164">
        <ele>33.9</ele>
      </trkpt>
      <trkpt lat="57.781226" lon="12.066237">
        <ele>33.3</ele>
      </trkpt>
      <trkpt lat="57.781306" lon="12.066354">
        <ele>32.4</ele>
      </trkpt>
      <trkpt lat="57.781382" lon="12.066516">
        <ele>31.3</ele>
      </trkpt>
      <trkpt lat="57.781459" lon="12.066662">
        <ele>30.7</ele>
      </trkpt>
      <trkpt lat="57.781549" lon="12.066821">
        <ele>30.6</ele>
      </trkpt>
      <trkpt lat="57.78163" lon="12.066934">
        <ele>30.7</ele>
      </trkpt>
      <trkpt lat="57.781749" lon="12.067032">
        <ele>31.1</ele>
      </trkpt>
      <trkpt lat="57.781826" lon="12.067075">
        <ele>31.4</ele>
      </trkpt>
      <trkpt lat="57.781997" lon="12.067142">
        <ele>32.0</ele>
      </trkpt>
      <trkpt lat="57.782108" lon="12.0672">
        <ele>32.5</ele>
      </trkpt>
      <trkpt lat="57.782261" lon="12.067261">
        <ele>33.1</ele>
      </trkpt>
      <trkpt lat="57.782435" lon="12.067286">
        <ele>33.5</ele>
      </trkpt>
      <trkpt lat="57.782602" lon="12.067286">
        <ele>33.7</ele>
      </trkpt>
      <trkpt lat="57.782774" lon="12.067252">
        <ele>33.6</ele>
      </trkpt>
      <trkpt lat="57.782882" lon="12.06717">
        <ele>33.3</ele>
      </trkpt>
      <trkpt lat="57.782994" lon="12.067048">
        <ele>33.0</ele>
      </trkpt>
      <trkpt lat="57.783103" lon="12.066861">
        <ele>32.7</ele>
      </trkpt>
      <trkpt lat="57.783221" lon="12.066656">
        <ele>32.9</ele>
      </trkpt>
      <trkpt lat="57.783372" lon="12.066399">
        <ele>34.0</ele>
      </trkpt>
      <trkpt lat="57.783483" lon="12.066219">
        <ele>34.9</ele>
      </trkpt>
      <trkpt lat="57.783625" lon="12.066057">
        <ele>35.5</ele>
      </trkpt>
      <trkpt lat="57.783773" lon="12.06595">
        <ele>35.5</ele>
      </trkpt>
      <trkpt lat="57.783967" lon="12.065788">
        <ele>35.2</ele>
      </trkpt>
      <trkpt lat="57.784052" lon="12.065709">
        <ele>35.0</ele>
      </trkpt>
      <trkpt lat="57.784107" lon="12.065599">
        <ele>34.8</ele>
      </trkpt>
      <trkpt lat="57.784155" lon="12.065421">
        <ele>34.7</ele>
      </trkpt>
      <trkpt lat="57.784163" lon="12.065137">
        <ele>34.8</ele>
      </trkpt>
      <trkpt lat="57.784168" lon="12.064822">
        <ele>35.6</ele>
      </trkpt>
      <trkpt lat="57.784176" lon="12.06455">
        <ele>36.9</ele>
      </trkpt>
      <trkpt lat="57.784177" lon="12.064192">
        <ele>38.8</ele>
      </trkpt>
      <trkpt lat="57.784203" lon="12.063859">
        <ele>39.9</ele>
      </trkpt>
      <trkpt lat="57.784261" lon="12.063581">
        <ele>40.5</ele>
      </trkpt>
      <trkpt lat="57.784345" lon="12.06345">
        <ele>40.5</ele>
      </trkpt>
      <trkpt lat="57.784405" lon="12.0633">
        <ele>41.1</ele>
      </trkpt>
      <trkpt lat="57.78448" lon="12.063193">
        <ele>41.5</ele>
      </trkpt>
      <trkpt lat="57.784518" lon="12.063003">
        <ele>43.6</ele>
      </trkpt>
      <trkpt lat="57.784547" lon="12.06278">
        <ele>46.8</ele>
      </trkpt>
      <trkpt lat="57.78458" lon="12.062536">
        <ele>50.2</ele>
      </trkpt>
      <trkpt lat="57.784643" lon="12.06238">
        <ele>51.7</ele>
      </trkpt>
      <trkpt lat="57.784739" lon="12.062294">
        <ele>52.0</ele>
      </trkpt>
      <trkpt lat="57.784837" lon="12.062242">
        <ele>51.8</ele>
      </trkpt>
      <trkpt lat="57.784958" lon="12.062245">
        <ele>50.6</ele>
      </trkpt>
      <trkpt lat="57.785142" lon="12.062279">
        <ele>48.2</ele>
      </trkpt>
      <trkpt lat="57.78524" lon="12.062346">
        <ele>46.3</ele>
      </trkpt>
      <trkpt lat="57.785315" lon="12.062426">
        <ele>44.6</ele>
      </trkpt>
      <trkpt lat="57.785393" lon="12.062545">
        <ele>42.6</ele>
      </trkpt>
      <trkpt lat="57.78547" lon="12.062572">
        <ele>41.5</ele>
      </trkpt>
      <trkpt lat="57.785582" lon="12.062545">
        <ele>40.7</ele>
      </trkpt>
      <trkpt lat="57.785684" lon="12.062479">
        <ele>40.3</ele>
        <name>57.785682,12.062465</name>
        <extensions>
          <oa:Extension>
            <oa:mapZoom>15</oa:mapZoom>
          </oa:Extension>
        </extensions>
      </trkpt>
      <trkpt lat="57.785696" lon="12.062472">
        <ele>40.2</ele>
      </trkpt>
      <trkpt lat="57.785784" lon="12.062313">
        <ele>40.5</ele>
      </trkpt>
      <trkpt lat="57.785884" lon="12.062233">
        <ele>40.0</ele>
      </trkpt>
      <trkpt lat="57.785996" lon="12.06216">
        <ele>39.4</ele>
      </trkpt>
      <trkpt lat="57.786079" lon="12.062062">
        <ele>39.0</ele>
      </trkpt>
      <trkpt lat="57.786201" lon="12.061998">
        <ele>38.1</ele>
      </trkpt>
      <trkpt lat="57.786349" lon="12.061912">
        <ele>37.1</ele>
      </trkpt>
      <trkpt lat="57.786433" lon="12.061811">
        <ele>36.8</ele>
      </trkpt>
      <trkpt lat="57.786494" lon="12.061683">
        <ele>36.9</ele>
      </trkpt>
      <trkpt lat="57.786532" lon="12.061597">
        <ele>37.2</ele>
      </trkpt>
      <trkpt lat="57.786617" lon="12.061496">
        <ele>37.4</ele>
      </trkpt>
      <trkpt lat="57.786667" lon="12.061512">
        <ele>37.0</ele>
      </trkpt>
      <trkpt lat="57.786802" lon="12.061622">
        <ele>35.8</ele>
      </trkpt>
      <trkpt lat="57.786856" lon="12.061619">
        <ele>35.8</ele>
      </trkpt>
      <trkpt lat="57.786915" lon="12.061518">
        <ele>36.3</ele>
      </trkpt>
      <trkpt lat="57.786965" lon="12.061396">
        <ele>37.1</ele>
      </trkpt>
      <trkpt lat="57.787013" lon="12.061273">
        <ele>37.8</ele>
      </trkpt>
      <trkpt lat="57.787067" lon="12.061179">
        <ele>38.4</ele>
      </trkpt>
      <trkpt lat="57.787078" lon="12.060995">
        <ele>39.6</ele>
      </trkpt>
      <trkpt lat="57.787067" lon="12.060858">
        <ele>40.5</ele>
      </trkpt>
      <trkpt lat="57.787123" lon="12.060757">
        <ele>40.7</ele>
      </trkpt>
      <trkpt lat="57.787229" lon="12.060683">
        <ele>40.1</ele>
      </trkpt>
      <trkpt lat="57.787356" lon="12.060601">
        <ele>39.3</ele>
      </trkpt>
      <trkpt lat="57.78743" lon="12.060518">
        <ele>38.7</ele>
      </trkpt>
      <trkpt lat="57.787521" lon="12.060399">
        <ele>37.9</ele>
      </trkpt>
      <trkpt lat="57.787537" lon="12.060252">
        <ele>37.8</ele>
      </trkpt>
      <trkpt lat="57.787555" lon="12.060097">
        <ele>37.9</ele>
      </trkpt>
      <trkpt lat="57.787635" lon="12.059938">
        <ele>37.7</ele>
      </trkpt>
      <trkpt lat="57.787734" lon="12.059846">
        <ele>37.0</ele>
      </trkpt>
      <trkpt lat="57.787837" lon="12.059718">
        <ele>36.6</ele>
      </trkpt>
      <trkpt lat="57.787907" lon="12.059598">
        <ele>36.6</ele>
      </trkpt>
      <trkpt lat="57.787964" lon="12.059436">
        <ele>37.1</ele>
      </trkpt>
      <trkpt lat="57.788007" lon="12.059338">
        <ele>37.2</ele>
      </trkpt>
      <trkpt lat="57.788098" lon="12.059238">
        <ele>36.5</ele>
      </trkpt>
      <trkpt lat="57.788202" lon="12.059146">
        <ele>35.4</ele>
      </trkpt>
      <trkpt lat="57.788266" lon="12.059048">
        <ele>35.0</ele>
      </trkpt>
      <trkpt lat="57.788355" lon="12.058883">
        <ele>34.4</ele>
      </trkpt>
      <trkpt lat="57.788427" lon="12.058764">
        <ele>34.0</ele>
      </trkpt>
      <trkpt lat="57.788495" lon="12.058672">
        <ele>33.7</ele>
      </trkpt>
      <trkpt lat="57.788569" lon="12.058556">
        <ele>33.6</ele>
      </trkpt>
      <trkpt lat="57.78866" lon="12.058482">
        <ele>33.6</ele>
      </trkpt>
      <trkpt lat="57.788786" lon="12.058558">
        <ele>33.6</ele>
      </trkpt>
      <trkpt lat="57.788839" lon="12.0586">
        <ele>33.6</ele>
      </trkpt>
      <trkpt lat="57.788887" lon="12.058617">
        <ele>33.7</ele>
      </trkpt>
      <trkpt lat="57.789007" lon="12.058669">
        <ele>34.0</ele>
      </trkpt>
      <trkpt lat="57.789129" lon="12.058721">
        <ele>34.4</ele>
      </trkpt>
      <trkpt lat="57.789255" lon="12.058736">
        <ele>34.7</ele>
      </trkpt>
      <trkpt lat="57.789413" lon="12.058767">
        <ele>35.4</ele>
      </trkpt>
      <trkpt lat="57.789533" lon="12.0588">
        <ele>36.0</ele>
      </trkpt>
      <trkpt lat="57.78966" lon="12.058856">
        <ele>36.6</ele>
      </trkpt>
      <trkpt lat="57.789804" lon="12.058926">
        <ele>37.2</ele>
      </trkpt>
      <trkpt lat="57.789932" lon="12.058999">
        <ele>37.5</ele>
      </trkpt>
      <trkpt lat="57.790042" lon="12.059057">
        <ele>37.5</ele>
      </trkpt>
      <trkpt lat="57.790188" lon="12.05914">
        <ele>37.4</ele>
      </trkpt>
      <trkpt lat="57.79032" lon="12.059183">
        <ele>37.2</ele>
      </trkpt>
      <trkpt lat="57.790428" lon="12.059192">
        <ele>37.1</ele>
      </trkpt>
      <trkpt lat="57.790552" lon="12.059186">
        <ele>37.1</ele>
      </trkpt>
      <trkpt lat="57.790676" lon="12.059183">
        <ele>37.0</ele>
      </trkpt>
      <trkpt lat="57.790775" lon="12.059173">
        <ele>37.0</ele>
      </trkpt>
      <trkpt lat="57.790954" lon="12.05914">
        <ele>37.1</ele>
      </trkpt>
      <trkpt lat="57.791066" lon="12.05906">
        <ele>37.4</ele>
      </trkpt>
      <trkpt lat="57.791155" lon="12.059018">
        <ele>37.5</ele>
      </trkpt>
      <trkpt lat="57.791212" lon="12.059042">
        <ele>37.3</ele>
      </trkpt>
      <trkpt lat="57.791295" lon="12.059149">
        <ele>36.6</ele>
      </trkpt>
      <trkpt lat="57.791358" lon="12.059152">
        <ele>36.5</ele>
      </trkpt>
      <trkpt lat="57.791423" lon="12.059085">
        <ele>36.7</ele>
      </trkpt>
      <trkpt lat="57.791539" lon="12.058935">
        <ele>37.1</ele>
      </trkpt>
      <trkpt lat="57.791658" lon="12.058825">
        <ele>37.2</ele>
      </trkpt>
      <trkpt lat="57.79177" lon="12.058755">
        <ele>37.2</ele>
      </trkpt>
      <trkpt lat="57.791897" lon="12.058767">
        <ele>36.9</ele>
      </trkpt>
      <trkpt lat="57.791972" lon="12.05884">
        <ele>36.5</ele>
      </trkpt>
      <trkpt lat="57.792037" lon="12.058987">
        <ele>36.0</ele>
      </trkpt>
      <trkpt lat="57.79208" lon="12.059183">
        <ele>35.2</ele>
      </trkpt>
      <trkpt lat="57.792152" lon="12.05943">
        <ele>33.7</ele>
      </trkpt>
      <trkpt lat="57.792192" lon="12.059623">
        <ele>32.5</ele>
      </trkpt>
      <trkpt lat="57.792228" lon="12.059961">
        <ele>30.9</ele>
      </trkpt>
      <trkpt lat="57.792248" lon="12.060098">
        <ele>30.7</ele>
      </trkpt>
      <trkpt lat="57.792334" lon="12.060186">
        <ele>30.5</ele>
      </trkpt>
      <trkpt lat="57.792374" lon="12.060213">
        <ele>30.5</ele>
      </trkpt>
      <trkpt lat="57.792406" lon="12.060226">
        <ele>30.6</ele>
      </trkpt>
      <trkpt lat="57.792458" lon="12.060256">
        <ele>30.6</ele>
      </trkpt>
      <trkpt lat="57.792501" lon="12.060298">
        <ele>30.7</ele>
      </trkpt>
      <trkpt lat="57.792583" lon="12.060372">
        <ele>31.0</ele>
      </trkpt>
      <trkpt lat="57.792632" lon="12.060626">
        <ele>31.2</ele>
      </trkpt>
      <trkpt lat="57.792731" lon="12.060834">
        <ele>31.5</ele>
      </trkpt>
      <trkpt lat="57.792773" lon="12.060945">
        <ele>31.6</ele>
      </trkpt>
      <trkpt lat="57.792798" lon="12.061101">
        <ele>31.5</ele>
      </trkpt>
      <trkpt lat="57.792751" lon="12.061372">
        <ele>31.0</ele>
      </trkpt>
      <trkpt lat="57.792702" lon="12.061526">
        <ele>30.9</ele>
      </trkpt>
      <trkpt lat="57.792548" lon="12.06173">
        <ele>30.9</ele>
      </trkpt>
      <trkpt lat="57.792394" lon="12.061923">
        <ele>31.6</ele>
      </trkpt>
      <trkpt lat="57.792234" lon="12.06232">
        <ele>33.0</ele>
      </trkpt>
      <trkpt lat="57.792096" lon="12.062674">
        <ele>34.1</ele>
      </trkpt>
      <trkpt lat="57.792096" lon="12.062899">
        <ele>34.0</ele>
      </trkpt>
      <trkpt lat="57.792176" lon="12.063017">
        <ele>33.6</ele>
      </trkpt>
      <trkpt lat="57.792291" lon="12.063071">
        <ele>33.2</ele>
      </trkpt>
      <trkpt lat="57.792388" lon="12.063275">
        <ele>33.2</ele>
      </trkpt>
      <trkpt lat="57.792599" lon="12.063296">
        <ele>32.6</ele>
      </trkpt>
      <trkpt lat="57.792771" lon="12.063049">
        <ele>32.0</ele>
      </trkpt>
      <trkpt lat="57.792948" lon="12.062824">
        <ele>32.1</ele>
      </trkpt>
      <trkpt lat="57.7932" lon="12.062599">
        <ele>32.6</ele>
      </trkpt>
      <trkpt lat="57.793411" lon="12.062556">
        <ele>33.1</ele>
      </trkpt>
      <trkpt lat="57.793673" lon="12.06272">
        <ele>33.1</ele>
      </trkpt>
      <trkpt lat="57.794006" lon="12.062899">
        <ele>33.0</ele>
      </trkpt>
      <trkpt lat="57.794178" lon="12.062953">
        <ele>33.6</ele>
      </trkpt>
      <trkpt lat="57.794289" lon="12.063189">
        <ele>33.1</ele>
      </trkpt>
      <trkpt lat="57.794309" lon="12.063489">
        <ele>32.6</ele>
      </trkpt>
      <trkpt lat="57.794275" lon="12.063774">
        <ele>32.8</ele>
      </trkpt>
      <trkpt lat="57.794235" lon="12.064036">
        <ele>33.1</ele>
      </trkpt>
      <trkpt lat="57.794249" lon="12.064235">
        <ele>33.5</ele>
      </trkpt>
      <trkpt lat="57.794255" lon="12.064535">
        <ele>33.8</ele>
      </trkpt>
      <trkpt lat="57.794186" lon="12.064825">
        <ele>33.8</ele>
      </trkpt>
      <trkpt lat="57.79412" lon="12.06505">
        <ele>33.9</ele>
      </trkpt>
      <trkpt lat="57.794059" lon="12.065295">
        <ele>34.0</ele>
      </trkpt>
      <trkpt lat="57.793963" lon="12.065368">
        <ele>33.8</ele>
      </trkpt>
      <trkpt lat="57.793792" lon="12.065447">
        <ele>33.7</ele>
      </trkpt>
      <trkpt lat="57.79369" lon="12.065606">
        <ele>33.6</ele>
      </trkpt>
      <trkpt lat="57.793593" lon="12.065804">
        <ele>33.5</ele>
      </trkpt>
      <trkpt lat="57.793506" lon="12.066053">
        <ele>33.4</ele>
      </trkpt>
      <trkpt lat="57.793497" lon="12.066488">
        <ele>33.2</ele>
      </trkpt>
      <trkpt lat="57.793506" lon="12.066863">
        <ele>32.8</ele>
      </trkpt>
      <trkpt lat="57.793551" lon="12.067158">
        <ele>32.4</ele>
      </trkpt>
      <trkpt lat="57.793606" lon="12.06732">
        <ele>32.2</ele>
      </trkpt>
      <trkpt lat="57.793695" lon="12.067493">
        <ele>32.2</ele>
      </trkpt>
      <trkpt lat="57.793761" lon="12.067646">
        <ele>32.0</ele>
      </trkpt>
      <trkpt lat="57.793803" lon="12.067802">
        <ele>31.7</ele>
      </trkpt>
      <trkpt lat="57.793846" lon="12.068108">
        <ele>30.9</ele>
      </trkpt>
      <trkpt lat="57.793875" lon="12.068225">
        <ele>30.7</ele>
      </trkpt>
      <trkpt lat="57.793941" lon="12.068456">
        <ele>30.7</ele>
      </trkpt>
      <trkpt lat="57.794084" lon="12.068772">
        <ele>31.5</ele>
      </trkpt>
      <trkpt lat="57.794245" lon="12.069063">
        <ele>32.3</ele>
      </trkpt>
      <trkpt lat="57.794307" lon="12.06913">
        <ele>32.6</ele>
      </trkpt>
      <trkpt lat="57.794329" lon="12.069202">
        <ele>32.7</ele>
      </trkpt>
      <trkpt lat="57.794344" lon="12.069307">
        <ele>32.7</ele>
      </trkpt>
      <trkpt lat="57.794392" lon="12.069519">
        <ele>32.7</ele>
      </trkpt>
      <trkpt lat="57.794442" lon="12.069655">
        <ele>32.8</ele>
      </trkpt>
      <trkpt lat="57.794554" lon="12.069828">
        <ele>33.0</ele>
      </trkpt>
      <trkpt lat="57.794592" lon="12.069974">
        <ele>32.9</ele>
      </trkpt>
      <trkpt lat="57.794609" lon="12.070095">
        <ele>32.8</ele>
      </trkpt>
      <trkpt lat="57.794601" lon="12.070238">
        <ele>32.6</ele>
      </trkpt>
      <trkpt lat="57.794558" lon="12.070478">
        <ele>32.3</ele>
      </trkpt>
      <trkpt lat="57.794542" lon="12.070646">
        <ele>32.2</ele>
      </trkpt>
      <trkpt lat="57.794545" lon="12.07074">
        <ele>32.1</ele>
      </trkpt>
      <trkpt lat="57.79457" lon="12.070833">
        <ele>32.1</ele>
      </trkpt>
      <trkpt lat="57.794595" lon="12.070871">
        <ele>32.2</ele>
      </trkpt>
      <trkpt lat="57.794598" lon="12.070904">
        <ele>32.2</ele>
      </trkpt>
      <trkpt lat="57.794558" lon="12.071063">
        <ele>31.9</ele>
      </trkpt>
      <trkpt lat="57.794534" lon="12.071178">
        <ele>31.7</ele>
      </trkpt>
      <trkpt lat="57.794535" lon="12.071211">
        <ele>31.7</ele>
      </trkpt>
      <trkpt lat="57.794546" lon="12.071237">
        <ele>31.7</ele>
      </trkpt>
      <trkpt lat="57.794609" lon="12.071286">
        <ele>31.7</ele>
      </trkpt>
      <trkpt lat="57.794724" lon="12.071352">
        <ele>31.8</ele>
      </trkpt>
      <trkpt lat="57.794764" lon="12.071396">
        <ele>31.8</ele>
      </trkpt>
      <trkpt lat="57.794799" lon="12.07144">
        <ele>31.8</ele>
      </trkpt>
      <trkpt lat="57.79483" lon="12.071513">
        <ele>31.8</ele>
      </trkpt>
      <trkpt lat="57.794908" lon="12.071883">
        <ele>31.7</ele>
      </trkpt>
      <trkpt lat="57.794935" lon="12.072112">
        <ele>31.8</ele>
      </trkpt>
      <trkpt lat="57.795022" lon="12.072275">
        <ele>32.0</ele>
      </trkpt>
      <trkpt lat="57.79515" lon="12.072566">
        <ele>32.2</ele>
      </trkpt>
      <trkpt lat="57.79519" lon="12.072727">
        <ele>32.1</ele>
      </trkpt>
      <trkpt lat="57.795211" lon="12.072884">
        <ele>32.0</ele>
      </trkpt>
      <trkpt lat="57.795217" lon="12.072991">
        <ele>31.9</ele>
      </trkpt>
      <trkpt lat="57.795204" lon="12.073103">
        <ele>31.7</ele>
      </trkpt>
      <trkpt lat="57.795173" lon="12.073168">
        <ele>31.7</ele>
      </trkpt>
      <trkpt lat="57.795138" lon="12.07321">
        <ele>31.7</ele>
      </trkpt>
      <trkpt lat="57.794989" lon="12.073316">
        <ele>32.0</ele>
      </trkpt>
      <trkpt lat="57.79484" lon="12.073399">
        <ele>33.1</ele>
      </trkpt>
      <trkpt lat="57.794509" lon="12.073558">
        <ele>37.1</ele>
      </trkpt>
      <trkpt lat="57.794435" lon="12.073582">
        <ele>38.2</ele>
      </trkpt>
      <trkpt lat="57.794188" lon="12.073622">
        <ele>41.3</ele>
      </trkpt>
      <trkpt lat="57.793917" lon="12.073731">
        <ele>44.4</ele>
      </trkpt>
      <trkpt lat="57.793609" lon="12.073719">
        <ele>47.8</ele>
      </trkpt>
      <trkpt lat="57.79349" lon="12.073698">
        <ele>48.9</ele>
      </trkpt>
      <trkpt lat="57.793433" lon="12.073723">
        <ele>49.6</ele>
      </trkpt>
      <trkpt lat="57.793407" lon="12.073738">
        <ele>50.0</ele>
      </trkpt>
      <trkpt lat="57.793421" lon="12.07385">
        <ele>50.7</ele>
      </trkpt>
      <trkpt lat="57.793466" lon="12.07424">
        <ele>53.0</ele>
      </trkpt>
      <trkpt lat="57.793498" lon="12.074972">
        <ele>57.5</ele>
      </trkpt>
      <trkpt lat="57.793486" lon="12.075781">
        <ele>58.3</ele>
      </trkpt>
      <trkpt lat="57.793474" lon="12.07659">
        <ele>59.8</ele>
      </trkpt>
      <trkpt lat="57.79344" lon="12.077279">
        <ele>58.8</ele>
      </trkpt>
      <trkpt lat="57.793405" lon="12.077967">
        <ele>56.5</ele>
      </trkpt>
      <trkpt lat="57.793399" lon="12.078074">
        <ele>56.1</ele>
      </trkpt>
      <trkpt lat="57.793557" lon="12.07831">
        <ele>53.1</ele>
      </trkpt>
      <trkpt lat="57.79377" lon="12.078664">
        <ele>50.4</ele>
      </trkpt>
      <trkpt lat="57.793911" lon="12.078886">
        <ele>48.8</ele>
      </trkpt>
      <trkpt lat="57.793964" lon="12.078941">
        <ele>48.3</ele>
      </trkpt>
      <trkpt lat="57.794017" lon="12.078972">
        <ele>47.7</ele>
      </trkpt>
      <trkpt lat="57.794096" lon="12.078972">
        <ele>46.9</ele>
      </trkpt>
      <trkpt lat="57.794236" lon="12.078933">
        <ele>45.2</ele>
      </trkpt>
      <trkpt lat="57.794458" lon="12.078791">
        <ele>41.9</ele>
      </trkpt>
      <trkpt lat="57.794751" lon="12.078586">
        <ele>37.3</ele>
      </trkpt>
      <trkpt lat="57.795057" lon="12.078433">
        <ele>33.6</ele>
      </trkpt>
      <trkpt lat="57.795408" lon="12.078269">
        <ele>31.4</ele>
      </trkpt>
      <trkpt lat="57.795801" lon="12.077999">
        <ele>31.8</ele>
      </trkpt>
      <trkpt lat="57.795927" lon="12.077788">
        <ele>33.1</ele>
      </trkpt>
      <trkpt lat="57.796077" lon="12.077283">
        <ele>35.8</ele>
      </trkpt>
      <trkpt lat="57.796161" lon="12.076843">
        <ele>37.6</ele>
      </trkpt>
      <trkpt lat="57.796308" lon="12.076661">
        <ele>38.4</ele>
      </trkpt>
      <trkpt lat="57.796379" lon="12.076628">
        <ele>38.7</ele>
      </trkpt>
      <trkpt lat="57.796447" lon="12.07666">
        <ele>38.9</ele>
      </trkpt>
      <trkpt lat="57.796602" lon="12.076837">
        <ele>39.5</ele>
      </trkpt>
      <trkpt lat="57.796771" lon="12.077213">
        <ele>40.3</ele>
      </trkpt>
      <trkpt lat="57.796925" lon="12.077572">
        <ele>41.4</ele>
      </trkpt>
      <trkpt lat="57.797064" lon="12.077764">
        <ele>42.7</ele>
      </trkpt>
      <trkpt lat="57.797212" lon="12.077831">
        <ele>44.5</ele>
      </trkpt>
      <trkpt lat="57.797271" lon="12.077858">
        <ele>45.2</ele>
      </trkpt>
      <trkpt lat="57.797396" lon="12.078069">
        <ele>46.7</ele>
      </trkpt>
      <trkpt lat="57.797477" lon="12.078715">
        <ele>47.7</ele>
      </trkpt>
      <trkpt lat="57.797577" lon="12.079266">
        <ele>49.0</ele>
      </trkpt>
      <trkpt lat="57.797581" lon="12.079286">
        <ele>49.1</ele>
        <name>57.797607,12.079270</name>
        <extensions>
          <oa:Extension>
            <oa:mapZoom>15</oa:mapZoom>
          </oa:Extension>
        </extensions>
      </trkpt>
      <trkpt lat="57.797665" lon="12.079804">
        <ele>50.4</ele>
      </trkpt>
      <trkpt lat="57.797716" lon="12.080094">
        <ele>51.3</ele>
      </trkpt>
      <trkpt lat="57.797776" lon="12.080566">
        <ele>52.6</ele>
      </trkpt>
      <trkpt lat="57.797835" lon="12.081038">
        <ele>54.2</ele>
      </trkpt>
      <trkpt lat="57.797892" lon="12.081445">
        <ele>56.3</ele>
      </trkpt>
      <trkpt lat="57.797975" lon="12.081846">
        <ele>58.3</ele>
      </trkpt>
      <trkpt lat="57.798117" lon="12.082073">
        <ele>61.1</ele>
      </trkpt>
      <trkpt lat="57.798418" lon="12.082587">
        <ele>66.7</ele>
      </trkpt>
      <trkpt lat="57.798509" lon="12.082986">
        <ele>67.9</ele>
      </trkpt>
      <trkpt lat="57.798725" lon="12.083363">
        <ele>72.2</ele>
      </trkpt>
      <trkpt lat="57.798941" lon="12.083741">
        <ele>76.0</ele>
      </trkpt>
      <trkpt lat="57.799233" lon="12.083969">
        <ele>82.0</ele>
      </trkpt>
      <trkpt lat="57.799525" lon="12.084197">
        <ele>88.9</ele>
      </trkpt>
      <trkpt lat="57.799454" lon="12.084678">
        <ele>83.5</ele>
      </trkpt>
      <trkpt lat="57.799528" lon="12.085183">
        <ele>82.6</ele>
      </trkpt>
      <trkpt lat="57.799879" lon="12.085348">
        <ele>92.8</ele>
      </trkpt>
      <trkpt lat="57.799997" lon="12.085849">
        <ele>92.8</ele>
      </trkpt>
      <trkpt lat="57.800115" lon="12.08635">
        <ele>90.8</ele>
      </trkpt>
      <trkpt lat="57.800282" lon="12.086883">
        <ele>92.8</ele>
      </trkpt>
      <trkpt lat="57.800548" lon="12.087016">
        <ele>97.4</ele>
      </trkpt>
      <trkpt lat="57.800851" lon="12.087249">
        <ele>101.5</ele>
      </trkpt>
      <trkpt lat="57.801288" lon="12.087093">
        <ele>99.6</ele>
      </trkpt>
      <trkpt lat="57.801533" lon="12.087043">
        <ele>97.9</ele>
      </trkpt>
      <trkpt lat="57.801779" lon="12.086994">
        <ele>96.9</ele>
      </trkpt>
      <trkpt lat="57.802043" lon="12.086838">
        <ele>96.1</ele>
      </trkpt>
      <trkpt lat="57.802222" lon="12.086732">
        <ele>96.1</ele>
        <name>57.802239,12.086832</name>
        <extensions>
          <oa:Extension>
            <oa:mapZoom>15</oa:mapZoom>
          </oa:Extension>
        </extensions>
      </trkpt>
      <trkpt lat="57.802306" lon="12.086682">
        <ele>96.1</ele>
      </trkpt>
      <trkpt lat="57.802661" lon="12.086668">
        <ele>95.8</ele>
      </trkpt>
      <trkpt lat="57.802933" lon="12.087079">
        <ele>95.9</ele>
      </trkpt>
      <trkpt lat="57.803227" lon="12.08756">
        <ele>98.7</ele>
      </trkpt>
      <trkpt lat="57.803574" lon="12.087617">
        <ele>101.4</ele>
      </trkpt>
      <trkpt lat="57.803958" lon="12.087334">
        <ele>103.8</ele>
      </trkpt>
      <trkpt lat="57.80429" lon="12.087065">
        <ele>104.8</ele>
      </trkpt>
      <trkpt lat="57.80447" lon="12.087033">
        <ele>106.2</ele>
      </trkpt>
      <trkpt lat="57.804319" lon="12.086921">
        <ele>104.1</ele>
      </trkpt>
      <trkpt lat="57.804182" lon="12.086724">
        <ele>102.2</ele>
      </trkpt>
      <trkpt lat="57.804068" lon="12.086449">
        <ele>101.7</ele>
      </trkpt>
      <trkpt lat="57.803999" lon="12.086003">
        <ele>104.3</ele>
      </trkpt>
      <trkpt lat="57.804013" lon="12.085488">
        <ele>107.3</ele>
      </trkpt>
      <trkpt lat="57.804068" lon="12.085162">
        <ele>109.1</ele>
      </trkpt>
      <trkpt lat="57.804104" lon="12.084818">
        <ele>111.6</ele>
      </trkpt>
      <trkpt lat="57.804013" lon="12.084492">
        <ele>114.8</ele>
      </trkpt>
      <trkpt lat="57.803908" lon="12.084235">
        <ele>117.2</ele>
      </trkpt>
      <trkpt lat="57.80377" lon="12.084089">
        <ele>118.2</ele>
      </trkpt>
      <trkpt lat="57.803679" lon="12.083874">
        <ele>120.1</ele>
      </trkpt>
      <trkpt lat="57.803574" lon="12.083514">
        <ele>122.6</ele>
      </trkpt>
      <trkpt lat="57.803574" lon="12.083256">
        <ele>122.7</ele>
      </trkpt>
      <trkpt lat="57.80377" lon="12.083119">
        <ele>122.8</ele>
      </trkpt>
      <trkpt lat="57.803986" lon="12.083059">
        <ele>123.3</ele>
      </trkpt>
      <trkpt lat="57.804182" lon="12.082999">
        <ele>123.5</ele>
      </trkpt>
      <trkpt lat="57.804342" lon="12.082973">
        <ele>123.7</ele>
      </trkpt>
      <trkpt lat="57.804525" lon="12.083016">
        <ele>124.2</ele>
      </trkpt>
      <trkpt lat="57.804717" lon="12.082758">
        <ele>123.0</ele>
      </trkpt>
      <trkpt lat="57.804854" lon="12.08263">
        <ele>122.8</ele>
      </trkpt>
      <trkpt lat="57.804992" lon="12.082518">
        <ele>123.0</ele>
      </trkpt>
      <trkpt lat="57.805175" lon="12.082501">
        <ele>123.6</ele>
      </trkpt>
      <trkpt lat="57.805316" lon="12.082264">
        <ele>124.9</ele>
      </trkpt>
      <trkpt lat="57.805286" lon="12.081842">
        <ele>126.2</ele>
      </trkpt>
      <trkpt lat="57.805127" lon="12.081132">
        <ele>119.5</ele>
      </trkpt>
      <trkpt lat="57.804826" lon="12.080531">
        <ele>110.4</ele>
      </trkpt>
      <trkpt lat="57.804814" lon="12.079966">
        <ele>106.0</ele>
      </trkpt>
      <trkpt lat="57.805143" lon="12.079744">
        <ele>108.0</ele>
      </trkpt>
      <trkpt lat="57.805356" lon="12.079581">
        <ele>109.0</ele>
      </trkpt>
      <trkpt lat="57.805514" lon="12.079465">
        <ele>109.4</ele>
      </trkpt>
      <trkpt lat="57.805564" lon="12.079468">
        <ele>109.8</ele>
      </trkpt>
      <trkpt lat="57.805663" lon="12.079334">
        <ele>109.4</ele>
      </trkpt>
      <trkpt lat="57.805772" lon="12.079206">
        <ele>108.9</ele>
      </trkpt>
      <trkpt lat="57.806023" lon="12.078974">
        <ele>108.3</ele>
      </trkpt>
      <trkpt lat="57.806276" lon="12.078668">
        <ele>106.6</ele>
      </trkpt>
      <trkpt lat="57.806523" lon="12.07845">
        <ele>106.6</ele>
      </trkpt>
      <trkpt lat="57.806908" lon="12.078437">
        <ele>110.3</ele>
      </trkpt>
      <trkpt lat="57.807203" lon="12.078081">
        <ele>111.1</ele>
      </trkpt>
      <trkpt lat="57.807504" lon="12.078039">
        <ele>113.9</ele>
      </trkpt>
      <trkpt lat="57.807799" lon="12.077811">
        <ele>115.0</ele>
      </trkpt>
      <trkpt lat="57.80801" lon="12.077677">
        <ele>115.8</ele>
      </trkpt>
      <trkpt lat="57.808207" lon="12.077364">
        <ele>115.1</ele>
      </trkpt>
      <trkpt lat="57.808333" lon="12.077009">
        <ele>113.4</ele>
      </trkpt>
      <trkpt lat="57.808453" lon="12.076699">
        <ele>112.0</ele>
      </trkpt>
      <trkpt lat="57.80848" lon="12.076417">
        <ele>110.3</ele>
      </trkpt>
      <trkpt lat="57.808548" lon="12.076127">
        <ele>108.9</ele>
      </trkpt>
      <trkpt lat="57.808591" lon="12.075829">
        <ele>107.3</ele>
        <name>57.808608,12.075837</name>
        <extensions>
          <oa:Extension>
            <oa:mapZoom>15</oa:mapZoom>
          </oa:Extension>
        </extensions>
      </trkpt>
      <trkpt lat="57.80863" lon="12.075563">
        <ele>105.8</ele>
      </trkpt>
      <trkpt lat="57.808792" lon="12.075162">
        <ele>104.8</ele>
      </trkpt>
      <trkpt lat="57.808937" lon="12.074963">
        <ele>105.6</ele>
      </trkpt>
      <trkpt lat="57.809015" lon="12.074769">
        <ele>105.9</ele>
      </trkpt>
      <trkpt lat="57.809123" lon="12.074421">
        <ele>106.2</ele>
      </trkpt>
      <trkpt lat="57.809247" lon="12.074156">
        <ele>106.5</ele>
      </trkpt>
      <trkpt lat="57.809296" lon="12.073802">
        <ele>106.0</ele>
      </trkpt>
      <trkpt lat="57.809296" lon="12.073504">
        <ele>105.6</ele>
      </trkpt>
      <trkpt lat="57.809248" lon="12.073192">
        <ele>105.9</ele>
      </trkpt>
      <trkpt lat="57.809502" lon="12.072896">
        <ele>108.5</ele>
      </trkpt>
      <trkpt lat="57.809668" lon="12.072671">
        <ele>109.6</ele>
      </trkpt>
      <trkpt lat="57.809797" lon="12.072495">
        <ele>109.9</ele>
      </trkpt>
      <trkpt lat="57.809943" lon="12.072296">
        <ele>109.6</ele>
      </trkpt>
      <trkpt lat="57.810268" lon="12.071999">
        <ele>108.7</ele>
      </trkpt>
      <trkpt lat="57.810567" lon="12.071869">
        <ele>108.9</ele>
      </trkpt>
      <trkpt lat="57.810773" lon="12.071611">
        <ele>109.0</ele>
      </trkpt>
      <trkpt lat="57.81103" lon="12.071574">
        <ele>108.9</ele>
      </trkpt>
      <trkpt lat="57.811194" lon="12.071653">
        <ele>108.8</ele>
      </trkpt>
      <trkpt lat="57.811366" lon="12.071665">
        <ele>108.8</ele>
      </trkpt>
      <trkpt lat="57.811403" lon="12.071453">
        <ele>108.4</ele>
      </trkpt>
      <trkpt lat="57.811494" lon="12.071233">
        <ele>108.2</ele>
      </trkpt>
      <trkpt lat="57.811611" lon="12.070997">
        <ele>108.0</ele>
      </trkpt>
      <trkpt lat="57.811729" lon="12.070675">
        <ele>108.0</ele>
      </trkpt>
      <trkpt lat="57.811832" lon="12.070482">
        <ele>108.3</ele>
      </trkpt>
      <trkpt lat="57.81192" lon="12.070385">
        <ele>108.8</ele>
      </trkpt>
      <trkpt lat="57.812106" lon="12.070198">
        <ele>110.4</ele>
      </trkpt>
      <trkpt lat="57.812202" lon="12.070084">
        <ele>111.5</ele>
      </trkpt>
      <trkpt lat="57.81237" lon="12.069911">
        <ele>113.7</ele>
      </trkpt>
      <trkpt lat="57.812553" lon="12.069637">
        <ele>117.0</ele>
      </trkpt>
      <trkpt lat="57.81266" lon="12.069583">
        <ele>118.0</ele>
      </trkpt>
      <trkpt lat="57.812889" lon="12.069511">
        <ele>119.7</ele>
      </trkpt>
      <trkpt lat="57.813067" lon="12.069326">
        <ele>122.1</ele>
      </trkpt>
      <trkpt lat="57.813387" lon="12.069128">
        <ele>124.3</ele>
      </trkpt>
      <trkpt lat="57.813592" lon="12.068897">
        <ele>126.1</ele>
      </trkpt>
      <trkpt lat="57.813768" lon="12.068729">
        <ele>126.6</ele>
      </trkpt>
      <trkpt lat="57.813798" lon="12.068699">
        <ele>126.7</ele>
      </trkpt>
      <trkpt lat="57.813926" lon="12.068394">
        <ele>127.9</ele>
      </trkpt>
      <trkpt lat="57.814186" lon="12.068076">
        <ele>127.7</ele>
      </trkpt>
      <trkpt lat="57.814447" lon="12.067758">
        <ele>128.2</ele>
      </trkpt>
      <trkpt lat="57.814686" lon="12.06756">
        <ele>129.1</ele>
      </trkpt>
      <trkpt lat="57.814924" lon="12.067362">
        <ele>129.9</ele>
      </trkpt>
      <trkpt lat="57.815118" lon="12.067018">
        <ele>130.5</ele>
      </trkpt>
      <trkpt lat="57.815373" lon="12.066718">
        <ele>130.8</ele>
      </trkpt>
      <trkpt lat="57.81553" lon="12.066464">
        <ele>130.7</ele>
      </trkpt>
      <trkpt lat="57.815745" lon="12.066482">
        <ele>131.3</ele>
      </trkpt>
      <trkpt lat="57.815985" lon="12.066163">
        <ele>131.0</ele>
      </trkpt>
      <trkpt lat="57.816096" lon="12.065801">
        <ele>130.3</ele>
      </trkpt>
      <trkpt lat="57.816278" lon="12.065551">
        <ele>131.0</ele>
      </trkpt>
      <trkpt lat="57.816344" lon="12.065014">
        <ele>130.1</ele>
      </trkpt>
      <trkpt lat="57.816232" lon="12.064589">
        <ele>126.2</ele>
      </trkpt>
      <trkpt lat="57.816373" lon="12.064215">
        <ele>123.9</ele>
      </trkpt>
      <trkpt lat="57.816533" lon="12.064008">
        <ele>123.2</ele>
      </trkpt>
      <trkpt lat="57.816757" lon="12.064227">
        <ele>125.6</ele>
      </trkpt>
      <trkpt lat="57.816783" lon="12.064116">
        <ele>124.9</ele>
      </trkpt>
      <trkpt lat="57.816846" lon="12.06405">
        <ele>124.5</ele>
      </trkpt>
      <trkpt lat="57.816947" lon="12.063984">
        <ele>124.2</ele>
      </trkpt>
      <trkpt lat="57.817041" lon="12.063892">
        <ele>123.8</ele>
      </trkpt>
      <trkpt lat="57.817109" lon="12.063815">
        <ele>123.5</ele>
      </trkpt>
      <trkpt lat="57.817164" lon="12.06372">
        <ele>123.2</ele>
      </trkpt>
      <trkpt lat="57.817196" lon="12.063634">
        <ele>123.0</ele>
      </trkpt>
      <trkpt lat="57.817246" lon="12.063471">
        <ele>122.7</ele>
      </trkpt>
      <trkpt lat="57.817333" lon="12.063197">
        <ele>122.6</ele>
      </trkpt>
      <trkpt lat="57.817356" lon="12.063076">
        <ele>122.5</ele>
      </trkpt>
      <trkpt lat="57.817379" lon="12.062913">
        <ele>122.5</ele>
      </trkpt>
      <trkpt lat="57.817402" lon="12.062793">
        <ele>122.5</ele>
      </trkpt>
      <trkpt lat="57.817425" lon="12.06269">
        <ele>122.5</ele>
      </trkpt>
      <trkpt lat="57.817466" lon="12.062553">
        <ele>122.7</ele>
      </trkpt>
      <trkpt lat="57.817493" lon="12.062476">
        <ele>122.9</ele>
      </trkpt>
      <trkpt lat="57.817557" lon="12.062313">
        <ele>123.5</ele>
      </trkpt>
      <trkpt lat="57.817585" lon="12.062252">
        <ele>123.7</ele>
      </trkpt>
      <trkpt lat="57.81764" lon="12.062141">
        <ele>124.3</ele>
      </trkpt>
      <trkpt lat="57.817681" lon="12.062055">
        <ele>124.6</ele>
      </trkpt>
      <trkpt lat="57.817731" lon="12.062004">
        <ele>125.1</ele>
      </trkpt>
      <trkpt lat="57.817786" lon="12.061926">
        <ele>125.5</ele>
      </trkpt>
      <trkpt lat="57.817836" lon="12.061866">
        <ele>125.9</ele>
      </trkpt>
      <trkpt lat="57.817896" lon="12.061823">
        <ele>126.4</ele>
      </trkpt>
      <trkpt lat="57.817932" lon="12.06178">
        <ele>126.6</ele>
      </trkpt>
      <trkpt lat="57.817978" lon="12.06178">
        <ele>126.9</ele>
      </trkpt>
      <trkpt lat="57.818005" lon="12.061763">
        <ele>127.1</ele>
      </trkpt>
      <trkpt lat="57.818065" lon="12.061746">
        <ele>127.5</ele>
      </trkpt>
      <trkpt lat="57.818133" lon="12.061729">
        <ele>127.9</ele>
      </trkpt>
      <trkpt lat="57.818174" lon="12.061729">
        <ele>128.2</ele>
      </trkpt>
      <trkpt lat="57.818229" lon="12.061729">
        <ele>128.5</ele>
      </trkpt>
      <trkpt lat="57.818325" lon="12.06166">
        <ele>128.9</ele>
      </trkpt>
      <trkpt lat="57.81838" lon="12.061592">
        <ele>129.2</ele>
      </trkpt>
      <trkpt lat="57.818472" lon="12.061497">
        <ele>129.5</ele>
      </trkpt>
      <trkpt lat="57.81851" lon="12.06145">
        <ele>129.5</ele>
        <name>57.818489,12.061392</name>
        <extensions>
          <oa:Extension>
            <oa:mapZoom>15</oa:mapZoom>
          </oa:Extension>
        </extensions>
      </trkpt>
      <trkpt lat="57.818618" lon="12.061317">
        <ele>129.6</ele>
      </trkpt>
      <trkpt lat="57.81876" lon="12.061128">
        <ele>129.1</ele>
      </trkpt>
      <trkpt lat="57.818833" lon="12.061025">
        <ele>128.6</ele>
      </trkpt>
      <trkpt lat="57.818878" lon="12.060982">
        <ele>128.4</ele>
      </trkpt>
      <trkpt lat="57.818924" lon="12.060913">
        <ele>128.0</ele>
      </trkpt>
      <trkpt lat="57.818961" lon="12.060853">
        <ele>127.6</ele>
      </trkpt>
      <trkpt lat="57.818993" lon="12.060776">
        <ele>127.1</ele>
      </trkpt>
      <trkpt lat="57.819016" lon="12.060725">
        <ele>126.8</ele>
      </trkpt>
      <trkpt lat="57.819057" lon="12.06063">
        <ele>126.2</ele>
      </trkpt>
      <trkpt lat="57.819089" lon="12.060562">
        <ele>125.8</ele>
      </trkpt>
      <trkpt lat="57.819144" lon="12.060484">
        <ele>125.2</ele>
      </trkpt>
      <trkpt lat="57.819203" lon="12.060424">
        <ele>124.8</ele>
      </trkpt>
      <trkpt lat="57.819267" lon="12.060381">
        <ele>124.4</ele>
      </trkpt>
      <trkpt lat="57.819317" lon="12.060356">
        <ele>124.1</ele>
      </trkpt>
      <trkpt lat="57.819386" lon="12.060381">
        <ele>124.1</ele>
      </trkpt>
      <trkpt lat="57.819464" lon="12.060381">
        <ele>124.0</ele>
      </trkpt>
      <trkpt lat="57.819523" lon="12.060373">
        <ele>123.9</ele>
      </trkpt>
      <trkpt lat="57.819573" lon="12.060373">
        <ele>123.8</ele>
      </trkpt>
      <trkpt lat="57.819614" lon="12.060304">
        <ele>123.4</ele>
      </trkpt>
      <trkpt lat="57.819647" lon="12.060227">
        <ele>122.9</ele>
      </trkpt>
      <trkpt lat="57.819656" lon="12.060098">
        <ele>122.4</ele>
      </trkpt>
      <trkpt lat="57.81966" lon="12.060047">
        <ele>122.2</ele>
      </trkpt>
      <trkpt lat="57.819665" lon="12.059952">
        <ele>121.8</ele>
      </trkpt>
      <trkpt lat="57.819683" lon="12.059832">
        <ele>121.5</ele>
      </trkpt>
      <trkpt lat="57.81971" lon="12.059695">
        <ele>121.2</ele>
      </trkpt>
      <trkpt lat="57.819742" lon="12.0596">
        <ele>121.0</ele>
      </trkpt>
      <trkpt lat="57.81977" lon="12.059437">
        <ele>120.8</ele>
      </trkpt>
      <trkpt lat="57.81982" lon="12.059283">
        <ele>120.6</ele>
      </trkpt>
      <trkpt lat="57.819875" lon="12.059188">
        <ele>120.5</ele>
      </trkpt>
      <trkpt lat="57.819925" lon="12.059102">
        <ele>120.3</ele>
      </trkpt>
      <trkpt lat="57.820035" lon="12.058957">
        <ele>119.8</ele>
      </trkpt>
      <trkpt lat="57.820136" lon="12.058836">
        <ele>119.2</ele>
      </trkpt>
      <trkpt lat="57.820259" lon="12.058682">
        <ele>118.1</ele>
      </trkpt>
      <trkpt lat="57.820364" lon="12.058527">
        <ele>116.9</ele>
      </trkpt>
      <trkpt lat="57.820446" lon="12.058407">
        <ele>115.8</ele>
      </trkpt>
      <trkpt lat="57.820497" lon="12.058296">
        <ele>115.0</ele>
      </trkpt>
      <trkpt lat="57.820538" lon="12.058201">
        <ele>114.3</ele>
      </trkpt>
      <trkpt lat="57.82057" lon="12.058124">
        <ele>113.7</ele>
      </trkpt>
      <trkpt lat="57.820597" lon="12.05803">
        <ele>113.2</ele>
      </trkpt>
      <trkpt lat="57.820606" lon="12.057858">
        <ele>112.8</ele>
      </trkpt>
      <trkpt lat="57.820597" lon="12.057721">
        <ele>112.7</ele>
      </trkpt>
      <trkpt lat="57.820593" lon="12.0576">
        <ele>112.5</ele>
      </trkpt>
      <trkpt lat="57.820606" lon="12.057463">
        <ele>112.2</ele>
      </trkpt>
      <trkpt lat="57.820643" lon="12.057352">
        <ele>111.6</ele>
      </trkpt>
      <trkpt lat="57.820721" lon="12.057231">
        <ele>110.7</ele>
      </trkpt>
      <trkpt lat="57.820766" lon="12.057128">
        <ele>110.2</ele>
      </trkpt>
      <trkpt lat="57.820826" lon="12.056974">
        <ele>109.7</ele>
      </trkpt>
      <trkpt lat="57.820867" lon="12.056845">
        <ele>109.6</ele>
      </trkpt>
      <trkpt lat="57.820917" lon="12.056699">
        <ele>109.6</ele>
      </trkpt>
      <trkpt lat="57.820931" lon="12.056536">
        <ele>110.1</ele>
      </trkpt>
      <trkpt lat="57.821129" lon="12.056558">
        <ele>110.1</ele>
      </trkpt>
      <trkpt lat="57.821205" lon="12.056579">
        <ele>110.1</ele>
      </trkpt>
      <trkpt lat="57.821338" lon="12.056596">
        <ele>110.3</ele>
      </trkpt>
      <trkpt lat="57.821498" lon="12.056579">
        <ele>110.7</ele>
      </trkpt>
      <trkpt lat="57.821589" lon="12.056579">
        <ele>110.7</ele>
      </trkpt>
      <trkpt lat="57.821694" lon="12.056579">
        <ele>110.4</ele>
      </trkpt>
      <trkpt lat="57.821854" lon="12.056528">
        <ele>110.0</ele>
      </trkpt>
      <trkpt lat="57.821927" lon="12.056476">
        <ele>109.8</ele>
      </trkpt>
      <trkpt lat="57.822092" lon="12.056347">
        <ele>109.4</ele>
      </trkpt>
      <trkpt lat="57.822165" lon="12.056304">
        <ele>109.1</ele>
      </trkpt>
      <trkpt lat="57.822224" lon="12.056261">
        <ele>108.9</ele>
      </trkpt>
      <trkpt lat="57.822257" lon="12.056184">
        <ele>109.1</ele>
      </trkpt>
      <trkpt lat="57.822302" lon="12.056081">
        <ele>109.4</ele>
      </trkpt>
      <trkpt lat="57.822362" lon="12.055978">
        <ele>109.5</ele>
      </trkpt>
      <trkpt lat="57.822453" lon="12.05591">
        <ele>109.1</ele>
      </trkpt>
      <trkpt lat="57.822567" lon="12.055772">
        <ele>108.7</ele>
      </trkpt>
      <trkpt lat="57.822627" lon="12.055712">
        <ele>108.3</ele>
      </trkpt>
      <trkpt lat="57.822691" lon="12.055669">
        <ele>107.8</ele>
      </trkpt>
      <trkpt lat="57.822773" lon="12.055686">
        <ele>106.8</ele>
      </trkpt>
      <trkpt lat="57.822846" lon="12.055755">
        <ele>105.9</ele>
      </trkpt>
      <trkpt lat="57.822928" lon="12.055849">
        <ele>105.0</ele>
      </trkpt>
      <trkpt lat="57.823002" lon="12.055927">
        <ele>104.4</ele>
      </trkpt>
      <trkpt lat="57.823093" lon="12.056012">
        <ele>103.7</ele>
      </trkpt>
      <trkpt lat="57.823166" lon="12.056073">
        <ele>103.4</ele>
      </trkpt>
      <trkpt lat="57.82323" lon="12.056073">
        <ele>103.0</ele>
      </trkpt>
      <trkpt lat="57.823303" lon="12.056073">
        <ele>102.7</ele>
      </trkpt>
      <trkpt lat="57.823358" lon="12.05609">
        <ele>102.5</ele>
      </trkpt>
      <trkpt lat="57.823459" lon="12.056133">
        <ele>102.2</ele>
      </trkpt>
      <trkpt lat="57.823541" lon="12.056158">
        <ele>102.0</ele>
      </trkpt>
      <trkpt lat="57.8236" lon="12.056098">
        <ele>101.7</ele>
      </trkpt>
      <trkpt lat="57.823646" lon="12.056047">
        <ele>101.5</ele>
      </trkpt>
      <trkpt lat="57.823719" lon="12.055961">
        <ele>101.2</ele>
      </trkpt>
      <trkpt lat="57.823788" lon="12.05591">
        <ele>101.1</ele>
      </trkpt>
      <trkpt lat="57.823824" lon="12.05591">
        <ele>101.1</ele>
      </trkpt>
      <trkpt lat="57.823875" lon="12.055952">
        <ele>101.1</ele>
      </trkpt>
      <trkpt lat="57.82392" lon="12.05603">
        <ele>101.0</ele>
      </trkpt>
      <trkpt lat="57.823971" lon="12.056124">
        <ele>100.8</ele>
      </trkpt>
      <trkpt lat="57.824025" lon="12.05633">
        <ele>100.5</ele>
      </trkpt>
      <trkpt lat="57.824062" lon="12.056442">
        <ele>100.3</ele>
      </trkpt>
      <trkpt lat="57.82408" lon="12.056579">
        <ele>100.2</ele>
      </trkpt>
      <trkpt lat="57.824039" lon="12.056682">
        <ele>100.4</ele>
      </trkpt>
      <trkpt lat="57.824007" lon="12.056725">
        <ele>100.6</ele>
      </trkpt>
      <trkpt lat="57.823971" lon="12.056759">
        <ele>100.8</ele>
      </trkpt>
      <trkpt lat="57.823925" lon="12.056836">
        <ele>101.2</ele>
      </trkpt>
      <trkpt lat="57.823902" lon="12.05694">
        <ele>101.5</ele>
      </trkpt>
      <trkpt lat="57.82392" lon="12.057103">
        <ele>101.9</ele>
      </trkpt>
      <trkpt lat="57.823943" lon="12.05724">
        <ele>102.3</ele>
      </trkpt>
      <trkpt lat="57.823975" lon="12.057446">
        <ele>102.9</ele>
      </trkpt>
      <trkpt lat="57.823998" lon="12.057549">
        <ele>103.2</ele>
      </trkpt>
      <trkpt lat="57.824012" lon="12.057695">
        <ele>103.6</ele>
      </trkpt>
      <trkpt lat="57.823993" lon="12.057849">
        <ele>104.1</ele>
      </trkpt>
      <trkpt lat="57.823993" lon="12.058012">
        <ele>104.6</ele>
      </trkpt>
      <trkpt lat="57.824021" lon="12.058098">
        <ele>104.9</ele>
      </trkpt>
      <trkpt lat="57.824067" lon="12.058141">
        <ele>105.1</ele>
      </trkpt>
      <trkpt lat="57.824126" lon="12.058167">
        <ele>105.3</ele>
      </trkpt>
      <trkpt lat="57.824199" lon="12.058175">
        <ele>105.4</ele>
      </trkpt>
      <trkpt lat="57.824263" lon="12.058175">
        <ele>105.6</ele>
      </trkpt>
      <trkpt lat="57.824304" lon="12.058236">
        <ele>105.9</ele>
      </trkpt>
      <trkpt lat="57.824354" lon="12.058296">
        <ele>106.4</ele>
      </trkpt>
      <trkpt lat="57.824437" lon="12.058339">
        <ele>106.8</ele>
      </trkpt>
      <trkpt lat="57.824533" lon="12.058321">
        <ele>107.1</ele>
      </trkpt>
      <trkpt lat="57.824633" lon="12.058244">
        <ele>107.1</ele>
      </trkpt>
      <trkpt lat="57.82472" lon="12.05821">
        <ele>107.3</ele>
      </trkpt>
      <trkpt lat="57.824789" lon="12.058201">
        <ele>107.5</ele>
      </trkpt>
      <trkpt lat="57.824839" lon="12.058201">
        <ele>107.7</ele>
      </trkpt>
      <trkpt lat="57.824903" lon="12.058244">
        <ele>108.2</ele>
      </trkpt>
      <trkpt lat="57.824967" lon="12.05827">
        <ele>108.6</ele>
      </trkpt>
      <trkpt lat="57.825095" lon="12.058244">
        <ele>109.0</ele>
      </trkpt>
      <trkpt lat="57.825214" lon="12.058218">
        <ele>109.5</ele>
      </trkpt>
      <trkpt lat="57.825328" lon="12.058201">
        <ele>110.0</ele>
      </trkpt>
      <trkpt lat="57.82542" lon="12.058184">
        <ele>110.4</ele>
      </trkpt>
      <trkpt lat="57.825497" lon="12.05815">
        <ele>110.7</ele>
      </trkpt>
      <trkpt lat="57.82557" lon="12.058115">
        <ele>111.0</ele>
      </trkpt>
      <trkpt lat="57.825643" lon="12.058047">
        <ele>111.0</ele>
      </trkpt>
      <trkpt lat="57.825771" lon="12.057961">
        <ele>111.2</ele>
      </trkpt>
      <trkpt lat="57.825849" lon="12.057892">
        <ele>111.2</ele>
      </trkpt>
      <trkpt lat="57.825936" lon="12.057798">
        <ele>111.0</ele>
      </trkpt>
      <trkpt lat="57.826" lon="12.057703">
        <ele>110.7</ele>
      </trkpt>
      <trkpt lat="57.826036" lon="12.057652">
        <ele>110.5</ele>
      </trkpt>
      <trkpt lat="57.826155" lon="12.057592">
        <ele>110.5</ele>
      </trkpt>
      <trkpt lat="57.826228" lon="12.057558">
        <ele>110.5</ele>
      </trkpt>
      <trkpt lat="57.826306" lon="12.05754">
        <ele>110.6</ele>
      </trkpt>
      <trkpt lat="57.826379" lon="12.057532">
        <ele>110.7</ele>
      </trkpt>
      <trkpt lat="57.82643" lon="12.057549">
        <ele>110.9</ele>
      </trkpt>
      <trkpt lat="57.826512" lon="12.057566">
        <ele>111.2</ele>
      </trkpt>
      <trkpt lat="57.826594" lon="12.057592">
        <ele>111.5</ele>
      </trkpt>
      <trkpt lat="57.826695" lon="12.057566">
        <ele>111.4</ele>
      </trkpt>
      <trkpt lat="57.826781" lon="12.057532">
        <ele>111.3</ele>
      </trkpt>
      <trkpt lat="57.82685" lon="12.057515">
        <ele>111.2</ele>
      </trkpt>
      <trkpt lat="57.826939" lon="12.057491">
        <ele>111.0</ele>
      </trkpt>
      <trkpt lat="57.826984" lon="12.057438">
        <ele>110.8</ele>
      </trkpt>
      <trkpt lat="57.826992" lon="12.057339">
        <ele>110.4</ele>
      </trkpt>
      <trkpt lat="57.826937" lon="12.057103">
        <ele>109.2</ele>
      </trkpt>
      <trkpt lat="57.826886" lon="12.056792">
        <ele>107.5</ele>
      </trkpt>
      <trkpt lat="57.826875" lon="12.056642">
        <ele>106.7</ele>
      </trkpt>
      <trkpt lat="57.826863" lon="12.056492">
        <ele>106.1</ele>
      </trkpt>
      <trkpt lat="57.827046" lon="12.055784">
        <ele>104.5</ele>
      </trkpt>
      <trkpt lat="57.827303" lon="12.055569">
        <ele>105.1</ele>
      </trkpt>
      <trkpt lat="57.827549" lon="12.055419">
        <ele>105.6</ele>
      </trkpt>
      <trkpt lat="57.827789" lon="12.055129">
        <ele>105.6</ele>
      </trkpt>
      <trkpt lat="57.828" lon="12.054947">
        <ele>106.1</ele>
      </trkpt>
      <trkpt lat="57.828131" lon="12.054722">
        <ele>106.2</ele>
      </trkpt>
      <trkpt lat="57.828263" lon="12.054604">
        <ele>106.6</ele>
      </trkpt>
      <trkpt lat="57.828348" lon="12.0544">
        <ele>106.6</ele>
      </trkpt>
      <trkpt lat="57.828423" lon="12.054035">
        <ele>106.4</ele>
      </trkpt>
      <trkpt lat="57.82872" lon="12.053734">
        <ele>108.5</ele>
      </trkpt>
      <trkpt lat="57.828834" lon="12.053284">
        <ele>109.4</ele>
      </trkpt>
      <trkpt lat="57.82888" lon="12.052844">
        <ele>109.7</ele>
      </trkpt>
      <trkpt lat="57.828914" lon="12.052458">
        <ele>110.0</ele>
      </trkpt>
      <trkpt lat="57.828942" lon="12.052179">
        <ele>110.5</ele>
      </trkpt>
      <trkpt lat="57.828977" lon="12.051954">
        <ele>110.9</ele>
      </trkpt>
      <trkpt lat="57.829102" lon="12.051433">
        <ele>110.8</ele>
      </trkpt>
      <trkpt lat="57.829228" lon="12.050913">
        <ele>108.7</ele>
      </trkpt>
      <trkpt lat="57.829539" lon="12.050752">
        <ele>108.9</ele>
      </trkpt>
      <trkpt lat="57.829851" lon="12.050591">
        <ele>109.2</ele>
      </trkpt>
      <trkpt lat="57.829991" lon="12.050215">
        <ele>108.6</ele>
      </trkpt>
      <trkpt lat="57.830131" lon="12.04984">
        <ele>108.7</ele>
      </trkpt>
      <trkpt lat="57.830256" lon="12.049121">
        <ele>108.1</ele>
      </trkpt>
      <trkpt lat="57.830451" lon="12.048746">
        <ele>108.7</ele>
      </trkpt>
      <trkpt lat="57.830593" lon="12.048713">
        <ele>110.0</ele>
      </trkpt>
      <trkpt lat="57.830736" lon="12.048434">
        <ele>110.5</ele>
      </trkpt>
      <trkpt lat="57.830959" lon="12.048113">
        <ele>111.3</ele>
      </trkpt>
      <trkpt lat="57.83117" lon="12.048005">
        <ele>112.5</ele>
      </trkpt>
      <trkpt lat="57.83118" lon="12.047992">
        <ele>112.4</ele>
        <name>57.831161,12.047942</name>
        <extensions>
          <oa:Extension>
            <oa:mapZoom>15</oa:mapZoom>
          </oa:Extension>
        </extensions>
      </trkpt>
      <trkpt lat="57.831359" lon="12.047758">
        <ele>112.3</ele>
      </trkpt>
      <trkpt lat="57.831604" lon="12.047437">
        <ele>111.4</ele>
      </trkpt>
      <trkpt lat="57.831696" lon="12.047308">
        <ele>111.0</ele>
      </trkpt>
      <trkpt lat="57.831844" lon="12.04705">
        <ele>110.1</ele>
      </trkpt>
      <trkpt lat="57.831964" lon="12.046846">
        <ele>110.1</ele>
      </trkpt>
      <trkpt lat="57.832221" lon="12.0466">
        <ele>111.9</ele>
      </trkpt>
      <trkpt lat="57.832347" lon="12.046568">
        <ele>112.8</ele>
      </trkpt>
      <trkpt lat="57.832387" lon="12.046428">
        <ele>113.1</ele>
      </trkpt>
      <trkpt lat="57.83257" lon="12.046203">
        <ele>113.8</ele>
      </trkpt>
      <trkpt lat="57.832821" lon="12.046053">
        <ele>114.7</ele>
      </trkpt>
      <trkpt lat="57.832941" lon="12.045892">
        <ele>114.7</ele>
      </trkpt>
      <trkpt lat="57.833192" lon="12.045634">
        <ele>114.1</ele>
      </trkpt>
      <trkpt lat="57.833495" lon="12.045484">
        <ele>112.8</ele>
      </trkpt>
      <trkpt lat="57.833769" lon="12.045302">
        <ele>110.5</ele>
      </trkpt>
      <trkpt lat="57.833883" lon="12.045398">
        <ele>110.3</ele>
      </trkpt>
      <trkpt lat="57.834158" lon="12.045227">
        <ele>108.8</ele>
      </trkpt>
      <trkpt lat="57.834255" lon="12.044905">
        <ele>107.8</ele>
      </trkpt>
      <trkpt lat="57.834404" lon="12.045081">
        <ele>108.8</ele>
      </trkpt>
      <trkpt lat="57.834556" lon="12.045317">
        <ele>109.9</ele>
      </trkpt>
      <trkpt lat="57.834617" lon="12.045415">
        <ele>110.2</ele>
      </trkpt>
      <trkpt lat="57.834662" lon="12.045486">
        <ele>110.4</ele>
      </trkpt>
      <trkpt lat="57.834693" lon="12.045721">
        <ele>110.8</ele>
      </trkpt>
      <trkpt lat="57.83479" lon="12.045971">
        <ele>111.4</ele>
      </trkpt>
      <trkpt lat="57.834908" lon="12.046287">
        <ele>112.0</ele>
      </trkpt>
      <trkpt lat="57.835021" lon="12.046566">
        <ele>111.9</ele>
      </trkpt>
      <trkpt lat="57.835061" lon="12.046734">
        <ele>111.5</ele>
      </trkpt>
      <trkpt lat="57.835197" lon="12.046675">
        <ele>110.4</ele>
      </trkpt>
      <trkpt lat="57.835408" lon="12.046096">
        <ele>109.2</ele>
      </trkpt>
      <trkpt lat="57.835683" lon="12.045935">
        <ele>108.2</ele>
      </trkpt>
      <trkpt lat="57.8359" lon="12.045806">
        <ele>107.9</ele>
      </trkpt>
      <trkpt lat="57.836048" lon="12.04587">
        <ele>107.4</ele>
      </trkpt>
      <trkpt lat="57.836094" lon="12.045913">
        <ele>107.1</ele>
      </trkpt>
      <trkpt lat="57.836351" lon="12.045908">
        <ele>106.8</ele>
      </trkpt>
      <trkpt lat="57.836608" lon="12.045902">
        <ele>106.8</ele>
      </trkpt>
      <trkpt lat="57.836819" lon="12.045913">
        <ele>107.3</ele>
      </trkpt>
      <trkpt lat="57.836979" lon="12.046138">
        <ele>107.7</ele>
      </trkpt>
      <trkpt lat="57.837042" lon="12.046085">
        <ele>108.1</ele>
      </trkpt>
      <trkpt lat="57.837145" lon="12.046181">
        <ele>108.4</ele>
      </trkpt>
      <trkpt lat="57.837388" lon="12.046251">
        <ele>109.5</ele>
      </trkpt>
      <trkpt lat="57.83763" lon="12.046321">
        <ele>110.3</ele>
      </trkpt>
      <trkpt lat="57.837691" lon="12.046322">
        <ele>110.6</ele>
      </trkpt>
      <trkpt lat="57.837727" lon="12.046203">
        <ele>111.1</ele>
      </trkpt>
      <trkpt lat="57.83799" lon="12.045521">
        <ele>113.8</ele>
      </trkpt>
      <trkpt lat="57.838261" lon="12.045561">
        <ele>114.6</ele>
      </trkpt>
      <trkpt lat="57.838533" lon="12.045602">
        <ele>114.5</ele>
      </trkpt>
      <trkpt lat="57.838658" lon="12.04543">
        <ele>114.7</ele>
      </trkpt>
      <trkpt lat="57.838698" lon="12.04542">
        <ele>114.6</ele>
      </trkpt>
      <trkpt lat="57.83875" lon="12.045344">
        <ele>114.7</ele>
      </trkpt>
      <trkpt lat="57.839087" lon="12.045269">
        <ele>114.2</ele>
      </trkpt>
      <trkpt lat="57.839338" lon="12.045452">
        <ele>113.4</ele>
      </trkpt>
      <trkpt lat="57.83972" lon="12.045484">
        <ele>113.6</ele>
      </trkpt>
      <trkpt lat="57.839937" lon="12.045495">
        <ele>113.8</ele>
      </trkpt>
      <trkpt lat="57.840212" lon="12.045548">
        <ele>114.0</ele>
      </trkpt>
      <trkpt lat="57.840263" lon="12.045613">
        <ele>114.0</ele>
      </trkpt>
      <trkpt lat="57.840703" lon="12.045559">
        <ele>114.7</ele>
      </trkpt>
      <trkpt lat="57.840857" lon="12.045602">
        <ele>114.3</ele>
      </trkpt>
      <trkpt lat="57.841108" lon="12.0455">
        <ele>113.6</ele>
      </trkpt>
      <trkpt lat="57.841359" lon="12.045398">
        <ele>112.4</ele>
      </trkpt>
      <trkpt lat="57.841591" lon="12.045214">
        <ele>111.2</ele>
      </trkpt>
      <trkpt lat="57.841714" lon="12.045123">
        <ele>110.4</ele>
      </trkpt>
      <trkpt lat="57.84175" lon="12.045055">
        <ele>110.2</ele>
      </trkpt>
      <trkpt lat="57.841989" lon="12.044764">
        <ele>108.7</ele>
      </trkpt>
      <trkpt lat="57.842006" lon="12.044635">
        <ele>109.0</ele>
      </trkpt>
      <trkpt lat="57.842028" lon="12.044434">
        <ele>109.5</ele>
      </trkpt>
      <trkpt lat="57.841986" lon="12.044261">
        <ele>110.4</ele>
      </trkpt>
      <trkpt lat="57.841868" lon="12.043649">
        <ele>112.6</ele>
      </trkpt>
      <trkpt lat="57.841811" lon="12.043274">
        <ele>113.1</ele>
      </trkpt>
      <trkpt lat="57.841782" lon="12.042812">
        <ele>113.0</ele>
      </trkpt>
      <trkpt lat="57.841778" lon="12.042327">
        <ele>112.9</ele>
      </trkpt>
      <trkpt lat="57.842133" lon="12.042219">
        <ele>112.4</ele>
      </trkpt>
      <trkpt lat="57.84237" lon="12.04233">
        <ele>112.1</ele>
      </trkpt>
      <trkpt lat="57.842608" lon="12.042442">
        <ele>111.7</ele>
      </trkpt>
      <trkpt lat="57.842847" lon="12.042386">
        <ele>110.9</ele>
      </trkpt>
      <trkpt lat="57.843087" lon="12.04233">
        <ele>110.2</ele>
      </trkpt>
      <trkpt lat="57.84332" lon="12.041988">
        <ele>110.0</ele>
      </trkpt>
      <trkpt lat="57.843736" lon="12.041924">
        <ele>108.8</ele>
      </trkpt>
      <trkpt lat="57.844024" lon="12.04198">
        <ele>107.4</ele>
      </trkpt>
      <trkpt lat="57.844154" lon="12.041957">
        <ele>106.5</ele>
        <name>57.844163,12.042131</name>
        <extensions>
          <oa:Extension>
            <oa:mapZoom>15</oa:mapZoom>
          </oa:Extension>
        </extensions>
      </trkpt>
      <trkpt lat="57.844342" lon="12.041924">
        <ele>105.3</ele>
      </trkpt>
      <trkpt lat="57.844588" lon="12.041856">
        <ele>103.0</ele>
      </trkpt>
      <trkpt lat="57.844834" lon="12.041788">
        <ele>100.8</ele>
      </trkpt>
      <trkpt lat="57.845169" lon="12.041573">
        <ele>99.6</ele>
      </trkpt>
      <trkpt lat="57.845441" lon="12.041685">
        <ele>98.9</ele>
      </trkpt>
      <trkpt lat="57.845865" lon="12.041486">
        <ele>99.5</ele>
      </trkpt>
      <trkpt lat="57.846081" lon="12.04147">
        <ele>100.0</ele>
      </trkpt>
      <trkpt lat="57.846259" lon="12.041207">
        <ele>100.6</ele>
      </trkpt>
      <trkpt lat="57.846611" lon="12.041127">
        <ele>100.6</ele>
      </trkpt>
      <trkpt lat="57.846963" lon="12.041047">
        <ele>99.7</ele>
      </trkpt>
      <trkpt lat="57.847226" lon="12.040904">
        <ele>98.7</ele>
      </trkpt>
      <trkpt lat="57.847572" lon="12.040868">
        <ele>97.8</ele>
      </trkpt>
      <trkpt lat="57.847917" lon="12.040833">
        <ele>96.9</ele>
      </trkpt>
      <trkpt lat="57.847986" lon="12.040235">
        <ele>96.6</ele>
      </trkpt>
      <trkpt lat="57.848142" lon="12.039777">
        <ele>97.1</ele>
      </trkpt>
      <trkpt lat="57.848299" lon="12.039319">
        <ele>98.6</ele>
      </trkpt>
      <trkpt lat="57.848527" lon="12.039055">
        <ele>97.9</ele>
      </trkpt>
      <trkpt lat="57.848755" lon="12.038791">
        <ele>95.5</ele>
      </trkpt>
      <trkpt lat="57.848961" lon="12.03887">
        <ele>93.4</ele>
      </trkpt>
      <trkpt lat="57.849171" lon="12.039139">
        <ele>92.9</ele>
      </trkpt>
      <trkpt lat="57.84938" lon="12.039408">
        <ele>93.5</ele>
      </trkpt>
      <trkpt lat="57.849544" lon="12.039518">
        <ele>94.0</ele>
      </trkpt>
      <trkpt lat="57.84973" lon="12.039896">
        <ele>95.1</ele>
      </trkpt>
      <trkpt lat="57.849937" lon="12.040054">
        <ele>95.1</ele>
      </trkpt>
      <trkpt lat="57.850053" lon="12.040285">
        <ele>95.0</ele>
      </trkpt>
      <trkpt lat="57.850228" lon="12.040289">
        <ele>94.4</ele>
      </trkpt>
      <trkpt lat="57.850467" lon="12.040086">
        <ele>93.4</ele>
      </trkpt>
      <trkpt lat="57.850689" lon="12.040145">
        <ele>92.4</ele>
      </trkpt>
      <trkpt lat="57.85058" lon="12.040598">
        <ele>92.9</ele>
      </trkpt>
      <trkpt lat="57.850457" lon="12.041259">
        <ele>93.7</ele>
      </trkpt>
      <trkpt lat="57.850434" lon="12.041808">
        <ele>94.0</ele>
      </trkpt>
      <trkpt lat="57.850356" lon="12.042289">
        <ele>94.2</ele>
      </trkpt>
      <trkpt lat="57.850292" lon="12.042667">
        <ele>94.2</ele>
      </trkpt>
      <trkpt lat="57.850306" lon="12.043285">
        <ele>93.5</ele>
      </trkpt>
      <trkpt lat="57.850279" lon="12.04404">
        <ele>94.0</ele>
      </trkpt>
      <trkpt lat="57.85026" lon="12.044589">
        <ele>94.9</ele>
      </trkpt>
      <trkpt lat="57.850234" lon="12.044826">
        <ele>95.5</ele>
      </trkpt>
      <trkpt lat="57.850582" lon="12.045063">
        <ele>93.9</ele>
      </trkpt>
      <trkpt lat="57.850929" lon="12.0453">
        <ele>93.5</ele>
      </trkpt>
      <trkpt lat="57.851276" lon="12.045537">
        <ele>94.7</ele>
      </trkpt>
      <trkpt lat="57.851291" lon="12.045669">
        <ele>95.0</ele>
      </trkpt>
      <trkpt lat="57.851331" lon="12.046032">
        <ele>95.8</ele>
      </trkpt>
      <trkpt lat="57.851371" lon="12.046279">
        <ele>96.4</ele>
      </trkpt>
      <trkpt lat="57.851397" lon="12.046571">
        <ele>96.9</ele>
      </trkpt>
      <trkpt lat="57.851443" lon="12.047009">
        <ele>97.3</ele>
      </trkpt>
      <trkpt lat="57.851483" lon="12.047428">
        <ele>97.4</ele>
      </trkpt>
      <trkpt lat="57.851502" lon="12.04789">
        <ele>97.4</ele>
      </trkpt>
      <trkpt lat="57.851479" lon="12.04831">
        <ele>97.8</ele>
      </trkpt>
      <trkpt lat="57.851456" lon="12.04873">
        <ele>99.0</ele>
      </trkpt>
      <trkpt lat="57.851467" lon="12.049186">
        <ele>100.5</ele>
      </trkpt>
      <trkpt lat="57.851477" lon="12.049641">
        <ele>102.3</ele>
      </trkpt>
      <trkpt lat="57.851468" lon="12.050378">
        <ele>103.0</ele>
      </trkpt>
      <trkpt lat="57.851475" lon="12.051134">
        <ele>101.4</ele>
      </trkpt>
      <trkpt lat="57.851472" lon="12.051409">
        <ele>100.6</ele>
      </trkpt>
      <trkpt lat="57.851422" lon="12.051563">
        <ele>100.3</ele>
      </trkpt>
      <trkpt lat="57.851324" lon="12.051684">
        <ele>100.1</ele>
      </trkpt>
      <trkpt lat="57.851208" lon="12.051771">
        <ele>100.1</ele>
      </trkpt>
      <trkpt lat="57.851135" lon="12.051834">
        <ele>100.0</ele>
      </trkpt>
      <trkpt lat="57.851072" lon="12.051971">
        <ele>100.1</ele>
      </trkpt>
      <trkpt lat="57.851037" lon="12.052109">
        <ele>100.1</ele>
      </trkpt>
      <trkpt lat="57.851025" lon="12.052311">
        <ele>100.1</ele>
      </trkpt>
      <trkpt lat="57.851027" lon="12.052503">
        <ele>100.1</ele>
      </trkpt>
      <trkpt lat="57.851051" lon="12.05268">
        <ele>99.9</ele>
      </trkpt>
      <trkpt lat="57.851089" lon="12.052899">
        <ele>99.5</ele>
      </trkpt>
      <trkpt lat="57.851154" lon="12.053242">
        <ele>99.0</ele>
      </trkpt>
      <trkpt lat="57.851314" lon="12.053596">
        <ele>99.2</ele>
      </trkpt>
      <trkpt lat="57.851485" lon="12.05394">
        <ele>99.3</ele>
      </trkpt>
      <trkpt lat="57.8516" lon="12.054165">
        <ele>99.1</ele>
      </trkpt>
      <trkpt lat="57.851708" lon="12.054444">
        <ele>98.7</ele>
      </trkpt>
      <trkpt lat="57.851796" lon="12.054746">
        <ele>98.0</ele>
      </trkpt>
      <trkpt lat="57.851854" lon="12.054898">
        <ele>97.5</ele>
      </trkpt>
      <trkpt lat="57.851937" lon="12.055046">
        <ele>96.9</ele>
      </trkpt>
      <trkpt lat="57.852012" lon="12.055196">
        <ele>96.3</ele>
      </trkpt>
      <trkpt lat="57.852067" lon="12.055379">
        <ele>95.6</ele>
      </trkpt>
      <trkpt lat="57.852103" lon="12.055475">
        <ele>95.3</ele>
      </trkpt>
      <trkpt lat="57.852145" lon="12.055575">
        <ele>94.9</ele>
      </trkpt>
      <trkpt lat="57.852217" lon="12.055654">
        <ele>94.6</ele>
      </trkpt>
      <trkpt lat="57.852416" lon="12.055667">
        <ele>94.5</ele>
      </trkpt>
      <trkpt lat="57.852767" lon="12.05569">
        <ele>94.5</ele>
      </trkpt>
      <trkpt lat="57.852889" lon="12.055729">
        <ele>94.6</ele>
      </trkpt>
      <trkpt lat="57.853" lon="12.055806">
        <ele>94.5</ele>
      </trkpt>
      <trkpt lat="57.853131" lon="12.055958">
        <ele>94.3</ele>
      </trkpt>
      <trkpt lat="57.853214" lon="12.056094">
        <ele>94.0</ele>
      </trkpt>
      <trkpt lat="57.853286" lon="12.056259">
        <ele>93.7</ele>
      </trkpt>
      <trkpt lat="57.853348" lon="12.056457">
        <ele>93.4</ele>
      </trkpt>
      <trkpt lat="57.853369" lon="12.056555">
        <ele>93.3</ele>
        <name>57.853363,12.056560</name>
        <extensions>
          <oa:Extension>
            <oa:mapZoom>15</oa:mapZoom>
          </oa:Extension>
        </extensions>
      </trkpt>
      <trkpt lat="57.853397" lon="12.056686">
        <ele>93.2</ele>
      </trkpt>
      <trkpt lat="57.853446" lon="12.057017">
        <ele>93.3</ele>
      </trkpt>
      <trkpt lat="57.853515" lon="12.057311">
        <ele>93.6</ele>
      </trkpt>
      <trkpt lat="57.853614" lon="12.057672">
        <ele>94.3</ele>
      </trkpt>
      <trkpt lat="57.853645" lon="12.057799">
        <ele>94.6</ele>
      </trkpt>
      <trkpt lat="57.8537" lon="12.057964">
        <ele>95.1</ele>
      </trkpt>
      <trkpt lat="57.853756" lon="12.058214">
        <ele>95.6</ele>
      </trkpt>
      <trkpt lat="57.853801" lon="12.058414">
        <ele>96.0</ele>
      </trkpt>
      <trkpt lat="57.85386" lon="12.058535">
        <ele>96.2</ele>
      </trkpt>
      <trkpt lat="57.853923" lon="12.058616">
        <ele>96.6</ele>
      </trkpt>
      <trkpt lat="57.854009" lon="12.058671">
        <ele>97.0</ele>
      </trkpt>
      <trkpt lat="57.854254" lon="12.058832">
        <ele>98.6</ele>
      </trkpt>
      <trkpt lat="57.85449" lon="12.059004">
        <ele>100.7</ele>
      </trkpt>
      <trkpt lat="57.854727" lon="12.059131">
        <ele>103.0</ele>
      </trkpt>
      <trkpt lat="57.854873" lon="12.059268">
        <ele>104.1</ele>
      </trkpt>
      <trkpt lat="57.854961" lon="12.059397">
        <ele>104.5</ele>
      </trkpt>
      <trkpt lat="57.855042" lon="12.059572">
        <ele>104.6</ele>
      </trkpt>
      <trkpt lat="57.855129" lon="12.059689">
        <ele>104.8</ele>
      </trkpt>
      <trkpt lat="57.855234" lon="12.059794">
        <ele>105.1</ele>
      </trkpt>
      <trkpt lat="57.855422" lon="12.059954">
        <ele>105.7</ele>
      </trkpt>
      <trkpt lat="57.855541" lon="12.060035">
        <ele>106.2</ele>
      </trkpt>
      <trkpt lat="57.855638" lon="12.060133">
        <ele>106.7</ele>
      </trkpt>
      <trkpt lat="57.855758" lon="12.06023">
        <ele>107.4</ele>
      </trkpt>
      <trkpt lat="57.855908" lon="12.060576">
        <ele>109.1</ele>
      </trkpt>
      <trkpt lat="57.856047" lon="12.060861">
        <ele>110.4</ele>
      </trkpt>
      <trkpt lat="57.856161" lon="12.06105">
        <ele>111.4</ele>
      </trkpt>
      <trkpt lat="57.856341" lon="12.061288">
        <ele>112.2</ele>
      </trkpt>
      <trkpt lat="57.856462" lon="12.061371">
        <ele>112.2</ele>
      </trkpt>
      <trkpt lat="57.856582" lon="12.061414">
        <ele>112.0</ele>
      </trkpt>
      <trkpt lat="57.856878" lon="12.061457">
        <ele>111.3</ele>
      </trkpt>
      <trkpt lat="57.857025" lon="12.06143">
        <ele>110.8</ele>
      </trkpt>
      <trkpt lat="57.857081" lon="12.061391">
        <ele>110.6</ele>
      </trkpt>
      <trkpt lat="57.857167" lon="12.061269">
        <ele>110.0</ele>
      </trkpt>
      <trkpt lat="57.857224" lon="12.061234">
        <ele>109.7</ele>
      </trkpt>
      <trkpt lat="57.857302" lon="12.061222">
        <ele>109.5</ele>
      </trkpt>
      <trkpt lat="57.857418" lon="12.061278">
        <ele>109.5</ele>
      </trkpt>
      <trkpt lat="57.857545" lon="12.061498">
        <ele>109.9</ele>
      </trkpt>
      <trkpt lat="57.857678" lon="12.061635">
        <ele>109.9</ele>
      </trkpt>
      <trkpt lat="57.857811" lon="12.061726">
        <ele>109.8</ele>
      </trkpt>
      <trkpt lat="57.857872" lon="12.061748">
        <ele>109.8</ele>
      </trkpt>
      <trkpt lat="57.857923" lon="12.061749">
        <ele>109.8</ele>
      </trkpt>
      <trkpt lat="57.857972" lon="12.061809">
        <ele>109.8</ele>
      </trkpt>
      <trkpt lat="57.858069" lon="12.061882">
        <ele>109.7</ele>
      </trkpt>
      <trkpt lat="57.85815" lon="12.061968">
        <ele>109.7</ele>
      </trkpt>
      <trkpt lat="57.8582" lon="12.0621">
        <ele>109.5</ele>
      </trkpt>
      <trkpt lat="57.858265" lon="12.062264">
        <ele>109.3</ele>
      </trkpt>
      <trkpt lat="57.858317" lon="12.062322">
        <ele>109.2</ele>
      </trkpt>
      <trkpt lat="57.858398" lon="12.06237">
        <ele>109.2</ele>
      </trkpt>
      <trkpt lat="57.858627" lon="12.062402">
        <ele>109.2</ele>
      </trkpt>
      <trkpt lat="57.858805" lon="12.0624">
        <ele>109.1</ele>
      </trkpt>
      <trkpt lat="57.858899" lon="12.062438">
        <ele>109.0</ele>
      </trkpt>
      <trkpt lat="57.858971" lon="12.062515">
        <ele>108.9</ele>
      </trkpt>
      <trkpt lat="57.859169" lon="12.062799">
        <ele>108.8</ele>
      </trkpt>
      <trkpt lat="57.859394" lon="12.063049">
        <ele>108.4</ele>
      </trkpt>
      <trkpt lat="57.859478" lon="12.063089">
        <ele>108.2</ele>
      </trkpt>
      <trkpt lat="57.859552" lon="12.063069">
        <ele>108.2</ele>
      </trkpt>
      <trkpt lat="57.85962" lon="12.063088">
        <ele>108.0</ele>
      </trkpt>
      <trkpt lat="57.859673" lon="12.063157">
        <ele>107.7</ele>
      </trkpt>
      <trkpt lat="57.859825" lon="12.063454">
        <ele>106.4</ele>
      </trkpt>
      <trkpt lat="57.859881" lon="12.063517">
        <ele>106.1</ele>
      </trkpt>
      <trkpt lat="57.859948" lon="12.063561">
        <ele>105.9</ele>
      </trkpt>
      <trkpt lat="57.859999" lon="12.063574">
        <ele>105.9</ele>
      </trkpt>
      <trkpt lat="57.860046" lon="12.063586">
        <ele>105.9</ele>
      </trkpt>
      <trkpt lat="57.860072" lon="12.063633">
        <ele>105.7</ele>
      </trkpt>
      <trkpt lat="57.860124" lon="12.063898">
        <ele>104.5</ele>
      </trkpt>
      <trkpt lat="57.860161" lon="12.064089">
        <ele>103.5</ele>
      </trkpt>
      <trkpt lat="57.860204" lon="12.064184">
        <ele>103.0</ele>
      </trkpt>
      <trkpt lat="57.860325" lon="12.064379">
        <ele>101.6</ele>
      </trkpt>
      <trkpt lat="57.860369" lon="12.064486">
        <ele>100.7</ele>
      </trkpt>
      <trkpt lat="57.860405" lon="12.064733">
        <ele>98.5</ele>
      </trkpt>
      <trkpt lat="57.860489" lon="12.065142">
        <ele>96.1</ele>
      </trkpt>
      <trkpt lat="57.860574" lon="12.065551">
        <ele>95.7</ele>
      </trkpt>
      <trkpt lat="57.860666" lon="12.066172">
        <ele>94.6</ele>
      </trkpt>
      <trkpt lat="57.860723" lon="12.066363">
        <ele>94.0</ele>
      </trkpt>
      <trkpt lat="57.860843" lon="12.066542">
        <ele>93.2</ele>
      </trkpt>
      <trkpt lat="57.860962" lon="12.066793">
        <ele>92.3</ele>
      </trkpt>
      <trkpt lat="57.861015" lon="12.06699">
        <ele>91.7</ele>
      </trkpt>
      <trkpt lat="57.861052" lon="12.067306">
        <ele>90.9</ele>
      </trkpt>
      <trkpt lat="57.861075" lon="12.067703">
        <ele>90.0</ele>
      </trkpt>
      <trkpt lat="57.861097" lon="12.067924">
        <ele>89.4</ele>
      </trkpt>
      <trkpt lat="57.861085" lon="12.068087">
        <ele>89.2</ele>
      </trkpt>
      <trkpt lat="57.861081" lon="12.068325">
        <ele>88.7</ele>
      </trkpt>
      <trkpt lat="57.861101" lon="12.068508">
        <ele>88.1</ele>
      </trkpt>
      <trkpt lat="57.861122" lon="12.068626">
        <ele>87.6</ele>
      </trkpt>
      <trkpt lat="57.86127" lon="12.068782">
        <ele>85.8</ele>
      </trkpt>
      <trkpt lat="57.861372" lon="12.068778">
        <ele>84.9</ele>
      </trkpt>
      <trkpt lat="57.861498" lon="12.068722">
        <ele>84.0</ele>
      </trkpt>
      <trkpt lat="57.861789" lon="12.068443">
        <ele>83.4</ele>
      </trkpt>
      <trkpt lat="57.862006" lon="12.068336">
        <ele>83.8</ele>
      </trkpt>
      <trkpt lat="57.862233" lon="12.06829">
        <ele>84.6</ele>
      </trkpt>
      <trkpt lat="57.862321" lon="12.068672">
        <ele>83.4</ele>
      </trkpt>
      <trkpt lat="57.86258" lon="12.068858">
        <ele>83.2</ele>
      </trkpt>
      <trkpt lat="57.862818" lon="12.069344">
        <ele>82.1</ele>
      </trkpt>
      <trkpt lat="57.863096" lon="12.069979">
        <ele>80.5</ele>
      </trkpt>
      <trkpt lat="57.863388" lon="12.070216">
        <ele>80.7</ele>
      </trkpt>
      <trkpt lat="57.863706" lon="12.070527">
        <ele>80.6</ele>
      </trkpt>
      <trkpt lat="57.863858" lon="12.070813">
        <ele>80.6</ele>
      </trkpt>
      <trkpt lat="57.864103" lon="12.071237">
        <ele>81.2</ele>
      </trkpt>
      <trkpt lat="57.864043" lon="12.071411">
        <ele>81.1</ele>
      </trkpt>
      <trkpt lat="57.864076" lon="12.071647">
        <ele>81.6</ele>
      </trkpt>
      <trkpt lat="57.864322" lon="12.071747">
        <ele>82.8</ele>
      </trkpt>
      <trkpt lat="57.864553" lon="12.071921">
        <ele>83.9</ele>
      </trkpt>
      <trkpt lat="57.864792" lon="12.071759">
        <ele>84.4</ele>
      </trkpt>
      <trkpt lat="57.86501" lon="12.07151">
        <ele>84.7</ele>
      </trkpt>
      <trkpt lat="57.865116" lon="12.071286">
        <ele>84.5</ele>
      </trkpt>
      <trkpt lat="57.865196" lon="12.071349">
        <ele>84.9</ele>
      </trkpt>
      <trkpt lat="57.865176" lon="12.071548">
        <ele>85.4</ele>
      </trkpt>
      <trkpt lat="57.865275" lon="12.07171">
        <ele>86.2</ele>
      </trkpt>
      <trkpt lat="57.865414" lon="12.071647">
        <ele>86.7</ele>
      </trkpt>
      <trkpt lat="57.865613" lon="12.071324">
        <ele>86.0</ele>
      </trkpt>
      <trkpt lat="57.865937" lon="12.071299">
        <ele>86.1</ele>
      </trkpt>
      <trkpt lat="57.86609" lon="12.071672">
        <ele>88.0</ele>
      </trkpt>
      <trkpt lat="57.866408" lon="12.071859">
        <ele>87.9</ele>
      </trkpt>
      <trkpt lat="57.866726" lon="12.071772">
        <ele>87.2</ele>
      </trkpt>
      <trkpt lat="57.866928" lon="12.071497">
        <ele>85.7</ele>
        <name>57.866936,12.071520</name>
        <extensions>
          <oa:Extension>
            <oa:mapZoom>16</oa:mapZoom>
          </oa:Extension>
        </extensions>
      </trkpt>
      <trkpt lat="57.866964" lon="12.071448">
        <ele>85.4</ele>
      </trkpt>
      <trkpt lat="57.867136" lon="12.071461">
        <ele>85.3</ele>
      </trkpt>
      <trkpt lat="57.867514" lon="12.071324">
        <ele>83.9</ele>
      </trkpt>
      <trkpt lat="57.867785" lon="12.071149">
        <ele>82.3</ele>
      </trkpt>
      <trkpt lat="57.868196" lon="12.071224">
        <ele>83.0</ele>
      </trkpt>
      <trkpt lat="57.868487" lon="12.07156">
        <ele>85.8</ele>
      </trkpt>
      <trkpt lat="57.868706" lon="12.071442">
        <ele>85.7</ele>
      </trkpt>
      <trkpt lat="57.868924" lon="12.071324">
        <ele>85.5</ele>
      </trkpt>
      <trkpt lat="57.869229" lon="12.071199">
        <ele>84.9</ele>
      </trkpt>
      <trkpt lat="57.869593" lon="12.071249">
        <ele>84.5</ele>
      </trkpt>
      <trkpt lat="57.869924" lon="12.071398">
        <ele>84.5</ele>
      </trkpt>
      <trkpt lat="57.870123" lon="12.071286">
        <ele>83.2</ele>
      </trkpt>
      <trkpt lat="57.870388" lon="12.071349">
        <ele>83.0</ele>
      </trkpt>
      <trkpt lat="57.870653" lon="12.071411">
        <ele>82.9</ele>
      </trkpt>
      <trkpt lat="57.870868" lon="12.071591">
        <ele>83.4</ele>
      </trkpt>
      <trkpt lat="57.871083" lon="12.071772">
        <ele>83.2</ele>
      </trkpt>
      <trkpt lat="57.871341" lon="12.071822">
        <ele>81.7</ele>
      </trkpt>
      <trkpt lat="57.871599" lon="12.071872">
        <ele>80.1</ele>
      </trkpt>
      <trkpt lat="57.871732" lon="12.071734">
        <ele>78.9</ele>
      </trkpt>
      <trkpt lat="57.871967" lon="12.071747">
        <ele>77.9</ele>
      </trkpt>
      <trkpt lat="57.872202" lon="12.071759">
        <ele>76.9</ele>
      </trkpt>
      <trkpt lat="57.872493" lon="12.07151">
        <ele>74.7</ele>
      </trkpt>
      <trkpt lat="57.872718" lon="12.071548">
        <ele>72.8</ele>
      </trkpt>
      <trkpt lat="57.872983" lon="12.071971">
        <ele>71.0</ele>
      </trkpt>
      <trkpt lat="57.873083" lon="12.072307">
        <ele>71.5</ele>
      </trkpt>
      <trkpt lat="57.873268" lon="12.072295">
        <ele>70.2</ele>
      </trkpt>
      <trkpt lat="57.873473" lon="12.072967">
        <ele>73.6</ele>
      </trkpt>
      <trkpt lat="57.873566" lon="12.073664">
        <ele>76.2</ele>
      </trkpt>
      <trkpt lat="57.87342" lon="12.074001">
        <ele>76.7</ele>
      </trkpt>
      <trkpt lat="57.873407" lon="12.074299">
        <ele>77.2</ele>
      </trkpt>
      <trkpt lat="57.873242" lon="12.074474">
        <ele>77.9</ele>
      </trkpt>
      <trkpt lat="57.873202" lon="12.074947">
        <ele>79.0</ele>
      </trkpt>
      <trkpt lat="57.873347" lon="12.075246">
        <ele>78.7</ele>
      </trkpt>
      <trkpt lat="57.873486" lon="12.075868">
        <ele>77.2</ele>
      </trkpt>
      <trkpt lat="57.873437" lon="12.076429">
        <ele>75.8</ele>
      </trkpt>
      <trkpt lat="57.873387" lon="12.076989">
        <ele>74.7</ele>
      </trkpt>
      <trkpt lat="57.873267" lon="12.077782">
        <ele>73.3</ele>
      </trkpt>
      <trkpt lat="57.873175" lon="12.078394">
        <ele>72.1</ele>
      </trkpt>
      <trkpt lat="57.873083" lon="12.079006">
        <ele>72.0</ele>
      </trkpt>
      <trkpt lat="57.872907" lon="12.079752">
        <ele>72.0</ele>
      </trkpt>
      <trkpt lat="57.872846" lon="12.080167">
        <ele>73.5</ele>
      </trkpt>
      <trkpt lat="57.872786" lon="12.080582">
        <ele>76.6</ele>
      </trkpt>
      <trkpt lat="57.872731" lon="12.081088">
        <ele>80.4</ele>
      </trkpt>
      <trkpt lat="57.872832" lon="12.081137">
        <ele>81.2</ele>
      </trkpt>
      <trkpt lat="57.873032" lon="12.081202">
        <ele>82.9</ele>
      </trkpt>
      <trkpt lat="57.87318" lon="12.081223">
        <ele>84.0</ele>
      </trkpt>
      <trkpt lat="57.873288" lon="12.081257">
        <ele>84.8</ele>
      </trkpt>
      <trkpt lat="57.873617" lon="12.081595">
        <ele>88.3</ele>
      </trkpt>
      <trkpt lat="57.873971" lon="12.081675">
        <ele>89.6</ele>
      </trkpt>
      <trkpt lat="57.874395" lon="12.081452">
        <ele>89.5</ele>
      </trkpt>
      <trkpt lat="57.874819" lon="12.081229">
        <ele>90.0</ele>
      </trkpt>
      <trkpt lat="57.875243" lon="12.081006">
        <ele>91.8</ele>
      </trkpt>
      <trkpt lat="57.875667" lon="12.080783">
        <ele>94.4</ele>
      </trkpt>
      <trkpt lat="57.876059" lon="12.08095">
        <ele>95.1</ele>
      </trkpt>
      <trkpt lat="57.876451" lon="12.081117">
        <ele>94.0</ele>
      </trkpt>
      <trkpt lat="57.876843" lon="12.081283">
        <ele>93.3</ele>
      </trkpt>
      <trkpt lat="57.877235" lon="12.08145">
        <ele>93.5</ele>
      </trkpt>
      <trkpt lat="57.877581" lon="12.081571">
        <ele>93.6</ele>
      </trkpt>
      <trkpt lat="57.877775" lon="12.081761">
        <ele>93.5</ele>
        <name>57.877769,12.081781</name>
        <extensions>
          <oa:Extension>
            <oa:mapZoom>16</oa:mapZoom>
          </oa:Extension>
        </extensions>
      </trkpt>
      <trkpt lat="57.877953" lon="12.081935">
        <ele>93.4</ele>
      </trkpt>
      <trkpt lat="57.878326" lon="12.0823">
        <ele>93.4</ele>
      </trkpt>
      <trkpt lat="57.878698" lon="12.082664">
        <ele>94.1</ele>
      </trkpt>
      <trkpt lat="57.87906" lon="12.082688">
        <ele>93.7</ele>
      </trkpt>
      <trkpt lat="57.879478" lon="12.08297">
        <ele>93.1</ele>
      </trkpt>
      <trkpt lat="57.879732" lon="12.083423">
        <ele>91.7</ele>
      </trkpt>
      <trkpt lat="57.879986" lon="12.083876">
        <ele>90.1</ele>
      </trkpt>
      <trkpt lat="57.880084" lon="12.084014">
        <ele>89.3</ele>
      </trkpt>
      <trkpt lat="57.880261" lon="12.084126">
        <ele>87.6</ele>
      </trkpt>
      <trkpt lat="57.880468" lon="12.084165">
        <ele>85.2</ele>
      </trkpt>
      <trkpt lat="57.880694" lon="12.084141">
        <ele>82.7</ele>
      </trkpt>
      <trkpt lat="57.88092" lon="12.084118">
        <ele>80.3</ele>
      </trkpt>
      <trkpt lat="57.881091" lon="12.08411">
        <ele>78.5</ele>
      </trkpt>
      <trkpt lat="57.881407" lon="12.084225">
        <ele>74.3</ele>
      </trkpt>
      <trkpt lat="57.881724" lon="12.08434">
        <ele>70.0</ele>
      </trkpt>
      <trkpt lat="57.882041" lon="12.084456">
        <ele>65.9</ele>
      </trkpt>
      <trkpt lat="57.882004" lon="12.08459">
        <ele>65.0</ele>
      </trkpt>
      <trkpt lat="57.881883" lon="12.084701">
        <ele>65.2</ele>
      </trkpt>
      <trkpt lat="57.881715" lon="12.084837">
        <ele>66.0</ele>
      </trkpt>
      <trkpt lat="57.881562" lon="12.08488">
        <ele>67.4</ele>
      </trkpt>
      <trkpt lat="57.881422" lon="12.084922">
        <ele>68.8</ele>
      </trkpt>
      <trkpt lat="57.881259" lon="12.085016">
        <ele>70.5</ele>
      </trkpt>
      <trkpt lat="57.881055" lon="12.085067">
        <ele>72.9</ele>
      </trkpt>
      <trkpt lat="57.88092" lon="12.085194">
        <ele>74.7</ele>
      </trkpt>
      <trkpt lat="57.880897" lon="12.085415">
        <ele>75.3</ele>
      </trkpt>
      <trkpt lat="57.880924" lon="12.085577">
        <ele>75.4</ele>
      </trkpt>
      <trkpt lat="57.880929" lon="12.08584">
        <ele>76.1</ele>
      </trkpt>
      <trkpt lat="57.880979" lon="12.086036">
        <ele>76.2</ele>
      </trkpt>
      <trkpt lat="57.880988" lon="12.086163">
        <ele>76.5</ele>
      </trkpt>
      <trkpt lat="57.881033" lon="12.086299">
        <ele>76.7</ele>
      </trkpt>
      <trkpt lat="57.881078" lon="12.086469">
        <ele>77.1</ele>
      </trkpt>
      <trkpt lat="57.881146" lon="12.086605">
        <ele>77.2</ele>
      </trkpt>
      <trkpt lat="57.881132" lon="12.086724">
        <ele>77.5</ele>
      </trkpt>
      <trkpt lat="57.881028" lon="12.086852">
        <ele>78.1</ele>
      </trkpt>
      <trkpt lat="57.880902" lon="12.087005">
        <ele>78.9</ele>
      </trkpt>
      <trkpt lat="57.881024" lon="12.087183">
        <ele>78.4</ele>
      </trkpt>
      <trkpt lat="57.881092" lon="12.087387">
        <ele>78.2</ele>
      </trkpt>
      <trkpt lat="57.881159" lon="12.087557">
        <ele>78.0</ele>
      </trkpt>
      <trkpt lat="57.88125" lon="12.087693">
        <ele>77.9</ele>
      </trkpt>
      <trkpt lat="57.88134" lon="12.087736">
        <ele>77.6</ele>
      </trkpt>
      <trkpt lat="57.881412" lon="12.087795">
        <ele>77.4</ele>
      </trkpt>
      <trkpt lat="57.88145" lon="12.087921">
        <ele>77.6</ele>
      </trkpt>
      <trkpt lat="57.881405" lon="12.088027">
        <ele>78.1</ele>
      </trkpt>
      <trkpt lat="57.881348" lon="12.088115">
        <ele>78.5</ele>
      </trkpt>
      <trkpt lat="57.881283" lon="12.0882">
        <ele>79.0</ele>
      </trkpt>
      <trkpt lat="57.881226" lon="12.088277">
        <ele>79.3</ele>
      </trkpt>
      <trkpt lat="57.881166" lon="12.088306">
        <ele>79.7</ele>
      </trkpt>
      <trkpt lat="57.881106" lon="12.088341">
        <ele>80.0</ele>
      </trkpt>
      <trkpt lat="57.881035" lon="12.08838">
        <ele>80.5</ele>
      </trkpt>
      <trkpt lat="57.880982" lon="12.088461">
        <ele>80.6</ele>
      </trkpt>
      <trkpt lat="57.88095" lon="12.088567">
        <ele>80.4</ele>
      </trkpt>
      <trkpt lat="57.880917" lon="12.088733">
        <ele>79.8</ele>
      </trkpt>
      <trkpt lat="57.880902" lon="12.088846">
        <ele>79.2</ele>
      </trkpt>
      <trkpt lat="57.880875" lon="12.088948">
        <ele>78.8</ele>
      </trkpt>
      <trkpt lat="57.880827" lon="12.089022">
        <ele>78.8</ele>
      </trkpt>
      <trkpt lat="57.880795" lon="12.089107">
        <ele>78.7</ele>
      </trkpt>
      <trkpt lat="57.880757" lon="12.089156">
        <ele>78.8</ele>
      </trkpt>
      <trkpt lat="57.880712" lon="12.089209">
        <ele>79.1</ele>
      </trkpt>
      <trkpt lat="57.880673" lon="12.089234">
        <ele>79.4</ele>
      </trkpt>
      <trkpt lat="57.880641" lon="12.089294">
        <ele>79.6</ele>
      </trkpt>
      <trkpt lat="57.8806" lon="12.089276">
        <ele>80.2</ele>
      </trkpt>
      <trkpt lat="57.880553" lon="12.089283">
        <ele>80.7</ele>
      </trkpt>
      <trkpt lat="57.880494" lon="12.089396">
        <ele>81.2</ele>
      </trkpt>
      <trkpt lat="57.880472" lon="12.08952">
        <ele>81.2</ele>
      </trkpt>
      <trkpt lat="57.880455" lon="12.089657">
        <ele>81.0</ele>
      </trkpt>
      <trkpt lat="57.880423" lon="12.089799">
        <ele>81.1</ele>
      </trkpt>
      <trkpt lat="57.880387" lon="12.08994">
        <ele>81.1</ele>
      </trkpt>
      <trkpt lat="57.88035" lon="12.090092">
        <ele>80.8</ele>
      </trkpt>
      <trkpt lat="57.880335" lon="12.090166">
        <ele>80.6</ele>
      </trkpt>
      <trkpt lat="57.88029" lon="12.090194">
        <ele>81.1</ele>
      </trkpt>
      <trkpt lat="57.880224" lon="12.090257">
        <ele>81.7</ele>
      </trkpt>
      <trkpt lat="57.880155" lon="12.090293">
        <ele>82.6</ele>
      </trkpt>
      <trkpt lat="57.880113" lon="12.090349">
        <ele>82.8</ele>
      </trkpt>
      <trkpt lat="57.880065" lon="12.090427">
        <ele>82.9</ele>
      </trkpt>
      <trkpt lat="57.880022" lon="12.09049">
        <ele>82.9</ele>
      </trkpt>
      <trkpt lat="57.87999" lon="12.090561">
        <ele>82.7</ele>
      </trkpt>
      <trkpt lat="57.87995" lon="12.090702">
        <ele>82.0</ele>
      </trkpt>
      <trkpt lat="57.879911" lon="12.090801">
        <ele>81.7</ele>
      </trkpt>
      <trkpt lat="57.879832" lon="12.090938">
        <ele>81.9</ele>
      </trkpt>
      <trkpt lat="57.879774" lon="12.091016">
        <ele>82.2</ele>
      </trkpt>
      <trkpt lat="57.879727" lon="12.091041">
        <ele>82.9</ele>
      </trkpt>
      <trkpt lat="57.879695" lon="12.091147">
        <ele>82.5</ele>
      </trkpt>
      <trkpt lat="57.879663" lon="12.091189">
        <ele>82.8</ele>
      </trkpt>
      <trkpt lat="57.879633" lon="12.091263">
        <ele>82.8</ele>
      </trkpt>
      <trkpt lat="57.879597" lon="12.091412">
        <ele>82.4</ele>
      </trkpt>
      <trkpt lat="57.879554" lon="12.091496">
        <ele>82.8</ele>
      </trkpt>
      <trkpt lat="57.879487" lon="12.091662">
        <ele>83.4</ele>
      </trkpt>
      <trkpt lat="57.879455" lon="12.09174">
        <ele>83.7</ele>
      </trkpt>
      <trkpt lat="57.879425" lon="12.091793">
        <ele>84.2</ele>
      </trkpt>
      <trkpt lat="57.87938" lon="12.0918">
        <ele>85.1</ele>
      </trkpt>
      <trkpt lat="57.87934" lon="12.091884">
        <ele>85.5</ele>
      </trkpt>
      <trkpt lat="57.87932" lon="12.091958">
        <ele>85.6</ele>
      </trkpt>
      <trkpt lat="57.879295" lon="12.09205">
        <ele>85.6</ele>
      </trkpt>
      <trkpt lat="57.879397" lon="12.092386">
        <ele>82.1</ele>
      </trkpt>
      <trkpt lat="57.879459" lon="12.092393">
        <ele>81.0</ele>
      </trkpt>
      <trkpt lat="57.879517" lon="12.092378">
        <ele>80.1</ele>
      </trkpt>
      <trkpt lat="57.879575" lon="12.092378">
        <ele>79.1</ele>
      </trkpt>
      <trkpt lat="57.879618" lon="12.092326">
        <ele>78.4</ele>
      </trkpt>
      <trkpt lat="57.87968" lon="12.092273">
        <ele>77.4</ele>
      </trkpt>
      <trkpt lat="57.879718" lon="12.092266">
        <ele>76.7</ele>
      </trkpt>
      <trkpt lat="57.879772" lon="12.092322">
        <ele>75.7</ele>
      </trkpt>
      <trkpt lat="57.879825" lon="12.092361">
        <ele>74.8</ele>
      </trkpt>
      <trkpt lat="57.879881" lon="12.092393">
        <ele>73.8</ele>
      </trkpt>
      <trkpt lat="57.879925" lon="12.092386">
        <ele>73.1</ele>
      </trkpt>
      <trkpt lat="57.879964" lon="12.092347">
        <ele>72.5</ele>
      </trkpt>
      <trkpt lat="57.880004" lon="12.092328">
        <ele>71.9</ele>
      </trkpt>
      <trkpt lat="57.880031" lon="12.092282">
        <ele>71.4</ele>
      </trkpt>
      <trkpt lat="57.880124" lon="12.09228">
        <ele>70.0</ele>
      </trkpt>
      <trkpt lat="57.880179" lon="12.092319">
        <ele>69.2</ele>
      </trkpt>
      <trkpt lat="57.880212" lon="12.092349">
        <ele>68.7</ele>
      </trkpt>
      <trkpt lat="57.880251" lon="12.09237">
        <ele>68.2</ele>
      </trkpt>
      <trkpt lat="57.880294" lon="12.092444">
        <ele>67.6</ele>
      </trkpt>
      <trkpt lat="57.880369" lon="12.092529">
        <ele>66.6</ele>
      </trkpt>
      <trkpt lat="57.880443" lon="12.092587">
        <ele>65.5</ele>
      </trkpt>
      <trkpt lat="57.88052" lon="12.09267">
        <ele>64.5</ele>
      </trkpt>
      <trkpt lat="57.880582" lon="12.092725">
        <ele>63.7</ele>
      </trkpt>
      <trkpt lat="57.880651" lon="12.092774">
        <ele>62.8</ele>
      </trkpt>
      <trkpt lat="57.880748" lon="12.09282">
        <ele>61.8</ele>
      </trkpt>
      <trkpt lat="57.88079" lon="12.092836">
        <ele>61.4</ele>
      </trkpt>
      <trkpt lat="57.880825" lon="12.092855">
        <ele>61.1</ele>
      </trkpt>
      <trkpt lat="57.880871" lon="12.092895">
        <ele>60.7</ele>
      </trkpt>
      <trkpt lat="57.880931" lon="12.092933">
        <ele>60.3</ele>
      </trkpt>
      <trkpt lat="57.880965" lon="12.092941">
        <ele>60.0</ele>
      </trkpt>
      <trkpt lat="57.881004" lon="12.092955">
        <ele>59.8</ele>
      </trkpt>
      <trkpt lat="57.881015" lon="12.092985">
        <ele>59.7</ele>
      </trkpt>
      <trkpt lat="57.881008" lon="12.093013">
        <ele>59.8</ele>
      </trkpt>
      <trkpt lat="57.880986" lon="12.093053">
        <ele>59.9</ele>
      </trkpt>
      <trkpt lat="57.880968" lon="12.093104">
        <ele>60.0</ele>
      </trkpt>
      <trkpt lat="57.880947" lon="12.093176">
        <ele>60.2</ele>
      </trkpt>
      <trkpt lat="57.880925" lon="12.093249">
        <ele>60.3</ele>
      </trkpt>
      <trkpt lat="57.880917" lon="12.093319">
        <ele>60.4</ele>
      </trkpt>
      <trkpt lat="57.880913" lon="12.093415">
        <ele>60.4</ele>
      </trkpt>
      <trkpt lat="57.8809" lon="12.093433">
        <ele>60.5</ele>
      </trkpt>
      <trkpt lat="57.880816" lon="12.093587">
        <ele>61.1</ele>
      </trkpt>
      <trkpt lat="57.880702" lon="12.093781">
        <ele>62.2</ele>
      </trkpt>
      <trkpt lat="57.880595" lon="12.094012">
        <ele>63.4</ele>
      </trkpt>
      <trkpt lat="57.880674" lon="12.094512">
        <ele>62.4</ele>
      </trkpt>
      <trkpt lat="57.880737" lon="12.095215">
        <ele>62.1</ele>
      </trkpt>
      <trkpt lat="57.880801" lon="12.095918">
        <ele>63.4</ele>
      </trkpt>
      <trkpt lat="57.880864" lon="12.096621">
        <ele>65.6</ele>
      </trkpt>
      <trkpt lat="57.880851" lon="12.096906">
        <ele>67.8</ele>
      </trkpt>
      <trkpt lat="57.88089" lon="12.097101">
        <ele>69.6</ele>
      </trkpt>
      <trkpt lat="57.880843" lon="12.097175">
        <ele>70.5</ele>
      </trkpt>
      <trkpt lat="57.880747" lon="12.097264">
        <ele>71.7</ele>
      </trkpt>
      <trkpt lat="57.880605" lon="12.097403">
        <ele>73.4</ele>
      </trkpt>
      <trkpt lat="57.880535" lon="12.097394">
        <ele>73.4</ele>
      </trkpt>
      <trkpt lat="57.880414" lon="12.097403">
        <ele>73.5</ele>
      </trkpt>
      <trkpt lat="57.880371" lon="12.097516">
        <ele>74.5</ele>
      </trkpt>
      <trkpt lat="57.880245" lon="12.097744">
        <ele>76.4</ele>
      </trkpt>
      <trkpt lat="57.880198" lon="12.097907">
        <ele>77.6</ele>
      </trkpt>
      <trkpt lat="57.880102" lon="12.098062">
        <ele>78.5</ele>
      </trkpt>
      <trkpt lat="57.880085" lon="12.09816">
        <ele>79.1</ele>
      </trkpt>
      <trkpt lat="57.880076" lon="12.098396">
        <ele>80.4</ele>
      </trkpt>
      <trkpt lat="57.880055" lon="12.098681">
        <ele>81.4</ele>
      </trkpt>
      <trkpt lat="57.880007" lon="12.098827">
        <ele>81.9</ele>
      </trkpt>
      <trkpt lat="57.879964" lon="12.099023">
        <ele>82.5</ele>
      </trkpt>
      <trkpt lat="57.879977" lon="12.099218">
        <ele>83.2</ele>
      </trkpt>
      <trkpt lat="57.88002" lon="12.099373">
        <ele>84.0</ele>
      </trkpt>
      <trkpt lat="57.880072" lon="12.099576">
        <ele>85.1</ele>
      </trkpt>
      <trkpt lat="57.88015" lon="12.099699">
        <ele>85.8</ele>
      </trkpt>
      <trkpt lat="57.880232" lon="12.099772">
        <ele>86.3</ele>
      </trkpt>
      <trkpt lat="57.880319" lon="12.099756">
        <ele>86.6</ele>
      </trkpt>
      <trkpt lat="57.880531" lon="12.099756">
        <ele>87.7</ele>
      </trkpt>
      <trkpt lat="57.880661" lon="12.099756">
        <ele>88.4</ele>
      </trkpt>
      <trkpt lat="57.880795" lon="12.099772">
        <ele>88.9</ele>
      </trkpt>
      <trkpt lat="57.880947" lon="12.099853">
        <ele>89.4</ele>
      </trkpt>
      <trkpt lat="57.881102" lon="12.099894">
        <ele>89.7</ele>
      </trkpt>
      <trkpt lat="57.881293" lon="12.099837">
        <ele>89.8</ele>
      </trkpt>
      <trkpt lat="57.881453" lon="12.099756">
        <ele>89.6</ele>
      </trkpt>
      <trkpt lat="57.881626" lon="12.099829">
        <ele>89.8</ele>
      </trkpt>
      <trkpt lat="57.881769" lon="12.099886">
        <ele>89.9</ele>
      </trkpt>
      <trkpt lat="57.881934" lon="12.099902">
        <ele>89.7</ele>
      </trkpt>
      <trkpt lat="57.882068" lon="12.099984">
        <ele>89.7</ele>
      </trkpt>
      <trkpt lat="57.882159" lon="12.100106">
        <ele>89.6</ele>
      </trkpt>
      <trkpt lat="57.882345" lon="12.100228">
        <ele>89.2</ele>
      </trkpt>
      <trkpt lat="57.882492" lon="12.100342">
        <ele>88.6</ele>
      </trkpt>
      <trkpt lat="57.882613" lon="12.100521">
        <ele>87.7</ele>
      </trkpt>
      <trkpt lat="57.882708" lon="12.100651">
        <ele>87.0</ele>
      </trkpt>
      <trkpt lat="57.882817" lon="12.100716">
        <ele>86.8</ele>
      </trkpt>
      <trkpt lat="57.882955" lon="12.100847">
        <ele>86.7</ele>
      </trkpt>
      <trkpt lat="57.882998" lon="12.101067">
        <ele>86.9</ele>
      </trkpt>
      <trkpt lat="57.883081" lon="12.101221">
        <ele>87.3</ele>
      </trkpt>
      <trkpt lat="57.883154" lon="12.10149">
        <ele>88.0</ele>
      </trkpt>
      <trkpt lat="57.883202" lon="12.101653">
        <ele>88.3</ele>
      </trkpt>
      <trkpt lat="57.883341" lon="12.101775">
        <ele>88.9</ele>
      </trkpt>
      <trkpt lat="57.883436" lon="12.101889">
        <ele>89.1</ele>
      </trkpt>
      <trkpt lat="57.883531" lon="12.102011">
        <ele>89.2</ele>
      </trkpt>
      <trkpt lat="57.883635" lon="12.102019">
        <ele>89.7</ele>
      </trkpt>
      <trkpt lat="57.883721" lon="12.10197">
        <ele>90.2</ele>
      </trkpt>
      <trkpt lat="57.883851" lon="12.102076">
        <ele>90.4</ele>
      </trkpt>
      <trkpt lat="57.883981" lon="12.102149">
        <ele>90.6</ele>
      </trkpt>
      <trkpt lat="57.884111" lon="12.102353">
        <ele>90.3</ele>
      </trkpt>
      <trkpt lat="57.884159" lon="12.102557">
        <ele>89.9</ele>
      </trkpt>
      <trkpt lat="57.884245" lon="12.102719">
        <ele>89.4</ele>
      </trkpt>
      <trkpt lat="57.884353" lon="12.102923">
        <ele>88.6</ele>
      </trkpt>
      <trkpt lat="57.884319" lon="12.103224">
        <ele>88.0</ele>
      </trkpt>
      <trkpt lat="57.88428" lon="12.103444">
        <ele>87.8</ele>
      </trkpt>
      <trkpt lat="57.884215" lon="12.103664">
        <ele>87.8</ele>
      </trkpt>
      <trkpt lat="57.88412" lon="12.103868">
        <ele>87.8</ele>
      </trkpt>
      <trkpt lat="57.884059" lon="12.103981">
        <ele>87.7</ele>
      </trkpt>
      <trkpt lat="57.884041" lon="12.104199">
        <ele>87.8</ele>
      </trkpt>
      <trkpt lat="57.884093" lon="12.1044">
        <ele>88.3</ele>
      </trkpt>
      <trkpt lat="57.884171" lon="12.104458">
        <ele>88.6</ele>
      </trkpt>
      <trkpt lat="57.884322" lon="12.10452">
        <ele>88.2</ele>
      </trkpt>
      <trkpt lat="57.884482" lon="12.104484">
        <ele>86.7</ele>
      </trkpt>
      <trkpt lat="57.884675" lon="12.104599">
        <ele>84.5</ele>
      </trkpt>
      <trkpt lat="57.884844" lon="12.104741">
        <ele>82.3</ele>
      </trkpt>
      <trkpt lat="57.88499" lon="12.104829">
        <ele>80.9</ele>
      </trkpt>
      <trkpt lat="57.885089" lon="12.105042">
        <ele>79.5</ele>
      </trkpt>
      <trkpt lat="57.885089" lon="12.105307">
        <ele>77.7</ele>
      </trkpt>
      <trkpt lat="57.885032" lon="12.105608">
        <ele>75.6</ele>
      </trkpt>
      <trkpt lat="57.88491" lon="12.105936">
        <ele>73.9</ele>
      </trkpt>
      <trkpt lat="57.884811" lon="12.106086">
        <ele>73.5</ele>
      </trkpt>
      <trkpt lat="57.884642" lon="12.106183">
        <ele>74.8</ele>
      </trkpt>
      <trkpt lat="57.884482" lon="12.106281">
        <ele>76.0</ele>
      </trkpt>
      <trkpt lat="57.884312" lon="12.106351">
        <ele>77.2</ele>
      </trkpt>
      <trkpt lat="57.884167" lon="12.106404">
        <ele>77.7</ele>
      </trkpt>
      <trkpt lat="57.88403" lon="12.106493">
        <ele>77.3</ele>
      </trkpt>
      <trkpt lat="57.883847" lon="12.106511">
        <ele>76.8</ele>
      </trkpt>
      <trkpt lat="57.883734" lon="12.106351">
        <ele>77.3</ele>
      </trkpt>
      <trkpt lat="57.883602" lon="12.106077">
        <ele>78.4</ele>
      </trkpt>
      <trkpt lat="57.883494" lon="12.105838">
        <ele>79.1</ele>
      </trkpt>
      <trkpt lat="57.883367" lon="12.105856">
        <ele>78.1</ele>
      </trkpt>
      <trkpt lat="57.88324" lon="12.105856">
        <ele>77.4</ele>
      </trkpt>
      <trkpt lat="57.883113" lon="12.105679">
        <ele>76.9</ele>
      </trkpt>
      <trkpt lat="57.883019" lon="12.105493">
        <ele>76.3</ele>
      </trkpt>
      <trkpt lat="57.882896" lon="12.105449">
        <ele>75.0</ele>
      </trkpt>
      <trkpt lat="57.882821" lon="12.105537">
        <ele>74.4</ele>
      </trkpt>
      <trkpt lat="57.882939" lon="12.105741">
        <ele>75.6</ele>
      </trkpt>
      <trkpt lat="57.883033" lon="12.105918">
        <ele>76.1</ele>
      </trkpt>
      <trkpt lat="57.883165" lon="12.106174">
        <ele>75.9</ele>
      </trkpt>
      <trkpt lat="57.883151" lon="12.106422">
        <ele>75.1</ele>
      </trkpt>
      <trkpt lat="57.88307" lon="12.106599">
        <ele>75.3</ele>
      </trkpt>
      <trkpt lat="57.882925" lon="12.10675">
        <ele>76.3</ele>
      </trkpt>
      <trkpt lat="57.882798" lon="12.106882">
        <ele>77.8</ele>
      </trkpt>
      <trkpt lat="57.882694" lon="12.106997">
        <ele>79.5</ele>
      </trkpt>
      <trkpt lat="57.882647" lon="12.107148">
        <ele>81.2</ele>
      </trkpt>
      <trkpt lat="57.882605" lon="12.107325">
        <ele>83.4</ele>
      </trkpt>
      <trkpt lat="57.88268" lon="12.107475">
        <ele>84.4</ele>
      </trkpt>
      <trkpt lat="57.882831" lon="12.107643">
        <ele>85.1</ele>
      </trkpt>
      <trkpt lat="57.882962" lon="12.107811">
        <ele>86.0</ele>
      </trkpt>
      <trkpt lat="57.883099" lon="12.107882">
        <ele>85.7</ele>
      </trkpt>
      <trkpt lat="57.883259" lon="12.107909">
        <ele>84.6</ele>
      </trkpt>
      <trkpt lat="57.883339" lon="12.107988">
        <ele>84.4</ele>
      </trkpt>
      <trkpt lat="57.883339" lon="12.108156">
        <ele>85.6</ele>
      </trkpt>
      <trkpt lat="57.883277" lon="12.108227">
        <ele>86.8</ele>
      </trkpt>
      <trkpt lat="57.883183" lon="12.108298">
        <ele>88.4</ele>
      </trkpt>
      <trkpt lat="57.883024" lon="12.10836">
        <ele>90.5</ele>
      </trkpt>
      <trkpt lat="57.882882" lon="12.108519">
        <ele>93.0</ele>
      </trkpt>
      <trkpt lat="57.882755" lon="12.108705">
        <ele>95.4</ele>
      </trkpt>
      <trkpt lat="57.882718" lon="12.108935">
        <ele>97.1</ele>
      </trkpt>
      <trkpt lat="57.882765" lon="12.10928">
        <ele>99.1</ele>
      </trkpt>
      <trkpt lat="57.882821" lon="12.109696">
        <ele>102.2</ele>
      </trkpt>
      <trkpt lat="57.882864" lon="12.110103">
        <ele>103.8</ele>
      </trkpt>
      <trkpt lat="57.882882" lon="12.110439">
        <ele>103.1</ele>
      </trkpt>
      <trkpt lat="57.882887" lon="12.110749">
        <ele>102.0</ele>
      </trkpt>
      <trkpt lat="57.882864" lon="12.111121">
        <ele>101.2</ele>
      </trkpt>
      <trkpt lat="57.882849" lon="12.11136">
        <ele>100.7</ele>
      </trkpt>
      <trkpt lat="57.88291" lon="12.111731">
        <ele>100.6</ele>
      </trkpt>
      <trkpt lat="57.882859" lon="12.111899">
        <ele>100.3</ele>
      </trkpt>
      <trkpt lat="57.882812" lon="12.112298">
        <ele>100.2</ele>
      </trkpt>
      <trkpt lat="57.882845" lon="12.112731">
        <ele>100.5</ele>
      </trkpt>
      <trkpt lat="57.882798" lon="12.112979">
        <ele>100.4</ele>
      </trkpt>
      <trkpt lat="57.882793" lon="12.113244">
        <ele>100.5</ele>
      </trkpt>
      <trkpt lat="57.882807" lon="12.113439">
        <ele>100.7</ele>
      </trkpt>
      <trkpt lat="57.882802" lon="12.113616">
        <ele>100.9</ele>
      </trkpt>
      <trkpt lat="57.8831" lon="12.113582">
        <ele>101.7</ele>
      </trkpt>
      <trkpt lat="57.883237" lon="12.113531">
        <ele>102.0</ele>
      </trkpt>
      <trkpt lat="57.883328" lon="12.113496">
        <ele>102.1</ele>
      </trkpt>
      <trkpt lat="57.88341" lon="12.11341">
        <ele>102.0</ele>
      </trkpt>
      <trkpt lat="57.88351" lon="12.113213">
        <ele>102.1</ele>
      </trkpt>
      <trkpt lat="57.883602" lon="12.113007">
        <ele>102.5</ele>
      </trkpt>
      <trkpt lat="57.883665" lon="12.11293">
        <ele>102.6</ele>
      </trkpt>
      <trkpt lat="57.883743" lon="12.112878">
        <ele>102.8</ele>
      </trkpt>
      <trkpt lat="57.883926" lon="12.11281">
        <ele>102.9</ele>
      </trkpt>
      <trkpt lat="57.884122" lon="12.112758">
        <ele>103.0</ele>
      </trkpt>
      <trkpt lat="57.8843" lon="12.112724">
        <ele>103.0</ele>
      </trkpt>
      <trkpt lat="57.884437" lon="12.112767">
        <ele>102.7</ele>
      </trkpt>
      <trkpt lat="57.884605" lon="12.112835">
        <ele>102.0</ele>
      </trkpt>
      <trkpt lat="57.884829" lon="12.112878">
        <ele>101.1</ele>
      </trkpt>
      <trkpt lat="57.884948" lon="12.112938">
        <ele>100.3</ele>
      </trkpt>
      <trkpt lat="57.885176" lon="12.112981">
        <ele>98.8</ele>
      </trkpt>
      <trkpt lat="57.885367" lon="12.11299">
        <ele>97.4</ele>
      </trkpt>
      <trkpt lat="57.885664" lon="12.11299">
        <ele>95.3</ele>
      </trkpt>
      <trkpt lat="57.885787" lon="12.112973">
        <ele>94.6</ele>
      </trkpt>
      <trkpt lat="57.88592" lon="12.112896">
        <ele>94.3</ele>
      </trkpt>
      <trkpt lat="57.88612" lon="12.11281">
        <ele>93.5</ele>
      </trkpt>
      <trkpt lat="57.886253" lon="12.112758">
        <ele>93.0</ele>
      </trkpt>
      <trkpt lat="57.886371" lon="12.112758">
        <ele>92.3</ele>
      </trkpt>
      <trkpt lat="57.886536" lon="12.112758">
        <ele>91.6</ele>
      </trkpt>
      <trkpt lat="57.8867" lon="12.112801">
        <ele>91.1</ele>
      </trkpt>
      <trkpt lat="57.886869" lon="12.112887">
        <ele>91.0</ele>
      </trkpt>
      <trkpt lat="57.887093" lon="12.113041">
        <ele>91.7</ele>
      </trkpt>
      <trkpt lat="57.887092" lon="12.113144">
        <ele>91.8</ele>
      </trkpt>
      <trkpt lat="57.887091" lon="12.113865">
        <ele>92.8</ele>
      </trkpt>
      <trkpt lat="57.88723" lon="12.113846">
        <ele>93.8</ele>
      </trkpt>
      <trkpt lat="57.88762" lon="12.113973">
        <ele>95.7</ele>
      </trkpt>
      <trkpt lat="57.887973" lon="12.114058">
        <ele>95.5</ele>
      </trkpt>
      <trkpt lat="57.888247" lon="12.114135">
        <ele>95.1</ele>
      </trkpt>
      <trkpt lat="57.888365" lon="12.114169">
        <ele>95.0</ele>
        <name>57.888371,12.114092</name>
        <extensions>
          <oa:Extension>
            <oa:mapZoom>15</oa:mapZoom>
          </oa:Extension>
        </extensions>
      </trkpt>
      <trkpt lat="57.88852" lon="12.114213">
        <ele>94.9</ele>
      </trkpt>
      <trkpt lat="57.888867" lon="12.114303">
        <ele>94.8</ele>
      </trkpt>
      <trkpt lat="57.889214" lon="12.114393">
        <ele>94.5</ele>
      </trkpt>
      <trkpt lat="57.889581" lon="12.114597">
        <ele>93.8</ele>
      </trkpt>
      <trkpt lat="57.889874" lon="12.115077">
        <ele>92.2</ele>
      </trkpt>
      <trkpt lat="57.890193" lon="12.115588">
        <ele>89.5</ele>
      </trkpt>
      <trkpt lat="57.890511" lon="12.1161">
        <ele>86.7</ele>
      </trkpt>
      <trkpt lat="57.89083" lon="12.116611">
        <ele>84.1</ele>
      </trkpt>
      <trkpt lat="57.891149" lon="12.117122">
        <ele>78.5</ele>
      </trkpt>
      <trkpt lat="57.891325" lon="12.117334">
        <ele>75.6</ele>
      </trkpt>
      <trkpt lat="57.891542" lon="12.117704">
        <ele>72.3</ele>
      </trkpt>
      <trkpt lat="57.891629" lon="12.117944">
        <ele>70.7</ele>
      </trkpt>
      <trkpt lat="57.891647" lon="12.11817">
        <ele>70.1</ele>
      </trkpt>
      <trkpt lat="57.891629" lon="12.118325">
        <ele>70.2</ele>
      </trkpt>
      <trkpt lat="57.891569" lon="12.118572">
        <ele>71.3</ele>
      </trkpt>
      <trkpt lat="57.891524" lon="12.11884">
        <ele>72.9</ele>
      </trkpt>
      <trkpt lat="57.891527" lon="12.119094">
        <ele>74.5</ele>
      </trkpt>
      <trkpt lat="57.891621" lon="12.119327">
        <ele>76.0</ele>
      </trkpt>
      <trkpt lat="57.891779" lon="12.119482">
        <ele>77.1</ele>
      </trkpt>
      <trkpt lat="57.891998" lon="12.119623">
        <ele>77.8</ele>
      </trkpt>
      <trkpt lat="57.892217" lon="12.119764">
        <ele>78.0</ele>
      </trkpt>
      <trkpt lat="57.892352" lon="12.119898">
        <ele>78.2</ele>
      </trkpt>
      <trkpt lat="57.892514" lon="12.120216">
        <ele>78.5</ele>
      </trkpt>
      <trkpt lat="57.89281" lon="12.120674">
        <ele>77.8</ele>
      </trkpt>
      <trkpt lat="57.893083" lon="12.121161">
        <ele>78.4</ele>
      </trkpt>
      <trkpt lat="57.893357" lon="12.121648">
        <ele>79.8</ele>
      </trkpt>
      <trkpt lat="57.893492" lon="12.12187">
        <ele>80.3</ele>
      </trkpt>
      <trkpt lat="57.893608" lon="12.12211">
        <ele>81.1</ele>
      </trkpt>
      <trkpt lat="57.893638" lon="12.122258">
        <ele>81.9</ele>
      </trkpt>
      <trkpt lat="57.893845" lon="12.122272">
        <ele>80.4</ele>
      </trkpt>
      <trkpt lat="57.894141" lon="12.122335">
        <ele>78.8</ele>
      </trkpt>
      <trkpt lat="57.894379" lon="12.122448">
        <ele>78.5</ele>
      </trkpt>
      <trkpt lat="57.894617" lon="12.122561">
        <ele>78.2</ele>
      </trkpt>
      <trkpt lat="57.894902" lon="12.122653">
        <ele>77.6</ele>
      </trkpt>
      <trkpt lat="57.895164" lon="12.122695">
        <ele>76.7</ele>
      </trkpt>
      <trkpt lat="57.895378" lon="12.122575">
        <ele>74.9</ele>
      </trkpt>
      <trkpt lat="57.895539" lon="12.122459">
        <ele>73.6</ele>
      </trkpt>
      <trkpt lat="57.89581" lon="12.1222">
        <ele>71.6</ele>
      </trkpt>
      <trkpt lat="57.896081" lon="12.121942">
        <ele>70.5</ele>
      </trkpt>
      <trkpt lat="57.896353" lon="12.121683">
        <ele>70.1</ele>
      </trkpt>
      <trkpt lat="57.896623" lon="12.121415">
        <ele>70.5</ele>
      </trkpt>
      <trkpt lat="57.896892" lon="12.121147">
        <ele>71.1</ele>
      </trkpt>
      <trkpt lat="57.897147" lon="12.120727">
        <ele>71.8</ele>
      </trkpt>
      <trkpt lat="57.897297" lon="12.120558">
        <ele>71.6</ele>
      </trkpt>
      <trkpt lat="57.89741" lon="12.12048">
        <ele>71.2</ele>
      </trkpt>
      <trkpt lat="57.897503" lon="12.120332">
        <ele>71.0</ele>
      </trkpt>
      <trkpt lat="57.89777" lon="12.120043">
        <ele>69.3</ele>
      </trkpt>
      <trkpt lat="57.89786" lon="12.119803">
        <ele>68.1</ele>
      </trkpt>
      <trkpt lat="57.897923" lon="12.119627">
        <ele>67.1</ele>
      </trkpt>
      <trkpt lat="57.897946" lon="12.119408">
        <ele>66.1</ele>
      </trkpt>
      <trkpt lat="57.897942" lon="12.119189">
        <ele>65.3</ele>
      </trkpt>
      <trkpt lat="57.897998" lon="12.119066">
        <ele>64.8</ele>
      </trkpt>
      <trkpt lat="57.898036" lon="12.118925">
        <ele>64.2</ele>
      </trkpt>
      <trkpt lat="57.898174" lon="12.11901">
        <ele>64.0</ele>
      </trkpt>
      <trkpt lat="57.898429" lon="12.119129">
        <ele>63.7</ele>
      </trkpt>
      <trkpt lat="57.898598" lon="12.119129">
        <ele>63.3</ele>
      </trkpt>
      <trkpt lat="57.898857" lon="12.119073">
        <ele>62.7</ele>
      </trkpt>
      <trkpt lat="57.899028" lon="12.119016">
        <ele>62.5</ele>
      </trkpt>
      <trkpt lat="57.899359" lon="12.118904">
        <ele>62.7</ele>
      </trkpt>
      <trkpt lat="57.899603" lon="12.11881">
        <ele>63.1</ele>
      </trkpt>
      <trkpt lat="57.899846" lon="12.118717">
        <ele>63.2</ele>
      </trkpt>
      <trkpt lat="57.900214" lon="12.118555">
        <ele>62.7</ele>
      </trkpt>
      <trkpt lat="57.900472" lon="12.118555">
        <ele>63.3</ele>
      </trkpt>
      <trkpt lat="57.90084" lon="12.1186">
        <ele>64.0</ele>
      </trkpt>
      <trkpt lat="57.901121" lon="12.118635">
        <ele>63.5</ele>
        <name>57.901123,12.118572</name>
        <extensions>
          <oa:Extension>
            <oa:mapZoom>16</oa:mapZoom>
          </oa:Extension>
        </extensions>
      </trkpt>
      <trkpt lat="57.901207" lon="12.118646">
        <ele>63.3</ele>
      </trkpt>
      <trkpt lat="57.901471" lon="12.118678">
        <ele>62.5</ele>
      </trkpt>
      <trkpt lat="57.901736" lon="12.11871">
        <ele>62.0</ele>
      </trkpt>
      <trkpt lat="57.902088" lon="12.118699">
        <ele>61.1</ele>
      </trkpt>
      <trkpt lat="57.90244" lon="12.118688">
        <ele>60.6</ele>
      </trkpt>
      <trkpt lat="57.902875" lon="12.118639">
        <ele>61.2</ele>
      </trkpt>
      <trkpt lat="57.903306" lon="12.118576">
        <ele>62.1</ele>
      </trkpt>
      <trkpt lat="57.903707" lon="12.118562">
        <ele>63.1</ele>
      </trkpt>
      <trkpt lat="57.904112" lon="12.118632">
        <ele>64.5</ele>
      </trkpt>
      <trkpt lat="57.904372" lon="12.118696">
        <ele>64.4</ele>
      </trkpt>
      <trkpt lat="57.904633" lon="12.118759">
        <ele>63.4</ele>
      </trkpt>
      <trkpt lat="57.904963" lon="12.118808">
        <ele>61.5</ele>
      </trkpt>
      <trkpt lat="57.905056" lon="12.118724">
        <ele>59.8</ele>
      </trkpt>
      <trkpt lat="57.905101" lon="12.118583">
        <ele>57.9</ele>
      </trkpt>
      <trkpt lat="57.905131" lon="12.118385">
        <ele>56.0</ele>
      </trkpt>
      <trkpt lat="57.905191" lon="12.118032">
        <ele>54.3</ele>
      </trkpt>
      <trkpt lat="57.905229" lon="12.117962">
        <ele>54.1</ele>
      </trkpt>
      <trkpt lat="57.905304" lon="12.117906">
        <ele>53.9</ele>
      </trkpt>
      <trkpt lat="57.905379" lon="12.117927">
        <ele>53.9</ele>
      </trkpt>
      <trkpt lat="57.905487" lon="12.118082">
        <ele>54.2</ele>
      </trkpt>
      <trkpt lat="57.905716" lon="12.11842">
        <ele>55.3</ele>
      </trkpt>
      <trkpt lat="57.905877" lon="12.118724">
        <ele>56.2</ele>
      </trkpt>
      <trkpt lat="57.906031" lon="12.118971">
        <ele>56.5</ele>
      </trkpt>
      <trkpt lat="57.906207" lon="12.119105">
        <ele>56.3</ele>
      </trkpt>
      <trkpt lat="57.906398" lon="12.119168">
        <ele>56.0</ele>
      </trkpt>
      <trkpt lat="57.906574" lon="12.119189">
        <ele>55.9</ele>
      </trkpt>
      <trkpt lat="57.906698" lon="12.119154">
        <ele>56.1</ele>
      </trkpt>
      <trkpt lat="57.906837" lon="12.118978">
        <ele>56.5</ele>
      </trkpt>
      <trkpt lat="57.906852" lon="12.118752">
        <ele>56.7</ele>
      </trkpt>
      <trkpt lat="57.90687" lon="12.118505">
        <ele>56.7</ele>
      </trkpt>
      <trkpt lat="57.906953" lon="12.118322">
        <ele>56.8</ele>
      </trkpt>
      <trkpt lat="57.907092" lon="12.118202">
        <ele>57.1</ele>
      </trkpt>
      <trkpt lat="57.907313" lon="12.118077">
        <ele>57.5</ele>
      </trkpt>
      <trkpt lat="57.907456" lon="12.118022">
        <ele>57.9</ele>
      </trkpt>
      <trkpt lat="57.907575" lon="12.118047">
        <ele>58.4</ele>
      </trkpt>
      <trkpt lat="57.907666" lon="12.118121">
        <ele>59.0</ele>
      </trkpt>
      <trkpt lat="57.907809" lon="12.118326">
        <ele>60.3</ele>
      </trkpt>
      <trkpt lat="57.90791" lon="12.118406">
        <ele>60.9</ele>
      </trkpt>
      <trkpt lat="57.90801" lon="12.118381">
        <ele>61.3</ele>
      </trkpt>
      <trkpt lat="57.908069" lon="12.118321">
        <ele>61.4</ele>
      </trkpt>
      <trkpt lat="57.908153" lon="12.118259">
        <ele>61.6</ele>
      </trkpt>
      <trkpt lat="57.908524" lon="12.118104">
        <ele>63.3</ele>
      </trkpt>
      <trkpt lat="57.908911" lon="12.117984">
        <ele>65.9</ele>
      </trkpt>
      <trkpt lat="57.90916" lon="12.11777">
        <ele>65.4</ele>
      </trkpt>
      <trkpt lat="57.909465" lon="12.117745">
        <ele>65.8</ele>
      </trkpt>
      <trkpt lat="57.909764" lon="12.11773">
        <ele>65.4</ele>
      </trkpt>
      <trkpt lat="57.909892" lon="12.117665">
        <ele>64.6</ele>
      </trkpt>
      <trkpt lat="57.909966" lon="12.11755">
        <ele>63.4</ele>
      </trkpt>
      <trkpt lat="57.909984" lon="12.117492">
        <ele>63.0</ele>
      </trkpt>
      <trkpt lat="57.909983" lon="12.117491">
        <ele>62.98821</ele>
        <name>57.909983,12.117491</name>
        <extensions>
          <oa:Extension>
            <oa:mapZoom>16</oa:mapZoom>
          </oa:Extension>
        </extensions>
      </trkpt>
      <trkpt lat="57.910339" lon="12.1178">
        <ele>62.54915</ele>
      </trkpt>
      <trkpt lat="57.911573" lon="12.12252">
        <ele>62.72659</ele>
      </trkpt>
      <trkpt lat="57.910311" lon="12.122375">
        <ele>62.08134</ele>
      </trkpt>
      <trkpt lat="57.910186" lon="12.125992">
        <ele>60.24606</ele>
      </trkpt>
      <trkpt lat="57.910001" lon="12.126743">
        <ele>63.0095</ele>
      </trkpt>
      <trkpt lat="57.909975" lon="12.126775">
        <ele>62.8</ele>
        <name>57.910001,12.126743</name>
        <extensions>
          <oa:Extension>
            <oa:mapZoom>16</oa:mapZoom>
          </oa:Extension>
        </extensions>
      </trkpt>
      <trkpt lat="57.910183" lon="12.127357">
        <ele>61.4</ele>
      </trkpt>
      <trkpt lat="57.910406" lon="12.128023">
        <ele>58.6</ele>
      </trkpt>
      <trkpt lat="57.910583" lon="12.128331">
        <ele>57.6</ele>
      </trkpt>
      <trkpt lat="57.910805" lon="12.128491">
        <ele>56.9</ele>
      </trkpt>
      <trkpt lat="57.911048" lon="12.128565">
        <ele>56.0</ele>
      </trkpt>
      <trkpt lat="57.911229" lon="12.128621">
        <ele>55.2</ele>
        <name>57.911232,12.128580</name>
        <extensions>
          <oa:Extension>
            <oa:mapZoom>14</oa:mapZoom>
          </oa:Extension>
        </extensions>
      </trkpt>
      <trkpt lat="57.91129" lon="12.128639">
        <ele>54.9</ele>
      </trkpt>
      <trkpt lat="57.911568" lon="12.128701">
        <ele>53.6</ele>
      </trkpt>
      <trkpt lat="57.911846" lon="12.128762">
        <ele>52.5</ele>
      </trkpt>
      <trkpt lat="57.912128" lon="12.128861">
        <ele>51.5</ele>
      </trkpt>
      <trkpt lat="57.912409" lon="12.12896">
        <ele>50.9</ele>
      </trkpt>
      <trkpt lat="57.912727" lon="12.129052">
        <ele>50.9</ele>
      </trkpt>
      <trkpt lat="57.913044" lon="12.129144">
        <ele>51.8</ele>
      </trkpt>
      <trkpt lat="57.913296" lon="12.129237">
        <ele>52.4</ele>
      </trkpt>
      <trkpt lat="57.913548" lon="12.129329">
        <ele>52.3</ele>
      </trkpt>
      <trkpt lat="57.91381" lon="12.129471">
        <ele>51.7</ele>
      </trkpt>
      <trkpt lat="57.914072" lon="12.129613">
        <ele>50.8</ele>
      </trkpt>
      <trkpt lat="57.914439" lon="12.129847">
        <ele>49.6</ele>
      </trkpt>
      <trkpt lat="57.914799" lon="12.130254">
        <ele>47.8</ele>
      </trkpt>
      <trkpt lat="57.915149" lon="12.13058">
        <ele>47.0</ele>
      </trkpt>
      <trkpt lat="57.915499" lon="12.130907">
        <ele>47.9</ele>
      </trkpt>
      <trkpt lat="57.915814" lon="12.131258">
        <ele>49.2</ele>
      </trkpt>
      <trkpt lat="57.916128" lon="12.131609">
        <ele>52.7</ele>
      </trkpt>
      <trkpt lat="57.916458" lon="12.131979">
        <ele>57.6</ele>
      </trkpt>
      <trkpt lat="57.916789" lon="12.132349">
        <ele>59.7</ele>
      </trkpt>
      <trkpt lat="57.91709" lon="12.132755">
        <ele>60.6</ele>
      </trkpt>
      <trkpt lat="57.917391" lon="12.133162">
        <ele>61.1</ele>
      </trkpt>
      <trkpt lat="57.91779" lon="12.133421">
        <ele>62.3</ele>
      </trkpt>
      <trkpt lat="57.918039" lon="12.133501">
        <ele>63.1</ele>
      </trkpt>
      <trkpt lat="57.918288" lon="12.133581">
        <ele>63.4</ele>
      </trkpt>
      <trkpt lat="57.918616" lon="12.133617">
        <ele>63.1</ele>
      </trkpt>
      <trkpt lat="57.91884" lon="12.133411">
        <ele>63.7</ele>
      </trkpt>
      <trkpt lat="57.919017" lon="12.133291">
        <ele>63.6</ele>
      </trkpt>
      <trkpt lat="57.9193" lon="12.133205">
        <ele>63.3</ele>
      </trkpt>
      <trkpt lat="57.919578" lon="12.133154">
        <ele>62.7</ele>
      </trkpt>
      <trkpt lat="57.919852" lon="12.133034">
        <ele>62.8</ele>
      </trkpt>
      <trkpt lat="57.920075" lon="12.132991">
        <ele>63.0</ele>
      </trkpt>
      <trkpt lat="57.920271" lon="12.132896">
        <ele>63.9</ele>
      </trkpt>
      <trkpt lat="57.92044" lon="12.132896">
        <ele>64.3</ele>
      </trkpt>
      <trkpt lat="57.920668" lon="12.132991">
        <ele>64.4</ele>
      </trkpt>
      <trkpt lat="57.920813" lon="12.133188">
        <ele>63.6</ele>
      </trkpt>
      <trkpt lat="57.920914" lon="12.133386">
        <ele>62.9</ele>
      </trkpt>
      <trkpt lat="57.920996" lon="12.1336">
        <ele>62.3</ele>
      </trkpt>
      <trkpt lat="57.92111" lon="12.13378">
        <ele>61.9</ele>
      </trkpt>
      <trkpt lat="57.921215" lon="12.133926">
        <ele>61.5</ele>
      </trkpt>
      <trkpt lat="57.921342" lon="12.134012">
        <ele>61.3</ele>
      </trkpt>
      <trkpt lat="57.921483" lon="12.133978">
        <ele>61.6</ele>
      </trkpt>
      <trkpt lat="57.92173" lon="12.133952">
        <ele>61.8</ele>
      </trkpt>
      <trkpt lat="57.921947" lon="12.133914">
        <ele>62.0</ele>
        <name>57.921943,12.133833</name>
        <extensions>
          <oa:Extension>
            <oa:mapZoom>15</oa:mapZoom>
          </oa:Extension>
        </extensions>
      </trkpt>
      <trkpt lat="57.922021" lon="12.133901">
        <ele>62.0</ele>
      </trkpt>
      <trkpt lat="57.922172" lon="12.133901">
        <ele>61.9</ele>
      </trkpt>
      <trkpt lat="57.922327" lon="12.133961">
        <ele>61.7</ele>
      </trkpt>
      <trkpt lat="57.922477" lon="12.134081">
        <ele>61.2</ele>
      </trkpt>
      <trkpt lat="57.922664" lon="12.134175">
        <ele>60.6</ele>
      </trkpt>
      <trkpt lat="57.922906" lon="12.134244">
        <ele>59.7</ele>
      </trkpt>
      <trkpt lat="57.923138" lon="12.134201">
        <ele>58.8</ele>
      </trkpt>
      <trkpt lat="57.923439" lon="12.13421">
        <ele>57.5</ele>
      </trkpt>
      <trkpt lat="57.923781" lon="12.134175">
        <ele>56.2</ele>
      </trkpt>
      <trkpt lat="57.923968" lon="12.134132">
        <ele>55.3</ele>
      </trkpt>
      <trkpt lat="57.924168" lon="12.134124">
        <ele>54.1</ele>
      </trkpt>
      <trkpt lat="57.924287" lon="12.134072">
        <ele>53.3</ele>
      </trkpt>
      <trkpt lat="57.92441" lon="12.133978">
        <ele>52.4</ele>
      </trkpt>
      <trkpt lat="57.924524" lon="12.133815">
        <ele>51.5</ele>
      </trkpt>
      <trkpt lat="57.924729" lon="12.133557">
        <ele>49.6</ele>
      </trkpt>
      <trkpt lat="57.924879" lon="12.133411">
        <ele>48.1</ele>
      </trkpt>
      <trkpt lat="57.925043" lon="12.133205">
        <ele>46.9</ele>
      </trkpt>
      <trkpt lat="57.925162" lon="12.133085">
        <ele>46.0</ele>
      </trkpt>
      <trkpt lat="57.925253" lon="12.132948">
        <ele>45.6</ele>
      </trkpt>
      <trkpt lat="57.925394" lon="12.132836">
        <ele>44.7</ele>
      </trkpt>
      <trkpt lat="57.925531" lon="12.132802">
        <ele>43.6</ele>
      </trkpt>
      <trkpt lat="57.925732" lon="12.13281">
        <ele>42.0</ele>
      </trkpt>
      <trkpt lat="57.925794" lon="12.132805">
        <ele>41.5</ele>
      </trkpt>
      <trkpt lat="57.926086" lon="12.132782">
        <ele>39.7</ele>
      </trkpt>
      <trkpt lat="57.926379" lon="12.132759">
        <ele>38.1</ele>
      </trkpt>
      <trkpt lat="57.926421" lon="12.132753">
        <ele>37.9</ele>
      </trkpt>
      <trkpt lat="57.926689" lon="12.132716">
        <ele>36.6</ele>
      </trkpt>
      <trkpt lat="57.927002" lon="12.132622">
        <ele>35.4</ele>
      </trkpt>
      <trkpt lat="57.927315" lon="12.132527">
        <ele>34.5</ele>
      </trkpt>
      <trkpt lat="57.927628" lon="12.132433">
        <ele>33.8</ele>
      </trkpt>
      <trkpt lat="57.92786" lon="12.13233">
        <ele>33.7</ele>
      </trkpt>
      <trkpt lat="57.92794" lon="12.132278">
        <ele>33.7</ele>
      </trkpt>
      <trkpt lat="57.927946" lon="12.132314">
        <ele>33.67489</ele>
        <name>57.927946,12.132314</name>
        <extensions>
          <oa:Extension>
            <oa:mapZoom>15</oa:mapZoom>
          </oa:Extension>
        </extensions>
      </trkpt>
      <trkpt lat="57.928932" lon="12.138597">
        <ele>48.57454</ele>
      </trkpt>
      <trkpt lat="57.929033" lon="12.138475">
        <ele>49.7</ele>
        <name>57.928932,12.138597</name>
        <extensions>
          <oa:Extension>
            <oa:mapZoom>15</oa:mapZoom>
          </oa:Extension>
        </extensions>
      </trkpt>
      <trkpt lat="57.929353" lon="12.138083">
        <ele>51.9</ele>
      </trkpt>
      <trkpt lat="57.929609" lon="12.138349">
        <ele>56.7</ele>
      </trkpt>
      <trkpt lat="57.929865" lon="12.138615">
        <ele>60.0</ele>
      </trkpt>
      <trkpt lat="57.930154" lon="12.138466">
        <ele>62.4</ele>
      </trkpt>
      <trkpt lat="57.930443" lon="12.138317">
        <ele>63.2</ele>
      </trkpt>
      <trkpt lat="57.93087" lon="12.138363">
        <ele>64.2</ele>
      </trkpt>
      <trkpt lat="57.931298" lon="12.138409">
        <ele>64.2</ele>
      </trkpt>
      <trkpt lat="57.931658" lon="12.138174">
        <ele>61.9</ele>
      </trkpt>
      <trkpt lat="57.931913" lon="12.137891">
        <ele>57.8</ele>
      </trkpt>
      <trkpt lat="57.932169" lon="12.137607">
        <ele>53.3</ele>
      </trkpt>
      <trkpt lat="57.932282" lon="12.137551">
        <ele>52.3</ele>
        <name>57.932306,12.137721</name>
        <extensions>
          <oa:Extension>
            <oa:mapZoom>16</oa:mapZoom>
          </oa:Extension>
        </extensions>
      </trkpt>
      <trkpt lat="57.93247" lon="12.137457">
        <ele>50.7</ele>
      </trkpt>
      <trkpt lat="57.932771" lon="12.137307">
        <ele>48.7</ele>
      </trkpt>
      <trkpt lat="57.93303" lon="12.137447">
        <ele>49.3</ele>
      </trkpt>
      <trkpt lat="57.933232" lon="12.138015">
        <ele>54.1</ele>
      </trkpt>
      <trkpt lat="57.933434" lon="12.138583">
        <ele>56.4</ele>
      </trkpt>
      <trkpt lat="57.933554" lon="12.139043">
        <ele>56.6</ele>
      </trkpt>
      <trkpt lat="57.933674" lon="12.139503">
        <ele>57.6</ele>
      </trkpt>
      <trkpt lat="57.933814" lon="12.140053">
        <ele>58.7</ele>
      </trkpt>
      <trkpt lat="57.933954" lon="12.140603">
        <ele>58.8</ele>
      </trkpt>
      <trkpt lat="57.934157" lon="12.141228">
        <ele>59.2</ele>
      </trkpt>
      <trkpt lat="57.93436" lon="12.141853">
        <ele>58.6</ele>
      </trkpt>
      <trkpt lat="57.934315" lon="12.142269">
        <ele>58.2</ele>
      </trkpt>
      <trkpt lat="57.934269" lon="12.142685">
        <ele>57.8</ele>
      </trkpt>
      <trkpt lat="57.934328" lon="12.143116">
        <ele>56.1</ele>
      </trkpt>
      <trkpt lat="57.934386" lon="12.143546">
        <ele>54.3</ele>
      </trkpt>
      <trkpt lat="57.934244" lon="12.143741">
        <ele>55.1</ele>
      </trkpt>
      <trkpt lat="57.934014" lon="12.144045">
        <ele>55.4</ele>
      </trkpt>
      <trkpt lat="57.933783" lon="12.14435">
        <ele>54.8</ele>
      </trkpt>
      <trkpt lat="57.933925" lon="12.144717">
        <ele>52.0</ele>
      </trkpt>
      <trkpt lat="57.933923" lon="12.144721">
        <ele>51.89339</ele>
        <name>57.933923,12.144721</name>
        <extensions>
          <oa:Extension>
            <oa:mapZoom>16</oa:mapZoom>
          </oa:Extension>
        </extensions>
      </trkpt>
      <trkpt lat="57.934237" lon="12.147806">
        <ele>54.43201</ele>
      </trkpt>
      <trkpt lat="57.934206" lon="12.147836">
        <ele>54.6</ele>
        <name>57.934237,12.147806</name>
        <extensions>
          <oa:Extension>
            <oa:mapZoom>14</oa:mapZoom>
          </oa:Extension>
        </extensions>
      </trkpt>
      <trkpt lat="57.934249" lon="12.147996">
        <ele>55.4</ele>
      </trkpt>
      <trkpt lat="57.934321" lon="12.148098">
        <ele>55.8</ele>
      </trkpt>
      <trkpt lat="57.934578" lon="12.148261">
        <ele>55.8</ele>
      </trkpt>
      <trkpt lat="57.934882" lon="12.148544">
        <ele>55.7</ele>
      </trkpt>
      <trkpt lat="57.935104" lon="12.148813">
        <ele>56.1</ele>
      </trkpt>
      <trkpt lat="57.935427" lon="12.148905">
        <ele>56.7</ele>
      </trkpt>
      <trkpt lat="57.935796" lon="12.148931">
        <ele>57.6</ele>
      </trkpt>
      <trkpt lat="57.935896" lon="12.148938">
        <ele>58.0</ele>
      </trkpt>
      <trkpt lat="57.935765" lon="12.148431">
        <ele>57.0</ele>
      </trkpt>
      <trkpt lat="57.935689" lon="12.148121">
        <ele>55.7</ele>
      </trkpt>
      <trkpt lat="57.935918" lon="12.147978">
        <ele>55.8</ele>
      </trkpt>
      <trkpt lat="57.936148" lon="12.147835">
        <ele>56.1</ele>
      </trkpt>
      <trkpt lat="57.936387" lon="12.147572">
        <ele>55.6</ele>
      </trkpt>
      <trkpt lat="57.936627" lon="12.147309">
        <ele>54.7</ele>
      </trkpt>
      <trkpt lat="57.936943" lon="12.146943">
        <ele>52.6</ele>
      </trkpt>
      <trkpt lat="57.937259" lon="12.146576">
        <ele>50.6</ele>
      </trkpt>
      <trkpt lat="57.937575" lon="12.14621">
        <ele>49.2</ele>
      </trkpt>
      <trkpt lat="57.937886" lon="12.145899">
        <ele>48.7</ele>
      </trkpt>
      <trkpt lat="57.938125" lon="12.14571">
        <ele>49.0</ele>
      </trkpt>
      <trkpt lat="57.938346" lon="12.145802">
        <ele>50.0</ele>
      </trkpt>
      <trkpt lat="57.938605" lon="12.146192">
        <ele>52.4</ele>
      </trkpt>
      <trkpt lat="57.938903" lon="12.146661">
        <ele>55.2</ele>
      </trkpt>
      <trkpt lat="57.939005" lon="12.147143">
        <ele>55.9</ele>
      </trkpt>
      <trkpt lat="57.939107" lon="12.147625">
        <ele>56.0</ele>
      </trkpt>
      <trkpt lat="57.939378" lon="12.147927">
        <ele>55.6</ele>
      </trkpt>
      <trkpt lat="57.93941" lon="12.147963">
        <ele>55.6</ele>
      </trkpt>
      <trkpt lat="57.939422" lon="12.147848">
        <ele>55.6</ele>
      </trkpt>
      <trkpt lat="57.939495" lon="12.147453">
        <ele>55.4</ele>
      </trkpt>
      <trkpt lat="57.939613" lon="12.146981">
        <ele>54.6</ele>
      </trkpt>
      <trkpt lat="57.939845" lon="12.146305">
        <ele>51.9</ele>
      </trkpt>
      <trkpt lat="57.93996" lon="12.145972">
        <ele>50.5</ele>
      </trkpt>
      <trkpt lat="57.94011" lon="12.145598">
        <ele>49.2</ele>
      </trkpt>
      <trkpt lat="57.940286" lon="12.145184">
        <ele>48.0</ele>
      </trkpt>
      <trkpt lat="57.940558" lon="12.144613">
        <ele>46.1</ele>
      </trkpt>
      <trkpt lat="57.940831" lon="12.144042">
        <ele>45.0</ele>
      </trkpt>
      <trkpt lat="57.941104" lon="12.143471">
        <ele>44.5</ele>
      </trkpt>
      <trkpt lat="57.941377" lon="12.1429">
        <ele>43.9</ele>
      </trkpt>
      <trkpt lat="57.941649" lon="12.142329">
        <ele>44.1</ele>
      </trkpt>
      <trkpt lat="57.941843" lon="12.14193">
        <ele>43.8</ele>
      </trkpt>
      <trkpt lat="57.942037" lon="12.14153">
        <ele>43.1</ele>
      </trkpt>
      <trkpt lat="57.942196" lon="12.141273">
        <ele>42.3</ele>
      </trkpt>
      <trkpt lat="57.942351" lon="12.141076">
        <ele>41.6</ele>
      </trkpt>
      <trkpt lat="57.942533" lon="12.140921">
        <ele>41.1</ele>
      </trkpt>
      <trkpt lat="57.94272" lon="12.140835">
        <ele>40.7</ele>
      </trkpt>
      <trkpt lat="57.942948" lon="12.140784">
        <ele>40.3</ele>
      </trkpt>
      <trkpt lat="57.943245" lon="12.140721">
        <ele>40.0</ele>
      </trkpt>
      <trkpt lat="57.943411" lon="12.140686">
        <ele>39.7</ele>
        <name>57.943413,12.140716</name>
        <extensions>
          <oa:Extension>
            <oa:mapZoom>15</oa:mapZoom>
          </oa:Extension>
        </extensions>
      </trkpt>
      <trkpt lat="57.943543" lon="12.140658">
        <ele>39.5</ele>
      </trkpt>
      <trkpt lat="57.943841" lon="12.140595">
        <ele>39.0</ele>
      </trkpt>
      <trkpt lat="57.944199" lon="12.140526">
        <ele>38.4</ele>
      </trkpt>
      <trkpt lat="57.944557" lon="12.140458">
        <ele>37.8</ele>
      </trkpt>
      <trkpt lat="57.944916" lon="12.140389">
        <ele>37.3</ele>
      </trkpt>
      <trkpt lat="57.945251" lon="12.140329">
        <ele>37.1</ele>
      </trkpt>
      <trkpt lat="57.945585" lon="12.140269">
        <ele>37.1</ele>
      </trkpt>
      <trkpt lat="57.945826" lon="12.140203">
        <ele>37.0</ele>
      </trkpt>
      <trkpt lat="57.945949" lon="12.14015">
        <ele>37.0</ele>
      </trkpt>
      <trkpt lat="57.946085" lon="12.140069">
        <ele>37.2</ele>
      </trkpt>
      <trkpt lat="57.946232" lon="12.139934">
        <ele>37.7</ele>
      </trkpt>
      <trkpt lat="57.946444" lon="12.139681">
        <ele>39.6</ele>
      </trkpt>
      <trkpt lat="57.946637" lon="12.139403">
        <ele>42.2</ele>
      </trkpt>
      <trkpt lat="57.946608" lon="12.139324">
        <ele>42.8</ele>
      </trkpt>
      <trkpt lat="57.946874" lon="12.138942">
        <ele>45.0</ele>
      </trkpt>
      <trkpt lat="57.947036" lon="12.138694">
        <ele>45.5</ele>
      </trkpt>
      <trkpt lat="57.947159" lon="12.138457">
        <ele>45.7</ele>
      </trkpt>
      <trkpt lat="57.94733" lon="12.137999">
        <ele>46.0</ele>
      </trkpt>
      <trkpt lat="57.947531" lon="12.137306">
        <ele>47.5</ele>
      </trkpt>
      <trkpt lat="57.947727" lon="12.13659">
        <ele>49.3</ele>
      </trkpt>
      <trkpt lat="57.94786" lon="12.13605">
        <ele>51.4</ele>
      </trkpt>
      <trkpt lat="57.947901" lon="12.13591">
        <ele>52.0</ele>
      </trkpt>
      <trkpt lat="57.947975" lon="12.135535">
        <ele>53.4</ele>
      </trkpt>
      <trkpt lat="57.948048" lon="12.135121">
        <ele>55.0</ele>
      </trkpt>
      <trkpt lat="57.948156" lon="12.134304">
        <ele>59.2</ele>
      </trkpt>
      <trkpt lat="57.948201" lon="12.134325">
        <ele>59.2</ele>
      </trkpt>
      <trkpt lat="57.948251" lon="12.133898">
        <ele>61.0</ele>
      </trkpt>
      <trkpt lat="57.948296" lon="12.133512">
        <ele>62.5</ele>
        <name>57.948283,12.133507</name>
        <extensions>
          <oa:Extension>
            <oa:mapZoom>15</oa:mapZoom>
          </oa:Extension>
        </extensions>
      </trkpt>
      <trkpt lat="57.948301" lon="12.13347">
        <ele>62.7</ele>
      </trkpt>
      <trkpt lat="57.948323" lon="12.133331">
        <ele>63.0</ele>
      </trkpt>
      <trkpt lat="57.948346" lon="12.133144">
        <ele>63.4</ele>
      </trkpt>
      <trkpt lat="57.948374" lon="12.132965">
        <ele>63.6</ele>
      </trkpt>
      <trkpt lat="57.94833" lon="12.13292">
        <ele>63.7</ele>
      </trkpt>
      <trkpt lat="57.948407" lon="12.132612">
        <ele>63.8</ele>
      </trkpt>
      <trkpt lat="57.948417" lon="12.132522">
        <ele>63.8</ele>
      </trkpt>
      <trkpt lat="57.948416" lon="12.132429">
        <ele>63.8</ele>
      </trkpt>
      <trkpt lat="57.948408" lon="12.132338">
        <ele>63.8</ele>
      </trkpt>
      <trkpt lat="57.94839" lon="12.132233">
        <ele>63.7</ele>
      </trkpt>
      <trkpt lat="57.948388" lon="12.132168">
        <ele>63.6</ele>
      </trkpt>
      <trkpt lat="57.948398" lon="12.132121">
        <ele>63.5</ele>
      </trkpt>
      <trkpt lat="57.948422" lon="12.132078">
        <ele>63.4</ele>
      </trkpt>
      <trkpt lat="57.948448" lon="12.132026">
        <ele>63.3</ele>
      </trkpt>
      <trkpt lat="57.948468" lon="12.13197">
        <ele>63.2</ele>
      </trkpt>
      <trkpt lat="57.948503" lon="12.13186">
        <ele>63.0</ele>
      </trkpt>
      <trkpt lat="57.948594" lon="12.13194">
        <ele>62.8</ele>
      </trkpt>
      <trkpt lat="57.94864" lon="12.131963">
        <ele>62.7</ele>
      </trkpt>
      <trkpt lat="57.948698" lon="12.131947">
        <ele>62.6</ele>
      </trkpt>
      <trkpt lat="57.948763" lon="12.1319">
        <ele>62.5</ele>
      </trkpt>
      <trkpt lat="57.948857" lon="12.131789">
        <ele>62.4</ele>
      </trkpt>
      <trkpt lat="57.949019" lon="12.131634">
        <ele>62.4</ele>
      </trkpt>
      <trkpt lat="57.949129" lon="12.131553">
        <ele>62.5</ele>
      </trkpt>
      <trkpt lat="57.949297" lon="12.131462">
        <ele>62.5</ele>
      </trkpt>
      <trkpt lat="57.949411" lon="12.131416">
        <ele>62.4</ele>
      </trkpt>
      <trkpt lat="57.949502" lon="12.131357">
        <ele>62.5</ele>
      </trkpt>
      <trkpt lat="57.949632" lon="12.131247">
        <ele>62.7</ele>
      </trkpt>
      <trkpt lat="57.949693" lon="12.131165">
        <ele>63.1</ele>
      </trkpt>
      <trkpt lat="57.949726" lon="12.131066">
        <ele>63.6</ele>
      </trkpt>
      <trkpt lat="57.949741" lon="12.130926">
        <ele>64.4</ele>
      </trkpt>
      <trkpt lat="57.949797" lon="12.130924">
        <ele>64.2</ele>
      </trkpt>
      <trkpt lat="57.949795" lon="12.131058">
        <ele>63.4</ele>
      </trkpt>
      <trkpt lat="57.949783" lon="12.131198">
        <ele>62.6</ele>
      </trkpt>
      <trkpt lat="57.949766" lon="12.131257">
        <ele>62.3</ele>
      </trkpt>
      <trkpt lat="57.949759" lon="12.131322">
        <ele>61.9</ele>
      </trkpt>
      <trkpt lat="57.949761" lon="12.131389">
        <ele>61.5</ele>
      </trkpt>
      <trkpt lat="57.949774" lon="12.131452">
        <ele>61.2</ele>
      </trkpt>
      <trkpt lat="57.949795" lon="12.131505">
        <ele>60.9</ele>
      </trkpt>
      <trkpt lat="57.949823" lon="12.131544">
        <ele>60.7</ele>
      </trkpt>
      <trkpt lat="57.949856" lon="12.131568">
        <ele>60.5</ele>
      </trkpt>
      <trkpt lat="57.94989" lon="12.131653">
        <ele>60.2</ele>
      </trkpt>
      <trkpt lat="57.949941" lon="12.131879">
        <ele>60.2</ele>
      </trkpt>
      <trkpt lat="57.949947" lon="12.131997">
        <ele>60.4</ele>
      </trkpt>
      <trkpt lat="57.949614" lon="12.132051">
        <ele>61.1</ele>
      </trkpt>
      <trkpt lat="57.949214" lon="12.132151">
        <ele>62.2</ele>
      </trkpt>
      <trkpt lat="57.949083" lon="12.132183">
        <ele>62.5</ele>
      </trkpt>
      <trkpt lat="57.949009" lon="12.13226">
        <ele>62.7</ele>
      </trkpt>
      <trkpt lat="57.948962" lon="12.132338">
        <ele>63.0</ele>
      </trkpt>
      <trkpt lat="57.948925" lon="12.132458">
        <ele>63.2</ele>
      </trkpt>
      <trkpt lat="57.948906" lon="12.132591">
        <ele>63.3</ele>
      </trkpt>
      <trkpt lat="57.948899" lon="12.132775">
        <ele>63.4</ele>
      </trkpt>
      <trkpt lat="57.948895" lon="12.132881">
        <ele>63.5</ele>
      </trkpt>
      <trkpt lat="57.948905" lon="12.133201">
        <ele>63.6</ele>
      </trkpt>
      <trkpt lat="57.948992" lon="12.133416">
        <ele>63.7</ele>
      </trkpt>
      <trkpt lat="57.949224" lon="12.133794">
        <ele>63.7</ele>
      </trkpt>
      <trkpt lat="57.9494" lon="12.134061">
        <ele>63.4</ele>
        <name>57.949376,12.134116</name>
        <extensions>
          <oa:Extension>
            <oa:mapZoom>15</oa:mapZoom>
          </oa:Extension>
        </extensions>
      </trkpt>
      <trkpt lat="57.949529" lon="12.134257">
        <ele>63.2</ele>
      </trkpt>
      <trkpt lat="57.949761" lon="12.134652">
        <ele>63.0</ele>
      </trkpt>
      <trkpt lat="57.949985" lon="12.134952">
        <ele>63.1</ele>
      </trkpt>
      <trkpt lat="57.950117" lon="12.135287">
        <ele>62.2</ele>
      </trkpt>
      <trkpt lat="57.950304" lon="12.135613">
        <ele>61.3</ele>
      </trkpt>
      <trkpt lat="57.9506" lon="12.136077">
        <ele>59.8</ele>
      </trkpt>
      <trkpt lat="57.950927" lon="12.136429">
        <ele>59.0</ele>
      </trkpt>
      <trkpt lat="57.951091" lon="12.13666">
        <ele>58.2</ele>
      </trkpt>
      <trkpt lat="57.951301" lon="12.136969">
        <ele>57.5</ele>
      </trkpt>
      <trkpt lat="57.951538" lon="12.13727">
        <ele>57.0</ele>
      </trkpt>
      <trkpt lat="57.951716" lon="12.137622">
        <ele>55.3</ele>
      </trkpt>
      <trkpt lat="57.951829" lon="12.137836">
        <ele>54.1</ele>
      </trkpt>
      <trkpt lat="57.951861" lon="12.138077">
        <ele>52.1</ele>
      </trkpt>
      <trkpt lat="57.951889" lon="12.138188">
        <ele>51.6</ele>
        <name>57.951863,12.138210</name>
        <extensions>
          <oa:Extension>
            <oa:mapZoom>15</oa:mapZoom>
          </oa:Extension>
        </extensions>
      </trkpt>
      <trkpt lat="57.95192" lon="12.138317">
        <ele>51.0</ele>
      </trkpt>
      <trkpt lat="57.952057" lon="12.138592">
        <ele>51.7</ele>
      </trkpt>
      <trkpt lat="57.952185" lon="12.138883">
        <ele>52.4</ele>
      </trkpt>
      <trkpt lat="57.952257" lon="12.139064">
        <ele>52.6</ele>
      </trkpt>
      <trkpt lat="57.95228" lon="12.13933">
        <ele>51.5</ele>
      </trkpt>
      <trkpt lat="57.952362" lon="12.139596">
        <ele>50.3</ele>
      </trkpt>
      <trkpt lat="57.952485" lon="12.139793">
        <ele>49.8</ele>
      </trkpt>
      <trkpt lat="57.952501" lon="12.139842">
        <ele>49.7</ele>
      </trkpt>
      <trkpt lat="57.952563" lon="12.140025">
        <ele>49.2</ele>
      </trkpt>
      <trkpt lat="57.952485" lon="12.140351">
        <ele>48.6</ele>
      </trkpt>
      <trkpt lat="57.95238" lon="12.140574">
        <ele>48.9</ele>
      </trkpt>
      <trkpt lat="57.952207" lon="12.140806">
        <ele>50.0</ele>
      </trkpt>
      <trkpt lat="57.952075" lon="12.141098">
        <ele>51.9</ele>
      </trkpt>
      <trkpt lat="57.952022" lon="12.141408">
        <ele>54.1</ele>
      </trkpt>
      <trkpt lat="57.952028" lon="12.141491">
        <ele>54.5</ele>
      </trkpt>
      <trkpt lat="57.95221" lon="12.141759">
        <ele>53.5</ele>
      </trkpt>
      <trkpt lat="57.952333" lon="12.141872">
        <ele>52.6</ele>
      </trkpt>
      <trkpt lat="57.952501" lon="12.142092">
        <ele>53.0</ele>
      </trkpt>
      <trkpt lat="57.952751" lon="12.14242">
        <ele>54.8</ele>
      </trkpt>
      <trkpt lat="57.952982" lon="12.14272">
        <ele>56.1</ele>
      </trkpt>
      <trkpt lat="57.953215" lon="12.142993">
        <ele>56.7</ele>
      </trkpt>
      <trkpt lat="57.953452" lon="12.143304">
        <ele>56.5</ele>
      </trkpt>
      <trkpt lat="57.953494" lon="12.143433">
        <ele>56.7</ele>
      </trkpt>
      <trkpt lat="57.953564" lon="12.143709">
        <ele>56.9</ele>
      </trkpt>
      <trkpt lat="57.953491" lon="12.143685">
        <ele>57.6</ele>
      </trkpt>
      <trkpt lat="57.953438" lon="12.14363">
        <ele>58.0</ele>
      </trkpt>
      <trkpt lat="57.953463" lon="12.143723">
        <ele>58.0</ele>
      </trkpt>
      <trkpt lat="57.953454" lon="12.143894">
        <ele>58.4</ele>
      </trkpt>
      <trkpt lat="57.953392" lon="12.14405">
        <ele>59.3</ele>
      </trkpt>
      <trkpt lat="57.953306" lon="12.1442">
        <ele>60.3</ele>
      </trkpt>
      <trkpt lat="57.953221" lon="12.144356">
        <ele>61.4</ele>
      </trkpt>
      <trkpt lat="57.953118" lon="12.144619">
        <ele>62.9</ele>
      </trkpt>
      <trkpt lat="57.95299" lon="12.144924">
        <ele>64.5</ele>
      </trkpt>
      <trkpt lat="57.952845" lon="12.145257">
        <ele>65.2</ele>
      </trkpt>
      <trkpt lat="57.952657" lon="12.145515">
        <ele>65.3</ele>
      </trkpt>
      <trkpt lat="57.952578" lon="12.145649">
        <ele>64.9</ele>
      </trkpt>
      <trkpt lat="57.952465" lon="12.145981">
        <ele>63.2</ele>
      </trkpt>
      <trkpt lat="57.952465" lon="12.146121">
        <ele>62.5</ele>
      </trkpt>
      <trkpt lat="57.952501" lon="12.146174">
        <ele>62.2</ele>
      </trkpt>
      <trkpt lat="57.952542" lon="12.146343">
        <ele>61.4</ele>
      </trkpt>
      <trkpt lat="57.952532" lon="12.146392">
        <ele>61.2</ele>
      </trkpt>
      <trkpt lat="57.952515" lon="12.146442">
        <ele>60.9</ele>
      </trkpt>
      <trkpt lat="57.952488" lon="12.146512">
        <ele>60.5</ele>
      </trkpt>
      <trkpt lat="57.952494" lon="12.146566">
        <ele>60.3</ele>
      </trkpt>
      <trkpt lat="57.952496" lon="12.146672">
        <ele>60.0</ele>
      </trkpt>
      <trkpt lat="57.952523" lon="12.146664">
        <ele>60.1</ele>
      </trkpt>
      <trkpt lat="57.95262" lon="12.146706">
        <ele>60.2</ele>
      </trkpt>
      <trkpt lat="57.952589" lon="12.146844">
        <ele>59.9</ele>
      </trkpt>
      <trkpt lat="57.952563" lon="12.146964">
        <ele>59.7</ele>
      </trkpt>
      <trkpt lat="57.952517" lon="12.147372">
        <ele>59.2</ele>
      </trkpt>
      <trkpt lat="57.952494" lon="12.147758">
        <ele>58.6</ele>
      </trkpt>
      <trkpt lat="57.952494" lon="12.14809">
        <ele>58.2</ele>
      </trkpt>
      <trkpt lat="57.952511" lon="12.148552">
        <ele>57.9</ele>
      </trkpt>
      <trkpt lat="57.952497" lon="12.148844">
        <ele>57.4</ele>
      </trkpt>
      <trkpt lat="57.952469" lon="12.148936">
        <ele>57.0</ele>
      </trkpt>
      <trkpt lat="57.952457" lon="12.14899">
        <ele>56.8</ele>
      </trkpt>
      <trkpt lat="57.952455" lon="12.149025">
        <ele>56.7</ele>
      </trkpt>
      <trkpt lat="57.952498" lon="12.149155">
        <ele>57.0</ele>
      </trkpt>
      <trkpt lat="57.952558" lon="12.149277">
        <ele>57.4</ele>
      </trkpt>
      <trkpt lat="57.952628" lon="12.149345">
        <ele>58.1</ele>
      </trkpt>
      <trkpt lat="57.952641" lon="12.149375">
        <ele>58.2</ele>
      </trkpt>
      <trkpt lat="57.952724" lon="12.149491">
        <ele>59.1</ele>
      </trkpt>
      <trkpt lat="57.952868" lon="12.149696">
        <ele>60.9</ele>
      </trkpt>
      <trkpt lat="57.952983" lon="12.149868">
        <ele>62.6</ele>
      </trkpt>
      <trkpt lat="57.953059" lon="12.150021">
        <ele>63.8</ele>
      </trkpt>
      <trkpt lat="57.953103" lon="12.15008">
        <ele>64.5</ele>
      </trkpt>
      <trkpt lat="57.953138" lon="12.150155">
        <ele>65.0</ele>
      </trkpt>
      <trkpt lat="57.953157" lon="12.150233">
        <ele>65.3</ele>
      </trkpt>
      <trkpt lat="57.95316" lon="12.150319">
        <ele>65.2</ele>
      </trkpt>
      <trkpt lat="57.95316" lon="12.150399">
        <ele>65.1</ele>
      </trkpt>
      <trkpt lat="57.953183" lon="12.150464">
        <ele>65.4</ele>
      </trkpt>
      <trkpt lat="57.953173" lon="12.150539">
        <ele>65.2</ele>
      </trkpt>
      <trkpt lat="57.953174" lon="12.150689">
        <ele>65.0</ele>
      </trkpt>
      <trkpt lat="57.95315" lon="12.15081">
        <ele>64.5</ele>
      </trkpt>
      <trkpt lat="57.953124" lon="12.150968">
        <ele>63.9</ele>
      </trkpt>
      <trkpt lat="57.95312" lon="12.151099">
        <ele>63.7</ele>
      </trkpt>
      <trkpt lat="57.953096" lon="12.151207">
        <ele>63.2</ele>
      </trkpt>
      <trkpt lat="57.95308" lon="12.151298">
        <ele>62.9</ele>
      </trkpt>
      <trkpt lat="57.953092" lon="12.151376">
        <ele>63.0</ele>
      </trkpt>
      <trkpt lat="57.953116" lon="12.151459">
        <ele>63.3</ele>
      </trkpt>
      <trkpt lat="57.953109" lon="12.151571">
        <ele>63.0</ele>
      </trkpt>
      <trkpt lat="57.953106" lon="12.151652">
        <ele>62.7</ele>
      </trkpt>
      <trkpt lat="57.953106" lon="12.151764">
        <ele>62.4</ele>
      </trkpt>
      <trkpt lat="57.953094" lon="12.151833">
        <ele>62.0</ele>
      </trkpt>
      <trkpt lat="57.953101" lon="12.151917">
        <ele>61.8</ele>
      </trkpt>
      <trkpt lat="57.953137" lon="12.151984">
        <ele>62.1</ele>
      </trkpt>
      <trkpt lat="57.953193" lon="12.152015">
        <ele>62.7</ele>
      </trkpt>
      <trkpt lat="57.953298" lon="12.152138">
        <ele>63.5</ele>
      </trkpt>
      <trkpt lat="57.953423" lon="12.152487">
        <ele>63.1</ele>
      </trkpt>
      <trkpt lat="57.953679" lon="12.153128">
        <ele>63.7</ele>
      </trkpt>
      <trkpt lat="57.953951" lon="12.153785">
        <ele>65.1</ele>
      </trkpt>
      <trkpt lat="57.95407" lon="12.154038">
        <ele>65.0</ele>
      </trkpt>
      <trkpt lat="57.954186" lon="12.154296">
        <ele>64.2</ele>
      </trkpt>
      <trkpt lat="57.954479" lon="12.154783">
        <ele>62.6</ele>
      </trkpt>
      <trkpt lat="57.954534" lon="12.154997">
        <ele>61.9</ele>
      </trkpt>
      <trkpt lat="57.954515" lon="12.155142">
        <ele>61.2</ele>
      </trkpt>
      <trkpt lat="57.954484" lon="12.155276">
        <ele>60.7</ele>
      </trkpt>
      <trkpt lat="57.954417" lon="12.155571">
        <ele>59.8</ele>
      </trkpt>
      <trkpt lat="57.954406" lon="12.15563">
        <ele>59.7</ele>
      </trkpt>
      <trkpt lat="57.954403" lon="12.155712">
        <ele>59.6</ele>
      </trkpt>
      <trkpt lat="57.954398" lon="12.155819">
        <ele>59.4</ele>
      </trkpt>
      <trkpt lat="57.954391" lon="12.155907">
        <ele>59.1</ele>
      </trkpt>
      <trkpt lat="57.954277" lon="12.156354">
        <ele>57.1</ele>
      </trkpt>
      <trkpt lat="57.954132" lon="12.156789">
        <ele>55.8</ele>
      </trkpt>
      <trkpt lat="57.95403" lon="12.157216">
        <ele>55.6</ele>
      </trkpt>
      <trkpt lat="57.953927" lon="12.157642">
        <ele>55.3</ele>
      </trkpt>
      <trkpt lat="57.953762" lon="12.158373">
        <ele>54.9</ele>
      </trkpt>
      <trkpt lat="57.953985" lon="12.15859">
        <ele>56.3</ele>
      </trkpt>
      <trkpt lat="57.954209" lon="12.158808">
        <ele>57.5</ele>
      </trkpt>
      <trkpt lat="57.954503" lon="12.159084">
        <ele>58.7</ele>
      </trkpt>
      <trkpt lat="57.954537" lon="12.159038">
        <ele>58.6</ele>
      </trkpt>
      <trkpt lat="57.954818" lon="12.159011">
        <ele>58.9</ele>
      </trkpt>
      <trkpt lat="57.955031" lon="12.158867">
        <ele>59.4</ele>
      </trkpt>
      <trkpt lat="57.955159" lon="12.15877">
        <ele>59.7</ele>
      </trkpt>
      <trkpt lat="57.95543" lon="12.158808">
        <ele>59.9</ele>
      </trkpt>
      <trkpt lat="57.955655" lon="12.158888">
        <ele>60.1</ele>
      </trkpt>
      <trkpt lat="57.955757" lon="12.159016">
        <ele>60.5</ele>
      </trkpt>
      <trkpt lat="57.955951" lon="12.159258">
        <ele>61.7</ele>
      </trkpt>
      <trkpt lat="57.956044" lon="12.159435">
        <ele>62.8</ele>
      </trkpt>
      <trkpt lat="57.956272" lon="12.159709">
        <ele>65.5</ele>
      </trkpt>
      <trkpt lat="57.956526" lon="12.159864">
        <ele>67.8</ele>
      </trkpt>
      <trkpt lat="57.956755" lon="12.159996">
        <ele>69.1</ele>
      </trkpt>
      <trkpt lat="57.956984" lon="12.160127">
        <ele>69.2</ele>
      </trkpt>
      <trkpt lat="57.957228" lon="12.160331">
        <ele>69.1</ele>
      </trkpt>
      <trkpt lat="57.957405" lon="12.160497">
        <ele>69.4</ele>
      </trkpt>
      <trkpt lat="57.957698" lon="12.160501">
        <ele>69.2</ele>
      </trkpt>
      <trkpt lat="57.957829" lon="12.160503">
        <ele>69.3</ele>
      </trkpt>
      <trkpt lat="57.958008" lon="12.160395">
        <ele>69.0</ele>
      </trkpt>
      <trkpt lat="57.958244" lon="12.160347">
        <ele>69.0</ele>
      </trkpt>
      <trkpt lat="57.958455" lon="12.16046">
        <ele>69.6</ele>
      </trkpt>
      <trkpt lat="57.958671" lon="12.160414">
        <ele>69.5</ele>
      </trkpt>
      <trkpt lat="57.959047" lon="12.160401">
        <ele>69.6</ele>
      </trkpt>
      <trkpt lat="57.959494" lon="12.160385">
        <ele>69.6</ele>
      </trkpt>
      <trkpt lat="57.959798" lon="12.160234">
        <ele>69.2</ele>
      </trkpt>
      <trkpt lat="57.959904" lon="12.160236">
        <ele>69.3</ele>
      </trkpt>
      <trkpt lat="57.960185" lon="12.16024">
        <ele>69.5</ele>
      </trkpt>
      <trkpt lat="57.960584" lon="12.160422">
        <ele>70.0</ele>
      </trkpt>
      <trkpt lat="57.960792" lon="12.160626">
        <ele>70.0</ele>
      </trkpt>
      <trkpt lat="57.960988" lon="12.160892">
        <ele>70.0</ele>
      </trkpt>
      <trkpt lat="57.961184" lon="12.161157">
        <ele>70.4</ele>
      </trkpt>
      <trkpt lat="57.961395" lon="12.161316">
        <ele>70.9</ele>
      </trkpt>
      <trkpt lat="57.961627" lon="12.161304">
        <ele>71.1</ele>
      </trkpt>
      <trkpt lat="57.961628" lon="12.161304">
        <ele>71.1</ele>
        <name>57.961622,12.160870</name>
        <extensions>
          <oa:Extension>
            <oa:mapZoom>15</oa:mapZoom>
          </oa:Extension>
        </extensions>
      </trkpt>
      <trkpt lat="57.961995" lon="12.161286">
        <ele>71.1</ele>
      </trkpt>
      <trkpt lat="57.962212" lon="12.161275">
        <ele>70.8</ele>
      </trkpt>
      <trkpt lat="57.962491" lon="12.161463">
        <ele>70.2</ele>
      </trkpt>
      <trkpt lat="57.962764" lon="12.161715">
        <ele>68.2</ele>
      </trkpt>
      <trkpt lat="57.963014" lon="12.161753">
        <ele>64.5</ele>
      </trkpt>
      <trkpt lat="57.963264" lon="12.161791">
        <ele>60.9</ele>
      </trkpt>
      <trkpt lat="57.9635" lon="12.161867">
        <ele>58.2</ele>
      </trkpt>
      <trkpt lat="57.963821" lon="12.161643">
        <ele>51.9</ele>
      </trkpt>
      <trkpt lat="57.964109" lon="12.161443">
        <ele>47.6</ele>
      </trkpt>
      <trkpt lat="57.964397" lon="12.161243">
        <ele>45.2</ele>
      </trkpt>
      <trkpt lat="57.964636" lon="12.161077">
        <ele>44.4</ele>
      </trkpt>
      <trkpt lat="57.965024" lon="12.160833">
        <ele>44.0</ele>
      </trkpt>
      <trkpt lat="57.96517" lon="12.161568">
        <ele>42.6</ele>
      </trkpt>
      <trkpt lat="57.965316" lon="12.162302">
        <ele>42.7</ele>
      </trkpt>
      <trkpt lat="57.965462" lon="12.163037">
        <ele>42.4</ele>
      </trkpt>
      <trkpt lat="57.965607" lon="12.163772">
        <ele>41.9</ele>
      </trkpt>
      <trkpt lat="57.965753" lon="12.164507">
        <ele>41.2</ele>
      </trkpt>
      <trkpt lat="57.965899" lon="12.165242">
        <ele>40.5</ele>
      </trkpt>
      <trkpt lat="57.966127" lon="12.16561">
        <ele>39.2</ele>
      </trkpt>
      <trkpt lat="57.966146" lon="12.165644">
        <ele>39.2</ele>
      </trkpt>
      <trkpt lat="57.966227" lon="12.165792">
        <ele>39.0</ele>
      </trkpt>
      <trkpt lat="57.96625" lon="12.166071">
        <ele>39.0</ele>
      </trkpt>
      <trkpt lat="57.966167" lon="12.166672">
        <ele>40.0</ele>
      </trkpt>
      <trkpt lat="57.966246" lon="12.167254">
        <ele>41.0</ele>
      </trkpt>
      <trkpt lat="57.966355" lon="12.16786">
        <ele>41.5</ele>
      </trkpt>
      <trkpt lat="57.966396" lon="12.168014">
        <ele>41.4</ele>
      </trkpt>
      <trkpt lat="57.966481" lon="12.168241">
        <ele>40.9</ele>
        <name>57.966583,12.168105</name>
        <extensions>
          <oa:Extension>
            <oa:mapZoom>15</oa:mapZoom>
          </oa:Extension>
        </extensions>
      </trkpt>
      <trkpt lat="57.96659" lon="12.168529">
        <ele>40.4</ele>
      </trkpt>
      <trkpt lat="57.966783" lon="12.169044">
        <ele>40.4</ele>
      </trkpt>
      <trkpt lat="57.966842" lon="12.169182">
        <ele>40.4</ele>
      </trkpt>
      <trkpt lat="57.966906" lon="12.169268">
        <ele>40.1</ele>
      </trkpt>
      <trkpt lat="57.96697" lon="12.169302">
        <ele>39.6</ele>
      </trkpt>
      <trkpt lat="57.967252" lon="12.169067">
        <ele>36.5</ele>
      </trkpt>
      <trkpt lat="57.967534" lon="12.168833">
        <ele>34.2</ele>
      </trkpt>
      <trkpt lat="57.967816" lon="12.168598">
        <ele>33.0</ele>
      </trkpt>
      <trkpt lat="57.968154" lon="12.16833">
        <ele>32.4</ele>
      </trkpt>
      <trkpt lat="57.968492" lon="12.168062">
        <ele>31.9</ele>
      </trkpt>
      <trkpt lat="57.96883" lon="12.167793">
        <ele>31.5</ele>
      </trkpt>
      <trkpt lat="57.969168" lon="12.167525">
        <ele>30.9</ele>
      </trkpt>
      <trkpt lat="57.969369" lon="12.167371">
        <ele>30.1</ele>
      </trkpt>
      <trkpt lat="57.969446" lon="12.16731">
        <ele>29.6</ele>
      </trkpt>
      <trkpt lat="57.969523" lon="12.16725">
        <ele>29.1</ele>
      </trkpt>
      <trkpt lat="57.969604" lon="12.167247">
        <ele>28.5</ele>
      </trkpt>
      <trkpt lat="57.969709" lon="12.16726">
        <ele>27.5</ele>
      </trkpt>
      <trkpt lat="57.969769" lon="12.167312">
        <ele>27.0</ele>
      </trkpt>
      <trkpt lat="57.969858" lon="12.167453">
        <ele>26.3</ele>
      </trkpt>
      <trkpt lat="57.97003" lon="12.167772">
        <ele>25.4</ele>
      </trkpt>
      <trkpt lat="57.970161" lon="12.167963">
        <ele>24.8</ele>
      </trkpt>
      <trkpt lat="57.970402" lon="12.168168">
        <ele>22.7</ele>
      </trkpt>
      <trkpt lat="57.970481" lon="12.16845">
        <ele>22.2</ele>
      </trkpt>
      <trkpt lat="57.97058" lon="12.168838">
        <ele>20.9</ele>
      </trkpt>
      <trkpt lat="57.970643" lon="12.168983">
        <ele>20.0</ele>
      </trkpt>
      <trkpt lat="57.970726" lon="12.168998">
        <ele>19.1</ele>
      </trkpt>
      <trkpt lat="57.970997" lon="12.168856">
        <ele>16.5</ele>
      </trkpt>
      <trkpt lat="57.971078" lon="12.168808">
        <ele>15.7</ele>
      </trkpt>
      <trkpt lat="57.971183" lon="12.168702">
        <ele>14.6</ele>
      </trkpt>
      <trkpt lat="57.971235" lon="12.168888">
        <ele>14.2</ele>
      </trkpt>
      <trkpt lat="57.971323" lon="12.16937">
        <ele>13.9</ele>
      </trkpt>
      <trkpt lat="57.971381" lon="12.169989">
        <ele>14.6</ele>
      </trkpt>
      <trkpt lat="57.971439" lon="12.170609">
        <ele>14.2</ele>
      </trkpt>
      <trkpt lat="57.971519" lon="12.171406">
        <ele>14.4</ele>
      </trkpt>
      <trkpt lat="57.9716" lon="12.172202">
        <ele>14.9</ele>
      </trkpt>
      <trkpt lat="57.971681" lon="12.172853">
        <ele>15.8</ele>
      </trkpt>
      <trkpt lat="57.971763" lon="12.173503">
        <ele>16.7</ele>
      </trkpt>
      <trkpt lat="57.971778" lon="12.173602">
        <ele>16.7</ele>
      </trkpt>
      <trkpt lat="57.971855" lon="12.174095">
        <ele>16.2</ele>
      </trkpt>
      <trkpt lat="57.971938" lon="12.174573">
        <ele>15.8</ele>
      </trkpt>
      <trkpt lat="57.972016" lon="12.174988">
        <ele>15.5</ele>
      </trkpt>
      <trkpt lat="57.972082" lon="12.17535">
        <ele>15.3</ele>
      </trkpt>
      <trkpt lat="57.972221" lon="12.175964">
        <ele>15.0</ele>
      </trkpt>
      <trkpt lat="57.97236" lon="12.176577">
        <ele>15.5</ele>
      </trkpt>
      <trkpt lat="57.972498" lon="12.177191">
        <ele>15.1</ele>
      </trkpt>
      <trkpt lat="57.972542" lon="12.177352">
        <ele>14.8</ele>
      </trkpt>
      <trkpt lat="57.972667" lon="12.177815">
        <ele>14.1</ele>
      </trkpt>
      <trkpt lat="57.972792" lon="12.178278">
        <ele>13.7</ele>
      </trkpt>
      <trkpt lat="57.972998" lon="12.178943">
        <ele>13.8</ele>
      </trkpt>
      <trkpt lat="57.973204" lon="12.179608">
        <ele>14.1</ele>
      </trkpt>
      <trkpt lat="57.973383" lon="12.180061">
        <ele>13.8</ele>
      </trkpt>
      <trkpt lat="57.973562" lon="12.180514">
        <ele>12.8</ele>
      </trkpt>
      <trkpt lat="57.973821" lon="12.18115">
        <ele>11.9</ele>
      </trkpt>
      <trkpt lat="57.97408" lon="12.181786">
        <ele>11.4</ele>
      </trkpt>
      <trkpt lat="57.974294" lon="12.182264">
        <ele>10.6</ele>
      </trkpt>
      <trkpt lat="57.974508" lon="12.182741">
        <ele>10.2</ele>
      </trkpt>
      <trkpt lat="57.974723" lon="12.18324">
        <ele>9.8</ele>
      </trkpt>
      <trkpt lat="57.974816" lon="12.183457">
        <ele>9.7</ele>
        <name>57.974859,12.183392</name>
        <extensions>
          <oa:Extension>
            <oa:mapZoom>15</oa:mapZoom>
          </oa:Extension>
        </extensions>
      </trkpt>
      <trkpt lat="57.974938" lon="12.183739">
        <ele>9.6</ele>
      </trkpt>
      <trkpt lat="57.975153" lon="12.184238">
        <ele>9.6</ele>
      </trkpt>
      <trkpt lat="57.975351" lon="12.184722">
        <ele>9.5</ele>
      </trkpt>
      <trkpt lat="57.975568" lon="12.185297">
        <ele>9.0</ele>
      </trkpt>
      <trkpt lat="57.975666" lon="12.185632">
        <ele>8.5</ele>
      </trkpt>
      <trkpt lat="57.975668" lon="12.185826">
        <ele>8.5</ele>
      </trkpt>
      <trkpt lat="57.975695" lon="12.185984">
        <ele>8.6</ele>
      </trkpt>
      <trkpt lat="57.975743" lon="12.186151">
        <ele>8.6</ele>
      </trkpt>
      <trkpt lat="57.975783" lon="12.186232">
        <ele>8.6</ele>
      </trkpt>
      <trkpt lat="57.975891" lon="12.186418">
        <ele>8.6</ele>
      </trkpt>
      <trkpt lat="57.975952" lon="12.18655">
        <ele>8.6</ele>
      </trkpt>
      <trkpt lat="57.976021" lon="12.186693">
        <ele>8.6</ele>
      </trkpt>
      <trkpt lat="57.976238" lon="12.187315">
        <ele>8.0</ele>
      </trkpt>
      <trkpt lat="57.976456" lon="12.187936">
        <ele>8.0</ele>
      </trkpt>
      <trkpt lat="57.976647" lon="12.188493">
        <ele>8.2</ele>
      </trkpt>
      <trkpt lat="57.976838" lon="12.189049">
        <ele>8.3</ele>
      </trkpt>
      <trkpt lat="57.976885" lon="12.189256">
        <ele>8.3</ele>
      </trkpt>
      <trkpt lat="57.976899" lon="12.189432">
        <ele>8.5</ele>
      </trkpt>
      <trkpt lat="57.976906" lon="12.190081">
        <ele>8.9</ele>
      </trkpt>
      <trkpt lat="57.97693" lon="12.190227">
        <ele>8.6</ele>
      </trkpt>
      <trkpt lat="57.977063" lon="12.190667">
        <ele>7.5</ele>
      </trkpt>
      <trkpt lat="57.977235" lon="12.191235">
        <ele>6.5</ele>
      </trkpt>
      <trkpt lat="57.977406" lon="12.191802">
        <ele>6.0</ele>
      </trkpt>
      <trkpt lat="57.977578" lon="12.19237">
        <ele>6.1</ele>
      </trkpt>
      <trkpt lat="57.977654" lon="12.192583">
        <ele>6.2</ele>
      </trkpt>
      <trkpt lat="57.97736" lon="12.193194">
        <ele>5.7</ele>
      </trkpt>
      <trkpt lat="57.977299" lon="12.193302">
        <ele>5.7</ele>
      </trkpt>
      <trkpt lat="57.977242" lon="12.193362">
        <ele>5.6</ele>
      </trkpt>
      <trkpt lat="57.976889" lon="12.193498">
        <ele>5.7</ele>
      </trkpt>
      <trkpt lat="57.976537" lon="12.193635">
        <ele>8.1</ele>
      </trkpt>
      <trkpt lat="57.976445" lon="12.193619">
        <ele>8.9</ele>
      </trkpt>
      <trkpt lat="57.976368" lon="12.19358">
        <ele>9.4</ele>
      </trkpt>
      <trkpt lat="57.976181" lon="12.193318">
        <ele>9.8</ele>
      </trkpt>
      <trkpt lat="57.976099" lon="12.193228">
        <ele>10.3</ele>
      </trkpt>
      <trkpt lat="57.976023" lon="12.193191">
        <ele>10.9</ele>
      </trkpt>
      <trkpt lat="57.975936" lon="12.193184">
        <ele>11.8</ele>
      </trkpt>
      <trkpt lat="57.975682" lon="12.19318">
        <ele>15.0</ele>
      </trkpt>
      <trkpt lat="57.975455" lon="12.192976">
        <ele>17.2</ele>
      </trkpt>
      <trkpt lat="57.975228" lon="12.192772">
        <ele>19.2</ele>
      </trkpt>
      <trkpt lat="57.975183" lon="12.192893">
        <ele>20.65713</ele>
        <name>57.975183,12.192893</name>
        <extensions>
          <oa:Extension>
            <oa:mapZoom>16</oa:mapZoom>
          </oa:Extension>
        </extensions>
      </trkpt>
      <trkpt lat="57.974763" lon="12.193739">
        <ele>33.74071</ele>
      </trkpt>
      <trkpt lat="57.97482" lon="12.195155">
        <ele>49.50575</ele>
      </trkpt>
      <trkpt lat="57.97564" lon="12.196378">
        <ele>57.62479</ele>
      </trkpt>
      <trkpt lat="57.975571" lon="12.197086">
        <ele>63.37802</ele>
      </trkpt>
      <trkpt lat="57.975765" lon="12.197751">
        <ele>64.8413</ele>
      </trkpt>
      <trkpt lat="57.975799" lon="12.19906">
        <ele>65.34154</ele>
      </trkpt>
      <trkpt lat="57.976197" lon="12.199918">
        <ele>62.59393</ele>
      </trkpt>
      <trkpt lat="57.975579" lon="12.201369">
        <ele>54.90409</ele>
      </trkpt>
      <trkpt lat="57.97293" lon="12.205369">
        <ele>46.90093</ele>
      </trkpt>
      <trkpt lat="57.972925" lon="12.205354">
        <ele>46.9</ele>
        <name>57.972930,12.205369</name>
        <extensions>
          <oa:Extension>
            <oa:mapZoom>16</oa:mapZoom>
          </oa:Extension>
        </extensions>
      </trkpt>
      <trkpt lat="57.97291" lon="12.20537">
        <ele>46.9</ele>
      </trkpt>
      <trkpt lat="57.972836" lon="12.205526">
        <ele>47.2</ele>
      </trkpt>
      <trkpt lat="57.972773" lon="12.205732">
        <ele>47.4</ele>
      </trkpt>
      <trkpt lat="57.972737" lon="12.205832">
        <ele>47.4</ele>
      </trkpt>
      <trkpt lat="57.972684" lon="12.205896">
        <ele>47.3</ele>
      </trkpt>
      <trkpt lat="57.972654" lon="12.205888">
        <ele>47.2</ele>
      </trkpt>
      <trkpt lat="57.972874" lon="12.206466">
        <ele>48.1</ele>
      </trkpt>
      <trkpt lat="57.973094" lon="12.207043">
        <ele>49.8</ele>
      </trkpt>
      <trkpt lat="57.973314" lon="12.207621">
        <ele>50.8</ele>
      </trkpt>
      <trkpt lat="57.973534" lon="12.208198">
        <ele>50.9</ele>
      </trkpt>
      <trkpt lat="57.973754" lon="12.208776">
        <ele>51.4</ele>
      </trkpt>
      <trkpt lat="57.973947" lon="12.20926">
        <ele>51.6</ele>
      </trkpt>
      <trkpt lat="57.97414" lon="12.209745">
        <ele>52.0</ele>
      </trkpt>
      <trkpt lat="57.974334" lon="12.210229">
        <ele>53.8</ele>
      </trkpt>
      <trkpt lat="57.974455" lon="12.210633">
        <ele>55.6</ele>
      </trkpt>
      <trkpt lat="57.974575" lon="12.211038">
        <ele>57.5</ele>
      </trkpt>
      <trkpt lat="57.974697" lon="12.211578">
        <ele>59.1</ele>
      </trkpt>
      <trkpt lat="57.974809" lon="12.212335">
        <ele>58.6</ele>
      </trkpt>
      <trkpt lat="57.974932" lon="12.212634">
        <ele>58.8</ele>
      </trkpt>
      <trkpt lat="57.975052" lon="12.212772">
        <ele>59.5</ele>
      </trkpt>
      <trkpt lat="57.97514" lon="12.213098">
        <ele>59.4</ele>
      </trkpt>
      <trkpt lat="57.975313" lon="12.213369">
        <ele>61.7</ele>
      </trkpt>
      <trkpt lat="57.975594" lon="12.213778">
        <ele>65.5</ele>
      </trkpt>
      <trkpt lat="57.975916" lon="12.214159">
        <ele>66.6</ele>
      </trkpt>
      <trkpt lat="57.976104" lon="12.214435">
        <ele>66.0</ele>
      </trkpt>
      <trkpt lat="57.976445" lon="12.214951">
        <ele>65.2</ele>
      </trkpt>
      <trkpt lat="57.976633" lon="12.215128">
        <ele>65.6</ele>
      </trkpt>
      <trkpt lat="57.976787" lon="12.215207">
        <ele>65.9</ele>
      </trkpt>
      <trkpt lat="57.97689" lon="12.21523">
        <ele>66.0</ele>
      </trkpt>
      <trkpt lat="57.976996" lon="12.215217">
        <ele>66.0</ele>
      </trkpt>
      <trkpt lat="57.977067" lon="12.215143">
        <ele>66.0</ele>
      </trkpt>
      <trkpt lat="57.977103" lon="12.215049">
        <ele>66.1</ele>
      </trkpt>
      <trkpt lat="57.97724" lon="12.215049">
        <ele>65.8</ele>
      </trkpt>
      <trkpt lat="57.977633" lon="12.214979">
        <ele>64.4</ele>
      </trkpt>
      <trkpt lat="57.978025" lon="12.214909">
        <ele>61.9</ele>
      </trkpt>
      <trkpt lat="57.978346" lon="12.214841">
        <ele>59.7</ele>
      </trkpt>
      <trkpt lat="57.978642" lon="12.214779">
        <ele>58.3</ele>
        <name>57.978640,12.214750</name>
        <extensions>
          <oa:Extension>
            <oa:mapZoom>16</oa:mapZoom>
          </oa:Extension>
        </extensions>
      </trkpt>
      <trkpt lat="57.978666" lon="12.214774">
        <ele>58.1</ele>
      </trkpt>
      <trkpt lat="57.978986" lon="12.214706">
        <ele>56.9</ele>
      </trkpt>
      <trkpt lat="57.979271" lon="12.214647">
        <ele>55.6</ele>
      </trkpt>
      <trkpt lat="57.979555" lon="12.214588">
        <ele>53.8</ele>
      </trkpt>
      <trkpt lat="57.979749" lon="12.214523">
        <ele>52.3</ele>
      </trkpt>
      <trkpt lat="57.979919" lon="12.214416">
        <ele>50.8</ele>
      </trkpt>
      <trkpt lat="57.980039" lon="12.214266">
        <ele>49.5</ele>
      </trkpt>
      <trkpt lat="57.980234" lon="12.213804">
        <ele>45.9</ele>
      </trkpt>
      <trkpt lat="57.98043" lon="12.213342">
        <ele>39.5</ele>
      </trkpt>
      <trkpt lat="57.980501" lon="12.213232">
        <ele>37.0</ele>
      </trkpt>
      <trkpt lat="57.980708" lon="12.213065">
        <ele>31.1</ele>
      </trkpt>
      <trkpt lat="57.980771" lon="12.212997">
        <ele>29.6</ele>
      </trkpt>
      <trkpt lat="57.980794" lon="12.213052">
        <ele>29.4</ele>
      </trkpt>
      <trkpt lat="57.980947" lon="12.2134">
        <ele>28.7</ele>
      </trkpt>
      <trkpt lat="57.980976" lon="12.213416">
        <ele>28.4</ele>
      </trkpt>
      <trkpt lat="57.981005" lon="12.213414">
        <ele>28.0</ele>
      </trkpt>
      <trkpt lat="57.981098" lon="12.213353">
        <ele>26.5</ele>
      </trkpt>
      <trkpt lat="57.981232" lon="12.213248">
        <ele>24.8</ele>
      </trkpt>
      <trkpt lat="57.98162" lon="12.212968">
        <ele>21.7</ele>
      </trkpt>
      <trkpt lat="57.982013" lon="12.212686">
        <ele>19.8</ele>
      </trkpt>
      <trkpt lat="57.982405" lon="12.212405">
        <ele>19.1</ele>
      </trkpt>
      <trkpt lat="57.982718" lon="12.212162">
        <ele>18.9</ele>
      </trkpt>
      <trkpt lat="57.98274" lon="12.212115">
        <ele>18.9</ele>
      </trkpt>
      <trkpt lat="57.983005" lon="12.211921">
        <ele>19.1</ele>
      </trkpt>
      <trkpt lat="57.983043" lon="12.211893">
        <ele>19.2</ele>
      </trkpt>
      <trkpt lat="57.983086" lon="12.211862">
        <ele>19.3</ele>
      </trkpt>
      <trkpt lat="57.983115" lon="12.211862">
        <ele>19.3</ele>
      </trkpt>
      <trkpt lat="57.983144" lon="12.211868">
        <ele>19.4</ele>
      </trkpt>
      <trkpt lat="57.983258" lon="12.211784">
        <ele>19.8</ele>
        <name>57.983258,12.211780</name>
        <extensions>
          <oa:Extension>
            <oa:mapZoom>16</oa:mapZoom>
          </oa:Extension>
        </extensions>
      </trkpt>
      <trkpt lat="57.98342" lon="12.211666">
        <ele>20.3</ele>
      </trkpt>
      <trkpt lat="57.98344" lon="12.211653">
        <ele>20.4</ele>
      </trkpt>
      <trkpt lat="57.983713" lon="12.211455">
        <ele>21.5</ele>
      </trkpt>
      <trkpt lat="57.983965" lon="12.211276">
        <ele>23.1</ele>
      </trkpt>
      <trkpt lat="57.983945" lon="12.211172">
        <ele>23.0</ele>
      </trkpt>
      <trkpt lat="57.984002" lon="12.211125">
        <ele>23.5</ele>
      </trkpt>
      <trkpt lat="57.983915" lon="12.210683">
        <ele>23.1</ele>
      </trkpt>
      <trkpt lat="57.983855" lon="12.210378">
        <ele>22.9</ele>
      </trkpt>
      <trkpt lat="57.983915" lon="12.21034">
        <ele>23.2</ele>
      </trkpt>
      <trkpt lat="57.984008" lon="12.210296">
        <ele>23.8</ele>
      </trkpt>
      <trkpt lat="57.984126" lon="12.210303">
        <ele>24.6</ele>
      </trkpt>
      <trkpt lat="57.984297" lon="12.210352">
        <ele>26.4</ele>
      </trkpt>
      <trkpt lat="57.984408" lon="12.210376">
        <ele>27.8</ele>
      </trkpt>
      <trkpt lat="57.984477" lon="12.210393">
        <ele>28.7</ele>
      </trkpt>
      <trkpt lat="57.984498" lon="12.210278">
        <ele>28.9</ele>
      </trkpt>
      <trkpt lat="57.984649" lon="12.210324">
        <ele>31.1</ele>
      </trkpt>
      <trkpt lat="57.984764" lon="12.210349">
        <ele>32.9</ele>
      </trkpt>
      <trkpt lat="57.984976" lon="12.210313">
        <ele>35.8</ele>
      </trkpt>
      <trkpt lat="57.985226" lon="12.210159">
        <ele>38.9</ele>
      </trkpt>
      <trkpt lat="57.985329" lon="12.21009">
        <ele>40.4</ele>
      </trkpt>
      <trkpt lat="57.985366" lon="12.210118">
        <ele>41.1</ele>
      </trkpt>
      <trkpt lat="57.985382" lon="12.210218">
        <ele>41.7</ele>
      </trkpt>
      <trkpt lat="57.985366" lon="12.210288">
        <ele>41.7</ele>
      </trkpt>
      <trkpt lat="57.985359" lon="12.210339">
        <ele>41.7</ele>
      </trkpt>
      <trkpt lat="57.985375" lon="12.210347">
        <ele>41.97384</ele>
        <name>57.985375,12.210347</name>
        <extensions>
          <oa:Extension>
            <oa:mapZoom>16</oa:mapZoom>
          </oa:Extension>
        </extensions>
      </trkpt>
      <trkpt lat="57.986032" lon="12.212214">
        <ele>51.58675</ele>
      </trkpt>
      <trkpt lat="57.98715" lon="12.21275">
        <ele>48.79058</ele>
      </trkpt>
      <trkpt lat="57.987149" lon="12.212723">
        <ele>48.8</ele>
        <name>57.987150,12.212750</name>
        <extensions>
          <oa:Extension>
            <oa:mapZoom>16</oa:mapZoom>
          </oa:Extension>
        </extensions>
      </trkpt>
      <trkpt lat="57.987153" lon="12.212722">
        <ele>48.7</ele>
      </trkpt>
      <trkpt lat="57.987281" lon="12.212639">
        <ele>47.5</ele>
      </trkpt>
      <trkpt lat="57.987414" lon="12.212764">
        <ele>46.3</ele>
      </trkpt>
      <trkpt lat="57.987539" lon="12.213024">
        <ele>45.3</ele>
      </trkpt>
      <trkpt lat="57.987596" lon="12.213149">
        <ele>44.8</ele>
      </trkpt>
      <trkpt lat="57.987676" lon="12.213409">
        <ele>43.9</ele>
      </trkpt>
      <trkpt lat="57.987734" lon="12.213559">
        <ele>43.0</ele>
      </trkpt>
      <trkpt lat="57.987756" lon="12.213727">
        <ele>42.5</ele>
      </trkpt>
      <trkpt lat="57.987805" lon="12.213836">
        <ele>41.7</ele>
      </trkpt>
      <trkpt lat="57.98788" lon="12.213861">
        <ele>40.6</ele>
      </trkpt>
      <trkpt lat="57.987934" lon="12.213652">
        <ele>40.1</ele>
      </trkpt>
      <trkpt lat="57.987911" lon="12.213501">
        <ele>40.5</ele>
      </trkpt>
      <trkpt lat="57.987947" lon="12.213292">
        <ele>39.9</ele>
      </trkpt>
      <trkpt lat="57.987947" lon="12.213132">
        <ele>39.6</ele>
      </trkpt>
      <trkpt lat="57.987982" lon="12.212873">
        <ele>38.2</ele>
      </trkpt>
      <trkpt lat="57.988" lon="12.21263">
        <ele>37.1</ele>
      </trkpt>
      <trkpt lat="57.988067" lon="12.21248">
        <ele>35.5</ele>
      </trkpt>
      <trkpt lat="57.988182" lon="12.21222">
        <ele>32.9</ele>
      </trkpt>
      <trkpt lat="57.988284" lon="12.212086">
        <ele>31.0</ele>
      </trkpt>
      <trkpt lat="57.988391" lon="12.21191">
        <ele>29.0</ele>
      </trkpt>
      <trkpt lat="57.988417" lon="12.211743">
        <ele>28.0</ele>
      </trkpt>
      <trkpt lat="57.988515" lon="12.211542">
        <ele>25.6</ele>
      </trkpt>
      <trkpt lat="57.988604" lon="12.211249">
        <ele>22.6</ele>
      </trkpt>
      <trkpt lat="57.988675" lon="12.211048">
        <ele>20.4</ele>
      </trkpt>
      <trkpt lat="57.988712" lon="12.210892">
        <ele>19.1</ele>
      </trkpt>
      <trkpt lat="57.988734" lon="12.210818">
        <ele>18.4</ele>
      </trkpt>
      <trkpt lat="57.988856" lon="12.210946">
        <ele>18.0</ele>
      </trkpt>
      <trkpt lat="57.988939" lon="12.210707">
        <ele>16.1</ele>
      </trkpt>
      <trkpt lat="57.989147" lon="12.210176">
        <ele>12.7</ele>
      </trkpt>
      <trkpt lat="57.989355" lon="12.209645">
        <ele>10.5</ele>
      </trkpt>
      <trkpt lat="57.989617" lon="12.20899">
        <ele>9.2</ele>
      </trkpt>
      <trkpt lat="57.989878" lon="12.208335">
        <ele>9.0</ele>
      </trkpt>
      <trkpt lat="57.990139" lon="12.20768">
        <ele>8.1</ele>
      </trkpt>
      <trkpt lat="57.990401" lon="12.207026">
        <ele>6.8</ele>
      </trkpt>
      <trkpt lat="57.990581" lon="12.206578">
        <ele>6.1</ele>
      </trkpt>
      <trkpt lat="57.990648" lon="12.206425">
        <ele>6.1</ele>
      </trkpt>
      <trkpt lat="57.990836" lon="12.205907">
        <ele>6.9</ele>
      </trkpt>
      <trkpt lat="57.991007" lon="12.205422">
        <ele>7.3</ele>
      </trkpt>
      <trkpt lat="57.991262" lon="12.204778">
        <ele>7.9</ele>
      </trkpt>
      <trkpt lat="57.991378" lon="12.204523">
        <ele>8.5</ele>
      </trkpt>
      <trkpt lat="57.991668" lon="12.203941">
        <ele>10.4</ele>
      </trkpt>
      <trkpt lat="57.991957" lon="12.20336">
        <ele>13.2</ele>
      </trkpt>
      <trkpt lat="57.992247" lon="12.202778">
        <ele>20.3</ele>
      </trkpt>
      <trkpt lat="57.992317" lon="12.202684">
        <ele>21.8</ele>
      </trkpt>
      <trkpt lat="57.992399" lon="12.202597">
        <ele>23.4</ele>
      </trkpt>
      <trkpt lat="57.992495" lon="12.202528">
        <ele>24.7</ele>
      </trkpt>
      <trkpt lat="57.992565" lon="12.202495">
        <ele>25.3</ele>
      </trkpt>
      <trkpt lat="57.992744" lon="12.202432">
        <ele>26.2</ele>
      </trkpt>
      <trkpt lat="57.992903" lon="12.202376">
        <ele>26.6</ele>
      </trkpt>
      <trkpt lat="57.992968" lon="12.202334">
        <ele>27.0</ele>
      </trkpt>
      <trkpt lat="57.99301" lon="12.202274">
        <ele>27.5</ele>
      </trkpt>
      <trkpt lat="57.993063" lon="12.202196">
        <ele>28.1</ele>
      </trkpt>
      <trkpt lat="57.993116" lon="12.202104">
        <ele>28.9</ele>
      </trkpt>
      <trkpt lat="57.993155" lon="12.20194">
        <ele>30.4</ele>
      </trkpt>
      <trkpt lat="57.993253" lon="12.201552">
        <ele>34.5</ele>
      </trkpt>
      <trkpt lat="57.993379" lon="12.201107">
        <ele>41.2</ele>
      </trkpt>
      <trkpt lat="57.993425" lon="12.200979">
        <ele>43.5</ele>
      </trkpt>
      <trkpt lat="57.993435" lon="12.200957">
        <ele>43.9</ele>
      </trkpt>
      <trkpt lat="57.993381" lon="12.20082">
        <ele>44.8</ele>
      </trkpt>
      <trkpt lat="57.993268" lon="12.200497">
        <ele>47.2</ele>
      </trkpt>
      <trkpt lat="57.993228" lon="12.200409">
        <ele>47.7</ele>
        <name>57.993246,12.200382</name>
        <extensions>
          <oa:Extension>
            <oa:mapZoom>15</oa:mapZoom>
          </oa:Extension>
        </extensions>
      </trkpt>
      <trkpt lat="57.993062" lon="12.200033">
        <ele>50.1</ele>
      </trkpt>
      <trkpt lat="57.992943" lon="12.199875">
        <ele>50.4</ele>
      </trkpt>
      <trkpt lat="57.9928" lon="12.199731">
        <ele>50.2</ele>
      </trkpt>
      <trkpt lat="57.992619" lon="12.199532">
        <ele>49.7</ele>
      </trkpt>
      <trkpt lat="57.992551" lon="12.199454">
        <ele>49.5</ele>
      </trkpt>
      <trkpt lat="57.99246" lon="12.199293">
        <ele>49.3</ele>
      </trkpt>
      <trkpt lat="57.992411" lon="12.199191">
        <ele>49.3</ele>
      </trkpt>
      <trkpt lat="57.992363" lon="12.199065">
        <ele>49.5</ele>
      </trkpt>
      <trkpt lat="57.992319" lon="12.198897">
        <ele>49.9</ele>
      </trkpt>
      <trkpt lat="57.992273" lon="12.198695">
        <ele>50.5</ele>
      </trkpt>
      <trkpt lat="57.992247" lon="12.19852">
        <ele>51.0</ele>
      </trkpt>
      <trkpt lat="57.992237" lon="12.198337">
        <ele>51.6</ele>
      </trkpt>
      <trkpt lat="57.992243" lon="12.198168">
        <ele>52.2</ele>
      </trkpt>
      <trkpt lat="57.992254" lon="12.198024">
        <ele>52.7</ele>
      </trkpt>
      <trkpt lat="57.992273" lon="12.197852">
        <ele>53.3</ele>
      </trkpt>
      <trkpt lat="57.992295" lon="12.197702">
        <ele>53.8</ele>
      </trkpt>
      <trkpt lat="57.992334" lon="12.19749">
        <ele>54.4</ele>
      </trkpt>
      <trkpt lat="57.992371" lon="12.197324">
        <ele>54.8</ele>
      </trkpt>
      <trkpt lat="57.992435" lon="12.197124">
        <ele>55.1</ele>
      </trkpt>
      <trkpt lat="57.992499" lon="12.196963">
        <ele>55.5</ele>
      </trkpt>
      <trkpt lat="57.992535" lon="12.196879">
        <ele>55.7</ele>
      </trkpt>
      <trkpt lat="57.992612" lon="12.196758">
        <ele>56.2</ele>
      </trkpt>
      <trkpt lat="57.992975" lon="12.19634">
        <ele>60.3</ele>
      </trkpt>
      <trkpt lat="57.993029" lon="12.196263">
        <ele>61.3</ele>
      </trkpt>
      <trkpt lat="57.993086" lon="12.196145">
        <ele>62.5</ele>
      </trkpt>
      <trkpt lat="57.993104" lon="12.196057">
        <ele>63.3</ele>
      </trkpt>
      <trkpt lat="57.99311" lon="12.195948">
        <ele>63.9</ele>
      </trkpt>
      <trkpt lat="57.993104" lon="12.195865">
        <ele>64.3</ele>
      </trkpt>
      <trkpt lat="57.99309" lon="12.19577">
        <ele>64.6</ele>
      </trkpt>
      <trkpt lat="57.993066" lon="12.195686">
        <ele>64.7</ele>
      </trkpt>
      <trkpt lat="57.993035" lon="12.195614">
        <ele>64.7</ele>
      </trkpt>
      <trkpt lat="57.992978" lon="12.195511">
        <ele>64.6</ele>
      </trkpt>
      <trkpt lat="57.992922" lon="12.195441">
        <ele>64.4</ele>
      </trkpt>
      <trkpt lat="57.992826" lon="12.195351">
        <ele>63.9</ele>
      </trkpt>
      <trkpt lat="57.992594" lon="12.195182">
        <ele>62.9</ele>
      </trkpt>
      <trkpt lat="57.992272" lon="12.194905">
        <ele>62.6</ele>
      </trkpt>
      <trkpt lat="57.99199" lon="12.19467">
        <ele>63.0</ele>
      </trkpt>
      <trkpt lat="57.991909" lon="12.194614">
        <ele>63.1</ele>
      </trkpt>
      <trkpt lat="57.991845" lon="12.194584">
        <ele>63.0</ele>
      </trkpt>
      <trkpt lat="57.99179" lon="12.194566">
        <ele>63.0</ele>
      </trkpt>
      <trkpt lat="57.991793" lon="12.194519">
        <ele>63.0</ele>
      </trkpt>
      <trkpt lat="57.991819" lon="12.194454">
        <ele>63.2</ele>
      </trkpt>
      <trkpt lat="57.991864" lon="12.194429">
        <ele>63.3</ele>
      </trkpt>
      <trkpt lat="57.991921" lon="12.194354">
        <ele>63.6</ele>
      </trkpt>
      <trkpt lat="57.992098" lon="12.194068">
        <ele>64.7</ele>
      </trkpt>
      <trkpt lat="57.99229" lon="12.193766">
        <ele>66.0</ele>
      </trkpt>
      <trkpt lat="57.992481" lon="12.193463">
        <ele>67.6</ele>
      </trkpt>
      <trkpt lat="57.992746" lon="12.193222">
        <ele>69.6</ele>
      </trkpt>
      <trkpt lat="57.993011" lon="12.192981">
        <ele>72.1</ele>
      </trkpt>
      <trkpt lat="57.993144" lon="12.192928">
        <ele>73.3</ele>
      </trkpt>
      <trkpt lat="57.993558" lon="12.193242">
        <ele>73.9</ele>
      </trkpt>
      <trkpt lat="57.99356" lon="12.193043">
        <ele>75.3</ele>
      </trkpt>
      <trkpt lat="57.993534" lon="12.192988">
        <ele>75.6</ele>
      </trkpt>
      <trkpt lat="57.993473" lon="12.192917">
        <ele>75.7</ele>
      </trkpt>
      <trkpt lat="57.993424" lon="12.192746">
        <ele>76.8</ele>
      </trkpt>
      <trkpt lat="57.993415" lon="12.192626">
        <ele>77.7</ele>
      </trkpt>
      <trkpt lat="57.993409" lon="12.192516">
        <ele>78.5</ele>
      </trkpt>
      <trkpt lat="57.993441" lon="12.192428">
        <ele>79.4</ele>
      </trkpt>
      <trkpt lat="57.993365" lon="12.192264">
        <ele>80.0</ele>
      </trkpt>
      <trkpt lat="57.993278" lon="12.192061">
        <ele>80.6</ele>
      </trkpt>
      <trkpt lat="57.993206" lon="12.191891">
        <ele>80.8</ele>
      </trkpt>
      <trkpt lat="57.993176" lon="12.191787">
        <ele>81.1</ele>
      </trkpt>
      <trkpt lat="57.993267" lon="12.191776">
        <ele>82.4</ele>
      </trkpt>
      <trkpt lat="57.993371" lon="12.191847">
        <ele>83.1</ele>
      </trkpt>
      <trkpt lat="57.99349" lon="12.191907">
        <ele>83.8</ele>
      </trkpt>
      <trkpt lat="57.993589" lon="12.191902">
        <ele>84.7</ele>
      </trkpt>
      <trkpt lat="57.993607" lon="12.191792">
        <ele>85.6</ele>
      </trkpt>
      <trkpt lat="57.99356" lon="12.191617">
        <ele>86.4</ele>
      </trkpt>
      <trkpt lat="57.993488" lon="12.191501">
        <ele>86.6</ele>
      </trkpt>
      <trkpt lat="57.993456" lon="12.191326">
        <ele>87.6</ele>
      </trkpt>
      <trkpt lat="57.993458" lon="12.191205">
        <ele>88.4</ele>
      </trkpt>
      <trkpt lat="57.993464" lon="12.191019">
        <ele>89.7</ele>
      </trkpt>
      <trkpt lat="57.993514" lon="12.190915">
        <ele>90.6</ele>
      </trkpt>
      <trkpt lat="57.993554" lon="12.19075">
        <ele>91.7</ele>
      </trkpt>
      <trkpt lat="57.993578" lon="12.190586">
        <ele>92.7</ele>
      </trkpt>
      <trkpt lat="57.993668" lon="12.190459">
        <ele>93.5</ele>
      </trkpt>
      <trkpt lat="57.993729" lon="12.190383">
        <ele>93.9</ele>
      </trkpt>
      <trkpt lat="57.99374" lon="12.190267">
        <ele>94.4</ele>
      </trkpt>
      <trkpt lat="57.993793" lon="12.190163">
        <ele>94.9</ele>
      </trkpt>
      <trkpt lat="57.993895" lon="12.190004">
        <ele>95.5</ele>
      </trkpt>
      <trkpt lat="57.993929" lon="12.189829">
        <ele>96.3</ele>
      </trkpt>
      <trkpt lat="57.994063" lon="12.189593">
        <ele>97.4</ele>
      </trkpt>
      <trkpt lat="57.994121" lon="12.189521">
        <ele>97.8</ele>
      </trkpt>
      <trkpt lat="57.994203" lon="12.18934">
        <ele>98.9</ele>
      </trkpt>
      <trkpt lat="57.994203" lon="12.189242">
        <ele>99.5</ele>
      </trkpt>
      <trkpt lat="57.994235" lon="12.188995">
        <ele>101.1</ele>
      </trkpt>
      <trkpt lat="57.994348" lon="12.188814">
        <ele>102.2</ele>
      </trkpt>
      <trkpt lat="57.994473" lon="12.188638">
        <ele>103.1</ele>
      </trkpt>
      <trkpt lat="57.994604" lon="12.188468">
        <ele>103.5</ele>
      </trkpt>
      <trkpt lat="57.994697" lon="12.188287">
        <ele>103.8</ele>
      </trkpt>
      <trkpt lat="57.994807" lon="12.188062">
        <ele>103.7</ele>
      </trkpt>
      <trkpt lat="57.994976" lon="12.187838">
        <ele>103.0</ele>
      </trkpt>
      <trkpt lat="57.995092" lon="12.187602">
        <ele>102.6</ele>
      </trkpt>
      <trkpt lat="57.995177" lon="12.187366">
        <ele>102.6</ele>
      </trkpt>
      <trkpt lat="57.995232" lon="12.18718">
        <ele>102.7</ele>
      </trkpt>
      <trkpt lat="57.995336" lon="12.187015">
        <ele>103.0</ele>
      </trkpt>
      <trkpt lat="57.99547" lon="12.186708">
        <ele>103.6</ele>
      </trkpt>
      <trkpt lat="57.995566" lon="12.186445">
        <ele>103.9</ele>
      </trkpt>
      <trkpt lat="57.995697" lon="12.186209">
        <ele>104.0</ele>
      </trkpt>
      <trkpt lat="57.99586" lon="12.18588">
        <ele>104.0</ele>
      </trkpt>
      <trkpt lat="57.99599" lon="12.185578">
        <ele>104.4</ele>
      </trkpt>
      <trkpt lat="57.996078" lon="12.185435">
        <ele>104.8</ele>
      </trkpt>
      <trkpt lat="57.996127" lon="12.185216">
        <ele>105.3</ele>
      </trkpt>
      <trkpt lat="57.996159" lon="12.185057">
        <ele>105.6</ele>
      </trkpt>
      <trkpt lat="57.996162" lon="12.184838">
        <ele>105.5</ele>
      </trkpt>
      <trkpt lat="57.996243" lon="12.184651">
        <ele>105.5</ele>
      </trkpt>
      <trkpt lat="57.996333" lon="12.184454">
        <ele>104.9</ele>
      </trkpt>
      <trkpt lat="57.996418" lon="12.184245">
        <ele>103.8</ele>
      </trkpt>
      <trkpt lat="57.996514" lon="12.184064">
        <ele>102.6</ele>
      </trkpt>
      <trkpt lat="57.996644" lon="12.183905">
        <ele>101.1</ele>
      </trkpt>
      <trkpt lat="57.99672" lon="12.183779">
        <ele>99.8</ele>
      </trkpt>
      <trkpt lat="57.996793" lon="12.183675">
        <ele>98.5</ele>
      </trkpt>
      <trkpt lat="57.996883" lon="12.183603">
        <ele>97.1</ele>
      </trkpt>
      <trkpt lat="57.996973" lon="12.183603">
        <ele>95.9</ele>
      </trkpt>
      <trkpt lat="57.99704" lon="12.183697">
        <ele>95.6</ele>
      </trkpt>
      <trkpt lat="57.997165" lon="12.18385">
        <ele>94.9</ele>
      </trkpt>
      <trkpt lat="57.99717" lon="12.183861">
        <ele>94.9</ele>
      </trkpt>
      <trkpt lat="57.997249" lon="12.18407">
        <ele>95.2</ele>
      </trkpt>
      <trkpt lat="57.997275" lon="12.184135">
        <ele>95.3</ele>
      </trkpt>
      <trkpt lat="57.997336" lon="12.184179">
        <ele>94.8</ele>
      </trkpt>
      <trkpt lat="57.997406" lon="12.184179">
        <ele>93.7</ele>
      </trkpt>
      <trkpt lat="57.997612" lon="12.184163">
        <ele>89.8</ele>
      </trkpt>
      <trkpt lat="57.997618" lon="12.184163">
        <ele>89.6</ele>
      </trkpt>
      <trkpt lat="57.997679" lon="12.18407">
        <ele>87.5</ele>
      </trkpt>
      <trkpt lat="57.997801" lon="12.183987">
        <ele>83.8</ele>
      </trkpt>
      <trkpt lat="57.997804" lon="12.183987">
        <ele>83.7</ele>
      </trkpt>
      <trkpt lat="57.997836" lon="12.183867">
        <ele>81.9</ele>
      </trkpt>
      <trkpt lat="57.997915" lon="12.183883">
        <ele>80.0</ele>
      </trkpt>
      <trkpt lat="57.997979" lon="12.183954">
        <ele>79.0</ele>
      </trkpt>
      <trkpt lat="57.998109" lon="12.184009">
        <ele>76.1</ele>
      </trkpt>
      <trkpt lat="57.998226" lon="12.184009">
        <ele>73.2</ele>
      </trkpt>
      <trkpt lat="57.998348" lon="12.183883">
        <ele>69.3</ele>
      </trkpt>
      <trkpt lat="57.998435" lon="12.183675">
        <ele>65.8</ele>
      </trkpt>
      <trkpt lat="57.998467" lon="12.183395">
        <ele>63.0</ele>
      </trkpt>
      <trkpt lat="57.998537" lon="12.183093">
        <ele>59.6</ele>
      </trkpt>
      <trkpt lat="57.998554" lon="12.182929">
        <ele>58.0</ele>
      </trkpt>
      <trkpt lat="57.998702" lon="12.182496">
        <ele>53.1</ele>
      </trkpt>
      <trkpt lat="57.998733" lon="12.182426">
        <ele>52.4</ele>
      </trkpt>
      <trkpt lat="57.99887" lon="12.182123">
        <ele>49.5</ele>
      </trkpt>
      <trkpt lat="57.99906" lon="12.181692">
        <ele>46.6</ele>
      </trkpt>
      <trkpt lat="57.99925" lon="12.181262">
        <ele>44.7</ele>
      </trkpt>
      <trkpt lat="57.999491" lon="12.18072">
        <ele>43.2</ele>
      </trkpt>
      <trkpt lat="57.999567" lon="12.180377">
        <ele>42.3</ele>
      </trkpt>
      <trkpt lat="57.999577" lon="12.179984">
        <ele>41.4</ele>
      </trkpt>
      <trkpt lat="57.999534" lon="12.179512">
        <ele>40.1</ele>
      </trkpt>
      <trkpt lat="57.999492" lon="12.17904">
        <ele>38.9</ele>
      </trkpt>
      <trkpt lat="57.999729" lon="12.178342">
        <ele>38.7</ele>
      </trkpt>
      <trkpt lat="57.999909" lon="12.178108">
        <ele>40.5</ele>
      </trkpt>
      <trkpt lat="58.000111" lon="12.178211">
        <ele>41.2</ele>
      </trkpt>
      <trkpt lat="58.000282" lon="12.178337">
        <ele>42.1</ele>
      </trkpt>
      <trkpt lat="58.000334" lon="12.178337">
        <ele>42.5</ele>
      </trkpt>
      <trkpt lat="58.000468" lon="12.17844">
        <ele>43.5</ele>
      </trkpt>
      <trkpt lat="58.000535" lon="12.178454">
        <ele>44.1</ele>
      </trkpt>
      <trkpt lat="58.000611" lon="12.178538">
        <ele>44.8</ele>
      </trkpt>
      <trkpt lat="58.000673" lon="12.178664">
        <ele>45.2</ele>
      </trkpt>
      <trkpt lat="58.000705" lon="12.178809">
        <ele>45.3</ele>
      </trkpt>
      <trkpt lat="58.000693" lon="12.178968">
        <ele>45.0</ele>
      </trkpt>
      <trkpt lat="58.000693" lon="12.179094">
        <ele>44.9</ele>
      </trkpt>
      <trkpt lat="58.00072" lon="12.179253">
        <ele>44.9</ele>
      </trkpt>
      <trkpt lat="58.000819" lon="12.179505">
        <ele>45.4</ele>
      </trkpt>
      <trkpt lat="58.000829" lon="12.179519">
        <ele>45.5</ele>
      </trkpt>
      <trkpt lat="58.000936" lon="12.179743">
        <ele>46.1</ele>
      </trkpt>
      <trkpt lat="58.000997" lon="12.179776">
        <ele>46.7</ele>
      </trkpt>
      <trkpt lat="58.001047" lon="12.179869">
        <ele>47.0</ele>
      </trkpt>
      <trkpt lat="58.001096" lon="12.179934">
        <ele>47.5</ele>
      </trkpt>
      <trkpt lat="58.001134" lon="12.180004">
        <ele>47.8</ele>
      </trkpt>
      <trkpt lat="58.001151" lon="12.180117">
        <ele>47.9</ele>
      </trkpt>
      <trkpt lat="58.001198" lon="12.180117">
        <ele>48.4</ele>
      </trkpt>
      <trkpt lat="58.00125" lon="12.180154">
        <ele>49.0</ele>
      </trkpt>
      <trkpt lat="58.001299" lon="12.180219">
        <ele>49.5</ele>
      </trkpt>
      <trkpt lat="58.001346" lon="12.180336">
        <ele>49.9</ele>
      </trkpt>
      <trkpt lat="58.001398" lon="12.180369">
        <ele>50.5</ele>
      </trkpt>
      <trkpt lat="58.001398" lon="12.180285">
        <ele>50.6</ele>
      </trkpt>
      <trkpt lat="58.00144" lon="12.180285">
        <ele>51.1</ele>
      </trkpt>
      <trkpt lat="58.001495" lon="12.180271">
        <ele>51.7</ele>
      </trkpt>
      <trkpt lat="58.001542" lon="12.180238">
        <ele>52.3</ele>
      </trkpt>
      <trkpt lat="58.001572" lon="12.180173">
        <ele>52.7</ele>
      </trkpt>
      <trkpt lat="58.001633" lon="12.180154">
        <ele>53.5</ele>
      </trkpt>
      <trkpt lat="58.001705" lon="12.180154">
        <ele>54.3</ele>
      </trkpt>
      <trkpt lat="58.001799" lon="12.180196">
        <ele>55.4</ele>
      </trkpt>
      <trkpt lat="58.001864" lon="12.180229">
        <ele>56.2</ele>
      </trkpt>
      <trkpt lat="58.001891" lon="12.180313">
        <ele>56.5</ele>
      </trkpt>
      <trkpt lat="58.001943" lon="12.180425">
        <ele>57.0</ele>
      </trkpt>
      <trkpt lat="58.001997" lon="12.180472">
        <ele>57.7</ele>
      </trkpt>
      <trkpt lat="58.002022" lon="12.180588">
        <ele>57.8</ele>
      </trkpt>
      <trkpt lat="58.002049" lon="12.180733">
        <ele>57.9</ele>
      </trkpt>
      <trkpt lat="58.002054" lon="12.180901">
        <ele>57.7</ele>
      </trkpt>
      <trkpt lat="58.002109" lon="12.180971">
        <ele>58.3</ele>
      </trkpt>
      <trkpt lat="58.002195" lon="12.181102">
        <ele>59.1</ele>
      </trkpt>
      <trkpt lat="58.002255" lon="12.181163">
        <ele>59.7</ele>
      </trkpt>
      <trkpt lat="58.002316" lon="12.181111">
        <ele>60.6</ele>
      </trkpt>
      <trkpt lat="58.002398" lon="12.181065">
        <ele>61.5</ele>
      </trkpt>
      <trkpt lat="58.00244" lon="12.181051">
        <ele>62.0</ele>
      </trkpt>
      <trkpt lat="58.002482" lon="12.18113">
        <ele>62.2</ele>
      </trkpt>
      <trkpt lat="58.002544" lon="12.181219">
        <ele>62.6</ele>
      </trkpt>
      <trkpt lat="58.002584" lon="12.181247">
        <ele>62.9</ele>
      </trkpt>
      <trkpt lat="58.002663" lon="12.181228">
        <ele>63.6</ele>
      </trkpt>
      <trkpt lat="58.00275" lon="12.181228">
        <ele>64.3</ele>
      </trkpt>
      <trkpt lat="58.002841" lon="12.181177">
        <ele>65.1</ele>
      </trkpt>
      <trkpt lat="58.00292" lon="12.181251">
        <ele>65.5</ele>
      </trkpt>
      <trkpt lat="58.002997" lon="12.181378">
        <ele>65.8</ele>
      </trkpt>
      <trkpt lat="58.003034" lon="12.181452">
        <ele>65.9</ele>
      </trkpt>
      <trkpt lat="58.003111" lon="12.181485">
        <ele>66.3</ele>
      </trkpt>
      <trkpt lat="58.003178" lon="12.181546">
        <ele>66.6</ele>
      </trkpt>
      <trkpt lat="58.003257" lon="12.181653">
        <ele>66.7</ele>
      </trkpt>
      <trkpt lat="58.003301" lon="12.181718">
        <ele>66.7</ele>
      </trkpt>
      <trkpt lat="58.003363" lon="12.181732">
        <ele>66.9</ele>
      </trkpt>
      <trkpt lat="58.003418" lon="12.18177">
        <ele>67.0</ele>
      </trkpt>
      <trkpt lat="58.003487" lon="12.181835">
        <ele>67.0</ele>
      </trkpt>
      <trkpt lat="58.003544" lon="12.181882">
        <ele>67.0</ele>
      </trkpt>
      <trkpt lat="58.003616" lon="12.181896">
        <ele>67.2</ele>
      </trkpt>
      <trkpt lat="58.003643" lon="12.181961">
        <ele>67.0</ele>
      </trkpt>
      <trkpt lat="58.003682" lon="12.182031">
        <ele>66.8</ele>
      </trkpt>
      <trkpt lat="58.003722" lon="12.182069">
        <ele>66.8</ele>
      </trkpt>
      <trkpt lat="58.003779" lon="12.182111">
        <ele>66.7</ele>
      </trkpt>
      <trkpt lat="58.003809" lon="12.182167">
        <ele>66.5</ele>
      </trkpt>
      <trkpt lat="58.003826" lon="12.182279">
        <ele>66.1</ele>
      </trkpt>
      <trkpt lat="58.00388" lon="12.182307">
        <ele>66.0</ele>
      </trkpt>
      <trkpt lat="58.003957" lon="12.182307">
        <ele>66.0</ele>
      </trkpt>
      <trkpt lat="58.004036" lon="12.182312">
        <ele>65.9</ele>
      </trkpt>
      <trkpt lat="58.004081" lon="12.182357">
        <ele>65.6</ele>
        <name>58.004092,12.182319</name>
        <extensions>
          <oa:Extension>
            <oa:mapZoom>15</oa:mapZoom>
          </oa:Extension>
        </extensions>
      </trkpt>
      <trkpt lat="58.004096" lon="12.182372">
        <ele>65.6</ele>
      </trkpt>
      <trkpt lat="58.004145" lon="12.182428">
        <ele>65.3</ele>
      </trkpt>
      <trkpt lat="58.004172" lon="12.182526">
        <ele>64.9</ele>
      </trkpt>
      <trkpt lat="58.004219" lon="12.182545">
        <ele>64.7</ele>
      </trkpt>
      <trkpt lat="58.004266" lon="12.182489">
        <ele>64.7</ele>
      </trkpt>
      <trkpt lat="58.004303" lon="12.182489">
        <ele>64.5</ele>
      </trkpt>
      <trkpt lat="58.004363" lon="12.182587">
        <ele>64.0</ele>
      </trkpt>
      <trkpt lat="58.004417" lon="12.182699">
        <ele>63.4</ele>
      </trkpt>
      <trkpt lat="58.004504" lon="12.182816">
        <ele>62.7</ele>
      </trkpt>
      <trkpt lat="58.004558" lon="12.182872">
        <ele>62.3</ele>
      </trkpt>
      <trkpt lat="58.004642" lon="12.182872">
        <ele>61.8</ele>
      </trkpt>
      <trkpt lat="58.004739" lon="12.18283">
        <ele>61.3</ele>
      </trkpt>
      <trkpt lat="58.004791" lon="12.182867">
        <ele>61.0</ele>
      </trkpt>
      <trkpt lat="58.004862" lon="12.182961">
        <ele>60.6</ele>
      </trkpt>
      <trkpt lat="58.005096" lon="12.182897">
        <ele>59.9</ele>
      </trkpt>
      <trkpt lat="58.005198" lon="12.182848">
        <ele>59.6</ele>
      </trkpt>
      <trkpt lat="58.005422" lon="12.182741">
        <ele>59.0</ele>
      </trkpt>
      <trkpt lat="58.005665" lon="12.182741">
        <ele>58.5</ele>
      </trkpt>
      <trkpt lat="58.005805" lon="12.18285">
        <ele>58.6</ele>
      </trkpt>
      <trkpt lat="58.006205" lon="12.183062">
        <ele>57.6</ele>
      </trkpt>
      <trkpt lat="58.006535" lon="12.183278">
        <ele>55.8</ele>
      </trkpt>
      <trkpt lat="58.006741" lon="12.183546">
        <ele>54.5</ele>
      </trkpt>
      <trkpt lat="58.006949" lon="12.183805">
        <ele>53.3</ele>
      </trkpt>
      <trkpt lat="58.00711" lon="12.184064">
        <ele>52.7</ele>
      </trkpt>
      <trkpt lat="58.007284" lon="12.184358">
        <ele>52.8</ele>
      </trkpt>
      <trkpt lat="58.007398" lon="12.184527">
        <ele>53.2</ele>
      </trkpt>
      <trkpt lat="58.007495" lon="12.184666">
        <ele>53.6</ele>
      </trkpt>
      <trkpt lat="58.007553" lon="12.184806">
        <ele>53.9</ele>
      </trkpt>
      <trkpt lat="58.007653" lon="12.184846">
        <ele>53.9</ele>
      </trkpt>
      <trkpt lat="58.007769" lon="12.184885">
        <ele>53.8</ele>
      </trkpt>
      <trkpt lat="58.007851" lon="12.18497">
        <ele>53.8</ele>
      </trkpt>
      <trkpt lat="58.007914" lon="12.18503">
        <ele>53.7</ele>
      </trkpt>
      <trkpt lat="58.008017" lon="12.185074">
        <ele>53.6</ele>
      </trkpt>
      <trkpt lat="58.008141" lon="12.185144">
        <ele>53.4</ele>
      </trkpt>
      <trkpt lat="58.008236" lon="12.185169">
        <ele>53.2</ele>
      </trkpt>
      <trkpt lat="58.008297" lon="12.185234">
        <ele>53.0</ele>
      </trkpt>
      <trkpt lat="58.008389" lon="12.185388">
        <ele>52.7</ele>
      </trkpt>
      <trkpt lat="58.00851" lon="12.185468">
        <ele>52.3</ele>
      </trkpt>
      <trkpt lat="58.008603" lon="12.185502">
        <ele>52.1</ele>
      </trkpt>
      <trkpt lat="58.008687" lon="12.185468">
        <ele>51.9</ele>
      </trkpt>
      <trkpt lat="58.008756" lon="12.185562">
        <ele>51.6</ele>
      </trkpt>
      <trkpt lat="58.00884" lon="12.185692">
        <ele>51.4</ele>
      </trkpt>
      <trkpt lat="58.008948" lon="12.185841">
        <ele>51.3</ele>
      </trkpt>
      <trkpt lat="58.009059" lon="12.185995">
        <ele>51.5</ele>
      </trkpt>
      <trkpt lat="58.009122" lon="12.18609">
        <ele>51.7</ele>
      </trkpt>
      <trkpt lat="58.009167" lon="12.186229">
        <ele>52.1</ele>
      </trkpt>
      <trkpt lat="58.009233" lon="12.186359">
        <ele>52.5</ele>
      </trkpt>
      <trkpt lat="58.009404" lon="12.186492">
        <ele>52.6</ele>
      </trkpt>
      <trkpt lat="58.009432" lon="12.186437">
        <ele>52.4</ele>
      </trkpt>
      <trkpt lat="58.009527" lon="12.186378">
        <ele>52.0</ele>
      </trkpt>
      <trkpt lat="58.009604" lon="12.186276">
        <ele>51.6</ele>
      </trkpt>
      <trkpt lat="58.009679" lon="12.186105">
        <ele>51.1</ele>
      </trkpt>
      <trkpt lat="58.0097" lon="12.185851">
        <ele>50.6</ele>
      </trkpt>
      <trkpt lat="58.009747" lon="12.185667">
        <ele>50.3</ele>
      </trkpt>
      <trkpt lat="58.009921" lon="12.185403">
        <ele>49.9</ele>
      </trkpt>
      <trkpt lat="58.010069" lon="12.185189">
        <ele>49.1</ele>
      </trkpt>
      <trkpt lat="58.010132" lon="12.185094">
        <ele>48.5</ele>
      </trkpt>
      <trkpt lat="58.010182" lon="12.184995">
        <ele>48.0</ele>
      </trkpt>
      <trkpt lat="58.010182" lon="12.184905">
        <ele>47.7</ele>
      </trkpt>
      <trkpt lat="58.010127" lon="12.184721">
        <ele>47.4</ele>
      </trkpt>
      <trkpt lat="58.010114" lon="12.184567">
        <ele>46.9</ele>
      </trkpt>
      <trkpt lat="58.010132" lon="12.184467">
        <ele>46.3</ele>
      </trkpt>
      <trkpt lat="58.010174" lon="12.184363">
        <ele>45.6</ele>
      </trkpt>
      <trkpt lat="58.010245" lon="12.184228">
        <ele>44.6</ele>
      </trkpt>
      <trkpt lat="58.010314" lon="12.184044">
        <ele>43.5</ele>
      </trkpt>
      <trkpt lat="58.010435" lon="12.183815">
        <ele>41.9</ele>
      </trkpt>
      <trkpt lat="58.010493" lon="12.183646">
        <ele>41.0</ele>
      </trkpt>
      <trkpt lat="58.010781" lon="12.183093">
        <ele>37.6</ele>
      </trkpt>
      <trkpt lat="58.011068" lon="12.182541">
        <ele>35.4</ele>
      </trkpt>
      <trkpt lat="58.011311" lon="12.182078">
        <ele>34.5</ele>
      </trkpt>
      <trkpt lat="58.011525" lon="12.181784">
        <ele>34.1</ele>
      </trkpt>
      <trkpt lat="58.011763" lon="12.182401">
        <ele>34.9</ele>
      </trkpt>
      <trkpt lat="58.012001" lon="12.183017">
        <ele>36.3</ele>
      </trkpt>
      <trkpt lat="58.012105" lon="12.183131">
        <ele>36.5</ele>
      </trkpt>
      <trkpt lat="58.01217" lon="12.183313">
        <ele>37.0</ele>
      </trkpt>
      <trkpt lat="58.012259" lon="12.18355">
        <ele>37.9</ele>
      </trkpt>
      <trkpt lat="58.012329" lon="12.183751">
        <ele>39.0</ele>
      </trkpt>
      <trkpt lat="58.012455" lon="12.184006">
        <ele>40.9</ele>
      </trkpt>
      <trkpt lat="58.012556" lon="12.184197">
        <ele>42.5</ele>
      </trkpt>
      <trkpt lat="58.012672" lon="12.184461">
        <ele>44.9</ele>
      </trkpt>
      <trkpt lat="58.012739" lon="12.184602">
        <ele>46.2</ele>
      </trkpt>
      <trkpt lat="58.012814" lon="12.184725">
        <ele>47.5</ele>
      </trkpt>
      <trkpt lat="58.012918" lon="12.18488">
        <ele>49.1</ele>
      </trkpt>
      <trkpt lat="58.012957" lon="12.185035">
        <ele>49.9</ele>
      </trkpt>
      <trkpt lat="58.013005" lon="12.185172">
        <ele>50.7</ele>
      </trkpt>
      <trkpt lat="58.013039" lon="12.185363">
        <ele>51.3</ele>
      </trkpt>
      <trkpt lat="58.013084" lon="12.185472">
        <ele>51.9</ele>
      </trkpt>
      <trkpt lat="58.013154" lon="12.185573">
        <ele>52.8</ele>
      </trkpt>
      <trkpt lat="58.013193" lon="12.185636">
        <ele>53.2</ele>
      </trkpt>
      <trkpt lat="58.013246" lon="12.185664">
        <ele>53.8</ele>
      </trkpt>
      <trkpt lat="58.01329" lon="12.185586">
        <ele>54.1</ele>
      </trkpt>
      <trkpt lat="58.013287" lon="12.185441">
        <ele>53.8</ele>
      </trkpt>
      <trkpt lat="58.013244" lon="12.185322">
        <ele>53.1</ele>
      </trkpt>
      <trkpt lat="58.013253" lon="12.18519">
        <ele>52.9</ele>
      </trkpt>
      <trkpt lat="58.01328" lon="12.185062">
        <ele>52.8</ele>
      </trkpt>
      <trkpt lat="58.013304" lon="12.184908">
        <ele>52.4</ele>
      </trkpt>
      <trkpt lat="58.013335" lon="12.184744">
        <ele>51.9</ele>
      </trkpt>
      <trkpt lat="58.013328" lon="12.184593">
        <ele>51.1</ele>
      </trkpt>
      <trkpt lat="58.013372" lon="12.184443">
        <ele>50.7</ele>
      </trkpt>
      <trkpt lat="58.013408" lon="12.184343">
        <ele>50.6</ele>
      </trkpt>
      <trkpt lat="58.013487" lon="12.184179">
        <ele>50.6</ele>
      </trkpt>
      <trkpt lat="58.01354" lon="12.18401">
        <ele>50.3</ele>
      </trkpt>
      <trkpt lat="58.013548" lon="12.183946">
        <ele>50.1</ele>
      </trkpt>
      <trkpt lat="58.01354" lon="12.183833">
        <ele>49.4</ele>
      </trkpt>
      <trkpt lat="58.013553" lon="12.183751">
        <ele>49.0</ele>
      </trkpt>
      <trkpt lat="58.013594" lon="12.183742">
        <ele>49.5</ele>
      </trkpt>
      <trkpt lat="58.013635" lon="12.183623">
        <ele>49.4</ele>
      </trkpt>
      <trkpt lat="58.013678" lon="12.183527">
        <ele>49.6</ele>
      </trkpt>
      <trkpt lat="58.013765" lon="12.183454">
        <ele>50.5</ele>
      </trkpt>
      <trkpt lat="58.013837" lon="12.183404">
        <ele>51.3</ele>
      </trkpt>
      <trkpt lat="58.013878" lon="12.1833">
        <ele>51.8</ele>
      </trkpt>
      <trkpt lat="58.013902" lon="12.183149">
        <ele>52.3</ele>
      </trkpt>
      <trkpt lat="58.013972" lon="12.183076">
        <ele>53.4</ele>
      </trkpt>
      <trkpt lat="58.014038" lon="12.183031">
        <ele>54.5</ele>
      </trkpt>
      <trkpt lat="58.01412" lon="12.182894">
        <ele>56.1</ele>
      </trkpt>
      <trkpt lat="58.014204" lon="12.182794">
        <ele>57.7</ele>
      </trkpt>
      <trkpt lat="58.01431" lon="12.182717">
        <ele>59.4</ele>
      </trkpt>
      <trkpt lat="58.014395" lon="12.182712">
        <ele>60.6</ele>
      </trkpt>
      <trkpt lat="58.014457" lon="12.182635">
        <ele>61.6</ele>
      </trkpt>
      <trkpt lat="58.014486" lon="12.182539">
        <ele>62.1</ele>
      </trkpt>
      <trkpt lat="58.014501" lon="12.182393">
        <ele>62.4</ele>
      </trkpt>
      <trkpt lat="58.014525" lon="12.182275">
        <ele>62.8</ele>
      </trkpt>
      <trkpt lat="58.014568" lon="12.182134">
        <ele>63.4</ele>
      </trkpt>
      <trkpt lat="58.014614" lon="12.182043">
        <ele>63.8</ele>
      </trkpt>
      <trkpt lat="58.014592" lon="12.181947">
        <ele>63.7</ele>
      </trkpt>
      <trkpt lat="58.014585" lon="12.181838">
        <ele>63.6</ele>
      </trkpt>
      <trkpt lat="58.014629" lon="12.18171">
        <ele>63.9</ele>
      </trkpt>
      <trkpt lat="58.014646" lon="12.181623">
        <ele>64.0</ele>
      </trkpt>
      <trkpt lat="58.014667" lon="12.181482">
        <ele>63.9</ele>
      </trkpt>
      <trkpt lat="58.014668" lon="12.181478">
        <ele>63.9</ele>
        <name>58.014638,12.181452</name>
        <extensions>
          <oa:Extension>
            <oa:mapZoom>14</oa:mapZoom>
          </oa:Extension>
        </extensions>
      </trkpt>
      <trkpt lat="58.014694" lon="12.181373">
        <ele>63.7</ele>
      </trkpt>
      <trkpt lat="58.014766" lon="12.181259">
        <ele>63.4</ele>
      </trkpt>
      <trkpt lat="58.014822" lon="12.181191">
        <ele>63.2</ele>
      </trkpt>
      <trkpt lat="58.014853" lon="12.181091">
        <ele>62.7</ele>
      </trkpt>
      <trkpt lat="58.014863" lon="12.180977">
        <ele>62.1</ele>
      </trkpt>
      <trkpt lat="58.014921" lon="12.180886">
        <ele>61.5</ele>
      </trkpt>
      <trkpt lat="58.015022" lon="12.180749">
        <ele>60.5</ele>
      </trkpt>
      <trkpt lat="58.015126" lon="12.180676">
        <ele>59.9</ele>
      </trkpt>
      <trkpt lat="58.015234" lon="12.180676">
        <ele>59.8</ele>
      </trkpt>
      <trkpt lat="58.015331" lon="12.180667">
        <ele>59.7</ele>
      </trkpt>
      <trkpt lat="58.015444" lon="12.180539">
        <ele>58.5</ele>
      </trkpt>
      <trkpt lat="58.015526" lon="12.180539">
        <ele>58.3</ele>
      </trkpt>
      <trkpt lat="58.015601" lon="12.180549">
        <ele>58.1</ele>
      </trkpt>
      <trkpt lat="58.015649" lon="12.180466">
        <ele>57.1</ele>
      </trkpt>
      <trkpt lat="58.015719" lon="12.180439">
        <ele>56.4</ele>
      </trkpt>
      <trkpt lat="58.015792" lon="12.180371">
        <ele>55.2</ele>
      </trkpt>
      <trkpt lat="58.015866" lon="12.180307">
        <ele>53.8</ele>
      </trkpt>
      <trkpt lat="58.015934" lon="12.18028">
        <ele>52.7</ele>
      </trkpt>
      <trkpt lat="58.015987" lon="12.180325">
        <ele>52.6</ele>
      </trkpt>
      <trkpt lat="58.01605" lon="12.180334">
        <ele>51.8</ele>
      </trkpt>
      <trkpt lat="58.016093" lon="12.180266">
        <ele>50.4</ele>
      </trkpt>
      <trkpt lat="58.016185" lon="12.180161">
        <ele>47.8</ele>
      </trkpt>
      <trkpt lat="58.016305" lon="12.18007">
        <ele>44.9</ele>
      </trkpt>
      <trkpt lat="58.016356" lon="12.180061">
        <ele>44.0</ele>
      </trkpt>
      <trkpt lat="58.016445" lon="12.180102">
        <ele>43.0</ele>
      </trkpt>
      <trkpt lat="58.016532" lon="12.180143">
        <ele>42.2</ele>
      </trkpt>
      <trkpt lat="58.016619" lon="12.180266">
        <ele>42.4</ele>
      </trkpt>
      <trkpt lat="58.016706" lon="12.180407">
        <ele>43.0</ele>
      </trkpt>
      <trkpt lat="58.016821" lon="12.180492">
        <ele>42.7</ele>
      </trkpt>
      <trkpt lat="58.016915" lon="12.180669">
        <ele>44.0</ele>
      </trkpt>
      <trkpt lat="58.017153" lon="12.180905">
        <ele>44.1</ele>
      </trkpt>
      <trkpt lat="58.01746" lon="12.181077">
        <ele>43.0</ele>
      </trkpt>
      <trkpt lat="58.017722" lon="12.181206">
        <ele>42.1</ele>
      </trkpt>
      <trkpt lat="58.018006" lon="12.181313">
        <ele>41.0</ele>
      </trkpt>
      <trkpt lat="58.018119" lon="12.181313">
        <ele>40.2</ele>
      </trkpt>
      <trkpt lat="58.018301" lon="12.181356">
        <ele>39.7</ele>
      </trkpt>
      <trkpt lat="58.018528" lon="12.18127">
        <ele>38.4</ele>
      </trkpt>
      <trkpt lat="58.018688" lon="12.181163">
        <ele>37.5</ele>
      </trkpt>
      <trkpt lat="58.018858" lon="12.180905">
        <ele>36.2</ele>
      </trkpt>
      <trkpt lat="58.019002" lon="12.180693">
        <ele>35.4</ele>
      </trkpt>
      <trkpt lat="58.019017" lon="12.180669">
        <ele>35.4</ele>
      </trkpt>
      <trkpt lat="58.019192" lon="12.180422">
        <ele>34.9</ele>
      </trkpt>
      <trkpt lat="58.019335" lon="12.180219">
        <ele>35.2</ele>
      </trkpt>
      <trkpt lat="58.019608" lon="12.179832">
        <ele>37.5</ele>
      </trkpt>
      <trkpt lat="58.019801" lon="12.179553">
        <ele>40.8</ele>
      </trkpt>
      <trkpt lat="58.019972" lon="12.179532">
        <ele>43.0</ele>
      </trkpt>
      <trkpt lat="58.020097" lon="12.179639">
        <ele>43.8</ele>
      </trkpt>
      <trkpt lat="58.020324" lon="12.179811">
        <ele>45.7</ele>
      </trkpt>
      <trkpt lat="58.020551" lon="12.17994">
        <ele>47.7</ele>
      </trkpt>
      <trkpt lat="58.020599" lon="12.179929">
        <ele>48.1</ele>
      </trkpt>
      <trkpt lat="58.020733" lon="12.179897">
        <ele>48.8</ele>
      </trkpt>
      <trkpt lat="58.020972" lon="12.179768">
        <ele>49.0</ele>
      </trkpt>
      <trkpt lat="58.021222" lon="12.179618">
        <ele>47.1</ele>
      </trkpt>
      <trkpt lat="58.021506" lon="12.179403">
        <ele>43.4</ele>
      </trkpt>
      <trkpt lat="58.021711" lon="12.179167">
        <ele>40.6</ele>
      </trkpt>
      <trkpt lat="58.021881" lon="12.178974">
        <ele>38.7</ele>
      </trkpt>
      <trkpt lat="58.022017" lon="12.178996">
        <ele>37.6</ele>
      </trkpt>
      <trkpt lat="58.022176" lon="12.179296">
        <ele>37.0</ele>
      </trkpt>
      <trkpt lat="58.022347" lon="12.179661">
        <ele>37.1</ele>
      </trkpt>
      <trkpt lat="58.022563" lon="12.180004">
        <ele>36.5</ele>
      </trkpt>
      <trkpt lat="58.022881" lon="12.180347">
        <ele>34.7</ele>
      </trkpt>
      <trkpt lat="58.023063" lon="12.180648">
        <ele>34.3</ele>
      </trkpt>
      <trkpt lat="58.023245" lon="12.180948">
        <ele>34.2</ele>
      </trkpt>
      <trkpt lat="58.023529" lon="12.181206">
        <ele>33.1</ele>
      </trkpt>
      <trkpt lat="58.023813" lon="12.181313">
        <ele>31.0</ele>
      </trkpt>
      <trkpt lat="58.023926" lon="12.181424">
        <ele>30.5</ele>
      </trkpt>
      <trkpt lat="58.024097" lon="12.181592">
        <ele>30.0</ele>
      </trkpt>
      <trkpt lat="58.024336" lon="12.181764">
        <ele>29.4</ele>
      </trkpt>
      <trkpt lat="58.024767" lon="12.181978">
        <ele>27.7</ele>
      </trkpt>
      <trkpt lat="58.025063" lon="12.182236">
        <ele>27.4</ele>
      </trkpt>
      <trkpt lat="58.025245" lon="12.182643">
        <ele>28.7</ele>
      </trkpt>
      <trkpt lat="58.025472" lon="12.183051">
        <ele>28.8</ele>
      </trkpt>
      <trkpt lat="58.025618" lon="12.183213">
        <ele>27.9</ele>
      </trkpt>
      <trkpt lat="58.02583" lon="12.18345">
        <ele>26.5</ele>
      </trkpt>
      <trkpt lat="58.026036" lon="12.182734">
        <ele>22.6</ele>
      </trkpt>
      <trkpt lat="58.026212" lon="12.182122">
        <ele>20.3</ele>
      </trkpt>
      <trkpt lat="58.026359" lon="12.181593">
        <ele>20.6</ele>
      </trkpt>
      <trkpt lat="58.026506" lon="12.181063">
        <ele>21.0</ele>
      </trkpt>
      <trkpt lat="58.026652" lon="12.180534">
        <ele>21.4</ele>
      </trkpt>
      <trkpt lat="58.026777" lon="12.179951">
        <ele>21.9</ele>
      </trkpt>
      <trkpt lat="58.026902" lon="12.179369">
        <ele>23.6</ele>
      </trkpt>
      <trkpt lat="58.027027" lon="12.178786">
        <ele>25.5</ele>
      </trkpt>
      <trkpt lat="58.027116" lon="12.178346">
        <ele>27.1</ele>
      </trkpt>
      <trkpt lat="58.027205" lon="12.177906">
        <ele>28.2</ele>
      </trkpt>
      <trkpt lat="58.027332" lon="12.177279">
        <ele>28.5</ele>
      </trkpt>
      <trkpt lat="58.027356" lon="12.176913">
        <ele>28.9</ele>
      </trkpt>
      <trkpt lat="58.027338" lon="12.176441">
        <ele>30.9</ele>
      </trkpt>
      <trkpt lat="58.027319" lon="12.175969">
        <ele>32.9</ele>
      </trkpt>
      <trkpt lat="58.027315" lon="12.175773">
        <ele>33.8</ele>
      </trkpt>
      <trkpt lat="58.027372" lon="12.175472">
        <ele>34.3</ele>
      </trkpt>
      <trkpt lat="58.027433" lon="12.175266">
        <ele>34.1</ele>
      </trkpt>
      <trkpt lat="58.027561" lon="12.175156">
        <ele>32.8</ele>
      </trkpt>
      <trkpt lat="58.02788" lon="12.174999">
        <ele>29.9</ele>
      </trkpt>
      <trkpt lat="58.028046" lon="12.174843">
        <ele>28.7</ele>
      </trkpt>
      <trkpt lat="58.02813" lon="12.174693">
        <ele>28.2</ele>
      </trkpt>
      <trkpt lat="58.028249" lon="12.174276">
        <ele>27.6</ele>
      </trkpt>
      <trkpt lat="58.028357" lon="12.173529">
        <ele>27.6</ele>
      </trkpt>
      <trkpt lat="58.02844" lon="12.17296">
        <ele>27.2</ele>
      </trkpt>
      <trkpt lat="58.028514" lon="12.172586">
        <ele>26.6</ele>
      </trkpt>
      <trkpt lat="58.028682" lon="12.172196">
        <ele>25.4</ele>
      </trkpt>
      <trkpt lat="58.028915" lon="12.171675">
        <ele>23.9</ele>
      </trkpt>
      <trkpt lat="58.028996" lon="12.17142">
        <ele>23.0</ele>
      </trkpt>
      <trkpt lat="58.029032" lon="12.171207">
        <ele>22.4</ele>
      </trkpt>
      <trkpt lat="58.029035" lon="12.170946">
        <ele>21.9</ele>
      </trkpt>
      <trkpt lat="58.028997" lon="12.17046">
        <ele>21.7</ele>
      </trkpt>
      <trkpt lat="58.029008" lon="12.170119">
        <ele>21.7</ele>
      </trkpt>
      <trkpt lat="58.029058" lon="12.169793">
        <ele>21.8</ele>
      </trkpt>
      <trkpt lat="58.029136" lon="12.169483">
        <ele>22.3</ele>
      </trkpt>
      <trkpt lat="58.029237" lon="12.169204">
        <ele>22.8</ele>
      </trkpt>
      <trkpt lat="58.029305" lon="12.169058">
        <ele>23.0</ele>
      </trkpt>
      <trkpt lat="58.029358" lon="12.168987">
        <ele>23.1</ele>
      </trkpt>
      <trkpt lat="58.029392" lon="12.168665">
        <ele>23.5</ele>
      </trkpt>
      <trkpt lat="58.029517" lon="12.168108">
        <ele>25.4</ele>
      </trkpt>
      <trkpt lat="58.029636" lon="12.167571">
        <ele>28.1</ele>
      </trkpt>
      <trkpt lat="58.029744" lon="12.16696">
        <ele>30.8</ele>
      </trkpt>
      <trkpt lat="58.029807" lon="12.166552">
        <ele>31.4</ele>
      </trkpt>
      <trkpt lat="58.029818" lon="12.166434">
        <ele>31.2</ele>
      </trkpt>
      <trkpt lat="58.029801" lon="12.166219">
        <ele>31.0</ele>
      </trkpt>
      <trkpt lat="58.029812" lon="12.16579">
        <ele>30.2</ele>
      </trkpt>
      <trkpt lat="58.029863" lon="12.165284">
        <ele>30.0</ele>
        <name>58.029856,12.165281</name>
        <extensions>
          <oa:Extension>
            <oa:mapZoom>14</oa:mapZoom>
          </oa:Extension>
        </extensions>
      </trkpt>
      <trkpt lat="58.029869" lon="12.165222">
        <ele>30.0</ele>
      </trkpt>
      <trkpt lat="58.029915" lon="12.164706">
        <ele>29.4</ele>
      </trkpt>
      <trkpt lat="58.029949" lon="12.16431">
        <ele>28.5</ele>
      </trkpt>
      <trkpt lat="58.02999" lon="12.164142">
        <ele>28.0</ele>
      </trkpt>
      <trkpt lat="58.029985" lon="12.163777">
        <ele>27.3</ele>
      </trkpt>
      <trkpt lat="58.030041" lon="12.163423">
        <ele>26.6</ele>
      </trkpt>
      <trkpt lat="58.030104" lon="12.163004">
        <ele>27.5</ele>
      </trkpt>
      <trkpt lat="58.030299" lon="12.162498">
        <ele>28.3</ele>
      </trkpt>
      <trkpt lat="58.030493" lon="12.161991">
        <ele>27.7</ele>
      </trkpt>
      <trkpt lat="58.030659" lon="12.161494">
        <ele>26.7</ele>
      </trkpt>
      <trkpt lat="58.030926" lon="12.160841">
        <ele>23.7</ele>
      </trkpt>
      <trkpt lat="58.031136" lon="12.160638">
        <ele>20.9</ele>
      </trkpt>
      <trkpt lat="58.031221" lon="12.160306">
        <ele>20.5</ele>
      </trkpt>
      <trkpt lat="58.031289" lon="12.159802">
        <ele>19.6</ele>
      </trkpt>
      <trkpt lat="58.031451" lon="12.159804">
        <ele>18.6</ele>
      </trkpt>
      <trkpt lat="58.031586" lon="12.1598">
        <ele>18.1</ele>
      </trkpt>
      <trkpt lat="58.031678" lon="12.159804">
        <ele>18.0</ele>
      </trkpt>
      <trkpt lat="58.031681" lon="12.159587">
        <ele>17.8</ele>
      </trkpt>
      <trkpt lat="58.031653" lon="12.159179">
        <ele>17.0</ele>
      </trkpt>
      <trkpt lat="58.031624" lon="12.1589">
        <ele>16.6</ele>
      </trkpt>
      <trkpt lat="58.031545" lon="12.1586">
        <ele>15.9</ele>
      </trkpt>
      <trkpt lat="58.031414" lon="12.158246">
        <ele>15.0</ele>
      </trkpt>
      <trkpt lat="58.031345" lon="12.157908">
        <ele>14.1</ele>
      </trkpt>
      <trkpt lat="58.031309" lon="12.157719">
        <ele>13.7</ele>
      </trkpt>
      <trkpt lat="58.031291" lon="12.157559">
        <ele>13.3</ele>
      </trkpt>
      <trkpt lat="58.03126" lon="12.157365">
        <ele>12.9</ele>
      </trkpt>
      <trkpt lat="58.031213" lon="12.157167">
        <ele>12.4</ele>
      </trkpt>
      <trkpt lat="58.031154" lon="12.157055">
        <ele>12.1</ele>
      </trkpt>
      <trkpt lat="58.031076" lon="12.156979">
        <ele>11.9</ele>
      </trkpt>
      <trkpt lat="58.031003" lon="12.156874">
        <ele>11.6</ele>
      </trkpt>
      <trkpt lat="58.030958" lon="12.156694">
        <ele>11.2</ele>
      </trkpt>
      <trkpt lat="58.030913" lon="12.156439">
        <ele>10.6</ele>
      </trkpt>
      <trkpt lat="58.030855" lon="12.156136">
        <ele>9.8</ele>
      </trkpt>
      <trkpt lat="58.030802" lon="12.155804">
        <ele>8.8</ele>
      </trkpt>
      <trkpt lat="58.030754" lon="12.15556">
        <ele>8.1</ele>
      </trkpt>
      <trkpt lat="58.030752" lon="12.155433">
        <ele>7.7</ele>
      </trkpt>
      <trkpt lat="58.030883" lon="12.155454">
        <ele>8.2</ele>
      </trkpt>
      <trkpt lat="58.030886" lon="12.154975">
        <ele>7.1</ele>
      </trkpt>
      <trkpt lat="58.030892" lon="12.154546">
        <ele>6.6</ele>
      </trkpt>
      <trkpt lat="58.030869" lon="12.154289">
        <ele>6.2</ele>
      </trkpt>
      <trkpt lat="58.030858" lon="12.153913">
        <ele>5.7</ele>
      </trkpt>
      <trkpt lat="58.030869" lon="12.153634">
        <ele>5.4</ele>
      </trkpt>
      <trkpt lat="58.030914" lon="12.15313">
        <ele>5.1</ele>
      </trkpt>
      <trkpt lat="58.030983" lon="12.152658">
        <ele>5.3</ele>
      </trkpt>
      <trkpt lat="58.031005" lon="12.152508">
        <ele>5.4</ele>
      </trkpt>
      <trkpt lat="58.031318" lon="12.152706">
        <ele>6.7</ele>
      </trkpt>
      <trkpt lat="58.03163" lon="12.152905">
        <ele>7.8</ele>
      </trkpt>
      <trkpt lat="58.031766" lon="12.15298">
        <ele>8.2</ele>
      </trkpt>
      <trkpt lat="58.032164" lon="12.153248">
        <ele>9.0</ele>
      </trkpt>
      <trkpt lat="58.032454" lon="12.15342">
        <ele>9.0</ele>
      </trkpt>
      <trkpt lat="58.032556" lon="12.153506">
        <ele>8.9</ele>
      </trkpt>
      <trkpt lat="58.032746" lon="12.152991">
        <ele>8.4</ele>
      </trkpt>
      <trkpt lat="58.032937" lon="12.152476">
        <ele>8.1</ele>
      </trkpt>
      <trkpt lat="58.033118" lon="12.152057">
        <ele>7.7</ele>
      </trkpt>
      <trkpt lat="58.03326" lon="12.152229">
        <ele>7.3</ele>
      </trkpt>
      <trkpt lat="58.033442" lon="12.152454">
        <ele>6.9</ele>
      </trkpt>
      <trkpt lat="58.033637" lon="12.152691">
        <ele>6.4</ele>
      </trkpt>
      <trkpt lat="58.033708" lon="12.152788">
        <ele>6.2</ele>
      </trkpt>
      <trkpt lat="58.033646" lon="12.152977">
        <ele>5.9</ele>
      </trkpt>
      <trkpt lat="58.033766" lon="12.153109">
        <ele>5.5</ele>
      </trkpt>
      <trkpt lat="58.033982" lon="12.153152">
        <ele>5.3</ele>
      </trkpt>
      <trkpt lat="58.03431" lon="12.15318">
        <ele>4.9</ele>
      </trkpt>
      <trkpt lat="58.034638" lon="12.153208">
        <ele>4.3</ele>
      </trkpt>
      <trkpt lat="58.034749" lon="12.153236">
        <ele>4.2</ele>
      </trkpt>
      <trkpt lat="58.034796" lon="12.153254">
        <ele>4.1</ele>
      </trkpt>
      <trkpt lat="58.034743" lon="12.153671">
        <ele>4.3</ele>
      </trkpt>
      <trkpt lat="58.034674" lon="12.154196">
        <ele>4.6</ele>
      </trkpt>
      <trkpt lat="58.034665" lon="12.154288">
        <ele>4.7</ele>
      </trkpt>
      <trkpt lat="58.03459" lon="12.154918">
        <ele>5.7</ele>
      </trkpt>
      <trkpt lat="58.034536" lon="12.155338">
        <ele>6.1</ele>
      </trkpt>
      <trkpt lat="58.034482" lon="12.155759">
        <ele>6.2</ele>
      </trkpt>
      <trkpt lat="58.034422" lon="12.156243">
        <ele>6.8</ele>
      </trkpt>
      <trkpt lat="58.034363" lon="12.156727">
        <ele>7.5</ele>
      </trkpt>
      <trkpt lat="58.034275" lon="12.157445">
        <ele>8.8</ele>
      </trkpt>
      <trkpt lat="58.034562" lon="12.157687">
        <ele>8.8</ele>
      </trkpt>
      <trkpt lat="58.034849" lon="12.157928">
        <ele>10.3</ele>
      </trkpt>
      <trkpt lat="58.034677" lon="12.158633">
        <ele>13.1</ele>
      </trkpt>
      <trkpt lat="58.034504" lon="12.159337">
        <ele>16.8</ele>
      </trkpt>
      <trkpt lat="58.034332" lon="12.160042">
        <ele>19.2</ele>
      </trkpt>
      <trkpt lat="58.034338" lon="12.160149">
        <ele>19.9</ele>
      </trkpt>
      <trkpt lat="58.034275" lon="12.160861">
        <ele>23.6</ele>
      </trkpt>
      <trkpt lat="58.034213" lon="12.161572">
        <ele>28.2</ele>
      </trkpt>
      <trkpt lat="58.03415" lon="12.162284">
        <ele>28.6</ele>
      </trkpt>
      <trkpt lat="58.034172" lon="12.162464">
        <ele>29.0</ele>
      </trkpt>
      <trkpt lat="58.034191" lon="12.162669">
        <ele>29.5</ele>
      </trkpt>
      <trkpt lat="58.034198" lon="12.162895">
        <ele>29.9</ele>
      </trkpt>
      <trkpt lat="58.034193" lon="12.163074">
        <ele>30.1</ele>
      </trkpt>
      <trkpt lat="58.034167" lon="12.163292">
        <ele>30.0</ele>
      </trkpt>
      <trkpt lat="58.034133" lon="12.163518">
        <ele>29.7</ele>
      </trkpt>
      <trkpt lat="58.034059" lon="12.16385">
        <ele>29.1</ele>
      </trkpt>
      <trkpt lat="58.0339" lon="12.164333">
        <ele>27.8</ele>
      </trkpt>
      <trkpt lat="58.034054" lon="12.16458">
        <ele>28.8</ele>
      </trkpt>
      <trkpt lat="58.034235" lon="12.16487">
        <ele>29.6</ele>
      </trkpt>
      <trkpt lat="58.034531" lon="12.165299">
        <ele>30.9</ele>
      </trkpt>
      <trkpt lat="58.034781" lon="12.165567">
        <ele>32.1</ele>
      </trkpt>
      <trkpt lat="58.035059" lon="12.165768">
        <ele>33.6</ele>
      </trkpt>
      <trkpt lat="58.035207" lon="12.165738">
        <ele>34.7</ele>
      </trkpt>
      <trkpt lat="58.03536" lon="12.165578">
        <ele>36.3</ele>
      </trkpt>
      <trkpt lat="58.035502" lon="12.165374">
        <ele>37.6</ele>
      </trkpt>
      <trkpt lat="58.035644" lon="12.165299">
        <ele>38.7</ele>
      </trkpt>
      <trkpt lat="58.0359" lon="12.165342">
        <ele>40.0</ele>
      </trkpt>
      <trkpt lat="58.036059" lon="12.165395">
        <ele>40.4</ele>
      </trkpt>
      <trkpt lat="58.036257" lon="12.165417">
        <ele>40.7</ele>
      </trkpt>
      <trkpt lat="58.036468" lon="12.165363">
        <ele>41.3</ele>
      </trkpt>
      <trkpt lat="58.036582" lon="12.165291">
        <ele>42.0</ele>
      </trkpt>
      <trkpt lat="58.036627" lon="12.164765">
        <ele>45.6</ele>
      </trkpt>
      <trkpt lat="58.036691" lon="12.16451">
        <ele>48.0</ele>
      </trkpt>
      <trkpt lat="58.036802" lon="12.16434">
        <ele>49.9</ele>
      </trkpt>
      <trkpt lat="58.037056" lon="12.164143">
        <ele>51.8</ele>
      </trkpt>
      <trkpt lat="58.037146" lon="12.164102">
        <ele>52.3</ele>
      </trkpt>
      <trkpt lat="58.037558" lon="12.164003">
        <ele>53.8</ele>
      </trkpt>
      <trkpt lat="58.037706" lon="12.163936">
        <ele>54.6</ele>
      </trkpt>
      <trkpt lat="58.037864" lon="12.163806">
        <ele>55.4</ele>
      </trkpt>
      <trkpt lat="58.038205" lon="12.163502">
        <ele>57.2</ele>
      </trkpt>
      <trkpt lat="58.038366" lon="12.16343">
        <ele>58.2</ele>
      </trkpt>
      <trkpt lat="58.038472" lon="12.163298">
        <ele>59.0</ele>
      </trkpt>
      <trkpt lat="58.038572" lon="12.163141">
        <ele>60.0</ele>
      </trkpt>
      <trkpt lat="58.038754" lon="12.163005">
        <ele>61.9</ele>
      </trkpt>
      <trkpt lat="58.038817" lon="12.162998">
        <ele>62.5</ele>
      </trkpt>
      <trkpt lat="58.038911" lon="12.162946">
        <ele>63.5</ele>
      </trkpt>
      <trkpt lat="58.039046" lon="12.16286">
        <ele>64.6</ele>
      </trkpt>
      <trkpt lat="58.039153" lon="12.162769">
        <ele>65.3</ele>
      </trkpt>
      <trkpt lat="58.039284" lon="12.162579">
        <ele>65.7</ele>
      </trkpt>
      <trkpt lat="58.039364" lon="12.162428">
        <ele>65.9</ele>
      </trkpt>
      <trkpt lat="58.039416" lon="12.162212">
        <ele>65.7</ele>
      </trkpt>
      <trkpt lat="58.039474" lon="12.162013">
        <ele>65.6</ele>
      </trkpt>
      <trkpt lat="58.039549" lon="12.16187">
        <ele>65.6</ele>
      </trkpt>
      <trkpt lat="58.039638" lon="12.161689">
        <ele>65.4</ele>
      </trkpt>
      <trkpt lat="58.039766" lon="12.16152">
        <ele>65.3</ele>
      </trkpt>
      <trkpt lat="58.039874" lon="12.161365">
        <ele>64.9</ele>
      </trkpt>
      <trkpt lat="58.03991" lon="12.161235">
        <ele>64.5</ele>
      </trkpt>
      <trkpt lat="58.039995" lon="12.161105">
        <ele>64.0</ele>
      </trkpt>
      <trkpt lat="58.04005" lon="12.160976">
        <ele>63.5</ele>
      </trkpt>
      <trkpt lat="58.040068" lon="12.160876">
        <ele>63.1</ele>
      </trkpt>
      <trkpt lat="58.040052" lon="12.160768">
        <ele>62.7</ele>
      </trkpt>
      <trkpt lat="58.040087" lon="12.160678">
        <ele>62.3</ele>
      </trkpt>
      <trkpt lat="58.040144" lon="12.160552">
        <ele>61.6</ele>
      </trkpt>
      <trkpt lat="58.040201" lon="12.160418">
        <ele>60.8</ele>
      </trkpt>
      <trkpt lat="58.040249" lon="12.16028">
        <ele>60.0</ele>
      </trkpt>
      <trkpt lat="58.040329" lon="12.160189">
        <ele>59.2</ele>
      </trkpt>
      <trkpt lat="58.040421" lon="12.16009">
        <ele>58.3</ele>
      </trkpt>
      <trkpt lat="58.040482" lon="12.159965">
        <ele>57.5</ele>
      </trkpt>
      <trkpt lat="58.040556" lon="12.159848">
        <ele>56.7</ele>
      </trkpt>
      <trkpt lat="58.040617" lon="12.159632">
        <ele>55.7</ele>
      </trkpt>
      <trkpt lat="58.04067" lon="12.15942">
        <ele>55.0</ele>
      </trkpt>
      <trkpt lat="58.040713" lon="12.159278">
        <ele>54.6</ele>
      </trkpt>
      <trkpt lat="58.040757" lon="12.159131">
        <ele>54.2</ele>
      </trkpt>
      <trkpt lat="58.040798" lon="12.159001">
        <ele>53.8</ele>
      </trkpt>
      <trkpt lat="58.040848" lon="12.158928">
        <ele>53.5</ele>
      </trkpt>
      <trkpt lat="58.040942" lon="12.158971">
        <ele>53.2</ele>
      </trkpt>
      <trkpt lat="58.041015" lon="12.158785">
        <ele>52.4</ele>
      </trkpt>
      <trkpt lat="58.041072" lon="12.158686">
        <ele>51.8</ele>
      </trkpt>
      <trkpt lat="58.041242" lon="12.158517">
        <ele>50.4</ele>
      </trkpt>
      <trkpt lat="58.041363" lon="12.158422">
        <ele>49.3</ele>
      </trkpt>
      <trkpt lat="58.041502" lon="12.158323">
        <ele>48.2</ele>
      </trkpt>
      <trkpt lat="58.041635" lon="12.158266">
        <ele>47.2</ele>
      </trkpt>
      <trkpt lat="58.041706" lon="12.158184">
        <ele>46.9</ele>
      </trkpt>
      <trkpt lat="58.041752" lon="12.158042">
        <ele>47.1</ele>
      </trkpt>
      <trkpt lat="58.041813" lon="12.157916">
        <ele>47.2</ele>
      </trkpt>
      <trkpt lat="58.041891" lon="12.1578">
        <ele>47.2</ele>
      </trkpt>
      <trkpt lat="58.041928" lon="12.157692">
        <ele>47.4</ele>
      </trkpt>
      <trkpt lat="58.042003" lon="12.15764">
        <ele>47.1</ele>
      </trkpt>
      <trkpt lat="58.042083" lon="12.157549">
        <ele>46.8</ele>
      </trkpt>
      <trkpt lat="58.042173" lon="12.15751">
        <ele>46.3</ele>
      </trkpt>
      <trkpt lat="58.042243" lon="12.157445">
        <ele>45.9</ele>
      </trkpt>
      <trkpt lat="58.042321" lon="12.157372">
        <ele>45.4</ele>
      </trkpt>
      <trkpt lat="58.042383" lon="12.157281">
        <ele>45.0</ele>
      </trkpt>
      <trkpt lat="58.042463" lon="12.157225">
        <ele>44.4</ele>
      </trkpt>
      <trkpt lat="58.042557" lon="12.157108">
        <ele>43.7</ele>
      </trkpt>
      <trkpt lat="58.042589" lon="12.156992">
        <ele>43.4</ele>
      </trkpt>
      <trkpt lat="58.042619" lon="12.15684">
        <ele>43.1</ele>
      </trkpt>
      <trkpt lat="58.042701" lon="12.156685">
        <ele>42.3</ele>
      </trkpt>
      <trkpt lat="58.042767" lon="12.15656">
        <ele>41.6</ele>
      </trkpt>
      <trkpt lat="58.042831" lon="12.15643">
        <ele>40.7</ele>
      </trkpt>
      <trkpt lat="58.042875" lon="12.1563">
        <ele>39.9</ele>
      </trkpt>
      <trkpt lat="58.0429" lon="12.156158">
        <ele>39.1</ele>
      </trkpt>
      <trkpt lat="58.042859" lon="12.155981">
        <ele>38.9</ele>
      </trkpt>
      <trkpt lat="58.042786" lon="12.155803">
        <ele>39.4</ele>
      </trkpt>
      <trkpt lat="58.042786" lon="12.155669">
        <ele>39.2</ele>
      </trkpt>
      <trkpt lat="58.042813" lon="12.15551">
        <ele>38.7</ele>
      </trkpt>
      <trkpt lat="58.042819" lon="12.155361">
        <ele>38.5</ele>
      </trkpt>
      <trkpt lat="58.04291" lon="12.155372">
        <ele>37.0</ele>
      </trkpt>
      <trkpt lat="58.043006" lon="12.155357">
        <ele>35.4</ele>
      </trkpt>
      <trkpt lat="58.043136" lon="12.155285">
        <ele>33.4</ele>
      </trkpt>
      <trkpt lat="58.043215" lon="12.155119">
        <ele>31.7</ele>
      </trkpt>
      <trkpt lat="58.043273" lon="12.154808">
        <ele>29.3</ele>
      </trkpt>
      <trkpt lat="58.043341" lon="12.154436">
        <ele>25.9</ele>
      </trkpt>
      <trkpt lat="58.043476" lon="12.154163">
        <ele>22.7</ele>
      </trkpt>
      <trkpt lat="58.043612" lon="12.154008">
        <ele>20.3</ele>
      </trkpt>
      <trkpt lat="58.043839" lon="12.153837">
        <ele>17.1</ele>
      </trkpt>
      <trkpt lat="58.044009" lon="12.153644">
        <ele>13.9</ele>
      </trkpt>
      <trkpt lat="58.044301" lon="12.153136">
        <ele>8.5</ele>
      </trkpt>
      <trkpt lat="58.044594" lon="12.152629">
        <ele>7.6</ele>
      </trkpt>
      <trkpt lat="58.044886" lon="12.152121">
        <ele>5.4</ele>
      </trkpt>
      <trkpt lat="58.044976" lon="12.151923">
        <ele>4.2</ele>
      </trkpt>
      <trkpt lat="58.045037" lon="12.151713">
        <ele>3.2</ele>
      </trkpt>
      <trkpt lat="58.04507" lon="12.150935">
        <ele>2.0</ele>
      </trkpt>
      <trkpt lat="58.045075" lon="12.150844">
        <ele>2.0</ele>
      </trkpt>
      <trkpt lat="58.045263" lon="12.150825">
        <ele>1.9</ele>
      </trkpt>
      <trkpt lat="58.045518" lon="12.150793">
        <ele>1.9</ele>
      </trkpt>
      <trkpt lat="58.045772" lon="12.150761">
        <ele>1.9</ele>
      </trkpt>
      <trkpt lat="58.046208" lon="12.150678">
        <ele>1.8</ele>
      </trkpt>
      <trkpt lat="58.046591" lon="12.150576">
        <ele>1.7</ele>
      </trkpt>
      <trkpt lat="58.04695" lon="12.150484">
        <ele>1.5</ele>
      </trkpt>
      <trkpt lat="58.047309" lon="12.150393">
        <ele>1.3</ele>
      </trkpt>
      <trkpt lat="58.047667" lon="12.150301">
        <ele>1.5</ele>
      </trkpt>
      <trkpt lat="58.048085" lon="12.150187">
        <ele>1.9</ele>
      </trkpt>
      <trkpt lat="58.048503" lon="12.150073">
        <ele>2.1</ele>
      </trkpt>
      <trkpt lat="58.04866" lon="12.150035">
        <ele>2.1</ele>
      </trkpt>
      <trkpt lat="58.048672" lon="12.150117">
        <ele>2.2</ele>
      </trkpt>
      <trkpt lat="58.048761" lon="12.150778">
        <ele>3.0</ele>
      </trkpt>
      <trkpt lat="58.048795" lon="12.15103">
        <ele>3.5</ele>
        <name>58.048860,12.150999</name>
        <extensions>
          <oa:Extension>
            <oa:mapZoom>14</oa:mapZoom>
          </oa:Extension>
        </extensions>
      </trkpt>
      <trkpt lat="58.048851" lon="12.15144">
        <ele>4.4</ele>
      </trkpt>
      <trkpt lat="58.04894" lon="12.152101">
        <ele>6.7</ele>
      </trkpt>
      <trkpt lat="58.049262" lon="12.152111">
        <ele>6.4</ele>
      </trkpt>
      <trkpt lat="58.049584" lon="12.152122">
        <ele>5.9</ele>
      </trkpt>
      <trkpt lat="58.049862" lon="12.152131">
        <ele>5.6</ele>
      </trkpt>
      <trkpt lat="58.050141" lon="12.15214">
        <ele>5.5</ele>
      </trkpt>
      <trkpt lat="58.050499" lon="12.152078">
        <ele>5.3</ele>
      </trkpt>
      <trkpt lat="58.050857" lon="12.152017">
        <ele>5.1</ele>
      </trkpt>
      <trkpt lat="58.051214" lon="12.151955">
        <ele>4.8</ele>
      </trkpt>
      <trkpt lat="58.05134" lon="12.151934">
        <ele>4.7</ele>
      </trkpt>
      <trkpt lat="58.051566" lon="12.151829">
        <ele>4.3</ele>
      </trkpt>
      <trkpt lat="58.051763" lon="12.151709">
        <ele>4.1</ele>
      </trkpt>
      <trkpt lat="58.051934" lon="12.151572">
        <ele>3.9</ele>
      </trkpt>
      <trkpt lat="58.052213" lon="12.151215">
        <ele>3.5</ele>
      </trkpt>
      <trkpt lat="58.052493" lon="12.150858">
        <ele>3.0</ele>
      </trkpt>
      <trkpt lat="58.052625" lon="12.150741">
        <ele>2.9</ele>
      </trkpt>
      <trkpt lat="58.052668" lon="12.151448">
        <ele>3.7</ele>
      </trkpt>
      <trkpt lat="58.05271" lon="12.152155">
        <ele>4.5</ele>
      </trkpt>
      <trkpt lat="58.052753" lon="12.152863">
        <ele>6.1</ele>
      </trkpt>
      <trkpt lat="58.052796" lon="12.15357">
        <ele>7.7</ele>
      </trkpt>
      <trkpt lat="58.052839" lon="12.154277">
        <ele>8.5</ele>
      </trkpt>
      <trkpt lat="58.052853" lon="12.154466">
        <ele>8.6</ele>
      </trkpt>
      <trkpt lat="58.052959" lon="12.154554">
        <ele>9.0</ele>
      </trkpt>
      <trkpt lat="58.053263" lon="12.154672">
        <ele>10.2</ele>
      </trkpt>
      <trkpt lat="58.053566" lon="12.154791">
        <ele>11.3</ele>
      </trkpt>
      <trkpt lat="58.05387" lon="12.154909">
        <ele>12.5</ele>
      </trkpt>
      <trkpt lat="58.053944" lon="12.155013">
        <ele>13.0</ele>
      </trkpt>
      <trkpt lat="58.053981" lon="12.155239">
        <ele>14.0</ele>
      </trkpt>
      <trkpt lat="58.054042" lon="12.155318">
        <ele>14.7</ele>
      </trkpt>
      <trkpt lat="58.054098" lon="12.155334">
        <ele>15.1</ele>
      </trkpt>
      <trkpt lat="58.054425" lon="12.15532">
        <ele>16.8</ele>
      </trkpt>
      <trkpt lat="58.054867" lon="12.155231">
        <ele>19.1</ele>
      </trkpt>
      <trkpt lat="58.055099" lon="12.155181">
        <ele>19.5</ele>
      </trkpt>
      <trkpt lat="58.055208" lon="12.155097">
        <ele>19.3</ele>
      </trkpt>
      <trkpt lat="58.055358" lon="12.155013">
        <ele>19.0</ele>
      </trkpt>
      <trkpt lat="58.055456" lon="12.15493">
        <ele>18.9</ele>
      </trkpt>
      <trkpt lat="58.055571" lon="12.154827">
        <ele>18.9</ele>
      </trkpt>
      <trkpt lat="58.055717" lon="12.154663">
        <ele>19.3</ele>
      </trkpt>
      <trkpt lat="58.055801" lon="12.154533">
        <ele>19.6</ele>
      </trkpt>
      <trkpt lat="58.055884" lon="12.154429">
        <ele>19.8</ele>
      </trkpt>
      <trkpt lat="58.055977" lon="12.15433">
        <ele>19.6</ele>
      </trkpt>
      <trkpt lat="58.056021" lon="12.154287">
        <ele>19.4</ele>
      </trkpt>
      <trkpt lat="58.056039" lon="12.154179">
        <ele>19.6</ele>
      </trkpt>
      <trkpt lat="58.056108" lon="12.154105">
        <ele>19.0</ele>
      </trkpt>
      <trkpt lat="58.05617" lon="12.154045">
        <ele>18.4</ele>
      </trkpt>
      <trkpt lat="58.05622" lon="12.153971">
        <ele>17.9</ele>
      </trkpt>
      <trkpt lat="58.05627" lon="12.153846">
        <ele>17.4</ele>
      </trkpt>
      <trkpt lat="58.056327" lon="12.153837">
        <ele>16.6</ele>
      </trkpt>
      <trkpt lat="58.056366" lon="12.153911">
        <ele>16.1</ele>
      </trkpt>
      <trkpt lat="58.056462" lon="12.154161">
        <ele>15.1</ele>
      </trkpt>
      <trkpt lat="58.056522" lon="12.154295">
        <ele>14.8</ele>
      </trkpt>
      <trkpt lat="58.056567" lon="12.154485">
        <ele>14.8</ele>
      </trkpt>
      <trkpt lat="58.056586" lon="12.154615">
        <ele>14.9</ele>
      </trkpt>
      <trkpt lat="58.056586" lon="12.154805">
        <ele>15.3</ele>
      </trkpt>
      <trkpt lat="58.056588" lon="12.154892">
        <ele>15.5</ele>
      </trkpt>
      <trkpt lat="58.05659" lon="12.155069">
        <ele>16.0</ele>
      </trkpt>
      <trkpt lat="58.056629" lon="12.155151">
        <ele>16.4</ele>
      </trkpt>
      <trkpt lat="58.05667" lon="12.155254">
        <ele>17.1</ele>
      </trkpt>
      <trkpt lat="58.056736" lon="12.155118">
        <ele>16.8</ele>
      </trkpt>
      <trkpt lat="58.056832" lon="12.154958">
        <ele>16.8</ele>
      </trkpt>
      <trkpt lat="58.056961" lon="12.154819">
        <ele>17.3</ele>
      </trkpt>
      <trkpt lat="58.057091" lon="12.154789">
        <ele>18.4</ele>
      </trkpt>
      <trkpt lat="58.057169" lon="12.154798">
        <ele>19.3</ele>
      </trkpt>
      <trkpt lat="58.057185" lon="12.154777">
        <ele>19.4</ele>
      </trkpt>
      <trkpt lat="58.057199" lon="12.154817">
        <ele>19.8</ele>
      </trkpt>
      <trkpt lat="58.057259" lon="12.15486">
        <ele>20.8</ele>
      </trkpt>
      <trkpt lat="58.05748" lon="12.154905">
        <ele>24.0</ele>
      </trkpt>
      <trkpt lat="58.057552" lon="12.155001">
        <ele>25.7</ele>
      </trkpt>
      <trkpt lat="58.057472" lon="12.155761">
        <ele>29.2</ele>
      </trkpt>
      <trkpt lat="58.057393" lon="12.156521">
        <ele>32.7</ele>
      </trkpt>
      <trkpt lat="58.057479" lon="12.156703">
        <ele>34.9</ele>
      </trkpt>
      <trkpt lat="58.057574" lon="12.156797">
        <ele>36.7</ele>
      </trkpt>
      <trkpt lat="58.057669" lon="12.156938">
        <ele>38.6</ele>
      </trkpt>
      <trkpt lat="58.057703" lon="12.157041">
        <ele>39.6</ele>
      </trkpt>
      <trkpt lat="58.057698" lon="12.15721">
        <ele>40.3</ele>
      </trkpt>
      <trkpt lat="58.057678" lon="12.157342">
        <ele>40.7</ele>
      </trkpt>
      <trkpt lat="58.057798" lon="12.157558">
        <ele>42.9</ele>
      </trkpt>
      <trkpt lat="58.057932" lon="12.157643">
        <ele>44.5</ele>
      </trkpt>
      <trkpt lat="58.058091" lon="12.157737">
        <ele>46.0</ele>
      </trkpt>
      <trkpt lat="58.058186" lon="12.157906">
        <ele>47.0</ele>
      </trkpt>
      <trkpt lat="58.058335" lon="12.157972">
        <ele>47.6</ele>
      </trkpt>
      <trkpt lat="58.058445" lon="12.157991">
        <ele>47.8</ele>
      </trkpt>
      <trkpt lat="58.058514" lon="12.158217">
        <ele>47.9</ele>
      </trkpt>
      <trkpt lat="58.058689" lon="12.158339">
        <ele>47.5</ele>
      </trkpt>
      <trkpt lat="58.058858" lon="12.15848">
        <ele>47.0</ele>
      </trkpt>
      <trkpt lat="58.059027" lon="12.158621">
        <ele>46.6</ele>
      </trkpt>
      <trkpt lat="58.059201" lon="12.158678">
        <ele>46.6</ele>
      </trkpt>
      <trkpt lat="58.05938" lon="12.158922">
        <ele>46.7</ele>
      </trkpt>
      <trkpt lat="58.059465" lon="12.159063">
        <ele>46.7</ele>
      </trkpt>
      <trkpt lat="58.059599" lon="12.159035">
        <ele>47.2</ele>
      </trkpt>
      <trkpt lat="58.059788" lon="12.159054">
        <ele>47.9</ele>
      </trkpt>
      <trkpt lat="58.059942" lon="12.159082">
        <ele>48.2</ele>
      </trkpt>
      <trkpt lat="58.060012" lon="12.159261">
        <ele>47.6</ele>
      </trkpt>
      <trkpt lat="58.060176" lon="12.15927">
        <ele>47.9</ele>
      </trkpt>
      <trkpt lat="58.06042" lon="12.159345">
        <ele>47.9</ele>
      </trkpt>
      <trkpt lat="58.060609" lon="12.159242">
        <ele>48.6</ele>
      </trkpt>
      <trkpt lat="58.060753" lon="12.159242">
        <ele>48.6</ele>
      </trkpt>
      <trkpt lat="58.060997" lon="12.159298">
        <ele>48.0</ele>
      </trkpt>
      <trkpt lat="58.061122" lon="12.159261">
        <ele>47.7</ele>
      </trkpt>
      <trkpt lat="58.06131" lon="12.159327">
        <ele>46.7</ele>
      </trkpt>
      <trkpt lat="58.061271" lon="12.159731">
        <ele>44.6</ele>
      </trkpt>
      <trkpt lat="58.061206" lon="12.160051">
        <ele>42.6</ele>
      </trkpt>
      <trkpt lat="58.061335" lon="12.160248">
        <ele>40.6</ele>
      </trkpt>
      <trkpt lat="58.061525" lon="12.160418">
        <ele>38.8</ele>
      </trkpt>
      <trkpt lat="58.061808" lon="12.160502">
        <ele>38.1</ele>
      </trkpt>
      <trkpt lat="58.062107" lon="12.16054">
        <ele>38.6</ele>
      </trkpt>
      <trkpt lat="58.06239" lon="12.160474">
        <ele>39.7</ele>
      </trkpt>
      <trkpt lat="58.062604" lon="12.160559">
        <ele>38.2</ele>
      </trkpt>
      <trkpt lat="58.062952" lon="12.160606">
        <ele>35.2</ele>
      </trkpt>
      <trkpt lat="58.063152" lon="12.160436">
        <ele>34.5</ele>
      </trkpt>
      <trkpt lat="58.063375" lon="12.160154">
        <ele>34.3</ele>
      </trkpt>
      <trkpt lat="58.063674" lon="12.159769">
        <ele>35.0</ele>
      </trkpt>
      <trkpt lat="58.063878" lon="12.159524">
        <ele>36.7</ele>
      </trkpt>
      <trkpt lat="58.064028" lon="12.159503">
        <ele>35.7</ele>
        <name>58.064030,12.159548</name>
        <extensions>
          <oa:Extension>
            <oa:mapZoom>14</oa:mapZoom>
          </oa:Extension>
        </extensions>
      </trkpt>
      <trkpt lat="58.064077" lon="12.159496">
        <ele>35.4</ele>
      </trkpt>
      <trkpt lat="58.064286" lon="12.159383">
        <ele>35.7</ele>
      </trkpt>
      <trkpt lat="58.06448" lon="12.159251">
        <ele>36.1</ele>
      </trkpt>
      <trkpt lat="58.064679" lon="12.159364">
        <ele>33.6</ele>
      </trkpt>
      <trkpt lat="58.064833" lon="12.159618">
        <ele>31.6</ele>
      </trkpt>
      <trkpt lat="58.064997" lon="12.159787">
        <ele>31.4</ele>
      </trkpt>
      <trkpt lat="58.065156" lon="12.159806">
        <ele>32.0</ele>
      </trkpt>
      <trkpt lat="58.065271" lon="12.159684">
        <ele>32.6</ele>
      </trkpt>
      <trkpt lat="58.065405" lon="12.159487">
        <ele>33.0</ele>
      </trkpt>
      <trkpt lat="58.065589" lon="12.159148">
        <ele>32.7</ele>
      </trkpt>
      <trkpt lat="58.065724" lon="12.158932">
        <ele>32.1</ele>
      </trkpt>
      <trkpt lat="58.065833" lon="12.158668">
        <ele>31.2</ele>
      </trkpt>
      <trkpt lat="58.066052" lon="12.15848">
        <ele>31.4</ele>
      </trkpt>
      <trkpt lat="58.066266" lon="12.15832">
        <ele>32.7</ele>
      </trkpt>
      <trkpt lat="58.066395" lon="12.158207">
        <ele>33.8</ele>
      </trkpt>
      <trkpt lat="58.066534" lon="12.158104">
        <ele>34.8</ele>
      </trkpt>
      <trkpt lat="58.066689" lon="12.158104">
        <ele>34.8</ele>
      </trkpt>
      <trkpt lat="58.066798" lon="12.15801">
        <ele>34.8</ele>
      </trkpt>
      <trkpt lat="58.067002" lon="12.157869">
        <ele>34.3</ele>
      </trkpt>
      <trkpt lat="58.067137" lon="12.157914">
        <ele>32.9</ele>
      </trkpt>
      <trkpt lat="58.067093" lon="12.158058">
        <ele>32.6</ele>
      </trkpt>
      <trkpt lat="58.067078" lon="12.158262">
        <ele>32.0</ele>
      </trkpt>
      <trkpt lat="58.067093" lon="12.158466">
        <ele>31.5</ele>
      </trkpt>
      <trkpt lat="58.067147" lon="12.158712">
        <ele>31.0</ele>
      </trkpt>
      <trkpt lat="58.067315" lon="12.159242">
        <ele>30.6</ele>
      </trkpt>
      <trkpt lat="58.067482" lon="12.159771">
        <ele>30.2</ele>
      </trkpt>
      <trkpt lat="58.067584" lon="12.16009">
        <ele>31.3</ele>
      </trkpt>
      <trkpt lat="58.067655" lon="12.159807">
        <ele>29.8</ele>
      </trkpt>
      <trkpt lat="58.067859" lon="12.159499">
        <ele>28.1</ele>
      </trkpt>
      <trkpt lat="58.068085" lon="12.159244">
        <ele>25.8</ele>
      </trkpt>
      <trkpt lat="58.068311" lon="12.158989">
        <ele>22.9</ele>
      </trkpt>
      <trkpt lat="58.068502" lon="12.158667">
        <ele>19.6</ele>
      </trkpt>
      <trkpt lat="58.068738" lon="12.15827">
        <ele>16.0</ele>
      </trkpt>
      <trkpt lat="58.068848" lon="12.158228">
        <ele>15.2</ele>
      </trkpt>
      <trkpt lat="58.069107" lon="12.158358">
        <ele>14.5</ele>
      </trkpt>
      <trkpt lat="58.069457" lon="12.158483">
        <ele>13.3</ele>
      </trkpt>
      <trkpt lat="58.069699" lon="12.158645">
        <ele>13.3</ele>
      </trkpt>
      <trkpt lat="58.07011" lon="12.15878">
        <ele>12.5</ele>
      </trkpt>
      <trkpt lat="58.070466" lon="12.159114">
        <ele>13.2</ele>
      </trkpt>
      <trkpt lat="58.070532" lon="12.159114">
        <ele>12.9</ele>
      </trkpt>
      <trkpt lat="58.070705" lon="12.158629">
        <ele>10.0</ele>
      </trkpt>
      <trkpt lat="58.07078" lon="12.158389">
        <ele>9.2</ele>
      </trkpt>
      <trkpt lat="58.070893" lon="12.158311">
        <ele>9.0</ele>
      </trkpt>
      <trkpt lat="58.071039" lon="12.158316">
        <ele>9.1</ele>
      </trkpt>
      <trkpt lat="58.071263" lon="12.158374">
        <ele>9.6</ele>
      </trkpt>
      <trkpt lat="58.071488" lon="12.158431">
        <ele>10.1</ele>
      </trkpt>
      <trkpt lat="58.071769" lon="12.15853">
        <ele>10.2</ele>
      </trkpt>
      <trkpt lat="58.072018" lon="12.158572">
        <ele>10.1</ele>
      </trkpt>
      <trkpt lat="58.072268" lon="12.158614">
        <ele>9.7</ele>
      </trkpt>
      <trkpt lat="58.072505" lon="12.158702">
        <ele>9.4</ele>
      </trkpt>
      <trkpt lat="58.072753" lon="12.158853">
        <ele>9.0</ele>
      </trkpt>
      <trkpt lat="58.073097" lon="12.159317">
        <ele>8.7</ele>
      </trkpt>
      <trkpt lat="58.073358" lon="12.159655">
        <ele>8.6</ele>
      </trkpt>
      <trkpt lat="58.073206" lon="12.160182">
        <ele>9.3</ele>
      </trkpt>
      <trkpt lat="58.073055" lon="12.16071">
        <ele>9.6</ele>
      </trkpt>
      <trkpt lat="58.07289" lon="12.1613">
        <ele>10.1</ele>
      </trkpt>
      <trkpt lat="58.072725" lon="12.16189">
        <ele>11.3</ele>
      </trkpt>
      <trkpt lat="58.072584" lon="12.162394">
        <ele>13.5</ele>
      </trkpt>
      <trkpt lat="58.072521" lon="12.16262">
        <ele>14.4</ele>
      </trkpt>
      <trkpt lat="58.072521" lon="12.162738">
        <ele>14.7</ele>
      </trkpt>
      <trkpt lat="58.072572" lon="12.162834">
        <ele>14.9</ele>
      </trkpt>
      <trkpt lat="58.07268" lon="12.162931">
        <ele>15.1</ele>
      </trkpt>
      <trkpt lat="58.07304" lon="12.163135">
        <ele>15.5</ele>
      </trkpt>
      <trkpt lat="58.073401" lon="12.163339">
        <ele>15.9</ele>
      </trkpt>
      <trkpt lat="58.073474" lon="12.163435">
        <ele>16.3</ele>
      </trkpt>
      <trkpt lat="58.073508" lon="12.163618">
        <ele>17.0</ele>
      </trkpt>
      <trkpt lat="58.073514" lon="12.163734">
        <ele>17.5</ele>
      </trkpt>
      <trkpt lat="58.07352" lon="12.163843">
        <ele>17.9</ele>
      </trkpt>
      <trkpt lat="58.073565" lon="12.164154">
        <ele>19.1</ele>
      </trkpt>
      <trkpt lat="58.073616" lon="12.164465">
        <ele>20.1</ele>
      </trkpt>
      <trkpt lat="58.073706" lon="12.164455">
        <ele>19.6</ele>
      </trkpt>
      <trkpt lat="58.074077" lon="12.164472">
        <ele>18.0</ele>
      </trkpt>
      <trkpt lat="58.074139" lon="12.164539">
        <ele>17.8</ele>
      </trkpt>
      <trkpt lat="58.074164" lon="12.16462">
        <ele>17.9</ele>
      </trkpt>
      <trkpt lat="58.074166" lon="12.164901">
        <ele>18.6</ele>
      </trkpt>
      <trkpt lat="58.074153" lon="12.164999">
        <ele>19.1</ele>
      </trkpt>
      <trkpt lat="58.07415" lon="12.165027">
        <ele>19.2</ele>
      </trkpt>
      <trkpt lat="58.074378" lon="12.165248">
        <ele>19.5</ele>
      </trkpt>
      <trkpt lat="58.074606" lon="12.165468">
        <ele>20.1</ele>
      </trkpt>
      <trkpt lat="58.074719" lon="12.165539">
        <ele>20.1</ele>
      </trkpt>
      <trkpt lat="58.074972" lon="12.165611">
        <ele>19.9</ele>
      </trkpt>
      <trkpt lat="58.075225" lon="12.165682">
        <ele>20.0</ele>
      </trkpt>
      <trkpt lat="58.075302" lon="12.165674">
        <ele>20.0</ele>
      </trkpt>
      <trkpt lat="58.075653" lon="12.165832">
        <ele>21.1</ele>
      </trkpt>
      <trkpt lat="58.076003" lon="12.165991">
        <ele>21.7</ele>
      </trkpt>
      <trkpt lat="58.076194" lon="12.166246">
        <ele>23.0</ele>
      </trkpt>
      <trkpt lat="58.076384" lon="12.166502">
        <ele>24.0</ele>
      </trkpt>
      <trkpt lat="58.076426" lon="12.166507">
        <ele>23.9</ele>
      </trkpt>
      <trkpt lat="58.076475" lon="12.166482">
        <ele>23.7</ele>
      </trkpt>
      <trkpt lat="58.076521" lon="12.166385">
        <ele>23.0</ele>
      </trkpt>
      <trkpt lat="58.076655" lon="12.165594">
        <ele>17.5</ele>
      </trkpt>
      <trkpt lat="58.076788" lon="12.164803">
        <ele>13.2</ele>
      </trkpt>
      <trkpt lat="58.076922" lon="12.164012">
        <ele>11.7</ele>
      </trkpt>
      <trkpt lat="58.077056" lon="12.163221">
        <ele>10.8</ele>
      </trkpt>
      <trkpt lat="58.077189" lon="12.16243">
        <ele>9.6</ele>
      </trkpt>
      <trkpt lat="58.077323" lon="12.161639">
        <ele>8.8</ele>
      </trkpt>
      <trkpt lat="58.077456" lon="12.160848">
        <ele>8.0</ele>
      </trkpt>
      <trkpt lat="58.07759" lon="12.160057">
        <ele>8.1</ele>
      </trkpt>
      <trkpt lat="58.077724" lon="12.159266">
        <ele>8.0</ele>
      </trkpt>
      <trkpt lat="58.077857" lon="12.158475">
        <ele>8.1</ele>
      </trkpt>
      <trkpt lat="58.077991" lon="12.157684">
        <ele>7.2</ele>
      </trkpt>
      <trkpt lat="58.078386" lon="12.158003">
        <ele>7.6</ele>
      </trkpt>
      <trkpt lat="58.078767" lon="12.158328">
        <ele>7.5</ele>
      </trkpt>
      <trkpt lat="58.079148" lon="12.158652">
        <ele>7.3</ele>
      </trkpt>
      <trkpt lat="58.079412" lon="12.158872">
        <ele>7.4</ele>
      </trkpt>
      <trkpt lat="58.079645" lon="12.159047">
        <ele>7.3</ele>
      </trkpt>
      <trkpt lat="58.079864" lon="12.159194">
        <ele>7.1</ele>
      </trkpt>
      <trkpt lat="58.080254" lon="12.159405">
        <ele>7.1</ele>
      </trkpt>
      <trkpt lat="58.080564" lon="12.159601">
        <ele>7.1</ele>
      </trkpt>
      <trkpt lat="58.080817" lon="12.159755">
        <ele>7.0</ele>
      </trkpt>
      <trkpt lat="58.081054" lon="12.15988">
        <ele>7.2</ele>
      </trkpt>
      <trkpt lat="58.081241" lon="12.159942">
        <ele>7.5</ele>
      </trkpt>
      <trkpt lat="58.081509" lon="12.160008">
        <ele>7.9</ele>
      </trkpt>
      <trkpt lat="58.081874" lon="12.160098">
        <ele>7.9</ele>
      </trkpt>
      <trkpt lat="58.082053" lon="12.160159">
        <ele>7.7</ele>
      </trkpt>
      <trkpt lat="58.08221" lon="12.160232">
        <ele>7.4</ele>
      </trkpt>
      <trkpt lat="58.082315" lon="12.160288">
        <ele>7.3</ele>
      </trkpt>
      <trkpt lat="58.082554" lon="12.160424">
        <ele>7.3</ele>
      </trkpt>
      <trkpt lat="58.082861" lon="12.160596">
        <ele>7.6</ele>
      </trkpt>
      <trkpt lat="58.08288" lon="12.160606">
        <ele>7.6</ele>
        <name>58.082914,12.160389</name>
        <extensions>
          <oa:Extension>
            <oa:mapZoom>14</oa:mapZoom>
          </oa:Extension>
        </extensions>
      </trkpt>
      <trkpt lat="58.083167" lon="12.160768">
        <ele>7.9</ele>
      </trkpt>
      <trkpt lat="58.083465" lon="12.160922">
        <ele>8.1</ele>
      </trkpt>
      <trkpt lat="58.083763" lon="12.161076">
        <ele>8.3</ele>
      </trkpt>
      <trkpt lat="58.084058" lon="12.161214">
        <ele>8.3</ele>
      </trkpt>
      <trkpt lat="58.084149" lon="12.1612">
        <ele>8.3</ele>
      </trkpt>
      <trkpt lat="58.084223" lon="12.161184">
        <ele>8.3</ele>
      </trkpt>
      <trkpt lat="58.084297" lon="12.161158">
        <ele>8.3</ele>
      </trkpt>
      <trkpt lat="58.084321" lon="12.161387">
        <ele>8.5</ele>
      </trkpt>
      <trkpt lat="58.084366" lon="12.161382">
        <ele>8.6</ele>
      </trkpt>
      <trkpt lat="58.084677" lon="12.161554">
        <ele>9.4</ele>
      </trkpt>
      <trkpt lat="58.084899" lon="12.161648">
        <ele>9.9</ele>
      </trkpt>
      <trkpt lat="58.0851" lon="12.161678">
        <ele>10.0</ele>
      </trkpt>
      <trkpt lat="58.085223" lon="12.161689">
        <ele>9.9</ele>
      </trkpt>
      <trkpt lat="58.08546" lon="12.161671">
        <ele>9.5</ele>
      </trkpt>
      <trkpt lat="58.085598" lon="12.161651">
        <ele>9.2</ele>
      </trkpt>
      <trkpt lat="58.085695" lon="12.161626">
        <ele>9.1</ele>
      </trkpt>
      <trkpt lat="58.085849" lon="12.161581">
        <ele>8.8</ele>
      </trkpt>
      <trkpt lat="58.085976" lon="12.161536">
        <ele>8.7</ele>
      </trkpt>
      <trkpt lat="58.086146" lon="12.161449">
        <ele>8.6</ele>
      </trkpt>
      <trkpt lat="58.086375" lon="12.161294">
        <ele>8.4</ele>
      </trkpt>
      <trkpt lat="58.086793" lon="12.160989">
        <ele>8.1</ele>
      </trkpt>
      <trkpt lat="58.087065" lon="12.160776">
        <ele>7.8</ele>
      </trkpt>
      <trkpt lat="58.087301" lon="12.160604">
        <ele>7.7</ele>
      </trkpt>
      <trkpt lat="58.087536" lon="12.160433">
        <ele>8.0</ele>
      </trkpt>
      <trkpt lat="58.087736" lon="12.160292">
        <ele>8.7</ele>
      </trkpt>
      <trkpt lat="58.088131" lon="12.159994">
        <ele>10.4</ele>
      </trkpt>
      <trkpt lat="58.088373" lon="12.159839">
        <ele>10.8</ele>
      </trkpt>
      <trkpt lat="58.088429" lon="12.159809">
        <ele>10.8</ele>
      </trkpt>
      <trkpt lat="58.088606" lon="12.159703">
        <ele>10.5</ele>
      </trkpt>
      <trkpt lat="58.089043" lon="12.159561">
        <ele>10.3</ele>
      </trkpt>
      <trkpt lat="58.089344" lon="12.159472">
        <ele>10.8</ele>
      </trkpt>
      <trkpt lat="58.089645" lon="12.159383">
        <ele>11.4</ele>
      </trkpt>
      <trkpt lat="58.089779" lon="12.159335">
        <ele>11.9</ele>
      </trkpt>
      <trkpt lat="58.090103" lon="12.159233">
        <ele>14.4</ele>
      </trkpt>
      <trkpt lat="58.090187" lon="12.159196">
        <ele>15.3</ele>
      </trkpt>
      <trkpt lat="58.090264" lon="12.159143">
        <ele>16.2</ele>
      </trkpt>
      <trkpt lat="58.090363" lon="12.159065">
        <ele>17.3</ele>
      </trkpt>
      <trkpt lat="58.090504" lon="12.15891">
        <ele>18.5</ele>
      </trkpt>
      <trkpt lat="58.090654" lon="12.158694">
        <ele>19.3</ele>
      </trkpt>
      <trkpt lat="58.090885" lon="12.158394">
        <ele>20.1</ele>
      </trkpt>
      <trkpt lat="58.091115" lon="12.158094">
        <ele>20.7</ele>
      </trkpt>
      <trkpt lat="58.091409" lon="12.157684">
        <ele>21.4</ele>
      </trkpt>
      <trkpt lat="58.091704" lon="12.157274">
        <ele>21.1</ele>
      </trkpt>
      <trkpt lat="58.091935" lon="12.156956">
        <ele>20.7</ele>
      </trkpt>
      <trkpt lat="58.092166" lon="12.156637">
        <ele>21.1</ele>
      </trkpt>
      <trkpt lat="58.092319" lon="12.156409">
        <ele>21.6</ele>
      </trkpt>
      <trkpt lat="58.092495" lon="12.156174">
        <ele>22.2</ele>
      </trkpt>
      <trkpt lat="58.092707" lon="12.155891">
        <ele>22.8</ele>
      </trkpt>
      <trkpt lat="58.092778" lon="12.155722">
        <ele>22.6</ele>
      </trkpt>
      <trkpt lat="58.092806" lon="12.155576">
        <ele>21.9</ele>
      </trkpt>
      <trkpt lat="58.092819" lon="12.155429">
        <ele>21.1</ele>
      </trkpt>
      <trkpt lat="58.092817" lon="12.155185">
        <ele>19.5</ele>
      </trkpt>
      <trkpt lat="58.093095" lon="12.155176">
        <ele>23.0</ele>
      </trkpt>
      <trkpt lat="58.093373" lon="12.155167">
        <ele>25.5</ele>
      </trkpt>
      <trkpt lat="58.093696" lon="12.155146">
        <ele>27.0</ele>
      </trkpt>
      <trkpt lat="58.093953" lon="12.155171">
        <ele>27.8</ele>
      </trkpt>
      <trkpt lat="58.094312" lon="12.155277">
        <ele>28.4</ele>
      </trkpt>
      <trkpt lat="58.094572" lon="12.155328">
        <ele>27.0</ele>
      </trkpt>
      <trkpt lat="58.09481" lon="12.155349">
        <ele>25.1</ele>
      </trkpt>
      <trkpt lat="58.094917" lon="12.155341">
        <ele>24.3</ele>
      </trkpt>
      <trkpt lat="58.09498" lon="12.155328">
        <ele>23.9</ele>
      </trkpt>
      <trkpt lat="58.095037" lon="12.155276">
        <ele>23.4</ele>
      </trkpt>
      <trkpt lat="58.095071" lon="12.155247">
        <ele>23.1</ele>
      </trkpt>
      <trkpt lat="58.095107" lon="12.155196">
        <ele>22.7</ele>
      </trkpt>
      <trkpt lat="58.095147" lon="12.155132">
        <ele>22.3</ele>
      </trkpt>
      <trkpt lat="58.095221" lon="12.155284">
        <ele>22.9</ele>
      </trkpt>
      <trkpt lat="58.095263" lon="12.15534">
        <ele>23.2</ele>
      </trkpt>
      <trkpt lat="58.095321" lon="12.155357">
        <ele>23.1</ele>
      </trkpt>
      <trkpt lat="58.095387" lon="12.155347">
        <ele>23.0</ele>
      </trkpt>
      <trkpt lat="58.095497" lon="12.155328">
        <ele>22.9</ele>
      </trkpt>
      <trkpt lat="58.095696" lon="12.155243">
        <ele>22.7</ele>
      </trkpt>
      <trkpt lat="58.095776" lon="12.155201">
        <ele>22.6</ele>
      </trkpt>
      <trkpt lat="58.09595" lon="12.155089">
        <ele>22.8</ele>
      </trkpt>
      <trkpt lat="58.096074" lon="12.154988">
        <ele>23.0</ele>
      </trkpt>
      <trkpt lat="58.096244" lon="12.154816">
        <ele>23.3</ele>
      </trkpt>
      <trkpt lat="58.096463" lon="12.154547">
        <ele>23.3</ele>
      </trkpt>
      <trkpt lat="58.096698" lon="12.154202">
        <ele>22.3</ele>
      </trkpt>
      <trkpt lat="58.097014" lon="12.153762">
        <ele>20.5</ele>
      </trkpt>
      <trkpt lat="58.097133" lon="12.153551">
        <ele>19.4</ele>
      </trkpt>
      <trkpt lat="58.097237" lon="12.153456">
        <ele>19.0</ele>
      </trkpt>
      <trkpt lat="58.09735" lon="12.153394">
        <ele>18.9</ele>
      </trkpt>
      <trkpt lat="58.097461" lon="12.153383">
        <ele>19.2</ele>
      </trkpt>
      <trkpt lat="58.097619" lon="12.153388">
        <ele>19.9</ele>
      </trkpt>
      <trkpt lat="58.097705" lon="12.153343">
        <ele>20.0</ele>
      </trkpt>
      <trkpt lat="58.097746" lon="12.153271">
        <ele>19.7</ele>
      </trkpt>
      <trkpt lat="58.097755" lon="12.153195">
        <ele>19.1</ele>
      </trkpt>
      <trkpt lat="58.097759" lon="12.153088">
        <ele>18.3</ele>
      </trkpt>
      <trkpt lat="58.097753" lon="12.152933">
        <ele>17.1</ele>
      </trkpt>
      <trkpt lat="58.098076" lon="12.152873">
        <ele>18.4</ele>
      </trkpt>
      <trkpt lat="58.098345" lon="12.152786">
        <ele>19.5</ele>
      </trkpt>
      <trkpt lat="58.098613" lon="12.1527">
        <ele>21.0</ele>
      </trkpt>
      <trkpt lat="58.098958" lon="12.152598">
        <ele>23.3</ele>
      </trkpt>
      <trkpt lat="58.099302" lon="12.152497">
        <ele>24.8</ele>
      </trkpt>
      <trkpt lat="58.099616" lon="12.152421">
        <ele>25.3</ele>
      </trkpt>
      <trkpt lat="58.09993" lon="12.152346">
        <ele>25.4</ele>
      </trkpt>
      <trkpt lat="58.100244" lon="12.152271">
        <ele>25.2</ele>
      </trkpt>
      <trkpt lat="58.100371" lon="12.152241">
        <ele>25.0</ele>
      </trkpt>
      <trkpt lat="58.100726" lon="12.152155">
        <ele>24.1</ele>
      </trkpt>
      <trkpt lat="58.101081" lon="12.152069">
        <ele>23.3</ele>
      </trkpt>
      <trkpt lat="58.101347" lon="12.151962">
        <ele>22.3</ele>
      </trkpt>
      <trkpt lat="58.101613" lon="12.151855">
        <ele>21.0</ele>
      </trkpt>
      <trkpt lat="58.101928" lon="12.151641">
        <ele>17.7</ele>
      </trkpt>
      <trkpt lat="58.102244" lon="12.151427">
        <ele>15.6</ele>
      </trkpt>
      <trkpt lat="58.10262" lon="12.151192">
        <ele>15.2</ele>
      </trkpt>
      <trkpt lat="58.102995" lon="12.150958">
        <ele>15.3</ele>
      </trkpt>
      <trkpt lat="58.103024" lon="12.15094">
        <ele>15.3</ele>
      </trkpt>
      <trkpt lat="58.103168" lon="12.150851">
        <ele>15.4</ele>
      </trkpt>
      <trkpt lat="58.103509" lon="12.150728">
        <ele>16.2</ele>
      </trkpt>
      <trkpt lat="58.103871" lon="12.150647">
        <ele>17.6</ele>
      </trkpt>
      <trkpt lat="58.104238" lon="12.150611">
        <ele>18.9</ele>
      </trkpt>
      <trkpt lat="58.104347" lon="12.150596">
        <ele>19.1</ele>
      </trkpt>
      <trkpt lat="58.104729" lon="12.15055">
        <ele>19.5</ele>
      </trkpt>
      <trkpt lat="58.104967" lon="12.150521">
        <ele>19.4</ele>
      </trkpt>
      <trkpt lat="58.105205" lon="12.150492">
        <ele>19.2</ele>
      </trkpt>
      <trkpt lat="58.105549" lon="12.150364">
        <ele>17.5</ele>
      </trkpt>
      <trkpt lat="58.105601" lon="12.150396">
        <ele>17.9</ele>
      </trkpt>
      <trkpt lat="58.105631" lon="12.150471">
        <ele>19.0</ele>
      </trkpt>
      <trkpt lat="58.105674" lon="12.150455">
        <ele>18.8</ele>
      </trkpt>
      <trkpt lat="58.105697" lon="12.150446">
        <ele>18.7</ele>
      </trkpt>
      <trkpt lat="58.105708" lon="12.150361">
        <ele>17.6</ele>
      </trkpt>
      <trkpt lat="58.105749" lon="12.15028">
        <ele>16.6</ele>
      </trkpt>
      <trkpt lat="58.106149" lon="12.150064">
        <ele>15.2</ele>
      </trkpt>
      <trkpt lat="58.106442" lon="12.149819">
        <ele>14.4</ele>
      </trkpt>
      <trkpt lat="58.106734" lon="12.149574">
        <ele>14.1</ele>
      </trkpt>
      <trkpt lat="58.107083" lon="12.149157">
        <ele>13.4</ele>
      </trkpt>
      <trkpt lat="58.107114" lon="12.149204">
        <ele>13.6</ele>
      </trkpt>
      <trkpt lat="58.107122" lon="12.149298">
        <ele>13.8</ele>
      </trkpt>
      <trkpt lat="58.107097" lon="12.149457">
        <ele>14.2</ele>
      </trkpt>
      <trkpt lat="58.107199" lon="12.149544">
        <ele>14.5</ele>
      </trkpt>
      <trkpt lat="58.107409" lon="12.14939">
        <ele>14.4</ele>
      </trkpt>
      <trkpt lat="58.107462" lon="12.149462">
        <ele>14.6</ele>
      </trkpt>
      <trkpt lat="58.107571" lon="12.149549">
        <ele>15.0</ele>
      </trkpt>
      <trkpt lat="58.107718" lon="12.149611">
        <ele>15.5</ele>
      </trkpt>
      <trkpt lat="58.108072" lon="12.149582">
        <ele>16.1</ele>
      </trkpt>
      <trkpt lat="58.108426" lon="12.149554">
        <ele>17.2</ele>
      </trkpt>
      <trkpt lat="58.10887" lon="12.149525">
        <ele>19.5</ele>
      </trkpt>
      <trkpt lat="58.108972" lon="12.149554">
        <ele>20.1</ele>
      </trkpt>
      <trkpt lat="58.109093" lon="12.149611">
        <ele>20.9</ele>
      </trkpt>
      <trkpt lat="58.109377" lon="12.14988">
        <ele>23.3</ele>
      </trkpt>
      <trkpt lat="58.109434" lon="12.149929">
        <ele>23.7</ele>
      </trkpt>
      <trkpt lat="58.109499" lon="12.149985">
        <ele>24.3</ele>
      </trkpt>
      <trkpt lat="58.10983" lon="12.15007">
        <ele>24.9</ele>
      </trkpt>
      <trkpt lat="58.11016" lon="12.150155">
        <ele>25.4</ele>
      </trkpt>
      <trkpt lat="58.110491" lon="12.150239">
        <ele>25.6</ele>
      </trkpt>
      <trkpt lat="58.110786" lon="12.150357">
        <ele>26.3</ele>
      </trkpt>
      <trkpt lat="58.111082" lon="12.150475">
        <ele>27.6</ele>
      </trkpt>
      <trkpt lat="58.111322" lon="12.1506">
        <ele>29.2</ele>
      </trkpt>
      <trkpt lat="58.111561" lon="12.150724">
        <ele>30.8</ele>
      </trkpt>
      <trkpt lat="58.111779" lon="12.150871">
        <ele>32.4</ele>
      </trkpt>
      <trkpt lat="58.111997" lon="12.151017">
        <ele>33.5</ele>
      </trkpt>
      <trkpt lat="58.112353" lon="12.151283">
        <ele>34.6</ele>
      </trkpt>
      <trkpt lat="58.112334" lon="12.151438">
        <ele>35.3</ele>
      </trkpt>
      <trkpt lat="58.112607" lon="12.151555">
        <ele>35.8</ele>
      </trkpt>
      <trkpt lat="58.112754" lon="12.151641">
        <ele>36.6</ele>
      </trkpt>
      <trkpt lat="58.112868" lon="12.151651">
        <ele>37.3</ele>
      </trkpt>
      <trkpt lat="58.112981" lon="12.151619">
        <ele>37.9</ele>
      </trkpt>
      <trkpt lat="58.113123" lon="12.151512">
        <ele>38.6</ele>
      </trkpt>
      <trkpt lat="58.113248" lon="12.151394">
        <ele>39.3</ele>
      </trkpt>
      <trkpt lat="58.113401" lon="12.151319">
        <ele>40.4</ele>
      </trkpt>
      <trkpt lat="58.113576" lon="12.151265">
        <ele>42.1</ele>
      </trkpt>
      <trkpt lat="58.113826" lon="12.151222">
        <ele>44.9</ele>
      </trkpt>
      <trkpt lat="58.114086" lon="12.151211">
        <ele>47.4</ele>
      </trkpt>
      <trkpt lat="58.114228" lon="12.151224">
        <ele>48.3</ele>
        <name>58.114229,12.151188</name>
        <extensions>
          <oa:Extension>
            <oa:mapZoom>14</oa:mapZoom>
          </oa:Extension>
        </extensions>
      </trkpt>
      <trkpt lat="58.114319" lon="12.151233">
        <ele>48.8</ele>
      </trkpt>
      <trkpt lat="58.114545" lon="12.151286">
        <ele>49.4</ele>
      </trkpt>
      <trkpt lat="58.114772" lon="12.15134">
        <ele>49.5</ele>
      </trkpt>
      <trkpt lat="58.115038" lon="12.151383">
        <ele>49.9</ele>
      </trkpt>
      <trkpt lat="58.115276" lon="12.151415">
        <ele>50.6</ele>
      </trkpt>
      <trkpt lat="58.115457" lon="12.151461">
        <ele>51.2</ele>
      </trkpt>
      <trkpt lat="58.115639" lon="12.151576">
        <ele>52.1</ele>
      </trkpt>
      <trkpt lat="58.115826" lon="12.151716">
        <ele>53.1</ele>
      </trkpt>
      <trkpt lat="58.116013" lon="12.151812">
        <ele>54.1</ele>
      </trkpt>
      <trkpt lat="58.116257" lon="12.151909">
        <ele>55.4</ele>
      </trkpt>
      <trkpt lat="58.116449" lon="12.151973">
        <ele>56.3</ele>
      </trkpt>
      <trkpt lat="58.116636" lon="12.151973">
        <ele>56.8</ele>
      </trkpt>
      <trkpt lat="58.116784" lon="12.152027">
        <ele>57.2</ele>
      </trkpt>
      <trkpt lat="58.116908" lon="12.152091">
        <ele>57.6</ele>
      </trkpt>
      <trkpt lat="58.117022" lon="12.152198">
        <ele>58.3</ele>
      </trkpt>
      <trkpt lat="58.117141" lon="12.1523">
        <ele>59.0</ele>
      </trkpt>
      <trkpt lat="58.117305" lon="12.152383">
        <ele>59.5</ele>
      </trkpt>
      <trkpt lat="58.117397" lon="12.152426">
        <ele>59.7</ele>
      </trkpt>
      <trkpt lat="58.117416" lon="12.15243">
        <ele>59.7</ele>
      </trkpt>
      <trkpt lat="58.117556" lon="12.152453">
        <ele>59.6</ele>
      </trkpt>
      <trkpt lat="58.117736" lon="12.152488">
        <ele>59.1</ele>
      </trkpt>
      <trkpt lat="58.117911" lon="12.152513">
        <ele>58.2</ele>
      </trkpt>
      <trkpt lat="58.118098" lon="12.152563">
        <ele>57.3</ele>
      </trkpt>
      <trkpt lat="58.118324" lon="12.152652">
        <ele>56.6</ele>
      </trkpt>
      <trkpt lat="58.118557" lon="12.152724">
        <ele>56.1</ele>
      </trkpt>
      <trkpt lat="58.118846" lon="12.152821">
        <ele>55.8</ele>
      </trkpt>
      <trkpt lat="58.119191" lon="12.152963">
        <ele>55.7</ele>
      </trkpt>
      <trkpt lat="58.119418" lon="12.153081">
        <ele>56.0</ele>
      </trkpt>
      <trkpt lat="58.119563" lon="12.153119">
        <ele>56.3</ele>
      </trkpt>
      <trkpt lat="58.119709" lon="12.153137">
        <ele>56.7</ele>
      </trkpt>
      <trkpt lat="58.11982" lon="12.153125">
        <ele>57.0</ele>
      </trkpt>
      <trkpt lat="58.119966" lon="12.153069">
        <ele>57.4</ele>
      </trkpt>
      <trkpt lat="58.120103" lon="12.153014">
        <ele>57.7</ele>
      </trkpt>
      <trkpt lat="58.120191" lon="12.152952">
        <ele>57.8</ele>
      </trkpt>
      <trkpt lat="58.120266" lon="12.152866">
        <ele>57.7</ele>
      </trkpt>
      <trkpt lat="58.12037" lon="12.152595">
        <ele>57.0</ele>
      </trkpt>
      <trkpt lat="58.120464" lon="12.152392">
        <ele>56.3</ele>
      </trkpt>
      <trkpt lat="58.12053" lon="12.152238">
        <ele>55.4</ele>
      </trkpt>
      <trkpt lat="58.12068" lon="12.151995">
        <ele>53.9</ele>
      </trkpt>
      <trkpt lat="58.120822" lon="12.151835">
        <ele>53.2</ele>
      </trkpt>
      <trkpt lat="58.120933" lon="12.151754">
        <ele>53.4</ele>
      </trkpt>
      <trkpt lat="58.121142" lon="12.15157">
        <ele>54.8</ele>
      </trkpt>
      <trkpt lat="58.121273" lon="12.151467">
        <ele>56.4</ele>
      </trkpt>
      <trkpt lat="58.121334" lon="12.151425">
        <ele>57.2</ele>
      </trkpt>
      <trkpt lat="58.121362" lon="12.151393">
        <ele>57.7</ele>
      </trkpt>
      <trkpt lat="58.121442" lon="12.151345">
        <ele>58.8</ele>
      </trkpt>
      <trkpt lat="58.121508" lon="12.151342">
        <ele>59.3</ele>
      </trkpt>
      <trkpt lat="58.121766" lon="12.151416">
        <ele>60.7</ele>
      </trkpt>
      <trkpt lat="58.121844" lon="12.151425">
        <ele>61.3</ele>
      </trkpt>
      <trkpt lat="58.121944" lon="12.151406">
        <ele>62.2</ele>
      </trkpt>
      <trkpt lat="58.122005" lon="12.151373">
        <ele>62.9</ele>
      </trkpt>
      <trkpt lat="58.12209" lon="12.151222">
        <ele>64.8</ele>
      </trkpt>
      <trkpt lat="58.122217" lon="12.150981">
        <ele>67.9</ele>
      </trkpt>
      <trkpt lat="58.122347" lon="12.150667">
        <ele>71.0</ele>
      </trkpt>
      <trkpt lat="58.122432" lon="12.150458">
        <ele>72.9</ele>
      </trkpt>
      <trkpt lat="58.122521" lon="12.150356">
        <ele>74.1</ele>
      </trkpt>
      <trkpt lat="58.122601" lon="12.150291">
        <ele>74.9</ele>
      </trkpt>
      <trkpt lat="58.12271" lon="12.150254">
        <ele>75.9</ele>
      </trkpt>
      <trkpt lat="58.122796" lon="12.150273">
        <ele>76.3</ele>
      </trkpt>
      <trkpt lat="58.122863" lon="12.150316">
        <ele>76.5</ele>
      </trkpt>
      <trkpt lat="58.122936" lon="12.150384">
        <ele>76.5</ele>
      </trkpt>
      <trkpt lat="58.123019" lon="12.150436">
        <ele>76.7</ele>
      </trkpt>
      <trkpt lat="58.123076" lon="12.150451">
        <ele>76.9</ele>
      </trkpt>
      <trkpt lat="58.12321" lon="12.150396">
        <ele>77.7</ele>
      </trkpt>
      <trkpt lat="58.123325" lon="12.150365">
        <ele>78.2</ele>
      </trkpt>
      <trkpt lat="58.123478" lon="12.150251">
        <ele>78.7</ele>
      </trkpt>
      <trkpt lat="58.123644" lon="12.150156">
        <ele>78.6</ele>
      </trkpt>
      <trkpt lat="58.123738" lon="12.150109">
        <ele>78.4</ele>
      </trkpt>
      <trkpt lat="58.123823" lon="12.150078">
        <ele>78.0</ele>
      </trkpt>
      <trkpt lat="58.123901" lon="12.150017">
        <ele>77.7</ele>
      </trkpt>
      <trkpt lat="58.123971" lon="12.149949">
        <ele>77.5</ele>
      </trkpt>
      <trkpt lat="58.123996" lon="12.149906">
        <ele>77.5</ele>
      </trkpt>
      <trkpt lat="58.124012" lon="12.149829">
        <ele>77.9</ele>
      </trkpt>
      <trkpt lat="58.124013" lon="12.149752">
        <ele>78.3</ele>
      </trkpt>
      <trkpt lat="58.124034" lon="12.149696">
        <ele>78.6</ele>
      </trkpt>
      <trkpt lat="58.124106" lon="12.149644">
        <ele>78.5</ele>
      </trkpt>
      <trkpt lat="58.124173" lon="12.149579">
        <ele>78.6</ele>
      </trkpt>
      <trkpt lat="58.124295" lon="12.149459">
        <ele>78.7</ele>
      </trkpt>
      <trkpt lat="58.124415" lon="12.149293">
        <ele>79.2</ele>
      </trkpt>
      <trkpt lat="58.124537" lon="12.149154">
        <ele>79.4</ele>
      </trkpt>
      <trkpt lat="58.124676" lon="12.148982">
        <ele>79.8</ele>
      </trkpt>
      <trkpt lat="58.124791" lon="12.148778">
        <ele>80.9</ele>
      </trkpt>
      <trkpt lat="58.124977" lon="12.148529">
        <ele>82.0</ele>
      </trkpt>
      <trkpt lat="58.125136" lon="12.148344">
        <ele>82.3</ele>
      </trkpt>
      <trkpt lat="58.125281" lon="12.148184">
        <ele>82.2</ele>
      </trkpt>
      <trkpt lat="58.125385" lon="12.148045">
        <ele>81.9</ele>
      </trkpt>
      <trkpt lat="58.125427" lon="12.14799">
        <ele>81.8</ele>
      </trkpt>
      <trkpt lat="58.125496" lon="12.147974">
        <ele>81.6</ele>
      </trkpt>
      <trkpt lat="58.12559" lon="12.147993">
        <ele>81.3</ele>
      </trkpt>
      <trkpt lat="58.125673" lon="12.148011">
        <ele>81.0</ele>
      </trkpt>
      <trkpt lat="58.125772" lon="12.147934">
        <ele>80.9</ele>
      </trkpt>
      <trkpt lat="58.125854" lon="12.147811">
        <ele>80.8</ele>
      </trkpt>
      <trkpt lat="58.125956" lon="12.147635">
        <ele>80.7</ele>
      </trkpt>
      <trkpt lat="58.126037" lon="12.147447">
        <ele>80.9</ele>
      </trkpt>
      <trkpt lat="58.12612" lon="12.147188">
        <ele>81.1</ele>
      </trkpt>
      <trkpt lat="58.126171" lon="12.147022">
        <ele>81.2</ele>
      </trkpt>
      <trkpt lat="58.126217" lon="12.146874">
        <ele>81.2</ele>
      </trkpt>
      <trkpt lat="58.126264" lon="12.146774">
        <ele>81.1</ele>
      </trkpt>
      <trkpt lat="58.126316" lon="12.146711">
        <ele>80.9</ele>
      </trkpt>
      <trkpt lat="58.12636" lon="12.146679">
        <ele>80.8</ele>
      </trkpt>
      <trkpt lat="58.126418" lon="12.146597">
        <ele>80.6</ele>
      </trkpt>
      <trkpt lat="58.126448" lon="12.146349">
        <ele>80.1</ele>
      </trkpt>
      <trkpt lat="58.126496" lon="12.146444">
        <ele>80.2</ele>
      </trkpt>
      <trkpt lat="58.126531" lon="12.146456">
        <ele>80.1</ele>
      </trkpt>
      <trkpt lat="58.126585" lon="12.146459">
        <ele>80.0</ele>
      </trkpt>
      <trkpt lat="58.126686" lon="12.146438">
        <ele>79.8</ele>
      </trkpt>
      <trkpt lat="58.126863" lon="12.146401">
        <ele>79.5</ele>
      </trkpt>
      <trkpt lat="58.126939" lon="12.146367">
        <ele>79.4</ele>
      </trkpt>
      <trkpt lat="58.127005" lon="12.146287">
        <ele>79.2</ele>
      </trkpt>
      <trkpt lat="58.127072" lon="12.146184">
        <ele>78.9</ele>
      </trkpt>
      <trkpt lat="58.127125" lon="12.146024">
        <ele>78.4</ele>
      </trkpt>
      <trkpt lat="58.127143" lon="12.145941">
        <ele>78.2</ele>
      </trkpt>
      <trkpt lat="58.127174" lon="12.145783">
        <ele>77.7</ele>
      </trkpt>
      <trkpt lat="58.127198" lon="12.145559">
        <ele>77.2</ele>
      </trkpt>
      <trkpt lat="58.127226" lon="12.145321">
        <ele>76.5</ele>
      </trkpt>
      <trkpt lat="58.127271" lon="12.145085">
        <ele>75.7</ele>
      </trkpt>
      <trkpt lat="58.127343" lon="12.144843">
        <ele>74.7</ele>
      </trkpt>
      <trkpt lat="58.127388" lon="12.144725">
        <ele>74.1</ele>
      </trkpt>
      <trkpt lat="58.12748" lon="12.144546">
        <ele>73.0</ele>
      </trkpt>
      <trkpt lat="58.127544" lon="12.144384">
        <ele>72.1</ele>
      </trkpt>
      <trkpt lat="58.127594" lon="12.144237">
        <ele>71.4</ele>
      </trkpt>
      <trkpt lat="58.127656" lon="12.14396">
        <ele>70.5</ele>
      </trkpt>
      <trkpt lat="58.127742" lon="12.143437">
        <ele>69.4</ele>
      </trkpt>
      <trkpt lat="58.127785" lon="12.143122">
        <ele>68.0</ele>
      </trkpt>
      <trkpt lat="58.12781" lon="12.142942">
        <ele>67.1</ele>
      </trkpt>
      <trkpt lat="58.127859" lon="12.142815">
        <ele>66.3</ele>
      </trkpt>
      <trkpt lat="58.127894" lon="12.142764">
        <ele>65.9</ele>
      </trkpt>
      <trkpt lat="58.127948" lon="12.142722">
        <ele>65.6</ele>
      </trkpt>
      <trkpt lat="58.127924" lon="12.14258">
        <ele>65.2</ele>
      </trkpt>
      <trkpt lat="58.127912" lon="12.14245">
        <ele>64.9</ele>
      </trkpt>
      <trkpt lat="58.127911" lon="12.142278">
        <ele>64.4</ele>
      </trkpt>
      <trkpt lat="58.127922" lon="12.141845">
        <ele>63.1</ele>
      </trkpt>
      <trkpt lat="58.127934" lon="12.141411">
        <ele>61.8</ele>
      </trkpt>
      <trkpt lat="58.12795" lon="12.140668">
        <ele>59.6</ele>
      </trkpt>
      <trkpt lat="58.127963" lon="12.140493">
        <ele>59.3</ele>
      </trkpt>
      <trkpt lat="58.127999" lon="12.140213">
        <ele>59.0</ele>
      </trkpt>
      <trkpt lat="58.128066" lon="12.139905">
        <ele>58.8</ele>
      </trkpt>
      <trkpt lat="58.128183" lon="12.139463">
        <ele>58.0</ele>
      </trkpt>
      <trkpt lat="58.128239" lon="12.139256">
        <ele>57.6</ele>
      </trkpt>
      <trkpt lat="58.128191" lon="12.139199">
        <ele>56.8</ele>
      </trkpt>
      <trkpt lat="58.128129" lon="12.139105">
        <ele>55.8</ele>
      </trkpt>
      <trkpt lat="58.12791" lon="12.138551">
        <ele>50.5</ele>
      </trkpt>
      <trkpt lat="58.127692" lon="12.137997">
        <ele>43.6</ele>
      </trkpt>
      <trkpt lat="58.12762" lon="12.137831">
        <ele>41.5</ele>
      </trkpt>
      <trkpt lat="58.127497" lon="12.13761">
        <ele>38.6</ele>
      </trkpt>
      <trkpt lat="58.127359" lon="12.137431">
        <ele>36.0</ele>
      </trkpt>
      <trkpt lat="58.127209" lon="12.137314">
        <ele>33.5</ele>
      </trkpt>
      <trkpt lat="58.127088" lon="12.137255">
        <ele>31.8</ele>
      </trkpt>
      <trkpt lat="58.127009" lon="12.137228">
        <ele>30.7</ele>
      </trkpt>
      <trkpt lat="58.126929" lon="12.137233">
        <ele>29.8</ele>
      </trkpt>
      <trkpt lat="58.126839" lon="12.137267">
        <ele>28.9</ele>
      </trkpt>
      <trkpt lat="58.12677" lon="12.137302">
        <ele>28.4</ele>
      </trkpt>
      <trkpt lat="58.126533" lon="12.137462">
        <ele>26.9</ele>
      </trkpt>
      <trkpt lat="58.126518" lon="12.137394">
        <ele>26.6</ele>
      </trkpt>
      <trkpt lat="58.126484" lon="12.137222">
        <ele>26.0</ele>
      </trkpt>
      <trkpt lat="58.126449" lon="12.137154">
        <ele>25.7</ele>
      </trkpt>
      <trkpt lat="58.126461" lon="12.137073">
        <ele>25.6</ele>
      </trkpt>
      <trkpt lat="58.126433" lon="12.136602">
        <ele>24.7</ele>
      </trkpt>
      <trkpt lat="58.126424" lon="12.136463">
        <ele>24.4</ele>
      </trkpt>
      <trkpt lat="58.126422" lon="12.136335">
        <ele>24.1</ele>
      </trkpt>
      <trkpt lat="58.126429" lon="12.136231">
        <ele>23.9</ele>
      </trkpt>
      <trkpt lat="58.126441" lon="12.136119">
        <ele>23.7</ele>
      </trkpt>
      <trkpt lat="58.126473" lon="12.135972">
        <ele>23.5</ele>
      </trkpt>
      <trkpt lat="58.126543" lon="12.135753">
        <ele>23.4</ele>
      </trkpt>
      <trkpt lat="58.126573" lon="12.13559">
        <ele>23.3</ele>
      </trkpt>
      <trkpt lat="58.126584" lon="12.135428">
        <ele>23.1</ele>
      </trkpt>
      <trkpt lat="58.126584" lon="12.135297">
        <ele>22.9</ele>
      </trkpt>
      <trkpt lat="58.126569" lon="12.135164">
        <ele>22.8</ele>
      </trkpt>
      <trkpt lat="58.126536" lon="12.135037">
        <ele>22.7</ele>
      </trkpt>
      <trkpt lat="58.126463" lon="12.134827">
        <ele>22.6</ele>
      </trkpt>
      <trkpt lat="58.12643" lon="12.134736">
        <ele>22.6</ele>
      </trkpt>
      <trkpt lat="58.126649" lon="12.134461">
        <ele>23.5</ele>
      </trkpt>
      <trkpt lat="58.126829" lon="12.134196">
        <ele>24.1</ele>
      </trkpt>
      <trkpt lat="58.127009" lon="12.133931">
        <ele>24.3</ele>
      </trkpt>
      <trkpt lat="58.127312" lon="12.133474">
        <ele>24.1</ele>
      </trkpt>
      <trkpt lat="58.127495" lon="12.133162">
        <ele>23.8</ele>
      </trkpt>
      <trkpt lat="58.127416" lon="12.132813">
        <ele>23.4</ele>
      </trkpt>
      <trkpt lat="58.127343" lon="12.132362">
        <ele>23.1</ele>
      </trkpt>
      <trkpt lat="58.127237" lon="12.131898">
        <ele>23.2</ele>
      </trkpt>
      <trkpt lat="58.127178" lon="12.131617">
        <ele>23.0</ele>
      </trkpt>
      <trkpt lat="58.127116" lon="12.131324">
        <ele>22.5</ele>
      </trkpt>
      <trkpt lat="58.127079" lon="12.131139">
        <ele>22.1</ele>
      </trkpt>
      <trkpt lat="58.127045" lon="12.130859">
        <ele>21.5</ele>
      </trkpt>
      <trkpt lat="58.126998" lon="12.130145">
        <ele>20.6</ele>
      </trkpt>
      <trkpt lat="58.126971" lon="12.12981">
        <ele>20.5</ele>
      </trkpt>
      <trkpt lat="58.126929" lon="12.12961">
        <ele>20.7</ele>
      </trkpt>
      <trkpt lat="58.126875" lon="12.129401">
        <ele>20.9</ele>
      </trkpt>
      <trkpt lat="58.126802" lon="12.129129">
        <ele>21.1</ele>
      </trkpt>
      <trkpt lat="58.126777" lon="12.128987">
        <ele>21.1</ele>
      </trkpt>
      <trkpt lat="58.126775" lon="12.128882">
        <ele>21.1</ele>
      </trkpt>
      <trkpt lat="58.126785" lon="12.128788">
        <ele>21.1</ele>
      </trkpt>
      <trkpt lat="58.126822" lon="12.128658">
        <ele>21.0</ele>
      </trkpt>
      <trkpt lat="58.127021" lon="12.127969">
        <ele>20.7</ele>
      </trkpt>
      <trkpt lat="58.127191" lon="12.127387">
        <ele>20.4</ele>
      </trkpt>
      <trkpt lat="58.127314" lon="12.126859">
        <ele>19.9</ele>
      </trkpt>
      <trkpt lat="58.127438" lon="12.126331">
        <ele>19.6</ele>
      </trkpt>
      <trkpt lat="58.127534" lon="12.125939">
        <ele>19.7</ele>
      </trkpt>
      <trkpt lat="58.127631" lon="12.125547">
        <ele>20.0</ele>
      </trkpt>
      <trkpt lat="58.127755" lon="12.12503">
        <ele>20.5</ele>
      </trkpt>
      <trkpt lat="58.127776" lon="12.124872">
        <ele>20.6</ele>
      </trkpt>
      <trkpt lat="58.127831" lon="12.124343">
        <ele>20.9</ele>
      </trkpt>
      <trkpt lat="58.127849" lon="12.124224">
        <ele>20.9</ele>
      </trkpt>
      <trkpt lat="58.12789" lon="12.124116">
        <ele>21.0</ele>
      </trkpt>
      <trkpt lat="58.127938" lon="12.124005">
        <ele>21.2</ele>
      </trkpt>
      <trkpt lat="58.128008" lon="12.123846">
        <ele>21.5</ele>
      </trkpt>
      <trkpt lat="58.128032" lon="12.123745">
        <ele>21.7</ele>
      </trkpt>
      <trkpt lat="58.128051" lon="12.123631">
        <ele>21.9</ele>
      </trkpt>
      <trkpt lat="58.128002" lon="12.123065">
        <ele>21.1</ele>
      </trkpt>
      <trkpt lat="58.127992" lon="12.122842">
        <ele>20.1</ele>
      </trkpt>
      <trkpt lat="58.128041" lon="12.122679">
        <ele>19.3</ele>
      </trkpt>
      <trkpt lat="58.128186" lon="12.122532">
        <ele>18.4</ele>
      </trkpt>
      <trkpt lat="58.128489" lon="12.122404">
        <ele>17.3</ele>
      </trkpt>
      <trkpt lat="58.128822" lon="12.122317">
        <ele>16.3</ele>
      </trkpt>
      <trkpt lat="58.129098" lon="12.122323">
        <ele>15.6</ele>
      </trkpt>
      <trkpt lat="58.129518" lon="12.122472">
        <ele>13.7</ele>
      </trkpt>
      <trkpt lat="58.129579" lon="12.122493">
        <ele>13.3</ele>
      </trkpt>
      <trkpt lat="58.129672" lon="12.122526">
        <ele>12.7</ele>
      </trkpt>
      <trkpt lat="58.129924" lon="12.122631">
        <ele>11.3</ele>
      </trkpt>
      <trkpt lat="58.129977" lon="12.122633">
        <ele>11.2</ele>
        <name>58.129976,12.122692</name>
        <extensions>
          <oa:Extension>
            <oa:mapZoom>15</oa:mapZoom>
          </oa:Extension>
        </extensions>
      </trkpt>
      <trkpt lat="58.130346" lon="12.122648">
        <ele>11.0</ele>
      </trkpt>
      <trkpt lat="58.130588" lon="12.122661">
        <ele>11.7</ele>
      </trkpt>
      <trkpt lat="58.130818" lon="12.122697">
        <ele>12.1</ele>
      </trkpt>
      <trkpt lat="58.131048" lon="12.122733">
        <ele>12.3</ele>
      </trkpt>
      <trkpt lat="58.131121" lon="12.122745">
        <ele>12.3</ele>
      </trkpt>
      <trkpt lat="58.13118" lon="12.122647">
        <ele>12.1</ele>
      </trkpt>
      <trkpt lat="58.131268" lon="12.122509">
        <ele>11.6</ele>
      </trkpt>
      <trkpt lat="58.131323" lon="12.122489">
        <ele>11.5</ele>
      </trkpt>
      <trkpt lat="58.131387" lon="12.122489">
        <ele>11.4</ele>
      </trkpt>
      <trkpt lat="58.131463" lon="12.122528">
        <ele>11.4</ele>
      </trkpt>
      <trkpt lat="58.131556" lon="12.122523">
        <ele>11.2</ele>
      </trkpt>
      <trkpt lat="58.131654" lon="12.122459">
        <ele>10.8</ele>
      </trkpt>
      <trkpt lat="58.131773" lon="12.12236">
        <ele>10.1</ele>
      </trkpt>
      <trkpt lat="58.131907" lon="12.122339">
        <ele>9.8</ele>
      </trkpt>
      <trkpt lat="58.13192" lon="12.12234">
        <ele>9.8</ele>
      </trkpt>
      <trkpt lat="58.132024" lon="12.122347">
        <ele>9.7</ele>
      </trkpt>
      <trkpt lat="58.132144" lon="12.122293">
        <ele>9.2</ele>
      </trkpt>
      <trkpt lat="58.132434" lon="12.122092">
        <ele>7.9</ele>
      </trkpt>
      <trkpt lat="58.132687" lon="12.121999">
        <ele>7.1</ele>
      </trkpt>
      <trkpt lat="58.132886" lon="12.121954">
        <ele>6.6</ele>
      </trkpt>
      <trkpt lat="58.133131" lon="12.121858">
        <ele>5.8</ele>
      </trkpt>
      <trkpt lat="58.133377" lon="12.121762">
        <ele>5.6</ele>
      </trkpt>
      <trkpt lat="58.133502" lon="12.121642">
        <ele>5.6</ele>
      </trkpt>
      <trkpt lat="58.133689" lon="12.121318">
        <ele>5.7</ele>
      </trkpt>
      <trkpt lat="58.133822" lon="12.121046">
        <ele>5.7</ele>
      </trkpt>
      <trkpt lat="58.133938" lon="12.120804">
        <ele>5.3</ele>
      </trkpt>
      <trkpt lat="58.133984" lon="12.120716">
        <ele>5.1</ele>
      </trkpt>
      <trkpt lat="58.134026" lon="12.120672">
        <ele>5.1</ele>
      </trkpt>
      <trkpt lat="58.134077" lon="12.120649">
        <ele>5.1</ele>
      </trkpt>
      <trkpt lat="58.134133" lon="12.120642">
        <ele>5.1</ele>
      </trkpt>
      <trkpt lat="58.134181" lon="12.120665">
        <ele>5.3</ele>
      </trkpt>
      <trkpt lat="58.134251" lon="12.120752">
        <ele>5.8</ele>
      </trkpt>
      <trkpt lat="58.134347" lon="12.120897">
        <ele>6.6</ele>
      </trkpt>
      <trkpt lat="58.134416" lon="12.121008">
        <ele>7.2</ele>
      </trkpt>
      <trkpt lat="58.13446" lon="12.121061">
        <ele>7.5</ele>
      </trkpt>
      <trkpt lat="58.13451" lon="12.121109">
        <ele>7.8</ele>
      </trkpt>
      <trkpt lat="58.134577" lon="12.121164">
        <ele>8.2</ele>
      </trkpt>
      <trkpt lat="58.13463" lon="12.121198">
        <ele>8.4</ele>
      </trkpt>
      <trkpt lat="58.134667" lon="12.121203">
        <ele>8.5</ele>
      </trkpt>
      <trkpt lat="58.134951" lon="12.121203">
        <ele>8.6</ele>
      </trkpt>
      <trkpt lat="58.135037" lon="12.121211">
        <ele>8.7</ele>
      </trkpt>
      <trkpt lat="58.135127" lon="12.121283">
        <ele>9.0</ele>
      </trkpt>
      <trkpt lat="58.135447" lon="12.121639">
        <ele>10.0</ele>
      </trkpt>
      <trkpt lat="58.135486" lon="12.121718">
        <ele>10.3</ele>
      </trkpt>
      <trkpt lat="58.135464" lon="12.121951">
        <ele>11.5</ele>
      </trkpt>
      <trkpt lat="58.135452" lon="12.122049">
        <ele>12.1</ele>
      </trkpt>
      <trkpt lat="58.135731" lon="12.122192">
        <ele>11.8</ele>
      </trkpt>
      <trkpt lat="58.136067" lon="12.122373">
        <ele>11.3</ele>
      </trkpt>
      <trkpt lat="58.136123" lon="12.122156">
        <ele>10.0</ele>
      </trkpt>
      <trkpt lat="58.136165" lon="12.122029">
        <ele>9.1</ele>
      </trkpt>
      <trkpt lat="58.13633" lon="12.121711">
        <ele>7.1</ele>
      </trkpt>
      <trkpt lat="58.136622" lon="12.121148">
        <ele>6.6</ele>
      </trkpt>
      <trkpt lat="58.136913" lon="12.120585">
        <ele>6.0</ele>
      </trkpt>
      <trkpt lat="58.137205" lon="12.120022">
        <ele>5.5</ele>
      </trkpt>
      <trkpt lat="58.13729" lon="12.119888">
        <ele>5.6</ele>
      </trkpt>
      <trkpt lat="58.137409" lon="12.119769">
        <ele>6.0</ele>
      </trkpt>
      <trkpt lat="58.137473" lon="12.119717">
        <ele>6.2</ele>
      </trkpt>
      <trkpt lat="58.137538" lon="12.119611">
        <ele>6.6</ele>
      </trkpt>
      <trkpt lat="58.137543" lon="12.119547">
        <ele>6.7</ele>
      </trkpt>
      <trkpt lat="58.137554" lon="12.119548">
        <ele>6.7</ele>
      </trkpt>
      <trkpt lat="58.13757" lon="12.119541">
        <ele>6.8</ele>
      </trkpt>
      <trkpt lat="58.137576" lon="12.119515">
        <ele>6.9</ele>
      </trkpt>
      <trkpt lat="58.137573" lon="12.119478">
        <ele>6.9</ele>
      </trkpt>
      <trkpt lat="58.137556" lon="12.119447">
        <ele>6.9</ele>
      </trkpt>
      <trkpt lat="58.137551" lon="12.119409">
        <ele>6.9</ele>
      </trkpt>
      <trkpt lat="58.13755" lon="12.119368">
        <ele>7.0</ele>
      </trkpt>
      <trkpt lat="58.137581" lon="12.119298">
        <ele>7.2</ele>
      </trkpt>
      <trkpt lat="58.137647" lon="12.119232">
        <ele>7.5</ele>
      </trkpt>
      <trkpt lat="58.137661" lon="12.11909">
        <ele>7.8</ele>
      </trkpt>
      <trkpt lat="58.137664" lon="12.119074">
        <ele>7.8</ele>
      </trkpt>
      <trkpt lat="58.137677" lon="12.11904">
        <ele>7.9</ele>
      </trkpt>
      <trkpt lat="58.137652" lon="12.118936">
        <ele>7.7</ele>
      </trkpt>
      <trkpt lat="58.137625" lon="12.118774">
        <ele>7.5</ele>
      </trkpt>
      <trkpt lat="58.137627" lon="12.1186">
        <ele>7.4</ele>
      </trkpt>
      <trkpt lat="58.137652" lon="12.118472">
        <ele>7.6</ele>
      </trkpt>
      <trkpt lat="58.137699" lon="12.118388">
        <ele>8.0</ele>
      </trkpt>
      <trkpt lat="58.137774" lon="12.118293">
        <ele>8.7</ele>
      </trkpt>
      <trkpt lat="58.137822" lon="12.118248">
        <ele>9.2</ele>
      </trkpt>
      <trkpt lat="58.137883" lon="12.11823">
        <ele>9.6</ele>
      </trkpt>
      <trkpt lat="58.137924" lon="12.118216">
        <ele>10.0</ele>
      </trkpt>
      <trkpt lat="58.137976" lon="12.118209">
        <ele>10.3</ele>
      </trkpt>
      <trkpt lat="58.138004" lon="12.118136">
        <ele>10.7</ele>
      </trkpt>
      <trkpt lat="58.138077" lon="12.117819">
        <ele>12.2</ele>
      </trkpt>
      <trkpt lat="58.13817" lon="12.117427">
        <ele>13.7</ele>
      </trkpt>
      <trkpt lat="58.138314" lon="12.11682">
        <ele>15.4</ele>
      </trkpt>
      <trkpt lat="58.138336" lon="12.116691">
        <ele>15.9</ele>
      </trkpt>
      <trkpt lat="58.138382" lon="12.116336">
        <ele>17.5</ele>
      </trkpt>
      <trkpt lat="58.138385" lon="12.116312">
        <ele>17.7</ele>
      </trkpt>
      <trkpt lat="58.138449" lon="12.115761">
        <ele>20.3</ele>
      </trkpt>
      <trkpt lat="58.138522" lon="12.115128">
        <ele>22.8</ele>
      </trkpt>
      <trkpt lat="58.138528" lon="12.115078">
        <ele>23.0</ele>
      </trkpt>
      <trkpt lat="58.13861" lon="12.114632">
        <ele>24.6</ele>
      </trkpt>
      <trkpt lat="58.138696" lon="12.114058">
        <ele>26.6</ele>
      </trkpt>
      <trkpt lat="58.138715" lon="12.11384">
        <ele>27.6</ele>
      </trkpt>
      <trkpt lat="58.138923" lon="12.113913">
        <ele>25.1</ele>
      </trkpt>
      <trkpt lat="58.138978" lon="12.11404">
        <ele>24.2</ele>
      </trkpt>
      <trkpt lat="58.139189" lon="12.114101">
        <ele>23.1</ele>
      </trkpt>
      <trkpt lat="58.139458" lon="12.114154">
        <ele>23.4</ele>
      </trkpt>
      <trkpt lat="58.139728" lon="12.114207">
        <ele>24.7</ele>
      </trkpt>
      <trkpt lat="58.139833" lon="12.114228">
        <ele>25.2</ele>
      </trkpt>
      <trkpt lat="58.140171" lon="12.114291">
        <ele>26.3</ele>
      </trkpt>
      <trkpt lat="58.140508" lon="12.114355">
        <ele>27.2</ele>
      </trkpt>
      <trkpt lat="58.140628" lon="12.114388">
        <ele>27.4</ele>
      </trkpt>
      <trkpt lat="58.140936" lon="12.114491">
        <ele>27.9</ele>
      </trkpt>
      <trkpt lat="58.141061" lon="12.1146">
        <ele>28.1</ele>
      </trkpt>
      <trkpt lat="58.141294" lon="12.114729">
        <ele>28.5</ele>
      </trkpt>
      <trkpt lat="58.141423" lon="12.114753">
        <ele>28.7</ele>
      </trkpt>
      <trkpt lat="58.141562" lon="12.114727">
        <ele>28.8</ele>
      </trkpt>
      <trkpt lat="58.14182" lon="12.114716">
        <ele>28.9</ele>
      </trkpt>
      <trkpt lat="58.141968" lon="12.114709">
        <ele>28.8</ele>
        <name>58.141971,12.114924</name>
        <extensions>
          <oa:Extension>
            <oa:mapZoom>15</oa:mapZoom>
          </oa:Extension>
        </extensions>
      </trkpt>
      <trkpt lat="58.142079" lon="12.114704">
        <ele>28.8</ele>
      </trkpt>
      <trkpt lat="58.142286" lon="12.114694">
        <ele>28.5</ele>
      </trkpt>
      <trkpt lat="58.142423" lon="12.114647">
        <ele>28.1</ele>
      </trkpt>
      <trkpt lat="58.142674" lon="12.114485">
        <ele>26.6</ele>
      </trkpt>
      <trkpt lat="58.142955" lon="12.114297">
        <ele>24.6</ele>
      </trkpt>
      <trkpt lat="58.143235" lon="12.11411">
        <ele>23.4</ele>
      </trkpt>
      <trkpt lat="58.143496" lon="12.113916">
        <ele>23.0</ele>
      </trkpt>
      <trkpt lat="58.143691" lon="12.11366">
        <ele>23.0</ele>
      </trkpt>
      <trkpt lat="58.1439" lon="12.113328">
        <ele>23.0</ele>
      </trkpt>
      <trkpt lat="58.144093" lon="12.112898">
        <ele>22.5</ele>
      </trkpt>
      <trkpt lat="58.144212" lon="12.112544">
        <ele>22.0</ele>
      </trkpt>
      <trkpt lat="58.144361" lon="12.112071">
        <ele>21.9</ele>
      </trkpt>
      <trkpt lat="58.144532" lon="12.112357">
        <ele>22.4</ele>
      </trkpt>
      <trkpt lat="58.144657" lon="12.112494">
        <ele>23.0</ele>
      </trkpt>
      <trkpt lat="58.145054" lon="12.112696">
        <ele>25.5</ele>
      </trkpt>
      <trkpt lat="58.14545" lon="12.112897">
        <ele>29.0</ele>
      </trkpt>
      <trkpt lat="58.145619" lon="12.113001">
        <ele>30.0</ele>
      </trkpt>
      <trkpt lat="58.145861" lon="12.113235">
        <ele>30.2</ele>
      </trkpt>
      <trkpt lat="58.145909" lon="12.113074">
        <ele>30.8</ele>
      </trkpt>
      <trkpt lat="58.145929" lon="12.112961">
        <ele>31.5</ele>
      </trkpt>
      <trkpt lat="58.14594" lon="12.112768">
        <ele>32.8</ele>
      </trkpt>
      <trkpt lat="58.145956" lon="12.112476">
        <ele>34.8</ele>
      </trkpt>
      <trkpt lat="58.145957" lon="12.112457">
        <ele>34.9</ele>
      </trkpt>
      <trkpt lat="58.14594" lon="12.11206">
        <ele>37.3</ele>
      </trkpt>
      <trkpt lat="58.145923" lon="12.111856">
        <ele>38.3</ele>
      </trkpt>
      <trkpt lat="58.145892" lon="12.111717">
        <ele>38.5</ele>
      </trkpt>
      <trkpt lat="58.145829" lon="12.111524">
        <ele>38.1</ele>
      </trkpt>
      <trkpt lat="58.145781" lon="12.111325">
        <ele>37.3</ele>
      </trkpt>
      <trkpt lat="58.145725" lon="12.11096">
        <ele>35.8</ele>
      </trkpt>
      <trkpt lat="58.145696" lon="12.110698">
        <ele>35.3</ele>
      </trkpt>
      <trkpt lat="58.145699" lon="12.110531">
        <ele>35.5</ele>
      </trkpt>
      <trkpt lat="58.145719" lon="12.110343">
        <ele>36.0</ele>
      </trkpt>
      <trkpt lat="58.145759" lon="12.110161">
        <ele>36.5</ele>
      </trkpt>
      <trkpt lat="58.145818" lon="12.110022">
        <ele>36.9</ele>
      </trkpt>
      <trkpt lat="58.145929" lon="12.109871">
        <ele>37.3</ele>
      </trkpt>
      <trkpt lat="58.145971" lon="12.109821">
        <ele>37.3</ele>
      </trkpt>
      <trkpt lat="58.146053" lon="12.109721">
        <ele>37.1</ele>
      </trkpt>
      <trkpt lat="58.146132" lon="12.109582">
        <ele>36.4</ele>
      </trkpt>
      <trkpt lat="58.146166" lon="12.109458">
        <ele>35.4</ele>
      </trkpt>
      <trkpt lat="58.146178" lon="12.109346">
        <ele>34.4</ele>
      </trkpt>
      <trkpt lat="58.146161" lon="12.109185">
        <ele>32.9</ele>
      </trkpt>
      <trkpt lat="58.146081" lon="12.108739">
        <ele>28.5</ele>
      </trkpt>
      <trkpt lat="58.14597" lon="12.108029">
        <ele>25.1</ele>
      </trkpt>
      <trkpt lat="58.145859" lon="12.107319">
        <ele>26.3</ele>
      </trkpt>
      <trkpt lat="58.145868" lon="12.107166">
        <ele>26.5</ele>
      </trkpt>
      <trkpt lat="58.145955" lon="12.106731">
        <ele>27.0</ele>
      </trkpt>
      <trkpt lat="58.146042" lon="12.106295">
        <ele>26.7</ele>
      </trkpt>
      <trkpt lat="58.146086" lon="12.105922">
        <ele>26.4</ele>
        <name>58.146042,12.105904</name>
        <extensions>
          <oa:Extension>
            <oa:mapZoom>15</oa:mapZoom>
          </oa:Extension>
        </extensions>
      </trkpt>
      <trkpt lat="58.146124" lon="12.10559">
        <ele>26.2</ele>
      </trkpt>
      <trkpt lat="58.14626" lon="12.104922">
        <ele>26.6</ele>
      </trkpt>
      <trkpt lat="58.146397" lon="12.104254">
        <ele>27.7</ele>
      </trkpt>
      <trkpt lat="58.146533" lon="12.103585">
        <ele>28.8</ele>
      </trkpt>
      <trkpt lat="58.14667" lon="12.102917">
        <ele>30.5</ele>
      </trkpt>
      <trkpt lat="58.146806" lon="12.102248">
        <ele>32.1</ele>
      </trkpt>
      <trkpt lat="58.146849" lon="12.101991">
        <ele>32.7</ele>
      </trkpt>
      <trkpt lat="58.14688" lon="12.10183">
        <ele>33.1</ele>
      </trkpt>
      <trkpt lat="58.146908" lon="12.101734">
        <ele>33.4</ele>
      </trkpt>
      <trkpt lat="58.146968" lon="12.101685">
        <ele>33.8</ele>
      </trkpt>
      <trkpt lat="58.147217" lon="12.101594">
        <ele>35.5</ele>
      </trkpt>
      <trkpt lat="58.147347" lon="12.10154">
        <ele>36.3</ele>
      </trkpt>
      <trkpt lat="58.147401" lon="12.101449">
        <ele>36.7</ele>
      </trkpt>
      <trkpt lat="58.147437" lon="12.101315">
        <ele>37.1</ele>
      </trkpt>
      <trkpt lat="58.147466" lon="12.101079">
        <ele>37.5</ele>
      </trkpt>
      <trkpt lat="58.147522" lon="12.10051">
        <ele>38.3</ele>
      </trkpt>
      <trkpt lat="58.147579" lon="12.099942">
        <ele>38.7</ele>
      </trkpt>
      <trkpt lat="58.147636" lon="12.099373">
        <ele>38.6</ele>
      </trkpt>
      <trkpt lat="58.147704" lon="12.098684">
        <ele>39.3</ele>
      </trkpt>
      <trkpt lat="58.147772" lon="12.097994">
        <ele>40.2</ele>
      </trkpt>
      <trkpt lat="58.147826" lon="12.097446">
        <ele>40.8</ele>
      </trkpt>
      <trkpt lat="58.14823" lon="12.097702">
        <ele>47.9</ele>
      </trkpt>
      <trkpt lat="58.14863" lon="12.09801">
        <ele>52.8</ele>
      </trkpt>
      <trkpt lat="58.148989" lon="12.098344">
        <ele>55.8</ele>
      </trkpt>
      <trkpt lat="58.149355" lon="12.09878">
        <ele>57.3</ele>
      </trkpt>
      <trkpt lat="58.149734" lon="12.09896">
        <ele>59.8</ele>
      </trkpt>
      <trkpt lat="58.150147" lon="12.099089">
        <ele>61.8</ele>
      </trkpt>
      <trkpt lat="58.150561" lon="12.099153">
        <ele>63.5</ele>
      </trkpt>
      <trkpt lat="58.150832" lon="12.09923">
        <ele>64.4</ele>
      </trkpt>
      <trkpt lat="58.151103" lon="12.099307">
        <ele>65.7</ele>
      </trkpt>
      <trkpt lat="58.151367" lon="12.099114">
        <ele>69.4</ele>
      </trkpt>
      <trkpt lat="58.151651" lon="12.098986">
        <ele>72.5</ele>
      </trkpt>
      <trkpt lat="58.151929" lon="12.098883">
        <ele>75.0</ele>
      </trkpt>
      <trkpt lat="58.1522" lon="12.098928">
        <ele>75.9</ele>
      </trkpt>
      <trkpt lat="58.152471" lon="12.098973">
        <ele>77.0</ele>
      </trkpt>
      <trkpt lat="58.152755" lon="12.099037">
        <ele>78.5</ele>
      </trkpt>
      <trkpt lat="58.153094" lon="12.099127">
        <ele>80.9</ele>
      </trkpt>
      <trkpt lat="58.153412" lon="12.099191">
        <ele>83.6</ele>
      </trkpt>
      <trkpt lat="58.153582" lon="12.099063">
        <ele>86.5</ele>
      </trkpt>
      <trkpt lat="58.153568" lon="12.098729">
        <ele>89.1</ele>
      </trkpt>
      <trkpt lat="58.153426" lon="12.098344">
        <ele>90.8</ele>
      </trkpt>
      <trkpt lat="58.15327" lon="12.097869">
        <ele>93.4</ele>
      </trkpt>
      <trkpt lat="58.153241" lon="12.097506">
        <ele>96.2</ele>
      </trkpt>
      <trkpt lat="58.153223" lon="12.097242">
        <ele>98.1</ele>
      </trkpt>
      <trkpt lat="58.153134" lon="12.096986">
        <ele>99.2</ele>
      </trkpt>
      <trkpt lat="58.153125" lon="12.09674">
        <ele>100.8</ele>
      </trkpt>
      <trkpt lat="58.153158" lon="12.096634">
        <ele>101.8</ele>
      </trkpt>
      <trkpt lat="58.15326" lon="12.09652">
        <ele>103.2</ele>
      </trkpt>
      <trkpt lat="58.153418" lon="12.096494">
        <ele>104.8</ele>
      </trkpt>
      <trkpt lat="58.153511" lon="12.096423">
        <ele>106.1</ele>
      </trkpt>
      <trkpt lat="58.153706" lon="12.096344">
        <ele>108.5</ele>
      </trkpt>
      <trkpt lat="58.153854" lon="12.096229">
        <ele>110.4</ele>
      </trkpt>
      <trkpt lat="58.154022" lon="12.09615">
        <ele>112.2</ele>
      </trkpt>
      <trkpt lat="58.154203" lon="12.096044">
        <ele>113.9</ele>
      </trkpt>
      <trkpt lat="58.154291" lon="12.09593">
        <ele>114.8</ele>
      </trkpt>
      <trkpt lat="58.15437" lon="12.09593">
        <ele>115.5</ele>
      </trkpt>
      <trkpt lat="58.15457" lon="12.095939">
        <ele>117.1</ele>
      </trkpt>
      <trkpt lat="58.154658" lon="12.095939">
        <ele>117.8</ele>
      </trkpt>
      <trkpt lat="58.154788" lon="12.095948">
        <ele>118.4</ele>
      </trkpt>
      <trkpt lat="58.154937" lon="12.095948">
        <ele>118.7</ele>
      </trkpt>
      <trkpt lat="58.155141" lon="12.095956">
        <ele>118.0</ele>
      </trkpt>
      <trkpt lat="58.155203" lon="12.095868">
        <ele>117.8</ele>
      </trkpt>
      <trkpt lat="58.155211" lon="12.095887">
        <ele>117.71443</ele>
        <name>58.155211,12.095887</name>
        <extensions>
          <oa:Extension>
            <oa:mapZoom>15</oa:mapZoom>
          </oa:Extension>
        </extensions>
      </trkpt>
      <trkpt lat="58.155891" lon="12.099149">
        <ele>103.86535</ele>
      </trkpt>
      <trkpt lat="58.157114" lon="12.10078">
        <ele>99.90209</ele>
      </trkpt>
      <trkpt lat="58.159062" lon="12.103011">
        <ele>105.92726</ele>
      </trkpt>
      <trkpt lat="58.161169" lon="12.103569">
        <ele>90.67345</ele>
      </trkpt>
      <trkpt lat="58.161328" lon="12.104771">
        <ele>90.62733</ele>
      </trkpt>
      <trkpt lat="58.162959" lon="12.104985">
        <ele>82.11004</ele>
      </trkpt>
      <trkpt lat="58.163797" lon="12.103784">
        <ele>75.39314</ele>
      </trkpt>
      <trkpt lat="58.16375" lon="12.103742">
        <ele>76.1</ele>
        <name>58.163797,12.103784</name>
        <extensions>
          <oa:Extension>
            <oa:mapZoom>15</oa:mapZoom>
          </oa:Extension>
        </extensions>
      </trkpt>
      <trkpt lat="58.163798" lon="12.103548">
        <ele>76.0</ele>
      </trkpt>
      <trkpt lat="58.16387" lon="12.103294">
        <ele>75.7</ele>
      </trkpt>
      <trkpt lat="58.164012" lon="12.103062">
        <ele>74.2</ele>
      </trkpt>
      <trkpt lat="58.164148" lon="12.102876">
        <ele>72.4</ele>
      </trkpt>
      <trkpt lat="58.164311" lon="12.102698">
        <ele>70.2</ele>
      </trkpt>
      <trkpt lat="58.164439" lon="12.102556">
        <ele>68.4</ele>
      </trkpt>
      <trkpt lat="58.164509" lon="12.102374">
        <ele>67.4</ele>
      </trkpt>
      <trkpt lat="58.164599" lon="12.102086">
        <ele>66.4</ele>
      </trkpt>
      <trkpt lat="58.16472" lon="12.101788">
        <ele>64.4</ele>
      </trkpt>
      <trkpt lat="58.164884" lon="12.101468">
        <ele>60.6</ele>
      </trkpt>
      <trkpt lat="58.165005" lon="12.101157">
        <ele>56.6</ele>
      </trkpt>
      <trkpt lat="58.165058" lon="12.101012">
        <ele>54.8</ele>
      </trkpt>
      <trkpt lat="58.16518" lon="12.100821">
        <ele>51.7</ele>
      </trkpt>
      <trkpt lat="58.165285" lon="12.100641">
        <ele>49.3</ele>
      </trkpt>
      <trkpt lat="58.165409" lon="12.100475">
        <ele>46.9</ele>
      </trkpt>
      <trkpt lat="58.16549" lon="12.100382">
        <ele>45.6</ele>
      </trkpt>
      <trkpt lat="58.165659" lon="12.100321">
        <ele>43.0</ele>
      </trkpt>
      <trkpt lat="58.165727" lon="12.100275">
        <ele>42.0</ele>
      </trkpt>
      <trkpt lat="58.165808" lon="12.101071">
        <ele>38.8</ele>
      </trkpt>
      <trkpt lat="58.165813" lon="12.101529">
        <ele>37.6</ele>
      </trkpt>
      <trkpt lat="58.165819" lon="12.101988">
        <ele>37.2</ele>
      </trkpt>
      <trkpt lat="58.165797" lon="12.102426">
        <ele>37.7</ele>
      </trkpt>
      <trkpt lat="58.165866" lon="12.102505">
        <ele>36.4</ele>
      </trkpt>
      <trkpt lat="58.165958" lon="12.102613">
        <ele>35.0</ele>
      </trkpt>
      <trkpt lat="58.166094" lon="12.102707">
        <ele>33.3</ele>
      </trkpt>
      <trkpt lat="58.166226" lon="12.102734">
        <ele>32.0</ele>
      </trkpt>
      <trkpt lat="58.166399" lon="12.102704">
        <ele>30.6</ele>
      </trkpt>
      <trkpt lat="58.1666" lon="12.102646">
        <ele>29.0</ele>
      </trkpt>
      <trkpt lat="58.166716" lon="12.102623">
        <ele>27.9</ele>
      </trkpt>
      <trkpt lat="58.166844" lon="12.102552">
        <ele>26.5</ele>
      </trkpt>
      <trkpt lat="58.166985" lon="12.102528">
        <ele>25.2</ele>
      </trkpt>
      <trkpt lat="58.167085" lon="12.10243">
        <ele>24.2</ele>
      </trkpt>
      <trkpt lat="58.167192" lon="12.102325">
        <ele>23.3</ele>
      </trkpt>
      <trkpt lat="58.167252" lon="12.102244">
        <ele>22.8</ele>
      </trkpt>
      <trkpt lat="58.167374" lon="12.10218">
        <ele>22.2</ele>
      </trkpt>
      <trkpt lat="58.167491" lon="12.10217">
        <ele>21.8</ele>
      </trkpt>
      <trkpt lat="58.167566" lon="12.102227">
        <ele>21.8</ele>
      </trkpt>
      <trkpt lat="58.167628" lon="12.102325">
        <ele>21.7</ele>
      </trkpt>
      <trkpt lat="58.167639" lon="12.102422">
        <ele>21.7</ele>
      </trkpt>
      <trkpt lat="58.167647" lon="12.102546">
        <ele>21.7</ele>
      </trkpt>
      <trkpt lat="58.167663" lon="12.102686">
        <ele>21.6</ele>
      </trkpt>
      <trkpt lat="58.167698" lon="12.102823">
        <ele>21.5</ele>
      </trkpt>
      <trkpt lat="58.167781" lon="12.102894">
        <ele>21.2</ele>
      </trkpt>
      <trkpt lat="58.167833" lon="12.102907">
        <ele>21.1</ele>
      </trkpt>
      <trkpt lat="58.167894" lon="12.102964">
        <ele>20.9</ele>
      </trkpt>
      <trkpt lat="58.167978" lon="12.102993">
        <ele>20.6</ele>
      </trkpt>
      <trkpt lat="58.168079" lon="12.103033">
        <ele>20.4</ele>
      </trkpt>
      <trkpt lat="58.168135" lon="12.103047">
        <ele>20.4</ele>
      </trkpt>
      <trkpt lat="58.168194" lon="12.103031">
        <ele>20.5</ele>
      </trkpt>
      <trkpt lat="58.16826" lon="12.10313">
        <ele>20.3</ele>
      </trkpt>
      <trkpt lat="58.168303" lon="12.103314">
        <ele>20.0</ele>
      </trkpt>
      <trkpt lat="58.168329" lon="12.103527">
        <ele>20.0</ele>
      </trkpt>
      <trkpt lat="58.168362" lon="12.103774">
        <ele>20.3</ele>
      </trkpt>
      <trkpt lat="58.168396" lon="12.104024">
        <ele>20.8</ele>
      </trkpt>
      <trkpt lat="58.168431" lon="12.10427">
        <ele>21.0</ele>
      </trkpt>
      <trkpt lat="58.168474" lon="12.104466">
        <ele>21.1</ele>
      </trkpt>
      <trkpt lat="58.168529" lon="12.104653">
        <ele>21.1</ele>
      </trkpt>
      <trkpt lat="58.168584" lon="12.104764">
        <ele>20.9</ele>
      </trkpt>
      <trkpt lat="58.168646" lon="12.104897">
        <ele>20.7</ele>
      </trkpt>
      <trkpt lat="58.168694" lon="12.105008">
        <ele>20.6</ele>
      </trkpt>
      <trkpt lat="58.168756" lon="12.105169">
        <ele>20.4</ele>
      </trkpt>
      <trkpt lat="58.16881" lon="12.105337">
        <ele>20.3</ele>
      </trkpt>
      <trkpt lat="58.168844" lon="12.105514">
        <ele>20.4</ele>
      </trkpt>
      <trkpt lat="58.168874" lon="12.105618">
        <ele>20.5</ele>
      </trkpt>
      <trkpt lat="58.168864" lon="12.105734">
        <ele>20.6</ele>
      </trkpt>
      <trkpt lat="58.168826" lon="12.105845">
        <ele>20.9</ele>
      </trkpt>
      <trkpt lat="58.16881" lon="12.105968">
        <ele>21.2</ele>
      </trkpt>
      <trkpt lat="58.168826" lon="12.106026">
        <ele>21.3</ele>
      </trkpt>
      <trkpt lat="58.168903" lon="12.1061">
        <ele>21.1</ele>
      </trkpt>
      <trkpt lat="58.168992" lon="12.106192">
        <ele>21.0</ele>
      </trkpt>
      <trkpt lat="58.169051" lon="12.10621">
        <ele>20.7</ele>
      </trkpt>
      <trkpt lat="58.169099" lon="12.106177">
        <ele>20.5</ele>
      </trkpt>
      <trkpt lat="58.169133" lon="12.10605">
        <ele>20.3</ele>
      </trkpt>
      <trkpt lat="58.169175" lon="12.105924">
        <ele>20.0</ele>
      </trkpt>
      <trkpt lat="58.169215" lon="12.105861">
        <ele>19.9</ele>
      </trkpt>
      <trkpt lat="58.169291" lon="12.105885">
        <ele>19.8</ele>
      </trkpt>
      <trkpt lat="58.16935" lon="12.105982">
        <ele>19.7</ele>
      </trkpt>
      <trkpt lat="58.169434" lon="12.106136">
        <ele>19.5</ele>
      </trkpt>
      <trkpt lat="58.169496" lon="12.106223">
        <ele>19.2</ele>
      </trkpt>
      <trkpt lat="58.169605" lon="12.106344">
        <ele>18.7</ele>
      </trkpt>
      <trkpt lat="58.169703" lon="12.106384">
        <ele>18.2</ele>
      </trkpt>
      <trkpt lat="58.169801" lon="12.1064">
        <ele>17.9</ele>
      </trkpt>
      <trkpt lat="58.169885" lon="12.106458">
        <ele>17.5</ele>
      </trkpt>
      <trkpt lat="58.169975" lon="12.106561">
        <ele>17.1</ele>
      </trkpt>
      <trkpt lat="58.170058" lon="12.106639">
        <ele>17.0</ele>
      </trkpt>
      <trkpt lat="58.170138" lon="12.106734">
        <ele>16.9</ele>
      </trkpt>
      <trkpt lat="58.170222" lon="12.106871">
        <ele>17.1</ele>
      </trkpt>
      <trkpt lat="58.170286" lon="12.106931">
        <ele>17.3</ele>
      </trkpt>
      <trkpt lat="58.170392" lon="12.106932">
        <ele>17.4</ele>
      </trkpt>
      <trkpt lat="58.170475" lon="12.106871">
        <ele>17.5</ele>
      </trkpt>
      <trkpt lat="58.170561" lon="12.106749">
        <ele>17.7</ele>
      </trkpt>
      <trkpt lat="58.170674" lon="12.106581">
        <ele>18.4</ele>
      </trkpt>
      <trkpt lat="58.170767" lon="12.106479">
        <ele>19.3</ele>
      </trkpt>
      <trkpt lat="58.170857" lon="12.106423">
        <ele>20.0</ele>
      </trkpt>
      <trkpt lat="58.170993" lon="12.106371">
        <ele>21.2</ele>
      </trkpt>
      <trkpt lat="58.171087" lon="12.106318">
        <ele>22.3</ele>
      </trkpt>
      <trkpt lat="58.171184" lon="12.106211">
        <ele>23.8</ele>
      </trkpt>
      <trkpt lat="58.171253" lon="12.106105">
        <ele>25.1</ele>
      </trkpt>
      <trkpt lat="58.171313" lon="12.105998">
        <ele>26.3</ele>
      </trkpt>
      <trkpt lat="58.171383" lon="12.105803">
        <ele>28.1</ele>
      </trkpt>
      <trkpt lat="58.171382" lon="12.105637">
        <ele>28.8</ele>
      </trkpt>
      <trkpt lat="58.171392" lon="12.105479">
        <ele>29.6</ele>
      </trkpt>
      <trkpt lat="58.171371" lon="12.105448">
        <ele>29.5</ele>
      </trkpt>
      <trkpt lat="58.171369" lon="12.105387">
        <ele>29.7</ele>
      </trkpt>
      <trkpt lat="58.171362" lon="12.105303">
        <ele>30.0</ele>
      </trkpt>
      <trkpt lat="58.171337" lon="12.104615">
        <ele>33.8</ele>
      </trkpt>
      <trkpt lat="58.171313" lon="12.103951">
        <ele>38.7</ele>
      </trkpt>
      <trkpt lat="58.171282" lon="12.103955">
        <ele>38.47619</ele>
        <name>58.171281,12.103955</name>
        <extensions>
          <oa:Extension>
            <oa:mapZoom>15</oa:mapZoom>
          </oa:Extension>
        </extensions>
      </trkpt>
      <trkpt lat="58.171345" lon="12.101269">
        <ele>49.72125</ele>
      </trkpt>
      <trkpt lat="58.172549" lon="12.097604">
        <ele>86.64899</ele>
      </trkpt>
      <trkpt lat="58.172538" lon="12.097553">
        <ele>86.9</ele>
        <name>58.172549,12.097604</name>
        <extensions>
          <oa:Extension>
            <oa:mapZoom>15</oa:mapZoom>
          </oa:Extension>
        </extensions>
      </trkpt>
      <trkpt lat="58.172655" lon="12.097466">
        <ele>87.1</ele>
      </trkpt>
      <trkpt lat="58.172837" lon="12.097064">
        <ele>87.9</ele>
      </trkpt>
      <trkpt lat="58.173033" lon="12.096506">
        <ele>88.8</ele>
      </trkpt>
      <trkpt lat="58.173236" lon="12.095777">
        <ele>90.4</ele>
      </trkpt>
      <trkpt lat="58.173369" lon="12.095358">
        <ele>91.2</ele>
      </trkpt>
      <trkpt lat="58.173386" lon="12.094927">
        <ele>92.0</ele>
      </trkpt>
      <trkpt lat="58.173361" lon="12.094644">
        <ele>92.5</ele>
      </trkpt>
      <trkpt lat="58.173707" lon="12.094363">
        <ele>92.9</ele>
      </trkpt>
      <trkpt lat="58.174052" lon="12.094082">
        <ele>94.0</ele>
      </trkpt>
      <trkpt lat="58.174308" lon="12.093821">
        <ele>96.3</ele>
      </trkpt>
      <trkpt lat="58.174564" lon="12.09356">
        <ele>99.0</ele>
      </trkpt>
      <trkpt lat="58.174734" lon="12.093468">
        <ele>100.1</ele>
      </trkpt>
      <trkpt lat="58.174874" lon="12.093486">
        <ele>100.7</ele>
      </trkpt>
      <trkpt lat="58.174982" lon="12.093499">
        <ele>101.1</ele>
      </trkpt>
      <trkpt lat="58.175087" lon="12.093625">
        <ele>101.0</ele>
      </trkpt>
      <trkpt lat="58.17517" lon="12.093821">
        <ele>100.4</ele>
      </trkpt>
      <trkpt lat="58.175296" lon="12.094052">
        <ele>99.8</ele>
      </trkpt>
      <trkpt lat="58.175404" lon="12.094174">
        <ele>99.9</ele>
      </trkpt>
      <trkpt lat="58.175528" lon="12.094248">
        <ele>100.3</ele>
      </trkpt>
      <trkpt lat="58.175689" lon="12.094304">
        <ele>100.7</ele>
      </trkpt>
      <trkpt lat="58.175827" lon="12.094313">
        <ele>100.9</ele>
      </trkpt>
      <trkpt lat="58.175859" lon="12.094307">
        <ele>100.9</ele>
      </trkpt>
      <trkpt lat="58.175944" lon="12.094291">
        <ele>100.8</ele>
      </trkpt>
      <trkpt lat="58.176154" lon="12.094045">
        <ele>100.0</ele>
      </trkpt>
      <trkpt lat="58.176364" lon="12.093799">
        <ele>98.7</ele>
      </trkpt>
      <trkpt lat="58.176483" lon="12.093708">
        <ele>97.8</ele>
      </trkpt>
      <trkpt lat="58.176603" lon="12.093725">
        <ele>97.1</ele>
      </trkpt>
      <trkpt lat="58.176754" lon="12.093795">
        <ele>96.2</ele>
      </trkpt>
      <trkpt lat="58.176822" lon="12.09379">
        <ele>95.7</ele>
      </trkpt>
      <trkpt lat="58.176888" lon="12.094017">
        <ele>95.5</ele>
      </trkpt>
      <trkpt lat="58.176978" lon="12.094349">
        <ele>95.5</ele>
      </trkpt>
      <trkpt lat="58.177118" lon="12.094777">
        <ele>95.7</ele>
      </trkpt>
      <trkpt lat="58.177203" lon="12.09491">
        <ele>95.2</ele>
      </trkpt>
      <trkpt lat="58.177319" lon="12.095195">
        <ele>94.4</ele>
      </trkpt>
      <trkpt lat="58.177384" lon="12.095499">
        <ele>93.8</ele>
      </trkpt>
      <trkpt lat="58.177434" lon="12.095889">
        <ele>93.4</ele>
      </trkpt>
      <trkpt lat="58.177494" lon="12.09643">
        <ele>93.0</ele>
      </trkpt>
      <trkpt lat="58.177544" lon="12.096991">
        <ele>92.9</ele>
      </trkpt>
      <trkpt lat="58.177639" lon="12.097599">
        <ele>92.9</ele>
      </trkpt>
      <trkpt lat="58.177714" lon="12.098245">
        <ele>93.6</ele>
      </trkpt>
      <trkpt lat="58.177749" lon="12.098673">
        <ele>93.1</ele>
      </trkpt>
      <trkpt lat="58.177744" lon="12.099148">
        <ele>91.9</ele>
      </trkpt>
      <trkpt lat="58.17782" lon="12.099404">
        <ele>91.1</ele>
      </trkpt>
      <trkpt lat="58.177935" lon="12.09987">
        <ele>89.3</ele>
      </trkpt>
      <trkpt lat="58.178045" lon="12.100307">
        <ele>88.2</ele>
      </trkpt>
      <trkpt lat="58.178205" lon="12.100991">
        <ele>87.7</ele>
      </trkpt>
      <trkpt lat="58.17832" lon="12.10159">
        <ele>88.0</ele>
      </trkpt>
      <trkpt lat="58.178434" lon="12.102189">
        <ele>87.6</ele>
      </trkpt>
      <trkpt lat="58.178447" lon="12.102456">
        <ele>87.6</ele>
      </trkpt>
      <trkpt lat="58.178475" lon="12.102758">
        <ele>87.6</ele>
      </trkpt>
      <trkpt lat="58.178545" lon="12.103135">
        <ele>87.6</ele>
      </trkpt>
      <trkpt lat="58.178598" lon="12.103348">
        <ele>87.5</ele>
      </trkpt>
      <trkpt lat="58.178685" lon="12.103655">
        <ele>87.3</ele>
      </trkpt>
      <trkpt lat="58.178761" lon="12.103846">
        <ele>87.1</ele>
      </trkpt>
      <trkpt lat="58.178892" lon="12.104054">
        <ele>86.8</ele>
      </trkpt>
      <trkpt lat="58.17901" lon="12.104197">
        <ele>86.4</ele>
      </trkpt>
      <trkpt lat="58.179088" lon="12.104287">
        <ele>86.2</ele>
      </trkpt>
      <trkpt lat="58.179169" lon="12.104398">
        <ele>85.8</ele>
      </trkpt>
      <trkpt lat="58.179219" lon="12.104531">
        <ele>85.5</ele>
      </trkpt>
      <trkpt lat="58.179236" lon="12.104754">
        <ele>85.1</ele>
      </trkpt>
      <trkpt lat="58.179245" lon="12.10494">
        <ele>84.9</ele>
      </trkpt>
      <trkpt lat="58.179287" lon="12.105147">
        <ele>84.6</ele>
      </trkpt>
      <trkpt lat="58.179364" lon="12.105426">
        <ele>84.2</ele>
      </trkpt>
      <trkpt lat="58.179523" lon="12.106092">
        <ele>83.2</ele>
      </trkpt>
      <trkpt lat="58.179542" lon="12.106231">
        <ele>82.9</ele>
      </trkpt>
      <trkpt lat="58.179594" lon="12.106431">
        <ele>82.5</ele>
      </trkpt>
      <trkpt lat="58.179653" lon="12.106621">
        <ele>82.0</ele>
      </trkpt>
      <trkpt lat="58.179738" lon="12.106887">
        <ele>81.2</ele>
      </trkpt>
      <trkpt lat="58.179818" lon="12.107088">
        <ele>80.6</ele>
      </trkpt>
      <trkpt lat="58.179895" lon="12.107297">
        <ele>79.8</ele>
      </trkpt>
      <trkpt lat="58.179933" lon="12.107426">
        <ele>79.4</ele>
      </trkpt>
      <trkpt lat="58.17995" lon="12.107595">
        <ele>78.8</ele>
      </trkpt>
      <trkpt lat="58.179973" lon="12.10789">
        <ele>77.7</ele>
      </trkpt>
      <trkpt lat="58.179996" lon="12.108111">
        <ele>76.8</ele>
      </trkpt>
      <trkpt lat="58.180167" lon="12.108027">
        <ele>76.7</ele>
      </trkpt>
      <trkpt lat="58.180235" lon="12.108538">
        <ele>75.0</ele>
      </trkpt>
      <trkpt lat="58.180267" lon="12.108778">
        <ele>74.3</ele>
      </trkpt>
      <trkpt lat="58.180307" lon="12.109034">
        <ele>73.7</ele>
      </trkpt>
      <trkpt lat="58.180348" lon="12.109267">
        <ele>73.2</ele>
      </trkpt>
      <trkpt lat="58.180379" lon="12.10948">
        <ele>72.8</ele>
      </trkpt>
      <trkpt lat="58.180405" lon="12.109706">
        <ele>72.2</ele>
      </trkpt>
      <trkpt lat="58.180443" lon="12.10999">
        <ele>71.7</ele>
      </trkpt>
      <trkpt lat="58.180479" lon="12.110317">
        <ele>71.1</ele>
      </trkpt>
      <trkpt lat="58.180485" lon="12.110363">
        <ele>71.0</ele>
        <name>58.180495,12.110358</name>
        <extensions>
          <oa:Extension>
            <oa:mapZoom>15</oa:mapZoom>
          </oa:Extension>
        </extensions>
      </trkpt>
      <trkpt lat="58.180515" lon="12.110612">
        <ele>70.6</ele>
      </trkpt>
      <trkpt lat="58.180546" lon="12.110928">
        <ele>69.9</ele>
      </trkpt>
      <trkpt lat="58.180557" lon="12.111044">
        <ele>69.7</ele>
      </trkpt>
      <trkpt lat="58.180619" lon="12.111071">
        <ele>69.9</ele>
      </trkpt>
      <trkpt lat="58.18078" lon="12.11114">
        <ele>70.3</ele>
      </trkpt>
      <trkpt lat="58.180868" lon="12.111146">
        <ele>70.5</ele>
      </trkpt>
      <trkpt lat="58.180958" lon="12.111087">
        <ele>70.8</ele>
      </trkpt>
      <trkpt lat="58.181043" lon="12.110931">
        <ele>71.4</ele>
      </trkpt>
      <trkpt lat="58.181114" lon="12.110797">
        <ele>71.9</ele>
      </trkpt>
      <trkpt lat="58.1812" lon="12.110695">
        <ele>72.4</ele>
      </trkpt>
      <trkpt lat="58.181336" lon="12.109932">
        <ele>75.0</ele>
      </trkpt>
      <trkpt lat="58.181344" lon="12.109574">
        <ele>74.9</ele>
      </trkpt>
      <trkpt lat="58.181228" lon="12.109074">
        <ele>74.4</ele>
      </trkpt>
      <trkpt lat="58.18122" lon="12.108866">
        <ele>74.3</ele>
      </trkpt>
      <trkpt lat="58.18136" lon="12.108384">
        <ele>74.3</ele>
      </trkpt>
      <trkpt lat="58.1815" lon="12.107902">
        <ele>73.6</ele>
      </trkpt>
      <trkpt lat="58.181559" lon="12.107589">
        <ele>72.7</ele>
      </trkpt>
      <trkpt lat="58.181712" lon="12.107047">
        <ele>71.1</ele>
      </trkpt>
      <trkpt lat="58.181865" lon="12.106505">
        <ele>68.9</ele>
      </trkpt>
      <trkpt lat="58.182011" lon="12.106095">
        <ele>66.3</ele>
      </trkpt>
      <trkpt lat="58.18216" lon="12.10614">
        <ele>64.9</ele>
      </trkpt>
      <trkpt lat="58.18235" lon="12.106208">
        <ele>62.8</ele>
      </trkpt>
      <trkpt lat="58.182733" lon="12.106524">
        <ele>57.5</ele>
      </trkpt>
      <trkpt lat="58.183115" lon="12.106841">
        <ele>50.3</ele>
      </trkpt>
      <trkpt lat="58.183498" lon="12.107157">
        <ele>44.9</ele>
      </trkpt>
      <trkpt lat="58.183808" lon="12.107457">
        <ele>40.6</ele>
      </trkpt>
      <trkpt lat="58.184119" lon="12.107757">
        <ele>35.9</ele>
      </trkpt>
      <trkpt lat="58.184302" lon="12.107831">
        <ele>34.2</ele>
      </trkpt>
      <trkpt lat="58.184504" lon="12.107826">
        <ele>33.7</ele>
      </trkpt>
      <trkpt lat="58.184821" lon="12.107728">
        <ele>34.3</ele>
      </trkpt>
      <trkpt lat="58.184992" lon="12.10774">
        <ele>34.5</ele>
      </trkpt>
      <trkpt lat="58.185247" lon="12.107821">
        <ele>34.6</ele>
      </trkpt>
      <trkpt lat="58.185501" lon="12.107903">
        <ele>34.9</ele>
      </trkpt>
      <trkpt lat="58.185661" lon="12.107871">
        <ele>35.3</ele>
      </trkpt>
      <trkpt lat="58.185778" lon="12.107721">
        <ele>36.0</ele>
      </trkpt>
      <trkpt lat="58.185893" lon="12.107681">
        <ele>36.1</ele>
      </trkpt>
      <trkpt lat="58.186085" lon="12.107624">
        <ele>35.8</ele>
      </trkpt>
      <trkpt lat="58.186277" lon="12.107495">
        <ele>35.8</ele>
      </trkpt>
      <trkpt lat="58.186571" lon="12.107265">
        <ele>36.6</ele>
      </trkpt>
      <trkpt lat="58.186709" lon="12.107196">
        <ele>37.2</ele>
      </trkpt>
      <trkpt lat="58.187129" lon="12.107188">
        <ele>38.8</ele>
      </trkpt>
      <trkpt lat="58.187276" lon="12.107248">
        <ele>39.2</ele>
      </trkpt>
      <trkpt lat="58.187561" lon="12.107455">
        <ele>39.9</ele>
      </trkpt>
      <trkpt lat="58.187793" lon="12.107564">
        <ele>41.5</ele>
      </trkpt>
      <trkpt lat="58.188038" lon="12.107568">
        <ele>44.5</ele>
      </trkpt>
      <trkpt lat="58.188213" lon="12.107661">
        <ele>45.7</ele>
      </trkpt>
      <trkpt lat="58.188541" lon="12.10796">
        <ele>45.6</ele>
      </trkpt>
      <trkpt lat="58.188724" lon="12.108097">
        <ele>45.5</ele>
      </trkpt>
      <trkpt lat="58.18899" lon="12.108198">
        <ele>45.8</ele>
      </trkpt>
      <trkpt lat="58.189182" lon="12.108284">
        <ele>45.4</ele>
      </trkpt>
      <trkpt lat="58.189339" lon="12.108265">
        <ele>45.2</ele>
      </trkpt>
      <trkpt lat="58.189401" lon="12.108286">
        <ele>44.8</ele>
      </trkpt>
      <trkpt lat="58.189703" lon="12.108388">
        <ele>42.2</ele>
      </trkpt>
      <trkpt lat="58.190005" lon="12.108491">
        <ele>39.9</ele>
      </trkpt>
      <trkpt lat="58.190048" lon="12.108505">
        <ele>39.7</ele>
      </trkpt>
      <trkpt lat="58.190382" lon="12.10858">
        <ele>39.0</ele>
      </trkpt>
      <trkpt lat="58.190464" lon="12.108683">
        <ele>38.6</ele>
      </trkpt>
      <trkpt lat="58.19052" lon="12.108682">
        <ele>38.6</ele>
      </trkpt>
      <trkpt lat="58.190734" lon="12.108753">
        <ele>38.2</ele>
      </trkpt>
      <trkpt lat="58.191002" lon="12.108853">
        <ele>37.0</ele>
      </trkpt>
      <trkpt lat="58.191242" lon="12.108912">
        <ele>35.5</ele>
      </trkpt>
      <trkpt lat="58.191443" lon="12.108912">
        <ele>34.2</ele>
      </trkpt>
      <trkpt lat="58.191784" lon="12.108891">
        <ele>32.2</ele>
      </trkpt>
      <trkpt lat="58.191925" lon="12.108934">
        <ele>31.5</ele>
      </trkpt>
      <trkpt lat="58.192089" lon="12.109014">
        <ele>30.7</ele>
      </trkpt>
      <trkpt lat="58.192269" lon="12.109186">
        <ele>29.8</ele>
      </trkpt>
      <trkpt lat="58.192534" lon="12.109518">
        <ele>28.4</ele>
      </trkpt>
      <trkpt lat="58.192754" lon="12.109864">
        <ele>26.8</ele>
      </trkpt>
      <trkpt lat="58.19285" lon="12.110039">
        <ele>25.9</ele>
      </trkpt>
      <trkpt lat="58.192898" lon="12.110068">
        <ele>25.5</ele>
      </trkpt>
      <trkpt lat="58.192985" lon="12.110197">
        <ele>24.8</ele>
      </trkpt>
      <trkpt lat="58.193104" lon="12.110443">
        <ele>24.1</ele>
      </trkpt>
      <trkpt lat="58.193261" lon="12.110739">
        <ele>23.4</ele>
      </trkpt>
      <trkpt lat="58.193442" lon="12.111021">
        <ele>22.2</ele>
        <name>58.193461,12.110976</name>
        <extensions>
          <oa:Extension>
            <oa:mapZoom>15</oa:mapZoom>
          </oa:Extension>
        </extensions>
      </trkpt>
      <trkpt lat="58.193451" lon="12.111036">
        <ele>22.1</ele>
      </trkpt>
      <trkpt lat="58.193659" lon="12.111402">
        <ele>20.2</ele>
      </trkpt>
      <trkpt lat="58.193827" lon="12.111661">
        <ele>18.9</ele>
      </trkpt>
      <trkpt lat="58.193972" lon="12.111898">
        <ele>17.9</ele>
      </trkpt>
      <trkpt lat="58.194147" lon="12.112148">
        <ele>17.0</ele>
      </trkpt>
      <trkpt lat="58.194394" lon="12.112458">
        <ele>16.3</ele>
      </trkpt>
      <trkpt lat="58.194509" lon="12.112607">
        <ele>16.2</ele>
      </trkpt>
      <trkpt lat="58.194586" lon="12.1127">
        <ele>16.2</ele>
      </trkpt>
      <trkpt lat="58.194682" lon="12.112797">
        <ele>16.1</ele>
      </trkpt>
      <trkpt lat="58.194766" lon="12.112874">
        <ele>16.0</ele>
      </trkpt>
      <trkpt lat="58.194848" lon="12.112917">
        <ele>16.0</ele>
      </trkpt>
      <trkpt lat="58.194923" lon="12.112928">
        <ele>16.0</ele>
      </trkpt>
      <trkpt lat="58.195093" lon="12.112936">
        <ele>16.1</ele>
      </trkpt>
      <trkpt lat="58.195156" lon="12.112932">
        <ele>16.2</ele>
      </trkpt>
      <trkpt lat="58.195217" lon="12.112913">
        <ele>16.4</ele>
      </trkpt>
      <trkpt lat="58.195297" lon="12.112866">
        <ele>16.6</ele>
      </trkpt>
      <trkpt lat="58.19535" lon="12.112874">
        <ele>16.8</ele>
      </trkpt>
      <trkpt lat="58.195405" lon="12.112866">
        <ele>17.0</ele>
      </trkpt>
      <trkpt lat="58.195462" lon="12.112835">
        <ele>17.2</ele>
      </trkpt>
      <trkpt lat="58.195512" lon="12.112862">
        <ele>17.4</ele>
      </trkpt>
      <trkpt lat="58.195548" lon="12.112959">
        <ele>17.7</ele>
      </trkpt>
      <trkpt lat="58.195749" lon="12.113496">
        <ele>18.8</ele>
      </trkpt>
      <trkpt lat="58.19595" lon="12.114034">
        <ele>19.3</ele>
      </trkpt>
      <trkpt lat="58.196151" lon="12.114572">
        <ele>19.9</ele>
      </trkpt>
      <trkpt lat="58.196351" lon="12.11511">
        <ele>21.2</ele>
      </trkpt>
      <trkpt lat="58.196469" lon="12.115504">
        <ele>22.2</ele>
      </trkpt>
      <trkpt lat="58.19653" lon="12.115666">
        <ele>22.8</ele>
      </trkpt>
      <trkpt lat="58.196536" lon="12.115581">
        <ele>22.8</ele>
      </trkpt>
      <trkpt lat="58.196635" lon="12.115368">
        <ele>23.3</ele>
      </trkpt>
      <trkpt lat="58.196812" lon="12.115102">
        <ele>24.4</ele>
      </trkpt>
      <trkpt lat="58.197016" lon="12.114828">
        <ele>25.8</ele>
      </trkpt>
      <trkpt lat="58.197174" lon="12.114724">
        <ele>27.1</ele>
      </trkpt>
      <trkpt lat="58.197406" lon="12.114628">
        <ele>29.0</ele>
      </trkpt>
      <trkpt lat="58.197576" lon="12.114489">
        <ele>29.9</ele>
      </trkpt>
      <trkpt lat="58.197744" lon="12.114293">
        <ele>30.4</ele>
      </trkpt>
      <trkpt lat="58.198079" lon="12.113954">
        <ele>31.3</ele>
      </trkpt>
      <trkpt lat="58.198401" lon="12.113647">
        <ele>30.7</ele>
      </trkpt>
      <trkpt lat="58.198656" lon="12.113455">
        <ele>31.3</ele>
      </trkpt>
      <trkpt lat="58.198752" lon="12.113398">
        <ele>31.8</ele>
      </trkpt>
      <trkpt lat="58.198813" lon="12.113362">
        <ele>32.1</ele>
      </trkpt>
      <trkpt lat="58.198944" lon="12.113374">
        <ele>33.1</ele>
      </trkpt>
      <trkpt lat="58.199071" lon="12.113498">
        <ele>34.0</ele>
      </trkpt>
      <trkpt lat="58.199174" lon="12.113667">
        <ele>34.2</ele>
      </trkpt>
      <trkpt lat="58.199419" lon="12.113837">
        <ele>32.9</ele>
      </trkpt>
      <trkpt lat="58.199533" lon="12.113864">
        <ele>31.9</ele>
      </trkpt>
      <trkpt lat="58.199707" lon="12.113812">
        <ele>30.6</ele>
      </trkpt>
      <trkpt lat="58.199888" lon="12.113716">
        <ele>29.8</ele>
      </trkpt>
      <trkpt lat="58.200052" lon="12.113598">
        <ele>29.5</ele>
      </trkpt>
      <trkpt lat="58.200148" lon="12.11348">
        <ele>29.5</ele>
      </trkpt>
      <trkpt lat="58.200246" lon="12.113302">
        <ele>29.5</ele>
      </trkpt>
      <trkpt lat="58.200324" lon="12.112947">
        <ele>29.7</ele>
      </trkpt>
      <trkpt lat="58.200422" lon="12.112481">
        <ele>29.9</ele>
      </trkpt>
      <trkpt lat="58.200492" lon="12.112189">
        <ele>30.3</ele>
      </trkpt>
      <trkpt lat="58.200543" lon="12.112165">
        <ele>30.2</ele>
      </trkpt>
      <trkpt lat="58.200566" lon="12.112154">
        <ele>30.2</ele>
      </trkpt>
      <trkpt lat="58.200977" lon="12.111963">
        <ele>30.6</ele>
      </trkpt>
      <trkpt lat="58.201388" lon="12.111772">
        <ele>31.3</ele>
      </trkpt>
      <trkpt lat="58.201798" lon="12.111581">
        <ele>32.5</ele>
      </trkpt>
      <trkpt lat="58.202104" lon="12.111435">
        <ele>33.7</ele>
      </trkpt>
      <trkpt lat="58.202409" lon="12.111289">
        <ele>35.1</ele>
      </trkpt>
      <trkpt lat="58.20272" lon="12.11114">
        <ele>36.6</ele>
      </trkpt>
      <trkpt lat="58.203031" lon="12.110991">
        <ele>38.2</ele>
      </trkpt>
      <trkpt lat="58.203453" lon="12.110798">
        <ele>40.8</ele>
      </trkpt>
      <trkpt lat="58.203875" lon="12.110605">
        <ele>44.1</ele>
      </trkpt>
      <trkpt lat="58.204262" lon="12.110428">
        <ele>47.8</ele>
        <name>58.204273,12.110513</name>
        <extensions>
          <oa:Extension>
            <oa:mapZoom>15</oa:mapZoom>
          </oa:Extension>
        </extensions>
      </trkpt>
      <trkpt lat="58.204297" lon="12.110411">
        <ele>48.1</ele>
      </trkpt>
      <trkpt lat="58.204636" lon="12.110283">
        <ele>52.1</ele>
      </trkpt>
      <trkpt lat="58.204975" lon="12.110154">
        <ele>56.0</ele>
      </trkpt>
      <trkpt lat="58.2051" lon="12.110047">
        <ele>57.5</ele>
      </trkpt>
      <trkpt lat="58.205173" lon="12.110025">
        <ele>58.1</ele>
      </trkpt>
      <trkpt lat="58.205281" lon="12.110057">
        <ele>58.5</ele>
      </trkpt>
      <trkpt lat="58.2054" lon="12.110122">
        <ele>58.8</ele>
      </trkpt>
      <trkpt lat="58.205473" lon="12.110111">
        <ele>59.2</ele>
      </trkpt>
      <trkpt lat="58.20553" lon="12.110014">
        <ele>59.9</ele>
      </trkpt>
      <trkpt lat="58.205679" lon="12.110507">
        <ele>58.4</ele>
      </trkpt>
      <trkpt lat="58.205829" lon="12.111">
        <ele>57.3</ele>
      </trkpt>
      <trkpt lat="58.205979" lon="12.111493">
        <ele>56.2</ele>
      </trkpt>
      <trkpt lat="58.206142" lon="12.112029">
        <ele>56.5</ele>
      </trkpt>
      <trkpt lat="58.206352" lon="12.11278">
        <ele>57.7</ele>
      </trkpt>
      <trkpt lat="58.206395" lon="12.1128">
        <ele>58.0</ele>
      </trkpt>
      <trkpt lat="58.206449" lon="12.112839">
        <ele>58.3</ele>
      </trkpt>
      <trkpt lat="58.206503" lon="12.112932">
        <ele>58.7</ele>
      </trkpt>
      <trkpt lat="58.206555" lon="12.113001">
        <ele>59.1</ele>
      </trkpt>
      <trkpt lat="58.206622" lon="12.113043">
        <ele>59.5</ele>
      </trkpt>
      <trkpt lat="58.206707" lon="12.113124">
        <ele>60.2</ele>
      </trkpt>
      <trkpt lat="58.206779" lon="12.11315">
        <ele>60.7</ele>
      </trkpt>
      <trkpt lat="58.206853" lon="12.11315">
        <ele>61.1</ele>
      </trkpt>
      <trkpt lat="58.206898" lon="12.113112">
        <ele>61.3</ele>
      </trkpt>
      <trkpt lat="58.206954" lon="12.11306">
        <ele>61.6</ele>
      </trkpt>
      <trkpt lat="58.207013" lon="12.113069">
        <ele>62.0</ele>
      </trkpt>
      <trkpt lat="58.207062" lon="12.113124">
        <ele>62.3</ele>
      </trkpt>
      <trkpt lat="58.207116" lon="12.113163">
        <ele>62.7</ele>
      </trkpt>
      <trkpt lat="58.207181" lon="12.113158">
        <ele>63.1</ele>
      </trkpt>
      <trkpt lat="58.207222" lon="12.113129">
        <ele>63.4</ele>
      </trkpt>
      <trkpt lat="58.2073" lon="12.113124">
        <ele>63.9</ele>
      </trkpt>
      <trkpt lat="58.207354" lon="12.113137">
        <ele>64.4</ele>
      </trkpt>
      <trkpt lat="58.207442" lon="12.113171">
        <ele>65.1</ele>
      </trkpt>
      <trkpt lat="58.2075" lon="12.113235">
        <ele>65.8</ele>
      </trkpt>
      <trkpt lat="58.207548" lon="12.113342">
        <ele>66.5</ele>
      </trkpt>
      <trkpt lat="58.207604" lon="12.11344">
        <ele>67.4</ele>
      </trkpt>
      <trkpt lat="58.207653" lon="12.113534">
        <ele>68.3</ele>
      </trkpt>
      <trkpt lat="58.207671" lon="12.113623">
        <ele>68.9</ele>
      </trkpt>
      <trkpt lat="58.207669" lon="12.1137">
        <ele>69.2</ele>
      </trkpt>
      <trkpt lat="58.207622" lon="12.113819">
        <ele>69.1</ele>
      </trkpt>
      <trkpt lat="58.207568" lon="12.113969">
        <ele>69.1</ele>
      </trkpt>
      <trkpt lat="58.207496" lon="12.114105">
        <ele>68.7</ele>
      </trkpt>
      <trkpt lat="58.207435" lon="12.114173">
        <ele>68.2</ele>
      </trkpt>
      <trkpt lat="58.207393" lon="12.114293">
        <ele>68.0</ele>
      </trkpt>
      <trkpt lat="58.207323" lon="12.114446">
        <ele>67.4</ele>
      </trkpt>
      <trkpt lat="58.207276" lon="12.114587">
        <ele>67.0</ele>
      </trkpt>
      <trkpt lat="58.207188" lon="12.114787">
        <ele>65.9</ele>
      </trkpt>
      <trkpt lat="58.2071" lon="12.115018">
        <ele>64.4</ele>
      </trkpt>
      <trkpt lat="58.207049" lon="12.115256">
        <ele>63.3</ele>
      </trkpt>
      <trkpt lat="58.207031" lon="12.115465">
        <ele>62.8</ele>
      </trkpt>
      <trkpt lat="58.207026" lon="12.115717">
        <ele>62.7</ele>
      </trkpt>
      <trkpt lat="58.207071" lon="12.116058">
        <ele>63.9</ele>
      </trkpt>
      <trkpt lat="58.20708" lon="12.116288">
        <ele>64.1</ele>
      </trkpt>
      <trkpt lat="58.207069" lon="12.11648">
        <ele>63.8</ele>
      </trkpt>
      <trkpt lat="58.206999" lon="12.116736">
        <ele>61.5</ele>
      </trkpt>
      <trkpt lat="58.20693" lon="12.116996">
        <ele>59.5</ele>
      </trkpt>
      <trkpt lat="58.20684" lon="12.117269">
        <ele>57.4</ele>
      </trkpt>
      <trkpt lat="58.206782" lon="12.117469">
        <ele>56.4</ele>
      </trkpt>
      <trkpt lat="58.206694" lon="12.11781">
        <ele>55.6</ele>
      </trkpt>
      <trkpt lat="58.206615" lon="12.118147">
        <ele>55.4</ele>
      </trkpt>
      <trkpt lat="58.206523" lon="12.118471">
        <ele>54.7</ele>
      </trkpt>
      <trkpt lat="58.206471" lon="12.118693">
        <ele>54.5</ele>
      </trkpt>
      <trkpt lat="58.20642" lon="12.118915">
        <ele>54.3</ele>
      </trkpt>
      <trkpt lat="58.206368" lon="12.119047">
        <ele>53.8</ele>
      </trkpt>
      <trkpt lat="58.20629" lon="12.119196">
        <ele>53.2</ele>
      </trkpt>
      <trkpt lat="58.206184" lon="12.119269">
        <ele>51.8</ele>
      </trkpt>
      <trkpt lat="58.206" lon="12.119363">
        <ele>49.7</ele>
      </trkpt>
      <trkpt lat="58.20593" lon="12.11938">
        <ele>48.8</ele>
      </trkpt>
      <trkpt lat="58.205854" lon="12.119452">
        <ele>48.3</ele>
      </trkpt>
      <trkpt lat="58.205714" lon="12.119593">
        <ele>47.5</ele>
      </trkpt>
      <trkpt lat="58.205656" lon="12.11967">
        <ele>47.2</ele>
      </trkpt>
      <trkpt lat="58.205602" lon="12.11964">
        <ele>46.2</ele>
      </trkpt>
      <trkpt lat="58.205541" lon="12.119652">
        <ele>45.4</ele>
      </trkpt>
      <trkpt lat="58.205492" lon="12.119725">
        <ele>45.0</ele>
      </trkpt>
      <trkpt lat="58.205474" lon="12.119862">
        <ele>45.2</ele>
      </trkpt>
      <trkpt lat="58.20551" lon="12.120011">
        <ele>46.0</ele>
      </trkpt>
      <trkpt lat="58.205541" lon="12.120139">
        <ele>46.2</ele>
      </trkpt>
      <trkpt lat="58.205555" lon="12.120267">
        <ele>45.8</ele>
      </trkpt>
      <trkpt lat="58.205521" lon="12.120454">
        <ele>44.1</ele>
      </trkpt>
      <trkpt lat="58.205483" lon="12.120689">
        <ele>41.8</ele>
      </trkpt>
      <trkpt lat="58.20541" lon="12.120955">
        <ele>39.3</ele>
      </trkpt>
      <trkpt lat="58.205393" lon="12.121116">
        <ele>38.1</ele>
      </trkpt>
      <trkpt lat="58.205455" lon="12.12133">
        <ele>37.4</ele>
      </trkpt>
      <trkpt lat="58.205488" lon="12.121487">
        <ele>36.6</ele>
      </trkpt>
      <trkpt lat="58.205541" lon="12.121409">
        <ele>37.6</ele>
      </trkpt>
      <trkpt lat="58.205647" lon="12.121333">
        <ele>39.0</ele>
      </trkpt>
      <trkpt lat="58.205813" lon="12.121414">
        <ele>39.8</ele>
      </trkpt>
      <trkpt lat="58.205941" lon="12.121512">
        <ele>40.1</ele>
      </trkpt>
      <trkpt lat="58.206078" lon="12.121584">
        <ele>40.5</ele>
      </trkpt>
      <trkpt lat="58.206215" lon="12.121712">
        <ele>40.5</ele>
      </trkpt>
      <trkpt lat="58.206323" lon="12.12178">
        <ele>40.7</ele>
      </trkpt>
      <trkpt lat="58.206397" lon="12.121874">
        <ele>40.5</ele>
      </trkpt>
      <trkpt lat="58.206467" lon="12.122002">
        <ele>40.0</ele>
      </trkpt>
      <trkpt lat="58.20657" lon="12.122062">
        <ele>40.3</ele>
      </trkpt>
      <trkpt lat="58.206685" lon="12.122083">
        <ele>41.2</ele>
      </trkpt>
      <trkpt lat="58.206786" lon="12.122126">
        <ele>41.8</ele>
      </trkpt>
      <trkpt lat="58.206883" lon="12.122168">
        <ele>42.5</ele>
      </trkpt>
      <trkpt lat="58.206981" lon="12.12222">
        <ele>43.1</ele>
      </trkpt>
      <trkpt lat="58.20704" lon="12.122296">
        <ele>42.9</ele>
      </trkpt>
      <trkpt lat="58.207103" lon="12.12242">
        <ele>42.1</ele>
      </trkpt>
      <trkpt lat="58.207154" lon="12.122514">
        <ele>41.4</ele>
      </trkpt>
      <trkpt lat="58.20726" lon="12.122654">
        <ele>40.5</ele>
      </trkpt>
      <trkpt lat="58.207363" lon="12.122748">
        <ele>40.0</ele>
      </trkpt>
      <trkpt lat="58.207465" lon="12.122804">
        <ele>39.9</ele>
      </trkpt>
      <trkpt lat="58.207602" lon="12.122859">
        <ele>40.0</ele>
      </trkpt>
      <trkpt lat="58.207698" lon="12.122842">
        <ele>41.0</ele>
      </trkpt>
      <trkpt lat="58.207804" lon="12.122838">
        <ele>41.9</ele>
      </trkpt>
      <trkpt lat="58.207878" lon="12.122829">
        <ele>42.6</ele>
      </trkpt>
      <trkpt lat="58.207983" lon="12.122808">
        <ele>43.8</ele>
      </trkpt>
      <trkpt lat="58.208111" lon="12.122816">
        <ele>44.5</ele>
      </trkpt>
      <trkpt lat="58.20823" lon="12.122885">
        <ele>43.9</ele>
      </trkpt>
      <trkpt lat="58.208363" lon="12.122966">
        <ele>43.3</ele>
      </trkpt>
      <trkpt lat="58.208507" lon="12.123064">
        <ele>42.6</ele>
      </trkpt>
      <trkpt lat="58.208635" lon="12.12326">
        <ele>41.2</ele>
      </trkpt>
      <trkpt lat="58.208709" lon="12.123409">
        <ele>40.7</ele>
      </trkpt>
      <trkpt lat="58.208806" lon="12.123597">
        <ele>40.7</ele>
      </trkpt>
      <trkpt lat="58.20885" lon="12.123759">
        <ele>40.5</ele>
      </trkpt>
      <trkpt lat="58.208895" lon="12.1239">
        <ele>40.5</ele>
      </trkpt>
      <trkpt lat="58.208961" lon="12.124006">
        <ele>40.6</ele>
      </trkpt>
      <trkpt lat="58.209028" lon="12.124087">
        <ele>40.8</ele>
      </trkpt>
      <trkpt lat="58.209053" lon="12.12427">
        <ele>40.1</ele>
      </trkpt>
      <trkpt lat="58.209057" lon="12.124398">
        <ele>39.4</ele>
      </trkpt>
      <trkpt lat="58.209066" lon="12.124531">
        <ele>38.8</ele>
      </trkpt>
      <trkpt lat="58.209058" lon="12.124676">
        <ele>37.9</ele>
      </trkpt>
      <trkpt lat="58.209235" lon="12.12481">
        <ele>37.9</ele>
      </trkpt>
      <trkpt lat="58.209371" lon="12.12503">
        <ele>37.4</ele>
      </trkpt>
      <trkpt lat="58.209491" lon="12.125277">
        <ele>37.3</ele>
      </trkpt>
      <trkpt lat="58.20952" lon="12.125443">
        <ele>37.4</ele>
      </trkpt>
      <trkpt lat="58.209617" lon="12.125537">
        <ele>37.6</ele>
      </trkpt>
      <trkpt lat="58.209661" lon="12.12558">
        <ele>37.8</ele>
      </trkpt>
      <trkpt lat="58.209737" lon="12.125654">
        <ele>38.0</ele>
      </trkpt>
      <trkpt lat="58.209755" lon="12.125801">
        <ele>38.2</ele>
      </trkpt>
      <trkpt lat="58.209808" lon="12.125876">
        <ele>38.5</ele>
      </trkpt>
      <trkpt lat="58.209867" lon="12.125936">
        <ele>38.8</ele>
      </trkpt>
      <trkpt lat="58.209926" lon="12.125982">
        <ele>39.1</ele>
      </trkpt>
      <trkpt lat="58.209969" lon="12.126048">
        <ele>39.5</ele>
      </trkpt>
      <trkpt lat="58.210048" lon="12.126213">
        <ele>40.4</ele>
      </trkpt>
      <trkpt lat="58.21008" lon="12.12628">
        <ele>40.8</ele>
      </trkpt>
      <trkpt lat="58.210135" lon="12.126321">
        <ele>41.1</ele>
      </trkpt>
      <trkpt lat="58.210173" lon="12.126368">
        <ele>41.3</ele>
      </trkpt>
      <trkpt lat="58.210214" lon="12.1264">
        <ele>41.5</ele>
      </trkpt>
      <trkpt lat="58.210255" lon="12.126431">
        <ele>41.6</ele>
      </trkpt>
      <trkpt lat="58.210308" lon="12.126489">
        <ele>41.8</ele>
      </trkpt>
      <trkpt lat="58.210322" lon="12.126572">
        <ele>41.9</ele>
      </trkpt>
      <trkpt lat="58.210337" lon="12.126659">
        <ele>41.8</ele>
      </trkpt>
      <trkpt lat="58.210366" lon="12.126799">
        <ele>41.6</ele>
      </trkpt>
      <trkpt lat="58.2104" lon="12.126854">
        <ele>41.4</ele>
      </trkpt>
      <trkpt lat="58.210423" lon="12.126921">
        <ele>41.2</ele>
      </trkpt>
      <trkpt lat="58.210423" lon="12.127005">
        <ele>40.8</ele>
      </trkpt>
      <trkpt lat="58.210413" lon="12.127071">
        <ele>40.4</ele>
      </trkpt>
      <trkpt lat="58.210419" lon="12.127151">
        <ele>40.0</ele>
      </trkpt>
      <trkpt lat="58.21048" lon="12.127319">
        <ele>39.3</ele>
      </trkpt>
      <trkpt lat="58.21056" lon="12.127387">
        <ele>39.3</ele>
      </trkpt>
      <trkpt lat="58.210652" lon="12.127434">
        <ele>39.4</ele>
      </trkpt>
      <trkpt lat="58.210658" lon="12.127438">
        <ele>39.5</ele>
      </trkpt>
      <trkpt lat="58.210752" lon="12.127544">
        <ele>39.5</ele>
      </trkpt>
      <trkpt lat="58.210848" lon="12.127713">
        <ele>39.6</ele>
      </trkpt>
      <trkpt lat="58.210937" lon="12.127852">
        <ele>39.9</ele>
      </trkpt>
      <trkpt lat="58.210995" lon="12.127907">
        <ele>40.1</ele>
      </trkpt>
      <trkpt lat="58.211068" lon="12.127907">
        <ele>40.5</ele>
      </trkpt>
      <trkpt lat="58.211135" lon="12.12803">
        <ele>40.8</ele>
      </trkpt>
      <trkpt lat="58.211191" lon="12.128093">
        <ele>41.1</ele>
      </trkpt>
      <trkpt lat="58.21126" lon="12.128267">
        <ele>41.3</ele>
      </trkpt>
      <trkpt lat="58.21132" lon="12.12841">
        <ele>41.4</ele>
      </trkpt>
      <trkpt lat="58.2114" lon="12.128482">
        <ele>41.7</ele>
      </trkpt>
      <trkpt lat="58.2115" lon="12.128571">
        <ele>42.0</ele>
      </trkpt>
      <trkpt lat="58.211576" lon="12.128618">
        <ele>42.2</ele>
      </trkpt>
      <trkpt lat="58.211603" lon="12.128698">
        <ele>42.1</ele>
      </trkpt>
      <trkpt lat="58.211748" lon="12.128859">
        <ele>42.1</ele>
      </trkpt>
      <trkpt lat="58.211835" lon="12.129028">
        <ele>41.8</ele>
      </trkpt>
      <trkpt lat="58.211915" lon="12.129104">
        <ele>41.7</ele>
      </trkpt>
      <trkpt lat="58.211975" lon="12.12918">
        <ele>41.5</ele>
      </trkpt>
      <trkpt lat="58.212104" lon="12.129218">
        <ele>41.4</ele>
      </trkpt>
      <trkpt lat="58.212191" lon="12.129252">
        <ele>41.3</ele>
      </trkpt>
      <trkpt lat="58.212251" lon="12.12929">
        <ele>41.2</ele>
      </trkpt>
      <trkpt lat="58.212298" lon="12.129303">
        <ele>41.2</ele>
      </trkpt>
      <trkpt lat="58.212338" lon="12.129353">
        <ele>41.2</ele>
      </trkpt>
      <trkpt lat="58.212405" lon="12.129375">
        <ele>41.1</ele>
      </trkpt>
      <trkpt lat="58.212456" lon="12.12943">
        <ele>41.1</ele>
      </trkpt>
      <trkpt lat="58.212518" lon="12.12951">
        <ele>41.1</ele>
      </trkpt>
      <trkpt lat="58.212579" lon="12.129586">
        <ele>41.2</ele>
      </trkpt>
      <trkpt lat="58.212641" lon="12.129738">
        <ele>41.2</ele>
      </trkpt>
      <trkpt lat="58.212697" lon="12.12984">
        <ele>41.1</ele>
      </trkpt>
      <trkpt lat="58.212746" lon="12.129933">
        <ele>40.9</ele>
      </trkpt>
      <trkpt lat="58.212801" lon="12.130047">
        <ele>40.6</ele>
      </trkpt>
      <trkpt lat="58.212848" lon="12.130161">
        <ele>40.2</ele>
      </trkpt>
      <trkpt lat="58.212908" lon="12.130275">
        <ele>39.7</ele>
      </trkpt>
      <trkpt lat="58.212933" lon="12.130368">
        <ele>39.2</ele>
      </trkpt>
      <trkpt lat="58.212933" lon="12.130461">
        <ele>38.8</ele>
      </trkpt>
      <trkpt lat="58.212926" lon="12.130576">
        <ele>38.4</ele>
      </trkpt>
      <trkpt lat="58.212913" lon="12.130724">
        <ele>37.8</ele>
      </trkpt>
      <trkpt lat="58.212895" lon="12.130804">
        <ele>37.6</ele>
      </trkpt>
      <trkpt lat="58.212859" lon="12.130872">
        <ele>37.4</ele>
      </trkpt>
      <trkpt lat="58.212788" lon="12.130948">
        <ele>37.3</ele>
      </trkpt>
      <trkpt lat="58.21271" lon="12.130969">
        <ele>37.4</ele>
      </trkpt>
      <trkpt lat="58.212666" lon="12.131011">
        <ele>37.4</ele>
      </trkpt>
      <trkpt lat="58.212603" lon="12.131036">
        <ele>37.3</ele>
      </trkpt>
      <trkpt lat="58.212534" lon="12.131108">
        <ele>37.1</ele>
      </trkpt>
      <trkpt lat="58.212512" lon="12.131159">
        <ele>36.8</ele>
      </trkpt>
      <trkpt lat="58.212512" lon="12.131282">
        <ele>36.4</ele>
      </trkpt>
      <trkpt lat="58.212527" lon="12.131438">
        <ele>35.9</ele>
      </trkpt>
      <trkpt lat="58.212503" lon="12.131548">
        <ele>35.4</ele>
      </trkpt>
      <trkpt lat="58.212496" lon="12.131637">
        <ele>35.1</ele>
      </trkpt>
      <trkpt lat="58.212487" lon="12.131798">
        <ele>34.5</ele>
      </trkpt>
      <trkpt lat="58.212487" lon="12.131996">
        <ele>33.8</ele>
      </trkpt>
      <trkpt lat="58.212514" lon="12.132144">
        <ele>33.3</ele>
      </trkpt>
      <trkpt lat="58.212521" lon="12.132326">
        <ele>32.7</ele>
      </trkpt>
      <trkpt lat="58.212518" lon="12.132516">
        <ele>32.0</ele>
      </trkpt>
      <trkpt lat="58.212436" lon="12.1328">
        <ele>30.6</ele>
      </trkpt>
      <trkpt lat="58.212385" lon="12.133037">
        <ele>29.5</ele>
      </trkpt>
      <trkpt lat="58.212331" lon="12.133265">
        <ele>28.8</ele>
      </trkpt>
      <trkpt lat="58.212291" lon="12.133434">
        <ele>28.6</ele>
      </trkpt>
      <trkpt lat="58.212244" lon="12.133591">
        <ele>28.8</ele>
      </trkpt>
      <trkpt lat="58.212238" lon="12.13376">
        <ele>29.3</ele>
      </trkpt>
      <trkpt lat="58.212222" lon="12.133954">
        <ele>30.1</ele>
      </trkpt>
      <trkpt lat="58.212186" lon="12.134039">
        <ele>30.5</ele>
      </trkpt>
      <trkpt lat="58.21214" lon="12.134136">
        <ele>31.1</ele>
      </trkpt>
      <trkpt lat="58.212115" lon="12.13425">
        <ele>31.7</ele>
      </trkpt>
      <trkpt lat="58.212129" lon="12.134335">
        <ele>32.1</ele>
      </trkpt>
      <trkpt lat="58.2122" lon="12.134428">
        <ele>32.2</ele>
      </trkpt>
      <trkpt lat="58.212236" lon="12.13447">
        <ele>32.2</ele>
      </trkpt>
      <trkpt lat="58.212289" lon="12.134597">
        <ele>32.4</ele>
      </trkpt>
      <trkpt lat="58.212329" lon="12.134724">
        <ele>32.6</ele>
      </trkpt>
      <trkpt lat="58.212358" lon="12.134808">
        <ele>32.7</ele>
      </trkpt>
      <trkpt lat="58.212374" lon="12.134914">
        <ele>32.8</ele>
      </trkpt>
      <trkpt lat="58.21234" lon="12.134986">
        <ele>33.2</ele>
      </trkpt>
      <trkpt lat="58.212258" lon="12.135102">
        <ele>34.0</ele>
      </trkpt>
      <trkpt lat="58.212284" lon="12.135207">
        <ele>33.7</ele>
      </trkpt>
      <trkpt lat="58.212346" lon="12.13548">
        <ele>32.6</ele>
      </trkpt>
      <trkpt lat="58.212378" lon="12.135617">
        <ele>32.0</ele>
      </trkpt>
      <trkpt lat="58.212581" lon="12.13546">
        <ele>31.3</ele>
      </trkpt>
      <trkpt lat="58.21292" lon="12.135255">
        <ele>30.4</ele>
      </trkpt>
      <trkpt lat="58.21322" lon="12.135073">
        <ele>30.0</ele>
      </trkpt>
      <trkpt lat="58.213429" lon="12.13488">
        <ele>30.1</ele>
      </trkpt>
      <trkpt lat="58.21363" lon="12.13459">
        <ele>30.6</ele>
      </trkpt>
      <trkpt lat="58.213845" lon="12.134028">
        <ele>31.4</ele>
        <name>58.213878,12.134073</name>
        <extensions>
          <oa:Extension>
            <oa:mapZoom>15</oa:mapZoom>
          </oa:Extension>
        </extensions>
      </trkpt>
      <trkpt lat="58.213857" lon="12.133998">
        <ele>31.5</ele>
      </trkpt>
      <trkpt lat="58.214044" lon="12.133528">
        <ele>31.7</ele>
      </trkpt>
      <trkpt lat="58.214232" lon="12.133058">
        <ele>32.5</ele>
      </trkpt>
      <trkpt lat="58.214439" lon="12.132642">
        <ele>33.5</ele>
      </trkpt>
      <trkpt lat="58.214598" lon="12.13237">
        <ele>34.0</ele>
      </trkpt>
      <trkpt lat="58.214805" lon="12.13275">
        <ele>34.9</ele>
      </trkpt>
      <trkpt lat="58.215012" lon="12.133129">
        <ele>36.3</ele>
      </trkpt>
      <trkpt lat="58.21519" lon="12.133439">
        <ele>38.4</ele>
      </trkpt>
      <trkpt lat="58.215263" lon="12.133518">
        <ele>39.6</ele>
      </trkpt>
      <trkpt lat="58.215291" lon="12.133672">
        <ele>40.2</ele>
      </trkpt>
      <trkpt lat="58.21535" lon="12.13378">
        <ele>41.5</ele>
      </trkpt>
      <trkpt lat="58.215361" lon="12.1339">
        <ele>42.0</ele>
      </trkpt>
      <trkpt lat="58.215355" lon="12.13422">
        <ele>42.7</ele>
      </trkpt>
      <trkpt lat="58.215475" lon="12.134184">
        <ele>45.4</ele>
      </trkpt>
      <trkpt lat="58.215553" lon="12.134184">
        <ele>47.2</ele>
      </trkpt>
      <trkpt lat="58.215608" lon="12.134215">
        <ele>48.7</ele>
      </trkpt>
      <trkpt lat="58.215618" lon="12.134215">
        <ele>49.0</ele>
      </trkpt>
      <trkpt lat="58.215699" lon="12.134135">
        <ele>50.6</ele>
      </trkpt>
      <trkpt lat="58.215784" lon="12.134092">
        <ele>52.5</ele>
      </trkpt>
      <trkpt lat="58.215849" lon="12.134024">
        <ele>53.7</ele>
      </trkpt>
      <trkpt lat="58.215875" lon="12.133888">
        <ele>53.7</ele>
      </trkpt>
      <trkpt lat="58.215946" lon="12.133876">
        <ele>55.5</ele>
      </trkpt>
      <trkpt lat="58.216044" lon="12.133814">
        <ele>58.1</ele>
      </trkpt>
      <trkpt lat="58.216109" lon="12.133697">
        <ele>59.7</ele>
      </trkpt>
      <trkpt lat="58.21619" lon="12.133537">
        <ele>61.9</ele>
      </trkpt>
      <trkpt lat="58.216226" lon="12.133407">
        <ele>63.0</ele>
      </trkpt>
      <trkpt lat="58.216248" lon="12.13321">
        <ele>63.9</ele>
      </trkpt>
      <trkpt lat="58.216216" lon="12.13305">
        <ele>63.3</ele>
      </trkpt>
      <trkpt lat="58.216239" lon="12.132969">
        <ele>64.4</ele>
      </trkpt>
      <trkpt lat="58.216323" lon="12.132822">
        <ele>67.8</ele>
      </trkpt>
      <trkpt lat="58.216339" lon="12.132741">
        <ele>68.7</ele>
      </trkpt>
      <trkpt lat="58.216349" lon="12.132655">
        <ele>69.3</ele>
      </trkpt>
      <trkpt lat="58.21642" lon="12.132587">
        <ele>71.6</ele>
      </trkpt>
      <trkpt lat="58.216472" lon="12.132476">
        <ele>73.3</ele>
      </trkpt>
      <trkpt lat="58.21655" lon="12.132433">
        <ele>75.2</ele>
      </trkpt>
      <trkpt lat="58.216554" lon="12.132433">
        <ele>75.3</ele>
      </trkpt>
      <trkpt lat="58.216656" lon="12.132438">
        <ele>77.0</ele>
      </trkpt>
      <trkpt lat="58.216736" lon="12.132394">
        <ele>77.8</ele>
      </trkpt>
      <trkpt lat="58.21683" lon="12.132418">
        <ele>78.2</ele>
      </trkpt>
      <trkpt lat="58.216891" lon="12.132451">
        <ele>78.1</ele>
      </trkpt>
      <trkpt lat="58.216966" lon="12.13255">
        <ele>77.9</ele>
      </trkpt>
      <trkpt lat="58.217041" lon="12.132661">
        <ele>77.6</ele>
      </trkpt>
      <trkpt lat="58.217109" lon="12.132877">
        <ele>77.4</ele>
      </trkpt>
      <trkpt lat="58.217148" lon="12.133025">
        <ele>77.3</ele>
      </trkpt>
      <trkpt lat="58.217196" lon="12.133161">
        <ele>77.3</ele>
      </trkpt>
      <trkpt lat="58.217285" lon="12.13328">
        <ele>77.3</ele>
      </trkpt>
      <trkpt lat="58.21737" lon="12.133368">
        <ele>77.2</ele>
      </trkpt>
      <trkpt lat="58.21747" lon="12.133454">
        <ele>77.2</ele>
      </trkpt>
      <trkpt lat="58.217537" lon="12.133555">
        <ele>77.3</ele>
      </trkpt>
      <trkpt lat="58.217619" lon="12.133709">
        <ele>77.3</ele>
      </trkpt>
      <trkpt lat="58.217671" lon="12.133866">
        <ele>77.2</ele>
      </trkpt>
      <trkpt lat="58.21774" lon="12.134065">
        <ele>76.9</ele>
      </trkpt>
      <trkpt lat="58.217787" lon="12.134195">
        <ele>76.7</ele>
      </trkpt>
      <trkpt lat="58.217834" lon="12.134376">
        <ele>76.5</ele>
      </trkpt>
      <trkpt lat="58.217833" lon="12.134513">
        <ele>76.4</ele>
      </trkpt>
      <trkpt lat="58.217822" lon="12.13463">
        <ele>76.2</ele>
      </trkpt>
      <trkpt lat="58.217774" lon="12.134801">
        <ele>76.1</ele>
      </trkpt>
      <trkpt lat="58.217742" lon="12.134881">
        <ele>76.0</ele>
      </trkpt>
      <trkpt lat="58.217674" lon="12.134986">
        <ele>75.9</ele>
      </trkpt>
      <trkpt lat="58.217645" lon="12.13509">
        <ele>75.7</ele>
      </trkpt>
      <trkpt lat="58.217599" lon="12.135306">
        <ele>75.3</ele>
      </trkpt>
      <trkpt lat="58.217648" lon="12.13546">
        <ele>74.8</ele>
      </trkpt>
      <trkpt lat="58.217655" lon="12.135612">
        <ele>74.3</ele>
      </trkpt>
      <trkpt lat="58.217658" lon="12.135713">
        <ele>74.0</ele>
      </trkpt>
      <trkpt lat="58.217596" lon="12.135923">
        <ele>73.5</ele>
      </trkpt>
      <trkpt lat="58.217544" lon="12.13604">
        <ele>73.1</ele>
      </trkpt>
      <trkpt lat="58.217408" lon="12.136145">
        <ele>73.2</ele>
      </trkpt>
      <trkpt lat="58.217318" lon="12.136254">
        <ele>73.2</ele>
      </trkpt>
      <trkpt lat="58.217204" lon="12.136347">
        <ele>73.6</ele>
      </trkpt>
      <trkpt lat="58.217123" lon="12.136418">
        <ele>74.0</ele>
      </trkpt>
      <trkpt lat="58.21708" lon="12.136487">
        <ele>74.2</ele>
      </trkpt>
      <trkpt lat="58.217013" lon="12.1366">
        <ele>74.5</ele>
      </trkpt>
      <trkpt lat="58.216963" lon="12.136712">
        <ele>74.6</ele>
      </trkpt>
      <trkpt lat="58.216946" lon="12.136934">
        <ele>74.4</ele>
      </trkpt>
      <trkpt lat="58.216956" lon="12.137205">
        <ele>74.0</ele>
      </trkpt>
      <trkpt lat="58.216956" lon="12.137452">
        <ele>73.5</ele>
      </trkpt>
      <trkpt lat="58.216956" lon="12.137489">
        <ele>73.5</ele>
      </trkpt>
      <trkpt lat="58.217034" lon="12.137661">
        <ele>73.0</ele>
      </trkpt>
      <trkpt lat="58.217138" lon="12.137871">
        <ele>72.4</ele>
      </trkpt>
      <trkpt lat="58.217209" lon="12.138044">
        <ele>72.0</ele>
      </trkpt>
      <trkpt lat="58.217261" lon="12.138222">
        <ele>71.4</ele>
      </trkpt>
      <trkpt lat="58.217391" lon="12.13837">
        <ele>70.4</ele>
      </trkpt>
      <trkpt lat="58.217456" lon="12.138488">
        <ele>69.5</ele>
      </trkpt>
      <trkpt lat="58.217537" lon="12.13858">
        <ele>68.7</ele>
      </trkpt>
      <trkpt lat="58.217622" lon="12.138642">
        <ele>67.9</ele>
      </trkpt>
      <trkpt lat="58.217693" lon="12.138654">
        <ele>67.5</ele>
      </trkpt>
      <trkpt lat="58.217774" lon="12.13866">
        <ele>67.0</ele>
      </trkpt>
      <trkpt lat="58.217862" lon="12.138656">
        <ele>66.5</ele>
      </trkpt>
      <trkpt lat="58.218079" lon="12.138712">
        <ele>65.0</ele>
      </trkpt>
      <trkpt lat="58.218328" lon="12.138827">
        <ele>63.5</ele>
      </trkpt>
      <trkpt lat="58.218577" lon="12.138942">
        <ele>62.1</ele>
      </trkpt>
      <trkpt lat="58.218572" lon="12.139085">
        <ele>62.1</ele>
      </trkpt>
      <trkpt lat="58.218609" lon="12.139323">
        <ele>61.9</ele>
      </trkpt>
      <trkpt lat="58.218671" lon="12.139542">
        <ele>61.8</ele>
      </trkpt>
      <trkpt lat="58.218769" lon="12.139513">
        <ele>61.5</ele>
      </trkpt>
      <trkpt lat="58.218887" lon="12.13958">
        <ele>61.1</ele>
      </trkpt>
      <trkpt lat="58.219054" lon="12.139648">
        <ele>60.6</ele>
      </trkpt>
      <trkpt lat="58.219186" lon="12.139711">
        <ele>60.2</ele>
      </trkpt>
      <trkpt lat="58.219307" lon="12.1398">
        <ele>59.7</ele>
      </trkpt>
      <trkpt lat="58.219442" lon="12.139878">
        <ele>59.0</ele>
      </trkpt>
      <trkpt lat="58.219577" lon="12.139953">
        <ele>58.1</ele>
      </trkpt>
      <trkpt lat="58.219744" lon="12.140006">
        <ele>57.0</ele>
      </trkpt>
      <trkpt lat="58.219861" lon="12.140086">
        <ele>55.9</ele>
      </trkpt>
      <trkpt lat="58.219947" lon="12.140192">
        <ele>54.9</ele>
      </trkpt>
      <trkpt lat="58.220047" lon="12.140342">
        <ele>53.4</ele>
      </trkpt>
      <trkpt lat="58.220223" lon="12.140709">
        <ele>50.3</ele>
      </trkpt>
      <trkpt lat="58.220339" lon="12.140968">
        <ele>48.5</ele>
      </trkpt>
      <trkpt lat="58.220465" lon="12.14127">
        <ele>47.0</ele>
      </trkpt>
      <trkpt lat="58.220509" lon="12.141322">
        <ele>46.7</ele>
      </trkpt>
      <trkpt lat="58.220604" lon="12.141387">
        <ele>46.4</ele>
      </trkpt>
      <trkpt lat="58.220602" lon="12.14163">
        <ele>46.1</ele>
      </trkpt>
      <trkpt lat="58.220575" lon="12.141826">
        <ele>45.9</ele>
      </trkpt>
      <trkpt lat="58.22028" lon="12.142465">
        <ele>43.7</ele>
      </trkpt>
      <trkpt lat="58.220162" lon="12.142964">
        <ele>40.6</ele>
      </trkpt>
      <trkpt lat="58.220087" lon="12.143454">
        <ele>37.5</ele>
      </trkpt>
      <trkpt lat="58.220073" lon="12.143712">
        <ele>36.6</ele>
      </trkpt>
      <trkpt lat="58.220133" lon="12.143985">
        <ele>36.8</ele>
      </trkpt>
      <trkpt lat="58.220202" lon="12.144275">
        <ele>36.9</ele>
      </trkpt>
      <trkpt lat="58.220227" lon="12.144444">
        <ele>36.8</ele>
      </trkpt>
      <trkpt lat="58.220219" lon="12.144635">
        <ele>36.1</ele>
      </trkpt>
      <trkpt lat="58.220195" lon="12.144865">
        <ele>35.1</ele>
      </trkpt>
      <trkpt lat="58.220178" lon="12.144957">
        <ele>34.6</ele>
      </trkpt>
      <trkpt lat="58.220483" lon="12.145176">
        <ele>37.5</ele>
      </trkpt>
      <trkpt lat="58.220788" lon="12.145395">
        <ele>39.5</ele>
      </trkpt>
      <trkpt lat="58.221092" lon="12.145614">
        <ele>39.5</ele>
      </trkpt>
      <trkpt lat="58.221527" lon="12.145753">
        <ele>38.9</ele>
      </trkpt>
      <trkpt lat="58.221962" lon="12.145892">
        <ele>36.1</ele>
      </trkpt>
      <trkpt lat="58.222376" lon="12.146024">
        <ele>32.7</ele>
      </trkpt>
      <trkpt lat="58.222789" lon="12.146156">
        <ele>31.4</ele>
      </trkpt>
      <trkpt lat="58.223055" lon="12.146296">
        <ele>31.7</ele>
      </trkpt>
      <trkpt lat="58.223227" lon="12.146462">
        <ele>32.4</ele>
      </trkpt>
      <trkpt lat="58.223438" lon="12.146711">
        <ele>33.4</ele>
      </trkpt>
      <trkpt lat="58.22365" lon="12.14696">
        <ele>34.0</ele>
      </trkpt>
      <trkpt lat="58.223701" lon="12.147021">
        <ele>34.2</ele>
      </trkpt>
      <trkpt lat="58.223815" lon="12.146823">
        <ele>34.5</ele>
      </trkpt>
      <trkpt lat="58.223885" lon="12.146698">
        <ele>34.9</ele>
      </trkpt>
      <trkpt lat="58.224061" lon="12.146352">
        <ele>36.3</ele>
      </trkpt>
      <trkpt lat="58.224193" lon="12.146101">
        <ele>38.0</ele>
      </trkpt>
      <trkpt lat="58.2242" lon="12.146073">
        <ele>38.2</ele>
        <name>58.224190,12.146064</name>
        <extensions>
          <oa:Extension>
            <oa:mapZoom>15</oa:mapZoom>
          </oa:Extension>
        </extensions>
      </trkpt>
      <trkpt lat="58.224268" lon="12.145813">
        <ele>39.5</ele>
      </trkpt>
      <trkpt lat="58.224336" lon="12.145591">
        <ele>41.0</ele>
      </trkpt>
      <trkpt lat="58.224371" lon="12.145438">
        <ele>41.9</ele>
      </trkpt>
      <trkpt lat="58.224365" lon="12.145312">
        <ele>42.0</ele>
      </trkpt>
      <trkpt lat="58.224348" lon="12.145153">
        <ele>42.0</ele>
      </trkpt>
      <trkpt lat="58.224355" lon="12.144967">
        <ele>42.4</ele>
      </trkpt>
      <trkpt lat="58.224369" lon="12.144764">
        <ele>43.0</ele>
      </trkpt>
      <trkpt lat="58.224399" lon="12.144584">
        <ele>43.8</ele>
      </trkpt>
      <trkpt lat="58.224437" lon="12.144475">
        <ele>44.8</ele>
      </trkpt>
      <trkpt lat="58.224467" lon="12.144396">
        <ele>45.6</ele>
      </trkpt>
      <trkpt lat="58.224493" lon="12.144372">
        <ele>46.2</ele>
      </trkpt>
      <trkpt lat="58.224543" lon="12.144389">
        <ele>47.4</ele>
      </trkpt>
      <trkpt lat="58.224589" lon="12.144446">
        <ele>48.4</ele>
      </trkpt>
      <trkpt lat="58.22465" lon="12.144531">
        <ele>49.8</ele>
      </trkpt>
      <trkpt lat="58.224718" lon="12.14463">
        <ele>51.3</ele>
      </trkpt>
      <trkpt lat="58.224788" lon="12.144682">
        <ele>52.9</ele>
      </trkpt>
      <trkpt lat="58.224865" lon="12.144706">
        <ele>54.7</ele>
      </trkpt>
      <trkpt lat="58.225036" lon="12.14483">
        <ele>58.3</ele>
      </trkpt>
      <trkpt lat="58.225145" lon="12.14492">
        <ele>60.4</ele>
      </trkpt>
      <trkpt lat="58.225187" lon="12.144986">
        <ele>61.1</ele>
      </trkpt>
      <trkpt lat="58.22526" lon="12.145054">
        <ele>62.4</ele>
      </trkpt>
      <trkpt lat="58.225313" lon="12.145108">
        <ele>63.3</ele>
      </trkpt>
      <trkpt lat="58.225388" lon="12.145185">
        <ele>64.6</ele>
      </trkpt>
      <trkpt lat="58.225452" lon="12.145219">
        <ele>65.8</ele>
      </trkpt>
      <trkpt lat="58.225549" lon="12.145286">
        <ele>67.5</ele>
      </trkpt>
      <trkpt lat="58.225623" lon="12.14533">
        <ele>68.8</ele>
      </trkpt>
      <trkpt lat="58.225706" lon="12.145362">
        <ele>70.2</ele>
      </trkpt>
      <trkpt lat="58.225798" lon="12.145383">
        <ele>71.6</ele>
      </trkpt>
      <trkpt lat="58.225885" lon="12.145444">
        <ele>72.6</ele>
      </trkpt>
      <trkpt lat="58.225938" lon="12.145544">
        <ele>72.9</ele>
      </trkpt>
      <trkpt lat="58.225992" lon="12.145574">
        <ele>73.4</ele>
      </trkpt>
      <trkpt lat="58.226027" lon="12.145527">
        <ele>74.0</ele>
      </trkpt>
      <trkpt lat="58.226109" lon="12.145374">
        <ele>75.8</ele>
      </trkpt>
      <trkpt lat="58.226181" lon="12.145151">
        <ele>78.0</ele>
      </trkpt>
      <trkpt lat="58.226189" lon="12.145065">
        <ele>78.7</ele>
      </trkpt>
      <trkpt lat="58.226251" lon="12.144939">
        <ele>80.3</ele>
      </trkpt>
      <trkpt lat="58.226308" lon="12.144849">
        <ele>81.6</ele>
      </trkpt>
      <trkpt lat="58.226384" lon="12.144795">
        <ele>82.9</ele>
      </trkpt>
      <trkpt lat="58.226461" lon="12.144821">
        <ele>83.6</ele>
      </trkpt>
      <trkpt lat="58.226569" lon="12.144896">
        <ele>84.0</ele>
      </trkpt>
      <trkpt lat="58.226677" lon="12.144962">
        <ele>84.4</ele>
      </trkpt>
      <trkpt lat="58.226784" lon="12.14504">
        <ele>84.4</ele>
      </trkpt>
      <trkpt lat="58.226887" lon="12.145122">
        <ele>84.2</ele>
      </trkpt>
      <trkpt lat="58.227069" lon="12.145263">
        <ele>83.5</ele>
      </trkpt>
      <trkpt lat="58.227202" lon="12.145325">
        <ele>83.4</ele>
      </trkpt>
      <trkpt lat="58.227265" lon="12.145341">
        <ele>83.4</ele>
      </trkpt>
      <trkpt lat="58.22744" lon="12.145382">
        <ele>83.7</ele>
      </trkpt>
      <trkpt lat="58.227529" lon="12.145419">
        <ele>83.9</ele>
      </trkpt>
      <trkpt lat="58.227751" lon="12.145524">
        <ele>84.7</ele>
      </trkpt>
      <trkpt lat="58.227896" lon="12.145635">
        <ele>85.1</ele>
      </trkpt>
      <trkpt lat="58.227983" lon="12.14571">
        <ele>85.3</ele>
      </trkpt>
      <trkpt lat="58.228057" lon="12.14586">
        <ele>84.7</ele>
      </trkpt>
      <trkpt lat="58.228166" lon="12.146127">
        <ele>83.1</ele>
      </trkpt>
      <trkpt lat="58.228218" lon="12.14631">
        <ele>81.7</ele>
      </trkpt>
      <trkpt lat="58.228253" lon="12.146446">
        <ele>80.6</ele>
      </trkpt>
      <trkpt lat="58.228343" lon="12.146603">
        <ele>79.5</ele>
      </trkpt>
      <trkpt lat="58.228403" lon="12.146686">
        <ele>78.9</ele>
      </trkpt>
      <trkpt lat="58.228481" lon="12.146789">
        <ele>78.1</ele>
      </trkpt>
      <trkpt lat="58.228546" lon="12.146908">
        <ele>77.2</ele>
      </trkpt>
      <trkpt lat="58.22857" lon="12.146978">
        <ele>76.8</ele>
      </trkpt>
      <trkpt lat="58.228527" lon="12.147046">
        <ele>76.5</ele>
      </trkpt>
      <trkpt lat="58.228495" lon="12.147133">
        <ele>76.1</ele>
      </trkpt>
      <trkpt lat="58.228461" lon="12.147218">
        <ele>75.7</ele>
      </trkpt>
      <trkpt lat="58.228438" lon="12.147342">
        <ele>75.0</ele>
      </trkpt>
      <trkpt lat="58.228424" lon="12.147459">
        <ele>74.3</ele>
      </trkpt>
      <trkpt lat="58.228409" lon="12.147595">
        <ele>73.4</ele>
      </trkpt>
      <trkpt lat="58.228379" lon="12.147735">
        <ele>72.4</ele>
      </trkpt>
      <trkpt lat="58.228422" lon="12.147803">
        <ele>71.8</ele>
      </trkpt>
      <trkpt lat="58.228481" lon="12.147803">
        <ele>71.7</ele>
      </trkpt>
      <trkpt lat="58.228537" lon="12.147882">
        <ele>71.0</ele>
      </trkpt>
      <trkpt lat="58.228561" lon="12.148005">
        <ele>70.0</ele>
      </trkpt>
      <trkpt lat="58.228609" lon="12.148113">
        <ele>69.0</ele>
      </trkpt>
      <trkpt lat="58.228674" lon="12.148208">
        <ele>68.1</ele>
      </trkpt>
      <trkpt lat="58.228737" lon="12.148241">
        <ele>67.7</ele>
      </trkpt>
      <trkpt lat="58.2288" lon="12.148241">
        <ele>67.5</ele>
      </trkpt>
      <trkpt lat="58.228898" lon="12.148294">
        <ele>67.0</ele>
      </trkpt>
      <trkpt lat="58.228985" lon="12.148389">
        <ele>66.6</ele>
      </trkpt>
      <trkpt lat="58.229017" lon="12.148496">
        <ele>66.6</ele>
      </trkpt>
      <trkpt lat="58.229058" lon="12.148653">
        <ele>67.0</ele>
      </trkpt>
      <trkpt lat="58.229097" lon="12.148744">
        <ele>67.5</ele>
      </trkpt>
      <trkpt lat="58.229156" lon="12.148851">
        <ele>68.4</ele>
      </trkpt>
      <trkpt lat="58.229208" lon="12.148892">
        <ele>68.9</ele>
      </trkpt>
      <trkpt lat="58.229293" lon="12.148913">
        <ele>69.7</ele>
      </trkpt>
      <trkpt lat="58.22944" lon="12.148909">
        <ele>70.8</ele>
      </trkpt>
      <trkpt lat="58.229514" lon="12.148925">
        <ele>71.6</ele>
      </trkpt>
      <trkpt lat="58.229662" lon="12.148954">
        <ele>73.1</ele>
      </trkpt>
      <trkpt lat="58.229764" lon="12.149028">
        <ele>74.3</ele>
      </trkpt>
      <trkpt lat="58.229847" lon="12.149037">
        <ele>75.1</ele>
      </trkpt>
      <trkpt lat="58.229942" lon="12.149037">
        <ele>76.1</ele>
      </trkpt>
      <trkpt lat="58.229953" lon="12.149037">
        <ele>76.2</ele>
      </trkpt>
      <trkpt lat="58.230098" lon="12.149004">
        <ele>77.5</ele>
      </trkpt>
      <trkpt lat="58.230229" lon="12.149107">
        <ele>79.1</ele>
      </trkpt>
      <trkpt lat="58.230235" lon="12.149107">
        <ele>79.2</ele>
      </trkpt>
      <trkpt lat="58.23037" lon="12.149169">
        <ele>80.7</ele>
      </trkpt>
      <trkpt lat="58.23045" lon="12.14923">
        <ele>81.7</ele>
      </trkpt>
      <trkpt lat="58.230511" lon="12.149313">
        <ele>82.5</ele>
      </trkpt>
      <trkpt lat="58.230594" lon="12.149317">
        <ele>83.3</ele>
      </trkpt>
      <trkpt lat="58.230737" lon="12.149305">
        <ele>84.8</ele>
      </trkpt>
      <trkpt lat="58.230815" lon="12.149334">
        <ele>85.6</ele>
      </trkpt>
      <trkpt lat="58.230945" lon="12.149379">
        <ele>86.9</ele>
      </trkpt>
      <trkpt lat="58.231021" lon="12.149503">
        <ele>87.3</ele>
      </trkpt>
      <trkpt lat="58.231071" lon="12.149577">
        <ele>87.5</ele>
      </trkpt>
      <trkpt lat="58.231132" lon="12.149647">
        <ele>87.8</ele>
      </trkpt>
      <trkpt lat="58.231208" lon="12.14968">
        <ele>88.2</ele>
      </trkpt>
      <trkpt lat="58.231269" lon="12.149746">
        <ele>88.3</ele>
      </trkpt>
      <trkpt lat="58.231375" lon="12.149804">
        <ele>88.8</ele>
      </trkpt>
      <trkpt lat="58.231434" lon="12.149915">
        <ele>88.7</ele>
      </trkpt>
      <trkpt lat="58.231508" lon="12.150014">
        <ele>88.7</ele>
      </trkpt>
      <trkpt lat="58.231577" lon="12.150031">
        <ele>89.2</ele>
      </trkpt>
      <trkpt lat="58.231664" lon="12.150076">
        <ele>89.7</ele>
      </trkpt>
      <trkpt lat="58.231773" lon="12.150142">
        <ele>90.4</ele>
      </trkpt>
      <trkpt lat="58.231855" lon="12.150187">
        <ele>91.1</ele>
      </trkpt>
      <trkpt lat="58.231955" lon="12.150191">
        <ele>92.1</ele>
      </trkpt>
      <trkpt lat="58.23207" lon="12.150158">
        <ele>93.5</ele>
      </trkpt>
      <trkpt lat="58.23214" lon="12.150117">
        <ele>94.5</ele>
      </trkpt>
      <trkpt lat="58.232224" lon="12.150187">
        <ele>95.1</ele>
      </trkpt>
      <trkpt lat="58.232272" lon="12.150233">
        <ele>95.4</ele>
      </trkpt>
      <trkpt lat="58.23235" lon="12.150303">
        <ele>95.8</ele>
      </trkpt>
      <trkpt lat="58.232396" lon="12.150332">
        <ele>96.1</ele>
      </trkpt>
      <trkpt lat="58.232476" lon="12.150373">
        <ele>96.6</ele>
      </trkpt>
      <trkpt lat="58.232565" lon="12.150398">
        <ele>97.0</ele>
      </trkpt>
      <trkpt lat="58.232639" lon="12.150426">
        <ele>97.4</ele>
      </trkpt>
      <trkpt lat="58.232678" lon="12.150526">
        <ele>97.3</ele>
      </trkpt>
      <trkpt lat="58.232704" lon="12.150658">
        <ele>97.0</ele>
      </trkpt>
      <trkpt lat="58.232711" lon="12.150822">
        <ele>96.4</ele>
      </trkpt>
      <trkpt lat="58.232717" lon="12.150909">
        <ele>95.9</ele>
      </trkpt>
      <trkpt lat="58.232711" lon="12.150996">
        <ele>95.3</ele>
      </trkpt>
      <trkpt lat="58.232702" lon="12.151086">
        <ele>94.6</ele>
      </trkpt>
      <trkpt lat="58.232739" lon="12.151198">
        <ele>94.0</ele>
      </trkpt>
      <trkpt lat="58.23278" lon="12.151326">
        <ele>93.4</ele>
      </trkpt>
      <trkpt lat="58.232826" lon="12.151515">
        <ele>92.6</ele>
      </trkpt>
      <trkpt lat="58.232871" lon="12.151647">
        <ele>92.3</ele>
      </trkpt>
      <trkpt lat="58.232941" lon="12.151759">
        <ele>92.5</ele>
      </trkpt>
      <trkpt lat="58.233095" lon="12.151932">
        <ele>93.3</ele>
      </trkpt>
      <trkpt lat="58.233169" lon="12.15201">
        <ele>93.6</ele>
      </trkpt>
      <trkpt lat="58.233351" lon="12.152188">
        <ele>94.3</ele>
      </trkpt>
      <trkpt lat="58.23344" lon="12.152245">
        <ele>94.5</ele>
      </trkpt>
      <trkpt lat="58.233495" lon="12.15232">
        <ele>94.6</ele>
      </trkpt>
      <trkpt lat="58.233582" lon="12.152476">
        <ele>94.7</ele>
      </trkpt>
      <trkpt lat="58.233653" lon="12.152596">
        <ele>94.8</ele>
      </trkpt>
      <trkpt lat="58.233716" lon="12.152654">
        <ele>94.9</ele>
      </trkpt>
      <trkpt lat="58.233794" lon="12.152666">
        <ele>95.1</ele>
      </trkpt>
      <trkpt lat="58.233825" lon="12.152999">
        <ele>95.1</ele>
      </trkpt>
      <trkpt lat="58.233938" lon="12.153409">
        <ele>95.1</ele>
      </trkpt>
      <trkpt lat="58.234051" lon="12.15382">
        <ele>94.1</ele>
      </trkpt>
      <trkpt lat="58.234195" lon="12.154056">
        <ele>93.6</ele>
      </trkpt>
      <trkpt lat="58.234373" lon="12.154217">
        <ele>93.5</ele>
      </trkpt>
      <trkpt lat="58.234574" lon="12.154311">
        <ele>93.9</ele>
        <name>58.234572,12.154321</name>
        <extensions>
          <oa:Extension>
            <oa:mapZoom>15</oa:mapZoom>
          </oa:Extension>
        </extensions>
      </trkpt>
      <trkpt lat="58.234692" lon="12.154366">
        <ele>94.1</ele>
      </trkpt>
      <trkpt lat="58.23501" lon="12.154515">
        <ele>94.2</ele>
      </trkpt>
      <trkpt lat="58.23534" lon="12.154674">
        <ele>94.1</ele>
      </trkpt>
      <trkpt lat="58.23567" lon="12.154834">
        <ele>94.1</ele>
      </trkpt>
      <trkpt lat="58.235829" lon="12.15496">
        <ele>94.1</ele>
      </trkpt>
      <trkpt lat="58.235979" lon="12.155217">
        <ele>93.9</ele>
      </trkpt>
      <trkpt lat="58.236234" lon="12.155669">
        <ele>93.5</ele>
      </trkpt>
      <trkpt lat="58.23649" lon="12.15612">
        <ele>93.3</ele>
      </trkpt>
      <trkpt lat="58.236745" lon="12.156572">
        <ele>94.2</ele>
      </trkpt>
      <trkpt lat="58.236875" lon="12.15687">
        <ele>94.7</ele>
      </trkpt>
      <trkpt lat="58.237002" lon="12.157355">
        <ele>94.9</ele>
      </trkpt>
      <trkpt lat="58.23709" lon="12.157881">
        <ele>95.8</ele>
      </trkpt>
      <trkpt lat="58.237091" lon="12.158235">
        <ele>96.1</ele>
      </trkpt>
      <trkpt lat="58.237055" lon="12.158559">
        <ele>95.5</ele>
      </trkpt>
      <trkpt lat="58.236984" lon="12.158956">
        <ele>94.5</ele>
      </trkpt>
      <trkpt lat="58.236976" lon="12.159216">
        <ele>94.3</ele>
      </trkpt>
      <trkpt lat="58.237015" lon="12.159466">
        <ele>94.6</ele>
      </trkpt>
      <trkpt lat="58.237097" lon="12.159638">
        <ele>95.0</ele>
      </trkpt>
      <trkpt lat="58.237167" lon="12.159812">
        <ele>95.0</ele>
      </trkpt>
      <trkpt lat="58.237206" lon="12.159989">
        <ele>94.5</ele>
      </trkpt>
      <trkpt lat="58.237215" lon="12.160233">
        <ele>93.3</ele>
      </trkpt>
      <trkpt lat="58.237212" lon="12.160727">
        <ele>90.1</ele>
      </trkpt>
      <trkpt lat="58.237208" lon="12.16122">
        <ele>86.9</ele>
      </trkpt>
      <trkpt lat="58.237187" lon="12.162054">
        <ele>82.8</ele>
      </trkpt>
      <trkpt lat="58.237165" lon="12.162888">
        <ele>80.0</ele>
      </trkpt>
      <trkpt lat="58.237124" lon="12.163167">
        <ele>79.0</ele>
      </trkpt>
      <trkpt lat="58.237076" lon="12.163318">
        <ele>78.5</ele>
      </trkpt>
      <trkpt lat="58.236823" lon="12.163778">
        <ele>77.7</ele>
      </trkpt>
      <trkpt lat="58.23657" lon="12.164238">
        <ele>76.8</ele>
      </trkpt>
      <trkpt lat="58.236494" lon="12.164492">
        <ele>75.6</ele>
      </trkpt>
      <trkpt lat="58.236449" lon="12.164844">
        <ele>73.7</ele>
      </trkpt>
      <trkpt lat="58.23647" lon="12.16541">
        <ele>74.2</ele>
      </trkpt>
      <trkpt lat="58.236472" lon="12.166096">
        <ele>76.9</ele>
      </trkpt>
      <trkpt lat="58.236695" lon="12.166095">
        <ele>76.8</ele>
      </trkpt>
      <trkpt lat="58.237098" lon="12.166044">
        <ele>76.7</ele>
      </trkpt>
      <trkpt lat="58.23728" lon="12.165966">
        <ele>76.8</ele>
      </trkpt>
      <trkpt lat="58.237488" lon="12.16584">
        <ele>77.0</ele>
      </trkpt>
      <trkpt lat="58.237717" lon="12.16565">
        <ele>77.5</ele>
      </trkpt>
      <trkpt lat="58.238092" lon="12.165231">
        <ele>79.8</ele>
      </trkpt>
      <trkpt lat="58.23822" lon="12.165115">
        <ele>81.0</ele>
      </trkpt>
      <trkpt lat="58.23833" lon="12.164998">
        <ele>82.0</ele>
      </trkpt>
      <trkpt lat="58.238352" lon="12.165057">
        <ele>82.1</ele>
      </trkpt>
      <trkpt lat="58.238741" lon="12.165311">
        <ele>84.7</ele>
      </trkpt>
      <trkpt lat="58.239131" lon="12.165565">
        <ele>86.4</ele>
      </trkpt>
      <trkpt lat="58.23952" lon="12.165819">
        <ele>87.1</ele>
      </trkpt>
      <trkpt lat="58.239909" lon="12.166072">
        <ele>87.3</ele>
      </trkpt>
      <trkpt lat="58.24025" lon="12.166233">
        <ele>86.8</ele>
      </trkpt>
      <trkpt lat="58.240382" lon="12.166288">
        <ele>86.5</ele>
      </trkpt>
      <trkpt lat="58.240394" lon="12.166342">
        <ele>86.3</ele>
      </trkpt>
      <trkpt lat="58.240477" lon="12.166495">
        <ele>85.7</ele>
      </trkpt>
      <trkpt lat="58.240645" lon="12.166863">
        <ele>85.3</ele>
      </trkpt>
      <trkpt lat="58.240683" lon="12.166949">
        <ele>85.4</ele>
      </trkpt>
      <trkpt lat="58.240836" lon="12.167299">
        <ele>86.0</ele>
      </trkpt>
      <trkpt lat="58.240917" lon="12.167601">
        <ele>86.4</ele>
      </trkpt>
      <trkpt lat="58.240936" lon="12.167773">
        <ele>86.4</ele>
      </trkpt>
      <trkpt lat="58.240949" lon="12.168053">
        <ele>86.5</ele>
      </trkpt>
      <trkpt lat="58.24121" lon="12.16792">
        <ele>88.0</ele>
      </trkpt>
      <trkpt lat="58.241255" lon="12.167958">
        <ele>88.3</ele>
      </trkpt>
      <trkpt lat="58.24129" lon="12.168101">
        <ele>88.6</ele>
      </trkpt>
      <trkpt lat="58.241317" lon="12.168277">
        <ele>89.0</ele>
      </trkpt>
      <trkpt lat="58.241348" lon="12.168372">
        <ele>89.4</ele>
      </trkpt>
      <trkpt lat="58.241398" lon="12.168448">
        <ele>89.8</ele>
      </trkpt>
      <trkpt lat="58.241445" lon="12.168472">
        <ele>90.1</ele>
      </trkpt>
      <trkpt lat="58.241448" lon="12.168472">
        <ele>90.1</ele>
      </trkpt>
      <trkpt lat="58.241493" lon="12.168553">
        <ele>90.5</ele>
      </trkpt>
      <trkpt lat="58.241543" lon="12.168739">
        <ele>91.0</ele>
      </trkpt>
      <trkpt lat="58.241538" lon="12.168843">
        <ele>91.1</ele>
      </trkpt>
      <trkpt lat="58.241515" lon="12.168991">
        <ele>91.3</ele>
      </trkpt>
      <trkpt lat="58.241515" lon="12.169081">
        <ele>91.4</ele>
      </trkpt>
      <trkpt lat="58.241543" lon="12.169191">
        <ele>91.7</ele>
      </trkpt>
      <trkpt lat="58.2416" lon="12.169329">
        <ele>92.1</ele>
      </trkpt>
      <trkpt lat="58.241648" lon="12.1694">
        <ele>92.3</ele>
      </trkpt>
      <trkpt lat="58.2417" lon="12.169466">
        <ele>92.4</ele>
      </trkpt>
      <trkpt lat="58.241718" lon="12.169533">
        <ele>92.6</ele>
      </trkpt>
      <trkpt lat="58.241723" lon="12.169709">
        <ele>92.8</ele>
      </trkpt>
      <trkpt lat="58.241723" lon="12.169828">
        <ele>92.9</ele>
      </trkpt>
      <trkpt lat="58.241766" lon="12.169976">
        <ele>93.0</ele>
      </trkpt>
      <trkpt lat="58.241773" lon="12.170161">
        <ele>93.0</ele>
      </trkpt>
      <trkpt lat="58.241743" lon="12.170518">
        <ele>93.0</ele>
      </trkpt>
      <trkpt lat="58.241738" lon="12.17077">
        <ele>92.9</ele>
      </trkpt>
      <trkpt lat="58.241746" lon="12.17097">
        <ele>92.9</ele>
      </trkpt>
      <trkpt lat="58.241808" lon="12.171174">
        <ele>92.7</ele>
      </trkpt>
      <trkpt lat="58.241918" lon="12.171332">
        <ele>92.4</ele>
      </trkpt>
      <trkpt lat="58.242044" lon="12.171493">
        <ele>91.9</ele>
      </trkpt>
      <trkpt lat="58.242139" lon="12.171688">
        <ele>91.4</ele>
      </trkpt>
      <trkpt lat="58.242236" lon="12.171988">
        <ele>90.5</ele>
      </trkpt>
      <trkpt lat="58.242324" lon="12.172107">
        <ele>90.0</ele>
      </trkpt>
      <trkpt lat="58.242424" lon="12.172169">
        <ele>89.8</ele>
      </trkpt>
      <trkpt lat="58.242484" lon="12.172331">
        <ele>89.4</ele>
      </trkpt>
      <trkpt lat="58.242572" lon="12.172549">
        <ele>89.1</ele>
      </trkpt>
      <trkpt lat="58.242695" lon="12.172749">
        <ele>89.3</ele>
      </trkpt>
      <trkpt lat="58.242772" lon="12.172887">
        <ele>89.5</ele>
      </trkpt>
      <trkpt lat="58.242822" lon="12.17303">
        <ele>89.6</ele>
      </trkpt>
      <trkpt lat="58.242835" lon="12.173173">
        <ele>89.5</ele>
      </trkpt>
      <trkpt lat="58.242867" lon="12.173425">
        <ele>89.4</ele>
      </trkpt>
      <trkpt lat="58.242865" lon="12.17372">
        <ele>89.0</ele>
      </trkpt>
      <trkpt lat="58.242812" lon="12.17392">
        <ele>88.3</ele>
      </trkpt>
      <trkpt lat="58.242745" lon="12.174234">
        <ele>87.3</ele>
      </trkpt>
      <trkpt lat="58.242692" lon="12.174543">
        <ele>86.5</ele>
      </trkpt>
      <trkpt lat="58.242617" lon="12.174795">
        <ele>85.7</ele>
      </trkpt>
      <trkpt lat="58.242562" lon="12.175161">
        <ele>84.9</ele>
      </trkpt>
      <trkpt lat="58.242534" lon="12.175513">
        <ele>84.0</ele>
      </trkpt>
      <trkpt lat="58.242542" lon="12.175856">
        <ele>83.2</ele>
      </trkpt>
      <trkpt lat="58.242504" lon="12.176165">
        <ele>82.2</ele>
      </trkpt>
      <trkpt lat="58.242394" lon="12.176546">
        <ele>80.5</ele>
      </trkpt>
      <trkpt lat="58.242332" lon="12.17686">
        <ele>79.3</ele>
      </trkpt>
      <trkpt lat="58.242292" lon="12.177121">
        <ele>78.3</ele>
      </trkpt>
      <trkpt lat="58.242282" lon="12.177211">
        <ele>78.0</ele>
      </trkpt>
      <trkpt lat="58.242264" lon="12.177397">
        <ele>77.2</ele>
      </trkpt>
      <trkpt lat="58.242241" lon="12.177611">
        <ele>76.3</ele>
      </trkpt>
      <trkpt lat="58.242224" lon="12.177783">
        <ele>75.5</ele>
      </trkpt>
      <trkpt lat="58.242189" lon="12.177854">
        <ele>74.9</ele>
      </trkpt>
      <trkpt lat="58.242156" lon="12.177897">
        <ele>74.4</ele>
      </trkpt>
      <trkpt lat="58.242116" lon="12.178006">
        <ele>73.5</ele>
      </trkpt>
      <trkpt lat="58.242104" lon="12.17814">
        <ele>72.7</ele>
      </trkpt>
      <trkpt lat="58.242061" lon="12.17822">
        <ele>71.8</ele>
      </trkpt>
      <trkpt lat="58.241976" lon="12.178263">
        <ele>70.5</ele>
      </trkpt>
      <trkpt lat="58.241878" lon="12.178263">
        <ele>69.2</ele>
      </trkpt>
      <trkpt lat="58.241796" lon="12.178282">
        <ele>68.0</ele>
      </trkpt>
      <trkpt lat="58.24165" lon="12.178268">
        <ele>66.1</ele>
      </trkpt>
      <trkpt lat="58.24157" lon="12.178268">
        <ele>64.9</ele>
      </trkpt>
      <trkpt lat="58.241498" lon="12.178325">
        <ele>63.5</ele>
      </trkpt>
      <trkpt lat="58.241443" lon="12.178435">
        <ele>62.3</ele>
      </trkpt>
      <trkpt lat="58.241409" lon="12.178704">
        <ele>61.8</ele>
      </trkpt>
      <trkpt lat="58.241361" lon="12.178812">
        <ele>61.4</ele>
      </trkpt>
      <trkpt lat="58.241307" lon="12.179048">
        <ele>61.4</ele>
      </trkpt>
      <trkpt lat="58.241256" lon="12.179354">
        <ele>61.6</ele>
      </trkpt>
      <trkpt lat="58.24122" lon="12.179489">
        <ele>61.8</ele>
        <name>58.241218,12.179486</name>
        <extensions>
          <oa:Extension>
            <oa:mapZoom>15</oa:mapZoom>
          </oa:Extension>
        </extensions>
      </trkpt>
      <trkpt lat="58.241205" lon="12.179547">
        <ele>61.9</ele>
      </trkpt>
      <trkpt lat="58.241098" lon="12.17981">
        <ele>62.5</ele>
      </trkpt>
      <trkpt lat="58.241053" lon="12.180051">
        <ele>62.9</ele>
      </trkpt>
      <trkpt lat="58.241013" lon="12.180443">
        <ele>62.4</ele>
      </trkpt>
      <trkpt lat="58.240957" lon="12.18063">
        <ele>61.8</ele>
      </trkpt>
      <trkpt lat="58.240821" lon="12.180791">
        <ele>61.0</ele>
      </trkpt>
      <trkpt lat="58.240768" lon="12.180882">
        <ele>60.6</ele>
      </trkpt>
      <trkpt lat="58.240691" lon="12.181167">
        <ele>60.1</ele>
      </trkpt>
      <trkpt lat="58.240601" lon="12.181478">
        <ele>59.6</ele>
      </trkpt>
      <trkpt lat="58.240652" lon="12.181655">
        <ele>59.5</ele>
      </trkpt>
      <trkpt lat="58.240717" lon="12.181912">
        <ele>58.6</ele>
      </trkpt>
      <trkpt lat="58.240731" lon="12.182358">
        <ele>55.7</ele>
      </trkpt>
      <trkpt lat="58.240658" lon="12.182626">
        <ele>53.9</ele>
      </trkpt>
      <trkpt lat="58.240528" lon="12.182824">
        <ele>52.5</ele>
      </trkpt>
      <trkpt lat="58.240395" lon="12.182921">
        <ele>52.0</ele>
      </trkpt>
      <trkpt lat="58.240121" lon="12.182878">
        <ele>52.1</ele>
      </trkpt>
      <trkpt lat="58.239974" lon="12.182926">
        <ele>51.2</ele>
      </trkpt>
      <trkpt lat="58.239932" lon="12.183039">
        <ele>50.5</ele>
      </trkpt>
      <trkpt lat="58.239847" lon="12.183393">
        <ele>49.0</ele>
      </trkpt>
      <trkpt lat="58.239534" lon="12.183345">
        <ele>46.0</ele>
      </trkpt>
      <trkpt lat="58.239229" lon="12.183349">
        <ele>42.6</ele>
      </trkpt>
      <trkpt lat="58.238924" lon="12.183354">
        <ele>39.3</ele>
      </trkpt>
      <trkpt lat="58.238929" lon="12.183685">
        <ele>39.2</ele>
      </trkpt>
      <trkpt lat="58.238968" lon="12.183689">
        <ele>39.7</ele>
      </trkpt>
      <trkpt lat="58.239186" lon="12.184176">
        <ele>42.2</ele>
      </trkpt>
      <trkpt lat="58.239325" lon="12.184573">
        <ele>43.4</ele>
      </trkpt>
      <trkpt lat="58.239441" lon="12.184879">
        <ele>44.2</ele>
      </trkpt>
      <trkpt lat="58.239531" lon="12.185313">
        <ele>44.4</ele>
      </trkpt>
      <trkpt lat="58.239621" lon="12.185795">
        <ele>44.7</ele>
      </trkpt>
      <trkpt lat="58.239765" lon="12.186079">
        <ele>46.0</ele>
      </trkpt>
      <trkpt lat="58.239861" lon="12.186267">
        <ele>46.8</ele>
      </trkpt>
      <trkpt lat="58.240078" lon="12.186572">
        <ele>49.1</ele>
      </trkpt>
      <trkpt lat="58.240383" lon="12.18698">
        <ele>52.2</ele>
      </trkpt>
      <trkpt lat="58.240679" lon="12.18728">
        <ele>55.4</ele>
      </trkpt>
      <trkpt lat="58.240823" lon="12.187388">
        <ele>57.0</ele>
        <name>58.240811,12.187443</name>
        <extensions>
          <oa:Extension>
            <oa:mapZoom>15</oa:mapZoom>
          </oa:Extension>
        </extensions>
      </trkpt>
      <trkpt lat="58.240852" lon="12.187411">
        <ele>57.4</ele>
      </trkpt>
      <trkpt lat="58.241027" lon="12.187647">
        <ele>59.3</ele>
      </trkpt>
      <trkpt lat="58.241228" lon="12.187899">
        <ele>61.4</ele>
      </trkpt>
      <trkpt lat="58.241491" lon="12.18818">
        <ele>62.8</ele>
      </trkpt>
      <trkpt lat="58.241727" lon="12.188421">
        <ele>62.7</ele>
      </trkpt>
      <trkpt lat="58.241984" lon="12.188732">
        <ele>60.9</ele>
      </trkpt>
      <trkpt lat="58.242057" lon="12.188677">
        <ele>61.7</ele>
      </trkpt>
      <trkpt lat="58.242188" lon="12.188587">
        <ele>62.9</ele>
      </trkpt>
      <trkpt lat="58.242257" lon="12.188435">
        <ele>64.5</ele>
      </trkpt>
      <trkpt lat="58.242377" lon="12.188359">
        <ele>65.4</ele>
      </trkpt>
      <trkpt lat="58.242475" lon="12.188325">
        <ele>66.0</ele>
      </trkpt>
      <trkpt lat="58.242482" lon="12.188325">
        <ele>66.0</ele>
      </trkpt>
      <trkpt lat="58.242562" lon="12.188325">
        <ele>66.3</ele>
      </trkpt>
      <trkpt lat="58.242776" lon="12.188256">
        <ele>67.7</ele>
      </trkpt>
      <trkpt lat="58.242968" lon="12.188256">
        <ele>68.4</ele>
      </trkpt>
      <trkpt lat="58.243066" lon="12.188352">
        <ele>67.8</ele>
      </trkpt>
      <trkpt lat="58.243124" lon="12.188428">
        <ele>67.2</ele>
      </trkpt>
      <trkpt lat="58.243208" lon="12.188428">
        <ele>67.3</ele>
      </trkpt>
      <trkpt lat="58.243295" lon="12.188304">
        <ele>68.3</ele>
      </trkpt>
      <trkpt lat="58.243357" lon="12.188173">
        <ele>69.1</ele>
      </trkpt>
      <trkpt lat="58.243477" lon="12.188104">
        <ele>69.0</ele>
      </trkpt>
      <trkpt lat="58.243651" lon="12.188035">
        <ele>68.0</ele>
      </trkpt>
      <trkpt lat="58.243763" lon="12.187945">
        <ele>67.2</ele>
      </trkpt>
      <trkpt lat="58.243843" lon="12.187759">
        <ele>66.6</ele>
      </trkpt>
      <trkpt lat="58.243927" lon="12.187614">
        <ele>65.8</ele>
      </trkpt>
      <trkpt lat="58.243963" lon="12.187428">
        <ele>65.6</ele>
      </trkpt>
      <trkpt lat="58.244039" lon="12.187338">
        <ele>64.8</ele>
      </trkpt>
      <trkpt lat="58.244126" lon="12.1872">
        <ele>64.0</ele>
      </trkpt>
      <trkpt lat="58.244134" lon="12.187186">
        <ele>64.0</ele>
      </trkpt>
      <trkpt lat="58.244199" lon="12.186745">
        <ele>63.6</ele>
      </trkpt>
      <trkpt lat="58.244192" lon="12.186531">
        <ele>63.4</ele>
      </trkpt>
      <trkpt lat="58.244224" lon="12.18631">
        <ele>62.2</ele>
      </trkpt>
      <trkpt lat="58.244243" lon="12.186104">
        <ele>61.1</ele>
      </trkpt>
      <trkpt lat="58.244214" lon="12.185945">
        <ele>60.8</ele>
      </trkpt>
      <trkpt lat="58.244261" lon="12.185759">
        <ele>59.7</ele>
      </trkpt>
      <trkpt lat="58.244384" lon="12.185745">
        <ele>58.1</ele>
      </trkpt>
      <trkpt lat="58.244493" lon="12.18591">
        <ele>57.3</ele>
      </trkpt>
      <trkpt lat="58.244566" lon="12.186104">
        <ele>57.0</ele>
      </trkpt>
      <trkpt lat="58.2447" lon="12.1864">
        <ele>56.2</ele>
      </trkpt>
      <trkpt lat="58.244792" lon="12.186473">
        <ele>55.2</ele>
      </trkpt>
      <trkpt lat="58.244815" lon="12.186301">
        <ele>54.6</ele>
      </trkpt>
      <trkpt lat="58.244978" lon="12.186097">
        <ele>52.5</ele>
      </trkpt>
      <trkpt lat="58.245323" lon="12.1857">
        <ele>49.7</ele>
      </trkpt>
      <trkpt lat="58.245549" lon="12.1854">
        <ele>48.6</ele>
      </trkpt>
      <trkpt lat="58.24569" lon="12.184982">
        <ele>49.0</ele>
      </trkpt>
      <trkpt lat="58.245882" lon="12.184531">
        <ele>52.3</ele>
      </trkpt>
      <trkpt lat="58.24607" lon="12.184376">
        <ele>54.2</ele>
      </trkpt>
      <trkpt lat="58.246297" lon="12.184527">
        <ele>54.1</ele>
      </trkpt>
      <trkpt lat="58.246523" lon="12.184678">
        <ele>54.3</ele>
      </trkpt>
      <trkpt lat="58.24668" lon="12.184879">
        <ele>53.9</ele>
      </trkpt>
      <trkpt lat="58.246717" lon="12.185086">
        <ele>52.9</ele>
      </trkpt>
      <trkpt lat="58.246687" lon="12.18542">
        <ele>51.4</ele>
      </trkpt>
      <trkpt lat="58.24665" lon="12.185751">
        <ele>50.2</ele>
      </trkpt>
      <trkpt lat="58.246653" lon="12.186044">
        <ele>48.9</ele>
      </trkpt>
      <trkpt lat="58.246706" lon="12.186219">
        <ele>48.1</ele>
      </trkpt>
      <trkpt lat="58.24686" lon="12.186505">
        <ele>47.4</ele>
      </trkpt>
      <trkpt lat="58.247152" lon="12.186858">
        <ele>48.4</ele>
      </trkpt>
      <trkpt lat="58.247186" lon="12.187007">
        <ele>48.7</ele>
      </trkpt>
      <trkpt lat="58.247152" lon="12.18742">
        <ele>49.0</ele>
      </trkpt>
      <trkpt lat="58.247165" lon="12.187684">
        <ele>49.2</ele>
      </trkpt>
      <trkpt lat="58.24722" lon="12.187904">
        <ele>49.4</ele>
      </trkpt>
      <trkpt lat="58.247298" lon="12.188001">
        <ele>49.7</ele>
      </trkpt>
      <trkpt lat="58.247375" lon="12.188096">
        <ele>49.9</ele>
      </trkpt>
      <trkpt lat="58.247543" lon="12.188312">
        <ele>50.0</ele>
      </trkpt>
      <trkpt lat="58.247655" lon="12.188562">
        <ele>49.7</ele>
      </trkpt>
      <trkpt lat="58.247748" lon="12.18896">
        <ele>49.7</ele>
      </trkpt>
      <trkpt lat="58.247802" lon="12.189372">
        <ele>49.6</ele>
      </trkpt>
      <trkpt lat="58.247798" lon="12.189698">
        <ele>49.7</ele>
      </trkpt>
      <trkpt lat="58.247708" lon="12.190062">
        <ele>50.5</ele>
      </trkpt>
      <trkpt lat="58.247685" lon="12.190363">
        <ele>50.5</ele>
      </trkpt>
      <trkpt lat="58.247705" lon="12.190728">
        <ele>49.8</ele>
      </trkpt>
      <trkpt lat="58.247804" lon="12.191367">
        <ele>48.6</ele>
      </trkpt>
      <trkpt lat="58.247906" lon="12.191926">
        <ele>47.8</ele>
      </trkpt>
      <trkpt lat="58.247965" lon="12.192365">
        <ele>47.7</ele>
      </trkpt>
      <trkpt lat="58.24793" lon="12.192449">
        <ele>47.8</ele>
      </trkpt>
      <trkpt lat="58.247641" lon="12.193004">
        <ele>46.2</ele>
      </trkpt>
      <trkpt lat="58.247907" lon="12.193346">
        <ele>47.6</ele>
      </trkpt>
      <trkpt lat="58.248108" lon="12.193649">
        <ele>49.0</ele>
      </trkpt>
      <trkpt lat="58.24823" lon="12.193876">
        <ele>48.9</ele>
      </trkpt>
      <trkpt lat="58.248406" lon="12.194059">
        <ele>48.6</ele>
      </trkpt>
      <trkpt lat="58.248566" lon="12.194152">
        <ele>48.7</ele>
        <name>58.248553,12.194232</name>
        <extensions>
          <oa:Extension>
            <oa:mapZoom>15</oa:mapZoom>
          </oa:Extension>
        </extensions>
      </trkpt>
      <trkpt lat="58.24875" lon="12.19426">
        <ele>48.8</ele>
      </trkpt>
      <trkpt lat="58.248938" lon="12.194467">
        <ele>48.5</ele>
      </trkpt>
      <trkpt lat="58.24912" lon="12.194787">
        <ele>47.6</ele>
      </trkpt>
      <trkpt lat="58.249321" lon="12.195039">
        <ele>47.0</ele>
      </trkpt>
      <trkpt lat="58.249663" lon="12.195419">
        <ele>46.6</ele>
      </trkpt>
      <trkpt lat="58.250002" lon="12.195919">
        <ele>46.9</ele>
      </trkpt>
      <trkpt lat="58.250191" lon="12.196198">
        <ele>47.6</ele>
      </trkpt>
      <trkpt lat="58.250381" lon="12.196476">
        <ele>48.7</ele>
      </trkpt>
      <trkpt lat="58.250622" lon="12.196806">
        <ele>51.3</ele>
      </trkpt>
      <trkpt lat="58.250771" lon="12.197009">
        <ele>53.5</ele>
      </trkpt>
      <trkpt lat="58.250869" lon="12.197247">
        <ele>55.5</ele>
      </trkpt>
      <trkpt lat="58.251118" lon="12.197929">
        <ele>61.3</ele>
      </trkpt>
      <trkpt lat="58.251276" lon="12.198357">
        <ele>64.6</ele>
      </trkpt>
      <trkpt lat="58.251625" lon="12.198877">
        <ele>67.3</ele>
      </trkpt>
      <trkpt lat="58.251867" lon="12.199221">
        <ele>67.6</ele>
      </trkpt>
      <trkpt lat="58.252109" lon="12.199565">
        <ele>67.7</ele>
      </trkpt>
      <trkpt lat="58.252288" lon="12.199914">
        <ele>68.1</ele>
      </trkpt>
      <trkpt lat="58.252498" lon="12.200322">
        <ele>68.7</ele>
      </trkpt>
      <trkpt lat="58.252796" lon="12.20078">
        <ele>69.1</ele>
      </trkpt>
      <trkpt lat="58.253093" lon="12.201238">
        <ele>68.0</ele>
      </trkpt>
      <trkpt lat="58.253199" lon="12.201426">
        <ele>67.0</ele>
      </trkpt>
      <trkpt lat="58.253408" lon="12.201799">
        <ele>65.6</ele>
      </trkpt>
      <trkpt lat="58.253499" lon="12.202105">
        <ele>64.6</ele>
      </trkpt>
      <trkpt lat="58.253528" lon="12.202399">
        <ele>63.3</ele>
      </trkpt>
      <trkpt lat="58.253522" lon="12.202752">
        <ele>61.7</ele>
      </trkpt>
      <trkpt lat="58.25348" lon="12.20352">
        <ele>58.0</ele>
      </trkpt>
      <trkpt lat="58.253442" lon="12.20399">
        <ele>55.1</ele>
      </trkpt>
      <trkpt lat="58.253405" lon="12.20446">
        <ele>51.5</ele>
      </trkpt>
      <trkpt lat="58.253364" lon="12.204718">
        <ele>49.2</ele>
      </trkpt>
      <trkpt lat="58.253228" lon="12.205115">
        <ele>46.2</ele>
      </trkpt>
      <trkpt lat="58.253115" lon="12.205363">
        <ele>44.8</ele>
      </trkpt>
      <trkpt lat="58.253043" lon="12.205587">
        <ele>43.6</ele>
      </trkpt>
      <trkpt lat="58.25306" lon="12.205797">
        <ele>42.5</ele>
      </trkpt>
      <trkpt lat="58.253133" lon="12.206003">
        <ele>41.4</ele>
      </trkpt>
      <trkpt lat="58.253373" lon="12.206376">
        <ele>39.6</ele>
      </trkpt>
      <trkpt lat="58.253422" lon="12.206452">
        <ele>39.4</ele>
      </trkpt>
      <trkpt lat="58.253737" lon="12.20688">
        <ele>39.0</ele>
      </trkpt>
      <trkpt lat="58.253925" lon="12.207147">
        <ele>39.9</ele>
      </trkpt>
      <trkpt lat="58.254114" lon="12.207414">
        <ele>41.5</ele>
      </trkpt>
      <trkpt lat="58.254315" lon="12.207759">
        <ele>43.7</ele>
      </trkpt>
      <trkpt lat="58.254399" lon="12.208019">
        <ele>44.6</ele>
      </trkpt>
      <trkpt lat="58.254453" lon="12.208186">
        <ele>45.3</ele>
      </trkpt>
      <trkpt lat="58.254632" lon="12.208912">
        <ele>47.8</ele>
      </trkpt>
      <trkpt lat="58.2548" lon="12.209457">
        <ele>49.6</ele>
      </trkpt>
      <trkpt lat="58.254875" lon="12.2097">
        <ele>50.2</ele>
      </trkpt>
      <trkpt lat="58.254963" lon="12.20991">
        <ele>50.8</ele>
      </trkpt>
      <trkpt lat="58.255085" lon="12.21007">
        <ele>51.9</ele>
      </trkpt>
      <trkpt lat="58.255045" lon="12.210297">
        <ele>50.6</ele>
      </trkpt>
      <trkpt lat="58.254987" lon="12.210572">
        <ele>48.8</ele>
      </trkpt>
      <trkpt lat="58.254918" lon="12.210799">
        <ele>47.3</ele>
      </trkpt>
      <trkpt lat="58.254895" lon="12.210993">
        <ele>46.4</ele>
      </trkpt>
      <trkpt lat="58.254905" lon="12.211205">
        <ele>45.9</ele>
      </trkpt>
      <trkpt lat="58.254938" lon="12.21143">
        <ele>45.4</ele>
      </trkpt>
      <trkpt lat="58.254958" lon="12.211722">
        <ele>44.3</ele>
      </trkpt>
      <trkpt lat="58.254975" lon="12.212034">
        <ele>42.8</ele>
      </trkpt>
      <trkpt lat="58.254992" lon="12.21233">
        <ele>41.0</ele>
      </trkpt>
      <trkpt lat="58.254974" lon="12.212592">
        <ele>39.2</ele>
      </trkpt>
      <trkpt lat="58.254908" lon="12.212844">
        <ele>37.0</ele>
      </trkpt>
      <trkpt lat="58.25486" lon="12.213019">
        <ele>35.5</ele>
      </trkpt>
      <trkpt lat="58.254826" lon="12.213193">
        <ele>34.2</ele>
      </trkpt>
      <trkpt lat="58.254813" lon="12.213406">
        <ele>32.6</ele>
      </trkpt>
      <trkpt lat="58.254933" lon="12.21346">
        <ele>32.7</ele>
      </trkpt>
      <trkpt lat="58.255041" lon="12.213411">
        <ele>33.7</ele>
      </trkpt>
      <trkpt lat="58.255147" lon="12.213372">
        <ele>34.9</ele>
      </trkpt>
      <trkpt lat="58.255258" lon="12.213406">
        <ele>35.6</ele>
      </trkpt>
      <trkpt lat="58.255339" lon="12.213456">
        <ele>36.1</ele>
      </trkpt>
      <trkpt lat="58.255385" lon="12.213496">
        <ele>36.3</ele>
      </trkpt>
      <trkpt lat="58.255422" lon="12.213495">
        <ele>36.8</ele>
      </trkpt>
      <trkpt lat="58.255525" lon="12.213477">
        <ele>38.3</ele>
      </trkpt>
      <trkpt lat="58.255646" lon="12.213516">
        <ele>39.9</ele>
      </trkpt>
      <trkpt lat="58.255714" lon="12.213559">
        <ele>40.8</ele>
      </trkpt>
      <trkpt lat="58.255836" lon="12.213602">
        <ele>43.0</ele>
      </trkpt>
      <trkpt lat="58.25589" lon="12.213608">
        <ele>44.3</ele>
      </trkpt>
      <trkpt lat="58.255942" lon="12.213622">
        <ele>45.7</ele>
      </trkpt>
      <trkpt lat="58.255992" lon="12.213675">
        <ele>46.8</ele>
      </trkpt>
      <trkpt lat="58.256035" lon="12.213758">
        <ele>47.7</ele>
      </trkpt>
      <trkpt lat="58.256064" lon="12.213878">
        <ele>47.9</ele>
      </trkpt>
      <trkpt lat="58.256062" lon="12.214011">
        <ele>46.9</ele>
      </trkpt>
      <trkpt lat="58.256055" lon="12.214152">
        <ele>45.7</ele>
      </trkpt>
      <trkpt lat="58.256055" lon="12.214271">
        <ele>44.9</ele>
      </trkpt>
      <trkpt lat="58.256044" lon="12.21442">
        <ele>43.5</ele>
      </trkpt>
      <trkpt lat="58.256064" lon="12.214538">
        <ele>43.4</ele>
      </trkpt>
      <trkpt lat="58.256101" lon="12.214636">
        <ele>44.1</ele>
      </trkpt>
      <trkpt lat="58.256159" lon="12.214837">
        <ele>44.9</ele>
      </trkpt>
      <trkpt lat="58.256143" lon="12.214914">
        <ele>43.8</ele>
      </trkpt>
      <trkpt lat="58.256142" lon="12.215015">
        <ele>43.0</ele>
      </trkpt>
      <trkpt lat="58.256166" lon="12.215096">
        <ele>43.3</ele>
      </trkpt>
      <trkpt lat="58.256212" lon="12.215261">
        <ele>43.7</ele>
      </trkpt>
      <trkpt lat="58.256259" lon="12.215366">
        <ele>44.6</ele>
      </trkpt>
      <trkpt lat="58.256302" lon="12.215445">
        <ele>45.4</ele>
      </trkpt>
      <trkpt lat="58.256339" lon="12.215513">
        <ele>46.1</ele>
      </trkpt>
      <trkpt lat="58.256359" lon="12.215579">
        <ele>46.2</ele>
      </trkpt>
      <trkpt lat="58.25636" lon="12.215685">
        <ele>45.2</ele>
      </trkpt>
      <trkpt lat="58.256377" lon="12.215728">
        <ele>45.3</ele>
      </trkpt>
      <trkpt lat="58.256438" lon="12.215854">
        <ele>46.1</ele>
      </trkpt>
      <trkpt lat="58.256581" lon="12.216168">
        <ele>47.1</ele>
        <name>58.256574,12.216179</name>
        <extensions>
          <oa:Extension>
            <oa:mapZoom>15</oa:mapZoom>
          </oa:Extension>
        </extensions>
      </trkpt>
      <trkpt lat="58.256588" lon="12.216184">
        <ele>47.1</ele>
      </trkpt>
      <trkpt lat="58.256641" lon="12.216337">
        <ele>46.8</ele>
      </trkpt>
      <trkpt lat="58.2567" lon="12.216483">
        <ele>46.7</ele>
      </trkpt>
      <trkpt lat="58.256777" lon="12.216656">
        <ele>46.7</ele>
      </trkpt>
      <trkpt lat="58.256836" lon="12.216796">
        <ele>46.6</ele>
      </trkpt>
      <trkpt lat="58.256896" lon="12.217002">
        <ele>45.9</ele>
      </trkpt>
      <trkpt lat="58.256896" lon="12.217015">
        <ele>45.7</ele>
      </trkpt>
      <trkpt lat="58.257019" lon="12.217395">
        <ele>44.5</ele>
      </trkpt>
      <trkpt lat="58.257081" lon="12.217605">
        <ele>43.5</ele>
      </trkpt>
      <trkpt lat="58.257139" lon="12.217763">
        <ele>42.8</ele>
      </trkpt>
      <trkpt lat="58.257218" lon="12.217894">
        <ele>42.7</ele>
      </trkpt>
      <trkpt lat="58.257326" lon="12.218013">
        <ele>43.4</ele>
      </trkpt>
      <trkpt lat="58.257481" lon="12.218135">
        <ele>44.7</ele>
      </trkpt>
      <trkpt lat="58.257617" lon="12.218326">
        <ele>44.9</ele>
      </trkpt>
      <trkpt lat="58.25767" lon="12.218521">
        <ele>44.0</ele>
      </trkpt>
      <trkpt lat="58.257747" lon="12.218666">
        <ele>44.0</ele>
      </trkpt>
      <trkpt lat="58.257799" lon="12.218833">
        <ele>43.6</ele>
      </trkpt>
      <trkpt lat="58.257908" lon="12.219025">
        <ele>43.4</ele>
      </trkpt>
      <trkpt lat="58.257981" lon="12.219198">
        <ele>42.6</ele>
      </trkpt>
      <trkpt lat="58.258069" lon="12.219338">
        <ele>42.1</ele>
      </trkpt>
      <trkpt lat="58.258275" lon="12.219524">
        <ele>41.6</ele>
      </trkpt>
      <trkpt lat="58.258377" lon="12.219577">
        <ele>41.7</ele>
      </trkpt>
      <trkpt lat="58.258486" lon="12.219631">
        <ele>41.7</ele>
      </trkpt>
      <trkpt lat="58.25858" lon="12.219684">
        <ele>41.7</ele>
      </trkpt>
      <trkpt lat="58.258727" lon="12.219717">
        <ele>42.2</ele>
      </trkpt>
      <trkpt lat="58.258924" lon="12.219727">
        <ele>43.2</ele>
      </trkpt>
      <trkpt lat="58.259046" lon="12.21971">
        <ele>44.1</ele>
      </trkpt>
      <trkpt lat="58.25914" lon="12.219704">
        <ele>44.8</ele>
      </trkpt>
      <trkpt lat="58.259281" lon="12.219748">
        <ele>45.3</ele>
      </trkpt>
      <trkpt lat="58.259365" lon="12.219805">
        <ele>45.2</ele>
      </trkpt>
      <trkpt lat="58.259434" lon="12.219843">
        <ele>45.3</ele>
      </trkpt>
      <trkpt lat="58.259494" lon="12.219877">
        <ele>45.4</ele>
      </trkpt>
      <trkpt lat="58.259597" lon="12.220013">
        <ele>44.9</ele>
      </trkpt>
      <trkpt lat="58.259728" lon="12.220118">
        <ele>44.9</ele>
      </trkpt>
      <trkpt lat="58.259907" lon="12.220276">
        <ele>44.8</ele>
      </trkpt>
      <trkpt lat="58.25999" lon="12.220307">
        <ele>45.2</ele>
      </trkpt>
      <trkpt lat="58.260054" lon="12.220422">
        <ele>44.7</ele>
      </trkpt>
      <trkpt lat="58.260086" lon="12.220525">
        <ele>44.1</ele>
      </trkpt>
      <trkpt lat="58.260053" lon="12.220697">
        <ele>42.5</ele>
      </trkpt>
      <trkpt lat="58.259841" lon="12.220911">
        <ele>39.3</ele>
      </trkpt>
      <trkpt lat="58.25963" lon="12.221124">
        <ele>36.3</ele>
      </trkpt>
      <trkpt lat="58.259431" lon="12.221545">
        <ele>32.0</ele>
      </trkpt>
      <trkpt lat="58.259233" lon="12.221966">
        <ele>28.7</ele>
      </trkpt>
      <trkpt lat="58.259091" lon="12.222148">
        <ele>27.2</ele>
      </trkpt>
      <trkpt lat="58.258956" lon="12.222193">
        <ele>26.4</ele>
      </trkpt>
      <trkpt lat="58.258731" lon="12.222107">
        <ele>25.8</ele>
      </trkpt>
      <trkpt lat="58.258469" lon="12.22188">
        <ele>25.6</ele>
      </trkpt>
      <trkpt lat="58.258208" lon="12.221653">
        <ele>25.1</ele>
      </trkpt>
      <trkpt lat="58.257867" lon="12.221336">
        <ele>24.4</ele>
      </trkpt>
      <trkpt lat="58.257595" lon="12.221236">
        <ele>23.0</ele>
      </trkpt>
      <trkpt lat="58.257323" lon="12.221137">
        <ele>22.4</ele>
      </trkpt>
      <trkpt lat="58.257028" lon="12.221005">
        <ele>22.2</ele>
      </trkpt>
      <trkpt lat="58.256732" lon="12.220873">
        <ele>22.0</ele>
      </trkpt>
      <trkpt lat="58.256654" lon="12.220852">
        <ele>21.9</ele>
      </trkpt>
      <trkpt lat="58.256545" lon="12.221246">
        <ele>19.1</ele>
      </trkpt>
      <trkpt lat="58.256435" lon="12.221641">
        <ele>16.9</ele>
      </trkpt>
      <trkpt lat="58.256307" lon="12.221954">
        <ele>15.9</ele>
      </trkpt>
      <trkpt lat="58.256143" lon="12.222247">
        <ele>15.2</ele>
      </trkpt>
      <trkpt lat="58.256015" lon="12.222419">
        <ele>14.7</ele>
      </trkpt>
      <trkpt lat="58.256181" lon="12.222806">
        <ele>13.3</ele>
      </trkpt>
      <trkpt lat="58.256348" lon="12.223194">
        <ele>11.9</ele>
      </trkpt>
      <trkpt lat="58.2564" lon="12.223296">
        <ele>11.7</ele>
      </trkpt>
      <trkpt lat="58.256459" lon="12.223414">
        <ele>11.8</ele>
      </trkpt>
      <trkpt lat="58.256518" lon="12.223531">
        <ele>12.1</ele>
      </trkpt>
      <trkpt lat="58.256714" lon="12.223824">
        <ele>13.5</ele>
      </trkpt>
      <trkpt lat="58.256898" lon="12.224106">
        <ele>14.7</ele>
      </trkpt>
      <trkpt lat="58.257083" lon="12.224388">
        <ele>15.3</ele>
      </trkpt>
      <trkpt lat="58.257306" lon="12.224798">
        <ele>15.9</ele>
      </trkpt>
      <trkpt lat="58.257528" lon="12.225208">
        <ele>16.0</ele>
      </trkpt>
      <trkpt lat="58.257453" lon="12.225314">
        <ele>15.8</ele>
      </trkpt>
      <trkpt lat="58.257433" lon="12.225405">
        <ele>15.6</ele>
      </trkpt>
      <trkpt lat="58.257429" lon="12.225553">
        <ele>15.3</ele>
      </trkpt>
      <trkpt lat="58.257467" lon="12.225802">
        <ele>14.9</ele>
      </trkpt>
      <trkpt lat="58.257527" lon="12.226049">
        <ele>14.9</ele>
      </trkpt>
      <trkpt lat="58.257603" lon="12.226274">
        <ele>15.2</ele>
      </trkpt>
      <trkpt lat="58.257651" lon="12.226489">
        <ele>15.6</ele>
      </trkpt>
      <trkpt lat="58.257688" lon="12.226714">
        <ele>15.9</ele>
      </trkpt>
      <trkpt lat="58.257693" lon="12.226865">
        <ele>16.0</ele>
      </trkpt>
      <trkpt lat="58.25769" lon="12.227068">
        <ele>15.9</ele>
      </trkpt>
      <trkpt lat="58.257707" lon="12.227337">
        <ele>15.9</ele>
      </trkpt>
      <trkpt lat="58.257719" lon="12.227498">
        <ele>15.9</ele>
      </trkpt>
      <trkpt lat="58.257737" lon="12.227571">
        <ele>16.0</ele>
      </trkpt>
      <trkpt lat="58.257761" lon="12.227664">
        <ele>16.1</ele>
      </trkpt>
      <trkpt lat="58.257823" lon="12.227803">
        <ele>16.6</ele>
      </trkpt>
      <trkpt lat="58.257981" lon="12.228184">
        <ele>17.6</ele>
      </trkpt>
      <trkpt lat="58.25809" lon="12.228446">
        <ele>18.3</ele>
      </trkpt>
      <trkpt lat="58.258203" lon="12.228951">
        <ele>17.9</ele>
      </trkpt>
      <trkpt lat="58.258221" lon="12.229023">
        <ele>17.8</ele>
      </trkpt>
      <trkpt lat="58.258327" lon="12.229444">
        <ele>16.6</ele>
      </trkpt>
      <trkpt lat="58.25844" lon="12.229734">
        <ele>15.7</ele>
      </trkpt>
      <trkpt lat="58.258683" lon="12.229938">
        <ele>16.8</ele>
      </trkpt>
      <trkpt lat="58.25908" lon="12.229741">
        <ele>22.0</ele>
      </trkpt>
      <trkpt lat="58.259322" lon="12.229563">
        <ele>25.0</ele>
      </trkpt>
      <trkpt lat="58.259452" lon="12.229504">
        <ele>26.4</ele>
      </trkpt>
      <trkpt lat="58.259535" lon="12.229443">
        <ele>27.3</ele>
      </trkpt>
      <trkpt lat="58.259746" lon="12.22922">
        <ele>29.2</ele>
      </trkpt>
      <trkpt lat="58.259855" lon="12.229137">
        <ele>30.0</ele>
      </trkpt>
      <trkpt lat="58.259904" lon="12.229147">
        <ele>30.4</ele>
      </trkpt>
      <trkpt lat="58.260043" lon="12.229263">
        <ele>31.4</ele>
      </trkpt>
      <trkpt lat="58.260376" lon="12.229395">
        <ele>33.5</ele>
      </trkpt>
      <trkpt lat="58.260507" lon="12.229361">
        <ele>34.1</ele>
      </trkpt>
      <trkpt lat="58.260566" lon="12.229323">
        <ele>34.4</ele>
      </trkpt>
      <trkpt lat="58.260763" lon="12.229198">
        <ele>35.5</ele>
      </trkpt>
      <trkpt lat="58.26088" lon="12.229202">
        <ele>36.4</ele>
      </trkpt>
      <trkpt lat="58.260947" lon="12.22925">
        <ele>36.9</ele>
      </trkpt>
      <trkpt lat="58.260996" lon="12.229286">
        <ele>37.3</ele>
      </trkpt>
      <trkpt lat="58.261065" lon="12.229298">
        <ele>37.9</ele>
      </trkpt>
      <trkpt lat="58.261335" lon="12.22928">
        <ele>40.3</ele>
      </trkpt>
      <trkpt lat="58.26138" lon="12.229315">
        <ele>40.7</ele>
      </trkpt>
      <trkpt lat="58.261414" lon="12.229417">
        <ele>41.1</ele>
      </trkpt>
      <trkpt lat="58.261466" lon="12.229656">
        <ele>41.8</ele>
      </trkpt>
      <trkpt lat="58.261604" lon="12.230129">
        <ele>43.5</ele>
      </trkpt>
      <trkpt lat="58.261708" lon="12.230611">
        <ele>44.4</ele>
      </trkpt>
      <trkpt lat="58.261812" lon="12.231093">
        <ele>45.2</ele>
      </trkpt>
      <trkpt lat="58.261936" lon="12.231493">
        <ele>46.5</ele>
      </trkpt>
      <trkpt lat="58.26206" lon="12.231893">
        <ele>47.4</ele>
      </trkpt>
      <trkpt lat="58.262185" lon="12.232547">
        <ele>47.2</ele>
      </trkpt>
      <trkpt lat="58.262309" lon="12.233201">
        <ele>46.5</ele>
      </trkpt>
      <trkpt lat="58.262391" lon="12.233448">
        <ele>46.0</ele>
      </trkpt>
      <trkpt lat="58.26247" lon="12.233601">
        <ele>45.9</ele>
      </trkpt>
      <trkpt lat="58.262627" lon="12.233822">
        <ele>46.7</ele>
      </trkpt>
      <trkpt lat="58.262715" lon="12.233891">
        <ele>47.8</ele>
      </trkpt>
      <trkpt lat="58.262794" lon="12.233914">
        <ele>49.2</ele>
      </trkpt>
      <trkpt lat="58.262902" lon="12.233875">
        <ele>51.6</ele>
      </trkpt>
      <trkpt lat="58.262962" lon="12.233803">
        <ele>53.3</ele>
      </trkpt>
      <trkpt lat="58.263011" lon="12.233709">
        <ele>54.8</ele>
      </trkpt>
      <trkpt lat="58.263079" lon="12.233494">
        <ele>57.1</ele>
      </trkpt>
      <trkpt lat="58.26313" lon="12.233414">
        <ele>58.4</ele>
      </trkpt>
      <trkpt lat="58.263196" lon="12.233381">
        <ele>59.6</ele>
      </trkpt>
      <trkpt lat="58.263435" lon="12.233438">
        <ele>63.3</ele>
      </trkpt>
      <trkpt lat="58.263498" lon="12.233716">
        <ele>63.7</ele>
      </trkpt>
      <trkpt lat="58.26346" lon="12.233909">
        <ele>62.5</ele>
      </trkpt>
      <trkpt lat="58.263448" lon="12.234035">
        <ele>61.8</ele>
      </trkpt>
      <trkpt lat="58.263487" lon="12.234123">
        <ele>62.3</ele>
      </trkpt>
      <trkpt lat="58.263568" lon="12.234243">
        <ele>63.8</ele>
      </trkpt>
      <trkpt lat="58.263618" lon="12.23448">
        <ele>64.3</ele>
      </trkpt>
      <trkpt lat="58.263589" lon="12.234685">
        <ele>63.0</ele>
      </trkpt>
      <trkpt lat="58.263603" lon="12.234974">
        <ele>62.6</ele>
      </trkpt>
      <trkpt lat="58.263715" lon="12.235322">
        <ele>65.6</ele>
      </trkpt>
      <trkpt lat="58.263742" lon="12.235633">
        <ele>66.1</ele>
      </trkpt>
      <trkpt lat="58.263849" lon="12.236104">
        <ele>68.3</ele>
      </trkpt>
      <trkpt lat="58.263847" lon="12.236254">
        <ele>67.8</ele>
      </trkpt>
      <trkpt lat="58.263787" lon="12.236418">
        <ele>65.9</ele>
      </trkpt>
      <trkpt lat="58.263698" lon="12.236628">
        <ele>63.1</ele>
      </trkpt>
      <trkpt lat="58.26367" lon="12.236782">
        <ele>62.3</ele>
      </trkpt>
      <trkpt lat="58.263671" lon="12.236926">
        <ele>62.5</ele>
      </trkpt>
      <trkpt lat="58.263743" lon="12.237265">
        <ele>65.1</ele>
      </trkpt>
      <trkpt lat="58.263822" lon="12.237454">
        <ele>67.6</ele>
      </trkpt>
      <trkpt lat="58.263946" lon="12.237639">
        <ele>70.9</ele>
      </trkpt>
      <trkpt lat="58.263976" lon="12.237849">
        <ele>72.0</ele>
      </trkpt>
      <trkpt lat="58.26393" lon="12.238096">
        <ele>71.3</ele>
      </trkpt>
      <trkpt lat="58.263819" lon="12.238407">
        <ele>68.5</ele>
      </trkpt>
      <trkpt lat="58.263746" lon="12.238794">
        <ele>65.5</ele>
      </trkpt>
      <trkpt lat="58.263731" lon="12.239046">
        <ele>64.1</ele>
      </trkpt>
      <trkpt lat="58.263752" lon="12.239329">
        <ele>63.9</ele>
      </trkpt>
      <trkpt lat="58.263795" lon="12.239808">
        <ele>63.8</ele>
      </trkpt>
      <trkpt lat="58.263902" lon="12.240211">
        <ele>65.6</ele>
      </trkpt>
      <trkpt lat="58.263977" lon="12.240548">
        <ele>66.1</ele>
      </trkpt>
      <trkpt lat="58.264115" lon="12.24091">
        <ele>67.0</ele>
      </trkpt>
      <trkpt lat="58.264196" lon="12.241124">
        <ele>67.2</ele>
      </trkpt>
      <trkpt lat="58.264295" lon="12.241527">
        <ele>65.8</ele>
      </trkpt>
      <trkpt lat="58.264409" lon="12.241769">
        <ele>63.8</ele>
      </trkpt>
      <trkpt lat="58.264476" lon="12.241956">
        <ele>61.9</ele>
      </trkpt>
      <trkpt lat="58.264525" lon="12.242263">
        <ele>58.8</ele>
      </trkpt>
      <trkpt lat="58.26457" lon="12.242527">
        <ele>56.3</ele>
      </trkpt>
      <trkpt lat="58.264545" lon="12.242944">
        <ele>51.9</ele>
      </trkpt>
      <trkpt lat="58.264524" lon="12.243283">
        <ele>47.8</ele>
      </trkpt>
      <trkpt lat="58.26447" lon="12.243651">
        <ele>42.1</ele>
      </trkpt>
      <trkpt lat="58.264473" lon="12.244148">
        <ele>35.6</ele>
      </trkpt>
      <trkpt lat="58.264435" lon="12.244572">
        <ele>28.8</ele>
      </trkpt>
      <trkpt lat="58.264425" lon="12.244754">
        <ele>26.1</ele>
      </trkpt>
      <trkpt lat="58.264497" lon="12.245089">
        <ele>23.8</ele>
      </trkpt>
      <trkpt lat="58.264574" lon="12.245345">
        <ele>23.8</ele>
        <name>58.264544,12.245378</name>
        <extensions>
          <oa:Extension>
            <oa:mapZoom>15</oa:mapZoom>
          </oa:Extension>
        </extensions>
      </trkpt>
      <trkpt lat="58.264654" lon="12.245612">
        <ele>23.7</ele>
      </trkpt>
      <trkpt lat="58.264634" lon="12.245775">
        <ele>22.9</ele>
      </trkpt>
      <trkpt lat="58.264752" lon="12.246144">
        <ele>22.0</ele>
      </trkpt>
      <trkpt lat="58.264805" lon="12.246403">
        <ele>20.7</ele>
      </trkpt>
      <trkpt lat="58.26493" lon="12.246843">
        <ele>18.8</ele>
      </trkpt>
      <trkpt lat="58.265012" lon="12.247024">
        <ele>18.2</ele>
      </trkpt>
      <trkpt lat="58.265081" lon="12.247185">
        <ele>17.6</ele>
      </trkpt>
      <trkpt lat="58.265073" lon="12.247445">
        <ele>16.4</ele>
      </trkpt>
      <trkpt lat="58.265143" lon="12.247747">
        <ele>15.0</ele>
      </trkpt>
      <trkpt lat="58.265264" lon="12.248143">
        <ele>13.4</ele>
      </trkpt>
      <trkpt lat="58.265455" lon="12.248596">
        <ele>13.4</ele>
      </trkpt>
      <trkpt lat="58.265646" lon="12.249049">
        <ele>14.8</ele>
      </trkpt>
      <trkpt lat="58.265837" lon="12.249502">
        <ele>16.1</ele>
      </trkpt>
      <trkpt lat="58.266072" lon="12.249915">
        <ele>17.0</ele>
      </trkpt>
      <trkpt lat="58.266308" lon="12.250328">
        <ele>16.8</ele>
      </trkpt>
      <trkpt lat="58.266543" lon="12.250741">
        <ele>16.7</ele>
      </trkpt>
      <trkpt lat="58.266861" lon="12.251237">
        <ele>17.2</ele>
      </trkpt>
      <trkpt lat="58.267155" lon="12.25175">
        <ele>17.8</ele>
      </trkpt>
      <trkpt lat="58.26745" lon="12.252264">
        <ele>17.5</ele>
      </trkpt>
      <trkpt lat="58.267667" lon="12.252569">
        <ele>17.1</ele>
      </trkpt>
      <trkpt lat="58.267883" lon="12.252772">
        <ele>17.2</ele>
      </trkpt>
      <trkpt lat="58.268062" lon="12.252883">
        <ele>17.6</ele>
      </trkpt>
      <trkpt lat="58.268155" lon="12.252981">
        <ele>17.6</ele>
      </trkpt>
      <trkpt lat="58.26834" lon="12.253358">
        <ele>16.9</ele>
      </trkpt>
      <trkpt lat="58.268439" lon="12.25348">
        <ele>16.5</ele>
      </trkpt>
      <trkpt lat="58.268514" lon="12.253491">
        <ele>16.3</ele>
      </trkpt>
      <trkpt lat="58.268602" lon="12.253452">
        <ele>16.1</ele>
      </trkpt>
      <trkpt lat="58.26867" lon="12.253373">
        <ele>16.0</ele>
      </trkpt>
      <trkpt lat="58.268801" lon="12.25313">
        <ele>15.9</ele>
      </trkpt>
      <trkpt lat="58.268874" lon="12.252958">
        <ele>16.1</ele>
      </trkpt>
      <trkpt lat="58.268746" lon="12.252635">
        <ele>17.6</ele>
      </trkpt>
      <trkpt lat="58.268668" lon="12.252365">
        <ele>18.7</ele>
      </trkpt>
      <trkpt lat="58.269048" lon="12.252012">
        <ele>18.7</ele>
      </trkpt>
      <trkpt lat="58.269118" lon="12.251979">
        <ele>18.8</ele>
      </trkpt>
      <trkpt lat="58.269366" lon="12.251916">
        <ele>19.4</ele>
      </trkpt>
      <trkpt lat="58.269662" lon="12.251884">
        <ele>20.4</ele>
      </trkpt>
      <trkpt lat="58.269789" lon="12.251956">
        <ele>20.7</ele>
      </trkpt>
      <trkpt lat="58.269972" lon="12.25218">
        <ele>20.7</ele>
      </trkpt>
      <trkpt lat="58.270268" lon="12.252481">
        <ele>22.1</ele>
      </trkpt>
      <trkpt lat="58.270597" lon="12.252755">
        <ele>24.8</ele>
      </trkpt>
      <trkpt lat="58.270743" lon="12.252786">
        <ele>27.0</ele>
      </trkpt>
      <trkpt lat="58.270947" lon="12.25288">
        <ele>29.7</ele>
      </trkpt>
      <trkpt lat="58.27115" lon="12.252774">
        <ele>34.8</ele>
      </trkpt>
      <trkpt lat="58.271223" lon="12.252798">
        <ele>36.1</ele>
      </trkpt>
      <trkpt lat="58.271279" lon="12.252902">
        <ele>36.3</ele>
      </trkpt>
      <trkpt lat="58.271388" lon="12.253406">
        <ele>33.8</ele>
      </trkpt>
      <trkpt lat="58.271486" lon="12.253653">
        <ele>33.6</ele>
      </trkpt>
      <trkpt lat="58.271659" lon="12.253952">
        <ele>33.7</ele>
      </trkpt>
      <trkpt lat="58.271816" lon="12.254197">
        <ele>33.6</ele>
      </trkpt>
      <trkpt lat="58.27192" lon="12.254366">
        <ele>33.6</ele>
      </trkpt>
      <trkpt lat="58.272067" lon="12.254386">
        <ele>35.5</ele>
      </trkpt>
      <trkpt lat="58.272149" lon="12.254479">
        <ele>36.0</ele>
      </trkpt>
      <trkpt lat="58.272283" lon="12.254689">
        <ele>36.6</ele>
      </trkpt>
      <trkpt lat="58.272335" lon="12.254771">
        <ele>36.9</ele>
      </trkpt>
      <trkpt lat="58.272497" lon="12.255088">
        <ele>37.5</ele>
      </trkpt>
      <trkpt lat="58.272605" lon="12.255454">
        <ele>37.4</ele>
      </trkpt>
      <trkpt lat="58.272637" lon="12.255512">
        <ele>37.6</ele>
      </trkpt>
      <trkpt lat="58.272706" lon="12.255634">
        <ele>38.1</ele>
      </trkpt>
      <trkpt lat="58.272723" lon="12.255674">
        <ele>38.2</ele>
      </trkpt>
      <trkpt lat="58.27275" lon="12.255744">
        <ele>38.5</ele>
      </trkpt>
      <trkpt lat="58.27274" lon="12.25579">
        <ele>38.1</ele>
      </trkpt>
      <trkpt lat="58.272773" lon="12.255905">
        <ele>38.3</ele>
      </trkpt>
      <trkpt lat="58.272785" lon="12.256085">
        <ele>38.0</ele>
      </trkpt>
      <trkpt lat="58.272801" lon="12.256192">
        <ele>38.1</ele>
      </trkpt>
      <trkpt lat="58.272841" lon="12.256307">
        <ele>38.8</ele>
      </trkpt>
      <trkpt lat="58.272843" lon="12.256412">
        <ele>38.6</ele>
      </trkpt>
      <trkpt lat="58.272819" lon="12.256565">
        <ele>37.4</ele>
      </trkpt>
      <trkpt lat="58.272826" lon="12.256728">
        <ele>36.8</ele>
      </trkpt>
      <trkpt lat="58.272805" lon="12.256877">
        <ele>35.3</ele>
      </trkpt>
      <trkpt lat="58.27278" lon="12.257024">
        <ele>33.6</ele>
      </trkpt>
      <trkpt lat="58.272741" lon="12.257135">
        <ele>31.8</ele>
      </trkpt>
      <trkpt lat="58.272721" lon="12.257225">
        <ele>30.8</ele>
      </trkpt>
      <trkpt lat="58.272808" lon="12.257466">
        <ele>30.9</ele>
      </trkpt>
      <trkpt lat="58.272845" lon="12.257544">
        <ele>31.1</ele>
      </trkpt>
      <trkpt lat="58.272872" lon="12.257622">
        <ele>31.0</ele>
      </trkpt>
      <trkpt lat="58.272887" lon="12.257751">
        <ele>30.2</ele>
      </trkpt>
      <trkpt lat="58.27296" lon="12.257952">
        <ele>29.6</ele>
      </trkpt>
      <trkpt lat="58.27301" lon="12.258037">
        <ele>29.6</ele>
      </trkpt>
      <trkpt lat="58.273076" lon="12.258249">
        <ele>28.7</ele>
      </trkpt>
      <trkpt lat="58.273131" lon="12.258343">
        <ele>28.7</ele>
      </trkpt>
      <trkpt lat="58.273204" lon="12.258504">
        <ele>28.8</ele>
      </trkpt>
      <trkpt lat="58.273217" lon="12.258555">
        <ele>28.8</ele>
      </trkpt>
      <trkpt lat="58.273209" lon="12.258754">
        <ele>27.8</ele>
      </trkpt>
      <trkpt lat="58.2732" lon="12.259114">
        <ele>26.2</ele>
      </trkpt>
      <trkpt lat="58.27315" lon="12.259637">
        <ele>22.1</ele>
      </trkpt>
      <trkpt lat="58.273141" lon="12.259865">
        <ele>20.6</ele>
      </trkpt>
      <trkpt lat="58.273152" lon="12.260058">
        <ele>20.0</ele>
      </trkpt>
      <trkpt lat="58.273184" lon="12.260205">
        <ele>20.1</ele>
      </trkpt>
      <trkpt lat="58.273222" lon="12.26035">
        <ele>20.4</ele>
      </trkpt>
      <trkpt lat="58.273225" lon="12.260372">
        <ele>20.4</ele>
        <name>58.273306,12.260322</name>
        <extensions>
          <oa:Extension>
            <oa:mapZoom>15</oa:mapZoom>
          </oa:Extension>
        </extensions>
      </trkpt>
      <trkpt lat="58.273247" lon="12.260498">
        <ele>20.5</ele>
      </trkpt>
      <trkpt lat="58.273326" lon="12.260812">
        <ele>21.0</ele>
      </trkpt>
      <trkpt lat="58.273388" lon="12.261021">
        <ele>21.1</ele>
      </trkpt>
      <trkpt lat="58.273489" lon="12.261332">
        <ele>21.2</ele>
      </trkpt>
      <trkpt lat="58.273622" lon="12.2617">
        <ele>21.2</ele>
      </trkpt>
      <trkpt lat="58.273755" lon="12.262068">
        <ele>21.6</ele>
      </trkpt>
      <trkpt lat="58.273983" lon="12.262728">
        <ele>21.5</ele>
      </trkpt>
      <trkpt lat="58.274151" lon="12.263365">
        <ele>20.6</ele>
      </trkpt>
      <trkpt lat="58.274246" lon="12.263818">
        <ele>22.2</ele>
      </trkpt>
      <trkpt lat="58.274264" lon="12.264014">
        <ele>22.7</ele>
      </trkpt>
      <trkpt lat="58.274315" lon="12.264333">
        <ele>23.6</ele>
      </trkpt>
      <trkpt lat="58.274381" lon="12.264714">
        <ele>24.7</ele>
      </trkpt>
      <trkpt lat="58.274432" lon="12.264996">
        <ele>25.6</ele>
      </trkpt>
      <trkpt lat="58.274488" lon="12.265457">
        <ele>26.3</ele>
      </trkpt>
      <trkpt lat="58.274537" lon="12.265629">
        <ele>26.9</ele>
      </trkpt>
      <trkpt lat="58.274588" lon="12.265782">
        <ele>27.4</ele>
      </trkpt>
      <trkpt lat="58.274636" lon="12.265951">
        <ele>27.5</ele>
      </trkpt>
      <trkpt lat="58.274697" lon="12.26616">
        <ele>27.2</ele>
      </trkpt>
      <trkpt lat="58.274734" lon="12.266318">
        <ele>26.7</ele>
      </trkpt>
      <trkpt lat="58.27477" lon="12.266423">
        <ele>26.4</ele>
      </trkpt>
      <trkpt lat="58.274815" lon="12.26657">
        <ele>26.0</ele>
      </trkpt>
      <trkpt lat="58.274584" lon="12.266793">
        <ele>26.6</ele>
      </trkpt>
      <trkpt lat="58.274354" lon="12.267017">
        <ele>27.1</ele>
      </trkpt>
      <trkpt lat="58.274302" lon="12.266962">
        <ele>27.6</ele>
      </trkpt>
      <trkpt lat="58.274266" lon="12.266971">
        <ele>28.1</ele>
      </trkpt>
      <trkpt lat="58.274255" lon="12.267036">
        <ele>28.5</ele>
      </trkpt>
      <trkpt lat="58.274233" lon="12.26711">
        <ele>29.2</ele>
      </trkpt>
      <trkpt lat="58.274255" lon="12.267261">
        <ele>29.5</ele>
      </trkpt>
      <trkpt lat="58.274222" lon="12.267317">
        <ele>30.3</ele>
      </trkpt>
      <trkpt lat="58.274155" lon="12.26721">
        <ele>30.8</ele>
      </trkpt>
      <trkpt lat="58.274073" lon="12.267042">
        <ele>31.5</ele>
      </trkpt>
      <trkpt lat="58.274019" lon="12.266842">
        <ele>31.7</ele>
      </trkpt>
      <trkpt lat="58.273906" lon="12.266635">
        <ele>33.6</ele>
      </trkpt>
      <trkpt lat="58.273786" lon="12.266193">
        <ele>33.7</ele>
      </trkpt>
      <trkpt lat="58.273739" lon="12.265975">
        <ele>33.0</ele>
      </trkpt>
      <trkpt lat="58.273685" lon="12.265687">
        <ele>32.0</ele>
      </trkpt>
      <trkpt lat="58.273628" lon="12.265456">
        <ele>31.5</ele>
      </trkpt>
      <trkpt lat="58.273418" lon="12.264884">
        <ele>31.2</ele>
      </trkpt>
      <trkpt lat="58.273264" lon="12.264529">
        <ele>30.7</ele>
      </trkpt>
      <trkpt lat="58.273066" lon="12.263987">
        <ele>29.5</ele>
      </trkpt>
      <trkpt lat="58.272861" lon="12.263321">
        <ele>28.6</ele>
      </trkpt>
      <trkpt lat="58.27279" lon="12.263155">
        <ele>29.4</ele>
      </trkpt>
      <trkpt lat="58.272706" lon="12.263033">
        <ele>30.6</ele>
      </trkpt>
      <trkpt lat="58.272544" lon="12.262822">
        <ele>32.3</ele>
      </trkpt>
      <trkpt lat="58.272436" lon="12.262658">
        <ele>32.7</ele>
      </trkpt>
      <trkpt lat="58.272368" lon="12.262503">
        <ele>32.5</ele>
      </trkpt>
      <trkpt lat="58.272301" lon="12.262308">
        <ele>32.1</ele>
      </trkpt>
      <trkpt lat="58.272253" lon="12.262045">
        <ele>30.9</ele>
      </trkpt>
      <trkpt lat="58.272204" lon="12.261515">
        <ele>28.4</ele>
      </trkpt>
      <trkpt lat="58.272152" lon="12.26118">
        <ele>28.0</ele>
      </trkpt>
      <trkpt lat="58.272104" lon="12.261042">
        <ele>28.3</ele>
        <name>58.272132,12.261008</name>
        <extensions>
          <oa:Extension>
            <oa:mapZoom>15</oa:mapZoom>
          </oa:Extension>
        </extensions>
      </trkpt>
      <trkpt lat="58.271954" lon="12.260604">
        <ele>29.4</ele>
      </trkpt>
      <trkpt lat="58.271824" lon="12.260287">
        <ele>30.0</ele>
      </trkpt>
      <trkpt lat="58.271602" lon="12.259898">
        <ele>31.4</ele>
      </trkpt>
      <trkpt lat="58.271444" lon="12.259552">
        <ele>31.5</ele>
      </trkpt>
      <trkpt lat="58.271363" lon="12.259304">
        <ele>30.5</ele>
      </trkpt>
      <trkpt lat="58.271314" lon="12.259052">
        <ele>28.7</ele>
      </trkpt>
      <trkpt lat="58.271231" lon="12.25885">
        <ele>28.0</ele>
      </trkpt>
      <trkpt lat="58.27096" lon="12.258521">
        <ele>28.8</ele>
      </trkpt>
      <trkpt lat="58.27071" lon="12.258253">
        <ele>27.9</ele>
      </trkpt>
      <trkpt lat="58.270497" lon="12.258183">
        <ele>28.3</ele>
      </trkpt>
      <trkpt lat="58.270309" lon="12.258052">
        <ele>27.5</ele>
      </trkpt>
      <trkpt lat="58.270114" lon="12.257858">
        <ele>25.8</ele>
      </trkpt>
      <trkpt lat="58.26992" lon="12.257692">
        <ele>24.1</ele>
      </trkpt>
      <trkpt lat="58.269735" lon="12.257643">
        <ele>23.3</ele>
      </trkpt>
      <trkpt lat="58.269611" lon="12.25749">
        <ele>21.4</ele>
      </trkpt>
      <trkpt lat="58.269506" lon="12.257264">
        <ele>18.4</ele>
      </trkpt>
      <trkpt lat="58.269456" lon="12.257168">
        <ele>17.1</ele>
      </trkpt>
      <trkpt lat="58.269177" lon="12.256859">
        <ele>13.2</ele>
      </trkpt>
      <trkpt lat="58.268898" lon="12.25655">
        <ele>11.1</ele>
      </trkpt>
      <trkpt lat="58.268744" lon="12.256956">
        <ele>12.8</ele>
      </trkpt>
      <trkpt lat="58.26859" lon="12.257361">
        <ele>16.4</ele>
      </trkpt>
      <trkpt lat="58.268561" lon="12.257437">
        <ele>17.0</ele>
      </trkpt>
      <trkpt lat="58.268516" lon="12.25738">
        <ele>16.5</ele>
      </trkpt>
      <trkpt lat="58.268469" lon="12.257323">
        <ele>16.1</ele>
      </trkpt>
      <trkpt lat="58.268412" lon="12.257245">
        <ele>15.7</ele>
      </trkpt>
      <trkpt lat="58.268362" lon="12.257206">
        <ele>15.8</ele>
      </trkpt>
      <trkpt lat="58.268215" lon="12.257682">
        <ele>19.8</ele>
      </trkpt>
      <trkpt lat="58.268123" lon="12.25796">
        <ele>21.4</ele>
      </trkpt>
      <trkpt lat="58.268039" lon="12.258147">
        <ele>22.1</ele>
      </trkpt>
      <trkpt lat="58.267974" lon="12.258285">
        <ele>22.4</ele>
      </trkpt>
      <trkpt lat="58.267859" lon="12.258447">
        <ele>22.6</ele>
      </trkpt>
      <trkpt lat="58.267795" lon="12.258476">
        <ele>22.7</ele>
      </trkpt>
      <trkpt lat="58.267753" lon="12.258468">
        <ele>22.7</ele>
      </trkpt>
      <trkpt lat="58.267665" lon="12.258389">
        <ele>23.0</ele>
      </trkpt>
      <trkpt lat="58.26763" lon="12.258424">
        <ele>23.1</ele>
      </trkpt>
      <trkpt lat="58.267516" lon="12.258456">
        <ele>23.6</ele>
      </trkpt>
      <trkpt lat="58.267365" lon="12.258572">
        <ele>24.7</ele>
      </trkpt>
      <trkpt lat="58.267229" lon="12.258723">
        <ele>26.2</ele>
      </trkpt>
      <trkpt lat="58.267086" lon="12.258756">
        <ele>28.1</ele>
      </trkpt>
      <trkpt lat="58.266643" lon="12.258689">
        <ele>33.6</ele>
      </trkpt>
      <trkpt lat="58.266344" lon="12.258648">
        <ele>35.5</ele>
      </trkpt>
      <trkpt lat="58.266045" lon="12.258607">
        <ele>36.5</ele>
      </trkpt>
      <trkpt lat="58.265747" lon="12.258567">
        <ele>37.1</ele>
      </trkpt>
      <trkpt lat="58.265733" lon="12.258777">
        <ele>36.3</ele>
      </trkpt>
      <trkpt lat="58.26572" lon="12.25881">
        <ele>36.2</ele>
      </trkpt>
      <trkpt lat="58.26565" lon="12.258979">
        <ele>35.6</ele>
      </trkpt>
      <trkpt lat="58.26556" lon="12.259228">
        <ele>34.5</ele>
      </trkpt>
      <trkpt lat="58.26552" lon="12.259443">
        <ele>33.6</ele>
      </trkpt>
      <trkpt lat="58.265511" lon="12.259648">
        <ele>32.8</ele>
      </trkpt>
      <trkpt lat="58.265508" lon="12.259738">
        <ele>32.5</ele>
      </trkpt>
      <trkpt lat="58.265549" lon="12.260348">
        <ele>32.0</ele>
      </trkpt>
      <trkpt lat="58.265572" lon="12.260551">
        <ele>32.3</ele>
      </trkpt>
      <trkpt lat="58.265632" lon="12.261062">
        <ele>32.7</ele>
      </trkpt>
      <trkpt lat="58.265718" lon="12.261593">
        <ele>32.7</ele>
        <name>58.265763,12.261566</name>
        <extensions>
          <oa:Extension>
            <oa:mapZoom>15</oa:mapZoom>
          </oa:Extension>
        </extensions>
      </trkpt>
      <trkpt lat="58.265734" lon="12.261694">
        <ele>32.7</ele>
      </trkpt>
      <trkpt lat="58.26583" lon="12.262213">
        <ele>33.9</ele>
      </trkpt>
      <trkpt lat="58.26584" lon="12.26227">
        <ele>34.0</ele>
      </trkpt>
      <trkpt lat="58.265947" lon="12.262835">
        <ele>35.1</ele>
      </trkpt>
      <trkpt lat="58.265948" lon="12.263019">
        <ele>35.8</ele>
      </trkpt>
      <trkpt lat="58.265966" lon="12.263281">
        <ele>36.5</ele>
      </trkpt>
      <trkpt lat="58.265986" lon="12.263454">
        <ele>36.8</ele>
      </trkpt>
      <trkpt lat="58.266069" lon="12.263813">
        <ele>37.0</ele>
      </trkpt>
      <trkpt lat="58.266133" lon="12.263998">
        <ele>37.2</ele>
      </trkpt>
      <trkpt lat="58.266184" lon="12.264117">
        <ele>37.5</ele>
      </trkpt>
      <trkpt lat="58.266233" lon="12.264246">
        <ele>38.0</ele>
      </trkpt>
      <trkpt lat="58.266244" lon="12.264416">
        <ele>38.7</ele>
      </trkpt>
      <trkpt lat="58.266198" lon="12.265078">
        <ele>40.9</ele>
      </trkpt>
      <trkpt lat="58.266334" lon="12.26516">
        <ele>41.6</ele>
      </trkpt>
      <trkpt lat="58.266442" lon="12.265225">
        <ele>42.3</ele>
      </trkpt>
      <trkpt lat="58.266513" lon="12.265268">
        <ele>42.7</ele>
      </trkpt>
      <trkpt lat="58.266597" lon="12.265346">
        <ele>43.1</ele>
      </trkpt>
      <trkpt lat="58.266708" lon="12.26544">
        <ele>43.4</ele>
      </trkpt>
      <trkpt lat="58.266817" lon="12.26561">
        <ele>43.5</ele>
      </trkpt>
      <trkpt lat="58.267085" lon="12.265678">
        <ele>44.1</ele>
      </trkpt>
      <trkpt lat="58.267231" lon="12.265711">
        <ele>44.5</ele>
      </trkpt>
      <trkpt lat="58.267446" lon="12.265713">
        <ele>45.2</ele>
      </trkpt>
      <trkpt lat="58.267615" lon="12.265671">
        <ele>46.0</ele>
      </trkpt>
      <trkpt lat="58.267673" lon="12.26569">
        <ele>46.2</ele>
      </trkpt>
      <trkpt lat="58.26775" lon="12.265758">
        <ele>46.3</ele>
      </trkpt>
      <trkpt lat="58.267966" lon="12.266006">
        <ele>46.3</ele>
      </trkpt>
      <trkpt lat="58.26806" lon="12.266311">
        <ele>45.2</ele>
      </trkpt>
      <trkpt lat="58.268253" lon="12.266646">
        <ele>44.7</ele>
      </trkpt>
      <trkpt lat="58.268517" lon="12.266857">
        <ele>45.4</ele>
      </trkpt>
      <trkpt lat="58.268725" lon="12.266902">
        <ele>46.5</ele>
      </trkpt>
      <trkpt lat="58.268887" lon="12.266848">
        <ele>47.7</ele>
      </trkpt>
      <trkpt lat="58.269141" lon="12.267099">
        <ele>48.8</ele>
      </trkpt>
      <trkpt lat="58.269324" lon="12.267301">
        <ele>49.5</ele>
      </trkpt>
      <trkpt lat="58.269408" lon="12.2675">
        <ele>49.7</ele>
      </trkpt>
      <trkpt lat="58.269474" lon="12.26775">
        <ele>49.4</ele>
      </trkpt>
      <trkpt lat="58.269503" lon="12.268016">
        <ele>48.7</ele>
      </trkpt>
      <trkpt lat="58.269498" lon="12.268269">
        <ele>47.9</ele>
      </trkpt>
      <trkpt lat="58.269452" lon="12.268423">
        <ele>47.3</ele>
      </trkpt>
      <trkpt lat="58.269228" lon="12.26882">
        <ele>45.8</ele>
      </trkpt>
      <trkpt lat="58.269047" lon="12.268938">
        <ele>44.8</ele>
      </trkpt>
      <trkpt lat="58.268983" lon="12.26904">
        <ele>44.6</ele>
      </trkpt>
      <trkpt lat="58.268889" lon="12.269378">
        <ele>44.5</ele>
      </trkpt>
      <trkpt lat="58.268872" lon="12.269512">
        <ele>44.6</ele>
      </trkpt>
      <trkpt lat="58.268882" lon="12.269659">
        <ele>45.0</ele>
      </trkpt>
      <trkpt lat="58.26891" lon="12.269816">
        <ele>45.4</ele>
      </trkpt>
      <trkpt lat="58.268952" lon="12.269928">
        <ele>45.9</ele>
      </trkpt>
      <trkpt lat="58.269254" lon="12.270356">
        <ele>47.7</ele>
      </trkpt>
      <trkpt lat="58.269503" lon="12.270621">
        <ele>48.4</ele>
      </trkpt>
      <trkpt lat="58.269675" lon="12.270869">
        <ele>48.8</ele>
      </trkpt>
      <trkpt lat="58.269723" lon="12.270945">
        <ele>48.9</ele>
      </trkpt>
      <trkpt lat="58.269791" lon="12.271013">
        <ele>48.9</ele>
      </trkpt>
      <trkpt lat="58.269844" lon="12.271044">
        <ele>48.9</ele>
      </trkpt>
      <trkpt lat="58.269903" lon="12.27107">
        <ele>48.9</ele>
      </trkpt>
      <trkpt lat="58.270053" lon="12.271263">
        <ele>48.9</ele>
      </trkpt>
      <trkpt lat="58.270124" lon="12.27137">
        <ele>48.8</ele>
      </trkpt>
      <trkpt lat="58.270232" lon="12.271465">
        <ele>48.7</ele>
      </trkpt>
      <trkpt lat="58.270287" lon="12.271494">
        <ele>48.7</ele>
      </trkpt>
      <trkpt lat="58.270382" lon="12.271611">
        <ele>48.7</ele>
      </trkpt>
      <trkpt lat="58.270426" lon="12.271698">
        <ele>48.8</ele>
      </trkpt>
      <trkpt lat="58.270675" lon="12.271989">
        <ele>48.9</ele>
      </trkpt>
      <trkpt lat="58.270923" lon="12.27228">
        <ele>49.1</ele>
      </trkpt>
      <trkpt lat="58.271125" lon="12.27254">
        <ele>49.4</ele>
      </trkpt>
      <trkpt lat="58.271327" lon="12.2728">
        <ele>49.5</ele>
      </trkpt>
      <trkpt lat="58.271658" lon="12.273185">
        <ele>49.2</ele>
      </trkpt>
      <trkpt lat="58.271668" lon="12.273196">
        <ele>49.2</ele>
      </trkpt>
      <trkpt lat="58.271884" lon="12.273468">
        <ele>49.1</ele>
      </trkpt>
      <trkpt lat="58.2721" lon="12.273741">
        <ele>49.1</ele>
      </trkpt>
      <trkpt lat="58.272387" lon="12.274171">
        <ele>48.4</ele>
      </trkpt>
      <trkpt lat="58.272673" lon="12.274601">
        <ele>46.4</ele>
      </trkpt>
      <trkpt lat="58.272838" lon="12.274655">
        <ele>45.3</ele>
      </trkpt>
      <trkpt lat="58.273038" lon="12.274603">
        <ele>44.2</ele>
      </trkpt>
      <trkpt lat="58.273257" lon="12.274547">
        <ele>43.0</ele>
      </trkpt>
      <trkpt lat="58.273361" lon="12.274916">
        <ele>41.9</ele>
      </trkpt>
      <trkpt lat="58.273425" lon="12.275365">
        <ele>41.8</ele>
      </trkpt>
      <trkpt lat="58.273503" lon="12.275862">
        <ele>42.2</ele>
      </trkpt>
      <trkpt lat="58.273543" lon="12.276017">
        <ele>42.3</ele>
      </trkpt>
      <trkpt lat="58.273598" lon="12.276153">
        <ele>42.3</ele>
      </trkpt>
      <trkpt lat="58.273884" lon="12.276626">
        <ele>41.8</ele>
      </trkpt>
      <trkpt lat="58.274172" lon="12.277173">
        <ele>42.1</ele>
      </trkpt>
      <trkpt lat="58.274255" lon="12.277312">
        <ele>42.3</ele>
      </trkpt>
      <trkpt lat="58.274322" lon="12.277381">
        <ele>42.4</ele>
      </trkpt>
      <trkpt lat="58.274458" lon="12.277417">
        <ele>42.4</ele>
      </trkpt>
      <trkpt lat="58.274577" lon="12.277369">
        <ele>42.3</ele>
      </trkpt>
      <trkpt lat="58.274648" lon="12.277249">
        <ele>42.3</ele>
      </trkpt>
      <trkpt lat="58.274781" lon="12.276986">
        <ele>42.5</ele>
      </trkpt>
      <trkpt lat="58.274913" lon="12.276854">
        <ele>42.8</ele>
      </trkpt>
      <trkpt lat="58.274999" lon="12.276838">
        <ele>43.1</ele>
      </trkpt>
      <trkpt lat="58.275071" lon="12.276867">
        <ele>43.4</ele>
      </trkpt>
      <trkpt lat="58.275203" lon="12.276983">
        <ele>43.9</ele>
      </trkpt>
      <trkpt lat="58.275441" lon="12.27738">
        <ele>44.9</ele>
      </trkpt>
      <trkpt lat="58.275526" lon="12.277506">
        <ele>45.3</ele>
      </trkpt>
      <trkpt lat="58.275655" lon="12.277668">
        <ele>45.8</ele>
      </trkpt>
      <trkpt lat="58.275841" lon="12.277921">
        <ele>46.0</ele>
      </trkpt>
      <trkpt lat="58.276026" lon="12.278174">
        <ele>45.5</ele>
      </trkpt>
      <trkpt lat="58.276223" lon="12.278459">
        <ele>44.4</ele>
      </trkpt>
      <trkpt lat="58.276419" lon="12.278744">
        <ele>43.1</ele>
      </trkpt>
      <trkpt lat="58.276651" lon="12.279216">
        <ele>42.1</ele>
      </trkpt>
      <trkpt lat="58.276731" lon="12.279306">
        <ele>42.0</ele>
      </trkpt>
      <trkpt lat="58.276834" lon="12.279374">
        <ele>42.0</ele>
      </trkpt>
      <trkpt lat="58.276891" lon="12.279388">
        <ele>42.0</ele>
      </trkpt>
      <trkpt lat="58.27696" lon="12.279388">
        <ele>42.0</ele>
      </trkpt>
      <trkpt lat="58.277167" lon="12.279317">
        <ele>42.0</ele>
      </trkpt>
      <trkpt lat="58.277286" lon="12.279291">
        <ele>42.1</ele>
      </trkpt>
      <trkpt lat="58.27744" lon="12.279356">
        <ele>42.5</ele>
      </trkpt>
      <trkpt lat="58.277723" lon="12.279604">
        <ele>44.4</ele>
      </trkpt>
      <trkpt lat="58.27785" lon="12.279627">
        <ele>45.0</ele>
      </trkpt>
      <trkpt lat="58.278007" lon="12.279591">
        <ele>45.5</ele>
      </trkpt>
      <trkpt lat="58.278285" lon="12.279526">
        <ele>45.9</ele>
      </trkpt>
      <trkpt lat="58.278543" lon="12.279576">
        <ele>46.0</ele>
      </trkpt>
      <trkpt lat="58.278811" lon="12.279711">
        <ele>46.3</ele>
      </trkpt>
      <trkpt lat="58.279139" lon="12.279911">
        <ele>46.6</ele>
      </trkpt>
      <trkpt lat="58.279225" lon="12.279963">
        <ele>46.6</ele>
      </trkpt>
      <trkpt lat="58.279398" lon="12.280126">
        <ele>46.3</ele>
      </trkpt>
      <trkpt lat="58.279447" lon="12.280158">
        <ele>46.1</ele>
      </trkpt>
      <trkpt lat="58.279476" lon="12.280287">
        <ele>46.2</ele>
      </trkpt>
      <trkpt lat="58.279712" lon="12.280466">
        <ele>44.9</ele>
      </trkpt>
      <trkpt lat="58.28004" lon="12.280835">
        <ele>43.8</ele>
      </trkpt>
      <trkpt lat="58.280123" lon="12.280914">
        <ele>43.8</ele>
      </trkpt>
      <trkpt lat="58.280336" lon="12.281105">
        <ele>43.6</ele>
      </trkpt>
      <trkpt lat="58.280359" lon="12.281125">
        <ele>43.6</ele>
        <name>58.280350,12.281161</name>
        <extensions>
          <oa:Extension>
            <oa:mapZoom>15</oa:mapZoom>
          </oa:Extension>
        </extensions>
      </trkpt>
      <trkpt lat="58.280549" lon="12.281296">
        <ele>43.6</ele>
      </trkpt>
      <trkpt lat="58.28094" lon="12.281594">
        <ele>43.5</ele>
      </trkpt>
      <trkpt lat="58.281149" lon="12.281822">
        <ele>43.5</ele>
      </trkpt>
      <trkpt lat="58.281339" lon="12.281982">
        <ele>43.3</ele>
      </trkpt>
      <trkpt lat="58.281712" lon="12.282217">
        <ele>42.5</ele>
      </trkpt>
      <trkpt lat="58.282084" lon="12.282451">
        <ele>41.6</ele>
      </trkpt>
      <trkpt lat="58.282128" lon="12.282481">
        <ele>41.5</ele>
      </trkpt>
      <trkpt lat="58.282175" lon="12.28251">
        <ele>41.5</ele>
      </trkpt>
      <trkpt lat="58.282176" lon="12.282854">
        <ele>41.9</ele>
      </trkpt>
      <trkpt lat="58.282207" lon="12.282914">
        <ele>41.8</ele>
      </trkpt>
      <trkpt lat="58.282273" lon="12.282957">
        <ele>41.7</ele>
      </trkpt>
      <trkpt lat="58.282373" lon="12.282981">
        <ele>41.5</ele>
      </trkpt>
      <trkpt lat="58.282452" lon="12.28304">
        <ele>41.5</ele>
      </trkpt>
      <trkpt lat="58.282756" lon="12.283063">
        <ele>41.9</ele>
      </trkpt>
      <trkpt lat="58.282914" lon="12.283088">
        <ele>42.5</ele>
      </trkpt>
      <trkpt lat="58.283063" lon="12.28314">
        <ele>43.2</ele>
      </trkpt>
      <trkpt lat="58.283329" lon="12.283286">
        <ele>43.9</ele>
      </trkpt>
      <trkpt lat="58.283572" lon="12.283427">
        <ele>43.9</ele>
      </trkpt>
      <trkpt lat="58.283641" lon="12.283463">
        <ele>43.8</ele>
      </trkpt>
      <trkpt lat="58.283712" lon="12.283473">
        <ele>43.6</ele>
      </trkpt>
      <trkpt lat="58.283845" lon="12.283433">
        <ele>43.1</ele>
      </trkpt>
      <trkpt lat="58.283936" lon="12.283385">
        <ele>42.7</ele>
      </trkpt>
      <trkpt lat="58.284002" lon="12.283314">
        <ele>42.4</ele>
      </trkpt>
      <trkpt lat="58.28404" lon="12.283216">
        <ele>42.0</ele>
      </trkpt>
      <trkpt lat="58.284084" lon="12.283087">
        <ele>41.7</ele>
      </trkpt>
      <trkpt lat="58.284113" lon="12.283021">
        <ele>41.5</ele>
      </trkpt>
      <trkpt lat="58.284156" lon="12.282963">
        <ele>41.4</ele>
      </trkpt>
      <trkpt lat="58.284244" lon="12.282962">
        <ele>41.3</ele>
      </trkpt>
      <trkpt lat="58.284262" lon="12.283037">
        <ele>41.3</ele>
      </trkpt>
      <trkpt lat="58.284309" lon="12.283182">
        <ele>41.4</ele>
      </trkpt>
      <trkpt lat="58.284337" lon="12.28327">
        <ele>41.5</ele>
      </trkpt>
      <trkpt lat="58.28443" lon="12.283173">
        <ele>41.2</ele>
      </trkpt>
      <trkpt lat="58.284505" lon="12.283132">
        <ele>41.1</ele>
      </trkpt>
      <trkpt lat="58.284591" lon="12.283106">
        <ele>40.9</ele>
      </trkpt>
      <trkpt lat="58.284668" lon="12.283099">
        <ele>40.9</ele>
      </trkpt>
      <trkpt lat="58.284736" lon="12.283114">
        <ele>40.9</ele>
      </trkpt>
      <trkpt lat="58.284791" lon="12.283143">
        <ele>40.8</ele>
      </trkpt>
      <trkpt lat="58.284838" lon="12.283139">
        <ele>40.8</ele>
      </trkpt>
      <trkpt lat="58.284893" lon="12.283121">
        <ele>40.9</ele>
      </trkpt>
      <trkpt lat="58.285008" lon="12.283081">
        <ele>41.1</ele>
      </trkpt>
      <trkpt lat="58.285095" lon="12.283083">
        <ele>41.3</ele>
      </trkpt>
      <trkpt lat="58.285374" lon="12.283039">
        <ele>42.5</ele>
      </trkpt>
      <trkpt lat="58.285494" lon="12.283017">
        <ele>43.1</ele>
      </trkpt>
      <trkpt lat="58.285599" lon="12.28302">
        <ele>43.6</ele>
      </trkpt>
      <trkpt lat="58.285689" lon="12.283097">
        <ele>43.9</ele>
      </trkpt>
      <trkpt lat="58.285833" lon="12.283359">
        <ele>44.0</ele>
      </trkpt>
      <trkpt lat="58.2859" lon="12.28346">
        <ele>43.9</ele>
      </trkpt>
      <trkpt lat="58.286197" lon="12.283764">
        <ele>42.9</ele>
      </trkpt>
      <trkpt lat="58.286255" lon="12.283818">
        <ele>42.6</ele>
      </trkpt>
      <trkpt lat="58.286307" lon="12.283893">
        <ele>42.3</ele>
      </trkpt>
      <trkpt lat="58.286458" lon="12.28415">
        <ele>41.5</ele>
      </trkpt>
      <trkpt lat="58.286641" lon="12.284378">
        <ele>40.7</ele>
      </trkpt>
      <trkpt lat="58.286742" lon="12.284505">
        <ele>40.5</ele>
      </trkpt>
      <trkpt lat="58.286812" lon="12.284594">
        <ele>40.4</ele>
      </trkpt>
      <trkpt lat="58.286954" lon="12.284705">
        <ele>40.4</ele>
      </trkpt>
      <trkpt lat="58.287089" lon="12.28476">
        <ele>40.7</ele>
      </trkpt>
      <trkpt lat="58.287223" lon="12.284848">
        <ele>40.9</ele>
      </trkpt>
      <trkpt lat="58.287231" lon="12.284853">
        <ele>40.9</ele>
      </trkpt>
      <trkpt lat="58.287398" lon="12.285048">
        <ele>40.9</ele>
      </trkpt>
      <trkpt lat="58.28756" lon="12.285275">
        <ele>40.8</ele>
      </trkpt>
      <trkpt lat="58.287698" lon="12.285501">
        <ele>40.9</ele>
      </trkpt>
      <trkpt lat="58.287756" lon="12.285753">
        <ele>41.2</ele>
      </trkpt>
      <trkpt lat="58.287765" lon="12.285802">
        <ele>41.3</ele>
      </trkpt>
      <trkpt lat="58.287815" lon="12.286085">
        <ele>41.8</ele>
      </trkpt>
      <trkpt lat="58.287873" lon="12.28652">
        <ele>42.8</ele>
      </trkpt>
      <trkpt lat="58.287897" lon="12.286679">
        <ele>43.1</ele>
      </trkpt>
      <trkpt lat="58.28795" lon="12.286839">
        <ele>43.4</ele>
      </trkpt>
      <trkpt lat="58.28802" lon="12.287022">
        <ele>43.5</ele>
      </trkpt>
      <trkpt lat="58.288117" lon="12.287148">
        <ele>43.6</ele>
      </trkpt>
      <trkpt lat="58.288165" lon="12.287212">
        <ele>43.6</ele>
      </trkpt>
      <trkpt lat="58.288363" lon="12.287371">
        <ele>43.2</ele>
      </trkpt>
      <trkpt lat="58.2886" lon="12.287548">
        <ele>42.0</ele>
      </trkpt>
      <trkpt lat="58.288718" lon="12.287708">
        <ele>41.1</ele>
      </trkpt>
      <trkpt lat="58.288926" lon="12.287964">
        <ele>40.1</ele>
      </trkpt>
      <trkpt lat="58.289134" lon="12.288219">
        <ele>39.0</ele>
      </trkpt>
      <trkpt lat="58.289313" lon="12.288443">
        <ele>39.6</ele>
        <name>58.289326,12.288405</name>
        <extensions>
          <oa:Extension>
            <oa:mapZoom>15</oa:mapZoom>
          </oa:Extension>
        </extensions>
      </trkpt>
      <trkpt lat="58.289455" lon="12.28862">
        <ele>40.0</ele>
      </trkpt>
      <trkpt lat="58.289726" lon="12.288959">
        <ele>41.4</ele>
      </trkpt>
      <trkpt lat="58.289997" lon="12.289298">
        <ele>42.0</ele>
      </trkpt>
      <trkpt lat="58.290269" lon="12.289636">
        <ele>42.0</ele>
      </trkpt>
      <trkpt lat="58.290408" lon="12.289792">
        <ele>42.0</ele>
      </trkpt>
      <trkpt lat="58.290533" lon="12.289893">
        <ele>42.0</ele>
      </trkpt>
      <trkpt lat="58.29055" lon="12.289913">
        <ele>42.0</ele>
      </trkpt>
      <trkpt lat="58.290694" lon="12.290089">
        <ele>42.2</ele>
      </trkpt>
      <trkpt lat="58.290781" lon="12.290214">
        <ele>42.3</ele>
      </trkpt>
      <trkpt lat="58.290847" lon="12.29033">
        <ele>42.4</ele>
      </trkpt>
      <trkpt lat="58.290887" lon="12.290389">
        <ele>42.4</ele>
      </trkpt>
      <trkpt lat="58.290992" lon="12.290544">
        <ele>42.4</ele>
      </trkpt>
      <trkpt lat="58.29112" lon="12.290707">
        <ele>42.2</ele>
      </trkpt>
      <trkpt lat="58.291143" lon="12.290725">
        <ele>42.1</ele>
      </trkpt>
      <trkpt lat="58.291373" lon="12.29094">
        <ele>41.5</ele>
      </trkpt>
      <trkpt lat="58.291632" lon="12.291132">
        <ele>41.0</ele>
      </trkpt>
      <trkpt lat="58.291736" lon="12.291202">
        <ele>40.9</ele>
      </trkpt>
      <trkpt lat="58.291814" lon="12.291279">
        <ele>40.9</ele>
      </trkpt>
      <trkpt lat="58.291906" lon="12.291405">
        <ele>41.0</ele>
      </trkpt>
      <trkpt lat="58.292052" lon="12.291142">
        <ele>41.4</ele>
      </trkpt>
      <trkpt lat="58.292285" lon="12.29075">
        <ele>42.7</ele>
      </trkpt>
      <trkpt lat="58.292518" lon="12.290359">
        <ele>44.0</ele>
      </trkpt>
      <trkpt lat="58.29275" lon="12.289968">
        <ele>45.3</ele>
      </trkpt>
      <trkpt lat="58.292776" lon="12.289875">
        <ele>45.6</ele>
      </trkpt>
      <trkpt lat="58.292775" lon="12.289771">
        <ele>45.7</ele>
      </trkpt>
      <trkpt lat="58.292745" lon="12.289681">
        <ele>45.6</ele>
      </trkpt>
      <trkpt lat="58.292691" lon="12.289592">
        <ele>45.4</ele>
      </trkpt>
      <trkpt lat="58.292614" lon="12.289481">
        <ele>45.2</ele>
      </trkpt>
      <trkpt lat="58.292507" lon="12.289307">
        <ele>44.9</ele>
      </trkpt>
      <trkpt lat="58.29247" lon="12.289198">
        <ele>44.8</ele>
      </trkpt>
      <trkpt lat="58.292463" lon="12.289111">
        <ele>44.9</ele>
      </trkpt>
      <trkpt lat="58.292466" lon="12.28889">
        <ele>44.9</ele>
      </trkpt>
      <trkpt lat="58.292459" lon="12.288358">
        <ele>44.8</ele>
      </trkpt>
      <trkpt lat="58.292468" lon="12.288185">
        <ele>45.0</ele>
      </trkpt>
      <trkpt lat="58.292493" lon="12.288113">
        <ele>45.2</ele>
      </trkpt>
      <trkpt lat="58.292539" lon="12.288076">
        <ele>45.4</ele>
      </trkpt>
      <trkpt lat="58.29263" lon="12.288061">
        <ele>45.7</ele>
      </trkpt>
      <trkpt lat="58.292728" lon="12.288067">
        <ele>45.9</ele>
      </trkpt>
      <trkpt lat="58.292813" lon="12.288042">
        <ele>46.1</ele>
      </trkpt>
      <trkpt lat="58.292897" lon="12.287953">
        <ele>46.3</ele>
      </trkpt>
      <trkpt lat="58.292935" lon="12.287872">
        <ele>46.5</ele>
      </trkpt>
      <trkpt lat="58.292966" lon="12.287763">
        <ele>46.8</ele>
      </trkpt>
      <trkpt lat="58.292976" lon="12.287579">
        <ele>47.2</ele>
      </trkpt>
      <trkpt lat="58.292963" lon="12.28745">
        <ele>47.3</ele>
      </trkpt>
      <trkpt lat="58.293061" lon="12.287419">
        <ele>47.6</ele>
      </trkpt>
      <trkpt lat="58.293183" lon="12.287445">
        <ele>47.8</ele>
      </trkpt>
      <trkpt lat="58.293335" lon="12.287534">
        <ele>47.9</ele>
      </trkpt>
      <trkpt lat="58.293497" lon="12.287636">
        <ele>48.0</ele>
      </trkpt>
      <trkpt lat="58.2936" lon="12.287694">
        <ele>48.0</ele>
      </trkpt>
      <trkpt lat="58.293739" lon="12.287754">
        <ele>48.0</ele>
      </trkpt>
      <trkpt lat="58.293865" lon="12.2878">
        <ele>48.0</ele>
      </trkpt>
      <trkpt lat="58.293969" lon="12.287868">
        <ele>47.8</ele>
      </trkpt>
      <trkpt lat="58.294088" lon="12.287949">
        <ele>47.5</ele>
      </trkpt>
      <trkpt lat="58.294177" lon="12.287998">
        <ele>47.4</ele>
      </trkpt>
      <trkpt lat="58.294298" lon="12.287998">
        <ele>47.6</ele>
      </trkpt>
      <trkpt lat="58.29438" lon="12.287949">
        <ele>48.1</ele>
      </trkpt>
      <trkpt lat="58.294439" lon="12.287836">
        <ele>48.7</ele>
      </trkpt>
      <trkpt lat="58.294473" lon="12.287669">
        <ele>49.5</ele>
      </trkpt>
      <trkpt lat="58.294547" lon="12.287742">
        <ele>49.2</ele>
      </trkpt>
      <trkpt lat="58.294593" lon="12.287813">
        <ele>49.0</ele>
      </trkpt>
      <trkpt lat="58.294636" lon="12.287914">
        <ele>48.8</ele>
      </trkpt>
      <trkpt lat="58.294659" lon="12.287985">
        <ele>48.6</ele>
      </trkpt>
      <trkpt lat="58.294681" lon="12.288116">
        <ele>48.3</ele>
      </trkpt>
      <trkpt lat="58.294744" lon="12.28809">
        <ele>48.6</ele>
      </trkpt>
      <trkpt lat="58.294974" lon="12.288058">
        <ele>49.3</ele>
      </trkpt>
      <trkpt lat="58.295175" lon="12.288098">
        <ele>49.9</ele>
      </trkpt>
      <trkpt lat="58.295399" lon="12.288204">
        <ele>50.5</ele>
      </trkpt>
      <trkpt lat="58.295569" lon="12.288311">
        <ele>50.8</ele>
      </trkpt>
      <trkpt lat="58.295739" lon="12.288468">
        <ele>50.9</ele>
      </trkpt>
      <trkpt lat="58.296051" lon="12.288805">
        <ele>50.3</ele>
      </trkpt>
      <trkpt lat="58.296153" lon="12.288915">
        <ele>50.1</ele>
        <name>58.296159,12.288895</name>
        <extensions>
          <oa:Extension>
            <oa:mapZoom>15</oa:mapZoom>
          </oa:Extension>
        </extensions>
      </trkpt>
      <trkpt lat="58.296364" lon="12.289142">
        <ele>49.5</ele>
      </trkpt>
      <trkpt lat="58.296736" lon="12.289448">
        <ele>49.6</ele>
      </trkpt>
      <trkpt lat="58.296807" lon="12.289318">
        <ele>49.2</ele>
      </trkpt>
      <trkpt lat="58.29716" lon="12.288953">
        <ele>48.0</ele>
      </trkpt>
      <trkpt lat="58.29728" lon="12.28881">
        <ele>47.4</ele>
      </trkpt>
      <trkpt lat="58.297386" lon="12.289029">
        <ele>47.8</ele>
      </trkpt>
      <trkpt lat="58.297439" lon="12.289131">
        <ele>48.0</ele>
      </trkpt>
      <trkpt lat="58.297574" lon="12.288869">
        <ele>47.1</ele>
      </trkpt>
      <trkpt lat="58.297619" lon="12.288654">
        <ele>46.5</ele>
      </trkpt>
      <trkpt lat="58.297648" lon="12.288564">
        <ele>46.3</ele>
      </trkpt>
      <trkpt lat="58.297693" lon="12.288521">
        <ele>46.1</ele>
      </trkpt>
      <trkpt lat="58.297758" lon="12.288494">
        <ele>46.0</ele>
      </trkpt>
      <trkpt lat="58.297842" lon="12.288504">
        <ele>45.9</ele>
      </trkpt>
      <trkpt lat="58.29799" lon="12.288557">
        <ele>45.8</ele>
      </trkpt>
      <trkpt lat="58.29831" lon="12.288757">
        <ele>45.9</ele>
      </trkpt>
      <trkpt lat="58.29863" lon="12.288957">
        <ele>46.4</ele>
      </trkpt>
      <trkpt lat="58.29903" lon="12.289221">
        <ele>46.7</ele>
      </trkpt>
      <trkpt lat="58.299431" lon="12.289485">
        <ele>45.2</ele>
      </trkpt>
      <trkpt lat="58.299831" lon="12.289749">
        <ele>43.5</ele>
      </trkpt>
      <trkpt lat="58.300232" lon="12.290014">
        <ele>41.8</ele>
      </trkpt>
      <trkpt lat="58.300632" lon="12.290278">
        <ele>41.3</ele>
      </trkpt>
      <trkpt lat="58.301033" lon="12.290542">
        <ele>42.3</ele>
      </trkpt>
      <trkpt lat="58.301433" lon="12.290806">
        <ele>43.0</ele>
      </trkpt>
      <trkpt lat="58.301834" lon="12.291071">
        <ele>44.3</ele>
      </trkpt>
      <trkpt lat="58.302234" lon="12.291335">
        <ele>46.4</ele>
      </trkpt>
      <trkpt lat="58.302635" lon="12.291599">
        <ele>47.3</ele>
      </trkpt>
      <trkpt lat="58.303035" lon="12.291864">
        <ele>46.8</ele>
      </trkpt>
      <trkpt lat="58.303436" lon="12.292128">
        <ele>46.3</ele>
      </trkpt>
      <trkpt lat="58.303836" lon="12.292392">
        <ele>47.6</ele>
      </trkpt>
      <trkpt lat="58.304237" lon="12.292656">
        <ele>48.2</ele>
      </trkpt>
      <trkpt lat="58.304637" lon="12.292921">
        <ele>45.6</ele>
      </trkpt>
      <trkpt lat="58.304965" lon="12.293155">
        <ele>42.8</ele>
      </trkpt>
      <trkpt lat="58.305293" lon="12.293389">
        <ele>41.8</ele>
      </trkpt>
      <trkpt lat="58.305621" lon="12.293623">
        <ele>41.6</ele>
      </trkpt>
      <trkpt lat="58.306037" lon="12.293939">
        <ele>41.2</ele>
      </trkpt>
      <trkpt lat="58.306453" lon="12.294255">
        <ele>40.9</ele>
      </trkpt>
      <trkpt lat="58.306869" lon="12.294571">
        <ele>40.7</ele>
      </trkpt>
      <trkpt lat="58.307228" lon="12.294836">
        <ele>40.7</ele>
      </trkpt>
      <trkpt lat="58.307518" lon="12.295049">
        <ele>41.0</ele>
        <name>58.307535,12.294963</name>
        <extensions>
          <oa:Extension>
            <oa:mapZoom>15</oa:mapZoom>
          </oa:Extension>
        </extensions>
      </trkpt>
      <trkpt lat="58.307588" lon="12.295101">
        <ele>41.0</ele>
      </trkpt>
      <trkpt lat="58.307947" lon="12.295366">
        <ele>41.4</ele>
      </trkpt>
      <trkpt lat="58.308307" lon="12.295631">
        <ele>42.1</ele>
      </trkpt>
      <trkpt lat="58.308562" lon="12.295821">
        <ele>42.2</ele>
      </trkpt>
      <trkpt lat="58.308954" lon="12.296115">
        <ele>42.1</ele>
      </trkpt>
      <trkpt lat="58.309346" lon="12.296408">
        <ele>42.3</ele>
      </trkpt>
      <trkpt lat="58.309738" lon="12.296702">
        <ele>42.1</ele>
      </trkpt>
      <trkpt lat="58.310129" lon="12.296995">
        <ele>42.0</ele>
      </trkpt>
      <trkpt lat="58.310521" lon="12.297289">
        <ele>41.5</ele>
      </trkpt>
      <trkpt lat="58.310913" lon="12.297582">
        <ele>41.0</ele>
      </trkpt>
      <trkpt lat="58.311305" lon="12.297876">
        <ele>41.2</ele>
      </trkpt>
      <trkpt lat="58.311696" lon="12.298169">
        <ele>41.8</ele>
      </trkpt>
      <trkpt lat="58.312088" lon="12.298463">
        <ele>41.5</ele>
      </trkpt>
      <trkpt lat="58.31248" lon="12.298756">
        <ele>41.4</ele>
      </trkpt>
      <trkpt lat="58.312872" lon="12.29905">
        <ele>42.2</ele>
      </trkpt>
      <trkpt lat="58.31288" lon="12.299218">
        <ele>42.5</ele>
      </trkpt>
      <trkpt lat="58.312914" lon="12.299422">
        <ele>42.8</ele>
      </trkpt>
      <trkpt lat="58.312955" lon="12.299505">
        <ele>42.9</ele>
      </trkpt>
      <trkpt lat="58.313035" lon="12.299577">
        <ele>43.1</ele>
      </trkpt>
      <trkpt lat="58.313196" lon="12.299516">
        <ele>43.3</ele>
      </trkpt>
      <trkpt lat="58.313297" lon="12.299599">
        <ele>43.5</ele>
      </trkpt>
      <trkpt lat="58.313531" lon="12.299738">
        <ele>43.8</ele>
      </trkpt>
      <trkpt lat="58.3139" lon="12.300092">
        <ele>44.2</ele>
      </trkpt>
      <trkpt lat="58.314142" lon="12.300522">
        <ele>44.5</ele>
      </trkpt>
      <trkpt lat="58.314311" lon="12.301047">
        <ele>45.2</ele>
      </trkpt>
      <trkpt lat="58.31448" lon="12.301611">
        <ele>45.9</ele>
      </trkpt>
      <trkpt lat="58.314607" lon="12.30203">
        <ele>45.7</ele>
      </trkpt>
      <trkpt lat="58.314733" lon="12.302449">
        <ele>45.6</ele>
      </trkpt>
      <trkpt lat="58.31495" lon="12.303189">
        <ele>46.0</ele>
      </trkpt>
      <trkpt lat="58.315079" lon="12.30363">
        <ele>45.9</ele>
        <name>58.315069,12.303640</name>
        <extensions>
          <oa:Extension>
            <oa:mapZoom>15</oa:mapZoom>
          </oa:Extension>
        </extensions>
      </trkpt>
      <trkpt lat="58.315167" lon="12.303929">
        <ele>45.9</ele>
      </trkpt>
      <trkpt lat="58.315383" lon="12.304669">
        <ele>45.6</ele>
      </trkpt>
      <trkpt lat="58.31548" lon="12.304556">
        <ele>45.5</ele>
      </trkpt>
      <trkpt lat="58.315571" lon="12.304456">
        <ele>45.3</ele>
      </trkpt>
      <trkpt lat="58.315842" lon="12.304363">
        <ele>45.0</ele>
      </trkpt>
      <trkpt lat="58.316157" lon="12.304142">
        <ele>44.5</ele>
      </trkpt>
      <trkpt lat="58.316322" lon="12.303853">
        <ele>44.1</ele>
      </trkpt>
      <trkpt lat="58.316487" lon="12.303563">
        <ele>43.5</ele>
      </trkpt>
      <trkpt lat="58.316624" lon="12.303134">
        <ele>42.8</ele>
      </trkpt>
      <trkpt lat="58.316787" lon="12.303069">
        <ele>42.6</ele>
      </trkpt>
      <trkpt lat="58.316923" lon="12.303095">
        <ele>42.7</ele>
      </trkpt>
      <trkpt lat="58.317122" lon="12.303019">
        <ele>42.8</ele>
      </trkpt>
      <trkpt lat="58.317396" lon="12.302714">
        <ele>42.9</ele>
      </trkpt>
      <trkpt lat="58.317648" lon="12.302388">
        <ele>43.5</ele>
      </trkpt>
      <trkpt lat="58.317749" lon="12.302225">
        <ele>43.9</ele>
      </trkpt>
      <trkpt lat="58.317776" lon="12.302282">
        <ele>44.1</ele>
      </trkpt>
      <trkpt lat="58.317812" lon="12.302468">
        <ele>44.3</ele>
      </trkpt>
      <trkpt lat="58.317902" lon="12.302771">
        <ele>44.9</ele>
      </trkpt>
      <trkpt lat="58.318208" lon="12.303012">
        <ele>46.5</ele>
      </trkpt>
      <trkpt lat="58.318515" lon="12.303254">
        <ele>48.3</ele>
      </trkpt>
      <trkpt lat="58.318821" lon="12.303495">
        <ele>50.2</ele>
      </trkpt>
      <trkpt lat="58.319198" lon="12.303724">
        <ele>51.6</ele>
      </trkpt>
      <trkpt lat="58.319463" lon="12.303857">
        <ele>51.9</ele>
      </trkpt>
      <trkpt lat="58.319728" lon="12.303991">
        <ele>51.7</ele>
      </trkpt>
      <trkpt lat="58.319658" lon="12.304269">
        <ele>50.3</ele>
      </trkpt>
      <trkpt lat="58.319599" lon="12.304448">
        <ele>49.2</ele>
      </trkpt>
      <trkpt lat="58.319506" lon="12.304609">
        <ele>48.1</ele>
      </trkpt>
      <trkpt lat="58.319385" lon="12.304757">
        <ele>47.2</ele>
      </trkpt>
      <trkpt lat="58.319331" lon="12.304886">
        <ele>46.5</ele>
      </trkpt>
      <trkpt lat="58.319309" lon="12.305016">
        <ele>45.9</ele>
      </trkpt>
      <trkpt lat="58.319323" lon="12.305138">
        <ele>45.5</ele>
      </trkpt>
      <trkpt lat="58.319478" lon="12.305642">
        <ele>44.7</ele>
      </trkpt>
      <trkpt lat="58.319634" lon="12.306146">
        <ele>44.3</ele>
      </trkpt>
      <trkpt lat="58.31979" lon="12.306651">
        <ele>44.2</ele>
      </trkpt>
      <trkpt lat="58.319966" lon="12.307235">
        <ele>44.3</ele>
      </trkpt>
      <trkpt lat="58.320142" lon="12.30782">
        <ele>43.6</ele>
      </trkpt>
      <trkpt lat="58.320319" lon="12.308405">
        <ele>43.1</ele>
      </trkpt>
      <trkpt lat="58.320495" lon="12.30899">
        <ele>44.1</ele>
      </trkpt>
      <trkpt lat="58.320663" lon="12.309496">
        <ele>45.2</ele>
      </trkpt>
      <trkpt lat="58.320831" lon="12.310002">
        <ele>46.0</ele>
      </trkpt>
      <trkpt lat="58.320562" lon="12.310428">
        <ele>44.4</ele>
      </trkpt>
      <trkpt lat="58.320293" lon="12.310855">
        <ele>42.8</ele>
      </trkpt>
      <trkpt lat="58.320024" lon="12.311282">
        <ele>42.0</ele>
      </trkpt>
      <trkpt lat="58.319791" lon="12.311645">
        <ele>41.7</ele>
      </trkpt>
      <trkpt lat="58.319557" lon="12.312008">
        <ele>41.2</ele>
      </trkpt>
      <trkpt lat="58.319323" lon="12.312371">
        <ele>41.0</ele>
      </trkpt>
      <trkpt lat="58.319209" lon="12.312537">
        <ele>41.0</ele>
      </trkpt>
      <trkpt lat="58.319058" lon="12.312757">
        <ele>41.4</ele>
      </trkpt>
      <trkpt lat="58.318838" lon="12.31305">
        <ele>42.5</ele>
      </trkpt>
      <trkpt lat="58.318678" lon="12.313247">
        <ele>43.3</ele>
      </trkpt>
      <trkpt lat="58.31845" lon="12.313436">
        <ele>44.0</ele>
      </trkpt>
      <trkpt lat="58.318508" lon="12.313672">
        <ele>44.1</ele>
      </trkpt>
      <trkpt lat="58.318605" lon="12.31393">
        <ele>44.1</ele>
      </trkpt>
      <trkpt lat="58.318649" lon="12.314071">
        <ele>44.0</ele>
      </trkpt>
      <trkpt lat="58.318661" lon="12.314219">
        <ele>44.2</ele>
      </trkpt>
      <trkpt lat="58.318648" lon="12.314604">
        <ele>45.3</ele>
      </trkpt>
      <trkpt lat="58.318647" lon="12.31495">
        <ele>45.9</ele>
      </trkpt>
      <trkpt lat="58.318686" lon="12.315316">
        <ele>45.1</ele>
      </trkpt>
      <trkpt lat="58.318712" lon="12.315538">
        <ele>44.2</ele>
      </trkpt>
      <trkpt lat="58.31872" lon="12.315666">
        <ele>43.7</ele>
      </trkpt>
      <trkpt lat="58.318715" lon="12.315812">
        <ele>43.3</ele>
      </trkpt>
      <trkpt lat="58.319059" lon="12.316106">
        <ele>41.8</ele>
      </trkpt>
      <trkpt lat="58.319403" lon="12.316399">
        <ele>41.0</ele>
      </trkpt>
      <trkpt lat="58.319747" lon="12.316692">
        <ele>40.2</ele>
      </trkpt>
      <trkpt lat="58.320091" lon="12.316986">
        <ele>39.8</ele>
      </trkpt>
      <trkpt lat="58.320435" lon="12.317279">
        <ele>39.8</ele>
      </trkpt>
      <trkpt lat="58.32057" lon="12.317401">
        <ele>39.9</ele>
      </trkpt>
      <trkpt lat="58.320891" lon="12.317812">
        <ele>40.0</ele>
      </trkpt>
      <trkpt lat="58.321213" lon="12.318223">
        <ele>40.4</ele>
      </trkpt>
      <trkpt lat="58.321535" lon="12.318634">
        <ele>41.1</ele>
      </trkpt>
      <trkpt lat="58.321857" lon="12.319045">
        <ele>41.8</ele>
      </trkpt>
      <trkpt lat="58.32191" lon="12.319112">
        <ele>41.8</ele>
        <name>58.321930,12.319056</name>
        <extensions>
          <oa:Extension>
            <oa:mapZoom>15</oa:mapZoom>
          </oa:Extension>
        </extensions>
      </trkpt>
      <trkpt lat="58.322178" lon="12.319456">
        <ele>41.5</ele>
      </trkpt>
      <trkpt lat="58.322287" lon="12.319608">
        <ele>41.3</ele>
      </trkpt>
      <trkpt lat="58.32238" lon="12.319798">
        <ele>41.1</ele>
      </trkpt>
      <trkpt lat="58.322457" lon="12.320006">
        <ele>41.1</ele>
      </trkpt>
      <trkpt lat="58.322502" lon="12.320201">
        <ele>41.2</ele>
      </trkpt>
      <trkpt lat="58.322605" lon="12.320733">
        <ele>41.8</ele>
      </trkpt>
      <trkpt lat="58.322656" lon="12.320855">
        <ele>42.0</ele>
      </trkpt>
      <trkpt lat="58.32274" lon="12.320917">
        <ele>42.0</ele>
      </trkpt>
      <trkpt lat="58.322839" lon="12.320923">
        <ele>42.0</ele>
      </trkpt>
      <trkpt lat="58.322933" lon="12.320892">
        <ele>42.0</ele>
      </trkpt>
      <trkpt lat="58.323035" lon="12.3208">
        <ele>41.8</ele>
      </trkpt>
      <trkpt lat="58.323345" lon="12.320334">
        <ele>41.3</ele>
      </trkpt>
      <trkpt lat="58.323655" lon="12.319868">
        <ele>41.4</ele>
      </trkpt>
      <trkpt lat="58.323965" lon="12.319402">
        <ele>43.2</ele>
      </trkpt>
      <trkpt lat="58.324274" lon="12.318936">
        <ele>46.5</ele>
      </trkpt>
      <trkpt lat="58.324329" lon="12.318918">
        <ele>47.1</ele>
      </trkpt>
      <trkpt lat="58.324371" lon="12.318954">
        <ele>47.5</ele>
      </trkpt>
      <trkpt lat="58.324412" lon="12.31904">
        <ele>47.9</ele>
      </trkpt>
      <trkpt lat="58.324564" lon="12.319661">
        <ele>48.2</ele>
      </trkpt>
      <trkpt lat="58.324716" lon="12.320283">
        <ele>49.0</ele>
      </trkpt>
      <trkpt lat="58.324868" lon="12.320904">
        <ele>49.5</ele>
      </trkpt>
      <trkpt lat="58.325077" lon="12.321436">
        <ele>50.3</ele>
      </trkpt>
      <trkpt lat="58.32527" lon="12.32187">
        <ele>51.3</ele>
      </trkpt>
      <trkpt lat="58.325449" lon="12.322237">
        <ele>51.8</ele>
      </trkpt>
      <trkpt lat="58.325619" lon="12.322494">
        <ele>51.8</ele>
      </trkpt>
      <trkpt lat="58.32582" lon="12.322729">
        <ele>51.3</ele>
      </trkpt>
      <trkpt lat="58.326021" lon="12.322964">
        <ele>50.5</ele>
      </trkpt>
      <trkpt lat="58.32638" lon="12.32335">
        <ele>50.0</ele>
      </trkpt>
      <trkpt lat="58.326593" lon="12.323517">
        <ele>50.3</ele>
      </trkpt>
      <trkpt lat="58.32685" lon="12.323691">
        <ele>49.9</ele>
      </trkpt>
      <trkpt lat="58.327123" lon="12.323873">
        <ele>48.6</ele>
      </trkpt>
      <trkpt lat="58.327403" lon="12.324078">
        <ele>47.3</ele>
      </trkpt>
      <trkpt lat="58.327683" lon="12.324284">
        <ele>46.8</ele>
      </trkpt>
      <trkpt lat="58.328071" lon="12.32457">
        <ele>46.2</ele>
      </trkpt>
      <trkpt lat="58.328458" lon="12.324856">
        <ele>45.6</ele>
      </trkpt>
      <trkpt lat="58.328846" lon="12.325142">
        <ele>45.7</ele>
      </trkpt>
      <trkpt lat="58.328948" lon="12.325214">
        <ele>45.8</ele>
      </trkpt>
      <trkpt lat="58.329103" lon="12.325341">
        <ele>46.0</ele>
      </trkpt>
      <trkpt lat="58.329211" lon="12.325454">
        <ele>46.1</ele>
      </trkpt>
      <trkpt lat="58.329344" lon="12.325603">
        <ele>46.2</ele>
      </trkpt>
      <trkpt lat="58.329639" lon="12.326">
        <ele>46.3</ele>
      </trkpt>
      <trkpt lat="58.329984" lon="12.326458">
        <ele>46.6</ele>
      </trkpt>
      <trkpt lat="58.330328" lon="12.326915">
        <ele>47.8</ele>
      </trkpt>
      <trkpt lat="58.330666" lon="12.327359">
        <ele>48.7</ele>
      </trkpt>
      <trkpt lat="58.331004" lon="12.327804">
        <ele>48.2</ele>
      </trkpt>
      <trkpt lat="58.331343" lon="12.328248">
        <ele>46.7</ele>
      </trkpt>
      <trkpt lat="58.33142" lon="12.328353">
        <ele>46.5</ele>
      </trkpt>
      <trkpt lat="58.331639" lon="12.328624">
        <ele>46.3</ele>
      </trkpt>
      <trkpt lat="58.331857" lon="12.328894">
        <ele>46.5</ele>
      </trkpt>
      <trkpt lat="58.331986" lon="12.329092">
        <ele>46.3</ele>
      </trkpt>
      <trkpt lat="58.332037" lon="12.329186">
        <ele>46.1</ele>
      </trkpt>
      <trkpt lat="58.332088" lon="12.329291">
        <ele>45.8</ele>
      </trkpt>
      <trkpt lat="58.332139" lon="12.329412">
        <ele>45.4</ele>
      </trkpt>
      <trkpt lat="58.33236" lon="12.330031">
        <ele>43.8</ele>
      </trkpt>
      <trkpt lat="58.332395" lon="12.330129">
        <ele>44.0</ele>
        <name>58.332409,12.330111</name>
        <extensions>
          <oa:Extension>
            <oa:mapZoom>15</oa:mapZoom>
          </oa:Extension>
        </extensions>
      </trkpt>
      <trkpt lat="58.332581" lon="12.330651">
        <ele>45.0</ele>
      </trkpt>
      <trkpt lat="58.332799" lon="12.331241">
        <ele>46.7</ele>
      </trkpt>
      <trkpt lat="58.333017" lon="12.331832">
        <ele>48.0</ele>
      </trkpt>
      <trkpt lat="58.333055" lon="12.331951">
        <ele>48.0</ele>
      </trkpt>
      <trkpt lat="58.333078" lon="12.33202">
        <ele>48.0</ele>
      </trkpt>
      <trkpt lat="58.333097" lon="12.332138">
        <ele>47.9</ele>
      </trkpt>
      <trkpt lat="58.333107" lon="12.332266">
        <ele>47.7</ele>
      </trkpt>
      <trkpt lat="58.333168" lon="12.33259">
        <ele>47.3</ele>
      </trkpt>
      <trkpt lat="58.333147" lon="12.332678">
        <ele>47.0</ele>
      </trkpt>
      <trkpt lat="58.333137" lon="12.332774">
        <ele>46.7</ele>
      </trkpt>
      <trkpt lat="58.333159" lon="12.332991">
        <ele>46.2</ele>
      </trkpt>
      <trkpt lat="58.333197" lon="12.333213">
        <ele>45.8</ele>
      </trkpt>
      <trkpt lat="58.333282" lon="12.333529">
        <ele>45.7</ele>
      </trkpt>
      <trkpt lat="58.333409" lon="12.33391">
        <ele>46.3</ele>
      </trkpt>
      <trkpt lat="58.333572" lon="12.334485">
        <ele>47.0</ele>
      </trkpt>
      <trkpt lat="58.333735" lon="12.33506">
        <ele>47.8</ele>
      </trkpt>
      <trkpt lat="58.333856" lon="12.335546">
        <ele>48.5</ele>
      </trkpt>
      <trkpt lat="58.333927" lon="12.335882">
        <ele>48.9</ele>
      </trkpt>
      <trkpt lat="58.333992" lon="12.336225">
        <ele>49.0</ele>
      </trkpt>
      <trkpt lat="58.334064" lon="12.336666">
        <ele>49.0</ele>
      </trkpt>
      <trkpt lat="58.334137" lon="12.337221">
        <ele>48.4</ele>
      </trkpt>
      <trkpt lat="58.33421" lon="12.337777">
        <ele>47.7</ele>
      </trkpt>
      <trkpt lat="58.334284" lon="12.338333">
        <ele>46.9</ele>
      </trkpt>
      <trkpt lat="58.334338" lon="12.338747">
        <ele>46.6</ele>
      </trkpt>
      <trkpt lat="58.334392" lon="12.339162">
        <ele>46.3</ele>
      </trkpt>
      <trkpt lat="58.334498" lon="12.339944">
        <ele>44.5</ele>
      </trkpt>
      <trkpt lat="58.334557" lon="12.340348">
        <ele>44.5</ele>
      </trkpt>
      <trkpt lat="58.334623" lon="12.340728">
        <ele>45.0</ele>
      </trkpt>
      <trkpt lat="58.334711" lon="12.341111">
        <ele>45.2</ele>
      </trkpt>
      <trkpt lat="58.334799" lon="12.34145">
        <ele>45.2</ele>
      </trkpt>
      <trkpt lat="58.334925" lon="12.341856">
        <ele>45.7</ele>
      </trkpt>
      <trkpt lat="58.335108" lon="12.342383">
        <ele>47.5</ele>
      </trkpt>
      <trkpt lat="58.335291" lon="12.342909">
        <ele>49.4</ele>
      </trkpt>
      <trkpt lat="58.3355" lon="12.343523">
        <ele>51.6</ele>
      </trkpt>
      <trkpt lat="58.335594" lon="12.3438">
        <ele>52.1</ele>
      </trkpt>
      <trkpt lat="58.335659" lon="12.344017">
        <ele>52.4</ele>
      </trkpt>
      <trkpt lat="58.335704" lon="12.344195">
        <ele>52.5</ele>
      </trkpt>
      <trkpt lat="58.335742" lon="12.344356">
        <ele>52.6</ele>
      </trkpt>
      <trkpt lat="58.335778" lon="12.344539">
        <ele>52.5</ele>
      </trkpt>
      <trkpt lat="58.335815" lon="12.344786">
        <ele>52.3</ele>
      </trkpt>
      <trkpt lat="58.335849" lon="12.345051">
        <ele>52.1</ele>
      </trkpt>
      <trkpt lat="58.335933" lon="12.345733">
        <ele>52.3</ele>
      </trkpt>
      <trkpt lat="58.336017" lon="12.346415">
        <ele>52.0</ele>
      </trkpt>
      <trkpt lat="58.336098" lon="12.347107">
        <ele>51.5</ele>
      </trkpt>
      <trkpt lat="58.336166" lon="12.347749">
        <ele>50.7</ele>
      </trkpt>
      <trkpt lat="58.336196" lon="12.347957">
        <ele>50.6</ele>
      </trkpt>
      <trkpt lat="58.336241" lon="12.34821">
        <ele>50.6</ele>
      </trkpt>
      <trkpt lat="58.336297" lon="12.348426">
        <ele>51.1</ele>
      </trkpt>
      <trkpt lat="58.336363" lon="12.348678">
        <ele>51.6</ele>
      </trkpt>
      <trkpt lat="58.336526" lon="12.349256">
        <ele>52.2</ele>
      </trkpt>
      <trkpt lat="58.336644" lon="12.349678">
        <ele>51.9</ele>
      </trkpt>
      <trkpt lat="58.336708" lon="12.349869">
        <ele>51.8</ele>
      </trkpt>
      <trkpt lat="58.336789" lon="12.350035">
        <ele>51.9</ele>
      </trkpt>
      <trkpt lat="58.336871" lon="12.350159">
        <ele>52.1</ele>
      </trkpt>
      <trkpt lat="58.336977" lon="12.350282">
        <ele>52.6</ele>
      </trkpt>
      <trkpt lat="58.3371" lon="12.350392">
        <ele>53.1</ele>
      </trkpt>
      <trkpt lat="58.337176" lon="12.350445">
        <ele>53.5</ele>
      </trkpt>
      <trkpt lat="58.337145" lon="12.350746">
        <ele>52.5</ele>
      </trkpt>
      <trkpt lat="58.33711" lon="12.351312">
        <ele>50.5</ele>
      </trkpt>
      <trkpt lat="58.337086" lon="12.351765">
        <ele>49.1</ele>
      </trkpt>
      <trkpt lat="58.337181" lon="12.35206">
        <ele>48.7</ele>
      </trkpt>
      <trkpt lat="58.337193" lon="12.352071">
        <ele>48.7</ele>
      </trkpt>
      <trkpt lat="58.337347" lon="12.352672">
        <ele>47.1</ele>
      </trkpt>
      <trkpt lat="58.337418" lon="12.352684">
        <ele>47.2</ele>
      </trkpt>
      <trkpt lat="58.337496" lon="12.352623">
        <ele>47.5</ele>
      </trkpt>
      <trkpt lat="58.337602" lon="12.352509">
        <ele>48.1</ele>
      </trkpt>
      <trkpt lat="58.337763" lon="12.352393">
        <ele>48.5</ele>
      </trkpt>
      <trkpt lat="58.337862" lon="12.352773">
        <ele>47.3</ele>
      </trkpt>
      <trkpt lat="58.337935" lon="12.352706">
        <ele>47.5</ele>
      </trkpt>
      <trkpt lat="58.338036" lon="12.35263">
        <ele>47.8</ele>
      </trkpt>
      <trkpt lat="58.338167" lon="12.352534">
        <ele>48.0</ele>
      </trkpt>
      <trkpt lat="58.338169" lon="12.352534">
        <ele>48.0</ele>
      </trkpt>
      <trkpt lat="58.338279" lon="12.352498">
        <ele>48.0</ele>
      </trkpt>
      <trkpt lat="58.338393" lon="12.352442">
        <ele>48.0</ele>
      </trkpt>
      <trkpt lat="58.338519" lon="12.352341">
        <ele>48.0</ele>
      </trkpt>
      <trkpt lat="58.338659" lon="12.352218">
        <ele>47.8</ele>
      </trkpt>
      <trkpt lat="58.33876" lon="12.352128">
        <ele>47.7</ele>
      </trkpt>
      <trkpt lat="58.338959" lon="12.35195">
        <ele>47.2</ele>
      </trkpt>
      <trkpt lat="58.339261" lon="12.351734">
        <ele>46.4</ele>
      </trkpt>
      <trkpt lat="58.339266" lon="12.351734">
        <ele>46.4</ele>
      </trkpt>
      <trkpt lat="58.33952" lon="12.351536">
        <ele>45.6</ele>
      </trkpt>
      <trkpt lat="58.339718" lon="12.351393">
        <ele>45.2</ele>
      </trkpt>
      <trkpt lat="58.339884" lon="12.351312">
        <ele>45.0</ele>
      </trkpt>
      <trkpt lat="58.340155" lon="12.351195">
        <ele>45.5</ele>
      </trkpt>
      <trkpt lat="58.340426" lon="12.351078">
        <ele>46.7</ele>
      </trkpt>
      <trkpt lat="58.340436" lon="12.351078">
        <ele>46.7</ele>
      </trkpt>
      <trkpt lat="58.34087" lon="12.350934">
        <ele>47.8</ele>
      </trkpt>
      <trkpt lat="58.340945" lon="12.350919">
        <ele>47.7</ele>
      </trkpt>
      <trkpt lat="58.340974" lon="12.350996">
        <ele>47.6</ele>
      </trkpt>
      <trkpt lat="58.34102" lon="12.3511">
        <ele>47.3</ele>
      </trkpt>
      <trkpt lat="58.341022" lon="12.351246">
        <ele>47.0</ele>
      </trkpt>
      <trkpt lat="58.341016" lon="12.351382">
        <ele>46.8</ele>
      </trkpt>
      <trkpt lat="58.340983" lon="12.351469">
        <ele>46.6</ele>
      </trkpt>
      <trkpt lat="58.34098" lon="12.351552">
        <ele>46.5</ele>
      </trkpt>
      <trkpt lat="58.341057" lon="12.352026">
        <ele>46.8</ele>
      </trkpt>
      <trkpt lat="58.341138" lon="12.352318">
        <ele>47.6</ele>
      </trkpt>
      <trkpt lat="58.341467" lon="12.352076">
        <ele>48.2</ele>
      </trkpt>
      <trkpt lat="58.341796" lon="12.351835">
        <ele>48.9</ele>
      </trkpt>
      <trkpt lat="58.342125" lon="12.351594">
        <ele>50.1</ele>
      </trkpt>
      <trkpt lat="58.342454" lon="12.351352">
        <ele>51.1</ele>
      </trkpt>
      <trkpt lat="58.342494" lon="12.351336">
        <ele>51.2</ele>
      </trkpt>
      <trkpt lat="58.342526" lon="12.351336">
        <ele>51.3</ele>
      </trkpt>
      <trkpt lat="58.342564" lon="12.351361">
        <ele>51.5</ele>
      </trkpt>
      <trkpt lat="58.342605" lon="12.351408">
        <ele>51.8</ele>
      </trkpt>
      <trkpt lat="58.342627" lon="12.351466">
        <ele>52.0</ele>
      </trkpt>
      <trkpt lat="58.342647" lon="12.351544">
        <ele>52.2</ele>
      </trkpt>
      <trkpt lat="58.342678" lon="12.351721">
        <ele>52.6</ele>
      </trkpt>
      <trkpt lat="58.342744" lon="12.352168">
        <ele>53.2</ele>
      </trkpt>
      <trkpt lat="58.342768" lon="12.35228">
        <ele>53.3</ele>
      </trkpt>
      <trkpt lat="58.342785" lon="12.35233">
        <ele>53.3</ele>
        <name>58.342755,12.352366</name>
        <extensions>
          <oa:Extension>
            <oa:mapZoom>15</oa:mapZoom>
          </oa:Extension>
        </extensions>
      </trkpt>
      <trkpt lat="58.342796" lon="12.352365">
        <ele>53.3</ele>
      </trkpt>
      <trkpt lat="58.342839" lon="12.352459">
        <ele>53.4</ele>
      </trkpt>
      <trkpt lat="58.342909" lon="12.352558">
        <ele>53.5</ele>
      </trkpt>
      <trkpt lat="58.343017" lon="12.352664">
        <ele>53.7</ele>
      </trkpt>
      <trkpt lat="58.343218" lon="12.352794">
        <ele>54.1</ele>
      </trkpt>
      <trkpt lat="58.34335" lon="12.352874">
        <ele>54.5</ele>
      </trkpt>
      <trkpt lat="58.343471" lon="12.352973">
        <ele>55.0</ele>
      </trkpt>
      <trkpt lat="58.343549" lon="12.353073">
        <ele>55.4</ele>
      </trkpt>
      <trkpt lat="58.343673" lon="12.352512">
        <ele>55.1</ele>
      </trkpt>
      <trkpt lat="58.343798" lon="12.351951">
        <ele>55.4</ele>
      </trkpt>
      <trkpt lat="58.343923" lon="12.351391">
        <ele>54.3</ele>
      </trkpt>
      <trkpt lat="58.343979" lon="12.351124">
        <ele>53.1</ele>
      </trkpt>
      <trkpt lat="58.344011" lon="12.351002">
        <ele>52.5</ele>
      </trkpt>
      <trkpt lat="58.344038" lon="12.350916">
        <ele>52.2</ele>
      </trkpt>
      <trkpt lat="58.344089" lon="12.350795">
        <ele>51.7</ele>
      </trkpt>
      <trkpt lat="58.344145" lon="12.350694">
        <ele>51.3</ele>
      </trkpt>
      <trkpt lat="58.344195" lon="12.350617">
        <ele>51.1</ele>
      </trkpt>
      <trkpt lat="58.344291" lon="12.350487">
        <ele>50.9</ele>
      </trkpt>
      <trkpt lat="58.344382" lon="12.350375">
        <ele>50.9</ele>
      </trkpt>
      <trkpt lat="58.344489" lon="12.350233">
        <ele>51.1</ele>
      </trkpt>
      <trkpt lat="58.34458" lon="12.350128">
        <ele>51.5</ele>
      </trkpt>
      <trkpt lat="58.344665" lon="12.350045">
        <ele>51.9</ele>
      </trkpt>
      <trkpt lat="58.344788" lon="12.349947">
        <ele>52.5</ele>
      </trkpt>
      <trkpt lat="58.344912" lon="12.349869">
        <ele>53.1</ele>
      </trkpt>
      <trkpt lat="58.345137" lon="12.349731">
        <ele>53.7</ele>
      </trkpt>
      <trkpt lat="58.345251" lon="12.349679">
        <ele>54.0</ele>
      </trkpt>
      <trkpt lat="58.345357" lon="12.349653">
        <ele>54.3</ele>
      </trkpt>
      <trkpt lat="58.345574" lon="12.349641">
        <ele>55.3</ele>
      </trkpt>
      <trkpt lat="58.345692" lon="12.349632">
        <ele>55.8</ele>
      </trkpt>
      <trkpt lat="58.34593" lon="12.349439">
        <ele>56.0</ele>
      </trkpt>
      <trkpt lat="58.346252" lon="12.349128">
        <ele>56.9</ele>
      </trkpt>
      <trkpt lat="58.346546" lon="12.348824">
        <ele>58.3</ele>
      </trkpt>
      <trkpt lat="58.346781" lon="12.348606">
        <ele>59.7</ele>
      </trkpt>
      <trkpt lat="58.346883" lon="12.348404">
        <ele>60.2</ele>
      </trkpt>
      <trkpt lat="58.346961" lon="12.348201">
        <ele>60.3</ele>
      </trkpt>
      <trkpt lat="58.34717" lon="12.347737">
        <ele>59.7</ele>
      </trkpt>
      <trkpt lat="58.347379" lon="12.347274">
        <ele>58.6</ele>
      </trkpt>
      <trkpt lat="58.347735" lon="12.34683">
        <ele>58.2</ele>
      </trkpt>
      <trkpt lat="58.348092" lon="12.346387">
        <ele>58.0</ele>
      </trkpt>
      <trkpt lat="58.348448" lon="12.345944">
        <ele>57.4</ele>
      </trkpt>
      <trkpt lat="58.348702" lon="12.345626">
        <ele>56.9</ele>
      </trkpt>
      <trkpt lat="58.34896" lon="12.345334">
        <ele>56.7</ele>
      </trkpt>
      <trkpt lat="58.349311" lon="12.345099">
        <ele>57.5</ele>
      </trkpt>
      <trkpt lat="58.349518" lon="12.345023">
        <ele>58.5</ele>
      </trkpt>
      <trkpt lat="58.349703" lon="12.344996">
        <ele>59.3</ele>
      </trkpt>
      <trkpt lat="58.349827" lon="12.345019">
        <ele>59.7</ele>
      </trkpt>
      <trkpt lat="58.350087" lon="12.344972">
        <ele>60.0</ele>
      </trkpt>
      <trkpt lat="58.35037" lon="12.344878">
        <ele>59.4</ele>
      </trkpt>
      <trkpt lat="58.350666" lon="12.344723">
        <ele>58.3</ele>
      </trkpt>
      <trkpt lat="58.351021" lon="12.344449">
        <ele>56.9</ele>
      </trkpt>
      <trkpt lat="58.351376" lon="12.344176">
        <ele>55.7</ele>
      </trkpt>
      <trkpt lat="58.35165" lon="12.343965">
        <ele>55.1</ele>
        <name>58.351665,12.344032</name>
        <extensions>
          <oa:Extension>
            <oa:mapZoom>15</oa:mapZoom>
          </oa:Extension>
        </extensions>
      </trkpt>
      <trkpt lat="58.351732" lon="12.343902">
        <ele>54.9</ele>
      </trkpt>
      <trkpt lat="58.352087" lon="12.343629">
        <ele>54.1</ele>
      </trkpt>
      <trkpt lat="58.352422" lon="12.343226">
        <ele>53.0</ele>
      </trkpt>
      <trkpt lat="58.352689" lon="12.342907">
        <ele>52.0</ele>
      </trkpt>
      <trkpt lat="58.352956" lon="12.342587">
        <ele>51.5</ele>
      </trkpt>
      <trkpt lat="58.353164" lon="12.342056">
        <ele>51.6</ele>
      </trkpt>
      <trkpt lat="58.353372" lon="12.341525">
        <ele>51.8</ele>
      </trkpt>
      <trkpt lat="58.35358" lon="12.340993">
        <ele>50.7</ele>
      </trkpt>
      <trkpt lat="58.353788" lon="12.340462">
        <ele>49.6</ele>
      </trkpt>
      <trkpt lat="58.353992" lon="12.340029">
        <ele>48.9</ele>
      </trkpt>
      <trkpt lat="58.354196" lon="12.339596">
        <ele>48.9</ele>
      </trkpt>
      <trkpt lat="58.354413" lon="12.339202">
        <ele>48.9</ele>
      </trkpt>
      <trkpt lat="58.354524" lon="12.338942">
        <ele>48.8</ele>
      </trkpt>
      <trkpt lat="58.354604" lon="12.338804">
        <ele>48.6</ele>
      </trkpt>
      <trkpt lat="58.354649" lon="12.338808">
        <ele>48.6</ele>
      </trkpt>
      <trkpt lat="58.354893" lon="12.338966">
        <ele>48.7</ele>
      </trkpt>
      <trkpt lat="58.355254" lon="12.338665">
        <ele>48.3</ele>
      </trkpt>
      <trkpt lat="58.355622" lon="12.338221">
        <ele>47.8</ele>
      </trkpt>
      <trkpt lat="58.35599" lon="12.337778">
        <ele>47.5</ele>
      </trkpt>
      <trkpt lat="58.356357" lon="12.337335">
        <ele>47.5</ele>
      </trkpt>
      <trkpt lat="58.356729" lon="12.336948">
        <ele>47.4</ele>
      </trkpt>
      <trkpt lat="58.356965" lon="12.33683">
        <ele>47.3</ele>
      </trkpt>
      <trkpt lat="58.357202" lon="12.336712">
        <ele>47.1</ele>
      </trkpt>
      <trkpt lat="58.357551" lon="12.336369">
        <ele>46.6</ele>
      </trkpt>
      <trkpt lat="58.357836" lon="12.335904">
        <ele>46.0</ele>
      </trkpt>
      <trkpt lat="58.358121" lon="12.335439">
        <ele>45.7</ele>
      </trkpt>
      <trkpt lat="58.358406" lon="12.334974">
        <ele>46.1</ele>
      </trkpt>
      <trkpt lat="58.358451" lon="12.334803">
        <ele>46.1</ele>
      </trkpt>
      <trkpt lat="58.35844" lon="12.334652">
        <ele>46.1</ele>
      </trkpt>
      <trkpt lat="58.358221" lon="12.334038">
        <ele>46.0</ele>
      </trkpt>
      <trkpt lat="58.358192" lon="12.333794">
        <ele>46.0</ele>
      </trkpt>
      <trkpt lat="58.358226" lon="12.333558">
        <ele>45.9</ele>
      </trkpt>
      <trkpt lat="58.35838" lon="12.333316">
        <ele>46.0</ele>
      </trkpt>
      <trkpt lat="58.358498" lon="12.332951">
        <ele>46.5</ele>
      </trkpt>
      <trkpt lat="58.358616" lon="12.332587">
        <ele>47.0</ele>
      </trkpt>
      <trkpt lat="58.358842" lon="12.332039">
        <ele>47.1</ele>
      </trkpt>
      <trkpt lat="58.359075" lon="12.331666">
        <ele>47.0</ele>
      </trkpt>
      <trkpt lat="58.359309" lon="12.331294">
        <ele>46.7</ele>
      </trkpt>
      <trkpt lat="58.359413" lon="12.331025">
        <ele>46.6</ele>
      </trkpt>
      <trkpt lat="58.359484" lon="12.330339">
        <ele>46.6</ele>
      </trkpt>
      <trkpt lat="58.359555" lon="12.329653">
        <ele>47.1</ele>
      </trkpt>
      <trkpt lat="58.359627" lon="12.328967">
        <ele>47.6</ele>
      </trkpt>
      <trkpt lat="58.359698" lon="12.328281">
        <ele>47.6</ele>
      </trkpt>
      <trkpt lat="58.359797" lon="12.327713">
        <ele>47.1</ele>
      </trkpt>
      <trkpt lat="58.360043" lon="12.327086">
        <ele>47.0</ele>
      </trkpt>
      <trkpt lat="58.36029" lon="12.32646">
        <ele>47.2</ele>
      </trkpt>
      <trkpt lat="58.360602" lon="12.325993">
        <ele>47.0</ele>
      </trkpt>
      <trkpt lat="58.360915" lon="12.325527">
        <ele>47.0</ele>
      </trkpt>
      <trkpt lat="58.361228" lon="12.325061">
        <ele>47.5</ele>
      </trkpt>
      <trkpt lat="58.36154" lon="12.324595">
        <ele>47.0</ele>
      </trkpt>
      <trkpt lat="58.361853" lon="12.324129">
        <ele>46.2</ele>
      </trkpt>
      <trkpt lat="58.361944" lon="12.32398">
        <ele>46.1</ele>
        <name>58.361969,12.324034</name>
        <extensions>
          <oa:Extension>
            <oa:mapZoom>15</oa:mapZoom>
          </oa:Extension>
        </extensions>
      </trkpt>
      <trkpt lat="58.362081" lon="12.323755">
        <ele>46.0</ele>
      </trkpt>
      <trkpt lat="58.362308" lon="12.32338">
        <ele>46.3</ele>
      </trkpt>
      <trkpt lat="58.362536" lon="12.323006">
        <ele>46.7</ele>
      </trkpt>
      <trkpt lat="58.362858" lon="12.322769">
        <ele>47.2</ele>
      </trkpt>
      <trkpt lat="58.363159" lon="12.322381">
        <ele>47.4</ele>
      </trkpt>
      <trkpt lat="58.36346" lon="12.321992">
        <ele>47.7</ele>
      </trkpt>
      <trkpt lat="58.363731" lon="12.321561">
        <ele>47.9</ele>
      </trkpt>
      <trkpt lat="58.364002" lon="12.321131">
        <ele>48.1</ele>
      </trkpt>
      <trkpt lat="58.364123" lon="12.32065">
        <ele>47.7</ele>
      </trkpt>
      <trkpt lat="58.364263" lon="12.320366">
        <ele>47.4</ele>
      </trkpt>
      <trkpt lat="58.364541" lon="12.320056">
        <ele>47.1</ele>
      </trkpt>
      <trkpt lat="58.364796" lon="12.319772">
        <ele>46.8</ele>
      </trkpt>
      <trkpt lat="58.364924" lon="12.31966">
        <ele>46.6</ele>
      </trkpt>
      <trkpt lat="58.36503" lon="12.319505">
        <ele>46.3</ele>
      </trkpt>
      <trkpt lat="58.365076" lon="12.319468">
        <ele>46.2</ele>
      </trkpt>
      <trkpt lat="58.365298" lon="12.319294">
        <ele>45.7</ele>
      </trkpt>
      <trkpt lat="58.365571" lon="12.31908">
        <ele>45.0</ele>
      </trkpt>
      <trkpt lat="58.365671" lon="12.319045">
        <ele>44.9</ele>
      </trkpt>
      <trkpt lat="58.36576" lon="12.319061">
        <ele>44.8</ele>
      </trkpt>
      <trkpt lat="58.365896" lon="12.319137">
        <ele>45.0</ele>
      </trkpt>
      <trkpt lat="58.365995" lon="12.319067">
        <ele>44.9</ele>
      </trkpt>
      <trkpt lat="58.366338" lon="12.319076">
        <ele>45.4</ele>
      </trkpt>
      <trkpt lat="58.366681" lon="12.319085">
        <ele>45.9</ele>
      </trkpt>
      <trkpt lat="58.367024" lon="12.319095">
        <ele>46.3</ele>
      </trkpt>
      <trkpt lat="58.367346" lon="12.319006">
        <ele>46.4</ele>
      </trkpt>
      <trkpt lat="58.367488" lon="12.318936">
        <ele>46.4</ele>
        <name>58.367498,12.319013</name>
        <extensions>
          <oa:Extension>
            <oa:mapZoom>15</oa:mapZoom>
          </oa:Extension>
        </extensions>
      </trkpt>
      <trkpt lat="58.36757" lon="12.318896">
        <ele>46.4</ele>
      </trkpt>
      <trkpt lat="58.367788" lon="12.31871">
        <ele>46.6</ele>
      </trkpt>
      <trkpt lat="58.367987" lon="12.318417">
        <ele>47.0</ele>
      </trkpt>
      <trkpt lat="58.368269" lon="12.318182">
        <ele>47.5</ele>
      </trkpt>
      <trkpt lat="58.368379" lon="12.318166">
        <ele>47.6</ele>
      </trkpt>
      <trkpt lat="58.368489" lon="12.318192">
        <ele>47.8</ele>
      </trkpt>
      <trkpt lat="58.368669" lon="12.318454">
        <ele>48.2</ele>
      </trkpt>
      <trkpt lat="58.368709" lon="12.318476">
        <ele>48.2</ele>
      </trkpt>
      <trkpt lat="58.368795" lon="12.318523">
        <ele>48.1</ele>
      </trkpt>
      <trkpt lat="58.369093" lon="12.318555">
        <ele>47.5</ele>
      </trkpt>
      <trkpt lat="58.369391" lon="12.318586">
        <ele>46.5</ele>
      </trkpt>
      <trkpt lat="58.369561" lon="12.318516">
        <ele>45.4</ele>
        <name>58.369569,12.318584</name>
        <extensions>
          <oa:Extension>
            <oa:mapZoom>15</oa:mapZoom>
          </oa:Extension>
        </extensions>
      </trkpt>
      <trkpt lat="58.369601" lon="12.3185">
        <ele>45.2</ele>
      </trkpt>
      <trkpt lat="58.369739" lon="12.318504">
        <ele>44.4</ele>
      </trkpt>
      <trkpt lat="58.369982" lon="12.318626">
        <ele>43.9</ele>
      </trkpt>
      <trkpt lat="58.370225" lon="12.318748">
        <ele>43.8</ele>
      </trkpt>
      <trkpt lat="58.370532" lon="12.318844">
        <ele>44.0</ele>
      </trkpt>
      <trkpt lat="58.370735" lon="12.318986">
        <ele>44.9</ele>
      </trkpt>
      <trkpt lat="58.370897" lon="12.318961">
        <ele>45.4</ele>
      </trkpt>
      <trkpt lat="58.371183" lon="12.318805">
        <ele>47.6</ele>
      </trkpt>
      <trkpt lat="58.37147" lon="12.318649">
        <ele>50.8</ele>
      </trkpt>
      <trkpt lat="58.371591" lon="12.318268">
        <ele>51.3</ele>
      </trkpt>
      <trkpt lat="58.371617" lon="12.318081">
        <ele>50.5</ele>
      </trkpt>
      <trkpt lat="58.371615" lon="12.317801">
        <ele>48.7</ele>
      </trkpt>
      <trkpt lat="58.371619" lon="12.317481">
        <ele>46.7</ele>
      </trkpt>
      <trkpt lat="58.371692" lon="12.317305">
        <ele>46.0</ele>
      </trkpt>
      <trkpt lat="58.371818" lon="12.317211">
        <ele>46.1</ele>
      </trkpt>
      <trkpt lat="58.372084" lon="12.317175">
        <ele>47.5</ele>
      </trkpt>
      <trkpt lat="58.372364" lon="12.316964">
        <ele>48.8</ele>
      </trkpt>
      <trkpt lat="58.372503" lon="12.316825">
        <ele>49.3</ele>
      </trkpt>
      <trkpt lat="58.372716" lon="12.316649">
        <ele>49.4</ele>
      </trkpt>
      <trkpt lat="58.37293" lon="12.316473">
        <ele>48.8</ele>
      </trkpt>
      <trkpt lat="58.373062" lon="12.316442">
        <ele>48.6</ele>
      </trkpt>
      <trkpt lat="58.373107" lon="12.316458">
        <ele>48.6</ele>
        <name>58.373098,12.316549</name>
        <extensions>
          <oa:Extension>
            <oa:mapZoom>15</oa:mapZoom>
          </oa:Extension>
        </extensions>
      </trkpt>
      <trkpt lat="58.373176" lon="12.316482">
        <ele>48.6</ele>
      </trkpt>
      <trkpt lat="58.373301" lon="12.316594">
        <ele>48.8</ele>
      </trkpt>
      <trkpt lat="58.37346" lon="12.316794">
        <ele>49.2</ele>
      </trkpt>
      <trkpt lat="58.373553" lon="12.316929">
        <ele>49.5</ele>
      </trkpt>
      <trkpt lat="58.373616" lon="12.317372">
        <ele>51.2</ele>
      </trkpt>
      <trkpt lat="58.373792" lon="12.317188">
        <ele>49.9</ele>
      </trkpt>
      <trkpt lat="58.37398" lon="12.317141">
        <ele>49.2</ele>
      </trkpt>
      <trkpt lat="58.374166" lon="12.31702">
        <ele>48.6</ele>
      </trkpt>
      <trkpt lat="58.374354" lon="12.31704">
        <ele>49.2</ele>
      </trkpt>
      <trkpt lat="58.374637" lon="12.317153">
        <ele>51.1</ele>
      </trkpt>
      <trkpt lat="58.374755" lon="12.317144">
        <ele>51.7</ele>
      </trkpt>
      <trkpt lat="58.374896" lon="12.317093">
        <ele>52.2</ele>
      </trkpt>
      <trkpt lat="58.375069" lon="12.317032">
        <ele>52.5</ele>
      </trkpt>
      <trkpt lat="58.375158" lon="12.316956">
        <ele>52.5</ele>
      </trkpt>
      <trkpt lat="58.375388" lon="12.316822">
        <ele>52.5</ele>
      </trkpt>
      <trkpt lat="58.37554" lon="12.316736">
        <ele>52.5</ele>
      </trkpt>
      <trkpt lat="58.3757" lon="12.316643">
        <ele>52.1</ele>
      </trkpt>
      <trkpt lat="58.375825" lon="12.316715">
        <ele>52.2</ele>
      </trkpt>
      <trkpt lat="58.375889" lon="12.316759">
        <ele>52.1</ele>
      </trkpt>
      <trkpt lat="58.375955" lon="12.316784">
        <ele>51.9</ele>
      </trkpt>
      <trkpt lat="58.375974" lon="12.31674">
        <ele>51.7</ele>
      </trkpt>
      <trkpt lat="58.376331" lon="12.317188">
        <ele>50.2</ele>
      </trkpt>
      <trkpt lat="58.376423" lon="12.317098">
        <ele>49.4</ele>
      </trkpt>
      <trkpt lat="58.376469" lon="12.317052">
        <ele>48.9</ele>
      </trkpt>
      <trkpt lat="58.376505" lon="12.317017">
        <ele>48.6</ele>
      </trkpt>
      <trkpt lat="58.376741" lon="12.316927">
        <ele>47.4</ele>
      </trkpt>
      <trkpt lat="58.377083" lon="12.31682">
        <ele>47.0</ele>
      </trkpt>
      <trkpt lat="58.377389" lon="12.316834">
        <ele>47.3</ele>
      </trkpt>
      <trkpt lat="58.377441" lon="12.316861">
        <ele>47.3</ele>
      </trkpt>
      <trkpt lat="58.377481" lon="12.316881">
        <ele>47.3</ele>
      </trkpt>
      <trkpt lat="58.37761" lon="12.316947">
        <ele>47.3</ele>
      </trkpt>
      <trkpt lat="58.377715" lon="12.317026">
        <ele>47.3</ele>
      </trkpt>
      <trkpt lat="58.377782" lon="12.317076">
        <ele>47.3</ele>
      </trkpt>
      <trkpt lat="58.37781" lon="12.317097">
        <ele>47.3</ele>
      </trkpt>
      <trkpt lat="58.377836" lon="12.317116">
        <ele>47.3</ele>
      </trkpt>
      <trkpt lat="58.377856" lon="12.317132">
        <ele>47.2</ele>
      </trkpt>
      <trkpt lat="58.377869" lon="12.317142">
        <ele>47.2</ele>
      </trkpt>
      <trkpt lat="58.377998" lon="12.317265">
        <ele>47.1</ele>
      </trkpt>
      <trkpt lat="58.378197" lon="12.317596">
        <ele>47.1</ele>
      </trkpt>
      <trkpt lat="58.378297" lon="12.317773">
        <ele>47.2</ele>
      </trkpt>
      <trkpt lat="58.378338" lon="12.317923">
        <ele>47.3</ele>
      </trkpt>
      <trkpt lat="58.378445" lon="12.318104">
        <ele>47.5</ele>
      </trkpt>
      <trkpt lat="58.378532" lon="12.318144">
        <ele>47.5</ele>
      </trkpt>
      <trkpt lat="58.378568" lon="12.318194">
        <ele>47.6</ele>
      </trkpt>
      <trkpt lat="58.378618" lon="12.318308">
        <ele>47.8</ele>
      </trkpt>
      <trkpt lat="58.378643" lon="12.318367">
        <ele>47.9</ele>
      </trkpt>
      <trkpt lat="58.378701" lon="12.318293">
        <ele>47.7</ele>
      </trkpt>
      <trkpt lat="58.378907" lon="12.318048">
        <ele>47.8</ele>
      </trkpt>
      <trkpt lat="58.379113" lon="12.317804">
        <ele>47.8</ele>
      </trkpt>
      <trkpt lat="58.379142" lon="12.317766">
        <ele>47.9</ele>
      </trkpt>
      <trkpt lat="58.379233" lon="12.317828">
        <ele>48.0</ele>
      </trkpt>
      <trkpt lat="58.379543" lon="12.318042">
        <ele>48.6</ele>
      </trkpt>
      <trkpt lat="58.379854" lon="12.318255">
        <ele>49.6</ele>
      </trkpt>
      <trkpt lat="58.380031" lon="12.318377">
        <ele>50.1</ele>
        <name>58.380024,12.318412</name>
        <extensions>
          <oa:Extension>
            <oa:mapZoom>15</oa:mapZoom>
          </oa:Extension>
        </extensions>
      </trkpt>
      <trkpt lat="58.380164" lon="12.318469">
        <ele>50.4</ele>
      </trkpt>
      <trkpt lat="58.380506" lon="12.318704">
        <ele>51.0</ele>
      </trkpt>
      <trkpt lat="58.380849" lon="12.31894">
        <ele>50.7</ele>
      </trkpt>
      <trkpt lat="58.381191" lon="12.319175">
        <ele>48.1</ele>
      </trkpt>
      <trkpt lat="58.381272" lon="12.319231">
        <ele>47.3</ele>
      </trkpt>
      <trkpt lat="58.381354" lon="12.318644">
        <ele>46.2</ele>
      </trkpt>
      <trkpt lat="58.381436" lon="12.318058">
        <ele>45.5</ele>
      </trkpt>
      <trkpt lat="58.381518" lon="12.317472">
        <ele>45.6</ele>
      </trkpt>
      <trkpt lat="58.381606" lon="12.316886">
        <ele>46.0</ele>
      </trkpt>
      <trkpt lat="58.381723" lon="12.316068">
        <ele>47.5</ele>
      </trkpt>
      <trkpt lat="58.381841" lon="12.315251">
        <ele>49.0</ele>
      </trkpt>
      <trkpt lat="58.381958" lon="12.314433">
        <ele>50.5</ele>
      </trkpt>
      <trkpt lat="58.382054" lon="12.31376">
        <ele>51.7</ele>
        <name>58.382086,12.313777</name>
        <extensions>
          <oa:Extension>
            <oa:mapZoom>15</oa:mapZoom>
          </oa:Extension>
        </extensions>
      </trkpt>
      <trkpt lat="58.382075" lon="12.313616">
        <ele>52.0</ele>
      </trkpt>
      <trkpt lat="58.382192" lon="12.312798">
        <ele>53.5</ele>
      </trkpt>
      <trkpt lat="58.38231" lon="12.311981">
        <ele>55.0</ele>
      </trkpt>
      <trkpt lat="58.382427" lon="12.311163">
        <ele>56.5</ele>
      </trkpt>
      <trkpt lat="58.382544" lon="12.310346">
        <ele>58.0</ele>
      </trkpt>
      <trkpt lat="58.382661" lon="12.309528">
        <ele>59.5</ele>
      </trkpt>
      <trkpt lat="58.382778" lon="12.308711">
        <ele>61.0</ele>
      </trkpt>
      <trkpt lat="58.382854" lon="12.308197">
        <ele>61.9</ele>
      </trkpt>
      <trkpt lat="58.382929" lon="12.307684">
        <ele>62.8</ele>
      </trkpt>
      <trkpt lat="58.383041" lon="12.306878">
        <ele>64.3</ele>
      </trkpt>
      <trkpt lat="58.383074" lon="12.306295">
        <ele>63.6</ele>
      </trkpt>
      <trkpt lat="58.383192" lon="12.305629">
        <ele>61.9</ele>
      </trkpt>
      <trkpt lat="58.383234" lon="12.305605">
        <ele>61.8</ele>
      </trkpt>
      <trkpt lat="58.383269" lon="12.305584">
        <ele>61.7</ele>
      </trkpt>
      <trkpt lat="58.383294" lon="12.3055">
        <ele>61.5</ele>
      </trkpt>
      <trkpt lat="58.383332" lon="12.305542">
        <ele>61.5</ele>
      </trkpt>
      <trkpt lat="58.383374" lon="12.305518">
        <ele>61.4</ele>
      </trkpt>
      <trkpt lat="58.383492" lon="12.305675">
        <ele>61.6</ele>
      </trkpt>
      <trkpt lat="58.383663" lon="12.305948">
        <ele>62.1</ele>
      </trkpt>
      <trkpt lat="58.383872" lon="12.306283">
        <ele>63.1</ele>
      </trkpt>
      <trkpt lat="58.383894" lon="12.306319">
        <ele>63.2</ele>
        <name>58.383914,12.306275</name>
        <extensions>
          <oa:Extension>
            <oa:mapZoom>15</oa:mapZoom>
          </oa:Extension>
        </extensions>
      </trkpt>
    </trkseg>
  </trk>
</gpx>