osm_id,osm_url,name,lat,lon,tourism,amenity,building,route_distance_m,note:osm_route_relation,relation_status,proposal_note
node/2585557211,https://www.openstreetmap.org/node/2585557211,STF Östersund Ledkrysset Vandrarhem,63.1781932,14.6457054,hostel,,,1.4,10524322,missing,Proposed: add as member of relation 10524322 (St. Olavsleden). Do not modify existing members of relation 10524322 (St. Olavsleden). Research aid only. Existing OSM object: node/2585557211.
node/3815442185,https://www.openstreetmap.org/node/3815442185,Sörbygården,63.0967550,14.7913972,guest_house,,,1.6,10524322,missing,Proposed: add as member of relation 10524322 (St. Olavsleden). Do not modify existing members of relation 10524322 (St. Olavsleden). Research aid only. Existing OSM object: node/3815442185.
node/3523833707,https://www.openstreetmap.org/node/3523833707,Hussborgs herrgård,62.4973086,16.0175937,hotel,,,3.0,10524322,missing,Proposed: add as member of relation 10524322 (St. Olavsleden). Do not modify existing members of relation 10524322 (St. Olavsleden). Research aid only. Existing OSM object: node/3523833707.
node/13267585089,https://www.openstreetmap.org/node/13267585089,Hållandsgårdens Pilgrimsstuga,63.3164312,13.3526166,wilderness_hut,,,3.6,10524322,missing,Proposed: add as member of relation 10524322 (St. Olavsleden). Do not modify existing members of relation 10524322 (St. Olavsleden). Research aid only. Existing OSM object: node/13267585089.
node/8260089908,https://www.openstreetmap.org/node/8260089908,Erikbu,63.3817307,10.7357001,,shelter,,3.8,10524322,missing,Proposed: add as member of relation 10524322 (St. Olavsleden). Do not modify existing members of relation 10524322 (St. Olavsleden). Research aid only. Existing OSM object: node/8260089908.
node/13590708417,https://www.openstreetmap.org/node/13590708417,Gårdhuset Vandrarhem,63.3162018,13.2365938,hostel,,,4.2,10524322,missing,Proposed: add as member of relation 10524322 (St. Olavsleden). Do not modify existing members of relation 10524322 (St. Olavsleden). Research aid only. Existing OSM object: node/13590708417.
way/214356720,https://www.openstreetmap.org/way/214356720,,63.3975299,12.9197429,chalet,,yes,4.6,10524322,missing,Proposed: add as member of relation 10524322 (St. Olavsleden). Do not modify existing members of relation 10524322 (St. Olavsleden). Research aid only. Existing OSM object: way/214356720.
node/2549551944,https://www.openstreetmap.org/node/2549551944,,63.1620336,14.6573183,hostel,,,4.8,10524322,missing,Proposed: add as member of relation 10524322 (St. Olavsleden). Do not modify existing members of relation 10524322 (St. Olavsleden). Research aid only. Existing OSM object: node/2549551944.
node/11818550599,https://www.openstreetmap.org/node/11818550599,Camp Östbacken,63.4070125,13.8122273,camp_site,,,5.1,10524322,missing,Proposed: add as member of relation 10524322 (St. Olavsleden). Do not modify existing members of relation 10524322 (St. Olavsleden). Research aid only. Existing OSM object: node/11818550599.
way/1060280800,https://www.openstreetmap.org/way/1060280800,,63.6422986,12.1548579,,shelter,yes,5.9,10524322,missing,Proposed: add as member of relation 10524322 (St. Olavsleden). Do not modify existing members of relation 10524322 (St. Olavsleden). Research aid only. Existing OSM object: way/1060280800.
way/605741152,https://www.openstreetmap.org/way/605741152,Millestgården,63.3924974,12.8743455,hotel,,yes,6.0,10524322,missing,Proposed: add as member of relation 10524322 (St. Olavsleden). Do not modify existing members of relation 10524322 (St. Olavsleden). Research aid only. Existing OSM object: way/605741152.
node/6817570380,https://www.openstreetmap.org/node/6817570380,Munkeby Herberge,63.7239602,11.3836920,guest_house,,,6.8,10524322,missing,Proposed: add as member of relation 10524322 (St. Olavsleden). Do not modify existing members of relation 10524322 (St. Olavsleden). Research aid only. Existing OSM object: node/6817570380.
node/922674322,https://www.openstreetmap.org/node/922674322,Sundsvall City Hotel,62.3913948,17.3106579,hotel,,,7.4,10524322,missing,Proposed: add as member of relation 10524322 (St. Olavsleden). Do not modify existing members of relation 10524322 (St. Olavsleden). Research aid only. Existing OSM object: node/922674322.
node/4236193150,https://www.openstreetmap.org/node/4236193150,Hållandsgården,63.3215436,13.3609364,hotel,,,7.8,10524322,missing,Proposed: add as member of relation 10524322 (St. Olavsleden). Do not modify existing members of relation 10524322 (St. Olavsleden). Research aid only. Existing OSM object: node/4236193150.
node/470641814,https://www.openstreetmap.org/node/470641814,Hotel Emma,63.1781616,14.6370711,hotel,,,8.1,10524322,missing,Proposed: add as member of relation 10524322 (St. Olavsleden). Do not modify existing members of relation 10524322 (St. Olavsleden). Research aid only. Existing OSM object: node/470641814.
way/84947237,https://www.openstreetmap.org/way/84947237,Hotel Knaust,62.3905156,17.3110391,hotel,,yes,8.1,10524322,missing,Proposed: add as member of relation 10524322 (St. Olavsleden). Do not modify existing members of relation 10524322 (St. Olavsleden). Research aid only. Existing OSM object: way/84947237.
node/13156999342,https://www.openstreetmap.org/node/13156999342,Åre Bed & Breakfast,63.3973079,13.0912930,guest_house,,,8.1,10524322,missing,Proposed: add as member of relation 10524322 (St. Olavsleden). Do not modify existing members of relation 10524322 (St. Olavsleden). Research aid only. Existing OSM object: node/13156999342.
way/566346522,https://www.openstreetmap.org/way/566346522,Åre Fjällsätra,63.3172237,13.2369781,hotel,,yes,9.4,10524322,missing,Proposed: add as member of relation 10524322 (St. Olavsleden). Do not modify existing members of relation 10524322 (St. Olavsleden). Research aid only. Existing OSM object: way/566346522.
node/2973471469,https://www.openstreetmap.org/node/2973471469,,63.3753105,14.0198732,picnic_site,,,9.8,10524322,missing,Proposed: add as member of relation 10524322 (St. Olavsleden). Do not modify existing members of relation 10524322 (St. Olavsleden). Research aid only. Existing OSM object: node/2973471469.
node/6566674939,https://www.openstreetmap.org/node/6566674939,Hellberg herberge,63.6323464,10.8116949,hostel,,,10.9,10524322,missing,Proposed: add as member of relation 10524322 (St. Olavsleden). Do not modify existing members of relation 10524322 (St. Olavsleden). Research aid only. Existing OSM object: node/6566674939.
way/1039106465,https://www.openstreetmap.org/way/1039106465,RUMI Hostel,63.4336748,10.4245115,hostel,,hostel,11.0,10524322,missing,Proposed: add as member of relation 10524322 (St. Olavsleden). Do not modify existing members of relation 10524322 (St. Olavsleden). Research aid only. Existing OSM object: way/1039106465.
node/12825373745,https://www.openstreetmap.org/node/12825373745,,63.7013946,11.8959668,,shelter,,11.2,10524322,missing,Proposed: add as member of relation 10524322 (St. Olavsleden). Do not modify existing members of relation 10524322 (St. Olavsleden). Research aid only. Existing OSM object: node/12825373745.
node/7125728819,https://www.openstreetmap.org/node/7125728819,,63.3256245,12.0915699,,shelter,,12.0,10524322,missing,Proposed: add as member of relation 10524322 (St. Olavsleden). Do not modify existing members of relation 10524322 (St. Olavsleden). Research aid only. Existing OSM object: node/7125728819.
way/264808078,https://www.openstreetmap.org/way/264808078,Teveltunet Fjellstue,63.3349139,12.0367856,alpine_hut,,hotel,12.0,10524322,missing,Proposed: add as member of relation 10524322 (St. Olavsleden). Do not modify existing members of relation 10524322 (St. Olavsleden). Research aid only. Existing OSM object: way/264808078.
node/4558676301,https://www.openstreetmap.org/node/4558676301,,63.1832949,14.5903155,,shelter,,12.4,10524322,missing,Proposed: add as member of relation 10524322 (St. Olavsleden). Do not modify existing members of relation 10524322 (St. Olavsleden). Research aid only. Existing OSM object: node/4558676301.
node/1589636954,https://www.openstreetmap.org/node/1589636954,Kulltjärn,63.0973173,14.4824791,,shelter,,12.6,10524322,missing,Proposed: add as member of relation 10524322 (St. Olavsleden). Do not modify existing members of relation 10524322 (St. Olavsleden). Research aid only. Existing OSM object: node/1589636954.
way/1410513722,https://www.openstreetmap.org/way/1410513722,Kvilbekken,63.6424003,12.1548557,picnic_site,,,14.7,10524322,missing,Proposed: add as member of relation 10524322 (St. Olavsleden). Do not modify existing members of relation 10524322 (St. Olavsleden). Research aid only. Existing OSM object: way/1410513722.
node/6817570375,https://www.openstreetmap.org/node/6817570375,Troset gård,63.6306155,11.3236696,apartment,,,16.0,10524322,missing,Proposed: add as member of relation 10524322 (St. Olavsleden). Do not modify existing members of relation 10524322 (St. Olavsleden). Research aid only. Existing OSM object: node/6817570375.
node/4575287793,https://www.openstreetmap.org/node/4575287793,Åre Fjällsätra,63.3173221,13.2370239,hotel,restaurant,,16.4,10524322,missing,Proposed: add as member of relation 10524322 (St. Olavsleden). Do not modify existing members of relation 10524322 (St. Olavsleden). Research aid only. Existing OSM object: node/4575287793.
node/5678268634,https://www.openstreetmap.org/node/5678268634,,63.0907856,14.7480458,,shelter,,16.7,10524322,missing,Proposed: add as member of relation 10524322 (St. Olavsleden). Do not modify existing members of relation 10524322 (St. Olavsleden). Research aid only. Existing OSM object: node/5678268634.
way/214356676,https://www.openstreetmap.org/way/214356676,,63.3975869,12.9193286,chalet,,yes,17.1,10524322,missing,Proposed: add as member of relation 10524322 (St. Olavsleden). Do not modify existing members of relation 10524322 (St. Olavsleden). Research aid only. Existing OSM object: way/214356676.
node/560417202,https://www.openstreetmap.org/node/560417202,Quality Hotel Sundsvall,62.3863142,17.3070260,hotel,,,17.4,10524322,missing,Proposed: add as member of relation 10524322 (St. Olavsleden). Do not modify existing members of relation 10524322 (St. Olavsleden). Research aid only. Existing OSM object: node/560417202.
way/1309939669,https://www.openstreetmap.org/way/1309939669,STF Södergården Vandrarhem Åre,63.3159766,13.2747967,hostel,,yes,17.5,10524322,missing,Proposed: add as member of relation 10524322 (St. Olavsleden). Do not modify existing members of relation 10524322 (St. Olavsleden). Research aid only. Existing OSM object: way/1309939669.
node/14027350576,https://www.openstreetmap.org/node/14027350576,,63.1795962,14.6300748,picnic_site,,,17.8,10524322,missing,Proposed: add as member of relation 10524322 (St. Olavsleden). Do not modify existing members of relation 10524322 (St. Olavsleden). Research aid only. Existing OSM object: node/14027350576.
way/214356713,https://www.openstreetmap.org/way/214356713,,63.3974270,12.9194067,chalet,,yes,18.5,10524322,missing,Proposed: add as member of relation 10524322 (St. Olavsleden). Do not modify existing members of relation 10524322 (St. Olavsleden). Research aid only. Existing OSM object: way/214356713.
node/13945719601,https://www.openstreetmap.org/node/13945719601,,63.4767246,11.0318175,,shelter,,18.7,10524322,missing,Proposed: add as member of relation 10524322 (St. Olavsleden). Do not modify existing members of relation 10524322 (St. Olavsleden). Research aid only. Existing OSM object: node/13945719601.
node/3167575073,https://www.openstreetmap.org/node/3167575073,,63.1703706,14.5638675,,shelter,,19.0,10524322,missing,Proposed: add as member of relation 10524322 (St. Olavsleden). Do not modify existing members of relation 10524322 (St. Olavsleden). Research aid only. Existing OSM object: node/3167575073.
way/236640561,https://www.openstreetmap.org/way/236640561,Scandic Stiklestad,63.7958067,11.5627671,hotel,,civic,19.5,10524322,missing,Proposed: add as member of relation 10524322 (St. Olavsleden). Do not modify existing members of relation 10524322 (St. Olavsleden). Research aid only. Existing OSM object: way/236640561.
node/1591017025,https://www.openstreetmap.org/node/1591017025,,63.1728146,14.6554434,,shelter,,20.6,10524322,missing,Proposed: add as member of relation 10524322 (St. Olavsleden). Do not modify existing members of relation 10524322 (St. Olavsleden). Research aid only. Existing OSM object: node/1591017025.
node/4557813979,https://www.openstreetmap.org/node/4557813979,,63.0749039,14.8219430,,shelter,,21.3,10524322,missing,Proposed: add as member of relation 10524322 (St. Olavsleden). Do not modify existing members of relation 10524322 (St. Olavsleden). Research aid only. Existing OSM object: node/4557813979.
node/777011487,https://www.openstreetmap.org/node/777011487,,63.1539410,14.4239795,picnic_site,,,21.5,10524322,missing,Proposed: add as member of relation 10524322 (St. Olavsleden). Do not modify existing members of relation 10524322 (St. Olavsleden). Research aid only. Existing OSM object: node/777011487.
node/6326932246,https://www.openstreetmap.org/node/6326932246,,62.9134280,14.3372709,,shelter,,23.3,10524322,missing,Proposed: add as member of relation 10524322 (St. Olavsleden). Do not modify existing members of relation 10524322 (St. Olavsleden). Research aid only. Existing OSM object: node/6326932246.
way/142795115,https://www.openstreetmap.org/way/142795115,Jämtkrogen,62.7543287,15.4173081,hotel,,yes,23.5,10524322,missing,Proposed: add as member of relation 10524322 (St. Olavsleden). Do not modify existing members of relation 10524322 (St. Olavsleden). Research aid only. Existing OSM object: way/142795115.
node/6341216841,https://www.openstreetmap.org/node/6341216841,,63.3077439,13.6637293,,shelter,,24.7,10524322,missing,Proposed: add as member of relation 10524322 (St. Olavsleden). Do not modify existing members of relation 10524322 (St. Olavsleden). Research aid only. Existing OSM object: node/6341216841.
node/13960824037,https://www.openstreetmap.org/node/13960824037,Ådalsvollen Retreat,63.6643301,12.0557736,chalet,,,26.1,10524322,missing,Proposed: add as member of relation 10524322 (St. Olavsleden). Do not modify existing members of relation 10524322 (St. Olavsleden). Research aid only. Existing OSM object: node/13960824037.
way/1233653937,https://www.openstreetmap.org/way/1233653937,Öyegården,62.5435216,15.8590985,guest_house,,yes,26.5,10524322,missing,Proposed: add as member of relation 10524322 (St. Olavsleden). Do not modify existing members of relation 10524322 (St. Olavsleden). Research aid only. Existing OSM object: way/1233653937.
node/7125248169,https://www.openstreetmap.org/node/7125248169,Frösön Vindskydd,63.1886864,14.4539904,,shelter,,26.7,10524322,missing,Proposed: add as member of relation 10524322 (St. Olavsleden). Do not modify existing members of relation 10524322 (St. Olavsleden). Research aid only. Existing OSM object: node/7125248169.
node/3465563513,https://www.openstreetmap.org/node/3465563513,Tossöknippen,63.3384641,13.4509139,,shelter,,27.0,10524322,missing,Proposed: add as member of relation 10524322 (St. Olavsleden). Do not modify existing members of relation 10524322 (St. Olavsleden). Research aid only. Existing OSM object: node/3465563513.
node/5678268644,https://www.openstreetmap.org/node/5678268644,,63.0839444,14.7555345,,shelter,,27.1,10524322,missing,Proposed: add as member of relation 10524322 (St. Olavsleden). Do not modify existing members of relation 10524322 (St. Olavsleden). Research aid only. Existing OSM object: node/5678268644.
node/3161686731,https://www.openstreetmap.org/node/3161686731,Svartsjöstugan,63.1616179,14.6620051,,shelter,,27.3,10524322,missing,Proposed: add as member of relation 10524322 (St. Olavsleden). Do not modify existing members of relation 10524322 (St. Olavsleden). Research aid only. Existing OSM object: node/3161686731.
node/12568786545,https://www.openstreetmap.org/node/12568786545,Torpsjön lägerplats,62.4930850,16.1700270,,shelter,,28.1,10524322,missing,Proposed: add as member of relation 10524322 (St. Olavsleden). Do not modify existing members of relation 10524322 (St. Olavsleden). Research aid only. Existing OSM object: node/12568786545.
way/107975375,https://www.openstreetmap.org/way/107975375,Quality Hotel Frösö Park,63.1921255,14.4871548,hotel,,hotel,28.2,10524322,missing,Proposed: add as member of relation 10524322 (St. Olavsleden). Do not modify existing members of relation 10524322 (St. Olavsleden). Research aid only. Existing OSM object: way/107975375.
node/14086452092,https://www.openstreetmap.org/node/14086452092,Stiklestad pilegrimssenter,63.7959636,11.5619465,information,,,30.1,10524322,missing,Proposed: add as member of relation 10524322 (St. Olavsleden). Do not modify existing members of relation 10524322 (St. Olavsleden). Research aid only. Existing OSM object: node/14086452092.
node/4557813925,https://www.openstreetmap.org/node/4557813925,,63.0766112,14.8244967,,shelter,,31.3,10524322,missing,Proposed: add as member of relation 10524322 (St. Olavsleden). Do not modify existing members of relation 10524322 (St. Olavsleden). Research aid only. Existing OSM object: node/4557813925.
way/1076358807,https://www.openstreetmap.org/way/1076358807,,63.4314675,10.4770065,,shelter,yes,31.4,10524322,missing,Proposed: add as member of relation 10524322 (St. Olavsleden). Do not modify existing members of relation 10524322 (St. Olavsleden). Research aid only. Existing OSM object: way/1076358807.
way/1076358810,https://www.openstreetmap.org/way/1076358810,,63.4318748,10.4761938,,shelter,yes,31.7,10524322,missing,Proposed: add as member of relation 10524322 (St. Olavsleden). Do not modify existing members of relation 10524322 (St. Olavsleden). Research aid only. Existing OSM object: way/1076358810.
node/4554562655,https://www.openstreetmap.org/node/4554562655,,63.0859653,14.4372638,,shelter,,31.7,10524322,missing,Proposed: add as member of relation 10524322 (St. Olavsleden). Do not modify existing members of relation 10524322 (St. Olavsleden). Research aid only. Existing OSM object: node/4554562655.
node/1308939754,https://www.openstreetmap.org/node/1308939754,,62.8735053,15.3352871,,shelter,,32.0,10524322,missing,Proposed: add as member of relation 10524322 (St. Olavsleden). Do not modify existing members of relation 10524322 (St. Olavsleden). Research aid only. Existing OSM object: node/1308939754.
node/3151262784,https://www.openstreetmap.org/node/3151262784,,63.1955586,14.4572964,,shelter,,32.4,10524322,missing,Proposed: add as member of relation 10524322 (St. Olavsleden). Do not modify existing members of relation 10524322 (St. Olavsleden). Research aid only. Existing OSM object: node/3151262784.
node/599687094,https://www.openstreetmap.org/node/599687094,Björknäsgården,62.8054630,15.3527969,hotel,restaurant,,32.5,10524322,missing,Proposed: add as member of relation 10524322 (St. Olavsleden). Do not modify existing members of relation 10524322 (St. Olavsleden). Research aid only. Existing OSM object: node/599687094.
way/213883422,https://www.openstreetmap.org/way/213883422,,63.2378989,12.9720099,,shelter,cabin,32.8,10524322,missing,Proposed: add as member of relation 10524322 (St. Olavsleden). Do not modify existing members of relation 10524322 (St. Olavsleden). Research aid only. Existing OSM object: way/213883422.
node/4557813802,https://www.openstreetmap.org/node/4557813802,,63.0823105,14.8226054,,shelter,,33.0,10524322,missing,Proposed: add as member of relation 10524322 (St. Olavsleden). Do not modify existing members of relation 10524322 (St. Olavsleden). Research aid only. Existing OSM object: node/4557813802.
node/4558612430,https://www.openstreetmap.org/node/4558612430,,63.1907473,14.4933918,,shelter,,33.8,10524322,missing,Proposed: add as member of relation 10524322 (St. Olavsleden). Do not modify existing members of relation 10524322 (St. Olavsleden). Research aid only. Existing OSM object: node/4558612430.
node/3161686728,https://www.openstreetmap.org/node/3161686728,Svartsjöstugan,63.1533882,14.6907175,,shelter,,35.4,10524322,missing,Proposed: add as member of relation 10524322 (St. Olavsleden). Do not modify existing members of relation 10524322 (St. Olavsleden). Research aid only. Existing OSM object: node/3161686728.
way/214356682,https://www.openstreetmap.org/way/214356682,,63.3975322,12.9189490,chalet,,yes,35.5,10524322,missing,Proposed: add as member of relation 10524322 (St. Olavsleden). Do not modify existing members of relation 10524322 (St. Olavsleden). Research aid only. Existing OSM object: way/214356682.
node/1574125380,https://www.openstreetmap.org/node/1574125380,,63.1720473,14.5822421,,shelter,,36.1,10524322,missing,Proposed: add as member of relation 10524322 (St. Olavsleden). Do not modify existing members of relation 10524322 (St. Olavsleden). Research aid only. Existing OSM object: node/1574125380.
node/5055484423,https://www.openstreetmap.org/node/5055484423,,63.3740910,13.1611410,picnic_site,,,36.2,10524322,missing,Proposed: add as member of relation 10524322 (St. Olavsleden). Do not modify existing members of relation 10524322 (St. Olavsleden). Research aid only. Existing OSM object: node/5055484423.
node/6817588289,https://www.openstreetmap.org/node/6817588289,Laberget leirsted,63.7063027,11.1364755,guest_house,,,37.2,10524322,missing,Proposed: add as member of relation 10524322 (St. Olavsleden). Do not modify existing members of relation 10524322 (St. Olavsleden). Research aid only. Existing OSM object: node/6817588289.
node/5678268608,https://www.openstreetmap.org/node/5678268608,,63.1075606,14.7346750,,shelter,,38.5,10524322,missing,Proposed: add as member of relation 10524322 (St. Olavsleden). Do not modify existing members of relation 10524322 (St. Olavsleden). Research aid only. Existing OSM object: node/5678268608.
node/3171238780,https://www.openstreetmap.org/node/3171238780,,63.1624780,14.6532378,,shelter,,38.6,10524322,missing,Proposed: add as member of relation 10524322 (St. Olavsleden). Do not modify existing members of relation 10524322 (St. Olavsleden). Research aid only. Existing OSM object: node/3171238780.
node/4552988038,https://www.openstreetmap.org/node/4552988038,,62.9702704,14.4870898,,shelter,,38.7,10524322,missing,Proposed: add as member of relation 10524322 (St. Olavsleden). Do not modify existing members of relation 10524322 (St. Olavsleden). Research aid only. Existing OSM object: node/4552988038.
node/4557813769,https://www.openstreetmap.org/node/4557813769,,63.0958311,14.8001998,,shelter,,38.8,10524322,missing,Proposed: add as member of relation 10524322 (St. Olavsleden). Do not modify existing members of relation 10524322 (St. Olavsleden). Research aid only. Existing OSM object: node/4557813769.
node/1751673706,https://www.openstreetmap.org/node/1751673706,Torpshammars herrgård,62.4716514,16.3315784,guest_house,,,38.8,10524322,missing,Proposed: add as member of relation 10524322 (St. Olavsleden). Do not modify existing members of relation 10524322 (St. Olavsleden). Research aid only. Existing OSM object: node/1751673706.
way/214356686,https://www.openstreetmap.org/way/214356686,,63.3977228,12.9189811,chalet,,yes,39.0,10524322,missing,Proposed: add as member of relation 10524322 (St. Olavsleden). Do not modify existing members of relation 10524322 (St. Olavsleden). Research aid only. Existing OSM object: way/214356686.
node/5055492424,https://www.openstreetmap.org/node/5055492424,,63.3736860,13.1617260,picnic_site,,,39.6,10524322,missing,Proposed: add as member of relation 10524322 (St. Olavsleden). Do not modify existing members of relation 10524322 (St. Olavsleden). Research aid only. Existing OSM object: node/5055492424.
way/214356709,https://www.openstreetmap.org/way/214356709,,63.3973083,12.9190453,chalet,,yes,40.6,10524322,missing,Proposed: add as member of relation 10524322 (St. Olavsleden). Do not modify existing members of relation 10524322 (St. Olavsleden). Research aid only. Existing OSM object: way/214356709.
node/503277851,https://www.openstreetmap.org/node/503277851,Camp Midadventure,62.4802056,16.2962423,camp_site,,,40.6,10524322,missing,Proposed: add as member of relation 10524322 (St. Olavsleden). Do not modify existing members of relation 10524322 (St. Olavsleden). Research aid only. Existing OSM object: node/503277851.
node/1574125341,https://www.openstreetmap.org/node/1574125341,,63.1720614,14.5820273,,shelter,,40.8,10524322,missing,Proposed: add as member of relation 10524322 (St. Olavsleden). Do not modify existing members of relation 10524322 (St. Olavsleden). Research aid only. Existing OSM object: node/1574125341.
node/12234977964,https://www.openstreetmap.org/node/12234977964,Duved Station,63.3899458,12.9173385,,shelter,,40.9,10524322,missing,Proposed: add as member of relation 10524322 (St. Olavsleden). Do not modify existing members of relation 10524322 (St. Olavsleden). Research aid only. Existing OSM object: node/12234977964.
node/13960824038,https://www.openstreetmap.org/node/13960824038,Ådalsvollen Pilegrimlodge,63.6645985,12.0555496,guest_house,,,41.0,10524322,missing,Proposed: add as member of relation 10524322 (St. Olavsleden). Do not modify existing members of relation 10524322 (St. Olavsleden). Research aid only. Existing OSM object: node/13960824038.
node/3149531493,https://www.openstreetmap.org/node/3149531493,,63.1852091,14.4682385,,shelter,,41.2,10524322,missing,Proposed: add as member of relation 10524322 (St. Olavsleden). Do not modify existing members of relation 10524322 (St. Olavsleden). Research aid only. Existing OSM object: node/3149531493.
node/821049387,https://www.openstreetmap.org/node/821049387,Ernstkumlet,63.3273840,12.0763947,,shelter,,41.2,10524322,missing,Proposed: add as member of relation 10524322 (St. Olavsleden). Do not modify existing members of relation 10524322 (St. Olavsleden). Research aid only. Existing OSM object: node/821049387.
node/12048068480,https://www.openstreetmap.org/node/12048068480,,62.7594567,15.4715455,,shelter,,41.7,10524322,missing,Proposed: add as member of relation 10524322 (St. Olavsleden). Do not modify existing members of relation 10524322 (St. Olavsleden). Research aid only. Existing OSM object: node/12048068480.
node/3171238783,https://www.openstreetmap.org/node/3171238783,,63.1626249,14.6532219,,shelter,,42.1,10524322,missing,Proposed: add as member of relation 10524322 (St. Olavsleden). Do not modify existing members of relation 10524322 (St. Olavsleden). Research aid only. Existing OSM object: node/3171238783.
node/6944358233,https://www.openstreetmap.org/node/6944358233,,63.0759750,14.8246456,,shelter,,42.2,10524322,missing,Proposed: add as member of relation 10524322 (St. Olavsleden). Do not modify existing members of relation 10524322 (St. Olavsleden). Research aid only. Existing OSM object: node/6944358233.
node/1269745390,https://www.openstreetmap.org/node/1269745390,,63.2758646,13.8920340,,shelter,,42.9,10524322,missing,Proposed: add as member of relation 10524322 (St. Olavsleden). Do not modify existing members of relation 10524322 (St. Olavsleden). Research aid only. Existing OSM object: node/1269745390.
node/13650713286,https://www.openstreetmap.org/node/13650713286,,62.9623960,15.1306118,,shelter,,43.4,10524322,missing,Proposed: add as member of relation 10524322 (St. Olavsleden). Do not modify existing members of relation 10524322 (St. Olavsleden). Research aid only. Existing OSM object: node/13650713286.
node/2410403519,https://www.openstreetmap.org/node/2410403519,Vindskydd,62.5758765,15.9859308,,shelter,,43.5,10524322,missing,Proposed: add as member of relation 10524322 (St. Olavsleden). Do not modify existing members of relation 10524322 (St. Olavsleden). Research aid only. Existing OSM object: node/2410403519.
way/1388568170,https://www.openstreetmap.org/way/1388568170,,63.4440733,10.4583837,,shelter,yes,43.6,10524322,missing,Proposed: add as member of relation 10524322 (St. Olavsleden). Do not modify existing members of relation 10524322 (St. Olavsleden). Research aid only. Existing OSM object: way/1388568170.
node/1416160180,https://www.openstreetmap.org/node/1416160180,Oxmelsviken,63.1587798,14.4348184,,shelter,,43.6,10524322,missing,Proposed: add as member of relation 10524322 (St. Olavsleden). Do not modify existing members of relation 10524322 (St. Olavsleden). Research aid only. Existing OSM object: node/1416160180.
way/185375502,https://www.openstreetmap.org/way/185375502,Värmestuga,63.4146039,13.0363872,,shelter,yes,43.8,10524322,missing,Proposed: add as member of relation 10524322 (St. Olavsleden). Do not modify existing members of relation 10524322 (St. Olavsleden). Research aid only. Existing OSM object: way/185375502.
node/12644047067,https://www.openstreetmap.org/node/12644047067,,62.5828061,15.7627613,,shelter,,43.9,10524322,missing,Proposed: add as member of relation 10524322 (St. Olavsleden). Do not modify existing members of relation 10524322 (St. Olavsleden). Research aid only. Existing OSM object: node/12644047067.
node/3725326689,https://www.openstreetmap.org/node/3725326689,,63.1218271,14.7337684,,shelter,,44.2,10524322,missing,Proposed: add as member of relation 10524322 (St. Olavsleden). Do not modify existing members of relation 10524322 (St. Olavsleden). Research aid only. Existing OSM object: node/3725326689.
node/5678268570,https://www.openstreetmap.org/node/5678268570,,63.1246170,14.6953055,,shelter,,44.3,10524322,missing,Proposed: add as member of relation 10524322 (St. Olavsleden). Do not modify existing members of relation 10524322 (St. Olavsleden). Research aid only. Existing OSM object: node/5678268570.
node/4558611075,https://www.openstreetmap.org/node/4558611075,,63.1685731,14.6045004,,shelter,,44.6,10524322,missing,Proposed: add as member of relation 10524322 (St. Olavsleden). Do not modify existing members of relation 10524322 (St. Olavsleden). Research aid only. Existing OSM object: node/4558611075.
node/4557813706,https://www.openstreetmap.org/node/4557813706,,63.1298693,14.7674043,,shelter,,45.5,10524322,missing,Proposed: add as member of relation 10524322 (St. Olavsleden). Do not modify existing members of relation 10524322 (St. Olavsleden). Research aid only. Existing OSM object: node/4557813706.
node/3161686735,https://www.openstreetmap.org/node/3161686735,Svartsjöstugan,63.1618934,14.6619077,,shelter,,46.0,10524322,missing,Proposed: add as member of relation 10524322 (St. Olavsleden). Do not modify existing members of relation 10524322 (St. Olavsleden). Research aid only. Existing OSM object: node/3161686735.
node/4558467475,https://www.openstreetmap.org/node/4558467475,,63.1606335,14.6654670,,shelter,,46.2,10524322,missing,Proposed: add as member of relation 10524322 (St. Olavsleden). Do not modify existing members of relation 10524322 (St. Olavsleden). Research aid only. Existing OSM object: node/4558467475.
node/339314756,https://www.openstreetmap.org/node/339314756,Vandrarhem Are,63.3449025,13.2053622,hostel,,,47.0,10524322,missing,Proposed: add as member of relation 10524322 (St. Olavsleden). Do not modify existing members of relation 10524322 (St. Olavsleden). Research aid only. Existing OSM object: node/339314756.
way/108045820,https://www.openstreetmap.org/way/108045820,Östersunds camping,63.1603996,14.6776436,camp_site,,,47.1,10524322,missing,Proposed: add as member of relation 10524322 (St. Olavsleden). Do not modify existing members of relation 10524322 (St. Olavsleden). Research aid only. Existing OSM object: way/108045820.
way/196895136,https://www.openstreetmap.org/way/196895136,,63.1700160,14.5379252,chalet,,yes,47.5,10524322,missing,Proposed: add as member of relation 10524322 (St. Olavsleden). Do not modify existing members of relation 10524322 (St. Olavsleden). Research aid only. Existing OSM object: way/196895136.
node/8541085449,https://www.openstreetmap.org/node/8541085449,Grillplats,62.9223683,14.5242098,,shelter,,47.7,10524322,missing,Proposed: add as member of relation 10524322 (St. Olavsleden). Do not modify existing members of relation 10524322 (St. Olavsleden). Research aid only. Existing OSM object: node/8541085449.
node/3149531454,https://www.openstreetmap.org/node/3149531454,Kungsgårdsviken,63.1848171,14.4666933,,shelter,,47.8,10524322,missing,Proposed: add as member of relation 10524322 (St. Olavsleden). Do not modify existing members of relation 10524322 (St. Olavsleden). Research aid only. Existing OSM object: node/3149531454.
node/9931201749,https://www.openstreetmap.org/node/9931201749,,62.9157555,15.1924316,,shelter,,49.2,10524322,missing,Proposed: add as member of relation 10524322 (St. Olavsleden). Do not modify existing members of relation 10524322 (St. Olavsleden). Research aid only. Existing OSM object: node/9931201749.
node/12682390080,https://www.openstreetmap.org/node/12682390080,,63.3170137,12.1059854,,shelter,,49.3,10524322,missing,Proposed: add as member of relation 10524322 (St. Olavsleden). Do not modify existing members of relation 10524322 (St. Olavsleden). Research aid only. Existing OSM object: node/12682390080.
way/587589526,https://www.openstreetmap.org/way/587589526,Backs Semesterby,63.3957386,12.8652223,chalet,,yes,49.5,10524322,missing,Proposed: add as member of relation 10524322 (St. Olavsleden). Do not modify existing members of relation 10524322 (St. Olavsleden). Research aid only. Existing OSM object: way/587589526.
way/214309045,https://www.openstreetmap.org/way/214309045,Fjällportens pensionat,63.3942760,12.9331680,hotel,,hotel,50.7,10524322,missing,Proposed: add as member of relation 10524322 (St. Olavsleden). Do not modify existing members of relation 10524322 (St. Olavsleden). Research aid only. Existing OSM object: way/214309045.
way/214356718,https://www.openstreetmap.org/way/214356718,,63.3973763,12.9187057,chalet,,yes,51.2,10524322,missing,Proposed: add as member of relation 10524322 (St. Olavsleden). Do not modify existing members of relation 10524322 (St. Olavsleden). Research aid only. Existing OSM object: way/214356718.
way/783370464,https://www.openstreetmap.org/way/783370464,Ristafallet Camping,63.3122829,13.3484272,camp_site,,,51.2,10524322,missing,Proposed: add as member of relation 10524322 (St. Olavsleden). Do not modify existing members of relation 10524322 (St. Olavsleden). Research aid only. Existing OSM object: way/783370464.
node/1460805214,https://www.openstreetmap.org/node/1460805214,Kvarnberget,62.3911446,16.8593850,,shelter,,51.7,10524322,missing,Proposed: add as member of relation 10524322 (St. Olavsleden). Do not modify existing members of relation 10524322 (St. Olavsleden). Research aid only. Existing OSM object: node/1460805214.
node/4554563096,https://www.openstreetmap.org/node/4554563096,,63.0582615,14.4501457,,shelter,,52.4,10524322,missing,Proposed: add as member of relation 10524322 (St. Olavsleden). Do not modify existing members of relation 10524322 (St. Olavsleden). Research aid only. Existing OSM object: node/4554563096.
way/1475128053,https://www.openstreetmap.org/way/1475128053,,63.5833315,10.7594564,,shelter,yes,52.5,10524322,missing,Proposed: add as member of relation 10524322 (St. Olavsleden). Do not modify existing members of relation 10524322 (St. Olavsleden). Research aid only. Existing OSM object: way/1475128053.
node/12017103871,https://www.openstreetmap.org/node/12017103871,,63.4020794,13.1886999,,shelter,,52.7,10524322,missing,Proposed: add as member of relation 10524322 (St. Olavsleden). Do not modify existing members of relation 10524322 (St. Olavsleden). Research aid only. Existing OSM object: node/12017103871.
node/4557813773,https://www.openstreetmap.org/node/4557813773,,63.0953502,14.8002126,,shelter,,52.8,10524322,missing,Proposed: add as member of relation 10524322 (St. Olavsleden). Do not modify existing members of relation 10524322 (St. Olavsleden). Research aid only. Existing OSM object: node/4557813773.
node/939349186,https://www.openstreetmap.org/node/939349186,,63.3525526,14.2570719,,shelter,,53.2,10524322,missing,Proposed: add as member of relation 10524322 (St. Olavsleden). Do not modify existing members of relation 10524322 (St. Olavsleden). Research aid only. Existing OSM object: node/939349186.
node/13650713287,https://www.openstreetmap.org/node/13650713287,,62.9626624,15.1305922,,shelter,,53.5,10524322,missing,Proposed: add as member of relation 10524322 (St. Olavsleden). Do not modify existing members of relation 10524322 (St. Olavsleden). Research aid only. Existing OSM object: node/13650713287.
node/4557813801,https://www.openstreetmap.org/node/4557813801,,63.0821575,14.8223426,,shelter,,53.9,10524322,missing,Proposed: add as member of relation 10524322 (St. Olavsleden). Do not modify existing members of relation 10524322 (St. Olavsleden). Research aid only. Existing OSM object: node/4557813801.
node/5678268598,https://www.openstreetmap.org/node/5678268598,,63.1109004,14.7320867,,shelter,,53.9,10524322,missing,Proposed: add as member of relation 10524322 (St. Olavsleden). Do not modify existing members of relation 10524322 (St. Olavsleden). Research aid only. Existing OSM object: node/5678268598.
node/4557813780,https://www.openstreetmap.org/node/4557813780,,63.0903928,14.8069997,,shelter,,54.2,10524322,missing,Proposed: add as member of relation 10524322 (St. Olavsleden). Do not modify existing members of relation 10524322 (St. Olavsleden). Research aid only. Existing OSM object: node/4557813780.
node/5678268641,https://www.openstreetmap.org/node/5678268641,,63.0833470,14.7559744,,shelter,,54.2,10524322,missing,Proposed: add as member of relation 10524322 (St. Olavsleden). Do not modify existing members of relation 10524322 (St. Olavsleden). Research aid only. Existing OSM object: node/5678268641.
node/1255767098,https://www.openstreetmap.org/node/1255767098,Sidsjö Hotell & Konferens,62.3780495,17.2875248,hotel,,,54.2,10524322,missing,Proposed: add as member of relation 10524322 (St. Olavsleden). Do not modify existing members of relation 10524322 (St. Olavsleden). Research aid only. Existing OSM object: node/1255767098.
node/5678268622,https://www.openstreetmap.org/node/5678268622,,63.0989225,14.7423930,,shelter,,54.4,10524322,missing,Proposed: add as member of relation 10524322 (St. Olavsleden). Do not modify existing members of relation 10524322 (St. Olavsleden). Research aid only. Existing OSM object: node/5678268622.
node/12068549540,https://www.openstreetmap.org/node/12068549540,,62.7685048,15.5728787,,shelter,,54.7,10524322,missing,Proposed: add as member of relation 10524322 (St. Olavsleden). Do not modify existing members of relation 10524322 (St. Olavsleden). Research aid only. Existing OSM object: node/12068549540.
way/1238807100,https://www.openstreetmap.org/way/1238807100,Borgsjö Strand Restaurang & Camping,62.5361508,15.9192943,camp_site,,,54.8,10524322,missing,Proposed: add as member of relation 10524322 (St. Olavsleden). Do not modify existing members of relation 10524322 (St. Olavsleden). Research aid only. Existing OSM object: way/1238807100.
way/157523755,https://www.openstreetmap.org/way/157523755,Hotel Åregården,63.3994214,13.0789847,hotel,,hotel,55.3,10524322,missing,Proposed: add as member of relation 10524322 (St. Olavsleden). Do not modify existing members of relation 10524322 (St. Olavsleden). Research aid only. Existing OSM object: way/157523755.
way/185525167,https://www.openstreetmap.org/way/185525167,Brunkulla 4,63.4022940,13.0691915,apartment,,apartments,55.5,10524322,missing,Proposed: add as member of relation 10524322 (St. Olavsleden). Do not modify existing members of relation 10524322 (St. Olavsleden). Research aid only. Existing OSM object: way/185525167.
node/5678268684,https://www.openstreetmap.org/node/5678268684,,63.0667172,14.7924659,,shelter,,55.8,10524322,missing,Proposed: add as member of relation 10524322 (St. Olavsleden). Do not modify existing members of relation 10524322 (St. Olavsleden). Research aid only. Existing OSM object: node/5678268684.
way/196702548,https://www.openstreetmap.org/way/196702548,,63.1693448,14.5381483,chalet,,yes,56.0,10524322,missing,Proposed: add as member of relation 10524322 (St. Olavsleden). Do not modify existing members of relation 10524322 (St. Olavsleden). Research aid only. Existing OSM object: way/196702548.
way/214356722,https://www.openstreetmap.org/way/214356722,,63.3977716,12.9186387,chalet,,yes,56.6,10524322,missing,Proposed: add as member of relation 10524322 (St. Olavsleden). Do not modify existing members of relation 10524322 (St. Olavsleden). Research aid only. Existing OSM object: way/214356722.
node/7125728680,https://www.openstreetmap.org/node/7125728680,,63.3204746,12.1072769,,shelter,,56.7,10524322,missing,Proposed: add as member of relation 10524322 (St. Olavsleden). Do not modify existing members of relation 10524322 (St. Olavsleden). Research aid only. Existing OSM object: node/7125728680.
node/5678268627,https://www.openstreetmap.org/node/5678268627,,63.0965511,14.7451785,,shelter,,56.8,10524322,missing,Proposed: add as member of relation 10524322 (St. Olavsleden). Do not modify existing members of relation 10524322 (St. Olavsleden). Research aid only. Existing OSM object: node/5678268627.
node/5812500284,https://www.openstreetmap.org/node/5812500284,Nulltjärnarna,63.1553727,12.9052629,picnic_site,,,56.8,10524322,missing,Proposed: add as member of relation 10524322 (St. Olavsleden). Do not modify existing members of relation 10524322 (St. Olavsleden). Research aid only. Existing OSM object: node/5812500284.
way/196895132,https://www.openstreetmap.org/way/196895132,,63.1698259,14.5380284,chalet,,yes,56.9,10524322,missing,Proposed: add as member of relation 10524322 (St. Olavsleden). Do not modify existing members of relation 10524322 (St. Olavsleden). Research aid only. Existing OSM object: way/196895132.
way/1367180406,https://www.openstreetmap.org/way/1367180406,,63.1848644,14.4685601,,shelter,yes,57.1,10524322,missing,Proposed: add as member of relation 10524322 (St. Olavsleden). Do not modify existing members of relation 10524322 (St. Olavsleden). Research aid only. Existing OSM object: way/1367180406.
way/196702566,https://www.openstreetmap.org/way/196702566,,63.1692749,14.5381948,chalet,,yes,57.2,10524322,missing,Proposed: add as member of relation 10524322 (St. Olavsleden). Do not modify existing members of relation 10524322 (St. Olavsleden). Research aid only. Existing OSM object: way/196702566.
way/808435179,https://www.openstreetmap.org/way/808435179,Stöde Camping,62.4157399,16.5689276,camp_site,,,57.4,10524322,missing,Proposed: add as member of relation 10524322 (St. Olavsleden). Do not modify existing members of relation 10524322 (St. Olavsleden). Research aid only. Existing OSM object: way/808435179.
way/1388568169,https://www.openstreetmap.org/way/1388568169,,63.4441963,10.4584526,,shelter,yes,57.7,10524322,missing,Proposed: add as member of relation 10524322 (St. Olavsleden). Do not modify existing members of relation 10524322 (St. Olavsleden). Research aid only. Existing OSM object: way/1388568169.
node/4556183270,https://www.openstreetmap.org/node/4556183270,,63.1500461,14.4845046,,shelter,,57.9,10524322,missing,Proposed: add as member of relation 10524322 (St. Olavsleden). Do not modify existing members of relation 10524322 (St. Olavsleden). Research aid only. Existing OSM object: node/4556183270.
node/4554562222,https://www.openstreetmap.org/node/4554562222,,63.0490808,14.4518844,,shelter,,58.3,10524322,missing,Proposed: add as member of relation 10524322 (St. Olavsleden). Do not modify existing members of relation 10524322 (St. Olavsleden). Research aid only. Existing OSM object: node/4554562222.
way/1436533081,https://www.openstreetmap.org/way/1436533081,,63.5995596,10.7425442,,shelter,yes,58.5,10524322,missing,Proposed: add as member of relation 10524322 (St. Olavsleden). Do not modify existing members of relation 10524322 (St. Olavsleden). Research aid only. Existing OSM object: way/1436533081.
way/196895137,https://www.openstreetmap.org/way/196895137,,63.1699647,14.5377354,chalet,,yes,58.6,10524322,missing,Proposed: add as member of relation 10524322 (St. Olavsleden). Do not modify existing members of relation 10524322 (St. Olavsleden). Research aid only. Existing OSM object: way/196895137.
node/3161686746,https://www.openstreetmap.org/node/3161686746,,63.1653934,14.6535953,,shelter,,59.1,10524322,missing,Proposed: add as member of relation 10524322 (St. Olavsleden). Do not modify existing members of relation 10524322 (St. Olavsleden). Research aid only. Existing OSM object: node/3161686746.
node/1311956606,https://www.openstreetmap.org/node/1311956606,,63.0942355,14.8100867,,shelter,,59.2,10524322,missing,Proposed: add as member of relation 10524322 (St. Olavsleden). Do not modify existing members of relation 10524322 (St. Olavsleden). Research aid only. Existing OSM object: node/1311956606.
way/185525164,https://www.openstreetmap.org/way/185525164,Brunkulla 3,63.4024723,13.0686338,apartment,,yes,59.7,10524322,missing,Proposed: add as member of relation 10524322 (St. Olavsleden). Do not modify existing members of relation 10524322 (St. Olavsleden). Research aid only. Existing OSM object: way/185525164.
node/5010914524,https://www.openstreetmap.org/node/5010914524,,63.4578740,11.4429660,picnic_site,,,59.9,10524322,missing,Proposed: add as member of relation 10524322 (St. Olavsleden). Do not modify existing members of relation 10524322 (St. Olavsleden). Research aid only. Existing OSM object: node/5010914524.
node/4552984451,https://www.openstreetmap.org/node/4552984451,,62.9964477,14.3944726,,shelter,,59.9,10524322,missing,Proposed: add as member of relation 10524322 (St. Olavsleden). Do not modify existing members of relation 10524322 (St. Olavsleden). Research aid only. Existing OSM object: node/4552984451.
way/214356711,https://www.openstreetmap.org/way/214356711,,63.3971978,12.9187378,chalet,,yes,60.2,10524322,missing,Proposed: add as member of relation 10524322 (St. Olavsleden). Do not modify existing members of relation 10524322 (St. Olavsleden). Research aid only. Existing OSM object: way/214356711.
way/196895134,https://www.openstreetmap.org/way/196895134,,63.1694312,14.5381789,chalet,,yes,60.3,10524322,missing,Proposed: add as member of relation 10524322 (St. Olavsleden). Do not modify existing members of relation 10524322 (St. Olavsleden). Research aid only. Existing OSM object: way/196895134.
node/12163208011,https://www.openstreetmap.org/node/12163208011,,63.3091044,12.0788134,picnic_site,,,61.3,10524322,missing,Proposed: add as member of relation 10524322 (St. Olavsleden). Do not modify existing members of relation 10524322 (St. Olavsleden). Research aid only. Existing OSM object: node/12163208011.
way/197057242,https://www.openstreetmap.org/way/197057242,,63.1703232,14.5375572,chalet,,yes,61.5,10524322,missing,Proposed: add as member of relation 10524322 (St. Olavsleden). Do not modify existing members of relation 10524322 (St. Olavsleden). Research aid only. Existing OSM object: way/197057242.
node/3167643194,https://www.openstreetmap.org/node/3167643194,,63.1552927,14.6816697,,shelter,,62.3,10524322,missing,Proposed: add as member of relation 10524322 (St. Olavsleden). Do not modify existing members of relation 10524322 (St. Olavsleden). Research aid only. Existing OSM object: node/3167643194.
node/5783911371,https://www.openstreetmap.org/node/5783911371,,63.1862046,14.6368790,,shelter,,62.3,10524322,missing,Proposed: add as member of relation 10524322 (St. Olavsleden). Do not modify existing members of relation 10524322 (St. Olavsleden). Research aid only. Existing OSM object: node/5783911371.
node/7125728682,https://www.openstreetmap.org/node/7125728682,,63.3112210,12.1346676,,shelter,,62.5,10524322,missing,Proposed: add as member of relation 10524322 (St. Olavsleden). Do not modify existing members of relation 10524322 (St. Olavsleden). Research aid only. Existing OSM object: node/7125728682.
node/3161686700,https://www.openstreetmap.org/node/3161686700,,62.9655600,14.4895935,,shelter,,62.9,10524322,missing,Proposed: add as member of relation 10524322 (St. Olavsleden). Do not modify existing members of relation 10524322 (St. Olavsleden). Research aid only. Existing OSM object: node/3161686700.
way/1436533080,https://www.openstreetmap.org/way/1436533080,,63.5995360,10.7424618,,shelter,yes,63.2,10524322,missing,Proposed: add as member of relation 10524322 (St. Olavsleden). Do not modify existing members of relation 10524322 (St. Olavsleden). Research aid only. Existing OSM object: way/1436533080.
way/196895125,https://www.openstreetmap.org/way/196895125,,63.1698030,14.5378906,chalet,,yes,63.4,10524322,missing,Proposed: add as member of relation 10524322 (St. Olavsleden). Do not modify existing members of relation 10524322 (St. Olavsleden). Research aid only. Existing OSM object: way/196895125.
node/6343703458,https://www.openstreetmap.org/node/6343703458,Parkvillan,63.3998247,13.0776113,hotel,,,63.4,10524322,missing,Proposed: add as member of relation 10524322 (St. Olavsleden). Do not modify existing members of relation 10524322 (St. Olavsleden). Research aid only. Existing OSM object: node/6343703458.
node/5678268646,https://www.openstreetmap.org/node/5678268646,,63.0799713,14.7608936,,shelter,,63.7,10524322,missing,Proposed: add as member of relation 10524322 (St. Olavsleden). Do not modify existing members of relation 10524322 (St. Olavsleden). Research aid only. Existing OSM object: node/5678268646.
node/4558612397,https://www.openstreetmap.org/node/4558612397,,63.1644185,14.5309152,,shelter,,63.8,10524322,missing,Proposed: add as member of relation 10524322 (St. Olavsleden). Do not modify existing members of relation 10524322 (St. Olavsleden). Research aid only. Existing OSM object: node/4558612397.
way/196895129,https://www.openstreetmap.org/way/196895129,,63.1696582,14.5379313,chalet,,yes,64.1,10524322,missing,Proposed: add as member of relation 10524322 (St. Olavsleden). Do not modify existing members of relation 10524322 (St. Olavsleden). Research aid only. Existing OSM object: way/196895129.
node/470641812,https://www.openstreetmap.org/node/470641812,Hotel Zäta,63.1775734,14.6367536,hotel,,,64.2,10524322,missing,Proposed: add as member of relation 10524322 (St. Olavsleden). Do not modify existing members of relation 10524322 (St. Olavsleden). Research aid only. Existing OSM object: node/470641812.
way/196895133,https://www.openstreetmap.org/way/196895133,,63.1695927,14.5380682,chalet,,yes,64.3,10524322,missing,Proposed: add as member of relation 10524322 (St. Olavsleden). Do not modify existing members of relation 10524322 (St. Olavsleden). Research aid only. Existing OSM object: way/196895133.
way/197057234,https://www.openstreetmap.org/way/197057234,,63.1703815,14.5375318,chalet,,yes,64.3,10524322,missing,Proposed: add as member of relation 10524322 (St. Olavsleden). Do not modify existing members of relation 10524322 (St. Olavsleden). Research aid only. Existing OSM object: way/197057234.
node/1356401583,https://www.openstreetmap.org/node/1356401583,Ferslia,63.5422525,11.9413666,wilderness_hut,,,64.6,10524322,missing,Proposed: add as member of relation 10524322 (St. Olavsleden). Do not modify existing members of relation 10524322 (St. Olavsleden). Research aid only. Existing OSM object: node/1356401583.
way/1460827614,https://www.openstreetmap.org/way/1460827614,,63.4270673,10.8150895,,shelter,yes,64.7,10524322,missing,Proposed: add as member of relation 10524322 (St. Olavsleden). Do not modify existing members of relation 10524322 (St. Olavsleden). Research aid only. Existing OSM object: way/1460827614.
way/197057243,https://www.openstreetmap.org/way/197057243,,63.1704268,14.5375576,chalet,,yes,64.7,10524322,missing,Proposed: add as member of relation 10524322 (St. Olavsleden). Do not modify existing members of relation 10524322 (St. Olavsleden). Research aid only. Existing OSM object: way/197057243.
way/196702576,https://www.openstreetmap.org/way/196702576,,63.1692125,14.5383478,chalet,,yes,64.8,10524322,missing,Proposed: add as member of relation 10524322 (St. Olavsleden). Do not modify existing members of relation 10524322 (St. Olavsleden). Research aid only. Existing OSM object: way/196702576.
node/4552984450,https://www.openstreetmap.org/node/4552984450,,62.9965717,14.3946593,,shelter,,65.5,10524322,missing,Proposed: add as member of relation 10524322 (St. Olavsleden). Do not modify existing members of relation 10524322 (St. Olavsleden). Research aid only. Existing OSM object: node/4552984450.
way/196895130,https://www.openstreetmap.org/way/196895130,,63.1694421,14.5382885,chalet,,yes,65.8,10524322,missing,Proposed: add as member of relation 10524322 (St. Olavsleden). Do not modify existing members of relation 10524322 (St. Olavsleden). Research aid only. Existing OSM object: way/196895130.
node/4558519734,https://www.openstreetmap.org/node/4558519734,,63.1794191,14.6417936,,shelter,,66.0,10524322,missing,Proposed: add as member of relation 10524322 (St. Olavsleden). Do not modify existing members of relation 10524322 (St. Olavsleden). Research aid only. Existing OSM object: node/4558519734.
node/4558676050,https://www.openstreetmap.org/node/4558676050,,63.1958937,14.5969033,,shelter,,66.6,10524322,missing,Proposed: add as member of relation 10524322 (St. Olavsleden). Do not modify existing members of relation 10524322 (St. Olavsleden). Research aid only. Existing OSM object: node/4558676050.
node/4554562259,https://www.openstreetmap.org/node/4554562259,,63.0322252,14.4700500,,shelter,,66.7,10524322,missing,Proposed: add as member of relation 10524322 (St. Olavsleden). Do not modify existing members of relation 10524322 (St. Olavsleden). Research aid only. Existing OSM object: node/4554562259.
node/3161686742,https://www.openstreetmap.org/node/3161686742,,63.1641378,14.6565595,,shelter,,67.3,10524322,missing,Proposed: add as member of relation 10524322 (St. Olavsleden). Do not modify existing members of relation 10524322 (St. Olavsleden). Research aid only. Existing OSM object: node/3161686742.
node/4552988037,https://www.openstreetmap.org/node/4552988037,,62.9700156,14.4869530,,shelter,,67.4,10524322,missing,Proposed: add as member of relation 10524322 (St. Olavsleden). Do not modify existing members of relation 10524322 (St. Olavsleden). Research aid only. Existing OSM object: node/4552988037.
way/197057239,https://www.openstreetmap.org/way/197057239,510,63.1704761,14.5375467,chalet,,yes,67.4,10524322,missing,Proposed: add as member of relation 10524322 (St. Olavsleden). Do not modify existing members of relation 10524322 (St. Olavsleden). Research aid only. Existing OSM object: way/197057239.
way/196702554,https://www.openstreetmap.org/way/196702554,,63.1691238,14.5383885,chalet,,yes,68.0,10524322,missing,Proposed: add as member of relation 10524322 (St. Olavsleden). Do not modify existing members of relation 10524322 (St. Olavsleden). Research aid only. Existing OSM object: way/196702554.
node/4557813698,https://www.openstreetmap.org/node/4557813698,,63.1305010,14.7657627,,shelter,,68.1,10524322,missing,Proposed: add as member of relation 10524322 (St. Olavsleden). Do not modify existing members of relation 10524322 (St. Olavsleden). Research aid only. Existing OSM object: node/4557813698.
way/1460827613,https://www.openstreetmap.org/way/1460827613,,63.4268997,10.8152498,,shelter,yes,68.2,10524322,missing,Proposed: add as member of relation 10524322 (St. Olavsleden). Do not modify existing members of relation 10524322 (St. Olavsleden). Research aid only. Existing OSM object: way/1460827613.
node/4554562608,https://www.openstreetmap.org/node/4554562608,,63.1255805,14.4438788,,shelter,,68.3,10524322,missing,Proposed: add as member of relation 10524322 (St. Olavsleden). Do not modify existing members of relation 10524322 (St. Olavsleden). Research aid only. Existing OSM object: node/4554562608.
way/196895124,https://www.openstreetmap.org/way/196895124,,63.1697257,14.5378840,chalet,,yes,68.4,10524322,missing,Proposed: add as member of relation 10524322 (St. Olavsleden). Do not modify existing members of relation 10524322 (St. Olavsleden). Research aid only. Existing OSM object: way/196895124.
way/180616108,https://www.openstreetmap.org/way/180616108,,63.1712105,14.5339931,chalet,,yes,68.5,10524322,missing,Proposed: add as member of relation 10524322 (St. Olavsleden). Do not modify existing members of relation 10524322 (St. Olavsleden). Research aid only. Existing OSM object: way/180616108.
node/4558300365,https://www.openstreetmap.org/node/4558300365,,63.0528546,14.8279953,,shelter,,68.7,10524322,missing,Proposed: add as member of relation 10524322 (St. Olavsleden). Do not modify existing members of relation 10524322 (St. Olavsleden). Research aid only. Existing OSM object: node/4558300365.
node/1392027301,https://www.openstreetmap.org/node/1392027301,Vindskydd,62.6580266,15.7427430,,shelter,,69.1,10524322,missing,Proposed: add as member of relation 10524322 (St. Olavsleden). Do not modify existing members of relation 10524322 (St. Olavsleden). Research aid only. Existing OSM object: node/1392027301.
node/4558612412,https://www.openstreetmap.org/node/4558612412,,63.1788180,14.5199746,,shelter,,69.2,10524322,missing,Proposed: add as member of relation 10524322 (St. Olavsleden). Do not modify existing members of relation 10524322 (St. Olavsleden). Research aid only. Existing OSM object: node/4558612412.
way/196702563,https://www.openstreetmap.org/way/196702563,,63.1690424,14.5383776,chalet,,yes,69.7,10524322,missing,Proposed: add as member of relation 10524322 (St. Olavsleden). Do not modify existing members of relation 10524322 (St. Olavsleden). Research aid only. Existing OSM object: way/196702563.
way/214356725,https://www.openstreetmap.org/way/214356725,,63.3977061,12.9183003,chalet,,yes,70.0,10524322,missing,Proposed: add as member of relation 10524322 (St. Olavsleden). Do not modify existing members of relation 10524322 (St. Olavsleden). Research aid only. Existing OSM object: way/214356725.
node/9810716453,https://www.openstreetmap.org/node/9810716453,Rapphytta,63.6330536,10.9142613,,shelter,,70.2,10524322,missing,Proposed: add as member of relation 10524322 (St. Olavsleden). Do not modify existing members of relation 10524322 (St. Olavsleden). Research aid only. Existing OSM object: node/9810716453.
node/2440380155,https://www.openstreetmap.org/node/2440380155,Svartsjöstugan,63.1215177,14.7341480,,shelter,,70.5,10524322,missing,Proposed: add as member of relation 10524322 (St. Olavsleden). Do not modify existing members of relation 10524322 (St. Olavsleden). Research aid only. Existing OSM object: node/2440380155.
way/196895123,https://www.openstreetmap.org/way/196895123,,63.1696144,14.5381903,chalet,,yes,70.6,10524322,missing,Proposed: add as member of relation 10524322 (St. Olavsleden). Do not modify existing members of relation 10524322 (St. Olavsleden). Research aid only. Existing OSM object: way/196895123.
node/3167643198,https://www.openstreetmap.org/node/3167643198,,63.1558404,14.6806656,,shelter,,70.7,10524322,missing,Proposed: add as member of relation 10524322 (St. Olavsleden). Do not modify existing members of relation 10524322 (St. Olavsleden). Research aid only. Existing OSM object: node/3167643198.
way/196702573,https://www.openstreetmap.org/way/196702573,,63.1692329,14.5384670,chalet,,yes,70.7,10524322,missing,Proposed: add as member of relation 10524322 (St. Olavsleden). Do not modify existing members of relation 10524322 (St. Olavsleden). Research aid only. Existing OSM object: way/196702573.
way/214356706,https://www.openstreetmap.org/way/214356706,,63.3972576,12.9183983,chalet,,yes,70.7,10524322,missing,Proposed: add as member of relation 10524322 (St. Olavsleden). Do not modify existing members of relation 10524322 (St. Olavsleden). Research aid only. Existing OSM object: way/214356706.
node/4560078945,https://www.openstreetmap.org/node/4560078945,,63.0649276,14.3280928,,shelter,,70.8,10524322,missing,Proposed: add as member of relation 10524322 (St. Olavsleden). Do not modify existing members of relation 10524322 (St. Olavsleden). Research aid only. Existing OSM object: node/4560078945.
node/13111004673,https://www.openstreetmap.org/node/13111004673,,63.1548500,12.9054084,,shelter,,70.9,10524322,missing,Proposed: add as member of relation 10524322 (St. Olavsleden). Do not modify existing members of relation 10524322 (St. Olavsleden). Research aid only. Existing OSM object: node/13111004673.
node/3663315568,https://www.openstreetmap.org/node/3663315568,Levanger Camping,63.7393980,11.2786140,camp_site,,,71.0,10524322,missing,Proposed: add as member of relation 10524322 (St. Olavsleden). Do not modify existing members of relation 10524322 (St. Olavsleden). Research aid only. Existing OSM object: node/3663315568.
node/13128973823,https://www.openstreetmap.org/node/13128973823,,63.3224484,12.1022813,,shelter,,71.1,10524322,missing,Proposed: add as member of relation 10524322 (St. Olavsleden). Do not modify existing members of relation 10524322 (St. Olavsleden). Research aid only. Existing OSM object: node/13128973823.
node/5678268645,https://www.openstreetmap.org/node/5678268645,,63.0798523,14.7607058,,shelter,,71.9,10524322,missing,Proposed: add as member of relation 10524322 (St. Olavsleden). Do not modify existing members of relation 10524322 (St. Olavsleden). Research aid only. Existing OSM object: node/5678268645.
node/9969827518,https://www.openstreetmap.org/node/9969827518,,63.1644456,14.5628449,picnic_site,,,72.7,10524322,missing,Proposed: add as member of relation 10524322 (St. Olavsleden). Do not modify existing members of relation 10524322 (St. Olavsleden). Research aid only. Existing OSM object: node/9969827518.
node/4557813976,https://www.openstreetmap.org/node/4557813976,,63.0734883,14.8259167,,shelter,,73.1,10524322,missing,Proposed: add as member of relation 10524322 (St. Olavsleden). Do not modify existing members of relation 10524322 (St. Olavsleden). Research aid only. Existing OSM object: node/4557813976.
node/3171238786,https://www.openstreetmap.org/node/3171238786,,63.1636146,14.6506042,,shelter,,73.3,10524322,missing,Proposed: add as member of relation 10524322 (St. Olavsleden). Do not modify existing members of relation 10524322 (St. Olavsleden). Research aid only. Existing OSM object: node/3171238786.
node/3167575080,https://www.openstreetmap.org/node/3167575080,,63.1711618,14.5633349,,shelter,,73.5,10524322,missing,Proposed: add as member of relation 10524322 (St. Olavsleden). Do not modify existing members of relation 10524322 (St. Olavsleden). Research aid only. Existing OSM object: node/3167575080.
way/196702538,https://www.openstreetmap.org/way/196702538,,63.1691455,14.5385131,chalet,,yes,73.7,10524322,missing,Proposed: add as member of relation 10524322 (St. Olavsleden). Do not modify existing members of relation 10524322 (St. Olavsleden). Research aid only. Existing OSM object: way/196702538.
node/540349599,https://www.openstreetmap.org/node/540349599,,62.5368164,15.9179691,picnic_site,,,74.1,10524322,missing,Proposed: add as member of relation 10524322 (St. Olavsleden). Do not modify existing members of relation 10524322 (St. Olavsleden). Research aid only. Existing OSM object: node/540349599.
node/12646509409,https://www.openstreetmap.org/node/12646509409,,63.1870342,14.6376998,,shelter,,74.2,10524322,missing,Proposed: add as member of relation 10524322 (St. Olavsleden). Do not modify existing members of relation 10524322 (St. Olavsleden). Research aid only. Existing OSM object: node/12646509409.
node/4560078706,https://www.openstreetmap.org/node/4560078706,,63.0082518,14.3398855,,shelter,,74.3,10524322,missing,Proposed: add as member of relation 10524322 (St. Olavsleden). Do not modify existing members of relation 10524322 (St. Olavsleden). Research aid only. Existing OSM object: node/4560078706.
way/196702581,https://www.openstreetmap.org/way/196702581,,63.1689763,14.5384289,chalet,,yes,74.7,10524322,missing,Proposed: add as member of relation 10524322 (St. Olavsleden). Do not modify existing members of relation 10524322 (St. Olavsleden). Research aid only. Existing OSM object: way/196702581.
node/9969827517,https://www.openstreetmap.org/node/9969827517,,63.1644742,14.5626798,,shelter,,75.2,10524322,missing,Proposed: add as member of relation 10524322 (St. Olavsleden). Do not modify existing members of relation 10524322 (St. Olavsleden). Research aid only. Existing OSM object: node/9969827517.
way/261154097,https://www.openstreetmap.org/way/261154097,Storliens Högfjällshotell,63.3160137,12.1069065,hotel,,yes,75.2,10524322,missing,Proposed: add as member of relation 10524322 (St. Olavsleden). Do not modify existing members of relation 10524322 (St. Olavsleden). Research aid only. Existing OSM object: way/261154097.
node/13128973820,https://www.openstreetmap.org/node/13128973820,,63.3222250,12.1023980,,shelter,,75.3,10524322,missing,Proposed: add as member of relation 10524322 (St. Olavsleden). Do not modify existing members of relation 10524322 (St. Olavsleden). Research aid only. Existing OSM object: node/13128973820.
node/1707523130,https://www.openstreetmap.org/node/1707523130,"Wilhelmsberg, kurs- och lägergård",63.1430103,14.3486902,hostel,,,75.4,10524322,missing,Proposed: add as member of relation 10524322 (St. Olavsleden). Do not modify existing members of relation 10524322 (St. Olavsleden). Research aid only. Existing OSM object: node/1707523130.
node/12652708060,https://www.openstreetmap.org/node/12652708060,,62.8229394,15.3786128,,shelter,,75.5,10524322,missing,Proposed: add as member of relation 10524322 (St. Olavsleden). Do not modify existing members of relation 10524322 (St. Olavsleden). Research aid only. Existing OSM object: node/12652708060.
node/4558676308,https://www.openstreetmap.org/node/4558676308,,63.1717051,14.5812299,,shelter,,76.4,10524322,missing,Proposed: add as member of relation 10524322 (St. Olavsleden). Do not modify existing members of relation 10524322 (St. Olavsleden). Research aid only. Existing OSM object: node/4558676308.
node/470641952,https://www.openstreetmap.org/node/470641952,Jamtli Vandrarhem,63.1872431,14.6352201,hostel,,,76.9,10524322,missing,Proposed: add as member of relation 10524322 (St. Olavsleden). Do not modify existing members of relation 10524322 (St. Olavsleden). Research aid only. Existing OSM object: node/470641952.
way/197057236,https://www.openstreetmap.org/way/197057236,508,63.1705389,14.5373943,chalet,,yes,77.3,10524322,missing,Proposed: add as member of relation 10524322 (St. Olavsleden). Do not modify existing members of relation 10524322 (St. Olavsleden). Research aid only. Existing OSM object: way/197057236.
node/4556183448,https://www.openstreetmap.org/node/4556183448,,63.1550924,14.4999103,,shelter,,77.7,10524322,missing,Proposed: add as member of relation 10524322 (St. Olavsleden). Do not modify existing members of relation 10524322 (St. Olavsleden). Research aid only. Existing OSM object: node/4556183448.
node/3161686760,https://www.openstreetmap.org/node/3161686760,,63.1690035,14.6090778,,shelter,,78.1,10524322,missing,Proposed: add as member of relation 10524322 (St. Olavsleden). Do not modify existing members of relation 10524322 (St. Olavsleden). Research aid only. Existing OSM object: node/3161686760.
node/3161686704,https://www.openstreetmap.org/node/3161686704,,63.1064924,14.4379471,,shelter,,78.2,10524322,missing,Proposed: add as member of relation 10524322 (St. Olavsleden). Do not modify existing members of relation 10524322 (St. Olavsleden). Research aid only. Existing OSM object: node/3161686704.
node/13656736450,https://www.openstreetmap.org/node/13656736450,,62.9507448,15.1617593,,shelter,,78.3,10524322,missing,Proposed: add as member of relation 10524322 (St. Olavsleden). Do not modify existing members of relation 10524322 (St. Olavsleden). Research aid only. Existing OSM object: node/13656736450.
way/197057233,https://www.openstreetmap.org/way/197057233,505,63.1708075,14.5378912,chalet,,yes,78.8,10524322,missing,Proposed: add as member of relation 10524322 (St. Olavsleden). Do not modify existing members of relation 10524322 (St. Olavsleden). Research aid only. Existing OSM object: way/197057233.
node/771820271,https://www.openstreetmap.org/node/771820271,,63.4937140,11.0094439,picnic_site,,,79.2,10524322,missing,Proposed: add as member of relation 10524322 (St. Olavsleden). Do not modify existing members of relation 10524322 (St. Olavsleden). Research aid only. Existing OSM object: node/771820271.
node/6341216814,https://www.openstreetmap.org/node/6341216814,,63.3102364,13.6459087,,shelter,,79.9,10524322,missing,Proposed: add as member of relation 10524322 (St. Olavsleden). Do not modify existing members of relation 10524322 (St. Olavsleden). Research aid only. Existing OSM object: node/6341216814.
node/4558612423,https://www.openstreetmap.org/node/4558612423,,63.1803503,14.5167947,,shelter,,80.2,10524322,missing,Proposed: add as member of relation 10524322 (St. Olavsleden). Do not modify existing members of relation 10524322 (St. Olavsleden). Research aid only. Existing OSM object: node/4558612423.
way/180330785,https://www.openstreetmap.org/way/180330785,Copperhill Mountain lodge,63.3829738,13.1775313,hotel,,hotel,80.8,10524322,missing,Proposed: add as member of relation 10524322 (St. Olavsleden). Do not modify existing members of relation 10524322 (St. Olavsleden). Research aid only. Existing OSM object: way/180330785.
node/9879338570,https://www.openstreetmap.org/node/9879338570,Bräcke Strand Tältplats,62.7474025,15.4168633,camp_site,,,81.1,10524322,missing,Proposed: add as member of relation 10524322 (St. Olavsleden). Do not modify existing members of relation 10524322 (St. Olavsleden). Research aid only. Existing OSM object: node/9879338570.
way/197057235,https://www.openstreetmap.org/way/197057235,508,63.1705948,14.5373617,chalet,,yes,81.8,10524322,missing,Proposed: add as member of relation 10524322 (St. Olavsleden). Do not modify existing members of relation 10524322 (St. Olavsleden). Research aid only. Existing OSM object: way/197057235.
node/6341216804,https://www.openstreetmap.org/node/6341216804,,63.3086462,13.6574116,,shelter,,83.1,10524322,missing,Proposed: add as member of relation 10524322 (St. Olavsleden). Do not modify existing members of relation 10524322 (St. Olavsleden). Research aid only. Existing OSM object: node/6341216804.
way/196702565,https://www.openstreetmap.org/way/196702565,,63.1689134,14.5385569,chalet,,yes,83.4,10524322,missing,Proposed: add as member of relation 10524322 (St. Olavsleden). Do not modify existing members of relation 10524322 (St. Olavsleden). Research aid only. Existing OSM object: way/196702565.
way/185525169,https://www.openstreetmap.org/way/185525169,Åre Village 2,63.4025824,13.0680201,apartment,,yes,83.8,10524322,missing,Proposed: add as member of relation 10524322 (St. Olavsleden). Do not modify existing members of relation 10524322 (St. Olavsleden). Research aid only. Existing OSM object: way/185525169.
node/5055451035,https://www.openstreetmap.org/node/5055451035,,63.3903560,12.8886140,,shelter,,84.0,10524322,missing,Proposed: add as member of relation 10524322 (St. Olavsleden). Do not modify existing members of relation 10524322 (St. Olavsleden). Research aid only. Existing OSM object: node/5055451035.
way/197057241,https://www.openstreetmap.org/way/197057241,504,63.1708636,14.5378821,chalet,,yes,84.3,10524322,missing,Proposed: add as member of relation 10524322 (St. Olavsleden). Do not modify existing members of relation 10524322 (St. Olavsleden). Research aid only. Existing OSM object: way/197057241.
node/4554562233,https://www.openstreetmap.org/node/4554562233,,63.0385384,14.4649628,,shelter,,84.4,10524322,missing,Proposed: add as member of relation 10524322 (St. Olavsleden). Do not modify existing members of relation 10524322 (St. Olavsleden). Research aid only. Existing OSM object: node/4554562233.
way/214356674,https://www.openstreetmap.org/way/214356674,,63.3970541,12.9183628,chalet,,yes,84.8,10524322,missing,Proposed: add as member of relation 10524322 (St. Olavsleden). Do not modify existing members of relation 10524322 (St. Olavsleden). Research aid only. Existing OSM object: way/214356674.
node/945261306,https://www.openstreetmap.org/node/945261306,,63.1825620,14.6004701,,shelter,,84.9,10524322,missing,Proposed: add as member of relation 10524322 (St. Olavsleden). Do not modify existing members of relation 10524322 (St. Olavsleden). Research aid only. Existing OSM object: node/945261306.
way/197057244,https://www.openstreetmap.org/way/197057244,507,63.1706441,14.5373560,chalet,,yes,85.0,10524322,missing,Proposed: add as member of relation 10524322 (St. Olavsleden). Do not modify existing members of relation 10524322 (St. Olavsleden). Research aid only. Existing OSM object: way/197057244.
node/4557813797,https://www.openstreetmap.org/node/4557813797,,63.0860200,14.8144069,,shelter,,85.1,10524322,missing,Proposed: add as member of relation 10524322 (St. Olavsleden). Do not modify existing members of relation 10524322 (St. Olavsleden). Research aid only. Existing OSM object: node/4557813797.
node/3161686709,https://www.openstreetmap.org/node/3161686709,,63.1504565,14.7026380,,shelter,,85.3,10524322,missing,Proposed: add as member of relation 10524322 (St. Olavsleden). Do not modify existing members of relation 10524322 (St. Olavsleden). Research aid only. Existing OSM object: node/3161686709.
node/11259803784,https://www.openstreetmap.org/node/11259803784,,62.5313011,16.6904866,,shelter,,85.3,10524322,missing,Proposed: add as member of relation 10524322 (St. Olavsleden). Do not modify existing members of relation 10524322 (St. Olavsleden). Research aid only. Existing OSM object: node/11259803784.
node/13935343915,https://www.openstreetmap.org/node/13935343915,,63.3170689,14.1701206,picnic_site,,,85.3,10524322,missing,Proposed: add as member of relation 10524322 (St. Olavsleden). Do not modify existing members of relation 10524322 (St. Olavsleden). Research aid only. Existing OSM object: node/13935343915.
node/2246010366,https://www.openstreetmap.org/node/2246010366,Korssvedjan,62.4116884,16.9869245,,shelter,,85.3,10524322,missing,Proposed: add as member of relation 10524322 (St. Olavsleden). Do not modify existing members of relation 10524322 (St. Olavsleden). Research aid only. Existing OSM object: node/2246010366.
node/13255987511,https://www.openstreetmap.org/node/13255987511,,63.3923940,12.9186376,,shelter,,85.6,10524322,missing,Proposed: add as member of relation 10524322 (St. Olavsleden). Do not modify existing members of relation 10524322 (St. Olavsleden). Research aid only. Existing OSM object: node/13255987511.
node/5339720046,https://www.openstreetmap.org/node/5339720046,,63.4320305,10.7233318,picnic_site,,,86.1,10524322,missing,Proposed: add as member of relation 10524322 (St. Olavsleden). Do not modify existing members of relation 10524322 (St. Olavsleden). Research aid only. Existing OSM object: node/5339720046.
node/3663316782,https://www.openstreetmap.org/node/3663316782,Stiklestad Camping,63.7731637,11.5786154,camp_site,,,86.8,10524322,missing,Proposed: add as member of relation 10524322 (St. Olavsleden). Do not modify existing members of relation 10524322 (St. Olavsleden). Research aid only. Existing OSM object: node/3663316782.
node/5678268688,https://www.openstreetmap.org/node/5678268688,,63.0660623,14.8026127,,shelter,,87.0,10524322,missing,Proposed: add as member of relation 10524322 (St. Olavsleden). Do not modify existing members of relation 10524322 (St. Olavsleden). Research aid only. Existing OSM object: node/5678268688.
node/4557813752,https://www.openstreetmap.org/node/4557813752,,63.1121744,14.7898502,,shelter,,87.1,10524322,missing,Proposed: add as member of relation 10524322 (St. Olavsleden). Do not modify existing members of relation 10524322 (St. Olavsleden). Research aid only. Existing OSM object: node/4557813752.
node/3161686715,https://www.openstreetmap.org/node/3161686715,Svartsjöstugan,63.1508215,14.7018162,,shelter,,87.3,10524322,missing,Proposed: add as member of relation 10524322 (St. Olavsleden). Do not modify existing members of relation 10524322 (St. Olavsleden). Research aid only. Existing OSM object: node/3161686715.
way/196702570,https://www.openstreetmap.org/way/196702570,,63.1689447,14.5386772,chalet,,yes,87.5,10524322,missing,Proposed: add as member of relation 10524322 (St. Olavsleden). Do not modify existing members of relation 10524322 (St. Olavsleden). Research aid only. Existing OSM object: way/196702570.
way/185831757,https://www.openstreetmap.org/way/185831757,Fjällgården,63.4045833,13.0904295,hotel,,hotel,87.7,10524322,missing,Proposed: add as member of relation 10524322 (St. Olavsleden). Do not modify existing members of relation 10524322 (St. Olavsleden). Research aid only. Existing OSM object: way/185831757.
way/1461830583,https://www.openstreetmap.org/way/1461830583,Sannan,63.2681831,13.8294294,picnic_site,,,87.7,10524322,missing,Proposed: add as member of relation 10524322 (St. Olavsleden). Do not modify existing members of relation 10524322 (St. Olavsleden). Research aid only. Existing OSM object: way/1461830583.
way/197057238,https://www.openstreetmap.org/way/197057238,506,63.1706963,14.5373706,chalet,,yes,87.8,10524322,missing,Proposed: add as member of relation 10524322 (St. Olavsleden). Do not modify existing members of relation 10524322 (St. Olavsleden). Research aid only. Existing OSM object: way/197057238.
node/5678268630,https://www.openstreetmap.org/node/5678268630,,63.0941346,14.7465250,,shelter,,88.0,10524322,missing,Proposed: add as member of relation 10524322 (St. Olavsleden). Do not modify existing members of relation 10524322 (St. Olavsleden). Research aid only. Existing OSM object: node/5678268630.
way/197057240,https://www.openstreetmap.org/way/197057240,503,63.1709034,14.5378733,chalet,,yes,88.3,10524322,missing,Proposed: add as member of relation 10524322 (St. Olavsleden). Do not modify existing members of relation 10524322 (St. Olavsleden). Research aid only. Existing OSM object: way/197057240.
node/12760157391,https://www.openstreetmap.org/node/12760157391,,62.6846849,15.6086979,,shelter,,88.4,10524322,missing,Proposed: add as member of relation 10524322 (St. Olavsleden). Do not modify existing members of relation 10524322 (St. Olavsleden). Research aid only. Existing OSM object: node/12760157391.
node/4557813792,https://www.openstreetmap.org/node/4557813792,,63.0801839,14.8262810,,shelter,,88.5,10524322,missing,Proposed: add as member of relation 10524322 (St. Olavsleden). Do not modify existing members of relation 10524322 (St. Olavsleden). Research aid only. Existing OSM object: node/4557813792.
node/6621309683,https://www.openstreetmap.org/node/6621309683,,63.6793279,11.3201988,picnic_site,,,88.7,10524322,missing,Proposed: add as member of relation 10524322 (St. Olavsleden). Do not modify existing members of relation 10524322 (St. Olavsleden). Research aid only. Existing OSM object: node/6621309683.
node/1398837013,https://www.openstreetmap.org/node/1398837013,Sjetnebuin,63.5006276,11.2139035,,shelter,,89.0,10524322,missing,Proposed: add as member of relation 10524322 (St. Olavsleden). Do not modify existing members of relation 10524322 (St. Olavsleden). Research aid only. Existing OSM object: node/1398837013.
node/5055487629,https://www.openstreetmap.org/node/5055487629,,63.3945035,12.9645939,,shelter,,89.5,10524322,missing,Proposed: add as member of relation 10524322 (St. Olavsleden). Do not modify existing members of relation 10524322 (St. Olavsleden). Research aid only. Existing OSM object: node/5055487629.
node/5678268638,https://www.openstreetmap.org/node/5678268638,,63.0872414,14.7513516,,shelter,,89.8,10524322,missing,Proposed: add as member of relation 10524322 (St. Olavsleden). Do not modify existing members of relation 10524322 (St. Olavsleden). Research aid only. Existing OSM object: node/5678268638.
node/9953077617,https://www.openstreetmap.org/node/9953077617,,63.1867741,14.4674377,picnic_site,,,90.4,10524322,missing,Proposed: add as member of relation 10524322 (St. Olavsleden). Do not modify existing members of relation 10524322 (St. Olavsleden). Research aid only. Existing OSM object: node/9953077617.
node/1288237166,https://www.openstreetmap.org/node/1288237166,Grønningen skihytte,63.5699688,11.3816936,chalet,,,90.4,10524322,missing,Proposed: add as member of relation 10524322 (St. Olavsleden). Do not modify existing members of relation 10524322 (St. Olavsleden). Research aid only. Existing OSM object: node/1288237166.
node/5794395144,https://www.openstreetmap.org/node/5794395144,Rogers paviljong,63.1630289,13.7448782,,shelter,,90.5,10524322,missing,Proposed: add as member of relation 10524322 (St. Olavsleden). Do not modify existing members of relation 10524322 (St. Olavsleden). Research aid only. Existing OSM object: node/5794395144.
node/1591017007,https://www.openstreetmap.org/node/1591017007,,63.1703551,14.6592442,,shelter,,90.7,10524322,missing,Proposed: add as member of relation 10524322 (St. Olavsleden). Do not modify existing members of relation 10524322 (St. Olavsleden). Research aid only. Existing OSM object: node/1591017007.
node/1591017001,https://www.openstreetmap.org/node/1591017001,,63.1686238,14.6615796,,shelter,,91.1,10524322,missing,Proposed: add as member of relation 10524322 (St. Olavsleden). Do not modify existing members of relation 10524322 (St. Olavsleden). Research aid only. Existing OSM object: node/1591017001.
way/225883016,https://www.openstreetmap.org/way/225883016,Svartsjöstugan,63.0751706,14.6310656,,shelter,yes,91.1,10524322,missing,Proposed: add as member of relation 10524322 (St. Olavsleden). Do not modify existing members of relation 10524322 (St. Olavsleden). Research aid only. Existing OSM object: way/225883016.
node/4552986206,https://www.openstreetmap.org/node/4552986206,,63.0157688,14.4902414,,shelter,,91.6,10524322,missing,Proposed: add as member of relation 10524322 (St. Olavsleden). Do not modify existing members of relation 10524322 (St. Olavsleden). Research aid only. Existing OSM object: node/4552986206.
way/157523726,https://www.openstreetmap.org/way/157523726,Tottbacken,63.4005998,13.0893765,chalet,,yes,91.8,10524322,missing,Proposed: add as member of relation 10524322 (St. Olavsleden). Do not modify existing members of relation 10524322 (St. Olavsleden). Research aid only. Existing OSM object: way/157523726.
way/87788969,https://www.openstreetmap.org/way/87788969,,63.1787406,14.6312424,,shelter,yes,91.9,10524322,missing,Proposed: add as member of relation 10524322 (St. Olavsleden). Do not modify existing members of relation 10524322 (St. Olavsleden). Research aid only. Existing OSM object: way/87788969.
node/7134015250,https://www.openstreetmap.org/node/7134015250,Västnårskyddet,62.9468020,13.9938569,,shelter,,92.5,10524322,missing,Proposed: add as member of relation 10524322 (St. Olavsleden). Do not modify existing members of relation 10524322 (St. Olavsleden). Research aid only. Existing OSM object: node/7134015250.
node/3161836165,https://www.openstreetmap.org/node/3161836165,,63.1345948,14.7517422,,shelter,,92.6,10524322,missing,Proposed: add as member of relation 10524322 (St. Olavsleden). Do not modify existing members of relation 10524322 (St. Olavsleden). Research aid only. Existing OSM object: node/3161836165.
way/197057245,https://www.openstreetmap.org/way/197057245,502,63.1709550,14.5378914,chalet,,yes,92.9,10524322,missing,Proposed: add as member of relation 10524322 (St. Olavsleden). Do not modify existing members of relation 10524322 (St. Olavsleden). Research aid only. Existing OSM object: way/197057245.
node/1951170270,https://www.openstreetmap.org/node/1951170270,,63.3944679,12.9645232,picnic_site,,,93.6,10524322,missing,Proposed: add as member of relation 10524322 (St. Olavsleden). Do not modify existing members of relation 10524322 (St. Olavsleden). Research aid only. Existing OSM object: node/1951170270.
way/214356732,https://www.openstreetmap.org/way/214356732,,63.3971161,12.9180301,chalet,,yes,94.3,10524322,missing,Proposed: add as member of relation 10524322 (St. Olavsleden). Do not modify existing members of relation 10524322 (St. Olavsleden). Research aid only. Existing OSM object: way/214356732.
node/5055484424,https://www.openstreetmap.org/node/5055484424,,63.3169300,14.1681620,picnic_site,,,94.4,10524322,missing,Proposed: add as member of relation 10524322 (St. Olavsleden). Do not modify existing members of relation 10524322 (St. Olavsleden). Research aid only. Existing OSM object: node/5055484424.
node/5863870074,https://www.openstreetmap.org/node/5863870074,,63.1745797,14.5831731,,shelter,,94.5,10524322,missing,Proposed: add as member of relation 10524322 (St. Olavsleden). Do not modify existing members of relation 10524322 (St. Olavsleden). Research aid only. Existing OSM object: node/5863870074.
way/183503840,https://www.openstreetmap.org/way/183503840,Hotell Granen,63.4015647,13.0828268,hotel,,yes,94.5,10524322,missing,Proposed: add as member of relation 10524322 (St. Olavsleden). Do not modify existing members of relation 10524322 (St. Olavsleden). Research aid only. Existing OSM object: way/183503840.
node/13656736449,https://www.openstreetmap.org/node/13656736449,,62.9508488,15.1621515,,shelter,,94.9,10524322,missing,Proposed: add as member of relation 10524322 (St. Olavsleden). Do not modify existing members of relation 10524322 (St. Olavsleden). Research aid only. Existing OSM object: node/13656736449.
node/13062906776,https://www.openstreetmap.org/node/13062906776,Långbåten,63.0350305,14.8233762,wilderness_hut,,yes,95.1,10524322,missing,Proposed: add as member of relation 10524322 (St. Olavsleden). Do not modify existing members of relation 10524322 (St. Olavsleden). Research aid only. Existing OSM object: node/13062906776.
node/4552987933,https://www.openstreetmap.org/node/4552987933,,62.9252259,14.5159769,,shelter,,95.5,10524322,missing,Proposed: add as member of relation 10524322 (St. Olavsleden). Do not modify existing members of relation 10524322 (St. Olavsleden). Research aid only. Existing OSM object: node/4552987933.
node/8871119515,https://www.openstreetmap.org/node/8871119515,,63.4001871,13.1919381,,shelter,,95.8,10524322,missing,Proposed: add as member of relation 10524322 (St. Olavsleden). Do not modify existing members of relation 10524322 (St. Olavsleden). Research aid only. Existing OSM object: node/8871119515.
way/699294364,https://www.openstreetmap.org/way/699294364,,63.6331379,10.8113665,chalet,,cabin,96.5,10524322,missing,Proposed: add as member of relation 10524322 (St. Olavsleden). Do not modify existing members of relation 10524322 (St. Olavsleden). Research aid only. Existing OSM object: way/699294364.
node/4558300363,https://www.openstreetmap.org/node/4558300363,,63.0456863,14.8209044,,shelter,,96.7,10524322,missing,Proposed: add as member of relation 10524322 (St. Olavsleden). Do not modify existing members of relation 10524322 (St. Olavsleden). Research aid only. Existing OSM object: node/4558300363.
node/7125728679,https://www.openstreetmap.org/node/7125728679,,63.3222771,12.1034145,,shelter,,97.1,10524322,missing,Proposed: add as member of relation 10524322 (St. Olavsleden). Do not modify existing members of relation 10524322 (St. Olavsleden). Research aid only. Existing OSM object: node/7125728679.
way/1200769380,https://www.openstreetmap.org/way/1200769380,,63.3419630,13.0649152,,shelter,yes,97.2,10524322,missing,Proposed: add as member of relation 10524322 (St. Olavsleden). Do not modify existing members of relation 10524322 (St. Olavsleden). Research aid only. Existing OSM object: way/1200769380.
node/7125728706,https://www.openstreetmap.org/node/7125728706,,63.3998680,13.1946659,,shelter,,97.3,10524322,missing,Proposed: add as member of relation 10524322 (St. Olavsleden). Do not modify existing members of relation 10524322 (St. Olavsleden). Research aid only. Existing OSM object: node/7125728706.
node/12085192953,https://www.openstreetmap.org/node/12085192953,Karolinen,63.3789205,13.1492042,hotel,,,97.3,10524322,missing,Proposed: add as member of relation 10524322 (St. Olavsleden). Do not modify existing members of relation 10524322 (St. Olavsleden). Research aid only. Existing OSM object: node/12085192953.
node/2266916227,https://www.openstreetmap.org/node/2266916227,Slåttetjärn,63.0543624,14.8929613,,shelter,,97.3,10524322,missing,Proposed: add as member of relation 10524322 (St. Olavsleden). Do not modify existing members of relation 10524322 (St. Olavsleden). Research aid only. Existing OSM object: node/2266916227.
node/2149616400,https://www.openstreetmap.org/node/2149616400,Fåkersjön,63.0105647,14.5624634,,shelter,,97.5,10524322,missing,Proposed: add as member of relation 10524322 (St. Olavsleden). Do not modify existing members of relation 10524322 (St. Olavsleden). Research aid only. Existing OSM object: node/2149616400.
node/5402481486,https://www.openstreetmap.org/node/5402481486,vindskydd,62.9513327,14.7689704,,shelter,,97.6,10524322,missing,Proposed: add as member of relation 10524322 (St. Olavsleden). Do not modify existing members of relation 10524322 (St. Olavsleden). Research aid only. Existing OSM object: node/5402481486.
node/1951169637,https://www.openstreetmap.org/node/1951169637,Renen,63.3926093,12.9170213,hotel,,,97.8,10524322,missing,Proposed: add as member of relation 10524322 (St. Olavsleden). Do not modify existing members of relation 10524322 (St. Olavsleden). Research aid only. Existing OSM object: node/1951169637.
way/197057237,https://www.openstreetmap.org/way/197057237,501,63.1710020,14.5378781,chalet,,yes,97.9,10524322,missing,Proposed: add as member of relation 10524322 (St. Olavsleden). Do not modify existing members of relation 10524322 (St. Olavsleden). Research aid only. Existing OSM object: way/197057237.
node/3169633714,https://www.openstreetmap.org/node/3169633714,,63.1938404,14.5799246,,shelter,,98.1,10524322,missing,Proposed: add as member of relation 10524322 (St. Olavsleden). Do not modify existing members of relation 10524322 (St. Olavsleden). Research aid only. Existing OSM object: node/3169633714.
node/4558300452,https://www.openstreetmap.org/node/4558300452,,62.9940762,14.5763881,,shelter,,98.4,10524322,missing,Proposed: add as member of relation 10524322 (St. Olavsleden). Do not modify existing members of relation 10524322 (St. Olavsleden). Research aid only. Existing OSM object: node/4558300452.
node/290482991,https://www.openstreetmap.org/node/290482991,Camp Viking,62.9184245,15.2512888,camp_site,,,98.4,10524322,missing,Proposed: add as member of relation 10524322 (St. Olavsleden). Do not modify existing members of relation 10524322 (St. Olavsleden). Research aid only. Existing OSM object: node/290482991.
node/4067545543,https://www.openstreetmap.org/node/4067545543,,63.0010890,14.6418303,,shelter,,99.2,10524322,missing,Proposed: add as member of relation 10524322 (St. Olavsleden). Do not modify existing members of relation 10524322 (St. Olavsleden). Research aid only. Existing OSM object: node/4067545543.
way/99409175,https://www.openstreetmap.org/way/99409175,Frösö Camping,63.1710881,14.5391893,camp_site,,,99.2,10524322,missing,Proposed: add as member of relation 10524322 (St. Olavsleden). Do not modify existing members of relation 10524322 (St. Olavsleden). Research aid only. Existing OSM object: way/99409175.
way/670170907,https://www.openstreetmap.org/way/670170907,Ångsta Camping,63.0326061,14.8005056,camp_site,,,99.7,10524322,missing,Proposed: add as member of relation 10524322 (St. Olavsleden). Do not modify existing members of relation 10524322 (St. Olavsleden). Research aid only. Existing OSM object: way/670170907.
node/5402477690,https://www.openstreetmap.org/node/5402477690,vindskydd,62.8852694,14.8222940,,shelter,,99.8,10524322,missing,Proposed: add as member of relation 10524322 (St. Olavsleden). Do not modify existing members of relation 10524322 (St. Olavsleden). Research aid only. Existing OSM object: node/5402477690.
node/5055451239,https://www.openstreetmap.org/node/5055451239,,63.3936560,12.9168610,picnic_site,,,100.3,10524322,missing,Proposed: add as member of relation 10524322 (St. Olavsleden). Do not modify existing members of relation 10524322 (St. Olavsleden). Research aid only. Existing OSM object: node/5055451239.
node/4558467476,https://www.openstreetmap.org/node/4558467476,,63.1590266,14.6704944,,shelter,,100.6,10524322,missing,Proposed: add as member of relation 10524322 (St. Olavsleden). Do not modify existing members of relation 10524322 (St. Olavsleden). Research aid only. Existing OSM object: node/4558467476.
way/1394201102,https://www.openstreetmap.org/way/1394201102,Granen Residence,63.4014441,13.0825436,hotel,,yes,100.6,10524322,missing,Proposed: add as member of relation 10524322 (St. Olavsleden). Do not modify existing members of relation 10524322 (St. Olavsleden). Research aid only. Existing OSM object: way/1394201102.
node/4558901749,https://www.openstreetmap.org/node/4558901749,,63.1535668,14.6892229,,shelter,,101.0,10524322,missing,Proposed: add as member of relation 10524322 (St. Olavsleden). Do not modify existing members of relation 10524322 (St. Olavsleden). Research aid only. Existing OSM object: node/4558901749.
way/609899583,https://www.openstreetmap.org/way/609899583,Østnes Camping,63.7749971,11.7278144,camp_site,,,101.1,10524322,missing,Proposed: add as member of relation 10524322 (St. Olavsleden). Do not modify existing members of relation 10524322 (St. Olavsleden). Research aid only. Existing OSM object: way/609899583.
way/699294363,https://www.openstreetmap.org/way/699294363,,63.6331882,10.8116329,chalet,,cabin,101.8,10524322,missing,Proposed: add as member of relation 10524322 (St. Olavsleden). Do not modify existing members of relation 10524322 (St. Olavsleden). Research aid only. Existing OSM object: way/699294363.
node/3169633710,https://www.openstreetmap.org/node/3169633710,,63.1937495,14.5801394,,shelter,,102.7,10524322,missing,Proposed: add as member of relation 10524322 (St. Olavsleden). Do not modify existing members of relation 10524322 (St. Olavsleden). Research aid only. Existing OSM object: node/3169633710.
node/12646509412,https://www.openstreetmap.org/node/12646509412,,63.1869006,14.6381996,,shelter,,102.7,10524322,missing,Proposed: add as member of relation 10524322 (St. Olavsleden). Do not modify existing members of relation 10524322 (St. Olavsleden). Research aid only. Existing OSM object: node/12646509412.
node/13246508845,https://www.openstreetmap.org/node/13246508845,Värmestuga,63.4023691,13.0760216,,shelter,,102.8,10524322,missing,Proposed: add as member of relation 10524322 (St. Olavsleden). Do not modify existing members of relation 10524322 (St. Olavsleden). Research aid only. Existing OSM object: node/13246508845.
node/528985386,https://www.openstreetmap.org/node/528985386,,62.4694158,16.3831910,picnic_site,,,103.3,10524322,missing,Proposed: add as member of relation 10524322 (St. Olavsleden). Do not modify existing members of relation 10524322 (St. Olavsleden). Research aid only. Existing OSM object: node/528985386.
node/4558467479,https://www.openstreetmap.org/node/4558467479,,63.1600105,14.6668861,,shelter,,103.4,10524322,missing,Proposed: add as member of relation 10524322 (St. Olavsleden). Do not modify existing members of relation 10524322 (St. Olavsleden). Research aid only. Existing OSM object: node/4558467479.
node/7125728685,https://www.openstreetmap.org/node/7125728685,,63.2556725,12.4461365,,shelter,,103.4,10524322,missing,Proposed: add as member of relation 10524322 (St. Olavsleden). Do not modify existing members of relation 10524322 (St. Olavsleden). Research aid only. Existing OSM object: node/7125728685.
node/10083127429,https://www.openstreetmap.org/node/10083127429,,63.4998846,11.8679300,,shelter,,103.9,10524322,missing,Proposed: add as member of relation 10524322 (St. Olavsleden). Do not modify existing members of relation 10524322 (St. Olavsleden). Research aid only. Existing OSM object: node/10083127429.
node/3169633661,https://www.openstreetmap.org/node/3169633661,,63.1684891,14.5620297,,shelter,,104.1,10524322,missing,Proposed: add as member of relation 10524322 (St. Olavsleden). Do not modify existing members of relation 10524322 (St. Olavsleden). Research aid only. Existing OSM object: node/3169633661.
node/12357604711,https://www.openstreetmap.org/node/12357604711,,63.4076168,13.0731525,,shelter,,104.8,10524322,missing,Proposed: add as member of relation 10524322 (St. Olavsleden). Do not modify existing members of relation 10524322 (St. Olavsleden). Research aid only. Existing OSM object: node/12357604711.
node/963784196,https://www.openstreetmap.org/node/963784196,,63.1802496,14.5257413,,shelter,,104.9,10524322,missing,Proposed: add as member of relation 10524322 (St. Olavsleden). Do not modify existing members of relation 10524322 (St. Olavsleden). Research aid only. Existing OSM object: node/963784196.
node/1950170371,https://www.openstreetmap.org/node/1950170371,Hotell Duvedsgården,63.3906282,12.9171847,hotel,,,105.2,10524322,missing,Proposed: add as member of relation 10524322 (St. Olavsleden). Do not modify existing members of relation 10524322 (St. Olavsleden). Research aid only. Existing OSM object: node/1950170371.
node/3169633670,https://www.openstreetmap.org/node/3169633670,,63.1691736,14.5644755,,shelter,,105.7,10524322,missing,Proposed: add as member of relation 10524322 (St. Olavsleden). Do not modify existing members of relation 10524322 (St. Olavsleden). Research aid only. Existing OSM object: node/3169633670.
node/6010072004,https://www.openstreetmap.org/node/6010072004,,63.1702384,14.5473157,,shelter,,105.9,10524322,missing,Proposed: add as member of relation 10524322 (St. Olavsleden). Do not modify existing members of relation 10524322 (St. Olavsleden). Research aid only. Existing OSM object: node/6010072004.
node/13201625866,https://www.openstreetmap.org/node/13201625866,,63.3984641,12.7505356,,shelter,,106.0,10524322,missing,Proposed: add as member of relation 10524322 (St. Olavsleden). Do not modify existing members of relation 10524322 (St. Olavsleden). Research aid only. Existing OSM object: node/13201625866.
way/297511988,https://www.openstreetmap.org/way/297511988,First Camp Fläsian,62.3593996,17.3709588,camp_site,,,106.2,10524322,missing,Proposed: add as member of relation 10524322 (St. Olavsleden). Do not modify existing members of relation 10524322 (St. Olavsleden). Research aid only. Existing OSM object: way/297511988.
node/3161063564,https://www.openstreetmap.org/node/3161063564,Svartsjöstugan,63.1590411,14.6711102,,shelter,,106.7,10524322,missing,Proposed: add as member of relation 10524322 (St. Olavsleden). Do not modify existing members of relation 10524322 (St. Olavsleden). Research aid only. Existing OSM object: node/3161063564.
node/2159996456,https://www.openstreetmap.org/node/2159996456,,62.6985911,15.4340317,,shelter,,107.0,10524322,missing,Proposed: add as member of relation 10524322 (St. Olavsleden). Do not modify existing members of relation 10524322 (St. Olavsleden). Research aid only. Existing OSM object: node/2159996456.
node/13760513370,https://www.openstreetmap.org/node/13760513370,,63.1807764,14.6038154,,shelter,,107.1,10524322,missing,Proposed: add as member of relation 10524322 (St. Olavsleden). Do not modify existing members of relation 10524322 (St. Olavsleden). Research aid only. Existing OSM object: node/13760513370.
way/185557596,https://www.openstreetmap.org/way/185557596,Åre Torg Hotell,63.4011486,13.0774799,hotel,,yes,107.7,10524322,missing,Proposed: add as member of relation 10524322 (St. Olavsleden). Do not modify existing members of relation 10524322 (St. Olavsleden). Research aid only. Existing OSM object: way/185557596.
node/7125728707,https://www.openstreetmap.org/node/7125728707,,63.3371200,13.1876390,,shelter,,108.4,10524322,missing,Proposed: add as member of relation 10524322 (St. Olavsleden). Do not modify existing members of relation 10524322 (St. Olavsleden). Research aid only. Existing OSM object: node/7125728707.
way/699294362,https://www.openstreetmap.org/way/699294362,,63.6332370,10.8119014,chalet,,cabin,108.5,10524322,missing,Proposed: add as member of relation 10524322 (St. Olavsleden). Do not modify existing members of relation 10524322 (St. Olavsleden). Research aid only. Existing OSM object: way/699294362.
node/3167575069,https://www.openstreetmap.org/node/3167575069,,63.1687384,14.5682238,,shelter,,108.5,10524322,missing,Proposed: add as member of relation 10524322 (St. Olavsleden). Do not modify existing members of relation 10524322 (St. Olavsleden). Research aid only. Existing OSM object: node/3167575069.
way/214356715,https://www.openstreetmap.org/way/214356715,,63.3969259,12.9179811,chalet,,yes,108.5,10524322,missing,Proposed: add as member of relation 10524322 (St. Olavsleden). Do not modify existing members of relation 10524322 (St. Olavsleden). Research aid only. Existing OSM object: way/214356715.
node/3171238764,https://www.openstreetmap.org/node/3171238764,,63.1557108,14.6845027,,shelter,,108.9,10524322,missing,Proposed: add as member of relation 10524322 (St. Olavsleden). Do not modify existing members of relation 10524322 (St. Olavsleden). Research aid only. Existing OSM object: node/3171238764.
node/4558612391,https://www.openstreetmap.org/node/4558612391,,63.1670794,14.5542427,,shelter,,109.2,10524322,missing,Proposed: add as member of relation 10524322 (St. Olavsleden). Do not modify existing members of relation 10524322 (St. Olavsleden). Research aid only. Existing OSM object: node/4558612391.
way/699294367,https://www.openstreetmap.org/way/699294367,,63.6337384,10.8134404,chalet,,cabin,109.8,10524322,missing,Proposed: add as member of relation 10524322 (St. Olavsleden). Do not modify existing members of relation 10524322 (St. Olavsleden). Research aid only. Existing OSM object: way/699294367.
node/4554562234,https://www.openstreetmap.org/node/4554562234,,63.0360654,14.4684256,,shelter,,110.2,10524322,missing,Proposed: add as member of relation 10524322 (St. Olavsleden). Do not modify existing members of relation 10524322 (St. Olavsleden). Research aid only. Existing OSM object: node/4554562234.
way/695854702,https://www.openstreetmap.org/way/695854702,Vällistegården,63.3108362,13.2319456,camp_site,,,110.2,10524322,missing,Proposed: add as member of relation 10524322 (St. Olavsleden). Do not modify existing members of relation 10524322 (St. Olavsleden). Research aid only. Existing OSM object: way/695854702.
node/7781887273,https://www.openstreetmap.org/node/7781887273,,63.4792102,11.3322201,,shelter,,111.0,10524322,missing,Proposed: add as member of relation 10524322 (St. Olavsleden). Do not modify existing members of relation 10524322 (St. Olavsleden). Research aid only. Existing OSM object: node/7781887273.
node/560562756,https://www.openstreetmap.org/node/560562756,Home Hotel Grand,62.3895877,17.3112410,hotel,,,111.5,10524322,missing,Proposed: add as member of relation 10524322 (St. Olavsleden). Do not modify existing members of relation 10524322 (St. Olavsleden). Research aid only. Existing OSM object: node/560562756.
node/1540080948,https://www.openstreetmap.org/node/1540080948,,63.1744659,14.6511261,,shelter,,111.8,10524322,missing,Proposed: add as member of relation 10524322 (St. Olavsleden). Do not modify existing members of relation 10524322 (St. Olavsleden). Research aid only. Existing OSM object: node/1540080948.
node/6438114537,https://www.openstreetmap.org/node/6438114537,Hotell Stortorget,63.1798195,14.6366856,hotel,,,112.0,10524322,missing,Proposed: add as member of relation 10524322 (St. Olavsleden). Do not modify existing members of relation 10524322 (St. Olavsleden). Research aid only. Existing OSM object: node/6438114537.
node/2429418577,https://www.openstreetmap.org/node/2429418577,,63.4324554,10.7239839,picnic_site,,,112.1,10524322,missing,Proposed: add as member of relation 10524322 (St. Olavsleden). Do not modify existing members of relation 10524322 (St. Olavsleden). Research aid only. Existing OSM object: node/2429418577.
way/214356728,https://www.openstreetmap.org/way/214356728,,63.3971434,12.9175930,chalet,,yes,112.3,10524322,missing,Proposed: add as member of relation 10524322 (St. Olavsleden). Do not modify existing members of relation 10524322 (St. Olavsleden). Research aid only. Existing OSM object: way/214356728.
node/3169633682,https://www.openstreetmap.org/node/3169633682,,63.1715854,14.5886534,,shelter,,112.4,10524322,missing,Proposed: add as member of relation 10524322 (St. Olavsleden). Do not modify existing members of relation 10524322 (St. Olavsleden). Research aid only. Existing OSM object: node/3169633682.
node/4558676056,https://www.openstreetmap.org/node/4558676056,,63.1956616,14.5940401,,shelter,,112.5,10524322,missing,Proposed: add as member of relation 10524322 (St. Olavsleden). Do not modify existing members of relation 10524322 (St. Olavsleden). Research aid only. Existing OSM object: node/4558676056.
node/12048068479,https://www.openstreetmap.org/node/12048068479,,62.7434831,15.4353826,,shelter,,113.1,10524322,missing,Proposed: add as member of relation 10524322 (St. Olavsleden). Do not modify existing members of relation 10524322 (St. Olavsleden). Research aid only. Existing OSM object: node/12048068479.
node/11547992641,https://www.openstreetmap.org/node/11547992641,,62.5311235,16.6911092,camp_site,,,114.1,10524322,missing,Proposed: add as member of relation 10524322 (St. Olavsleden). Do not modify existing members of relation 10524322 (St. Olavsleden). Research aid only. Existing OSM object: node/11547992641.
node/4554562270,https://www.openstreetmap.org/node/4554562270,,63.0279430,14.4749270,,shelter,,114.5,10524322,missing,Proposed: add as member of relation 10524322 (St. Olavsleden). Do not modify existing members of relation 10524322 (St. Olavsleden). Research aid only. Existing OSM object: node/4554562270.
node/821049596,https://www.openstreetmap.org/node/821049596,Vindarnas tempel,63.3368461,12.0945021,,shelter,,114.7,10524322,missing,Proposed: add as member of relation 10524322 (St. Olavsleden). Do not modify existing members of relation 10524322 (St. Olavsleden). Research aid only. Existing OSM object: node/821049596.
way/91904661,https://www.openstreetmap.org/way/91904661,,63.1777959,14.6313957,,shelter,yes,115.2,10524322,missing,Proposed: add as member of relation 10524322 (St. Olavsleden). Do not modify existing members of relation 10524322 (St. Olavsleden). Research aid only. Existing OSM object: way/91904661.
node/730021680,https://www.openstreetmap.org/node/730021680,,62.5283469,16.1575882,,shelter,,115.7,10524322,missing,Proposed: add as member of relation 10524322 (St. Olavsleden). Do not modify existing members of relation 10524322 (St. Olavsleden). Research aid only. Existing OSM object: node/730021680.
node/1541306501,https://www.openstreetmap.org/node/1541306501,,63.1794103,14.6135592,,shelter,,116.1,10524322,missing,Proposed: add as member of relation 10524322 (St. Olavsleden). Do not modify existing members of relation 10524322 (St. Olavsleden). Research aid only. Existing OSM object: node/1541306501.
node/9907274818,https://www.openstreetmap.org/node/9907274818,Mid Sweden 365,62.9157205,15.1910710,camp_site,,,117.4,10524322,missing,Proposed: add as member of relation 10524322 (St. Olavsleden). Do not modify existing members of relation 10524322 (St. Olavsleden). Research aid only. Existing OSM object: node/9907274818.
way/185525168,https://www.openstreetmap.org/way/185525168,Åre Village 1,63.4026235,13.0673190,apartment,,yes,117.5,10524322,missing,Proposed: add as member of relation 10524322 (St. Olavsleden). Do not modify existing members of relation 10524322 (St. Olavsleden). Research aid only. Existing OSM object: way/185525168.
way/185557546,https://www.openstreetmap.org/way/185557546,AGO Mitt i Åre,63.4012925,13.0769483,hotel,,yes,117.6,10524322,missing,Proposed: add as member of relation 10524322 (St. Olavsleden). Do not modify existing members of relation 10524322 (St. Olavsleden). Research aid only. Existing OSM object: way/185557546.
node/5678268568,https://www.openstreetmap.org/node/5678268568,,63.1257882,14.6882406,,shelter,,117.7,10524322,missing,Proposed: add as member of relation 10524322 (St. Olavsleden). Do not modify existing members of relation 10524322 (St. Olavsleden). Research aid only. Existing OSM object: node/5678268568.
node/3161686866,https://www.openstreetmap.org/node/3161686866,,63.1761158,14.6390604,,shelter,,118.1,10524322,missing,Proposed: add as member of relation 10524322 (St. Olavsleden). Do not modify existing members of relation 10524322 (St. Olavsleden). Research aid only. Existing OSM object: node/3161686866.
way/699294368,https://www.openstreetmap.org/way/699294368,,63.6337026,10.8131553,chalet,,cabin,118.5,10524322,missing,Proposed: add as member of relation 10524322 (St. Olavsleden). Do not modify existing members of relation 10524322 (St. Olavsleden). Research aid only. Existing OSM object: way/699294368.
way/833914081,https://www.openstreetmap.org/way/833914081,,62.4032660,16.6958283,chalet,,yes,118.5,10524322,missing,Proposed: add as member of relation 10524322 (St. Olavsleden). Do not modify existing members of relation 10524322 (St. Olavsleden). Research aid only. Existing OSM object: way/833914081.
node/4560645961,https://www.openstreetmap.org/node/4560645961,Kjellarbu,63.3604723,11.1189681,chalet,,,118.5,10524322,missing,Proposed: add as member of relation 10524322 (St. Olavsleden). Do not modify existing members of relation 10524322 (St. Olavsleden). Research aid only. Existing OSM object: node/4560645961.
way/1162124367,https://www.openstreetmap.org/way/1162124367,,62.3644061,17.2991646,,shelter,,118.7,10524322,missing,Proposed: add as member of relation 10524322 (St. Olavsleden). Do not modify existing members of relation 10524322 (St. Olavsleden). Research aid only. Existing OSM object: way/1162124367.
node/3161686870,https://www.openstreetmap.org/node/3161686870,,63.1763707,14.6390164,,shelter,,118.8,10524322,missing,Proposed: add as member of relation 10524322 (St. Olavsleden). Do not modify existing members of relation 10524322 (St. Olavsleden). Research aid only. Existing OSM object: node/3161686870.
node/3620392887,https://www.openstreetmap.org/node/3620392887,,63.4432198,12.7413380,picnic_site,,,119.3,10524322,missing,Proposed: add as member of relation 10524322 (St. Olavsleden). Do not modify existing members of relation 10524322 (St. Olavsleden). Research aid only. Existing OSM object: node/3620392887.
node/1642118079,https://www.openstreetmap.org/node/1642118079,,62.7540401,15.4365406,,shelter,,119.4,10524322,missing,Proposed: add as member of relation 10524322 (St. Olavsleden). Do not modify existing members of relation 10524322 (St. Olavsleden). Research aid only. Existing OSM object: node/1642118079.
node/5527727538,https://www.openstreetmap.org/node/5527727538,,62.8550978,14.3811465,,shelter,,119.4,10524322,missing,Proposed: add as member of relation 10524322 (St. Olavsleden). Do not modify existing members of relation 10524322 (St. Olavsleden). Research aid only. Existing OSM object: node/5527727538.
node/12996002058,https://www.openstreetmap.org/node/12996002058,,63.4312869,10.4660260,picnic_site,,,119.6,10524322,missing,Proposed: add as member of relation 10524322 (St. Olavsleden). Do not modify existing members of relation 10524322 (St. Olavsleden). Research aid only. Existing OSM object: node/12996002058.
node/14001013889,https://www.openstreetmap.org/node/14001013889,,63.0407471,14.4482613,picnic_site,,,120.3,10524322,missing,Proposed: add as member of relation 10524322 (St. Olavsleden). Do not modify existing members of relation 10524322 (St. Olavsleden). Research aid only. Existing OSM object: node/14001013889.
way/180816913,https://www.openstreetmap.org/way/180816913,,63.3990249,12.9685668,chalet,,residential,120.8,10524322,missing,Proposed: add as member of relation 10524322 (St. Olavsleden). Do not modify existing members of relation 10524322 (St. Olavsleden). Research aid only. Existing OSM object: way/180816913.
node/2211994013,https://www.openstreetmap.org/node/2211994013,,62.4950824,16.1606938,,shelter,,121.2,10524322,missing,Proposed: add as member of relation 10524322 (St. Olavsleden). Do not modify existing members of relation 10524322 (St. Olavsleden). Research aid only. Existing OSM object: node/2211994013.
way/214356684,https://www.openstreetmap.org/way/214356684,,63.3969906,12.9175693,chalet,,yes,121.2,10524322,missing,Proposed: add as member of relation 10524322 (St. Olavsleden). Do not modify existing members of relation 10524322 (St. Olavsleden). Research aid only. Existing OSM object: way/214356684.
node/5677876504,https://www.openstreetmap.org/node/5677876504,,63.0005045,14.7458893,,shelter,,121.4,10524322,missing,Proposed: add as member of relation 10524322 (St. Olavsleden). Do not modify existing members of relation 10524322 (St. Olavsleden). Research aid only. Existing OSM object: node/5677876504.
node/560561568,https://www.openstreetmap.org/node/560561568,Best Western Hotel Baltic,62.3909859,17.3132780,hotel,,,122.0,10524322,missing,Proposed: add as member of relation 10524322 (St. Olavsleden). Do not modify existing members of relation 10524322 (St. Olavsleden). Research aid only. Existing OSM object: node/560561568.
way/1376536257,https://www.openstreetmap.org/way/1376536257,,63.4335494,10.4565550,,shelter,yes,122.7,10524322,missing,Proposed: add as member of relation 10524322 (St. Olavsleden). Do not modify existing members of relation 10524322 (St. Olavsleden). Research aid only. Existing OSM object: way/1376536257.
node/8044655291,https://www.openstreetmap.org/node/8044655291,Big shelter,62.4698393,16.3828111,,shelter,,122.8,10524322,missing,Proposed: add as member of relation 10524322 (St. Olavsleden). Do not modify existing members of relation 10524322 (St. Olavsleden). Research aid only. Existing OSM object: node/8044655291.
node/12116662917,https://www.openstreetmap.org/node/12116662917,,63.0029519,13.9553249,,shelter,,123.2,10524322,missing,Proposed: add as member of relation 10524322 (St. Olavsleden). Do not modify existing members of relation 10524322 (St. Olavsleden). Research aid only. Existing OSM object: node/12116662917.
node/1577085211,https://www.openstreetmap.org/node/1577085211,,63.1840975,14.6201306,,shelter,,123.4,10524322,missing,Proposed: add as member of relation 10524322 (St. Olavsleden). Do not modify existing members of relation 10524322 (St. Olavsleden). Research aid only. Existing OSM object: node/1577085211.
node/12996002057,https://www.openstreetmap.org/node/12996002057,,63.4312477,10.4660473,picnic_site,,,123.6,10524322,missing,Proposed: add as member of relation 10524322 (St. Olavsleden). Do not modify existing members of relation 10524322 (St. Olavsleden). Research aid only. Existing OSM object: node/12996002057.
node/7125728334,https://www.openstreetmap.org/node/7125728334,,62.8643703,14.9879265,,shelter,,124.8,10524322,missing,Proposed: add as member of relation 10524322 (St. Olavsleden). Do not modify existing members of relation 10524322 (St. Olavsleden). Research aid only. Existing OSM object: node/7125728334.
node/1035975163,https://www.openstreetmap.org/node/1035975163,,63.2260455,14.4717717,,shelter,,125.3,10524322,missing,Proposed: add as member of relation 10524322 (St. Olavsleden). Do not modify existing members of relation 10524322 (St. Olavsleden). Research aid only. Existing OSM object: node/1035975163.
node/5678268673,https://www.openstreetmap.org/node/5678268673,,63.0736225,14.7690730,,shelter,,125.9,10524322,missing,Proposed: add as member of relation 10524322 (St. Olavsleden). Do not modify existing members of relation 10524322 (St. Olavsleden). Research aid only. Existing OSM object: node/5678268673.
way/699294369,https://www.openstreetmap.org/way/699294369,,63.6336338,10.8128778,chalet,,cabin,126.1,10524322,missing,Proposed: add as member of relation 10524322 (St. Olavsleden). Do not modify existing members of relation 10524322 (St. Olavsleden). Research aid only. Existing OSM object: way/699294369.
node/4558611081,https://www.openstreetmap.org/node/4558611081,,63.1662496,14.5997904,,shelter,,126.1,10524322,missing,Proposed: add as member of relation 10524322 (St. Olavsleden). Do not modify existing members of relation 10524322 (St. Olavsleden). Research aid only. Existing OSM object: node/4558611081.
node/1541306528,https://www.openstreetmap.org/node/1541306528,,63.1820196,14.6191355,,shelter,,126.3,10524322,missing,Proposed: add as member of relation 10524322 (St. Olavsleden). Do not modify existing members of relation 10524322 (St. Olavsleden). Research aid only. Existing OSM object: node/1541306528.
way/302275367,https://www.openstreetmap.org/way/302275367,Storliens Bed & Breakfast,63.3172729,12.0977570,hotel,,yes,126.3,10524322,missing,Proposed: add as member of relation 10524322 (St. Olavsleden). Do not modify existing members of relation 10524322 (St. Olavsleden). Research aid only. Existing OSM object: way/302275367.
node/13592909639,https://www.openstreetmap.org/node/13592909639,Lilla Hotellet,62.3894910,17.3103804,hotel,,,127.0,10524322,missing,Proposed: add as member of relation 10524322 (St. Olavsleden). Do not modify existing members of relation 10524322 (St. Olavsleden). Research aid only. Existing OSM object: node/13592909639.
node/13592916948,https://www.openstreetmap.org/node/13592916948,Hotel Continental,62.3894571,17.3106767,apartment,,,127.3,10524322,missing,Proposed: add as member of relation 10524322 (St. Olavsleden). Do not modify existing members of relation 10524322 (St. Olavsleden). Research aid only. Existing OSM object: node/13592916948.
node/5055451240,https://www.openstreetmap.org/node/5055451240,,63.3464090,13.4615290,picnic_site,,,127.4,10524322,missing,Proposed: add as member of relation 10524322 (St. Olavsleden). Do not modify existing members of relation 10524322 (St. Olavsleden). Research aid only. Existing OSM object: node/5055451240.
node/4557813762,https://www.openstreetmap.org/node/4557813762,,63.1038363,14.7953196,,shelter,,127.9,10524322,missing,Proposed: add as member of relation 10524322 (St. Olavsleden). Do not modify existing members of relation 10524322 (St. Olavsleden). Research aid only. Existing OSM object: node/4557813762.
node/2410403505,https://www.openstreetmap.org/node/2410403505,Vindskydd,62.5379385,16.0233863,,shelter,,128.0,10524322,missing,Proposed: add as member of relation 10524322 (St. Olavsleden). Do not modify existing members of relation 10524322 (St. Olavsleden). Research aid only. Existing OSM object: node/2410403505.
node/3167643183,https://www.openstreetmap.org/node/3167643183,Svartsjöstugan,63.1525016,14.6982060,,shelter,,128.4,10524322,missing,Proposed: add as member of relation 10524322 (St. Olavsleden). Do not modify existing members of relation 10524322 (St. Olavsleden). Research aid only. Existing OSM object: node/3167643183.
way/214356699,https://www.openstreetmap.org/way/214356699,,63.3971948,12.9171943,chalet,,yes,128.9,10524322,missing,Proposed: add as member of relation 10524322 (St. Olavsleden). Do not modify existing members of relation 10524322 (St. Olavsleden). Research aid only. Existing OSM object: way/214356699.
way/175424875,https://www.openstreetmap.org/way/175424875,Storsand Gård Camping,63.4342505,10.7096400,camp_site,,,128.9,10524322,missing,Proposed: add as member of relation 10524322 (St. Olavsleden). Do not modify existing members of relation 10524322 (St. Olavsleden). Research aid only. Existing OSM object: way/175424875.
node/771820383,https://www.openstreetmap.org/node/771820383,Husåsen,63.4994893,11.0379997,chalet,shelter,,129.5,10524322,missing,Proposed: add as member of relation 10524322 (St. Olavsleden). Do not modify existing members of relation 10524322 (St. Olavsleden). Research aid only. Existing OSM object: node/771820383.
way/699294372,https://www.openstreetmap.org/way/699294372,Fjordbuer,63.6334309,10.8119429,camp_site,,,130.1,10524322,missing,Proposed: add as member of relation 10524322 (St. Olavsleden). Do not modify existing members of relation 10524322 (St. Olavsleden). Research aid only. Existing OSM object: way/699294372.
node/3167575102,https://www.openstreetmap.org/node/3167575102,,63.1734223,14.6446105,,shelter,,130.5,10524322,missing,Proposed: add as member of relation 10524322 (St. Olavsleden). Do not modify existing members of relation 10524322 (St. Olavsleden). Research aid only. Existing OSM object: node/3167575102.
node/1541306494,https://www.openstreetmap.org/node/1541306494,,63.1792817,14.6137321,,shelter,,130.8,10524322,missing,Proposed: add as member of relation 10524322 (St. Olavsleden). Do not modify existing members of relation 10524322 (St. Olavsleden). Research aid only. Existing OSM object: node/1541306494.
node/470641849,https://www.openstreetmap.org/node/470641849,Clarion Hotel Grand,63.1799345,14.6363446,hotel,,,131.1,10524322,missing,Proposed: add as member of relation 10524322 (St. Olavsleden). Do not modify existing members of relation 10524322 (St. Olavsleden). Research aid only. Existing OSM object: node/470641849.
node/3610852347,https://www.openstreetmap.org/node/3610852347,,63.0041635,13.9512020,,shelter,,131.3,10524322,missing,Proposed: add as member of relation 10524322 (St. Olavsleden). Do not modify existing members of relation 10524322 (St. Olavsleden). Research aid only. Existing OSM object: node/3610852347.
node/4554562229,https://www.openstreetmap.org/node/4554562229,,63.0449893,14.4554694,,shelter,,131.3,10524322,missing,Proposed: add as member of relation 10524322 (St. Olavsleden). Do not modify existing members of relation 10524322 (St. Olavsleden). Research aid only. Existing OSM object: node/4554562229.
way/214356689,https://www.openstreetmap.org/way/214356689,,63.3970708,12.9172450,chalet,,yes,131.5,10524322,missing,Proposed: add as member of relation 10524322 (St. Olavsleden). Do not modify existing members of relation 10524322 (St. Olavsleden). Research aid only. Existing OSM object: way/214356689.
node/14081875522,https://www.openstreetmap.org/node/14081875522,Shelter,63.0624950,14.9046563,,shelter,,131.6,10524322,missing,Proposed: add as member of relation 10524322 (St. Olavsleden). Do not modify existing members of relation 10524322 (St. Olavsleden). Research aid only. Existing OSM object: node/14081875522.
node/7125728681,https://www.openstreetmap.org/node/7125728681,,63.3105129,12.1307248,,shelter,,132.5,10524322,missing,Proposed: add as member of relation 10524322 (St. Olavsleden). Do not modify existing members of relation 10524322 (St. Olavsleden). Research aid only. Existing OSM object: node/7125728681.
node/2338237647,https://www.openstreetmap.org/node/2338237647,,62.9901417,14.7288686,picnic_site,,,132.8,10524322,missing,Proposed: add as member of relation 10524322 (St. Olavsleden). Do not modify existing members of relation 10524322 (St. Olavsleden). Research aid only. Existing OSM object: node/2338237647.
node/5783911363,https://www.openstreetmap.org/node/5783911363,,63.1825371,14.6378821,,shelter,,133.3,10524322,missing,Proposed: add as member of relation 10524322 (St. Olavsleden). Do not modify existing members of relation 10524322 (St. Olavsleden). Research aid only. Existing OSM object: node/5783911363.
way/92708936,https://www.openstreetmap.org/way/92708936,Gamla Teatern,63.1751478,14.6404828,hotel,,yes,135.6,10524322,missing,Proposed: add as member of relation 10524322 (St. Olavsleden). Do not modify existing members of relation 10524322 (St. Olavsleden). Research aid only. Existing OSM object: way/92708936.
node/5678268674,https://www.openstreetmap.org/node/5678268674,,63.0734501,14.7689804,,shelter,,136.4,10524322,missing,Proposed: add as member of relation 10524322 (St. Olavsleden). Do not modify existing members of relation 10524322 (St. Olavsleden). Research aid only. Existing OSM object: node/5678268674.
way/1101874872,https://www.openstreetmap.org/way/1101874872,Sønningen dagsturhytte,63.6719520,10.9804765,wilderness_hut,,hut,137.3,10524322,missing,Proposed: add as member of relation 10524322 (St. Olavsleden). Do not modify existing members of relation 10524322 (St. Olavsleden). Research aid only. Existing OSM object: way/1101874872.
node/3161686749,https://www.openstreetmap.org/node/3161686749,,63.1660789,14.6511239,,shelter,,138.1,10524322,missing,Proposed: add as member of relation 10524322 (St. Olavsleden). Do not modify existing members of relation 10524322 (St. Olavsleden). Research aid only. Existing OSM object: node/3161686749.
node/5678268612,https://www.openstreetmap.org/node/5678268612,,63.1048623,14.7363782,,shelter,,140.7,10524322,missing,Proposed: add as member of relation 10524322 (St. Olavsleden). Do not modify existing members of relation 10524322 (St. Olavsleden). Research aid only. Existing OSM object: node/5678268612.
node/4067545542,https://www.openstreetmap.org/node/4067545542,,62.9912076,14.5993566,,shelter,,140.8,10524322,missing,Proposed: add as member of relation 10524322 (St. Olavsleden). Do not modify existing members of relation 10524322 (St. Olavsleden). Research aid only. Existing OSM object: node/4067545542.
way/183503835,https://www.openstreetmap.org/way/183503835,Fresks Pensionat,63.4020018,13.0863954,hotel,,yes,141.2,10524322,missing,Proposed: add as member of relation 10524322 (St. Olavsleden). Do not modify existing members of relation 10524322 (St. Olavsleden). Research aid only. Existing OSM object: way/183503835.
node/3161686752,https://www.openstreetmap.org/node/3161686752,,63.1664020,14.6506970,,shelter,,141.8,10524322,missing,Proposed: add as member of relation 10524322 (St. Olavsleden). Do not modify existing members of relation 10524322 (St. Olavsleden). Research aid only. Existing OSM object: node/3161686752.
node/13333721540,https://www.openstreetmap.org/node/13333721540,,63.3761729,13.1486781,,shelter,,141.8,10524322,missing,Proposed: add as member of relation 10524322 (St. Olavsleden). Do not modify existing members of relation 10524322 (St. Olavsleden). Research aid only. Existing OSM object: node/13333721540.
node/13157995013,https://www.openstreetmap.org/node/13157995013,Kialastugan,63.1637477,13.5629142,wilderness_hut,,,142.7,10524322,missing,Proposed: add as member of relation 10524322 (St. Olavsleden). Do not modify existing members of relation 10524322 (St. Olavsleden). Research aid only. Existing OSM object: node/13157995013.
node/4067541047,https://www.openstreetmap.org/node/4067541047,,63.0976711,14.7979991,,shelter,,145.1,10524322,missing,Proposed: add as member of relation 10524322 (St. Olavsleden). Do not modify existing members of relation 10524322 (St. Olavsleden). Research aid only. Existing OSM object: node/4067541047.
way/1540856447,https://www.openstreetmap.org/way/1540856447,,63.6750955,11.0040811,wilderness_hut,,,145.7,10524322,missing,Proposed: add as member of relation 10524322 (St. Olavsleden). Do not modify existing members of relation 10524322 (St. Olavsleden). Research aid only. Existing OSM object: way/1540856447.
node/4557813552,https://www.openstreetmap.org/node/4557813552,,63.1474064,14.7123240,,shelter,,146.1,10524322,missing,Proposed: add as member of relation 10524322 (St. Olavsleden). Do not modify existing members of relation 10524322 (St. Olavsleden). Research aid only. Existing OSM object: node/4557813552.
node/4552987938,https://www.openstreetmap.org/node/4552987938,,62.9234999,14.5165268,,shelter,,146.4,10524322,missing,Proposed: add as member of relation 10524322 (St. Olavsleden). Do not modify existing members of relation 10524322 (St. Olavsleden). Research aid only. Existing OSM object: node/4552987938.
node/7125728683,https://www.openstreetmap.org/node/7125728683,,63.3103198,12.1448708,,shelter,,146.6,10524322,missing,Proposed: add as member of relation 10524322 (St. Olavsleden). Do not modify existing members of relation 10524322 (St. Olavsleden). Research aid only. Existing OSM object: node/7125728683.
node/13278186024,https://www.openstreetmap.org/node/13278186024,Värmestuga,63.3962489,12.9189736,,shelter,,148.5,10524322,missing,Proposed: add as member of relation 10524322 (St. Olavsleden). Do not modify existing members of relation 10524322 (St. Olavsleden). Research aid only. Existing OSM object: node/13278186024.
node/9579032806,https://www.openstreetmap.org/node/9579032806,,62.9273067,15.1872708,,shelter,,149.2,10524322,missing,Proposed: add as member of relation 10524322 (St. Olavsleden). Do not modify existing members of relation 10524322 (St. Olavsleden). Research aid only. Existing OSM object: node/9579032806.
way/1459090703,https://www.openstreetmap.org/way/1459090703,,63.4296796,10.4934123,,shelter,yes,149.8,10524322,missing,Proposed: add as member of relation 10524322 (St. Olavsleden). Do not modify existing members of relation 10524322 (St. Olavsleden). Research aid only. Existing OSM object: way/1459090703.
node/5783911364,https://www.openstreetmap.org/node/5783911364,,63.1827561,14.6375120,,shelter,,150.4,10524322,missing,Proposed: add as member of relation 10524322 (St. Olavsleden). Do not modify existing members of relation 10524322 (St. Olavsleden). Research aid only. Existing OSM object: node/5783911364.
node/4557813750,https://www.openstreetmap.org/node/4557813750,,63.1127682,14.7898462,,shelter,,151.4,10524322,missing,Proposed: add as member of relation 10524322 (St. Olavsleden). Do not modify existing members of relation 10524322 (St. Olavsleden). Research aid only. Existing OSM object: node/4557813750.
node/3169633555,https://www.openstreetmap.org/node/3169633555,,63.1682058,14.6681089,,shelter,,151.7,10524322,missing,Proposed: add as member of relation 10524322 (St. Olavsleden). Do not modify existing members of relation 10524322 (St. Olavsleden). Research aid only. Existing OSM object: node/3169633555.
node/12023150745,https://www.openstreetmap.org/node/12023150745,Petterfjället,63.2305971,12.9892425,,shelter,,151.8,10524322,missing,Proposed: add as member of relation 10524322 (St. Olavsleden). Do not modify existing members of relation 10524322 (St. Olavsleden). Research aid only. Existing OSM object: node/12023150745.
node/12770847499,https://www.openstreetmap.org/node/12770847499,Marenberget,63.5955731,10.8064427,,shelter,,151.9,10524322,missing,Proposed: add as member of relation 10524322 (St. Olavsleden). Do not modify existing members of relation 10524322 (St. Olavsleden). Research aid only. Existing OSM object: node/12770847499.
node/2410403497,https://www.openstreetmap.org/node/2410403497,Vindskydd,62.5100822,16.1261608,,shelter,,153.3,10524322,missing,Proposed: add as member of relation 10524322 (St. Olavsleden). Do not modify existing members of relation 10524322 (St. Olavsleden). Research aid only. Existing OSM object: node/2410403497.
node/4552984469,https://www.openstreetmap.org/node/4552984469,,63.0194141,14.4856625,,shelter,,153.6,10524322,missing,Proposed: add as member of relation 10524322 (St. Olavsleden). Do not modify existing members of relation 10524322 (St. Olavsleden). Research aid only. Existing OSM object: node/4552984469.
node/6718434759,https://www.openstreetmap.org/node/6718434759,,63.4330616,10.4736896,picnic_site,,,154.3,10524322,missing,Proposed: add as member of relation 10524322 (St. Olavsleden). Do not modify existing members of relation 10524322 (St. Olavsleden). Research aid only. Existing OSM object: node/6718434759.
node/4557813907,https://www.openstreetmap.org/node/4557813907,,63.0708810,14.8298190,,shelter,,155.3,10524322,missing,Proposed: add as member of relation 10524322 (St. Olavsleden). Do not modify existing members of relation 10524322 (St. Olavsleden). Research aid only. Existing OSM object: node/4557813907.
way/1459090701,https://www.openstreetmap.org/way/1459090701,,63.4294170,10.4957888,,shelter,yes,156.1,10524322,missing,Proposed: add as member of relation 10524322 (St. Olavsleden). Do not modify existing members of relation 10524322 (St. Olavsleden). Research aid only. Existing OSM object: way/1459090701.
node/12652667091,https://www.openstreetmap.org/node/12652667091,,62.8221367,15.3763611,,shelter,,157.3,10524322,missing,Proposed: add as member of relation 10524322 (St. Olavsleden). Do not modify existing members of relation 10524322 (St. Olavsleden). Research aid only. Existing OSM object: node/12652667091.
node/13666765103,https://www.openstreetmap.org/node/13666765103,Per-olsbrottet,63.3532144,12.4939637,,shelter,,157.5,10524322,missing,Proposed: add as member of relation 10524322 (St. Olavsleden). Do not modify existing members of relation 10524322 (St. Olavsleden). Research aid only. Existing OSM object: node/13666765103.
node/2429418593,https://www.openstreetmap.org/node/2429418593,,63.4328880,10.7249367,picnic_site,,,157.9,10524322,missing,Proposed: add as member of relation 10524322 (St. Olavsleden). Do not modify existing members of relation 10524322 (St. Olavsleden). Research aid only. Existing OSM object: node/2429418593.
node/3663314949,https://www.openstreetmap.org/node/3663314949,Flora Camping,63.4584610,11.3385870,camp_site,,,158.3,10524322,missing,Proposed: add as member of relation 10524322 (St. Olavsleden). Do not modify existing members of relation 10524322 (St. Olavsleden). Research aid only. Existing OSM object: node/3663314949.
node/2410403501,https://www.openstreetmap.org/node/2410403501,Vindskydd,62.5345799,16.0488863,,shelter,,158.4,10524322,missing,Proposed: add as member of relation 10524322 (St. Olavsleden). Do not modify existing members of relation 10524322 (St. Olavsleden). Research aid only. Existing OSM object: node/2410403501.
node/3634487882,https://www.openstreetmap.org/node/3634487882,,63.4093333,12.9342604,,shelter,,159.0,10524322,missing,Proposed: add as member of relation 10524322 (St. Olavsleden). Do not modify existing members of relation 10524322 (St. Olavsleden). Research aid only. Existing OSM object: node/3634487882.
node/2129173806,https://www.openstreetmap.org/node/2129173806,Vindskydd Norra Svartsjön,63.0998258,14.6071703,,shelter,,159.4,10524322,missing,Proposed: add as member of relation 10524322 (St. Olavsleden). Do not modify existing members of relation 10524322 (St. Olavsleden). Research aid only. Existing OSM object: node/2129173806.
way/732408748,https://www.openstreetmap.org/way/732408748,Velvang Camping,63.4737639,10.8105530,camp_site,,,159.6,10524322,missing,Proposed: add as member of relation 10524322 (St. Olavsleden). Do not modify existing members of relation 10524322 (St. Olavsleden). Research aid only. Existing OSM object: way/732408748.
node/10822463026,https://www.openstreetmap.org/node/10822463026,,63.4311009,10.5184067,,shelter,,161.1,10524322,missing,Proposed: add as member of relation 10524322 (St. Olavsleden). Do not modify existing members of relation 10524322 (St. Olavsleden). Research aid only. Existing OSM object: node/10822463026.
node/7125728331,https://www.openstreetmap.org/node/7125728331,,62.8153610,15.3542519,,shelter,,161.7,10524322,missing,Proposed: add as member of relation 10524322 (St. Olavsleden). Do not modify existing members of relation 10524322 (St. Olavsleden). Research aid only. Existing OSM object: node/7125728331.
node/4557813988,https://www.openstreetmap.org/node/4557813988,,63.0778960,14.8289538,,shelter,,162.6,10524322,missing,Proposed: add as member of relation 10524322 (St. Olavsleden). Do not modify existing members of relation 10524322 (St. Olavsleden). Research aid only. Existing OSM object: node/4557813988.
node/4557813559,https://www.openstreetmap.org/node/4557813559,,63.1477698,14.7118034,,shelter,,162.7,10524322,missing,Proposed: add as member of relation 10524322 (St. Olavsleden). Do not modify existing members of relation 10524322 (St. Olavsleden). Research aid only. Existing OSM object: node/4557813559.
node/12983628158,https://www.openstreetmap.org/node/12983628158,Camp Dammån,63.1986745,13.9520387,camp_site,,,162.7,10524322,missing,Proposed: add as member of relation 10524322 (St. Olavsleden). Do not modify existing members of relation 10524322 (St. Olavsleden). Research aid only. Existing OSM object: node/12983628158.
node/5784455048,https://www.openstreetmap.org/node/5784455048,,63.1754088,14.6387994,,shelter,,162.9,10524322,missing,Proposed: add as member of relation 10524322 (St. Olavsleden). Do not modify existing members of relation 10524322 (St. Olavsleden). Research aid only. Existing OSM object: node/5784455048.
node/13408728972,https://www.openstreetmap.org/node/13408728972,,63.3535061,14.2583308,,shelter,,163.9,10524322,missing,Proposed: add as member of relation 10524322 (St. Olavsleden). Do not modify existing members of relation 10524322 (St. Olavsleden). Research aid only. Existing OSM object: node/13408728972.
way/1376986633,https://www.openstreetmap.org/way/1376986633,,63.4332806,10.4699554,,shelter,yes,165.0,10524322,missing,Proposed: add as member of relation 10524322 (St. Olavsleden). Do not modify existing members of relation 10524322 (St. Olavsleden). Research aid only. Existing OSM object: way/1376986633.
node/4067541048,https://www.openstreetmap.org/node/4067541048,,63.0981190,14.7980796,,shelter,,165.4,10524322,missing,Proposed: add as member of relation 10524322 (St. Olavsleden). Do not modify existing members of relation 10524322 (St. Olavsleden). Research aid only. Existing OSM object: node/4067541048.
node/2004055766,https://www.openstreetmap.org/node/2004055766,Södra Bergets vandrarhem,62.3765250,17.3089024,hostel,,,165.4,10524322,missing,Proposed: add as member of relation 10524322 (St. Olavsleden). Do not modify existing members of relation 10524322 (St. Olavsleden). Research aid only. Existing OSM object: node/2004055766.
node/2193099718,https://www.openstreetmap.org/node/2193099718,Butösmyrens Vindskydd,62.9997500,13.9665407,,shelter,,166.4,10524322,missing,Proposed: add as member of relation 10524322 (St. Olavsleden). Do not modify existing members of relation 10524322 (St. Olavsleden). Research aid only. Existing OSM object: node/2193099718.
node/4067545534,https://www.openstreetmap.org/node/4067545534,,62.8707924,14.5222016,,shelter,,167.3,10524322,missing,Proposed: add as member of relation 10524322 (St. Olavsleden). Do not modify existing members of relation 10524322 (St. Olavsleden). Research aid only. Existing OSM object: node/4067545534.
node/1272373899,https://www.openstreetmap.org/node/1272373899,,63.2292950,14.6367287,,shelter,,168.5,10524322,missing,Proposed: add as member of relation 10524322 (St. Olavsleden). Do not modify existing members of relation 10524322 (St. Olavsleden). Research aid only. Existing OSM object: node/1272373899.
node/5678268367,https://www.openstreetmap.org/node/5678268367,,63.1338656,14.6496463,,shelter,,168.7,10524322,missing,Proposed: add as member of relation 10524322 (St. Olavsleden). Do not modify existing members of relation 10524322 (St. Olavsleden). Research aid only. Existing OSM object: node/5678268367.
node/7125723364,https://www.openstreetmap.org/node/7125723364,Forsaskalet,63.4418566,12.9442686,,shelter,,168.9,10524322,missing,Proposed: add as member of relation 10524322 (St. Olavsleden). Do not modify existing members of relation 10524322 (St. Olavsleden). Research aid only. Existing OSM object: node/7125723364.
node/4827544344,https://www.openstreetmap.org/node/4827544344,,63.4445104,10.4671359,picnic_site,,,169.3,10524322,missing,Proposed: add as member of relation 10524322 (St. Olavsleden). Do not modify existing members of relation 10524322 (St. Olavsleden). Research aid only. Existing OSM object: node/4827544344.
way/1377224539,https://www.openstreetmap.org/way/1377224539,,63.4333822,10.4672832,,shelter,yes,170.2,10524322,missing,Proposed: add as member of relation 10524322 (St. Olavsleden). Do not modify existing members of relation 10524322 (St. Olavsleden). Research aid only. Existing OSM object: way/1377224539.
node/13511974391,https://www.openstreetmap.org/node/13511974391,Comfort Hotel,62.3895607,17.3135303,hotel,,,170.5,10524322,missing,Proposed: add as member of relation 10524322 (St. Olavsleden). Do not modify existing members of relation 10524322 (St. Olavsleden). Research aid only. Existing OSM object: node/13511974391.
node/4558611066,https://www.openstreetmap.org/node/4558611066,,63.1704797,14.6036704,,shelter,,172.9,10524322,missing,Proposed: add as member of relation 10524322 (St. Olavsleden). Do not modify existing members of relation 10524322 (St. Olavsleden). Research aid only. Existing OSM object: node/4558611066.
node/12652687562,https://www.openstreetmap.org/node/12652687562,,62.8175862,15.3585778,,shelter,,173.0,10524322,missing,Proposed: add as member of relation 10524322 (St. Olavsleden). Do not modify existing members of relation 10524322 (St. Olavsleden). Research aid only. Existing OSM object: node/12652687562.
node/7727420564,https://www.openstreetmap.org/node/7727420564,Fornesneset,63.4728731,11.2211513,,shelter,,174.1,10524322,missing,Proposed: add as member of relation 10524322 (St. Olavsleden). Do not modify existing members of relation 10524322 (St. Olavsleden). Research aid only. Existing OSM object: node/7727420564.
node/7125723363,https://www.openstreetmap.org/node/7125723363,,63.4074253,12.9282152,,shelter,,174.8,10524322,missing,Proposed: add as member of relation 10524322 (St. Olavsleden). Do not modify existing members of relation 10524322 (St. Olavsleden). Research aid only. Existing OSM object: node/7125723363.
node/9942286205,https://www.openstreetmap.org/node/9942286205,,62.6643591,15.4612353,,shelter,,175.3,10524322,missing,Proposed: add as member of relation 10524322 (St. Olavsleden). Do not modify existing members of relation 10524322 (St. Olavsleden). Research aid only. Existing OSM object: node/9942286205.
node/1322050877,https://www.openstreetmap.org/node/1322050877,Visjön,63.0093805,13.6378370,,shelter,,175.5,10524322,missing,Proposed: add as member of relation 10524322 (St. Olavsleden). Do not modify existing members of relation 10524322 (St. Olavsleden). Research aid only. Existing OSM object: node/1322050877.
node/4554562645,https://www.openstreetmap.org/node/4554562645,Orrviken Wikströms,63.0953057,14.4390471,,shelter,,176.5,10524322,missing,Proposed: add as member of relation 10524322 (St. Olavsleden). Do not modify existing members of relation 10524322 (St. Olavsleden). Research aid only. Existing OSM object: node/4554562645.
way/763468049,https://www.openstreetmap.org/way/763468049,Visjönstugan,63.0093923,13.6377769,,shelter,yes,176.5,10524322,missing,Proposed: add as member of relation 10524322 (St. Olavsleden). Do not modify existing members of relation 10524322 (St. Olavsleden). Research aid only. Existing OSM object: way/763468049.
way/180798212,https://www.openstreetmap.org/way/180798212,,63.3989962,12.9701257,chalet,,residential,178.7,10524322,missing,Proposed: add as member of relation 10524322 (St. Olavsleden). Do not modify existing members of relation 10524322 (St. Olavsleden). Research aid only. Existing OSM object: way/180798212.
node/1589636993,https://www.openstreetmap.org/node/1589636993,Svartsjöstugan,63.0854355,14.5810114,,shelter,,179.4,10524322,missing,Proposed: add as member of relation 10524322 (St. Olavsleden). Do not modify existing members of relation 10524322 (St. Olavsleden). Research aid only. Existing OSM object: node/1589636993.
node/8996362267,https://www.openstreetmap.org/node/8996362267,,62.9909219,15.2026600,,shelter,,180.8,10524322,missing,Proposed: add as member of relation 10524322 (St. Olavsleden). Do not modify existing members of relation 10524322 (St. Olavsleden). Research aid only. Existing OSM object: node/8996362267.
node/2193097022,https://www.openstreetmap.org/node/2193097022,,63.0230788,14.1664088,,shelter,,180.9,10524322,missing,Proposed: add as member of relation 10524322 (St. Olavsleden). Do not modify existing members of relation 10524322 (St. Olavsleden). Research aid only. Existing OSM object: node/2193097022.
node/7125728703,https://www.openstreetmap.org/node/7125728703,,63.4498215,13.1653976,,shelter,,181.5,10524322,missing,Proposed: add as member of relation 10524322 (St. Olavsleden). Do not modify existing members of relation 10524322 (St. Olavsleden). Research aid only. Existing OSM object: node/7125728703.
node/1288237342,https://www.openstreetmap.org/node/1288237342,Rapp dagsturhytte,63.6386892,10.9273980,,shelter,,183.3,10524322,missing,Proposed: add as member of relation 10524322 (St. Olavsleden). Do not modify existing members of relation 10524322 (St. Olavsleden). Research aid only. Existing OSM object: node/1288237342.
node/7125728401,https://www.openstreetmap.org/node/7125728401,,62.5335789,16.0571194,,shelter,,183.4,10524322,missing,Proposed: add as member of relation 10524322 (St. Olavsleden). Do not modify existing members of relation 10524322 (St. Olavsleden). Research aid only. Existing OSM object: node/7125728401.
way/1076358804,https://www.openstreetmap.org/way/1076358804,,63.4338835,10.4614095,,shelter,yes,183.8,10524322,missing,Proposed: add as member of relation 10524322 (St. Olavsleden). Do not modify existing members of relation 10524322 (St. Olavsleden). Research aid only. Existing OSM object: way/1076358804.
node/11027379151,https://www.openstreetmap.org/node/11027379151,,63.4445753,10.4677593,picnic_site,,,186.0,10524322,missing,Proposed: add as member of relation 10524322 (St. Olavsleden). Do not modify existing members of relation 10524322 (St. Olavsleden). Research aid only. Existing OSM object: node/11027379151.
way/827798462,https://www.openstreetmap.org/way/827798462,,63.4729342,11.2221355,wilderness_hut,,cabin,186.3,10524322,missing,Proposed: add as member of relation 10524322 (St. Olavsleden). Do not modify existing members of relation 10524322 (St. Olavsleden). Research aid only. Existing OSM object: way/827798462.
node/3761323787,https://www.openstreetmap.org/node/3761323787,Fornesneset,63.4729415,11.2221445,wilderness_hut,,,187.2,10524322,missing,Proposed: add as member of relation 10524322 (St. Olavsleden). Do not modify existing members of relation 10524322 (St. Olavsleden). Research aid only. Existing OSM object: node/3761323787.
node/476598944,https://www.openstreetmap.org/node/476598944,Hotell Östersund,63.1750988,14.6386988,hotel,,,189.4,10524322,missing,Proposed: add as member of relation 10524322 (St. Olavsleden). Do not modify existing members of relation 10524322 (St. Olavsleden). Research aid only. Existing OSM object: node/476598944.
way/1370355785,https://www.openstreetmap.org/way/1370355785,,63.4315440,10.4420910,,shelter,yes,190.5,10524322,missing,Proposed: add as member of relation 10524322 (St. Olavsleden). Do not modify existing members of relation 10524322 (St. Olavsleden). Research aid only. Existing OSM object: way/1370355785.
node/12104633080,https://www.openstreetmap.org/node/12104633080,,62.8603655,15.5757782,picnic_site,,,190.5,10524322,missing,Proposed: add as member of relation 10524322 (St. Olavsleden). Do not modify existing members of relation 10524322 (St. Olavsleden). Research aid only. Existing OSM object: node/12104633080.
node/3170891417,https://www.openstreetmap.org/node/3170891417,,63.1782917,14.6501723,,shelter,,190.7,10524322,missing,Proposed: add as member of relation 10524322 (St. Olavsleden). Do not modify existing members of relation 10524322 (St. Olavsleden). Research aid only. Existing OSM object: node/3170891417.
node/331253136,https://www.openstreetmap.org/node/331253136,,63.4445465,10.4678398,picnic_site,,,191.1,10524322,missing,Proposed: add as member of relation 10524322 (St. Olavsleden). Do not modify existing members of relation 10524322 (St. Olavsleden). Research aid only. Existing OSM object: node/331253136.
node/13078652163,https://www.openstreetmap.org/node/13078652163,Agnelåns demonstrationyta,62.7643483,15.7148132,information,shelter,,193.2,10524322,missing,Proposed: add as member of relation 10524322 (St. Olavsleden). Do not modify existing members of relation 10524322 (St. Olavsleden). Research aid only. Existing OSM object: node/13078652163.
node/7727953707,https://www.openstreetmap.org/node/7727953707,,63.4806648,11.2127446,wilderness_hut,,,193.3,10524322,missing,Proposed: add as member of relation 10524322 (St. Olavsleden). Do not modify existing members of relation 10524322 (St. Olavsleden). Research aid only. Existing OSM object: node/7727953707.
node/3325533444,https://www.openstreetmap.org/node/3325533444,Myrsandsviken,63.2319733,14.0689369,,shelter,,196.2,10524322,missing,Proposed: add as member of relation 10524322 (St. Olavsleden). Do not modify existing members of relation 10524322 (St. Olavsleden). Research aid only. Existing OSM object: node/3325533444.
way/1363147568,https://www.openstreetmap.org/way/1363147568,,63.4338436,10.4652997,,shelter,yes,196.3,10524322,missing,Proposed: add as member of relation 10524322 (St. Olavsleden). Do not modify existing members of relation 10524322 (St. Olavsleden). Research aid only. Existing OSM object: way/1363147568.
node/4558612407,https://www.openstreetmap.org/node/4558612407,,63.1727418,14.5487708,,shelter,,196.6,10524322,missing,Proposed: add as member of relation 10524322 (St. Olavsleden). Do not modify existing members of relation 10524322 (St. Olavsleden). Research aid only. Existing OSM object: node/4558612407.
node/1541306552,https://www.openstreetmap.org/node/1541306552,,63.1846581,14.5984290,,shelter,,198.2,10524322,missing,Proposed: add as member of relation 10524322 (St. Olavsleden). Do not modify existing members of relation 10524322 (St. Olavsleden). Research aid only. Existing OSM object: node/1541306552.
node/4552986218,https://www.openstreetmap.org/node/4552986218,,63.0082306,14.4920605,,shelter,,198.3,10524322,missing,Proposed: add as member of relation 10524322 (St. Olavsleden). Do not modify existing members of relation 10524322 (St. Olavsleden). Research aid only. Existing OSM object: node/4552986218.
node/13760642511,https://www.openstreetmap.org/node/13760642511,,63.1802173,14.5983370,,shelter,,198.6,10524322,missing,Proposed: add as member of relation 10524322 (St. Olavsleden). Do not modify existing members of relation 10524322 (St. Olavsleden). Research aid only. Existing OSM object: node/13760642511.
node/2494674809,https://www.openstreetmap.org/node/2494674809,Salsåviken,62.8288553,14.5938621,,shelter,,198.8,10524322,missing,Proposed: add as member of relation 10524322 (St. Olavsleden). Do not modify existing members of relation 10524322 (St. Olavsleden). Research aid only. Existing OSM object: node/2494674809.
node/13256240151,https://www.openstreetmap.org/node/13256240151,Aumtjärnen,63.2003674,13.2739457,picnic_site,,,199.0,10524322,missing,Proposed: add as member of relation 10524322 (St. Olavsleden). Do not modify existing members of relation 10524322 (St. Olavsleden). Research aid only. Existing OSM object: node/13256240151.
way/1540254348,https://www.openstreetmap.org/way/1540254348,,63.4276508,10.5339390,,shelter,roof,199.1,10524322,missing,Proposed: add as member of relation 10524322 (St. Olavsleden). Do not modify existing members of relation 10524322 (St. Olavsleden). Research aid only. Existing OSM object: way/1540254348.
node/7125723361,https://www.openstreetmap.org/node/7125723361,Sönner-Sandtjärnen,63.3111387,12.0815845,,shelter,,200.5,10524322,missing,Proposed: add as member of relation 10524322 (St. Olavsleden). Do not modify existing members of relation 10524322 (St. Olavsleden). Research aid only. Existing OSM object: node/7125723361.
way/180816912,https://www.openstreetmap.org/way/180816912,,63.3995267,12.9697300,chalet,,residential,200.9,10524322,missing,Proposed: add as member of relation 10524322 (St. Olavsleden). Do not modify existing members of relation 10524322 (St. Olavsleden). Research aid only. Existing OSM object: way/180816912.
node/1233301990,https://www.openstreetmap.org/node/1233301990,Sleep In Stenstadens Vandrarhem,62.3899392,17.3015510,hostel,,,203.9,10524322,missing,Proposed: add as member of relation 10524322 (St. Olavsleden). Do not modify existing members of relation 10524322 (St. Olavsleden). Research aid only. Existing OSM object: node/1233301990.
way/180798210,https://www.openstreetmap.org/way/180798210,,63.3991248,12.9705494,chalet,,residential,204.1,10524322,missing,Proposed: add as member of relation 10524322 (St. Olavsleden). Do not modify existing members of relation 10524322 (St. Olavsleden). Research aid only. Existing OSM object: way/180798210.
way/1459090719,https://www.openstreetmap.org/way/1459090719,,63.4279718,10.5224400,,shelter,yes,208.5,10524322,missing,Proposed: add as member of relation 10524322 (St. Olavsleden). Do not modify existing members of relation 10524322 (St. Olavsleden). Research aid only. Existing OSM object: way/1459090719.
way/1162124369,https://www.openstreetmap.org/way/1162124369,,62.3649672,17.3039057,,shelter,,209.5,10524322,missing,Proposed: add as member of relation 10524322 (St. Olavsleden). Do not modify existing members of relation 10524322 (St. Olavsleden). Research aid only. Existing OSM object: way/1162124369.
way/180798208,https://www.openstreetmap.org/way/180798208,,63.3993634,12.9703464,chalet,,residential,210.9,10524322,missing,Proposed: add as member of relation 10524322 (St. Olavsleden). Do not modify existing members of relation 10524322 (St. Olavsleden). Research aid only. Existing OSM object: way/180798208.
node/4636018902,https://www.openstreetmap.org/node/4636018902,,63.4329893,10.4876989,picnic_site,,,211.0,10524322,missing,Proposed: add as member of relation 10524322 (St. Olavsleden). Do not modify existing members of relation 10524322 (St. Olavsleden). Research aid only. Existing OSM object: node/4636018902.
node/777011481,https://www.openstreetmap.org/node/777011481,,63.1529538,14.4417254,picnic_site,,,211.8,10524322,missing,Proposed: add as member of relation 10524322 (St. Olavsleden). Do not modify existing members of relation 10524322 (St. Olavsleden). Research aid only. Existing OSM object: node/777011481.
node/9579035880,https://www.openstreetmap.org/node/9579035880,,62.9014014,15.2244985,,shelter,,212.5,10524322,missing,Proposed: add as member of relation 10524322 (St. Olavsleden). Do not modify existing members of relation 10524322 (St. Olavsleden). Research aid only. Existing OSM object: node/9579035880.
node/5678268590,https://www.openstreetmap.org/node/5678268590,,63.1165067,14.7234338,,shelter,,214.6,10524322,missing,Proposed: add as member of relation 10524322 (St. Olavsleden). Do not modify existing members of relation 10524322 (St. Olavsleden). Research aid only. Existing OSM object: node/5678268590.
way/223250861,https://www.openstreetmap.org/way/223250861,Holiday Club,63.3985578,13.0746168,hotel,,yes,214.7,10524322,missing,Proposed: add as member of relation 10524322 (St. Olavsleden). Do not modify existing members of relation 10524322 (St. Olavsleden). Research aid only. Existing OSM object: way/223250861.
node/1272373723,https://www.openstreetmap.org/node/1272373723,,63.2335341,14.6212861,,shelter,,214.8,10524322,missing,Proposed: add as member of relation 10524322 (St. Olavsleden). Do not modify existing members of relation 10524322 (St. Olavsleden). Research aid only. Existing OSM object: node/1272373723.
way/323996315,https://www.openstreetmap.org/way/323996315,Rastplats Svartbäcken,62.3777593,17.0723257,,shelter,roof,214.8,10524322,missing,Proposed: add as member of relation 10524322 (St. Olavsleden). Do not modify existing members of relation 10524322 (St. Olavsleden). Research aid only. Existing OSM object: way/323996315.
way/1475245133,https://www.openstreetmap.org/way/1475245133,,63.5805964,10.7881828,,shelter,yes,215.8,10524322,missing,Proposed: add as member of relation 10524322 (St. Olavsleden). Do not modify existing members of relation 10524322 (St. Olavsleden). Research aid only. Existing OSM object: way/1475245133.
way/181024260,https://www.openstreetmap.org/way/181024260,,63.3982343,12.9740706,chalet,,yes,216.7,10524322,missing,Proposed: add as member of relation 10524322 (St. Olavsleden). Do not modify existing members of relation 10524322 (St. Olavsleden). Research aid only. Existing OSM object: way/181024260.
node/3170891402,https://www.openstreetmap.org/node/3170891402,Svartsjöstugan,63.1498391,14.7077145,,shelter,,217.3,10524322,missing,Proposed: add as member of relation 10524322 (St. Olavsleden). Do not modify existing members of relation 10524322 (St. Olavsleden). Research aid only. Existing OSM object: node/3170891402.
way/181024317,https://www.openstreetmap.org/way/181024317,,63.3983728,12.9739250,chalet,,yes,219.3,10524322,missing,Proposed: add as member of relation 10524322 (St. Olavsleden). Do not modify existing members of relation 10524322 (St. Olavsleden). Research aid only. Existing OSM object: way/181024317.
node/12652687563,https://www.openstreetmap.org/node/12652687563,,62.8157621,15.3549899,,shelter,,219.7,10524322,missing,Proposed: add as member of relation 10524322 (St. Olavsleden). Do not modify existing members of relation 10524322 (St. Olavsleden). Research aid only. Existing OSM object: node/12652687563.
way/180816910,https://www.openstreetmap.org/way/180816910,,63.3998194,12.9695100,chalet,,residential,219.7,10524322,missing,Proposed: add as member of relation 10524322 (St. Olavsleden). Do not modify existing members of relation 10524322 (St. Olavsleden). Research aid only. Existing OSM object: way/180816910.
node/250742876,https://www.openstreetmap.org/node/250742876,,63.4310138,10.5377504,picnic_site,,,220.0,10524322,missing,Proposed: add as member of relation 10524322 (St. Olavsleden). Do not modify existing members of relation 10524322 (St. Olavsleden). Research aid only. Existing OSM object: node/250742876.
node/771820335,https://www.openstreetmap.org/node/771820335,,63.4938088,11.0238851,,shelter,,220.2,10524322,missing,Proposed: add as member of relation 10524322 (St. Olavsleden). Do not modify existing members of relation 10524322 (St. Olavsleden). Research aid only. Existing OSM object: node/771820335.
node/777011473,https://www.openstreetmap.org/node/777011473,,63.1534087,14.4393250,picnic_site,,,221.0,10524322,missing,Proposed: add as member of relation 10524322 (St. Olavsleden). Do not modify existing members of relation 10524322 (St. Olavsleden). Research aid only. Existing OSM object: node/777011473.
way/1459090718,https://www.openstreetmap.org/way/1459090718,,63.4276565,10.5238745,,shelter,yes,221.1,10524322,missing,Proposed: add as member of relation 10524322 (St. Olavsleden). Do not modify existing members of relation 10524322 (St. Olavsleden). Research aid only. Existing OSM object: way/1459090718.
node/1640980209,https://www.openstreetmap.org/node/1640980209,Fränstas Skoterklubbs Skoterstuga,62.5814965,16.1424903,,shelter,,221.1,10524322,missing,Proposed: add as member of relation 10524322 (St. Olavsleden). Do not modify existing members of relation 10524322 (St. Olavsleden). Research aid only. Existing OSM object: node/1640980209.
way/180816911,https://www.openstreetmap.org/way/180816911,,63.3996153,12.9701256,chalet,,residential,221.5,10524322,missing,Proposed: add as member of relation 10524322 (St. Olavsleden). Do not modify existing members of relation 10524322 (St. Olavsleden). Research aid only. Existing OSM object: way/180816911.
way/180798209,https://www.openstreetmap.org/way/180798209,,63.3991855,12.9709702,chalet,,residential,221.6,10524322,missing,Proposed: add as member of relation 10524322 (St. Olavsleden). Do not modify existing members of relation 10524322 (St. Olavsleden). Research aid only. Existing OSM object: way/180798209.
node/7125728333,https://www.openstreetmap.org/node/7125728333,,62.8511524,15.0192547,,shelter,,222.4,10524322,missing,Proposed: add as member of relation 10524322 (St. Olavsleden). Do not modify existing members of relation 10524322 (St. Olavsleden). Research aid only. Existing OSM object: node/7125728333.
node/4557813574,https://www.openstreetmap.org/node/4557813574,,63.1445723,14.7244823,,shelter,,224.0,10524322,missing,Proposed: add as member of relation 10524322 (St. Olavsleden). Do not modify existing members of relation 10524322 (St. Olavsleden). Research aid only. Existing OSM object: node/4557813574.
way/1034905063,https://www.openstreetmap.org/way/1034905063,,63.4362450,10.4248222,,shelter,yes,225.8,10524322,missing,Proposed: add as member of relation 10524322 (St. Olavsleden). Do not modify existing members of relation 10524322 (St. Olavsleden). Research aid only. Existing OSM object: way/1034905063.
node/11505510224,https://www.openstreetmap.org/node/11505510224,Mariebystugan,63.0803586,14.6274630,,shelter,,227.9,10524322,missing,Proposed: add as member of relation 10524322 (St. Olavsleden). Do not modify existing members of relation 10524322 (St. Olavsleden). Research aid only. Existing OSM object: node/11505510224.
node/13943561855,https://www.openstreetmap.org/node/13943561855,,63.3447759,13.4688116,,shelter,,228.8,10524322,missing,Proposed: add as member of relation 10524322 (St. Olavsleden). Do not modify existing members of relation 10524322 (St. Olavsleden). Research aid only. Existing OSM object: node/13943561855.
node/12652667090,https://www.openstreetmap.org/node/12652667090,,62.8214308,15.3696156,,shelter,,229.4,10524322,missing,Proposed: add as member of relation 10524322 (St. Olavsleden). Do not modify existing members of relation 10524322 (St. Olavsleden). Research aid only. Existing OSM object: node/12652667090.
node/7125728688,https://www.openstreetmap.org/node/7125728688,,63.2836533,12.5977135,,shelter,,231.3,10524322,missing,Proposed: add as member of relation 10524322 (St. Olavsleden). Do not modify existing members of relation 10524322 (St. Olavsleden). Research aid only. Existing OSM object: node/7125728688.
node/1525092792,https://www.openstreetmap.org/node/1525092792,,63.1797004,14.6488917,,shelter,,232.9,10524322,missing,Proposed: add as member of relation 10524322 (St. Olavsleden). Do not modify existing members of relation 10524322 (St. Olavsleden). Research aid only. Existing OSM object: node/1525092792.
way/1238316476,https://www.openstreetmap.org/way/1238316476,,62.5521867,15.9192667,,shelter,yes,233.1,10524322,missing,Proposed: add as member of relation 10524322 (St. Olavsleden). Do not modify existing members of relation 10524322 (St. Olavsleden). Research aid only. Existing OSM object: way/1238316476.
way/180798207,https://www.openstreetmap.org/way/180798207,,63.3994393,12.9708141,chalet,,residential,234.5,10524322,missing,Proposed: add as member of relation 10524322 (St. Olavsleden). Do not modify existing members of relation 10524322 (St. Olavsleden). Research aid only. Existing OSM object: way/180798207.
node/1659541136,https://www.openstreetmap.org/node/1659541136,,62.6466756,15.8770468,,shelter,,235.7,10524322,missing,Proposed: add as member of relation 10524322 (St. Olavsleden). Do not modify existing members of relation 10524322 (St. Olavsleden). Research aid only. Existing OSM object: node/1659541136.
node/9004631478,https://www.openstreetmap.org/node/9004631478,,63.3116229,13.3529038,,shelter,,236.0,10524322,missing,Proposed: add as member of relation 10524322 (St. Olavsleden). Do not modify existing members of relation 10524322 (St. Olavsleden). Research aid only. Existing OSM object: node/9004631478.
way/180816920,https://www.openstreetmap.org/way/180816920,,63.4000503,12.9692915,chalet,,residential,236.0,10524322,missing,Proposed: add as member of relation 10524322 (St. Olavsleden). Do not modify existing members of relation 10524322 (St. Olavsleden). Research aid only. Existing OSM object: way/180816920.
way/180816924,https://www.openstreetmap.org/way/180816924,,63.3998949,12.9699396,chalet,,residential,239.1,10524322,missing,Proposed: add as member of relation 10524322 (St. Olavsleden). Do not modify existing members of relation 10524322 (St. Olavsleden). Research aid only. Existing OSM object: way/180816924.
node/4827544097,https://www.openstreetmap.org/node/4827544097,,63.4319456,10.5206885,picnic_site,,,239.4,10524322,missing,Proposed: add as member of relation 10524322 (St. Olavsleden). Do not modify existing members of relation 10524322 (St. Olavsleden). Research aid only. Existing OSM object: node/4827544097.
node/4557813717,https://www.openstreetmap.org/node/4557813717,,63.1233996,14.7803420,,shelter,,239.5,10524322,missing,Proposed: add as member of relation 10524322 (St. Olavsleden). Do not modify existing members of relation 10524322 (St. Olavsleden). Research aid only. Existing OSM object: node/4557813717.
node/9569603850,https://www.openstreetmap.org/node/9569603850,Kulla,62.8292796,15.6165267,,shelter,,239.9,10524322,missing,Proposed: add as member of relation 10524322 (St. Olavsleden). Do not modify existing members of relation 10524322 (St. Olavsleden). Research aid only. Existing OSM object: node/9569603850.
node/3161836168,https://www.openstreetmap.org/node/3161836168,Svartsjöstugan,63.1432846,14.7299009,,shelter,,240.2,10524322,missing,Proposed: add as member of relation 10524322 (St. Olavsleden). Do not modify existing members of relation 10524322 (St. Olavsleden). Research aid only. Existing OSM object: node/3161836168.
way/181024326,https://www.openstreetmap.org/way/181024326,,63.3983439,12.9747889,chalet,,yes,240.5,10524322,missing,Proposed: add as member of relation 10524322 (St. Olavsleden). Do not modify existing members of relation 10524322 (St. Olavsleden). Research aid only. Existing OSM object: way/181024326.
node/4552984464,https://www.openstreetmap.org/node/4552984464,,63.0215146,14.4807399,,shelter,,241.1,10524322,missing,Proposed: add as member of relation 10524322 (St. Olavsleden). Do not modify existing members of relation 10524322 (St. Olavsleden). Research aid only. Existing OSM object: node/4552984464.
node/1074035400,https://www.openstreetmap.org/node/1074035400,,63.1890224,14.6401217,,shelter,,243.0,10524322,missing,Proposed: add as member of relation 10524322 (St. Olavsleden). Do not modify existing members of relation 10524322 (St. Olavsleden). Research aid only. Existing OSM object: node/1074035400.
way/181024255,https://www.openstreetmap.org/way/181024255,,63.3984183,12.9744354,chalet,,yes,243.0,10524322,missing,Proposed: add as member of relation 10524322 (St. Olavsleden). Do not modify existing members of relation 10524322 (St. Olavsleden). Research aid only. Existing OSM object: way/181024255.
node/7125728678,https://www.openstreetmap.org/node/7125728678,,63.3280462,12.0913676,,shelter,,243.7,10524322,missing,Proposed: add as member of relation 10524322 (St. Olavsleden). Do not modify existing members of relation 10524322 (St. Olavsleden). Research aid only. Existing OSM object: node/7125728678.
way/180816925,https://www.openstreetmap.org/way/180816925,,63.3996640,12.9706527,chalet,,residential,244.1,10524322,missing,Proposed: add as member of relation 10524322 (St. Olavsleden). Do not modify existing members of relation 10524322 (St. Olavsleden). Research aid only. Existing OSM object: way/180816925.
node/9256013091,https://www.openstreetmap.org/node/9256013091,Enaforsholm Fjällgård,63.2845770,12.3317614,hotel,,,245.2,10524322,missing,Proposed: add as member of relation 10524322 (St. Olavsleden). Do not modify existing members of relation 10524322 (St. Olavsleden). Research aid only. Existing OSM object: node/9256013091.
node/2410403510,https://www.openstreetmap.org/node/2410403510,Vindskydd,62.5706632,15.9516187,,shelter,,246.2,10524322,missing,Proposed: add as member of relation 10524322 (St. Olavsleden). Do not modify existing members of relation 10524322 (St. Olavsleden). Research aid only. Existing OSM object: node/2410403510.
way/1076358801,https://www.openstreetmap.org/way/1076358801,,63.4344991,10.4606291,,shelter,yes,246.7,10524322,missing,Proposed: add as member of relation 10524322 (St. Olavsleden). Do not modify existing members of relation 10524322 (St. Olavsleden). Research aid only. Existing OSM object: way/1076358801.
way/1475245130,https://www.openstreetmap.org/way/1475245130,,63.5806924,10.7863287,,shelter,yes,248.2,10524322,missing,Proposed: add as member of relation 10524322 (St. Olavsleden). Do not modify existing members of relation 10524322 (St. Olavsleden). Research aid only. Existing OSM object: way/1475245130.
node/9810716463,https://www.openstreetmap.org/node/9810716463,Branok,63.5982658,11.5397763,,shelter,,249.8,10524322,missing,Proposed: add as member of relation 10524322 (St. Olavsleden). Do not modify existing members of relation 10524322 (St. Olavsleden). Research aid only. Existing OSM object: node/9810716463.
way/265770481,https://www.openstreetmap.org/way/265770481,Sonvasskoia,63.3902910,11.4185164,chalet,,cabin,250.0,10524322,missing,Proposed: add as member of relation 10524322 (St. Olavsleden). Do not modify existing members of relation 10524322 (St. Olavsleden). Research aid only. Existing OSM object: way/265770481.
way/214390687,https://www.openstreetmap.org/way/214390687,,63.3993470,12.9720528,chalet,,residential,251.9,10524322,missing,Proposed: add as member of relation 10524322 (St. Olavsleden). Do not modify existing members of relation 10524322 (St. Olavsleden). Research aid only. Existing OSM object: way/214390687.
node/4301561791,https://www.openstreetmap.org/node/4301561791,,62.5884440,16.4452370,,shelter,,252.6,10524322,missing,Proposed: add as member of relation 10524322 (St. Olavsleden). Do not modify existing members of relation 10524322 (St. Olavsleden). Research aid only. Existing OSM object: node/4301561791.
way/1390549054,https://www.openstreetmap.org/way/1390549054,,63.4303422,10.4522754,,shelter,yes,252.7,10524322,missing,Proposed: add as member of relation 10524322 (St. Olavsleden). Do not modify existing members of relation 10524322 (St. Olavsleden). Research aid only. Existing OSM object: way/1390549054.
node/560571328,https://www.openstreetmap.org/node/560571328,Scandic Sundsvall City,62.3895292,17.3047037,hotel,,,252.8,10524322,missing,Proposed: add as member of relation 10524322 (St. Olavsleden). Do not modify existing members of relation 10524322 (St. Olavsleden). Research aid only. Existing OSM object: node/560571328.
node/5678268337,https://www.openstreetmap.org/node/5678268337,,63.1503917,14.5980996,,shelter,,254.2,10524322,missing,Proposed: add as member of relation 10524322 (St. Olavsleden). Do not modify existing members of relation 10524322 (St. Olavsleden). Research aid only. Existing OSM object: node/5678268337.
node/3161686755,https://www.openstreetmap.org/node/3161686755,,63.1680476,14.6470889,,shelter,,254.4,10524322,missing,Proposed: add as member of relation 10524322 (St. Olavsleden). Do not modify existing members of relation 10524322 (St. Olavsleden). Research aid only. Existing OSM object: node/3161686755.
way/180816916,https://www.openstreetmap.org/way/180816916,,63.4001085,12.9697960,chalet,,residential,254.4,10524322,missing,Proposed: add as member of relation 10524322 (St. Olavsleden). Do not modify existing members of relation 10524322 (St. Olavsleden). Research aid only. Existing OSM object: way/180816916.
node/777011461,https://www.openstreetmap.org/node/777011461,,63.1540276,14.4377993,picnic_site,,,254.7,10524322,missing,Proposed: add as member of relation 10524322 (St. Olavsleden). Do not modify existing members of relation 10524322 (St. Olavsleden). Research aid only. Existing OSM object: node/777011461.
node/2638482071,https://www.openstreetmap.org/node/2638482071,,63.2776503,14.3319616,,shelter,,255.1,10524322,missing,Proposed: add as member of relation 10524322 (St. Olavsleden). Do not modify existing members of relation 10524322 (St. Olavsleden). Research aid only. Existing OSM object: node/2638482071.
node/7133973563,https://www.openstreetmap.org/node/7133973563,Hanasjöns kåta,63.0623555,13.4681447,wilderness_hut,,hut,255.2,10524322,missing,Proposed: add as member of relation 10524322 (St. Olavsleden). Do not modify existing members of relation 10524322 (St. Olavsleden). Research aid only. Existing OSM object: node/7133973563.
way/180932907,https://www.openstreetmap.org/way/180932907,,63.3995210,12.9712106,chalet,,residential,255.8,10524322,missing,Proposed: add as member of relation 10524322 (St. Olavsleden). Do not modify existing members of relation 10524322 (St. Olavsleden). Research aid only. Existing OSM object: way/180932907.
node/1313157221,https://www.openstreetmap.org/node/1313157221,,63.5454838,11.0908691,picnic_site,,,256.2,10524322,missing,Proposed: add as member of relation 10524322 (St. Olavsleden). Do not modify existing members of relation 10524322 (St. Olavsleden). Research aid only. Existing OSM object: node/1313157221.
node/4558676081,https://www.openstreetmap.org/node/4558676081,,63.1948205,14.5873006,,shelter,,256.7,10524322,missing,Proposed: add as member of relation 10524322 (St. Olavsleden). Do not modify existing members of relation 10524322 (St. Olavsleden). Research aid only. Existing OSM object: node/4558676081.
way/180816922,https://www.openstreetmap.org/way/180816922,,63.3999521,12.9703788,chalet,,residential,257.7,10524322,missing,Proposed: add as member of relation 10524322 (St. Olavsleden). Do not modify existing members of relation 10524322 (St. Olavsleden). Research aid only. Existing OSM object: way/180816922.
node/5678268584,https://www.openstreetmap.org/node/5678268584,,63.1202044,14.7149339,,shelter,,259.9,10524322,missing,Proposed: add as member of relation 10524322 (St. Olavsleden). Do not modify existing members of relation 10524322 (St. Olavsleden). Research aid only. Existing OSM object: node/5678268584.
node/13045439948,https://www.openstreetmap.org/node/13045439948,Shelter,63.3885903,12.9099898,,shelter,,260.8,10524322,missing,Proposed: add as member of relation 10524322 (St. Olavsleden). Do not modify existing members of relation 10524322 (St. Olavsleden). Research aid only. Existing OSM object: node/13045439948.
way/180816918,https://www.openstreetmap.org/way/180816918,,63.4003438,12.9691288,chalet,,residential,261.8,10524322,missing,Proposed: add as member of relation 10524322 (St. Olavsleden). Do not modify existing members of relation 10524322 (St. Olavsleden). Research aid only. Existing OSM object: way/180816918.
node/4558467689,https://www.openstreetmap.org/node/4558467689,,63.1713469,14.6651890,,shelter,,264.1,10524322,missing,Proposed: add as member of relation 10524322 (St. Olavsleden). Do not modify existing members of relation 10524322 (St. Olavsleden). Research aid only. Existing OSM object: node/4558467689.
node/1201636524,https://www.openstreetmap.org/node/1201636524,,63.4643622,13.0979289,,shelter,,264.3,10524322,missing,Proposed: add as member of relation 10524322 (St. Olavsleden). Do not modify existing members of relation 10524322 (St. Olavsleden). Research aid only. Existing OSM object: node/1201636524.
way/180816923,https://www.openstreetmap.org/way/180816923,,63.3997368,12.9710501,chalet,,residential,264.3,10524322,missing,Proposed: add as member of relation 10524322 (St. Olavsleden). Do not modify existing members of relation 10524322 (St. Olavsleden). Research aid only. Existing OSM object: way/180816923.
way/1034905064,https://www.openstreetmap.org/way/1034905064,,63.4370882,10.4267906,,shelter,yes,264.6,10524322,missing,Proposed: add as member of relation 10524322 (St. Olavsleden). Do not modify existing members of relation 10524322 (St. Olavsleden). Research aid only. Existing OSM object: way/1034905064.
node/3169633549,https://www.openstreetmap.org/node/3169633549,Svartsjöstugan,63.1608793,14.6845811,,shelter,,266.3,10524322,missing,Proposed: add as member of relation 10524322 (St. Olavsleden). Do not modify existing members of relation 10524322 (St. Olavsleden). Research aid only. Existing OSM object: node/3169633549.
node/12068549512,https://www.openstreetmap.org/node/12068549512,,62.7727401,15.5781117,,shelter,,266.4,10524322,missing,Proposed: add as member of relation 10524322 (St. Olavsleden). Do not modify existing members of relation 10524322 (St. Olavsleden). Research aid only. Existing OSM object: node/12068549512.
way/1459090711,https://www.openstreetmap.org/way/1459090711,,63.4326578,10.5093883,,shelter,yes,267.3,10524322,missing,Proposed: add as member of relation 10524322 (St. Olavsleden). Do not modify existing members of relation 10524322 (St. Olavsleden). Research aid only. Existing OSM object: way/1459090711.
way/181024233,https://www.openstreetmap.org/way/181024233,,63.3985841,12.9748826,chalet,,yes,267.6,10524322,missing,Proposed: add as member of relation 10524322 (St. Olavsleden). Do not modify existing members of relation 10524322 (St. Olavsleden). Research aid only. Existing OSM object: way/181024233.
node/4557813584,https://www.openstreetmap.org/node/4557813584,,63.1410663,14.7381197,,shelter,,269.0,10524322,missing,Proposed: add as member of relation 10524322 (St. Olavsleden). Do not modify existing members of relation 10524322 (St. Olavsleden). Research aid only. Existing OSM object: node/4557813584.
node/4557813743,https://www.openstreetmap.org/node/4557813743,,63.1151304,14.7882999,,shelter,,269.5,10524322,missing,Proposed: add as member of relation 10524322 (St. Olavsleden). Do not modify existing members of relation 10524322 (St. Olavsleden). Research aid only. Existing OSM object: node/4557813743.
way/180932906,https://www.openstreetmap.org/way/180932906,,63.3994439,12.9724868,chalet,,residential,269.8,10524322,missing,Proposed: add as member of relation 10524322 (St. Olavsleden). Do not modify existing members of relation 10524322 (St. Olavsleden). Research aid only. Existing OSM object: way/180932906.
way/180816908,https://www.openstreetmap.org/way/180816908,,63.4001570,12.9702192,chalet,,residential,270.8,10524322,missing,Proposed: add as member of relation 10524322 (St. Olavsleden). Do not modify existing members of relation 10524322 (St. Olavsleden). Research aid only. Existing OSM object: way/180816908.
node/4554562667,https://www.openstreetmap.org/node/4554562667,,63.0827113,14.4397439,,shelter,,271.4,10524322,missing,Proposed: add as member of relation 10524322 (St. Olavsleden). Do not modify existing members of relation 10524322 (St. Olavsleden). Research aid only. Existing OSM object: node/4554562667.
way/591207304,https://www.openstreetmap.org/way/591207304,Kvissleströmmens fiskecamping,63.2748384,13.8642368,camp_site,,,272.2,10524322,missing,Proposed: add as member of relation 10524322 (St. Olavsleden). Do not modify existing members of relation 10524322 (St. Olavsleden). Research aid only. Existing OSM object: way/591207304.
node/6566656415,https://www.openstreetmap.org/node/6566656415,,63.5678877,10.7037815,picnic_site,,,272.8,10524322,missing,Proposed: add as member of relation 10524322 (St. Olavsleden). Do not modify existing members of relation 10524322 (St. Olavsleden). Research aid only. Existing OSM object: node/6566656415.
node/778198028,https://www.openstreetmap.org/node/778198028,,63.1366729,14.4264317,picnic_site,,,273.5,10524322,missing,Proposed: add as member of relation 10524322 (St. Olavsleden). Do not modify existing members of relation 10524322 (St. Olavsleden). Research aid only. Existing OSM object: node/778198028.
node/12030041900,https://www.openstreetmap.org/node/12030041900,,63.2158826,13.0538638,,shelter,,275.0,10524322,missing,Proposed: add as member of relation 10524322 (St. Olavsleden). Do not modify existing members of relation 10524322 (St. Olavsleden). Research aid only. Existing OSM object: node/12030041900.
way/180816919,https://www.openstreetmap.org/way/180816919,,63.4000114,12.9707571,chalet,,residential,275.1,10524322,missing,Proposed: add as member of relation 10524322 (St. Olavsleden). Do not modify existing members of relation 10524322 (St. Olavsleden). Research aid only. Existing OSM object: way/180816919.
way/180798203,https://www.openstreetmap.org/way/180798203,,63.3996106,12.9717290,chalet,,residential,275.3,10524322,missing,Proposed: add as member of relation 10524322 (St. Olavsleden). Do not modify existing members of relation 10524322 (St. Olavsleden). Research aid only. Existing OSM object: way/180798203.
way/1390764488,https://www.openstreetmap.org/way/1390764488,,63.4301379,10.4527685,,shelter,yes,275.4,10524322,missing,Proposed: add as member of relation 10524322 (St. Olavsleden). Do not modify existing members of relation 10524322 (St. Olavsleden). Research aid only. Existing OSM object: way/1390764488.
node/6621332487,https://www.openstreetmap.org/node/6621332487,,63.6809114,11.3159740,picnic_site,,,275.6,10524322,missing,Proposed: add as member of relation 10524322 (St. Olavsleden). Do not modify existing members of relation 10524322 (St. Olavsleden). Research aid only. Existing OSM object: node/6621332487.
way/1459090714,https://www.openstreetmap.org/way/1459090714,,63.4326244,10.5103822,,shelter,yes,277.0,10524322,missing,Proposed: add as member of relation 10524322 (St. Olavsleden). Do not modify existing members of relation 10524322 (St. Olavsleden). Research aid only. Existing OSM object: way/1459090714.
node/4796619604,https://www.openstreetmap.org/node/4796619604,Norra raststugan,63.2722456,13.1628070,,shelter,yes,277.2,10524322,missing,Proposed: add as member of relation 10524322 (St. Olavsleden). Do not modify existing members of relation 10524322 (St. Olavsleden). Research aid only. Existing OSM object: node/4796619604.
node/13917283326,https://www.openstreetmap.org/node/13917283326,Sällsjöfjällets Rastskydd,63.1492920,13.7196151,,shelter,,277.2,10524322,missing,Proposed: add as member of relation 10524322 (St. Olavsleden). Do not modify existing members of relation 10524322 (St. Olavsleden). Research aid only. Existing OSM object: node/13917283326.
way/1475245128,https://www.openstreetmap.org/way/1475245128,,63.5831865,10.7701549,,shelter,yes,280.7,10524322,missing,Proposed: add as member of relation 10524322 (St. Olavsleden). Do not modify existing members of relation 10524322 (St. Olavsleden). Research aid only. Existing OSM object: way/1475245128.
node/3161686758,https://www.openstreetmap.org/node/3161686758,,63.1680798,14.6465343,,shelter,,281.5,10524322,missing,Proposed: add as member of relation 10524322 (St. Olavsleden). Do not modify existing members of relation 10524322 (St. Olavsleden). Research aid only. Existing OSM object: node/3161686758.
way/181024225,https://www.openstreetmap.org/way/181024225,,63.3988378,12.9747028,chalet,,yes,281.6,10524322,missing,Proposed: add as member of relation 10524322 (St. Olavsleden). Do not modify existing members of relation 10524322 (St. Olavsleden). Research aid only. Existing OSM object: way/181024225.
node/12496732871,https://www.openstreetmap.org/node/12496732871,,63.4650195,13.0954704,,shelter,,282.1,10524322,missing,Proposed: add as member of relation 10524322 (St. Olavsleden). Do not modify existing members of relation 10524322 (St. Olavsleden). Research aid only. Existing OSM object: node/12496732871.
node/4556183191,https://www.openstreetmap.org/node/4556183191,,63.1522936,14.5915723,,shelter,,283.9,10524322,missing,Proposed: add as member of relation 10524322 (St. Olavsleden). Do not modify existing members of relation 10524322 (St. Olavsleden). Research aid only. Existing OSM object: node/4556183191.
way/180798219,https://www.openstreetmap.org/way/180798219,,63.3995324,12.9728890,chalet,,residential,287.1,10524322,missing,Proposed: add as member of relation 10524322 (St. Olavsleden). Do not modify existing members of relation 10524322 (St. Olavsleden). Research aid only. Existing OSM object: way/180798219.
way/181024252,https://www.openstreetmap.org/way/181024252,,63.3987368,12.9751868,chalet,,yes,287.6,10524322,missing,Proposed: add as member of relation 10524322 (St. Olavsleden). Do not modify existing members of relation 10524322 (St. Olavsleden). Research aid only. Existing OSM object: way/181024252.
node/13202468986,https://www.openstreetmap.org/node/13202468986,Torvmyra,63.6827905,11.0197438,,shelter,,287.8,10524322,missing,Proposed: add as member of relation 10524322 (St. Olavsleden). Do not modify existing members of relation 10524322 (St. Olavsleden). Research aid only. Existing OSM object: node/13202468986.
node/252458077,https://www.openstreetmap.org/node/252458077,,63.4315435,10.5397377,picnic_site,,,288.0,10524322,missing,Proposed: add as member of relation 10524322 (St. Olavsleden). Do not modify existing members of relation 10524322 (St. Olavsleden). Research aid only. Existing OSM object: node/252458077.
way/180816921,https://www.openstreetmap.org/way/180816921,,63.3998322,12.9714928,chalet,,residential,288.0,10524322,missing,Proposed: add as member of relation 10524322 (St. Olavsleden). Do not modify existing members of relation 10524322 (St. Olavsleden). Research aid only. Existing OSM object: way/180816921.
way/180816914,https://www.openstreetmap.org/way/180816914,,63.4005056,12.9696431,chalet,,residential,289.0,10524322,missing,Proposed: add as member of relation 10524322 (St. Olavsleden). Do not modify existing members of relation 10524322 (St. Olavsleden). Research aid only. Existing OSM object: way/180816914.
node/13165712398,https://www.openstreetmap.org/node/13165712398,,63.3342357,13.4589544,,shelter,,290.8,10524322,missing,Proposed: add as member of relation 10524322 (St. Olavsleden). Do not modify existing members of relation 10524322 (St. Olavsleden). Research aid only. Existing OSM object: node/13165712398.
way/180932920,https://www.openstreetmap.org/way/180932920,,63.3997078,12.9721546,chalet,,residential,291.6,10524322,missing,Proposed: add as member of relation 10524322 (St. Olavsleden). Do not modify existing members of relation 10524322 (St. Olavsleden). Research aid only. Existing OSM object: way/180932920.
way/174692472,https://www.openstreetmap.org/way/174692472,Ottsjö Fjällhotell,63.2154943,13.0547249,hotel,,hotel,291.7,10524322,missing,Proposed: add as member of relation 10524322 (St. Olavsleden). Do not modify existing members of relation 10524322 (St. Olavsleden). Research aid only. Existing OSM object: way/174692472.
node/4556183470,https://www.openstreetmap.org/node/4556183470,,63.1282775,14.4491301,,shelter,,292.9,10524322,missing,Proposed: add as member of relation 10524322 (St. Olavsleden). Do not modify existing members of relation 10524322 (St. Olavsleden). Research aid only. Existing OSM object: node/4556183470.
node/1965311437,https://www.openstreetmap.org/node/1965311437,Hansbakkfjæra,63.4313454,10.5458963,picnic_site,,,292.9,10524322,missing,Proposed: add as member of relation 10524322 (St. Olavsleden). Do not modify existing members of relation 10524322 (St. Olavsleden). Research aid only. Existing OSM object: node/1965311437.
way/180816915,https://www.openstreetmap.org/way/180816915,,63.4000861,12.9711598,chalet,,residential,294.9,10524322,missing,Proposed: add as member of relation 10524322 (St. Olavsleden). Do not modify existing members of relation 10524322 (St. Olavsleden). Research aid only. Existing OSM object: way/180816915.
way/181024246,https://www.openstreetmap.org/way/181024246,,63.3989601,12.9748626,chalet,,yes,296.5,10524322,missing,Proposed: add as member of relation 10524322 (St. Olavsleden). Do not modify existing members of relation 10524322 (St. Olavsleden). Research aid only. Existing OSM object: way/181024246.
node/11086010705,https://www.openstreetmap.org/node/11086010705,,63.1585443,14.6584261,picnic_site,,,296.7,10524322,missing,Proposed: add as member of relation 10524322 (St. Olavsleden). Do not modify existing members of relation 10524322 (St. Olavsleden). Research aid only. Existing OSM object: node/11086010705.
way/953164728,https://www.openstreetmap.org/way/953164728,,63.4674741,10.9434702,,shelter,yes,298.4,10524322,missing,Proposed: add as member of relation 10524322 (St. Olavsleden). Do not modify existing members of relation 10524322 (St. Olavsleden). Research aid only. Existing OSM object: way/953164728.
way/1034909556,https://www.openstreetmap.org/way/1034909556,,63.4375247,10.4482123,,shelter,yes,298.9,10524322,missing,Proposed: add as member of relation 10524322 (St. Olavsleden). Do not modify existing members of relation 10524322 (St. Olavsleden). Research aid only. Existing OSM object: way/1034909556.
node/3663314599,https://www.openstreetmap.org/node/3663314599,Ertsgaard Camping,63.4520050,11.0147330,camp_site,,,300.0,10524322,missing,Proposed: add as member of relation 10524322 (St. Olavsleden). Do not modify existing members of relation 10524322 (St. Olavsleden). Research aid only. Existing OSM object: node/3663314599.
way/1034903455,https://www.openstreetmap.org/way/1034903455,,63.4385915,10.4302387,,shelter,yes,300.5,10524322,missing,Proposed: add as member of relation 10524322 (St. Olavsleden). Do not modify existing members of relation 10524322 (St. Olavsleden). Research aid only. Existing OSM object: way/1034903455.
node/721442610,https://www.openstreetmap.org/node/721442610,Krokåttbekken,63.3745953,10.8204602,picnic_site,,,301.3,10524322,missing,Proposed: add as member of relation 10524322 (St. Olavsleden). Do not modify existing members of relation 10524322 (St. Olavsleden). Research aid only. Existing OSM object: node/721442610.
way/181024310,https://www.openstreetmap.org/way/181024310,,63.3988547,12.9753349,chalet,,yes,302.2,10524322,missing,Proposed: add as member of relation 10524322 (St. Olavsleden). Do not modify existing members of relation 10524322 (St. Olavsleden). Research aid only. Existing OSM object: way/181024310.
node/4554562637,https://www.openstreetmap.org/node/4554562637,,63.1006249,14.4346536,,shelter,,305.0,10524322,missing,Proposed: add as member of relation 10524322 (St. Olavsleden). Do not modify existing members of relation 10524322 (St. Olavsleden). Research aid only. Existing OSM object: node/4554562637.
node/6621309684,https://www.openstreetmap.org/node/6621309684,,63.6761070,11.3227254,picnic_site,,,305.1,10524322,missing,Proposed: add as member of relation 10524322 (St. Olavsleden). Do not modify existing members of relation 10524322 (St. Olavsleden). Research aid only. Existing OSM object: node/6621309684.
way/180932918,https://www.openstreetmap.org/way/180932918,,63.3997872,12.9725295,chalet,,residential,306.0,10524322,missing,Proposed: add as member of relation 10524322 (St. Olavsleden). Do not modify existing members of relation 10524322 (St. Olavsleden). Research aid only. Existing OSM object: way/180932918.
way/180798217,https://www.openstreetmap.org/way/180798217,,63.3996344,12.9732809,chalet,,residential,306.1,10524322,missing,Proposed: add as member of relation 10524322 (St. Olavsleden). Do not modify existing members of relation 10524322 (St. Olavsleden). Research aid only. Existing OSM object: way/180798217.
way/1388834357,https://www.openstreetmap.org/way/1388834357,,63.4420582,10.4635173,,shelter,yes,307.3,10524322,missing,Proposed: add as member of relation 10524322 (St. Olavsleden). Do not modify existing members of relation 10524322 (St. Olavsleden). Research aid only. Existing OSM object: way/1388834357.
way/180816917,https://www.openstreetmap.org/way/180816917,,63.3999174,12.9718649,chalet,,residential,308.4,10524322,missing,Proposed: add as member of relation 10524322 (St. Olavsleden). Do not modify existing members of relation 10524322 (St. Olavsleden). Research aid only. Existing OSM object: way/180816917.
node/8829499580,https://www.openstreetmap.org/node/8829499580,Mølshuken,63.4180224,11.4147523,,shelter,,308.4,10524322,missing,Proposed: add as member of relation 10524322 (St. Olavsleden). Do not modify existing members of relation 10524322 (St. Olavsleden). Research aid only. Existing OSM object: node/8829499580.
way/963792823,https://www.openstreetmap.org/way/963792823,,63.4352215,10.4560845,,shelter,yes,309.3,10524322,missing,Proposed: add as member of relation 10524322 (St. Olavsleden). Do not modify existing members of relation 10524322 (St. Olavsleden). Research aid only. Existing OSM object: way/963792823.
node/2246025443,https://www.openstreetmap.org/node/2246025443,Vindskydd,62.3769291,17.0713325,,shelter,,309.4,10524322,missing,Proposed: add as member of relation 10524322 (St. Olavsleden). Do not modify existing members of relation 10524322 (St. Olavsleden). Research aid only. Existing OSM object: node/2246025443.
node/339314757,https://www.openstreetmap.org/node/339314757,Anarisstugan,63.0900028,13.3403336,alpine_hut,,,309.7,10524322,missing,Proposed: add as member of relation 10524322 (St. Olavsleden). Do not modify existing members of relation 10524322 (St. Olavsleden). Research aid only. Existing OSM object: node/339314757.
node/4558467462,https://www.openstreetmap.org/node/4558467462,,63.1538326,14.7011245,,shelter,,310.9,10524322,missing,Proposed: add as member of relation 10524322 (St. Olavsleden). Do not modify existing members of relation 10524322 (St. Olavsleden). Research aid only. Existing OSM object: node/4558467462.
node/979550845,https://www.openstreetmap.org/node/979550845,Ovikens Camping,62.9981943,14.3612199,camp_site,,,311.0,10524322,missing,Proposed: add as member of relation 10524322 (St. Olavsleden). Do not modify existing members of relation 10524322 (St. Olavsleden). Research aid only. Existing OSM object: node/979550845.
node/3663314607,https://www.openstreetmap.org/node/3663314607,Fagerlia Camping,63.4425520,11.6788540,camp_site,,,311.9,10524322,missing,Proposed: add as member of relation 10524322 (St. Olavsleden). Do not modify existing members of relation 10524322 (St. Olavsleden). Research aid only. Existing OSM object: node/3663314607.
way/1034903456,https://www.openstreetmap.org/way/1034903456,,63.4384593,10.4296044,,shelter,yes,312.2,10524322,missing,Proposed: add as member of relation 10524322 (St. Olavsleden). Do not modify existing members of relation 10524322 (St. Olavsleden). Research aid only. Existing OSM object: way/1034903456.
node/3167575093,https://www.openstreetmap.org/node/3167575093,,63.1731643,14.6395838,,shelter,,313.4,10524322,missing,Proposed: add as member of relation 10524322 (St. Olavsleden). Do not modify existing members of relation 10524322 (St. Olavsleden). Research aid only. Existing OSM object: node/3167575093.
node/4552988011,https://www.openstreetmap.org/node/4552988011,,62.9763478,14.4835101,,shelter,,313.8,10524322,missing,Proposed: add as member of relation 10524322 (St. Olavsleden). Do not modify existing members of relation 10524322 (St. Olavsleden). Research aid only. Existing OSM object: node/4552988011.
way/1396515120,https://www.openstreetmap.org/way/1396515120,STF Fjällkoja,63.1903202,14.6371349,,shelter,yes,314.5,10524322,missing,Proposed: add as member of relation 10524322 (St. Olavsleden). Do not modify existing members of relation 10524322 (St. Olavsleden). Research aid only. Existing OSM object: way/1396515120.
node/4301585889,https://www.openstreetmap.org/node/4301585889,,62.6520902,16.4101484,,shelter,,315.5,10524322,missing,Proposed: add as member of relation 10524322 (St. Olavsleden). Do not modify existing members of relation 10524322 (St. Olavsleden). Research aid only. Existing OSM object: node/4301585889.
way/1421010272,https://www.openstreetmap.org/way/1421010272,Grofjällstugan,63.2848616,13.0451220,wilderness_hut,,hut,315.5,10524322,missing,Proposed: add as member of relation 10524322 (St. Olavsleden). Do not modify existing members of relation 10524322 (St. Olavsleden). Research aid only. Existing OSM object: way/1421010272.
node/3167575098,https://www.openstreetmap.org/node/3167575098,,63.1733331,14.6392126,,shelter,,315.8,10524322,missing,Proposed: add as member of relation 10524322 (St. Olavsleden). Do not modify existing members of relation 10524322 (St. Olavsleden). Research aid only. Existing OSM object: node/3167575098.
way/181024236,https://www.openstreetmap.org/way/181024236,,63.3990744,12.9751622,chalet,,yes,316.1,10524322,missing,Proposed: add as member of relation 10524322 (St. Olavsleden). Do not modify existing members of relation 10524322 (St. Olavsleden). Research aid only. Existing OSM object: way/181024236.
way/1370999137,https://www.openstreetmap.org/way/1370999137,,63.3970425,12.9093700,,shelter,hut,316.1,10524322,missing,Proposed: add as member of relation 10524322 (St. Olavsleden). Do not modify existing members of relation 10524322 (St. Olavsleden). Research aid only. Existing OSM object: way/1370999137.
node/5677876514,https://www.openstreetmap.org/node/5677876514,,63.0056037,14.7334546,,shelter,,316.7,10524322,missing,Proposed: add as member of relation 10524322 (St. Olavsleden). Do not modify existing members of relation 10524322 (St. Olavsleden). Research aid only. Existing OSM object: node/5677876514.
way/648594740,https://www.openstreetmap.org/way/648594740,Sona Camping,63.4424703,11.2473942,camp_site,,,317.9,10524322,missing,Proposed: add as member of relation 10524322 (St. Olavsleden). Do not modify existing members of relation 10524322 (St. Olavsleden). Research aid only. Existing OSM object: way/648594740.
node/5998116719,https://www.openstreetmap.org/node/5998116719,,63.1785759,14.5841789,,shelter,,318.0,10524322,missing,Proposed: add as member of relation 10524322 (St. Olavsleden). Do not modify existing members of relation 10524322 (St. Olavsleden). Research aid only. Existing OSM object: node/5998116719.
way/181024284,https://www.openstreetmap.org/way/181024284,,63.3989989,12.9754961,chalet,,yes,319.9,10524322,missing,Proposed: add as member of relation 10524322 (St. Olavsleden). Do not modify existing members of relation 10524322 (St. Olavsleden). Research aid only. Existing OSM object: way/181024284.
node/778198003,https://www.openstreetmap.org/node/778198003,,63.1369749,14.4273482,picnic_site,,,320.6,10524322,missing,Proposed: add as member of relation 10524322 (St. Olavsleden). Do not modify existing members of relation 10524322 (St. Olavsleden). Research aid only. Existing OSM object: node/778198003.
node/2258708085,https://www.openstreetmap.org/node/2258708085,,62.8371579,14.7873706,,shelter,,321.5,10524322,missing,Proposed: add as member of relation 10524322 (St. Olavsleden). Do not modify existing members of relation 10524322 (St. Olavsleden). Research aid only. Existing OSM object: node/2258708085.
node/4552988010,https://www.openstreetmap.org/node/4552988010,,62.9766135,14.4830166,,shelter,,321.7,10524322,missing,Proposed: add as member of relation 10524322 (St. Olavsleden). Do not modify existing members of relation 10524322 (St. Olavsleden). Research aid only. Existing OSM object: node/4552988010.
node/3167575140,https://www.openstreetmap.org/node/3167575140,,63.1777595,14.6111312,,shelter,,322.5,10524322,missing,Proposed: add as member of relation 10524322 (St. Olavsleden). Do not modify existing members of relation 10524322 (St. Olavsleden). Research aid only. Existing OSM object: node/3167575140.
node/9579044091,https://www.openstreetmap.org/node/9579044091,,62.9212554,15.2091736,,shelter,,324.5,10524322,missing,Proposed: add as member of relation 10524322 (St. Olavsleden). Do not modify existing members of relation 10524322 (St. Olavsleden). Research aid only. Existing OSM object: node/9579044091.
node/12023092944,https://www.openstreetmap.org/node/12023092944,,63.3213988,13.0647599,,shelter,,324.7,10524322,missing,Proposed: add as member of relation 10524322 (St. Olavsleden). Do not modify existing members of relation 10524322 (St. Olavsleden). Research aid only. Existing OSM object: node/12023092944.
way/1475295171,https://www.openstreetmap.org/way/1475295171,,63.6006338,10.9788052,,shelter,yes,325.3,10524322,missing,Proposed: add as member of relation 10524322 (St. Olavsleden). Do not modify existing members of relation 10524322 (St. Olavsleden). Research aid only. Existing OSM object: way/1475295171.
way/1459090706,https://www.openstreetmap.org/way/1459090706,,63.4335475,10.5000578,,shelter,yes,325.5,10524322,missing,Proposed: add as member of relation 10524322 (St. Olavsleden). Do not modify existing members of relation 10524322 (St. Olavsleden). Research aid only. Existing OSM object: way/1459090706.
way/180932917,https://www.openstreetmap.org/way/180932917,,63.3997351,12.9736839,chalet,,residential,325.7,10524322,missing,Proposed: add as member of relation 10524322 (St. Olavsleden). Do not modify existing members of relation 10524322 (St. Olavsleden). Research aid only. Existing OSM object: way/180932917.
way/180798214,https://www.openstreetmap.org/way/180798214,,63.3999010,12.9729613,chalet,,residential,325.8,10524322,missing,Proposed: add as member of relation 10524322 (St. Olavsleden). Do not modify existing members of relation 10524322 (St. Olavsleden). Research aid only. Existing OSM object: way/180798214.
node/2459492789,https://www.openstreetmap.org/node/2459492789,,63.0247092,14.9527900,,shelter,,326.0,10524322,missing,Proposed: add as member of relation 10524322 (St. Olavsleden). Do not modify existing members of relation 10524322 (St. Olavsleden). Research aid only. Existing OSM object: node/2459492789.
node/484674606,https://www.openstreetmap.org/node/484674606,Pensionat Svea,63.1746390,14.6359884,guest_house,,,327.4,10524322,missing,Proposed: add as member of relation 10524322 (St. Olavsleden). Do not modify existing members of relation 10524322 (St. Olavsleden). Research aid only. Existing OSM object: node/484674606.
node/12559971558,https://www.openstreetmap.org/node/12559971558,Kläpphögarna,63.2244880,13.0153658,,shelter,,327.5,10524322,missing,Proposed: add as member of relation 10524322 (St. Olavsleden). Do not modify existing members of relation 10524322 (St. Olavsleden). Research aid only. Existing OSM object: node/12559971558.
way/180816909,https://www.openstreetmap.org/way/180816909,,63.4000291,12.9723184,chalet,,residential,328.1,10524322,missing,Proposed: add as member of relation 10524322 (St. Olavsleden). Do not modify existing members of relation 10524322 (St. Olavsleden). Research aid only. Existing OSM object: way/180816909.
way/181024286,https://www.openstreetmap.org/way/181024286,,63.4005236,12.9710546,chalet,,house,328.3,10524322,missing,Proposed: add as member of relation 10524322 (St. Olavsleden). Do not modify existing members of relation 10524322 (St. Olavsleden). Research aid only. Existing OSM object: way/181024286.
way/181196496,https://www.openstreetmap.org/way/181196496,Handöl Pensionat & Stugby,63.2588100,12.4457504,chalet,,yes,329.5,10524322,missing,Proposed: add as member of relation 10524322 (St. Olavsleden). Do not modify existing members of relation 10524322 (St. Olavsleden). Research aid only. Existing OSM object: way/181196496.
node/13009019155,https://www.openstreetmap.org/node/13009019155,,63.7753496,11.5712563,,shelter,,329.8,10524322,missing,Proposed: add as member of relation 10524322 (St. Olavsleden). Do not modify existing members of relation 10524322 (St. Olavsleden). Research aid only. Existing OSM object: node/13009019155.
node/9812364223,https://www.openstreetmap.org/node/9812364223,Varghiet,63.4173152,11.4678738,,shelter,,330.0,10524322,missing,Proposed: add as member of relation 10524322 (St. Olavsleden). Do not modify existing members of relation 10524322 (St. Olavsleden). Research aid only. Existing OSM object: node/9812364223.
node/2148100982,https://www.openstreetmap.org/node/2148100982,Vindskydd svartsjön,63.0737992,14.6255360,,shelter,,330.6,10524322,missing,Proposed: add as member of relation 10524322 (St. Olavsleden). Do not modify existing members of relation 10524322 (St. Olavsleden). Research aid only. Existing OSM object: node/2148100982.
way/1458142167,https://www.openstreetmap.org/way/1458142167,,63.4406095,10.4596359,,shelter,roof,332.7,10524322,missing,Proposed: add as member of relation 10524322 (St. Olavsleden). Do not modify existing members of relation 10524322 (St. Olavsleden). Research aid only. Existing OSM object: way/1458142167.
node/317229476,https://www.openstreetmap.org/node/317229476,,63.4279731,10.4913200,picnic_site,,,336.4,10524322,missing,Proposed: add as member of relation 10524322 (St. Olavsleden). Do not modify existing members of relation 10524322 (St. Olavsleden). Research aid only. Existing OSM object: node/317229476.
node/9833704329,https://www.openstreetmap.org/node/9833704329,Stordalshytta,63.3191800,11.8425643,chalet,,,337.4,10524322,missing,Proposed: add as member of relation 10524322 (St. Olavsleden). Do not modify existing members of relation 10524322 (St. Olavsleden). Research aid only. Existing OSM object: node/9833704329.
way/181024224,https://www.openstreetmap.org/way/181024224,,63.4005090,12.9714071,chalet,,house,338.1,10524322,missing,Proposed: add as member of relation 10524322 (St. Olavsleden). Do not modify existing members of relation 10524322 (St. Olavsleden). Research aid only. Existing OSM object: way/181024224.
node/771820300,https://www.openstreetmap.org/node/771820300,,63.4949365,11.0243009,picnic_site,,,340.0,10524322,missing,Proposed: add as member of relation 10524322 (St. Olavsleden). Do not modify existing members of relation 10524322 (St. Olavsleden). Research aid only. Existing OSM object: node/771820300.
way/963792824,https://www.openstreetmap.org/way/963792824,,63.4354864,10.4556478,,shelter,yes,340.7,10524322,missing,Proposed: add as member of relation 10524322 (St. Olavsleden). Do not modify existing members of relation 10524322 (St. Olavsleden). Research aid only. Existing OSM object: way/963792824.
way/955681133,https://www.openstreetmap.org/way/955681133,,63.4355166,10.4572450,,shelter,yes,343.3,10524322,missing,Proposed: add as member of relation 10524322 (St. Olavsleden). Do not modify existing members of relation 10524322 (St. Olavsleden). Research aid only. Existing OSM object: way/955681133.
way/180798211,https://www.openstreetmap.org/way/180798211,,63.4000034,12.9733578,chalet,,residential,344.4,10524322,missing,Proposed: add as member of relation 10524322 (St. Olavsleden). Do not modify existing members of relation 10524322 (St. Olavsleden). Research aid only. Existing OSM object: way/180798211.
way/180798213,https://www.openstreetmap.org/way/180798213,,63.3998287,12.9740759,chalet,,residential,344.7,10524322,missing,Proposed: add as member of relation 10524322 (St. Olavsleden). Do not modify existing members of relation 10524322 (St. Olavsleden). Research aid only. Existing OSM object: way/180798213.
way/701947829,https://www.openstreetmap.org/way/701947829,,63.1582257,14.6923735,,shelter,yes,345.6,10524322,missing,Proposed: add as member of relation 10524322 (St. Olavsleden). Do not modify existing members of relation 10524322 (St. Olavsleden). Research aid only. Existing OSM object: way/701947829.
node/12325671841,https://www.openstreetmap.org/node/12325671841,,63.3793939,10.8491568,picnic_site,,,346.0,10524322,missing,Proposed: add as member of relation 10524322 (St. Olavsleden). Do not modify existing members of relation 10524322 (St. Olavsleden). Research aid only. Existing OSM object: node/12325671841.
node/4796606046,https://www.openstreetmap.org/node/4796606046,,63.2269255,13.0585247,,shelter,,346.1,10524322,missing,Proposed: add as member of relation 10524322 (St. Olavsleden). Do not modify existing members of relation 10524322 (St. Olavsleden). Research aid only. Existing OSM object: node/4796606046.
way/181024226,https://www.openstreetmap.org/way/181024226,,63.3992256,12.9757662,chalet,,yes,347.9,10524322,missing,Proposed: add as member of relation 10524322 (St. Olavsleden). Do not modify existing members of relation 10524322 (St. Olavsleden). Research aid only. Existing OSM object: way/181024226.
way/181024333,https://www.openstreetmap.org/way/181024333,,63.4005200,12.9716941,chalet,,house,348.4,10524322,missing,Proposed: add as member of relation 10524322 (St. Olavsleden). Do not modify existing members of relation 10524322 (St. Olavsleden). Research aid only. Existing OSM object: way/181024333.
way/763468051,https://www.openstreetmap.org/way/763468051,Tvärådalsstugan,63.0085643,13.8819472,,shelter,yes,351.7,10524322,missing,Proposed: add as member of relation 10524322 (St. Olavsleden). Do not modify existing members of relation 10524322 (St. Olavsleden). Research aid only. Existing OSM object: way/763468051.
node/1803628236,https://www.openstreetmap.org/node/1803628236,,62.5473750,15.8179538,,shelter,,355.2,10524322,missing,Proposed: add as member of relation 10524322 (St. Olavsleden). Do not modify existing members of relation 10524322 (St. Olavsleden). Research aid only. Existing OSM object: node/1803628236.
node/4560077037,https://www.openstreetmap.org/node/4560077037,,63.1756992,14.0940517,,shelter,,355.3,10524322,missing,Proposed: add as member of relation 10524322 (St. Olavsleden). Do not modify existing members of relation 10524322 (St. Olavsleden). Research aid only. Existing OSM object: node/4560077037.
way/181024276,https://www.openstreetmap.org/way/181024276,,63.4004593,12.9720711,chalet,,house,356.4,10524322,missing,Proposed: add as member of relation 10524322 (St. Olavsleden). Do not modify existing members of relation 10524322 (St. Olavsleden). Research aid only. Existing OSM object: way/181024276.
way/955681132,https://www.openstreetmap.org/way/955681132,,63.4355833,10.4581253,,shelter,yes,358.0,10524322,missing,Proposed: add as member of relation 10524322 (St. Olavsleden). Do not modify existing members of relation 10524322 (St. Olavsleden). Research aid only. Existing OSM object: way/955681132.
way/531449109,https://www.openstreetmap.org/way/531449109,,63.4028378,13.1121392,,shelter,yes,362.2,10524322,missing,Proposed: add as member of relation 10524322 (St. Olavsleden). Do not modify existing members of relation 10524322 (St. Olavsleden). Research aid only. Existing OSM object: way/531449109.
way/1475245129,https://www.openstreetmap.org/way/1475245129,,63.5813315,10.7776986,,shelter,yes,362.6,10524322,missing,Proposed: add as member of relation 10524322 (St. Olavsleden). Do not modify existing members of relation 10524322 (St. Olavsleden). Research aid only. Existing OSM object: way/1475245129.
way/1459090709,https://www.openstreetmap.org/way/1459090709,,63.4338183,10.5021097,,shelter,yes,364.8,10524322,missing,Proposed: add as member of relation 10524322 (St. Olavsleden). Do not modify existing members of relation 10524322 (St. Olavsleden). Research aid only. Existing OSM object: way/1459090709.
way/1034903713,https://www.openstreetmap.org/way/1034903713,,63.4399112,10.4324890,,shelter,yes,366.0,10524322,missing,Proposed: add as member of relation 10524322 (St. Olavsleden). Do not modify existing members of relation 10524322 (St. Olavsleden). Research aid only. Existing OSM object: way/1034903713.
way/180798202,https://www.openstreetmap.org/way/180798202,,63.3999575,12.9744670,chalet,,residential,367.4,10524322,missing,Proposed: add as member of relation 10524322 (St. Olavsleden). Do not modify existing members of relation 10524322 (St. Olavsleden). Research aid only. Existing OSM object: way/180798202.
way/181024227,https://www.openstreetmap.org/way/181024227,,63.4004864,12.9723713,chalet,,house,369.1,10524322,missing,Proposed: add as member of relation 10524322 (St. Olavsleden). Do not modify existing members of relation 10524322 (St. Olavsleden). Research aid only. Existing OSM object: way/181024227.
way/1388834364,https://www.openstreetmap.org/way/1388834364,,63.4415452,10.4640862,,shelter,yes,370.4,10524322,missing,Proposed: add as member of relation 10524322 (St. Olavsleden). Do not modify existing members of relation 10524322 (St. Olavsleden). Research aid only. Existing OSM object: way/1388834364.
node/484674604,https://www.openstreetmap.org/node/484674604,Hotell Jämteborg,63.1741845,14.6356408,hotel,,,371.7,10524322,missing,Proposed: add as member of relation 10524322 (St. Olavsleden). Do not modify existing members of relation 10524322 (St. Olavsleden). Research aid only. Existing OSM object: node/484674604.
node/6329754007,https://www.openstreetmap.org/node/6329754007,,63.0978157,14.4556341,,shelter,,372.3,10524322,missing,Proposed: add as member of relation 10524322 (St. Olavsleden). Do not modify existing members of relation 10524322 (St. Olavsleden). Research aid only. Existing OSM object: node/6329754007.
node/4558901756,https://www.openstreetmap.org/node/4558901756,,63.1705673,14.6424184,,shelter,,373.6,10524322,missing,Proposed: add as member of relation 10524322 (St. Olavsleden). Do not modify existing members of relation 10524322 (St. Olavsleden). Research aid only. Existing OSM object: node/4558901756.
node/1541306427,https://www.openstreetmap.org/node/1541306427,,63.1725006,14.6037273,,shelter,,376.1,10524322,missing,Proposed: add as member of relation 10524322 (St. Olavsleden). Do not modify existing members of relation 10524322 (St. Olavsleden). Research aid only. Existing OSM object: node/1541306427.
way/1034909560,https://www.openstreetmap.org/way/1034909560,,63.4372264,10.4498766,,shelter,yes,376.9,10524322,missing,Proposed: add as member of relation 10524322 (St. Olavsleden). Do not modify existing members of relation 10524322 (St. Olavsleden). Research aid only. Existing OSM object: way/1034909560.
node/467311462,https://www.openstreetmap.org/node/467311462,,63.2170456,13.0449763,,shelter,,377.4,10524322,missing,Proposed: add as member of relation 10524322 (St. Olavsleden). Do not modify existing members of relation 10524322 (St. Olavsleden). Research aid only. Existing OSM object: node/467311462.
node/4387642252,https://www.openstreetmap.org/node/4387642252,Stav Hotel,63.4245726,10.7287122,hotel,cafe,,378.2,10524322,missing,Proposed: add as member of relation 10524322 (St. Olavsleden). Do not modify existing members of relation 10524322 (St. Olavsleden). Research aid only. Existing OSM object: node/4387642252.
node/5677876485,https://www.openstreetmap.org/node/5677876485,,62.9876564,14.8097125,,shelter,,378.3,10524322,missing,Proposed: add as member of relation 10524322 (St. Olavsleden). Do not modify existing members of relation 10524322 (St. Olavsleden). Research aid only. Existing OSM object: node/5677876485.
way/181024221,https://www.openstreetmap.org/way/181024221,,63.4004440,12.9727486,chalet,,house,378.6,10524322,missing,Proposed: add as member of relation 10524322 (St. Olavsleden). Do not modify existing members of relation 10524322 (St. Olavsleden). Research aid only. Existing OSM object: way/181024221.
way/181024238,https://www.openstreetmap.org/way/181024238,,63.4008122,12.9718830,chalet,,house,379.1,10524322,missing,Proposed: add as member of relation 10524322 (St. Olavsleden). Do not modify existing members of relation 10524322 (St. Olavsleden). Research aid only. Existing OSM object: way/181024238.
node/7125728702,https://www.openstreetmap.org/node/7125728702,Gruvdammarna Syd,63.4592473,13.1293061,,shelter,,380.1,10524322,missing,Proposed: add as member of relation 10524322 (St. Olavsleden). Do not modify existing members of relation 10524322 (St. Olavsleden). Research aid only. Existing OSM object: node/7125728702.
node/11965069685,https://www.openstreetmap.org/node/11965069685,,62.9542986,14.1207898,,shelter,,381.4,10524322,missing,Proposed: add as member of relation 10524322 (St. Olavsleden). Do not modify existing members of relation 10524322 (St. Olavsleden). Research aid only. Existing OSM object: node/11965069685.
node/13128973813,https://www.openstreetmap.org/node/13128973813,,63.3149808,12.0565703,,shelter,,383.8,10524322,missing,Proposed: add as member of relation 10524322 (St. Olavsleden). Do not modify existing members of relation 10524322 (St. Olavsleden). Research aid only. Existing OSM object: node/13128973813.
node/2276076662,https://www.openstreetmap.org/node/2276076662,Trondheim Leilighetshotell,63.4403475,10.4329507,apartment,,,384.3,10524322,missing,Proposed: add as member of relation 10524322 (St. Olavsleden). Do not modify existing members of relation 10524322 (St. Olavsleden). Research aid only. Existing OSM object: node/2276076662.
way/181024263,https://www.openstreetmap.org/way/181024263,,63.4004667,12.9730590,chalet,,house,386.1,10524322,missing,Proposed: add as member of relation 10524322 (St. Olavsleden). Do not modify existing members of relation 10524322 (St. Olavsleden). Research aid only. Existing OSM object: way/181024263.
way/181024275,https://www.openstreetmap.org/way/181024275,,63.4004201,12.9733631,chalet,,house,386.8,10524322,missing,Proposed: add as member of relation 10524322 (St. Olavsleden). Do not modify existing members of relation 10524322 (St. Olavsleden). Research aid only. Existing OSM object: way/181024275.
node/1541306435,https://www.openstreetmap.org/node/1541306435,,63.1725432,14.6041602,,shelter,,387.5,10524322,missing,Proposed: add as member of relation 10524322 (St. Olavsleden). Do not modify existing members of relation 10524322 (St. Olavsleden). Research aid only. Existing OSM object: node/1541306435.
node/4556183466,https://www.openstreetmap.org/node/4556183466,,63.1342119,14.4581302,,shelter,,388.4,10524322,missing,Proposed: add as member of relation 10524322 (St. Olavsleden). Do not modify existing members of relation 10524322 (St. Olavsleden). Research aid only. Existing OSM object: node/4556183466.
way/181024304,https://www.openstreetmap.org/way/181024304,,63.4008339,12.9721700,chalet,,house,390.2,10524322,missing,Proposed: add as member of relation 10524322 (St. Olavsleden). Do not modify existing members of relation 10524322 (St. Olavsleden). Research aid only. Existing OSM object: way/181024304.
node/3634488993,https://www.openstreetmap.org/node/3634488993,,63.4225753,12.9551701,,shelter,,395.2,10524322,missing,Proposed: add as member of relation 10524322 (St. Olavsleden). Do not modify existing members of relation 10524322 (St. Olavsleden). Research aid only. Existing OSM object: node/3634488993.
way/181024265,https://www.openstreetmap.org/way/181024265,,63.4004472,12.9736579,chalet,,house,395.4,10524322,missing,Proposed: add as member of relation 10524322 (St. Olavsleden). Do not modify existing members of relation 10524322 (St. Olavsleden). Research aid only. Existing OSM object: way/181024265.
node/3663315415,https://www.openstreetmap.org/node/3663315415,Korsnes Camping,63.5838210,10.8163990,camp_site,,,395.9,10524322,missing,Proposed: add as member of relation 10524322 (St. Olavsleden). Do not modify existing members of relation 10524322 (St. Olavsleden). Research aid only. Existing OSM object: node/3663315415.
way/300145439,https://www.openstreetmap.org/way/300145439,Ovikens camping,62.9977522,14.3596673,camp_site,,,395.9,10524322,missing,Proposed: add as member of relation 10524322 (St. Olavsleden). Do not modify existing members of relation 10524322 (St. Olavsleden). Research aid only. Existing OSM object: way/300145439.
way/953164727,https://www.openstreetmap.org/way/953164727,,63.4665925,10.9432849,,shelter,yes,396.8,10524322,missing,Proposed: add as member of relation 10524322 (St. Olavsleden). Do not modify existing members of relation 10524322 (St. Olavsleden). Research aid only. Existing OSM object: way/953164727.
node/3663315240,https://www.openstreetmap.org/node/3663315240,Gudå Camping & Kiosk,63.4436080,11.6105040,camp_site,,,397.4,10524322,missing,Proposed: add as member of relation 10524322 (St. Olavsleden). Do not modify existing members of relation 10524322 (St. Olavsleden). Research aid only. Existing OSM object: node/3663315240.
node/14103614522,https://www.openstreetmap.org/node/14103614522,,63.1552895,13.0210987,,shelter,,397.7,10524322,missing,Proposed: add as member of relation 10524322 (St. Olavsleden). Do not modify existing members of relation 10524322 (St. Olavsleden). Research aid only. Existing OSM object: node/14103614522.
node/9019198985,https://www.openstreetmap.org/node/9019198985,,62.9719221,15.1594676,picnic_site,,,397.8,10524322,missing,Proposed: add as member of relation 10524322 (St. Olavsleden). Do not modify existing members of relation 10524322 (St. Olavsleden). Research aid only. Existing OSM object: node/9019198985.
way/181024316,https://www.openstreetmap.org/way/181024316,,63.4007808,12.9725519,chalet,,house,398.7,10524322,missing,Proposed: add as member of relation 10524322 (St. Olavsleden). Do not modify existing members of relation 10524322 (St. Olavsleden). Research aid only. Existing OSM object: way/181024316.
node/2208724836,https://www.openstreetmap.org/node/2208724836,Mustvallens Vindskydd,62.9530137,13.9415916,,shelter,,402.6,10524322,missing,Proposed: add as member of relation 10524322 (St. Olavsleden). Do not modify existing members of relation 10524322 (St. Olavsleden). Research aid only. Existing OSM object: node/2208724836.
node/9942272355,https://www.openstreetmap.org/node/9942272355,,62.9861536,15.3902167,,shelter,,403.1,10524322,missing,Proposed: add as member of relation 10524322 (St. Olavsleden). Do not modify existing members of relation 10524322 (St. Olavsleden). Research aid only. Existing OSM object: node/9942272355.
node/5064717702,https://www.openstreetmap.org/node/5064717702,,63.4308901,10.4195725,picnic_site,,,405.2,10524322,missing,Proposed: add as member of relation 10524322 (St. Olavsleden). Do not modify existing members of relation 10524322 (St. Olavsleden). Research aid only. Existing OSM object: node/5064717702.
node/13128973815,https://www.openstreetmap.org/node/13128973815,,63.3178785,12.0809014,,shelter,,406.6,10524322,missing,Proposed: add as member of relation 10524322 (St. Olavsleden). Do not modify existing members of relation 10524322 (St. Olavsleden). Research aid only. Existing OSM object: node/13128973815.
node/3161063567,https://www.openstreetmap.org/node/3161063567,,63.1885535,14.6444143,,shelter,,407.0,10524322,missing,Proposed: add as member of relation 10524322 (St. Olavsleden). Do not modify existing members of relation 10524322 (St. Olavsleden). Research aid only. Existing OSM object: node/3161063567.
way/181024300,https://www.openstreetmap.org/way/181024300,,63.4004991,12.9740066,chalet,,house,408.1,10524322,missing,Proposed: add as member of relation 10524322 (St. Olavsleden). Do not modify existing members of relation 10524322 (St. Olavsleden). Research aid only. Existing OSM object: way/181024300.
way/181024249,https://www.openstreetmap.org/way/181024249,,63.4008075,12.9728327,chalet,,house,410.5,10524322,missing,Proposed: add as member of relation 10524322 (St. Olavsleden). Do not modify existing members of relation 10524322 (St. Olavsleden). Research aid only. Existing OSM object: way/181024249.
node/4556183080,https://www.openstreetmap.org/node/4556183080,,63.1719739,14.6100296,,shelter,,411.5,10524322,missing,Proposed: add as member of relation 10524322 (St. Olavsleden). Do not modify existing members of relation 10524322 (St. Olavsleden). Research aid only. Existing OSM object: node/4556183080.
node/976553693,https://www.openstreetmap.org/node/976553693,Bäckgrillen,62.4099644,17.2593311,picnic_site,,,412.8,10524322,missing,Proposed: add as member of relation 10524322 (St. Olavsleden). Do not modify existing members of relation 10524322 (St. Olavsleden). Research aid only. Existing OSM object: node/976553693.
way/342301070,https://www.openstreetmap.org/way/342301070,Frosta Camping,63.5663734,10.7223338,camp_site,,,415.0,10524322,missing,Proposed: add as member of relation 10524322 (St. Olavsleden). Do not modify existing members of relation 10524322 (St. Olavsleden). Research aid only. Existing OSM object: way/342301070.
way/91221193,https://www.openstreetmap.org/way/91221193,,62.3663027,17.3141551,,shelter,,416.3,10524322,missing,Proposed: add as member of relation 10524322 (St. Olavsleden). Do not modify existing members of relation 10524322 (St. Olavsleden). Research aid only. Existing OSM object: way/91221193.
node/2389930191,https://www.openstreetmap.org/node/2389930191,Svartsjöstugan,63.0792061,14.5972985,,shelter,,417.0,10524322,missing,Proposed: add as member of relation 10524322 (St. Olavsleden). Do not modify existing members of relation 10524322 (St. Olavsleden). Research aid only. Existing OSM object: node/2389930191.
node/13936464300,https://www.openstreetmap.org/node/13936464300,,63.3178404,12.0806270,picnic_site,,,417.2,10524322,missing,Proposed: add as member of relation 10524322 (St. Olavsleden). Do not modify existing members of relation 10524322 (St. Olavsleden). Research aid only. Existing OSM object: node/13936464300.
node/4557813727,https://www.openstreetmap.org/node/4557813727,,63.1189356,14.7841282,,shelter,,417.8,10524322,missing,Proposed: add as member of relation 10524322 (St. Olavsleden). Do not modify existing members of relation 10524322 (St. Olavsleden). Research aid only. Existing OSM object: node/4557813727.
way/878577755,https://www.openstreetmap.org/way/878577755,,63.1859286,14.6062455,,shelter,yes,418.0,10524322,missing,Proposed: add as member of relation 10524322 (St. Olavsleden). Do not modify existing members of relation 10524322 (St. Olavsleden). Research aid only. Existing OSM object: way/878577755.
way/181024288,https://www.openstreetmap.org/way/181024288,,63.4005340,12.9742942,chalet,,house,418.1,10524322,missing,Proposed: add as member of relation 10524322 (St. Olavsleden). Do not modify existing members of relation 10524322 (St. Olavsleden). Research aid only. Existing OSM object: way/181024288.
node/6329754003,https://www.openstreetmap.org/node/6329754003,,63.0834976,14.4781753,,shelter,,418.7,10524322,missing,Proposed: add as member of relation 10524322 (St. Olavsleden). Do not modify existing members of relation 10524322 (St. Olavsleden). Research aid only. Existing OSM object: node/6329754003.
way/181024262,https://www.openstreetmap.org/way/181024262,,63.4007406,12.9732939,chalet,,house,418.7,10524322,missing,Proposed: add as member of relation 10524322 (St. Olavsleden). Do not modify existing members of relation 10524322 (St. Olavsleden). Research aid only. Existing OSM object: way/181024262.
node/4284993958,https://www.openstreetmap.org/node/4284993958,Staalaviekojan,63.1160753,13.1973443,,shelter,,422.1,10524322,missing,Proposed: add as member of relation 10524322 (St. Olavsleden). Do not modify existing members of relation 10524322 (St. Olavsleden). Research aid only. Existing OSM object: node/4284993958.
node/3171238791,https://www.openstreetmap.org/node/3171238791,,63.1682426,14.6433194,,shelter,,422.4,10524322,missing,Proposed: add as member of relation 10524322 (St. Olavsleden). Do not modify existing members of relation 10524322 (St. Olavsleden). Research aid only. Existing OSM object: node/3171238791.
node/5677876516,https://www.openstreetmap.org/node/5677876516,,63.0074286,14.7305042,,shelter,,423.0,10524322,missing,Proposed: add as member of relation 10524322 (St. Olavsleden). Do not modify existing members of relation 10524322 (St. Olavsleden). Research aid only. Existing OSM object: node/5677876516.
node/10579158022,https://www.openstreetmap.org/node/10579158022,Dörrsåbodarna,62.9793632,13.9791531,wilderness_hut,,,423.4,10524322,missing,Proposed: add as member of relation 10524322 (St. Olavsleden). Do not modify existing members of relation 10524322 (St. Olavsleden). Research aid only. Existing OSM object: node/10579158022.
node/2343367218,https://www.openstreetmap.org/node/2343367218,,63.4129911,11.0483800,picnic_site,,,423.6,10524322,missing,Proposed: add as member of relation 10524322 (St. Olavsleden). Do not modify existing members of relation 10524322 (St. Olavsleden). Research aid only. Existing OSM object: node/2343367218.
node/7125728332,https://www.openstreetmap.org/node/7125728332,,62.8472042,15.0238895,,shelter,,425.6,10524322,missing,Proposed: add as member of relation 10524322 (St. Olavsleden). Do not modify existing members of relation 10524322 (St. Olavsleden). Research aid only. Existing OSM object: node/7125728332.
way/133899659,https://www.openstreetmap.org/way/133899659,Backstugan,62.3679099,17.2921857,,shelter,yes,425.7,10524322,missing,Proposed: add as member of relation 10524322 (St. Olavsleden). Do not modify existing members of relation 10524322 (St. Olavsleden). Research aid only. Existing OSM object: way/133899659.
node/13430302901,https://www.openstreetmap.org/node/13430302901,,63.4781160,10.9389995,,shelter,,426.2,10524322,missing,Proposed: add as member of relation 10524322 (St. Olavsleden). Do not modify existing members of relation 10524322 (St. Olavsleden). Research aid only. Existing OSM object: node/13430302901.
way/181024320,https://www.openstreetmap.org/way/181024320,,63.4007711,12.9735750,chalet,,house,426.9,10524322,missing,Proposed: add as member of relation 10524322 (St. Olavsleden). Do not modify existing members of relation 10524322 (St. Olavsleden). Research aid only. Existing OSM object: way/181024320.
node/13245307509,https://www.openstreetmap.org/node/13245307509,,63.6980520,11.0806168,,shelter,,427.7,10524322,missing,Proposed: add as member of relation 10524322 (St. Olavsleden). Do not modify existing members of relation 10524322 (St. Olavsleden). Research aid only. Existing OSM object: node/13245307509.
node/2255880221,https://www.openstreetmap.org/node/2255880221,Bodsjöstrupen,62.8131948,14.8836889,,shelter,,428.5,10524322,missing,Proposed: add as member of relation 10524322 (St. Olavsleden). Do not modify existing members of relation 10524322 (St. Olavsleden). Research aid only. Existing OSM object: node/2255880221.
way/181024334,https://www.openstreetmap.org/way/181024334,,63.4005734,12.9746237,chalet,,house,429.8,10524322,missing,Proposed: add as member of relation 10524322 (St. Olavsleden). Do not modify existing members of relation 10524322 (St. Olavsleden). Research aid only. Existing OSM object: way/181024334.
node/10197740828,https://www.openstreetmap.org/node/10197740828,Julkvällen,62.4935386,16.4268507,,shelter,,430.0,10524322,missing,Proposed: add as member of relation 10524322 (St. Olavsleden). Do not modify existing members of relation 10524322 (St. Olavsleden). Research aid only. Existing OSM object: node/10197740828.
node/3170891389,https://www.openstreetmap.org/node/3170891389,Svartsjöstugan,63.1489658,14.7174626,,shelter,,430.8,10524322,missing,Proposed: add as member of relation 10524322 (St. Olavsleden). Do not modify existing members of relation 10524322 (St. Olavsleden). Research aid only. Existing OSM object: node/3170891389.
way/1376136936,https://www.openstreetmap.org/way/1376136936,,62.4959467,16.6790676,,shelter,yes,431.7,10524322,missing,Proposed: add as member of relation 10524322 (St. Olavsleden). Do not modify existing members of relation 10524322 (St. Olavsleden). Research aid only. Existing OSM object: way/1376136936.
way/1475295167,https://www.openstreetmap.org/way/1475295167,,63.5991533,10.8409854,,shelter,yes,433.2,10524322,missing,Proposed: add as member of relation 10524322 (St. Olavsleden). Do not modify existing members of relation 10524322 (St. Olavsleden). Research aid only. Existing OSM object: way/1475295167.
node/730555801,https://www.openstreetmap.org/node/730555801,,63.4127245,10.8381576,picnic_site,,,433.4,10524322,missing,Proposed: add as member of relation 10524322 (St. Olavsleden). Do not modify existing members of relation 10524322 (St. Olavsleden). Research aid only. Existing OSM object: node/730555801.
way/181024331,https://www.openstreetmap.org/way/181024331,,63.4007954,12.9739047,chalet,,house,435.8,10524322,missing,Proposed: add as member of relation 10524322 (St. Olavsleden). Do not modify existing members of relation 10524322 (St. Olavsleden). Research aid only. Existing OSM object: way/181024331.
node/5055451241,https://www.openstreetmap.org/node/5055451241,,63.2874860,12.3263500,picnic_site,,,437.0,10524322,missing,Proposed: add as member of relation 10524322 (St. Olavsleden). Do not modify existing members of relation 10524322 (St. Olavsleden). Research aid only. Existing OSM object: node/5055451241.
node/11950777874,https://www.openstreetmap.org/node/11950777874,,63.1686213,14.6426100,,shelter,,438.3,10524322,missing,Proposed: add as member of relation 10524322 (St. Olavsleden). Do not modify existing members of relation 10524322 (St. Olavsleden). Research aid only. Existing OSM object: node/11950777874.
way/181024318,https://www.openstreetmap.org/way/181024318,,63.4016834,12.9710848,chalet,,yes,438.3,10524322,missing,Proposed: add as member of relation 10524322 (St. Olavsleden). Do not modify existing members of relation 10524322 (St. Olavsleden). Research aid only. Existing OSM object: way/181024318.
node/2398989847,https://www.openstreetmap.org/node/2398989847,Tvärån,63.0086564,13.8862968,,shelter,,439.2,10524322,missing,Proposed: add as member of relation 10524322 (St. Olavsleden). Do not modify existing members of relation 10524322 (St. Olavsleden). Research aid only. Existing OSM object: node/2398989847.
way/181024273,https://www.openstreetmap.org/way/181024273,,63.4008361,12.9741898,chalet,,house,445.8,10524322,missing,Proposed: add as member of relation 10524322 (St. Olavsleden). Do not modify existing members of relation 10524322 (St. Olavsleden). Research aid only. Existing OSM object: way/181024273.
node/484901747,https://www.openstreetmap.org/node/484901747,,63.1695567,12.8143243,picnic_site,,,448.6,10524322,missing,Proposed: add as member of relation 10524322 (St. Olavsleden). Do not modify existing members of relation 10524322 (St. Olavsleden). Research aid only. Existing OSM object: node/484901747.
node/10060660500,https://www.openstreetmap.org/node/10060660500,Grønningenhytta,63.6596212,11.7122737,chalet,,cabin,450.0,10524322,missing,Proposed: add as member of relation 10524322 (St. Olavsleden). Do not modify existing members of relation 10524322 (St. Olavsleden). Research aid only. Existing OSM object: node/10060660500.
node/3169633663,https://www.openstreetmap.org/node/3169633663,,63.1690473,14.6740856,,shelter,,450.1,10524322,missing,Proposed: add as member of relation 10524322 (St. Olavsleden). Do not modify existing members of relation 10524322 (St. Olavsleden). Research aid only. Existing OSM object: node/3169633663.
node/3170891394,https://www.openstreetmap.org/node/3170891394,Svartsjöstugan,63.1495182,14.7162475,,shelter,,452.2,10524322,missing,Proposed: add as member of relation 10524322 (St. Olavsleden). Do not modify existing members of relation 10524322 (St. Olavsleden). Research aid only. Existing OSM object: node/3170891394.
way/181024261,https://www.openstreetmap.org/way/181024261,,63.4017086,12.9715987,chalet,,yes,453.1,10524322,missing,Proposed: add as member of relation 10524322 (St. Olavsleden). Do not modify existing members of relation 10524322 (St. Olavsleden). Research aid only. Existing OSM object: way/181024261.
node/484674601,https://www.openstreetmap.org/node/484674601,Nya Pensionatet,63.1721329,14.6379187,guest_house,,,453.2,10524322,missing,Proposed: add as member of relation 10524322 (St. Olavsleden). Do not modify existing members of relation 10524322 (St. Olavsleden). Research aid only. Existing OSM object: node/484674601.
way/90581908,https://www.openstreetmap.org/way/90581908,Gaffelbyn Vandrarhem Sundsvall,62.3982756,17.3028575,hostel,,yes,454.2,10524322,missing,Proposed: add as member of relation 10524322 (St. Olavsleden). Do not modify existing members of relation 10524322 (St. Olavsleden). Research aid only. Existing OSM object: way/90581908.
node/14099498699,https://www.openstreetmap.org/node/14099498699,,63.3625770,13.1645993,,shelter,,455.4,10524322,missing,Proposed: add as member of relation 10524322 (St. Olavsleden). Do not modify existing members of relation 10524322 (St. Olavsleden). Research aid only. Existing OSM object: node/14099498699.
node/4067545538,https://www.openstreetmap.org/node/4067545538,,62.9263028,14.5359369,,shelter,,456.0,10524322,missing,Proposed: add as member of relation 10524322 (St. Olavsleden). Do not modify existing members of relation 10524322 (St. Olavsleden). Research aid only. Existing OSM object: node/4067545538.
way/181024282,https://www.openstreetmap.org/way/181024282,,63.4008742,12.9745066,chalet,,house,456.5,10524322,missing,Proposed: add as member of relation 10524322 (St. Olavsleden). Do not modify existing members of relation 10524322 (St. Olavsleden). Research aid only. Existing OSM object: way/181024282.
node/5677876497,https://www.openstreetmap.org/node/5677876497,,62.9945239,14.7850522,,shelter,,456.7,10524322,missing,Proposed: add as member of relation 10524322 (St. Olavsleden). Do not modify existing members of relation 10524322 (St. Olavsleden). Research aid only. Existing OSM object: node/5677876497.
node/9865423552,https://www.openstreetmap.org/node/9865423552,Grønningen,63.6530165,11.7437362,chalet,,cabin,457.7,10524322,missing,Proposed: add as member of relation 10524322 (St. Olavsleden). Do not modify existing members of relation 10524322 (St. Olavsleden). Research aid only. Existing OSM object: node/9865423552.
node/3161686861,https://www.openstreetmap.org/node/3161686861,,63.1723829,14.6102736,,shelter,,458.2,10524322,missing,Proposed: add as member of relation 10524322 (St. Olavsleden). Do not modify existing members of relation 10524322 (St. Olavsleden). Research aid only. Existing OSM object: node/3161686861.
way/1456111872,https://www.openstreetmap.org/way/1456111872,,63.4398359,10.4614763,,shelter,roof,458.3,10524322,missing,Proposed: add as member of relation 10524322 (St. Olavsleden). Do not modify existing members of relation 10524322 (St. Olavsleden). Research aid only. Existing OSM object: way/1456111872.
node/5103482149,https://www.openstreetmap.org/node/5103482149,,63.4305921,10.4186785,picnic_site,,,458.9,10524322,missing,Proposed: add as member of relation 10524322 (St. Olavsleden). Do not modify existing members of relation 10524322 (St. Olavsleden). Research aid only. Existing OSM object: node/5103482149.
way/1459090722,https://www.openstreetmap.org/way/1459090722,,63.4251996,10.5335622,,shelter,yes,459.3,10524322,missing,Proposed: add as member of relation 10524322 (St. Olavsleden). Do not modify existing members of relation 10524322 (St. Olavsleden). Research aid only. Existing OSM object: way/1459090722.
node/9909922270,https://www.openstreetmap.org/node/9909922270,Kolarkojan,62.3662183,17.3208810,,shelter,,461.2,10524322,missing,Proposed: add as member of relation 10524322 (St. Olavsleden). Do not modify existing members of relation 10524322 (St. Olavsleden). Research aid only. Existing OSM object: node/9909922270.
node/12815116253,https://www.openstreetmap.org/node/12815116253,,63.4110769,13.0828726,,shelter,,466.6,10524322,missing,Proposed: add as member of relation 10524322 (St. Olavsleden). Do not modify existing members of relation 10524322 (St. Olavsleden). Research aid only. Existing OSM object: node/12815116253.
way/181024319,https://www.openstreetmap.org/way/181024319,,63.4009102,12.9747893,chalet,,house,466.6,10524322,missing,Proposed: add as member of relation 10524322 (St. Olavsleden). Do not modify existing members of relation 10524322 (St. Olavsleden). Research aid only. Existing OSM object: way/181024319.
node/5370787854,https://www.openstreetmap.org/node/5370787854,,63.4368772,10.4182332,picnic_site,,,467.2,10524322,missing,Proposed: add as member of relation 10524322 (St. Olavsleden). Do not modify existing members of relation 10524322 (St. Olavsleden). Research aid only. Existing OSM object: node/5370787854.
way/181024250,https://www.openstreetmap.org/way/181024250,,63.4017424,12.9720210,chalet,,yes,467.2,10524322,missing,Proposed: add as member of relation 10524322 (St. Olavsleden). Do not modify existing members of relation 10524322 (St. Olavsleden). Research aid only. Existing OSM object: way/181024250.
node/515631544,https://www.openstreetmap.org/node/515631544,Hotell Södra Berget,62.3691558,17.3207825,hotel,,,473.3,10524322,missing,Proposed: add as member of relation 10524322 (St. Olavsleden). Do not modify existing members of relation 10524322 (St. Olavsleden). Research aid only. Existing OSM object: node/515631544.
node/3265139248,https://www.openstreetmap.org/node/3265139248,,63.1650078,12.9629917,,shelter,,475.2,10524322,missing,Proposed: add as member of relation 10524322 (St. Olavsleden). Do not modify existing members of relation 10524322 (St. Olavsleden). Research aid only. Existing OSM object: node/3265139248.
node/484674597,https://www.openstreetmap.org/node/484674597,Sure Hotel Älgen,63.1726842,14.6363104,hotel,,,475.6,10524322,missing,Proposed: add as member of relation 10524322 (St. Olavsleden). Do not modify existing members of relation 10524322 (St. Olavsleden). Research aid only. Existing OSM object: node/484674597.
way/181024278,https://www.openstreetmap.org/way/181024278,,63.4019866,12.9714514,chalet,,yes,476.6,10524322,missing,Proposed: add as member of relation 10524322 (St. Olavsleden). Do not modify existing members of relation 10524322 (St. Olavsleden). Research aid only. Existing OSM object: way/181024278.
node/12707525459,https://www.openstreetmap.org/node/12707525459,,63.6215103,10.8964863,,shelter,,479.0,10524322,missing,Proposed: add as member of relation 10524322 (St. Olavsleden). Do not modify existing members of relation 10524322 (St. Olavsleden). Research aid only. Existing OSM object: node/12707525459.
node/13774227041,https://www.openstreetmap.org/node/13774227041,,63.3750270,10.7805165,picnic_site,,,482.5,10524322,missing,Proposed: add as member of relation 10524322 (St. Olavsleden). Do not modify existing members of relation 10524322 (St. Olavsleden). Research aid only. Existing OSM object: node/13774227041.
way/181024305,https://www.openstreetmap.org/way/181024305,,63.4017716,12.9724920,chalet,,yes,482.7,10524322,missing,Proposed: add as member of relation 10524322 (St. Olavsleden). Do not modify existing members of relation 10524322 (St. Olavsleden). Research aid only. Existing OSM object: way/181024305.
way/1459090720,https://www.openstreetmap.org/way/1459090720,,63.4249037,10.5340698,,shelter,yes,484.1,10524322,missing,Proposed: add as member of relation 10524322 (St. Olavsleden). Do not modify existing members of relation 10524322 (St. Olavsleden). Research aid only. Existing OSM object: way/1459090720.
node/2211993960,https://www.openstreetmap.org/node/2211993960,,62.4927143,16.1412254,picnic_site,,,485.7,10524322,missing,Proposed: add as member of relation 10524322 (St. Olavsleden). Do not modify existing members of relation 10524322 (St. Olavsleden). Research aid only. Existing OSM object: node/2211993960.
node/7125728748,https://www.openstreetmap.org/node/7125728748,,63.3069241,12.0454198,,shelter,,485.8,10524322,missing,Proposed: add as member of relation 10524322 (St. Olavsleden). Do not modify existing members of relation 10524322 (St. Olavsleden). Research aid only. Existing OSM object: node/7125728748.
way/1453076220,https://www.openstreetmap.org/way/1453076220,,63.4146518,10.7809703,,shelter,roof,489.7,10524322,missing,Proposed: add as member of relation 10524322 (St. Olavsleden). Do not modify existing members of relation 10524322 (St. Olavsleden). Research aid only. Existing OSM object: way/1453076220.
node/6621332485,https://www.openstreetmap.org/node/6621332485,,63.6763468,11.3277851,picnic_site,,,493.6,10524322,missing,Proposed: add as member of relation 10524322 (St. Olavsleden). Do not modify existing members of relation 10524322 (St. Olavsleden). Research aid only. Existing OSM object: node/6621332485.
way/181024222,https://www.openstreetmap.org/way/181024222,,63.4020653,12.9718879,chalet,,yes,494.7,10524322,missing,Proposed: add as member of relation 10524322 (St. Olavsleden). Do not modify existing members of relation 10524322 (St. Olavsleden). Research aid only. Existing OSM object: way/181024222.
way/1358713099,https://www.openstreetmap.org/way/1358713099,Notåvallenscamping Albacken,62.7759303,16.0454159,camp_site,,,496.8,10524322,missing,Proposed: add as member of relation 10524322 (St. Olavsleden). Do not modify existing members of relation 10524322 (St. Olavsleden). Research aid only. Existing OSM object: way/1358713099.
way/1057651090,https://www.openstreetmap.org/way/1057651090,,63.4137263,10.7996583,picnic_site,,,498.1,10524322,missing,Proposed: add as member of relation 10524322 (St. Olavsleden). Do not modify existing members of relation 10524322 (St. Olavsleden). Research aid only. Existing OSM object: way/1057651090.
node/6621332486,https://www.openstreetmap.org/node/6621332486,Bokkhaugen,63.6763009,11.3278493,,shelter,,498.8,10524322,missing,Proposed: add as member of relation 10524322 (St. Olavsleden). Do not modify existing members of relation 10524322 (St. Olavsleden). Research aid only. Existing OSM object: node/6621332486.
way/181024291,https://www.openstreetmap.org/way/181024291,,63.4018176,12.9729448,chalet,,yes,499.9,10524322,missing,Proposed: add as member of relation 10524322 (St. Olavsleden). Do not modify existing members of relation 10524322 (St. Olavsleden). Research aid only. Existing OSM object: way/181024291.
way/1460322767,https://www.openstreetmap.org/way/1460322767,,63.4753337,11.0420116,,shelter,,504.4,10524322,missing,Proposed: add as member of relation 10524322 (St. Olavsleden). Do not modify existing members of relation 10524322 (St. Olavsleden). Research aid only. Existing OSM object: way/1460322767.
node/722447457,https://www.openstreetmap.org/node/722447457,,63.4136495,10.7992222,picnic_site,,,507.6,10524322,missing,Proposed: add as member of relation 10524322 (St. Olavsleden). Do not modify existing members of relation 10524322 (St. Olavsleden). Research aid only. Existing OSM object: node/722447457.
way/181024231,https://www.openstreetmap.org/way/181024231,,63.4020954,12.9723278,chalet,,yes,508.6,10524322,missing,Proposed: add as member of relation 10524322 (St. Olavsleden). Do not modify existing members of relation 10524322 (St. Olavsleden). Research aid only. Existing OSM object: way/181024231.
node/8818078409,https://www.openstreetmap.org/node/8818078409,Hotell Kallgården,63.4744216,13.2337789,hotel,,,508.6,10524322,missing,Proposed: add as member of relation 10524322 (St. Olavsleden). Do not modify existing members of relation 10524322 (St. Olavsleden). Research aid only. Existing OSM object: node/8818078409.
node/758852611,https://www.openstreetmap.org/node/758852611,Bobodarna,62.5048988,16.4335439,,shelter,,509.5,10524322,missing,Proposed: add as member of relation 10524322 (St. Olavsleden). Do not modify existing members of relation 10524322 (St. Olavsleden). Research aid only. Existing OSM object: node/758852611.
node/484674599,https://www.openstreetmap.org/node/484674599,Pensionat Björnen,63.1723331,14.6359884,guest_house,,,512.0,10524322,missing,Proposed: add as member of relation 10524322 (St. Olavsleden). Do not modify existing members of relation 10524322 (St. Olavsleden). Research aid only. Existing OSM object: node/484674599.
node/4554562616,https://www.openstreetmap.org/node/4554562616,,63.1153035,14.4332456,,shelter,,515.1,10524322,missing,Proposed: add as member of relation 10524322 (St. Olavsleden). Do not modify existing members of relation 10524322 (St. Olavsleden). Research aid only. Existing OSM object: node/4554562616.
node/12023151870,https://www.openstreetmap.org/node/12023151870,,63.2767858,13.1007967,,shelter,,516.6,10524322,missing,Proposed: add as member of relation 10524322 (St. Olavsleden). Do not modify existing members of relation 10524322 (St. Olavsleden). Research aid only. Existing OSM object: node/12023151870.
way/181024242,https://www.openstreetmap.org/way/181024242,,63.4018727,12.9733405,chalet,,yes,516.6,10524322,missing,Proposed: add as member of relation 10524322 (St. Olavsleden). Do not modify existing members of relation 10524322 (St. Olavsleden). Research aid only. Existing OSM object: way/181024242.
node/3170891420,https://www.openstreetmap.org/node/3170891420,Tennishallen,63.1802146,14.6552568,,shelter,,517.0,10524322,missing,Proposed: add as member of relation 10524322 (St. Olavsleden). Do not modify existing members of relation 10524322 (St. Olavsleden). Research aid only. Existing OSM object: node/3170891420.
node/9833914419,https://www.openstreetmap.org/node/9833914419,,63.4973708,11.8607203,,shelter,,517.7,10524322,missing,Proposed: add as member of relation 10524322 (St. Olavsleden). Do not modify existing members of relation 10524322 (St. Olavsleden). Research aid only. Existing OSM object: node/9833914419.
node/4558300469,https://www.openstreetmap.org/node/4558300469,,63.0125901,14.7135948,,shelter,,518.0,10524322,missing,Proposed: add as member of relation 10524322 (St. Olavsleden). Do not modify existing members of relation 10524322 (St. Olavsleden). Research aid only. Existing OSM object: node/4558300469.
way/80560179,https://www.openstreetmap.org/way/80560179,Scandic Solsiden,63.4347430,10.4143725,hotel,,hotel,518.1,10524322,missing,Proposed: add as member of relation 10524322 (St. Olavsleden). Do not modify existing members of relation 10524322 (St. Olavsleden). Research aid only. Existing OSM object: way/80560179.
node/7133973561,https://www.openstreetmap.org/node/7133973561,Gasngestjuvvelge,63.0791188,13.3542037,wilderness_hut,,hut,519.5,10524322,missing,Proposed: add as member of relation 10524322 (St. Olavsleden). Do not modify existing members of relation 10524322 (St. Olavsleden). Research aid only. Existing OSM object: node/7133973561.
node/484674600,https://www.openstreetmap.org/node/484674600,Hotell Jemtlandia,63.1721794,14.6359938,hotel,,,522.1,10524322,missing,Proposed: add as member of relation 10524322 (St. Olavsleden). Do not modify existing members of relation 10524322 (St. Olavsleden). Research aid only. Existing OSM object: node/484674600.
node/7133973562,https://www.openstreetmap.org/node/7133973562,Gasngestjuvvelge,63.0795657,13.3544075,wilderness_hut,,hut,522.9,10524322,missing,Proposed: add as member of relation 10524322 (St. Olavsleden). Do not modify existing members of relation 10524322 (St. Olavsleden). Research aid only. Existing OSM object: node/7133973562.
node/2529654346,https://www.openstreetmap.org/node/2529654346,,63.0309152,14.2064453,,shelter,,524.1,10524322,missing,Proposed: add as member of relation 10524322 (St. Olavsleden). Do not modify existing members of relation 10524322 (St. Olavsleden). Research aid only. Existing OSM object: node/2529654346.
way/181024294,https://www.openstreetmap.org/way/181024294,,63.4021454,12.9727798,chalet,,yes,525.3,10524322,missing,Proposed: add as member of relation 10524322 (St. Olavsleden). Do not modify existing members of relation 10524322 (St. Olavsleden). Research aid only. Existing OSM object: way/181024294.
node/4796629161,https://www.openstreetmap.org/node/4796629161,Solslätten,63.2598299,13.0919299,,shelter,,526.1,10524322,missing,Proposed: add as member of relation 10524322 (St. Olavsleden). Do not modify existing members of relation 10524322 (St. Olavsleden). Research aid only. Existing OSM object: node/4796629161.
node/1475888736,https://www.openstreetmap.org/node/1475888736,Mjölktanden vindskydd,63.0954711,14.5998198,,shelter,,526.7,10524322,missing,Proposed: add as member of relation 10524322 (St. Olavsleden). Do not modify existing members of relation 10524322 (St. Olavsleden). Research aid only. Existing OSM object: node/1475888736.
way/124188927,https://www.openstreetmap.org/way/124188927,Östbergsgården,63.1764552,14.6051992,hotel,restaurant,yes,530.8,10524322,missing,Proposed: add as member of relation 10524322 (St. Olavsleden). Do not modify existing members of relation 10524322 (St. Olavsleden). Research aid only. Existing OSM object: way/124188927.
node/5010931321,https://www.openstreetmap.org/node/5010931321,,63.3652100,11.9613280,picnic_site,,,534.7,10524322,missing,Proposed: add as member of relation 10524322 (St. Olavsleden). Do not modify existing members of relation 10524322 (St. Olavsleden). Research aid only. Existing OSM object: node/5010931321.
node/12053301273,https://www.openstreetmap.org/node/12053301273,,63.4931320,13.0807563,,shelter,,535.2,10524322,missing,Proposed: add as member of relation 10524322 (St. Olavsleden). Do not modify existing members of relation 10524322 (St. Olavsleden). Research aid only. Existing OSM object: node/12053301273.
way/181024308,https://www.openstreetmap.org/way/181024308,,63.4021728,12.9731760,chalet,,yes,538.8,10524322,missing,Proposed: add as member of relation 10524322 (St. Olavsleden). Do not modify existing members of relation 10524322 (St. Olavsleden). Research aid only. Existing OSM object: way/181024308.
node/4067545535,https://www.openstreetmap.org/node/4067545535,,62.8956906,14.5242416,,shelter,,543.4,10524322,missing,Proposed: add as member of relation 10524322 (St. Olavsleden). Do not modify existing members of relation 10524322 (St. Olavsleden). Research aid only. Existing OSM object: node/4067545535.
way/221321653,https://www.openstreetmap.org/way/221321653,Jobu,63.4192153,10.6577602,,shelter,yes,545.3,10524322,missing,Proposed: add as member of relation 10524322 (St. Olavsleden). Do not modify existing members of relation 10524322 (St. Olavsleden). Research aid only. Existing OSM object: way/221321653.
way/1467850110,https://www.openstreetmap.org/way/1467850110,,63.4372207,10.4167581,,shelter,yes,545.6,10524322,missing,Proposed: add as member of relation 10524322 (St. Olavsleden). Do not modify existing members of relation 10524322 (St. Olavsleden). Research aid only. Existing OSM object: way/1467850110.
node/821049673,https://www.openstreetmap.org/node/821049673,,63.3311711,12.0932039,picnic_site,,,545.6,10524322,missing,Proposed: add as member of relation 10524322 (St. Olavsleden). Do not modify existing members of relation 10524322 (St. Olavsleden). Research aid only. Existing OSM object: node/821049673.
node/5010914527,https://www.openstreetmap.org/node/5010914527,,63.3651050,11.9616700,picnic_site,,,545.7,10524322,missing,Proposed: add as member of relation 10524322 (St. Olavsleden). Do not modify existing members of relation 10524322 (St. Olavsleden). Research aid only. Existing OSM object: node/5010914527.
node/470641762,https://www.openstreetmap.org/node/470641762,,63.1709567,14.6381127,,shelter,,548.9,10524322,missing,Proposed: add as member of relation 10524322 (St. Olavsleden). Do not modify existing members of relation 10524322 (St. Olavsleden). Research aid only. Existing OSM object: node/470641762.
node/2619516889,https://www.openstreetmap.org/node/2619516889,Jaktkojan,62.3587579,17.2977550,wilderness_hut,,,550.2,10524322,missing,Proposed: add as member of relation 10524322 (St. Olavsleden). Do not modify existing members of relation 10524322 (St. Olavsleden). Research aid only. Existing OSM object: node/2619516889.
node/14092035829,https://www.openstreetmap.org/node/14092035829,,63.2649491,13.0008875,,shelter,,550.9,10524322,missing,Proposed: add as member of relation 10524322 (St. Olavsleden). Do not modify existing members of relation 10524322 (St. Olavsleden). Research aid only. Existing OSM object: node/14092035829.
node/877651402,https://www.openstreetmap.org/node/877651402,,63.7426380,11.2689128,picnic_site,,,551.6,10524322,missing,Proposed: add as member of relation 10524322 (St. Olavsleden). Do not modify existing members of relation 10524322 (St. Olavsleden). Research aid only. Existing OSM object: node/877651402.
node/6329823694,https://www.openstreetmap.org/node/6329823694,,62.9330722,14.5159757,,shelter,,552.1,10524322,missing,Proposed: add as member of relation 10524322 (St. Olavsleden). Do not modify existing members of relation 10524322 (St. Olavsleden). Research aid only. Existing OSM object: node/6329823694.
way/181024240,https://www.openstreetmap.org/way/181024240,,63.4022047,12.9736101,chalet,,yes,554.2,10524322,missing,Proposed: add as member of relation 10524322 (St. Olavsleden). Do not modify existing members of relation 10524322 (St. Olavsleden). Research aid only. Existing OSM object: way/181024240.
node/7728216174,https://www.openstreetmap.org/node/7728216174,,63.4218825,11.0459638,picnic_site,,,559.2,10524322,missing,Proposed: add as member of relation 10524322 (St. Olavsleden). Do not modify existing members of relation 10524322 (St. Olavsleden). Research aid only. Existing OSM object: node/7728216174.
node/2510642771,https://www.openstreetmap.org/node/2510642771,,63.5907229,11.0644079,picnic_site,,,560.7,10524322,missing,Proposed: add as member of relation 10524322 (St. Olavsleden). Do not modify existing members of relation 10524322 (St. Olavsleden). Research aid only. Existing OSM object: node/2510642771.
node/5010914525,https://www.openstreetmap.org/node/5010914525,,63.4598510,11.5442490,picnic_site,,,561.6,10524322,missing,Proposed: add as member of relation 10524322 (St. Olavsleden). Do not modify existing members of relation 10524322 (St. Olavsleden). Research aid only. Existing OSM object: node/5010914525.
node/3167575086,https://www.openstreetmap.org/node/3167575086,,63.1727405,14.6702617,,shelter,,561.9,10524322,missing,Proposed: add as member of relation 10524322 (St. Olavsleden). Do not modify existing members of relation 10524322 (St. Olavsleden). Research aid only. Existing OSM object: node/3167575086.
node/766307067,https://www.openstreetmap.org/node/766307067,Spigil'n,63.4452314,11.0029492,,shelter,,563.6,10524322,missing,Proposed: add as member of relation 10524322 (St. Olavsleden). Do not modify existing members of relation 10524322 (St. Olavsleden). Research aid only. Existing OSM object: node/766307067.
node/13274431818,https://www.openstreetmap.org/node/13274431818,Platån,63.2348113,13.0101136,,shelter,,565.4,10524322,missing,Proposed: add as member of relation 10524322 (St. Olavsleden). Do not modify existing members of relation 10524322 (St. Olavsleden). Research aid only. Existing OSM object: node/13274431818.
node/3167575087,https://www.openstreetmap.org/node/3167575087,,63.1727688,14.6703710,,shelter,,568.2,10524322,missing,Proposed: add as member of relation 10524322 (St. Olavsleden). Do not modify existing members of relation 10524322 (St. Olavsleden). Research aid only. Existing OSM object: node/3167575087.
node/4067541050,https://www.openstreetmap.org/node/4067541050,,63.2451084,14.5726803,,shelter,,569.7,10524322,missing,Proposed: add as member of relation 10524322 (St. Olavsleden). Do not modify existing members of relation 10524322 (St. Olavsleden). Research aid only. Existing OSM object: node/4067541050.
node/877651156,https://www.openstreetmap.org/node/877651156,,63.7427269,11.2683957,picnic_site,shelter,,570.0,10524322,missing,Proposed: add as member of relation 10524322 (St. Olavsleden). Do not modify existing members of relation 10524322 (St. Olavsleden). Research aid only. Existing OSM object: node/877651156.
node/5864288838,https://www.openstreetmap.org/node/5864288838,,63.1692843,14.6769887,,shelter,,570.3,10524322,missing,Proposed: add as member of relation 10524322 (St. Olavsleden). Do not modify existing members of relation 10524322 (St. Olavsleden). Research aid only. Existing OSM object: node/5864288838.
node/1669862054,https://www.openstreetmap.org/node/1669862054,vindskydd landsomsjön,62.9277020,14.8884109,,shelter,,570.9,10524322,missing,Proposed: add as member of relation 10524322 (St. Olavsleden). Do not modify existing members of relation 10524322 (St. Olavsleden). Research aid only. Existing OSM object: node/1669862054.
node/7125728701,https://www.openstreetmap.org/node/7125728701,Gruvdammarna Norr,63.4614493,13.1276265,,shelter,,571.1,10524322,missing,Proposed: add as member of relation 10524322 (St. Olavsleden). Do not modify existing members of relation 10524322 (St. Olavsleden). Research aid only. Existing OSM object: node/7125728701.
node/2396224903,https://www.openstreetmap.org/node/2396224903,Nipan,63.1393257,12.9579293,,shelter,,575.2,10524322,missing,Proposed: add as member of relation 10524322 (St. Olavsleden). Do not modify existing members of relation 10524322 (St. Olavsleden). Research aid only. Existing OSM object: node/2396224903.
way/818821104,https://www.openstreetmap.org/way/818821104,,62.4088337,16.9623092,,shelter,yes,576.8,10524322,missing,Proposed: add as member of relation 10524322 (St. Olavsleden). Do not modify existing members of relation 10524322 (St. Olavsleden). Research aid only. Existing OSM object: way/818821104.
node/9833704457,https://www.openstreetmap.org/node/9833704457,Steinsdalshytta,63.5816788,11.8585995,chalet,,,578.4,10524322,missing,Proposed: add as member of relation 10524322 (St. Olavsleden). Do not modify existing members of relation 10524322 (St. Olavsleden). Research aid only. Existing OSM object: node/9833704457.
way/198888828,https://www.openstreetmap.org/way/198888828,,63.4366708,10.4806919,,shelter,yes,580.3,10524322,missing,Proposed: add as member of relation 10524322 (St. Olavsleden). Do not modify existing members of relation 10524322 (St. Olavsleden). Research aid only. Existing OSM object: way/198888828.
way/1333193855,https://www.openstreetmap.org/way/1333193855,Gruvbacken Camping,63.4874312,13.1233155,camp_site,,,581.5,10524322,missing,Proposed: add as member of relation 10524322 (St. Olavsleden). Do not modify existing members of relation 10524322 (St. Olavsleden). Research aid only. Existing OSM object: way/1333193855.
node/2343367219,https://www.openstreetmap.org/node/2343367219,,63.4221610,11.0455497,picnic_site,,,585.8,10524322,missing,Proposed: add as member of relation 10524322 (St. Olavsleden). Do not modify existing members of relation 10524322 (St. Olavsleden). Research aid only. Existing OSM object: node/2343367219.
node/13001541007,https://www.openstreetmap.org/node/13001541007,,63.7710568,11.5885456,,shelter,,585.9,10524322,missing,Proposed: add as member of relation 10524322 (St. Olavsleden). Do not modify existing members of relation 10524322 (St. Olavsleden). Research aid only. Existing OSM object: node/13001541007.
node/12559911368,https://www.openstreetmap.org/node/12559911368,Vackermon,63.2972472,13.0086440,,shelter,,589.5,10524322,missing,Proposed: add as member of relation 10524322 (St. Olavsleden). Do not modify existing members of relation 10524322 (St. Olavsleden). Research aid only. Existing OSM object: node/12559911368.
node/3167575088,https://www.openstreetmap.org/node/3167575088,,63.1727922,14.6709734,,shelter,,595.2,10524322,missing,Proposed: add as member of relation 10524322 (St. Olavsleden). Do not modify existing members of relation 10524322 (St. Olavsleden). Research aid only. Existing OSM object: node/3167575088.
node/4329253432,https://www.openstreetmap.org/node/4329253432,,63.2062876,13.1616624,,shelter,,595.3,10524322,missing,Proposed: add as member of relation 10524322 (St. Olavsleden). Do not modify existing members of relation 10524322 (St. Olavsleden). Research aid only. Existing OSM object: node/4329253432.
way/881057089,https://www.openstreetmap.org/way/881057089,,63.4376458,10.4612817,,shelter,train_station,597.8,10524322,missing,Proposed: add as member of relation 10524322 (St. Olavsleden). Do not modify existing members of relation 10524322 (St. Olavsleden). Research aid only. Existing OSM object: way/881057089.
node/3171238817,https://www.openstreetmap.org/node/3171238817,,63.1881909,14.6487231,,shelter,,597.9,10524322,missing,Proposed: add as member of relation 10524322 (St. Olavsleden). Do not modify existing members of relation 10524322 (St. Olavsleden). Research aid only. Existing OSM object: node/3171238817.
node/3171238822,https://www.openstreetmap.org/node/3171238822,,63.1884102,14.6484828,,shelter,,598.0,10524322,missing,Proposed: add as member of relation 10524322 (St. Olavsleden). Do not modify existing members of relation 10524322 (St. Olavsleden). Research aid only. Existing OSM object: node/3171238822.
way/943288339,https://www.openstreetmap.org/way/943288339,Svartkamhytta,63.5209313,10.9342398,wilderness_hut,,cabin,600.0,10524322,missing,Proposed: add as member of relation 10524322 (St. Olavsleden). Do not modify existing members of relation 10524322 (St. Olavsleden). Research aid only. Existing OSM object: way/943288339.
node/5010929921,https://www.openstreetmap.org/node/5010929921,,63.4592332,11.3094583,picnic_site,,,600.5,10524322,missing,Proposed: add as member of relation 10524322 (St. Olavsleden). Do not modify existing members of relation 10524322 (St. Olavsleden). Research aid only. Existing OSM object: node/5010929921.
node/4346526456,https://www.openstreetmap.org/node/4346526456,,63.4356810,10.5100118,picnic_site,,,604.3,10524322,missing,Proposed: add as member of relation 10524322 (St. Olavsleden). Do not modify existing members of relation 10524322 (St. Olavsleden). Research aid only. Existing OSM object: node/4346526456.
way/1034901651,https://www.openstreetmap.org/way/1034901651,,63.4434848,10.4353901,,shelter,roof,606.9,10524322,missing,Proposed: add as member of relation 10524322 (St. Olavsleden). Do not modify existing members of relation 10524322 (St. Olavsleden). Research aid only. Existing OSM object: way/1034901651.
node/3891112767,https://www.openstreetmap.org/node/3891112767,,63.4361070,10.4992326,picnic_site,,,607.3,10524322,missing,Proposed: add as member of relation 10524322 (St. Olavsleden). Do not modify existing members of relation 10524322 (St. Olavsleden). Research aid only. Existing OSM object: node/3891112767.
node/4301581890,https://www.openstreetmap.org/node/4301581890,,62.6587267,16.4089049,,shelter,,607.9,10524322,missing,Proposed: add as member of relation 10524322 (St. Olavsleden). Do not modify existing members of relation 10524322 (St. Olavsleden). Research aid only. Existing OSM object: node/4301581890.
node/2989069707,https://www.openstreetmap.org/node/2989069707,Verkö Slott,63.1648111,14.3140245,hotel,,,611.2,10524322,missing,Proposed: add as member of relation 10524322 (St. Olavsleden). Do not modify existing members of relation 10524322 (St. Olavsleden). Research aid only. Existing OSM object: node/2989069707.
way/1034901652,https://www.openstreetmap.org/way/1034901652,,63.4435038,10.4349928,,shelter,yes,618.6,10524322,missing,Proposed: add as member of relation 10524322 (St. Olavsleden). Do not modify existing members of relation 10524322 (St. Olavsleden). Research aid only. Existing OSM object: way/1034901652.
node/1058875834,https://www.openstreetmap.org/node/1058875834,,62.3706519,17.2787102,,shelter,,622.3,10524322,missing,Proposed: add as member of relation 10524322 (St. Olavsleden). Do not modify existing members of relation 10524322 (St. Olavsleden). Research aid only. Existing OSM object: node/1058875834.
node/4067541049,https://www.openstreetmap.org/node/4067541049,,63.2445373,14.5725408,,shelter,,626.9,10524322,missing,Proposed: add as member of relation 10524322 (St. Olavsleden). Do not modify existing members of relation 10524322 (St. Olavsleden). Research aid only. Existing OSM object: node/4067541049.
node/4796619607,https://www.openstreetmap.org/node/4796619607,Åsvallen,63.2507584,13.0670999,,shelter,,627.7,10524322,missing,Proposed: add as member of relation 10524322 (St. Olavsleden). Do not modify existing members of relation 10524322 (St. Olavsleden). Research aid only. Existing OSM object: node/4796619607.
node/1288237172,https://www.openstreetmap.org/node/1288237172,Fersdalen dagsturhytte,63.5632434,11.9296515,,shelter,,629.9,10524322,missing,Proposed: add as member of relation 10524322 (St. Olavsleden). Do not modify existing members of relation 10524322 (St. Olavsleden). Research aid only. Existing OSM object: node/1288237172.
node/2211993973,https://www.openstreetmap.org/node/2211993973,,62.4940426,16.1402098,picnic_site,,,630.0,10524322,missing,Proposed: add as member of relation 10524322 (St. Olavsleden). Do not modify existing members of relation 10524322 (St. Olavsleden). Research aid only. Existing OSM object: node/2211993973.
node/7125728677,https://www.openstreetmap.org/node/7125728677,,63.3159676,12.0791911,,shelter,,634.3,10524322,missing,Proposed: add as member of relation 10524322 (St. Olavsleden). Do not modify existing members of relation 10524322 (St. Olavsleden). Research aid only. Existing OSM object: node/7125728677.
node/6345888500,https://www.openstreetmap.org/node/6345888500,,63.4736943,13.2300657,,shelter,,636.2,10524322,missing,Proposed: add as member of relation 10524322 (St. Olavsleden). Do not modify existing members of relation 10524322 (St. Olavsleden). Research aid only. Existing OSM object: node/6345888500.
way/1443346974,https://www.openstreetmap.org/way/1443346974,Offsjökojan,63.2890546,12.9802222,chalet,,cabin,638.5,10524322,missing,Proposed: add as member of relation 10524322 (St. Olavsleden). Do not modify existing members of relation 10524322 (St. Olavsleden). Research aid only. Existing OSM object: way/1443346974.
node/1759823422,https://www.openstreetmap.org/node/1759823422,Sjonglør,63.4453593,10.4405233,picnic_site,,,639.7,10524322,missing,Proposed: add as member of relation 10524322 (St. Olavsleden). Do not modify existing members of relation 10524322 (St. Olavsleden). Research aid only. Existing OSM object: node/1759823422.
way/1382645333,https://www.openstreetmap.org/way/1382645333,Cecilie Thoresens veg,63.4273933,10.4387620,,shelter,yes,641.6,10524322,missing,Proposed: add as member of relation 10524322 (St. Olavsleden). Do not modify existing members of relation 10524322 (St. Olavsleden). Research aid only. Existing OSM object: way/1382645333.
node/4552987837,https://www.openstreetmap.org/node/4552987837,,62.9158645,14.5247737,,shelter,,642.9,10524322,missing,Proposed: add as member of relation 10524322 (St. Olavsleden). Do not modify existing members of relation 10524322 (St. Olavsleden). Research aid only. Existing OSM object: node/4552987837.
node/7125728686,https://www.openstreetmap.org/node/7125728686,,63.2948112,12.5000381,,shelter,,644.3,10524322,missing,Proposed: add as member of relation 10524322 (St. Olavsleden). Do not modify existing members of relation 10524322 (St. Olavsleden). Research aid only. Existing OSM object: node/7125728686.
way/612739195,https://www.openstreetmap.org/way/612739195,,63.2054613,13.0816757,,shelter,yes,648.9,10524322,missing,Proposed: add as member of relation 10524322 (St. Olavsleden). Do not modify existing members of relation 10524322 (St. Olavsleden). Research aid only. Existing OSM object: way/612739195.
way/1034910766,https://www.openstreetmap.org/way/1034910766,,63.4461649,10.4426469,,shelter,yes,662.3,10524322,missing,Proposed: add as member of relation 10524322 (St. Olavsleden). Do not modify existing members of relation 10524322 (St. Olavsleden). Research aid only. Existing OSM object: way/1034910766.
node/3581979329,https://www.openstreetmap.org/node/3581979329,,62.5283271,15.9260025,,shelter,,662.6,10524322,missing,Proposed: add as member of relation 10524322 (St. Olavsleden). Do not modify existing members of relation 10524322 (St. Olavsleden). Research aid only. Existing OSM object: node/3581979329.
node/13774227028,https://www.openstreetmap.org/node/13774227028,,63.3880005,10.7896956,picnic_site,,,665.7,10524322,missing,Proposed: add as member of relation 10524322 (St. Olavsleden). Do not modify existing members of relation 10524322 (St. Olavsleden). Research aid only. Existing OSM object: node/13774227028.
node/12191828877,https://www.openstreetmap.org/node/12191828877,,63.4360577,10.5142679,picnic_site,,,665.8,10524322,missing,Proposed: add as member of relation 10524322 (St. Olavsleden). Do not modify existing members of relation 10524322 (St. Olavsleden). Research aid only. Existing OSM object: node/12191828877.
way/1371308625,https://www.openstreetmap.org/way/1371308625,,63.4274514,10.4326190,,shelter,yes,665.9,10524322,missing,Proposed: add as member of relation 10524322 (St. Olavsleden). Do not modify existing members of relation 10524322 (St. Olavsleden). Research aid only. Existing OSM object: way/1371308625.
node/4796619602,https://www.openstreetmap.org/node/4796619602,Ludumyrarna,63.2581291,13.1465271,,shelter,,666.7,10524322,missing,Proposed: add as member of relation 10524322 (St. Olavsleden). Do not modify existing members of relation 10524322 (St. Olavsleden). Research aid only. Existing OSM object: node/4796619602.
node/12648304368,https://www.openstreetmap.org/node/12648304368,,63.1914891,14.6466100,picnic_site,,,668.2,10524322,missing,Proposed: add as member of relation 10524322 (St. Olavsleden). Do not modify existing members of relation 10524322 (St. Olavsleden). Research aid only. Existing OSM object: node/12648304368.
way/1068933677,https://www.openstreetmap.org/way/1068933677,,63.4251688,10.4864658,,shelter,yes,669.3,10524322,missing,Proposed: add as member of relation 10524322 (St. Olavsleden). Do not modify existing members of relation 10524322 (St. Olavsleden). Research aid only. Existing OSM object: way/1068933677.
node/1840972331,https://www.openstreetmap.org/node/1840972331,rastplats,63.7504845,11.6897535,picnic_site,,,671.9,10524322,missing,Proposed: add as member of relation 10524322 (St. Olavsleden). Do not modify existing members of relation 10524322 (St. Olavsleden). Research aid only. Existing OSM object: node/1840972331.
node/13774227027,https://www.openstreetmap.org/node/13774227027,Buhølen,63.3880910,10.7896419,,shelter,,675.4,10524322,missing,Proposed: add as member of relation 10524322 (St. Olavsleden). Do not modify existing members of relation 10524322 (St. Olavsleden). Research aid only. Existing OSM object: node/13774227027.
node/1484974612,https://www.openstreetmap.org/node/1484974612,Rörtjärnsbäckens vindskydd,63.1690381,13.5818635,,shelter,,675.9,10524322,missing,Proposed: add as member of relation 10524322 (St. Olavsleden). Do not modify existing members of relation 10524322 (St. Olavsleden). Research aid only. Existing OSM object: node/1484974612.
node/13201462632,https://www.openstreetmap.org/node/13201462632,,63.4215037,12.7195005,picnic_site,,,677.3,10524322,missing,Proposed: add as member of relation 10524322 (St. Olavsleden). Do not modify existing members of relation 10524322 (St. Olavsleden). Research aid only. Existing OSM object: node/13201462632.
node/13201462645,https://www.openstreetmap.org/node/13201462645,Grillkåta,63.4214851,12.7196752,,shelter,,677.6,10524322,missing,Proposed: add as member of relation 10524322 (St. Olavsleden). Do not modify existing members of relation 10524322 (St. Olavsleden). Research aid only. Existing OSM object: node/13201462645.
node/1356401151,https://www.openstreetmap.org/node/1356401151,Angeltjønnhytta,63.4623733,12.0588212,wilderness_hut,,,678.8,10524322,missing,Proposed: add as member of relation 10524322 (St. Olavsleden). Do not modify existing members of relation 10524322 (St. Olavsleden). Research aid only. Existing OSM object: node/1356401151.
node/4796619603,https://www.openstreetmap.org/node/4796619603,Ripkallhöjden,63.2597881,13.1187816,,shelter,,685.0,10524322,missing,Proposed: add as member of relation 10524322 (St. Olavsleden). Do not modify existing members of relation 10524322 (St. Olavsleden). Research aid only. Existing OSM object: node/4796619603.
node/13275817439,https://www.openstreetmap.org/node/13275817439,,63.4038632,13.2113143,picnic_site,,,687.4,10524322,missing,Proposed: add as member of relation 10524322 (St. Olavsleden). Do not modify existing members of relation 10524322 (St. Olavsleden). Research aid only. Existing OSM object: node/13275817439.
node/331252007,https://www.openstreetmap.org/node/331252007,,63.4393335,10.4685368,picnic_site,,,688.1,10524322,missing,Proposed: add as member of relation 10524322 (St. Olavsleden). Do not modify existing members of relation 10524322 (St. Olavsleden). Research aid only. Existing OSM object: node/331252007.
way/1034910771,https://www.openstreetmap.org/way/1034910771,,63.4461692,10.4413658,,shelter,yes,693.2,10524322,missing,Proposed: add as member of relation 10524322 (St. Olavsleden). Do not modify existing members of relation 10524322 (St. Olavsleden). Research aid only. Existing OSM object: way/1034910771.
way/1389154912,https://www.openstreetmap.org/way/1389154912,,63.4267629,10.4420522,,shelter,yes,698.2,10524322,missing,Proposed: add as member of relation 10524322 (St. Olavsleden). Do not modify existing members of relation 10524322 (St. Olavsleden). Research aid only. Existing OSM object: way/1389154912.
way/1465401039,https://www.openstreetmap.org/way/1465401039,,63.4782706,10.9313283,,shelter,yes,702.7,10524322,missing,Proposed: add as member of relation 10524322 (St. Olavsleden). Do not modify existing members of relation 10524322 (St. Olavsleden). Research aid only. Existing OSM object: way/1465401039.
node/449343611,https://www.openstreetmap.org/node/449343611,,62.5109843,16.3772600,,shelter,,707.2,10524322,missing,Proposed: add as member of relation 10524322 (St. Olavsleden). Do not modify existing members of relation 10524322 (St. Olavsleden). Research aid only. Existing OSM object: node/449343611.
node/2396496741,https://www.openstreetmap.org/node/2396496741,Vallbo fjällgård,63.1570166,13.0711679,hostel,cafe,,713.1,10524322,missing,Proposed: add as member of relation 10524322 (St. Olavsleden). Do not modify existing members of relation 10524322 (St. Olavsleden). Research aid only. Existing OSM object: node/2396496741.
node/7125723369,https://www.openstreetmap.org/node/7125723369,Gruvdammarna Öst,63.4615453,13.1343081,,shelter,,714.7,10524322,missing,Proposed: add as member of relation 10524322 (St. Olavsleden). Do not modify existing members of relation 10524322 (St. Olavsleden). Research aid only. Existing OSM object: node/7125723369.
node/3169633673,https://www.openstreetmap.org/node/3169633673,,63.1697496,14.6798967,,shelter,,716.4,10524322,missing,Proposed: add as member of relation 10524322 (St. Olavsleden). Do not modify existing members of relation 10524322 (St. Olavsleden). Research aid only. Existing OSM object: node/3169633673.
node/3601135998,https://www.openstreetmap.org/node/3601135998,,63.2424448,14.6257610,picnic_site,,,726.1,10524322,missing,Proposed: add as member of relation 10524322 (St. Olavsleden). Do not modify existing members of relation 10524322 (St. Olavsleden). Research aid only. Existing OSM object: node/3601135998.
node/13196318661,https://www.openstreetmap.org/node/13196318661,,63.4383873,10.4711030,picnic_site,,,727.6,10524322,missing,Proposed: add as member of relation 10524322 (St. Olavsleden). Do not modify existing members of relation 10524322 (St. Olavsleden). Research aid only. Existing OSM object: node/13196318661.
node/12682390086,https://www.openstreetmap.org/node/12682390086,,63.3230637,12.1485588,,shelter,,727.6,10524322,missing,Proposed: add as member of relation 10524322 (St. Olavsleden). Do not modify existing members of relation 10524322 (St. Olavsleden). Research aid only. Existing OSM object: node/12682390086.
node/827563835,https://www.openstreetmap.org/node/827563835,,63.2424610,14.6257608,,shelter,,727.7,10524322,missing,Proposed: add as member of relation 10524322 (St. Olavsleden). Do not modify existing members of relation 10524322 (St. Olavsleden). Research aid only. Existing OSM object: node/827563835.
node/248695542,https://www.openstreetmap.org/node/248695542,,63.4257180,10.4601673,picnic_site,,,729.9,10524322,missing,Proposed: add as member of relation 10524322 (St. Olavsleden). Do not modify existing members of relation 10524322 (St. Olavsleden). Research aid only. Existing OSM object: node/248695542.
node/2396224676,https://www.openstreetmap.org/node/2396224676,Per Olsgården,63.1573248,13.0705637,hostel,,,730.0,10524322,missing,Proposed: add as member of relation 10524322 (St. Olavsleden). Do not modify existing members of relation 10524322 (St. Olavsleden). Research aid only. Existing OSM object: node/2396224676.
node/3169633542,https://www.openstreetmap.org/node/3169633542,Svartsjöstugan,63.1594084,14.7008017,,shelter,,733.7,10524322,missing,Proposed: add as member of relation 10524322 (St. Olavsleden). Do not modify existing members of relation 10524322 (St. Olavsleden). Research aid only. Existing OSM object: node/3169633542.
node/4945531769,https://www.openstreetmap.org/node/4945531769,Lyckans läger,63.2874382,12.9868761,cabin,,,734.4,10524322,missing,Proposed: add as member of relation 10524322 (St. Olavsleden). Do not modify existing members of relation 10524322 (St. Olavsleden). Research aid only. Existing OSM object: node/4945531769.
node/3167643210,https://www.openstreetmap.org/node/3167643210,Svartsjöstugan,63.1565180,14.7076945,,shelter,,744.1,10524322,missing,Proposed: add as member of relation 10524322 (St. Olavsleden). Do not modify existing members of relation 10524322 (St. Olavsleden). Research aid only. Existing OSM object: node/3167643210.
node/252621624,https://www.openstreetmap.org/node/252621624,,63.4384959,10.4716003,picnic_site,,,744.2,10524322,missing,Proposed: add as member of relation 10524322 (St. Olavsleden). Do not modify existing members of relation 10524322 (St. Olavsleden). Research aid only. Existing OSM object: node/252621624.
node/2157499164,https://www.openstreetmap.org/node/2157499164,Huljesjön,62.4075749,16.9590922,,shelter,,745.9,10524322,missing,Proposed: add as member of relation 10524322 (St. Olavsleden). Do not modify existing members of relation 10524322 (St. Olavsleden). Research aid only. Existing OSM object: node/2157499164.
node/3265209418,https://www.openstreetmap.org/node/3265209418,,63.1618131,12.9656709,,shelter,,748.2,10524322,missing,Proposed: add as member of relation 10524322 (St. Olavsleden). Do not modify existing members of relation 10524322 (St. Olavsleden). Research aid only. Existing OSM object: node/3265209418.
node/13275817479,https://www.openstreetmap.org/node/13275817479,,63.4043946,13.2124617,picnic_site,,,749.4,10524322,missing,Proposed: add as member of relation 10524322 (St. Olavsleden). Do not modify existing members of relation 10524322 (St. Olavsleden). Research aid only. Existing OSM object: node/13275817479.
way/186237536,https://www.openstreetmap.org/way/186237536,Emils-Ors Torpet,63.4044272,13.2123751,,shelter,yes,752.6,10524322,missing,Proposed: add as member of relation 10524322 (St. Olavsleden). Do not modify existing members of relation 10524322 (St. Olavsleden). Research aid only. Existing OSM object: way/186237536.
node/13408608409,https://www.openstreetmap.org/node/13408608409,,63.0943561,13.8953065,,shelter,,753.7,10524322,missing,Proposed: add as member of relation 10524322 (St. Olavsleden). Do not modify existing members of relation 10524322 (St. Olavsleden). Research aid only. Existing OSM object: node/13408608409.
node/13945713202,https://www.openstreetmap.org/node/13945713202,,63.4335483,10.8285509,,shelter,,754.8,10524322,missing,Proposed: add as member of relation 10524322 (St. Olavsleden). Do not modify existing members of relation 10524322 (St. Olavsleden). Research aid only. Existing OSM object: node/13945713202.
node/1468695980,https://www.openstreetmap.org/node/1468695980,,62.9195206,14.5077480,,shelter,,760.1,10524322,missing,Proposed: add as member of relation 10524322 (St. Olavsleden). Do not modify existing members of relation 10524322 (St. Olavsleden). Research aid only. Existing OSM object: node/1468695980.
way/761100863,https://www.openstreetmap.org/way/761100863,Vaagen Camping,63.5890262,10.8281050,camp_site,,,761.0,10524322,missing,Proposed: add as member of relation 10524322 (St. Olavsleden). Do not modify existing members of relation 10524322 (St. Olavsleden). Research aid only. Existing OSM object: way/761100863.
way/1424991701,https://www.openstreetmap.org/way/1424991701,,63.4115629,10.7941426,,shelter,yes,762.1,10524322,missing,Proposed: add as member of relation 10524322 (St. Olavsleden). Do not modify existing members of relation 10524322 (St. Olavsleden). Research aid only. Existing OSM object: way/1424991701.
way/213883428,https://www.openstreetmap.org/way/213883428,Hållfjällets Fjällstation,63.2508323,12.9513690,alpine_hut,,yes,765.1,10524322,missing,Proposed: add as member of relation 10524322 (St. Olavsleden). Do not modify existing members of relation 10524322 (St. Olavsleden). Research aid only. Existing OSM object: way/213883428.
way/1429810041,https://www.openstreetmap.org/way/1429810041,,63.4252297,10.4647844,,shelter,yes,765.8,10524322,missing,Proposed: add as member of relation 10524322 (St. Olavsleden). Do not modify existing members of relation 10524322 (St. Olavsleden). Research aid only. Existing OSM object: way/1429810041.
node/4827544347,https://www.openstreetmap.org/node/4827544347,,63.4528033,10.4612564,picnic_site,,,767.2,10524322,missing,Proposed: add as member of relation 10524322 (St. Olavsleden). Do not modify existing members of relation 10524322 (St. Olavsleden). Research aid only. Existing OSM object: node/4827544347.
node/379899411,https://www.openstreetmap.org/node/379899411,,63.4532421,10.4624439,picnic_site,,,771.9,10524322,missing,Proposed: add as member of relation 10524322 (St. Olavsleden). Do not modify existing members of relation 10524322 (St. Olavsleden). Research aid only. Existing OSM object: node/379899411.
way/1429810042,https://www.openstreetmap.org/way/1429810042,,63.4251561,10.4644902,,shelter,yes,773.8,10524322,missing,Proposed: add as member of relation 10524322 (St. Olavsleden). Do not modify existing members of relation 10524322 (St. Olavsleden). Research aid only. Existing OSM object: way/1429810042.
way/1424993641,https://www.openstreetmap.org/way/1424993641,,63.4114175,10.7948195,,shelter,yes,775.0,10524322,missing,Proposed: add as member of relation 10524322 (St. Olavsleden). Do not modify existing members of relation 10524322 (St. Olavsleden). Research aid only. Existing OSM object: way/1424993641.
node/7125728684,https://www.openstreetmap.org/node/7125728684,Grand Hotel,63.3126019,12.3580577,,shelter,cabin,777.7,10524322,missing,Proposed: add as member of relation 10524322 (St. Olavsleden). Do not modify existing members of relation 10524322 (St. Olavsleden). Research aid only. Existing OSM object: node/7125728684.
node/4558519727,https://www.openstreetmap.org/node/4558519727,Björkbacka,63.1814852,14.6597750,,shelter,,778.1,10524322,missing,Proposed: add as member of relation 10524322 (St. Olavsleden). Do not modify existing members of relation 10524322 (St. Olavsleden). Research aid only. Existing OSM object: node/4558519727.
node/13208299643,https://www.openstreetmap.org/node/13208299643,Karvekollen,63.6064151,10.7549978,,shelter,,783.2,10524322,missing,Proposed: add as member of relation 10524322 (St. Olavsleden). Do not modify existing members of relation 10524322 (St. Olavsleden). Research aid only. Existing OSM object: node/13208299643.
node/1492814561,https://www.openstreetmap.org/node/1492814561,Bräcke Skoterklubbstuga,62.6790753,15.4602540,,shelter,,793.5,10524322,missing,Proposed: add as member of relation 10524322 (St. Olavsleden). Do not modify existing members of relation 10524322 (St. Olavsleden). Research aid only. Existing OSM object: node/1492814561.
node/14010875295,https://www.openstreetmap.org/node/14010875295,,63.4522950,13.0010152,picnic_site,,,793.8,10524322,missing,Proposed: add as member of relation 10524322 (St. Olavsleden). Do not modify existing members of relation 10524322 (St. Olavsleden). Research aid only. Existing OSM object: node/14010875295.
node/3169633531,https://www.openstreetmap.org/node/3169633531,Svartsjöstugan,63.1578898,14.7062305,,shelter,,800.0,10524322,missing,Proposed: add as member of relation 10524322 (St. Olavsleden). Do not modify existing members of relation 10524322 (St. Olavsleden). Research aid only. Existing OSM object: node/3169633531.
way/1314474721,https://www.openstreetmap.org/way/1314474721,,63.4219150,10.5355384,,shelter,roof,803.8,10524322,missing,Proposed: add as member of relation 10524322 (St. Olavsleden). Do not modify existing members of relation 10524322 (St. Olavsleden). Research aid only. Existing OSM object: way/1314474721.
way/1314474723,https://www.openstreetmap.org/way/1314474723,,63.4218778,10.5360028,,shelter,roof,807.1,10524322,missing,Proposed: add as member of relation 10524322 (St. Olavsleden). Do not modify existing members of relation 10524322 (St. Olavsleden). Research aid only. Existing OSM object: way/1314474723.
node/2194572681,https://www.openstreetmap.org/node/2194572681,,63.4071821,13.1131426,,shelter,,808.7,10524322,missing,Proposed: add as member of relation 10524322 (St. Olavsleden). Do not modify existing members of relation 10524322 (St. Olavsleden). Research aid only. Existing OSM object: node/2194572681.
way/1270191045,https://www.openstreetmap.org/way/1270191045,,63.4254952,10.4477779,picnic_site,,,810.6,10524322,missing,Proposed: add as member of relation 10524322 (St. Olavsleden). Do not modify existing members of relation 10524322 (St. Olavsleden). Research aid only. Existing OSM object: way/1270191045.
node/3169633534,https://www.openstreetmap.org/node/3169633534,Svartsjöstugan,63.1580071,14.7063032,,shelter,,812.1,10524322,missing,Proposed: add as member of relation 10524322 (St. Olavsleden). Do not modify existing members of relation 10524322 (St. Olavsleden). Research aid only. Existing OSM object: node/3169633534.
node/1207148721,https://www.openstreetmap.org/node/1207148721,Vindskydd,62.5650642,16.2194324,,shelter,,814.0,10524322,missing,Proposed: add as member of relation 10524322 (St. Olavsleden). Do not modify existing members of relation 10524322 (St. Olavsleden). Research aid only. Existing OSM object: node/1207148721.
node/3169633475,https://www.openstreetmap.org/node/3169633475,,63.1407134,14.7600364,,shelter,,824.5,10524322,missing,Proposed: add as member of relation 10524322 (St. Olavsleden). Do not modify existing members of relation 10524322 (St. Olavsleden). Research aid only. Existing OSM object: node/3169633475.
node/13274431823,https://www.openstreetmap.org/node/13274431823,,63.2094736,13.0572449,,shelter,,825.2,10524322,missing,Proposed: add as member of relation 10524322 (St. Olavsleden). Do not modify existing members of relation 10524322 (St. Olavsleden). Research aid only. Existing OSM object: node/13274431823.
way/1314474747,https://www.openstreetmap.org/way/1314474747,,63.4217050,10.5361430,,shelter,roof,826.2,10524322,missing,Proposed: add as member of relation 10524322 (St. Olavsleden). Do not modify existing members of relation 10524322 (St. Olavsleden). Research aid only. Existing OSM object: way/1314474747.
way/763468050,https://www.openstreetmap.org/way/763468050,Falkfångarstugan,63.0316883,13.8040953,,shelter,yes,831.1,10524322,missing,Proposed: add as member of relation 10524322 (St. Olavsleden). Do not modify existing members of relation 10524322 (St. Olavsleden). Research aid only. Existing OSM object: way/763468050.
node/9812364142,https://www.openstreetmap.org/node/9812364142,Almlivollen,63.5716763,11.4860839,,shelter,,835.1,10524322,missing,Proposed: add as member of relation 10524322 (St. Olavsleden). Do not modify existing members of relation 10524322 (St. Olavsleden). Research aid only. Existing OSM object: node/9812364142.
node/11230841693,https://www.openstreetmap.org/node/11230841693,,63.0574248,13.7668501,,shelter,,835.9,10524322,missing,Proposed: add as member of relation 10524322 (St. Olavsleden). Do not modify existing members of relation 10524322 (St. Olavsleden). Research aid only. Existing OSM object: node/11230841693.
node/1276842786,https://www.openstreetmap.org/node/1276842786,Falkfångarns vindskydd,63.0316418,13.8040687,,shelter,,836.2,10524322,missing,Proposed: add as member of relation 10524322 (St. Olavsleden). Do not modify existing members of relation 10524322 (St. Olavsleden). Research aid only. Existing OSM object: node/1276842786.
node/13038834164,https://www.openstreetmap.org/node/13038834164,Kråksjøen,63.6288601,12.0885925,chalet,,,839.8,10524322,missing,Proposed: add as member of relation 10524322 (St. Olavsleden). Do not modify existing members of relation 10524322 (St. Olavsleden). Research aid only. Existing OSM object: node/13038834164.
node/13243791644,https://www.openstreetmap.org/node/13243791644,Kurtkrönet,63.2844584,13.0049897,,shelter,,841.9,10524322,missing,Proposed: add as member of relation 10524322 (St. Olavsleden). Do not modify existing members of relation 10524322 (St. Olavsleden). Research aid only. Existing OSM object: node/13243791644.
node/12131207887,https://www.openstreetmap.org/node/12131207887,Munkvallens Vindskydd,62.9600155,14.0206829,,shelter,,842.2,10524322,missing,Proposed: add as member of relation 10524322 (St. Olavsleden). Do not modify existing members of relation 10524322 (St. Olavsleden). Research aid only. Existing OSM object: node/12131207887.
node/2457313894,https://www.openstreetmap.org/node/2457313894,,63.5151872,10.9369212,picnic_site,,,845.1,10524322,missing,Proposed: add as member of relation 10524322 (St. Olavsleden). Do not modify existing members of relation 10524322 (St. Olavsleden). Research aid only. Existing OSM object: node/2457313894.
way/849423891,https://www.openstreetmap.org/way/849423891,Torpet,63.5043666,13.0936541,chalet,,yes,848.9,10524322,missing,Proposed: add as member of relation 10524322 (St. Olavsleden). Do not modify existing members of relation 10524322 (St. Olavsleden). Research aid only. Existing OSM object: way/849423891.
node/12326798462,https://www.openstreetmap.org/node/12326798462,,63.3901529,10.8494899,picnic_site,,,858.3,10524322,missing,Proposed: add as member of relation 10524322 (St. Olavsleden). Do not modify existing members of relation 10524322 (St. Olavsleden). Research aid only. Existing OSM object: node/12326798462.
way/374840372,https://www.openstreetmap.org/way/374840372,Stenhyddan,63.1306192,13.7643489,wilderness_hut,,yes,859.3,10524322,missing,Proposed: add as member of relation 10524322 (St. Olavsleden). Do not modify existing members of relation 10524322 (St. Olavsleden). Research aid only. Existing OSM object: way/374840372.
way/1457497407,https://www.openstreetmap.org/way/1457497407,,63.6095409,11.0523922,,shelter,yes,863.2,10524322,missing,Proposed: add as member of relation 10524322 (St. Olavsleden). Do not modify existing members of relation 10524322 (St. Olavsleden). Research aid only. Existing OSM object: way/1457497407.
node/12559911388,https://www.openstreetmap.org/node/12559911388,,63.2859509,12.9894300,picnic_site,,,866.8,10524322,missing,Proposed: add as member of relation 10524322 (St. Olavsleden). Do not modify existing members of relation 10524322 (St. Olavsleden). Research aid only. Existing OSM object: node/12559911388.
node/12326804410,https://www.openstreetmap.org/node/12326804410,,63.3902603,10.8481496,picnic_site,,,867.1,10524322,missing,Proposed: add as member of relation 10524322 (St. Olavsleden). Do not modify existing members of relation 10524322 (St. Olavsleden). Research aid only. Existing OSM object: node/12326804410.
way/1459090694,https://www.openstreetmap.org/way/1459090694,,63.4324338,10.4073009,,shelter,yes,871.2,10524322,missing,Proposed: add as member of relation 10524322 (St. Olavsleden). Do not modify existing members of relation 10524322 (St. Olavsleden). Research aid only. Existing OSM object: way/1459090694.
way/849423893,https://www.openstreetmap.org/way/849423893,Sportstugan,63.5044767,13.0945773,chalet,,yes,873.1,10524322,missing,Proposed: add as member of relation 10524322 (St. Olavsleden). Do not modify existing members of relation 10524322 (St. Olavsleden). Research aid only. Existing OSM object: way/849423893.
way/849423895,https://www.openstreetmap.org/way/849423895,Lillstugan,63.5043202,13.0959156,chalet,,yes,878.7,10524322,missing,Proposed: add as member of relation 10524322 (St. Olavsleden). Do not modify existing members of relation 10524322 (St. Olavsleden). Research aid only. Existing OSM object: way/849423895.
node/1398873162,https://www.openstreetmap.org/node/1398873162,,63.4833759,11.1590925,,shelter,,880.4,10524322,missing,Proposed: add as member of relation 10524322 (St. Olavsleden). Do not modify existing members of relation 10524322 (St. Olavsleden). Research aid only. Existing OSM object: node/1398873162.
node/356936827,https://www.openstreetmap.org/node/356936827,,63.4247016,10.4514125,picnic_site,,,881.3,10524322,missing,Proposed: add as member of relation 10524322 (St. Olavsleden). Do not modify existing members of relation 10524322 (St. Olavsleden). Research aid only. Existing OSM object: node/356936827.
node/265617290,https://www.openstreetmap.org/node/265617290,,63.4413742,10.4826230,picnic_site,,,885.8,10524322,missing,Proposed: add as member of relation 10524322 (St. Olavsleden). Do not modify existing members of relation 10524322 (St. Olavsleden). Research aid only. Existing OSM object: node/265617290.
way/1391137477,https://www.openstreetmap.org/way/1391137477,,63.4239835,10.4674748,,shelter,yes,887.2,10524322,missing,Proposed: add as member of relation 10524322 (St. Olavsleden). Do not modify existing members of relation 10524322 (St. Olavsleden). Research aid only. Existing OSM object: way/1391137477.
way/849423896,https://www.openstreetmap.org/way/849423896,Stora Härbret,63.5045227,13.0954985,chalet,,yes,892.5,10524322,missing,Proposed: add as member of relation 10524322 (St. Olavsleden). Do not modify existing members of relation 10524322 (St. Olavsleden). Research aid only. Existing OSM object: way/849423896.
node/7134015259,https://www.openstreetmap.org/node/7134015259,Stensjöbäcken,62.9444635,14.0480396,,shelter,,892.6,10524322,missing,Proposed: add as member of relation 10524322 (St. Olavsleden). Do not modify existing members of relation 10524322 (St. Olavsleden). Research aid only. Existing OSM object: node/7134015259.
way/1458123223,https://www.openstreetmap.org/way/1458123223,,63.4396460,10.4780310,picnic_site,,,896.0,10524322,missing,Proposed: add as member of relation 10524322 (St. Olavsleden). Do not modify existing members of relation 10524322 (St. Olavsleden). Research aid only. Existing OSM object: way/1458123223.
way/849423897,https://www.openstreetmap.org/way/849423897,Lilla Härbret,63.5045841,13.0953957,chalet,,yes,897.2,10524322,missing,Proposed: add as member of relation 10524322 (St. Olavsleden). Do not modify existing members of relation 10524322 (St. Olavsleden). Research aid only. Existing OSM object: way/849423897.
way/87312398,https://www.openstreetmap.org/way/87312398,Scandic Nidelven,63.4358091,10.4068045,hotel,,hotel,911.6,10524322,missing,Proposed: add as member of relation 10524322 (St. Olavsleden). Do not modify existing members of relation 10524322 (St. Olavsleden). Research aid only. Existing OSM object: way/87312398.
way/1289637325,https://www.openstreetmap.org/way/1289637325,Hæhre Entreprenør Construction hotel no 1,63.4904283,10.8718183,hotel,,yes,911.7,10524322,missing,Proposed: add as member of relation 10524322 (St. Olavsleden). Do not modify existing members of relation 10524322 (St. Olavsleden). Research aid only. Existing OSM object: way/1289637325.
node/2343708064,https://www.openstreetmap.org/node/2343708064,,63.7459424,11.2918455,picnic_site,,,913.3,10524322,missing,Proposed: add as member of relation 10524322 (St. Olavsleden). Do not modify existing members of relation 10524322 (St. Olavsleden). Research aid only. Existing OSM object: node/2343708064.
way/870829326,https://www.openstreetmap.org/way/870829326,,63.3150927,13.0878789,hotel,,yes,913.6,10524322,missing,Proposed: add as member of relation 10524322 (St. Olavsleden). Do not modify existing members of relation 10524322 (St. Olavsleden). Research aid only. Existing OSM object: way/870829326.
node/1667274373,https://www.openstreetmap.org/node/1667274373,Scandic Bakklandet,63.4321506,10.4065282,hotel,,,914.7,10524322,missing,Proposed: add as member of relation 10524322 (St. Olavsleden). Do not modify existing members of relation 10524322 (St. Olavsleden). Research aid only. Existing OSM object: node/1667274373.
node/1680625160,https://www.openstreetmap.org/node/1680625160,Köjagården,63.3150579,13.0873286,hotel,,,918.1,10524322,missing,Proposed: add as member of relation 10524322 (St. Olavsleden). Do not modify existing members of relation 10524322 (St. Olavsleden). Research aid only. Existing OSM object: node/1680625160.
node/13267645205,https://www.openstreetmap.org/node/13267645205,,63.4585905,12.9787671,,shelter,,918.3,10524322,missing,Proposed: add as member of relation 10524322 (St. Olavsleden). Do not modify existing members of relation 10524322 (St. Olavsleden). Research aid only. Existing OSM object: node/13267645205.
way/1289637782,https://www.openstreetmap.org/way/1289637782,Hæhre Entreprenør Construction hotel no 2,63.4904676,10.8721434,hotel,,yes,918.7,10524322,missing,Proposed: add as member of relation 10524322 (St. Olavsleden). Do not modify existing members of relation 10524322 (St. Olavsleden). Research aid only. Existing OSM object: way/1289637782.
node/6778949443,https://www.openstreetmap.org/node/6778949443,,63.7176626,11.2249824,picnic_site,,,919.0,10524322,missing,Proposed: add as member of relation 10524322 (St. Olavsleden). Do not modify existing members of relation 10524322 (St. Olavsleden). Research aid only. Existing OSM object: node/6778949443.
node/1045705765,https://www.openstreetmap.org/node/1045705765,Hotell ett,63.1766934,14.6724550,hotel,,,924.1,10524322,missing,Proposed: add as member of relation 10524322 (St. Olavsleden). Do not modify existing members of relation 10524322 (St. Olavsleden). Research aid only. Existing OSM object: node/1045705765.
way/870829327,https://www.openstreetmap.org/way/870829327,,63.3149937,13.0870733,hotel,,yes,925.8,10524322,missing,Proposed: add as member of relation 10524322 (St. Olavsleden). Do not modify existing members of relation 10524322 (St. Olavsleden). Research aid only. Existing OSM object: way/870829327.
way/1289637783,https://www.openstreetmap.org/way/1289637783,Hæhre Entreprenør Construction hotel no 3,63.4905002,10.8724793,hotel,,yes,926.9,10524322,missing,Proposed: add as member of relation 10524322 (St. Olavsleden). Do not modify existing members of relation 10524322 (St. Olavsleden). Research aid only. Existing OSM object: way/1289637783.
way/1289637882,https://www.openstreetmap.org/way/1289637882,Hæhre Entreprenør Construction hotel no 4,63.4905363,10.8728006,hotel,,yes,934.5,10524322,missing,Proposed: add as member of relation 10524322 (St. Olavsleden). Do not modify existing members of relation 10524322 (St. Olavsleden). Research aid only. Existing OSM object: way/1289637882.
node/3170891434,https://www.openstreetmap.org/node/3170891434,,63.1918316,14.6526392,,shelter,,935.7,10524322,missing,Proposed: add as member of relation 10524322 (St. Olavsleden). Do not modify existing members of relation 10524322 (St. Olavsleden). Research aid only. Existing OSM object: node/3170891434.
node/364371494,https://www.openstreetmap.org/node/364371494,,63.4395598,10.4882604,picnic_site,,,938.3,10524322,missing,Proposed: add as member of relation 10524322 (St. Olavsleden). Do not modify existing members of relation 10524322 (St. Olavsleden). Research aid only. Existing OSM object: node/364371494.
node/6137347484,https://www.openstreetmap.org/node/6137347484,Fjellhov,63.6627410,10.9032710,wilderness_hut,,,938.7,10524322,missing,Proposed: add as member of relation 10524322 (St. Olavsleden). Do not modify existing members of relation 10524322 (St. Olavsleden). Research aid only. Existing OSM object: node/6137347484.
node/2619513821,https://www.openstreetmap.org/node/2619513821,,62.3546180,17.3052549,,shelter,,938.8,10524322,missing,Proposed: add as member of relation 10524322 (St. Olavsleden). Do not modify existing members of relation 10524322 (St. Olavsleden). Research aid only. Existing OSM object: node/2619513821.
way/1429360410,https://www.openstreetmap.org/way/1429360410,Valentinlyst,63.4246540,10.4407814,,shelter,yes,940.2,10524322,missing,Proposed: add as member of relation 10524322 (St. Olavsleden). Do not modify existing members of relation 10524322 (St. Olavsleden). Research aid only. Existing OSM object: way/1429360410.
way/1289637965,https://www.openstreetmap.org/way/1289637965,Hæhre Entreprenør Construction hotel no 5,63.4905686,10.8731276,hotel,,yes,942.8,10524322,missing,Proposed: add as member of relation 10524322 (St. Olavsleden). Do not modify existing members of relation 10524322 (St. Olavsleden). Research aid only. Existing OSM object: way/1289637965.
way/870838220,https://www.openstreetmap.org/way/870838220,,63.3148135,13.0867591,hotel,,yes,946.7,10524322,missing,Proposed: add as member of relation 10524322 (St. Olavsleden). Do not modify existing members of relation 10524322 (St. Olavsleden). Research aid only. Existing OSM object: way/870838220.
node/12368541330,https://www.openstreetmap.org/node/12368541330,,63.4892544,13.0802080,,shelter,,948.7,10524322,missing,Proposed: add as member of relation 10524322 (St. Olavsleden). Do not modify existing members of relation 10524322 (St. Olavsleden). Research aid only. Existing OSM object: node/12368541330.
node/9833914374,https://www.openstreetmap.org/node/9833914374,,63.3563641,12.0842808,,shelter,,949.4,10524322,missing,Proposed: add as member of relation 10524322 (St. Olavsleden). Do not modify existing members of relation 10524322 (St. Olavsleden). Research aid only. Existing OSM object: node/9833914374.
node/12020165502,https://www.openstreetmap.org/node/12020165502,Treetop Ekne,63.6717119,11.0693046,chalet,,,949.9,10524322,missing,Proposed: add as member of relation 10524322 (St. Olavsleden). Do not modify existing members of relation 10524322 (St. Olavsleden). Research aid only. Existing OSM object: node/12020165502.
way/1289638341,https://www.openstreetmap.org/way/1289638341,Hæhre Entreprenør Construction hotel no 6,63.4906087,10.8734422,hotel,,yes,950.4,10524322,missing,Proposed: add as member of relation 10524322 (St. Olavsleden). Do not modify existing members of relation 10524322 (St. Olavsleden). Research aid only. Existing OSM object: way/1289638341.
way/1429360408,https://www.openstreetmap.org/way/1429360408,Valentinlyst,63.4245169,10.4402024,,shelter,yes,955.5,10524322,missing,Proposed: add as member of relation 10524322 (St. Olavsleden). Do not modify existing members of relation 10524322 (St. Olavsleden). Research aid only. Existing OSM object: way/1429360408.
node/12797363217,https://www.openstreetmap.org/node/12797363217,Skurdalsporten,63.3563105,12.0841713,alpine_hut,,,955.7,10524322,missing,Proposed: add as member of relation 10524322 (St. Olavsleden). Do not modify existing members of relation 10524322 (St. Olavsleden). Research aid only. Existing OSM object: node/12797363217.
way/89482684,https://www.openstreetmap.org/way/89482684,Radisson Blu Royal Garden Hotel,63.4335993,10.4052815,hotel,,hotel,959.0,10524322,missing,Proposed: add as member of relation 10524322 (St. Olavsleden). Do not modify existing members of relation 10524322 (St. Olavsleden). Research aid only. Existing OSM object: way/89482684.
node/252905025,https://www.openstreetmap.org/node/252905025,,63.4418316,10.4869422,picnic_site,,,961.9,10524322,missing,Proposed: add as member of relation 10524322 (St. Olavsleden). Do not modify existing members of relation 10524322 (St. Olavsleden). Research aid only. Existing OSM object: node/252905025.
node/8859285848,https://www.openstreetmap.org/node/8859285848,,63.1879813,13.4428695,,shelter,,969.7,10524322,missing,Proposed: add as member of relation 10524322 (St. Olavsleden). Do not modify existing members of relation 10524322 (St. Olavsleden). Research aid only. Existing OSM object: node/8859285848.
node/14144031087,https://www.openstreetmap.org/node/14144031087,,63.1491400,14.7368645,,shelter,,975.3,10524322,missing,Proposed: add as member of relation 10524322 (St. Olavsleden). Do not modify existing members of relation 10524322 (St. Olavsleden). Research aid only. Existing OSM object: node/14144031087.
node/3167643222,https://www.openstreetmap.org/node/3167643222,Svartsjöstugan,63.1572317,14.7127429,,shelter,,977.2,10524322,missing,Proposed: add as member of relation 10524322 (St. Olavsleden). Do not modify existing members of relation 10524322 (St. Olavsleden). Research aid only. Existing OSM object: node/3167643222.
way/763472166,https://www.openstreetmap.org/way/763472166,Forsa fabodar,63.4308789,12.8971246,wilderness_hut,,cabin,981.0,10524322,missing,Proposed: add as member of relation 10524322 (St. Olavsleden). Do not modify existing members of relation 10524322 (St. Olavsleden). Research aid only. Existing OSM object: way/763472166.
node/11546079261,https://www.openstreetmap.org/node/11546079261,,63.4236394,10.4551236,,shelter,,981.7,10524322,missing,Proposed: add as member of relation 10524322 (St. Olavsleden). Do not modify existing members of relation 10524322 (St. Olavsleden). Research aid only. Existing OSM object: node/11546079261.
node/4336253796,https://www.openstreetmap.org/node/4336253796,,63.4417150,10.4873352,picnic_site,,,984.1,10524322,missing,Proposed: add as member of relation 10524322 (St. Olavsleden). Do not modify existing members of relation 10524322 (St. Olavsleden). Research aid only. Existing OSM object: node/4336253796.
node/4336253795,https://www.openstreetmap.org/node/4336253795,,63.4416849,10.4872919,picnic_site,,,985.4,10524322,missing,Proposed: add as member of relation 10524322 (St. Olavsleden). Do not modify existing members of relation 10524322 (St. Olavsleden). Research aid only. Existing OSM object: node/4336253795.
way/1421010273,https://www.openstreetmap.org/way/1421010273,Sönnestvallen,63.2978311,13.0363461,wilderness_hut,,hut,985.6,10524322,missing,Proposed: add as member of relation 10524322 (St. Olavsleden). Do not modify existing members of relation 10524322 (St. Olavsleden). Research aid only. Existing OSM object: way/1421010273.
node/12695287327,https://www.openstreetmap.org/node/12695287327,,63.4418062,10.4878476,picnic_site,,,989.7,10524322,missing,Proposed: add as member of relation 10524322 (St. Olavsleden). Do not modify existing members of relation 10524322 (St. Olavsleden). Research aid only. Existing OSM object: node/12695287327.
way/193233243,https://www.openstreetmap.org/way/193233243,Lilla Åreskutan Camping og Stugby,63.3288158,12.5485976,camp_site,,,992.1,10524322,missing,Proposed: add as member of relation 10524322 (St. Olavsleden). Do not modify existing members of relation 10524322 (St. Olavsleden). Research aid only. Existing OSM object: way/193233243.
node/3891106944,https://www.openstreetmap.org/node/3891106944,,63.4415372,10.4872043,picnic_site,,,995.7,10524322,missing,Proposed: add as member of relation 10524322 (St. Olavsleden). Do not modify existing members of relation 10524322 (St. Olavsleden). Research aid only. Existing OSM object: node/3891106944.
node/364371482,https://www.openstreetmap.org/node/364371482,,63.4401722,10.4869974,picnic_site,,,996.0,10524322,missing,Proposed: add as member of relation 10524322 (St. Olavsleden). Do not modify existing members of relation 10524322 (St. Olavsleden). Research aid only. Existing OSM object: node/364371482.
node/1311956368,https://www.openstreetmap.org/node/1311956368,,62.5123799,15.9535194,,shelter,,1004.5,10524322,missing,Proposed: add as member of relation 10524322 (St. Olavsleden). Do not modify existing members of relation 10524322 (St. Olavsleden). Research aid only. Existing OSM object: node/1311956368.
node/5864288848,https://www.openstreetmap.org/node/5864288848,,63.1776401,14.6727267,,shelter,,1004.7,10524322,missing,Proposed: add as member of relation 10524322 (St. Olavsleden). Do not modify existing members of relation 10524322 (St. Olavsleden). Research aid only. Existing OSM object: node/5864288848.
node/13009019152,https://www.openstreetmap.org/node/13009019152,,63.7824591,11.5708329,,shelter,,1012.8,10524322,missing,Proposed: add as member of relation 10524322 (St. Olavsleden). Do not modify existing members of relation 10524322 (St. Olavsleden). Research aid only. Existing OSM object: node/13009019152.
way/1289637310,https://www.openstreetmap.org/way/1289637310,Hæhre Entreprenør Construction hotel no 7,63.4901921,10.8743219,hotel,,yes,1014.0,10524322,missing,Proposed: add as member of relation 10524322 (St. Olavsleden). Do not modify existing members of relation 10524322 (St. Olavsleden). Research aid only. Existing OSM object: way/1289637310.
way/844787328,https://www.openstreetmap.org/way/844787328,,62.5060586,16.8448354,,shelter,yes,1019.7,10524322,missing,Proposed: add as member of relation 10524322 (St. Olavsleden). Do not modify existing members of relation 10524322 (St. Olavsleden). Research aid only. Existing OSM object: way/844787328.
node/6344458963,https://www.openstreetmap.org/node/6344458963,,63.3912418,13.3913630,,shelter,,1025.9,10524322,missing,Proposed: add as member of relation 10524322 (St. Olavsleden). Do not modify existing members of relation 10524322 (St. Olavsleden). Research aid only. Existing OSM object: node/6344458963.
node/364371444,https://www.openstreetmap.org/node/364371444,,63.4412474,10.4874376,picnic_site,,,1028.4,10524322,missing,Proposed: add as member of relation 10524322 (St. Olavsleden). Do not modify existing members of relation 10524322 (St. Olavsleden). Research aid only. Existing OSM object: node/364371444.
node/12653538277,https://www.openstreetmap.org/node/12653538277,,63.1903601,14.6562193,,shelter,,1032.0,10524322,missing,Proposed: add as member of relation 10524322 (St. Olavsleden). Do not modify existing members of relation 10524322 (St. Olavsleden). Research aid only. Existing OSM object: node/12653538277.
node/717464468,https://www.openstreetmap.org/node/717464468,Quality Hotel Airport Vaernes,63.4679138,10.9200299,hotel,,,1032.8,10524322,missing,Proposed: add as member of relation 10524322 (St. Olavsleden). Do not modify existing members of relation 10524322 (St. Olavsleden). Research aid only. Existing OSM object: node/717464468.
node/1231082327,https://www.openstreetmap.org/node/1231082327,Kvitfjellhytta,63.3444724,11.2553566,wilderness_hut,,,1033.1,10524322,missing,Proposed: add as member of relation 10524322 (St. Olavsleden). Do not modify existing members of relation 10524322 (St. Olavsleden). Research aid only. Existing OSM object: node/1231082327.
node/364371474,https://www.openstreetmap.org/node/364371474,,63.4405191,10.4870236,picnic_site,,,1034.4,10524322,missing,Proposed: add as member of relation 10524322 (St. Olavsleden). Do not modify existing members of relation 10524322 (St. Olavsleden). Research aid only. Existing OSM object: node/364371474.
node/794104717,https://www.openstreetmap.org/node/794104717,,63.3917991,10.8539823,picnic_site,,,1037.3,10524322,missing,Proposed: add as member of relation 10524322 (St. Olavsleden). Do not modify existing members of relation 10524322 (St. Olavsleden). Research aid only. Existing OSM object: node/794104717.
node/12033903707,https://www.openstreetmap.org/node/12033903707,,63.2653017,13.1603095,,shelter,,1041.5,10524322,missing,Proposed: add as member of relation 10524322 (St. Olavsleden). Do not modify existing members of relation 10524322 (St. Olavsleden). Research aid only. Existing OSM object: node/12033903707.
node/156719769,https://www.openstreetmap.org/node/156719769,Home Hotel Grand Olav,63.4341701,10.4036210,hotel,,,1042.3,10524322,missing,Proposed: add as member of relation 10524322 (St. Olavsleden). Do not modify existing members of relation 10524322 (St. Olavsleden). Research aid only. Existing OSM object: node/156719769.
node/364371455,https://www.openstreetmap.org/node/364371455,,63.4409840,10.4872220,picnic_site,,,1045.8,10524322,missing,Proposed: add as member of relation 10524322 (St. Olavsleden). Do not modify existing members of relation 10524322 (St. Olavsleden). Research aid only. Existing OSM object: node/364371455.
node/9579057539,https://www.openstreetmap.org/node/9579057539,,63.0648808,15.1211234,,shelter,,1046.1,10524322,missing,Proposed: add as member of relation 10524322 (St. Olavsleden). Do not modify existing members of relation 10524322 (St. Olavsleden). Research aid only. Existing OSM object: node/9579057539.
node/7134035412,https://www.openstreetmap.org/node/7134035412,Hosjöbottnarna,63.0948216,13.5292286,wilderness_hut,,hut,1052.4,10524322,missing,Proposed: add as member of relation 10524322 (St. Olavsleden). Do not modify existing members of relation 10524322 (St. Olavsleden). Research aid only. Existing OSM object: node/7134035412.
node/13018646560,https://www.openstreetmap.org/node/13018646560,,63.7689876,11.5968652,,shelter,,1054.4,10524322,missing,Proposed: add as member of relation 10524322 (St. Olavsleden). Do not modify existing members of relation 10524322 (St. Olavsleden). Research aid only. Existing OSM object: node/13018646560.
node/364371464,https://www.openstreetmap.org/node/364371464,,63.4406965,10.4872628,picnic_site,,,1055.5,10524322,missing,Proposed: add as member of relation 10524322 (St. Olavsleden). Do not modify existing members of relation 10524322 (St. Olavsleden). Research aid only. Existing OSM object: node/364371464.
node/795192305,https://www.openstreetmap.org/node/795192305,,63.4103537,10.7572504,,shelter,,1065.8,10524322,missing,Proposed: add as member of relation 10524322 (St. Olavsleden). Do not modify existing members of relation 10524322 (St. Olavsleden). Research aid only. Existing OSM object: node/795192305.
way/611833343,https://www.openstreetmap.org/way/611833343,,63.2678531,13.1347192,,shelter,yes,1073.4,10524322,missing,Proposed: add as member of relation 10524322 (St. Olavsleden). Do not modify existing members of relation 10524322 (St. Olavsleden). Research aid only. Existing OSM object: way/611833343.
node/5527727522,https://www.openstreetmap.org/node/5527727522,,62.9065170,14.3138820,,shelter,,1076.2,10524322,missing,Proposed: add as member of relation 10524322 (St. Olavsleden). Do not modify existing members of relation 10524322 (St. Olavsleden). Research aid only. Existing OSM object: node/5527727522.
node/370013256,https://www.openstreetmap.org/node/370013256,,63.4549761,10.4570200,picnic_site,,,1081.0,10524322,missing,Proposed: add as member of relation 10524322 (St. Olavsleden). Do not modify existing members of relation 10524322 (St. Olavsleden). Research aid only. Existing OSM object: node/370013256.
node/530731552,https://www.openstreetmap.org/node/530731552,,63.1778920,14.6743033,,shelter,,1081.6,10524322,missing,Proposed: add as member of relation 10524322 (St. Olavsleden). Do not modify existing members of relation 10524322 (St. Olavsleden). Research aid only. Existing OSM object: node/530731552.
way/89485660,https://www.openstreetmap.org/way/89485660,Bakeriet,63.4340616,10.4027324,hotel,,hotel,1086.0,10524322,missing,Proposed: add as member of relation 10524322 (St. Olavsleden). Do not modify existing members of relation 10524322 (St. Olavsleden). Research aid only. Existing OSM object: way/89485660.
node/13160825088,https://www.openstreetmap.org/node/13160825088,,63.3003658,12.4884261,,shelter,,1095.8,10524322,missing,Proposed: add as member of relation 10524322 (St. Olavsleden). Do not modify existing members of relation 10524322 (St. Olavsleden). Research aid only. Existing OSM object: node/13160825088.
node/1201636121,https://www.openstreetmap.org/node/1201636121,,63.4439044,13.1334924,wilderness_hut,,,1097.8,10524322,missing,Proposed: add as member of relation 10524322 (St. Olavsleden). Do not modify existing members of relation 10524322 (St. Olavsleden). Research aid only. Existing OSM object: node/1201636121.
way/1273197043,https://www.openstreetmap.org/way/1273197043,,63.4358249,10.4029420,,shelter,roof,1099.1,10524322,missing,Proposed: add as member of relation 10524322 (St. Olavsleden). Do not modify existing members of relation 10524322 (St. Olavsleden). Research aid only. Existing OSM object: way/1273197043.
way/1501771400,https://www.openstreetmap.org/way/1501771400,,63.4076767,10.8138526,picnic_site,,,1101.6,10524322,missing,Proposed: add as member of relation 10524322 (St. Olavsleden). Do not modify existing members of relation 10524322 (St. Olavsleden). Research aid only. Existing OSM object: way/1501771400.
way/1273197044,https://www.openstreetmap.org/way/1273197044,,63.4358230,10.4028504,,shelter,roof,1103.5,10524322,missing,Proposed: add as member of relation 10524322 (St. Olavsleden). Do not modify existing members of relation 10524322 (St. Olavsleden). Research aid only. Existing OSM object: way/1273197044.
node/11899128939,https://www.openstreetmap.org/node/11899128939,,63.4076551,10.8136098,,shelter,,1105.2,10524322,missing,Proposed: add as member of relation 10524322 (St. Olavsleden). Do not modify existing members of relation 10524322 (St. Olavsleden). Research aid only. Existing OSM object: node/11899128939.
node/11373501344,https://www.openstreetmap.org/node/11373501344,Comfort Hotel Trondheim,63.4330281,10.4023490,hotel,,,1107.7,10524322,missing,Proposed: add as member of relation 10524322 (St. Olavsleden). Do not modify existing members of relation 10524322 (St. Olavsleden). Research aid only. Existing OSM object: node/11373501344.
node/13173779768,https://www.openstreetmap.org/node/13173779768,Fjällhalsen Stuguthyrning,63.1114964,13.8220580,chalet,,,1108.2,10524322,missing,Proposed: add as member of relation 10524322 (St. Olavsleden). Do not modify existing members of relation 10524322 (St. Olavsleden). Research aid only. Existing OSM object: node/13173779768.
node/3170891411,https://www.openstreetmap.org/node/3170891411,Svartsjöstugan,63.1526504,14.7297195,,shelter,,1108.3,10524322,missing,Proposed: add as member of relation 10524322 (St. Olavsleden). Do not modify existing members of relation 10524322 (St. Olavsleden). Research aid only. Existing OSM object: node/3170891411.
node/9833704256,https://www.openstreetmap.org/node/9833704256,Sulsjøhytta,63.5953722,12.0503339,chalet,,,1111.4,10524322,missing,Proposed: add as member of relation 10524322 (St. Olavsleden). Do not modify existing members of relation 10524322 (St. Olavsleden). Research aid only. Existing OSM object: node/9833704256.
node/2223268171,https://www.openstreetmap.org/node/2223268171,Långholmen,62.8177008,14.5039052,,shelter,,1123.0,10524322,missing,Proposed: add as member of relation 10524322 (St. Olavsleden). Do not modify existing members of relation 10524322 (St. Olavsleden). Research aid only. Existing OSM object: node/2223268171.
node/13009857691,https://www.openstreetmap.org/node/13009857691,Knirkenheimen,63.4343219,10.4020075,hotel,,,1123.3,10524322,missing,Proposed: add as member of relation 10524322 (St. Olavsleden). Do not modify existing members of relation 10524322 (St. Olavsleden). Research aid only. Existing OSM object: node/13009857691.
node/3700361764,https://www.openstreetmap.org/node/3700361764,Folden Gård,63.3690605,10.7827292,guest_house,,,1124.1,10524322,missing,Proposed: add as member of relation 10524322 (St. Olavsleden). Do not modify existing members of relation 10524322 (St. Olavsleden). Research aid only. Existing OSM object: node/3700361764.
way/1143102500,https://www.openstreetmap.org/way/1143102500,,63.7711637,11.4713568,,shelter,roof,1125.8,10524322,missing,Proposed: add as member of relation 10524322 (St. Olavsleden). Do not modify existing members of relation 10524322 (St. Olavsleden). Research aid only. Existing OSM object: way/1143102500.
way/1431598556,https://www.openstreetmap.org/way/1431598556,Gapahuk Tomtvasslia,63.6530998,11.3926020,,shelter,,1126.3,10524322,missing,Proposed: add as member of relation 10524322 (St. Olavsleden). Do not modify existing members of relation 10524322 (St. Olavsleden). Research aid only. Existing OSM object: way/1431598556.
node/2667849934,https://www.openstreetmap.org/node/2667849934,Trillevallens Högfjällshotell,63.2601864,13.1862358,hotel,,,1127.2,10524322,missing,Proposed: add as member of relation 10524322 (St. Olavsleden). Do not modify existing members of relation 10524322 (St. Olavsleden). Research aid only. Existing OSM object: node/2667849934.
way/1273197040,https://www.openstreetmap.org/way/1273197040,,63.4360232,10.4021799,,shelter,roof,1140.8,10524322,missing,Proposed: add as member of relation 10524322 (St. Olavsleden). Do not modify existing members of relation 10524322 (St. Olavsleden). Research aid only. Existing OSM object: way/1273197040.
way/1273197041,https://www.openstreetmap.org/way/1273197041,,63.4360221,10.4020844,,shelter,roof,1145.4,10524322,missing,Proposed: add as member of relation 10524322 (St. Olavsleden). Do not modify existing members of relation 10524322 (St. Olavsleden). Research aid only. Existing OSM object: way/1273197041.
node/3171238800,https://www.openstreetmap.org/node/3171238800,,63.1698455,14.6909034,,shelter,,1146.0,10524322,missing,Proposed: add as member of relation 10524322 (St. Olavsleden). Do not modify existing members of relation 10524322 (St. Olavsleden). Research aid only. Existing OSM object: node/3171238800.
way/346655494,https://www.openstreetmap.org/way/346655494,Hembre Camping,63.4606881,11.1227798,camp_site,,,1157.2,10524322,missing,Proposed: add as member of relation 10524322 (St. Olavsleden). Do not modify existing members of relation 10524322 (St. Olavsleden). Research aid only. Existing OSM object: way/346655494.
node/1304934216,https://www.openstreetmap.org/node/1304934216,Høgberget,63.4295457,10.9975937,,shelter,,1160.4,10524322,missing,Proposed: add as member of relation 10524322 (St. Olavsleden). Do not modify existing members of relation 10524322 (St. Olavsleden). Research aid only. Existing OSM object: node/1304934216.
node/9004488726,https://www.openstreetmap.org/node/9004488726,,63.4549356,13.0057450,,shelter,,1161.3,10524322,missing,Proposed: add as member of relation 10524322 (St. Olavsleden). Do not modify existing members of relation 10524322 (St. Olavsleden). Research aid only. Existing OSM object: node/9004488726.
node/3170891426,https://www.openstreetmap.org/node/3170891426,,63.1835465,14.6660483,,shelter,,1166.2,10524322,missing,Proposed: add as member of relation 10524322 (St. Olavsleden). Do not modify existing members of relation 10524322 (St. Olavsleden). Research aid only. Existing OSM object: node/3170891426.
node/1288237189,https://www.openstreetmap.org/node/1288237189,Fjergen dagsturhytte/varmestue,63.4352730,11.9168117,,shelter,,1172.7,10524322,missing,Proposed: add as member of relation 10524322 (St. Olavsleden). Do not modify existing members of relation 10524322 (St. Olavsleden). Research aid only. Existing OSM object: node/1288237189.
way/1273197052,https://www.openstreetmap.org/way/1273197052,,63.4358184,10.4013944,,shelter,roof,1174.3,10524322,missing,Proposed: add as member of relation 10524322 (St. Olavsleden). Do not modify existing members of relation 10524322 (St. Olavsleden). Research aid only. Existing OSM object: way/1273197052.
node/307954959,https://www.openstreetmap.org/node/307954959,Thon Hotel Backlund,63.7465077,11.2982269,hotel,,,1179.9,10524322,missing,Proposed: add as member of relation 10524322 (St. Olavsleden). Do not modify existing members of relation 10524322 (St. Olavsleden). Research aid only. Existing OSM object: node/307954959.
node/11546079594,https://www.openstreetmap.org/node/11546079594,,63.4220112,10.4506825,,shelter,,1182.3,10524322,missing,Proposed: add as member of relation 10524322 (St. Olavsleden). Do not modify existing members of relation 10524322 (St. Olavsleden). Research aid only. Existing OSM object: node/11546079594.
node/7125728700,https://www.openstreetmap.org/node/7125728700,,63.4683439,13.1235994,,shelter,,1187.6,10524322,missing,Proposed: add as member of relation 10524322 (St. Olavsleden). Do not modify existing members of relation 10524322 (St. Olavsleden). Research aid only. Existing OSM object: node/7125728700.
node/9812364237,https://www.openstreetmap.org/node/9812364237,Buvollen,63.5739336,11.5102237,,shelter,,1190.4,10524322,missing,Proposed: add as member of relation 10524322 (St. Olavsleden). Do not modify existing members of relation 10524322 (St. Olavsleden). Research aid only. Existing OSM object: node/9812364237.
way/1288251571,https://www.openstreetmap.org/way/1288251571,,63.1801134,14.6731406,,shelter,yes,1196.5,10524322,missing,Proposed: add as member of relation 10524322 (St. Olavsleden). Do not modify existing members of relation 10524322 (St. Olavsleden). Research aid only. Existing OSM object: way/1288251571.
way/635967457,https://www.openstreetmap.org/way/635967457,,63.4367077,10.4014107,,shelter,yes,1196.6,10524322,missing,Proposed: add as member of relation 10524322 (St. Olavsleden). Do not modify existing members of relation 10524322 (St. Olavsleden). Research aid only. Existing OSM object: way/635967457.
node/5071974236,https://www.openstreetmap.org/node/5071974236,Dagsturhytte Fersdalen,63.5728015,12.0004915,,shelter,,1198.3,10524322,missing,Proposed: add as member of relation 10524322 (St. Olavsleden). Do not modify existing members of relation 10524322 (St. Olavsleden). Research aid only. Existing OSM object: node/5071974236.
node/12327139582,https://www.openstreetmap.org/node/12327139582,,63.3932853,10.8528855,picnic_site,,,1201.2,10524322,missing,Proposed: add as member of relation 10524322 (St. Olavsleden). Do not modify existing members of relation 10524322 (St. Olavsleden). Research aid only. Existing OSM object: node/12327139582.
node/12715646987,https://www.openstreetmap.org/node/12715646987,,63.2081693,13.2883781,,shelter,,1203.5,10524322,missing,Proposed: add as member of relation 10524322 (St. Olavsleden). Do not modify existing members of relation 10524322 (St. Olavsleden). Research aid only. Existing OSM object: node/12715646987.
way/635967456,https://www.openstreetmap.org/way/635967456,,63.4368516,10.4013552,,shelter,yes,1203.7,10524322,missing,Proposed: add as member of relation 10524322 (St. Olavsleden). Do not modify existing members of relation 10524322 (St. Olavsleden). Research aid only. Existing OSM object: way/635967456.
node/13158904982,https://www.openstreetmap.org/node/13158904982,,63.1929177,13.4193438,,shelter,,1204.4,10524322,missing,Proposed: add as member of relation 10524322 (St. Olavsleden). Do not modify existing members of relation 10524322 (St. Olavsleden). Research aid only. Existing OSM object: node/13158904982.
way/1273197042,https://www.openstreetmap.org/way/1273197042,,63.4359992,10.4006727,,shelter,roof,1213.5,10524322,missing,Proposed: add as member of relation 10524322 (St. Olavsleden). Do not modify existing members of relation 10524322 (St. Olavsleden). Research aid only. Existing OSM object: way/1273197042.
node/4951143059,https://www.openstreetmap.org/node/4951143059,Singsaker Sommerhotell,63.4241200,10.4128540,hotel,,,1221.0,10524322,missing,Proposed: add as member of relation 10524322 (St. Olavsleden). Do not modify existing members of relation 10524322 (St. Olavsleden). Research aid only. Existing OSM object: node/4951143059.
way/1389363753,https://www.openstreetmap.org/way/1389363753,,63.4216972,10.4493347,,shelter,yes,1223.9,10524322,missing,Proposed: add as member of relation 10524322 (St. Olavsleden). Do not modify existing members of relation 10524322 (St. Olavsleden). Research aid only. Existing OSM object: way/1389363753.
way/947460821,https://www.openstreetmap.org/way/947460821,,63.4202173,10.4849203,,shelter,yes,1225.2,10524322,missing,Proposed: add as member of relation 10524322 (St. Olavsleden). Do not modify existing members of relation 10524322 (St. Olavsleden). Research aid only. Existing OSM object: way/947460821.
node/956343591,https://www.openstreetmap.org/node/956343591,Chesterfield Hotel,63.4343610,10.3999152,hotel,,,1227.4,10524322,missing,Proposed: add as member of relation 10524322 (St. Olavsleden). Do not modify existing members of relation 10524322 (St. Olavsleden). Research aid only. Existing OSM object: node/956343591.
node/2957446755,https://www.openstreetmap.org/node/2957446755,Thon Hotel Nidaros,63.4339680,10.3997770,hotel,,,1232.7,10524322,missing,Proposed: add as member of relation 10524322 (St. Olavsleden). Do not modify existing members of relation 10524322 (St. Olavsleden). Research aid only. Existing OSM object: node/2957446755.
node/4300572492,https://www.openstreetmap.org/node/4300572492,,62.5633811,16.4382888,,shelter,,1250.2,10524322,missing,Proposed: add as member of relation 10524322 (St. Olavsleden). Do not modify existing members of relation 10524322 (St. Olavsleden). Research aid only. Existing OSM object: node/4300572492.
way/1088304392,https://www.openstreetmap.org/way/1088304392,,63.2361123,14.5772309,,shelter,yes,1254.0,10524322,missing,Proposed: add as member of relation 10524322 (St. Olavsleden). Do not modify existing members of relation 10524322 (St. Olavsleden). Research aid only. Existing OSM object: way/1088304392.
way/1088304390,https://www.openstreetmap.org/way/1088304390,,63.2359079,14.5778051,,shelter,yes,1256.0,10524322,missing,Proposed: add as member of relation 10524322 (St. Olavsleden). Do not modify existing members of relation 10524322 (St. Olavsleden). Research aid only. Existing OSM object: way/1088304390.
node/14004487918,https://www.openstreetmap.org/node/14004487918,,63.1436098,14.7660837,,shelter,,1258.1,10524322,missing,Proposed: add as member of relation 10524322 (St. Olavsleden). Do not modify existing members of relation 10524322 (St. Olavsleden). Research aid only. Existing OSM object: node/14004487918.
node/715111816,https://www.openstreetmap.org/node/715111816,Alfheim,63.4052566,10.8379519,,shelter,,1259.1,10524322,missing,Proposed: add as member of relation 10524322 (St. Olavsleden). Do not modify existing members of relation 10524322 (St. Olavsleden). Research aid only. Existing OSM object: node/715111816.
way/1389324648,https://www.openstreetmap.org/way/1389324648,,63.4217613,10.4391045,,shelter,yes,1263.8,10524322,missing,Proposed: add as member of relation 10524322 (St. Olavsleden). Do not modify existing members of relation 10524322 (St. Olavsleden). Research aid only. Existing OSM object: way/1389324648.
way/898459576,https://www.openstreetmap.org/way/898459576,,63.4151809,13.1863635,,shelter,yes,1267.8,10524322,missing,Proposed: add as member of relation 10524322 (St. Olavsleden). Do not modify existing members of relation 10524322 (St. Olavsleden). Research aid only. Existing OSM object: way/898459576.
node/11997137591,https://www.openstreetmap.org/node/11997137591,,63.4906122,12.8527935,chalet,,,1269.9,10524322,missing,Proposed: add as member of relation 10524322 (St. Olavsleden). Do not modify existing members of relation 10524322 (St. Olavsleden). Research aid only. Existing OSM object: node/11997137591.
way/103850432,https://www.openstreetmap.org/way/103850432,Vandrarhemmet Skräddaren,62.3786164,17.3510217,hostel,,yes,1283.7,10524322,missing,Proposed: add as member of relation 10524322 (St. Olavsleden). Do not modify existing members of relation 10524322 (St. Olavsleden). Research aid only. Existing OSM object: way/103850432.
node/12326830437,https://www.openstreetmap.org/node/12326830437,,63.3938517,10.8201954,picnic_site,,,1286.9,10524322,missing,Proposed: add as member of relation 10524322 (St. Olavsleden). Do not modify existing members of relation 10524322 (St. Olavsleden). Research aid only. Existing OSM object: node/12326830437.
node/6090031612,https://www.openstreetmap.org/node/6090031612,,63.4500865,10.4329202,picnic_site,,,1287.1,10524322,missing,Proposed: add as member of relation 10524322 (St. Olavsleden). Do not modify existing members of relation 10524322 (St. Olavsleden). Research aid only. Existing OSM object: node/6090031612.
way/1550884663,https://www.openstreetmap.org/way/1550884663,,63.4370460,10.6260211,,shelter,roof,1288.0,10524322,missing,Proposed: add as member of relation 10524322 (St. Olavsleden). Do not modify existing members of relation 10524322 (St. Olavsleden). Research aid only. Existing OSM object: way/1550884663.
node/7125728705,https://www.openstreetmap.org/node/7125728705,,63.4104359,13.2880980,,shelter,,1288.0,10524322,missing,Proposed: add as member of relation 10524322 (St. Olavsleden). Do not modify existing members of relation 10524322 (St. Olavsleden). Research aid only. Existing OSM object: node/7125728705.
node/5527727521,https://www.openstreetmap.org/node/5527727521,Wikners i Persåsen,62.9050902,14.3103844,hotel,,,1290.1,10524322,missing,Proposed: add as member of relation 10524322 (St. Olavsleden). Do not modify existing members of relation 10524322 (St. Olavsleden). Research aid only. Existing OSM object: node/5527727521.
node/12106612623,https://www.openstreetmap.org/node/12106612623,Fonnfjell hotell,63.4185727,11.7368370,hotel,,,1291.5,10524322,missing,Proposed: add as member of relation 10524322 (St. Olavsleden). Do not modify existing members of relation 10524322 (St. Olavsleden). Research aid only. Existing OSM object: node/12106612623.
node/7728246987,https://www.openstreetmap.org/node/7728246987,Håndbåggåkleiva,63.4287429,11.0415364,picnic_site,,,1293.0,10524322,missing,Proposed: add as member of relation 10524322 (St. Olavsleden). Do not modify existing members of relation 10524322 (St. Olavsleden). Research aid only. Existing OSM object: node/7728246987.
node/4067545536,https://www.openstreetmap.org/node/4067545536,,62.9092961,14.5234395,,shelter,,1298.1,10524322,missing,Proposed: add as member of relation 10524322 (St. Olavsleden). Do not modify existing members of relation 10524322 (St. Olavsleden). Research aid only. Existing OSM object: node/4067545536.
node/4744954423,https://www.openstreetmap.org/node/4744954423,Britannia Hotel,63.4317139,10.3987305,hotel,,,1304.8,10524322,missing,Proposed: add as member of relation 10524322 (St. Olavsleden). Do not modify existing members of relation 10524322 (St. Olavsleden). Research aid only. Existing OSM object: node/4744954423.
way/815185259,https://www.openstreetmap.org/way/815185259,,63.4701556,10.9136708,,shelter,roof,1305.3,10524322,missing,Proposed: add as member of relation 10524322 (St. Olavsleden). Do not modify existing members of relation 10524322 (St. Olavsleden). Research aid only. Existing OSM object: way/815185259.
way/500278221,https://www.openstreetmap.org/way/500278221,,63.4360318,10.3987975,,shelter,yes,1305.6,10524322,missing,Proposed: add as member of relation 10524322 (St. Olavsleden). Do not modify existing members of relation 10524322 (St. Olavsleden). Research aid only. Existing OSM object: way/500278221.
node/6847791747,https://www.openstreetmap.org/node/6847791747,Arctura Lodge & Konferens,63.1897771,14.6626663,apartment,,,1313.1,10524322,missing,Proposed: add as member of relation 10524322 (St. Olavsleden). Do not modify existing members of relation 10524322 (St. Olavsleden). Research aid only. Existing OSM object: node/6847791747.
way/1436533083,https://www.openstreetmap.org/way/1436533083,,63.6101202,10.7789166,,shelter,yes,1314.6,10524322,missing,Proposed: add as member of relation 10524322 (St. Olavsleden). Do not modify existing members of relation 10524322 (St. Olavsleden). Research aid only. Existing OSM object: way/1436533083.
way/1459090691,https://www.openstreetmap.org/way/1459090691,,63.4333339,10.3981347,,shelter,yes,1315.1,10524322,missing,Proposed: add as member of relation 10524322 (St. Olavsleden). Do not modify existing members of relation 10524322 (St. Olavsleden). Research aid only. Existing OSM object: way/1459090691.
node/5869294835,https://www.openstreetmap.org/node/5869294835,,63.6225275,11.2707684,picnic_site,,,1316.3,10524322,missing,Proposed: add as member of relation 10524322 (St. Olavsleden). Do not modify existing members of relation 10524322 (St. Olavsleden). Research aid only. Existing OSM object: node/5869294835.
way/179050462,https://www.openstreetmap.org/way/179050462,Clarion Hotel Trondheim,63.4398377,10.4017676,hotel,,hotel,1318.9,10524322,missing,Proposed: add as member of relation 10524322 (St. Olavsleden). Do not modify existing members of relation 10524322 (St. Olavsleden). Research aid only. Existing OSM object: way/179050462.
way/1459090692,https://www.openstreetmap.org/way/1459090692,,63.4333310,10.3979994,,shelter,yes,1321.8,10524322,missing,Proposed: add as member of relation 10524322 (St. Olavsleden). Do not modify existing members of relation 10524322 (St. Olavsleden). Research aid only. Existing OSM object: way/1459090692.
node/7125728708,https://www.openstreetmap.org/node/7125728708,,63.0615234,13.9891148,,shelter,,1325.2,10524322,missing,Proposed: add as member of relation 10524322 (St. Olavsleden). Do not modify existing members of relation 10524322 (St. Olavsleden). Research aid only. Existing OSM object: node/7125728708.
node/13828145124,https://www.openstreetmap.org/node/13828145124,Hus Hotell Hunge,62.7524198,15.0719108,hotel,,,1330.0,10524322,missing,Proposed: add as member of relation 10524322 (St. Olavsleden). Do not modify existing members of relation 10524322 (St. Olavsleden). Research aid only. Existing OSM object: node/13828145124.
way/1550884627,https://www.openstreetmap.org/way/1550884627,,63.4372864,10.6299477,,shelter,roof,1332.8,10524322,missing,Proposed: add as member of relation 10524322 (St. Olavsleden). Do not modify existing members of relation 10524322 (St. Olavsleden). Research aid only. Existing OSM object: way/1550884627.
node/501845219,https://www.openstreetmap.org/node/501845219,,63.1829942,14.7409094,,shelter,,1334.5,10524322,missing,Proposed: add as member of relation 10524322 (St. Olavsleden). Do not modify existing members of relation 10524322 (St. Olavsleden). Research aid only. Existing OSM object: node/501845219.
node/13830758015,https://www.openstreetmap.org/node/13830758015,,63.1787650,14.6792726,,shelter,,1334.9,10524322,missing,Proposed: add as member of relation 10524322 (St. Olavsleden). Do not modify existing members of relation 10524322 (St. Olavsleden). Research aid only. Existing OSM object: node/13830758015.
node/10083127424,https://www.openstreetmap.org/node/10083127424,,63.4845785,11.7177410,,shelter,,1339.8,10524322,missing,Proposed: add as member of relation 10524322 (St. Olavsleden). Do not modify existing members of relation 10524322 (St. Olavsleden). Research aid only. Existing OSM object: node/10083127424.
way/1456540100,https://www.openstreetmap.org/way/1456540100,,63.4160159,10.5577973,,shelter,yes,1354.1,10524322,missing,Proposed: add as member of relation 10524322 (St. Olavsleden). Do not modify existing members of relation 10524322 (St. Olavsleden). Research aid only. Existing OSM object: way/1456540100.
node/5442417557,https://www.openstreetmap.org/node/5442417557,,63.4520626,10.4371026,picnic_site,,,1355.3,10524322,missing,Proposed: add as member of relation 10524322 (St. Olavsleden). Do not modify existing members of relation 10524322 (St. Olavsleden). Research aid only. Existing OSM object: node/5442417557.
way/1456196846,https://www.openstreetmap.org/way/1456196846,Venterom spor 2-3,63.4364446,10.3979202,,shelter,yes,1357.7,10524322,missing,Proposed: add as member of relation 10524322 (St. Olavsleden). Do not modify existing members of relation 10524322 (St. Olavsleden). Research aid only. Existing OSM object: way/1456196846.
way/1456196847,https://www.openstreetmap.org/way/1456196847,Venterom spor 4-5,63.4365882,10.3978636,,shelter,yes,1364.1,10524322,missing,Proposed: add as member of relation 10524322 (St. Olavsleden). Do not modify existing members of relation 10524322 (St. Olavsleden). Research aid only. Existing OSM object: way/1456196847.
way/1389324649,https://www.openstreetmap.org/way/1389324649,,63.4208849,10.4378384,,shelter,yes,1365.9,10524322,missing,Proposed: add as member of relation 10524322 (St. Olavsleden). Do not modify existing members of relation 10524322 (St. Olavsleden). Research aid only. Existing OSM object: way/1389324649.
node/5527727559,https://www.openstreetmap.org/node/5527727559,,62.9592089,14.3457976,,shelter,,1371.6,10524322,missing,Proposed: add as member of relation 10524322 (St. Olavsleden). Do not modify existing members of relation 10524322 (St. Olavsleden). Research aid only. Existing OSM object: node/5527727559.
node/956343622,https://www.openstreetmap.org/node/956343622,City Living Sentrum Hotel & Apartments,63.4337708,10.3968930,hotel,,,1375.9,10524322,missing,Proposed: add as member of relation 10524322 (St. Olavsleden). Do not modify existing members of relation 10524322 (St. Olavsleden). Research aid only. Existing OSM object: node/956343622.
node/156719783,https://www.openstreetmap.org/node/156719783,Astoria,63.4341994,10.3969041,hotel,,,1376.2,10524322,missing,Proposed: add as member of relation 10524322 (St. Olavsleden). Do not modify existing members of relation 10524322 (St. Olavsleden). Research aid only. Existing OSM object: node/156719783.
node/3276976485,https://www.openstreetmap.org/node/3276976485,Storliens Fjällgård,63.2869630,12.1199041,hostel,,,1382.4,10524322,missing,Proposed: add as member of relation 10524322 (St. Olavsleden). Do not modify existing members of relation 10524322 (St. Olavsleden). Research aid only. Existing OSM object: node/3276976485.
node/505244250,https://www.openstreetmap.org/node/505244250,,63.1706188,14.6955873,,shelter,,1383.5,10524322,missing,Proposed: add as member of relation 10524322 (St. Olavsleden). Do not modify existing members of relation 10524322 (St. Olavsleden). Research aid only. Existing OSM object: node/505244250.
node/3170891437,https://www.openstreetmap.org/node/3170891437,,63.1949463,14.6589134,,shelter,,1390.2,10524322,missing,Proposed: add as member of relation 10524322 (St. Olavsleden). Do not modify existing members of relation 10524322 (St. Olavsleden). Research aid only. Existing OSM object: node/3170891437.
node/1288237258,https://www.openstreetmap.org/node/1288237258,Brennesvollen dagsturhytte,63.5910720,11.4294327,,shelter,,1393.4,10524322,missing,Proposed: add as member of relation 10524322 (St. Olavsleden). Do not modify existing members of relation 10524322 (St. Olavsleden). Research aid only. Existing OSM object: node/1288237258.
node/11105737145,https://www.openstreetmap.org/node/11105737145,,63.3731967,11.3437378,picnic_site,,,1394.4,10524322,missing,Proposed: add as member of relation 10524322 (St. Olavsleden). Do not modify existing members of relation 10524322 (St. Olavsleden). Research aid only. Existing OSM object: node/11105737145.
node/252456283,https://www.openstreetmap.org/node/252456283,,63.4567223,10.4515094,picnic_site,,,1395.4,10524322,missing,Proposed: add as member of relation 10524322 (St. Olavsleden). Do not modify existing members of relation 10524322 (St. Olavsleden). Research aid only. Existing OSM object: node/252456283.
node/12219378985,https://www.openstreetmap.org/node/12219378985,,62.8581546,15.7462299,,shelter,,1403.6,10524322,missing,Proposed: add as member of relation 10524322 (St. Olavsleden). Do not modify existing members of relation 10524322 (St. Olavsleden). Research aid only. Existing OSM object: node/12219378985.
node/5527727555,https://www.openstreetmap.org/node/5527727555,,62.9379581,14.3347871,,shelter,,1408.6,10524322,missing,Proposed: add as member of relation 10524322 (St. Olavsleden). Do not modify existing members of relation 10524322 (St. Olavsleden). Research aid only. Existing OSM object: node/5527727555.
node/7125728691,https://www.openstreetmap.org/node/7125728691,,63.5335922,12.8991508,,shelter,,1409.9,10524322,missing,Proposed: add as member of relation 10524322 (St. Olavsleden). Do not modify existing members of relation 10524322 (St. Olavsleden). Research aid only. Existing OSM object: node/7125728691.
node/7125728675,https://www.openstreetmap.org/node/7125728675,,63.2776237,12.9101211,,shelter,,1413.3,10524322,missing,Proposed: add as member of relation 10524322 (St. Olavsleden). Do not modify existing members of relation 10524322 (St. Olavsleden). Research aid only. Existing OSM object: node/7125728675.
node/505244244,https://www.openstreetmap.org/node/505244244,,63.1712022,14.6954459,,shelter,,1417.8,10524322,missing,Proposed: add as member of relation 10524322 (St. Olavsleden). Do not modify existing members of relation 10524322 (St. Olavsleden). Research aid only. Existing OSM object: node/505244244.
node/3167575134,https://www.openstreetmap.org/node/3167575134,,63.1761927,14.6863049,,shelter,,1424.5,10524322,missing,Proposed: add as member of relation 10524322 (St. Olavsleden). Do not modify existing members of relation 10524322 (St. Olavsleden). Research aid only. Existing OSM object: node/3167575134.
node/7125728690,https://www.openstreetmap.org/node/7125728690,,63.5335064,12.9018974,,shelter,,1438.7,10524322,missing,Proposed: add as member of relation 10524322 (St. Olavsleden). Do not modify existing members of relation 10524322 (St. Olavsleden). Research aid only. Existing OSM object: node/7125728690.
way/406641907,https://www.openstreetmap.org/way/406641907,Vålågården,63.1660540,13.0605474,camp_site,,,1445.1,10524322,missing,Proposed: add as member of relation 10524322 (St. Olavsleden). Do not modify existing members of relation 10524322 (St. Olavsleden). Research aid only. Existing OSM object: way/406641907.
node/386579894,https://www.openstreetmap.org/node/386579894,City Living Schøller hotel,63.4320760,10.3956480,hotel,,,1450.2,10524322,missing,Proposed: add as member of relation 10524322 (St. Olavsleden). Do not modify existing members of relation 10524322 (St. Olavsleden). Research aid only. Existing OSM object: node/386579894.
node/370013269,https://www.openstreetmap.org/node/370013269,,63.4538123,10.4394593,picnic_site,,,1453.3,10524322,missing,Proposed: add as member of relation 10524322 (St. Olavsleden). Do not modify existing members of relation 10524322 (St. Olavsleden). Research aid only. Existing OSM object: node/370013269.
way/167823309,https://www.openstreetmap.org/way/167823309,Nidaros Pilgrimsgård,63.4266307,10.4000303,guest_house,,retail,1455.7,10524322,missing,Proposed: add as member of relation 10524322 (St. Olavsleden). Do not modify existing members of relation 10524322 (St. Olavsleden). Research aid only. Existing OSM object: way/167823309.
node/3167575137,https://www.openstreetmap.org/node/3167575137,,63.1769446,14.6858125,,shelter,,1456.3,10524322,missing,Proposed: add as member of relation 10524322 (St. Olavsleden). Do not modify existing members of relation 10524322 (St. Olavsleden). Research aid only. Existing OSM object: node/3167575137.
node/4009598223,https://www.openstreetmap.org/node/4009598223,,62.8389928,14.3840622,,shelter,,1457.1,10524322,missing,Proposed: add as member of relation 10524322 (St. Olavsleden). Do not modify existing members of relation 10524322 (St. Olavsleden). Research aid only. Existing OSM object: node/4009598223.
way/315195450,https://www.openstreetmap.org/way/315195450,P-Hotels Brattøra,63.4358958,10.3955836,hotel,,hotel,1460.2,10524322,missing,Proposed: add as member of relation 10524322 (St. Olavsleden). Do not modify existing members of relation 10524322 (St. Olavsleden). Research aid only. Existing OSM object: way/315195450.
node/7125728674,https://www.openstreetmap.org/node/7125728674,,63.1494999,13.4067535,,shelter,,1461.5,10524322,missing,Proposed: add as member of relation 10524322 (St. Olavsleden). Do not modify existing members of relation 10524322 (St. Olavsleden). Research aid only. Existing OSM object: node/7125728674.
node/4796629160,https://www.openstreetmap.org/node/4796629160,,63.3095069,13.1014840,,shelter,,1466.4,10524322,missing,Proposed: add as member of relation 10524322 (St. Olavsleden). Do not modify existing members of relation 10524322 (St. Olavsleden). Research aid only. Existing OSM object: node/4796629160.
node/3167575113,https://www.openstreetmap.org/node/3167575113,,63.1746381,14.6907339,,shelter,,1481.5,10524322,missing,Proposed: add as member of relation 10524322 (St. Olavsleden). Do not modify existing members of relation 10524322 (St. Olavsleden). Research aid only. Existing OSM object: node/3167575113.
node/514749896,https://www.openstreetmap.org/node/514749896,,63.1674760,14.7044223,,shelter,,1497.9,10524322,missing,Proposed: add as member of relation 10524322 (St. Olavsleden). Do not modify existing members of relation 10524322 (St. Olavsleden). Research aid only. Existing OSM object: node/514749896.
node/13414304355,https://www.openstreetmap.org/node/13414304355,,63.1675461,14.7043955,,shelter,,1501.7,10524322,missing,Proposed: add as member of relation 10524322 (St. Olavsleden). Do not modify existing members of relation 10524322 (St. Olavsleden). Research aid only. Existing OSM object: node/13414304355.
node/252456287,https://www.openstreetmap.org/node/252456287,,63.4566634,10.4472629,picnic_site,,,1505.0,10524322,missing,Proposed: add as member of relation 10524322 (St. Olavsleden). Do not modify existing members of relation 10524322 (St. Olavsleden). Research aid only. Existing OSM object: node/252456287.
node/3167575115,https://www.openstreetmap.org/node/3167575115,,63.1747652,14.6911428,,shelter,,1506.3,10524322,missing,Proposed: add as member of relation 10524322 (St. Olavsleden). Do not modify existing members of relation 10524322 (St. Olavsleden). Research aid only. Existing OSM object: node/3167575115.
way/1302553574,https://www.openstreetmap.org/way/1302553574,,62.8291538,14.4293212,,shelter,yes,1512.3,10524322,missing,Proposed: add as member of relation 10524322 (St. Olavsleden). Do not modify existing members of relation 10524322 (St. Olavsleden). Research aid only. Existing OSM object: way/1302553574.
node/1591151686,https://www.openstreetmap.org/node/1591151686,,63.1592973,14.7236876,,shelter,,1525.9,10524322,missing,Proposed: add as member of relation 10524322 (St. Olavsleden). Do not modify existing members of relation 10524322 (St. Olavsleden). Research aid only. Existing OSM object: node/1591151686.
node/12297749756,https://www.openstreetmap.org/node/12297749756,Storvallens Fjällstugor,63.2862497,12.1158407,hostel,,,1531.1,10524322,missing,Proposed: add as member of relation 10524322 (St. Olavsleden). Do not modify existing members of relation 10524322 (St. Olavsleden). Research aid only. Existing OSM object: node/12297749756.
node/13190712688,https://www.openstreetmap.org/node/13190712688,,62.4168174,17.2772868,,shelter,,1535.5,10524322,missing,Proposed: add as member of relation 10524322 (St. Olavsleden). Do not modify existing members of relation 10524322 (St. Olavsleden). Research aid only. Existing OSM object: node/13190712688.
node/249115686,https://www.openstreetmap.org/node/249115686,,63.4565208,10.4452688,picnic_site,,,1545.9,10524322,missing,Proposed: add as member of relation 10524322 (St. Olavsleden). Do not modify existing members of relation 10524322 (St. Olavsleden). Research aid only. Existing OSM object: node/249115686.
way/1088304388,https://www.openstreetmap.org/way/1088304388,,63.2310759,14.5829512,,shelter,yes,1546.2,10524322,missing,Proposed: add as member of relation 10524322 (St. Olavsleden). Do not modify existing members of relation 10524322 (St. Olavsleden). Research aid only. Existing OSM object: way/1088304388.
node/2356927948,https://www.openstreetmap.org/node/2356927948,,63.2028085,13.3615308,,shelter,,1547.1,10524322,missing,Proposed: add as member of relation 10524322 (St. Olavsleden). Do not modify existing members of relation 10524322 (St. Olavsleden). Research aid only. Existing OSM object: node/2356927948.
node/379899281,https://www.openstreetmap.org/node/379899281,,63.4561567,10.4439221,picnic_site,,,1548.5,10524322,missing,Proposed: add as member of relation 10524322 (St. Olavsleden). Do not modify existing members of relation 10524322 (St. Olavsleden). Research aid only. Existing OSM object: node/379899281.
node/1478062444,https://www.openstreetmap.org/node/1478062444,,63.1073289,13.0684182,,shelter,,1553.2,10524322,missing,Proposed: add as member of relation 10524322 (St. Olavsleden). Do not modify existing members of relation 10524322 (St. Olavsleden). Research aid only. Existing OSM object: node/1478062444.
way/1088304386,https://www.openstreetmap.org/way/1088304386,,63.2304609,14.5846080,,shelter,yes,1554.0,10524322,missing,Proposed: add as member of relation 10524322 (St. Olavsleden). Do not modify existing members of relation 10524322 (St. Olavsleden). Research aid only. Existing OSM object: way/1088304386.
node/1307685010,https://www.openstreetmap.org/node/1307685010,Vågåskjiftet,63.4316542,11.0306797,,shelter,,1559.9,10524322,missing,Proposed: add as member of relation 10524322 (St. Olavsleden). Do not modify existing members of relation 10524322 (St. Olavsleden). Research aid only. Existing OSM object: node/1307685010.
node/4292279389,https://www.openstreetmap.org/node/4292279389,,63.4113726,11.7423908,,shelter,,1560.8,10524322,missing,Proposed: add as member of relation 10524322 (St. Olavsleden). Do not modify existing members of relation 10524322 (St. Olavsleden). Research aid only. Existing OSM object: node/4292279389.
node/5010929923,https://www.openstreetmap.org/node/5010929923,,63.4159490,11.7404840,picnic_site,,,1570.2,10524322,missing,Proposed: add as member of relation 10524322 (St. Olavsleden). Do not modify existing members of relation 10524322 (St. Olavsleden). Research aid only. Existing OSM object: node/5010929923.
node/260627744,https://www.openstreetmap.org/node/260627744,,63.4168660,10.4889494,picnic_site,,,1576.4,10524322,missing,Proposed: add as member of relation 10524322 (St. Olavsleden). Do not modify existing members of relation 10524322 (St. Olavsleden). Research aid only. Existing OSM object: node/260627744.
node/156719791,https://www.openstreetmap.org/node/156719791,Thon Hotel Trondheim,63.4303457,10.3929292,hotel,,,1618.6,10524322,missing,Proposed: add as member of relation 10524322 (St. Olavsleden). Do not modify existing members of relation 10524322 (St. Olavsleden). Research aid only. Existing OSM object: node/156719791.
way/1088304400,https://www.openstreetmap.org/way/1088304400,,63.2181830,14.6207081,,shelter,yes,1623.0,10524322,missing,Proposed: add as member of relation 10524322 (St. Olavsleden). Do not modify existing members of relation 10524322 (St. Olavsleden). Research aid only. Existing OSM object: way/1088304400.
node/1769499181,https://www.openstreetmap.org/node/1769499181,Quality Hotel Augustin,63.4308030,10.3925710,hotel,,,1624.8,10524322,missing,Proposed: add as member of relation 10524322 (St. Olavsleden). Do not modify existing members of relation 10524322 (St. Olavsleden). Research aid only. Existing OSM object: node/1769499181.
node/12648341931,https://www.openstreetmap.org/node/12648341931,,63.1958907,14.6634246,picnic_site,,,1635.3,10524322,missing,Proposed: add as member of relation 10524322 (St. Olavsleden). Do not modify existing members of relation 10524322 (St. Olavsleden). Research aid only. Existing OSM object: node/12648341931.
node/9833704339,https://www.openstreetmap.org/node/9833704339,Frolfjellstuggu,63.6525616,11.5581624,chalet,,,1638.6,10524322,missing,Proposed: add as member of relation 10524322 (St. Olavsleden). Do not modify existing members of relation 10524322 (St. Olavsleden). Research aid only. Existing OSM object: node/9833704339.
node/12325978889,https://www.openstreetmap.org/node/12325978889,,63.3975436,10.8794704,picnic_site,,,1653.8,10524322,missing,Proposed: add as member of relation 10524322 (St. Olavsleden). Do not modify existing members of relation 10524322 (St. Olavsleden). Research aid only. Existing OSM object: node/12325978889.
node/13243791629,https://www.openstreetmap.org/node/13243791629,Sönkmyrbäcken,63.3054507,13.0236665,,shelter,,1653.9,10524322,missing,Proposed: add as member of relation 10524322 (St. Olavsleden). Do not modify existing members of relation 10524322 (St. Olavsleden). Research aid only. Existing OSM object: node/13243791629.
node/9833704338,https://www.openstreetmap.org/node/9833704338,Fossvatnhytta,63.3496073,11.7457631,chalet,,,1668.2,10524322,missing,Proposed: add as member of relation 10524322 (St. Olavsleden). Do not modify existing members of relation 10524322 (St. Olavsleden). Research aid only. Existing OSM object: node/9833704338.
way/1088304363,https://www.openstreetmap.org/way/1088304363,,63.2200457,14.6128619,,shelter,yes,1682.6,10524322,missing,Proposed: add as member of relation 10524322 (St. Olavsleden). Do not modify existing members of relation 10524322 (St. Olavsleden). Research aid only. Existing OSM object: way/1088304363.
way/1377898382,https://www.openstreetmap.org/way/1377898382,,63.4401980,10.8675685,,shelter,yes,1684.2,10524322,missing,Proposed: add as member of relation 10524322 (St. Olavsleden). Do not modify existing members of relation 10524322 (St. Olavsleden). Research aid only. Existing OSM object: way/1377898382.
node/156719797,https://www.openstreetmap.org/node/156719797,Quality Hotel Prinsen,63.4308664,10.3911954,hotel,,,1690.5,10524322,missing,Proposed: add as member of relation 10524322 (St. Olavsleden). Do not modify existing members of relation 10524322 (St. Olavsleden). Research aid only. Existing OSM object: node/156719797.
node/13408793818,https://www.openstreetmap.org/node/13408793818,,62.6765067,16.4318535,,shelter,,1691.8,10524322,missing,Proposed: add as member of relation 10524322 (St. Olavsleden). Do not modify existing members of relation 10524322 (St. Olavsleden). Research aid only. Existing OSM object: node/13408793818.
way/1088304297,https://www.openstreetmap.org/way/1088304297,,63.2201510,14.6121278,,shelter,yes,1692.7,10524322,missing,Proposed: add as member of relation 10524322 (St. Olavsleden). Do not modify existing members of relation 10524322 (St. Olavsleden). Research aid only. Existing OSM object: way/1088304297.
node/260627745,https://www.openstreetmap.org/node/260627745,,63.4158652,10.4875661,picnic_site,,,1695.5,10524322,missing,Proposed: add as member of relation 10524322 (St. Olavsleden). Do not modify existing members of relation 10524322 (St. Olavsleden). Research aid only. Existing OSM object: node/260627745.
node/795224600,https://www.openstreetmap.org/node/795224600,,63.4045343,10.7563517,picnic_site,,,1713.7,10524322,missing,Proposed: add as member of relation 10524322 (St. Olavsleden). Do not modify existing members of relation 10524322 (St. Olavsleden). Research aid only. Existing OSM object: node/795224600.
node/3663317820,https://www.openstreetmap.org/node/3663317820,Åsholmen Camping,63.6647799,10.8776793,camp_site,,,1718.4,10524322,missing,Proposed: add as member of relation 10524322 (St. Olavsleden). Do not modify existing members of relation 10524322 (St. Olavsleden). Research aid only. Existing OSM object: node/3663317820.
way/727606084,https://www.openstreetmap.org/way/727606084,,63.4310260,10.3903924,,shelter,,1726.5,10524322,missing,Proposed: add as member of relation 10524322 (St. Olavsleden). Do not modify existing members of relation 10524322 (St. Olavsleden). Research aid only. Existing OSM object: way/727606084.
node/3169633515,https://www.openstreetmap.org/node/3169633515,Svartsjöstugan,63.1570415,14.7374734,,shelter,,1730.8,10524322,missing,Proposed: add as member of relation 10524322 (St. Olavsleden). Do not modify existing members of relation 10524322 (St. Olavsleden). Research aid only. Existing OSM object: node/3169633515.
node/9812364101,https://www.openstreetmap.org/node/9812364101,Ulstadtjønnhytta,63.5508748,11.4360535,,shelter,,1734.5,10524322,missing,Proposed: add as member of relation 10524322 (St. Olavsleden). Do not modify existing members of relation 10524322 (St. Olavsleden). Research aid only. Existing OSM object: node/9812364101.
way/89943608,https://www.openstreetmap.org/way/89943608,Comfort Hotel Park,63.4276607,10.3924426,hotel,,hotel,1735.9,10524322,missing,Proposed: add as member of relation 10524322 (St. Olavsleden). Do not modify existing members of relation 10524322 (St. Olavsleden). Research aid only. Existing OSM object: way/89943608.
node/553306871,https://www.openstreetmap.org/node/553306871,,63.1870264,14.6744320,,shelter,,1737.2,10524322,missing,Proposed: add as member of relation 10524322 (St. Olavsleden). Do not modify existing members of relation 10524322 (St. Olavsleden). Research aid only. Existing OSM object: node/553306871.
way/1034911378,https://www.openstreetmap.org/way/1034911378,,63.4208727,10.4042535,,shelter,yes,1754.3,10524322,missing,Proposed: add as member of relation 10524322 (St. Olavsleden). Do not modify existing members of relation 10524322 (St. Olavsleden). Research aid only. Existing OSM object: way/1034911378.
way/1191208478,https://www.openstreetmap.org/way/1191208478,,63.4260886,10.3936366,,shelter,roof,1759.4,10524322,missing,Proposed: add as member of relation 10524322 (St. Olavsleden). Do not modify existing members of relation 10524322 (St. Olavsleden). Research aid only. Existing OSM object: way/1191208478.
node/5010930122,https://www.openstreetmap.org/node/5010930122,,63.4139380,11.7395290,picnic_site,,,1760.5,10524322,missing,Proposed: add as member of relation 10524322 (St. Olavsleden). Do not modify existing members of relation 10524322 (St. Olavsleden). Research aid only. Existing OSM object: node/5010930122.
way/1034911377,https://www.openstreetmap.org/way/1034911377,,63.4206762,10.4042794,,shelter,yes,1771.5,10524322,missing,Proposed: add as member of relation 10524322 (St. Olavsleden). Do not modify existing members of relation 10524322 (St. Olavsleden). Research aid only. Existing OSM object: way/1034911377.
node/255131245,https://www.openstreetmap.org/node/255131245,,63.4170047,10.4405872,picnic_site,,,1783.1,10524322,missing,Proposed: add as member of relation 10524322 (St. Olavsleden). Do not modify existing members of relation 10524322 (St. Olavsleden). Research aid only. Existing OSM object: node/255131245.
node/12758383125,https://www.openstreetmap.org/node/12758383125,,63.4409720,10.8705324,picnic_site,,,1785.8,10524322,missing,Proposed: add as member of relation 10524322 (St. Olavsleden). Do not modify existing members of relation 10524322 (St. Olavsleden). Research aid only. Existing OSM object: node/12758383125.
way/1064363102,https://www.openstreetmap.org/way/1064363102,,63.4258429,10.3932923,,shelter,roof,1787.7,10524322,missing,Proposed: add as member of relation 10524322 (St. Olavsleden). Do not modify existing members of relation 10524322 (St. Olavsleden). Research aid only. Existing OSM object: way/1064363102.
node/9153258063,https://www.openstreetmap.org/node/9153258063,Pensjonat Jarlen,63.4306834,10.3892014,guest_house,,,1791.8,10524322,missing,Proposed: add as member of relation 10524322 (St. Olavsleden). Do not modify existing members of relation 10524322 (St. Olavsleden). Research aid only. Existing OSM object: node/9153258063.
node/3169633494,https://www.openstreetmap.org/node/3169633494,,63.1531623,14.7535466,,shelter,,1806.2,10524322,missing,Proposed: add as member of relation 10524322 (St. Olavsleden). Do not modify existing members of relation 10524322 (St. Olavsleden). Research aid only. Existing OSM object: node/3169633494.
node/3169633500,https://www.openstreetmap.org/node/3169633500,,63.1546245,14.7490926,,shelter,,1821.1,10524322,missing,Proposed: add as member of relation 10524322 (St. Olavsleden). Do not modify existing members of relation 10524322 (St. Olavsleden). Research aid only. Existing OSM object: node/3169633500.
node/12102016040,https://www.openstreetmap.org/node/12102016040,Skutjärns Vindskydd,63.4552575,13.0338564,,shelter,,1822.5,10524322,missing,Proposed: add as member of relation 10524322 (St. Olavsleden). Do not modify existing members of relation 10524322 (St. Olavsleden). Research aid only. Existing OSM object: node/12102016040.
way/931328544,https://www.openstreetmap.org/way/931328544,,63.5086891,10.8264625,,shelter,yes,1827.8,10524322,missing,Proposed: add as member of relation 10524322 (St. Olavsleden). Do not modify existing members of relation 10524322 (St. Olavsleden). Research aid only. Existing OSM object: way/931328544.
node/7125225457,https://www.openstreetmap.org/node/7125225457,Asphyddan Raststuga,62.3476219,17.2897667,wilderness_hut,,,1829.1,10524322,missing,Proposed: add as member of relation 10524322 (St. Olavsleden). Do not modify existing members of relation 10524322 (St. Olavsleden). Research aid only. Existing OSM object: node/7125225457.
node/11184655621,https://www.openstreetmap.org/node/11184655621,Sure Hotel Trondheim Airport,63.4711074,10.9030844,hotel,,,1830.9,10524322,missing,Proposed: add as member of relation 10524322 (St. Olavsleden). Do not modify existing members of relation 10524322 (St. Olavsleden). Research aid only. Existing OSM object: node/11184655621.
node/2396224987,https://www.openstreetmap.org/node/2396224987,,63.1835099,13.1232005,camp_site,,,1834.6,10524322,missing,Proposed: add as member of relation 10524322 (St. Olavsleden). Do not modify existing members of relation 10524322 (St. Olavsleden). Research aid only. Existing OSM object: node/2396224987.
node/1038567789,https://www.openstreetmap.org/node/1038567789,,63.2039970,14.6412106,,shelter,,1840.4,10524322,missing,Proposed: add as member of relation 10524322 (St. Olavsleden). Do not modify existing members of relation 10524322 (St. Olavsleden). Research aid only. Existing OSM object: node/1038567789.
way/931328545,https://www.openstreetmap.org/way/931328545,,63.5085369,10.8264563,,shelter,yes,1843.8,10524322,missing,Proposed: add as member of relation 10524322 (St. Olavsleden). Do not modify existing members of relation 10524322 (St. Olavsleden). Research aid only. Existing OSM object: way/931328545.
way/1088304382,https://www.openstreetmap.org/way/1088304382,,63.2215204,14.6024456,,shelter,yes,1848.1,10524322,missing,Proposed: add as member of relation 10524322 (St. Olavsleden). Do not modify existing members of relation 10524322 (St. Olavsleden). Research aid only. Existing OSM object: way/1088304382.
node/260627749,https://www.openstreetmap.org/node/260627749,,63.4144796,10.4857838,picnic_site,,,1855.3,10524322,missing,Proposed: add as member of relation 10524322 (St. Olavsleden). Do not modify existing members of relation 10524322 (St. Olavsleden). Research aid only. Existing OSM object: node/260627749.
node/7125728673,https://www.openstreetmap.org/node/7125728673,,63.0939674,13.1198215,,shelter,,1856.3,10524322,missing,Proposed: add as member of relation 10524322 (St. Olavsleden). Do not modify existing members of relation 10524322 (St. Olavsleden). Research aid only. Existing OSM object: node/7125728673.
way/1528381533,https://www.openstreetmap.org/way/1528381533,,63.7846207,11.6678370,,shelter,yes,1865.3,10524322,missing,Proposed: add as member of relation 10524322 (St. Olavsleden). Do not modify existing members of relation 10524322 (St. Olavsleden). Research aid only. Existing OSM object: way/1528381533.
way/196532507,https://www.openstreetmap.org/way/196532507,Hauganfjæra Camping,63.5451994,10.6367065,camp_site,,,1867.2,10524322,missing,Proposed: add as member of relation 10524322 (St. Olavsleden). Do not modify existing members of relation 10524322 (St. Olavsleden). Research aid only. Existing OSM object: way/196532507.
node/5873189451,https://www.openstreetmap.org/node/5873189451,Grillplats,62.4212608,17.2741299,picnic_site,,,1874.2,10524322,missing,Proposed: add as member of relation 10524322 (St. Olavsleden). Do not modify existing members of relation 10524322 (St. Olavsleden). Research aid only. Existing OSM object: node/5873189451.
way/1528381534,https://www.openstreetmap.org/way/1528381534,,63.7847638,11.6677411,,shelter,yes,1875.7,10524322,missing,Proposed: add as member of relation 10524322 (St. Olavsleden). Do not modify existing members of relation 10524322 (St. Olavsleden). Research aid only. Existing OSM object: way/1528381534.
node/12326807072,https://www.openstreetmap.org/node/12326807072,,63.3993272,10.8372892,picnic_site,,,1885.1,10524322,missing,Proposed: add as member of relation 10524322 (St. Olavsleden). Do not modify existing members of relation 10524322 (St. Olavsleden). Research aid only. Existing OSM object: node/12326807072.
way/1458781122,https://www.openstreetmap.org/way/1458781122,,63.4228070,10.3952454,,shelter,yes,1900.7,10524322,missing,Proposed: add as member of relation 10524322 (St. Olavsleden). Do not modify existing members of relation 10524322 (St. Olavsleden). Research aid only. Existing OSM object: way/1458781122.
way/953152625,https://www.openstreetmap.org/way/953152625,,63.4416535,10.8789312,,shelter,yes,1903.2,10524322,missing,Proposed: add as member of relation 10524322 (St. Olavsleden). Do not modify existing members of relation 10524322 (St. Olavsleden). Research aid only. Existing OSM object: way/953152625.
node/3663316760,https://www.openstreetmap.org/node/3663316760,Soria Moria Camping,63.7748820,11.4571670,camp_site,,,1907.1,10524322,missing,Proposed: add as member of relation 10524322 (St. Olavsleden). Do not modify existing members of relation 10524322 (St. Olavsleden). Research aid only. Existing OSM object: node/3663316760.
node/7133973560,https://www.openstreetmap.org/node/7133973560,Hanasjöns kåta,63.0504863,13.3325957,wilderness_hut,,hut,1907.9,10524322,missing,Proposed: add as member of relation 10524322 (St. Olavsleden). Do not modify existing members of relation 10524322 (St. Olavsleden). Research aid only. Existing OSM object: node/7133973560.
way/1460827615,https://www.openstreetmap.org/way/1460827615,,63.4414641,10.8846800,,shelter,yes,1910.7,10524322,missing,Proposed: add as member of relation 10524322 (St. Olavsleden). Do not modify existing members of relation 10524322 (St. Olavsleden). Research aid only. Existing OSM object: way/1460827615.
way/887303068,https://www.openstreetmap.org/way/887303068,,63.4226679,10.3951425,,shelter,yes,1914.6,10524322,missing,Proposed: add as member of relation 10524322 (St. Olavsleden). Do not modify existing members of relation 10524322 (St. Olavsleden). Research aid only. Existing OSM object: way/887303068.
way/1436397745,https://www.openstreetmap.org/way/1436397745,,63.7049391,11.0441920,,shelter,yes,1924.1,10524322,missing,Proposed: add as member of relation 10524322 (St. Olavsleden). Do not modify existing members of relation 10524322 (St. Olavsleden). Research aid only. Existing OSM object: way/1436397745.
way/1088304377,https://www.openstreetmap.org/way/1088304377,,63.2188883,14.6079726,,shelter,yes,1926.9,10524322,missing,Proposed: add as member of relation 10524322 (St. Olavsleden). Do not modify existing members of relation 10524322 (St. Olavsleden). Research aid only. Existing OSM object: way/1088304377.
way/1381253295,https://www.openstreetmap.org/way/1381253295,,63.4160547,10.4301924,,shelter,yes,1936.7,10524322,missing,Proposed: add as member of relation 10524322 (St. Olavsleden). Do not modify existing members of relation 10524322 (St. Olavsleden). Research aid only. Existing OSM object: way/1381253295.
way/952989537,https://www.openstreetmap.org/way/952989537,,63.4225847,10.3947056,,shelter,yes,1937.2,10524322,missing,Proposed: add as member of relation 10524322 (St. Olavsleden). Do not modify existing members of relation 10524322 (St. Olavsleden). Research aid only. Existing OSM object: way/952989537.
way/1088304352,https://www.openstreetmap.org/way/1088304352,,63.2175850,14.6112444,,shelter,yes,1950.2,10524322,missing,Proposed: add as member of relation 10524322 (St. Olavsleden). Do not modify existing members of relation 10524322 (St. Olavsleden). Research aid only. Existing OSM object: way/1088304352.
way/1088304327,https://www.openstreetmap.org/way/1088304327,,63.2145193,14.6207158,,shelter,yes,1954.2,10524322,missing,Proposed: add as member of relation 10524322 (St. Olavsleden). Do not modify existing members of relation 10524322 (St. Olavsleden). Research aid only. Existing OSM object: way/1088304327.
node/3585413123,https://www.openstreetmap.org/node/3585413123,Vindlibua,63.3303117,11.3606064,chalet,,,1970.5,10524322,missing,Proposed: add as member of relation 10524322 (St. Olavsleden). Do not modify existing members of relation 10524322 (St. Olavsleden). Research aid only. Existing OSM object: node/3585413123.
way/1010337078,https://www.openstreetmap.org/way/1010337078,,62.3296851,17.0161151,,shelter,,1979.1,10524322,missing,Proposed: add as member of relation 10524322 (St. Olavsleden). Do not modify existing members of relation 10524322 (St. Olavsleden). Research aid only. Existing OSM object: way/1010337078.
way/887303067,https://www.openstreetmap.org/way/887303067,,63.4221832,10.3943414,,shelter,yes,1979.8,10524322,missing,Proposed: add as member of relation 10524322 (St. Olavsleden). Do not modify existing members of relation 10524322 (St. Olavsleden). Research aid only. Existing OSM object: way/887303067.
way/727606082,https://www.openstreetmap.org/way/727606082,,63.4303989,10.3850939,,shelter,,1998.3,10524322,missing,Proposed: add as member of relation 10524322 (St. Olavsleden). Do not modify existing members of relation 10524322 (St. Olavsleden). Research aid only. Existing OSM object: way/727606082.
node/2356927944,https://www.openstreetmap.org/node/2356927944,Issjön Stuga,63.0889121,13.1379965,,shelter,,1999.3,10524322,missing,Proposed: add as member of relation 10524322 (St. Olavsleden). Do not modify existing members of relation 10524322 (St. Olavsleden). Research aid only. Existing OSM object: node/2356927944.
