<?xml version="1.0" encoding="UTF-8"?>
<gpx version="1.1" creator="pilegrimsleden-osm-extractor 1.0" xmlns="http://www.topografix.com/GPX/1/1">
  <trk><name>S:t Olofsleden, Gotland</name><trkseg>
    <trkpt lat="57.7165870" lon="18.9092480"></trkpt>
    <trkpt lat="57.7168720" lon="18.9091900"></trkpt>
    <trkpt lat="57.7173010" lon="18.9090940"></trkpt>
    <trkpt lat="57.7174590" lon="18.9089910"></trkpt>
    <trkpt lat="57.7176570" lon="18.9087880"></trkpt>
    <trkpt lat="57.7178550" lon="18.9085860"></trkpt>
    <trkpt lat="57.7180400" lon="18.9084050"></trkpt>
    <trkpt lat="57.7181630" lon="18.9081910"></trkpt>
    <trkpt lat="57.7182200" lon="18.9080910"></trkpt>
    <trkpt lat="57.7181880" lon="18.9075490"></trkpt>
    <trkpt lat="57.7181570" lon="18.9070070"></trkpt>
    <trkpt lat="57.7183120" lon="18.9069330"></trkpt>
    <trkpt lat="57.7184360" lon="18.9068740"></trkpt>
    <trkpt lat="57.7187160" lon="18.9067410"></trkpt>
    <trkpt lat="57.7191130" lon="18.9067240"></trkpt>
    <trkpt lat="57.7195090" lon="18.9067070"></trkpt>
    <trkpt lat="57.7198010" lon="18.9067210"></trkpt>
    <trkpt lat="57.7201170" lon="18.9064860"></trkpt>
    <trkpt lat="57.7203630" lon="18.9061060"></trkpt>
    <trkpt lat="57.7206340" lon="18.9057630"></trkpt>
    <trkpt lat="57.7209050" lon="18.9054190"></trkpt>
    <trkpt lat="57.7210930" lon="18.9049510"></trkpt>
    <trkpt lat="57.7212120" lon="18.9046360"></trkpt>
    <trkpt lat="57.7212540" lon="18.9042840"></trkpt>
    <trkpt lat="57.7212780" lon="18.9037820"></trkpt>
    <trkpt lat="57.7212610" lon="18.9031360"></trkpt>
    <trkpt lat="57.7212020" lon="18.9029530"></trkpt>
    <trkpt lat="57.7211710" lon="18.9022710"></trkpt>
    <trkpt lat="57.7210490" lon="18.9017690"></trkpt>
    <trkpt lat="57.7210110" lon="18.9014630"></trkpt>
    <trkpt lat="57.7209960" lon="18.9013410"></trkpt>
    <trkpt lat="57.7211750" lon="18.9007590"></trkpt>
    <trkpt lat="57.7213850" lon="18.9001880"></trkpt>
    <trkpt lat="57.7215960" lon="18.8996170"></trkpt>
    <trkpt lat="57.7216090" lon="18.8991640"></trkpt>
    <trkpt lat="57.7217550" lon="18.8986640"></trkpt>
    <trkpt lat="57.7218760" lon="18.8981410"></trkpt>
    <trkpt lat="57.7219310" lon="18.8977440"></trkpt>
    <trkpt lat="57.7220420" lon="18.8971310"></trkpt>
    <trkpt lat="57.7221320" lon="18.8966940"></trkpt>
    <trkpt lat="57.7221690" lon="18.8965410"></trkpt>
    <trkpt lat="57.7222440" lon="18.8964680"></trkpt>
    <trkpt lat="57.7225760" lon="18.8964380"></trkpt>
    <trkpt lat="57.7228650" lon="18.8964680"></trkpt>
    <trkpt lat="57.7229890" lon="18.8964530"></trkpt>
    <trkpt lat="57.7230700" lon="18.8963360"></trkpt>
    <trkpt lat="57.7230760" lon="18.8960260"></trkpt>
    <trkpt lat="57.7230170" lon="18.8957130"></trkpt>
    <trkpt lat="57.7229860" lon="18.8954030"></trkpt>
    <trkpt lat="57.7230360" lon="18.8951930"></trkpt>
    <trkpt lat="57.7231710" lon="18.8950610"></trkpt>
    <trkpt lat="57.7232310" lon="18.8949740"></trkpt>
    <trkpt lat="57.7233240" lon="18.8945990"></trkpt>
    <trkpt lat="57.7234670" lon="18.8944790"></trkpt>
    <trkpt lat="57.7235860" lon="18.8943300"></trkpt>
    <trkpt lat="57.7236870" lon="18.8939180"></trkpt>
    <trkpt lat="57.7239320" lon="18.8937370"></trkpt>
    <trkpt lat="57.7241300" lon="18.8934680"></trkpt>
    <trkpt lat="57.7242210" lon="18.8934090"></trkpt>
    <trkpt lat="57.7245940" lon="18.8933510"></trkpt>
    <trkpt lat="57.7247590" lon="18.8932250"></trkpt>
    <trkpt lat="57.7248720" lon="18.8930030"></trkpt>
    <trkpt lat="57.7252060" lon="18.8926660"></trkpt>
    <trkpt lat="57.7253120" lon="18.8923160"></trkpt>
    <trkpt lat="57.7254420" lon="18.8921400"></trkpt>
    <trkpt lat="57.7258460" lon="18.8920700"></trkpt>
    <trkpt lat="57.7259520" lon="18.8920910"></trkpt>
    <trkpt lat="57.7261020" lon="18.8919680"></trkpt>
    <trkpt lat="57.7262940" lon="18.8917690"></trkpt>
    <trkpt lat="57.7265250" lon="18.8913890"></trkpt>
    <trkpt lat="57.7269060" lon="18.8911080"></trkpt>
    <trkpt lat="57.7271030" lon="18.8907860"></trkpt>
    <trkpt lat="57.7272760" lon="18.8905950"></trkpt>
    <trkpt lat="57.7274020" lon="18.8906400"></trkpt>
    <trkpt lat="57.7275150" lon="18.8905150"></trkpt>
    <trkpt lat="57.7276940" lon="18.8903860"></trkpt>
    <trkpt lat="57.7278860" lon="18.8905340"></trkpt>
    <trkpt lat="57.7278870" lon="18.8905340"></trkpt>
    <trkpt lat="57.7278870" lon="18.8905300"></trkpt>
    <trkpt lat="57.7286043" lon="18.8899158"></trkpt>
    <trkpt lat="57.7293215" lon="18.8893015"></trkpt>
    <trkpt lat="57.7300387" lon="18.8886872"></trkpt>
    <trkpt lat="57.7307560" lon="18.8880730"></trkpt>
    <trkpt lat="57.7312555" lon="18.8877295"></trkpt>
    <trkpt lat="57.7317550" lon="18.8873860"></trkpt>
    <trkpt lat="57.7317540" lon="18.8873860"></trkpt>
    <trkpt lat="57.7318060" lon="18.8871260"></trkpt>
    <trkpt lat="57.7319850" lon="18.8865920"></trkpt>
    <trkpt lat="57.7321630" lon="18.8860580"></trkpt>
    <trkpt lat="57.7323560" lon="18.8856600"></trkpt>
    <trkpt lat="57.7325480" lon="18.8852610"></trkpt>
    <trkpt lat="57.7327880" lon="18.8849070"></trkpt>
    <trkpt lat="57.7330290" lon="18.8845530"></trkpt>
    <trkpt lat="57.7331800" lon="18.8844890"></trkpt>
    <trkpt lat="57.7333380" lon="18.8845920"></trkpt>
    <trkpt lat="57.7336610" lon="18.8849130"></trkpt>
    <trkpt lat="57.7339700" lon="18.8851480"></trkpt>
    <trkpt lat="57.7342990" lon="18.8853900"></trkpt>
    <trkpt lat="57.7345810" lon="18.8856080"></trkpt>
    <trkpt lat="57.7348500" lon="18.8855890"></trkpt>
    <trkpt lat="57.7351230" lon="18.8854770"></trkpt>
    <trkpt lat="57.7354950" lon="18.8852610"></trkpt>
    <trkpt lat="57.7357430" lon="18.8850050"></trkpt>
    <trkpt lat="57.7359910" lon="18.8847490"></trkpt>
    <trkpt lat="57.7361590" lon="18.8844220"></trkpt>
    <trkpt lat="57.7363280" lon="18.8840940"></trkpt>
    <trkpt lat="57.7365410" lon="18.8836560"></trkpt>
    <trkpt lat="57.7367550" lon="18.8832170"></trkpt>
    <trkpt lat="57.7369680" lon="18.8827790"></trkpt>
    <trkpt lat="57.7371620" lon="18.8823910"></trkpt>
    <trkpt lat="57.7373550" lon="18.8820020"></trkpt>
    <trkpt lat="57.7376330" lon="18.8815920"></trkpt>
    <trkpt lat="57.7379000" lon="18.8811970"></trkpt>
    <trkpt lat="57.7378970" lon="18.8811890"></trkpt>
    <trkpt lat="57.7377530" lon="18.8806850"></trkpt>
    <trkpt lat="57.7377520" lon="18.8806860"></trkpt>
    <trkpt lat="57.7376760" lon="18.8804120"></trkpt>
    <trkpt lat="57.7375170" lon="18.8798370"></trkpt>
    <trkpt lat="57.7374090" lon="18.8792060"></trkpt>
    <trkpt lat="57.7372680" lon="18.8784430"></trkpt>
    <trkpt lat="57.7371680" lon="18.8777420"></trkpt>
    <trkpt lat="57.7371080" lon="18.8771950"></trkpt>
    <trkpt lat="57.7370220" lon="18.8769500"></trkpt>
    <trkpt lat="57.7370580" lon="18.8764280"></trkpt>
    <trkpt lat="57.7371090" lon="18.8760480"></trkpt>
    <trkpt lat="57.7371430" lon="18.8759430"></trkpt>
    <trkpt lat="57.7371710" lon="18.8758520"></trkpt>
    <trkpt lat="57.7372970" lon="18.8756430"></trkpt>
    <trkpt lat="57.7373620" lon="18.8754480"></trkpt>
    <trkpt lat="57.7373530" lon="18.8752110"></trkpt>
    <trkpt lat="57.7373420" lon="18.8747850"></trkpt>
    <trkpt lat="57.7373320" lon="18.8743590"></trkpt>
    <trkpt lat="57.7373190" lon="18.8736850"></trkpt>
    <trkpt lat="57.7373070" lon="18.8730110"></trkpt>
    <trkpt lat="57.7372950" lon="18.8723380"></trkpt>
    <trkpt lat="57.7372740" lon="18.8715950"></trkpt>
    <trkpt lat="57.7373020" lon="18.8711120"></trkpt>
    <trkpt lat="57.7373290" lon="18.8706300"></trkpt>
    <trkpt lat="57.7375100" lon="18.8700360"></trkpt>
    <trkpt lat="57.7376910" lon="18.8694420"></trkpt>
    <trkpt lat="57.7379040" lon="18.8690970"></trkpt>
    <trkpt lat="57.7381160" lon="18.8687530"></trkpt>
    <trkpt lat="57.7382930" lon="18.8684050"></trkpt>
    <trkpt lat="57.7384700" lon="18.8680570"></trkpt>
    <trkpt lat="57.7388250" lon="18.8676500"></trkpt>
    <trkpt lat="57.7390300" lon="18.8674420"></trkpt>
    <trkpt lat="57.7392360" lon="18.8672350"></trkpt>
    <trkpt lat="57.7390130" lon="18.8668170"></trkpt>
    <trkpt lat="57.7388410" lon="18.8665710"></trkpt>
    <trkpt lat="57.7388900" lon="18.8662770"></trkpt>
    <trkpt lat="57.7389320" lon="18.8659250"></trkpt>
    <trkpt lat="57.7389510" lon="18.8656220"></trkpt>
    <trkpt lat="57.7389430" lon="18.8651990"></trkpt>
    <trkpt lat="57.7389110" lon="18.8647420"></trkpt>
    <trkpt lat="57.7389000" lon="18.8644430"></trkpt>
    <trkpt lat="57.7389120" lon="18.8642600"></trkpt>
    <trkpt lat="57.7389700" lon="18.8640580"></trkpt>
    <trkpt lat="57.7391510" lon="18.8634290"></trkpt>
    <trkpt lat="57.7392790" lon="18.8629660"></trkpt>
    <trkpt lat="57.7394070" lon="18.8625040"></trkpt>
    <trkpt lat="57.7394830" lon="18.8621800"></trkpt>
    <trkpt lat="57.7395270" lon="18.8619160"></trkpt>
    <trkpt lat="57.7395590" lon="18.8615750"></trkpt>
    <trkpt lat="57.7395740" lon="18.8613000"></trkpt>
    <trkpt lat="57.7396140" lon="18.8610460"></trkpt>
    <trkpt lat="57.7396800" lon="18.8607550"></trkpt>
    <trkpt lat="57.7397830" lon="18.8603620"></trkpt>
    <trkpt lat="57.7398140" lon="18.8600220"></trkpt>
    <trkpt lat="57.7398280" lon="18.8598230"></trkpt>
    <trkpt lat="57.7397780" lon="18.8596050"></trkpt>
    <trkpt lat="57.7396570" lon="18.8593530"></trkpt>
    <trkpt lat="57.7395650" lon="18.8590970"></trkpt>
    <trkpt lat="57.7395550" lon="18.8589210"></trkpt>
    <trkpt lat="57.7395510" lon="18.8587350"></trkpt>
    <trkpt lat="57.7395350" lon="18.8583570"></trkpt>
    <trkpt lat="57.7395590" lon="18.8581850"></trkpt>
    <trkpt lat="57.7396110" lon="18.8579770"></trkpt>
    <trkpt lat="57.7397480" lon="18.8575710"></trkpt>
    <trkpt lat="57.7398840" lon="18.8571650"></trkpt>
    <trkpt lat="57.7399870" lon="18.8568770"></trkpt>
    <trkpt lat="57.7401540" lon="18.8563720"></trkpt>
    <trkpt lat="57.7403060" lon="18.8558550"></trkpt>
    <trkpt lat="57.7404570" lon="18.8553380"></trkpt>
    <trkpt lat="57.7405810" lon="18.8549070"></trkpt>
    <trkpt lat="57.7407050" lon="18.8544760"></trkpt>
    <trkpt lat="57.7407910" lon="18.8542100"></trkpt>
    <trkpt lat="57.7408680" lon="18.8540560"></trkpt>
    <trkpt lat="57.7410570" lon="18.8537740"></trkpt>
    <trkpt lat="57.7412470" lon="18.8534930"></trkpt>
    <trkpt lat="57.7414600" lon="18.8531680"></trkpt>
    <trkpt lat="57.7416730" lon="18.8528430"></trkpt>
    <trkpt lat="57.7418890" lon="18.8524810"></trkpt>
    <trkpt lat="57.7419820" lon="18.8522490"></trkpt>
    <trkpt lat="57.7420660" lon="18.8519530"></trkpt>
    <trkpt lat="57.7421380" lon="18.8514940"></trkpt>
    <trkpt lat="57.7422140" lon="18.8510300"></trkpt>
    <trkpt lat="57.7422840" lon="18.8505100"></trkpt>
    <trkpt lat="57.7423060" lon="18.8501510"></trkpt>
    <trkpt lat="57.7423320" lon="18.8494500"></trkpt>
    <trkpt lat="57.7423590" lon="18.8487500"></trkpt>
    <trkpt lat="57.7423740" lon="18.8483510"></trkpt>
    <trkpt lat="57.7423800" lon="18.8480540"></trkpt>
    <trkpt lat="57.7423670" lon="18.8477630"></trkpt>
    <trkpt lat="57.7423390" lon="18.8475640"></trkpt>
    <trkpt lat="57.7422520" lon="18.8472380"></trkpt>
    <trkpt lat="57.7420180" lon="18.8465460"></trkpt>
    <trkpt lat="57.7419410" lon="18.8462120"></trkpt>
    <trkpt lat="57.7417830" lon="18.8455830"></trkpt>
    <trkpt lat="57.7417220" lon="18.8454020"></trkpt>
    <trkpt lat="57.7415990" lon="18.8452180"></trkpt>
    <trkpt lat="57.7414580" lon="18.8451000"></trkpt>
    <trkpt lat="57.7412880" lon="18.8449460"></trkpt>
    <trkpt lat="57.7411340" lon="18.8446950"></trkpt>
    <trkpt lat="57.7411020" lon="18.8445140"></trkpt>
    <trkpt lat="57.7411210" lon="18.8442740"></trkpt>
    <trkpt lat="57.7412160" lon="18.8436770"></trkpt>
    <trkpt lat="57.7412920" lon="18.8431430"></trkpt>
    <trkpt lat="57.7413690" lon="18.8426100"></trkpt>
    <trkpt lat="57.7414030" lon="18.8422650"></trkpt>
    <trkpt lat="57.7414380" lon="18.8414980"></trkpt>
    <trkpt lat="57.7414570" lon="18.8411170"></trkpt>
    <trkpt lat="57.7414590" lon="18.8404480"></trkpt>
    <trkpt lat="57.7414880" lon="18.8400060"></trkpt>
    <trkpt lat="57.7415220" lon="18.8398270"></trkpt>
    <trkpt lat="57.7415710" lon="18.8396350"></trkpt>
    <trkpt lat="57.7416550" lon="18.8391700"></trkpt>
    <trkpt lat="57.7417490" lon="18.8384080"></trkpt>
    <trkpt lat="57.7418240" lon="18.8376020"></trkpt>
    <trkpt lat="57.7418990" lon="18.8367970"></trkpt>
    <trkpt lat="57.7419740" lon="18.8359920"></trkpt>
    <trkpt lat="57.7420420" lon="18.8352650"></trkpt>
    <trkpt lat="57.7421110" lon="18.8345390"></trkpt>
    <trkpt lat="57.7421790" lon="18.8338120"></trkpt>
    <trkpt lat="57.7422550" lon="18.8329940"></trkpt>
    <trkpt lat="57.7423320" lon="18.8321750"></trkpt>
    <trkpt lat="57.7424090" lon="18.8313570"></trkpt>
    <trkpt lat="57.7424850" lon="18.8305380"></trkpt>
    <trkpt lat="57.7424530" lon="18.8305400"></trkpt>
    <trkpt lat="57.7424850" lon="18.8305380"></trkpt>
    <trkpt lat="57.7428440" lon="18.8305260"></trkpt>
    <trkpt lat="57.7432020" lon="18.8305150"></trkpt>
    <trkpt lat="57.7435610" lon="18.8305030"></trkpt>
    <trkpt lat="57.7439190" lon="18.8304910"></trkpt>
    <trkpt lat="57.7441550" lon="18.8304710"></trkpt>
    <trkpt lat="57.7443920" lon="18.8304510"></trkpt>
    <trkpt lat="57.7443910" lon="18.8303850"></trkpt>
    <trkpt lat="57.7443920" lon="18.8304510"></trkpt>
    <trkpt lat="57.7448070" lon="18.8302660"></trkpt>
    <trkpt lat="57.7450500" lon="18.8300730"></trkpt>
    <trkpt lat="57.7452930" lon="18.8298800"></trkpt>
    <trkpt lat="57.7456750" lon="18.8295130"></trkpt>
    <trkpt lat="57.7458490" lon="18.8293460"></trkpt>
    <trkpt lat="57.7460560" lon="18.8291470"></trkpt>
    <trkpt lat="57.7464430" lon="18.8288190"></trkpt>
    <trkpt lat="57.7464900" lon="18.8287780"></trkpt>
    <trkpt lat="57.7468290" lon="18.8284910"></trkpt>
    <trkpt lat="57.7472150" lon="18.8281620"></trkpt>
    <trkpt lat="57.7472180" lon="18.8282240"></trkpt>
    <trkpt lat="57.7472150" lon="18.8281620"></trkpt>
    <trkpt lat="57.7475090" lon="18.8278420"></trkpt>
    <trkpt lat="57.7478030" lon="18.8275220"></trkpt>
    <trkpt lat="57.7480950" lon="18.8272040"></trkpt>
    <trkpt lat="57.7480960" lon="18.8272020"></trkpt>
    <trkpt lat="57.7482110" lon="18.8270780"></trkpt>
    <trkpt lat="57.7480670" lon="18.8266450"></trkpt>
    <trkpt lat="57.7478040" lon="18.8259910"></trkpt>
    <trkpt lat="57.7472660" lon="18.8252400"></trkpt>
    <trkpt lat="57.7470830" lon="18.8250790"></trkpt>
    <trkpt lat="57.7471910" lon="18.8239150"></trkpt>
    <trkpt lat="57.7476780" lon="18.8227830"></trkpt>
    <trkpt lat="57.7485230" lon="18.8224770"></trkpt>
    <trkpt lat="57.7491010" lon="18.8219990"></trkpt>
    <trkpt lat="57.7496080" lon="18.8215970"></trkpt>
    <trkpt lat="57.7499080" lon="18.8211090"></trkpt>
    <trkpt lat="57.7499060" lon="18.8208340"></trkpt>
    <trkpt lat="57.7501430" lon="18.8207750"></trkpt>
    <trkpt lat="57.7503810" lon="18.8206490"></trkpt>
    <trkpt lat="57.7504920" lon="18.8207030"></trkpt>
    <trkpt lat="57.7504730" lon="18.8206430"></trkpt>
    <trkpt lat="57.7503110" lon="18.8201430"></trkpt>
    <trkpt lat="57.7501290" lon="18.8195830"></trkpt>
    <trkpt lat="57.7498760" lon="18.8189200"></trkpt>
    <trkpt lat="57.7496240" lon="18.8182570"></trkpt>
    <trkpt lat="57.7495500" lon="18.8179970"></trkpt>
    <trkpt lat="57.7493790" lon="18.8176320"></trkpt>
    <trkpt lat="57.7493600" lon="18.8174870"></trkpt>
    <trkpt lat="57.7494750" lon="18.8172740"></trkpt>
    <trkpt lat="57.7495870" lon="18.8170850"></trkpt>
    <trkpt lat="57.7495960" lon="18.8170690"></trkpt>
    <trkpt lat="57.7496140" lon="18.8167650"></trkpt>
    <trkpt lat="57.7496240" lon="18.8165750"></trkpt>
    <trkpt lat="57.7496290" lon="18.8164770"></trkpt>
    <trkpt lat="57.7497820" lon="18.8159680"></trkpt>
    <trkpt lat="57.7499530" lon="18.8156590"></trkpt>
    <trkpt lat="57.7500760" lon="18.8152790"></trkpt>
    <trkpt lat="57.7501990" lon="18.8148990"></trkpt>
    <trkpt lat="57.7501990" lon="18.8148970"></trkpt>
    <trkpt lat="57.7502420" lon="18.8145370"></trkpt>
    <trkpt lat="57.7502580" lon="18.8137450"></trkpt>
    <trkpt lat="57.7502730" lon="18.8130470"></trkpt>
    <trkpt lat="57.7497250" lon="18.8127400"></trkpt>
    <trkpt lat="57.7491670" lon="18.8125040"></trkpt>
    <trkpt lat="57.7491330" lon="18.8121980"></trkpt>
    <trkpt lat="57.7491260" lon="18.8119360"></trkpt>
    <trkpt lat="57.7491200" lon="18.8115010"></trkpt>
    <trkpt lat="57.7491180" lon="18.8114690"></trkpt>
    <trkpt lat="57.7491110" lon="18.8114470"></trkpt>
    <trkpt lat="57.7491110" lon="18.8114460"></trkpt>
    <trkpt lat="57.7490990" lon="18.8114310"></trkpt>
    <trkpt lat="57.7490620" lon="18.8114090"></trkpt>
    <trkpt lat="57.7489500" lon="18.8113840"></trkpt>
    <trkpt lat="57.7488700" lon="18.8113380"></trkpt>
    <trkpt lat="57.7486570" lon="18.8110990"></trkpt>
    <trkpt lat="57.7485450" lon="18.8109820"></trkpt>
    <trkpt lat="57.7483360" lon="18.8107650"></trkpt>
    <trkpt lat="57.7481870" lon="18.8106030"></trkpt>
    <trkpt lat="57.7480320" lon="18.8105290"></trkpt>
    <trkpt lat="57.7479240" lon="18.8105030"></trkpt>
    <trkpt lat="57.7478330" lon="18.8104140"></trkpt>
    <trkpt lat="57.7477700" lon="18.8102610"></trkpt>
    <trkpt lat="57.7477650" lon="18.8102460"></trkpt>
    <trkpt lat="57.7477360" lon="18.8101670"></trkpt>
    <trkpt lat="57.7477080" lon="18.8100150"></trkpt>
    <trkpt lat="57.7477000" lon="18.8099070"></trkpt>
    <trkpt lat="57.7477200" lon="18.8097940"></trkpt>
    <trkpt lat="57.7477310" lon="18.8097650"></trkpt>
    <trkpt lat="57.7474460" lon="18.8094090"></trkpt>
    <trkpt lat="57.7467590" lon="18.8093660"></trkpt>
    <trkpt lat="57.7467710" lon="18.8087440"></trkpt>
    <trkpt lat="57.7459435" lon="18.8087120"></trkpt>
    <trkpt lat="57.7451160" lon="18.8086800"></trkpt>
    <trkpt lat="57.7450070" lon="18.8079500"></trkpt>
    <trkpt lat="57.7449840" lon="18.8074890"></trkpt>
    <trkpt lat="57.7449270" lon="18.8071020"></trkpt>
    <trkpt lat="57.7448180" lon="18.8067910"></trkpt>
    <trkpt lat="57.7445490" lon="18.8057510"></trkpt>
    <trkpt lat="57.7446290" lon="18.8053970"></trkpt>
    <trkpt lat="57.7445890" lon="18.8045920"></trkpt>
    <trkpt lat="57.7442310" lon="18.8044950"></trkpt>
    <trkpt lat="57.7439960" lon="18.8038260"></trkpt>
    <trkpt lat="57.7438420" lon="18.8033570"></trkpt>
    <trkpt lat="57.7437370" lon="18.8030340"></trkpt>
    <trkpt lat="57.7436890" lon="18.8028870"></trkpt>
    <trkpt lat="57.7435640" lon="18.8025860"></trkpt>
    <trkpt lat="57.7435020" lon="18.8024410"></trkpt>
    <trkpt lat="57.7434760" lon="18.8023350"></trkpt>
    <trkpt lat="57.7434690" lon="18.8022200"></trkpt>
    <trkpt lat="57.7434740" lon="18.8021350"></trkpt>
    <trkpt lat="57.7434800" lon="18.8020280"></trkpt>
    <trkpt lat="57.7435140" lon="18.8016940"></trkpt>
    <trkpt lat="57.7435460" lon="18.8012110"></trkpt>
    <trkpt lat="57.7435650" lon="18.8009440"></trkpt>
    <trkpt lat="57.7435730" lon="18.8007540"></trkpt>
    <trkpt lat="57.7435990" lon="18.8003860"></trkpt>
    <trkpt lat="57.7436410" lon="18.7998970"></trkpt>
    <trkpt lat="57.7436740" lon="18.7995290"></trkpt>
    <trkpt lat="57.7436860" lon="18.7995310"></trkpt>
    <trkpt lat="57.7438130" lon="18.7995520"></trkpt>
    <trkpt lat="57.7441030" lon="18.7996320"></trkpt>
    <trkpt lat="57.7444400" lon="18.7996980"></trkpt>
    <trkpt lat="57.7446820" lon="18.7997240"></trkpt>
    <trkpt lat="57.7449170" lon="18.7997720"></trkpt>
    <trkpt lat="57.7452100" lon="18.7998570"></trkpt>
    <trkpt lat="57.7454380" lon="18.7999040"></trkpt>
    <trkpt lat="57.7454540" lon="18.7999070"></trkpt>
    <trkpt lat="57.7458990" lon="18.7999700"></trkpt>
    <trkpt lat="57.7463430" lon="18.8000320"></trkpt>
    <trkpt lat="57.7464900" lon="18.8000190"></trkpt>
    <trkpt lat="57.7465040" lon="18.7999600"></trkpt>
    <trkpt lat="57.7466050" lon="18.7995230"></trkpt>
    <trkpt lat="57.7466990" lon="18.7991250"></trkpt>
    <trkpt lat="57.7467930" lon="18.7987270"></trkpt>
    <trkpt lat="57.7467930" lon="18.7982820"></trkpt>
    <trkpt lat="57.7468670" lon="18.7978530"></trkpt>
    <trkpt lat="57.7469650" lon="18.7974400"></trkpt>
    <trkpt lat="57.7475210" lon="18.7962340"></trkpt>
    <trkpt lat="57.7477500" lon="18.7952580"></trkpt>
    <trkpt lat="57.7481820" lon="18.7944425"></trkpt>
    <trkpt lat="57.7486140" lon="18.7936270"></trkpt>
    <trkpt lat="57.7491435" lon="18.7927740"></trkpt>
    <trkpt lat="57.7496730" lon="18.7919210"></trkpt>
    <trkpt lat="57.7501610" lon="18.7910720"></trkpt>
    <trkpt lat="57.7503030" lon="18.7906930"></trkpt>
    <trkpt lat="57.7503860" lon="18.7902960"></trkpt>
    <trkpt lat="57.7504150" lon="18.7897860"></trkpt>
    <trkpt lat="57.7504120" lon="18.7898530"></trkpt>
    <trkpt lat="57.7504280" lon="18.7898560"></trkpt>
    <trkpt lat="57.7508360" lon="18.7899240"></trkpt>
    <trkpt lat="57.7510830" lon="18.7899650"></trkpt>
    <trkpt lat="57.7513300" lon="18.7900060"></trkpt>
    <trkpt lat="57.7513430" lon="18.7898590"></trkpt>
    <trkpt lat="57.7513900" lon="18.7893650"></trkpt>
    <trkpt lat="57.7514500" lon="18.7887240"></trkpt>
    <trkpt lat="57.7515630" lon="18.7880510"></trkpt>
    <trkpt lat="57.7516760" lon="18.7873780"></trkpt>
    <trkpt lat="57.7517880" lon="18.7867050"></trkpt>
    <trkpt lat="57.7519310" lon="18.7859090"></trkpt>
    <trkpt lat="57.7520740" lon="18.7851140"></trkpt>
    <trkpt lat="57.7522170" lon="18.7843180"></trkpt>
    <trkpt lat="57.7523080" lon="18.7837800"></trkpt>
    <trkpt lat="57.7524000" lon="18.7832410"></trkpt>
    <trkpt lat="57.7525090" lon="18.7826180"></trkpt>
    <trkpt lat="57.7526190" lon="18.7819940"></trkpt>
    <trkpt lat="57.7526870" lon="18.7815700"></trkpt>
    <trkpt lat="57.7527200" lon="18.7813000"></trkpt>
    <trkpt lat="57.7527180" lon="18.7810520"></trkpt>
    <trkpt lat="57.7527000" lon="18.7808800"></trkpt>
    <trkpt lat="57.7526890" lon="18.7807780"></trkpt>
    <trkpt lat="57.7526560" lon="18.7805690"></trkpt>
    <trkpt lat="57.7525530" lon="18.7802630"></trkpt>
    <trkpt lat="57.7524490" lon="18.7800470"></trkpt>
    <trkpt lat="57.7523770" lon="18.7799240"></trkpt>
    <trkpt lat="57.7522320" lon="18.7796720"></trkpt>
    <trkpt lat="57.7520160" lon="18.7792970"></trkpt>
    <trkpt lat="57.7519920" lon="18.7792440"></trkpt>
    <trkpt lat="57.7518750" lon="18.7789750"></trkpt>
    <trkpt lat="57.7518070" lon="18.7787640"></trkpt>
    <trkpt lat="57.7517050" lon="18.7783890"></trkpt>
    <trkpt lat="57.7516380" lon="18.7781440"></trkpt>
    <trkpt lat="57.7516030" lon="18.7780140"></trkpt>
    <trkpt lat="57.7514380" lon="18.7774510"></trkpt>
    <trkpt lat="57.7512740" lon="18.7768870"></trkpt>
    <trkpt lat="57.7512660" lon="18.7768630"></trkpt>
    <trkpt lat="57.7511560" lon="18.7765070"></trkpt>
    <trkpt lat="57.7510370" lon="18.7761270"></trkpt>
    <trkpt lat="57.7508920" lon="18.7755260"></trkpt>
    <trkpt lat="57.7508090" lon="18.7750420"></trkpt>
    <trkpt lat="57.7507210" lon="18.7744110"></trkpt>
    <trkpt lat="57.7507170" lon="18.7743650"></trkpt>
    <trkpt lat="57.7506680" lon="18.7737520"></trkpt>
    <trkpt lat="57.7506140" lon="18.7730930"></trkpt>
    <trkpt lat="57.7505720" lon="18.7726750"></trkpt>
    <trkpt lat="57.7505650" lon="18.7723400"></trkpt>
    <trkpt lat="57.7505860" lon="18.7720530"></trkpt>
    <trkpt lat="57.7506290" lon="18.7719120"></trkpt>
    <trkpt lat="57.7506370" lon="18.7718880"></trkpt>
    <trkpt lat="57.7507320" lon="18.7717120"></trkpt>
    <trkpt lat="57.7508780" lon="18.7715790"></trkpt>
    <trkpt lat="57.7510600" lon="18.7714710"></trkpt>
    <trkpt lat="57.7512080" lon="18.7714140"></trkpt>
    <trkpt lat="57.7514400" lon="18.7713190"></trkpt>
    <trkpt lat="57.7516720" lon="18.7712240"></trkpt>
    <trkpt lat="57.7518220" lon="18.7711430"></trkpt>
    <trkpt lat="57.7519830" lon="18.7709980"></trkpt>
    <trkpt lat="57.7520670" lon="18.7708690"></trkpt>
    <trkpt lat="57.7521490" lon="18.7707420"></trkpt>
    <trkpt lat="57.7523470" lon="18.7701410"></trkpt>
    <trkpt lat="57.7524610" lon="18.7694610"></trkpt>
    <trkpt lat="57.7525290" lon="18.7690590"></trkpt>
    <trkpt lat="57.7522980" lon="18.7688060"></trkpt>
    <trkpt lat="57.7523100" lon="18.7686990"></trkpt>
    <trkpt lat="57.7523380" lon="18.7680550"></trkpt>
    <trkpt lat="57.7523530" lon="18.7675670"></trkpt>
    <trkpt lat="57.7522670" lon="18.7670410"></trkpt>
    <trkpt lat="57.7519350" lon="18.7665370"></trkpt>
    <trkpt lat="57.7514140" lon="18.7659250"></trkpt>
    <trkpt lat="57.7510070" lon="18.7653780"></trkpt>
    <trkpt lat="57.7511220" lon="18.7652280"></trkpt>
    <trkpt lat="57.7515230" lon="18.7649920"></trkpt>
    <trkpt lat="57.7516660" lon="18.7648200"></trkpt>
    <trkpt lat="57.7516260" lon="18.7643910"></trkpt>
    <trkpt lat="57.7514600" lon="18.7641870"></trkpt>
    <trkpt lat="57.7512020" lon="18.7638550"></trkpt>
    <trkpt lat="57.7508130" lon="18.7635430"></trkpt>
    <trkpt lat="57.7505150" lon="18.7632970"></trkpt>
    <trkpt lat="57.7502400" lon="18.7633290"></trkpt>
    <trkpt lat="57.7496510" lon="18.7629750"></trkpt>
    <trkpt lat="57.7489895" lon="18.7625995"></trkpt>
    <trkpt lat="57.7483280" lon="18.7622240"></trkpt>
    <trkpt lat="57.7475610" lon="18.7617840"></trkpt>
    <trkpt lat="57.7467940" lon="18.7613440"></trkpt>
    <trkpt lat="57.7466900" lon="18.7613010"></trkpt>
    <trkpt lat="57.7466190" lon="18.7612630"></trkpt>
    <trkpt lat="57.7465670" lon="18.7610330"></trkpt>
    <trkpt lat="57.7464610" lon="18.7602070"></trkpt>
    <trkpt lat="57.7463240" lon="18.7589840"></trkpt>
    <trkpt lat="57.7462670" lon="18.7585550"></trkpt>
    <trkpt lat="57.7461980" lon="18.7578520"></trkpt>
    <trkpt lat="57.7461550" lon="18.7569020"></trkpt>
    <trkpt lat="57.7461900" lon="18.7560010"></trkpt>
    <trkpt lat="57.7460440" lon="18.7558240"></trkpt>
    <trkpt lat="57.7455340" lon="18.7547375"></trkpt>
    <trkpt lat="57.7450240" lon="18.7536510"></trkpt>
    <trkpt lat="57.7447720" lon="18.7535500"></trkpt>
    <trkpt lat="57.7444945" lon="18.7528660"></trkpt>
    <trkpt lat="57.7442170" lon="18.7521820"></trkpt>
    <trkpt lat="57.7437270" lon="18.7514200"></trkpt>
    <trkpt lat="57.7433810" lon="18.7510870"></trkpt>
    <trkpt lat="57.7429920" lon="18.7508730"></trkpt>
    <trkpt lat="57.7429770" lon="18.7504170"></trkpt>
    <trkpt lat="57.7430170" lon="18.7495150"></trkpt>
    <trkpt lat="57.7431690" lon="18.7486570"></trkpt>
    <trkpt lat="57.7431490" lon="18.7480720"></trkpt>
    <trkpt lat="57.7431720" lon="18.7471820"></trkpt>
    <trkpt lat="57.7432920" lon="18.7465220"></trkpt>
    <trkpt lat="57.7434980" lon="18.7461200"></trkpt>
    <trkpt lat="57.7435980" lon="18.7451810"></trkpt>
    <trkpt lat="57.7437240" lon="18.7441030"></trkpt>
    <trkpt lat="57.7438990" lon="18.7436680"></trkpt>
    <trkpt lat="57.7440850" lon="18.7434160"></trkpt>
    <trkpt lat="57.7442080" lon="18.7432340"></trkpt>
    <trkpt lat="57.7443310" lon="18.7432120"></trkpt>
    <trkpt lat="57.7444720" lon="18.7427240"></trkpt>
    <trkpt lat="57.7444660" lon="18.7427620"></trkpt>
    <trkpt lat="57.7446490" lon="18.7419520"></trkpt>
    <trkpt lat="57.7448320" lon="18.7410560"></trkpt>
    <trkpt lat="57.7445890" lon="18.7398760"></trkpt>
    <trkpt lat="57.7453160" lon="18.7390710"></trkpt>
    <trkpt lat="57.7453990" lon="18.7389530"></trkpt>
    <trkpt lat="57.7449840" lon="18.7393260"></trkpt>
    <trkpt lat="57.7445690" lon="18.7396990"></trkpt>
    <trkpt lat="57.7445290" lon="18.7395320"></trkpt>
    <trkpt lat="57.7445030" lon="18.7393710"></trkpt>
    <trkpt lat="57.7444320" lon="18.7392000"></trkpt>
    <trkpt lat="57.7443600" lon="18.7390710"></trkpt>
    <trkpt lat="57.7443170" lon="18.7389100"></trkpt>
    <trkpt lat="57.7442480" lon="18.7388030"></trkpt>
    <trkpt lat="57.7440650" lon="18.7389850"></trkpt>
    <trkpt lat="57.7436130" lon="18.7398380"></trkpt>
    <trkpt lat="57.7434440" lon="18.7400950"></trkpt>
    <trkpt lat="57.7432320" lon="18.7402240"></trkpt>
    <trkpt lat="57.7432320" lon="18.7402400"></trkpt>
    <trkpt lat="57.7430630" lon="18.7402780"></trkpt>
    <trkpt lat="57.7428970" lon="18.7402780"></trkpt>
    <trkpt lat="57.7423730" lon="18.7401440"></trkpt>
    <trkpt lat="57.7416060" lon="18.7399720"></trkpt>
    <trkpt lat="57.7410450" lon="18.7398430"></trkpt>
    <trkpt lat="57.7405520" lon="18.7392640"></trkpt>
    <trkpt lat="57.7396815" lon="18.7391355"></trkpt>
    <trkpt lat="57.7388110" lon="18.7390070"></trkpt>
    <trkpt lat="57.7382585" lon="18.7389825"></trkpt>
    <trkpt lat="57.7377060" lon="18.7389580"></trkpt>
    <trkpt lat="57.7375970" lon="18.7389210"></trkpt>
    <trkpt lat="57.7375660" lon="18.7388460"></trkpt>
    <trkpt lat="57.7375340" lon="18.7385770"></trkpt>
    <trkpt lat="57.7375220" lon="18.7374110"></trkpt>
    <trkpt lat="57.7373120" lon="18.7374330"></trkpt>
    <trkpt lat="57.7368710" lon="18.7374790"></trkpt>
    <trkpt lat="57.7364310" lon="18.7375250"></trkpt>
    <trkpt lat="57.7360410" lon="18.7377140"></trkpt>
    <trkpt lat="57.7356500" lon="18.7379040"></trkpt>
    <trkpt lat="57.7353230" lon="18.7382100"></trkpt>
    <trkpt lat="57.7349950" lon="18.7385170"></trkpt>
    <trkpt lat="57.7346680" lon="18.7388240"></trkpt>
    <trkpt lat="57.7343400" lon="18.7391300"></trkpt>
    <trkpt lat="57.7339850" lon="18.7394820"></trkpt>
    <trkpt lat="57.7336300" lon="18.7398340"></trkpt>
    <trkpt lat="57.7334050" lon="18.7400600"></trkpt>
    <trkpt lat="57.7331800" lon="18.7402860"></trkpt>
    <trkpt lat="57.7330540" lon="18.7404130"></trkpt>
    <trkpt lat="57.7326890" lon="18.7408160"></trkpt>
    <trkpt lat="57.7323240" lon="18.7412180"></trkpt>
    <trkpt lat="57.7319590" lon="18.7416210"></trkpt>
    <trkpt lat="57.7317780" lon="18.7418720"></trkpt>
    <trkpt lat="57.7315870" lon="18.7421550"></trkpt>
    <trkpt lat="57.7313760" lon="18.7424950"></trkpt>
    <trkpt lat="57.7310950" lon="18.7429670"></trkpt>
    <trkpt lat="57.7308760" lon="18.7433870"></trkpt>
    <trkpt lat="57.7307970" lon="18.7435380"></trkpt>
    <trkpt lat="57.7307320" lon="18.7436800"></trkpt>
    <trkpt lat="57.7305510" lon="18.7440700"></trkpt>
    <trkpt lat="57.7304380" lon="18.7443120"></trkpt>
    <trkpt lat="57.7302950" lon="18.7446530"></trkpt>
    <trkpt lat="57.7300900" lon="18.7451870"></trkpt>
    <trkpt lat="57.7300850" lon="18.7452010"></trkpt>
    <trkpt lat="57.7299500" lon="18.7455810"></trkpt>
    <trkpt lat="57.7297780" lon="18.7461240"></trkpt>
    <trkpt lat="57.7296380" lon="18.7465890"></trkpt>
    <trkpt lat="57.7295880" lon="18.7465920"></trkpt>
    <trkpt lat="57.7295690" lon="18.7466030"></trkpt>
    <trkpt lat="57.7294710" lon="18.7466640"></trkpt>
    <trkpt lat="57.7292640" lon="18.7468400"></trkpt>
    <trkpt lat="57.7292360" lon="18.7468640"></trkpt>
    <trkpt lat="57.7290010" lon="18.7470640"></trkpt>
    <trkpt lat="57.7286430" lon="18.7473990"></trkpt>
    <trkpt lat="57.7282840" lon="18.7477330"></trkpt>
    <trkpt lat="57.7279250" lon="18.7480680"></trkpt>
    <trkpt lat="57.7275670" lon="18.7484030"></trkpt>
    <trkpt lat="57.7272110" lon="18.7486270"></trkpt>
    <trkpt lat="57.7268560" lon="18.7488510"></trkpt>
    <trkpt lat="57.7265000" lon="18.7490750"></trkpt>
    <trkpt lat="57.7261450" lon="18.7492990"></trkpt>
    <trkpt lat="57.7257660" lon="18.7494880"></trkpt>
    <trkpt lat="57.7253870" lon="18.7496760"></trkpt>
    <trkpt lat="57.7249880" lon="18.7498740"></trkpt>
    <trkpt lat="57.7245890" lon="18.7500720"></trkpt>
    <trkpt lat="57.7241900" lon="18.7502700"></trkpt>
    <trkpt lat="57.7238640" lon="18.7503400"></trkpt>
    <trkpt lat="57.7235370" lon="18.7504100"></trkpt>
    <trkpt lat="57.7231200" lon="18.7505140"></trkpt>
    <trkpt lat="57.7227040" lon="18.7506170"></trkpt>
    <trkpt lat="57.7223380" lon="18.7507070"></trkpt>
    <trkpt lat="57.7219720" lon="18.7507980"></trkpt>
    <trkpt lat="57.7217140" lon="18.7508590"></trkpt>
    <trkpt lat="57.7217170" lon="18.7506180"></trkpt>
    <trkpt lat="57.7217800" lon="18.7500220"></trkpt>
    <trkpt lat="57.7218790" lon="18.7493200"></trkpt>
    <trkpt lat="57.7219460" lon="18.7490410"></trkpt>
    <trkpt lat="57.7220710" lon="18.7486420"></trkpt>
    <trkpt lat="57.7220890" lon="18.7485850"></trkpt>
    <trkpt lat="57.7221970" lon="18.7482440"></trkpt>
    <trkpt lat="57.7222380" lon="18.7480160"></trkpt>
    <trkpt lat="57.7222740" lon="18.7477590"></trkpt>
    <trkpt lat="57.7223100" lon="18.7473560"></trkpt>
    <trkpt lat="57.7223200" lon="18.7470880"></trkpt>
    <trkpt lat="57.7223070" lon="18.7468950"></trkpt>
    <trkpt lat="57.7222830" lon="18.7466590"></trkpt>
    <trkpt lat="57.7221860" lon="18.7461100"></trkpt>
    <trkpt lat="57.7221590" lon="18.7459580"></trkpt>
    <trkpt lat="57.7220720" lon="18.7454680"></trkpt>
    <trkpt lat="57.7219960" lon="18.7449230"></trkpt>
    <trkpt lat="57.7219190" lon="18.7443770"></trkpt>
    <trkpt lat="57.7218430" lon="18.7438320"></trkpt>
    <trkpt lat="57.7218360" lon="18.7436230"></trkpt>
    <trkpt lat="57.7218530" lon="18.7434000"></trkpt>
    <trkpt lat="57.7219300" lon="18.7428930"></trkpt>
    <trkpt lat="57.7220080" lon="18.7423860"></trkpt>
    <trkpt lat="57.7220120" lon="18.7423410"></trkpt>
    <trkpt lat="57.7220330" lon="18.7421180"></trkpt>
    <trkpt lat="57.7220430" lon="18.7417450"></trkpt>
    <trkpt lat="57.7220180" lon="18.7411300"></trkpt>
    <trkpt lat="57.7219930" lon="18.7405150"></trkpt>
    <trkpt lat="57.7219680" lon="18.7399000"></trkpt>
    <trkpt lat="57.7219610" lon="18.7392350"></trkpt>
    <trkpt lat="57.7219540" lon="18.7385690"></trkpt>
    <trkpt lat="57.7219470" lon="18.7379030"></trkpt>
    <trkpt lat="57.7219440" lon="18.7376000"></trkpt>
    <trkpt lat="57.7219290" lon="18.7374970"></trkpt>
    <trkpt lat="57.7218330" lon="18.7368250"></trkpt>
    <trkpt lat="57.7217370" lon="18.7361530"></trkpt>
    <trkpt lat="57.7216000" lon="18.7353630"></trkpt>
    <trkpt lat="57.7214630" lon="18.7345730"></trkpt>
    <trkpt lat="57.7213390" lon="18.7338810"></trkpt>
    <trkpt lat="57.7212140" lon="18.7331890"></trkpt>
    <trkpt lat="57.7210900" lon="18.7324970"></trkpt>
    <trkpt lat="57.7209650" lon="18.7318050"></trkpt>
    <trkpt lat="57.7207890" lon="18.7315310"></trkpt>
    <trkpt lat="57.7206130" lon="18.7312570"></trkpt>
    <trkpt lat="57.7203310" lon="18.7309290"></trkpt>
    <trkpt lat="57.7200480" lon="18.7306010"></trkpt>
    <trkpt lat="57.7198330" lon="18.7304880"></trkpt>
    <trkpt lat="57.7197070" lon="18.7300160"></trkpt>
    <trkpt lat="57.7194610" lon="18.7294540"></trkpt>
    <trkpt lat="57.7192150" lon="18.7288920"></trkpt>
    <trkpt lat="57.7189090" lon="18.7284260"></trkpt>
    <trkpt lat="57.7186030" lon="18.7279600"></trkpt>
    <trkpt lat="57.7182970" lon="18.7274940"></trkpt>
    <trkpt lat="57.7181760" lon="18.7272240"></trkpt>
    <trkpt lat="57.7181260" lon="18.7268560"></trkpt>
    <trkpt lat="57.7180310" lon="18.7265850"></trkpt>
    <trkpt lat="57.7178520" lon="18.7262750"></trkpt>
    <trkpt lat="57.7176580" lon="18.7260300"></trkpt>
    <trkpt lat="57.7175010" lon="18.7257830"></trkpt>
    <trkpt lat="57.7172750" lon="18.7256560"></trkpt>
    <trkpt lat="57.7170580" lon="18.7251860"></trkpt>
    <trkpt lat="57.7167200" lon="18.7246450"></trkpt>
    <trkpt lat="57.7163810" lon="18.7241050"></trkpt>
    <trkpt lat="57.7162990" lon="18.7239560"></trkpt>
    <trkpt lat="57.7162080" lon="18.7237110"></trkpt>
    <trkpt lat="57.7161060" lon="18.7235140"></trkpt>
    <trkpt lat="57.7159110" lon="18.7233490"></trkpt>
    <trkpt lat="57.7157400" lon="18.7230730"></trkpt>
    <trkpt lat="57.7154970" lon="18.7228030"></trkpt>
    <trkpt lat="57.7153050" lon="18.7226530"></trkpt>
    <trkpt lat="57.7151440" lon="18.7224440"></trkpt>
    <trkpt lat="57.7150620" lon="18.7224230"></trkpt>
    <trkpt lat="57.7149800" lon="18.7224200"></trkpt>
    <trkpt lat="57.7148770" lon="18.7223500"></trkpt>
    <trkpt lat="57.7146380" lon="18.7221240"></trkpt>
    <trkpt lat="57.7143990" lon="18.7218970"></trkpt>
    <trkpt lat="57.7142670" lon="18.7217530"></trkpt>
    <trkpt lat="57.7141300" lon="18.7215180"></trkpt>
    <trkpt lat="57.7140040" lon="18.7213020"></trkpt>
    <trkpt lat="57.7139040" lon="18.7211300"></trkpt>
    <trkpt lat="57.7137850" lon="18.7210070"></trkpt>
    <trkpt lat="57.7136500" lon="18.7206980"></trkpt>
    <trkpt lat="57.7134980" lon="18.7203960"></trkpt>
    <trkpt lat="57.7133140" lon="18.7201180"></trkpt>
    <trkpt lat="57.7131300" lon="18.7198390"></trkpt>
    <trkpt lat="57.7129230" lon="18.7196110"></trkpt>
    <trkpt lat="57.7127060" lon="18.7193120"></trkpt>
    <trkpt lat="57.7124890" lon="18.7190120"></trkpt>
    <trkpt lat="57.7122650" lon="18.7187220"></trkpt>
    <trkpt lat="57.7119890" lon="18.7182720"></trkpt>
    <trkpt lat="57.7117610" lon="18.7178420"></trkpt>
    <trkpt lat="57.7115330" lon="18.7174120"></trkpt>
    <trkpt lat="57.7114240" lon="18.7172320"></trkpt>
    <trkpt lat="57.7113050" lon="18.7169380"></trkpt>
    <trkpt lat="57.7112380" lon="18.7167160"></trkpt>
    <trkpt lat="57.7111710" lon="18.7163120"></trkpt>
    <trkpt lat="57.7111030" lon="18.7159080"></trkpt>
    <trkpt lat="57.7110730" lon="18.7155960"></trkpt>
    <trkpt lat="57.7110900" lon="18.7152850"></trkpt>
    <trkpt lat="57.7110650" lon="18.7149750"></trkpt>
    <trkpt lat="57.7110910" lon="18.7144460"></trkpt>
    <trkpt lat="57.7110620" lon="18.7140090"></trkpt>
    <trkpt lat="57.7109910" lon="18.7132390"></trkpt>
    <trkpt lat="57.7109300" lon="18.7129000"></trkpt>
    <trkpt lat="57.7108720" lon="18.7124480"></trkpt>
    <trkpt lat="57.7108660" lon="18.7122080"></trkpt>
    <trkpt lat="57.7108970" lon="18.7118810"></trkpt>
    <trkpt lat="57.7109590" lon="18.7115500"></trkpt>
    <trkpt lat="57.7110020" lon="18.7112480"></trkpt>
    <trkpt lat="57.7110280" lon="18.7109230"></trkpt>
    <trkpt lat="57.7110370" lon="18.7105940"></trkpt>
    <trkpt lat="57.7109920" lon="18.7100950"></trkpt>
    <trkpt lat="57.7109470" lon="18.7095960"></trkpt>
    <trkpt lat="57.7109050" lon="18.7092370"></trkpt>
    <trkpt lat="57.7108370" lon="18.7088430"></trkpt>
    <trkpt lat="57.7107610" lon="18.7082760"></trkpt>
    <trkpt lat="57.7107140" lon="18.7074470"></trkpt>
    <trkpt lat="57.7106660" lon="18.7066170"></trkpt>
    <trkpt lat="57.7105980" lon="18.7060490"></trkpt>
    <trkpt lat="57.7104510" lon="18.7055070"></trkpt>
    <trkpt lat="57.7102140" lon="18.7051920"></trkpt>
    <trkpt lat="57.7099510" lon="18.7048620"></trkpt>
    <trkpt lat="57.7097030" lon="18.7043070"></trkpt>
    <trkpt lat="57.7094550" lon="18.7037520"></trkpt>
    <trkpt lat="57.7093390" lon="18.7033840"></trkpt>
    <trkpt lat="57.7092230" lon="18.7030170"></trkpt>
    <trkpt lat="57.7090990" lon="18.7024370"></trkpt>
    <trkpt lat="57.7091140" lon="18.7017490"></trkpt>
    <trkpt lat="57.7090600" lon="18.7013910"></trkpt>
    <trkpt lat="57.7089330" lon="18.7009940"></trkpt>
    <trkpt lat="57.7088070" lon="18.7005970"></trkpt>
    <trkpt lat="57.7085380" lon="18.7001150"></trkpt>
    <trkpt lat="57.7083140" lon="18.6999210"></trkpt>
    <trkpt lat="57.7080910" lon="18.6997280"></trkpt>
    <trkpt lat="57.7079990" lon="18.6996420"></trkpt>
    <trkpt lat="57.7078840" lon="18.6993740"></trkpt>
    <trkpt lat="57.7078590" lon="18.6988270"></trkpt>
    <trkpt lat="57.7078330" lon="18.6982800"></trkpt>
    <trkpt lat="57.7076870" lon="18.6976040"></trkpt>
    <trkpt lat="57.7075410" lon="18.6969280"></trkpt>
    <trkpt lat="57.7073940" lon="18.6963340"></trkpt>
    <trkpt lat="57.7072460" lon="18.6957410"></trkpt>
    <trkpt lat="57.7070990" lon="18.6951470"></trkpt>
    <trkpt lat="57.7069010" lon="18.6945960"></trkpt>
    <trkpt lat="57.7067020" lon="18.6940460"></trkpt>
    <trkpt lat="57.7065030" lon="18.6934950"></trkpt>
    <trkpt lat="57.7061640" lon="18.6930590"></trkpt>
    <trkpt lat="57.7058280" lon="18.6928890"></trkpt>
    <trkpt lat="57.7058650" lon="18.6925850"></trkpt>
    <trkpt lat="57.7058120" lon="18.6922680"></trkpt>
    <trkpt lat="57.7056990" lon="18.6921370"></trkpt>
    <trkpt lat="57.7054810" lon="18.6918840"></trkpt>
    <trkpt lat="57.7051500" lon="18.6914990"></trkpt>
    <trkpt lat="57.7048410" lon="18.6911000"></trkpt>
    <trkpt lat="57.7045310" lon="18.6907010"></trkpt>
    <trkpt lat="57.7042220" lon="18.6903020"></trkpt>
    <trkpt lat="57.7039120" lon="18.6899030"></trkpt>
    <trkpt lat="57.7035050" lon="18.6896430"></trkpt>
    <trkpt lat="57.7031950" lon="18.6892930"></trkpt>
    <trkpt lat="57.7028840" lon="18.6889440"></trkpt>
    <trkpt lat="57.7025730" lon="18.6885940"></trkpt>
    <trkpt lat="57.7022620" lon="18.6882440"></trkpt>
    <trkpt lat="57.7019520" lon="18.6878940"></trkpt>
    <trkpt lat="57.7015810" lon="18.6874720"></trkpt>
    <trkpt lat="57.7012100" lon="18.6870500"></trkpt>
    <trkpt lat="57.7008400" lon="18.6866280"></trkpt>
    <trkpt lat="57.7004180" lon="18.6863760"></trkpt>
    <trkpt lat="57.6999970" lon="18.6861240"></trkpt>
    <trkpt lat="57.6996010" lon="18.6860220"></trkpt>
    <trkpt lat="57.6992060" lon="18.6859200"></trkpt>
    <trkpt lat="57.6988630" lon="18.6859060"></trkpt>
    <trkpt lat="57.6985200" lon="18.6858920"></trkpt>
    <trkpt lat="57.6982320" lon="18.6859110"></trkpt>
    <trkpt lat="57.6979440" lon="18.6859300"></trkpt>
    <trkpt lat="57.6976610" lon="18.6859270"></trkpt>
    <trkpt lat="57.6973560" lon="18.6861030"></trkpt>
    <trkpt lat="57.6971120" lon="18.6862820"></trkpt>
    <trkpt lat="57.6968680" lon="18.6864610"></trkpt>
    <trkpt lat="57.6966020" lon="18.6865540"></trkpt>
    <trkpt lat="57.6963360" lon="18.6866470"></trkpt>
    <trkpt lat="57.6959590" lon="18.6866680"></trkpt>
    <trkpt lat="57.6955820" lon="18.6866900"></trkpt>
    <trkpt lat="57.6952050" lon="18.6867120"></trkpt>
    <trkpt lat="57.6947840" lon="18.6868270"></trkpt>
    <trkpt lat="57.6943630" lon="18.6869430"></trkpt>
    <trkpt lat="57.6940680" lon="18.6868810"></trkpt>
    <trkpt lat="57.6937730" lon="18.6868190"></trkpt>
    <trkpt lat="57.6934780" lon="18.6866500"></trkpt>
    <trkpt lat="57.6930950" lon="18.6863760"></trkpt>
    <trkpt lat="57.6927120" lon="18.6861030"></trkpt>
    <trkpt lat="57.6923420" lon="18.6858720"></trkpt>
    <trkpt lat="57.6919730" lon="18.6856410"></trkpt>
    <trkpt lat="57.6916030" lon="18.6854110"></trkpt>
    <trkpt lat="57.6914090" lon="18.6851710"></trkpt>
    <trkpt lat="57.6911180" lon="18.6850130"></trkpt>
    <trkpt lat="57.6908270" lon="18.6848550"></trkpt>
    <trkpt lat="57.6905360" lon="18.6846970"></trkpt>
    <trkpt lat="57.6901980" lon="18.6847190"></trkpt>
    <trkpt lat="57.6899110" lon="18.6846380"></trkpt>
    <trkpt lat="57.6896240" lon="18.6845580"></trkpt>
    <trkpt lat="57.6892600" lon="18.6844400"></trkpt>
    <trkpt lat="57.6888960" lon="18.6843220"></trkpt>
    <trkpt lat="57.6885880" lon="18.6841280"></trkpt>
    <trkpt lat="57.6882800" lon="18.6839350"></trkpt>
    <trkpt lat="57.6879730" lon="18.6837420"></trkpt>
    <trkpt lat="57.6875370" lon="18.6835970"></trkpt>
    <trkpt lat="57.6873100" lon="18.6835460"></trkpt>
    <trkpt lat="57.6870820" lon="18.6834950"></trkpt>
    <trkpt lat="57.6868570" lon="18.6834230"></trkpt>
    <trkpt lat="57.6866310" lon="18.6833510"></trkpt>
    <trkpt lat="57.6864010" lon="18.6832380"></trkpt>
    <trkpt lat="57.6862870" lon="18.6825730"></trkpt>
    <trkpt lat="57.6861860" lon="18.6819080"></trkpt>
    <trkpt lat="57.6861400" lon="18.6814410"></trkpt>
    <trkpt lat="57.6860260" lon="18.6809690"></trkpt>
    <trkpt lat="57.6859480" lon="18.6805770"></trkpt>
    <trkpt lat="57.6859140" lon="18.6801960"></trkpt>
    <trkpt lat="57.6857530" lon="18.6796380"></trkpt>
    <trkpt lat="57.6855010" lon="18.6790110"></trkpt>
    <trkpt lat="57.6853090" lon="18.6784100"></trkpt>
    <trkpt lat="57.6851480" lon="18.6781420"></trkpt>
    <trkpt lat="57.6850680" lon="18.6775790"></trkpt>
    <trkpt lat="57.6849470" lon="18.6770150"></trkpt>
    <trkpt lat="57.6847120" lon="18.6765540"></trkpt>
    <trkpt lat="57.6845430" lon="18.6761620"></trkpt>
    <trkpt lat="57.6843930" lon="18.6758400"></trkpt>
    <trkpt lat="57.6842420" lon="18.6755190"></trkpt>
    <trkpt lat="57.6840700" lon="18.6750520"></trkpt>
    <trkpt lat="57.6839680" lon="18.6745830"></trkpt>
    <trkpt lat="57.6838660" lon="18.6741130"></trkpt>
    <trkpt lat="57.6838150" lon="18.6736520"></trkpt>
    <trkpt lat="57.6837370" lon="18.6730720"></trkpt>
    <trkpt lat="57.6836830" lon="18.6723590"></trkpt>
    <trkpt lat="57.6836440" lon="18.6718680"></trkpt>
    <trkpt lat="57.6836050" lon="18.6713770"></trkpt>
    <trkpt lat="57.6834850" lon="18.6707980"></trkpt>
    <trkpt lat="57.6833590" lon="18.6702780"></trkpt>
    <trkpt lat="57.6831810" lon="18.6698970"></trkpt>
    <trkpt lat="57.6829800" lon="18.6697040"></trkpt>
    <trkpt lat="57.6827390" lon="18.6694300"></trkpt>
    <trkpt lat="57.6825760" lon="18.6690440"></trkpt>
    <trkpt lat="57.6825790" lon="18.6684350"></trkpt>
    <trkpt lat="57.6825820" lon="18.6678260"></trkpt>
    <trkpt lat="57.6825850" lon="18.6672180"></trkpt>
    <trkpt lat="57.6826290" lon="18.6667080"></trkpt>
    <trkpt lat="57.6826740" lon="18.6661980"></trkpt>
    <trkpt lat="57.6827240" lon="18.6653670"></trkpt>
    <trkpt lat="57.6826080" lon="18.6649960"></trkpt>
    <trkpt lat="57.6824920" lon="18.6646240"></trkpt>
    <trkpt lat="57.6824820" lon="18.6639760"></trkpt>
    <trkpt lat="57.6824730" lon="18.6633280"></trkpt>
    <trkpt lat="57.6824630" lon="18.6626790"></trkpt>
    <trkpt lat="57.6824540" lon="18.6620310"></trkpt>
    <trkpt lat="57.6823630" lon="18.6616200"></trkpt>
    <trkpt lat="57.6822720" lon="18.6612090"></trkpt>
    <trkpt lat="57.6821090" lon="18.6608330"></trkpt>
    <trkpt lat="57.6819470" lon="18.6604570"></trkpt>
    <trkpt lat="57.6817730" lon="18.6597850"></trkpt>
    <trkpt lat="57.6817670" lon="18.6589590"></trkpt>
    <trkpt lat="57.6817610" lon="18.6581330"></trkpt>
    <trkpt lat="57.6817060" lon="18.6576660"></trkpt>
    <trkpt lat="57.6816560" lon="18.6569310"></trkpt>
    <trkpt lat="57.6816070" lon="18.6561960"></trkpt>
    <trkpt lat="57.6815580" lon="18.6554600"></trkpt>
    <trkpt lat="57.6815280" lon="18.6547810"></trkpt>
    <trkpt lat="57.6814990" lon="18.6541010"></trkpt>
    <trkpt lat="57.6814310" lon="18.6535230"></trkpt>
    <trkpt lat="57.6813630" lon="18.6529460"></trkpt>
    <trkpt lat="57.6813400" lon="18.6523140"></trkpt>
    <trkpt lat="57.6813170" lon="18.6516810"></trkpt>
    <trkpt lat="57.6812940" lon="18.6510490"></trkpt>
    <trkpt lat="57.6812700" lon="18.6504160"></trkpt>
    <trkpt lat="57.6812740" lon="18.6497680"></trkpt>
    <trkpt lat="57.6812480" lon="18.6496410"></trkpt>
    <trkpt lat="57.6811880" lon="18.6493490"></trkpt>
    <trkpt lat="57.6811010" lon="18.6489300"></trkpt>
    <trkpt lat="57.6810090" lon="18.6482400"></trkpt>
    <trkpt lat="57.6809170" lon="18.6475500"></trkpt>
    <trkpt lat="57.6808250" lon="18.6468600"></trkpt>
    <trkpt lat="57.6807330" lon="18.6461700"></trkpt>
    <trkpt lat="57.6806740" lon="18.6453800"></trkpt>
    <trkpt lat="57.6806150" lon="18.6445890"></trkpt>
    <trkpt lat="57.6805240" lon="18.6442060"></trkpt>
    <trkpt lat="57.6804330" lon="18.6438220"></trkpt>
    <trkpt lat="57.6802870" lon="18.6430310"></trkpt>
    <trkpt lat="57.6801420" lon="18.6422410"></trkpt>
    <trkpt lat="57.6800760" lon="18.6414820"></trkpt>
    <trkpt lat="57.6800110" lon="18.6407230"></trkpt>
    <trkpt lat="57.6799450" lon="18.6399640"></trkpt>
    <trkpt lat="57.6798800" lon="18.6392050"></trkpt>
    <trkpt lat="57.6798400" lon="18.6384980"></trkpt>
    <trkpt lat="57.6798010" lon="18.6377920"></trkpt>
    <trkpt lat="57.6797610" lon="18.6370860"></trkpt>
    <trkpt lat="57.6798300" lon="18.6367680"></trkpt>
    <trkpt lat="57.6797480" lon="18.6365150"></trkpt>
    <trkpt lat="57.6796360" lon="18.6357690"></trkpt>
    <trkpt lat="57.6797660" lon="18.6351290"></trkpt>
    <trkpt lat="57.6798400" lon="18.6347660"></trkpt>
    <trkpt lat="57.6798960" lon="18.6344900"></trkpt>
    <trkpt lat="57.6800260" lon="18.6338500"></trkpt>
    <trkpt lat="57.6801570" lon="18.6332110"></trkpt>
    <trkpt lat="57.6803700" lon="18.6324840"></trkpt>
    <trkpt lat="57.6805840" lon="18.6317570"></trkpt>
    <trkpt lat="57.6807980" lon="18.6310310"></trkpt>
    <trkpt lat="57.6810120" lon="18.6303040"></trkpt>
    <trkpt lat="57.6812260" lon="18.6295770"></trkpt>
    <trkpt lat="57.6814400" lon="18.6288510"></trkpt>
    <trkpt lat="57.6815290" lon="18.6285500"></trkpt>
    <trkpt lat="57.6816640" lon="18.6277990"></trkpt>
    <trkpt lat="57.6817990" lon="18.6270480"></trkpt>
    <trkpt lat="57.6818580" lon="18.6262320"></trkpt>
    <trkpt lat="57.6819170" lon="18.6254160"></trkpt>
    <trkpt lat="57.6819750" lon="18.6245990"></trkpt>
    <trkpt lat="57.6820340" lon="18.6237830"></trkpt>
    <trkpt lat="57.6820930" lon="18.6229670"></trkpt>
    <trkpt lat="57.6821520" lon="18.6221510"></trkpt>
    <trkpt lat="57.6822100" lon="18.6213340"></trkpt>
    <trkpt lat="57.6822690" lon="18.6205180"></trkpt>
    <trkpt lat="57.6823280" lon="18.6197020"></trkpt>
    <trkpt lat="57.6823860" lon="18.6188860"></trkpt>
    <trkpt lat="57.6824450" lon="18.6180690"></trkpt>
    <trkpt lat="57.6825040" lon="18.6172530"></trkpt>
    <trkpt lat="57.6825620" lon="18.6164370"></trkpt>
    <trkpt lat="57.6826210" lon="18.6156210"></trkpt>
    <trkpt lat="57.6826800" lon="18.6148040"></trkpt>
    <trkpt lat="57.6827380" lon="18.6139880"></trkpt>
    <trkpt lat="57.6827970" lon="18.6131720"></trkpt>
    <trkpt lat="57.6828550" lon="18.6123560"></trkpt>
    <trkpt lat="57.6829140" lon="18.6115390"></trkpt>
    <trkpt lat="57.6829730" lon="18.6107230"></trkpt>
    <trkpt lat="57.6827250" lon="18.6107430"></trkpt>
    <trkpt lat="57.6824770" lon="18.6107630"></trkpt>
    <trkpt lat="57.6822020" lon="18.6107860"></trkpt>
    <trkpt lat="57.6819270" lon="18.6108090"></trkpt>
    <trkpt lat="57.6814960" lon="18.6108620"></trkpt>
    <trkpt lat="57.6810650" lon="18.6109150"></trkpt>
    <trkpt lat="57.6806350" lon="18.6109690"></trkpt>
    <trkpt lat="57.6802040" lon="18.6110220"></trkpt>
    <trkpt lat="57.6797730" lon="18.6110750"></trkpt>
    <trkpt lat="57.6794070" lon="18.6111240"></trkpt>
    <trkpt lat="57.6790410" lon="18.6111730"></trkpt>
    <trkpt lat="57.6786760" lon="18.6112230"></trkpt>
    <trkpt lat="57.6783100" lon="18.6112720"></trkpt>
    <trkpt lat="57.6783030" lon="18.6112730"></trkpt>
    <trkpt lat="57.6783100" lon="18.6112720"></trkpt>
    <trkpt lat="57.6783310" lon="18.6111130"></trkpt>
    <trkpt lat="57.6783630" lon="18.6109660"></trkpt>
    <trkpt lat="57.6784690" lon="18.6107620"></trkpt>
    <trkpt lat="57.6788570" lon="18.6103570"></trkpt>
    <trkpt lat="57.6792350" lon="18.6100350"></trkpt>
    <trkpt lat="57.6794840" lon="18.6097900"></trkpt>
    <trkpt lat="57.6797110" lon="18.6095660"></trkpt>
    <trkpt lat="57.6797340" lon="18.6095440"></trkpt>
    <trkpt lat="57.6798020" lon="18.6091820"></trkpt>
    <trkpt lat="57.6798470" lon="18.6086500"></trkpt>
    <trkpt lat="57.6798910" lon="18.6081170"></trkpt>
    <trkpt lat="57.6798700" lon="18.6077440"></trkpt>
    <trkpt lat="57.6798700" lon="18.6077370"></trkpt>
    <trkpt lat="57.6801060" lon="18.6071880"></trkpt>
    <trkpt lat="57.6801090" lon="18.6071810"></trkpt>
    <trkpt lat="57.6803480" lon="18.6066250"></trkpt>
    <trkpt lat="57.6805170" lon="18.6062310"></trkpt>
    <trkpt lat="57.6805870" lon="18.6060690"></trkpt>
    <trkpt lat="57.6808220" lon="18.6055690"></trkpt>
    <trkpt lat="57.6810570" lon="18.6050700"></trkpt>
    <trkpt lat="57.6812850" lon="18.6045830"></trkpt>
    <trkpt lat="57.6812910" lon="18.6045700"></trkpt>
    <trkpt lat="57.6811920" lon="18.6037850"></trkpt>
    <trkpt lat="57.6811260" lon="18.6032630"></trkpt>
    <trkpt lat="57.6810930" lon="18.6030000"></trkpt>
    <trkpt lat="57.6809940" lon="18.6022150"></trkpt>
    <trkpt lat="57.6809600" lon="18.6015810"></trkpt>
    <trkpt lat="57.6809260" lon="18.6009460"></trkpt>
    <trkpt lat="57.6809040" lon="18.6005260"></trkpt>
    <trkpt lat="57.6808920" lon="18.6003120"></trkpt>
    <trkpt lat="57.6808590" lon="18.5996780"></trkpt>
    <trkpt lat="57.6809070" lon="18.5989370"></trkpt>
    <trkpt lat="57.6809550" lon="18.5981950"></trkpt>
    <trkpt lat="57.6809590" lon="18.5981260"></trkpt>
    <trkpt lat="57.6810030" lon="18.5974540"></trkpt>
    <trkpt lat="57.6810960" lon="18.5967990"></trkpt>
    <trkpt lat="57.6811900" lon="18.5961450"></trkpt>
    <trkpt lat="57.6812840" lon="18.5954910"></trkpt>
    <trkpt lat="57.6813240" lon="18.5952140"></trkpt>
    <trkpt lat="57.6813780" lon="18.5948370"></trkpt>
    <trkpt lat="57.6814710" lon="18.5941830"></trkpt>
    <trkpt lat="57.6814500" lon="18.5939670"></trkpt>
    <trkpt lat="57.6813990" lon="18.5934470"></trkpt>
    <trkpt lat="57.6813270" lon="18.5927100"></trkpt>
    <trkpt lat="57.6812980" lon="18.5924240"></trkpt>
    <trkpt lat="57.6812540" lon="18.5919740"></trkpt>
    <trkpt lat="57.6812690" lon="18.5911520"></trkpt>
    <trkpt lat="57.6812840" lon="18.5903390"></trkpt>
    <trkpt lat="57.6812840" lon="18.5903300"></trkpt>
    <trkpt lat="57.6812990" lon="18.5895080"></trkpt>
    <trkpt lat="57.6813140" lon="18.5886860"></trkpt>
    <trkpt lat="57.6813290" lon="18.5878630"></trkpt>
    <trkpt lat="57.6813440" lon="18.5870410"></trkpt>
    <trkpt lat="57.6813600" lon="18.5869660"></trkpt>
    <trkpt lat="57.6815060" lon="18.5862770"></trkpt>
    <trkpt lat="57.6816680" lon="18.5855120"></trkpt>
    <trkpt lat="57.6818290" lon="18.5847480"></trkpt>
    <trkpt lat="57.6819910" lon="18.5839830"></trkpt>
    <trkpt lat="57.6821520" lon="18.5832190"></trkpt>
    <trkpt lat="57.6823140" lon="18.5824540"></trkpt>
    <trkpt lat="57.6824760" lon="18.5816900"></trkpt>
    <trkpt lat="57.6826370" lon="18.5809250"></trkpt>
    <trkpt lat="57.6827990" lon="18.5801600"></trkpt>
    <trkpt lat="57.6829600" lon="18.5793960"></trkpt>
    <trkpt lat="57.6831220" lon="18.5786310"></trkpt>
    <trkpt lat="57.6831340" lon="18.5785360"></trkpt>
    <trkpt lat="57.6832120" lon="18.5779050"></trkpt>
    <trkpt lat="57.6833020" lon="18.5771780"></trkpt>
    <trkpt lat="57.6833920" lon="18.5764520"></trkpt>
    <trkpt lat="57.6834080" lon="18.5763280"></trkpt>
    <trkpt lat="57.6834820" lon="18.5757250"></trkpt>
    <trkpt lat="57.6835010" lon="18.5755770"></trkpt>
    <trkpt lat="57.6835720" lon="18.5749990"></trkpt>
    <trkpt lat="57.6837900" lon="18.5748480"></trkpt>
    <trkpt lat="57.6838800" lon="18.5747850"></trkpt>
    <trkpt lat="57.6841300" lon="18.5746130"></trkpt>
    <trkpt lat="57.6841880" lon="18.5745720"></trkpt>
    <trkpt lat="57.6842260" lon="18.5744490"></trkpt>
    <trkpt lat="57.6843540" lon="18.5740280"></trkpt>
    <trkpt lat="57.6843930" lon="18.5739000"></trkpt>
    <trkpt lat="57.6845190" lon="18.5734830"></trkpt>
    <trkpt lat="57.6845840" lon="18.5732680"></trkpt>
    <trkpt lat="57.6846840" lon="18.5729390"></trkpt>
    <trkpt lat="57.6848100" lon="18.5721990"></trkpt>
    <trkpt lat="57.6848440" lon="18.5719990"></trkpt>
    <trkpt lat="57.6849360" lon="18.5714600"></trkpt>
    <trkpt lat="57.6850620" lon="18.5707210"></trkpt>
    <trkpt lat="57.6851470" lon="18.5702250"></trkpt>
    <trkpt lat="57.6851890" lon="18.5699820"></trkpt>
    <trkpt lat="57.6851950" lon="18.5699450"></trkpt>
    <trkpt lat="57.6853150" lon="18.5692420"></trkpt>
    <trkpt lat="57.6854410" lon="18.5685030"></trkpt>
    <trkpt lat="57.6854640" lon="18.5683680"></trkpt>
    <trkpt lat="57.6855670" lon="18.5677640"></trkpt>
    <trkpt lat="57.6855620" lon="18.5677440"></trkpt>
    <trkpt lat="57.6855180" lon="18.5675580"></trkpt>
    <trkpt lat="57.6854390" lon="18.5672280"></trkpt>
    <trkpt lat="57.6853820" lon="18.5669850"></trkpt>
    <trkpt lat="57.6853120" lon="18.5666920"></trkpt>
    <trkpt lat="57.6851630" lon="18.5661840"></trkpt>
    <trkpt lat="57.6851370" lon="18.5660930"></trkpt>
    <trkpt lat="57.6849950" lon="18.5656100"></trkpt>
    <trkpt lat="57.6849620" lon="18.5654940"></trkpt>
    <trkpt lat="57.6849070" lon="18.5648960"></trkpt>
    <trkpt lat="57.6849060" lon="18.5648960"></trkpt>
    <trkpt lat="57.6848930" lon="18.5647550"></trkpt>
    <trkpt lat="57.6848280" lon="18.5640400"></trkpt>
    <trkpt lat="57.6848180" lon="18.5640340"></trkpt>
    <trkpt lat="57.6849220" lon="18.5637620"></trkpt>
    <trkpt lat="57.6849000" lon="18.5629740"></trkpt>
    <trkpt lat="57.6848780" lon="18.5621870"></trkpt>
    <trkpt lat="57.6848560" lon="18.5613990"></trkpt>
    <trkpt lat="57.6848350" lon="18.5606120"></trkpt>
    <trkpt lat="57.6848130" lon="18.5598240"></trkpt>
    <trkpt lat="57.6847580" lon="18.5592550"></trkpt>
    <trkpt lat="57.6847040" lon="18.5586870"></trkpt>
    <trkpt lat="57.6845630" lon="18.5582740"></trkpt>
    <trkpt lat="57.6844230" lon="18.5578610"></trkpt>
    <trkpt lat="57.6842850" lon="18.5573160"></trkpt>
    <trkpt lat="57.6841460" lon="18.5567710"></trkpt>
    <trkpt lat="57.6840080" lon="18.5562260"></trkpt>
    <trkpt lat="57.6839670" lon="18.5556410"></trkpt>
    <trkpt lat="57.6839250" lon="18.5550560"></trkpt>
    <trkpt lat="57.6838840" lon="18.5544700"></trkpt>
    <trkpt lat="57.6838920" lon="18.5538160"></trkpt>
    <trkpt lat="57.6838940" lon="18.5536840"></trkpt>
    <trkpt lat="57.6839010" lon="18.5531620"></trkpt>
    <trkpt lat="57.6841020" lon="18.5524530"></trkpt>
    <trkpt lat="57.6843020" lon="18.5517450"></trkpt>
    <trkpt lat="57.6845030" lon="18.5510370"></trkpt>
    <trkpt lat="57.6847040" lon="18.5503290"></trkpt>
    <trkpt lat="57.6849040" lon="18.5496210"></trkpt>
    <trkpt lat="57.6851050" lon="18.5489130"></trkpt>
    <trkpt lat="57.6852920" lon="18.5482620"></trkpt>
    <trkpt lat="57.6854790" lon="18.5476100"></trkpt>
    <trkpt lat="57.6856660" lon="18.5469590"></trkpt>
    <trkpt lat="57.6858520" lon="18.5463070"></trkpt>
    <trkpt lat="57.6860390" lon="18.5456560"></trkpt>
    <trkpt lat="57.6862260" lon="18.5450050"></trkpt>
    <trkpt lat="57.6864130" lon="18.5443530"></trkpt>
    <trkpt lat="57.6865950" lon="18.5437030"></trkpt>
    <trkpt lat="57.6867770" lon="18.5430530"></trkpt>
    <trkpt lat="57.6869590" lon="18.5424030"></trkpt>
    <trkpt lat="57.6871410" lon="18.5417540"></trkpt>
    <trkpt lat="57.6873230" lon="18.5411040"></trkpt>
    <trkpt lat="57.6871990" lon="18.5411210"></trkpt>
    <trkpt lat="57.6870410" lon="18.5411440"></trkpt>
    <trkpt lat="57.6868780" lon="18.5408240"></trkpt>
    <trkpt lat="57.6866140" lon="18.5404810"></trkpt>
    <trkpt lat="57.6863500" lon="18.5401380"></trkpt>
    <trkpt lat="57.6861030" lon="18.5400630"></trkpt>
    <trkpt lat="57.6858570" lon="18.5399880"></trkpt>
    <trkpt lat="57.6855780" lon="18.5400550"></trkpt>
    <trkpt lat="57.6852990" lon="18.5401230"></trkpt>
    <trkpt lat="57.6849930" lon="18.5402560"></trkpt>
    <trkpt lat="57.6846880" lon="18.5403890"></trkpt>
    <trkpt lat="57.6843060" lon="18.5402550"></trkpt>
    <trkpt lat="57.6841620" lon="18.5402770"></trkpt>
    <trkpt lat="57.6838030" lon="18.5403320"></trkpt>
    <trkpt lat="57.6834440" lon="18.5403880"></trkpt>
    <trkpt lat="57.6830840" lon="18.5404430"></trkpt>
    <trkpt lat="57.6827250" lon="18.5404980"></trkpt>
    <trkpt lat="57.6823260" lon="18.5407730"></trkpt>
    <trkpt lat="57.6819270" lon="18.5410480"></trkpt>
    <trkpt lat="57.6815280" lon="18.5413230"></trkpt>
    <trkpt lat="57.6811740" lon="18.5416570"></trkpt>
    <trkpt lat="57.6808200" lon="18.5419900"></trkpt>
    <trkpt lat="57.6804660" lon="18.5423240"></trkpt>
    <trkpt lat="57.6801120" lon="18.5426570"></trkpt>
    <trkpt lat="57.6797580" lon="18.5429910"></trkpt>
    <trkpt lat="57.6794040" lon="18.5433240"></trkpt>
    <trkpt lat="57.6790500" lon="18.5436580"></trkpt>
    <trkpt lat="57.6786590" lon="18.5438300"></trkpt>
    <trkpt lat="57.6782690" lon="18.5440010"></trkpt>
    <trkpt lat="57.6778790" lon="18.5441730"></trkpt>
    <trkpt lat="57.6775740" lon="18.5442950"></trkpt>
    <trkpt lat="57.6772690" lon="18.5444180"></trkpt>
    <trkpt lat="57.6772000" lon="18.5436480"></trkpt>
    <trkpt lat="57.6771310" lon="18.5428780"></trkpt>
    <trkpt lat="57.6770620" lon="18.5421070"></trkpt>
    <trkpt lat="57.6769920" lon="18.5413370"></trkpt>
    <trkpt lat="57.6769230" lon="18.5405670"></trkpt>
    <trkpt lat="57.6768540" lon="18.5397970"></trkpt>
    <trkpt lat="57.6767850" lon="18.5390260"></trkpt>
    <trkpt lat="57.6767160" lon="18.5382560"></trkpt>
    <trkpt lat="57.6766460" lon="18.5374860"></trkpt>
    <trkpt lat="57.6765770" lon="18.5367160"></trkpt>
    <trkpt lat="57.6765080" lon="18.5359450"></trkpt>
    <trkpt lat="57.6764390" lon="18.5351750"></trkpt>
    <trkpt lat="57.6763700" lon="18.5344050"></trkpt>
    <trkpt lat="57.6763000" lon="18.5336350"></trkpt>
    <trkpt lat="57.6762330" lon="18.5328160"></trkpt>
    <trkpt lat="57.6761650" lon="18.5319970"></trkpt>
    <trkpt lat="57.6760970" lon="18.5311780"></trkpt>
    <trkpt lat="57.6760290" lon="18.5303590"></trkpt>
    <trkpt lat="57.6759610" lon="18.5295400"></trkpt>
    <trkpt lat="57.6758930" lon="18.5287210"></trkpt>
    <trkpt lat="57.6758360" lon="18.5280770"></trkpt>
    <trkpt lat="57.6757780" lon="18.5274330"></trkpt>
    <trkpt lat="57.6757210" lon="18.5267900"></trkpt>
    <trkpt lat="57.6756640" lon="18.5261460"></trkpt>
    <trkpt lat="57.6755980" lon="18.5254000"></trkpt>
    <trkpt lat="57.6755320" lon="18.5246550"></trkpt>
    <trkpt lat="57.6754660" lon="18.5239090"></trkpt>
    <trkpt lat="57.6754000" lon="18.5231630"></trkpt>
    <trkpt lat="57.6753280" lon="18.5223830"></trkpt>
    <trkpt lat="57.6752560" lon="18.5216020"></trkpt>
    <trkpt lat="57.6751850" lon="18.5208220"></trkpt>
    <trkpt lat="57.6751130" lon="18.5200410"></trkpt>
    <trkpt lat="57.6750510" lon="18.5193170"></trkpt>
    <trkpt lat="57.6749890" lon="18.5185930"></trkpt>
    <trkpt lat="57.6749270" lon="18.5178690"></trkpt>
    <trkpt lat="57.6748640" lon="18.5171440"></trkpt>
    <trkpt lat="57.6748020" lon="18.5164200"></trkpt>
    <trkpt lat="57.6747400" lon="18.5156960"></trkpt>
    <trkpt lat="57.6747020" lon="18.5149450"></trkpt>
    <trkpt lat="57.6746640" lon="18.5141940"></trkpt>
    <trkpt lat="57.6746250" lon="18.5134430"></trkpt>
    <trkpt lat="57.6747030" lon="18.5128260"></trkpt>
    <trkpt lat="57.6747800" lon="18.5122090"></trkpt>
    <trkpt lat="57.6748690" lon="18.5116890"></trkpt>
    <trkpt lat="57.6749580" lon="18.5111680"></trkpt>
    <trkpt lat="57.6750200" lon="18.5103890"></trkpt>
    <trkpt lat="57.6750820" lon="18.5096090"></trkpt>
    <trkpt lat="57.6751450" lon="18.5088300"></trkpt>
    <trkpt lat="57.6752070" lon="18.5080500"></trkpt>
    <trkpt lat="57.6752690" lon="18.5072700"></trkpt>
    <trkpt lat="57.6753310" lon="18.5064910"></trkpt>
    <trkpt lat="57.6754570" lon="18.5061470"></trkpt>
    <trkpt lat="57.6755160" lon="18.5054520"></trkpt>
    <trkpt lat="57.6755740" lon="18.5047570"></trkpt>
    <trkpt lat="57.6756330" lon="18.5040620"></trkpt>
    <trkpt lat="57.6756910" lon="18.5033660"></trkpt>
    <trkpt lat="57.6757500" lon="18.5026710"></trkpt>
    <trkpt lat="57.6758030" lon="18.5019910"></trkpt>
    <trkpt lat="57.6758550" lon="18.5013110"></trkpt>
    <trkpt lat="57.6759080" lon="18.5006310"></trkpt>
    <trkpt lat="57.6759610" lon="18.4999500"></trkpt>
    <trkpt lat="57.6760060" lon="18.4993700"></trkpt>
    <trkpt lat="57.6760140" lon="18.4992700"></trkpt>
    <trkpt lat="57.6756430" lon="18.4991710"></trkpt>
    <trkpt lat="57.6752720" lon="18.4990720"></trkpt>
    <trkpt lat="57.6749010" lon="18.4989730"></trkpt>
    <trkpt lat="57.6745310" lon="18.4988740"></trkpt>
    <trkpt lat="57.6741600" lon="18.4987750"></trkpt>
    <trkpt lat="57.6737890" lon="18.4986760"></trkpt>
    <trkpt lat="57.6737620" lon="18.4987550"></trkpt>
    <trkpt lat="57.6737580" lon="18.4987630"></trkpt>
    <trkpt lat="57.6734560" lon="18.4986770"></trkpt>
    <trkpt lat="57.6731540" lon="18.4985920"></trkpt>
    <trkpt lat="57.6728520" lon="18.4985070"></trkpt>
    <trkpt lat="57.6724270" lon="18.4983870"></trkpt>
    <trkpt lat="57.6720010" lon="18.4982660"></trkpt>
    <trkpt lat="57.6715750" lon="18.4981460"></trkpt>
    <trkpt lat="57.6711490" lon="18.4980260"></trkpt>
    <trkpt lat="57.6707620" lon="18.4979150"></trkpt>
    <trkpt lat="57.6703740" lon="18.4978030"></trkpt>
    <trkpt lat="57.6699870" lon="18.4976910"></trkpt>
    <trkpt lat="57.6695990" lon="18.4975800"></trkpt>
    <trkpt lat="57.6692120" lon="18.4974690"></trkpt>
    <trkpt lat="57.6688240" lon="18.4973580"></trkpt>
    <trkpt lat="57.6687110" lon="18.4973260"></trkpt>
    <trkpt lat="57.6684360" lon="18.4972480"></trkpt>
    <trkpt lat="57.6680480" lon="18.4971370"></trkpt>
    <trkpt lat="57.6676570" lon="18.4970210"></trkpt>
    <trkpt lat="57.6672650" lon="18.4969060"></trkpt>
    <trkpt lat="57.6668730" lon="18.4967900"></trkpt>
    <trkpt lat="57.6664810" lon="18.4966740"></trkpt>
    <trkpt lat="57.6660890" lon="18.4965590"></trkpt>
    <trkpt lat="57.6657300" lon="18.4964560"></trkpt>
    <trkpt lat="57.6653700" lon="18.4963540"></trkpt>
    <trkpt lat="57.6650110" lon="18.4962520"></trkpt>
    <trkpt lat="57.6646510" lon="18.4961490"></trkpt>
    <trkpt lat="57.6642730" lon="18.4960380"></trkpt>
    <trkpt lat="57.6638950" lon="18.4959260"></trkpt>
    <trkpt lat="57.6635170" lon="18.4958150"></trkpt>
    <trkpt lat="57.6631390" lon="18.4957030"></trkpt>
    <trkpt lat="57.6631360" lon="18.4957130"></trkpt>
    <trkpt lat="57.6631360" lon="18.4957120"></trkpt>
    <trkpt lat="57.6632840" lon="18.4953060"></trkpt>
    <trkpt lat="57.6634940" lon="18.4947320"></trkpt>
    <trkpt lat="57.6637050" lon="18.4943080"></trkpt>
    <trkpt lat="57.6639160" lon="18.4938850"></trkpt>
    <trkpt lat="57.6641260" lon="18.4934620"></trkpt>
    <trkpt lat="57.6643330" lon="18.4929200"></trkpt>
    <trkpt lat="57.6645390" lon="18.4923790"></trkpt>
    <trkpt lat="57.6647460" lon="18.4918370"></trkpt>
    <trkpt lat="57.6649530" lon="18.4912960"></trkpt>
    <trkpt lat="57.6650090" lon="18.4911480"></trkpt>
    <trkpt lat="57.6653150" lon="18.4905600"></trkpt>
    <trkpt lat="57.6656220" lon="18.4899710"></trkpt>
    <trkpt lat="57.6659290" lon="18.4893830"></trkpt>
    <trkpt lat="57.6662350" lon="18.4887940"></trkpt>
    <trkpt lat="57.6665420" lon="18.4882060"></trkpt>
    <trkpt lat="57.6668480" lon="18.4876170"></trkpt>
    <trkpt lat="57.6671550" lon="18.4870290"></trkpt>
    <trkpt lat="57.6674140" lon="18.4865070"></trkpt>
    <trkpt lat="57.6676740" lon="18.4859860"></trkpt>
    <trkpt lat="57.6679330" lon="18.4854650"></trkpt>
    <trkpt lat="57.6681930" lon="18.4849440"></trkpt>
    <trkpt lat="57.6684520" lon="18.4844230"></trkpt>
    <trkpt lat="57.6684170" lon="18.4843840"></trkpt>
    <trkpt lat="57.6684520" lon="18.4844230"></trkpt>
    <trkpt lat="57.6687270" lon="18.4838700"></trkpt>
    <trkpt lat="57.6690030" lon="18.4833160"></trkpt>
    <trkpt lat="57.6692850" lon="18.4827390"></trkpt>
    <trkpt lat="57.6695660" lon="18.4821610"></trkpt>
    <trkpt lat="57.6698480" lon="18.4815840"></trkpt>
    <trkpt lat="57.6701340" lon="18.4810210"></trkpt>
    <trkpt lat="57.6704200" lon="18.4804570"></trkpt>
    <trkpt lat="57.6707050" lon="18.4798940"></trkpt>
    <trkpt lat="57.6708470" lon="18.4796690"></trkpt>
    <trkpt lat="57.6709110" lon="18.4796160"></trkpt>
    <trkpt lat="57.6709820" lon="18.4795660"></trkpt>
    <trkpt lat="57.6712840" lon="18.4793580"></trkpt>
    <trkpt lat="57.6716580" lon="18.4791000"></trkpt>
    <trkpt lat="57.6720320" lon="18.4788420"></trkpt>
    <trkpt lat="57.6721730" lon="18.4785640"></trkpt>
    <trkpt lat="57.6723220" lon="18.4782310"></trkpt>
    <trkpt lat="57.6723620" lon="18.4779790"></trkpt>
    <trkpt lat="57.6722900" lon="18.4778720"></trkpt>
    <trkpt lat="57.6721580" lon="18.4777810"></trkpt>
    <trkpt lat="57.6720150" lon="18.4778400"></trkpt>
    <trkpt lat="57.6718800" lon="18.4778080"></trkpt>
    <trkpt lat="57.6717940" lon="18.4775820"></trkpt>
    <trkpt lat="57.6716190" lon="18.4775930"></trkpt>
    <trkpt lat="57.6714300" lon="18.4776520"></trkpt>
    <trkpt lat="57.6711600" lon="18.4777860"></trkpt>
    <trkpt lat="57.6710850" lon="18.4773730"></trkpt>
    <trkpt lat="57.6709940" lon="18.4768370"></trkpt>
    <trkpt lat="57.6708590" lon="18.4764990"></trkpt>
    <trkpt lat="57.6706460" lon="18.4754900"></trkpt>
    <trkpt lat="57.6705290" lon="18.4751900"></trkpt>
    <trkpt lat="57.6704540" lon="18.4743150"></trkpt>
    <trkpt lat="57.6704370" lon="18.4738700"></trkpt>
    <trkpt lat="57.6705600" lon="18.4735590"></trkpt>
    <trkpt lat="57.6708160" lon="18.4734250"></trkpt>
    <trkpt lat="57.6716940" lon="18.4733550"></trkpt>
    <trkpt lat="57.6717050" lon="18.4721380"></trkpt>
    <trkpt lat="57.6716710" lon="18.4718480"></trkpt>
    <trkpt lat="57.6714980" lon="18.4715150"></trkpt>
    <trkpt lat="57.6712920" lon="18.4710650"></trkpt>
    <trkpt lat="57.6711030" lon="18.4706250"></trkpt>
    <trkpt lat="57.6709480" lon="18.4702920"></trkpt>
    <trkpt lat="57.6708160" lon="18.4700670"></trkpt>
    <trkpt lat="57.6704890" lon="18.4695730"></trkpt>
    <trkpt lat="57.6701490" lon="18.4690360"></trkpt>
    <trkpt lat="57.6702500" lon="18.4686310"></trkpt>
    <trkpt lat="57.6704230" lon="18.4679390"></trkpt>
    <trkpt lat="57.6705960" lon="18.4672470"></trkpt>
    <trkpt lat="57.6707420" lon="18.4667760"></trkpt>
    <trkpt lat="57.6707800" lon="18.4666630"></trkpt>
    <trkpt lat="57.6708960" lon="18.4663250"></trkpt>
    <trkpt lat="57.6711640" lon="18.4657290"></trkpt>
    <trkpt lat="57.6710420" lon="18.4654310"></trkpt>
    <trkpt lat="57.6711590" lon="18.4648690"></trkpt>
    <trkpt lat="57.6712750" lon="18.4643060"></trkpt>
    <trkpt lat="57.6713910" lon="18.4637430"></trkpt>
    <trkpt lat="57.6714840" lon="18.4630950"></trkpt>
    <trkpt lat="57.6715780" lon="18.4624480"></trkpt>
    <trkpt lat="57.6716720" lon="18.4618010"></trkpt>
    <trkpt lat="57.6717540" lon="18.4610780"></trkpt>
    <trkpt lat="57.6718360" lon="18.4603560"></trkpt>
    <trkpt lat="57.6719190" lon="18.4596330"></trkpt>
    <trkpt lat="57.6719990" lon="18.4591350"></trkpt>
    <trkpt lat="57.6720790" lon="18.4586360"></trkpt>
    <trkpt lat="57.6722230" lon="18.4581420"></trkpt>
    <trkpt lat="57.6723660" lon="18.4576490"></trkpt>
    <trkpt lat="57.6725090" lon="18.4571550"></trkpt>
    <trkpt lat="57.6727150" lon="18.4564730"></trkpt>
    <trkpt lat="57.6729930" lon="18.4559360"></trkpt>
    <trkpt lat="57.6732710" lon="18.4554000"></trkpt>
    <trkpt lat="57.6733240" lon="18.4553310"></trkpt>
    <trkpt lat="57.6735980" lon="18.4549730"></trkpt>
    <trkpt lat="57.6739250" lon="18.4545470"></trkpt>
    <trkpt lat="57.6742520" lon="18.4541210"></trkpt>
    <trkpt lat="57.6745790" lon="18.4536940"></trkpt>
    <trkpt lat="57.6749250" lon="18.4532180"></trkpt>
    <trkpt lat="57.6752700" lon="18.4527420"></trkpt>
    <trkpt lat="57.6756160" lon="18.4522660"></trkpt>
    <trkpt lat="57.6759610" lon="18.4517910"></trkpt>
    <trkpt lat="57.6762390" lon="18.4514010"></trkpt>
    <trkpt lat="57.6765170" lon="18.4510110"></trkpt>
    <trkpt lat="57.6767950" lon="18.4506210"></trkpt>
    <trkpt lat="57.6770890" lon="18.4503100"></trkpt>
    <trkpt lat="57.6773830" lon="18.4499990"></trkpt>
    <trkpt lat="57.6776770" lon="18.4496880"></trkpt>
    <trkpt lat="57.6779710" lon="18.4493770"></trkpt>
    <trkpt lat="57.6783070" lon="18.4489320"></trkpt>
    <trkpt lat="57.6786420" lon="18.4484860"></trkpt>
    <trkpt lat="57.6789000" lon="18.4482500"></trkpt>
    <trkpt lat="57.6791580" lon="18.4480140"></trkpt>
    <trkpt lat="57.6794110" lon="18.4476870"></trkpt>
    <trkpt lat="57.6796630" lon="18.4473600"></trkpt>
    <trkpt lat="57.6799790" lon="18.4470330"></trkpt>
    <trkpt lat="57.6802940" lon="18.4467050"></trkpt>
    <trkpt lat="57.6805030" lon="18.4463520"></trkpt>
    <trkpt lat="57.6806610" lon="18.4457830"></trkpt>
    <trkpt lat="57.6806930" lon="18.4452520"></trkpt>
    <trkpt lat="57.6807240" lon="18.4447210"></trkpt>
    <trkpt lat="57.6807360" lon="18.4440230"></trkpt>
    <trkpt lat="57.6808590" lon="18.4432510"></trkpt>
    <trkpt lat="57.6809830" lon="18.4424780"></trkpt>
    <trkpt lat="57.6810490" lon="18.4418770"></trkpt>
    <trkpt lat="57.6811150" lon="18.4412770"></trkpt>
    <trkpt lat="57.6810400" lon="18.4407400"></trkpt>
    <trkpt lat="57.6809040" lon="18.4402220"></trkpt>
    <trkpt lat="57.6807680" lon="18.4397030"></trkpt>
    <trkpt lat="57.6806330" lon="18.4391840"></trkpt>
    <trkpt lat="57.6805810" lon="18.4385190"></trkpt>
    <trkpt lat="57.6805290" lon="18.4378540"></trkpt>
    <trkpt lat="57.6804720" lon="18.4374180"></trkpt>
    <trkpt lat="57.6804630" lon="18.4373500"></trkpt>
    <trkpt lat="57.6803970" lon="18.4368460"></trkpt>
    <trkpt lat="57.6803090" lon="18.4362820"></trkpt>
    <trkpt lat="57.6802200" lon="18.4357190"></trkpt>
    <trkpt lat="57.6802340" lon="18.4352090"></trkpt>
    <trkpt lat="57.6802480" lon="18.4347000"></trkpt>
    <trkpt lat="57.6802900" lon="18.4339460"></trkpt>
    <trkpt lat="57.6803310" lon="18.4331920"></trkpt>
    <trkpt lat="57.6804370" lon="18.4326610"></trkpt>
    <trkpt lat="57.6805420" lon="18.4321300"></trkpt>
    <trkpt lat="57.6806470" lon="18.4315990"></trkpt>
    <trkpt lat="57.6807460" lon="18.4307990"></trkpt>
    <trkpt lat="57.6805660" lon="18.4300420"></trkpt>
    <trkpt lat="57.6803850" lon="18.4292860"></trkpt>
    <trkpt lat="57.6802460" lon="18.4288930"></trkpt>
    <trkpt lat="57.6800710" lon="18.4283480"></trkpt>
    <trkpt lat="57.6799240" lon="18.4277600"></trkpt>
    <trkpt lat="57.6798860" lon="18.4272900"></trkpt>
    <trkpt lat="57.6800020" lon="18.4268680"></trkpt>
    <trkpt lat="57.6801760" lon="18.4265050"></trkpt>
    <trkpt lat="57.6803500" lon="18.4261420"></trkpt>
    <trkpt lat="57.6806300" lon="18.4256760"></trkpt>
    <trkpt lat="57.6809090" lon="18.4252100"></trkpt>
    <trkpt lat="57.6811890" lon="18.4247430"></trkpt>
    <trkpt lat="57.6811950" lon="18.4243280"></trkpt>
    <trkpt lat="57.6808060" lon="18.4243330"></trkpt>
    <trkpt lat="57.6804180" lon="18.4243390"></trkpt>
    <trkpt lat="57.6800300" lon="18.4243440"></trkpt>
    <trkpt lat="57.6796410" lon="18.4243490"></trkpt>
    <trkpt lat="57.6792530" lon="18.4243540"></trkpt>
    <trkpt lat="57.6788640" lon="18.4243600"></trkpt>
    <trkpt lat="57.6784760" lon="18.4243650"></trkpt>
    <trkpt lat="57.6780700" lon="18.4243540"></trkpt>
    <trkpt lat="57.6776650" lon="18.4243430"></trkpt>
    <trkpt lat="57.6772600" lon="18.4243320"></trkpt>
    <trkpt lat="57.6768840" lon="18.4243410"></trkpt>
    <trkpt lat="57.6765090" lon="18.4243500"></trkpt>
    <trkpt lat="57.6761330" lon="18.4243590"></trkpt>
    <trkpt lat="57.6757570" lon="18.4243680"></trkpt>
    <trkpt lat="57.6753740" lon="18.4243690"></trkpt>
    <trkpt lat="57.6749910" lon="18.4243700"></trkpt>
    <trkpt lat="57.6746370" lon="18.4243770"></trkpt>
    <trkpt lat="57.6743360" lon="18.4243840"></trkpt>
    <trkpt lat="57.6742830" lon="18.4243850"></trkpt>
    <trkpt lat="57.6743110" lon="18.4240990"></trkpt>
    <trkpt lat="57.6744370" lon="18.4235770"></trkpt>
    <trkpt lat="57.6745620" lon="18.4230540"></trkpt>
    <trkpt lat="57.6746880" lon="18.4225310"></trkpt>
    <trkpt lat="57.6746670" lon="18.4221880"></trkpt>
    <trkpt lat="57.6744840" lon="18.4217690"></trkpt>
    <trkpt lat="57.6742540" lon="18.4214540"></trkpt>
    <trkpt lat="57.6740250" lon="18.4211390"></trkpt>
    <trkpt lat="57.6738190" lon="18.4208530"></trkpt>
    <trkpt lat="57.6736120" lon="18.4205660"></trkpt>
    <trkpt lat="57.6733370" lon="18.4200520"></trkpt>
    <trkpt lat="57.6730610" lon="18.4195380"></trkpt>
    <trkpt lat="57.6729330" lon="18.4192500"></trkpt>
    <trkpt lat="57.6728920" lon="18.4191360"></trkpt>
    <trkpt lat="57.6728460" lon="18.4189690"></trkpt>
    <trkpt lat="57.6728100" lon="18.4187810"></trkpt>
    <trkpt lat="57.6727850" lon="18.4185550"></trkpt>
    <trkpt lat="57.6727630" lon="18.4182890"></trkpt>
    <trkpt lat="57.6727980" lon="18.4180830"></trkpt>
    <trkpt lat="57.6728780" lon="18.4177200"></trkpt>
    <trkpt lat="57.6730540" lon="18.4169820"></trkpt>
    <trkpt lat="57.6732290" lon="18.4162440"></trkpt>
    <trkpt lat="57.6734040" lon="18.4155060"></trkpt>
    <trkpt lat="57.6735800" lon="18.4147680"></trkpt>
    <trkpt lat="57.6737550" lon="18.4140310"></trkpt>
    <trkpt lat="57.6737590" lon="18.4137350"></trkpt>
    <trkpt lat="57.6735920" lon="18.4131050"></trkpt>
    <trkpt lat="57.6734410" lon="18.4126690"></trkpt>
    <trkpt lat="57.6732890" lon="18.4122330"></trkpt>
    <trkpt lat="57.6730400" lon="18.4115400"></trkpt>
    <trkpt lat="57.6727920" lon="18.4108460"></trkpt>
    <trkpt lat="57.6727000" lon="18.4105570"></trkpt>
    <trkpt lat="57.6726880" lon="18.4104410"></trkpt>
    <trkpt lat="57.6726960" lon="18.4102880"></trkpt>
    <trkpt lat="57.6727240" lon="18.4101210"></trkpt>
    <trkpt lat="57.6727810" lon="18.4097670"></trkpt>
    <trkpt lat="57.6728090" lon="18.4095320"></trkpt>
    <trkpt lat="57.6728020" lon="18.4092970"></trkpt>
    <trkpt lat="57.6727770" lon="18.4090200"></trkpt>
    <trkpt lat="57.6727050" lon="18.4086740"></trkpt>
    <trkpt lat="57.6726680" lon="18.4085450"></trkpt>
    <trkpt lat="57.6725740" lon="18.4082430"></trkpt>
    <trkpt lat="57.6723890" lon="18.4078220"></trkpt>
    <trkpt lat="57.6722410" lon="18.4074240"></trkpt>
    <trkpt lat="57.6720600" lon="18.4069880"></trkpt>
    <trkpt lat="57.6718780" lon="18.4065520"></trkpt>
    <trkpt lat="57.6717670" lon="18.4063740"></trkpt>
    <trkpt lat="57.6715620" lon="18.4060970"></trkpt>
    <trkpt lat="57.6713580" lon="18.4058210"></trkpt>
    <trkpt lat="57.6712650" lon="18.4056510"></trkpt>
    <trkpt lat="57.6710460" lon="18.4051690"></trkpt>
    <trkpt lat="57.6708260" lon="18.4046880"></trkpt>
    <trkpt lat="57.6705320" lon="18.4041060"></trkpt>
    <trkpt lat="57.6703370" lon="18.4036180"></trkpt>
    <trkpt lat="57.6701430" lon="18.4031300"></trkpt>
    <trkpt lat="57.6699590" lon="18.4027140"></trkpt>
    <trkpt lat="57.6698120" lon="18.4024050"></trkpt>
    <trkpt lat="57.6697120" lon="18.4021630"></trkpt>
    <trkpt lat="57.6696330" lon="18.4018530"></trkpt>
    <trkpt lat="57.6695350" lon="18.4014090"></trkpt>
    <trkpt lat="57.6694370" lon="18.4009650"></trkpt>
    <trkpt lat="57.6693250" lon="18.4005050"></trkpt>
    <trkpt lat="57.6692840" lon="18.4002580"></trkpt>
    <trkpt lat="57.6692390" lon="18.3998250"></trkpt>
    <trkpt lat="57.6691770" lon="18.3995350"></trkpt>
    <trkpt lat="57.6690840" lon="18.3992360"></trkpt>
    <trkpt lat="57.6689900" lon="18.3989940"></trkpt>
    <trkpt lat="57.6688720" lon="18.3987750"></trkpt>
    <trkpt lat="57.6687900" lon="18.3986810"></trkpt>
    <trkpt lat="57.6686050" lon="18.3985110"></trkpt>
    <trkpt lat="57.6684600" lon="18.3982710"></trkpt>
    <trkpt lat="57.6682820" lon="18.3979070"></trkpt>
    <trkpt lat="57.6681260" lon="18.3975060"></trkpt>
    <trkpt lat="57.6679560" lon="18.3970160"></trkpt>
    <trkpt lat="57.6677830" lon="18.3965560"></trkpt>
    <trkpt lat="57.6676700" lon="18.3963100"></trkpt>
    <trkpt lat="57.6675210" lon="18.3959720"></trkpt>
    <trkpt lat="57.6673920" lon="18.3956090"></trkpt>
    <trkpt lat="57.6673360" lon="18.3954170"></trkpt>
    <trkpt lat="57.6672790" lon="18.3949960"></trkpt>
    <trkpt lat="57.6672590" lon="18.3947690"></trkpt>
    <trkpt lat="57.6672580" lon="18.3945680"></trkpt>
    <trkpt lat="57.6672900" lon="18.3941790"></trkpt>
    <trkpt lat="57.6672900" lon="18.3939950"></trkpt>
    <trkpt lat="57.6672390" lon="18.3937000"></trkpt>
    <trkpt lat="57.6671840" lon="18.3933210"></trkpt>
    <trkpt lat="57.6671520" lon="18.3929890"></trkpt>
    <trkpt lat="57.6670340" lon="18.3924680"></trkpt>
    <trkpt lat="57.6669240" lon="18.3919170"></trkpt>
    <trkpt lat="57.6668980" lon="18.3915130"></trkpt>
    <trkpt lat="57.6668960" lon="18.3911090"></trkpt>
    <trkpt lat="57.6668310" lon="18.3906830"></trkpt>
    <trkpt lat="57.6668000" lon="18.3904280"></trkpt>
    <trkpt lat="57.6667900" lon="18.3901090"></trkpt>
    <trkpt lat="57.6668040" lon="18.3893170"></trkpt>
    <trkpt lat="57.6667200" lon="18.3886210"></trkpt>
    <trkpt lat="57.6666260" lon="18.3881190"></trkpt>
    <trkpt lat="57.6664410" lon="18.3873930"></trkpt>
    <trkpt lat="57.6662830" lon="18.3866250"></trkpt>
    <trkpt lat="57.6661980" lon="18.3863090"></trkpt>
    <trkpt lat="57.6661210" lon="18.3860820"></trkpt>
    <trkpt lat="57.6660710" lon="18.3859310"></trkpt>
    <trkpt lat="57.6660440" lon="18.3857650"></trkpt>
    <trkpt lat="57.6660110" lon="18.3851740"></trkpt>
    <trkpt lat="57.6659710" lon="18.3848350"></trkpt>
    <trkpt lat="57.6659050" lon="18.3844680"></trkpt>
    <trkpt lat="57.6657730" lon="18.3838530"></trkpt>
    <trkpt lat="57.6656400" lon="18.3832370"></trkpt>
    <trkpt lat="57.6655490" lon="18.3829220"></trkpt>
    <trkpt lat="57.6654260" lon="18.3825870"></trkpt>
    <trkpt lat="57.6652360" lon="18.3821830"></trkpt>
    <trkpt lat="57.6650460" lon="18.3817780"></trkpt>
    <trkpt lat="57.6648960" lon="18.3813920"></trkpt>
    <trkpt lat="57.6647470" lon="18.3810050"></trkpt>
    <trkpt lat="57.6645850" lon="18.3806840"></trkpt>
    <trkpt lat="57.6642800" lon="18.3802470"></trkpt>
    <trkpt lat="57.6639740" lon="18.3797500"></trkpt>
    <trkpt lat="57.6637680" lon="18.3793320"></trkpt>
    <trkpt lat="57.6636750" lon="18.3791010"></trkpt>
    <trkpt lat="57.6635350" lon="18.3787840"></trkpt>
    <trkpt lat="57.6633400" lon="18.3784140"></trkpt>
    <trkpt lat="57.6630840" lon="18.3779870"></trkpt>
    <trkpt lat="57.6628270" lon="18.3775590"></trkpt>
    <trkpt lat="57.6627500" lon="18.3774070"></trkpt>
    <trkpt lat="57.6628750" lon="18.3770580"></trkpt>
    <trkpt lat="57.6630000" lon="18.3767090"></trkpt>
    <trkpt lat="57.6631230" lon="18.3765440"></trkpt>
    <trkpt lat="57.6633980" lon="18.3760960"></trkpt>
    <trkpt lat="57.6636730" lon="18.3756490"></trkpt>
    <trkpt lat="57.6639480" lon="18.3752010"></trkpt>
    <trkpt lat="57.6642520" lon="18.3746900"></trkpt>
    <trkpt lat="57.6644060" lon="18.3744290"></trkpt>
    <trkpt lat="57.6646710" lon="18.3737910"></trkpt>
    <trkpt lat="57.6649360" lon="18.3731540"></trkpt>
    <trkpt lat="57.6651570" lon="18.3726360"></trkpt>
    <trkpt lat="57.6653770" lon="18.3721190"></trkpt>
    <trkpt lat="57.6655970" lon="18.3716020"></trkpt>
    <trkpt lat="57.6658180" lon="18.3710850"></trkpt>
    <trkpt lat="57.6659800" lon="18.3707860"></trkpt>
    <trkpt lat="57.6661430" lon="18.3704860"></trkpt>
    <trkpt lat="57.6664450" lon="18.3700480"></trkpt>
    <trkpt lat="57.6667460" lon="18.3696090"></trkpt>
    <trkpt lat="57.6670480" lon="18.3691710"></trkpt>
    <trkpt lat="57.6673900" lon="18.3686810"></trkpt>
    <trkpt lat="57.6677320" lon="18.3681910"></trkpt>
    <trkpt lat="57.6680740" lon="18.3677010"></trkpt>
    <trkpt lat="57.6684170" lon="18.3672110"></trkpt>
    <trkpt lat="57.6685580" lon="18.3670080"></trkpt>
    <trkpt lat="57.6689020" lon="18.3665270"></trkpt>
    <trkpt lat="57.6691600" lon="18.3662700"></trkpt>
    <trkpt lat="57.6691960" lon="18.3662380"></trkpt>
    <trkpt lat="57.6694590" lon="18.3660070"></trkpt>
    <trkpt lat="57.6697210" lon="18.3657760"></trkpt>
    <trkpt lat="57.6700230" lon="18.3654970"></trkpt>
    <trkpt lat="57.6702660" lon="18.3651450"></trkpt>
    <trkpt lat="57.6705730" lon="18.3646130"></trkpt>
    <trkpt lat="57.6706660" lon="18.3644540"></trkpt>
    <trkpt lat="57.6707470" lon="18.3643160"></trkpt>
    <trkpt lat="57.6709970" lon="18.3638850"></trkpt>
    <trkpt lat="57.6712480" lon="18.3634550"></trkpt>
    <trkpt lat="57.6714570" lon="18.3631250"></trkpt>
    <trkpt lat="57.6716920" lon="18.3627540"></trkpt>
    <trkpt lat="57.6719270" lon="18.3623830"></trkpt>
    <trkpt lat="57.6721620" lon="18.3620130"></trkpt>
    <trkpt lat="57.6724370" lon="18.3616010"></trkpt>
    <trkpt lat="57.6726890" lon="18.3613000"></trkpt>
    <trkpt lat="57.6729880" lon="18.3610860"></trkpt>
    <trkpt lat="57.6732130" lon="18.3609740"></trkpt>
    <trkpt lat="57.6735590" lon="18.3608800"></trkpt>
    <trkpt lat="57.6739060" lon="18.3607850"></trkpt>
    <trkpt lat="57.6741370" lon="18.3607340"></trkpt>
    <trkpt lat="57.6743690" lon="18.3606820"></trkpt>
    <trkpt lat="57.6746720" lon="18.3606270"></trkpt>
    <trkpt lat="57.6749750" lon="18.3605710"></trkpt>
    <trkpt lat="57.6752230" lon="18.3605620"></trkpt>
    <trkpt lat="57.6755580" lon="18.3607170"></trkpt>
    <trkpt lat="57.6758750" lon="18.3609370"></trkpt>
    <trkpt lat="57.6761910" lon="18.3611570"></trkpt>
    <trkpt lat="57.6765080" lon="18.3613780"></trkpt>
    <trkpt lat="57.6769200" lon="18.3616750"></trkpt>
    <trkpt lat="57.6773320" lon="18.3619710"></trkpt>
    <trkpt lat="57.6777440" lon="18.3622680"></trkpt>
    <trkpt lat="57.6781560" lon="18.3625650"></trkpt>
    <trkpt lat="57.6785680" lon="18.3628620"></trkpt>
    <trkpt lat="57.6789540" lon="18.3631400"></trkpt>
    <trkpt lat="57.6793390" lon="18.3634170"></trkpt>
    <trkpt lat="57.6797250" lon="18.3636950"></trkpt>
    <trkpt lat="57.6800210" lon="18.3638160"></trkpt>
    <trkpt lat="57.6803150" lon="18.3638700"></trkpt>
    <trkpt lat="57.6806100" lon="18.3639240"></trkpt>
    <trkpt lat="57.6810470" lon="18.3639850"></trkpt>
    <trkpt lat="57.6814850" lon="18.3640450"></trkpt>
    <trkpt lat="57.6819220" lon="18.3641060"></trkpt>
    <trkpt lat="57.6823510" lon="18.3641670"></trkpt>
    <trkpt lat="57.6827800" lon="18.3642270"></trkpt>
    <trkpt lat="57.6832090" lon="18.3642880"></trkpt>
    <trkpt lat="57.6834100" lon="18.3642870"></trkpt>
    <trkpt lat="57.6835700" lon="18.3642010"></trkpt>
    <trkpt lat="57.6836440" lon="18.3641470"></trkpt>
    <trkpt lat="57.6837370" lon="18.3640340"></trkpt>
    <trkpt lat="57.6838380" lon="18.3638530"></trkpt>
    <trkpt lat="57.6839120" lon="18.3636580"></trkpt>
    <trkpt lat="57.6839650" lon="18.3634440"></trkpt>
    <trkpt lat="57.6840310" lon="18.3628300"></trkpt>
    <trkpt lat="57.6840880" lon="18.3621410"></trkpt>
    <trkpt lat="57.6841650" lon="18.3614700"></trkpt>
    <trkpt lat="57.6843210" lon="18.3606970"></trkpt>
    <trkpt lat="57.6844770" lon="18.3599230"></trkpt>
    <trkpt lat="57.6846120" lon="18.3592990"></trkpt>
    <trkpt lat="57.6847470" lon="18.3586750"></trkpt>
    <trkpt lat="57.6847750" lon="18.3584370"></trkpt>
    <trkpt lat="57.6847870" lon="18.3582270"></trkpt>
    <trkpt lat="57.6847720" lon="18.3578930"></trkpt>
    <trkpt lat="57.6847590" lon="18.3574040"></trkpt>
    <trkpt lat="57.6847590" lon="18.3568460"></trkpt>
    <trkpt lat="57.6848270" lon="18.3563480"></trkpt>
    <trkpt lat="57.6849420" lon="18.3559790"></trkpt>
    <trkpt lat="57.6851170" lon="18.3556700"></trkpt>
    <trkpt lat="57.6853090" lon="18.3553950"></trkpt>
    <trkpt lat="57.6854370" lon="18.3551500"></trkpt>
    <trkpt lat="57.6854400" lon="18.3551450"></trkpt>
    <trkpt lat="57.6854400" lon="18.3551440"></trkpt>
    <trkpt lat="57.6855300" lon="18.3547640"></trkpt>
    <trkpt lat="57.6851800" lon="18.3538360"></trkpt>
    <trkpt lat="57.6848300" lon="18.3529080"></trkpt>
    <trkpt lat="57.6844570" lon="18.3519740"></trkpt>
    <trkpt lat="57.6844430" lon="18.3518410"></trkpt>
    <trkpt lat="57.6844110" lon="18.3515350"></trkpt>
    <trkpt lat="57.6842060" lon="18.3504320"></trkpt>
    <trkpt lat="57.6839750" lon="18.3494430"></trkpt>
    <trkpt lat="57.6835340" lon="18.3484130"></trkpt>
    <trkpt lat="57.6831730" lon="18.3478140"></trkpt>
    <trkpt lat="57.6828120" lon="18.3472150"></trkpt>
    <trkpt lat="57.6828130" lon="18.3472160"></trkpt>
    <trkpt lat="57.6827830" lon="18.3471700"></trkpt>
    <trkpt lat="57.6825800" lon="18.3469080"></trkpt>
    <trkpt lat="57.6824240" lon="18.3467540"></trkpt>
    <trkpt lat="57.6822410" lon="18.3465680"></trkpt>
    <trkpt lat="57.6818610" lon="18.3462800"></trkpt>
    <trkpt lat="57.6815810" lon="18.3461420"></trkpt>
    <trkpt lat="57.6813010" lon="18.3460040"></trkpt>
    <trkpt lat="57.6809800" lon="18.3457880"></trkpt>
    <trkpt lat="57.6806650" lon="18.3455750"></trkpt>
    <trkpt lat="57.6806280" lon="18.3455610"></trkpt>
    <trkpt lat="57.6806000" lon="18.3454780"></trkpt>
    <trkpt lat="57.6804730" lon="18.3451430"></trkpt>
    <trkpt lat="57.6804560" lon="18.3450770"></trkpt>
    <trkpt lat="57.6805200" lon="18.3449750"></trkpt>
    <trkpt lat="57.6806800" lon="18.3446880"></trkpt>
    <trkpt lat="57.6806650" lon="18.3446380"></trkpt>
    <trkpt lat="57.6806610" lon="18.3446230"></trkpt>
    <trkpt lat="57.6806180" lon="18.3446040"></trkpt>
    <trkpt lat="57.6805700" lon="18.3444760"></trkpt>
    <trkpt lat="57.6805020" lon="18.3443260"></trkpt>
    <trkpt lat="57.6804420" lon="18.3441930"></trkpt>
    <trkpt lat="57.6803520" lon="18.3440890"></trkpt>
    <trkpt lat="57.6802810" lon="18.3440490"></trkpt>
    <trkpt lat="57.6802590" lon="18.3439820"></trkpt>
    <trkpt lat="57.6802200" lon="18.3438600"></trkpt>
    <trkpt lat="57.6801560" lon="18.3437110"></trkpt>
    <trkpt lat="57.6800810" lon="18.3435380"></trkpt>
    <trkpt lat="57.6800150" lon="18.3434660"></trkpt>
    <trkpt lat="57.6799080" lon="18.3433770"></trkpt>
    <trkpt lat="57.6797910" lon="18.3433070"></trkpt>
    <trkpt lat="57.6797580" lon="18.3432500"></trkpt>
    <trkpt lat="57.6797280" lon="18.3431480"></trkpt>
    <trkpt lat="57.6795740" lon="18.3429660"></trkpt>
    <trkpt lat="57.6794740" lon="18.3428400"></trkpt>
    <trkpt lat="57.6793760" lon="18.3427450"></trkpt>
    <trkpt lat="57.6793150" lon="18.3426860"></trkpt>
    <trkpt lat="57.6792450" lon="18.3426510"></trkpt>
    <trkpt lat="57.6792050" lon="18.3425790"></trkpt>
    <trkpt lat="57.6791250" lon="18.3424890"></trkpt>
    <trkpt lat="57.6791030" lon="18.3425240"></trkpt>
    <trkpt lat="57.6790270" lon="18.3426360"></trkpt>
    <trkpt lat="57.6789500" lon="18.3427490"></trkpt>
    <trkpt lat="57.6788860" lon="18.3427530"></trkpt>
    <trkpt lat="57.6788100" lon="18.3427810"></trkpt>
    <trkpt lat="57.6787490" lon="18.3428040"></trkpt>
    <trkpt lat="57.6786210" lon="18.3428070"></trkpt>
    <trkpt lat="57.6785260" lon="18.3428120"></trkpt>
    <trkpt lat="57.6784870" lon="18.3428140"></trkpt>
    <trkpt lat="57.6784450" lon="18.3428270"></trkpt>
    <trkpt lat="57.6781610" lon="18.3424470"></trkpt>
    <trkpt lat="57.6779740" lon="18.3422360"></trkpt>
    <trkpt lat="57.6777850" lon="18.3419650"></trkpt>
    <trkpt lat="57.6776130" lon="18.3416840"></trkpt>
    <trkpt lat="57.6773940" lon="18.3415270"></trkpt>
    <trkpt lat="57.6771450" lon="18.3413260"></trkpt>
    <trkpt lat="57.6768900" lon="18.3410970"></trkpt>
    <trkpt lat="57.6768750" lon="18.3409800"></trkpt>
    <trkpt lat="57.6767350" lon="18.3406090"></trkpt>
    <trkpt lat="57.6767120" lon="18.3405480"></trkpt>
    <trkpt lat="57.6764740" lon="18.3403170"></trkpt>
    <trkpt lat="57.6762640" lon="18.3401340"></trkpt>
    <trkpt lat="57.6759400" lon="18.3400320"></trkpt>
    <trkpt lat="57.6755240" lon="18.3400050"></trkpt>
    <trkpt lat="57.6752060" lon="18.3400000"></trkpt>
    <trkpt lat="57.6749330" lon="18.3399300"></trkpt>
    <trkpt lat="57.6747700" lon="18.3397800"></trkpt>
    <trkpt lat="57.6746050" lon="18.3395870"></trkpt>
    <trkpt lat="57.6746010" lon="18.3395920"></trkpt>
    <trkpt lat="57.6746050" lon="18.3395870"></trkpt>
    <trkpt lat="57.6746520" lon="18.3395170"></trkpt>
    <trkpt lat="57.6747450" lon="18.3393560"></trkpt>
    <trkpt lat="57.6748630" lon="18.3391500"></trkpt>
    <trkpt lat="57.6748990" lon="18.3389810"></trkpt>
    <trkpt lat="57.6749070" lon="18.3385020"></trkpt>
    <trkpt lat="57.6749100" lon="18.3383200"></trkpt>
    <trkpt lat="57.6748930" lon="18.3376180"></trkpt>
    <trkpt lat="57.6748830" lon="18.3374120"></trkpt>
    <trkpt lat="57.6748400" lon="18.3369460"></trkpt>
    <trkpt lat="57.6747470" lon="18.3365320"></trkpt>
    <trkpt lat="57.6746530" lon="18.3361180"></trkpt>
    <trkpt lat="57.6745500" lon="18.3357050"></trkpt>
    <trkpt lat="57.6744880" lon="18.3354560"></trkpt>
    <trkpt lat="57.6744490" lon="18.3352120"></trkpt>
    <trkpt lat="57.6744330" lon="18.3351150"></trkpt>
    <trkpt lat="57.6744090" lon="18.3351150"></trkpt>
    <trkpt lat="57.6742850" lon="18.3350830"></trkpt>
    <trkpt lat="57.6742250" lon="18.3350930"></trkpt>
    <trkpt lat="57.6741920" lon="18.3350750"></trkpt>
    <trkpt lat="57.6741340" lon="18.3350440"></trkpt>
    <trkpt lat="57.6740280" lon="18.3350100"></trkpt>
    <trkpt lat="57.6738240" lon="18.3349630"></trkpt>
    <trkpt lat="57.6736740" lon="18.3349680"></trkpt>
    <trkpt lat="57.6735750" lon="18.3349710"></trkpt>
    <trkpt lat="57.6735080" lon="18.3349650"></trkpt>
    <trkpt lat="57.6733980" lon="18.3349260"></trkpt>
    <trkpt lat="57.6733180" lon="18.3348670"></trkpt>
    <trkpt lat="57.6732530" lon="18.3347610"></trkpt>
    <trkpt lat="57.6731830" lon="18.3346060"></trkpt>
    <trkpt lat="57.6731350" lon="18.3344820"></trkpt>
    <trkpt lat="57.6731110" lon="18.3344140"></trkpt>
    <trkpt lat="57.6730990" lon="18.3343500"></trkpt>
    <trkpt lat="57.6730600" lon="18.3341460"></trkpt>
    <trkpt lat="57.6729900" lon="18.3336680"></trkpt>
    <trkpt lat="57.6729810" lon="18.3336330"></trkpt>
    <trkpt lat="57.6729570" lon="18.3335370"></trkpt>
    <trkpt lat="57.6728610" lon="18.3334160"></trkpt>
    <trkpt lat="57.6726700" lon="18.3332460"></trkpt>
    <trkpt lat="57.6724590" lon="18.3330430"></trkpt>
    <trkpt lat="57.6722490" lon="18.3328410"></trkpt>
    <trkpt lat="57.6719370" lon="18.3324950"></trkpt>
    <trkpt lat="57.6718070" lon="18.3323290"></trkpt>
    <trkpt lat="57.6717040" lon="18.3322100"></trkpt>
    <trkpt lat="57.6716520" lon="18.3321500"></trkpt>
    <trkpt lat="57.6716100" lon="18.3321100"></trkpt>
    <trkpt lat="57.6715660" lon="18.3320390"></trkpt>
    <trkpt lat="57.6715210" lon="18.3319150"></trkpt>
    <trkpt lat="57.6714980" lon="18.3319340"></trkpt>
    <trkpt lat="57.6714310" lon="18.3319310"></trkpt>
    <trkpt lat="57.6713790" lon="18.3319120"></trkpt>
    <trkpt lat="57.6713230" lon="18.3318530"></trkpt>
    <trkpt lat="57.6711880" lon="18.3318190"></trkpt>
    <trkpt lat="57.6710830" lon="18.3318160"></trkpt>
    <trkpt lat="57.6710470" lon="18.3318280"></trkpt>
    <trkpt lat="57.6710210" lon="18.3318370"></trkpt>
    <trkpt lat="57.6706040" lon="18.3320410"></trkpt>
    <trkpt lat="57.6705800" lon="18.3319660"></trkpt>
    <trkpt lat="57.6705470" lon="18.3319370"></trkpt>
    <trkpt lat="57.6705090" lon="18.3319410"></trkpt>
    <trkpt lat="57.6704220" lon="18.3319600"></trkpt>
    <trkpt lat="57.6703400" lon="18.3319580"></trkpt>
    <trkpt lat="57.6702380" lon="18.3319070"></trkpt>
    <trkpt lat="57.6701640" lon="18.3318390"></trkpt>
    <trkpt lat="57.6700430" lon="18.3317060"></trkpt>
    <trkpt lat="57.6699190" lon="18.3315820"></trkpt>
    <trkpt lat="57.6697900" lon="18.3314640"></trkpt>
    <trkpt lat="57.6696580" lon="18.3313710"></trkpt>
    <trkpt lat="57.6695740" lon="18.3313120"></trkpt>
    <trkpt lat="57.6694380" lon="18.3312150"></trkpt>
    <trkpt lat="57.6693650" lon="18.3311560"></trkpt>
    <trkpt lat="57.6692510" lon="18.3310530"></trkpt>
    <trkpt lat="57.6690810" lon="18.3308730"></trkpt>
    <trkpt lat="57.6689620" lon="18.3307190"></trkpt>
    <trkpt lat="57.6688670" lon="18.3305910"></trkpt>
    <trkpt lat="57.6687780" lon="18.3304560"></trkpt>
    <trkpt lat="57.6685440" lon="18.3300980"></trkpt>
    <trkpt lat="57.6684620" lon="18.3299650"></trkpt>
    <trkpt lat="57.6683160" lon="18.3297240"></trkpt>
    <trkpt lat="57.6682510" lon="18.3296160"></trkpt>
    <trkpt lat="57.6681430" lon="18.3294540"></trkpt>
    <trkpt lat="57.6680860" lon="18.3293800"></trkpt>
    <trkpt lat="57.6680290" lon="18.3293290"></trkpt>
    <trkpt lat="57.6679680" lon="18.3292780"></trkpt>
    <trkpt lat="57.6678680" lon="18.3291910"></trkpt>
    <trkpt lat="57.6678410" lon="18.3291580"></trkpt>
    <trkpt lat="57.6677950" lon="18.3290970"></trkpt>
    <trkpt lat="57.6677520" lon="18.3290220"></trkpt>
    <trkpt lat="57.6676780" lon="18.3288580"></trkpt>
    <trkpt lat="57.6674910" lon="18.3283600"></trkpt>
    <trkpt lat="57.6674250" lon="18.3281910"></trkpt>
    <trkpt lat="57.6673110" lon="18.3279020"></trkpt>
    <trkpt lat="57.6671790" lon="18.3275570"></trkpt>
    <trkpt lat="57.6671340" lon="18.3273890"></trkpt>
    <trkpt lat="57.6671150" lon="18.3272970"></trkpt>
    <trkpt lat="57.6670970" lon="18.3271760"></trkpt>
    <trkpt lat="57.6670580" lon="18.3270320"></trkpt>
    <trkpt lat="57.6669700" lon="18.3268750"></trkpt>
    <trkpt lat="57.6668910" lon="18.3267220"></trkpt>
    <trkpt lat="57.6668260" lon="18.3265930"></trkpt>
    <trkpt lat="57.6667790" lon="18.3264980"></trkpt>
    <trkpt lat="57.6667130" lon="18.3263290"></trkpt>
    <trkpt lat="57.6665710" lon="18.3258970"></trkpt>
    <trkpt lat="57.6665290" lon="18.3257510"></trkpt>
    <trkpt lat="57.6664930" lon="18.3255810"></trkpt>
    <trkpt lat="57.6664800" lon="18.3254850"></trkpt>
    <trkpt lat="57.6664490" lon="18.3252560"></trkpt>
    <trkpt lat="57.6664240" lon="18.3249750"></trkpt>
    <trkpt lat="57.6664130" lon="18.3248320"></trkpt>
    <trkpt lat="57.6664100" lon="18.3248090"></trkpt>
    <trkpt lat="57.6663810" lon="18.3245410"></trkpt>
    <trkpt lat="57.6663770" lon="18.3244400"></trkpt>
    <trkpt lat="57.6663710" lon="18.3242740"></trkpt>
    <trkpt lat="57.6663770" lon="18.3241230"></trkpt>
    <trkpt lat="57.6663960" lon="18.3238450"></trkpt>
    <trkpt lat="57.6664060" lon="18.3236730"></trkpt>
    <trkpt lat="57.6664120" lon="18.3235180"></trkpt>
    <trkpt lat="57.6664110" lon="18.3234170"></trkpt>
    <trkpt lat="57.6664030" lon="18.3232790"></trkpt>
    <trkpt lat="57.6663870" lon="18.3231610"></trkpt>
    <trkpt lat="57.6663710" lon="18.3230560"></trkpt>
    <trkpt lat="57.6663510" lon="18.3229600"></trkpt>
    <trkpt lat="57.6663170" lon="18.3228480"></trkpt>
    <trkpt lat="57.6662890" lon="18.3227670"></trkpt>
    <trkpt lat="57.6662160" lon="18.3226130"></trkpt>
    <trkpt lat="57.6661500" lon="18.3224750"></trkpt>
    <trkpt lat="57.6660780" lon="18.3223240"></trkpt>
    <trkpt lat="57.6660050" lon="18.3221680"></trkpt>
    <trkpt lat="57.6659240" lon="18.3219910"></trkpt>
    <trkpt lat="57.6658460" lon="18.3218260"></trkpt>
    <trkpt lat="57.6657470" lon="18.3216060"></trkpt>
    <trkpt lat="57.6656570" lon="18.3214310"></trkpt>
    <trkpt lat="57.6656020" lon="18.3213380"></trkpt>
    <trkpt lat="57.6655610" lon="18.3212770"></trkpt>
    <trkpt lat="57.6655070" lon="18.3212120"></trkpt>
    <trkpt lat="57.6654230" lon="18.3211280"></trkpt>
    <trkpt lat="57.6653640" lon="18.3210900"></trkpt>
    <trkpt lat="57.6652030" lon="18.3210250"></trkpt>
    <trkpt lat="57.6651410" lon="18.3209960"></trkpt>
    <trkpt lat="57.6650790" lon="18.3209710"></trkpt>
    <trkpt lat="57.6650660" lon="18.3209710"></trkpt>
    <trkpt lat="57.6649920" lon="18.3209730"></trkpt>
    <trkpt lat="57.6649130" lon="18.3209930"></trkpt>
    <trkpt lat="57.6647650" lon="18.3210330"></trkpt>
    <trkpt lat="57.6646300" lon="18.3210640"></trkpt>
    <trkpt lat="57.6644020" lon="18.3211210"></trkpt>
    <trkpt lat="57.6642800" lon="18.3211390"></trkpt>
    <trkpt lat="57.6641790" lon="18.3211520"></trkpt>
    <trkpt lat="57.6640870" lon="18.3211440"></trkpt>
    <trkpt lat="57.6639970" lon="18.3211170"></trkpt>
    <trkpt lat="57.6639250" lon="18.3210860"></trkpt>
    <trkpt lat="57.6637190" lon="18.3209940"></trkpt>
    <trkpt lat="57.6636140" lon="18.3209310"></trkpt>
    <trkpt lat="57.6634020" lon="18.3207880"></trkpt>
    <trkpt lat="57.6632960" lon="18.3206880"></trkpt>
    <trkpt lat="57.6631740" lon="18.3205480"></trkpt>
    <trkpt lat="57.6630990" lon="18.3204540"></trkpt>
    <trkpt lat="57.6630070" lon="18.3203280"></trkpt>
    <trkpt lat="57.6629450" lon="18.3202300"></trkpt>
    <trkpt lat="57.6628530" lon="18.3200680"></trkpt>
    <trkpt lat="57.6627920" lon="18.3199580"></trkpt>
    <trkpt lat="57.6627100" lon="18.3197760"></trkpt>
    <trkpt lat="57.6626240" lon="18.3195560"></trkpt>
    <trkpt lat="57.6625180" lon="18.3192730"></trkpt>
    <trkpt lat="57.6624530" lon="18.3190750"></trkpt>
    <trkpt lat="57.6623670" lon="18.3187980"></trkpt>
    <trkpt lat="57.6623420" lon="18.3186700"></trkpt>
    <trkpt lat="57.6623250" lon="18.3184560"></trkpt>
    <trkpt lat="57.6623280" lon="18.3183360"></trkpt>
    <trkpt lat="57.6623360" lon="18.3181930"></trkpt>
    <trkpt lat="57.6623510" lon="18.3180760"></trkpt>
    <trkpt lat="57.6623660" lon="18.3178590"></trkpt>
    <trkpt lat="57.6623770" lon="18.3176640"></trkpt>
    <trkpt lat="57.6623860" lon="18.3174540"></trkpt>
    <trkpt lat="57.6623860" lon="18.3173690"></trkpt>
    <trkpt lat="57.6623840" lon="18.3172360"></trkpt>
    <trkpt lat="57.6623790" lon="18.3170610"></trkpt>
    <trkpt lat="57.6623540" lon="18.3169110"></trkpt>
    <trkpt lat="57.6623250" lon="18.3167740"></trkpt>
    <trkpt lat="57.6622390" lon="18.3164640"></trkpt>
    <trkpt lat="57.6620940" lon="18.3159750"></trkpt>
    <trkpt lat="57.6620040" lon="18.3156720"></trkpt>
    <trkpt lat="57.6618800" lon="18.3152710"></trkpt>
    <trkpt lat="57.6617820" lon="18.3149800"></trkpt>
    <trkpt lat="57.6616900" lon="18.3147330"></trkpt>
    <trkpt lat="57.6616070" lon="18.3145440"></trkpt>
    <trkpt lat="57.6614700" lon="18.3142510"></trkpt>
    <trkpt lat="57.6613250" lon="18.3139920"></trkpt>
    <trkpt lat="57.6612220" lon="18.3138360"></trkpt>
    <trkpt lat="57.6611430" lon="18.3137300"></trkpt>
    <trkpt lat="57.6610200" lon="18.3136070"></trkpt>
    <trkpt lat="57.6609210" lon="18.3135260"></trkpt>
    <trkpt lat="57.6608070" lon="18.3134300"></trkpt>
    <trkpt lat="57.6606170" lon="18.3133060"></trkpt>
    <trkpt lat="57.6604470" lon="18.3132210"></trkpt>
    <trkpt lat="57.6601840" lon="18.3130880"></trkpt>
    <trkpt lat="57.6600200" lon="18.3129680"></trkpt>
    <trkpt lat="57.6599070" lon="18.3128610"></trkpt>
    <trkpt lat="57.6598080" lon="18.3127620"></trkpt>
    <trkpt lat="57.6597250" lon="18.3126600"></trkpt>
    <trkpt lat="57.6595590" lon="18.3124520"></trkpt>
    <trkpt lat="57.6594210" lon="18.3122660"></trkpt>
    <trkpt lat="57.6593260" lon="18.3121180"></trkpt>
    <trkpt lat="57.6592550" lon="18.3119870"></trkpt>
    <trkpt lat="57.6590550" lon="18.3116560"></trkpt>
    <trkpt lat="57.6589280" lon="18.3114540"></trkpt>
    <trkpt lat="57.6587220" lon="18.3111330"></trkpt>
    <trkpt lat="57.6583710" lon="18.3106110"></trkpt>
    <trkpt lat="57.6581700" lon="18.3103340"></trkpt>
    <trkpt lat="57.6579870" lon="18.3100810"></trkpt>
    <trkpt lat="57.6579700" lon="18.3100570"></trkpt>
    <trkpt lat="57.6579160" lon="18.3101510"></trkpt>
    <trkpt lat="57.6579200" lon="18.3104220"></trkpt>
    <trkpt lat="57.6580480" lon="18.3111630"></trkpt>
    <trkpt lat="57.6581760" lon="18.3119050"></trkpt>
    <trkpt lat="57.6581410" lon="18.3120210"></trkpt>
    <trkpt lat="57.6581200" lon="18.3120920"></trkpt>
    <trkpt lat="57.6577850" lon="18.3116060"></trkpt>
    <trkpt lat="57.6576770" lon="18.3114500"></trkpt>
    <trkpt lat="57.6574550" lon="18.3111470"></trkpt>
    <trkpt lat="57.6574490" lon="18.3111600"></trkpt>
    <trkpt lat="57.6571850" lon="18.3117090"></trkpt>
    <trkpt lat="57.6569150" lon="18.3122710"></trkpt>
    <trkpt lat="57.6566440" lon="18.3128330"></trkpt>
    <trkpt lat="57.6563760" lon="18.3133910"></trkpt>
    <trkpt lat="57.6563440" lon="18.3134890"></trkpt>
    <trkpt lat="57.6563270" lon="18.3135380"></trkpt>
    <trkpt lat="57.6562790" lon="18.3137650"></trkpt>
    <trkpt lat="57.6562430" lon="18.3137730"></trkpt>
    <trkpt lat="57.6562090" lon="18.3138280"></trkpt>
    <trkpt lat="57.6561490" lon="18.3140420"></trkpt>
    <trkpt lat="57.6561090" lon="18.3142350"></trkpt>
    <trkpt lat="57.6560900" lon="18.3144800"></trkpt>
    <trkpt lat="57.6560130" lon="18.3145660"></trkpt>
    <trkpt lat="57.6558320" lon="18.3147360"></trkpt>
    <trkpt lat="57.6556250" lon="18.3147510"></trkpt>
    <trkpt lat="57.6556190" lon="18.3148930"></trkpt>
    <trkpt lat="57.6556070" lon="18.3150160"></trkpt>
    <trkpt lat="57.6555870" lon="18.3151660"></trkpt>
    <trkpt lat="57.6555400" lon="18.3156320"></trkpt>
    <trkpt lat="57.6555280" lon="18.3159000"></trkpt>
    <trkpt lat="57.6554210" lon="18.3158130"></trkpt>
    <trkpt lat="57.6550930" lon="18.3153220"></trkpt>
    <trkpt lat="57.6549200" lon="18.3151600"></trkpt>
    <trkpt lat="57.6547600" lon="18.3147560"></trkpt>
    <trkpt lat="57.6546010" lon="18.3143510"></trkpt>
    <trkpt lat="57.6544360" lon="18.3139780"></trkpt>
    <trkpt lat="57.6543670" lon="18.3138210"></trkpt>
    <trkpt lat="57.6541330" lon="18.3132910"></trkpt>
    <trkpt lat="57.6538990" lon="18.3127600"></trkpt>
    <trkpt lat="57.6537110" lon="18.3121410"></trkpt>
    <trkpt lat="57.6535580" lon="18.3117660"></trkpt>
    <trkpt lat="57.6534050" lon="18.3113920"></trkpt>
    <trkpt lat="57.6532610" lon="18.3110320"></trkpt>
    <trkpt lat="57.6531170" lon="18.3106720"></trkpt>
    <trkpt lat="57.6530500" lon="18.3105050"></trkpt>
    <trkpt lat="57.6528340" lon="18.3097870"></trkpt>
    <trkpt lat="57.6526140" lon="18.3091570"></trkpt>
    <trkpt lat="57.6523420" lon="18.3087310"></trkpt>
    <trkpt lat="57.6522810" lon="18.3082260"></trkpt>
    <trkpt lat="57.6521410" lon="18.3080360"></trkpt>
    <trkpt lat="57.6521020" lon="18.3078180"></trkpt>
    <trkpt lat="57.6520190" lon="18.3076690"></trkpt>
    <trkpt lat="57.6520010" lon="18.3074530"></trkpt>
    <trkpt lat="57.6519260" lon="18.3073340"></trkpt>
    <trkpt lat="57.6519020" lon="18.3072870"></trkpt>
    <trkpt lat="57.6517890" lon="18.3072290"></trkpt>
    <trkpt lat="57.6516660" lon="18.3070790"></trkpt>
    <trkpt lat="57.6515420" lon="18.3067600"></trkpt>
    <trkpt lat="57.6514790" lon="18.3065220"></trkpt>
    <trkpt lat="57.6514610" lon="18.3063150"></trkpt>
    <trkpt lat="57.6514240" lon="18.3063880"></trkpt>
    <trkpt lat="57.6513570" lon="18.3064080"></trkpt>
    <trkpt lat="57.6512740" lon="18.3063820"></trkpt>
    <trkpt lat="57.6511760" lon="18.3063560"></trkpt>
    <trkpt lat="57.6511030" lon="18.3063230"></trkpt>
    <trkpt lat="57.6510160" lon="18.3062780"></trkpt>
    <trkpt lat="57.6507090" lon="18.3062120"></trkpt>
    <trkpt lat="57.6503610" lon="18.3061080"></trkpt>
    <trkpt lat="57.6500990" lon="18.3061080"></trkpt>
    <trkpt lat="57.6500300" lon="18.3061080"></trkpt>
    <trkpt lat="57.6496740" lon="18.3061080"></trkpt>
    <trkpt lat="57.6496570" lon="18.3061070"></trkpt>
    <trkpt lat="57.6493640" lon="18.3060890"></trkpt>
    <trkpt lat="57.6491760" lon="18.3060580"></trkpt>
    <trkpt lat="57.6490750" lon="18.3060370"></trkpt>
    <trkpt lat="57.6488660" lon="18.3057530"></trkpt>
    <trkpt lat="57.6486580" lon="18.3054690"></trkpt>
    <trkpt lat="57.6486160" lon="18.3054120"></trkpt>
    <trkpt lat="57.6483850" lon="18.3050800"></trkpt>
    <trkpt lat="57.6481530" lon="18.3047480"></trkpt>
    <trkpt lat="57.6479910" lon="18.3045150"></trkpt>
    <trkpt lat="57.6479270" lon="18.3044230"></trkpt>
    <trkpt lat="57.6478290" lon="18.3042830"></trkpt>
    <trkpt lat="57.6477040" lon="18.3041040"></trkpt>
    <trkpt lat="57.6475410" lon="18.3036820"></trkpt>
    <trkpt lat="57.6473770" lon="18.3032600"></trkpt>
    <trkpt lat="57.6472310" lon="18.3029170"></trkpt>
    <trkpt lat="57.6470310" lon="18.3025040"></trkpt>
    <trkpt lat="57.6470160" lon="18.3024730"></trkpt>
    <trkpt lat="57.6468320" lon="18.3020900"></trkpt>
    <trkpt lat="57.6467590" lon="18.3020650"></trkpt>
    <trkpt lat="57.6468600" lon="18.3019810"></trkpt>
    <trkpt lat="57.6469690" lon="18.3017960"></trkpt>
    <trkpt lat="57.6470300" lon="18.3016930"></trkpt>
    <trkpt lat="57.6471510" lon="18.3014890"></trkpt>
    <trkpt lat="57.6473020" lon="18.3012490"></trkpt>
    <trkpt lat="57.6473560" lon="18.3011100"></trkpt>
    <trkpt lat="57.6473730" lon="18.3010650"></trkpt>
    <trkpt lat="57.6473840" lon="18.3009740"></trkpt>
    <trkpt lat="57.6473920" lon="18.3009730"></trkpt>
    <trkpt lat="57.6473840" lon="18.3009740"></trkpt>
    <trkpt lat="57.6472950" lon="18.3008970"></trkpt>
    <trkpt lat="57.6471580" lon="18.3007820"></trkpt>
    <trkpt lat="57.6470350" lon="18.3007030"></trkpt>
    <trkpt lat="57.6468540" lon="18.3005910"></trkpt>
    <trkpt lat="57.6467200" lon="18.3005850"></trkpt>
    <trkpt lat="57.6465990" lon="18.3005040"></trkpt>
    <trkpt lat="57.6464200" lon="18.3003830"></trkpt>
    <trkpt lat="57.6461840" lon="18.3002160"></trkpt>
    <trkpt lat="57.6461280" lon="18.3001820"></trkpt>
    <trkpt lat="57.6460420" lon="18.3001300"></trkpt>
    <trkpt lat="57.6459730" lon="18.3001560"></trkpt>
    <trkpt lat="57.6459320" lon="18.3002420"></trkpt>
    <trkpt lat="57.6458900" lon="18.3002760"></trkpt>
    <trkpt lat="57.6458500" lon="18.3002230"></trkpt>
    <trkpt lat="57.6457810" lon="18.3001320"></trkpt>
    <trkpt lat="57.6457040" lon="18.3000310"></trkpt>
    <trkpt lat="57.6456100" lon="18.2999070"></trkpt>
    <trkpt lat="57.6455940" lon="18.2998810"></trkpt>
    <trkpt lat="57.6455330" lon="18.2997670"></trkpt>
    <trkpt lat="57.6454770" lon="18.2996500"></trkpt>
    <trkpt lat="57.6454480" lon="18.2995840"></trkpt>
    <trkpt lat="57.6454100" lon="18.2995090"></trkpt>
    <trkpt lat="57.6453860" lon="18.2994630"></trkpt>
    <trkpt lat="57.6453830" lon="18.2994570"></trkpt>
    <trkpt lat="57.6451580" lon="18.2998370"></trkpt>
    <trkpt lat="57.6449000" lon="18.2993860"></trkpt>
    <trkpt lat="57.6446420" lon="18.2989350"></trkpt>
    <trkpt lat="57.6443330" lon="18.2988620"></trkpt>
    <trkpt lat="57.6441590" lon="18.2988260"></trkpt>
    <trkpt lat="57.6440010" lon="18.2987950"></trkpt>
    <trkpt lat="57.6439500" lon="18.2987430"></trkpt>
    <trkpt lat="57.6437720" lon="18.2985800"></trkpt>
    <trkpt lat="57.6437560" lon="18.2985560"></trkpt>
    <trkpt lat="57.6437720" lon="18.2985800"></trkpt>
    <trkpt lat="57.6434980" lon="18.2986150"></trkpt>
    <trkpt lat="57.6432390" lon="18.2986470"></trkpt>
    <trkpt lat="57.6432250" lon="18.2986490"></trkpt>
    <trkpt lat="57.6431670" lon="18.2988230"></trkpt>
    <trkpt lat="57.6429230" lon="18.2986920"></trkpt>
    <trkpt lat="57.6428540" lon="18.2986420"></trkpt>
    <trkpt lat="57.6425780" lon="18.2984410"></trkpt>
    <trkpt lat="57.6423030" lon="18.2982410"></trkpt>
    <trkpt lat="57.6422280" lon="18.2981620"></trkpt>
    <trkpt lat="57.6422090" lon="18.2981200"></trkpt>
    <trkpt lat="57.6421920" lon="18.2980810"></trkpt>
    <trkpt lat="57.6421100" lon="18.2980570"></trkpt>
    <trkpt lat="57.6420210" lon="18.2978600"></trkpt>
    <trkpt lat="57.6420030" lon="18.2978000"></trkpt>
    <trkpt lat="57.6419330" lon="18.2975720"></trkpt>
    <trkpt lat="57.6418900" lon="18.2975580"></trkpt>
    <trkpt lat="57.6418250" lon="18.2975390"></trkpt>
  </trkseg></trk>
</gpx>
