osm_id,osm_url,name,lat,lon,tourism,amenity,building,route_distance_m,note:osm_route_relation,relation_status,proposal_note
node/976761811,https://www.openstreetmap.org/node/976761811,,59.9872317,10.4034751,,shelter,,6.4,1370273,missing,Proposed: add as member of relation 1370273 (Gudbrandsdalsleden). Do not modify existing members of relation 1370273 (Gudbrandsdalsleden). Research aid only. Existing OSM object: node/976761811.
node/9812318992,https://www.openstreetmap.org/node/9812318992,,60.7348708,10.8353358,,shelter,,9.7,1370273,missing,Proposed: add as member of relation 1370273 (Gudbrandsdalsleden). Do not modify existing members of relation 1370273 (Gudbrandsdalsleden). Research aid only. Existing OSM object: node/9812318992.
way/686975998,https://www.openstreetmap.org/way/686975998,,60.7158387,10.8685389,picnic_site,,,9.8,1370273,missing,Proposed: add as member of relation 1370273 (Gudbrandsdalsleden). Do not modify existing members of relation 1370273 (Gudbrandsdalsleden). Research aid only. Existing OSM object: way/686975998.
way/1433606984,https://www.openstreetmap.org/way/1433606984,,59.9211670,10.6276519,,shelter,,11.1,1370273,missing,Proposed: add as member of relation 1370273 (Gudbrandsdalsleden). Do not modify existing members of relation 1370273 (Gudbrandsdalsleden). Research aid only. Existing OSM object: way/1433606984.
way/334373001,https://www.openstreetmap.org/way/334373001,,59.9235722,10.7313854,,shelter,roof,11.4,1370273,missing,Proposed: add as member of relation 1370273 (Gudbrandsdalsleden). Do not modify existing members of relation 1370273 (Gudbrandsdalsleden). Research aid only. Existing OSM object: way/334373001.
way/1433606985,https://www.openstreetmap.org/way/1433606985,Jar skole,59.9207863,10.6273807,,shelter,roof,13.8,1370273,missing,Proposed: add as member of relation 1370273 (Gudbrandsdalsleden). Do not modify existing members of relation 1370273 (Gudbrandsdalsleden). Research aid only. Existing OSM object: way/1433606985.
node/8988290929,https://www.openstreetmap.org/node/8988290929,,59.9057578,10.7698609,,shelter,,16.0,1370273,missing,Proposed: add as member of relation 1370273 (Gudbrandsdalsleden). Do not modify existing members of relation 1370273 (Gudbrandsdalsleden). Research aid only. Existing OSM object: node/8988290929.
node/1902970226,https://www.openstreetmap.org/node/1902970226,Granavolden Gjæstgiveri,60.3664794,10.5281322,hotel,,,16.5,1370273,missing,Proposed: add as member of relation 1370273 (Gudbrandsdalsleden). Do not modify existing members of relation 1370273 (Gudbrandsdalsleden). Research aid only. Existing OSM object: node/1902970226.
node/8710369186,https://www.openstreetmap.org/node/8710369186,,60.3674061,10.5285919,,,,19.2,1370273,missing,Proposed: add as member of relation 1370273 (Gudbrandsdalsleden). Do not modify existing members of relation 1370273 (Gudbrandsdalsleden). Research aid only. Existing OSM object: node/8710369186.
node/8710369187,https://www.openstreetmap.org/node/8710369187,,60.3672619,10.5285611,,,,19.7,1370273,missing,Proposed: add as member of relation 1370273 (Gudbrandsdalsleden). Do not modify existing members of relation 1370273 (Gudbrandsdalsleden). Research aid only. Existing OSM object: node/8710369187.
node/6164658885,https://www.openstreetmap.org/node/6164658885,,60.5216096,10.6449809,hostel,,,21.3,1370273,missing,Proposed: add as member of relation 1370273 (Gudbrandsdalsleden). Do not modify existing members of relation 1370273 (Gudbrandsdalsleden). Research aid only. Existing OSM object: node/6164658885.
way/111439490,https://www.openstreetmap.org/way/111439490,Super Stay Hotel,59.9138543,10.7773960,hotel,,,22.4,1370273,missing,Proposed: add as member of relation 1370273 (Gudbrandsdalsleden). Do not modify existing members of relation 1370273 (Gudbrandsdalsleden). Research aid only. Existing OSM object: way/111439490.
node/563386752,https://www.openstreetmap.org/node/563386752,Løvehulen,59.9430119,10.5566286,,shelter,,23.4,1370273,missing,Proposed: add as member of relation 1370273 (Gudbrandsdalsleden). Do not modify existing members of relation 1370273 (Gudbrandsdalsleden). Research aid only. Existing OSM object: node/563386752.
way/928625231,https://www.openstreetmap.org/way/928625231,Hoff Gjestgiveri,60.6828021,10.8430012,guest_house,,hotel,25.5,1370273,missing,Proposed: add as member of relation 1370273 (Gudbrandsdalsleden). Do not modify existing members of relation 1370273 (Gudbrandsdalsleden). Research aid only. Existing OSM object: way/928625231.
node/8710369193,https://www.openstreetmap.org/node/8710369193,,60.3674139,10.5284429,,,,27.0,1370273,missing,Proposed: add as member of relation 1370273 (Gudbrandsdalsleden). Do not modify existing members of relation 1370273 (Gudbrandsdalsleden). Research aid only. Existing OSM object: node/8710369193.
way/475158600,https://www.openstreetmap.org/way/475158600,Pilegrimssenter Granavollen,60.3673778,10.5284201,information,,office,27.0,1370273,missing,Proposed: add as member of relation 1370273 (Gudbrandsdalsleden). Do not modify existing members of relation 1370273 (Gudbrandsdalsleden). Research aid only. Existing OSM object: way/475158600.
node/8710369189,https://www.openstreetmap.org/node/8710369189,,60.3673561,10.5283860,,,,28.4,1370273,missing,Proposed: add as member of relation 1370273 (Gudbrandsdalsleden). Do not modify existing members of relation 1370273 (Gudbrandsdalsleden). Research aid only. Existing OSM object: node/8710369189.
node/8710369192,https://www.openstreetmap.org/node/8710369192,,60.3674520,10.5284511,,,,28.5,1370273,missing,Proposed: add as member of relation 1370273 (Gudbrandsdalsleden). Do not modify existing members of relation 1370273 (Gudbrandsdalsleden). Research aid only. Existing OSM object: node/8710369192.
node/8710369188,https://www.openstreetmap.org/node/8710369188,,60.3672721,10.5283680,,,,29.3,1370273,missing,Proposed: add as member of relation 1370273 (Gudbrandsdalsleden). Do not modify existing members of relation 1370273 (Gudbrandsdalsleden). Research aid only. Existing OSM object: node/8710369188.
way/70034203,https://www.openstreetmap.org/way/70034203,Hekshusstranda Camping,60.7223987,10.8495841,camp_site,,,30.5,1370273,missing,Proposed: add as member of relation 1370273 (Gudbrandsdalsleden). Do not modify existing members of relation 1370273 (Gudbrandsdalsleden). Research aid only. Existing OSM object: way/70034203.
node/8710369190,https://www.openstreetmap.org/node/8710369190,,60.3673629,10.5282580,,,,35.5,1370273,missing,Proposed: add as member of relation 1370273 (Gudbrandsdalsleden). Do not modify existing members of relation 1370273 (Gudbrandsdalsleden). Research aid only. Existing OSM object: node/8710369190.
node/8710369191,https://www.openstreetmap.org/node/8710369191,,60.3674610,10.5282790,,,,37.4,1370273,missing,Proposed: add as member of relation 1370273 (Gudbrandsdalsleden). Do not modify existing members of relation 1370273 (Gudbrandsdalsleden). Research aid only. Existing OSM object: node/8710369191.
way/699959902,https://www.openstreetmap.org/way/699959902,,60.7250665,10.8446466,picnic_site,,,39.6,1370273,missing,Proposed: add as member of relation 1370273 (Gudbrandsdalsleden). Do not modify existing members of relation 1370273 (Gudbrandsdalsleden). Research aid only. Existing OSM object: way/699959902.
node/2785465804,https://www.openstreetmap.org/node/2785465804,Pilegrimssenter Oslo,59.9063300,10.7695950,information,,,44.4,1370273,missing,Proposed: add as member of relation 1370273 (Gudbrandsdalsleden). Do not modify existing members of relation 1370273 (Gudbrandsdalsleden). Research aid only. Existing OSM object: node/2785465804.
node/4537831470,https://www.openstreetmap.org/node/4537831470,,59.9535264,10.5482828,,shelter,,46.0,1370273,missing,Proposed: add as member of relation 1370273 (Gudbrandsdalsleden). Do not modify existing members of relation 1370273 (Gudbrandsdalsleden). Research aid only. Existing OSM object: node/4537831470.
node/13946282701,https://www.openstreetmap.org/node/13946282701,,60.1948652,10.3526767,,shelter,,48.4,1370273,missing,Proposed: add as member of relation 1370273 (Gudbrandsdalsleden). Do not modify existing members of relation 1370273 (Gudbrandsdalsleden). Research aid only. Existing OSM object: node/13946282701.
node/1694634845,https://www.openstreetmap.org/node/1694634845,Scandic Hotel,59.9222489,10.7510382,hotel,,,54.2,1370273,missing,Proposed: add as member of relation 1370273 (Gudbrandsdalsleden). Do not modify existing members of relation 1370273 (Gudbrandsdalsleden). Research aid only. Existing OSM object: node/1694634845.
node/202143404,https://www.openstreetmap.org/node/202143404,,61.0731770,10.4323287,picnic_site,,,62.6,1370273,missing,Proposed: add as member of relation 1370273 (Gudbrandsdalsleden). Do not modify existing members of relation 1370273 (Gudbrandsdalsleden). Research aid only. Existing OSM object: node/202143404.
way/116386028,https://www.openstreetmap.org/way/116386028,Saga Apartments Oslo,59.9246606,10.7203837,hotel,,apartments,62.9,1370273,missing,Proposed: add as member of relation 1370273 (Gudbrandsdalsleden). Do not modify existing members of relation 1370273 (Gudbrandsdalsleden). Research aid only. Existing OSM object: way/116386028.
way/697935467,https://www.openstreetmap.org/way/697935467,Sundvolden hotell,60.0622836,10.3114812,hotel,,hotel,68.0,1370273,missing,Proposed: add as member of relation 1370273 (Gudbrandsdalsleden). Do not modify existing members of relation 1370273 (Gudbrandsdalsleden). Research aid only. Existing OSM object: way/697935467.
way/334100476,https://www.openstreetmap.org/way/334100476,,59.9225661,10.7266403,,shelter,roof,74.6,1370273,missing,Proposed: add as member of relation 1370273 (Gudbrandsdalsleden). Do not modify existing members of relation 1370273 (Gudbrandsdalsleden). Research aid only. Existing OSM object: way/334100476.
way/300844259,https://www.openstreetmap.org/way/300844259,,60.7189191,10.8562435,picnic_site,,,83.4,1370273,missing,Proposed: add as member of relation 1370273 (Gudbrandsdalsleden). Do not modify existing members of relation 1370273 (Gudbrandsdalsleden). Research aid only. Existing OSM object: way/300844259.
way/1183725611,https://www.openstreetmap.org/way/1183725611,,60.2576455,10.4365636,,shelter,yes,85.8,1370273,missing,Proposed: add as member of relation 1370273 (Gudbrandsdalsleden). Do not modify existing members of relation 1370273 (Gudbrandsdalsleden). Research aid only. Existing OSM object: way/1183725611.
node/6836659194,https://www.openstreetmap.org/node/6836659194,NH Kontrast,59.9229740,10.7511060,guest_house,,,93.0,1370273,missing,Proposed: add as member of relation 1370273 (Gudbrandsdalsleden). Do not modify existing members of relation 1370273 (Gudbrandsdalsleden). Research aid only. Existing OSM object: node/6836659194.
way/788347927,https://www.openstreetmap.org/way/788347927,,60.0738915,10.2930376,,shelter,,93.5,1370273,missing,Proposed: add as member of relation 1370273 (Gudbrandsdalsleden). Do not modify existing members of relation 1370273 (Gudbrandsdalsleden). Research aid only. Existing OSM object: way/788347927.
way/730256679,https://www.openstreetmap.org/way/730256679,,61.1072961,10.4585462,,shelter,yes,97.6,1370273,missing,Proposed: add as member of relation 1370273 (Gudbrandsdalsleden). Do not modify existing members of relation 1370273 (Gudbrandsdalsleden). Research aid only. Existing OSM object: way/730256679.
way/1547668734,https://www.openstreetmap.org/way/1547668734,,60.9533925,10.6094697,,shelter,yes,103.5,1370273,missing,Proposed: add as member of relation 1370273 (Gudbrandsdalsleden). Do not modify existing members of relation 1370273 (Gudbrandsdalsleden). Research aid only. Existing OSM object: way/1547668734.
node/973872552,https://www.openstreetmap.org/node/973872552,Ellingsens Pensjonat,59.9229511,10.7223842,hotel,,,103.8,1370273,missing,Proposed: add as member of relation 1370273 (Gudbrandsdalsleden). Do not modify existing members of relation 1370273 (Gudbrandsdalsleden). Research aid only. Existing OSM object: node/973872552.
way/877601302,https://www.openstreetmap.org/way/877601302,,59.9076498,10.7811437,,shelter,yes,104.7,1370273,missing,Proposed: add as member of relation 1370273 (Gudbrandsdalsleden). Do not modify existing members of relation 1370273 (Gudbrandsdalsleden). Research aid only. Existing OSM object: way/877601302.
way/689981747,https://www.openstreetmap.org/way/689981747,,60.7187010,10.8579493,picnic_site,,,109.7,1370273,missing,Proposed: add as member of relation 1370273 (Gudbrandsdalsleden). Do not modify existing members of relation 1370273 (Gudbrandsdalsleden). Research aid only. Existing OSM object: way/689981747.
node/2306035888,https://www.openstreetmap.org/node/2306035888,,59.9310866,10.5584482,,shelter,,110.2,1370273,missing,Proposed: add as member of relation 1370273 (Gudbrandsdalsleden). Do not modify existing members of relation 1370273 (Gudbrandsdalsleden). Research aid only. Existing OSM object: node/2306035888.
node/3712490725,https://www.openstreetmap.org/node/3712490725,Saga Hotel Oslo,59.9228260,10.7203230,hotel,,,118.0,1370273,missing,Proposed: add as member of relation 1370273 (Gudbrandsdalsleden). Do not modify existing members of relation 1370273 (Gudbrandsdalsleden). Research aid only. Existing OSM object: node/3712490725.
way/951819525,https://www.openstreetmap.org/way/951819525,,60.7932647,10.6810993,,shelter,yes,123.8,1370273,missing,Proposed: add as member of relation 1370273 (Gudbrandsdalsleden). Do not modify existing members of relation 1370273 (Gudbrandsdalsleden). Research aid only. Existing OSM object: way/951819525.
node/6808271311,https://www.openstreetmap.org/node/6808271311,Brusveen gård,60.7915486,10.6768388,guest_house,,,140.3,1370273,missing,Proposed: add as member of relation 1370273 (Gudbrandsdalsleden). Do not modify existing members of relation 1370273 (Gudbrandsdalsleden). Research aid only. Existing OSM object: node/6808271311.
node/11816185322,https://www.openstreetmap.org/node/11816185322,The Sweet,59.9221971,10.7245687,hotel,,,151.6,1370273,missing,Proposed: add as member of relation 1370273 (Gudbrandsdalsleden). Do not modify existing members of relation 1370273 (Gudbrandsdalsleden). Research aid only. Existing OSM object: node/11816185322.
way/706329397,https://www.openstreetmap.org/way/706329397,,60.7227972,10.8531007,picnic_site,,,152.5,1370273,missing,Proposed: add as member of relation 1370273 (Gudbrandsdalsleden). Do not modify existing members of relation 1370273 (Gudbrandsdalsleden). Research aid only. Existing OSM object: way/706329397.
way/984255607,https://www.openstreetmap.org/way/984255607,Sløvika camping,60.2840555,10.4109430,camp_site,,,154.6,1370273,missing,Proposed: add as member of relation 1370273 (Gudbrandsdalsleden). Do not modify existing members of relation 1370273 (Gudbrandsdalsleden). Research aid only. Existing OSM object: way/984255607.
node/9833914371,https://www.openstreetmap.org/node/9833914371,,60.0565880,10.3119882,,shelter,,158.4,1370273,missing,Proposed: add as member of relation 1370273 (Gudbrandsdalsleden). Do not modify existing members of relation 1370273 (Gudbrandsdalsleden). Research aid only. Existing OSM object: node/9833914371.
way/698858586,https://www.openstreetmap.org/way/698858586,,60.3672527,10.5235928,,shelter,yes,160.9,1370273,missing,Proposed: add as member of relation 1370273 (Gudbrandsdalsleden). Do not modify existing members of relation 1370273 (Gudbrandsdalsleden). Research aid only. Existing OSM object: way/698858586.
node/931907584,https://www.openstreetmap.org/node/931907584,Thon Hotel Gyldenløve,59.9253176,10.7225571,hotel,,,161.7,1370273,missing,Proposed: add as member of relation 1370273 (Gudbrandsdalsleden). Do not modify existing members of relation 1370273 (Gudbrandsdalsleden). Research aid only. Existing OSM object: node/931907584.
way/1411955711,https://www.openstreetmap.org/way/1411955711,,59.9203330,10.7482909,,shelter,yes,182.3,1370273,missing,Proposed: add as member of relation 1370273 (Gudbrandsdalsleden). Do not modify existing members of relation 1370273 (Gudbrandsdalsleden). Research aid only. Existing OSM object: way/1411955711.
node/9833914416,https://www.openstreetmap.org/node/9833914416,,60.0594354,10.3099746,,shelter,,186.7,1370273,missing,Proposed: add as member of relation 1370273 (Gudbrandsdalsleden). Do not modify existing members of relation 1370273 (Gudbrandsdalsleden). Research aid only. Existing OSM object: node/9833914416.
way/334100475,https://www.openstreetmap.org/way/334100475,,59.9260880,10.7216064,,shelter,roof,191.7,1370273,missing,Proposed: add as member of relation 1370273 (Gudbrandsdalsleden). Do not modify existing members of relation 1370273 (Gudbrandsdalsleden). Research aid only. Existing OSM object: way/334100475.
way/882777273,https://www.openstreetmap.org/way/882777273,,59.9228209,10.7591229,,shelter,,194.0,1370273,missing,Proposed: add as member of relation 1370273 (Gudbrandsdalsleden). Do not modify existing members of relation 1370273 (Gudbrandsdalsleden). Research aid only. Existing OSM object: way/882777273.
way/689462207,https://www.openstreetmap.org/way/689462207,,60.7164787,10.8750819,picnic_site,,,196.5,1370273,missing,Proposed: add as member of relation 1370273 (Gudbrandsdalsleden). Do not modify existing members of relation 1370273 (Gudbrandsdalsleden). Research aid only. Existing OSM object: way/689462207.
way/882777274,https://www.openstreetmap.org/way/882777274,,59.9228706,10.7591208,,shelter,,199.5,1370273,missing,Proposed: add as member of relation 1370273 (Gudbrandsdalsleden). Do not modify existing members of relation 1370273 (Gudbrandsdalsleden). Research aid only. Existing OSM object: way/882777274.
way/882777275,https://www.openstreetmap.org/way/882777275,,59.9229965,10.7593138,,shelter,,213.5,1370273,missing,Proposed: add as member of relation 1370273 (Gudbrandsdalsleden). Do not modify existing members of relation 1370273 (Gudbrandsdalsleden). Research aid only. Existing OSM object: way/882777275.
way/334373007,https://www.openstreetmap.org/way/334373007,,59.9259339,10.7309698,,shelter,roof,214.1,1370273,missing,Proposed: add as member of relation 1370273 (Gudbrandsdalsleden). Do not modify existing members of relation 1370273 (Gudbrandsdalsleden). Research aid only. Existing OSM object: way/334373007.
node/1902970230,https://www.openstreetmap.org/node/1902970230,Hotell Hadeland,60.3713318,10.5328376,hotel,,,224.8,1370273,missing,Proposed: add as member of relation 1370273 (Gudbrandsdalsleden). Do not modify existing members of relation 1370273 (Gudbrandsdalsleden). Research aid only. Existing OSM object: node/1902970230.
way/334373004,https://www.openstreetmap.org/way/334373004,,59.9260135,10.7311889,,shelter,roof,227.4,1370273,missing,Proposed: add as member of relation 1370273 (Gudbrandsdalsleden). Do not modify existing members of relation 1370273 (Gudbrandsdalsleden). Research aid only. Existing OSM object: way/334373004.
node/9833914334,https://www.openstreetmap.org/node/9833914334,,60.0720092,10.2871078,,shelter,,236.1,1370273,missing,Proposed: add as member of relation 1370273 (Gudbrandsdalsleden). Do not modify existing members of relation 1370273 (Gudbrandsdalsleden). Research aid only. Existing OSM object: node/9833914334.
way/561767823,https://www.openstreetmap.org/way/561767823,,61.1126423,10.4681181,,shelter,yes,249.5,1370273,missing,Proposed: add as member of relation 1370273 (Gudbrandsdalsleden). Do not modify existing members of relation 1370273 (Gudbrandsdalsleden). Research aid only. Existing OSM object: way/561767823.
node/7342485154,https://www.openstreetmap.org/node/7342485154,,60.7975774,10.6906722,,shelter,,256.4,1370273,missing,Proposed: add as member of relation 1370273 (Gudbrandsdalsleden). Do not modify existing members of relation 1370273 (Gudbrandsdalsleden). Research aid only. Existing OSM object: node/7342485154.
way/808690974,https://www.openstreetmap.org/way/808690974,,61.1142010,10.4617161,,shelter,yes,270.7,1370273,missing,Proposed: add as member of relation 1370273 (Gudbrandsdalsleden). Do not modify existing members of relation 1370273 (Gudbrandsdalsleden). Research aid only. Existing OSM object: way/808690974.
node/14079742201,https://www.openstreetmap.org/node/14079742201,,59.9337500,10.5752016,guest_house,,,275.0,1370273,missing,Proposed: add as member of relation 1370273 (Gudbrandsdalsleden). Do not modify existing members of relation 1370273 (Gudbrandsdalsleden). Research aid only. Existing OSM object: node/14079742201.
node/7131583954,https://www.openstreetmap.org/node/7131583954,Sofienbergparken,59.9231358,10.7629364,picnic_site,,,277.1,1370273,missing,Proposed: add as member of relation 1370273 (Gudbrandsdalsleden). Do not modify existing members of relation 1370273 (Gudbrandsdalsleden). Research aid only. Existing OSM object: node/7131583954.
way/1192395517,https://www.openstreetmap.org/way/1192395517,Furuodden Camping,61.0220268,10.4583938,camp_site,,,281.8,1370273,missing,Proposed: add as member of relation 1370273 (Gudbrandsdalsleden). Do not modify existing members of relation 1370273 (Gudbrandsdalsleden). Research aid only. Existing OSM object: way/1192395517.
way/124373775,https://www.openstreetmap.org/way/124373775,First Hotel Breiseth,61.1144950,10.4635337,hotel,,hotel,281.9,1370273,missing,Proposed: add as member of relation 1370273 (Gudbrandsdalsleden). Do not modify existing members of relation 1370273 (Gudbrandsdalsleden). Research aid only. Existing OSM object: way/124373775.
way/819704339,https://www.openstreetmap.org/way/819704339,Piknikplen,59.9193652,10.7700564,picnic_site,,,284.1,1370273,missing,Proposed: add as member of relation 1370273 (Gudbrandsdalsleden). Do not modify existing members of relation 1370273 (Gudbrandsdalsleden). Research aid only. Existing OSM object: way/819704339.
node/973857205,https://www.openstreetmap.org/node/973857205,Cochs pensjonat,59.9206895,10.7281379,guest_house,,,298.2,1370273,missing,Proposed: add as member of relation 1370273 (Gudbrandsdalsleden). Do not modify existing members of relation 1370273 (Gudbrandsdalsleden). Research aid only. Existing OSM object: node/973857205.
node/6808271336,https://www.openstreetmap.org/node/6808271336,Lillehammer Vandrerhjem,61.1145019,10.4615405,hostel,,,305.2,1370273,missing,Proposed: add as member of relation 1370273 (Gudbrandsdalsleden). Do not modify existing members of relation 1370273 (Gudbrandsdalsleden). Research aid only. Existing OSM object: node/6808271336.
node/202126537,https://www.openstreetmap.org/node/202126537,,61.0055748,10.4878888,picnic_site,,,314.0,1370273,missing,Proposed: add as member of relation 1370273 (Gudbrandsdalsleden). Do not modify existing members of relation 1370273 (Gudbrandsdalsleden). Research aid only. Existing OSM object: node/202126537.
way/233882200,https://www.openstreetmap.org/way/233882200,Lysthus,59.9191763,10.7710779,,shelter,yes,317.9,1370273,missing,Proposed: add as member of relation 1370273 (Gudbrandsdalsleden). Do not modify existing members of relation 1370273 (Gudbrandsdalsleden). Research aid only. Existing OSM object: way/233882200.
node/6808271337,https://www.openstreetmap.org/node/6808271337,Stasjonen hotell Lillehammer,61.1146218,10.4615204,hotel,,,318.0,1370273,missing,Proposed: add as member of relation 1370273 (Gudbrandsdalsleden). Do not modify existing members of relation 1370273 (Gudbrandsdalsleden). Research aid only. Existing OSM object: node/6808271337.
node/6817579803,https://www.openstreetmap.org/node/6817579803,Maya Apartments Grünerløkka,59.9239437,10.7601008,apartment,,,321.1,1370273,missing,Proposed: add as member of relation 1370273 (Gudbrandsdalsleden). Do not modify existing members of relation 1370273 (Gudbrandsdalsleden). Research aid only. Existing OSM object: node/6817579803.
way/928778402,https://www.openstreetmap.org/way/928778402,,60.7150718,10.8784868,,shelter,hut,326.4,1370273,missing,Proposed: add as member of relation 1370273 (Gudbrandsdalsleden). Do not modify existing members of relation 1370273 (Gudbrandsdalsleden). Research aid only. Existing OSM object: way/928778402.
node/5168445354,https://www.openstreetmap.org/node/5168445354,,59.9343940,10.6084700,,shelter,,328.6,1370273,missing,Proposed: add as member of relation 1370273 (Gudbrandsdalsleden). Do not modify existing members of relation 1370273 (Gudbrandsdalsleden). Research aid only. Existing OSM object: node/5168445354.
way/1032657747,https://www.openstreetmap.org/way/1032657747,,59.9359297,10.5841564,,shelter,transportation,328.7,1370273,missing,Proposed: add as member of relation 1370273 (Gudbrandsdalsleden). Do not modify existing members of relation 1370273 (Gudbrandsdalsleden). Research aid only. Existing OSM object: way/1032657747.
way/696251572,https://www.openstreetmap.org/way/696251572,,60.7151435,10.8785898,picnic_site,,,333.4,1370273,missing,Proposed: add as member of relation 1370273 (Gudbrandsdalsleden). Do not modify existing members of relation 1370273 (Gudbrandsdalsleden). Research aid only. Existing OSM object: way/696251572.
way/928778403,https://www.openstreetmap.org/way/928778403,,60.7150270,10.8786512,,shelter,hut,334.4,1370273,missing,Proposed: add as member of relation 1370273 (Gudbrandsdalsleden). Do not modify existing members of relation 1370273 (Gudbrandsdalsleden). Research aid only. Existing OSM object: way/928778403.
node/6817579805,https://www.openstreetmap.org/node/6817579805,Camillas hus,59.9202344,10.7270162,guest_house,,,334.4,1370273,missing,Proposed: add as member of relation 1370273 (Gudbrandsdalsleden). Do not modify existing members of relation 1370273 (Gudbrandsdalsleden). Research aid only. Existing OSM object: node/6817579805.
node/475861368,https://www.openstreetmap.org/node/475861368,Anker Hotel,59.9175930,10.7580350,hotel,,,336.8,1370273,missing,Proposed: add as member of relation 1370273 (Gudbrandsdalsleden). Do not modify existing members of relation 1370273 (Gudbrandsdalsleden). Research aid only. Existing OSM object: node/475861368.
node/13353248252,https://www.openstreetmap.org/node/13353248252,,59.9134409,10.6358995,,shelter,,340.5,1370273,missing,Proposed: add as member of relation 1370273 (Gudbrandsdalsleden). Do not modify existing members of relation 1370273 (Gudbrandsdalsleden). Research aid only. Existing OSM object: node/13353248252.
node/2306036667,https://www.openstreetmap.org/node/2306036667,,59.9491567,10.5613186,,shelter,,343.7,1370273,missing,Proposed: add as member of relation 1370273 (Gudbrandsdalsleden). Do not modify existing members of relation 1370273 (Gudbrandsdalsleden). Research aid only. Existing OSM object: node/2306036667.
way/819704341,https://www.openstreetmap.org/way/819704341,Hagehuset,59.9181748,10.7728965,,shelter,civic,344.8,1370273,missing,Proposed: add as member of relation 1370273 (Gudbrandsdalsleden). Do not modify existing members of relation 1370273 (Gudbrandsdalsleden). Research aid only. Existing OSM object: way/819704341.
way/1449640472,https://www.openstreetmap.org/way/1449640472,,59.9132322,10.6383461,,shelter,roof,349.6,1370273,missing,Proposed: add as member of relation 1370273 (Gudbrandsdalsleden). Do not modify existing members of relation 1370273 (Gudbrandsdalsleden). Research aid only. Existing OSM object: way/1449640472.
way/1449640471,https://www.openstreetmap.org/way/1449640471,,59.9132209,10.6381714,,shelter,roof,350.7,1370273,missing,Proposed: add as member of relation 1370273 (Gudbrandsdalsleden). Do not modify existing members of relation 1370273 (Gudbrandsdalsleden). Research aid only. Existing OSM object: way/1449640471.
way/1449640470,https://www.openstreetmap.org/way/1449640470,,59.9131959,10.6374916,,shelter,roof,352.8,1370273,missing,Proposed: add as member of relation 1370273 (Gudbrandsdalsleden). Do not modify existing members of relation 1370273 (Gudbrandsdalsleden). Research aid only. Existing OSM object: way/1449640470.
way/1449640469,https://www.openstreetmap.org/way/1449640469,,59.9131967,10.6373195,,shelter,roof,353.2,1370273,missing,Proposed: add as member of relation 1370273 (Gudbrandsdalsleden). Do not modify existing members of relation 1370273 (Gudbrandsdalsleden). Research aid only. Existing OSM object: way/1449640469.
way/1449640473,https://www.openstreetmap.org/way/1449640473,,59.9130764,10.6377443,,shelter,roof,365.9,1370273,missing,Proposed: add as member of relation 1370273 (Gudbrandsdalsleden). Do not modify existing members of relation 1370273 (Gudbrandsdalsleden). Research aid only. Existing OSM object: way/1449640473.
way/1449640474,https://www.openstreetmap.org/way/1449640474,,59.9130394,10.6373978,,shelter,roof,370.4,1370273,missing,Proposed: add as member of relation 1370273 (Gudbrandsdalsleden). Do not modify existing members of relation 1370273 (Gudbrandsdalsleden). Research aid only. Existing OSM object: way/1449640474.
node/530783833,https://www.openstreetmap.org/node/530783833,Sæteren gård,59.9478038,10.5621885,wilderness_hut,,,371.2,1370273,missing,Proposed: add as member of relation 1370273 (Gudbrandsdalsleden). Do not modify existing members of relation 1370273 (Gudbrandsdalsleden). Research aid only. Existing OSM object: node/530783833.
node/7475490878,https://www.openstreetmap.org/node/7475490878,,61.0484144,10.4369554,,shelter,,371.5,1370273,missing,Proposed: add as member of relation 1370273 (Gudbrandsdalsleden). Do not modify existing members of relation 1370273 (Gudbrandsdalsleden). Research aid only. Existing OSM object: node/7475490878.
node/294016047,https://www.openstreetmap.org/node/294016047,Scandic Holberg,59.9196410,10.7344080,hotel,,,379.1,1370273,missing,Proposed: add as member of relation 1370273 (Gudbrandsdalsleden). Do not modify existing members of relation 1370273 (Gudbrandsdalsleden). Research aid only. Existing OSM object: node/294016047.
way/1126111621,https://www.openstreetmap.org/way/1126111621,,59.9170263,10.7584032,,shelter,,384.6,1370273,missing,Proposed: add as member of relation 1370273 (Gudbrandsdalsleden). Do not modify existing members of relation 1370273 (Gudbrandsdalsleden). Research aid only. Existing OSM object: way/1126111621.
way/1126111625,https://www.openstreetmap.org/way/1126111625,,59.9170602,10.7581311,,shelter,,387.2,1370273,missing,Proposed: add as member of relation 1370273 (Gudbrandsdalsleden). Do not modify existing members of relation 1370273 (Gudbrandsdalsleden). Research aid only. Existing OSM object: way/1126111625.
node/6465581052,https://www.openstreetmap.org/node/6465581052,Sætra,59.9478989,10.5624965,chalet,,,388.1,1370273,missing,Proposed: add as member of relation 1370273 (Gudbrandsdalsleden). Do not modify existing members of relation 1370273 (Gudbrandsdalsleden). Research aid only. Existing OSM object: node/6465581052.
node/1478834689,https://www.openstreetmap.org/node/1478834689,Gjøvik Vandrerhjem Hovdetun,60.7976640,10.6716910,hostel,,,397.5,1370273,missing,Proposed: add as member of relation 1370273 (Gudbrandsdalsleden). Do not modify existing members of relation 1370273 (Gudbrandsdalsleden). Research aid only. Existing OSM object: node/1478834689.
node/475861369,https://www.openstreetmap.org/node/475861369,Anker Hostel,59.9170480,10.7576500,hostel,,,400.3,1370273,missing,Proposed: add as member of relation 1370273 (Gudbrandsdalsleden). Do not modify existing members of relation 1370273 (Gudbrandsdalsleden). Research aid only. Existing OSM object: node/475861369.
node/2293829196,https://www.openstreetmap.org/node/2293829196,,59.9502500,10.5621882,,shelter,,437.3,1370273,missing,Proposed: add as member of relation 1370273 (Gudbrandsdalsleden). Do not modify existing members of relation 1370273 (Gudbrandsdalsleden). Research aid only. Existing OSM object: node/2293829196.
node/772338808,https://www.openstreetmap.org/node/772338808,Kløverhotellet,60.8050696,10.6783425,hotel,,,451.6,1370273,missing,Proposed: add as member of relation 1370273 (Gudbrandsdalsleden). Do not modify existing members of relation 1370273 (Gudbrandsdalsleden). Research aid only. Existing OSM object: node/772338808.
way/1192395534,https://www.openstreetmap.org/way/1192395534,Flutua Camping,61.0014399,10.5000143,camp_site,,,452.1,1370273,missing,Proposed: add as member of relation 1370273 (Gudbrandsdalsleden). Do not modify existing members of relation 1370273 (Gudbrandsdalsleden). Research aid only. Existing OSM object: way/1192395534.
way/515633589,https://www.openstreetmap.org/way/515633589,,59.9336651,10.6004401,,shelter,,456.5,1370273,missing,Proposed: add as member of relation 1370273 (Gudbrandsdalsleden). Do not modify existing members of relation 1370273 (Gudbrandsdalsleden). Research aid only. Existing OSM object: way/515633589.
node/9094916966,https://www.openstreetmap.org/node/9094916966,,60.4174349,10.4908646,picnic_site,,,468.5,1370273,missing,Proposed: add as member of relation 1370273 (Gudbrandsdalsleden). Do not modify existing members of relation 1370273 (Gudbrandsdalsleden). Research aid only. Existing OSM object: node/9094916966.
node/25715271,https://www.openstreetmap.org/node/25715271,Scandic St. Olavs plass,59.9182220,10.7397121,hotel,,,471.3,1370273,missing,Proposed: add as member of relation 1370273 (Gudbrandsdalsleden). Do not modify existing members of relation 1370273 (Gudbrandsdalsleden). Research aid only. Existing OSM object: node/25715271.
way/1032782910,https://www.openstreetmap.org/way/1032782910,Jar kirke,59.9175494,10.6173704,,shelter,transportation,479.8,1370273,missing,Proposed: add as member of relation 1370273 (Gudbrandsdalsleden). Do not modify existing members of relation 1370273 (Gudbrandsdalsleden). Research aid only. Existing OSM object: way/1032782910.
node/973857863,https://www.openstreetmap.org/node/973857863,Thon Hotel Slottsparken,59.9185360,10.7321280,hotel,,,490.9,1370273,missing,Proposed: add as member of relation 1370273 (Gudbrandsdalsleden). Do not modify existing members of relation 1370273 (Gudbrandsdalsleden). Research aid only. Existing OSM object: node/973857863.
node/33730394,https://www.openstreetmap.org/node/33730394,"Radisson Blu Scandinavia Hotel, Oslo",59.9184460,10.7341080,hotel,,,508.0,1370273,missing,Proposed: add as member of relation 1370273 (Gudbrandsdalsleden). Do not modify existing members of relation 1370273 (Gudbrandsdalsleden). Research aid only. Existing OSM object: node/33730394.
way/133325958,https://www.openstreetmap.org/way/133325958,Frogner House Apartments,59.9182739,10.7061708,hotel,,hotel,508.4,1370273,missing,Proposed: add as member of relation 1370273 (Gudbrandsdalsleden). Do not modify existing members of relation 1370273 (Gudbrandsdalsleden). Research aid only. Existing OSM object: way/133325958.
way/698351021,https://www.openstreetmap.org/way/698351021,,60.2608541,10.4411457,,shelter,yes,509.5,1370273,missing,Proposed: add as member of relation 1370273 (Gudbrandsdalsleden). Do not modify existing members of relation 1370273 (Gudbrandsdalsleden). Research aid only. Existing OSM object: way/698351021.
node/6817579802,https://www.openstreetmap.org/node/6817579802,Forenom Aparthotel Oslo,59.9138482,10.7600141,apartment,,,520.2,1370273,missing,Proposed: add as member of relation 1370273 (Gudbrandsdalsleden). Do not modify existing members of relation 1370273 (Gudbrandsdalsleden). Research aid only. Existing OSM object: node/6817579802.
node/855041738,https://www.openstreetmap.org/node/855041738,Solstua,60.0470635,10.3290670,chalet,,,522.8,1370273,missing,Proposed: add as member of relation 1370273 (Gudbrandsdalsleden). Do not modify existing members of relation 1370273 (Gudbrandsdalsleden). Research aid only. Existing OSM object: node/855041738.
way/698351020,https://www.openstreetmap.org/way/698351020,,60.2610001,10.4413065,,shelter,yes,527.6,1370273,missing,Proposed: add as member of relation 1370273 (Gudbrandsdalsleden). Do not modify existing members of relation 1370273 (Gudbrandsdalsleden). Research aid only. Existing OSM object: way/698351020.
way/698351019,https://www.openstreetmap.org/way/698351019,,60.2610568,10.4414608,,shelter,yes,537.9,1370273,missing,Proposed: add as member of relation 1370273 (Gudbrandsdalsleden). Do not modify existing members of relation 1370273 (Gudbrandsdalsleden). Research aid only. Existing OSM object: way/698351019.
node/503690150,https://www.openstreetmap.org/node/503690150,Quality Hotel Strand,60.7944547,10.6941497,hotel,,,539.6,1370273,missing,Proposed: add as member of relation 1370273 (Gudbrandsdalsleden). Do not modify existing members of relation 1370273 (Gudbrandsdalsleden). Research aid only. Existing OSM object: node/503690150.
node/9068670005,https://www.openstreetmap.org/node/9068670005,,60.8432074,10.6858588,picnic_site,,,540.3,1370273,missing,Proposed: add as member of relation 1370273 (Gudbrandsdalsleden). Do not modify existing members of relation 1370273 (Gudbrandsdalsleden). Research aid only. Existing OSM object: node/9068670005.
node/4131364916,https://www.openstreetmap.org/node/4131364916,Smarthotel Oslo,59.9177567,10.7365472,hotel,,,543.1,1370273,missing,Proposed: add as member of relation 1370273 (Gudbrandsdalsleden). Do not modify existing members of relation 1370273 (Gudbrandsdalsleden). Research aid only. Existing OSM object: node/4131364916.
node/307504199,https://www.openstreetmap.org/node/307504199,Thon Hotel Europa,59.9179070,10.7349390,hotel,,,547.2,1370273,missing,Proposed: add as member of relation 1370273 (Gudbrandsdalsleden). Do not modify existing members of relation 1370273 (Gudbrandsdalsleden). Research aid only. Existing OSM object: node/307504199.
way/112243882,https://www.openstreetmap.org/way/112243882,Comfort Hotel Xpress,59.9164310,10.7495678,hotel,,school,549.2,1370273,missing,Proposed: add as member of relation 1370273 (Gudbrandsdalsleden). Do not modify existing members of relation 1370273 (Gudbrandsdalsleden). Research aid only. Existing OSM object: way/112243882.
node/1902970232,https://www.openstreetmap.org/node/1902970232,Sanner Hotell,60.3657000,10.5384000,hotel,,,550.6,1370273,missing,Proposed: add as member of relation 1370273 (Gudbrandsdalsleden). Do not modify existing members of relation 1370273 (Gudbrandsdalsleden). Research aid only. Existing OSM object: node/1902970232.
way/1454354948,https://www.openstreetmap.org/way/1454354948,,59.9115408,10.6414663,,shelter,yes,568.1,1370273,missing,Proposed: add as member of relation 1370273 (Gudbrandsdalsleden). Do not modify existing members of relation 1370273 (Gudbrandsdalsleden). Research aid only. Existing OSM object: way/1454354948.
node/6808271332,https://www.openstreetmap.org/node/6808271332,Scandic Victoria Lillehammer,61.1170984,10.4642804,hotel,,,572.1,1370273,missing,Proposed: add as member of relation 1370273 (Gudbrandsdalsleden). Do not modify existing members of relation 1370273 (Gudbrandsdalsleden). Research aid only. Existing OSM object: node/6808271332.
way/123984863,https://www.openstreetmap.org/way/123984863,Aksjemøllen - by Classic Norway Hotels,61.1171441,10.4622778,hotel,,hotel,581.3,1370273,missing,Proposed: add as member of relation 1370273 (Gudbrandsdalsleden). Do not modify existing members of relation 1370273 (Gudbrandsdalsleden). Research aid only. Existing OSM object: way/123984863.
node/1259163400,https://www.openstreetmap.org/node/1259163400,Klækken Hotell,60.1677374,10.3252082,hotel,,,581.8,1370273,missing,Proposed: add as member of relation 1370273 (Gudbrandsdalsleden). Do not modify existing members of relation 1370273 (Gudbrandsdalsleden). Research aid only. Existing OSM object: node/1259163400.
node/6808271317,https://www.openstreetmap.org/node/6808271317,Annexstad gård,60.7504677,10.7482257,guest_house,,,588.1,1370273,missing,Proposed: add as member of relation 1370273 (Gudbrandsdalsleden). Do not modify existing members of relation 1370273 (Gudbrandsdalsleden). Research aid only. Existing OSM object: node/6808271317.
way/727490344,https://www.openstreetmap.org/way/727490344,Clarion Hotel Oslo,59.9077032,10.7570047,hotel,,hotel,590.6,1370273,missing,Proposed: add as member of relation 1370273 (Gudbrandsdalsleden). Do not modify existing members of relation 1370273 (Gudbrandsdalsleden). Research aid only. Existing OSM object: way/727490344.
way/939495054,https://www.openstreetmap.org/way/939495054,,60.7809056,10.6780809,,shelter,yes,592.9,1370273,missing,Proposed: add as member of relation 1370273 (Gudbrandsdalsleden). Do not modify existing members of relation 1370273 (Gudbrandsdalsleden). Research aid only. Existing OSM object: way/939495054.
node/6808271314,https://www.openstreetmap.org/node/6808271314,Øvergaard,61.1159835,10.4710007,guest_house,,,595.2,1370273,missing,Proposed: add as member of relation 1370273 (Gudbrandsdalsleden). Do not modify existing members of relation 1370273 (Gudbrandsdalsleden). Research aid only. Existing OSM object: node/6808271314.
node/60753744,https://www.openstreetmap.org/node/60753744,MediInn Hotel Oslo,59.9170003,10.7420746,hotel,,,599.6,1370273,missing,Proposed: add as member of relation 1370273 (Gudbrandsdalsleden). Do not modify existing members of relation 1370273 (Gudbrandsdalsleden). Research aid only. Existing OSM object: node/60753744.
way/311012217,https://www.openstreetmap.org/way/311012217,,59.9288117,10.7497196,,shelter,roof,609.9,1370273,missing,Proposed: add as member of relation 1370273 (Gudbrandsdalsleden). Do not modify existing members of relation 1370273 (Gudbrandsdalsleden). Research aid only. Existing OSM object: way/311012217.
node/9068670876,https://www.openstreetmap.org/node/9068670876,,60.7987847,10.6968039,picnic_site,,,610.0,1370273,missing,Proposed: add as member of relation 1370273 (Gudbrandsdalsleden). Do not modify existing members of relation 1370273 (Gudbrandsdalsleden). Research aid only. Existing OSM object: node/9068670876.
node/6808271322,https://www.openstreetmap.org/node/6808271322,Suttestad gård,61.1037506,10.4677927,guest_house,,,610.3,1370273,missing,Proposed: add as member of relation 1370273 (Gudbrandsdalsleden). Do not modify existing members of relation 1370273 (Gudbrandsdalsleden). Research aid only. Existing OSM object: node/6808271322.
way/557789196,https://www.openstreetmap.org/way/557789196,,61.1175181,10.4640297,,shelter,yes,618.2,1370273,missing,Proposed: add as member of relation 1370273 (Gudbrandsdalsleden). Do not modify existing members of relation 1370273 (Gudbrandsdalsleden). Research aid only. Existing OSM object: way/557789196.
way/334382281,https://www.openstreetmap.org/way/334382281,,59.9294930,10.7328679,,shelter,roof,618.8,1370273,missing,Proposed: add as member of relation 1370273 (Gudbrandsdalsleden). Do not modify existing members of relation 1370273 (Gudbrandsdalsleden). Research aid only. Existing OSM object: way/334382281.
node/495836697,https://www.openstreetmap.org/node/495836697,,60.7991496,10.6969040,picnic_site,,,627.4,1370273,missing,Proposed: add as member of relation 1370273 (Gudbrandsdalsleden). Do not modify existing members of relation 1370273 (Gudbrandsdalsleden). Research aid only. Existing OSM object: node/495836697.
way/865719379,https://www.openstreetmap.org/way/865719379,,59.9080502,10.7568265,,shelter,,628.3,1370273,missing,Proposed: add as member of relation 1370273 (Gudbrandsdalsleden). Do not modify existing members of relation 1370273 (Gudbrandsdalsleden). Research aid only. Existing OSM object: way/865719379.
way/865719381,https://www.openstreetmap.org/way/865719381,,59.9079991,10.7566552,,shelter,,628.8,1370273,missing,Proposed: add as member of relation 1370273 (Gudbrandsdalsleden). Do not modify existing members of relation 1370273 (Gudbrandsdalsleden). Research aid only. Existing OSM object: way/865719381.
node/417226389,https://www.openstreetmap.org/node/417226389,Scandic Sjølyst,59.9201938,10.6828352,hotel,,,632.9,1370273,missing,Proposed: add as member of relation 1370273 (Gudbrandsdalsleden). Do not modify existing members of relation 1370273 (Gudbrandsdalsleden). Research aid only. Existing OSM object: node/417226389.
way/865719380,https://www.openstreetmap.org/way/865719380,,59.9081297,10.7569021,,shelter,,633.4,1370273,missing,Proposed: add as member of relation 1370273 (Gudbrandsdalsleden). Do not modify existing members of relation 1370273 (Gudbrandsdalsleden). Research aid only. Existing OSM object: way/865719380.
way/334382279,https://www.openstreetmap.org/way/334382279,,59.9295910,10.7331291,,shelter,roof,634.2,1370273,missing,Proposed: add as member of relation 1370273 (Gudbrandsdalsleden). Do not modify existing members of relation 1370273 (Gudbrandsdalsleden). Research aid only. Existing OSM object: way/334382279.
way/547519220,https://www.openstreetmap.org/way/547519220,,59.9081909,10.7570341,,shelter,,635.3,1370273,missing,Proposed: add as member of relation 1370273 (Gudbrandsdalsleden). Do not modify existing members of relation 1370273 (Gudbrandsdalsleden). Research aid only. Existing OSM object: way/547519220.
way/286882949,https://www.openstreetmap.org/way/286882949,,59.9208371,10.7807209,,shelter,roof,650.5,1370273,missing,Proposed: add as member of relation 1370273 (Gudbrandsdalsleden). Do not modify existing members of relation 1370273 (Gudbrandsdalsleden). Research aid only. Existing OSM object: way/286882949.
way/286882950,https://www.openstreetmap.org/way/286882950,,59.9209287,10.7804245,,shelter,roof,655.3,1370273,missing,Proposed: add as member of relation 1370273 (Gudbrandsdalsleden). Do not modify existing members of relation 1370273 (Gudbrandsdalsleden). Research aid only. Existing OSM object: way/286882950.
node/9851317250,https://www.openstreetmap.org/node/9851317250,Clarion Collection Hotel Savoy,59.9166190,10.7383460,hotel,,,660.7,1370273,missing,Proposed: add as member of relation 1370273 (Gudbrandsdalsleden). Do not modify existing members of relation 1370273 (Gudbrandsdalsleden). Research aid only. Existing OSM object: node/9851317250.
node/13393277501,https://www.openstreetmap.org/node/13393277501,Numa Oslo Hotel,59.9178284,10.7184040,hotel,,,677.2,1370273,missing,Proposed: add as member of relation 1370273 (Gudbrandsdalsleden). Do not modify existing members of relation 1370273 (Gudbrandsdalsleden). Research aid only. Existing OSM object: node/13393277501.
node/6808271312,https://www.openstreetmap.org/node/6808271312,Vertshuset V-E6,60.9573243,10.6226125,guest_house,,,688.7,1370273,missing,Proposed: add as member of relation 1370273 (Gudbrandsdalsleden). Do not modify existing members of relation 1370273 (Gudbrandsdalsleden). Research aid only. Existing OSM object: node/6808271312.
node/3211480328,https://www.openstreetmap.org/node/3211480328,,60.2367039,10.4307479,,shelter,,690.2,1370273,missing,Proposed: add as member of relation 1370273 (Gudbrandsdalsleden). Do not modify existing members of relation 1370273 (Gudbrandsdalsleden). Research aid only. Existing OSM object: node/3211480328.
node/6235965895,https://www.openstreetmap.org/node/6235965895,Thon Hotel Spectrum,59.9140173,10.7557581,hotel,,,704.5,1370273,missing,Proposed: add as member of relation 1370273 (Gudbrandsdalsleden). Do not modify existing members of relation 1370273 (Gudbrandsdalsleden). Research aid only. Existing OSM object: node/6235965895.
node/9424855650,https://www.openstreetmap.org/node/9424855650,,59.9217511,10.7766592,picnic_site,,,720.0,1370273,missing,Proposed: add as member of relation 1370273 (Gudbrandsdalsleden). Do not modify existing members of relation 1370273 (Gudbrandsdalsleden). Research aid only. Existing OSM object: node/9424855650.
way/28473177,https://www.openstreetmap.org/way/28473177,Ekeberg Camping,59.8979876,10.7709462,camp_site,,,723.4,1370273,missing,Proposed: add as member of relation 1370273 (Gudbrandsdalsleden). Do not modify existing members of relation 1370273 (Gudbrandsdalsleden). Research aid only. Existing OSM object: way/28473177.
way/743409558,https://www.openstreetmap.org/way/743409558,,60.0486433,10.3210821,,shelter,yes,728.8,1370273,missing,Proposed: add as member of relation 1370273 (Gudbrandsdalsleden). Do not modify existing members of relation 1370273 (Gudbrandsdalsleden). Research aid only. Existing OSM object: way/743409558.
node/376571925,https://www.openstreetmap.org/node/376571925,Thon Hotel Rosenkrantz,59.9156730,10.7405000,hotel,parking,,747.3,1370273,missing,Proposed: add as member of relation 1370273 (Gudbrandsdalsleden). Do not modify existing members of relation 1370273 (Gudbrandsdalsleden). Research aid only. Existing OSM object: node/376571925.
node/8293389990,https://www.openstreetmap.org/node/8293389990,,60.0454265,10.3265635,,shelter,,749.8,1370273,missing,Proposed: add as member of relation 1370273 (Gudbrandsdalsleden). Do not modify existing members of relation 1370273 (Gudbrandsdalsleden). Research aid only. Existing OSM object: node/8293389990.
way/1040907160,https://www.openstreetmap.org/way/1040907160,,59.9164287,10.7251072,,shelter,yes,759.0,1370273,missing,Proposed: add as member of relation 1370273 (Gudbrandsdalsleden). Do not modify existing members of relation 1370273 (Gudbrandsdalsleden). Research aid only. Existing OSM object: way/1040907160.
node/9588871624,https://www.openstreetmap.org/node/9588871624,,59.9301991,10.7501814,picnic_site,,,766.2,1370273,missing,Proposed: add as member of relation 1370273 (Gudbrandsdalsleden). Do not modify existing members of relation 1370273 (Gudbrandsdalsleden). Research aid only. Existing OSM object: node/9588871624.
node/2790244101,https://www.openstreetmap.org/node/2790244101,Bunks at Rode,59.9273168,10.7668559,hostel,,,779.7,1370273,missing,Proposed: add as member of relation 1370273 (Gudbrandsdalsleden). Do not modify existing members of relation 1370273 (Gudbrandsdalsleden). Research aid only. Existing OSM object: node/2790244101.
way/38498761,https://www.openstreetmap.org/way/38498761,Lillehammer Camping,61.1013680,10.4624966,camp_site,,,785.8,1370273,missing,Proposed: add as member of relation 1370273 (Gudbrandsdalsleden). Do not modify existing members of relation 1370273 (Gudbrandsdalsleden). Research aid only. Existing OSM object: way/38498761.
way/1125840637,https://www.openstreetmap.org/way/1125840637,,59.9141403,10.7518723,,shelter,,789.8,1370273,missing,Proposed: add as member of relation 1370273 (Gudbrandsdalsleden). Do not modify existing members of relation 1370273 (Gudbrandsdalsleden). Research aid only. Existing OSM object: way/1125840637.
way/743448532,https://www.openstreetmap.org/way/743448532,,60.0492717,10.3087595,,shelter,yes,790.7,1370273,missing,Proposed: add as member of relation 1370273 (Gudbrandsdalsleden). Do not modify existing members of relation 1370273 (Gudbrandsdalsleden). Research aid only. Existing OSM object: way/743448532.
way/1509499373,https://www.openstreetmap.org/way/1509499373,"Radisson Blu Plaza Hotel, Oslo",59.9123688,10.7561176,hotel,,hotel,792.6,1370273,missing,Proposed: add as member of relation 1370273 (Gudbrandsdalsleden). Do not modify existing members of relation 1370273 (Gudbrandsdalsleden). Research aid only. Existing OSM object: way/1509499373.
way/227694922,https://www.openstreetmap.org/way/227694922,,61.1142980,10.4494413,,shelter,,796.1,1370273,missing,Proposed: add as member of relation 1370273 (Gudbrandsdalsleden). Do not modify existing members of relation 1370273 (Gudbrandsdalsleden). Research aid only. Existing OSM object: way/227694922.
way/1049856658,https://www.openstreetmap.org/way/1049856658,,59.9671830,10.5477829,,shelter,yes,802.8,1370273,missing,Proposed: add as member of relation 1370273 (Gudbrandsdalsleden). Do not modify existing members of relation 1370273 (Gudbrandsdalsleden). Research aid only. Existing OSM object: way/1049856658.
node/1929813126,https://www.openstreetmap.org/node/1929813126,Hotel Bristol,59.9151620,10.7397120,hotel,,,807.8,1370273,missing,Proposed: add as member of relation 1370273 (Gudbrandsdalsleden). Do not modify existing members of relation 1370273 (Gudbrandsdalsleden). Research aid only. Existing OSM object: node/1929813126.
way/938568708,https://www.openstreetmap.org/way/938568708,,59.9139601,10.7516756,,shelter,,810.6,1370273,missing,Proposed: add as member of relation 1370273 (Gudbrandsdalsleden). Do not modify existing members of relation 1370273 (Gudbrandsdalsleden). Research aid only. Existing OSM object: way/938568708.
node/4738519186,https://www.openstreetmap.org/node/4738519186,Home Hotel Folketeateret,59.9139807,10.7505941,hotel,,,812.4,1370273,missing,Proposed: add as member of relation 1370273 (Gudbrandsdalsleden). Do not modify existing members of relation 1370273 (Gudbrandsdalsleden). Research aid only. Existing OSM object: node/4738519186.
way/1125840636,https://www.openstreetmap.org/way/1125840636,,59.9139528,10.7512488,,shelter,,813.4,1370273,missing,Proposed: add as member of relation 1370273 (Gudbrandsdalsleden). Do not modify existing members of relation 1370273 (Gudbrandsdalsleden). Research aid only. Existing OSM object: way/1125840636.
node/6465581105,https://www.openstreetmap.org/node/6465581105,Brunkollen turisthytte,59.9673570,10.5473883,chalet,,,814.0,1370273,missing,Proposed: add as member of relation 1370273 (Gudbrandsdalsleden). Do not modify existing members of relation 1370273 (Gudbrandsdalsleden). Research aid only. Existing OSM object: node/6465581105.
node/9588871622,https://www.openstreetmap.org/node/9588871622,,59.9306808,10.7500805,picnic_site,,,818.7,1370273,missing,Proposed: add as member of relation 1370273 (Gudbrandsdalsleden). Do not modify existing members of relation 1370273 (Gudbrandsdalsleden). Research aid only. Existing OSM object: node/9588871622.
way/932356471,https://www.openstreetmap.org/way/932356471,,60.7993561,10.6551987,,shelter,yes,824.5,1370273,missing,Proposed: add as member of relation 1370273 (Gudbrandsdalsleden). Do not modify existing members of relation 1370273 (Gudbrandsdalsleden). Research aid only. Existing OSM object: way/932356471.
node/6808271331,https://www.openstreetmap.org/node/6808271331,Clarion Collection Hotel Lillehammer,61.1194005,10.4627831,hotel,,,828.6,1370273,missing,Proposed: add as member of relation 1370273 (Gudbrandsdalsleden). Do not modify existing members of relation 1370273 (Gudbrandsdalsleden). Research aid only. Existing OSM object: node/6808271331.
way/153309337,https://www.openstreetmap.org/way/153309337,Kleivstua,60.0467945,10.3215189,hotel,,hotel,831.8,1370273,missing,Proposed: add as member of relation 1370273 (Gudbrandsdalsleden). Do not modify existing members of relation 1370273 (Gudbrandsdalsleden). Research aid only. Existing OSM object: way/153309337.
way/938568697,https://www.openstreetmap.org/way/938568697,,59.9137764,10.7510582,,shelter,,833.7,1370273,missing,Proposed: add as member of relation 1370273 (Gudbrandsdalsleden). Do not modify existing members of relation 1370273 (Gudbrandsdalsleden). Research aid only. Existing OSM object: way/938568697.
node/3663316129,https://www.openstreetmap.org/node/3663316129,Odin Camping AS,60.0948430,10.1849060,camp_site,,,838.1,1370273,missing,Proposed: add as member of relation 1370273 (Gudbrandsdalsleden). Do not modify existing members of relation 1370273 (Gudbrandsdalsleden). Research aid only. Existing OSM object: node/3663316129.
node/6817579804,https://www.openstreetmap.org/node/6817579804,Frogner House Apartments,59.9164835,10.7161425,apartment,,,847.6,1370273,missing,Proposed: add as member of relation 1370273 (Gudbrandsdalsleden). Do not modify existing members of relation 1370273 (Gudbrandsdalsleden). Research aid only. Existing OSM object: node/6817579804.
node/1437766224,https://www.openstreetmap.org/node/1437766224,Hotell Bondeheimen,59.9147106,10.7403548,hotel,,,854.6,1370273,missing,Proposed: add as member of relation 1370273 (Gudbrandsdalsleden). Do not modify existing members of relation 1370273 (Gudbrandsdalsleden). Research aid only. Existing OSM object: node/1437766224.
node/679406857,https://www.openstreetmap.org/node/679406857,Thon Hotel Terminus,59.9133630,10.7528010,hotel,,,868.8,1370273,missing,Proposed: add as member of relation 1370273 (Gudbrandsdalsleden). Do not modify existing members of relation 1370273 (Gudbrandsdalsleden). Research aid only. Existing OSM object: node/679406857.
way/8874969,https://www.openstreetmap.org/way/8874969,Thon Hotel Opera,59.9097336,10.7535252,hotel,,hotel,886.7,1370273,missing,Proposed: add as member of relation 1370273 (Gudbrandsdalsleden). Do not modify existing members of relation 1370273 (Gudbrandsdalsleden). Research aid only. Existing OSM object: way/8874969.
node/864946066,https://www.openstreetmap.org/node/864946066,P-Hotels Oslo,59.9143950,10.7418960,hotel,,,888.4,1370273,missing,Proposed: add as member of relation 1370273 (Gudbrandsdalsleden). Do not modify existing members of relation 1370273 (Gudbrandsdalsleden). Research aid only. Existing OSM object: node/864946066.
node/1884362795,https://www.openstreetmap.org/node/1884362795,Scandic Grensen,59.9143770,10.7412730,hotel,,,889.9,1370273,missing,Proposed: add as member of relation 1370273 (Gudbrandsdalsleden). Do not modify existing members of relation 1370273 (Gudbrandsdalsleden). Research aid only. Existing OSM object: node/1884362795.
node/5015490124,https://www.openstreetmap.org/node/5015490124,Scandic Karl Johan,59.9141673,10.7408032,hotel,,,913.7,1370273,missing,Proposed: add as member of relation 1370273 (Gudbrandsdalsleden). Do not modify existing members of relation 1370273 (Gudbrandsdalsleden). Research aid only. Existing OSM object: node/5015490124.
way/641273411,https://www.openstreetmap.org/way/641273411,,61.1151496,10.4475316,,shelter,yes,917.2,1370273,missing,Proposed: add as member of relation 1370273 (Gudbrandsdalsleden). Do not modify existing members of relation 1370273 (Gudbrandsdalsleden). Research aid only. Existing OSM object: way/641273411.
way/810171232,https://www.openstreetmap.org/way/810171232,,59.9144221,10.7356146,,shelter,roof,917.5,1370273,missing,Proposed: add as member of relation 1370273 (Gudbrandsdalsleden). Do not modify existing members of relation 1370273 (Gudbrandsdalsleden). Research aid only. Existing OSM object: way/810171232.
node/495836821,https://www.openstreetmap.org/node/495836821,,60.7946424,10.7020340,picnic_site,,,919.5,1370273,missing,Proposed: add as member of relation 1370273 (Gudbrandsdalsleden). Do not modify existing members of relation 1370273 (Gudbrandsdalsleden). Research aid only. Existing OSM object: node/495836821.
way/123984864,https://www.openstreetmap.org/way/123984864,Scandic Lillehammer Hotel,61.1172918,10.4769789,hotel,,hotel,927.8,1370273,missing,Proposed: add as member of relation 1370273 (Gudbrandsdalsleden). Do not modify existing members of relation 1370273 (Gudbrandsdalsleden). Research aid only. Existing OSM object: way/123984864.
way/668574262,https://www.openstreetmap.org/way/668574262,,60.2530874,10.4497372,,shelter,yes,938.9,1370273,missing,Proposed: add as member of relation 1370273 (Gudbrandsdalsleden). Do not modify existing members of relation 1370273 (Gudbrandsdalsleden). Research aid only. Existing OSM object: way/668574262.
way/612311647,https://www.openstreetmap.org/way/612311647,Odin Camping,60.0959379,10.1847110,camp_site,,,939.1,1370273,missing,Proposed: add as member of relation 1370273 (Gudbrandsdalsleden). Do not modify existing members of relation 1370273 (Gudbrandsdalsleden). Research aid only. Existing OSM object: way/612311647.
node/2785848162,https://www.openstreetmap.org/node/2785848162,Karl Johan hotell,59.9140450,10.7386260,hotel,,,939.2,1370273,missing,Proposed: add as member of relation 1370273 (Gudbrandsdalsleden). Do not modify existing members of relation 1370273 (Gudbrandsdalsleden). Research aid only. Existing OSM object: node/2785848162.
way/88639599,https://www.openstreetmap.org/way/88639599,Sommerro,59.9153565,10.7197040,hotel,,hotel,947.0,1370273,missing,Proposed: add as member of relation 1370273 (Gudbrandsdalsleden). Do not modify existing members of relation 1370273 (Gudbrandsdalsleden). Research aid only. Existing OSM object: way/88639599.
node/495836753,https://www.openstreetmap.org/node/495836753,,60.7909632,10.7016015,picnic_site,,,953.6,1370273,missing,Proposed: add as member of relation 1370273 (Gudbrandsdalsleden). Do not modify existing members of relation 1370273 (Gudbrandsdalsleden). Research aid only. Existing OSM object: node/495836753.
node/307505492,https://www.openstreetmap.org/node/307505492,Grand Hotel,59.9137334,10.7394776,hotel,,,967.1,1370273,missing,Proposed: add as member of relation 1370273 (Gudbrandsdalsleden). Do not modify existing members of relation 1370273 (Gudbrandsdalsleden). Research aid only. Existing OSM object: node/307505492.
node/3663316149,https://www.openstreetmap.org/node/3663316149,Onsakervika Camping,60.0942700,10.1806590,camp_site,,,972.0,1370273,missing,Proposed: add as member of relation 1370273 (Gudbrandsdalsleden). Do not modify existing members of relation 1370273 (Gudbrandsdalsleden). Research aid only. Existing OSM object: node/3663316149.
node/3043779889,https://www.openstreetmap.org/node/3043779889,,59.9315656,10.7545939,picnic_site,,,974.4,1370273,missing,Proposed: add as member of relation 1370273 (Gudbrandsdalsleden). Do not modify existing members of relation 1370273 (Gudbrandsdalsleden). Research aid only. Existing OSM object: node/3043779889.
node/1884293696,https://www.openstreetmap.org/node/1884293696,Hotel Continental,59.9140900,10.7335210,hotel,,,977.0,1370273,missing,Proposed: add as member of relation 1370273 (Gudbrandsdalsleden). Do not modify existing members of relation 1370273 (Gudbrandsdalsleden). Research aid only. Existing OSM object: node/1884293696.
node/495836819,https://www.openstreetmap.org/node/495836819,,60.7934076,10.7021875,picnic_site,,,979.8,1370273,missing,Proposed: add as member of relation 1370273 (Gudbrandsdalsleden). Do not modify existing members of relation 1370273 (Gudbrandsdalsleden). Research aid only. Existing OSM object: node/495836819.
node/9549423817,https://www.openstreetmap.org/node/9549423817,Clarion Hotel The Hub,59.9124689,10.7500425,hotel,,,982.3,1370273,missing,Proposed: add as member of relation 1370273 (Gudbrandsdalsleden). Do not modify existing members of relation 1370273 (Gudbrandsdalsleden). Research aid only. Existing OSM object: node/9549423817.
way/119038507,https://www.openstreetmap.org/way/119038507,,60.7774862,10.6719136,,shelter,yes,994.5,1370273,missing,Proposed: add as member of relation 1370273 (Gudbrandsdalsleden). Do not modify existing members of relation 1370273 (Gudbrandsdalsleden). Research aid only. Existing OSM object: way/119038507.
node/441543677,https://www.openstreetmap.org/node/441543677,Hotel Christiania Teater,59.9135420,10.7359174,hotel,,,1012.4,1370273,missing,Proposed: add as member of relation 1370273 (Gudbrandsdalsleden). Do not modify existing members of relation 1370273 (Gudbrandsdalsleden). Research aid only. Existing OSM object: node/441543677.
way/932357669,https://www.openstreetmap.org/way/932357669,,60.8073942,10.6483259,,shelter,yes,1014.4,1370273,missing,Proposed: add as member of relation 1370273 (Gudbrandsdalsleden). Do not modify existing members of relation 1370273 (Gudbrandsdalsleden). Research aid only. Existing OSM object: way/932357669.
node/3154375346,https://www.openstreetmap.org/node/3154375346,Bord,59.9318511,10.7552981,picnic_site,,,1018.3,1370273,missing,Proposed: add as member of relation 1370273 (Gudbrandsdalsleden). Do not modify existing members of relation 1370273 (Gudbrandsdalsleden). Research aid only. Existing OSM object: node/3154375346.
node/3655934652,https://www.openstreetmap.org/node/3655934652,,59.9341584,10.7239627,picnic_site,bbq,,1026.5,1370273,missing,Proposed: add as member of relation 1370273 (Gudbrandsdalsleden). Do not modify existing members of relation 1370273 (Gudbrandsdalsleden). Research aid only. Existing OSM object: node/3655934652.
node/6817579806,https://www.openstreetmap.org/node/6817579806,Scandic Byporten,59.9118823,10.7515141,hotel,,,1032.4,1370273,missing,Proposed: add as member of relation 1370273 (Gudbrandsdalsleden). Do not modify existing members of relation 1370273 (Gudbrandsdalsleden). Research aid only. Existing OSM object: node/6817579806.
node/2785332973,https://www.openstreetmap.org/node/2785332973,Home Hotel Gabelshus,59.9136586,10.7090479,hotel,,,1045.0,1370273,missing,Proposed: add as member of relation 1370273 (Gudbrandsdalsleden). Do not modify existing members of relation 1370273 (Gudbrandsdalsleden). Research aid only. Existing OSM object: node/2785332973.
node/376577902,https://www.openstreetmap.org/node/376577902,Scandic Oslo City,59.9119370,10.7492140,hotel,,,1045.9,1370273,missing,Proposed: add as member of relation 1370273 (Gudbrandsdalsleden). Do not modify existing members of relation 1370273 (Gudbrandsdalsleden). Research aid only. Existing OSM object: node/376577902.
node/3566976493,https://www.openstreetmap.org/node/3566976493,Comfort Hotel Grand Central,59.9106410,10.7507000,hotel,,,1063.0,1370273,missing,Proposed: add as member of relation 1370273 (Gudbrandsdalsleden). Do not modify existing members of relation 1370273 (Gudbrandsdalsleden). Research aid only. Existing OSM object: node/3566976493.
way/1032065456,https://www.openstreetmap.org/way/1032065456,,59.9413576,10.6111538,,shelter,transportation,1075.3,1370273,missing,Proposed: add as member of relation 1370273 (Gudbrandsdalsleden). Do not modify existing members of relation 1370273 (Gudbrandsdalsleden). Research aid only. Existing OSM object: way/1032065456.
node/441543679,https://www.openstreetmap.org/node/441543679,Thon Hotel Cecil,59.9128370,10.7373750,hotel,,,1083.7,1370273,missing,Proposed: add as member of relation 1370273 (Gudbrandsdalsleden). Do not modify existing members of relation 1370273 (Gudbrandsdalsleden). Research aid only. Existing OSM object: node/441543679.
node/3043815113,https://www.openstreetmap.org/node/3043815113,,59.9324443,10.7557425,picnic_site,,,1088.7,1370273,missing,Proposed: add as member of relation 1370273 (Gudbrandsdalsleden). Do not modify existing members of relation 1370273 (Gudbrandsdalsleden). Research aid only. Existing OSM object: node/3043815113.
node/12485335968,https://www.openstreetmap.org/node/12485335968,,59.9287789,10.7734350,picnic_site,,,1089.7,1370273,missing,Proposed: add as member of relation 1370273 (Gudbrandsdalsleden). Do not modify existing members of relation 1370273 (Gudbrandsdalsleden). Research aid only. Existing OSM object: node/12485335968.
node/842924350,https://www.openstreetmap.org/node/842924350,Comfort Hotel Boersparken,59.9093690,10.7474280,hotel,,,1095.0,1370273,missing,Proposed: add as member of relation 1370273 (Gudbrandsdalsleden). Do not modify existing members of relation 1370273 (Gudbrandsdalsleden). Research aid only. Existing OSM object: node/842924350.
node/7139926018,https://www.openstreetmap.org/node/7139926018,,59.9253643,10.7797979,picnic_site,,,1096.9,1370273,missing,Proposed: add as member of relation 1370273 (Gudbrandsdalsleden). Do not modify existing members of relation 1370273 (Gudbrandsdalsleden). Research aid only. Existing OSM object: node/7139926018.
node/6836659089,https://www.openstreetmap.org/node/6836659089,,59.9028447,10.7430986,guest_house,,,1102.7,1370273,missing,Proposed: add as member of relation 1370273 (Gudbrandsdalsleden). Do not modify existing members of relation 1370273 (Gudbrandsdalsleden). Research aid only. Existing OSM object: node/6836659089.
node/6817579807,https://www.openstreetmap.org/node/6817579807,Amerikalinjen,59.9107333,10.7496017,hotel,,,1110.7,1370273,missing,Proposed: add as member of relation 1370273 (Gudbrandsdalsleden). Do not modify existing members of relation 1370273 (Gudbrandsdalsleden). Research aid only. Existing OSM object: node/6817579807.
node/4736654304,https://www.openstreetmap.org/node/4736654304,Comfort Hotel Karl Johan,59.9117035,10.7454904,hotel,,,1112.5,1370273,missing,Proposed: add as member of relation 1370273 (Gudbrandsdalsleden). Do not modify existing members of relation 1370273 (Gudbrandsdalsleden). Research aid only. Existing OSM object: node/4736654304.
node/1884426647,https://www.openstreetmap.org/node/1884426647,Scandic Victoria,59.9125960,10.7369480,hotel,,,1112.6,1370273,missing,Proposed: add as member of relation 1370273 (Gudbrandsdalsleden). Do not modify existing members of relation 1370273 (Gudbrandsdalsleden). Research aid only. Existing OSM object: node/1884426647.
way/880533008,https://www.openstreetmap.org/way/880533008,,59.9343082,10.7279431,,shelter,yes,1116.5,1370273,missing,Proposed: add as member of relation 1370273 (Gudbrandsdalsleden). Do not modify existing members of relation 1370273 (Gudbrandsdalsleden). Research aid only. Existing OSM object: way/880533008.
way/699162994,https://www.openstreetmap.org/way/699162994,,60.2229216,10.3608586,,shelter,yes,1124.8,1370273,missing,Proposed: add as member of relation 1370273 (Gudbrandsdalsleden). Do not modify existing members of relation 1370273 (Gudbrandsdalsleden). Research aid only. Existing OSM object: way/699162994.
node/12560193252,https://www.openstreetmap.org/node/12560193252,Home Hotel Bastion,59.9081820,10.7451358,hotel,,,1128.6,1370273,missing,Proposed: add as member of relation 1370273 (Gudbrandsdalsleden). Do not modify existing members of relation 1370273 (Gudbrandsdalsleden). Research aid only. Existing OSM object: node/12560193252.
node/6767271832,https://www.openstreetmap.org/node/6767271832,Hotel Verdandi,59.9124161,10.7362027,hotel,,,1135.4,1370273,missing,Proposed: add as member of relation 1370273 (Gudbrandsdalsleden). Do not modify existing members of relation 1370273 (Gudbrandsdalsleden). Research aid only. Existing OSM object: node/6767271832.
node/5865065935,https://www.openstreetmap.org/node/5865065935,Comfort Hotel Xpress Central Station,59.9106862,10.7487686,hotel,,,1138.3,1370273,missing,Proposed: add as member of relation 1370273 (Gudbrandsdalsleden). Do not modify existing members of relation 1370273 (Gudbrandsdalsleden). Research aid only. Existing OSM object: node/5865065935.
node/13641108001,https://www.openstreetmap.org/node/13641108001,Hobo Hotel,59.9112809,10.7469561,hotel,,,1139.3,1370273,missing,Proposed: add as member of relation 1370273 (Gudbrandsdalsleden). Do not modify existing members of relation 1370273 (Gudbrandsdalsleden). Research aid only. Existing OSM object: node/13641108001.
node/6817579801,https://www.openstreetmap.org/node/6817579801,Bob W. ZSentralen,59.9114708,10.7451841,hotel,,,1142.0,1370273,missing,Proposed: add as member of relation 1370273 (Gudbrandsdalsleden). Do not modify existing members of relation 1370273 (Gudbrandsdalsleden). Research aid only. Existing OSM object: node/6817579801.
node/836596664,https://www.openstreetmap.org/node/836596664,Thon Hotel Astoria,59.9111520,10.7467970,hotel,,,1155.1,1370273,missing,Proposed: add as member of relation 1370273 (Gudbrandsdalsleden). Do not modify existing members of relation 1370273 (Gudbrandsdalsleden). Research aid only. Existing OSM object: node/836596664.
node/667447334,https://www.openstreetmap.org/node/667447334,Citybox Oslo,59.9103470,10.7472430,hotel,,,1173.0,1370273,missing,Proposed: add as member of relation 1370273 (Gudbrandsdalsleden). Do not modify existing members of relation 1370273 (Gudbrandsdalsleden). Research aid only. Existing OSM object: node/667447334.
way/296086213,https://www.openstreetmap.org/way/296086213,,59.9175362,10.5890047,,shelter,roof,1174.1,1370273,missing,Proposed: add as member of relation 1370273 (Gudbrandsdalsleden). Do not modify existing members of relation 1370273 (Gudbrandsdalsleden). Research aid only. Existing OSM object: way/296086213.
way/1461874219,https://www.openstreetmap.org/way/1461874219,,59.9066548,10.6294082,,shelter,yes,1174.7,1370273,missing,Proposed: add as member of relation 1370273 (Gudbrandsdalsleden). Do not modify existing members of relation 1370273 (Gudbrandsdalsleden). Research aid only. Existing OSM object: way/1461874219.
way/296086209,https://www.openstreetmap.org/way/296086209,,59.9175244,10.5888783,,shelter,roof,1175.5,1370273,missing,Proposed: add as member of relation 1370273 (Gudbrandsdalsleden). Do not modify existing members of relation 1370273 (Gudbrandsdalsleden). Research aid only. Existing OSM object: way/296086209.
way/296086211,https://www.openstreetmap.org/way/296086211,,59.9174928,10.5887834,,shelter,roof,1179.1,1370273,missing,Proposed: add as member of relation 1370273 (Gudbrandsdalsleden). Do not modify existing members of relation 1370273 (Gudbrandsdalsleden). Research aid only. Existing OSM object: way/296086211.
node/848962389,https://www.openstreetmap.org/node/848962389,Honne hotell og konferansesenter,60.9460169,10.6361729,hotel,,,1179.8,1370273,missing,Proposed: add as member of relation 1370273 (Gudbrandsdalsleden). Do not modify existing members of relation 1370273 (Gudbrandsdalsleden). Research aid only. Existing OSM object: node/848962389.
way/296086212,https://www.openstreetmap.org/way/296086212,,59.9174619,10.5886848,,shelter,roof,1182.6,1370273,missing,Proposed: add as member of relation 1370273 (Gudbrandsdalsleden). Do not modify existing members of relation 1370273 (Gudbrandsdalsleden). Research aid only. Existing OSM object: way/296086212.
way/296086210,https://www.openstreetmap.org/way/296086210,,59.9174291,10.5885871,,shelter,roof,1186.3,1370273,missing,Proposed: add as member of relation 1370273 (Gudbrandsdalsleden). Do not modify existing members of relation 1370273 (Gudbrandsdalsleden). Research aid only. Existing OSM object: way/296086210.
way/1461874220,https://www.openstreetmap.org/way/1461874220,,59.9065211,10.6294180,,shelter,yes,1188.2,1370273,missing,Proposed: add as member of relation 1370273 (Gudbrandsdalsleden). Do not modify existing members of relation 1370273 (Gudbrandsdalsleden). Research aid only. Existing OSM object: way/1461874220.
way/1461854835,https://www.openstreetmap.org/way/1461854835,,59.9070880,10.6261041,,shelter,yes,1217.5,1370273,missing,Proposed: add as member of relation 1370273 (Gudbrandsdalsleden). Do not modify existing members of relation 1370273 (Gudbrandsdalsleden). Research aid only. Existing OSM object: way/1461854835.
node/12669709321,https://www.openstreetmap.org/node/12669709321,Forenom Apartments,59.9289309,10.7769546,apartment,,,1223.0,1370273,missing,Proposed: add as member of relation 1370273 (Gudbrandsdalsleden). Do not modify existing members of relation 1370273 (Gudbrandsdalsleden). Research aid only. Existing OSM object: node/12669709321.
way/882480542,https://www.openstreetmap.org/way/882480542,,59.9352706,10.7306911,,shelter,yes,1225.7,1370273,missing,Proposed: add as member of relation 1370273 (Gudbrandsdalsleden). Do not modify existing members of relation 1370273 (Gudbrandsdalsleden). Research aid only. Existing OSM object: way/882480542.
node/1857875111,https://www.openstreetmap.org/node/1857875111,Birkebeineren Hotel & Apartments,61.1204615,10.4783233,hotel,,,1229.2,1370273,missing,Proposed: add as member of relation 1370273 (Gudbrandsdalsleden). Do not modify existing members of relation 1370273 (Gudbrandsdalsleden). Research aid only. Existing OSM object: node/1857875111.
node/1363026029,https://www.openstreetmap.org/node/1363026029,First Hotel Millennium,59.9112850,10.7411740,hotel,,,1233.8,1370273,missing,Proposed: add as member of relation 1370273 (Gudbrandsdalsleden). Do not modify existing members of relation 1370273 (Gudbrandsdalsleden). Research aid only. Existing OSM object: node/1363026029.
node/667383136,https://www.openstreetmap.org/node/667383136,"Radisson RED Oslo City Centre, A Verified Net Zero Hotel",59.9111483,10.7407086,hotel,,,1249.4,1370273,missing,Proposed: add as member of relation 1370273 (Gudbrandsdalsleden). Do not modify existing members of relation 1370273 (Gudbrandsdalsleden). Research aid only. Existing OSM object: node/667383136.
way/1033293959,https://www.openstreetmap.org/way/1033293959,,59.9094782,10.6155591,,shelter,transportation,1251.8,1370273,missing,Proposed: add as member of relation 1370273 (Gudbrandsdalsleden). Do not modify existing members of relation 1370273 (Gudbrandsdalsleden). Research aid only. Existing OSM object: way/1033293959.
way/1323516024,https://www.openstreetmap.org/way/1323516024,,59.9234897,10.7925667,,shelter,,1256.6,1370273,missing,Proposed: add as member of relation 1370273 (Gudbrandsdalsleden). Do not modify existing members of relation 1370273 (Gudbrandsdalsleden). Research aid only. Existing OSM object: way/1323516024.
way/880532971,https://www.openstreetmap.org/way/880532971,,59.9347691,10.7485989,,shelter,yes,1268.2,1370273,missing,Proposed: add as member of relation 1370273 (Gudbrandsdalsleden). Do not modify existing members of relation 1370273 (Gudbrandsdalsleden). Research aid only. Existing OSM object: way/880532971.
node/8022275414,https://www.openstreetmap.org/node/8022275414,,59.9065637,10.8020795,picnic_site,,,1274.5,1370273,missing,Proposed: add as member of relation 1370273 (Gudbrandsdalsleden). Do not modify existing members of relation 1370273 (Gudbrandsdalsleden). Research aid only. Existing OSM object: node/8022275414.
node/5868561545,https://www.openstreetmap.org/node/5868561545,Guldsmeden Hotel,59.9122941,10.7191314,hotel,,,1280.7,1370273,missing,Proposed: add as member of relation 1370273 (Gudbrandsdalsleden). Do not modify existing members of relation 1370273 (Gudbrandsdalsleden). Research aid only. Existing OSM object: node/5868561545.
way/255050223,https://www.openstreetmap.org/way/255050223,,59.9419581,10.5027533,,shelter,transportation,1288.6,1370273,missing,Proposed: add as member of relation 1370273 (Gudbrandsdalsleden). Do not modify existing members of relation 1370273 (Gudbrandsdalsleden). Research aid only. Existing OSM object: way/255050223.
way/305170133,https://www.openstreetmap.org/way/305170133,,59.9109741,10.7356254,,shelter,roof,1298.1,1370273,missing,Proposed: add as member of relation 1370273 (Gudbrandsdalsleden). Do not modify existing members of relation 1370273 (Gudbrandsdalsleden). Research aid only. Existing OSM object: way/305170133.
way/305170131,https://www.openstreetmap.org/way/305170131,,59.9108247,10.7358905,,shelter,roof,1313.2,1370273,missing,Proposed: add as member of relation 1370273 (Gudbrandsdalsleden). Do not modify existing members of relation 1370273 (Gudbrandsdalsleden). Research aid only. Existing OSM object: way/305170131.
node/9753009739,https://www.openstreetmap.org/node/9753009739,,59.9233549,10.7944547,picnic_site,,,1320.8,1370273,missing,Proposed: add as member of relation 1370273 (Gudbrandsdalsleden). Do not modify existing members of relation 1370273 (Gudbrandsdalsleden). Research aid only. Existing OSM object: node/9753009739.
node/9753009737,https://www.openstreetmap.org/node/9753009737,,59.9234064,10.7944007,picnic_site,,,1322.5,1370273,missing,Proposed: add as member of relation 1370273 (Gudbrandsdalsleden). Do not modify existing members of relation 1370273 (Gudbrandsdalsleden). Research aid only. Existing OSM object: node/9753009737.
node/9753009740,https://www.openstreetmap.org/node/9753009740,,59.9233711,10.7945245,picnic_site,,,1324.9,1370273,missing,Proposed: add as member of relation 1370273 (Gudbrandsdalsleden). Do not modify existing members of relation 1370273 (Gudbrandsdalsleden). Research aid only. Existing OSM object: node/9753009740.
way/880546525,https://www.openstreetmap.org/way/880546525,,59.9361233,10.7317604,,shelter,yes,1325.9,1370273,missing,Proposed: add as member of relation 1370273 (Gudbrandsdalsleden). Do not modify existing members of relation 1370273 (Gudbrandsdalsleden). Research aid only. Existing OSM object: way/880546525.
node/4623972831,https://www.openstreetmap.org/node/4623972831,,59.9091960,10.6661958,,shelter,,1327.9,1370273,missing,Proposed: add as member of relation 1370273 (Gudbrandsdalsleden). Do not modify existing members of relation 1370273 (Gudbrandsdalsleden). Research aid only. Existing OSM object: node/4623972831.
node/9753009738,https://www.openstreetmap.org/node/9753009738,,59.9234312,10.7944900,picnic_site,,,1328.1,1370273,missing,Proposed: add as member of relation 1370273 (Gudbrandsdalsleden). Do not modify existing members of relation 1370273 (Gudbrandsdalsleden). Research aid only. Existing OSM object: node/9753009738.
way/1343705143,https://www.openstreetmap.org/way/1343705143,,59.9427087,10.6202390,,shelter,yes,1332.6,1370273,missing,Proposed: add as member of relation 1370273 (Gudbrandsdalsleden). Do not modify existing members of relation 1370273 (Gudbrandsdalsleden). Research aid only. Existing OSM object: way/1343705143.
node/9753009736,https://www.openstreetmap.org/node/9753009736,,59.9234767,10.7945193,picnic_site,,,1332.7,1370273,missing,Proposed: add as member of relation 1370273 (Gudbrandsdalsleden). Do not modify existing members of relation 1370273 (Gudbrandsdalsleden). Research aid only. Existing OSM object: node/9753009736.
way/880532941,https://www.openstreetmap.org/way/880532941,,59.9357564,10.7366800,,shelter,yes,1346.2,1370273,missing,Proposed: add as member of relation 1370273 (Gudbrandsdalsleden). Do not modify existing members of relation 1370273 (Gudbrandsdalsleden). Research aid only. Existing OSM object: way/880532941.
node/392058686,https://www.openstreetmap.org/node/392058686,Thon Hotel Vika Atrium,59.9111600,10.7241130,hotel,,,1347.5,1370273,missing,Proposed: add as member of relation 1370273 (Gudbrandsdalsleden). Do not modify existing members of relation 1370273 (Gudbrandsdalsleden). Research aid only. Existing OSM object: node/392058686.
way/880532959,https://www.openstreetmap.org/way/880532959,,59.9361745,10.7347730,,shelter,,1361.4,1370273,missing,Proposed: add as member of relation 1370273 (Gudbrandsdalsleden). Do not modify existing members of relation 1370273 (Gudbrandsdalsleden). Research aid only. Existing OSM object: way/880532959.
way/28450193,https://www.openstreetmap.org/way/28450193,,59.8946617,10.7845301,,shelter,school,1368.1,1370273,missing,Proposed: add as member of relation 1370273 (Gudbrandsdalsleden). Do not modify existing members of relation 1370273 (Gudbrandsdalsleden). Research aid only. Existing OSM object: way/28450193.
node/2785921067,https://www.openstreetmap.org/node/2785921067,K7 Hotel Oslo,59.9099470,10.7414060,hotel,,,1372.1,1370273,missing,Proposed: add as member of relation 1370273 (Gudbrandsdalsleden). Do not modify existing members of relation 1370273 (Gudbrandsdalsleden). Research aid only. Existing OSM object: node/2785921067.
node/9801834618,https://www.openstreetmap.org/node/9801834618,,59.9307318,10.7770270,picnic_site,,,1382.4,1370273,missing,Proposed: add as member of relation 1370273 (Gudbrandsdalsleden). Do not modify existing members of relation 1370273 (Gudbrandsdalsleden). Research aid only. Existing OSM object: node/9801834618.
node/9801834619,https://www.openstreetmap.org/node/9801834619,,59.9307509,10.7770613,picnic_site,,,1385.2,1370273,missing,Proposed: add as member of relation 1370273 (Gudbrandsdalsleden). Do not modify existing members of relation 1370273 (Gudbrandsdalsleden). Research aid only. Existing OSM object: node/9801834619.
node/2260265812,https://www.openstreetmap.org/node/2260265812,,59.9154226,10.5960497,picnic_site,,,1398.9,1370273,missing,Proposed: add as member of relation 1370273 (Gudbrandsdalsleden). Do not modify existing members of relation 1370273 (Gudbrandsdalsleden). Research aid only. Existing OSM object: node/2260265812.
node/311268459,https://www.openstreetmap.org/node/311268459,Att Kvadraturen,59.9094670,10.7408580,hotel,,,1406.5,1370273,missing,Proposed: add as member of relation 1370273 (Gudbrandsdalsleden). Do not modify existing members of relation 1370273 (Gudbrandsdalsleden). Research aid only. Existing OSM object: node/311268459.
node/3748046384,https://www.openstreetmap.org/node/3748046384,,59.9076340,10.8045949,picnic_site,,,1410.6,1370273,missing,Proposed: add as member of relation 1370273 (Gudbrandsdalsleden). Do not modify existing members of relation 1370273 (Gudbrandsdalsleden). Research aid only. Existing OSM object: node/3748046384.
node/11917553444,https://www.openstreetmap.org/node/11917553444,,59.9102840,10.7289657,,shelter,,1418.1,1370273,missing,Proposed: add as member of relation 1370273 (Gudbrandsdalsleden). Do not modify existing members of relation 1370273 (Gudbrandsdalsleden). Research aid only. Existing OSM object: node/11917553444.
node/2016210768,https://www.openstreetmap.org/node/2016210768,,59.9701414,10.5089299,picnic_site,,,1419.0,1370273,missing,Proposed: add as member of relation 1370273 (Gudbrandsdalsleden). Do not modify existing members of relation 1370273 (Gudbrandsdalsleden). Research aid only. Existing OSM object: node/2016210768.
way/1037109008,https://www.openstreetmap.org/way/1037109008,,59.9333253,10.7687631,,shelter,yes,1451.6,1370273,missing,Proposed: add as member of relation 1370273 (Gudbrandsdalsleden). Do not modify existing members of relation 1370273 (Gudbrandsdalsleden). Research aid only. Existing OSM object: way/1037109008.
way/1544580759,https://www.openstreetmap.org/way/1544580759,Radisson Blu Park Hotel,59.9037101,10.6310023,hotel,,,1456.1,1370273,missing,Proposed: add as member of relation 1370273 (Gudbrandsdalsleden). Do not modify existing members of relation 1370273 (Gudbrandsdalsleden). Research aid only. Existing OSM object: way/1544580759.
node/5296143902,https://www.openstreetmap.org/node/5296143902,,60.7604415,10.6919516,,shelter,,1504.2,1370273,missing,Proposed: add as member of relation 1370273 (Gudbrandsdalsleden). Do not modify existing members of relation 1370273 (Gudbrandsdalsleden). Research aid only. Existing OSM object: node/5296143902.
node/9720730168,https://www.openstreetmap.org/node/9720730168,,59.9277251,10.7878526,picnic_site,,,1508.6,1370273,missing,Proposed: add as member of relation 1370273 (Gudbrandsdalsleden). Do not modify existing members of relation 1370273 (Gudbrandsdalsleden). Research aid only. Existing OSM object: node/9720730168.
node/356345433,https://www.openstreetmap.org/node/356345433,Scandic Helsfyr,59.9156064,10.8049863,hotel,,,1510.5,1370273,missing,Proposed: add as member of relation 1370273 (Gudbrandsdalsleden). Do not modify existing members of relation 1370273 (Gudbrandsdalsleden). Research aid only. Existing OSM object: node/356345433.
way/624637559,https://www.openstreetmap.org/way/624637559,,61.1041209,10.4892741,,shelter,yes,1525.2,1370273,missing,Proposed: add as member of relation 1370273 (Gudbrandsdalsleden). Do not modify existing members of relation 1370273 (Gudbrandsdalsleden). Research aid only. Existing OSM object: way/624637559.
way/1285363624,https://www.openstreetmap.org/way/1285363624,,59.8912387,10.7761270,,shelter,yes,1527.2,1370273,missing,Proposed: add as member of relation 1370273 (Gudbrandsdalsleden). Do not modify existing members of relation 1370273 (Gudbrandsdalsleden). Research aid only. Existing OSM object: way/1285363624.
way/232396287,https://www.openstreetmap.org/way/232396287,Bakkalykkja,61.1023133,10.4876814,,shelter,yes,1542.6,1370273,missing,Proposed: add as member of relation 1370273 (Gudbrandsdalsleden). Do not modify existing members of relation 1370273 (Gudbrandsdalsleden). Research aid only. Existing OSM object: way/232396287.
way/370446805,https://www.openstreetmap.org/way/370446805,Nordtangen leirsted,60.3751011,10.5570001,camp_site,,,1551.4,1370273,missing,Proposed: add as member of relation 1370273 (Gudbrandsdalsleden). Do not modify existing members of relation 1370273 (Gudbrandsdalsleden). Research aid only. Existing OSM object: way/370446805.
node/3826424670,https://www.openstreetmap.org/node/3826424670,,59.9503019,10.4567042,,shelter,,1555.6,1370273,missing,Proposed: add as member of relation 1370273 (Gudbrandsdalsleden). Do not modify existing members of relation 1370273 (Gudbrandsdalsleden). Research aid only. Existing OSM object: node/3826424670.
way/231158240,https://www.openstreetmap.org/way/231158240,,61.0999513,10.4850165,,shelter,house,1559.7,1370273,missing,Proposed: add as member of relation 1370273 (Gudbrandsdalsleden). Do not modify existing members of relation 1370273 (Gudbrandsdalsleden). Research aid only. Existing OSM object: way/231158240.
way/846503239,https://www.openstreetmap.org/way/846503239,,60.3758672,10.5571047,,shelter,yes,1567.7,1370273,missing,Proposed: add as member of relation 1370273 (Gudbrandsdalsleden). Do not modify existing members of relation 1370273 (Gudbrandsdalsleden). Research aid only. Existing OSM object: way/846503239.
node/6836659392,https://www.openstreetmap.org/node/6836659392,,59.9088370,10.7100851,guest_house,,,1580.2,1370273,missing,Proposed: add as member of relation 1370273 (Gudbrandsdalsleden). Do not modify existing members of relation 1370273 (Gudbrandsdalsleden). Research aid only. Existing OSM object: node/6836659392.
way/1037109009,https://www.openstreetmap.org/way/1037109009,,59.9351621,10.7645083,,shelter,yes,1588.5,1370273,missing,Proposed: add as member of relation 1370273 (Gudbrandsdalsleden). Do not modify existing members of relation 1370273 (Gudbrandsdalsleden). Research aid only. Existing OSM object: way/1037109009.
way/1230535946,https://www.openstreetmap.org/way/1230535946,,59.9338796,10.7733103,,shelter,yes,1589.2,1370273,missing,Proposed: add as member of relation 1370273 (Gudbrandsdalsleden). Do not modify existing members of relation 1370273 (Gudbrandsdalsleden). Research aid only. Existing OSM object: way/1230535946.
node/4320917393,https://www.openstreetmap.org/node/4320917393,,60.9479766,10.6426852,picnic_site,,,1592.1,1370273,missing,Proposed: add as member of relation 1370273 (Gudbrandsdalsleden). Do not modify existing members of relation 1370273 (Gudbrandsdalsleden). Research aid only. Existing OSM object: node/4320917393.
way/1230535945,https://www.openstreetmap.org/way/1230535945,,59.9340308,10.7729350,,shelter,yes,1597.1,1370273,missing,Proposed: add as member of relation 1370273 (Gudbrandsdalsleden). Do not modify existing members of relation 1370273 (Gudbrandsdalsleden). Research aid only. Existing OSM object: way/1230535945.
way/1376099669,https://www.openstreetmap.org/way/1376099669,,59.9341082,10.7727359,,shelter,yes,1601.1,1370273,missing,Proposed: add as member of relation 1370273 (Gudbrandsdalsleden). Do not modify existing members of relation 1370273 (Gudbrandsdalsleden). Research aid only. Existing OSM object: way/1376099669.
node/9535901073,https://www.openstreetmap.org/node/9535901073,,59.9285448,10.7895785,picnic_site,,,1631.3,1370273,missing,Proposed: add as member of relation 1370273 (Gudbrandsdalsleden). Do not modify existing members of relation 1370273 (Gudbrandsdalsleden). Research aid only. Existing OSM object: node/9535901073.
node/9219867890,https://www.openstreetmap.org/node/9219867890,,59.9007270,10.8052881,picnic_site,,,1632.6,1370273,missing,Proposed: add as member of relation 1370273 (Gudbrandsdalsleden). Do not modify existing members of relation 1370273 (Gudbrandsdalsleden). Research aid only. Existing OSM object: node/9219867890.
node/9535901071,https://www.openstreetmap.org/node/9535901071,,59.9284712,10.7899433,picnic_site,,,1632.8,1370273,missing,Proposed: add as member of relation 1370273 (Gudbrandsdalsleden). Do not modify existing members of relation 1370273 (Gudbrandsdalsleden). Research aid only. Existing OSM object: node/9535901071.
node/9535901072,https://www.openstreetmap.org/node/9535901072,,59.9285339,10.7898642,picnic_site,,,1637.1,1370273,missing,Proposed: add as member of relation 1370273 (Gudbrandsdalsleden). Do not modify existing members of relation 1370273 (Gudbrandsdalsleden). Research aid only. Existing OSM object: node/9535901072.
node/8837936320,https://www.openstreetmap.org/node/8837936320,,59.9411003,10.6598924,,shelter,,1640.3,1370273,missing,Proposed: add as member of relation 1370273 (Gudbrandsdalsleden). Do not modify existing members of relation 1370273 (Gudbrandsdalsleden). Research aid only. Existing OSM object: node/8837936320.
node/9429420537,https://www.openstreetmap.org/node/9429420537,,59.9291005,10.7875788,picnic_site,,,1644.5,1370273,missing,Proposed: add as member of relation 1370273 (Gudbrandsdalsleden). Do not modify existing members of relation 1370273 (Gudbrandsdalsleden). Research aid only. Existing OSM object: node/9429420537.
way/1183002152,https://www.openstreetmap.org/way/1183002152,,60.2422054,10.3753573,,shelter,yes,1653.2,1370273,missing,Proposed: add as member of relation 1370273 (Gudbrandsdalsleden). Do not modify existing members of relation 1370273 (Gudbrandsdalsleden). Research aid only. Existing OSM object: way/1183002152.
way/1011092276,https://www.openstreetmap.org/way/1011092276,,60.1455513,10.2512541,,shelter,yes,1661.5,1370273,missing,Proposed: add as member of relation 1370273 (Gudbrandsdalsleden). Do not modify existing members of relation 1370273 (Gudbrandsdalsleden). Research aid only. Existing OSM object: way/1011092276.
node/11771521458,https://www.openstreetmap.org/node/11771521458,Åsenkrakken,60.3334816,10.5049912,,shelter,,1664.4,1370273,missing,Proposed: add as member of relation 1370273 (Gudbrandsdalsleden). Do not modify existing members of relation 1370273 (Gudbrandsdalsleden). Research aid only. Existing OSM object: node/11771521458.
way/351693064,https://www.openstreetmap.org/way/351693064,Ringerike gjestegård,60.1474431,10.2521854,hotel,,retail,1668.9,1370273,missing,Proposed: add as member of relation 1370273 (Gudbrandsdalsleden). Do not modify existing members of relation 1370273 (Gudbrandsdalsleden). Research aid only. Existing OSM object: way/351693064.
node/9093763255,https://www.openstreetmap.org/node/9093763255,Åsenkrakken,60.3333304,10.5051265,picnic_site,,,1681.6,1370273,missing,Proposed: add as member of relation 1370273 (Gudbrandsdalsleden). Do not modify existing members of relation 1370273 (Gudbrandsdalsleden). Research aid only. Existing OSM object: node/9093763255.
way/515633594,https://www.openstreetmap.org/way/515633594,,59.9377982,10.5270333,,shelter,,1689.9,1370273,missing,Proposed: add as member of relation 1370273 (Gudbrandsdalsleden). Do not modify existing members of relation 1370273 (Gudbrandsdalsleden). Research aid only. Existing OSM object: way/515633594.
way/1450359569,https://www.openstreetmap.org/way/1450359569,,59.9095216,10.6018646,,shelter,yes,1697.5,1370273,missing,Proposed: add as member of relation 1370273 (Gudbrandsdalsleden). Do not modify existing members of relation 1370273 (Gudbrandsdalsleden). Research aid only. Existing OSM object: way/1450359569.
way/137266286,https://www.openstreetmap.org/way/137266286,,59.9355338,10.7707863,,shelter,pavilion,1717.8,1370273,missing,Proposed: add as member of relation 1370273 (Gudbrandsdalsleden). Do not modify existing members of relation 1370273 (Gudbrandsdalsleden). Research aid only. Existing OSM object: way/137266286.
node/965922723,https://www.openstreetmap.org/node/965922723,Jørgenhytta,60.0202193,10.3237934,wilderness_hut,,,1720.8,1370273,missing,Proposed: add as member of relation 1370273 (Gudbrandsdalsleden). Do not modify existing members of relation 1370273 (Gudbrandsdalsleden). Research aid only. Existing OSM object: node/965922723.
node/9093760079,https://www.openstreetmap.org/node/9093760079,Einarskrakken,60.3321039,10.4927690,picnic_site,,,1722.6,1370273,missing,Proposed: add as member of relation 1370273 (Gudbrandsdalsleden). Do not modify existing members of relation 1370273 (Gudbrandsdalsleden). Research aid only. Existing OSM object: node/9093760079.
node/9720730152,https://www.openstreetmap.org/node/9720730152,,59.9297272,10.7888755,picnic_site,,,1735.9,1370273,missing,Proposed: add as member of relation 1370273 (Gudbrandsdalsleden). Do not modify existing members of relation 1370273 (Gudbrandsdalsleden). Research aid only. Existing OSM object: node/9720730152.
node/9720730151,https://www.openstreetmap.org/node/9720730151,,59.9297546,10.7888047,picnic_site,,,1737.2,1370273,missing,Proposed: add as member of relation 1370273 (Gudbrandsdalsleden). Do not modify existing members of relation 1370273 (Gudbrandsdalsleden). Research aid only. Existing OSM object: node/9720730151.
way/698084732,https://www.openstreetmap.org/way/698084732,,60.2402208,10.3683806,,shelter,yes,1759.9,1370273,missing,Proposed: add as member of relation 1370273 (Gudbrandsdalsleden). Do not modify existing members of relation 1370273 (Gudbrandsdalsleden). Research aid only. Existing OSM object: way/698084732.
node/1960919882,https://www.openstreetmap.org/node/1960919882,THE THIEF,59.9076130,10.7209800,hotel,,,1761.8,1370273,missing,Proposed: add as member of relation 1370273 (Gudbrandsdalsleden). Do not modify existing members of relation 1370273 (Gudbrandsdalsleden). Research aid only. Existing OSM object: node/1960919882.
node/12557119310,https://www.openstreetmap.org/node/12557119310,Quality Hotel™ Hasle Linie,59.9276639,10.7969428,hotel,,,1767.0,1370273,missing,Proposed: add as member of relation 1370273 (Gudbrandsdalsleden). Do not modify existing members of relation 1370273 (Gudbrandsdalsleden). Research aid only. Existing OSM object: node/12557119310.
way/569211122,https://www.openstreetmap.org/way/569211122,,61.1278680,10.4622412,,shelter,,1770.5,1370273,missing,Proposed: add as member of relation 1370273 (Gudbrandsdalsleden). Do not modify existing members of relation 1370273 (Gudbrandsdalsleden). Research aid only. Existing OSM object: way/569211122.
way/1246811321,https://www.openstreetmap.org/way/1246811321,,59.9461095,10.6262507,,shelter,yes,1772.7,1370273,missing,Proposed: add as member of relation 1370273 (Gudbrandsdalsleden). Do not modify existing members of relation 1370273 (Gudbrandsdalsleden). Research aid only. Existing OSM object: way/1246811321.
way/1476902973,https://www.openstreetmap.org/way/1476902973,,59.9455725,10.6300191,,shelter,yes,1777.1,1370273,missing,Proposed: add as member of relation 1370273 (Gudbrandsdalsleden). Do not modify existing members of relation 1370273 (Gudbrandsdalsleden). Research aid only. Existing OSM object: way/1476902973.
node/9233242032,https://www.openstreetmap.org/node/9233242032,,59.9436388,10.6636990,,shelter,,1779.0,1370273,missing,Proposed: add as member of relation 1370273 (Gudbrandsdalsleden). Do not modify existing members of relation 1370273 (Gudbrandsdalsleden). Research aid only. Existing OSM object: node/9233242032.
way/932742469,https://www.openstreetmap.org/way/932742469,,60.7855104,10.6461724,,shelter,yes,1780.4,1370273,missing,Proposed: add as member of relation 1370273 (Gudbrandsdalsleden). Do not modify existing members of relation 1370273 (Gudbrandsdalsleden). Research aid only. Existing OSM object: way/932742469.
way/1031709099,https://www.openstreetmap.org/way/1031709099,,59.9390666,10.7554475,,shelter,garage,1789.2,1370273,missing,Proposed: add as member of relation 1370273 (Gudbrandsdalsleden). Do not modify existing members of relation 1370273 (Gudbrandsdalsleden). Research aid only. Existing OSM object: way/1031709099.
way/1246811320,https://www.openstreetmap.org/way/1246811320,,59.9462116,10.6269073,,shelter,yes,1792.7,1370273,missing,Proposed: add as member of relation 1370273 (Gudbrandsdalsleden). Do not modify existing members of relation 1370273 (Gudbrandsdalsleden). Research aid only. Existing OSM object: way/1246811320.
way/1031709096,https://www.openstreetmap.org/way/1031709096,,59.9391300,10.7552242,,shelter,garage,1793.4,1370273,missing,Proposed: add as member of relation 1370273 (Gudbrandsdalsleden). Do not modify existing members of relation 1370273 (Gudbrandsdalsleden). Research aid only. Existing OSM object: way/1031709096.
way/1246811322,https://www.openstreetmap.org/way/1246811322,,59.9465854,10.6243519,,shelter,yes,1802.2,1370273,missing,Proposed: add as member of relation 1370273 (Gudbrandsdalsleden). Do not modify existing members of relation 1370273 (Gudbrandsdalsleden). Research aid only. Existing OSM object: way/1246811322.
node/12242748564,https://www.openstreetmap.org/node/12242748564,,59.9402567,10.7347908,picnic_site,,,1805.7,1370273,missing,Proposed: add as member of relation 1370273 (Gudbrandsdalsleden). Do not modify existing members of relation 1370273 (Gudbrandsdalsleden). Research aid only. Existing OSM object: node/12242748564.
way/1246811319,https://www.openstreetmap.org/way/1246811319,,59.9463968,10.6270131,,shelter,yes,1814.1,1370273,missing,Proposed: add as member of relation 1370273 (Gudbrandsdalsleden). Do not modify existing members of relation 1370273 (Gudbrandsdalsleden). Research aid only. Existing OSM object: way/1246811319.
way/700403596,https://www.openstreetmap.org/way/700403596,,60.1946265,10.3163737,,shelter,yes,1814.4,1370273,missing,Proposed: add as member of relation 1370273 (Gudbrandsdalsleden). Do not modify existing members of relation 1370273 (Gudbrandsdalsleden). Research aid only. Existing OSM object: way/700403596.
node/13875688608,https://www.openstreetmap.org/node/13875688608,,59.9397078,10.7511801,picnic_site,,,1823.7,1370273,missing,Proposed: add as member of relation 1370273 (Gudbrandsdalsleden). Do not modify existing members of relation 1370273 (Gudbrandsdalsleden). Research aid only. Existing OSM object: node/13875688608.
node/13875693501,https://www.openstreetmap.org/node/13875693501,,59.9381017,10.7632919,picnic_site,,,1836.0,1370273,missing,Proposed: add as member of relation 1370273 (Gudbrandsdalsleden). Do not modify existing members of relation 1370273 (Gudbrandsdalsleden). Research aid only. Existing OSM object: node/13875693501.
way/1246811311,https://www.openstreetmap.org/way/1246811311,,59.9468867,10.6252670,,shelter,yes,1844.8,1370273,missing,Proposed: add as member of relation 1370273 (Gudbrandsdalsleden). Do not modify existing members of relation 1370273 (Gudbrandsdalsleden). Research aid only. Existing OSM object: way/1246811311.
way/1246811312,https://www.openstreetmap.org/way/1246811312,,59.9469257,10.6251306,,shelter,yes,1847.5,1370273,missing,Proposed: add as member of relation 1370273 (Gudbrandsdalsleden). Do not modify existing members of relation 1370273 (Gudbrandsdalsleden). Research aid only. Existing OSM object: way/1246811312.
way/698084714,https://www.openstreetmap.org/way/698084714,,60.2395183,10.3652344,picnic_site,,shed,1852.4,1370273,missing,Proposed: add as member of relation 1370273 (Gudbrandsdalsleden). Do not modify existing members of relation 1370273 (Gudbrandsdalsleden). Research aid only. Existing OSM object: way/698084714.
way/1246811310,https://www.openstreetmap.org/way/1246811310,,59.9470632,10.6248632,,shelter,yes,1859.6,1370273,missing,Proposed: add as member of relation 1370273 (Gudbrandsdalsleden). Do not modify existing members of relation 1370273 (Gudbrandsdalsleden). Research aid only. Existing OSM object: way/1246811310.
way/1246811318,https://www.openstreetmap.org/way/1246811318,,59.9469252,10.6265142,,shelter,yes,1864.3,1370273,missing,Proposed: add as member of relation 1370273 (Gudbrandsdalsleden). Do not modify existing members of relation 1370273 (Gudbrandsdalsleden). Research aid only. Existing OSM object: way/1246811318.
node/1893078290,https://www.openstreetmap.org/node/1893078290,,60.4436145,10.4910326,picnic_site,,,1892.3,1370273,missing,Proposed: add as member of relation 1370273 (Gudbrandsdalsleden). Do not modify existing members of relation 1370273 (Gudbrandsdalsleden). Research aid only. Existing OSM object: node/1893078290.
way/1246811309,https://www.openstreetmap.org/way/1246811309,,59.9473267,10.6253696,,shelter,yes,1893.9,1370273,missing,Proposed: add as member of relation 1370273 (Gudbrandsdalsleden). Do not modify existing members of relation 1370273 (Gudbrandsdalsleden). Research aid only. Existing OSM object: way/1246811309.
node/4442738473,https://www.openstreetmap.org/node/4442738473,,59.9766967,10.5232179,,shelter,,1897.0,1370273,missing,Proposed: add as member of relation 1370273 (Gudbrandsdalsleden). Do not modify existing members of relation 1370273 (Gudbrandsdalsleden). Research aid only. Existing OSM object: node/4442738473.
way/1246811316,https://www.openstreetmap.org/way/1246811316,,59.9474734,10.6256851,,shelter,yes,1913.5,1370273,missing,Proposed: add as member of relation 1370273 (Gudbrandsdalsleden). Do not modify existing members of relation 1370273 (Gudbrandsdalsleden). Research aid only. Existing OSM object: way/1246811316.
way/1476901906,https://www.openstreetmap.org/way/1476901906,,59.9472854,10.6280205,,shelter,yes,1924.2,1370273,missing,Proposed: add as member of relation 1370273 (Gudbrandsdalsleden). Do not modify existing members of relation 1370273 (Gudbrandsdalsleden). Research aid only. Existing OSM object: way/1476901906.
way/1476901921,https://www.openstreetmap.org/way/1476901921,,59.9462364,10.6337998,,shelter,yes,1926.0,1370273,missing,Proposed: add as member of relation 1370273 (Gudbrandsdalsleden). Do not modify existing members of relation 1370273 (Gudbrandsdalsleden). Research aid only. Existing OSM object: way/1476901921.
way/1476901907,https://www.openstreetmap.org/way/1476901907,,59.9473659,10.6276869,,shelter,yes,1927.9,1370273,missing,Proposed: add as member of relation 1370273 (Gudbrandsdalsleden). Do not modify existing members of relation 1370273 (Gudbrandsdalsleden). Research aid only. Existing OSM object: way/1476901907.
way/1476901905,https://www.openstreetmap.org/way/1476901905,,59.9473135,10.6281096,,shelter,yes,1928.6,1370273,missing,Proposed: add as member of relation 1370273 (Gudbrandsdalsleden). Do not modify existing members of relation 1370273 (Gudbrandsdalsleden). Research aid only. Existing OSM object: way/1476901905.
node/8378811212,https://www.openstreetmap.org/node/8378811212,,59.9067624,10.6850363,picnic_site,,,1930.9,1370273,missing,Proposed: add as member of relation 1370273 (Gudbrandsdalsleden). Do not modify existing members of relation 1370273 (Gudbrandsdalsleden). Research aid only. Existing OSM object: node/8378811212.
way/1246811315,https://www.openstreetmap.org/way/1246811315,,59.9476498,10.6262972,,shelter,yes,1940.0,1370273,missing,Proposed: add as member of relation 1370273 (Gudbrandsdalsleden). Do not modify existing members of relation 1370273 (Gudbrandsdalsleden). Research aid only. Existing OSM object: way/1246811315.
way/1246811314,https://www.openstreetmap.org/way/1246811314,,59.9475961,10.6267690,,shelter,yes,1940.1,1370273,missing,Proposed: add as member of relation 1370273 (Gudbrandsdalsleden). Do not modify existing members of relation 1370273 (Gudbrandsdalsleden). Research aid only. Existing OSM object: way/1246811314.
way/1476901909,https://www.openstreetmap.org/way/1476901909,,59.9474121,10.6283337,,shelter,yes,1942.5,1370273,missing,Proposed: add as member of relation 1370273 (Gudbrandsdalsleden). Do not modify existing members of relation 1370273 (Gudbrandsdalsleden). Research aid only. Existing OSM object: way/1476901909.
way/106431696,https://www.openstreetmap.org/way/106431696,Tiern,59.8979654,10.7295737,wilderness_hut,,cabin,1947.6,1370273,missing,Proposed: add as member of relation 1370273 (Gudbrandsdalsleden). Do not modify existing members of relation 1370273 (Gudbrandsdalsleden). Research aid only. Existing OSM object: way/106431696.
way/1476901910,https://www.openstreetmap.org/way/1476901910,,59.9474155,10.6287634,,shelter,yes,1949.6,1370273,missing,Proposed: add as member of relation 1370273 (Gudbrandsdalsleden). Do not modify existing members of relation 1370273 (Gudbrandsdalsleden). Research aid only. Existing OSM object: way/1476901910.
way/1476901911,https://www.openstreetmap.org/way/1476901911,,59.9474741,10.6285236,,shelter,yes,1952.1,1370273,missing,Proposed: add as member of relation 1370273 (Gudbrandsdalsleden). Do not modify existing members of relation 1370273 (Gudbrandsdalsleden). Research aid only. Existing OSM object: way/1476901911.
way/1279852964,https://www.openstreetmap.org/way/1279852964,,59.9347039,10.7836831,,shelter,yes,1958.0,1370273,missing,Proposed: add as member of relation 1370273 (Gudbrandsdalsleden). Do not modify existing members of relation 1370273 (Gudbrandsdalsleden). Research aid only. Existing OSM object: way/1279852964.
node/3663315250,https://www.openstreetmap.org/node/3663315250,Hadeland Camping,60.3222810,10.3858350,camp_site,,,1971.9,1370273,missing,Proposed: add as member of relation 1370273 (Gudbrandsdalsleden). Do not modify existing members of relation 1370273 (Gudbrandsdalsleden). Research aid only. Existing OSM object: node/3663315250.
node/7330346866,https://www.openstreetmap.org/node/7330346866,,59.9370152,10.7762264,picnic_site,,,1973.5,1370273,missing,Proposed: add as member of relation 1370273 (Gudbrandsdalsleden). Do not modify existing members of relation 1370273 (Gudbrandsdalsleden). Research aid only. Existing OSM object: node/7330346866.
way/1410054419,https://www.openstreetmap.org/way/1410054419,,59.9384510,10.7672344,,shelter,yes,1977.8,1370273,missing,Proposed: add as member of relation 1370273 (Gudbrandsdalsleden). Do not modify existing members of relation 1370273 (Gudbrandsdalsleden). Research aid only. Existing OSM object: way/1410054419.
way/1476901915,https://www.openstreetmap.org/way/1476901915,,59.9475668,10.6299657,,shelter,yes,1985.6,1370273,missing,Proposed: add as member of relation 1370273 (Gudbrandsdalsleden). Do not modify existing members of relation 1370273 (Gudbrandsdalsleden). Research aid only. Existing OSM object: way/1476901915.
way/1476901916,https://www.openstreetmap.org/way/1476901916,,59.9476432,10.6299306,,shelter,yes,1993.0,1370273,missing,Proposed: add as member of relation 1370273 (Gudbrandsdalsleden). Do not modify existing members of relation 1370273 (Gudbrandsdalsleden). Research aid only. Existing OSM object: way/1476901916.
way/700403594,https://www.openstreetmap.org/way/700403594,Slee,60.1916094,10.3089625,,shelter,yes,1994.6,1370273,missing,Proposed: add as member of relation 1370273 (Gudbrandsdalsleden). Do not modify existing members of relation 1370273 (Gudbrandsdalsleden). Research aid only. Existing OSM object: way/700403594.
