<?xml version='1.0' encoding='UTF-8'?>
<osm version='0.6' generator='pilegrimsleden-osm-extractor 1.0'>
  <node id='-1' version='0' action='modify' visible='true' lat='56.5873002' lon='13.7656666'/>
  <node id='-2' version='0' action='modify' visible='true' lat='56.5874298' lon='13.7657927'/>
  <node id='-3' version='0' action='modify' visible='true' lat='56.5875096' lon='13.7658899'/>
  <node id='-4' version='0' action='modify' visible='true' lat='56.5880698' lon='13.7663341'/>
  <node id='-5' version='0' action='modify' visible='true' lat='56.5887015' lon='13.7668185'/>
  <node id='-6' version='0' action='modify' visible='true' lat='56.5891913' lon='13.7672069'/>
  <node id='-7' version='0' action='modify' visible='true' lat='56.5899202' lon='13.7677704'/>
  <node id='-8' version='0' action='modify' visible='true' lat='56.5905003' lon='13.7682164'/>
  <node id='-9' version='0' action='modify' visible='true' lat='56.5909874' lon='13.7685853'/>
  <node id='-10' version='0' action='modify' visible='true' lat='56.5915346' lon='13.7690131'/>
  <node id='-11' version='0' action='modify' visible='true' lat='56.5920819' lon='13.7694410'/>
  <node id='-12' version='0' action='modify' visible='true' lat='56.5928432' lon='13.7700297'/>
  <node id='-13' version='0' action='modify' visible='true' lat='56.5936045' lon='13.7706184'/>
  <node id='-14' version='0' action='modify' visible='true' lat='56.5943658' lon='13.7712071'/>
  <node id='-15' version='0' action='modify' visible='true' lat='56.5950410' lon='13.7717314'/>
  <node id='-16' version='0' action='modify' visible='true' lat='56.5957162' lon='13.7722558'/>
  <node id='-17' version='0' action='modify' visible='true' lat='56.5963915' lon='13.7727801'/>
  <node id='-18' version='0' action='modify' visible='true' lat='56.5970667' lon='13.7733045'/>
  <node id='-19' version='0' action='modify' visible='true' lat='56.5977419' lon='13.7738288'/>
  <node id='-20' version='0' action='modify' visible='true' lat='56.5984252' lon='13.7743506'/>
  <node id='-21' version='0' action='modify' visible='true' lat='56.5991085' lon='13.7748724'/>
  <node id='-22' version='0' action='modify' visible='true' lat='56.5997918' lon='13.7753942'/>
  <node id='-23' version='0' action='modify' visible='true' lat='56.6004751' lon='13.7759160'/>
  <node id='-24' version='0' action='modify' visible='true' lat='56.6010644' lon='13.7763637'/>
  <node id='-25' version='0' action='modify' visible='true' lat='56.6016537' lon='13.7768115'/>
  <node id='-26' version='0' action='modify' visible='true' lat='56.6022430' lon='13.7772592'/>
  <node id='-27' version='0' action='modify' visible='true' lat='56.6023718' lon='13.7773599'/>
  <node id='-28' version='0' action='modify' visible='true' lat='56.6027965' lon='13.7776919'/>
  <node id='-29' version='0' action='modify' visible='true' lat='56.6031401' lon='13.7779606'/>
  <node id='-30' version='0' action='modify' visible='true' lat='56.6038037' lon='13.7784794'/>
  <node id='-31' version='0' action='modify' visible='true' lat='56.6044674' lon='13.7789983'/>
  <node id='-32' version='0' action='modify' visible='true' lat='56.6044867' lon='13.7790134'/>
  <node id='-33' version='0' action='modify' visible='true' lat='56.6049820' lon='13.7793421'/>
  <node id='-34' version='0' action='modify' visible='true' lat='56.6055391' lon='13.7796583'/>
  <node id='-35' version='0' action='modify' visible='true' lat='56.6060128' lon='13.7798584'/>
  <node id='-36' version='0' action='modify' visible='true' lat='56.6060840' lon='13.7798902'/>
  <node id='-37' version='0' action='modify' visible='true' lat='56.6063721' lon='13.7799980'/>
  <node id='-38' version='0' action='modify' visible='true' lat='56.6071225' lon='13.7802450'/>
  <node id='-39' version='0' action='modify' visible='true' lat='56.6078730' lon='13.7804919'/>
  <node id='-40' version='0' action='modify' visible='true' lat='56.6086725' lon='13.7807608'/>
  <node id='-41' version='0' action='modify' visible='true' lat='56.6094720' lon='13.7810297'/>
  <node id='-42' version='0' action='modify' visible='true' lat='56.6102716' lon='13.7812985'/>
  <node id='-43' version='0' action='modify' visible='true' lat='56.6110711' lon='13.7815674'/>
  <node id='-44' version='0' action='modify' visible='true' lat='56.6116348' lon='13.7817466'/>
  <node id='-45' version='0' action='modify' visible='true' lat='56.6122398' lon='13.7819301'/>
  <node id='-46' version='0' action='modify' visible='true' lat='56.6128447' lon='13.7821135'/>
  <node id='-47' version='0' action='modify' visible='true' lat='56.6134497' lon='13.7822970'/>
  <node id='-48' version='0' action='modify' visible='true' lat='56.6142427' lon='13.7824454'/>
  <node id='-49' version='0' action='modify' visible='true' lat='56.6150358' lon='13.7825938'/>
  <node id='-50' version='0' action='modify' visible='true' lat='56.6158288' lon='13.7827422'/>
  <node id='-51' version='0' action='modify' visible='true' lat='56.6166218' lon='13.7828907'/>
  <node id='-52' version='0' action='modify' visible='true' lat='56.6174148' lon='13.7830391'/>
  <node id='-53' version='0' action='modify' visible='true' lat='56.6182079' lon='13.7831875'/>
  <node id='-54' version='0' action='modify' visible='true' lat='56.6190009' lon='13.7833359'/>
  <node id='-55' version='0' action='modify' visible='true' lat='56.6196658' lon='13.7834565'/>
  <node id='-56' version='0' action='modify' visible='true' lat='56.6203307' lon='13.7835771'/>
  <node id='-57' version='0' action='modify' visible='true' lat='56.6205845' lon='13.7836334'/>
  <node id='-58' version='0' action='modify' visible='true' lat='56.6205808' lon='13.7837434'/>
  <node id='-59' version='0' action='modify' visible='true' lat='56.6205674' lon='13.7840112'/>
  <node id='-60' version='0' action='modify' visible='true' lat='56.6205840' lon='13.7843392'/>
  <node id='-61' version='0' action='modify' visible='true' lat='56.6206244' lon='13.7846031'/>
  <node id='-62' version='0' action='modify' visible='true' lat='56.6207102' lon='13.7849711'/>
  <node id='-63' version='0' action='modify' visible='true' lat='56.6208049' lon='13.7851831'/>
  <node id='-64' version='0' action='modify' visible='true' lat='56.6209545' lon='13.7854043'/>
  <node id='-65' version='0' action='modify' visible='true' lat='56.6210951' lon='13.7855431'/>
  <node id='-66' version='0' action='modify' visible='true' lat='56.6212506' lon='13.7856427'/>
  <node id='-67' version='0' action='modify' visible='true' lat='56.6214040' lon='13.7856859'/>
  <node id='-68' version='0' action='modify' visible='true' lat='56.6215230' lon='13.7856924'/>
  <node id='-69' version='0' action='modify' visible='true' lat='56.6220243' lon='13.7856269'/>
  <node id='-70' version='0' action='modify' visible='true' lat='56.6224518' lon='13.7855861'/>
  <node id='-71' version='0' action='modify' visible='true' lat='56.6228714' lon='13.7855821'/>
  <node id='-72' version='0' action='modify' visible='true' lat='56.6233985' lon='13.7856399'/>
  <node id='-73' version='0' action='modify' visible='true' lat='56.6237183' lon='13.7857197'/>
  <node id='-74' version='0' action='modify' visible='true' lat='56.6239793' lon='13.7858014'/>
  <node id='-75' version='0' action='modify' visible='true' lat='56.6244032' lon='13.7859754'/>
  <node id='-76' version='0' action='modify' visible='true' lat='56.6247846' lon='13.7861599'/>
  <node id='-77' version='0' action='modify' visible='true' lat='56.6251488' lon='13.7863782'/>
  <node id='-78' version='0' action='modify' visible='true' lat='56.6255434' lon='13.7866710'/>
  <node id='-79' version='0' action='modify' visible='true' lat='56.6261288' lon='13.7871329'/>
  <node id='-80' version='0' action='modify' visible='true' lat='56.6267141' lon='13.7875948'/>
  <node id='-81' version='0' action='modify' visible='true' lat='56.6272995' lon='13.7880567'/>
  <node id='-82' version='0' action='modify' visible='true' lat='56.6276419' lon='13.7883401'/>
  <node id='-83' version='0' action='modify' visible='true' lat='56.6280618' lon='13.7886688'/>
  <node id='-84' version='0' action='modify' visible='true' lat='56.6288696' lon='13.7893103'/>
  <node id='-85' version='0' action='modify' visible='true' lat='56.6294457' lon='13.7897663'/>
  <node id='-86' version='0' action='modify' visible='true' lat='56.6298619' lon='13.7901215'/>
  <node id='-87' version='0' action='modify' visible='true' lat='56.6301816' lon='13.7904457'/>
  <node id='-88' version='0' action='modify' visible='true' lat='56.6305048' lon='13.7908342'/>
  <node id='-89' version='0' action='modify' visible='true' lat='56.6309801' lon='13.7914702'/>
  <node id='-90' version='0' action='modify' visible='true' lat='56.6315050' lon='13.7921884'/>
  <node id='-91' version='0' action='modify' visible='true' lat='56.6320299' lon='13.7929066'/>
  <node id='-92' version='0' action='modify' visible='true' lat='56.6325128' lon='13.7935619'/>
  <node id='-93' version='0' action='modify' visible='true' lat='56.6329957' lon='13.7942172'/>
  <node id='-94' version='0' action='modify' visible='true' lat='56.6335222' lon='13.7949383'/>
  <node id='-95' version='0' action='modify' visible='true' lat='56.6340488' lon='13.7956594'/>
  <node id='-96' version='0' action='modify' visible='true' lat='56.6345596' lon='13.7963450'/>
  <node id='-97' version='0' action='modify' visible='true' lat='56.6349917' lon='13.7969438'/>
  <node id='-98' version='0' action='modify' visible='true' lat='56.6354237' lon='13.7975425'/>
  <node id='-99' version='0' action='modify' visible='true' lat='56.6358766' lon='13.7982238'/>
  <node id='-100' version='0' action='modify' visible='true' lat='56.6361485' lon='13.7986994'/>
  <node id='-101' version='0' action='modify' visible='true' lat='56.6362763' lon='13.7989474'/>
  <node id='-102' version='0' action='modify' visible='true' lat='56.6364670' lon='13.7993498'/>
  <node id='-103' version='0' action='modify' visible='true' lat='56.6367828' lon='13.8001692'/>
  <node id='-104' version='0' action='modify' visible='true' lat='56.6372208' lon='13.8013789'/>
  <node id='-105' version='0' action='modify' visible='true' lat='56.6375103' lon='13.8021562'/>
  <node id='-106' version='0' action='modify' visible='true' lat='56.6377998' lon='13.8029335'/>
  <node id='-107' version='0' action='modify' visible='true' lat='56.6379657' lon='13.8033153'/>
  <node id='-108' version='0' action='modify' visible='true' lat='56.6384422' lon='13.8043100'/>
  <node id='-109' version='0' action='modify' visible='true' lat='56.6387417' lon='13.8048194'/>
  <node id='-110' version='0' action='modify' visible='true' lat='56.6391249' lon='13.8053640'/>
  <node id='-111' version='0' action='modify' visible='true' lat='56.6394189' lon='13.8056981'/>
  <node id='-112' version='0' action='modify' visible='true' lat='56.6397961' lon='13.8060682'/>
  <node id='-113' version='0' action='modify' visible='true' lat='56.6399760' lon='13.8062045'/>
  <node id='-114' version='0' action='modify' visible='true' lat='56.6403453' lon='13.8064640'/>
  <node id='-115' version='0' action='modify' visible='true' lat='56.6405951' lon='13.8065901'/>
  <node id='-116' version='0' action='modify' visible='true' lat='56.6408375' lon='13.8066894'/>
  <node id='-117' version='0' action='modify' visible='true' lat='56.6413063' lon='13.8068096'/>
  <node id='-118' version='0' action='modify' visible='true' lat='56.6415829' lon='13.8068639'/>
  <node id='-119' version='0' action='modify' visible='true' lat='56.6419913' lon='13.8069702'/>
  <node id='-120' version='0' action='modify' visible='true' lat='56.6422583' lon='13.8070623'/>
  <node id='-121' version='0' action='modify' visible='true' lat='56.6425557' lon='13.8072151'/>
  <node id='-122' version='0' action='modify' visible='true' lat='56.6427224' lon='13.8073123'/>
  <node id='-123' version='0' action='modify' visible='true' lat='56.6431968' lon='13.8076528'/>
  <node id='-124' version='0' action='modify' visible='true' lat='56.6434840' lon='13.8079418'/>
  <node id='-125' version='0' action='modify' visible='true' lat='56.6440322' lon='13.8085054'/>
  <node id='-126' version='0' action='modify' visible='true' lat='56.6445804' lon='13.8090689'/>
  <node id='-127' version='0' action='modify' visible='true' lat='56.6451286' lon='13.8096325'/>
  <node id='-128' version='0' action='modify' visible='true' lat='56.6455823' lon='13.8101335'/>
  <node id='-129' version='0' action='modify' visible='true' lat='56.6461661' lon='13.8108196'/>
  <node id='-130' version='0' action='modify' visible='true' lat='56.6467758' lon='13.8116665'/>
  <node id='-131' version='0' action='modify' visible='true' lat='56.6474028' lon='13.8125170'/>
  <node id='-132' version='0' action='modify' visible='true' lat='56.6479349' lon='13.8130914'/>
  <node id='-133' version='0' action='modify' visible='true' lat='56.6483571' lon='13.8134530'/>
  <node id='-134' version='0' action='modify' visible='true' lat='56.6487839' lon='13.8137760'/>
  <node id='-135' version='0' action='modify' visible='true' lat='56.6492285' lon='13.8140173'/>
  <node id='-136' version='0' action='modify' visible='true' lat='56.6495957' lon='13.8141525'/>
  <node id='-137' version='0' action='modify' visible='true' lat='56.6497916' lon='13.8142247'/>
  <node id='-138' version='0' action='modify' visible='true' lat='56.6502653' lon='13.8143184'/>
  <node id='-139' version='0' action='modify' visible='true' lat='56.6507109' lon='13.8143496'/>
  <node id='-140' version='0' action='modify' visible='true' lat='56.6511611' lon='13.8143118'/>
  <node id='-141' version='0' action='modify' visible='true' lat='56.6514700' lon='13.8142592'/>
  <node id='-142' version='0' action='modify' visible='true' lat='56.6518013' lon='13.8141637'/>
  <node id='-143' version='0' action='modify' visible='true' lat='56.6519913' lon='13.8140862'/>
  <node id='-144' version='0' action='modify' visible='true' lat='56.6521941' lon='13.8140063'/>
  <node id='-145' version='0' action='modify' visible='true' lat='56.6525655' lon='13.8137898'/>
  <node id='-146' version='0' action='modify' visible='true' lat='56.6529304' lon='13.8135339'/>
  <node id='-147' version='0' action='modify' visible='true' lat='56.6534646' lon='13.8130804'/>
  <node id='-148' version='0' action='modify' visible='true' lat='56.6542042' lon='13.8123661'/>
  <node id='-149' version='0' action='modify' visible='true' lat='56.6546931' lon='13.8119469'/>
  <node id='-150' version='0' action='modify' visible='true' lat='56.6552009' lon='13.8116354'/>
  <node id='-151' version='0' action='modify' visible='true' lat='56.6557978' lon='13.8113753'/>
  <node id='-152' version='0' action='modify' visible='true' lat='56.6557860' lon='13.8111368'/>
  <node id='-153' version='0' action='modify' visible='true' lat='56.6558039' lon='13.8109327'/>
  <node id='-154' version='0' action='modify' visible='true' lat='56.6559102' lon='13.8107713'/>
  <node id='-155' version='0' action='modify' visible='true' lat='56.6563421' lon='13.8103898'/>
  <node id='-156' version='0' action='modify' visible='true' lat='56.6565367' lon='13.8101859'/>
  <node id='-157' version='0' action='modify' visible='true' lat='56.6566488' lon='13.8100143'/>
  <node id='-158' version='0' action='modify' visible='true' lat='56.6567579' lon='13.8098158'/>
  <node id='-159' version='0' action='modify' visible='true' lat='56.6568517' lon='13.8094898'/>
  <node id='-160' version='0' action='modify' visible='true' lat='56.6571780' lon='13.8084420'/>
  <node id='-161' version='0' action='modify' visible='true' lat='56.6573497' lon='13.8080814'/>
  <node id='-162' version='0' action='modify' visible='true' lat='56.6575918' lon='13.8077696'/>
  <node id='-163' version='0' action='modify' visible='true' lat='56.6576691' lon='13.8076822'/>
  <node id='-164' version='0' action='modify' visible='true' lat='56.6580284' lon='13.8072758'/>
  <node id='-165' version='0' action='modify' visible='true' lat='56.6582101' lon='13.8069609'/>
  <node id='-166' version='0' action='modify' visible='true' lat='56.6583519' lon='13.8066044'/>
  <node id='-167' version='0' action='modify' visible='true' lat='56.6584645' lon='13.8062326'/>
  <node id='-168' version='0' action='modify' visible='true' lat='56.6586730' lon='13.8047912'/>
  <node id='-169' version='0' action='modify' visible='true' lat='56.6587897' lon='13.8043588'/>
  <node id='-170' version='0' action='modify' visible='true' lat='56.6589947' lon='13.8040276'/>
  <node id='-171' version='0' action='modify' visible='true' lat='56.6591365' lon='13.8038834'/>
  <node id='-172' version='0' action='modify' visible='true' lat='56.6593408' lon='13.8037241'/>
  <node id='-173' version='0' action='modify' visible='true' lat='56.6596243' lon='13.8037241'/>
  <node id='-174' version='0' action='modify' visible='true' lat='56.6603582' lon='13.8038683'/>
  <node id='-175' version='0' action='modify' visible='true' lat='56.6607920' lon='13.8041896'/>
  <node id='-176' version='0' action='modify' visible='true' lat='56.6614052' lon='13.8047665'/>
  <node id='-177' version='0' action='modify' visible='true' lat='56.6620184' lon='13.8053433'/>
  <node id='-178' version='0' action='modify' visible='true' lat='56.6624939' lon='13.8058594'/>
  <node id='-179' version='0' action='modify' visible='true' lat='56.6629695' lon='13.8063756'/>
  <node id='-180' version='0' action='modify' visible='true' lat='56.6633575' lon='13.8068006'/>
  <node id='-181' version='0' action='modify' visible='true' lat='56.6637454' lon='13.8072257'/>
  <node id='-182' version='0' action='modify' visible='true' lat='56.6642501' lon='13.8076356'/>
  <node id='-183' version='0' action='modify' visible='true' lat='56.6647548' lon='13.8080455'/>
  <node id='-184' version='0' action='modify' visible='true' lat='56.6655110' lon='13.8084618'/>
  <node id='-185' version='0' action='modify' visible='true' lat='56.6657475' lon='13.8085920'/>
  <node id='-186' version='0' action='modify' visible='true' lat='56.6664733' lon='13.8088349'/>
  <node id='-187' version='0' action='modify' visible='true' lat='56.6669571' lon='13.8092447'/>
  <node id='-188' version='0' action='modify' visible='true' lat='56.6674243' lon='13.8098368'/>
  <node id='-189' version='0' action='modify' visible='true' lat='56.6678870' lon='13.8101763'/>
  <node id='-190' version='0' action='modify' visible='true' lat='56.6684586' lon='13.8105958'/>
  <node id='-191' version='0' action='modify' visible='true' lat='56.6689137' lon='13.8110142'/>
  <node id='-192' version='0' action='modify' visible='true' lat='56.6692411' lon='13.8116043'/>
  <node id='-193' version='0' action='modify' visible='true' lat='56.6697432' lon='13.8125086'/>
  <node id='-194' version='0' action='modify' visible='true' lat='56.6699934' lon='13.8129336'/>
  <node id='-195' version='0' action='modify' visible='true' lat='56.6702582' lon='13.8136575'/>
  <node id='-196' version='0' action='modify' visible='true' lat='56.6705230' lon='13.8143814'/>
  <node id='-197' version='0' action='modify' visible='true' lat='56.6707634' lon='13.8151077'/>
  <node id='-198' version='0' action='modify' visible='true' lat='56.6710038' lon='13.8158341'/>
  <node id='-199' version='0' action='modify' visible='true' lat='56.6712266' lon='13.8165799'/>
  <node id='-200' version='0' action='modify' visible='true' lat='56.6715340' lon='13.8176092'/>
  <node id='-201' version='0' action='modify' visible='true' lat='56.6716518' lon='13.8184037'/>
  <node id='-202' version='0' action='modify' visible='true' lat='56.6717695' lon='13.8191981'/>
  <node id='-203' version='0' action='modify' visible='true' lat='56.6719357' lon='13.8198880'/>
  <node id='-204' version='0' action='modify' visible='true' lat='56.6724471' lon='13.8205151'/>
  <node id='-205' version='0' action='modify' visible='true' lat='56.6728662' lon='13.8209206'/>
  <node id='-206' version='0' action='modify' visible='true' lat='56.6734549' lon='13.8214196'/>
  <node id='-207' version='0' action='modify' visible='true' lat='56.6737635' lon='13.8217630'/>
  <node id='-208' version='0' action='modify' visible='true' lat='56.6743888' lon='13.8224589'/>
  <node id='-209' version='0' action='modify' visible='true' lat='56.6750141' lon='13.8231548'/>
  <node id='-210' version='0' action='modify' visible='true' lat='56.6751980' lon='13.8235145'/>
  <node id='-211' version='0' action='modify' visible='true' lat='56.6757412' lon='13.8241122'/>
  <node id='-212' version='0' action='modify' visible='true' lat='56.6763502' lon='13.8250049'/>
  <node id='-213' version='0' action='modify' visible='true' lat='56.6765095' lon='13.8254563'/>
  <node id='-214' version='0' action='modify' visible='true' lat='56.6765265' lon='13.8258683'/>
  <node id='-215' version='0' action='modify' visible='true' lat='56.6764688' lon='13.8263526'/>
  <node id='-216' version='0' action='modify' visible='true' lat='56.6763856' lon='13.8266782'/>
  <node id='-217' version='0' action='modify' visible='true' lat='56.6761228' lon='13.8275088'/>
  <node id='-218' version='0' action='modify' visible='true' lat='56.6759647' lon='13.8280545'/>
  <node id='-219' version='0' action='modify' visible='true' lat='56.6758445' lon='13.8284767'/>
  <node id='-220' version='0' action='modify' visible='true' lat='56.6757276' lon='13.8289262'/>
  <node id='-221' version='0' action='modify' visible='true' lat='56.6762841' lon='13.8294220'/>
  <node id='-222' version='0' action='modify' visible='true' lat='56.6767753' lon='13.8298371'/>
  <node id='-223' version='0' action='modify' visible='true' lat='56.6772666' lon='13.8302523'/>
  <node id='-224' version='0' action='modify' visible='true' lat='56.6777897' lon='13.8306363'/>
  <node id='-225' version='0' action='modify' visible='true' lat='56.6783128' lon='13.8310204'/>
  <node id='-226' version='0' action='modify' visible='true' lat='56.6789687' lon='13.8314726'/>
  <node id='-227' version='0' action='modify' visible='true' lat='56.6796247' lon='13.8319248'/>
  <node id='-228' version='0' action='modify' visible='true' lat='56.6803746' lon='13.8324196'/>
  <node id='-229' version='0' action='modify' visible='true' lat='56.6809315' lon='13.8327909'/>
  <node id='-230' version='0' action='modify' visible='true' lat='56.6814883' lon='13.8331623'/>
  <node id='-231' version='0' action='modify' visible='true' lat='56.6822129' lon='13.8336449'/>
  <node id='-232' version='0' action='modify' visible='true' lat='56.6830450' lon='13.8342249'/>
  <node id='-233' version='0' action='modify' visible='true' lat='56.6836662' lon='13.8346561'/>
  <node id='-234' version='0' action='modify' visible='true' lat='56.6842374' lon='13.8351789'/>
  <node id='-235' version='0' action='modify' visible='true' lat='56.6848086' lon='13.8357017'/>
  <node id='-236' version='0' action='modify' visible='true' lat='56.6853794' lon='13.8362409'/>
  <node id='-237' version='0' action='modify' visible='true' lat='56.6859503' lon='13.8367800'/>
  <node id='-238' version='0' action='modify' visible='true' lat='56.6865211' lon='13.8373192'/>
  <node id='-239' version='0' action='modify' visible='true' lat='56.6871369' lon='13.8378395'/>
  <node id='-240' version='0' action='modify' visible='true' lat='56.6877526' lon='13.8383598'/>
  <node id='-241' version='0' action='modify' visible='true' lat='56.6883397' lon='13.8387683'/>
  <node id='-242' version='0' action='modify' visible='true' lat='56.6889268' lon='13.8391767'/>
  <node id='-243' version='0' action='modify' visible='true' lat='56.6895139' lon='13.8395852'/>
  <node id='-244' version='0' action='modify' visible='true' lat='56.6900674' lon='13.8399693'/>
  <node id='-245' version='0' action='modify' visible='true' lat='56.6907041' lon='13.8404113'/>
  <node id='-246' version='0' action='modify' visible='true' lat='56.6914783' lon='13.8409584'/>
  <node id='-247' version='0' action='modify' visible='true' lat='56.6922526' lon='13.8415056'/>
  <node id='-248' version='0' action='modify' visible='true' lat='56.6926778' lon='13.8418061'/>
  <node id='-249' version='0' action='modify' visible='true' lat='56.6934466' lon='13.8423371'/>
  <node id='-250' version='0' action='modify' visible='true' lat='56.6942154' lon='13.8428682'/>
  <node id='-251' version='0' action='modify' visible='true' lat='56.6948251' lon='13.8432974'/>
  <node id='-252' version='0' action='modify' visible='true' lat='56.6954349' lon='13.8437265'/>
  <node id='-253' version='0' action='modify' visible='true' lat='56.6959033' lon='13.8440538'/>
  <node id='-254' version='0' action='modify' visible='true' lat='56.6963716' lon='13.8443810'/>
  <node id='-255' version='0' action='modify' visible='true' lat='56.6971079' lon='13.8448531'/>
  <node id='-256' version='0' action='modify' visible='true' lat='56.6977139' lon='13.8453054'/>
  <node id='-257' version='0' action='modify' visible='true' lat='56.6978266' lon='13.8453895'/>
  <node id='-258' version='0' action='modify' visible='true' lat='56.6980139' lon='13.8455490'/>
  <node id='-259' version='0' action='modify' visible='true' lat='56.6980861' lon='13.8456930'/>
  <node id='-260' version='0' action='modify' visible='true' lat='56.6981352' lon='13.8457937'/>
  <node id='-261' version='0' action='modify' visible='true' lat='56.6981457' lon='13.8458656'/>
  <node id='-262' version='0' action='modify' visible='true' lat='56.6981731' lon='13.8459337'/>
  <node id='-263' version='0' action='modify' visible='true' lat='56.6982304' lon='13.8463033'/>
  <node id='-264' version='0' action='modify' visible='true' lat='56.6982709' lon='13.8466117'/>
  <node id='-265' version='0' action='modify' visible='true' lat='56.6982792' lon='13.8469803'/>
  <node id='-266' version='0' action='modify' visible='true' lat='56.6982423' lon='13.8479879'/>
  <node id='-267' version='0' action='modify' visible='true' lat='56.6982153' lon='13.8485922'/>
  <node id='-268' version='0' action='modify' visible='true' lat='56.6982046' lon='13.8489381'/>
  <node id='-269' version='0' action='modify' visible='true' lat='56.6981854' lon='13.8493890'/>
  <node id='-270' version='0' action='modify' visible='true' lat='56.6981796' lon='13.8500838'/>
  <node id='-271' version='0' action='modify' visible='true' lat='56.6981100' lon='13.8513200'/>
  <node id='-272' version='0' action='modify' visible='true' lat='56.6980300' lon='13.8527100'/>
  <node id='-273' version='0' action='modify' visible='true' lat='56.6979443' lon='13.8537459'/>
  <node id='-274' version='0' action='modify' visible='true' lat='56.6978468' lon='13.8549235'/>
  <node id='-275' version='0' action='modify' visible='true' lat='56.6977414' lon='13.8561977'/>
  <node id='-276' version='0' action='modify' visible='true' lat='56.6977276' lon='13.8563473'/>
  <node id='-277' version='0' action='modify' visible='true' lat='56.6975971' lon='13.8576744'/>
  <node id='-278' version='0' action='modify' visible='true' lat='56.6974666' lon='13.8590015'/>
  <node id='-279' version='0' action='modify' visible='true' lat='56.6974295' lon='13.8593136'/>
  <node id='-280' version='0' action='modify' visible='true' lat='56.6973249' lon='13.8605370'/>
  <node id='-281' version='0' action='modify' visible='true' lat='56.6972258' lon='13.8617122'/>
  <node id='-282' version='0' action='modify' visible='true' lat='56.6971266' lon='13.8628873'/>
  <node id='-283' version='0' action='modify' visible='true' lat='56.6970441' lon='13.8635525'/>
  <node id='-284' version='0' action='modify' visible='true' lat='56.6968939' lon='13.8643196'/>
  <node id='-285' version='0' action='modify' visible='true' lat='56.6966552' lon='13.8651817'/>
  <node id='-286' version='0' action='modify' visible='true' lat='56.6969128' lon='13.8654086'/>
  <node id='-287' version='0' action='modify' visible='true' lat='56.6972219' lon='13.8656607'/>
  <node id='-288' version='0' action='modify' visible='true' lat='56.6974795' lon='13.8658581'/>
  <node id='-289' version='0' action='modify' visible='true' lat='56.6979670' lon='13.8662208'/>
  <node id='-290' version='0' action='modify' visible='true' lat='56.6980700' lon='13.8662825'/>
  <node id='-291' version='0' action='modify' visible='true' lat='56.6982153' lon='13.8663343'/>
  <node id='-292' version='0' action='modify' visible='true' lat='56.6983709' lon='13.8663554'/>
  <node id='-293' version='0' action='modify' visible='true' lat='56.6985767' lon='13.8663454'/>
  <node id='-294' version='0' action='modify' visible='true' lat='56.6988995' lon='13.8662739'/>
  <node id='-295' version='0' action='modify' visible='true' lat='56.6990577' lon='13.8662639'/>
  <node id='-296' version='0' action='modify' visible='true' lat='56.6992091' lon='13.8663165'/>
  <node id='-297' version='0' action='modify' visible='true' lat='56.6993936' lon='13.8664745'/>
  <node id='-298' version='0' action='modify' visible='true' lat='56.6995532' lon='13.8667001'/>
  <node id='-299' version='0' action='modify' visible='true' lat='56.7000363' lon='13.8671588'/>
  <node id='-300' version='0' action='modify' visible='true' lat='56.7005538' lon='13.8676126'/>
  <node id='-301' version='0' action='modify' visible='true' lat='56.7013218' lon='13.8683070'/>
  <node id='-302' version='0' action='modify' visible='true' lat='56.7017601' lon='13.8687148'/>
  <node id='-303' version='0' action='modify' visible='true' lat='56.7024572' lon='13.8695826'/>
  <node id='-304' version='0' action='modify' visible='true' lat='56.7031542' lon='13.8704505'/>
  <node id='-305' version='0' action='modify' visible='true' lat='56.7036121' lon='13.8709289'/>
  <node id='-306' version='0' action='modify' visible='true' lat='56.7040699' lon='13.8714072'/>
  <node id='-307' version='0' action='modify' visible='true' lat='56.7043023' lon='13.8715576'/>
  <node id='-308' version='0' action='modify' visible='true' lat='56.7049447' lon='13.8716396'/>
  <node id='-309' version='0' action='modify' visible='true' lat='56.7055870' lon='13.8717216'/>
  <node id='-310' version='0' action='modify' visible='true' lat='56.7057729' lon='13.8718419'/>
  <node id='-311' version='0' action='modify' visible='true' lat='56.7063305' lon='13.8725307'/>
  <node id='-312' version='0' action='modify' visible='true' lat='56.7066257' lon='13.8727275'/>
  <node id='-313' version='0' action='modify' visible='true' lat='56.7073364' lon='13.8728697'/>
  <node id='-314' version='0' action='modify' visible='true' lat='56.7076535' lon='13.8728150'/>
  <node id='-315' version='0' action='modify' visible='true' lat='56.7079487' lon='13.8727603'/>
  <node id='-316' version='0' action='modify' visible='true' lat='56.7081893' lon='13.8728369'/>
  <node id='-317' version='0' action='modify' visible='true' lat='56.7088261' lon='13.8733865'/>
  <node id='-318' version='0' action='modify' visible='true' lat='56.7094629' lon='13.8739361'/>
  <node id='-319' version='0' action='modify' visible='true' lat='56.7096700' lon='13.8741291'/>
  <node id='-320' version='0' action='modify' visible='true' lat='56.7097574' lon='13.8742382'/>
  <node id='-321' version='0' action='modify' visible='true' lat='56.7100174' lon='13.8745616'/>
  <node id='-322' version='0' action='modify' visible='true' lat='56.7103380' lon='13.8749990'/>
  <node id='-323' version='0' action='modify' visible='true' lat='56.7105678' lon='13.8752948'/>
  <node id='-324' version='0' action='modify' visible='true' lat='56.7106799' lon='13.8753688'/>
  <node id='-325' version='0' action='modify' visible='true' lat='56.7107756' lon='13.8753976'/>
  <node id='-326' version='0' action='modify' visible='true' lat='56.7108863' lon='13.8754101'/>
  <node id='-327' version='0' action='modify' visible='true' lat='56.7110838' lon='13.8753763'/>
  <node id='-328' version='0' action='modify' visible='true' lat='56.7113569' lon='13.8753525'/>
  <node id='-329' version='0' action='modify' visible='true' lat='56.7116617' lon='13.8753374'/>
  <node id='-330' version='0' action='modify' visible='true' lat='56.7118770' lon='13.8753023'/>
  <node id='-331' version='0' action='modify' visible='true' lat='56.7122437' lon='13.8751494'/>
  <node id='-332' version='0' action='modify' visible='true' lat='56.7123991' lon='13.8750905'/>
  <node id='-333' version='0' action='modify' visible='true' lat='56.7125347' lon='13.8750654'/>
  <node id='-334' version='0' action='modify' visible='true' lat='56.7126757' lon='13.8750918'/>
  <node id='-335' version='0' action='modify' visible='true' lat='56.7130664' lon='13.8751983'/>
  <node id='-336' version='0' action='modify' visible='true' lat='56.7135198' lon='13.8753406'/>
  <node id='-337' version='0' action='modify' visible='true' lat='56.7139733' lon='13.8754829'/>
  <node id='-338' version='0' action='modify' visible='true' lat='56.7143095' lon='13.8756470'/>
  <node id='-339' version='0' action='modify' visible='true' lat='56.7148699' lon='13.8759421'/>
  <node id='-340' version='0' action='modify' visible='true' lat='56.7150221' lon='13.8759566'/>
  <node id='-341' version='0' action='modify' visible='true' lat='56.7151308' lon='13.8759228'/>
  <node id='-342' version='0' action='modify' visible='true' lat='56.7153757' lon='13.8758225'/>
  <node id='-343' version='0' action='modify' visible='true' lat='56.7156364' lon='13.8757473'/>
  <node id='-344' version='0' action='modify' visible='true' lat='56.7158785' lon='13.8757110'/>
  <node id='-345' version='0' action='modify' visible='true' lat='56.7160264' lon='13.8757072'/>
  <node id='-346' version='0' action='modify' visible='true' lat='56.7161530' lon='13.8757348'/>
  <node id='-347' version='0' action='modify' visible='true' lat='56.7162383' lon='13.8757786'/>
  <node id='-348' version='0' action='modify' visible='true' lat='56.7164508' lon='13.8759554'/>
  <node id='-349' version='0' action='modify' visible='true' lat='56.7166235' lon='13.8761572'/>
  <node id='-350' version='0' action='modify' visible='true' lat='56.7172735' lon='13.8770509'/>
  <node id='-351' version='0' action='modify' visible='true' lat='56.7174764' lon='13.8773655'/>
  <node id='-352' version='0' action='modify' visible='true' lat='56.7176449' lon='13.8775660'/>
  <node id='-353' version='0' action='modify' visible='true' lat='56.7180776' lon='13.8780173'/>
  <node id='-354' version='0' action='modify' visible='true' lat='56.7182970' lon='13.8782517'/>
  <node id='-355' version='0' action='modify' visible='true' lat='56.7185432' lon='13.8785713'/>
  <node id='-356' version='0' action='modify' visible='true' lat='56.7186753' lon='13.8788295'/>
  <node id='-357' version='0' action='modify' visible='true' lat='56.7187689' lon='13.8790438'/>
  <node id='-358' version='0' action='modify' visible='true' lat='56.7189711' lon='13.8796116'/>
  <node id='-359' version='0' action='modify' visible='true' lat='56.7191630' lon='13.8801644'/>
  <node id='-360' version='0' action='modify' visible='true' lat='56.7193157' lon='13.8806093'/>
  <node id='-361' version='0' action='modify' visible='true' lat='56.7193927' lon='13.8807786'/>
  <node id='-362' version='0' action='modify' visible='true' lat='56.7194615' lon='13.8808851'/>
  <node id='-363' version='0' action='modify' visible='true' lat='56.7195316' lon='13.8809728'/>
  <node id='-364' version='0' action='modify' visible='true' lat='56.7196589' lon='13.8810670'/>
  <node id='-365' version='0' action='modify' visible='true' lat='56.7197689' lon='13.8810944'/>
  <node id='-366' version='0' action='modify' visible='true' lat='56.7202422' lon='13.8811700'/>
  <node id='-367' version='0' action='modify' visible='true' lat='56.7207156' lon='13.8812457'/>
  <node id='-368' version='0' action='modify' visible='true' lat='56.7207892' lon='13.8812672'/>
  <node id='-369' version='0' action='modify' visible='true' lat='56.7208562' lon='13.8813208'/>
  <node id='-370' version='0' action='modify' visible='true' lat='56.7209217' lon='13.8813959'/>
  <node id='-371' version='0' action='modify' visible='true' lat='56.7210291' lon='13.8815595'/>
  <node id='-372' version='0' action='modify' visible='true' lat='56.7211410' lon='13.8817593'/>
  <node id='-373' version='0' action='modify' visible='true' lat='56.7215523' lon='13.8826266'/>
  <node id='-374' version='0' action='modify' visible='true' lat='56.7219637' lon='13.8834938'/>
  <node id='-375' version='0' action='modify' visible='true' lat='56.7223750' lon='13.8843611'/>
  <node id='-376' version='0' action='modify' visible='true' lat='56.7229004' lon='13.8855359'/>
  <node id='-377' version='0' action='modify' visible='true' lat='56.7231551' lon='13.8860884'/>
  <node id='-378' version='0' action='modify' visible='true' lat='56.7232946' lon='13.8863049'/>
  <node id='-379' version='0' action='modify' visible='true' lat='56.7235347' lon='13.8865766'/>
  <node id='-380' version='0' action='modify' visible='true' lat='56.7238217' lon='13.8868193'/>
  <node id='-381' version='0' action='modify' visible='true' lat='56.7238902' lon='13.8868448'/>
  <node id='-382' version='0' action='modify' visible='true' lat='56.7239446' lon='13.8868408'/>
  <node id='-383' version='0' action='modify' visible='true' lat='56.7239858' lon='13.8867912'/>
  <node id='-384' version='0' action='modify' visible='true' lat='56.7241867' lon='13.8862480'/>
  <node id='-385' version='0' action='modify' visible='true' lat='56.7243537' lon='13.8858926'/>
  <node id='-386' version='0' action='modify' visible='true' lat='56.7245362' lon='13.8856110'/>
  <node id='-387' version='0' action='modify' visible='true' lat='56.7250388' lon='13.8848922'/>
  <node id='-388' version='0' action='modify' visible='true' lat='56.7252585' lon='13.8846575'/>
  <node id='-389' version='0' action='modify' visible='true' lat='56.7254126' lon='13.8845368'/>
  <node id='-390' version='0' action='modify' visible='true' lat='56.7255237' lon='13.8844831'/>
  <node id='-391' version='0' action='modify' visible='true' lat='56.7256664' lon='13.8844375'/>
  <node id='-392' version='0' action='modify' visible='true' lat='56.7262680' lon='13.8843241'/>
  <node id='-393' version='0' action='modify' visible='true' lat='56.7263271' lon='13.8843074'/>
  <node id='-394' version='0' action='modify' visible='true' lat='56.7263919' lon='13.8842766'/>
  <node id='-395' version='0' action='modify' visible='true' lat='56.7264390' lon='13.8842350'/>
  <node id='-396' version='0' action='modify' visible='true' lat='56.7265280' lon='13.8841465'/>
  <node id='-397' version='0' action='modify' visible='true' lat='56.7266509' lon='13.8839547'/>
  <node id='-398' version='0' action='modify' visible='true' lat='56.7270843' lon='13.8831131'/>
  <node id='-399' version='0' action='modify' visible='true' lat='56.7275176' lon='13.8822716'/>
  <node id='-400' version='0' action='modify' visible='true' lat='56.7278046' lon='13.8816802'/>
  <node id='-401' version='0' action='modify' visible='true' lat='56.7283034' lon='13.8804115'/>
  <node id='-402' version='0' action='modify' visible='true' lat='56.7284667' lon='13.8799743'/>
  <node id='-403' version='0' action='modify' visible='true' lat='56.7285558' lon='13.8796350'/>
  <node id='-404' version='0' action='modify' visible='true' lat='56.7286051' lon='13.8793279'/>
  <node id='-405' version='0' action='modify' visible='true' lat='56.7286337' lon='13.8790865'/>
  <node id='-406' version='0' action='modify' visible='true' lat='56.7286536' lon='13.8787311'/>
  <node id='-407' version='0' action='modify' visible='true' lat='56.7286389' lon='13.8785018'/>
  <node id='-408' version='0' action='modify' visible='true' lat='56.7285977' lon='13.8782550'/>
  <node id='-409' version='0' action='modify' visible='true' lat='56.7284108' lon='13.8776448'/>
  <node id='-410' version='0' action='modify' visible='true' lat='56.7283571' lon='13.8773015'/>
  <node id='-411' version='0' action='modify' visible='true' lat='56.7282754' lon='13.8767597'/>
  <node id='-412' version='0' action='modify' visible='true' lat='56.7281482' lon='13.8761401'/>
  <node id='-413' version='0' action='modify' visible='true' lat='56.7281062' lon='13.8759094'/>
  <node id='-414' version='0' action='modify' visible='true' lat='56.7280900' lon='13.8757338'/>
  <node id='-415' version='0' action='modify' visible='true' lat='56.7280915' lon='13.8755795'/>
  <node id='-416' version='0' action='modify' visible='true' lat='56.7281077' lon='13.8754052'/>
  <node id='-417' version='0' action='modify' visible='true' lat='56.7281643' lon='13.8751316'/>
  <node id='-418' version='0' action='modify' visible='true' lat='56.7284785' lon='13.8740547'/>
  <node id='-419' version='0' action='modify' visible='true' lat='56.7289045' lon='13.8726734'/>
  <node id='-420' version='0' action='modify' visible='true' lat='56.7291936' lon='13.8716836'/>
  <node id='-421' version='0' action='modify' visible='true' lat='56.7293062' lon='13.8713288'/>
  <node id='-422' version='0' action='modify' visible='true' lat='56.7294041' lon='13.8710896'/>
  <node id='-423' version='0' action='modify' visible='true' lat='56.7294871' lon='13.8709583'/>
  <node id='-424' version='0' action='modify' visible='true' lat='56.7295717' lon='13.8709235'/>
  <node id='-425' version='0' action='modify' visible='true' lat='56.7296541' lon='13.8709114'/>
  <node id='-426' version='0' action='modify' visible='true' lat='56.7297284' lon='13.8709369'/>
  <node id='-427' version='0' action='modify' visible='true' lat='56.7298321' lon='13.8709811'/>
  <node id='-428' version='0' action='modify' visible='true' lat='56.7300418' lon='13.8711032'/>
  <node id='-429' version='0' action='modify' visible='true' lat='56.7302763' lon='13.8712419'/>
  <node id='-430' version='0' action='modify' visible='true' lat='56.7304963' lon='13.8713291'/>
  <node id='-431' version='0' action='modify' visible='true' lat='56.7306812' lon='13.8713746'/>
  <node id='-432' version='0' action='modify' visible='true' lat='56.7308950' lon='13.8714209'/>
  <node id='-433' version='0' action='modify' visible='true' lat='56.7309939' lon='13.8714213'/>
  <node id='-434' version='0' action='modify' visible='true' lat='56.7310902' lon='13.8714005'/>
  <node id='-435' version='0' action='modify' visible='true' lat='56.7311851' lon='13.8713495'/>
  <node id='-436' version='0' action='modify' visible='true' lat='56.7312683' lon='13.8712893'/>
  <node id='-437' version='0' action='modify' visible='true' lat='56.7313750' lon='13.8711217'/>
  <node id='-438' version='0' action='modify' visible='true' lat='56.7314515' lon='13.8709863'/>
  <node id='-439' version='0' action='modify' visible='true' lat='56.7315573' lon='13.8707830'/>
  <node id='-440' version='0' action='modify' visible='true' lat='56.7316147' lon='13.8707387'/>
  <node id='-441' version='0' action='modify' visible='true' lat='56.7317104' lon='13.8707283'/>
  <node id='-442' version='0' action='modify' visible='true' lat='56.7319270' lon='13.8708046'/>
  <node id='-443' version='0' action='modify' visible='true' lat='56.7327707' lon='13.8711210'/>
  <node id='-444' version='0' action='modify' visible='true' lat='56.7332705' lon='13.8712940'/>
  <node id='-445' version='0' action='modify' visible='true' lat='56.7337702' lon='13.8714670'/>
  <node id='-446' version='0' action='modify' visible='true' lat='56.7342174' lon='13.8716263'/>
  <node id='-447' version='0' action='modify' visible='true' lat='56.7349265' lon='13.8719351'/>
  <node id='-448' version='0' action='modify' visible='true' lat='56.7351045' lon='13.8720209'/>
  <node id='-449' version='0' action='modify' visible='true' lat='56.7352080' lon='13.8720722'/>
  <node id='-450' version='0' action='modify' visible='true' lat='56.7353027' lon='13.8721234'/>
  <node id='-451' version='0' action='modify' visible='true' lat='56.7357369' lon='13.8723458'/>
  <node id='-452' version='0' action='modify' visible='true' lat='56.7364191' lon='13.8726594'/>
  <node id='-453' version='0' action='modify' visible='true' lat='56.7365925' lon='13.8727657'/>
  <node id='-454' version='0' action='modify' visible='true' lat='56.7367893' lon='13.8728258'/>
  <node id='-455' version='0' action='modify' visible='true' lat='56.7370240' lon='13.8729439'/>
  <node id='-456' version='0' action='modify' visible='true' lat='56.7372465' lon='13.8730680'/>
  <node id='-457' version='0' action='modify' visible='true' lat='56.7373434' lon='13.8731564'/>
  <node id='-458' version='0' action='modify' visible='true' lat='56.7376078' lon='13.8734050'/>
  <node id='-459' version='0' action='modify' visible='true' lat='56.7378798' lon='13.8736508'/>
  <node id='-460' version='0' action='modify' visible='true' lat='56.7383505' lon='13.8741224'/>
  <node id='-461' version='0' action='modify' visible='true' lat='56.7388281' lon='13.8743594'/>
  <node id='-462' version='0' action='modify' visible='true' lat='56.7389127' lon='13.8744452'/>
  <node id='-463' version='0' action='modify' visible='true' lat='56.7390143' lon='13.8746139'/>
  <node id='-464' version='0' action='modify' visible='true' lat='56.7391120' lon='13.8747450'/>
  <node id='-465' version='0' action='modify' visible='true' lat='56.7391946' lon='13.8749000'/>
  <node id='-466' version='0' action='modify' visible='true' lat='56.7392582' lon='13.8749953'/>
  <node id='-467' version='0' action='modify' visible='true' lat='56.7393762' lon='13.8751359'/>
  <node id='-468' version='0' action='modify' visible='true' lat='56.7395603' lon='13.8753000'/>
  <node id='-469' version='0' action='modify' visible='true' lat='56.7399962' lon='13.8756289'/>
  <node id='-470' version='0' action='modify' visible='true' lat='56.7404321' lon='13.8759577'/>
  <node id='-471' version='0' action='modify' visible='true' lat='56.7405370' lon='13.8760691'/>
  <node id='-472' version='0' action='modify' visible='true' lat='56.7403764' lon='13.8765552'/>
  <node id='-473' version='0' action='modify' visible='true' lat='56.7401854' lon='13.8771424'/>
  <node id='-474' version='0' action='modify' visible='true' lat='56.7400839' lon='13.8776699'/>
  <node id='-475' version='0' action='modify' visible='true' lat='56.7400828' lon='13.8778053'/>
  <node id='-476' version='0' action='modify' visible='true' lat='56.7400829' lon='13.8785738'/>
  <node id='-477' version='0' action='modify' visible='true' lat='56.7402237' lon='13.8785581'/>
  <node id='-478' version='0' action='modify' visible='true' lat='56.7402538' lon='13.8786615'/>
  <node id='-479' version='0' action='modify' visible='true' lat='56.7402865' lon='13.8787038'/>
  <node id='-480' version='0' action='modify' visible='true' lat='56.7403380' lon='13.8787305'/>
  <node id='-481' version='0' action='modify' visible='true' lat='56.7403635' lon='13.8787307'/>
  <node id='-482' version='0' action='modify' visible='true' lat='56.7409039' lon='13.8786399'/>
  <node id='-483' version='0' action='modify' visible='true' lat='56.7411864' lon='13.8786184'/>
  <node id='-484' version='0' action='modify' visible='true' lat='56.7416806' lon='13.8788545'/>
  <node id='-485' version='0' action='modify' visible='true' lat='56.7418230' lon='13.8789302'/>
  <node id='-486' version='0' action='modify' visible='true' lat='56.7421285' lon='13.8790648'/>
  <node id='-487' version='0' action='modify' visible='true' lat='56.7427282' lon='13.8792968'/>
  <node id='-488' version='0' action='modify' visible='true' lat='56.7433279' lon='13.8795289'/>
  <node id='-489' version='0' action='modify' visible='true' lat='56.7441256' lon='13.8798181'/>
  <node id='-490' version='0' action='modify' visible='true' lat='56.7446892' lon='13.8800364'/>
  <node id='-491' version='0' action='modify' visible='true' lat='56.7449354' lon='13.8801270'/>
  <node id='-492' version='0' action='modify' visible='true' lat='56.7456736' lon='13.8804047'/>
  <node id='-493' version='0' action='modify' visible='true' lat='56.7465222' lon='13.8806893'/>
  <node id='-494' version='0' action='modify' visible='true' lat='56.7473609' lon='13.8809849'/>
  <node id='-495' version='0' action='modify' visible='true' lat='56.7482172' lon='13.8812834'/>
  <node id='-496' version='0' action='modify' visible='true' lat='56.7483507' lon='13.8813651'/>
  <node id='-497' version='0' action='modify' visible='true' lat='56.7484846' lon='13.8814455'/>
  <node id='-498' version='0' action='modify' visible='true' lat='56.7488655' lon='13.8817915'/>
  <node id='-499' version='0' action='modify' visible='true' lat='56.7492714' lon='13.8821214'/>
  <node id='-500' version='0' action='modify' visible='true' lat='56.7498089' lon='13.8825318'/>
  <node id='-501' version='0' action='modify' visible='true' lat='56.7503464' lon='13.8829422'/>
  <node id='-502' version='0' action='modify' visible='true' lat='56.7508185' lon='13.8832909'/>
  <node id='-503' version='0' action='modify' visible='true' lat='56.7513950' lon='13.8837174'/>
  <node id='-504' version='0' action='modify' visible='true' lat='56.7519714' lon='13.8841438'/>
  <node id='-505' version='0' action='modify' visible='true' lat='56.7526949' lon='13.8846910'/>
  <node id='-506' version='0' action='modify' visible='true' lat='56.7528370' lon='13.8847966'/>
  <node id='-507' version='0' action='modify' visible='true' lat='56.7534920' lon='13.8852838'/>
  <node id='-508' version='0' action='modify' visible='true' lat='56.7539309' lon='13.8856137'/>
  <node id='-509' version='0' action='modify' visible='true' lat='56.7543698' lon='13.8859436'/>
  <node id='-510' version='0' action='modify' visible='true' lat='56.7551948' lon='13.8865337'/>
  <node id='-511' version='0' action='modify' visible='true' lat='56.7559461' lon='13.8871077'/>
  <node id='-512' version='0' action='modify' visible='true' lat='56.7561476' lon='13.8872901'/>
  <node id='-513' version='0' action='modify' visible='true' lat='56.7565152' lon='13.8876602'/>
  <node id='-514' version='0' action='modify' visible='true' lat='56.7570401' lon='13.8881564'/>
  <node id='-515' version='0' action='modify' visible='true' lat='56.7573018' lon='13.8883844'/>
  <node id='-516' version='0' action='modify' visible='true' lat='56.7574092' lon='13.8884890'/>
  <node id='-517' version='0' action='modify' visible='true' lat='56.7574665' lon='13.8885311'/>
  <node id='-518' version='0' action='modify' visible='true' lat='56.7575077' lon='13.8885614'/>
  <node id='-519' version='0' action='modify' visible='true' lat='56.7578488' lon='13.8888055'/>
  <node id='-520' version='0' action='modify' visible='true' lat='56.7586214' lon='13.8893178'/>
  <node id='-521' version='0' action='modify' visible='true' lat='56.7593941' lon='13.8898301'/>
  <node id='-522' version='0' action='modify' visible='true' lat='56.7598337' lon='13.8901037'/>
  <node id='-523' version='0' action='modify' visible='true' lat='56.7601733' lon='13.8903290'/>
  <node id='-524' version='0' action='modify' visible='true' lat='56.7602880' lon='13.8904390'/>
  <node id='-525' version='0' action='modify' visible='true' lat='56.7604806' lon='13.8906294'/>
  <node id='-526' version='0' action='modify' visible='true' lat='56.7605967' lon='13.8907582'/>
  <node id='-527' version='0' action='modify' visible='true' lat='56.7606894' lon='13.8909379'/>
  <node id='-528' version='0' action='modify' visible='true' lat='56.7611848' lon='13.8920752'/>
  <node id='-529' version='0' action='modify' visible='true' lat='56.7616803' lon='13.8932124'/>
  <node id='-530' version='0' action='modify' visible='true' lat='56.7621831' lon='13.8943791'/>
  <node id='-531' version='0' action='modify' visible='true' lat='56.7624609' lon='13.8949987'/>
  <node id='-532' version='0' action='modify' visible='true' lat='56.7625966' lon='13.8953319'/>
  <node id='-533' version='0' action='modify' visible='true' lat='56.7629226' lon='13.8960797'/>
  <node id='-534' version='0' action='modify' visible='true' lat='56.7631695' lon='13.8966510'/>
  <node id='-535' version='0' action='modify' visible='true' lat='56.7635503' lon='13.8972974'/>
  <node id='-536' version='0' action='modify' visible='true' lat='56.7637415' lon='13.8975833'/>
  <node id='-537' version='0' action='modify' visible='true' lat='56.7643309' lon='13.8982549'/>
  <node id='-538' version='0' action='modify' visible='true' lat='56.7648797' lon='13.8988477'/>
  <node id='-539' version='0' action='modify' visible='true' lat='56.7654286' lon='13.8994404'/>
  <node id='-540' version='0' action='modify' visible='true' lat='56.7659774' lon='13.9000332'/>
  <node id='-541' version='0' action='modify' visible='true' lat='56.7664213' lon='13.9005643'/>
  <node id='-542' version='0' action='modify' visible='true' lat='56.7666506' lon='13.9007682'/>
  <node id='-543' version='0' action='modify' visible='true' lat='56.7668195' lon='13.9008915'/>
  <node id='-544' version='0' action='modify' visible='true' lat='56.7672371' lon='13.9011410'/>
  <node id='-545' version='0' action='modify' visible='true' lat='56.7676340' lon='13.9013636'/>
  <node id='-546' version='0' action='modify' visible='true' lat='56.7677016' lon='13.9010820'/>
  <node id='-547' version='0' action='modify' visible='true' lat='56.7677597' lon='13.9009009'/>
  <node id='-548' version='0' action='modify' visible='true' lat='56.7678163' lon='13.9007413'/>
  <node id='-549' version='0' action='modify' visible='true' lat='56.7678994' lon='13.9005992'/>
  <node id='-550' version='0' action='modify' visible='true' lat='56.7680000' lon='13.9004718'/>
  <node id='-551' version='0' action='modify' visible='true' lat='56.7681206' lon='13.9004074'/>
  <node id='-552' version='0' action='modify' visible='true' lat='56.7682095' lon='13.9003752'/>
  <node id='-553' version='0' action='modify' visible='true' lat='56.7683646' lon='13.9003739'/>
  <node id='-554' version='0' action='modify' visible='true' lat='56.7688019' lon='13.9004154'/>
  <node id='-555' version='0' action='modify' visible='true' lat='56.7689496' lon='13.9004061'/>
  <node id='-556' version='0' action='modify' visible='true' lat='56.7690334' lon='13.9003725'/>
  <node id='-557' version='0' action='modify' visible='true' lat='56.7692017' lon='13.9002720'/>
  <node id='-558' version='0' action='modify' visible='true' lat='56.7693663' lon='13.9001311'/>
  <node id='-559' version='0' action='modify' visible='true' lat='56.7697911' lon='13.8997301'/>
  <node id='-560' version='0' action='modify' visible='true' lat='56.7701255' lon='13.8994512'/>
  <node id='-561' version='0' action='modify' visible='true' lat='56.7703254' lon='13.8993265'/>
  <node id='-562' version='0' action='modify' visible='true' lat='56.7704577' lon='13.8992836'/>
  <node id='-563' version='0' action='modify' visible='true' lat='56.7706539' lon='13.8992473'/>
  <node id='-564' version='0' action='modify' visible='true' lat='56.7708795' lon='13.8992634'/>
  <node id='-565' version='0' action='modify' visible='true' lat='56.7710412' lon='13.8992970'/>
  <node id='-566' version='0' action='modify' visible='true' lat='56.7713175' lon='13.8993908'/>
  <node id='-567' version='0' action='modify' visible='true' lat='56.7715079' lon='13.8995263'/>
  <node id='-568' version='0' action='modify' visible='true' lat='56.7717614' lon='13.8997422'/>
  <node id='-569' version='0' action='modify' visible='true' lat='56.7719282' lon='13.8998589'/>
  <node id='-570' version='0' action='modify' visible='true' lat='56.7721516' lon='13.8999689'/>
  <node id='-571' version='0' action='modify' visible='true' lat='56.7724434' lon='13.9001164'/>
  <node id='-572' version='0' action='modify' visible='true' lat='56.7726359' lon='13.9002438'/>
  <node id='-573' version='0' action='modify' visible='true' lat='56.7728182' lon='13.9004289'/>
  <node id='-574' version='0' action='modify' visible='true' lat='56.7733348' lon='13.9011987'/>
  <node id='-575' version='0' action='modify' visible='true' lat='56.7735148' lon='13.9014428'/>
  <node id='-576' version='0' action='modify' visible='true' lat='56.7736963' lon='13.9016144'/>
  <node id='-577' version='0' action='modify' visible='true' lat='56.7738455' lon='13.9016989'/>
  <node id='-578' version='0' action='modify' visible='true' lat='56.7743364' lon='13.9019444'/>
  <node id='-579' version='0' action='modify' visible='true' lat='56.7747383' lon='13.9021870'/>
  <node id='-580' version='0' action='modify' visible='true' lat='56.7753453' lon='13.9026417'/>
  <node id='-581' version='0' action='modify' visible='true' lat='56.7754401' lon='13.9026913'/>
  <node id='-582' version='0' action='modify' visible='true' lat='56.7755129' lon='13.9027101'/>
  <node id='-583' version='0' action='modify' visible='true' lat='56.7756047' lon='13.9027154'/>
  <node id='-584' version='0' action='modify' visible='true' lat='56.7756775' lon='13.9027020'/>
  <node id='-585' version='0' action='modify' visible='true' lat='56.7757605' lon='13.9026739'/>
  <node id='-586' version='0' action='modify' visible='true' lat='56.7760728' lon='13.9025062'/>
  <node id='-587' version='0' action='modify' visible='true' lat='56.7761632' lon='13.9024861'/>
  <node id='-588' version='0' action='modify' visible='true' lat='56.7762264' lon='13.9024955'/>
  <node id='-589' version='0' action='modify' visible='true' lat='56.7763028' lon='13.9025116'/>
  <node id='-590' version='0' action='modify' visible='true' lat='56.7766702' lon='13.9027356'/>
  <node id='-591' version='0' action='modify' visible='true' lat='56.7768091' lon='13.9028522'/>
  <node id='-592' version='0' action='modify' visible='true' lat='56.7768906' lon='13.9029475'/>
  <node id='-593' version='0' action='modify' visible='true' lat='56.7773344' lon='13.9036502'/>
  <node id='-594' version='0' action='modify' visible='true' lat='56.7777165' lon='13.9044066'/>
  <node id='-595' version='0' action='modify' visible='true' lat='56.7777863' lon='13.9045326'/>
  <node id='-596' version='0' action='modify' visible='true' lat='56.7778921' lon='13.9046493'/>
  <node id='-597' version='0' action='modify' visible='true' lat='56.7780163' lon='13.9047593'/>
  <node id='-598' version='0' action='modify' visible='true' lat='56.7781008' lon='13.9048009'/>
  <node id='-599' version='0' action='modify' visible='true' lat='56.7781912' lon='13.9048237'/>
  <node id='-600' version='0' action='modify' visible='true' lat='56.7782749' lon='13.9048250'/>
  <node id='-601' version='0' action='modify' visible='true' lat='56.7783587' lon='13.9048143'/>
  <node id='-602' version='0' action='modify' visible='true' lat='56.7784630' lon='13.9047606'/>
  <node id='-603' version='0' action='modify' visible='true' lat='56.7785468' lon='13.9046949'/>
  <node id='-604' version='0' action='modify' visible='true' lat='56.7787400' lon='13.9044361'/>
  <node id='-605' version='0' action='modify' visible='true' lat='56.7789596' lon='13.9041368'/>
  <node id='-606' version='0' action='modify' visible='true' lat='56.7790641' lon='13.9039533'/>
  <node id='-607' version='0' action='modify' visible='true' lat='56.7791302' lon='13.9038151'/>
  <node id='-608' version='0' action='modify' visible='true' lat='56.7791853' lon='13.9036475'/>
  <node id='-609' version='0' action='modify' visible='true' lat='56.7792575' lon='13.9034166'/>
  <node id='-610' version='0' action='modify' visible='true' lat='56.7793021' lon='13.9032901'/>
  <node id='-611' version='0' action='modify' visible='true' lat='56.7793205' lon='13.9032342'/>
  <node id='-612' version='0' action='modify' visible='true' lat='56.7793675' lon='13.9031714'/>
  <node id='-613' version='0' action='modify' visible='true' lat='56.7794439' lon='13.9031191'/>
  <node id='-614' version='0' action='modify' visible='true' lat='56.7795255' lon='13.9030869'/>
  <node id='-615' version='0' action='modify' visible='true' lat='56.7799038' lon='13.9029959'/>
  <node id='-616' version='0' action='modify' visible='true' lat='56.7803557' lon='13.9029099'/>
  <node id='-617' version='0' action='modify' visible='true' lat='56.7805137' lon='13.9028965'/>
  <node id='-618' version='0' action='modify' visible='true' lat='56.7806562' lon='13.9028978'/>
  <node id='-619' version='0' action='modify' visible='true' lat='56.7807813' lon='13.9029058'/>
  <node id='-620' version='0' action='modify' visible='true' lat='56.7809023' lon='13.9029223'/>
  <node id='-621' version='0' action='modify' visible='true' lat='56.7810146' lon='13.9029470'/>
  <node id='-622' version='0' action='modify' visible='true' lat='56.7812431' lon='13.9029977'/>
  <node id='-623' version='0' action='modify' visible='true' lat='56.7814093' lon='13.9030239'/>
  <node id='-624' version='0' action='modify' visible='true' lat='56.7821645' lon='13.9031883'/>
  <node id='-625' version='0' action='modify' visible='true' lat='56.7829197' lon='13.9033527'/>
  <node id='-626' version='0' action='modify' visible='true' lat='56.7836749' lon='13.9035171'/>
  <node id='-627' version='0' action='modify' visible='true' lat='56.7836491' lon='13.9042060'/>
  <node id='-628' version='0' action='modify' visible='true' lat='56.7836589' lon='13.9045814'/>
  <node id='-629' version='0' action='modify' visible='true' lat='56.7837500' lon='13.9050575'/>
  <node id='-630' version='0' action='modify' visible='true' lat='56.7838581' lon='13.9056052'/>
  <node id='-631' version='0' action='modify' visible='true' lat='56.7839866' lon='13.9055261'/>
  <node id='-632' version='0' action='modify' visible='true' lat='56.7841482' lon='13.9055666'/>
  <node id='-633' version='0' action='modify' visible='true' lat='56.7842731' lon='13.9055854'/>
  <node id='-634' version='0' action='modify' visible='true' lat='56.7844905' lon='13.9057866'/>
  <node id='-635' version='0' action='modify' visible='true' lat='56.7845155' lon='13.9058697'/>
  <node id='-636' version='0' action='modify' visible='true' lat='56.7845508' lon='13.9059556'/>
  <node id='-637' version='0' action='modify' visible='true' lat='56.7846419' lon='13.9060602'/>
  <node id='-638' version='0' action='modify' visible='true' lat='56.7851708' lon='13.9067991'/>
  <node id='-639' version='0' action='modify' visible='true' lat='56.7854896' lon='13.9072564'/>
  <node id='-640' version='0' action='modify' visible='true' lat='56.7856358' lon='13.9074884'/>
  <node id='-641' version='0' action='modify' visible='true' lat='56.7857313' lon='13.9076856'/>
  <node id='-642' version='0' action='modify' visible='true' lat='56.7858981' lon='13.9081201'/>
  <node id='-643' version='0' action='modify' visible='true' lat='56.7859730' lon='13.9082582'/>
  <node id='-644' version='0' action='modify' visible='true' lat='56.7860421' lon='13.9083521'/>
  <node id='-645' version='0' action='modify' visible='true' lat='56.7860839' lon='13.9083870'/>
  <node id='-646' version='0' action='modify' visible='true' lat='56.7864740' lon='13.9084809'/>
  <node id='-647' version='0' action='modify' visible='true' lat='56.7866165' lon='13.9085506'/>
  <node id='-648' version='0' action='modify' visible='true' lat='56.7869552' lon='13.9087444'/>
  <node id='-649' version='0' action='modify' visible='true' lat='56.7872505' lon='13.9089442'/>
  <node id='-650' version='0' action='modify' visible='true' lat='56.7875120' lon='13.9091132'/>
  <node id='-651' version='0' action='modify' visible='true' lat='56.7878393' lon='13.9093063'/>
  <node id='-652' version='0' action='modify' visible='true' lat='56.7883294' lon='13.9096278'/>
  <node id='-653' version='0' action='modify' visible='true' lat='56.7888195' lon='13.9099494'/>
  <node id='-654' version='0' action='modify' visible='true' lat='56.7891604' lon='13.9101505'/>
  <node id='-655' version='0' action='modify' visible='true' lat='56.7895996' lon='13.9104295'/>
  <node id='-656' version='0' action='modify' visible='true' lat='56.7898193' lon='13.9106199'/>
  <node id='-657' version='0' action='modify' visible='true' lat='56.7903231' lon='13.9110906'/>
  <node id='-658' version='0' action='modify' visible='true' lat='56.7906441' lon='13.9114366'/>
  <node id='-659' version='0' action='modify' visible='true' lat='56.7909974' lon='13.9118551'/>
  <node id='-660' version='0' action='modify' visible='true' lat='56.7914257' lon='13.9123929'/>
  <node id='-661' version='0' action='modify' visible='true' lat='56.7917055' lon='13.9127496'/>
  <node id='-662' version='0' action='modify' visible='true' lat='56.7918561' lon='13.9129803'/>
  <node id='-663' version='0' action='modify' visible='true' lat='56.7919332' lon='13.9131117'/>
  <node id='-664' version='0' action='modify' visible='true' lat='56.7920904' lon='13.9134081'/>
  <node id='-665' version='0' action='modify' visible='true' lat='56.7921690' lon='13.9135100'/>
  <node id='-666' version='0' action='modify' visible='true' lat='56.7923254' lon='13.9136951'/>
  <node id='-667' version='0' action='modify' visible='true' lat='56.7925773' lon='13.9139150'/>
  <node id='-668' version='0' action='modify' visible='true' lat='56.7928513' lon='13.9141752'/>
  <node id='-669' version='0' action='modify' visible='true' lat='56.7930151' lon='13.9143348'/>
  <node id='-670' version='0' action='modify' visible='true' lat='56.7932068' lon='13.9145708'/>
  <node id='-671' version='0' action='modify' visible='true' lat='56.7933765' lon='13.9147720'/>
  <node id='-672' version='0' action='modify' visible='true' lat='56.7936100' lon='13.9150147'/>
  <node id='-673' version='0' action='modify' visible='true' lat='56.7938649' lon='13.9152293'/>
  <node id='-674' version='0' action='modify' visible='true' lat='56.7940889' lon='13.9154479'/>
  <node id='-675' version='0' action='modify' visible='true' lat='56.7943577' lon='13.9157899'/>
  <node id='-676' version='0' action='modify' visible='true' lat='56.7944980' lon='13.9160018'/>
  <node id='-677' version='0' action='modify' visible='true' lat='56.7946236' lon='13.9162230'/>
  <node id='-678' version='0' action='modify' visible='true' lat='56.7947859' lon='13.9164644'/>
  <node id='-679' version='0' action='modify' visible='true' lat='56.7949034' lon='13.9166254'/>
  <node id='-680' version='0' action='modify' visible='true' lat='56.7951472' lon='13.9168681'/>
  <node id='-681' version='0' action='modify' visible='true' lat='56.7954799' lon='13.9171806'/>
  <node id='-682' version='0' action='modify' visible='true' lat='56.7956665' lon='13.9173523'/>
  <node id='-683' version='0' action='modify' visible='true' lat='56.7959874' lon='13.9176232'/>
  <node id='-684' version='0' action='modify' visible='true' lat='56.7961262' lon='13.9177519'/>
  <node id='-685' version='0' action='modify' visible='true' lat='56.7964222' lon='13.9179450'/>
  <node id='-686' version='0' action='modify' visible='true' lat='56.7966829' lon='13.9181730'/>
  <node id='-687' version='0' action='modify' visible='true' lat='56.7972271' lon='13.9186129'/>
  <node id='-688' version='0' action='modify' visible='true' lat='56.7973842' lon='13.9187671'/>
  <node id='-689' version='0' action='modify' visible='true' lat='56.7975612' lon='13.9188758'/>
  <node id='-690' version='0' action='modify' visible='true' lat='56.7976567' lon='13.9188838'/>
  <node id='-691' version='0' action='modify' visible='true' lat='56.7977250' lon='13.9188771'/>
  <node id='-692' version='0' action='modify' visible='true' lat='56.7978219' lon='13.9188221'/>
  <node id='-693' version='0' action='modify' visible='true' lat='56.7979424' lon='13.9187162'/>
  <node id='-694' version='0' action='modify' visible='true' lat='56.7981179' lon='13.9185713'/>
  <node id='-695' version='0' action='modify' visible='true' lat='56.7982266' lon='13.9185405'/>
  <node id='-696' version='0' action='modify' visible='true' lat='56.7983970' lon='13.9185351'/>
  <node id='-697' version='0' action='modify' visible='true' lat='56.7985710' lon='13.9185700'/>
  <node id='-698' version='0' action='modify' visible='true' lat='56.7987722' lon='13.9186639'/>
  <node id='-699' version='0' action='modify' visible='true' lat='56.7991974' lon='13.9189522'/>
  <node id='-700' version='0' action='modify' visible='true' lat='56.7994265' lon='13.9190970'/>
  <node id='-701' version='0' action='modify' visible='true' lat='56.7996167' lon='13.9192472'/>
  <node id='-702' version='0' action='modify' visible='true' lat='56.7998216' lon='13.9194471'/>
  <node id='-703' version='0' action='modify' visible='true' lat='56.7999927' lon='13.9196388'/>
  <node id='-704' version='0' action='modify' visible='true' lat='56.8000772' lon='13.9196885'/>
  <node id='-705' version='0' action='modify' visible='true' lat='56.8002600' lon='13.9198145'/>
  <node id='-706' version='0' action='modify' visible='true' lat='56.8003995' lon='13.9198722'/>
  <node id='-707' version='0' action='modify' visible='true' lat='56.8006015' lon='13.9199446'/>
  <node id='-708' version='0' action='modify' visible='true' lat='56.8007975' lon='13.9200492'/>
  <node id='-709' version='0' action='modify' visible='true' lat='56.8009422' lon='13.9201914'/>
  <node id='-710' version='0' action='modify' visible='true' lat='56.8011757' lon='13.9204596'/>
  <node id='-711' version='0' action='modify' visible='true' lat='56.8012822' lon='13.9205535'/>
  <node id='-712' version='0' action='modify' visible='true' lat='56.8014357' lon='13.9206527'/>
  <node id='-713' version='0' action='modify' visible='true' lat='56.8017353' lon='13.9206956'/>
  <node id='-714' version='0' action='modify' visible='true' lat='56.8020591' lon='13.9207613'/>
  <node id='-715' version='0' action='modify' visible='true' lat='56.8024446' lon='13.9209424'/>
  <node id='-716' version='0' action='modify' visible='true' lat='56.8026025' lon='13.9210108'/>
  <node id='-717' version='0' action='modify' visible='true' lat='56.8027853' lon='13.9210993'/>
  <node id='-718' version='0' action='modify' visible='true' lat='56.8031723' lon='13.9212656'/>
  <node id='-719' version='0' action='modify' visible='true' lat='56.8034579' lon='13.9214239'/>
  <node id='-720' version='0' action='modify' visible='true' lat='56.8036752' lon='13.9215969'/>
  <node id='-721' version='0' action='modify' visible='true' lat='56.8038676' lon='13.9218302'/>
  <node id='-722' version='0' action='modify' visible='true' lat='56.8040306' lon='13.9220770'/>
  <node id='-723' version='0' action='modify' visible='true' lat='56.8041922' lon='13.9222379'/>
  <node id='-724' version='0' action='modify' visible='true' lat='56.8043486' lon='13.9224042'/>
  <node id='-725' version='0' action='modify' visible='true' lat='56.8046437' lon='13.9227261'/>
  <node id='-726' version='0' action='modify' visible='true' lat='56.8050219' lon='13.9230828'/>
  <node id='-727' version='0' action='modify' visible='true' lat='56.8051577' lon='13.9231807'/>
  <node id='-728' version='0' action='modify' visible='true' lat='56.8053824' lon='13.9233041'/>
  <node id='-729' version='0' action='modify' visible='true' lat='56.8056254' lon='13.9234154'/>
  <node id='-730' version='0' action='modify' visible='true' lat='56.8057311' lon='13.9234489'/>
  <node id='-731' version='0' action='modify' visible='true' lat='56.8058427' lon='13.9234583'/>
  <node id='-732' version='0' action='modify' visible='true' lat='56.8059536' lon='13.9234436'/>
  <node id='-733' version='0' action='modify' visible='true' lat='56.8062172' lon='13.9233483'/>
  <node id='-734' version='0' action='modify' visible='true' lat='56.8064250' lon='13.9232464'/>
  <node id='-735' version='0' action='modify' visible='true' lat='56.8065469' lon='13.9231847'/>
  <node id='-736' version='0' action='modify' visible='true' lat='56.8067943' lon='13.9231552'/>
  <node id='-737' version='0' action='modify' visible='true' lat='56.8069485' lon='13.9232182'/>
  <node id='-738' version='0' action='modify' visible='true' lat='56.8070960' lon='13.9232920'/>
  <node id='-739' version='0' action='modify' visible='true' lat='56.8072238' lon='13.9234100'/>
  <node id='-740' version='0' action='modify' visible='true' lat='56.8073802' lon='13.9235656'/>
  <node id='-741' version='0' action='modify' visible='true' lat='56.8076650' lon='13.9238968'/>
  <node id='-742' version='0' action='modify' visible='true' lat='56.8080901' lon='13.9243716'/>
  <node id='-743' version='0' action='modify' visible='true' lat='56.8082979' lon='13.9245500'/>
  <node id='-744' version='0' action='modify' visible='true' lat='56.8084323' lon='13.9246438'/>
  <node id='-745' version='0' action='modify' visible='true' lat='56.8086701' lon='13.9248128'/>
  <node id='-746' version='0' action='modify' visible='true' lat='56.8089609' lon='13.9249912'/>
  <node id='-747' version='0' action='modify' visible='true' lat='56.8094755' lon='13.9252688'/>
  <node id='-748' version='0' action='modify' visible='true' lat='56.8096165' lon='13.9253278'/>
  <node id='-749' version='0' action='modify' visible='true' lat='56.8098044' lon='13.9254096'/>
  <node id='-750' version='0' action='modify' visible='true' lat='56.8103022' lon='13.9256202'/>
  <node id='-751' version='0' action='modify' visible='true' lat='56.8105826' lon='13.9257623'/>
  <node id='-752' version='0' action='modify' visible='true' lat='56.8107764' lon='13.9258616'/>
  <node id='-753' version='0' action='modify' visible='true' lat='56.8109174' lon='13.9259581'/>
  <node id='-754' version='0' action='modify' visible='true' lat='56.8111699' lon='13.9261405'/>
  <node id='-755' version='0' action='modify' visible='true' lat='56.8115751' lon='13.9264490'/>
  <node id='-756' version='0' action='modify' visible='true' lat='56.8120413' lon='13.9267896'/>
  <node id='-757' version='0' action='modify' visible='true' lat='56.8121613' lon='13.9268969'/>
  <node id='-758' version='0' action='modify' visible='true' lat='56.8122509' lon='13.9269767'/>
  <node id='-759' version='0' action='modify' visible='true' lat='56.8125162' lon='13.9272442'/>
  <node id='-760' version='0' action='modify' visible='true' lat='56.8126014' lon='13.9273381'/>
  <node id='-761' version='0' action='modify' visible='true' lat='56.8128444' lon='13.9275802'/>
  <node id='-762' version='0' action='modify' visible='true' lat='56.8129571' lon='13.9276727'/>
  <node id='-763' version='0' action='modify' visible='true' lat='56.8130753' lon='13.9277143'/>
  <node id='-764' version='0' action='modify' visible='true' lat='56.8130742' lon='13.9277914'/>
  <node id='-765' version='0' action='modify' visible='true' lat='56.8130903' lon='13.9278477'/>
  <node id='-766' version='0' action='modify' visible='true' lat='56.8131501' lon='13.9279161'/>
  <node id='-767' version='0' action='modify' visible='true' lat='56.8132595' lon='13.9280435'/>
  <node id='-768' version='0' action='modify' visible='true' lat='56.8133120' lon='13.9281012'/>
  <node id='-769' version='0' action='modify' visible='true' lat='56.8133359' lon='13.9281488'/>
  <node id='-770' version='0' action='modify' visible='true' lat='56.8133582' lon='13.9282186'/>
  <node id='-771' version='0' action='modify' visible='true' lat='56.8133656' lon='13.9283010'/>
  <node id='-772' version='0' action='modify' visible='true' lat='56.8133667' lon='13.9283895'/>
  <node id='-773' version='0' action='modify' visible='true' lat='56.8133641' lon='13.9284988'/>
  <node id='-774' version='0' action='modify' visible='true' lat='56.8133520' lon='13.9286202'/>
  <node id='-775' version='0' action='modify' visible='true' lat='56.8133311' lon='13.9287429'/>
  <node id='-776' version='0' action='modify' visible='true' lat='56.8133252' lon='13.9288147'/>
  <node id='-777' version='0' action='modify' visible='true' lat='56.8133311' lon='13.9288663'/>
  <node id='-778' version='0' action='modify' visible='true' lat='56.8133480' lon='13.9289193'/>
  <node id='-779' version='0' action='modify' visible='true' lat='56.8133762' lon='13.9289474'/>
  <node id='-780' version='0' action='modify' visible='true' lat='56.8134049' lon='13.9289495'/>
  <node id='-781' version='0' action='modify' visible='true' lat='56.8134504' lon='13.9289575'/>
  <node id='-782' version='0' action='modify' visible='true' lat='56.8135987' lon='13.9289407'/>
  <node id='-783' version='0' action='modify' visible='true' lat='56.8136577' lon='13.9289046'/>
  <node id='-784' version='0' action='modify' visible='true' lat='56.8137853' lon='13.9287906'/>
  <node id='-785' version='0' action='modify' visible='true' lat='56.8138882' lon='13.9286977'/>
  <node id='-786' version='0' action='modify' visible='true' lat='56.8139980' lon='13.9286028'/>
  <node id='-787' version='0' action='modify' visible='true' lat='56.8141437' lon='13.9286370'/>
  <node id='-788' version='0' action='modify' visible='true' lat='56.8143735' lon='13.9287516'/>
  <node id='-789' version='0' action='modify' visible='true' lat='56.8145621' lon='13.9288643'/>
  <node id='-790' version='0' action='modify' visible='true' lat='56.8146825' lon='13.9289394'/>
  <node id='-791' version='0' action='modify' visible='true' lat='56.8147056' lon='13.9289897'/>
  <node id='-792' version='0' action='modify' visible='true' lat='56.8147254' lon='13.9290252'/>
  <node id='-793' version='0' action='modify' visible='true' lat='56.8147467' lon='13.9290440'/>
  <node id='-794' version='0' action='modify' visible='true' lat='56.8147867' lon='13.9290507'/>
  <node id='-795' version='0' action='modify' visible='true' lat='56.8148664' lon='13.9290702'/>
  <node id='-796' version='0' action='modify' visible='true' lat='56.8149343' lon='13.9290742'/>
  <node id='-797' version='0' action='modify' visible='true' lat='56.8152477' lon='13.9291205'/>
  <node id='-798' version='0' action='modify' visible='true' lat='56.8155524' lon='13.9291633'/>
  <node id='-799' version='0' action='modify' visible='true' lat='56.8158789' lon='13.9292192'/>
  <node id='-800' version='0' action='modify' visible='true' lat='56.8161694' lon='13.9292794'/>
  <node id='-801' version='0' action='modify' visible='true' lat='56.8164987' lon='13.9293927'/>
  <node id='-802' version='0' action='modify' visible='true' lat='56.8168803' lon='13.9295908'/>
  <node id='-803' version='0' action='modify' visible='true' lat='56.8175196' lon='13.9299165'/>
  <node id='-804' version='0' action='modify' visible='true' lat='56.8180343' lon='13.9301645'/>
  <node id='-805' version='0' action='modify' visible='true' lat='56.8186740' lon='13.9305464'/>
  <node id='-806' version='0' action='modify' visible='true' lat='56.8192183' lon='13.9309074'/>
  <node id='-807' version='0' action='modify' visible='true' lat='56.8197219' lon='13.9312897'/>
  <node id='-808' version='0' action='modify' visible='true' lat='56.8200727' lon='13.9315806'/>
  <node id='-809' version='0' action='modify' visible='true' lat='56.8204831' lon='13.9319940'/>
  <node id='-810' version='0' action='modify' visible='true' lat='56.8207078' lon='13.9321957'/>
  <node id='-811' version='0' action='modify' visible='true' lat='56.8210667' lon='13.9324625'/>
  <node id='-812' version='0' action='modify' visible='true' lat='56.8211702' lon='13.9325000'/>
  <node id='-813' version='0' action='modify' visible='true' lat='56.8212598' lon='13.9324799'/>
  <node id='-814' version='0' action='modify' visible='true' lat='56.8213155' lon='13.9324410'/>
  <node id='-815' version='0' action='modify' visible='true' lat='56.8213809' lon='13.9324048'/>
  <node id='-816' version='0' action='modify' visible='true' lat='56.8214786' lon='13.9323656'/>
  <node id='-817' version='0' action='modify' visible='true' lat='56.8215460' lon='13.9323780'/>
  <node id='-818' version='0' action='modify' visible='true' lat='56.8216363' lon='13.9324611'/>
  <node id='-819' version='0' action='modify' visible='true' lat='56.8217089' lon='13.9325510'/>
  <node id='-820' version='0' action='modify' visible='true' lat='56.8224149' lon='13.9334120'/>
  <node id='-821' version='0' action='modify' visible='true' lat='56.8229293' lon='13.9341104'/>
  <node id='-822' version='0' action='modify' visible='true' lat='56.8234270' lon='13.9348819'/>
  <node id='-823' version='0' action='modify' visible='true' lat='56.8239532' lon='13.9358608'/>
  <node id='-824' version='0' action='modify' visible='true' lat='56.8241931' lon='13.9363738'/>
  <node id='-825' version='0' action='modify' visible='true' lat='56.8245520' lon='13.9372234'/>
  <node id='-826' version='0' action='modify' visible='true' lat='56.8246790' lon='13.9375526'/>
  <node id='-827' version='0' action='modify' visible='true' lat='56.8246544' lon='13.9375989'/>
  <node id='-828' version='0' action='modify' visible='true' lat='56.8246393' lon='13.9376499'/>
  <node id='-829' version='0' action='modify' visible='true' lat='56.8246346' lon='13.9376881'/>
  <node id='-830' version='0' action='modify' visible='true' lat='56.8246324' lon='13.9377417'/>
  <node id='-831' version='0' action='modify' visible='true' lat='56.8246390' lon='13.9377920'/>
  <node id='-832' version='0' action='modify' visible='true' lat='56.8247122' lon='13.9379212'/>
  <node id='-833' version='0' action='modify' visible='true' lat='56.8247664' lon='13.9380057'/>
  <node id='-834' version='0' action='modify' visible='true' lat='56.8248920' lon='13.9382269'/>
  <node id='-835' version='0' action='modify' visible='true' lat='56.8249738' lon='13.9380885'/>
  <node id='-836' version='0' action='modify' visible='true' lat='56.8250198' lon='13.9380229'/>
  <node id='-837' version='0' action='modify' visible='true' lat='56.8250677' lon='13.9379487'/>
  <node id='-838' version='0' action='modify' visible='true' lat='56.8250821' lon='13.9379206'/>
  <node id='-839' version='0' action='modify' visible='true' lat='56.8250886' lon='13.9378634'/>
  <node id='-840' version='0' action='modify' visible='true' lat='56.8251640' lon='13.9377116'/>
  <node id='-841' version='0' action='modify' visible='true' lat='56.8253267' lon='13.9374258'/>
  <node id='-842' version='0' action='modify' visible='true' lat='56.8255357' lon='13.9370296'/>
  <node id='-843' version='0' action='modify' visible='true' lat='56.8258582' lon='13.9363863'/>
  <node id='-844' version='0' action='modify' visible='true' lat='56.8259497' lon='13.9365176'/>
  <node id='-845' version='0' action='modify' visible='true' lat='56.8259567' lon='13.9365197'/>
  <node id='-846' version='0' action='modify' visible='true' lat='56.8260177' lon='13.9365384'/>
  <node id='-847' version='0' action='modify' visible='true' lat='56.8263438' lon='13.9366387'/>
  <node id='-848' version='0' action='modify' visible='true' lat='56.8264039' lon='13.9366789'/>
  <node id='-849' version='0' action='modify' visible='true' lat='56.8264204' lon='13.9367497'/>
  <node id='-850' version='0' action='modify' visible='true' lat='56.8264141' lon='13.9370473'/>
  <node id='-851' version='0' action='modify' visible='true' lat='56.8265433' lon='13.9370544'/>
  <node id='-852' version='0' action='modify' visible='true' lat='56.8266431' lon='13.9370410'/>
  <node id='-853' version='0' action='modify' visible='true' lat='56.8267381' lon='13.9370209'/>
  <node id='-854' version='0' action='modify' visible='true' lat='56.8268648' lon='13.9369591'/>
  <node id='-855' version='0' action='modify' visible='true' lat='56.8269218' lon='13.9370781'/>
  <node id='-856' version='0' action='modify' visible='true' lat='56.8269504' lon='13.9372399'/>
  <node id='-857' version='0' action='modify' visible='true' lat='56.8269252' lon='13.9375665'/>
  <node id='-858' version='0' action='modify' visible='true' lat='56.8269285' lon='13.9376438'/>
  <node id='-859' version='0' action='modify' visible='true' lat='56.8269685' lon='13.9379798'/>
  <node id='-860' version='0' action='modify' visible='true' lat='56.8270074' lon='13.9381501'/>
  <node id='-861' version='0' action='modify' visible='true' lat='56.8270703' lon='13.9383623'/>
  <node id='-862' version='0' action='modify' visible='true' lat='56.8271909' lon='13.9385793'/>
  <node id='-863' version='0' action='modify' visible='true' lat='56.8275235' lon='13.9392344'/>
  <node id='-864' version='0' action='modify' visible='true' lat='56.8278560' lon='13.9398895'/>
  <node id='-865' version='0' action='modify' visible='true' lat='56.8277819' lon='13.9400573'/>
  <node id='-866' version='0' action='modify' visible='true' lat='56.8276925' lon='13.9402328'/>
  <node id='-867' version='0' action='modify' visible='true' lat='56.8276601' lon='13.9402999'/>
  <node id='-868' version='0' action='modify' visible='true' lat='56.8277049' lon='13.9403877'/>
  <node id='-869' version='0' action='modify' visible='true' lat='56.8277690' lon='13.9402925'/>
  <node id='-870' version='0' action='modify' visible='true' lat='56.8280641' lon='13.9405061'/>
  <node id='-871' version='0' action='modify' visible='true' lat='56.8281566' lon='13.9405937'/>
  <node id='-872' version='0' action='modify' visible='true' lat='56.8281790' lon='13.9406220'/>
  <node id='-873' version='0' action='modify' visible='true' lat='56.8282854' lon='13.9409656'/>
  <node id='-874' version='0' action='modify' visible='true' lat='56.8283129' lon='13.9410179'/>
  <node id='-875' version='0' action='modify' visible='true' lat='56.8284015' lon='13.9410815'/>
  <node id='-876' version='0' action='modify' visible='true' lat='56.8284425' lon='13.9410874'/>
  <node id='-877' version='0' action='modify' visible='true' lat='56.8286078' lon='13.9412277'/>
  <node id='-878' version='0' action='modify' visible='true' lat='56.8286504' lon='13.9412522'/>
  <node id='-879' version='0' action='modify' visible='true' lat='56.8287901' lon='13.9413713'/>
  <node id='-880' version='0' action='modify' visible='true' lat='56.8289256' lon='13.9414981'/>
  <node id='-881' version='0' action='modify' visible='true' lat='56.8289960' lon='13.9415273'/>
  <node id='-882' version='0' action='modify' visible='true' lat='56.8293884' lon='13.9418870'/>
  <node id='-883' version='0' action='modify' visible='true' lat='56.8294975' lon='13.9419648'/>
  <node id='-884' version='0' action='modify' visible='true' lat='56.8296090' lon='13.9420432'/>
  <node id='-885' version='0' action='modify' visible='true' lat='56.8296778' lon='13.9421164'/>
  <node id='-886' version='0' action='modify' visible='true' lat='56.8303192' lon='13.9426662'/>
  <node id='-887' version='0' action='modify' visible='true' lat='56.8309375' lon='13.9431967'/>
  <node id='-888' version='0' action='modify' visible='true' lat='56.8316883' lon='13.9438195'/>
  <node id='-889' version='0' action='modify' visible='true' lat='56.8319662' lon='13.9440956'/>
  <node id='-890' version='0' action='modify' visible='true' lat='56.8319877' lon='13.9441213'/>
  <node id='-891' version='0' action='modify' visible='true' lat='56.8320354' lon='13.9442417'/>
  <node id='-892' version='0' action='modify' visible='true' lat='56.8320809' lon='13.9441998'/>
  <node id='-893' version='0' action='modify' visible='true' lat='56.8321323' lon='13.9441727'/>
  <node id='-894' version='0' action='modify' visible='true' lat='56.8321190' lon='13.9440186'/>
  <node id='-895' version='0' action='modify' visible='true' lat='56.8321157' lon='13.9439138'/>
  <node id='-896' version='0' action='modify' visible='true' lat='56.8321216' lon='13.9437873'/>
  <node id='-897' version='0' action='modify' visible='true' lat='56.8321379' lon='13.9436886'/>
  <node id='-898' version='0' action='modify' visible='true' lat='56.8322320' lon='13.9432963'/>
  <node id='-899' version='0' action='modify' visible='true' lat='56.8322905' lon='13.9430749'/>
  <node id='-900' version='0' action='modify' visible='true' lat='56.8323661' lon='13.9427670'/>
  <node id='-901' version='0' action='modify' visible='true' lat='56.8323855' lon='13.9426918'/>
  <node id='-902' version='0' action='modify' visible='true' lat='56.8323546' lon='13.9425728'/>
  <node id='-903' version='0' action='modify' visible='true' lat='56.8323666' lon='13.9425208'/>
  <node id='-904' version='0' action='modify' visible='true' lat='56.8324530' lon='13.9421460'/>
  <node id='-905' version='0' action='modify' visible='true' lat='56.8325098' lon='13.9419369'/>
  <node id='-906' version='0' action='modify' visible='true' lat='56.8326170' lon='13.9418966'/>
  <node id='-907' version='0' action='modify' visible='true' lat='56.8326245' lon='13.9418938'/>
  <node id='-908' version='0' action='modify' visible='true' lat='56.8326425' lon='13.9418873'/>
  <node id='-909' version='0' action='modify' visible='true' lat='56.8325098' lon='13.9419369'/>
  <node id='-910' version='0' action='modify' visible='true' lat='56.8325761' lon='13.9416461'/>
  <node id='-911' version='0' action='modify' visible='true' lat='56.8325914' lon='13.9415792'/>
  <node id='-912' version='0' action='modify' visible='true' lat='56.8325831' lon='13.9414992'/>
  <node id='-913' version='0' action='modify' visible='true' lat='56.8325766' lon='13.9414547'/>
  <node id='-914' version='0' action='modify' visible='true' lat='56.8325701' lon='13.9414427'/>
  <node id='-915' version='0' action='modify' visible='true' lat='56.8325069' lon='13.9413765'/>
  <node id='-916' version='0' action='modify' visible='true' lat='56.8325135' lon='13.9413456'/>
  <node id='-917' version='0' action='modify' visible='true' lat='56.8325348' lon='13.9412159'/>
  <node id='-918' version='0' action='modify' visible='true' lat='56.8325491' lon='13.9411253'/>
  <node id='-919' version='0' action='modify' visible='true' lat='56.8325552' lon='13.9410932'/>
  <node id='-920' version='0' action='modify' visible='true' lat='56.8326238' lon='13.9411363'/>
  <node id='-921' version='0' action='modify' visible='true' lat='56.8326458' lon='13.9411357'/>
  <node id='-922' version='0' action='modify' visible='true' lat='56.8326592' lon='13.9411185'/>
  <node id='-923' version='0' action='modify' visible='true' lat='56.8326620' lon='13.9411057'/>
  <node id='-924' version='0' action='modify' visible='true' lat='56.8327841' lon='13.9405854'/>
  <node id='-925' version='0' action='modify' visible='true' lat='56.8328554' lon='13.9406360'/>
  <node id='-926' version='0' action='modify' visible='true' lat='56.8328847' lon='13.9406610'/>
  <node id='-927' version='0' action='modify' visible='true' lat='56.8329273' lon='13.9405155'/>
  <node id='-928' version='0' action='modify' visible='true' lat='56.8329997' lon='13.9405874'/>
  <node id='-929' version='0' action='modify' visible='true' lat='56.8330726' lon='13.9406567'/>
  <node id='-930' version='0' action='modify' visible='true' lat='56.8331976' lon='13.9407756'/>
  <node id='-931' version='0' action='modify' visible='true' lat='56.8332991' lon='13.9408721'/>
  <node id='-932' version='0' action='modify' visible='true' lat='56.8334406' lon='13.9410094'/>
  <node id='-933' version='0' action='modify' visible='true' lat='56.8334643' lon='13.9410292'/>
  <node id='-934' version='0' action='modify' visible='true' lat='56.8335180' lon='13.9410799'/>
  <node id='-935' version='0' action='modify' visible='true' lat='56.8335679' lon='13.9411269'/>
  <node id='-936' version='0' action='modify' visible='true' lat='56.8337499' lon='13.9413035'/>
  <node id='-937' version='0' action='modify' visible='true' lat='56.8337959' lon='13.9413529'/>
  <node id='-938' version='0' action='modify' visible='true' lat='56.8338503' lon='13.9414080'/>
  <node id='-939' version='0' action='modify' visible='true' lat='56.8338812' lon='13.9414347'/>
  <node id='-940' version='0' action='modify' visible='true' lat='56.8339569' lon='13.9415228'/>
  <node id='-941' version='0' action='modify' visible='true' lat='56.8340120' lon='13.9415581'/>
  <node id='-942' version='0' action='modify' visible='true' lat='56.8340687' lon='13.9416060'/>
  <node id='-943' version='0' action='modify' visible='true' lat='56.8341202' lon='13.9416351'/>
  <node id='-944' version='0' action='modify' visible='true' lat='56.8345281' lon='13.9419567'/>
  <node id='-945' version='0' action='modify' visible='true' lat='56.8345547' lon='13.9419792'/>
  <node id='-946' version='0' action='modify' visible='true' lat='56.8345947' lon='13.9419998'/>
  <node id='-947' version='0' action='modify' visible='true' lat='56.8348389' lon='13.9422242'/>
  <node id='-948' version='0' action='modify' visible='true' lat='56.8349183' lon='13.9423710'/>
  <node id='-949' version='0' action='modify' visible='true' lat='56.8349311' lon='13.9424484'/>
  <node id='-950' version='0' action='modify' visible='true' lat='56.8349367' lon='13.9424821'/>
  <node id='-951' version='0' action='modify' visible='true' lat='56.8349522' lon='13.9425756'/>
  <node id='-952' version='0' action='modify' visible='true' lat='56.8349747' lon='13.9427123'/>
  <node id='-953' version='0' action='modify' visible='true' lat='56.8349136' lon='13.9427536'/>
  <node id='-954' version='0' action='modify' visible='true' lat='56.8349402' lon='13.9428637'/>
  <node id='-955' version='0' action='modify' visible='true' lat='56.8352321' lon='13.9440651'/>
  <node id='-956' version='0' action='modify' visible='true' lat='56.8354064' lon='13.9443834'/>
  <node id='-957' version='0' action='modify' visible='true' lat='56.8355003' lon='13.9445688'/>
  <node id='-958' version='0' action='modify' visible='true' lat='56.8356232' lon='13.9447968'/>
  <node id='-959' version='0' action='modify' visible='true' lat='56.8355949' lon='13.9448616'/>
  <node id='-960' version='0' action='modify' visible='true' lat='56.8353628' lon='13.9452086'/>
  <node id='-961' version='0' action='modify' visible='true' lat='56.8353420' lon='13.9452801'/>
  <node id='-962' version='0' action='modify' visible='true' lat='56.8353411' lon='13.9453514'/>
  <node id='-963' version='0' action='modify' visible='true' lat='56.8353509' lon='13.9454320'/>
  <node id='-964' version='0' action='modify' visible='true' lat='56.8353741' lon='13.9455103'/>
  <node id='-965' version='0' action='modify' visible='true' lat='56.8353938' lon='13.9456504'/>
  <node id='-966' version='0' action='modify' visible='true' lat='56.8354117' lon='13.9458275'/>
  <node id='-967' version='0' action='modify' visible='true' lat='56.8353973' lon='13.9460030'/>
  <node id='-968' version='0' action='modify' visible='true' lat='56.8353618' lon='13.9461117'/>
  <node id='-969' version='0' action='modify' visible='true' lat='56.8358370' lon='13.9464843'/>
  <node id='-970' version='0' action='modify' visible='true' lat='56.8363122' lon='13.9468569'/>
  <node id='-971' version='0' action='modify' visible='true' lat='56.8365793' lon='13.9471211'/>
  <node id='-972' version='0' action='modify' visible='true' lat='56.8368091' lon='13.9473149'/>
  <node id='-973' version='0' action='modify' visible='true' lat='56.8369353' lon='13.9474415'/>
  <node id='-974' version='0' action='modify' visible='true' lat='56.8370840' lon='13.9475931'/>
  <node id='-975' version='0' action='modify' visible='true' lat='56.8372407' lon='13.9477779'/>
  <node id='-976' version='0' action='modify' visible='true' lat='56.8373683' lon='13.9479088'/>
  <node id='-977' version='0' action='modify' visible='true' lat='56.8374076' lon='13.9479522'/>
  <node id='-978' version='0' action='modify' visible='true' lat='56.8376852' lon='13.9482700'/>
  <node id='-979' version='0' action='modify' visible='true' lat='56.8377263' lon='13.9483147'/>
  <node id='-980' version='0' action='modify' visible='true' lat='56.8380325' lon='13.9486960'/>
  <node id='-981' version='0' action='modify' visible='true' lat='56.8380806' lon='13.9487598'/>
  <node id='-982' version='0' action='modify' visible='true' lat='56.8383318' lon='13.9490929'/>
  <node id='-983' version='0' action='modify' visible='true' lat='56.8385606' lon='13.9494148'/>
  <node id='-984' version='0' action='modify' visible='true' lat='56.8387569' lon='13.9497314'/>
  <node id='-985' version='0' action='modify' visible='true' lat='56.8387602' lon='13.9497367'/>
  <node id='-986' version='0' action='modify' visible='true' lat='56.8387962' lon='13.9506717'/>
  <node id='-987' version='0' action='modify' visible='true' lat='56.8388195' lon='13.9509899'/>
  <node id='-988' version='0' action='modify' visible='true' lat='56.8388555' lon='13.9511182'/>
  <node id='-989' version='0' action='modify' visible='true' lat='56.8389208' lon='13.9512191'/>
  <node id='-990' version='0' action='modify' visible='true' lat='56.8390384' lon='13.9513635'/>
  <node id='-991' version='0' action='modify' visible='true' lat='56.8391526' lon='13.9515046'/>
  <node id='-992' version='0' action='modify' visible='true' lat='56.8394493' lon='13.9518493'/>
  <node id='-993' version='0' action='modify' visible='true' lat='56.8395508' lon='13.9519397'/>
  <node id='-994' version='0' action='modify' visible='true' lat='56.8396504' lon='13.9520344'/>
  <node id='-995' version='0' action='modify' visible='true' lat='56.8397332' lon='13.9522455'/>
  <node id='-996' version='0' action='modify' visible='true' lat='56.8399253' lon='13.9527320'/>
  <node id='-997' version='0' action='modify' visible='true' lat='56.8400350' lon='13.9530487'/>
  <node id='-998' version='0' action='modify' visible='true' lat='56.8401563' lon='13.9532430'/>
  <node id='-999' version='0' action='modify' visible='true' lat='56.8402676' lon='13.9533535'/>
  <node id='-1000' version='0' action='modify' visible='true' lat='56.8403957' lon='13.9534852'/>
  <node id='-1001' version='0' action='modify' visible='true' lat='56.8404575' lon='13.9535815'/>
  <node id='-1002' version='0' action='modify' visible='true' lat='56.8408479' lon='13.9546631'/>
  <node id='-1003' version='0' action='modify' visible='true' lat='56.8412384' lon='13.9557447'/>
  <node id='-1004' version='0' action='modify' visible='true' lat='56.8417102' lon='13.9569992'/>
  <node id='-1005' version='0' action='modify' visible='true' lat='56.8417397' lon='13.9570553'/>
  <node id='-1006' version='0' action='modify' visible='true' lat='56.8417985' lon='13.9571135'/>
  <node id='-1007' version='0' action='modify' visible='true' lat='56.8418728' lon='13.9569588'/>
  <node id='-1008' version='0' action='modify' visible='true' lat='56.8421962' lon='13.9564646'/>
  <node id='-1009' version='0' action='modify' visible='true' lat='56.8424111' lon='13.9561567'/>
  <node id='-1010' version='0' action='modify' visible='true' lat='56.8426047' lon='13.9559868'/>
  <node id='-1011' version='0' action='modify' visible='true' lat='56.8427614' lon='13.9559160'/>
  <node id='-1012' version='0' action='modify' visible='true' lat='56.8429042' lon='13.9558977'/>
  <node id='-1013' version='0' action='modify' visible='true' lat='56.8431949' lon='13.9558936'/>
  <node id='-1014' version='0' action='modify' visible='true' lat='56.8432697' lon='13.9559018'/>
  <node id='-1015' version='0' action='modify' visible='true' lat='56.8433130' lon='13.9559166'/>
  <node id='-1016' version='0' action='modify' visible='true' lat='56.8434112' lon='13.9559477'/>
  <node id='-1017' version='0' action='modify' visible='true' lat='56.8434460' lon='13.9560800'/>
  <node id='-1018' version='0' action='modify' visible='true' lat='56.8435750' lon='13.9564080'/>
  <node id='-1019' version='0' action='modify' visible='true' lat='56.8436178' lon='13.9566479'/>
  <node id='-1020' version='0' action='modify' visible='true' lat='56.8436300' lon='13.9567160'/>
  <node id='-1021' version='0' action='modify' visible='true' lat='56.8436210' lon='13.9576590'/>
  <node id='-1022' version='0' action='modify' visible='true' lat='56.8436127' lon='13.9578120'/>
  <node id='-1023' version='0' action='modify' visible='true' lat='56.8436010' lon='13.9580290'/>
  <node id='-1024' version='0' action='modify' visible='true' lat='56.8436180' lon='13.9582350'/>
  <node id='-1025' version='0' action='modify' visible='true' lat='56.8436391' lon='13.9584043'/>
  <node id='-1026' version='0' action='modify' visible='true' lat='56.8436904' lon='13.9584677'/>
  <node id='-1027' version='0' action='modify' visible='true' lat='56.8438670' lon='13.9585240'/>
  <node id='-1028' version='0' action='modify' visible='true' lat='56.8439546' lon='13.9585473'/>
  <node id='-1029' version='0' action='modify' visible='true' lat='56.8441490' lon='13.9585990'/>
  <node id='-1030' version='0' action='modify' visible='true' lat='56.8442700' lon='13.9587330'/>
  <node id='-1031' version='0' action='modify' visible='true' lat='56.8443110' lon='13.9588350'/>
  <node id='-1032' version='0' action='modify' visible='true' lat='56.8443360' lon='13.9590190'/>
  <node id='-1033' version='0' action='modify' visible='true' lat='56.8443344' lon='13.9591959'/>
  <node id='-1034' version='0' action='modify' visible='true' lat='56.8443330' lon='13.9593610'/>
  <node id='-1035' version='0' action='modify' visible='true' lat='56.8442850' lon='13.9598580'/>
  <node id='-1036' version='0' action='modify' visible='true' lat='56.8443050' lon='13.9605670'/>
  <node id='-1037' version='0' action='modify' visible='true' lat='56.8442960' lon='13.9610510'/>
  <node id='-1038' version='0' action='modify' visible='true' lat='56.8443580' lon='13.9614080'/>
  <node id='-1039' version='0' action='modify' visible='true' lat='56.8444080' lon='13.9615620'/>
  <node id='-1040' version='0' action='modify' visible='true' lat='56.8444780' lon='13.9616850'/>
  <node id='-1041' version='0' action='modify' visible='true' lat='56.8447100' lon='13.9619170'/>
  <node id='-1042' version='0' action='modify' visible='true' lat='56.8445800' lon='13.9623360'/>
  <node id='-1043' version='0' action='modify' visible='true' lat='56.8444940' lon='13.9626820'/>
  <node id='-1044' version='0' action='modify' visible='true' lat='56.8446765' lon='13.9628774'/>
  <node id='-1045' version='0' action='modify' visible='true' lat='56.8452742' lon='13.9634275'/>
  <node id='-1046' version='0' action='modify' visible='true' lat='56.8455714' lon='13.9637011'/>
  <node id='-1047' version='0' action='modify' visible='true' lat='56.8462580' lon='13.9643686'/>
  <node id='-1048' version='0' action='modify' visible='true' lat='56.8465694' lon='13.9646766'/>
  <node id='-1049' version='0' action='modify' visible='true' lat='56.8466143' lon='13.9647210'/>
  <node id='-1050' version='0' action='modify' visible='true' lat='56.8470553' lon='13.9651318'/>
  <node id='-1051' version='0' action='modify' visible='true' lat='56.8474489' lon='13.9655306'/>
  <node id='-1052' version='0' action='modify' visible='true' lat='56.8478296' lon='13.9659085'/>
  <node id='-1053' version='0' action='modify' visible='true' lat='56.8482522' lon='13.9663201'/>
  <node id='-1054' version='0' action='modify' visible='true' lat='56.8486748' lon='13.9667318'/>
  <node id='-1055' version='0' action='modify' visible='true' lat='56.8491049' lon='13.9671417'/>
  <node id='-1056' version='0' action='modify' visible='true' lat='56.8495350' lon='13.9675516'/>
  <node id='-1057' version='0' action='modify' visible='true' lat='56.8499664' lon='13.9679580'/>
  <node id='-1058' version='0' action='modify' visible='true' lat='56.8503978' lon='13.9683644'/>
  <node id='-1059' version='0' action='modify' visible='true' lat='56.8504759' lon='13.9684518'/>
  <node id='-1060' version='0' action='modify' visible='true' lat='56.8505017' lon='13.9685027'/>
  <node id='-1061' version='0' action='modify' visible='true' lat='56.8505750' lon='13.9687028'/>
  <node id='-1062' version='0' action='modify' visible='true' lat='56.8506313' lon='13.9690000'/>
  <node id='-1063' version='0' action='modify' visible='true' lat='56.8506531' lon='13.9695475'/>
  <node id='-1064' version='0' action='modify' visible='true' lat='56.8506750' lon='13.9699583'/>
  <node id='-1065' version='0' action='modify' visible='true' lat='56.8506800' lon='13.9701383'/>
  <node id='-1066' version='0' action='modify' visible='true' lat='56.8507004' lon='13.9702580'/>
  <node id='-1067' version='0' action='modify' visible='true' lat='56.8507343' lon='13.9703568'/>
  <node id='-1068' version='0' action='modify' visible='true' lat='56.8508000' lon='13.9704616'/>
  <node id='-1069' version='0' action='modify' visible='true' lat='56.8509380' lon='13.9705952'/>
  <node id='-1070' version='0' action='modify' visible='true' lat='56.8510484' lon='13.9706858'/>
  <node id='-1071' version='0' action='modify' visible='true' lat='56.8511283' lon='13.9707542'/>
  <node id='-1072' version='0' action='modify' visible='true' lat='56.8511703' lon='13.9707665'/>
  <node id='-1073' version='0' action='modify' visible='true' lat='56.8512033' lon='13.9707762'/>
  <node id='-1074' version='0' action='modify' visible='true' lat='56.8512953' lon='13.9707771'/>
  <node id='-1075' version='0' action='modify' visible='true' lat='56.8514014' lon='13.9707179'/>
  <node id='-1076' version='0' action='modify' visible='true' lat='56.8515224' lon='13.9705918'/>
  <node id='-1077' version='0' action='modify' visible='true' lat='56.8515901' lon='13.9704867'/>
  <node id='-1078' version='0' action='modify' visible='true' lat='56.8517183' lon='13.9702822'/>
  <node id='-1079' version='0' action='modify' visible='true' lat='56.8518371' lon='13.9701075'/>
  <node id='-1080' version='0' action='modify' visible='true' lat='56.8519066' lon='13.9700422'/>
  <node id='-1081' version='0' action='modify' visible='true' lat='56.8519417' lon='13.9700267'/>
  <node id='-1082' version='0' action='modify' visible='true' lat='56.8519832' lon='13.9700083'/>
  <node id='-1083' version='0' action='modify' visible='true' lat='56.8520733' lon='13.9700316'/>
  <node id='-1084' version='0' action='modify' visible='true' lat='56.8521681' lon='13.9700926'/>
  <node id='-1085' version='0' action='modify' visible='true' lat='56.8526555' lon='13.9705596'/>
  <node id='-1086' version='0' action='modify' visible='true' lat='56.8531428' lon='13.9710265'/>
  <node id='-1087' version='0' action='modify' visible='true' lat='56.8536108' lon='13.9714736'/>
  <node id='-1088' version='0' action='modify' visible='true' lat='56.8540787' lon='13.9719207'/>
  <node id='-1089' version='0' action='modify' visible='true' lat='56.8544631' lon='13.9722985'/>
  <node id='-1090' version='0' action='modify' visible='true' lat='56.8551379' lon='13.9729243'/>
  <node id='-1091' version='0' action='modify' visible='true' lat='56.8558127' lon='13.9735500'/>
  <node id='-1092' version='0' action='modify' visible='true' lat='56.8563834' lon='13.9740987'/>
  <node id='-1093' version='0' action='modify' visible='true' lat='56.8569540' lon='13.9746475'/>
  <node id='-1094' version='0' action='modify' visible='true' lat='56.8575247' lon='13.9751962'/>
  <node id='-1095' version='0' action='modify' visible='true' lat='56.8578215' lon='13.9755036'/>
  <node id='-1096' version='0' action='modify' visible='true' lat='56.8582652' lon='13.9759193'/>
  <node id='-1097' version='0' action='modify' visible='true' lat='56.8587089' lon='13.9763350'/>
  <node id='-1098' version='0' action='modify' visible='true' lat='56.8592756' lon='13.9768800'/>
  <node id='-1099' version='0' action='modify' visible='true' lat='56.8599647' lon='13.9773758'/>
  <node id='-1100' version='0' action='modify' visible='true' lat='56.8604081' lon='13.9775565'/>
  <node id='-1101' version='0' action='modify' visible='true' lat='56.8608514' lon='13.9777371'/>
  <node id='-1102' version='0' action='modify' visible='true' lat='56.8615996' lon='13.9777763'/>
  <node id='-1103' version='0' action='modify' visible='true' lat='56.8619699' lon='13.9777318'/>
  <node id='-1104' version='0' action='modify' visible='true' lat='56.8625193' lon='13.9776500'/>
  <node id='-1105' version='0' action='modify' visible='true' lat='56.8630687' lon='13.9775682'/>
  <node id='-1106' version='0' action='modify' visible='true' lat='56.8639001' lon='13.9774142'/>
  <node id='-1107' version='0' action='modify' visible='true' lat='56.8647315' lon='13.9772601'/>
  <node id='-1108' version='0' action='modify' visible='true' lat='56.8655132' lon='13.9771232'/>
  <node id='-1109' version='0' action='modify' visible='true' lat='56.8655793' lon='13.9771213'/>
  <node id='-1110' version='0' action='modify' visible='true' lat='56.8663064' lon='13.9771007'/>
  <node id='-1111' version='0' action='modify' visible='true' lat='56.8668116' lon='13.9772115'/>
  <node id='-1112' version='0' action='modify' visible='true' lat='56.8673168' lon='13.9773224'/>
  <node id='-1113' version='0' action='modify' visible='true' lat='56.8679643' lon='13.9776084'/>
  <node id='-1114' version='0' action='modify' visible='true' lat='56.8683321' lon='13.9778248'/>
  <node id='-1115' version='0' action='modify' visible='true' lat='56.8689830' lon='13.9782774'/>
  <node id='-1116' version='0' action='modify' visible='true' lat='56.8696338' lon='13.9787300'/>
  <node id='-1117' version='0' action='modify' visible='true' lat='56.8702106' lon='13.9792116'/>
  <node id='-1118' version='0' action='modify' visible='true' lat='56.8707715' lon='13.9797740'/>
  <node id='-1119' version='0' action='modify' visible='true' lat='56.8713646' lon='13.9805662'/>
  <node id='-1120' version='0' action='modify' visible='true' lat='56.8719578' lon='13.9813583'/>
  <node id='-1121' version='0' action='modify' visible='true' lat='56.8720908' lon='13.9815547'/>
  <node id='-1122' version='0' action='modify' visible='true' lat='56.8721814' lon='13.9816811'/>
  <node id='-1123' version='0' action='modify' visible='true' lat='56.8724387' lon='13.9820399'/>
  <node id='-1124' version='0' action='modify' visible='true' lat='56.8726114' lon='13.9822596'/>
  <node id='-1125' version='0' action='modify' visible='true' lat='56.8728094' lon='13.9824755'/>
  <node id='-1126' version='0' action='modify' visible='true' lat='56.8731421' lon='13.9827980'/>
  <node id='-1127' version='0' action='modify' visible='true' lat='56.8735269' lon='13.9830991'/>
  <node id='-1128' version='0' action='modify' visible='true' lat='56.8738663' lon='13.9832929'/>
  <node id='-1129' version='0' action='modify' visible='true' lat='56.8742481' lon='13.9834490'/>
  <node id='-1130' version='0' action='modify' visible='true' lat='56.8751070' lon='13.9835904'/>
  <node id='-1131' version='0' action='modify' visible='true' lat='56.8757716' lon='13.9836348'/>
  <node id='-1132' version='0' action='modify' visible='true' lat='56.8764362' lon='13.9836791'/>
  <node id='-1133' version='0' action='modify' visible='true' lat='56.8770679' lon='13.9837285'/>
  <node id='-1134' version='0' action='modify' visible='true' lat='56.8776995' lon='13.9837779'/>
  <node id='-1135' version='0' action='modify' visible='true' lat='56.8785222' lon='13.9838403'/>
  <node id='-1136' version='0' action='modify' visible='true' lat='56.8787105' lon='13.9838608'/>
  <node id='-1137' version='0' action='modify' visible='true' lat='56.8792940' lon='13.9839009'/>
  <node id='-1138' version='0' action='modify' visible='true' lat='56.8798775' lon='13.9839409'/>
  <node id='-1139' version='0' action='modify' visible='true' lat='56.8807246' lon='13.9840009'/>
  <node id='-1140' version='0' action='modify' visible='true' lat='56.8814446' lon='13.9840618'/>
  <node id='-1141' version='0' action='modify' visible='true' lat='56.8821647' lon='13.9841228'/>
  <node id='-1142' version='0' action='modify' visible='true' lat='56.8827607' lon='13.9841651'/>
  <node id='-1143' version='0' action='modify' visible='true' lat='56.8831662' lon='13.9841868'/>
  <node id='-1144' version='0' action='modify' visible='true' lat='56.8838132' lon='13.9842278'/>
  <node id='-1145' version='0' action='modify' visible='true' lat='56.8844603' lon='13.9842688'/>
  <node id='-1146' version='0' action='modify' visible='true' lat='56.8851073' lon='13.9843098'/>
  <node id='-1147' version='0' action='modify' visible='true' lat='56.8858619' lon='13.9843630'/>
  <node id='-1148' version='0' action='modify' visible='true' lat='56.8866165' lon='13.9844162'/>
  <node id='-1149' version='0' action='modify' visible='true' lat='56.8873711' lon='13.9844694'/>
  <node id='-1150' version='0' action='modify' visible='true' lat='56.8879711' lon='13.9845429'/>
  <node id='-1151' version='0' action='modify' visible='true' lat='56.8885259' lon='13.9845759'/>
  <node id='-1152' version='0' action='modify' visible='true' lat='56.8890806' lon='13.9846089'/>
  <node id='-1153' version='0' action='modify' visible='true' lat='56.8896792' lon='13.9846577'/>
  <node id='-1154' version='0' action='modify' visible='true' lat='56.8903868' lon='13.9847101'/>
  <node id='-1155' version='0' action='modify' visible='true' lat='56.8910944' lon='13.9847625'/>
  <node id='-1156' version='0' action='modify' visible='true' lat='56.8916040' lon='13.9848066'/>
  <node id='-1157' version='0' action='modify' visible='true' lat='56.8924250' lon='13.9848858'/>
  <node id='-1158' version='0' action='modify' visible='true' lat='56.8932461' lon='13.9849649'/>
  <node id='-1159' version='0' action='modify' visible='true' lat='56.8937882' lon='13.9851226'/>
  <node id='-1160' version='0' action='modify' visible='true' lat='56.8941216' lon='13.9852566'/>
  <node id='-1161' version='0' action='modify' visible='true' lat='56.8945602' lon='13.9855568'/>
  <node id='-1162' version='0' action='modify' visible='true' lat='56.8947250' lon='13.9856649'/>
  <node id='-1163' version='0' action='modify' visible='true' lat='56.8951606' lon='13.9860324'/>
  <node id='-1164' version='0' action='modify' visible='true' lat='56.8959314' lon='13.9867349'/>
  <node id='-1165' version='0' action='modify' visible='true' lat='56.8967021' lon='13.9874375'/>
  <node id='-1166' version='0' action='modify' visible='true' lat='56.8974729' lon='13.9881400'/>
  <node id='-1167' version='0' action='modify' visible='true' lat='56.8980435' lon='13.9884828'/>
  <node id='-1168' version='0' action='modify' visible='true' lat='56.8985041' lon='13.9886570'/>
  <node id='-1169' version='0' action='modify' visible='true' lat='56.8990848' lon='13.9888409'/>
  <node id='-1170' version='0' action='modify' visible='true' lat='56.8996655' lon='13.9890248'/>
  <node id='-1171' version='0' action='modify' visible='true' lat='56.8999255' lon='13.9891072'/>
  <node id='-1172' version='0' action='modify' visible='true' lat='56.9006196' lon='13.9893270'/>
  <node id='-1173' version='0' action='modify' visible='true' lat='56.9013652' lon='13.9895831'/>
  <node id='-1174' version='0' action='modify' visible='true' lat='56.9021108' lon='13.9898393'/>
  <node id='-1175' version='0' action='modify' visible='true' lat='56.9021788' lon='13.9898616'/>
  <node id='-1176' version='0' action='modify' visible='true' lat='56.9023275' lon='13.9899070'/>
  <node id='-1177' version='0' action='modify' visible='true' lat='56.9029341' lon='13.9901068'/>
  <node id='-1178' version='0' action='modify' visible='true' lat='56.9035771' lon='13.9903085'/>
  <node id='-1179' version='0' action='modify' visible='true' lat='56.9038440' lon='13.9903877'/>
  <node id='-1180' version='0' action='modify' visible='true' lat='56.9040283' lon='13.9904502'/>
  <node id='-1181' version='0' action='modify' visible='true' lat='56.9041532' lon='13.9904894'/>
  <node id='-1182' version='0' action='modify' visible='true' lat='56.9049342' lon='13.9907161'/>
  <node id='-1183' version='0' action='modify' visible='true' lat='56.9052548' lon='13.9907703'/>
  <node id='-1184' version='0' action='modify' visible='true' lat='56.9055077' lon='13.9907957'/>
  <node id='-1185' version='0' action='modify' visible='true' lat='56.9058790' lon='13.9907823'/>
  <node id='-1186' version='0' action='modify' visible='true' lat='56.9059896' lon='13.9907419'/>
  <node id='-1187' version='0' action='modify' visible='true' lat='56.9063335' lon='13.9906866'/>
  <node id='-1188' version='0' action='modify' visible='true' lat='56.9066672' lon='13.9906216'/>
  <node id='-1189' version='0' action='modify' visible='true' lat='56.9071725' lon='13.9905037'/>
  <node id='-1190' version='0' action='modify' visible='true' lat='56.9076750' lon='13.9904025'/>
  <node id='-1191' version='0' action='modify' visible='true' lat='56.9081775' lon='13.9903013'/>
  <node id='-1192' version='0' action='modify' visible='true' lat='56.9086169' lon='13.9902047'/>
  <node id='-1193' version='0' action='modify' visible='true' lat='56.9087037' lon='13.9901831'/>
  <node id='-1194' version='0' action='modify' visible='true' lat='56.9088356' lon='13.9901534'/>
  <node id='-1195' version='0' action='modify' visible='true' lat='56.9093515' lon='13.9900545'/>
  <node id='-1196' version='0' action='modify' visible='true' lat='56.9101315' lon='13.9898685'/>
  <node id='-1197' version='0' action='modify' visible='true' lat='56.9108569' lon='13.9897139'/>
  <node id='-1198' version='0' action='modify' visible='true' lat='56.9112245' lon='13.9896539'/>
  <node id='-1199' version='0' action='modify' visible='true' lat='56.9114640' lon='13.9896321'/>
  <node id='-1200' version='0' action='modify' visible='true' lat='56.9117370' lon='13.9896236'/>
  <node id='-1201' version='0' action='modify' visible='true' lat='56.9117564' lon='13.9896222'/>
  <node id='-1202' version='0' action='modify' visible='true' lat='56.9123485' lon='13.9896480'/>
  <node id='-1203' version='0' action='modify' visible='true' lat='56.9123974' lon='13.9896532'/>
  <node id='-1204' version='0' action='modify' visible='true' lat='56.9126414' lon='13.9896649'/>
  <node id='-1205' version='0' action='modify' visible='true' lat='56.9132301' lon='13.9897224'/>
  <node id='-1206' version='0' action='modify' visible='true' lat='56.9134899' lon='13.9897444'/>
  <node id='-1207' version='0' action='modify' visible='true' lat='56.9138129' lon='13.9897759'/>
  <node id='-1208' version='0' action='modify' visible='true' lat='56.9145345' lon='13.9898424'/>
  <node id='-1209' version='0' action='modify' visible='true' lat='56.9152561' lon='13.9899089'/>
  <node id='-1210' version='0' action='modify' visible='true' lat='56.9154273' lon='13.9899191'/>
  <node id='-1211' version='0' action='modify' visible='true' lat='56.9160113' lon='13.9899899'/>
  <node id='-1212' version='0' action='modify' visible='true' lat='56.9165954' lon='13.9900606'/>
  <node id='-1213' version='0' action='modify' visible='true' lat='56.9167738' lon='13.9900717'/>
  <node id='-1214' version='0' action='modify' visible='true' lat='56.9169805' lon='13.9900763'/>
  <node id='-1215' version='0' action='modify' visible='true' lat='56.9171746' lon='13.9900694'/>
  <node id='-1216' version='0' action='modify' visible='true' lat='56.9176383' lon='13.9900133'/>
  <node id='-1217' version='0' action='modify' visible='true' lat='56.9181019' lon='13.9899573'/>
  <node id='-1218' version='0' action='modify' visible='true' lat='56.9181809' lon='13.9899478'/>
  <node id='-1219' version='0' action='modify' visible='true' lat='56.9182523' lon='13.9907608'/>
  <node id='-1220' version='0' action='modify' visible='true' lat='56.9183305' lon='13.9917538'/>
  <node id='-1221' version='0' action='modify' visible='true' lat='56.9183575' lon='13.9923151'/>
  <node id='-1222' version='0' action='modify' visible='true' lat='56.9183959' lon='13.9931891'/>
  <node id='-1223' version='0' action='modify' visible='true' lat='56.9184229' lon='13.9943068'/>
  <node id='-1224' version='0' action='modify' visible='true' lat='56.9184499' lon='13.9954245'/>
  <node id='-1225' version='0' action='modify' visible='true' lat='56.9184660' lon='13.9964023'/>
  <node id='-1226' version='0' action='modify' visible='true' lat='56.9184821' lon='13.9973801'/>
  <node id='-1227' version='0' action='modify' visible='true' lat='56.9184848' lon='13.9974779'/>
  <node id='-1228' version='0' action='modify' visible='true' lat='56.9184268' lon='13.9975813'/>
  <node id='-1229' version='0' action='modify' visible='true' lat='56.9184169' lon='13.9976736'/>
  <node id='-1230' version='0' action='modify' visible='true' lat='56.9183985' lon='13.9981946'/>
  <node id='-1231' version='0' action='modify' visible='true' lat='56.9183969' lon='13.9985189'/>
  <node id='-1232' version='0' action='modify' visible='true' lat='56.9183708' lon='13.9988146'/>
  <node id='-1233' version='0' action='modify' visible='true' lat='56.9183432' lon='13.9989898'/>
  <node id='-1234' version='0' action='modify' visible='true' lat='56.9182627' lon='13.9994020'/>
  <node id='-1235' version='0' action='modify' visible='true' lat='56.9181920' lon='13.9996384'/>
  <node id='-1236' version='0' action='modify' visible='true' lat='56.9181872' lon='13.9997220'/>
  <node id='-1237' version='0' action='modify' visible='true' lat='56.9181813' lon='13.9998454'/>
  <node id='-1238' version='0' action='modify' visible='true' lat='56.9183003' lon='13.9998505'/>
  <node id='-1239' version='0' action='modify' visible='true' lat='56.9182586' lon='14.0001844'/>
  <node id='-1240' version='0' action='modify' visible='true' lat='56.9182140' lon='14.0006166'/>
  <node id='-1241' version='0' action='modify' visible='true' lat='56.9182040' lon='14.0008789'/>
  <node id='-1242' version='0' action='modify' visible='true' lat='56.9182057' lon='14.0011378'/>
  <node id='-1243' version='0' action='modify' visible='true' lat='56.9182217' lon='14.0017202'/>
  <node id='-1244' version='0' action='modify' visible='true' lat='56.9182336' lon='14.0020506'/>
  <node id='-1245' version='0' action='modify' visible='true' lat='56.9182472' lon='14.0022567'/>
  <node id='-1246' version='0' action='modify' visible='true' lat='56.9182919' lon='14.0027107'/>
  <node id='-1247' version='0' action='modify' visible='true' lat='56.9183294' lon='14.0030166'/>
  <node id='-1248' version='0' action='modify' visible='true' lat='56.9183939' lon='14.0032729'/>
  <node id='-1249' version='0' action='modify' visible='true' lat='56.9185014' lon='14.0035933'/>
  <node id='-1250' version='0' action='modify' visible='true' lat='56.9185563' lon='14.0037073'/>
  <node id='-1251' version='0' action='modify' visible='true' lat='56.9186785' lon='14.0039434'/>
  <node id='-1252' version='0' action='modify' visible='true' lat='56.9187700' lon='14.0040801'/>
  <node id='-1253' version='0' action='modify' visible='true' lat='56.9189181' lon='14.0042621'/>
  <node id='-1254' version='0' action='modify' visible='true' lat='56.9191589' lon='14.0044164'/>
  <node id='-1255' version='0' action='modify' visible='true' lat='56.9194786' lon='14.0045099'/>
  <node id='-1256' version='0' action='modify' visible='true' lat='56.9197076' lon='14.0045221'/>
  <node id='-1257' version='0' action='modify' visible='true' lat='56.9200603' lon='14.0044798'/>
  <node id='-1258' version='0' action='modify' visible='true' lat='56.9202031' lon='14.0044331'/>
  <node id='-1259' version='0' action='modify' visible='true' lat='56.9203867' lon='14.0043530'/>
  <node id='-1260' version='0' action='modify' visible='true' lat='56.9205809' lon='14.0042372'/>
  <node id='-1261' version='0' action='modify' visible='true' lat='56.9206601' lon='14.0041727'/>
  <node id='-1262' version='0' action='modify' visible='true' lat='56.9208974' lon='14.0039923'/>
  <node id='-1263' version='0' action='modify' visible='true' lat='56.9213550' lon='14.0035975'/>
  <node id='-1264' version='0' action='modify' visible='true' lat='56.9218126' lon='14.0032027'/>
  <node id='-1265' version='0' action='modify' visible='true' lat='56.9222574' lon='14.0027970'/>
  <node id='-1266' version='0' action='modify' visible='true' lat='56.9227021' lon='14.0023912'/>
  <node id='-1267' version='0' action='modify' visible='true' lat='56.9233898' lon='14.0018253'/>
  <node id='-1268' version='0' action='modify' visible='true' lat='56.9240311' lon='14.0013350'/>
  <node id='-1269' version='0' action='modify' visible='true' lat='56.9245098' lon='14.0010276'/>
  <node id='-1270' version='0' action='modify' visible='true' lat='56.9249031' lon='14.0008345'/>
  <node id='-1271' version='0' action='modify' visible='true' lat='56.9252771' lon='14.0006652'/>
  <node id='-1272' version='0' action='modify' visible='true' lat='56.9256814' lon='14.0005240'/>
  <node id='-1273' version='0' action='modify' visible='true' lat='56.9259989' lon='14.0004304'/>
  <node id='-1274' version='0' action='modify' visible='true' lat='56.9262396' lon='14.0003874'/>
  <node id='-1275' version='0' action='modify' visible='true' lat='56.9270725' lon='14.0002648'/>
  <node id='-1276' version='0' action='modify' visible='true' lat='56.9279055' lon='14.0001422'/>
  <node id='-1277' version='0' action='modify' visible='true' lat='56.9287384' lon='14.0000196'/>
  <node id='-1278' version='0' action='modify' visible='true' lat='56.9295221' lon='13.9999043'/>
  <node id='-1279' version='0' action='modify' visible='true' lat='56.9302574' lon='13.9997961'/>
  <node id='-1280' version='0' action='modify' visible='true' lat='56.9309926' lon='13.9996878'/>
  <node id='-1281' version='0' action='modify' visible='true' lat='56.9313051' lon='13.9996186'/>
  <node id='-1282' version='0' action='modify' visible='true' lat='56.9315716' lon='13.9995595'/>
  <node id='-1283' version='0' action='modify' visible='true' lat='56.9320833' lon='13.9993863'/>
  <node id='-1284' version='0' action='modify' visible='true' lat='56.9325950' lon='13.9992131'/>
  <node id='-1285' version='0' action='modify' visible='true' lat='56.9332443' lon='13.9989933'/>
  <node id='-1286' version='0' action='modify' visible='true' lat='56.9339919' lon='13.9987402'/>
  <node id='-1287' version='0' action='modify' visible='true' lat='56.9345622' lon='13.9985472'/>
  <node id='-1288' version='0' action='modify' visible='true' lat='56.9351326' lon='13.9983541'/>
  <node id='-1289' version='0' action='modify' visible='true' lat='56.9354810' lon='13.9982361'/>
  <node id='-1290' version='0' action='modify' visible='true' lat='56.9359295' lon='13.9981370'/>
  <node id='-1291' version='0' action='modify' visible='true' lat='56.9364670' lon='13.9981137'/>
  <node id='-1292' version='0' action='modify' visible='true' lat='56.9368666' lon='13.9981367'/>
  <node id='-1293' version='0' action='modify' visible='true' lat='56.9369219' lon='13.9981545'/>
  <node id='-1294' version='0' action='modify' visible='true' lat='56.9373754' lon='13.9982590'/>
  <node id='-1295' version='0' action='modify' visible='true' lat='56.9379490' lon='13.9984342'/>
  <node id='-1296' version='0' action='modify' visible='true' lat='56.9383666' lon='13.9986110'/>
  <node id='-1297' version='0' action='modify' visible='true' lat='56.9384537' lon='13.9986479'/>
  <node id='-1298' version='0' action='modify' visible='true' lat='56.9391607' lon='13.9989427'/>
  <node id='-1299' version='0' action='modify' visible='true' lat='56.9398678' lon='13.9992375'/>
  <node id='-1300' version='0' action='modify' visible='true' lat='56.9406460' lon='13.9995700'/>
  <node id='-1301' version='0' action='modify' visible='true' lat='56.9414241' lon='13.9999025'/>
  <node id='-1302' version='0' action='modify' visible='true' lat='56.9422023' lon='14.0002350'/>
  <node id='-1303' version='0' action='modify' visible='true' lat='56.9425571' lon='14.0003958'/>
  <node id='-1304' version='0' action='modify' visible='true' lat='56.9428448' lon='14.0005173'/>
  <node id='-1305' version='0' action='modify' visible='true' lat='56.9433220' lon='14.0007153'/>
  <node id='-1306' version='0' action='modify' visible='true' lat='56.9434395' lon='14.0007555'/>
  <node id='-1307' version='0' action='modify' visible='true' lat='56.9439595' lon='14.0009576'/>
  <node id='-1308' version='0' action='modify' visible='true' lat='56.9446182' lon='14.0012292'/>
  <node id='-1309' version='0' action='modify' visible='true' lat='56.9451738' lon='14.0014600'/>
  <node id='-1310' version='0' action='modify' visible='true' lat='56.9459045' lon='14.0017871'/>
  <node id='-1311' version='0' action='modify' visible='true' lat='56.9460742' lon='14.0018542'/>
  <node id='-1312' version='0' action='modify' visible='true' lat='56.9462326' lon='14.0018965'/>
  <node id='-1313' version='0' action='modify' visible='true' lat='56.9464875' lon='14.0019502'/>
  <node id='-1314' version='0' action='modify' visible='true' lat='56.9469294' lon='14.0020366'/>
  <node id='-1315' version='0' action='modify' visible='true' lat='56.9475764' lon='14.0021206'/>
  <node id='-1316' version='0' action='modify' visible='true' lat='56.9482557' lon='14.0021307'/>
  <node id='-1317' version='0' action='modify' visible='true' lat='56.9487150' lon='14.0021329'/>
  <node id='-1318' version='0' action='modify' visible='true' lat='56.9491744' lon='14.0021351'/>
  <node id='-1319' version='0' action='modify' visible='true' lat='56.9497490' lon='14.0021493'/>
  <node id='-1320' version='0' action='modify' visible='true' lat='56.9503237' lon='14.0021636'/>
  <node id='-1321' version='0' action='modify' visible='true' lat='56.9509717' lon='14.0021919'/>
  <node id='-1322' version='0' action='modify' visible='true' lat='56.9513672' lon='14.0022247'/>
  <node id='-1323' version='0' action='modify' visible='true' lat='56.9517293' lon='14.0022991'/>
  <node id='-1324' version='0' action='modify' visible='true' lat='56.9520999' lon='14.0024122'/>
  <node id='-1325' version='0' action='modify' visible='true' lat='56.9524802' lon='14.0025375'/>
  <node id='-1326' version='0' action='modify' visible='true' lat='56.9529774' lon='14.0027183'/>
  <node id='-1327' version='0' action='modify' visible='true' lat='56.9532314' lon='14.0028319'/>
  <node id='-1328' version='0' action='modify' visible='true' lat='56.9535400' lon='14.0030039'/>
  <node id='-1329' version='0' action='modify' visible='true' lat='56.9537880' lon='14.0031579'/>
  <node id='-1330' version='0' action='modify' visible='true' lat='56.9540322' lon='14.0033290'/>
  <node id='-1331' version='0' action='modify' visible='true' lat='56.9542776' lon='14.0035165'/>
  <node id='-1332' version='0' action='modify' visible='true' lat='56.9546356' lon='14.0038073'/>
  <node id='-1333' version='0' action='modify' visible='true' lat='56.9552684' lon='14.0043318'/>
  <node id='-1334' version='0' action='modify' visible='true' lat='56.9560162' lon='14.0049163'/>
  <node id='-1335' version='0' action='modify' visible='true' lat='56.9567641' lon='14.0055007'/>
  <node id='-1336' version='0' action='modify' visible='true' lat='56.9575119' lon='14.0060852'/>
  <node id='-1337' version='0' action='modify' visible='true' lat='56.9579500' lon='14.0064307'/>
  <node id='-1338' version='0' action='modify' visible='true' lat='56.9583881' lon='14.0067762'/>
  <node id='-1339' version='0' action='modify' visible='true' lat='56.9588528' lon='14.0070740'/>
  <node id='-1340' version='0' action='modify' visible='true' lat='56.9591572' lon='14.0072353'/>
  <node id='-1341' version='0' action='modify' visible='true' lat='56.9594965' lon='14.0073932'/>
  <node id='-1342' version='0' action='modify' visible='true' lat='56.9598435' lon='14.0075190'/>
  <node id='-1343' version='0' action='modify' visible='true' lat='56.9601955' lon='14.0075980'/>
  <node id='-1344' version='0' action='modify' visible='true' lat='56.9603820' lon='14.0076053'/>
  <node id='-1345' version='0' action='modify' visible='true' lat='56.9605616' lon='14.0075809'/>
  <node id='-1346' version='0' action='modify' visible='true' lat='56.9607509' lon='14.0075231'/>
  <node id='-1347' version='0' action='modify' visible='true' lat='56.9610260' lon='14.0073752'/>
  <node id='-1348' version='0' action='modify' visible='true' lat='56.9610443' lon='14.0074678'/>
  <node id='-1349' version='0' action='modify' visible='true' lat='56.9610725' lon='14.0075649'/>
  <node id='-1350' version='0' action='modify' visible='true' lat='56.9611297' lon='14.0076787'/>
  <node id='-1351' version='0' action='modify' visible='true' lat='56.9612148' lon='14.0077575'/>
  <node id='-1352' version='0' action='modify' visible='true' lat='56.9613181' lon='14.0078017'/>
  <node id='-1353' version='0' action='modify' visible='true' lat='56.9615977' lon='14.0078431'/>
  <node id='-1354' version='0' action='modify' visible='true' lat='56.9623588' lon='14.0079161'/>
  <node id='-1355' version='0' action='modify' visible='true' lat='56.9625282' lon='14.0079681'/>
  <node id='-1356' version='0' action='modify' visible='true' lat='56.9627544' lon='14.0080775'/>
  <node id='-1357' version='0' action='modify' visible='true' lat='56.9629511' lon='14.0081926'/>
  <node id='-1358' version='0' action='modify' visible='true' lat='56.9631510' lon='14.0083641'/>
  <node id='-1359' version='0' action='modify' visible='true' lat='56.9634250' lon='14.0087326'/>
  <node id='-1360' version='0' action='modify' visible='true' lat='56.9640703' lon='14.0096380'/>
  <node id='-1361' version='0' action='modify' visible='true' lat='56.9647156' lon='14.0105435'/>
  <node id='-1362' version='0' action='modify' visible='true' lat='56.9650884' lon='14.0110742'/>
  <node id='-1363' version='0' action='modify' visible='true' lat='56.9654613' lon='14.0116048'/>
  <node id='-1364' version='0' action='modify' visible='true' lat='56.9659486' lon='14.0122986'/>
  <node id='-1365' version='0' action='modify' visible='true' lat='56.9664358' lon='14.0129924'/>
  <node id='-1366' version='0' action='modify' visible='true' lat='56.9669231' lon='14.0136862'/>
  <node id='-1367' version='0' action='modify' visible='true' lat='56.9675157' lon='14.0145028'/>
  <node id='-1368' version='0' action='modify' visible='true' lat='56.9682206' lon='14.0153812'/>
  <node id='-1369' version='0' action='modify' visible='true' lat='56.9687303' lon='14.0159363'/>
  <node id='-1370' version='0' action='modify' visible='true' lat='56.9692253' lon='14.0164489'/>
  <node id='-1371' version='0' action='modify' visible='true' lat='56.9696332' lon='14.0168173'/>
  <node id='-1372' version='0' action='modify' visible='true' lat='56.9704026' lon='14.0174420'/>
  <node id='-1373' version='0' action='modify' visible='true' lat='56.9709067' lon='14.0177949'/>
  <node id='-1374' version='0' action='modify' visible='true' lat='56.9715301' lon='14.0181954'/>
  <node id='-1375' version='0' action='modify' visible='true' lat='56.9717049' lon='14.0183049'/>
  <node id='-1376' version='0' action='modify' visible='true' lat='56.9719099' lon='14.0184518'/>
  <node id='-1377' version='0' action='modify' visible='true' lat='56.9721226' lon='14.0186849'/>
  <node id='-1378' version='0' action='modify' visible='true' lat='56.9723725' lon='14.0189708'/>
  <node id='-1379' version='0' action='modify' visible='true' lat='56.9726624' lon='14.0194113'/>
  <node id='-1380' version='0' action='modify' visible='true' lat='56.9728246' lon='14.0197307'/>
  <node id='-1381' version='0' action='modify' visible='true' lat='56.9729152' lon='14.0199677'/>
  <node id='-1382' version='0' action='modify' visible='true' lat='56.9729825' lon='14.0201583'/>
  <node id='-1383' version='0' action='modify' visible='true' lat='56.9731644' lon='14.0207367'/>
  <node id='-1384' version='0' action='modify' visible='true' lat='56.9732921' lon='14.0211514'/>
  <node id='-1385' version='0' action='modify' visible='true' lat='56.9735140' lon='14.0218624'/>
  <node id='-1386' version='0' action='modify' visible='true' lat='56.9736038' lon='14.0221419'/>
  <node id='-1387' version='0' action='modify' visible='true' lat='56.9736733' lon='14.0223505'/>
  <node id='-1388' version='0' action='modify' visible='true' lat='56.9738186' lon='14.0226158'/>
  <node id='-1389' version='0' action='modify' visible='true' lat='56.9739239' lon='14.0227640'/>
  <node id='-1390' version='0' action='modify' visible='true' lat='56.9740468' lon='14.0229172'/>
  <node id='-1391' version='0' action='modify' visible='true' lat='56.9741900' lon='14.0230937'/>
  <node id='-1392' version='0' action='modify' visible='true' lat='56.9742679' lon='14.0232238'/>
  <node id='-1393' version='0' action='modify' visible='true' lat='56.9743367' lon='14.0233629'/>
  <node id='-1394' version='0' action='modify' visible='true' lat='56.9743985' lon='14.0235342'/>
  <node id='-1395' version='0' action='modify' visible='true' lat='56.9744546' lon='14.0237274'/>
  <node id='-1396' version='0' action='modify' visible='true' lat='56.9745353' lon='14.0240687'/>
  <node id='-1397' version='0' action='modify' visible='true' lat='56.9746364' lon='14.0244512'/>
  <node id='-1398' version='0' action='modify' visible='true' lat='56.9749453' lon='14.0257251'/>
  <node id='-1399' version='0' action='modify' visible='true' lat='56.9752155' lon='14.0267773'/>
  <node id='-1400' version='0' action='modify' visible='true' lat='56.9754542' lon='14.0277343'/>
  <node id='-1401' version='0' action='modify' visible='true' lat='56.9756360' lon='14.0284633'/>
  <node id='-1402' version='0' action='modify' visible='true' lat='56.9758094' lon='14.0291846'/>
  <node id='-1403' version='0' action='modify' visible='true' lat='56.9760010' lon='14.0299561'/>
  <node id='-1404' version='0' action='modify' visible='true' lat='56.9762495' lon='14.0307778'/>
  <node id='-1405' version='0' action='modify' visible='true' lat='56.9766208' lon='14.0319087'/>
  <node id='-1406' version='0' action='modify' visible='true' lat='56.9768567' lon='14.0326274'/>
  <node id='-1407' version='0' action='modify' visible='true' lat='56.9771171' lon='14.0334530'/>
  <node id='-1408' version='0' action='modify' visible='true' lat='56.9774674' lon='14.0346019'/>
  <node id='-1409' version='0' action='modify' visible='true' lat='56.9777369' lon='14.0354584'/>
  <node id='-1410' version='0' action='modify' visible='true' lat='56.9780612' lon='14.0364927'/>
  <node id='-1411' version='0' action='modify' visible='true' lat='56.9781377' lon='14.0367297'/>
  <node id='-1412' version='0' action='modify' visible='true' lat='56.9782144' lon='14.0366559'/>
  <node id='-1413' version='0' action='modify' visible='true' lat='56.9789619' lon='14.0358352'/>
  <node id='-1414' version='0' action='modify' visible='true' lat='56.9797094' lon='14.0350146'/>
  <node id='-1415' version='0' action='modify' visible='true' lat='56.9802409' lon='14.0344310'/>
  <node id='-1416' version='0' action='modify' visible='true' lat='56.9807725' lon='14.0338474'/>
  <node id='-1417' version='0' action='modify' visible='true' lat='56.9812170' lon='14.0333594'/>
  <node id='-1418' version='0' action='modify' visible='true' lat='56.9816615' lon='14.0328713'/>
  <node id='-1419' version='0' action='modify' visible='true' lat='56.9823575' lon='14.0321071'/>
  <node id='-1420' version='0' action='modify' visible='true' lat='56.9830536' lon='14.0313428'/>
  <node id='-1421' version='0' action='modify' visible='true' lat='56.9837496' lon='14.0305786'/>
  <node id='-1422' version='0' action='modify' visible='true' lat='56.9844457' lon='14.0298143'/>
  <node id='-1423' version='0' action='modify' visible='true' lat='56.9851417' lon='14.0290501'/>
  <node id='-1424' version='0' action='modify' visible='true' lat='56.9851878' lon='14.0289314'/>
  <node id='-1425' version='0' action='modify' visible='true' lat='56.9852352' lon='14.0286406'/>
  <node id='-1426' version='0' action='modify' visible='true' lat='56.9853433' lon='14.0276293'/>
  <node id='-1427' version='0' action='modify' visible='true' lat='56.9854864' lon='14.0268625'/>
  <node id='-1428' version='0' action='modify' visible='true' lat='56.9857515' lon='14.0260852'/>
  <node id='-1429' version='0' action='modify' visible='true' lat='56.9860166' lon='14.0253078'/>
  <node id='-1430' version='0' action='modify' visible='true' lat='56.9864444' lon='14.0242813'/>
  <node id='-1431' version='0' action='modify' visible='true' lat='56.9865780' lon='14.0238620'/>
  <node id='-1432' version='0' action='modify' visible='true' lat='56.9866553' lon='14.0235313'/>
  <node id='-1433' version='0' action='modify' visible='true' lat='56.9867656' lon='14.0227595'/>
  <node id='-1434' version='0' action='modify' visible='true' lat='56.9869081' lon='14.0215551'/>
  <node id='-1435' version='0' action='modify' visible='true' lat='56.9869955' lon='14.0209573'/>
  <node id='-1436' version='0' action='modify' visible='true' lat='56.9871384' lon='14.0202095'/>
  <node id='-1437' version='0' action='modify' visible='true' lat='56.9872402' lon='14.0197941'/>
  <node id='-1438' version='0' action='modify' visible='true' lat='56.9874268' lon='14.0191115'/>
  <node id='-1439' version='0' action='modify' visible='true' lat='56.9876196' lon='14.0184171'/>
  <node id='-1440' version='0' action='modify' visible='true' lat='56.9877202' lon='14.0179850'/>
  <node id='-1441' version='0' action='modify' visible='true' lat='56.9878091' lon='14.0174486'/>
  <node id='-1442' version='0' action='modify' visible='true' lat='56.9879506' lon='14.0165281'/>
  <node id='-1443' version='0' action='modify' visible='true' lat='56.9880921' lon='14.0156077'/>
  <node id='-1444' version='0' action='modify' visible='true' lat='56.9883195' lon='14.0140513'/>
  <node id='-1445' version='0' action='modify' visible='true' lat='56.9884510' lon='14.0131460'/>
  <node id='-1446' version='0' action='modify' visible='true' lat='56.9885825' lon='14.0122408'/>
  <node id='-1447' version='0' action='modify' visible='true' lat='56.9886073' lon='14.0120061'/>
  <node id='-1448' version='0' action='modify' visible='true' lat='56.9886081' lon='14.0118223'/>
  <node id='-1449' version='0' action='modify' visible='true' lat='56.9885788' lon='14.0114683'/>
  <node id='-1450' version='0' action='modify' visible='true' lat='56.9884780' lon='14.0108433'/>
  <node id='-1451' version='0' action='modify' visible='true' lat='56.9884565' lon='14.0107100'/>
  <node id='-1452' version='0' action='modify' visible='true' lat='56.9892644' lon='14.0102556'/>
  <node id='-1453' version='0' action='modify' visible='true' lat='56.9900723' lon='14.0098011'/>
  <node id='-1454' version='0' action='modify' visible='true' lat='56.9904229' lon='14.0095974'/>
  <node id='-1455' version='0' action='modify' visible='true' lat='56.9908131' lon='14.0093333'/>
  <node id='-1456' version='0' action='modify' visible='true' lat='56.9910381' lon='14.0091670'/>
  <node id='-1457' version='0' action='modify' visible='true' lat='56.9915086' lon='14.0087579'/>
  <node id='-1458' version='0' action='modify' visible='true' lat='56.9917156' lon='14.0085695'/>
  <node id='-1459' version='0' action='modify' visible='true' lat='56.9919119' lon='14.0083837'/>
  <node id='-1460' version='0' action='modify' visible='true' lat='56.9922056' lon='14.0081061'/>
  <node id='-1461' version='0' action='modify' visible='true' lat='56.9927170' lon='14.0076220'/>
  <node id='-1462' version='0' action='modify' visible='true' lat='56.9929705' lon='14.0073846'/>
  <node id='-1463' version='0' action='modify' visible='true' lat='56.9933613' lon='14.0070172'/>
  <node id='-1464' version='0' action='modify' visible='true' lat='56.9935944' lon='14.0067878'/>
  <node id='-1465' version='0' action='modify' visible='true' lat='56.9939443' lon='14.0064633'/>
  <node id='-1466' version='0' action='modify' visible='true' lat='56.9944275' lon='14.0060053'/>
  <node id='-1467' version='0' action='modify' visible='true' lat='56.9949108' lon='14.0055473'/>
  <node id='-1468' version='0' action='modify' visible='true' lat='56.9954331' lon='14.0050632'/>
  <node id='-1469' version='0' action='modify' visible='true' lat='56.9961293' lon='14.0044060'/>
  <node id='-1470' version='0' action='modify' visible='true' lat='56.9964909' lon='14.0041056'/>
  <node id='-1471' version='0' action='modify' visible='true' lat='56.9968397' lon='14.0038455'/>
  <node id='-1472' version='0' action='modify' visible='true' lat='56.9972896' lon='14.0035383'/>
  <node id='-1473' version='0' action='modify' visible='true' lat='56.9977893' lon='14.0032507'/>
  <node id='-1474' version='0' action='modify' visible='true' lat='56.9980051' lon='14.0031454'/>
  <node id='-1475' version='0' action='modify' visible='true' lat='56.9982874' lon='14.0030321'/>
  <node id='-1476' version='0' action='modify' visible='true' lat='56.9986180' lon='14.0029228'/>
  <node id='-1477' version='0' action='modify' visible='true' lat='56.9990760' lon='14.0028128'/>
  <node id='-1478' version='0' action='modify' visible='true' lat='56.9996289' lon='14.0027203'/>
  <node id='-1479' version='0' action='modify' visible='true' lat='56.9999590' lon='14.0026948'/>
  <node id='-1480' version='0' action='modify' visible='true' lat='57.0003155' lon='14.0026908'/>
  <node id='-1481' version='0' action='modify' visible='true' lat='57.0006157' lon='14.0027109'/>
  <node id='-1482' version='0' action='modify' visible='true' lat='57.0008487' lon='14.0027350'/>
  <node id='-1483' version='0' action='modify' visible='true' lat='57.0010883' lon='14.0027806'/>
  <node id='-1484' version='0' action='modify' visible='true' lat='57.0012672' lon='14.0028249'/>
  <node id='-1485' version='0' action='modify' visible='true' lat='57.0015805' lon='14.0029120'/>
  <node id='-1486' version='0' action='modify' visible='true' lat='57.0018128' lon='14.0029885'/>
  <node id='-1487' version='0' action='modify' visible='true' lat='57.0022262' lon='14.0031709'/>
  <node id='-1488' version='0' action='modify' visible='true' lat='57.0024387' lon='14.0032701'/>
  <node id='-1489' version='0' action='modify' visible='true' lat='57.0027418' lon='14.0034311'/>
  <node id='-1490' version='0' action='modify' visible='true' lat='57.0030902' lon='14.0036403'/>
  <node id='-1491' version='0' action='modify' visible='true' lat='57.0033619' lon='14.0038240'/>
  <node id='-1492' version='0' action='modify' visible='true' lat='57.0039009' lon='14.0042116'/>
  <node id='-1493' version='0' action='modify' visible='true' lat='57.0043654' lon='14.0045629'/>
  <node id='-1494' version='0' action='modify' visible='true' lat='57.0048890' lon='14.0049626'/>
  <node id='-1495' version='0' action='modify' visible='true' lat='57.0053959' lon='14.0053488'/>
  <node id='-1496' version='0' action='modify' visible='true' lat='57.0055960' lon='14.0054937'/>
  <node id='-1497' version='0' action='modify' visible='true' lat='57.0060853' lon='14.0058678'/>
  <node id='-1498' version='0' action='modify' visible='true' lat='57.0063343' lon='14.0060556'/>
  <node id='-1499' version='0' action='modify' visible='true' lat='57.0065980' lon='14.0062460'/>
  <node id='-1500' version='0' action='modify' visible='true' lat='57.0070033' lon='14.0065303'/>
  <node id='-1501' version='0' action='modify' visible='true' lat='57.0072121' lon='14.0066698'/>
  <node id='-1502' version='0' action='modify' visible='true' lat='57.0077204' lon='14.0069836'/>
  <node id='-1503' version='0' action='modify' visible='true' lat='57.0078606' lon='14.0070789'/>
  <node id='-1504' version='0' action='modify' visible='true' lat='57.0083331' lon='14.0073377'/>
  <node id='-1505' version='0' action='modify' visible='true' lat='57.0085171' lon='14.0074450'/>
  <node id='-1506' version='0' action='modify' visible='true' lat='57.0090801' lon='14.0077360'/>
  <node id='-1507' version='0' action='modify' visible='true' lat='57.0094014' lon='14.0078956'/>
  <node id='-1508' version='0' action='modify' visible='true' lat='57.0096444' lon='14.0080075'/>
  <node id='-1509' version='0' action='modify' visible='true' lat='57.0100748' lon='14.0081606'/>
  <node id='-1510' version='0' action='modify' visible='true' lat='57.0105891' lon='14.0083481'/>
  <node id='-1511' version='0' action='modify' visible='true' lat='57.0114475' lon='14.0086694'/>
  <node id='-1512' version='0' action='modify' visible='true' lat='57.0118158' lon='14.0088075'/>
  <node id='-1513' version='0' action='modify' visible='true' lat='57.0120511' lon='14.0088985'/>
  <node id='-1514' version='0' action='modify' visible='true' lat='57.0125778' lon='14.0090913'/>
  <node id='-1515' version='0' action='modify' visible='true' lat='57.0131044' lon='14.0092840'/>
  <node id='-1516' version='0' action='modify' visible='true' lat='57.0139369' lon='14.0095920'/>
  <node id='-1517' version='0' action='modify' visible='true' lat='57.0147694' lon='14.0098999'/>
  <node id='-1518' version='0' action='modify' visible='true' lat='57.0152049' lon='14.0100601'/>
  <node id='-1519' version='0' action='modify' visible='true' lat='57.0159196' lon='14.0103257'/>
  <node id='-1520' version='0' action='modify' visible='true' lat='57.0165109' lon='14.0105405'/>
  <node id='-1521' version='0' action='modify' visible='true' lat='57.0172647' lon='14.0108166'/>
  <node id='-1522' version='0' action='modify' visible='true' lat='57.0180184' lon='14.0110927'/>
  <node id='-1523' version='0' action='modify' visible='true' lat='57.0187722' lon='14.0113688'/>
  <node id='-1524' version='0' action='modify' visible='true' lat='57.0195260' lon='14.0116449'/>
  <node id='-1525' version='0' action='modify' visible='true' lat='57.0200875' lon='14.0118557'/>
  <node id='-1526' version='0' action='modify' visible='true' lat='57.0206490' lon='14.0120664'/>
  <node id='-1527' version='0' action='modify' visible='true' lat='57.0211468' lon='14.0122689'/>
  <node id='-1528' version='0' action='modify' visible='true' lat='57.0214418' lon='14.0124151'/>
  <node id='-1529' version='0' action='modify' visible='true' lat='57.0217557' lon='14.0125841'/>
  <node id='-1530' version='0' action='modify' visible='true' lat='57.0220914' lon='14.0127946'/>
  <node id='-1531' version='0' action='modify' visible='true' lat='57.0227908' lon='14.0132989'/>
  <node id='-1532' version='0' action='modify' visible='true' lat='57.0235835' lon='14.0138756'/>
  <node id='-1533' version='0' action='modify' visible='true' lat='57.0240076' lon='14.0141813'/>
  <node id='-1534' version='0' action='modify' visible='true' lat='57.0245326' lon='14.0145612'/>
  <node id='-1535' version='0' action='modify' visible='true' lat='57.0250577' lon='14.0149410'/>
  <node id='-1536' version='0' action='modify' visible='true' lat='57.0252447' lon='14.0150899'/>
  <node id='-1537' version='0' action='modify' visible='true' lat='57.0253842' lon='14.0151979'/>
  <node id='-1538' version='0' action='modify' visible='true' lat='57.0254449' lon='14.0152448'/>
  <node id='-1539' version='0' action='modify' visible='true' lat='57.0257830' lon='14.0155530'/>
  <node id='-1540' version='0' action='modify' visible='true' lat='57.0262989' lon='14.0160908'/>
  <node id='-1541' version='0' action='modify' visible='true' lat='57.0268743' lon='14.0167803'/>
  <node id='-1542' version='0' action='modify' visible='true' lat='57.0271333' lon='14.0171353'/>
  <node id='-1543' version='0' action='modify' visible='true' lat='57.0275045' lon='14.0176892'/>
  <node id='-1544' version='0' action='modify' visible='true' lat='57.0280485' lon='14.0186191'/>
  <node id='-1545' version='0' action='modify' visible='true' lat='57.0285925' lon='14.0195489'/>
  <node id='-1546' version='0' action='modify' visible='true' lat='57.0291366' lon='14.0204788'/>
  <node id='-1547' version='0' action='modify' visible='true' lat='57.0296806' lon='14.0214086'/>
  <node id='-1548' version='0' action='modify' visible='true' lat='57.0302246' lon='14.0223385'/>
  <node id='-1549' version='0' action='modify' visible='true' lat='57.0307890' lon='14.0234012'/>
  <node id='-1550' version='0' action='modify' visible='true' lat='57.0311550' lon='14.0242431'/>
  <node id='-1551' version='0' action='modify' visible='true' lat='57.0316075' lon='14.0253982'/>
  <node id='-1552' version='0' action='modify' visible='true' lat='57.0319539' lon='14.0266560'/>
  <node id='-1553' version='0' action='modify' visible='true' lat='57.0321313' lon='14.0274680'/>
  <node id='-1554' version='0' action='modify' visible='true' lat='57.0322682' lon='14.0280948'/>
  <node id='-1555' version='0' action='modify' visible='true' lat='57.0324354' lon='14.0288372'/>
  <node id='-1556' version='0' action='modify' visible='true' lat='57.0325295' lon='14.0292889'/>
  <node id='-1557' version='0' action='modify' visible='true' lat='57.0325674' lon='14.0294418'/>
  <node id='-1558' version='0' action='modify' visible='true' lat='57.0326674' lon='14.0298843'/>
  <node id='-1559' version='0' action='modify' visible='true' lat='57.0328026' lon='14.0303866'/>
  <node id='-1560' version='0' action='modify' visible='true' lat='57.0329251' lon='14.0307896'/>
  <node id='-1561' version='0' action='modify' visible='true' lat='57.0330434' lon='14.0311326'/>
  <node id='-1562' version='0' action='modify' visible='true' lat='57.0333633' lon='14.0319617'/>
  <node id='-1563' version='0' action='modify' visible='true' lat='57.0337181' lon='14.0327497'/>
  <node id='-1564' version='0' action='modify' visible='true' lat='57.0341678' lon='14.0335275'/>
  <node id='-1565' version='0' action='modify' visible='true' lat='57.0347698' lon='14.0344182'/>
  <node id='-1566' version='0' action='modify' visible='true' lat='57.0351609' lon='14.0348468'/>
  <node id='-1567' version='0' action='modify' visible='true' lat='57.0355520' lon='14.0352755'/>
  <node id='-1568' version='0' action='modify' visible='true' lat='57.0359700' lon='14.0356285'/>
  <node id='-1569' version='0' action='modify' visible='true' lat='57.0363880' lon='14.0359815'/>
  <node id='-1570' version='0' action='modify' visible='true' lat='57.0371701' lon='14.0366290'/>
  <node id='-1571' version='0' action='modify' visible='true' lat='57.0379522' lon='14.0372765'/>
  <node id='-1572' version='0' action='modify' visible='true' lat='57.0387584' lon='14.0378451'/>
  <node id='-1573' version='0' action='modify' visible='true' lat='57.0392297' lon='14.0381134'/>
  <node id='-1574' version='0' action='modify' visible='true' lat='57.0400834' lon='14.0385184'/>
  <node id='-1575' version='0' action='modify' visible='true' lat='57.0403154' lon='14.0386981'/>
  <node id='-1576' version='0' action='modify' visible='true' lat='57.0404533' lon='14.0388215'/>
  <node id='-1577' version='0' action='modify' visible='true' lat='57.0406817' lon='14.0390736'/>
  <node id='-1578' version='0' action='modify' visible='true' lat='57.0408458' lon='14.0392935'/>
  <node id='-1579' version='0' action='modify' visible='true' lat='57.0410465' lon='14.0395993'/>
  <node id='-1580' version='0' action='modify' visible='true' lat='57.0411822' lon='14.0398514'/>
  <node id='-1581' version='0' action='modify' visible='true' lat='57.0412165' lon='14.0397938'/>
  <node id='-1582' version='0' action='modify' visible='true' lat='57.0413365' lon='14.0395899'/>
  <node id='-1583' version='0' action='modify' visible='true' lat='57.0415134' lon='14.0393324'/>
  <node id='-1584' version='0' action='modify' visible='true' lat='57.0415620' lon='14.0392748'/>
  <node id='-1585' version='0' action='modify' visible='true' lat='57.0416014' lon='14.0392513'/>
  <node id='-1586' version='0' action='modify' visible='true' lat='57.0416561' lon='14.0392452'/>
  <node id='-1587' version='0' action='modify' visible='true' lat='57.0417703' lon='14.0392856'/>
  <node id='-1588' version='0' action='modify' visible='true' lat='57.0422861' lon='14.0395283'/>
  <node id='-1589' version='0' action='modify' visible='true' lat='57.0428019' lon='14.0397710'/>
  <node id='-1590' version='0' action='modify' visible='true' lat='57.0429229' lon='14.0398180'/>
  <node id='-1591' version='0' action='modify' visible='true' lat='57.0436412' lon='14.0401459'/>
  <node id='-1592' version='0' action='modify' visible='true' lat='57.0443594' lon='14.0404739'/>
  <node id='-1593' version='0' action='modify' visible='true' lat='57.0450777' lon='14.0408018'/>
  <node id='-1594' version='0' action='modify' visible='true' lat='57.0458631' lon='14.0411604'/>
  <node id='-1595' version='0' action='modify' visible='true' lat='57.0466484' lon='14.0415190'/>
  <node id='-1596' version='0' action='modify' visible='true' lat='57.0470646' lon='14.0417169'/>
  <node id='-1597' version='0' action='modify' visible='true' lat='57.0471251' lon='14.0417773'/>
  <node id='-1598' version='0' action='modify' visible='true' lat='57.0471864' lon='14.0418899'/>
  <node id='-1599' version='0' action='modify' visible='true' lat='57.0472236' lon='14.0420334'/>
  <node id='-1600' version='0' action='modify' visible='true' lat='57.0472462' lon='14.0422399'/>
  <node id='-1601' version='0' action='modify' visible='true' lat='57.0472572' lon='14.0424773'/>
  <node id='-1602' version='0' action='modify' visible='true' lat='57.0472586' lon='14.0425926'/>
  <node id='-1603' version='0' action='modify' visible='true' lat='57.0479042' lon='14.0425231'/>
  <node id='-1604' version='0' action='modify' visible='true' lat='57.0483415' lon='14.0424964'/>
  <node id='-1605' version='0' action='modify' visible='true' lat='57.0489362' lon='14.0425443'/>
  <node id='-1606' version='0' action='modify' visible='true' lat='57.0495592' lon='14.0426241'/>
  <node id='-1607' version='0' action='modify' visible='true' lat='57.0500115' lon='14.0427556'/>
  <node id='-1608' version='0' action='modify' visible='true' lat='57.0504639' lon='14.0428871'/>
  <node id='-1609' version='0' action='modify' visible='true' lat='57.0510659' lon='14.0430527'/>
  <node id='-1610' version='0' action='modify' visible='true' lat='57.0515362' lon='14.0431868'/>
  <node id='-1611' version='0' action='modify' visible='true' lat='57.0520066' lon='14.0433209'/>
  <node id='-1612' version='0' action='modify' visible='true' lat='57.0528629' lon='14.0435529'/>
  <node id='-1613' version='0' action='modify' visible='true' lat='57.0536148' lon='14.0437607'/>
  <node id='-1614' version='0' action='modify' visible='true' lat='57.0542428' lon='14.0439458'/>
  <node id='-1615' version='0' action='modify' visible='true' lat='57.0545754' lon='14.0440209'/>
  <node id='-1616' version='0' action='modify' visible='true' lat='57.0549875' lon='14.0441483'/>
  <node id='-1617' version='0' action='modify' visible='true' lat='57.0555637' lon='14.0443039'/>
  <node id='-1618' version='0' action='modify' visible='true' lat='57.0559502' lon='14.0444192'/>
  <node id='-1619' version='0' action='modify' visible='true' lat='57.0563874' lon='14.0445399'/>
  <node id='-1620' version='0' action='modify' visible='true' lat='57.0566095' lon='14.0446110'/>
  <node id='-1621' version='0' action='modify' visible='true' lat='57.0573461' lon='14.0448095'/>
  <node id='-1622' version='0' action='modify' visible='true' lat='57.0580929' lon='14.0450053'/>
  <node id='-1623' version='0' action='modify' visible='true' lat='57.0587534' lon='14.0451601'/>
  <node id='-1624' version='0' action='modify' visible='true' lat='57.0590562' lon='14.0451984'/>
  <node id='-1625' version='0' action='modify' visible='true' lat='57.0593851' lon='14.0452185'/>
  <node id='-1626' version='0' action='modify' visible='true' lat='57.0599153' lon='14.0452105'/>
  <node id='-1627' version='0' action='modify' visible='true' lat='57.0601457' lon='14.0451863'/>
  <node id='-1628' version='0' action='modify' visible='true' lat='57.0602806' lon='14.0451595'/>
  <node id='-1629' version='0' action='modify' visible='true' lat='57.0604702' lon='14.0451240'/>
  <node id='-1630' version='0' action='modify' visible='true' lat='57.0605960' lon='14.0451025'/>
  <node id='-1631' version='0' action='modify' visible='true' lat='57.0605924' lon='14.0450697'/>
  <node id='-1632' version='0' action='modify' visible='true' lat='57.0605964' lon='14.0450308'/>
  <node id='-1633' version='0' action='modify' visible='true' lat='57.0607255' lon='14.0448859'/>
  <node id='-1634' version='0' action='modify' visible='true' lat='57.0611441' lon='14.0442878'/>
  <node id='-1635' version='0' action='modify' visible='true' lat='57.0617491' lon='14.0433997'/>
  <node id='-1636' version='0' action='modify' visible='true' lat='57.0623542' lon='14.0425116'/>
  <node id='-1637' version='0' action='modify' visible='true' lat='57.0627773' lon='14.0419430'/>
  <node id='-1638' version='0' action='modify' visible='true' lat='57.0635000' lon='14.0410879'/>
  <node id='-1639' version='0' action='modify' visible='true' lat='57.0638130' lon='14.0408000'/>
  <node id='-1640' version='0' action='modify' visible='true' lat='57.0640295' lon='14.0406494'/>
  <node id='-1641' version='0' action='modify' visible='true' lat='57.0640984' lon='14.0406053'/>
  <node id='-1642' version='0' action='modify' visible='true' lat='57.0643470' lon='14.0404868'/>
  <node id='-1643' version='0' action='modify' visible='true' lat='57.0646258' lon='14.0404155'/>
  <node id='-1644' version='0' action='modify' visible='true' lat='57.0649099' lon='14.0403848'/>
  <node id='-1645' version='0' action='modify' visible='true' lat='57.0651603' lon='14.0403844'/>
  <node id='-1646' version='0' action='modify' visible='true' lat='57.0654621' lon='14.0404586'/>
  <node id='-1647' version='0' action='modify' visible='true' lat='57.0657975' lon='14.0405866'/>
  <node id='-1648' version='0' action='modify' visible='true' lat='57.0662624' lon='14.0408090'/>
  <node id='-1649' version='0' action='modify' visible='true' lat='57.0668997' lon='14.0411354'/>
  <node id='-1650' version='0' action='modify' visible='true' lat='57.0671104' lon='14.0412741'/>
  <node id='-1651' version='0' action='modify' visible='true' lat='57.0675716' lon='14.0416166'/>
  <node id='-1652' version='0' action='modify' visible='true' lat='57.0679580' lon='14.0418978'/>
  <node id='-1653' version='0' action='modify' visible='true' lat='57.0685631' lon='14.0423673'/>
  <node id='-1654' version='0' action='modify' visible='true' lat='57.0688358' lon='14.0425551'/>
  <node id='-1655' version='0' action='modify' visible='true' lat='57.0689634' lon='14.0426745'/>
  <node id='-1656' version='0' action='modify' visible='true' lat='57.0689852' lon='14.0427053'/>
  <node id='-1657' version='0' action='modify' visible='true' lat='57.0689940' lon='14.0427643'/>
  <node id='-1658' version='0' action='modify' visible='true' lat='57.0689936' lon='14.0428380'/>
  <node id='-1659' version='0' action='modify' visible='true' lat='57.0690596' lon='14.0428461'/>
  <node id='-1660' version='0' action='modify' visible='true' lat='57.0691817' lon='14.0428729'/>
  <node id='-1661' version='0' action='modify' visible='true' lat='57.0693417' lon='14.0429038'/>
  <node id='-1662' version='0' action='modify' visible='true' lat='57.0698076' lon='14.0430285'/>
  <node id='-1663' version='0' action='modify' visible='true' lat='57.0700387' lon='14.0430848'/>
  <node id='-1664' version='0' action='modify' visible='true' lat='57.0702603' lon='14.0431425'/>
  <node id='-1665' version='0' action='modify' visible='true' lat='57.0704029' lon='14.0431774'/>
  <node id='-1666' version='0' action='modify' visible='true' lat='57.0705662' lon='14.0432277'/>
  <node id='-1667' version='0' action='modify' visible='true' lat='57.0711049' lon='14.0433644'/>
  <node id='-1668' version='0' action='modify' visible='true' lat='57.0713860' lon='14.0434382'/>
  <node id='-1669' version='0' action='modify' visible='true' lat='57.0717253' lon='14.0435254'/>
  <node id='-1670' version='0' action='modify' visible='true' lat='57.0720709' lon='14.0436172'/>
  <node id='-1671' version='0' action='modify' visible='true' lat='57.0725021' lon='14.0437292'/>
  <node id='-1672' version='0' action='modify' visible='true' lat='57.0729066' lon='14.0438305'/>
  <node id='-1673' version='0' action='modify' visible='true' lat='57.0734443' lon='14.0439700'/>
  <node id='-1674' version='0' action='modify' visible='true' lat='57.0738708' lon='14.0440859'/>
  <node id='-1675' version='0' action='modify' visible='true' lat='57.0745264' lon='14.0442509'/>
  <node id='-1676' version='0' action='modify' visible='true' lat='57.0749518' lon='14.0443589'/>
  <node id='-1677' version='0' action='modify' visible='true' lat='57.0750943' lon='14.0443897'/>
  <node id='-1678' version='0' action='modify' visible='true' lat='57.0752379' lon='14.0444233'/>
  <node id='-1679' version='0' action='modify' visible='true' lat='57.0755287' lon='14.0444870'/>
  <node id='-1680' version='0' action='modify' visible='true' lat='57.0757930' lon='14.0445305'/>
  <node id='-1681' version='0' action='modify' visible='true' lat='57.0761250' lon='14.0445855'/>
  <node id='-1682' version='0' action='modify' visible='true' lat='57.0764512' lon='14.0446284'/>
  <node id='-1683' version='0' action='modify' visible='true' lat='57.0769906' lon='14.0446948'/>
  <node id='-1684' version='0' action='modify' visible='true' lat='57.0775365' lon='14.0447612'/>
  <node id='-1685' version='0' action='modify' visible='true' lat='57.0780653' lon='14.0448222'/>
  <node id='-1686' version='0' action='modify' visible='true' lat='57.0785562' lon='14.0448859'/>
  <node id='-1687' version='0' action='modify' visible='true' lat='57.0786528' lon='14.0448933'/>
  <node id='-1688' version='0' action='modify' visible='true' lat='57.0787053' lon='14.0448960'/>
  <node id='-1689' version='0' action='modify' visible='true' lat='57.0793598' lon='14.0449785'/>
  <node id='-1690' version='0' action='modify' visible='true' lat='57.0800045' lon='14.0450529'/>
  <node id='-1691' version='0' action='modify' visible='true' lat='57.0803233' lon='14.0450911'/>
  <node id='-1692' version='0' action='modify' visible='true' lat='57.0805205' lon='14.0451146'/>
  <node id='-1693' version='0' action='modify' visible='true' lat='57.0806856' lon='14.0451394'/>
  <node id='-1694' version='0' action='modify' visible='true' lat='57.0808714' lon='14.0451615'/>
  <node id='-1695' version='0' action='modify' visible='true' lat='57.0811400' lon='14.0451924'/>
  <node id='-1696' version='0' action='modify' visible='true' lat='57.0812617' lon='14.0452071'/>
  <node id='-1697' version='0' action='modify' visible='true' lat='57.0818273' lon='14.0452762'/>
  <node id='-1698' version='0' action='modify' visible='true' lat='57.0819049' lon='14.0452755'/>
  <node id='-1699' version='0' action='modify' visible='true' lat='57.0819789' lon='14.0452869'/>
  <node id='-1700' version='0' action='modify' visible='true' lat='57.0824785' lon='14.0453272'/>
  <node id='-1701' version='0' action='modify' visible='true' lat='57.0828953' lon='14.0453037'/>
  <node id='-1702' version='0' action='modify' visible='true' lat='57.0830830' lon='14.0452842'/>
  <node id='-1703' version='0' action='modify' visible='true' lat='57.0832696' lon='14.0452507'/>
  <node id='-1704' version='0' action='modify' visible='true' lat='57.0836624' lon='14.0451796'/>
  <node id='-1705' version='0' action='modify' visible='true' lat='57.0839637' lon='14.0451019'/>
  <node id='-1706' version='0' action='modify' visible='true' lat='57.0841834' lon='14.0450314'/>
  <node id='-1707' version='0' action='modify' visible='true' lat='57.0843984' lon='14.0449537'/>
  <node id='-1708' version='0' action='modify' visible='true' lat='57.0849716' lon='14.0447243'/>
  <node id='-1709' version='0' action='modify' visible='true' lat='57.0851720' lon='14.0446445'/>
  <node id='-1710' version='0' action='modify' visible='true' lat='57.0853571' lon='14.0445587'/>
  <node id='-1711' version='0' action='modify' visible='true' lat='57.0858668' lon='14.0443421'/>
  <node id='-1712' version='0' action='modify' visible='true' lat='57.0865271' lon='14.0440719'/>
  <node id='-1713' version='0' action='modify' visible='true' lat='57.0870423' lon='14.0438600'/>
  <node id='-1714' version='0' action='modify' visible='true' lat='57.0871636' lon='14.0438097'/>
  <node id='-1715' version='0' action='modify' visible='true' lat='57.0877692' lon='14.0435589'/>
  <node id='-1716' version='0' action='modify' visible='true' lat='57.0885059' lon='14.0432525'/>
  <node id='-1717' version='0' action='modify' visible='true' lat='57.0891558' lon='14.0429796'/>
  <node id='-1718' version='0' action='modify' visible='true' lat='57.0896462' lon='14.0427744'/>
  <node id='-1719' version='0' action='modify' visible='true' lat='57.0897395' lon='14.0427361'/>
  <node id='-1720' version='0' action='modify' visible='true' lat='57.0897843' lon='14.0427221'/>
  <node id='-1721' version='0' action='modify' visible='true' lat='57.0897927' lon='14.0428240'/>
  <node id='-1722' version='0' action='modify' visible='true' lat='57.0898116' lon='14.0429635'/>
  <node id='-1723' version='0' action='modify' visible='true' lat='57.0898400' lon='14.0430875'/>
  <node id='-1724' version='0' action='modify' visible='true' lat='57.0898761' lon='14.0431780'/>
  <node id='-1725' version='0' action='modify' visible='true' lat='57.0899158' lon='14.0432357'/>
  <node id='-1726' version='0' action='modify' visible='true' lat='57.0900251' lon='14.0433081'/>
  <node id='-1727' version='0' action='modify' visible='true' lat='57.0902146' lon='14.0434308'/>
  <node id='-1728' version='0' action='modify' visible='true' lat='57.0903336' lon='14.0435053'/>
  <node id='-1729' version='0' action='modify' visible='true' lat='57.0905926' lon='14.0437151'/>
  <node id='-1730' version='0' action='modify' visible='true' lat='57.0906448' lon='14.0437567'/>
  <node id='-1731' version='0' action='modify' visible='true' lat='57.0911741' lon='14.0443092'/>
  <node id='-1732' version='0' action='modify' visible='true' lat='57.0912838' lon='14.0444239'/>
  <node id='-1733' version='0' action='modify' visible='true' lat='57.0915210' lon='14.0446850'/>
  <node id='-1734' version='0' action='modify' visible='true' lat='57.0916314' lon='14.0448296'/>
  <node id='-1735' version='0' action='modify' visible='true' lat='57.0918344' lon='14.0450903'/>
  <node id='-1736' version='0' action='modify' visible='true' lat='57.0922377' lon='14.0456262'/>
  <node id='-1737' version='0' action='modify' visible='true' lat='57.0926409' lon='14.0461621'/>
  <node id='-1738' version='0' action='modify' visible='true' lat='57.0928632' lon='14.0463959'/>
  <node id='-1739' version='0' action='modify' visible='true' lat='57.0931163' lon='14.0465821'/>
  <node id='-1740' version='0' action='modify' visible='true' lat='57.0933152' lon='14.0466960'/>
  <node id='-1741' version='0' action='modify' visible='true' lat='57.0935132' lon='14.0467824'/>
  <node id='-1742' version='0' action='modify' visible='true' lat='57.0938702' lon='14.0468793'/>
  <node id='-1743' version='0' action='modify' visible='true' lat='57.0939987' lon='14.0469158'/>
  <node id='-1744' version='0' action='modify' visible='true' lat='57.0941149' lon='14.0469348'/>
  <node id='-1745' version='0' action='modify' visible='true' lat='57.0945003' lon='14.0470061'/>
  <node id='-1746' version='0' action='modify' visible='true' lat='57.0946270' lon='14.0470351'/>
  <node id='-1747' version='0' action='modify' visible='true' lat='57.0947636' lon='14.0470627'/>
  <node id='-1748' version='0' action='modify' visible='true' lat='57.0949150' lon='14.0470956'/>
  <node id='-1749' version='0' action='modify' visible='true' lat='57.0949553' lon='14.0471043'/>
  <node id='-1750' version='0' action='modify' visible='true' lat='57.0949950' lon='14.0471128'/>
  <node id='-1751' version='0' action='modify' visible='true' lat='57.0953453' lon='14.0471937'/>
  <node id='-1752' version='0' action='modify' visible='true' lat='57.0958903' lon='14.0472919'/>
  <node id='-1753' version='0' action='modify' visible='true' lat='57.0961373' lon='14.0473425'/>
  <node id='-1754' version='0' action='modify' visible='true' lat='57.0965774' lon='14.0474486'/>
  <node id='-1755' version='0' action='modify' visible='true' lat='57.0966776' lon='14.0474695'/>
  <node id='-1756' version='0' action='modify' visible='true' lat='57.0969359' lon='14.0475211'/>
  <node id='-1757' version='0' action='modify' visible='true' lat='57.0977529' lon='14.0476932'/>
  <node id='-1758' version='0' action='modify' visible='true' lat='57.0985699' lon='14.0478653'/>
  <node id='-1759' version='0' action='modify' visible='true' lat='57.0986462' lon='14.0478753'/>
  <node id='-1760' version='0' action='modify' visible='true' lat='57.0988742' lon='14.0479343'/>
  <node id='-1761' version='0' action='modify' visible='true' lat='57.0991061' lon='14.0479635'/>
  <node id='-1762' version='0' action='modify' visible='true' lat='57.0994106' lon='14.0480182'/>
  <node id='-1763' version='0' action='modify' visible='true' lat='57.0997440' lon='14.0480488'/>
  <node id='-1764' version='0' action='modify' visible='true' lat='57.1000040' lon='14.0480751'/>
  <node id='-1765' version='0' action='modify' visible='true' lat='57.1007153' lon='14.0480099'/>
  <node id='-1766' version='0' action='modify' visible='true' lat='57.1012389' lon='14.0479625'/>
  <node id='-1767' version='0' action='modify' visible='true' lat='57.1018919' lon='14.0479011'/>
  <node id='-1768' version='0' action='modify' visible='true' lat='57.1025449' lon='14.0478396'/>
  <node id='-1769' version='0' action='modify' visible='true' lat='57.1031596' lon='14.0477884'/>
  <node id='-1770' version='0' action='modify' visible='true' lat='57.1035217' lon='14.0477485'/>
  <node id='-1771' version='0' action='modify' visible='true' lat='57.1037458' lon='14.0477287'/>
  <node id='-1772' version='0' action='modify' visible='true' lat='57.1038787' lon='14.0477153'/>
  <node id='-1773' version='0' action='modify' visible='true' lat='57.1046403' lon='14.0476444'/>
  <node id='-1774' version='0' action='modify' visible='true' lat='57.1054018' lon='14.0475736'/>
  <node id='-1775' version='0' action='modify' visible='true' lat='57.1061634' lon='14.0475027'/>
  <node id='-1776' version='0' action='modify' visible='true' lat='57.1067922' lon='14.0474452'/>
  <node id='-1777' version='0' action='modify' visible='true' lat='57.1074210' lon='14.0473878'/>
  <node id='-1778' version='0' action='modify' visible='true' lat='57.1080908' lon='14.0473203'/>
  <node id='-1779' version='0' action='modify' visible='true' lat='57.1089877' lon='14.0472491'/>
  <node id='-1780' version='0' action='modify' visible='true' lat='57.1090457' lon='14.0472097'/>
  <node id='-1781' version='0' action='modify' visible='true' lat='57.1091079' lon='14.0470858'/>
  <node id='-1782' version='0' action='modify' visible='true' lat='57.1091581' lon='14.0466920'/>
  <node id='-1783' version='0' action='modify' visible='true' lat='57.1095767' lon='14.0468708'/>
  <node id='-1784' version='0' action='modify' visible='true' lat='57.1102168' lon='14.0471868'/>
  <node id='-1785' version='0' action='modify' visible='true' lat='57.1108695' lon='14.0475275'/>
  <node id='-1786' version='0' action='modify' visible='true' lat='57.1110134' lon='14.0476137'/>
  <node id='-1787' version='0' action='modify' visible='true' lat='57.1111672' lon='14.0477059'/>
  <node id='-1788' version='0' action='modify' visible='true' lat='57.1114055' lon='14.0478487'/>
  <node id='-1789' version='0' action='modify' visible='true' lat='57.1114511' lon='14.0478760'/>
  <node id='-1790' version='0' action='modify' visible='true' lat='57.1114893' lon='14.0478989'/>
  <node id='-1791' version='0' action='modify' visible='true' lat='57.1120779' lon='14.0483035'/>
  <node id='-1792' version='0' action='modify' visible='true' lat='57.1124244' lon='14.0485674'/>
  <node id='-1793' version='0' action='modify' visible='true' lat='57.1127536' lon='14.0488181'/>
  <node id='-1794' version='0' action='modify' visible='true' lat='57.1128528' lon='14.0488966'/>
  <node id='-1795' version='0' action='modify' visible='true' lat='57.1130227' lon='14.0490279'/>
  <node id='-1796' version='0' action='modify' visible='true' lat='57.1133298' lon='14.0492704'/>
  <node id='-1797' version='0' action='modify' visible='true' lat='57.1137263' lon='14.0495839'/>
  <node id='-1798' version='0' action='modify' visible='true' lat='57.1142454' lon='14.0499966'/>
  <node id='-1799' version='0' action='modify' visible='true' lat='57.1147644' lon='14.0504093'/>
  <node id='-1800' version='0' action='modify' visible='true' lat='57.1148026' lon='14.0504381'/>
  <node id='-1801' version='0' action='modify' visible='true' lat='57.1154642' lon='14.0509620'/>
  <node id='-1802' version='0' action='modify' visible='true' lat='57.1161259' lon='14.0514860'/>
  <node id='-1803' version='0' action='modify' visible='true' lat='57.1167875' lon='14.0520099'/>
  <node id='-1804' version='0' action='modify' visible='true' lat='57.1174491' lon='14.0525338'/>
  <node id='-1805' version='0' action='modify' visible='true' lat='57.1175897' lon='14.0525495'/>
  <node id='-1806' version='0' action='modify' visible='true' lat='57.1180537' lon='14.0528998'/>
  <node id='-1807' version='0' action='modify' visible='true' lat='57.1184832' lon='14.0532410'/>
  <node id='-1808' version='0' action='modify' visible='true' lat='57.1189127' lon='14.0535822'/>
  <node id='-1809' version='0' action='modify' visible='true' lat='57.1195373' lon='14.0540593'/>
  <node id='-1810' version='0' action='modify' visible='true' lat='57.1198921' lon='14.0543172'/>
  <node id='-1811' version='0' action='modify' visible='true' lat='57.1201979' lon='14.0545153'/>
  <node id='-1812' version='0' action='modify' visible='true' lat='57.1204750' lon='14.0546059'/>
  <node id='-1813' version='0' action='modify' visible='true' lat='57.1207553' lon='14.0546844'/>
  <node id='-1814' version='0' action='modify' visible='true' lat='57.1210431' lon='14.0546948'/>
  <node id='-1815' version='0' action='modify' visible='true' lat='57.1211989' lon='14.0546907'/>
  <node id='-1816' version='0' action='modify' visible='true' lat='57.1213395' lon='14.0546800'/>
  <node id='-1817' version='0' action='modify' visible='true' lat='57.1215274' lon='14.0546361'/>
  <node id='-1818' version='0' action='modify' visible='true' lat='57.1217388' lon='14.0545546'/>
  <node id='-1819' version='0' action='modify' visible='true' lat='57.1219313' lon='14.0544641'/>
  <node id='-1820' version='0' action='modify' visible='true' lat='57.1221896' lon='14.0543039'/>
  <node id='-1821' version='0' action='modify' visible='true' lat='57.1223650' lon='14.0541952'/>
  <node id='-1822' version='0' action='modify' visible='true' lat='57.1225224' lon='14.0540412'/>
  <node id='-1823' version='0' action='modify' visible='true' lat='57.1227896' lon='14.0538238'/>
  <node id='-1824' version='0' action='modify' visible='true' lat='57.1230535' lon='14.0536396'/>
  <node id='-1825' version='0' action='modify' visible='true' lat='57.1233616' lon='14.0534796'/>
  <node id='-1826' version='0' action='modify' visible='true' lat='57.1235239' lon='14.0534192'/>
  <node id='-1827' version='0' action='modify' visible='true' lat='57.1236990' lon='14.0533726'/>
  <node id='-1828' version='0' action='modify' visible='true' lat='57.1239681' lon='14.0533014'/>
  <node id='-1829' version='0' action='modify' visible='true' lat='57.1242927' lon='14.0532471'/>
  <node id='-1830' version='0' action='modify' visible='true' lat='57.1245139' lon='14.0532169'/>
  <node id='-1831' version='0' action='modify' visible='true' lat='57.1246385' lon='14.0532229'/>
  <node id='-1832' version='0' action='modify' visible='true' lat='57.1248303' lon='14.0532259'/>
  <node id='-1833' version='0' action='modify' visible='true' lat='57.1253941' lon='14.0532018'/>
  <node id='-1834' version='0' action='modify' visible='true' lat='57.1255974' lon='14.0532380'/>
  <node id='-1835' version='0' action='modify' visible='true' lat='57.1260055' lon='14.0532229'/>
  <node id='-1836' version='0' action='modify' visible='true' lat='57.1261514' lon='14.0531987'/>
  <node id='-1837' version='0' action='modify' visible='true' lat='57.1263185' lon='14.0531685'/>
  <node id='-1838' version='0' action='modify' visible='true' lat='57.1264932' lon='14.0531701'/>
  <node id='-1839' version='0' action='modify' visible='true' lat='57.1267817' lon='14.0532033'/>
  <node id='-1840' version='0' action='modify' visible='true' lat='57.1269882' lon='14.0532426'/>
  <node id='-1841' version='0' action='modify' visible='true' lat='57.1272849' lon='14.0533634'/>
  <node id='-1842' version='0' action='modify' visible='true' lat='57.1274225' lon='14.0534298'/>
  <node id='-1843' version='0' action='modify' visible='true' lat='57.1276586' lon='14.0535445'/>
  <node id='-1844' version='0' action='modify' visible='true' lat='57.1279273' lon='14.0536955'/>
  <node id='-1845' version='0' action='modify' visible='true' lat='57.1280552' lon='14.0537136'/>
  <node id='-1846' version='0' action='modify' visible='true' lat='57.1286321' lon='14.0540458'/>
  <node id='-1847' version='0' action='modify' visible='true' lat='57.1288615' lon='14.0541907'/>
  <node id='-1848' version='0' action='modify' visible='true' lat='57.1289838' lon='14.0542683'/>
  <node id='-1849' version='0' action='modify' visible='true' lat='57.1290966' lon='14.0543488'/>
  <node id='-1850' version='0' action='modify' visible='true' lat='57.1295466' lon='14.0545893'/>
  <node id='-1851' version='0' action='modify' visible='true' lat='57.1297859' lon='14.0546867'/>
  <node id='-1852' version='0' action='modify' visible='true' lat='57.1303838' lon='14.0550233'/>
  <node id='-1853' version='0' action='modify' visible='true' lat='57.1305003' lon='14.0550944'/>
  <node id='-1854' version='0' action='modify' visible='true' lat='57.1309035' lon='14.0553201'/>
  <node id='-1855' version='0' action='modify' visible='true' lat='57.1310880' lon='14.0554190'/>
  <node id='-1856' version='0' action='modify' visible='true' lat='57.1312300' lon='14.0554939'/>
  <node id='-1857' version='0' action='modify' visible='true' lat='57.1313369' lon='14.0555504'/>
  <node id='-1858' version='0' action='modify' visible='true' lat='57.1316892' lon='14.0557596'/>
  <node id='-1859' version='0' action='modify' visible='true' lat='57.1321463' lon='14.0560439'/>
  <node id='-1860' version='0' action='modify' visible='true' lat='57.1323996' lon='14.0561861'/>
  <node id='-1861' version='0' action='modify' visible='true' lat='57.1327256' lon='14.0563443'/>
  <node id='-1862' version='0' action='modify' visible='true' lat='57.1329324' lon='14.0564128'/>
  <node id='-1863' version='0' action='modify' visible='true' lat='57.1331187' lon='14.0564803'/>
  <node id='-1864' version='0' action='modify' visible='true' lat='57.1333123' lon='14.0565651'/>
  <node id='-1865' version='0' action='modify' visible='true' lat='57.1335069' lon='14.0566288'/>
  <node id='-1866' version='0' action='modify' visible='true' lat='57.1338523' lon='14.0567175'/>
  <node id='-1867' version='0' action='modify' visible='true' lat='57.1341861' lon='14.0568004'/>
  <node id='-1868' version='0' action='modify' visible='true' lat='57.1342458' lon='14.0568428'/>
  <node id='-1869' version='0' action='modify' visible='true' lat='57.1344969' lon='14.0569084'/>
  <node id='-1870' version='0' action='modify' visible='true' lat='57.1348558' lon='14.0570164'/>
  <node id='-1871' version='0' action='modify' visible='true' lat='57.1350505' lon='14.0570644'/>
  <node id='-1872' version='0' action='modify' visible='true' lat='57.1351409' lon='14.0570859'/>
  <node id='-1873' version='0' action='modify' visible='true' lat='57.1355893' lon='14.0571786'/>
  <node id='-1874' version='0' action='modify' visible='true' lat='57.1362745' lon='14.0573395'/>
  <node id='-1875' version='0' action='modify' visible='true' lat='57.1363943' lon='14.0573968'/>
  <node id='-1876' version='0' action='modify' visible='true' lat='57.1365778' lon='14.0574377'/>
  <node id='-1877' version='0' action='modify' visible='true' lat='57.1368141' lon='14.0574682'/>
  <node id='-1878' version='0' action='modify' visible='true' lat='57.1372112' lon='14.0575195'/>
  <node id='-1879' version='0' action='modify' visible='true' lat='57.1378016' lon='14.0575768'/>
  <node id='-1880' version='0' action='modify' visible='true' lat='57.1382261' lon='14.0576213'/>
  <node id='-1881' version='0' action='modify' visible='true' lat='57.1386866' lon='14.0576695'/>
  <node id='-1882' version='0' action='modify' visible='true' lat='57.1392397' lon='14.0577172'/>
  <node id='-1883' version='0' action='modify' visible='true' lat='57.1396380' lon='14.0577622'/>
  <node id='-1884' version='0' action='modify' visible='true' lat='57.1401012' lon='14.0577568'/>
  <node id='-1885' version='0' action='modify' visible='true' lat='57.1403609' lon='14.0577548'/>
  <node id='-1886' version='0' action='modify' visible='true' lat='57.1404551' lon='14.0577548'/>
  <node id='-1887' version='0' action='modify' visible='true' lat='57.1406183' lon='14.0577239'/>
  <node id='-1888' version='0' action='modify' visible='true' lat='57.1408799' lon='14.0577201'/>
  <node id='-1889' version='0' action='modify' visible='true' lat='57.1409679' lon='14.0577142'/>
  <node id='-1890' version='0' action='modify' visible='true' lat='57.1410363' lon='14.0577096'/>
  <node id='-1891' version='0' action='modify' visible='true' lat='57.1412422' lon='14.0577619'/>
  <node id='-1892' version='0' action='modify' visible='true' lat='57.1414620' lon='14.0578195'/>
  <node id='-1893' version='0' action='modify' visible='true' lat='57.1415851' lon='14.0578358'/>
  <node id='-1894' version='0' action='modify' visible='true' lat='57.1416135' lon='14.0578507'/>
  <node id='-1895' version='0' action='modify' visible='true' lat='57.1416729' lon='14.0578820'/>
  <node id='-1896' version='0' action='modify' visible='true' lat='57.1418864' lon='14.0580594'/>
  <node id='-1897' version='0' action='modify' visible='true' lat='57.1425434' lon='14.0587190'/>
  <node id='-1898' version='0' action='modify' visible='true' lat='57.1427499' lon='14.0589250'/>
  <node id='-1899' version='0' action='modify' visible='true' lat='57.1429138' lon='14.0591123'/>
  <node id='-1900' version='0' action='modify' visible='true' lat='57.1430100' lon='14.0592705'/>
  <node id='-1901' version='0' action='modify' visible='true' lat='57.1433702' lon='14.0596354'/>
  <node id='-1902' version='0' action='modify' visible='true' lat='57.1434097' lon='14.0596754'/>
  <node id='-1903' version='0' action='modify' visible='true' lat='57.1437925' lon='14.0600692'/>
  <node id='-1904' version='0' action='modify' visible='true' lat='57.1440050' lon='14.0602785'/>
  <node id='-1905' version='0' action='modify' visible='true' lat='57.1441749' lon='14.0604240'/>
  <node id='-1906' version='0' action='modify' visible='true' lat='57.1444673' lon='14.0607016'/>
  <node id='-1907' version='0' action='modify' visible='true' lat='57.1446940' lon='14.0609229'/>
  <node id='-1908' version='0' action='modify' visible='true' lat='57.1448388' lon='14.0610176'/>
  <node id='-1909' version='0' action='modify' visible='true' lat='57.1449843' lon='14.0611508'/>
  <node id='-1910' version='0' action='modify' visible='true' lat='57.1454163' lon='14.0614727'/>
  <node id='-1911' version='0' action='modify' visible='true' lat='57.1458013' lon='14.0617156'/>
  <node id='-1912' version='0' action='modify' visible='true' lat='57.1460276' lon='14.0618978'/>
  <node id='-1913' version='0' action='modify' visible='true' lat='57.1461428' lon='14.0619499'/>
  <node id='-1914' version='0' action='modify' visible='true' lat='57.1464352' lon='14.0621399'/>
  <node id='-1915' version='0' action='modify' visible='true' lat='57.1467261' lon='14.0622942'/>
  <node id='-1916' version='0' action='modify' visible='true' lat='57.1472324' lon='14.0625024'/>
  <node id='-1917' version='0' action='modify' visible='true' lat='57.1476174' lon='14.0626220'/>
  <node id='-1918' version='0' action='modify' visible='true' lat='57.1480023' lon='14.0627377'/>
  <node id='-1919' version='0' action='modify' visible='true' lat='57.1482136' lon='14.0628071'/>
  <node id='-1920' version='0' action='modify' visible='true' lat='57.1484291' lon='14.0629035'/>
  <node id='-1921' version='0' action='modify' visible='true' lat='57.1487534' lon='14.0629807'/>
  <node id='-1922' version='0' action='modify' visible='true' lat='57.1489208' lon='14.0630038'/>
  <node id='-1923' version='0' action='modify' visible='true' lat='57.1491907' lon='14.0629922'/>
  <node id='-1924' version='0' action='modify' visible='true' lat='57.1497346' lon='14.0629382'/>
  <node id='-1925' version='0' action='modify' visible='true' lat='57.1498810' lon='14.0629575'/>
  <node id='-1926' version='0' action='modify' visible='true' lat='57.1503706' lon='14.0629190'/>
  <node id='-1927' version='0' action='modify' visible='true' lat='57.1510735' lon='14.0628688'/>
  <node id='-1928' version='0' action='modify' visible='true' lat='57.1512902' lon='14.0628488'/>
  <node id='-1929' version='0' action='modify' visible='true' lat='57.1513685' lon='14.0628303'/>
  <node id='-1930' version='0' action='modify' visible='true' lat='57.1515819' lon='14.0627763'/>
  <node id='-1931' version='0' action='modify' visible='true' lat='57.1517199' lon='14.0627917'/>
  <node id='-1932' version='0' action='modify' visible='true' lat='57.1521613' lon='14.0627608'/>
  <node id='-1933' version='0' action='modify' visible='true' lat='57.1522888' lon='14.0627568'/>
  <node id='-1934' version='0' action='modify' visible='true' lat='57.1525985' lon='14.0627145'/>
  <node id='-1935' version='0' action='modify' visible='true' lat='57.1530776' lon='14.0626374'/>
  <node id='-1936' version='0' action='modify' visible='true' lat='57.1538202' lon='14.0624793'/>
  <node id='-1937' version='0' action='modify' visible='true' lat='57.1543564' lon='14.0623592'/>
  <node id='-1938' version='0' action='modify' visible='true' lat='57.1544243' lon='14.0623461'/>
  <node id='-1939' version='0' action='modify' visible='true' lat='57.1552534' lon='14.0621707'/>
  <node id='-1940' version='0' action='modify' visible='true' lat='57.1559896' lon='14.0620287'/>
  <node id='-1941' version='0' action='modify' visible='true' lat='57.1560755' lon='14.0620132'/>
  <node id='-1942' version='0' action='modify' visible='true' lat='57.1565695' lon='14.0619243'/>
  <node id='-1943' version='0' action='modify' visible='true' lat='57.1566246' lon='14.0619114'/>
  <node id='-1944' version='0' action='modify' visible='true' lat='57.1569976' lon='14.0618240'/>
  <node id='-1945' version='0' action='modify' visible='true' lat='57.1574824' lon='14.0617488'/>
  <node id='-1946' version='0' action='modify' visible='true' lat='57.1579535' lon='14.0617447'/>
  <node id='-1947' version='0' action='modify' visible='true' lat='57.1583386' lon='14.0617990'/>
  <node id='-1948' version='0' action='modify' visible='true' lat='57.1589366' lon='14.0618658'/>
  <node id='-1949' version='0' action='modify' visible='true' lat='57.1591563' lon='14.0618950'/>
  <node id='-1950' version='0' action='modify' visible='true' lat='57.1592832' lon='14.0618783'/>
  <node id='-1951' version='0' action='modify' visible='true' lat='57.1594041' lon='14.0619113'/>
  <node id='-1952' version='0' action='modify' visible='true' lat='57.1594103' lon='14.0618301'/>
  <node id='-1953' version='0' action='modify' visible='true' lat='57.1595599' lon='14.0608729'/>
  <node id='-1954' version='0' action='modify' visible='true' lat='57.1597095' lon='14.0599157'/>
  <node id='-1955' version='0' action='modify' visible='true' lat='57.1597437' lon='14.0597159'/>
  <node id='-1956' version='0' action='modify' visible='true' lat='57.1597859' lon='14.0595871'/>
  <node id='-1957' version='0' action='modify' visible='true' lat='57.1598448' lon='14.0595107'/>
  <node id='-1958' version='0' action='modify' visible='true' lat='57.1599517' lon='14.0594423'/>
  <node id='-1959' version='0' action='modify' visible='true' lat='57.1600827' lon='14.0593672'/>
  <node id='-1960' version='0' action='modify' visible='true' lat='57.1601517' lon='14.0593135'/>
  <node id='-1961' version='0' action='modify' visible='true' lat='57.1602164' lon='14.0592411'/>
  <node id='-1962' version='0' action='modify' visible='true' lat='57.1602594' lon='14.0591539'/>
  <node id='-1963' version='0' action='modify' visible='true' lat='57.1603030' lon='14.0590319'/>
  <node id='-1964' version='0' action='modify' visible='true' lat='57.1605844' lon='14.0582608'/>
  <node id='-1965' version='0' action='modify' visible='true' lat='57.1606150' lon='14.0581334'/>
  <node id='-1966' version='0' action='modify' visible='true' lat='57.1606295' lon='14.0580261'/>
  <node id='-1967' version='0' action='modify' visible='true' lat='57.1606350' lon='14.0578289'/>
  <node id='-1968' version='0' action='modify' visible='true' lat='57.1606324' lon='14.0573025'/>
  <node id='-1969' version='0' action='modify' visible='true' lat='57.1606179' lon='14.0565026'/>
  <node id='-1970' version='0' action='modify' visible='true' lat='57.1606230' lon='14.0562129'/>
  <node id='-1971' version='0' action='modify' visible='true' lat='57.1606724' lon='14.0559500'/>
  <node id='-1972' version='0' action='modify' visible='true' lat='57.1607168' lon='14.0558240'/>
  <node id='-1973' version='0' action='modify' visible='true' lat='57.1607637' lon='14.0556523'/>
  <node id='-1974' version='0' action='modify' visible='true' lat='57.1607957' lon='14.0554974'/>
  <node id='-1975' version='0' action='modify' visible='true' lat='57.1608357' lon='14.0555021'/>
  <node id='-1976' version='0' action='modify' visible='true' lat='57.1608436' lon='14.0553498'/>
  <node id='-1977' version='0' action='modify' visible='true' lat='57.1608739' lon='14.0553382'/>
  <node id='-1978' version='0' action='modify' visible='true' lat='57.1609672' lon='14.0553341'/>
  <node id='-1979' version='0' action='modify' visible='true' lat='57.1610281' lon='14.0553150'/>
  <node id='-1980' version='0' action='modify' visible='true' lat='57.1614688' lon='14.0551373'/>
  <node id='-1981' version='0' action='modify' visible='true' lat='57.1616542' lon='14.0550555'/>
  <node id='-1982' version='0' action='modify' visible='true' lat='57.1618433' lon='14.0549281'/>
  <node id='-1983' version='0' action='modify' visible='true' lat='57.1621306' lon='14.0547216'/>
  <node id='-1984' version='0' action='modify' visible='true' lat='57.1623677' lon='14.0545432'/>
  <node id='-1985' version='0' action='modify' visible='true' lat='57.1625167' lon='14.0544011'/>
  <node id='-1986' version='0' action='modify' visible='true' lat='57.1626854' lon='14.0542106'/>
  <node id='-1987' version='0' action='modify' visible='true' lat='57.1628403' lon='14.0540202'/>
  <node id='-1988' version='0' action='modify' visible='true' lat='57.1630032' lon='14.0538257'/>
  <node id='-1989' version='0' action='modify' visible='true' lat='57.1631305' lon='14.0536956'/>
  <node id='-1990' version='0' action='modify' visible='true' lat='57.1632345' lon='14.0536219'/>
  <node id='-1991' version='0' action='modify' visible='true' lat='57.1633276' lon='14.0535937'/>
  <node id='-1992' version='0' action='modify' visible='true' lat='57.1633894' lon='14.0535964'/>
  <node id='-1993' version='0' action='modify' visible='true' lat='57.1639515' lon='14.0535991'/>
  <node id='-1994' version='0' action='modify' visible='true' lat='57.1641115' lon='14.0536219'/>
  <node id='-1995' version='0' action='modify' visible='true' lat='57.1642766' lon='14.0536675'/>
  <node id='-1996' version='0' action='modify' visible='true' lat='57.1643689' lon='14.0536997'/>
  <node id='-1997' version='0' action='modify' visible='true' lat='57.1645733' lon='14.0537828'/>
  <node id='-1998' version='0' action='modify' visible='true' lat='57.1646874' lon='14.0538029'/>
  <node id='-1999' version='0' action='modify' visible='true' lat='57.1647514' lon='14.0538056'/>
  <node id='-2000' version='0' action='modify' visible='true' lat='57.1648285' lon='14.0537788'/>
  <node id='-2001' version='0' action='modify' visible='true' lat='57.1650110' lon='14.0536822'/>
  <node id='-2002' version='0' action='modify' visible='true' lat='57.1657938' lon='14.0534656'/>
  <node id='-2003' version='0' action='modify' visible='true' lat='57.1659491' lon='14.0534046'/>
  <node id='-2004' version='0' action='modify' visible='true' lat='57.1660967' lon='14.0533242'/>
  <node id='-2005' version='0' action='modify' visible='true' lat='57.1661847' lon='14.0532697'/>
  <node id='-2006' version='0' action='modify' visible='true' lat='57.1663737' lon='14.0531525'/>
  <node id='-2007' version='0' action='modify' visible='true' lat='57.1665613' lon='14.0529875'/>
  <node id='-2008' version='0' action='modify' visible='true' lat='57.1666719' lon='14.0528575'/>
  <node id='-2009' version='0' action='modify' visible='true' lat='57.1668049' lon='14.0526737'/>
  <node id='-2010' version='0' action='modify' visible='true' lat='57.1668558' lon='14.0525745'/>
  <node id='-2011' version='0' action='modify' visible='true' lat='57.1669242' lon='14.0524216'/>
  <node id='-2012' version='0' action='modify' visible='true' lat='57.1671263' lon='14.0518516'/>
  <node id='-2013' version='0' action='modify' visible='true' lat='57.1671750' lon='14.0517631'/>
  <node id='-2014' version='0' action='modify' visible='true' lat='57.1672165' lon='14.0517175'/>
  <node id='-2015' version='0' action='modify' visible='true' lat='57.1672638' lon='14.0516907'/>
  <node id='-2016' version='0' action='modify' visible='true' lat='57.1673321' lon='14.0516652'/>
  <node id='-2017' version='0' action='modify' visible='true' lat='57.1673655' lon='14.0516438'/>
  <node id='-2018' version='0' action='modify' visible='true' lat='57.1674354' lon='14.0515794'/>
  <node id='-2019' version='0' action='modify' visible='true' lat='57.1675073' lon='14.0514962'/>
  <node id='-2020' version='0' action='modify' visible='true' lat='57.1676142' lon='14.0513420'/>
  <node id='-2021' version='0' action='modify' visible='true' lat='57.1677640' lon='14.0511167'/>
  <node id='-2022' version='0' action='modify' visible='true' lat='57.1679509' lon='14.0508431'/>
  <node id='-2023' version='0' action='modify' visible='true' lat='57.1679858' lon='14.0508096'/>
  <node id='-2024' version='0' action='modify' visible='true' lat='57.1681058' lon='14.0507801'/>
  <node id='-2025' version='0' action='modify' visible='true' lat='57.1682021' lon='14.0507506'/>
  <node id='-2026' version='0' action='modify' visible='true' lat='57.1685929' lon='14.0506312'/>
  <node id='-2027' version='0' action='modify' visible='true' lat='57.1687478' lon='14.0506165'/>
  <node id='-2028' version='0' action='modify' visible='true' lat='57.1688249' lon='14.0506232'/>
  <node id='-2029' version='0' action='modify' visible='true' lat='57.1688929' lon='14.0506379'/>
  <node id='-2030' version='0' action='modify' visible='true' lat='57.1689463' lon='14.0506728'/>
  <node id='-2031' version='0' action='modify' visible='true' lat='57.1689757' lon='14.0507023'/>
  <node id='-2032' version='0' action='modify' visible='true' lat='57.1690314' lon='14.0507861'/>
  <node id='-2033' version='0' action='modify' visible='true' lat='57.1690750' lon='14.0508659'/>
  <node id='-2034' version='0' action='modify' visible='true' lat='57.1691448' lon='14.0509920'/>
  <node id='-2035' version='0' action='modify' visible='true' lat='57.1693309' lon='14.0513527'/>
  <node id='-2036' version='0' action='modify' visible='true' lat='57.1694160' lon='14.0515928'/>
  <node id='-2037' version='0' action='modify' visible='true' lat='57.1697628' lon='14.0526845'/>
  <node id='-2038' version='0' action='modify' visible='true' lat='57.1698341' lon='14.0528655'/>
  <node id='-2039' version='0' action='modify' visible='true' lat='57.1699664' lon='14.0531217'/>
  <node id='-2040' version='0' action='modify' visible='true' lat='57.1701525' lon='14.0534757'/>
  <node id='-2041' version='0' action='modify' visible='true' lat='57.1702630' lon='14.0537372'/>
  <node id='-2042' version='0' action='modify' visible='true' lat='57.1703786' lon='14.0540873'/>
  <node id='-2043' version='0' action='modify' visible='true' lat='57.1704586' lon='14.0543461'/>
  <node id='-2044' version='0' action='modify' visible='true' lat='57.1705255' lon='14.0544936'/>
  <node id='-2045' version='0' action='modify' visible='true' lat='57.1705880' lon='14.0545566'/>
  <node id='-2046' version='0' action='modify' visible='true' lat='57.1707313' lon='14.0546679'/>
  <node id='-2047' version='0' action='modify' visible='true' lat='57.1709410' lon='14.0547967'/>
  <node id='-2048' version='0' action='modify' visible='true' lat='57.1710032' lon='14.0548430'/>
  <node id='-2049' version='0' action='modify' visible='true' lat='57.1710537' lon='14.0549288'/>
  <node id='-2050' version='0' action='modify' visible='true' lat='57.1710690' lon='14.0550106'/>
  <node id='-2051' version='0' action='modify' visible='true' lat='57.1711195' lon='14.0549925'/>
  <node id='-2052' version='0' action='modify' visible='true' lat='57.1712322' lon='14.0549784'/>
  <node id='-2053' version='0' action='modify' visible='true' lat='57.1713595' lon='14.0549617'/>
  <node id='-2054' version='0' action='modify' visible='true' lat='57.1717175' lon='14.0549281'/>
  <node id='-2055' version='0' action='modify' visible='true' lat='57.1718938' lon='14.0548959'/>
  <node id='-2056' version='0' action='modify' visible='true' lat='57.1720810' lon='14.0548503'/>
  <node id='-2057' version='0' action='modify' visible='true' lat='57.1723017' lon='14.0547799'/>
  <node id='-2058' version='0' action='modify' visible='true' lat='57.1724744' lon='14.0547162'/>
  <node id='-2059' version='0' action='modify' visible='true' lat='57.1725605' lon='14.0546700'/>
  <node id='-2060' version='0' action='modify' visible='true' lat='57.1726888' lon='14.0545989'/>
  <node id='-2061' version='0' action='modify' visible='true' lat='57.1730102' lon='14.0543783'/>
  <node id='-2062' version='0' action='modify' visible='true' lat='57.1731036' lon='14.0543126'/>
  <node id='-2063' version='0' action='modify' visible='true' lat='57.1732450' lon='14.0542187'/>
  <node id='-2064' version='0' action='modify' visible='true' lat='57.1733962' lon='14.0540879'/>
  <node id='-2065' version='0' action='modify' visible='true' lat='57.1735813' lon='14.0539572'/>
  <node id='-2066' version='0' action='modify' visible='true' lat='57.1736641' lon='14.0539055'/>
  <node id='-2067' version='0' action='modify' visible='true' lat='57.1737328' lon='14.0538613'/>
  <node id='-2068' version='0' action='modify' visible='true' lat='57.1738048' lon='14.0538210'/>
  <node id='-2069' version='0' action='modify' visible='true' lat='57.1738873' lon='14.0537862'/>
  <node id='-2070' version='0' action='modify' visible='true' lat='57.1739746' lon='14.0537654'/>
  <node id='-2071' version='0' action='modify' visible='true' lat='57.1740745' lon='14.0537520'/>
  <node id='-2072' version='0' action='modify' visible='true' lat='57.1743028' lon='14.0537332'/>
  <node id='-2073' version='0' action='modify' visible='true' lat='57.1744340' lon='14.0537453'/>
  <node id='-2074' version='0' action='modify' visible='true' lat='57.1745111' lon='14.0537567'/>
  <node id='-2075' version='0' action='modify' visible='true' lat='57.1745916' lon='14.0537714'/>
  <node id='-2076' version='0' action='modify' visible='true' lat='57.1745976' lon='14.0536581'/>
  <node id='-2077' version='0' action='modify' visible='true' lat='57.1746100' lon='14.0533222'/>
  <node id='-2078' version='0' action='modify' visible='true' lat='57.1746332' lon='14.0530687'/>
  <node id='-2079' version='0' action='modify' visible='true' lat='57.1746619' lon='14.0528300'/>
  <node id='-2080' version='0' action='modify' visible='true' lat='57.1747048' lon='14.0526375'/>
  <node id='-2081' version='0' action='modify' visible='true' lat='57.1748008' lon='14.0524109'/>
  <node id='-2082' version='0' action='modify' visible='true' lat='57.1748626' lon='14.0523002'/>
  <node id='-2083' version='0' action='modify' visible='true' lat='57.1749960' lon='14.0520857'/>
  <node id='-2084' version='0' action='modify' visible='true' lat='57.1750323' lon='14.0520159'/>
  <node id='-2085' version='0' action='modify' visible='true' lat='57.1750457' lon='14.0519284'/>
  <node id='-2086' version='0' action='modify' visible='true' lat='57.1750578' lon='14.0517960'/>
  <node id='-2087' version='0' action='modify' visible='true' lat='57.1750916' lon='14.0516505'/>
  <node id='-2088' version='0' action='modify' visible='true' lat='57.1751287' lon='14.0515640'/>
  <node id='-2089' version='0' action='modify' visible='true' lat='57.1753144' lon='14.0510979'/>
  <node id='-2090' version='0' action='modify' visible='true' lat='57.1753555' lon='14.0510014'/>
  <node id='-2091' version='0' action='modify' visible='true' lat='57.1754438' lon='14.0508538'/>
  <node id='-2092' version='0' action='modify' visible='true' lat='57.1755103' lon='14.0507660'/>
  <node id='-2093' version='0' action='modify' visible='true' lat='57.1756074' lon='14.0506071'/>
  <node id='-2094' version='0' action='modify' visible='true' lat='57.1756986' lon='14.0503972'/>
  <node id='-2095' version='0' action='modify' visible='true' lat='57.1757233' lon='14.0502993'/>
  <node id='-2096' version='0' action='modify' visible='true' lat='57.1757302' lon='14.0502108'/>
  <node id='-2097' version='0' action='modify' visible='true' lat='57.1757193' lon='14.0501062'/>
  <node id='-2098' version='0' action='modify' visible='true' lat='57.1756982' lon='14.0499996'/>
  <node id='-2099' version='0' action='modify' visible='true' lat='57.1756350' lon='14.0497159'/>
  <node id='-2100' version='0' action='modify' visible='true' lat='57.1755241' lon='14.0490527'/>
  <node id='-2101' version='0' action='modify' visible='true' lat='57.1754278' lon='14.0485666'/>
  <node id='-2102' version='0' action='modify' visible='true' lat='57.1753773' lon='14.0482836'/>
  <node id='-2103' version='0' action='modify' visible='true' lat='57.1753591' lon='14.0480858'/>
  <node id='-2104' version='0' action='modify' visible='true' lat='57.1753544' lon='14.0478632'/>
  <node id='-2105' version='0' action='modify' visible='true' lat='57.1753638' lon='14.0477361'/>
  <node id='-2106' version='0' action='modify' visible='true' lat='57.1753769' lon='14.0476506'/>
  <node id='-2107' version='0' action='modify' visible='true' lat='57.1753922' lon='14.0475534'/>
  <node id='-2108' version='0' action='modify' visible='true' lat='57.1754184' lon='14.0474783'/>
  <node id='-2109' version='0' action='modify' visible='true' lat='57.1754634' lon='14.0474434'/>
  <node id='-2110' version='0' action='modify' visible='true' lat='57.1755484' lon='14.0474085'/>
  <node id='-2111' version='0' action='modify' visible='true' lat='57.1756095' lon='14.0474045'/>
  <node id='-2112' version='0' action='modify' visible='true' lat='57.1756801' lon='14.0474008'/>
  <node id='-2113' version='0' action='modify' visible='true' lat='57.1757167' lon='14.0474054'/>
  <node id='-2114' version='0' action='modify' visible='true' lat='57.1757453' lon='14.0474141'/>
  <node id='-2115' version='0' action='modify' visible='true' lat='57.1757708' lon='14.0474259'/>
  <node id='-2116' version='0' action='modify' visible='true' lat='57.1758109' lon='14.0474582'/>
  <node id='-2117' version='0' action='modify' visible='true' lat='57.1758879' lon='14.0475289'/>
  <node id='-2118' version='0' action='modify' visible='true' lat='57.1759884' lon='14.0476044'/>
  <node id='-2119' version='0' action='modify' visible='true' lat='57.1760317' lon='14.0476340'/>
  <node id='-2120' version='0' action='modify' visible='true' lat='57.1760730' lon='14.0476510'/>
  <node id='-2121' version='0' action='modify' visible='true' lat='57.1761230' lon='14.0476592'/>
  <node id='-2122' version='0' action='modify' visible='true' lat='57.1761611' lon='14.0476500'/>
  <node id='-2123' version='0' action='modify' visible='true' lat='57.1762891' lon='14.0475547'/>
  <node id='-2124' version='0' action='modify' visible='true' lat='57.1763430' lon='14.0475193'/>
  <node id='-2125' version='0' action='modify' visible='true' lat='57.1763629' lon='14.0475159'/>
  <node id='-2126' version='0' action='modify' visible='true' lat='57.1764329' lon='14.0475585'/>
  <node id='-2127' version='0' action='modify' visible='true' lat='57.1764786' lon='14.0476016'/>
  <node id='-2128' version='0' action='modify' visible='true' lat='57.1765043' lon='14.0476393'/>
  <node id='-2129' version='0' action='modify' visible='true' lat='57.1765208' lon='14.0476586'/>
  <node id='-2130' version='0' action='modify' visible='true' lat='57.1765374' lon='14.0476714'/>
  <node id='-2131' version='0' action='modify' visible='true' lat='57.1765538' lon='14.0476811'/>
  <node id='-2132' version='0' action='modify' visible='true' lat='57.1765652' lon='14.0476847'/>
  <node id='-2133' version='0' action='modify' visible='true' lat='57.1765775' lon='14.0476857'/>
  <node id='-2134' version='0' action='modify' visible='true' lat='57.1766854' lon='14.0476593'/>
  <node id='-2135' version='0' action='modify' visible='true' lat='57.1768128' lon='14.0476147'/>
  <node id='-2136' version='0' action='modify' visible='true' lat='57.1768963' lon='14.0475748'/>
  <node id='-2137' version='0' action='modify' visible='true' lat='57.1769588' lon='14.0475453'/>
  <node id='-2138' version='0' action='modify' visible='true' lat='57.1770272' lon='14.0475011'/>
  <node id='-2139' version='0' action='modify' visible='true' lat='57.1770790' lon='14.0474331'/>
  <node id='-2140' version='0' action='modify' visible='true' lat='57.1771519' lon='14.0473450'/>
  <node id='-2141' version='0' action='modify' visible='true' lat='57.1772637' lon='14.0471956'/>
  <node id='-2142' version='0' action='modify' visible='true' lat='57.1774263' lon='14.0469244'/>
  <node id='-2143' version='0' action='modify' visible='true' lat='57.1774967' lon='14.0468053'/>
  <node id='-2144' version='0' action='modify' visible='true' lat='57.1775330' lon='14.0467426'/>
  <node id='-2145' version='0' action='modify' visible='true' lat='57.1775737' lon='14.0466854'/>
  <node id='-2146' version='0' action='modify' visible='true' lat='57.1776785' lon='14.0465631'/>
  <node id='-2147' version='0' action='modify' visible='true' lat='57.1782280' lon='14.0460835'/>
  <node id='-2148' version='0' action='modify' visible='true' lat='57.1783167' lon='14.0459977'/>
  <node id='-2149' version='0' action='modify' visible='true' lat='57.1784367' lon='14.0459432'/>
  <node id='-2150' version='0' action='modify' visible='true' lat='57.1784584' lon='14.0459333'/>
  <node id='-2151' version='0' action='modify' visible='true' lat='57.1786634' lon='14.0458408'/>
  <node id='-2152' version='0' action='modify' visible='true' lat='57.1787943' lon='14.0457322'/>
  <node id='-2153' version='0' action='modify' visible='true' lat='57.1789098' lon='14.0455936'/>
  <node id='-2154' version='0' action='modify' visible='true' lat='57.1790087' lon='14.0453459'/>
  <node id='-2155' version='0' action='modify' visible='true' lat='57.1790421' lon='14.0452521'/>
  <node id='-2156' version='0' action='modify' visible='true' lat='57.1791134' lon='14.0451837'/>
  <node id='-2157' version='0' action='modify' visible='true' lat='57.1791679' lon='14.0451515'/>
  <node id='-2158' version='0' action='modify' visible='true' lat='57.1794964' lon='14.0449838'/>
  <node id='-2159' version='0' action='modify' visible='true' lat='57.1796200' lon='14.0449192'/>
  <node id='-2160' version='0' action='modify' visible='true' lat='57.1796992' lon='14.0449543'/>
  <node id='-2161' version='0' action='modify' visible='true' lat='57.1798957' lon='14.0451658'/>
  <node id='-2162' version='0' action='modify' visible='true' lat='57.1799457' lon='14.0452518'/>
  <node id='-2163' version='0' action='modify' visible='true' lat='57.1801071' lon='14.0456461'/>
  <node id='-2164' version='0' action='modify' visible='true' lat='57.1801908' lon='14.0458687'/>
  <node id='-2165' version='0' action='modify' visible='true' lat='57.1802316' lon='14.0459898'/>
  <node id='-2166' version='0' action='modify' visible='true' lat='57.1802738' lon='14.0460849'/>
  <node id='-2167' version='0' action='modify' visible='true' lat='57.1803256' lon='14.0461736'/>
  <node id='-2168' version='0' action='modify' visible='true' lat='57.1803672' lon='14.0462492'/>
  <node id='-2169' version='0' action='modify' visible='true' lat='57.1804471' lon='14.0463948'/>
  <node id='-2170' version='0' action='modify' visible='true' lat='57.1804824' lon='14.0464854'/>
  <node id='-2171' version='0' action='modify' visible='true' lat='57.1805082' lon='14.0465702'/>
  <node id='-2172' version='0' action='modify' visible='true' lat='57.1805350' lon='14.0466732'/>
  <node id='-2173' version='0' action='modify' visible='true' lat='57.1805547' lon='14.0467869'/>
  <node id='-2174' version='0' action='modify' visible='true' lat='57.1805881' lon='14.0469878'/>
  <node id='-2175' version='0' action='modify' visible='true' lat='57.1806242' lon='14.0471832'/>
  <node id='-2176' version='0' action='modify' visible='true' lat='57.1806456' lon='14.0472693'/>
  <node id='-2177' version='0' action='modify' visible='true' lat='57.1806617' lon='14.0472869'/>
  <node id='-2178' version='0' action='modify' visible='true' lat='57.1806924' lon='14.0473227'/>
  <node id='-2179' version='0' action='modify' visible='true' lat='57.1807365' lon='14.0473545'/>
  <node id='-2180' version='0' action='modify' visible='true' lat='57.1808318' lon='14.0474264'/>
  <node id='-2181' version='0' action='modify' visible='true' lat='57.1808777' lon='14.0474518'/>
  <node id='-2182' version='0' action='modify' visible='true' lat='57.1810097' lon='14.0475365'/>
  <node id='-2183' version='0' action='modify' visible='true' lat='57.1811447' lon='14.0476309'/>
  <node id='-2184' version='0' action='modify' visible='true' lat='57.1811671' lon='14.0476411'/>
  <node id='-2185' version='0' action='modify' visible='true' lat='57.1811968' lon='14.0476458'/>
  <node id='-2186' version='0' action='modify' visible='true' lat='57.1812858' lon='14.0476523'/>
  <node id='-2187' version='0' action='modify' visible='true' lat='57.1813106' lon='14.0476570'/>
  <node id='-2188' version='0' action='modify' visible='true' lat='57.1813466' lon='14.0476742'/>
  <node id='-2189' version='0' action='modify' visible='true' lat='57.1813761' lon='14.0476948'/>
  <node id='-2190' version='0' action='modify' visible='true' lat='57.1814113' lon='14.0477273'/>
  <node id='-2191' version='0' action='modify' visible='true' lat='57.1814511' lon='14.0477750'/>
  <node id='-2192' version='0' action='modify' visible='true' lat='57.1814756' lon='14.0478008'/>
  <node id='-2193' version='0' action='modify' visible='true' lat='57.1815496' lon='14.0478577'/>
  <node id='-2194' version='0' action='modify' visible='true' lat='57.1815654' lon='14.0477963'/>
  <node id='-2195' version='0' action='modify' visible='true' lat='57.1816436' lon='14.0478778'/>
  <node id='-2196' version='0' action='modify' visible='true' lat='57.1816880' lon='14.0479446'/>
  <node id='-2197' version='0' action='modify' visible='true' lat='57.1817770' lon='14.0480266'/>
  <node id='-2198' version='0' action='modify' visible='true' lat='57.1819289' lon='14.0481597'/>
  <node id='-2199' version='0' action='modify' visible='true' lat='57.1820293' lon='14.0482473'/>
  <node id='-2200' version='0' action='modify' visible='true' lat='57.1820602' lon='14.0482730'/>
  <node id='-2201' version='0' action='modify' visible='true' lat='57.1821883' lon='14.0483774'/>
  <node id='-2202' version='0' action='modify' visible='true' lat='57.1823159' lon='14.0484807'/>
  <node id='-2203' version='0' action='modify' visible='true' lat='57.1823267' lon='14.0483498'/>
  <node id='-2204' version='0' action='modify' visible='true' lat='57.1823294' lon='14.0482836'/>
  <node id='-2205' version='0' action='modify' visible='true' lat='57.1823954' lon='14.0479860'/>
  <node id='-2206' version='0' action='modify' visible='true' lat='57.1825331' lon='14.0474420'/>
  <node id='-2207' version='0' action='modify' visible='true' lat='57.1826730' lon='14.0468877'/>
  <node id='-2208' version='0' action='modify' visible='true' lat='57.1829961' lon='14.0471800'/>
  <node id='-2209' version='0' action='modify' visible='true' lat='57.1832372' lon='14.0474010'/>
  <node id='-2210' version='0' action='modify' visible='true' lat='57.1836373' lon='14.0477653'/>
  <node id='-2211' version='0' action='modify' visible='true' lat='57.1837049' lon='14.0478189'/>
  <node id='-2212' version='0' action='modify' visible='true' lat='57.1837658' lon='14.0476388'/>
  <node id='-2213' version='0' action='modify' visible='true' lat='57.1838052' lon='14.0477049'/>
  <node id='-2214' version='0' action='modify' visible='true' lat='57.1838335' lon='14.0476423'/>
  <node id='-2215' version='0' action='modify' visible='true' lat='57.1838797' lon='14.0475313'/>
  <node id='-2216' version='0' action='modify' visible='true' lat='57.1839003' lon='14.0475130'/>
  <node id='-2217' version='0' action='modify' visible='true' lat='57.1841421' lon='14.0476527'/>
  <node id='-2218' version='0' action='modify' visible='true' lat='57.1842084' lon='14.0476910'/>
  <node id='-2219' version='0' action='modify' visible='true' lat='57.1842407' lon='14.0477289'/>
  <node id='-2220' version='0' action='modify' visible='true' lat='57.1842646' lon='14.0477816'/>
  <node id='-2221' version='0' action='modify' visible='true' lat='57.1842877' lon='14.0478574'/>
  <node id='-2222' version='0' action='modify' visible='true' lat='57.1843007' lon='14.0479217'/>
  <node id='-2223' version='0' action='modify' visible='true' lat='57.1843036' lon='14.0479867'/>
  <node id='-2224' version='0' action='modify' visible='true' lat='57.1843011' lon='14.0481028'/>
  <node id='-2225' version='0' action='modify' visible='true' lat='57.1842967' lon='14.0482854'/>
  <node id='-2226' version='0' action='modify' visible='true' lat='57.1843804' lon='14.0483405'/>
  <node id='-2227' version='0' action='modify' visible='true' lat='57.1845269' lon='14.0484573'/>
  <node id='-2228' version='0' action='modify' visible='true' lat='57.1844528' lon='14.0488033'/>
  <node id='-2229' version='0' action='modify' visible='true' lat='57.1843547' lon='14.0492579'/>
  <node id='-2230' version='0' action='modify' visible='true' lat='57.1843197' lon='14.0494026'/>
  <node id='-2231' version='0' action='modify' visible='true' lat='57.1843116' lon='14.0494360'/>
  <node id='-2232' version='0' action='modify' visible='true' lat='57.1842922' lon='14.0495164'/>
  <node id='-2233' version='0' action='modify' visible='true' lat='57.1842793' lon='14.0496570'/>
  <node id='-2234' version='0' action='modify' visible='true' lat='57.1842727' lon='14.0497466'/>
  <node id='-2235' version='0' action='modify' visible='true' lat='57.1842811' lon='14.0499575'/>
  <node id='-2236' version='0' action='modify' visible='true' lat='57.1843129' lon='14.0502060'/>
  <node id='-2237' version='0' action='modify' visible='true' lat='57.1843639' lon='14.0505726'/>
  <node id='-2238' version='0' action='modify' visible='true' lat='57.1843978' lon='14.0508164'/>
  <node id='-2239' version='0' action='modify' visible='true' lat='57.1845974' lon='14.0517953'/>
  <node id='-2240' version='0' action='modify' visible='true' lat='57.1846432' lon='14.0520313'/>
  <node id='-2241' version='0' action='modify' visible='true' lat='57.1846492' lon='14.0520959'/>
  <node id='-2242' version='0' action='modify' visible='true' lat='57.1846512' lon='14.0521172'/>
  <node id='-2243' version='0' action='modify' visible='true' lat='57.1846476' lon='14.0522298'/>
  <node id='-2244' version='0' action='modify' visible='true' lat='57.1847646' lon='14.0523130'/>
  <node id='-2245' version='0' action='modify' visible='true' lat='57.1850916' lon='14.0525423'/>
  <node id='-2246' version='0' action='modify' visible='true' lat='57.1851759' lon='14.0526234'/>
  <node id='-2247' version='0' action='modify' visible='true' lat='57.1853028' lon='14.0527047'/>
  <node id='-2248' version='0' action='modify' visible='true' lat='57.1853130' lon='14.0527112'/>
  <node id='-2249' version='0' action='modify' visible='true' lat='57.1855311' lon='14.0528174'/>
  <node id='-2250' version='0' action='modify' visible='true' lat='57.1855587' lon='14.0528272'/>
  <node id='-2251' version='0' action='modify' visible='true' lat='57.1856406' lon='14.0528685'/>
  <node id='-2252' version='0' action='modify' visible='true' lat='57.1859973' lon='14.0530800'/>
  <node id='-2253' version='0' action='modify' visible='true' lat='57.1860607' lon='14.0531107'/>
  <node id='-2254' version='0' action='modify' visible='true' lat='57.1866236' lon='14.0533835'/>
  <node id='-2255' version='0' action='modify' visible='true' lat='57.1871865' lon='14.0536563'/>
  <node id='-2256' version='0' action='modify' visible='true' lat='57.1873093' lon='14.0537162'/>
  <node id='-2257' version='0' action='modify' visible='true' lat='57.1876339' lon='14.0538793'/>
  <node id='-2258' version='0' action='modify' visible='true' lat='57.1876518' lon='14.0538174'/>
  <node id='-2259' version='0' action='modify' visible='true' lat='57.1877129' lon='14.0536788'/>
  <node id='-2260' version='0' action='modify' visible='true' lat='57.1877194' lon='14.0536467'/>
  <node id='-2261' version='0' action='modify' visible='true' lat='57.1877888' lon='14.0530937'/>
  <node id='-2262' version='0' action='modify' visible='true' lat='57.1878461' lon='14.0525997'/>
  <node id='-2263' version='0' action='modify' visible='true' lat='57.1878702' lon='14.0524093'/>
  <node id='-2264' version='0' action='modify' visible='true' lat='57.1879059' lon='14.0521278'/>
  <node id='-2265' version='0' action='modify' visible='true' lat='57.1879438' lon='14.0518652'/>
  <node id='-2266' version='0' action='modify' visible='true' lat='57.1879607' lon='14.0518758'/>
  <node id='-2267' version='0' action='modify' visible='true' lat='57.1879825' lon='14.0518894'/>
  <node id='-2268' version='0' action='modify' visible='true' lat='57.1880130' lon='14.0519113'/>
  <node id='-2269' version='0' action='modify' visible='true' lat='57.1879825' lon='14.0518894'/>
  <node id='-2270' version='0' action='modify' visible='true' lat='57.1879933' lon='14.0518475'/>
  <node id='-2271' version='0' action='modify' visible='true' lat='57.1880165' lon='14.0517849'/>
  <node id='-2272' version='0' action='modify' visible='true' lat='57.1880473' lon='14.0517236'/>
  <node id='-2273' version='0' action='modify' visible='true' lat='57.1880949' lon='14.0516468'/>
  <node id='-2274' version='0' action='modify' visible='true' lat='57.1882610' lon='14.0514588'/>
  <node id='-2275' version='0' action='modify' visible='true' lat='57.1883022' lon='14.0514152'/>
  <node id='-2276' version='0' action='modify' visible='true' lat='57.1884670' lon='14.0512286'/>
  <node id='-2277' version='0' action='modify' visible='true' lat='57.1886575' lon='14.0510120'/>
  <node id='-2278' version='0' action='modify' visible='true' lat='57.1888575' lon='14.0506890'/>
  <node id='-2279' version='0' action='modify' visible='true' lat='57.1890499' lon='14.0502524'/>
  <node id='-2280' version='0' action='modify' visible='true' lat='57.1891439' lon='14.0499901'/>
  <node id='-2281' version='0' action='modify' visible='true' lat='57.1892076' lon='14.0498122'/>
  <node id='-2282' version='0' action='modify' visible='true' lat='57.1892999' lon='14.0493437'/>
  <node id='-2283' version='0' action='modify' visible='true' lat='57.1894172' lon='14.0487225'/>
  <node id='-2284' version='0' action='modify' visible='true' lat='57.1895019' lon='14.0483427'/>
  <node id='-2285' version='0' action='modify' visible='true' lat='57.1895577' lon='14.0481809'/>
  <node id='-2286' version='0' action='modify' visible='true' lat='57.1895827' lon='14.0481084'/>
  <node id='-2287' version='0' action='modify' visible='true' lat='57.1897075' lon='14.0478017'/>
  <node id='-2288' version='0' action='modify' visible='true' lat='57.1897682' lon='14.0476864'/>
  <node id='-2289' version='0' action='modify' visible='true' lat='57.1898938' lon='14.0477318'/>
  <node id='-2290' version='0' action='modify' visible='true' lat='57.1899947' lon='14.0475457'/>
  <node id='-2291' version='0' action='modify' visible='true' lat='57.1902013' lon='14.0472516'/>
  <node id='-2292' version='0' action='modify' visible='true' lat='57.1903183' lon='14.0471135'/>
  <node id='-2293' version='0' action='modify' visible='true' lat='57.1903953' lon='14.0470438'/>
  <node id='-2294' version='0' action='modify' visible='true' lat='57.1904970' lon='14.0469700'/>
  <node id='-2295' version='0' action='modify' visible='true' lat='57.1905813' lon='14.0469097'/>
  <node id='-2296' version='0' action='modify' visible='true' lat='57.1911248' lon='14.0465201'/>
  <node id='-2297' version='0' action='modify' visible='true' lat='57.1916684' lon='14.0461305'/>
  <node id='-2298' version='0' action='modify' visible='true' lat='57.1919046' lon='14.0459615'/>
  <node id='-2299' version='0' action='modify' visible='true' lat='57.1920332' lon='14.0458958'/>
  <node id='-2300' version='0' action='modify' visible='true' lat='57.1921327' lon='14.0458743'/>
  <node id='-2301' version='0' action='modify' visible='true' lat='57.1922628' lon='14.0458797'/>
  <node id='-2302' version='0' action='modify' visible='true' lat='57.1923903' lon='14.0458986'/>
  <node id='-2303' version='0' action='modify' visible='true' lat='57.1925418' lon='14.0459105'/>
  <node id='-2304' version='0' action='modify' visible='true' lat='57.1926363' lon='14.0459159'/>
  <node id='-2305' version='0' action='modify' visible='true' lat='57.1928428' lon='14.0459167'/>
  <node id='-2306' version='0' action='modify' visible='true' lat='57.1931344' lon='14.0458556'/>
  <node id='-2307' version='0' action='modify' visible='true' lat='57.1934275' lon='14.0457828'/>
  <node id='-2308' version='0' action='modify' visible='true' lat='57.1937190' lon='14.0457147'/>
  <node id='-2309' version='0' action='modify' visible='true' lat='57.1938657' lon='14.0457013'/>
  <node id='-2310' version='0' action='modify' visible='true' lat='57.1939718' lon='14.0456973'/>
  <node id='-2311' version='0' action='modify' visible='true' lat='57.1940800' lon='14.0457159'/>
  <node id='-2312' version='0' action='modify' visible='true' lat='57.1941520' lon='14.0457442'/>
  <node id='-2313' version='0' action='modify' visible='true' lat='57.1942187' lon='14.0457858'/>
  <node id='-2314' version='0' action='modify' visible='true' lat='57.1944141' lon='14.0459399'/>
  <node id='-2315' version='0' action='modify' visible='true' lat='57.1948481' lon='14.0462780'/>
  <node id='-2316' version='0' action='modify' visible='true' lat='57.1951838' lon='14.0465717'/>
  <node id='-2317' version='0' action='modify' visible='true' lat='57.1953267' lon='14.0466934'/>
  <node id='-2318' version='0' action='modify' visible='true' lat='57.1953741' lon='14.0467179'/>
  <node id='-2319' version='0' action='modify' visible='true' lat='57.1954021' lon='14.0467112'/>
  <node id='-2320' version='0' action='modify' visible='true' lat='57.1954155' lon='14.0466971'/>
  <node id='-2321' version='0' action='modify' visible='true' lat='57.1954292' lon='14.0466662'/>
  <node id='-2322' version='0' action='modify' visible='true' lat='57.1954367' lon='14.0466301'/>
  <node id='-2323' version='0' action='modify' visible='true' lat='57.1954399' lon='14.0466150'/>
  <node id='-2324' version='0' action='modify' visible='true' lat='57.1954453' lon='14.0465623'/>
  <node id='-2325' version='0' action='modify' visible='true' lat='57.1955318' lon='14.0465878'/>
  <node id='-2326' version='0' action='modify' visible='true' lat='57.1956360' lon='14.0466121'/>
  <node id='-2327' version='0' action='modify' visible='true' lat='57.1961105' lon='14.0467176'/>
  <node id='-2328' version='0' action='modify' visible='true' lat='57.1964154' lon='14.0468009'/>
  <node id='-2329' version='0' action='modify' visible='true' lat='57.1965730' lon='14.0468439'/>
  <node id='-2330' version='0' action='modify' visible='true' lat='57.1966420' lon='14.0468587'/>
  <node id='-2331' version='0' action='modify' visible='true' lat='57.1968447' lon='14.0469056'/>
  <node id='-2332' version='0' action='modify' visible='true' lat='57.1969950' lon='14.0469379'/>
  <node id='-2333' version='0' action='modify' visible='true' lat='57.1973133' lon='14.0470237'/>
  <node id='-2334' version='0' action='modify' visible='true' lat='57.1978640' lon='14.0471122'/>
  <node id='-2335' version='0' action='modify' visible='true' lat='57.1980805' lon='14.0471336'/>
  <node id='-2336' version='0' action='modify' visible='true' lat='57.1988644' lon='14.0471350'/>
  <node id='-2337' version='0' action='modify' visible='true' lat='57.1995978' lon='14.0471376'/>
  <node id='-2338' version='0' action='modify' visible='true' lat='57.2003312' lon='14.0471403'/>
  <node id='-2339' version='0' action='modify' visible='true' lat='57.2010657' lon='14.0471859'/>
  <node id='-2340' version='0' action='modify' visible='true' lat='57.2011710' lon='14.0472007'/>
  <node id='-2341' version='0' action='modify' visible='true' lat='57.2011979' lon='14.0472127'/>
  <node id='-2342' version='0' action='modify' visible='true' lat='57.2012248' lon='14.0472463'/>
  <node id='-2343' version='0' action='modify' visible='true' lat='57.2012481' lon='14.0472946'/>
  <node id='-2344' version='0' action='modify' visible='true' lat='57.2012691' lon='14.0473683'/>
  <node id='-2345' version='0' action='modify' visible='true' lat='57.2012793' lon='14.0474877'/>
  <node id='-2346' version='0' action='modify' visible='true' lat='57.2012662' lon='14.0481757'/>
  <node id='-2347' version='0' action='modify' visible='true' lat='57.2012604' lon='14.0483701'/>
  <node id='-2348' version='0' action='modify' visible='true' lat='57.2012605' lon='14.0484016'/>
  <node id='-2349' version='0' action='modify' visible='true' lat='57.2012633' lon='14.0490702'/>
  <node id='-2350' version='0' action='modify' visible='true' lat='57.2012488' lon='14.0502007'/>
  <node id='-2351' version='0' action='modify' visible='true' lat='57.2012553' lon='14.0507828'/>
  <node id='-2352' version='0' action='modify' visible='true' lat='57.2012597' lon='14.0510215'/>
  <node id='-2353' version='0' action='modify' visible='true' lat='57.2012786' lon='14.0512508'/>
  <node id='-2354' version='0' action='modify' visible='true' lat='57.2013163' lon='14.0514775'/>
  <node id='-2355' version='0' action='modify' visible='true' lat='57.2013534' lon='14.0516236'/>
  <node id='-2356' version='0' action='modify' visible='true' lat='57.2014101' lon='14.0518221'/>
  <node id='-2357' version='0' action='modify' visible='true' lat='57.2014733' lon='14.0517296'/>
  <node id='-2358' version='0' action='modify' visible='true' lat='57.2015997' lon='14.0516022'/>
  <node id='-2359' version='0' action='modify' visible='true' lat='57.2016658' lon='14.0517645'/>
  <node id='-2360' version='0' action='modify' visible='true' lat='57.2017108' lon='14.0518624'/>
  <node id='-2361' version='0' action='modify' visible='true' lat='57.2017348' lon='14.0518959'/>
  <node id='-2362' version='0' action='modify' visible='true' lat='57.2017602' lon='14.0519133'/>
  <node id='-2363' version='0' action='modify' visible='true' lat='57.2017986' lon='14.0519037'/>
  <node id='-2364' version='0' action='modify' visible='true' lat='57.2018356' lon='14.0519075'/>
  <node id='-2365' version='0' action='modify' visible='true' lat='57.2018793' lon='14.0519187'/>
  <node id='-2366' version='0' action='modify' visible='true' lat='57.2019273' lon='14.0519603'/>
  <node id='-2367' version='0' action='modify' visible='true' lat='57.2019556' lon='14.0520045'/>
  <node id='-2368' version='0' action='modify' visible='true' lat='57.2020123' lon='14.0520622'/>
  <node id='-2369' version='0' action='modify' visible='true' lat='57.2020319' lon='14.0520662'/>
  <node id='-2370' version='0' action='modify' visible='true' lat='57.2020573' lon='14.0520461'/>
  <node id='-2371' version='0' action='modify' visible='true' lat='57.2020777' lon='14.0520005'/>
  <node id='-2372' version='0' action='modify' visible='true' lat='57.2025024' lon='14.0528119'/>
  <node id='-2373' version='0' action='modify' visible='true' lat='57.2029271' lon='14.0536232'/>
  <node id='-2374' version='0' action='modify' visible='true' lat='57.2033518' lon='14.0544346'/>
  <node id='-2375' version='0' action='modify' visible='true' lat='57.2034826' lon='14.0545526'/>
  <node id='-2376' version='0' action='modify' visible='true' lat='57.2041029' lon='14.0547296'/>
  <node id='-2377' version='0' action='modify' visible='true' lat='57.2047233' lon='14.0549067'/>
  <node id='-2378' version='0' action='modify' visible='true' lat='57.2053436' lon='14.0550837'/>
  <node id='-2379' version='0' action='modify' visible='true' lat='57.2055600' lon='14.0551824'/>
  <node id='-2380' version='0' action='modify' visible='true' lat='57.2061455' lon='14.0556574'/>
  <node id='-2381' version='0' action='modify' visible='true' lat='57.2067310' lon='14.0561324'/>
  <node id='-2382' version='0' action='modify' visible='true' lat='57.2072719' lon='14.0564220'/>
  <node id='-2383' version='0' action='modify' visible='true' lat='57.2078128' lon='14.0567115'/>
  <node id='-2384' version='0' action='modify' visible='true' lat='57.2078956' lon='14.0567558'/>
  <node id='-2385' version='0' action='modify' visible='true' lat='57.2085250' lon='14.0570497'/>
  <node id='-2386' version='0' action='modify' visible='true' lat='57.2087182' lon='14.0570766'/>
  <node id='-2387' version='0' action='modify' visible='true' lat='57.2089202' lon='14.0570337'/>
  <node id='-2388' version='0' action='modify' visible='true' lat='57.2094264' lon='14.0566890'/>
  <node id='-2389' version='0' action='modify' visible='true' lat='57.2099326' lon='14.0563443'/>
  <node id='-2390' version='0' action='modify' visible='true' lat='57.2102987' lon='14.0562665'/>
  <node id='-2391' version='0' action='modify' visible='true' lat='57.2109865' lon='14.0562477'/>
  <node id='-2392' version='0' action='modify' visible='true' lat='57.2116742' lon='14.0562289'/>
  <node id='-2393' version='0' action='modify' visible='true' lat='57.2123620' lon='14.0562102'/>
  <node id='-2394' version='0' action='modify' visible='true' lat='57.2130497' lon='14.0561914'/>
  <node id='-2395' version='0' action='modify' visible='true' lat='57.2132908' lon='14.0562773'/>
  <node id='-2396' version='0' action='modify' visible='true' lat='57.2139421' lon='14.0566220'/>
  <node id='-2397' version='0' action='modify' visible='true' lat='57.2145010' lon='14.0570449'/>
  <node id='-2398' version='0' action='modify' visible='true' lat='57.2150598' lon='14.0574677'/>
  <node id='-2399' version='0' action='modify' visible='true' lat='57.2155072' lon='14.0577842'/>
  <node id='-2400' version='0' action='modify' visible='true' lat='57.2159545' lon='14.0581007'/>
  <node id='-2401' version='0' action='modify' visible='true' lat='57.2168249' lon='14.0581320'/>
  <node id='-2402' version='0' action='modify' visible='true' lat='57.2169136' lon='14.0580820'/>
  <node id='-2403' version='0' action='modify' visible='true' lat='57.2169585' lon='14.0580573'/>
  <node id='-2404' version='0' action='modify' visible='true' lat='57.2171630' lon='14.0577472'/>
  <node id='-2405' version='0' action='modify' visible='true' lat='57.2173547' lon='14.0575112'/>
  <node id='-2406' version='0' action='modify' visible='true' lat='57.2175812' lon='14.0571679'/>
  <node id='-2407' version='0' action='modify' visible='true' lat='57.2179356' lon='14.0565993'/>
  <node id='-2408' version='0' action='modify' visible='true' lat='57.2181145' lon='14.0566840'/>
  <node id='-2409' version='0' action='modify' visible='true' lat='57.2185013' lon='14.0574088'/>
  <node id='-2410' version='0' action='modify' visible='true' lat='57.2188882' lon='14.0581335'/>
  <node id='-2411' version='0' action='modify' visible='true' lat='57.2190277' lon='14.0582086'/>
  <node id='-2412' version='0' action='modify' visible='true' lat='57.2194401' lon='14.0582193'/>
  <node id='-2413' version='0' action='modify' visible='true' lat='57.2201255' lon='14.0584983'/>
  <node id='-2414' version='0' action='modify' visible='true' lat='57.2205291' lon='14.0587610'/>
  <node id='-2415' version='0' action='modify' visible='true' lat='57.2207993' lon='14.0587021'/>
  <node id='-2416' version='0' action='modify' visible='true' lat='57.2213453' lon='14.0590562'/>
  <node id='-2417' version='0' action='modify' visible='true' lat='57.2216997' lon='14.0591742'/>
  <node id='-2418' version='0' action='modify' visible='true' lat='57.2221876' lon='14.0596999'/>
  <node id='-2419' version='0' action='modify' visible='true' lat='57.2227858' lon='14.0606333'/>
  <node id='-2420' version='0' action='modify' visible='true' lat='57.2233376' lon='14.0612127'/>
  <node id='-2421' version='0' action='modify' visible='true' lat='57.2235583' lon='14.0612127'/>
  <node id='-2422' version='0' action='modify' visible='true' lat='57.2241043' lon='14.0608693'/>
  <node id='-2423' version='0' action='modify' visible='true' lat='57.2244702' lon='14.0609766'/>
  <node id='-2424' version='0' action='modify' visible='true' lat='57.2249755' lon='14.0612663'/>
  <node id='-2425' version='0' action='modify' visible='true' lat='57.2252775' lon='14.0611376'/>
  <node id='-2426' version='0' action='modify' visible='true' lat='57.2259106' lon='14.0608157'/>
  <node id='-2427' version='0' action='modify' visible='true' lat='57.2261719' lon='14.0608157'/>
  <node id='-2428' version='0' action='modify' visible='true' lat='57.2265146' lon='14.0609337'/>
  <node id='-2429' version='0' action='modify' visible='true' lat='57.2269676' lon='14.0611805'/>
  <node id='-2430' version='0' action='modify' visible='true' lat='57.2273335' lon='14.0615023'/>
  <node id='-2431' version='0' action='modify' visible='true' lat='57.2278097' lon='14.0615882'/>
  <node id='-2432' version='0' action='modify' visible='true' lat='57.2281175' lon='14.0617706'/>
  <node id='-2433' version='0' action='modify' visible='true' lat='57.2285705' lon='14.0622584'/>
  <node id='-2434' version='0' action='modify' visible='true' lat='57.2290234' lon='14.0627463'/>
  <node id='-2435' version='0' action='modify' visible='true' lat='57.2294404' lon='14.0632930'/>
  <node id='-2436' version='0' action='modify' visible='true' lat='57.2299758' lon='14.0642162'/>
  <node id='-2437' version='0' action='modify' visible='true' lat='57.2302720' lon='14.0652354'/>
  <node id='-2438' version='0' action='modify' visible='true' lat='57.2303475' lon='14.0655037'/>
  <node id='-2439' version='0' action='modify' visible='true' lat='57.2304230' lon='14.0662654'/>
  <node id='-2440' version='0' action='modify' visible='true' lat='57.2305507' lon='14.0666516'/>
  <node id='-2441' version='0' action='modify' visible='true' lat='57.2307598' lon='14.0669091'/>
  <node id='-2442' version='0' action='modify' visible='true' lat='57.2309630' lon='14.0673812'/>
  <node id='-2443' version='0' action='modify' visible='true' lat='57.2310676' lon='14.0680678'/>
  <node id='-2444' version='0' action='modify' visible='true' lat='57.2312638' lon='14.0692689'/>
  <node id='-2445' version='0' action='modify' visible='true' lat='57.2315089' lon='14.0700634'/>
  <node id='-2446' version='0' action='modify' visible='true' lat='57.2315960' lon='14.0707715'/>
  <node id='-2447' version='0' action='modify' visible='true' lat='57.2316483' lon='14.0711470'/>
  <node id='-2448' version='0' action='modify' visible='true' lat='57.2317934' lon='14.0714582'/>
  <node id='-2449' version='0' action='modify' visible='true' lat='57.2319676' lon='14.0716191'/>
  <node id='-2450' version='0' action='modify' visible='true' lat='57.2323973' lon='14.0717907'/>
  <node id='-2451' version='0' action='modify' visible='true' lat='57.2327283' lon='14.0718873'/>
  <node id='-2452' version='0' action='modify' visible='true' lat='57.2328793' lon='14.0719195'/>
  <node id='-2453' version='0' action='modify' visible='true' lat='57.2336516' lon='14.0715762'/>
  <node id='-2454' version='0' action='modify' visible='true' lat='57.2340813' lon='14.0715762'/>
  <node id='-2455' version='0' action='modify' visible='true' lat='57.2344413' lon='14.0717049'/>
  <node id='-2456' version='0' action='modify' visible='true' lat='57.2348013' lon='14.0715976'/>
  <node id='-2457' version='0' action='modify' visible='true' lat='57.2352716' lon='14.0714903'/>
  <node id='-2458' version='0' action='modify' visible='true' lat='57.2357361' lon='14.0716942'/>
  <node id='-2459' version='0' action='modify' visible='true' lat='57.2360787' lon='14.0719302'/>
  <node id='-2460' version='0' action='modify' visible='true' lat='57.2364270' lon='14.0724345'/>
  <node id='-2461' version='0' action='modify' visible='true' lat='57.2370309' lon='14.0736576'/>
  <node id='-2462' version='0' action='modify' visible='true' lat='57.2373096' lon='14.0743979'/>
  <node id='-2463' version='0' action='modify' visible='true' lat='57.2373792' lon='14.0748377'/>
  <node id='-2464' version='0' action='modify' visible='true' lat='57.2375418' lon='14.0754064'/>
  <node id='-2465' version='0' action='modify' visible='true' lat='57.2377102' lon='14.0756317'/>
  <node id='-2466' version='0' action='modify' visible='true' lat='57.2384010' lon='14.0761417'/>
  <node id='-2467' version='0' action='modify' visible='true' lat='57.2386089' lon='14.0762641'/>
  <node id='-2468' version='0' action='modify' visible='true' lat='57.2389557' lon='14.0765313'/>
  <node id='-2469' version='0' action='modify' visible='true' lat='57.2390195' lon='14.0765606'/>
  <node id='-2470' version='0' action='modify' visible='true' lat='57.2390929' lon='14.0765876'/>
  <node id='-2471' version='0' action='modify' visible='true' lat='57.2391778' lon='14.0766012'/>
  <node id='-2472' version='0' action='modify' visible='true' lat='57.2399965' lon='14.0767040'/>
  <node id='-2473' version='0' action='modify' visible='true' lat='57.2405852' lon='14.0767789'/>
  <node id='-2474' version='0' action='modify' visible='true' lat='57.2407523' lon='14.0767911'/>
  <node id='-2475' version='0' action='modify' visible='true' lat='57.2409003' lon='14.0767931'/>
  <node id='-2476' version='0' action='modify' visible='true' lat='57.2410195' lon='14.0767863'/>
  <node id='-2477' version='0' action='modify' visible='true' lat='57.2412392' lon='14.0767732'/>
  <node id='-2478' version='0' action='modify' visible='true' lat='57.2414017' lon='14.0767668'/>
  <node id='-2479' version='0' action='modify' visible='true' lat='57.2415395' lon='14.0767599'/>
  <node id='-2480' version='0' action='modify' visible='true' lat='57.2418574' lon='14.0767617'/>
  <node id='-2481' version='0' action='modify' visible='true' lat='57.2422151' lon='14.0767546'/>
  <node id='-2482' version='0' action='modify' visible='true' lat='57.2423820' lon='14.0767480'/>
  <node id='-2483' version='0' action='modify' visible='true' lat='57.2425155' lon='14.0767416'/>
  <node id='-2484' version='0' action='modify' visible='true' lat='57.2426258' lon='14.0767171'/>
  <node id='-2485' version='0' action='modify' visible='true' lat='57.2427220' lon='14.0766818'/>
  <node id='-2486' version='0' action='modify' visible='true' lat='57.2428152' lon='14.0766373'/>
  <node id='-2487' version='0' action='modify' visible='true' lat='57.2428984' lon='14.0765914'/>
  <node id='-2488' version='0' action='modify' visible='true' lat='57.2430122' lon='14.0764953'/>
  <node id='-2489' version='0' action='modify' visible='true' lat='57.2432626' lon='14.0762605'/>
  <node id='-2490' version='0' action='modify' visible='true' lat='57.2434717' lon='14.0760929'/>
  <node id='-2491' version='0' action='modify' visible='true' lat='57.2435535' lon='14.0760051'/>
  <node id='-2492' version='0' action='modify' visible='true' lat='57.2436149' lon='14.0759211'/>
  <node id='-2493' version='0' action='modify' visible='true' lat='57.2436491' lon='14.0758399'/>
  <node id='-2494' version='0' action='modify' visible='true' lat='57.2436859' lon='14.0757055'/>
  <node id='-2495' version='0' action='modify' visible='true' lat='57.2437194' lon='14.0754756'/>
  <node id='-2496' version='0' action='modify' visible='true' lat='57.2437397' lon='14.0752500'/>
  <node id='-2497' version='0' action='modify' visible='true' lat='57.2437569' lon='14.0749590'/>
  <node id='-2498' version='0' action='modify' visible='true' lat='57.2437631' lon='14.0746974'/>
  <node id='-2499' version='0' action='modify' visible='true' lat='57.2437619' lon='14.0745006'/>
  <node id='-2500' version='0' action='modify' visible='true' lat='57.2437440' lon='14.0742823'/>
  <node id='-2501' version='0' action='modify' visible='true' lat='57.2437117' lon='14.0740674'/>
  <node id='-2502' version='0' action='modify' visible='true' lat='57.2436769' lon='14.0738902'/>
  <node id='-2503' version='0' action='modify' visible='true' lat='57.2436310' lon='14.0737154'/>
  <node id='-2504' version='0' action='modify' visible='true' lat='57.2435768' lon='14.0735405'/>
  <node id='-2505' version='0' action='modify' visible='true' lat='57.2434984' lon='14.0733510'/>
  <node id='-2506' version='0' action='modify' visible='true' lat='57.2434449' lon='14.0732493'/>
  <node id='-2507' version='0' action='modify' visible='true' lat='57.2433794' lon='14.0731541'/>
  <node id='-2508' version='0' action='modify' visible='true' lat='57.2432873' lon='14.0730403'/>
  <node id='-2509' version='0' action='modify' visible='true' lat='57.2432030' lon='14.0729484'/>
  <node id='-2510' version='0' action='modify' visible='true' lat='57.2431414' lon='14.0728951'/>
  <node id='-2511' version='0' action='modify' visible='true' lat='57.2430372' lon='14.0728198'/>
  <node id='-2512' version='0' action='modify' visible='true' lat='57.2428804' lon='14.0727139'/>
  <node id='-2513' version='0' action='modify' visible='true' lat='57.2427451' lon='14.0726424'/>
  <node id='-2514' version='0' action='modify' visible='true' lat='57.2427002' lon='14.0726231'/>
  <node id='-2515' version='0' action='modify' visible='true' lat='57.2426560' lon='14.0725844'/>
  <node id='-2516' version='0' action='modify' visible='true' lat='57.2424198' lon='14.0722641'/>
  <node id='-2517' version='0' action='modify' visible='true' lat='57.2421047' lon='14.0718444'/>
  <node id='-2518' version='0' action='modify' visible='true' lat='57.2420726' lon='14.0717690'/>
  <node id='-2519' version='0' action='modify' visible='true' lat='57.2425751' lon='14.0704052'/>
  <node id='-2520' version='0' action='modify' visible='true' lat='57.2430776' lon='14.0690415'/>
  <node id='-2521' version='0' action='modify' visible='true' lat='57.2435801' lon='14.0676777'/>
  <node id='-2522' version='0' action='modify' visible='true' lat='57.2440826' lon='14.0663140'/>
  <node id='-2523' version='0' action='modify' visible='true' lat='57.2445850' lon='14.0649502'/>
  <node id='-2524' version='0' action='modify' visible='true' lat='57.2450875' lon='14.0635865'/>
  <node id='-2525' version='0' action='modify' visible='true' lat='57.2455900' lon='14.0622227'/>
  <node id='-2526' version='0' action='modify' visible='true' lat='57.2460925' lon='14.0608590'/>
  <node id='-2527' version='0' action='modify' visible='true' lat='57.2465950' lon='14.0594952'/>
  <node id='-2528' version='0' action='modify' visible='true' lat='57.2470975' lon='14.0581315'/>
  <node id='-2529' version='0' action='modify' visible='true' lat='57.2476000' lon='14.0567677'/>
  <node id='-2530' version='0' action='modify' visible='true' lat='57.2481025' lon='14.0554040'/>
  <node id='-2531' version='0' action='modify' visible='true' lat='57.2486049' lon='14.0540402'/>
  <node id='-2532' version='0' action='modify' visible='true' lat='57.2491074' lon='14.0526765'/>
  <node id='-2533' version='0' action='modify' visible='true' lat='57.2496099' lon='14.0513127'/>
  <node id='-2534' version='0' action='modify' visible='true' lat='57.2501124' lon='14.0499490'/>
  <node id='-2535' version='0' action='modify' visible='true' lat='57.2506149' lon='14.0485852'/>
  <node id='-2536' version='0' action='modify' visible='true' lat='57.2508592' lon='14.0488715'/>
  <node id='-2537' version='0' action='modify' visible='true' lat='57.2510216' lon='14.0490637'/>
  <node id='-2538' version='0' action='modify' visible='true' lat='57.2513900' lon='14.0494607'/>
  <node id='-2539' version='0' action='modify' visible='true' lat='57.2516892' lon='14.0497578'/>
  <node id='-2540' version='0' action='modify' visible='true' lat='57.2518625' lon='14.0499199'/>
  <node id='-2541' version='0' action='modify' visible='true' lat='57.2522460' lon='14.0502607'/>
  <node id='-2542' version='0' action='modify' visible='true' lat='57.2524488' lon='14.0504241'/>
  <node id='-2543' version='0' action='modify' visible='true' lat='57.2528378' lon='14.0507200'/>
  <node id='-2544' version='0' action='modify' visible='true' lat='57.2533682' lon='14.0510722'/>
  <node id='-2545' version='0' action='modify' visible='true' lat='57.2536437' lon='14.0512324'/>
  <node id='-2546' version='0' action='modify' visible='true' lat='57.2539774' lon='14.0514320'/>
  <node id='-2547' version='0' action='modify' visible='true' lat='57.2544640' lon='14.0517187'/>
  <node id='-2548' version='0' action='modify' visible='true' lat='57.2549933' lon='14.0520363'/>
  <node id='-2549' version='0' action='modify' visible='true' lat='57.2556118' lon='14.0524753'/>
  <node id='-2550' version='0' action='modify' visible='true' lat='57.2559922' lon='14.0527622'/>
  <node id='-2551' version='0' action='modify' visible='true' lat='57.2565173' lon='14.0531914'/>
  <node id='-2552' version='0' action='modify' visible='true' lat='57.2569961' lon='14.0535682'/>
  <node id='-2553' version='0' action='modify' visible='true' lat='57.2574175' lon='14.0538834'/>
  <node id='-2554' version='0' action='modify' visible='true' lat='57.2578360' lon='14.0541865'/>
  <node id='-2555' version='0' action='modify' visible='true' lat='57.2579215' lon='14.0542315'/>
  <node id='-2556' version='0' action='modify' visible='true' lat='57.2580515' lon='14.0543058'/>
  <node id='-2557' version='0' action='modify' visible='true' lat='57.2582415' lon='14.0543836'/>
  <node id='-2558' version='0' action='modify' visible='true' lat='57.2586317' lon='14.0545030'/>
  <node id='-2559' version='0' action='modify' visible='true' lat='57.2588457' lon='14.0545285'/>
  <node id='-2560' version='0' action='modify' visible='true' lat='57.2590800' lon='14.0545459'/>
  <node id='-2561' version='0' action='modify' visible='true' lat='57.2593612' lon='14.0545494'/>
  <node id='-2562' version='0' action='modify' visible='true' lat='57.2594464' lon='14.0545504'/>
  <node id='-2563' version='0' action='modify' visible='true' lat='57.2595188' lon='14.0545513'/>
  <node id='-2564' version='0' action='modify' visible='true' lat='57.2598140' lon='14.0545942'/>
  <node id='-2565' version='0' action='modify' visible='true' lat='57.2599361' lon='14.0546290'/>
  <node id='-2566' version='0' action='modify' visible='true' lat='57.2599837' lon='14.0546425'/>
  <node id='-2567' version='0' action='modify' visible='true' lat='57.2601629' lon='14.0546975'/>
  <node id='-2568' version='0' action='modify' visible='true' lat='57.2603129' lon='14.0547595'/>
  <node id='-2569' version='0' action='modify' visible='true' lat='57.2604748' lon='14.0548316'/>
  <node id='-2570' version='0' action='modify' visible='true' lat='57.2605268' lon='14.0548532'/>
  <node id='-2571' version='0' action='modify' visible='true' lat='57.2607179' lon='14.0549370'/>
  <node id='-2572' version='0' action='modify' visible='true' lat='57.2609078' lon='14.0550231'/>
  <node id='-2573' version='0' action='modify' visible='true' lat='57.2609273' lon='14.0550341'/>
  <node id='-2574' version='0' action='modify' visible='true' lat='57.2609508' lon='14.0550439'/>
  <node id='-2575' version='0' action='modify' visible='true' lat='57.2611461' lon='14.0551257'/>
  <node id='-2576' version='0' action='modify' visible='true' lat='57.2612635' lon='14.0551795'/>
  <node id='-2577' version='0' action='modify' visible='true' lat='57.2613759' lon='14.0552284'/>
  <node id='-2578' version='0' action='modify' visible='true' lat='57.2614321' lon='14.0552527'/>
  <node id='-2579' version='0' action='modify' visible='true' lat='57.2617012' lon='14.0553546'/>
  <node id='-2580' version='0' action='modify' visible='true' lat='57.2618514' lon='14.0553881'/>
  <node id='-2581' version='0' action='modify' visible='true' lat='57.2619475' lon='14.0554105'/>
  <node id='-2582' version='0' action='modify' visible='true' lat='57.2621755' lon='14.0554293'/>
  <node id='-2583' version='0' action='modify' visible='true' lat='57.2624164' lon='14.0554484'/>
  <node id='-2584' version='0' action='modify' visible='true' lat='57.2624142' lon='14.0555316'/>
  <node id='-2585' version='0' action='modify' visible='true' lat='57.2624174' lon='14.0557120'/>
  <node id='-2586' version='0' action='modify' visible='true' lat='57.2624248' lon='14.0557834'/>
  <node id='-2587' version='0' action='modify' visible='true' lat='57.2624352' lon='14.0558441'/>
  <node id='-2588' version='0' action='modify' visible='true' lat='57.2624462' lon='14.0559091'/>
  <node id='-2589' version='0' action='modify' visible='true' lat='57.2624631' lon='14.0559688'/>
  <node id='-2590' version='0' action='modify' visible='true' lat='57.2624827' lon='14.0560208'/>
  <node id='-2591' version='0' action='modify' visible='true' lat='57.2625023' lon='14.0560567'/>
  <node id='-2592' version='0' action='modify' visible='true' lat='57.2625379' lon='14.0561160'/>
  <node id='-2593' version='0' action='modify' visible='true' lat='57.2625705' lon='14.0561646'/>
  <node id='-2594' version='0' action='modify' visible='true' lat='57.2626263' lon='14.0562387'/>
  <node id='-2595' version='0' action='modify' visible='true' lat='57.2626920' lon='14.0563026'/>
  <node id='-2596' version='0' action='modify' visible='true' lat='57.2627590' lon='14.0563611'/>
  <node id='-2597' version='0' action='modify' visible='true' lat='57.2629777' lon='14.0565254'/>
  <node id='-2598' version='0' action='modify' visible='true' lat='57.2631336' lon='14.0566488'/>
  <node id='-2599' version='0' action='modify' visible='true' lat='57.2632150' lon='14.0567082'/>
  <node id='-2600' version='0' action='modify' visible='true' lat='57.2633037' lon='14.0567771'/>
  <node id='-2601' version='0' action='modify' visible='true' lat='57.2633480' lon='14.0568169'/>
  <node id='-2602' version='0' action='modify' visible='true' lat='57.2633948' lon='14.0568717'/>
  <node id='-2603' version='0' action='modify' visible='true' lat='57.2634313' lon='14.0569313'/>
  <node id='-2604' version='0' action='modify' visible='true' lat='57.2634538' lon='14.0569906'/>
  <node id='-2605' version='0' action='modify' visible='true' lat='57.2634738' lon='14.0570712'/>
  <node id='-2606' version='0' action='modify' visible='true' lat='57.2634882' lon='14.0572161'/>
  <node id='-2607' version='0' action='modify' visible='true' lat='57.2634924' lon='14.0573020'/>
  <node id='-2608' version='0' action='modify' visible='true' lat='57.2634967' lon='14.0573932'/>
  <node id='-2609' version='0' action='modify' visible='true' lat='57.2635004' lon='14.0582312'/>
  <node id='-2610' version='0' action='modify' visible='true' lat='57.2635040' lon='14.0590691'/>
  <node id='-2611' version='0' action='modify' visible='true' lat='57.2635076' lon='14.0603027'/>
  <node id='-2612' version='0' action='modify' visible='true' lat='57.2635112' lon='14.0615362'/>
  <node id='-2613' version='0' action='modify' visible='true' lat='57.2635185' lon='14.0631033'/>
  <node id='-2614' version='0' action='modify' visible='true' lat='57.2635218' lon='14.0639921'/>
  <node id='-2615' version='0' action='modify' visible='true' lat='57.2635251' lon='14.0648809'/>
  <node id='-2616' version='0' action='modify' visible='true' lat='57.2635211' lon='14.0659355'/>
  <node id='-2617' version='0' action='modify' visible='true' lat='57.2635170' lon='14.0669900'/>
  <node id='-2618' version='0' action='modify' visible='true' lat='57.2635181' lon='14.0671339'/>
  <node id='-2619' version='0' action='modify' visible='true' lat='57.2636574' lon='14.0680512'/>
  <node id='-2620' version='0' action='modify' visible='true' lat='57.2637966' lon='14.0689685'/>
  <node id='-2621' version='0' action='modify' visible='true' lat='57.2640528' lon='14.0701975'/>
  <node id='-2622' version='0' action='modify' visible='true' lat='57.2643089' lon='14.0714265'/>
  <node id='-2623' version='0' action='modify' visible='true' lat='57.2644394' lon='14.0723224'/>
  <node id='-2624' version='0' action='modify' visible='true' lat='57.2645700' lon='14.0732182'/>
  <node id='-2625' version='0' action='modify' visible='true' lat='57.2647557' lon='14.0748061'/>
  <node id='-2626' version='0' action='modify' visible='true' lat='57.2648632' lon='14.0754298'/>
  <node id='-2627' version='0' action='modify' visible='true' lat='57.2649239' lon='14.0757824'/>
  <node id='-2628' version='0' action='modify' visible='true' lat='57.2651792' lon='14.0767426'/>
  <node id='-2629' version='0' action='modify' visible='true' lat='57.2654345' lon='14.0777029'/>
  <node id='-2630' version='0' action='modify' visible='true' lat='57.2656897' lon='14.0788294'/>
  <node id='-2631' version='0' action='modify' visible='true' lat='57.2659450' lon='14.0799559'/>
  <node id='-2632' version='0' action='modify' visible='true' lat='57.2660985' lon='14.0810999'/>
  <node id='-2633' version='0' action='modify' visible='true' lat='57.2662519' lon='14.0822438'/>
  <node id='-2634' version='0' action='modify' visible='true' lat='57.2663964' lon='14.0833628'/>
  <node id='-2635' version='0' action='modify' visible='true' lat='57.2665394' lon='14.0844593'/>
  <node id='-2636' version='0' action='modify' visible='true' lat='57.2666632' lon='14.0851727'/>
  <node id='-2637' version='0' action='modify' visible='true' lat='57.2667176' lon='14.0854530'/>
  <node id='-2638' version='0' action='modify' visible='true' lat='57.2668235' lon='14.0858969'/>
  <node id='-2639' version='0' action='modify' visible='true' lat='57.2669177' lon='14.0862510'/>
  <node id='-2640' version='0' action='modify' visible='true' lat='57.2672161' lon='14.0872069'/>
  <node id='-2641' version='0' action='modify' visible='true' lat='57.2675523' lon='14.0882753'/>
  <node id='-2642' version='0' action='modify' visible='true' lat='57.2678885' lon='14.0893437'/>
  <node id='-2643' version='0' action='modify' visible='true' lat='57.2681843' lon='14.0902127'/>
  <node id='-2644' version='0' action='modify' visible='true' lat='57.2684802' lon='14.0910818'/>
  <node id='-2645' version='0' action='modify' visible='true' lat='57.2687158' lon='14.0919656'/>
  <node id='-2646' version='0' action='modify' visible='true' lat='57.2688920' lon='14.0926267'/>
  <node id='-2647' version='0' action='modify' visible='true' lat='57.2690830' lon='14.0934728'/>
  <node id='-2648' version='0' action='modify' visible='true' lat='57.2692926' lon='14.0944853'/>
  <node id='-2649' version='0' action='modify' visible='true' lat='57.2694528' lon='14.0954013'/>
  <node id='-2650' version='0' action='modify' visible='true' lat='57.2695783' lon='14.0962583'/>
  <node id='-2651' version='0' action='modify' visible='true' lat='57.2696639' lon='14.0969181'/>
  <node id='-2652' version='0' action='modify' visible='true' lat='57.2698002' lon='14.0983786'/>
  <node id='-2653' version='0' action='modify' visible='true' lat='57.2698437' lon='14.0989271'/>
  <node id='-2654' version='0' action='modify' visible='true' lat='57.2699662' lon='14.1003875'/>
  <node id='-2655' version='0' action='modify' visible='true' lat='57.2700402' lon='14.1010675'/>
  <node id='-2656' version='0' action='modify' visible='true' lat='57.2701076' lon='14.1014792'/>
  <node id='-2657' version='0' action='modify' visible='true' lat='57.2701714' lon='14.1018051'/>
  <node id='-2658' version='0' action='modify' visible='true' lat='57.2705105' lon='14.1030444'/>
  <node id='-2659' version='0' action='modify' visible='true' lat='57.2708204' lon='14.1040716'/>
  <node id='-2660' version='0' action='modify' visible='true' lat='57.2710089' lon='14.1047408'/>
  <node id='-2661' version='0' action='modify' visible='true' lat='57.2712141' lon='14.1056554'/>
  <node id='-2662' version='0' action='modify' visible='true' lat='57.2714908' lon='14.1069712'/>
  <node id='-2663' version='0' action='modify' visible='true' lat='57.2716260' lon='14.1075705'/>
  <node id='-2664' version='0' action='modify' visible='true' lat='57.2719473' lon='14.1090729'/>
  <node id='-2665' version='0' action='modify' visible='true' lat='57.2720190' lon='14.1093890'/>
  <node id='-2666' version='0' action='modify' visible='true' lat='57.2721690' lon='14.1101347'/>
  <node id='-2667' version='0' action='modify' visible='true' lat='57.2722075' lon='14.1104177'/>
  <node id='-2668' version='0' action='modify' visible='true' lat='57.2722575' lon='14.1108870'/>
  <node id='-2669' version='0' action='modify' visible='true' lat='57.2722735' lon='14.1112652'/>
  <node id='-2670' version='0' action='modify' visible='true' lat='57.2722829' lon='14.1116931'/>
  <node id='-2671' version='0' action='modify' visible='true' lat='57.2722691' lon='14.1120753'/>
  <node id='-2672' version='0' action='modify' visible='true' lat='57.2722488' lon='14.1123462'/>
  <node id='-2673' version='0' action='modify' visible='true' lat='57.2722053' lon='14.1127579'/>
  <node id='-2674' version='0' action='modify' visible='true' lat='57.2721480' lon='14.1131133'/>
  <node id='-2675' version='0' action='modify' visible='true' lat='57.2720791' lon='14.1134821'/>
  <node id='-2676' version='0' action='modify' visible='true' lat='57.2719733' lon='14.1139515'/>
  <node id='-2677' version='0' action='modify' visible='true' lat='57.2718853' lon='14.1143204'/>
  <node id='-2678' version='0' action='modify' visible='true' lat='57.2718283' lon='14.1145831'/>
  <node id='-2679' version='0' action='modify' visible='true' lat='57.2716869' lon='14.1150847'/>
  <node id='-2680' version='0' action='modify' visible='true' lat='57.2716035' lon='14.1153623'/>
  <node id='-2681' version='0' action='modify' visible='true' lat='57.2714186' lon='14.1158853'/>
  <node id='-2682' version='0' action='modify' visible='true' lat='57.2712823' lon='14.1162139'/>
  <node id='-2683' version='0' action='modify' visible='true' lat='57.2708262' lon='14.1173002'/>
  <node id='-2684' version='0' action='modify' visible='true' lat='57.2705416' lon='14.1179674'/>
  <node id='-2685' version='0' action='modify' visible='true' lat='57.2702570' lon='14.1186346'/>
  <node id='-2686' version='0' action='modify' visible='true' lat='57.2701278' lon='14.1188909'/>
  <node id='-2687' version='0' action='modify' visible='true' lat='57.2696617' lon='14.1200240'/>
  <node id='-2688' version='0' action='modify' visible='true' lat='57.2694449' lon='14.1205229'/>
  <node id='-2689' version='0' action='modify' visible='true' lat='57.2690656' lon='14.1213678'/>
  <node id='-2690' version='0' action='modify' visible='true' lat='57.2686958' lon='14.1221376'/>
  <node id='-2691' version='0' action='modify' visible='true' lat='57.2684986' lon='14.1225399'/>
  <node id='-2692' version='0' action='modify' visible='true' lat='57.2682926' lon='14.1229275'/>
  <node id='-2693' version='0' action='modify' visible='true' lat='57.2679054' lon='14.1236114'/>
  <node id='-2694' version='0' action='modify' visible='true' lat='57.2674735' lon='14.1243196'/>
  <node id='-2695' version='0' action='modify' visible='true' lat='57.2670416' lon='14.1250278'/>
  <node id='-2696' version='0' action='modify' visible='true' lat='57.2664992' lon='14.1259183'/>
  <node id='-2697' version='0' action='modify' visible='true' lat='57.2660192' lon='14.1267054'/>
  <node id='-2698' version='0' action='modify' visible='true' lat='57.2658894' lon='14.1269186'/>
  <node id='-2699' version='0' action='modify' visible='true' lat='57.2657930' lon='14.1270299'/>
  <node id='-2700' version='0' action='modify' visible='true' lat='57.2657444' lon='14.1270648'/>
  <node id='-2701' version='0' action='modify' visible='true' lat='57.2656791' lon='14.1270889'/>
  <node id='-2702' version='0' action='modify' visible='true' lat='57.2655747' lon='14.1270889'/>
  <node id='-2703' version='0' action='modify' visible='true' lat='57.2654812' lon='14.1270567'/>
  <node id='-2704' version='0' action='modify' visible='true' lat='57.2649663' lon='14.1269079'/>
  <node id='-2705' version='0' action='modify' visible='true' lat='57.2648167' lon='14.1268678'/>
  <node id='-2706' version='0' action='modify' visible='true' lat='57.2643294' lon='14.1267444'/>
  <node id='-2707' version='0' action='modify' visible='true' lat='57.2640741' lon='14.1269161'/>
  <node id='-2708' version='0' action='modify' visible='true' lat='57.2638710' lon='14.1272218'/>
  <node id='-2709' version='0' action='modify' visible='true' lat='57.2633692' lon='14.1283269'/>
  <node id='-2710' version='0' action='modify' visible='true' lat='57.2629921' lon='14.1291423'/>
  <node id='-2711' version='0' action='modify' visible='true' lat='57.2628615' lon='14.1295500'/>
  <node id='-2712' version='0' action='modify' visible='true' lat='57.2628354' lon='14.1297807'/>
  <node id='-2713' version='0' action='modify' visible='true' lat='57.2628412' lon='14.1301025'/>
  <node id='-2714' version='0' action='modify' visible='true' lat='57.2629398' lon='14.1306926'/>
  <node id='-2715' version='0' action='modify' visible='true' lat='57.2630569' lon='14.1310563'/>
  <node id='-2716' version='0' action='modify' visible='true' lat='57.2631806' lon='14.1314061'/>
  <node id='-2717' version='0' action='modify' visible='true' lat='57.2636081' lon='14.1323384'/>
  <node id='-2718' version='0' action='modify' visible='true' lat='57.2638826' lon='14.1330637'/>
  <node id='-2719' version='0' action='modify' visible='true' lat='57.2640741' lon='14.1336967'/>
  <node id='-2720' version='0' action='modify' visible='true' lat='57.2642714' lon='14.1343672'/>
  <node id='-2721' version='0' action='modify' visible='true' lat='57.2643246' lon='14.1349294'/>
  <node id='-2722' version='0' action='modify' visible='true' lat='57.2642830' lon='14.1357030'/>
  <node id='-2723' version='0' action='modify' visible='true' lat='57.2641698' lon='14.1362823'/>
  <node id='-2724' version='0' action='modify' visible='true' lat='57.2639030' lon='14.1370763'/>
  <node id='-2725' version='0' action='modify' visible='true' lat='57.2635936' lon='14.1378691'/>
  <node id='-2726' version='0' action='modify' visible='true' lat='57.2632909' lon='14.1386159'/>
  <node id='-2727' version='0' action='modify' visible='true' lat='57.2630733' lon='14.1394420'/>
  <node id='-2728' version='0' action='modify' visible='true' lat='57.2629775' lon='14.1401018'/>
  <node id='-2729' version='0' action='modify' visible='true' lat='57.2628238' lon='14.1412873'/>
  <node id='-2730' version='0' action='modify' visible='true' lat='57.2626671' lon='14.1423870'/>
  <node id='-2731' version='0' action='modify' visible='true' lat='57.2625888' lon='14.1429020'/>
  <node id='-2732' version='0' action='modify' visible='true' lat='57.2624060' lon='14.1435672'/>
  <node id='-2733' version='0' action='modify' visible='true' lat='57.2619883' lon='14.1449620'/>
  <node id='-2734' version='0' action='modify' visible='true' lat='57.2616866' lon='14.1459919'/>
  <node id='-2735' version='0' action='modify' visible='true' lat='57.2615647' lon='14.1464211'/>
  <node id='-2736' version='0' action='modify' visible='true' lat='57.2613830' lon='14.1468867'/>
  <node id='-2737' version='0' action='modify' visible='true' lat='57.2611702' lon='14.1472365'/>
  <node id='-2738' version='0' action='modify' visible='true' lat='57.2607679' lon='14.1477075'/>
  <node id='-2739' version='0' action='modify' visible='true' lat='57.2607004' lon='14.1478353'/>
  <node id='-2740' version='0' action='modify' visible='true' lat='57.2605464' lon='14.1481270'/>
  <node id='-2741' version='0' action='modify' visible='true' lat='57.2604285' lon='14.1485390'/>
  <node id='-2742' version='0' action='modify' visible='true' lat='57.2604096' lon='14.1486491'/>
  <node id='-2743' version='0' action='modify' visible='true' lat='57.2603564' lon='14.1489579'/>
  <node id='-2744' version='0' action='modify' visible='true' lat='57.2601808' lon='14.1500971'/>
  <node id='-2745' version='0' action='modify' visible='true' lat='57.2600053' lon='14.1512364'/>
  <node id='-2746' version='0' action='modify' visible='true' lat='57.2598297' lon='14.1523756'/>
  <node id='-2747' version='0' action='modify' visible='true' lat='57.2591367' lon='14.1523180'/>
  <node id='-2748' version='0' action='modify' visible='true' lat='57.2592403' lon='14.1531541'/>
  <node id='-2749' version='0' action='modify' visible='true' lat='57.2593440' lon='14.1539902'/>
  <node id='-2750' version='0' action='modify' visible='true' lat='57.2593828' lon='14.1543027'/>
  <node id='-2751' version='0' action='modify' visible='true' lat='57.2595801' lon='14.1558941'/>
  <node id='-2752' version='0' action='modify' visible='true' lat='57.2597295' lon='14.1571905'/>
  <node id='-2753' version='0' action='modify' visible='true' lat='57.2598789' lon='14.1584869'/>
  <node id='-2754' version='0' action='modify' visible='true' lat='57.2599677' lon='14.1594622'/>
  <node id='-2755' version='0' action='modify' visible='true' lat='57.2599592' lon='14.1596845'/>
  <node id='-2756' version='0' action='modify' visible='true' lat='57.2599481' lon='14.1599750'/>
  <node id='-2757' version='0' action='modify' visible='true' lat='57.2598885' lon='14.1603115'/>
  <node id='-2758' version='0' action='modify' visible='true' lat='57.2598644' lon='14.1604476'/>
  <node id='-2759' version='0' action='modify' visible='true' lat='57.2596136' lon='14.1613904'/>
  <node id='-2760' version='0' action='modify' visible='true' lat='57.2593773' lon='14.1622179'/>
  <node id='-2761' version='0' action='modify' visible='true' lat='57.2591410' lon='14.1630454'/>
  <node id='-2762' version='0' action='modify' visible='true' lat='57.2588004' lon='14.1642380'/>
  <node id='-2763' version='0' action='modify' visible='true' lat='57.2585879' lon='14.1649820'/>
  <node id='-2764' version='0' action='modify' visible='true' lat='57.2583558' lon='14.1657544'/>
  <node id='-2765' version='0' action='modify' visible='true' lat='57.2582395' lon='14.1660037'/>
  <node id='-2766' version='0' action='modify' visible='true' lat='57.2580545' lon='14.1664005'/>
  <node id='-2767' version='0' action='modify' visible='true' lat='57.2576653' lon='14.1672350'/>
  <node id='-2768' version='0' action='modify' visible='true' lat='57.2571187' lon='14.1684827'/>
  <node id='-2769' version='0' action='modify' visible='true' lat='57.2570966' lon='14.1685332'/>
  <node id='-2770' version='0' action='modify' visible='true' lat='57.2567717' lon='14.1695095'/>
  <node id='-2771' version='0' action='modify' visible='true' lat='57.2563655' lon='14.1709863'/>
  <node id='-2772' version='0' action='modify' visible='true' lat='57.2563057' lon='14.1712036'/>
  <node id='-2773' version='0' action='modify' visible='true' lat='57.2561180' lon='14.1722395'/>
  <node id='-2774' version='0' action='modify' visible='true' lat='57.2559302' lon='14.1732754'/>
  <node id='-2775' version='0' action='modify' visible='true' lat='57.2557677' lon='14.1745200'/>
  <node id='-2776' version='0' action='modify' visible='true' lat='57.2556052' lon='14.1757645'/>
  <node id='-2777' version='0' action='modify' visible='true' lat='57.2555356' lon='14.1766174'/>
  <node id='-2778' version='0' action='modify' visible='true' lat='57.2554660' lon='14.1774703'/>
  <node id='-2779' version='0' action='modify' visible='true' lat='57.2554167' lon='14.1783393'/>
  <node id='-2780' version='0' action='modify' visible='true' lat='57.2553673' lon='14.1792084'/>
  <node id='-2781' version='0' action='modify' visible='true' lat='57.2553267' lon='14.1801311'/>
  <node id='-2782' version='0' action='modify' visible='true' lat='57.2552106' lon='14.1806783'/>
  <node id='-2783' version='0' action='modify' visible='true' lat='57.2547356' lon='14.1820129'/>
  <node id='-2784' version='0' action='modify' visible='true' lat='57.2553438' lon='14.1828122'/>
  <node id='-2785' version='0' action='modify' visible='true' lat='57.2559520' lon='14.1836115'/>
  <node id='-2786' version='0' action='modify' visible='true' lat='57.2565602' lon='14.1844108'/>
  <node id='-2787' version='0' action='modify' visible='true' lat='57.2571056' lon='14.1852477'/>
  <node id='-2788' version='0' action='modify' visible='true' lat='57.2576511' lon='14.1860845'/>
  <node id='-2789' version='0' action='modify' visible='true' lat='57.2581907' lon='14.1869321'/>
  <node id='-2790' version='0' action='modify' visible='true' lat='57.2587304' lon='14.1877796'/>
  <node id='-2791' version='0' action='modify' visible='true' lat='57.2592700' lon='14.1886272'/>
  <node id='-2792' version='0' action='modify' visible='true' lat='57.2598097' lon='14.1894748'/>
  <node id='-2793' version='0' action='modify' visible='true' lat='57.2603551' lon='14.1903209'/>
  <node id='-2794' version='0' action='modify' visible='true' lat='57.2609005' lon='14.1911670'/>
  <node id='-2795' version='0' action='modify' visible='true' lat='57.2614498' lon='14.1920192'/>
  <node id='-2796' version='0' action='modify' visible='true' lat='57.2619991' lon='14.1928713'/>
  <node id='-2797' version='0' action='modify' visible='true' lat='57.2625484' lon='14.1937235'/>
  <node id='-2798' version='0' action='modify' visible='true' lat='57.2631648' lon='14.1947678'/>
  <node id='-2799' version='0' action='modify' visible='true' lat='57.2634795' lon='14.1953257'/>
  <node id='-2800' version='0' action='modify' visible='true' lat='57.2638248' lon='14.1960847'/>
  <node id='-2801' version='0' action='modify' visible='true' lat='57.2640815' lon='14.1967043'/>
  <node id='-2802' version='0' action='modify' visible='true' lat='57.2643585' lon='14.1974956'/>
  <node id='-2803' version='0' action='modify' visible='true' lat='57.2645906' lon='14.1982788'/>
  <node id='-2804' version='0' action='modify' visible='true' lat='57.2647821' lon='14.1990110'/>
  <node id='-2805' version='0' action='modify' visible='true' lat='57.2649140' lon='14.1996279'/>
  <node id='-2806' version='0' action='modify' visible='true' lat='57.2650881' lon='14.2005613'/>
  <node id='-2807' version='0' action='modify' visible='true' lat='57.2652157' lon='14.2014599'/>
  <node id='-2808' version='0' action='modify' visible='true' lat='57.2653042' lon='14.2022672'/>
  <node id='-2809' version='0' action='modify' visible='true' lat='57.2653550' lon='14.2029700'/>
  <node id='-2810' version='0' action='modify' visible='true' lat='57.2653927' lon='14.2038980'/>
  <node id='-2811' version='0' action='modify' visible='true' lat='57.2654405' lon='14.2050125'/>
  <node id='-2812' version='0' action='modify' visible='true' lat='57.2655074' lon='14.2065496'/>
  <node id='-2813' version='0' action='modify' visible='true' lat='57.2655743' lon='14.2080867'/>
  <node id='-2814' version='0' action='modify' visible='true' lat='57.2656412' lon='14.2096238'/>
  <node id='-2815' version='0' action='modify' visible='true' lat='57.2657081' lon='14.2111610'/>
  <node id='-2816' version='0' action='modify' visible='true' lat='57.2657750' lon='14.2126981'/>
  <node id='-2817' version='0' action='modify' visible='true' lat='57.2658419' lon='14.2142352'/>
  <node id='-2818' version='0' action='modify' visible='true' lat='57.2659088' lon='14.2157723'/>
  <node id='-2819' version='0' action='modify' visible='true' lat='57.2655734' lon='14.2158570'/>
  <node id='-2820' version='0' action='modify' visible='true' lat='57.2653646' lon='14.2160072'/>
  <node id='-2821' version='0' action='modify' visible='true' lat='57.2652253' lon='14.2163505'/>
  <node id='-2822' version='0' action='modify' visible='true' lat='57.2649432' lon='14.2175508'/>
  <node id='-2823' version='0' action='modify' visible='true' lat='57.2646610' lon='14.2187510'/>
  <node id='-2824' version='0' action='modify' visible='true' lat='57.2643789' lon='14.2199513'/>
  <node id='-2825' version='0' action='modify' visible='true' lat='57.2641816' lon='14.2207905'/>
  <node id='-2826' version='0' action='modify' visible='true' lat='57.2639844' lon='14.2216297'/>
  <node id='-2827' version='0' action='modify' visible='true' lat='57.2636687' lon='14.2229728'/>
  <node id='-2828' version='0' action='modify' visible='true' lat='57.2633529' lon='14.2243160'/>
  <node id='-2829' version='0' action='modify' visible='true' lat='57.2630372' lon='14.2256591'/>
  <node id='-2830' version='0' action='modify' visible='true' lat='57.2627214' lon='14.2270023'/>
  <node id='-2831' version='0' action='modify' visible='true' lat='57.2624057' lon='14.2283454'/>
  <node id='-2832' version='0' action='modify' visible='true' lat='57.2620576' lon='14.2292895'/>
  <node id='-2833' version='0' action='modify' visible='true' lat='57.2617094' lon='14.2302336'/>
  <node id='-2834' version='0' action='modify' visible='true' lat='57.2613729' lon='14.2308988'/>
  <node id='-2835' version='0' action='modify' visible='true' lat='57.2608855' lon='14.2315640'/>
  <node id='-2836' version='0' action='modify' visible='true' lat='57.2605489' lon='14.2322069'/>
  <node id='-2837' version='0' action='modify' visible='true' lat='57.2604583' lon='14.2323727'/>
  <node id='-2838' version='0' action='modify' visible='true' lat='57.2601090' lon='14.2331271'/>
  <node id='-2839' version='0' action='modify' visible='true' lat='57.2597598' lon='14.2338814'/>
  <node id='-2840' version='0' action='modify' visible='true' lat='57.2595495' lon='14.2342315'/>
  <node id='-2841' version='0' action='modify' visible='true' lat='57.2596089' lon='14.2344393'/>
  <node id='-2842' version='0' action='modify' visible='true' lat='57.2596228' lon='14.2346231'/>
  <node id='-2843' version='0' action='modify' visible='true' lat='57.2594581' lon='14.2355766'/>
  <node id='-2844' version='0' action='modify' visible='true' lat='57.2593420' lon='14.2366280'/>
  <node id='-2845' version='0' action='modify' visible='true' lat='57.2592956' lon='14.2382373'/>
  <node id='-2846' version='0' action='modify' visible='true' lat='57.2593710' lon='14.2397179'/>
  <node id='-2847' version='0' action='modify' visible='true' lat='57.2594464' lon='14.2411985'/>
  <node id='-2848' version='0' action='modify' visible='true' lat='57.2595219' lon='14.2426791'/>
  <node id='-2849' version='0' action='modify' visible='true' lat='57.2595973' lon='14.2441597'/>
  <node id='-2850' version='0' action='modify' visible='true' lat='57.2596344' lon='14.2455158'/>
  <node id='-2851' version='0' action='modify' visible='true' lat='57.2596716' lon='14.2468719'/>
  <node id='-2852' version='0' action='modify' visible='true' lat='57.2597087' lon='14.2482281'/>
  <node id='-2853' version='0' action='modify' visible='true' lat='57.2597459' lon='14.2495842'/>
  <node id='-2854' version='0' action='modify' visible='true' lat='57.2597830' lon='14.2509403'/>
  <node id='-2855' version='0' action='modify' visible='true' lat='57.2598326' lon='14.2524656'/>
  <node id='-2856' version='0' action='modify' visible='true' lat='57.2598822' lon='14.2539909'/>
  <node id='-2857' version='0' action='modify' visible='true' lat='57.2599331' lon='14.2554830'/>
  <node id='-2858' version='0' action='modify' visible='true' lat='57.2599840' lon='14.2569751'/>
  <node id='-2859' version='0' action='modify' visible='true' lat='57.2600348' lon='14.2584672'/>
  <node id='-2860' version='0' action='modify' visible='true' lat='57.2600857' lon='14.2599593'/>
  <node id='-2861' version='0' action='modify' visible='true' lat='57.2601366' lon='14.2614514'/>
  <node id='-2862' version='0' action='modify' visible='true' lat='57.2601875' lon='14.2629435'/>
  <node id='-2863' version='0' action='modify' visible='true' lat='57.2602383' lon='14.2644356'/>
  <node id='-2864' version='0' action='modify' visible='true' lat='57.2602892' lon='14.2659277'/>
  <node id='-2865' version='0' action='modify' visible='true' lat='57.2603401' lon='14.2674198'/>
  <node id='-2866' version='0' action='modify' visible='true' lat='57.2603865' lon='14.2683532'/>
  <node id='-2867' version='0' action='modify' visible='true' lat='57.2604329' lon='14.2692866'/>
  <node id='-2868' version='0' action='modify' visible='true' lat='57.2605547' lon='14.2702737'/>
  <node id='-2869' version='0' action='modify' visible='true' lat='57.2606766' lon='14.2712607'/>
  <node id='-2870' version='0' action='modify' visible='true' lat='57.2608332' lon='14.2721083'/>
  <node id='-2871' version='0' action='modify' visible='true' lat='57.2609899' lon='14.2729559'/>
  <node id='-2872' version='0' action='modify' visible='true' lat='57.2612104' lon='14.2737820'/>
  <node id='-2873' version='0' action='modify' visible='true' lat='57.2614309' lon='14.2746081'/>
  <node id='-2874' version='0' action='modify' visible='true' lat='57.2618487' lon='14.2759921'/>
  <node id='-2875' version='0' action='modify' visible='true' lat='57.2622664' lon='14.2773761'/>
  <node id='-2876' version='0' action='modify' visible='true' lat='57.2626900' lon='14.2786958'/>
  <node id='-2877' version='0' action='modify' visible='true' lat='57.2631135' lon='14.2800154'/>
  <node id='-2878' version='0' action='modify' visible='true' lat='57.2635312' lon='14.2809273'/>
  <node id='-2879' version='0' action='modify' visible='true' lat='57.2639490' lon='14.2818393'/>
  <node id='-2880' version='0' action='modify' visible='true' lat='57.2644943' lon='14.2827727'/>
  <node id='-2881' version='0' action='modify' visible='true' lat='57.2650397' lon='14.2837062'/>
  <node id='-2882' version='0' action='modify' visible='true' lat='57.2655735' lon='14.2844250'/>
  <node id='-2883' version='0' action='modify' visible='true' lat='57.2661072' lon='14.2851438'/>
  <node id='-2884' version='0' action='modify' visible='true' lat='57.2667453' lon='14.2857232'/>
  <node id='-2885' version='0' action='modify' visible='true' lat='57.2673835' lon='14.2863025'/>
  <node id='-2886' version='0' action='modify' visible='true' lat='57.2680216' lon='14.2868819'/>
  <node id='-2887' version='0' action='modify' visible='true' lat='57.2687525' lon='14.2874570'/>
  <node id='-2888' version='0' action='modify' visible='true' lat='57.2694834' lon='14.2880320'/>
  <node id='-2889' version='0' action='modify' visible='true' lat='57.2702144' lon='14.2886071'/>
  <node id='-2890' version='0' action='modify' visible='true' lat='57.2709453' lon='14.2891821'/>
  <node id='-2891' version='0' action='modify' visible='true' lat='57.2716762' lon='14.2897572'/>
  <node id='-2892' version='0' action='modify' visible='true' lat='57.2724419' lon='14.2902364'/>
  <node id='-2893' version='0' action='modify' visible='true' lat='57.2732075' lon='14.2907157'/>
  <node id='-2894' version='0' action='modify' visible='true' lat='57.2739732' lon='14.2911949'/>
  <node id='-2895' version='0' action='modify' visible='true' lat='57.2740776' lon='14.2914095'/>
  <node id='-2896' version='0' action='modify' visible='true' lat='57.2741750' lon='14.2918204'/>
  <node id='-2897' version='0' action='modify' visible='true' lat='57.2736099' lon='14.2920867'/>
  <node id='-2898' version='0' action='modify' visible='true' lat='57.2728980' lon='14.2927205'/>
  <node id='-2899' version='0' action='modify' visible='true' lat='57.2721861' lon='14.2933542'/>
  <node id='-2900' version='0' action='modify' visible='true' lat='57.2714742' lon='14.2939880'/>
  <node id='-2901' version='0' action='modify' visible='true' lat='57.2707624' lon='14.2946217'/>
  <node id='-2902' version='0' action='modify' visible='true' lat='57.2700505' lon='14.2952555'/>
  <node id='-2903' version='0' action='modify' visible='true' lat='57.2693386' lon='14.2958892'/>
  <node id='-2904' version='0' action='modify' visible='true' lat='57.2686267' lon='14.2965230'/>
  <node id='-2905' version='0' action='modify' visible='true' lat='57.2686605' lon='14.2966573'/>
  <node id='-2906' version='0' action='modify' visible='true' lat='57.2687476' lon='14.2967538'/>
  <node id='-2907' version='0' action='modify' visible='true' lat='57.2688926' lon='14.2967860'/>
  <node id='-2908' version='0' action='modify' visible='true' lat='57.2692058' lon='14.2967538'/>
  <node id='-2909' version='0' action='modify' visible='true' lat='57.2696003' lon='14.2966144'/>
  <node id='-2910' version='0' action='modify' visible='true' lat='57.2697279' lon='14.2966251'/>
  <node id='-2911' version='0' action='modify' visible='true' lat='57.2698381' lon='14.2967002'/>
  <node id='-2912' version='0' action='modify' visible='true' lat='57.2704936' lon='14.2975585'/>
  <node id='-2913' version='0' action='modify' visible='true' lat='57.2705865' lon='14.2977302'/>
  <node id='-2914' version='0' action='modify' visible='true' lat='57.2707199' lon='14.2980198'/>
  <node id='-2915' version='0' action='modify' visible='true' lat='57.2707779' lon='14.2981593'/>
  <node id='-2916' version='0' action='modify' visible='true' lat='57.2709867' lon='14.2983632'/>
  <node id='-2917' version='0' action='modify' visible='true' lat='57.2714624' lon='14.2985670'/>
  <node id='-2918' version='0' action='modify' visible='true' lat='57.2719554' lon='14.2987280'/>
  <node id='-2919' version='0' action='modify' visible='true' lat='57.2722280' lon='14.2990176'/>
  <node id='-2920' version='0' action='modify' visible='true' lat='57.2725471' lon='14.2994253'/>
  <node id='-2921' version='0' action='modify' visible='true' lat='57.2729357' lon='14.2999671'/>
  <node id='-2922' version='0' action='modify' visible='true' lat='57.2733243' lon='14.3005089'/>
  <node id='-2923' version='0' action='modify' visible='true' lat='57.2734519' lon='14.3006591'/>
  <node id='-2924' version='0' action='modify' visible='true' lat='57.2735911' lon='14.3007557'/>
  <node id='-2925' version='0' action='modify' visible='true' lat='57.2737535' lon='14.3007557'/>
  <node id='-2926' version='0' action='modify' visible='true' lat='57.2739392' lon='14.3007557'/>
  <node id='-2927' version='0' action='modify' visible='true' lat='57.2742118' lon='14.3005840'/>
  <node id='-2928' version='0' action='modify' visible='true' lat='57.2748846' lon='14.3002622'/>
  <node id='-2929' version='0' action='modify' visible='true' lat='57.2749948' lon='14.3002622'/>
  <node id='-2930' version='0' action='modify' visible='true' lat='57.2751456' lon='14.3002836'/>
  <node id='-2931' version='0' action='modify' visible='true' lat='57.2752848' lon='14.3003587'/>
  <node id='-2932' version='0' action='modify' visible='true' lat='57.2755168' lon='14.3004768'/>
  <node id='-2933' version='0' action='modify' visible='true' lat='57.2756858' lon='14.3005373'/>
  <node id='-2934' version='0' action='modify' visible='true' lat='57.2759447' lon='14.3004808'/>
  <node id='-2935' version='0' action='modify' visible='true' lat='57.2762218' lon='14.3004310'/>
  <node id='-2936' version='0' action='modify' visible='true' lat='57.2762944' lon='14.3005056'/>
  <node id='-2937' version='0' action='modify' visible='true' lat='57.2763456' lon='14.3006450'/>
  <node id='-2938' version='0' action='modify' visible='true' lat='57.2764956' lon='14.3015420'/>
  <node id='-2939' version='0' action='modify' visible='true' lat='57.2765433' lon='14.3020672'/>
  <node id='-2940' version='0' action='modify' visible='true' lat='57.2765915' lon='14.3031101'/>
  <node id='-2941' version='0' action='modify' visible='true' lat='57.2766398' lon='14.3041529'/>
  <node id='-2942' version='0' action='modify' visible='true' lat='57.2766867' lon='14.3056678'/>
  <node id='-2943' version='0' action='modify' visible='true' lat='57.2767335' lon='14.3071828'/>
  <node id='-2944' version='0' action='modify' visible='true' lat='57.2767452' lon='14.3081650'/>
  <node id='-2945' version='0' action='modify' visible='true' lat='57.2767569' lon='14.3091472'/>
  <node id='-2946' version='0' action='modify' visible='true' lat='57.2767745' lon='14.3095416'/>
  <node id='-2947' version='0' action='modify' visible='true' lat='57.2768254' lon='14.3096899'/>
  <node id='-2948' version='0' action='modify' visible='true' lat='57.2769187' lon='14.3097494'/>
  <node id='-2949' version='0' action='modify' visible='true' lat='57.2771842' lon='14.3098722'/>
  <node id='-2950' version='0' action='modify' visible='true' lat='57.2777484' lon='14.3100359'/>
  <node id='-2951' version='0' action='modify' visible='true' lat='57.2782406' lon='14.3100973'/>
  <node id='-2952' version='0' action='modify' visible='true' lat='57.2789293' lon='14.3101871'/>
  <node id='-2953' version='0' action='modify' visible='true' lat='57.2791913' lon='14.3101509'/>
  <node id='-2954' version='0' action='modify' visible='true' lat='57.2796860' lon='14.3099411'/>
  <node id='-2955' version='0' action='modify' visible='true' lat='57.2801808' lon='14.3097313'/>
  <node id='-2956' version='0' action='modify' visible='true' lat='57.2803844' lon='14.3096996'/>
  <node id='-2957' version='0' action='modify' visible='true' lat='57.2805189' lon='14.3097145'/>
  <node id='-2958' version='0' action='modify' visible='true' lat='57.2806534' lon='14.3098041'/>
  <node id='-2959' version='0' action='modify' visible='true' lat='57.2809332' lon='14.3100132'/>
  <node id='-2960' version='0' action='modify' visible='true' lat='57.2813179' lon='14.3101077'/>
  <node id='-2961' version='0' action='modify' visible='true' lat='57.2814766' lon='14.3101077'/>
  <node id='-2962' version='0' action='modify' visible='true' lat='57.2816555' lon='14.3100489'/>
  <node id='-2963' version='0' action='modify' visible='true' lat='57.2820483' lon='14.3096706'/>
  <node id='-2964' version='0' action='modify' visible='true' lat='57.2823173' lon='14.3096109'/>
  <node id='-2965' version='0' action='modify' visible='true' lat='57.2829576' lon='14.3093471'/>
  <node id='-2966' version='0' action='modify' visible='true' lat='57.2835978' lon='14.3090833'/>
  <node id='-2967' version='0' action='modify' visible='true' lat='57.2839852' lon='14.3090136'/>
  <node id='-2968' version='0' action='modify' visible='true' lat='57.2844048' lon='14.3087448'/>
  <node id='-2969' version='0' action='modify' visible='true' lat='57.2848191' lon='14.3086055'/>
  <node id='-2970' version='0' action='modify' visible='true' lat='57.2855777' lon='14.3081575'/>
  <node id='-2971' version='0' action='modify' visible='true' lat='57.2859005' lon='14.3080878'/>
  <node id='-2972' version='0' action='modify' visible='true' lat='57.2861587' lon='14.3081675'/>
  <node id='-2973' version='0' action='modify' visible='true' lat='57.2867720' lon='14.3081277'/>
  <node id='-2974' version='0' action='modify' visible='true' lat='57.2871486' lon='14.3079286'/>
  <node id='-2975' version='0' action='modify' visible='true' lat='57.2876112' lon='14.3075005'/>
  <node id='-2976' version='0' action='modify' visible='true' lat='57.2877780' lon='14.3073612'/>
  <node id='-2977' version='0' action='modify' visible='true' lat='57.2880201' lon='14.3073811'/>
  <node id='-2978' version='0' action='modify' visible='true' lat='57.2887199' lon='14.3072851'/>
  <node id='-2979' version='0' action='modify' visible='true' lat='57.2892658' lon='14.3071443'/>
  <node id='-2980' version='0' action='modify' visible='true' lat='57.2895720' lon='14.3069824'/>
  <node id='-2981' version='0' action='modify' visible='true' lat='57.2898820' lon='14.3067219'/>
  <node id='-2982' version='0' action='modify' visible='true' lat='57.2901617' lon='14.3063218'/>
  <node id='-2983' version='0' action='modify' visible='true' lat='57.2906142' lon='14.3055429'/>
  <node id='-2984' version='0' action='modify' visible='true' lat='57.2906427' lon='14.3053353'/>
  <node id='-2985' version='0' action='modify' visible='true' lat='57.2906180' lon='14.3050115'/>
  <node id='-2986' version='0' action='modify' visible='true' lat='57.2905400' lon='14.3047898'/>
  <node id='-2987' version='0' action='modify' visible='true' lat='57.2903194' lon='14.3044971'/>
  <node id='-2988' version='0' action='modify' visible='true' lat='57.2899999' lon='14.3040466'/>
  <node id='-2989' version='0' action='modify' visible='true' lat='57.2898883' lon='14.3038264'/>
  <node id='-2990' version='0' action='modify' visible='true' lat='57.2898870' lon='14.3036060'/>
  <node id='-2991' version='0' action='modify' visible='true' lat='57.2896016' lon='14.3035297'/>
  <node id='-2992' version='0' action='modify' visible='true' lat='57.2893680' lon='14.3035297'/>
  <node id='-2993' version='0' action='modify' visible='true' lat='57.2891490' lon='14.3033837'/>
  <node id='-2994' version='0' action='modify' visible='true' lat='57.2888132' lon='14.3029603'/>
  <node id='-2995' version='0' action='modify' visible='true' lat='57.2885584' lon='14.3027330'/>
  <node id='-2996' version='0' action='modify' visible='true' lat='57.2882531' lon='14.3023806'/>
  <node id='-2997' version='0' action='modify' visible='true' lat='57.2880482' lon='14.3022942'/>
  <node id='-2998' version='0' action='modify' visible='true' lat='57.2880105' lon='14.3008947'/>
  <node id='-2999' version='0' action='modify' visible='true' lat='57.2879728' lon='14.2994951'/>
  <node id='-3000' version='0' action='modify' visible='true' lat='57.2879627' lon='14.2981209'/>
  <node id='-3001' version='0' action='modify' visible='true' lat='57.2879527' lon='14.2967467'/>
  <node id='-3002' version='0' action='modify' visible='true' lat='57.2879620' lon='14.2961394'/>
  <node id='-3003' version='0' action='modify' visible='true' lat='57.2879994' lon='14.2958217'/>
  <node id='-3004' version='0' action='modify' visible='true' lat='57.2880540' lon='14.2956108'/>
  <node id='-3005' version='0' action='modify' visible='true' lat='57.2884671' lon='14.2960078'/>
  <node id='-3006' version='0' action='modify' visible='true' lat='57.2888802' lon='14.2964047'/>
  <node id='-3007' version='0' action='modify' visible='true' lat='57.2894789' lon='14.2970216'/>
  <node id='-3008' version='0' action='modify' visible='true' lat='57.2900775' lon='14.2976385'/>
  <node id='-3009' version='0' action='modify' visible='true' lat='57.2905732' lon='14.2981454'/>
  <node id='-3010' version='0' action='modify' visible='true' lat='57.2910689' lon='14.2986524'/>
  <node id='-3011' version='0' action='modify' visible='true' lat='57.2917936' lon='14.2993498'/>
  <node id='-3012' version='0' action='modify' visible='true' lat='57.2925690' lon='14.2999775'/>
  <node id='-3013' version='0' action='modify' visible='true' lat='57.2933443' lon='14.3006051'/>
  <node id='-3014' version='0' action='modify' visible='true' lat='57.2939168' lon='14.3010638'/>
  <node id='-3015' version='0' action='modify' visible='true' lat='57.2944893' lon='14.3015224'/>
  <node id='-3016' version='0' action='modify' visible='true' lat='57.2948806' lon='14.3018174'/>
  <node id='-3017' version='0' action='modify' visible='true' lat='57.2949907' lon='14.3018550'/>
  <node id='-3018' version='0' action='modify' visible='true' lat='57.2950806' lon='14.3017638'/>
  <node id='-3019' version='0' action='modify' visible='true' lat='57.2951074' lon='14.3016286'/>
  <node id='-3020' version='0' action='modify' visible='true' lat='57.2955337' lon='14.3021260'/>
  <node id='-3021' version='0' action='modify' visible='true' lat='57.2959081' lon='14.3025304'/>
  <node id='-3022' version='0' action='modify' visible='true' lat='57.2966794' lon='14.3032319'/>
  <node id='-3023' version='0' action='modify' visible='true' lat='57.2972031' lon='14.3036534'/>
  <node id='-3024' version='0' action='modify' visible='true' lat='57.2977267' lon='14.3040749'/>
  <node id='-3025' version='0' action='modify' visible='true' lat='57.2984498' lon='14.3046102'/>
  <node id='-3026' version='0' action='modify' visible='true' lat='57.2991729' lon='14.3051456'/>
  <node id='-3027' version='0' action='modify' visible='true' lat='57.2999042' lon='14.3056779'/>
  <node id='-3028' version='0' action='modify' visible='true' lat='57.3006356' lon='14.3062102'/>
  <node id='-3029' version='0' action='modify' visible='true' lat='57.3011599' lon='14.3066016'/>
  <node id='-3030' version='0' action='modify' visible='true' lat='57.3019469' lon='14.3071890'/>
  <node id='-3031' version='0' action='modify' visible='true' lat='57.3027340' lon='14.3077765'/>
  <node id='-3032' version='0' action='modify' visible='true' lat='57.3035210' lon='14.3083639'/>
  <node id='-3033' version='0' action='modify' visible='true' lat='57.3041028' lon='14.3088070'/>
  <node id='-3034' version='0' action='modify' visible='true' lat='57.3047376' lon='14.3092685'/>
  <node id='-3035' version='0' action='modify' visible='true' lat='57.3053426' lon='14.3097608'/>
  <node id='-3036' version='0' action='modify' visible='true' lat='57.3059475' lon='14.3104008'/>
  <node id='-3037' version='0' action='modify' visible='true' lat='57.3061835' lon='14.3106777'/>
  <node id='-3038' version='0' action='modify' visible='true' lat='57.3064760' lon='14.3110407'/>
  <node id='-3039' version='0' action='modify' visible='true' lat='57.3068749' lon='14.3116007'/>
  <node id='-3040' version='0' action='modify' visible='true' lat='57.3074504' lon='14.3124918'/>
  <node id='-3041' version='0' action='modify' visible='true' lat='57.3080773' lon='14.3134810'/>
  <node id='-3042' version='0' action='modify' visible='true' lat='57.3085421' lon='14.3141643'/>
  <node id='-3043' version='0' action='modify' visible='true' lat='57.3090069' lon='14.3148475'/>
  <node id='-3044' version='0' action='modify' visible='true' lat='57.3096986' lon='14.3158938'/>
  <node id='-3045' version='0' action='modify' visible='true' lat='57.3100583' lon='14.3164055'/>
  <node id='-3046' version='0' action='modify' visible='true' lat='57.3104181' lon='14.3169173'/>
  <node id='-3047' version='0' action='modify' visible='true' lat='57.3109879' lon='14.3177321'/>
  <node id='-3048' version='0' action='modify' visible='true' lat='57.3115576' lon='14.3185468'/>
  <node id='-3049' version='0' action='modify' visible='true' lat='57.3121628' lon='14.3192958'/>
  <node id='-3050' version='0' action='modify' visible='true' lat='57.3124932' lon='14.3196675'/>
  <node id='-3051' version='0' action='modify' visible='true' lat='57.3125860' lon='14.3200242'/>
  <node id='-3052' version='0' action='modify' visible='true' lat='57.3128699' lon='14.3204749'/>
  <node id='-3053' version='0' action='modify' visible='true' lat='57.3131393' lon='14.3207860'/>
  <node id='-3054' version='0' action='modify' visible='true' lat='57.3134406' lon='14.3213117'/>
  <node id='-3055' version='0' action='modify' visible='true' lat='57.3138992' lon='14.3219586'/>
  <node id='-3056' version='0' action='modify' visible='true' lat='57.3145600' lon='14.3229959'/>
  <node id='-3057' version='0' action='modify' visible='true' lat='57.3152209' lon='14.3240332'/>
  <node id='-3058' version='0' action='modify' visible='true' lat='57.3158818' lon='14.3250706'/>
  <node id='-3059' version='0' action='modify' visible='true' lat='57.3165426' lon='14.3261079'/>
  <node id='-3060' version='0' action='modify' visible='true' lat='57.3170957' lon='14.3270743'/>
  <node id='-3061' version='0' action='modify' visible='true' lat='57.3176487' lon='14.3280407'/>
  <node id='-3062' version='0' action='modify' visible='true' lat='57.3182018' lon='14.3290071'/>
  <node id='-3063' version='0' action='modify' visible='true' lat='57.3187549' lon='14.3299734'/>
  <node id='-3064' version='0' action='modify' visible='true' lat='57.3193079' lon='14.3309398'/>
  <node id='-3065' version='0' action='modify' visible='true' lat='57.3198610' lon='14.3319062'/>
  <node id='-3066' version='0' action='modify' visible='true' lat='57.3204517' lon='14.3328659'/>
  <node id='-3067' version='0' action='modify' visible='true' lat='57.3210423' lon='14.3338255'/>
  <node id='-3068' version='0' action='modify' visible='true' lat='57.3215778' lon='14.3346957'/>
  <node id='-3069' version='0' action='modify' visible='true' lat='57.3221134' lon='14.3355659'/>
  <node id='-3070' version='0' action='modify' visible='true' lat='57.3226489' lon='14.3364360'/>
  <node id='-3071' version='0' action='modify' visible='true' lat='57.3231844' lon='14.3373062'/>
  <node id='-3072' version='0' action='modify' visible='true' lat='57.3231678' lon='14.3380009'/>
  <node id='-3073' version='0' action='modify' visible='true' lat='57.3232089' lon='14.3386419'/>
  <node id='-3074' version='0' action='modify' visible='true' lat='57.3232901' lon='14.3393439'/>
  <way id='-3075' version='0' action='modify' visible='true'>
    <nd ref='-1'/>
    <nd ref='-2'/>
    <nd ref='-3'/>
    <nd ref='-4'/>
    <nd ref='-5'/>
    <nd ref='-6'/>
    <nd ref='-7'/>
    <nd ref='-8'/>
    <nd ref='-9'/>
    <nd ref='-10'/>
    <nd ref='-11'/>
    <nd ref='-12'/>
    <nd ref='-13'/>
    <nd ref='-14'/>
    <nd ref='-15'/>
    <nd ref='-16'/>
    <nd ref='-17'/>
    <nd ref='-18'/>
    <nd ref='-19'/>
    <nd ref='-20'/>
    <nd ref='-21'/>
    <nd ref='-22'/>
    <nd ref='-23'/>
    <nd ref='-24'/>
    <nd ref='-25'/>
    <nd ref='-26'/>
    <nd ref='-27'/>
    <nd ref='-28'/>
    <nd ref='-29'/>
    <nd ref='-30'/>
    <nd ref='-31'/>
    <nd ref='-32'/>
    <nd ref='-33'/>
    <nd ref='-34'/>
    <nd ref='-35'/>
    <nd ref='-36'/>
    <nd ref='-37'/>
    <nd ref='-38'/>
    <nd ref='-39'/>
    <nd ref='-40'/>
    <nd ref='-41'/>
    <nd ref='-42'/>
    <nd ref='-43'/>
    <nd ref='-44'/>
    <nd ref='-45'/>
    <nd ref='-46'/>
    <nd ref='-47'/>
    <nd ref='-48'/>
    <nd ref='-49'/>
    <nd ref='-50'/>
    <nd ref='-51'/>
    <nd ref='-52'/>
    <nd ref='-53'/>
    <nd ref='-54'/>
    <nd ref='-55'/>
    <nd ref='-56'/>
    <nd ref='-57'/>
    <nd ref='-58'/>
    <nd ref='-59'/>
    <nd ref='-60'/>
    <nd ref='-61'/>
    <nd ref='-62'/>
    <nd ref='-63'/>
    <nd ref='-64'/>
    <nd ref='-65'/>
    <nd ref='-66'/>
    <nd ref='-67'/>
    <nd ref='-68'/>
    <nd ref='-69'/>
    <nd ref='-70'/>
    <nd ref='-71'/>
    <nd ref='-72'/>
    <nd ref='-73'/>
    <nd ref='-74'/>
    <nd ref='-75'/>
    <nd ref='-76'/>
    <nd ref='-77'/>
    <nd ref='-78'/>
    <nd ref='-79'/>
    <nd ref='-80'/>
    <nd ref='-81'/>
    <nd ref='-82'/>
    <nd ref='-83'/>
    <nd ref='-84'/>
    <nd ref='-85'/>
    <nd ref='-86'/>
    <nd ref='-87'/>
    <nd ref='-88'/>
    <nd ref='-89'/>
    <nd ref='-90'/>
    <nd ref='-91'/>
    <nd ref='-92'/>
    <nd ref='-93'/>
    <nd ref='-94'/>
    <nd ref='-95'/>
    <nd ref='-96'/>
    <nd ref='-97'/>
    <nd ref='-98'/>
    <nd ref='-99'/>
    <nd ref='-100'/>
    <nd ref='-101'/>
    <nd ref='-102'/>
    <nd ref='-103'/>
    <nd ref='-104'/>
    <nd ref='-105'/>
    <nd ref='-106'/>
    <nd ref='-107'/>
    <nd ref='-108'/>
    <nd ref='-109'/>
    <nd ref='-110'/>
    <nd ref='-111'/>
    <nd ref='-112'/>
    <nd ref='-113'/>
    <nd ref='-114'/>
    <nd ref='-115'/>
    <nd ref='-116'/>
    <nd ref='-117'/>
    <nd ref='-118'/>
    <nd ref='-119'/>
    <nd ref='-120'/>
    <nd ref='-121'/>
    <nd ref='-122'/>
    <nd ref='-123'/>
    <nd ref='-124'/>
    <nd ref='-125'/>
    <nd ref='-126'/>
    <nd ref='-127'/>
    <nd ref='-128'/>
    <nd ref='-129'/>
    <nd ref='-130'/>
    <nd ref='-131'/>
    <nd ref='-132'/>
    <nd ref='-133'/>
    <nd ref='-134'/>
    <nd ref='-135'/>
    <nd ref='-136'/>
    <nd ref='-137'/>
    <nd ref='-138'/>
    <nd ref='-139'/>
    <nd ref='-140'/>
    <nd ref='-141'/>
    <nd ref='-142'/>
    <nd ref='-143'/>
    <nd ref='-144'/>
    <nd ref='-145'/>
    <nd ref='-146'/>
    <nd ref='-147'/>
    <nd ref='-148'/>
    <nd ref='-149'/>
    <nd ref='-150'/>
    <nd ref='-151'/>
    <nd ref='-152'/>
    <nd ref='-153'/>
    <nd ref='-154'/>
    <nd ref='-155'/>
    <nd ref='-156'/>
    <nd ref='-157'/>
    <nd ref='-158'/>
    <nd ref='-159'/>
    <nd ref='-160'/>
    <nd ref='-161'/>
    <nd ref='-162'/>
    <nd ref='-163'/>
    <nd ref='-164'/>
    <nd ref='-165'/>
    <nd ref='-166'/>
    <nd ref='-167'/>
    <nd ref='-168'/>
    <nd ref='-169'/>
    <nd ref='-170'/>
    <nd ref='-171'/>
    <nd ref='-172'/>
    <nd ref='-173'/>
    <nd ref='-174'/>
    <nd ref='-175'/>
    <nd ref='-176'/>
    <nd ref='-177'/>
    <nd ref='-178'/>
    <nd ref='-179'/>
    <nd ref='-180'/>
    <nd ref='-181'/>
    <nd ref='-182'/>
    <nd ref='-183'/>
    <nd ref='-184'/>
    <nd ref='-185'/>
    <nd ref='-186'/>
    <nd ref='-187'/>
    <nd ref='-188'/>
    <nd ref='-189'/>
    <nd ref='-190'/>
    <nd ref='-191'/>
    <nd ref='-192'/>
    <nd ref='-193'/>
    <nd ref='-194'/>
    <nd ref='-195'/>
    <nd ref='-196'/>
    <nd ref='-197'/>
    <nd ref='-198'/>
    <nd ref='-199'/>
    <nd ref='-200'/>
    <nd ref='-201'/>
    <nd ref='-202'/>
    <nd ref='-203'/>
    <nd ref='-204'/>
    <nd ref='-205'/>
    <nd ref='-206'/>
    <nd ref='-207'/>
    <nd ref='-208'/>
    <nd ref='-209'/>
    <nd ref='-210'/>
    <nd ref='-211'/>
    <nd ref='-212'/>
    <nd ref='-213'/>
    <nd ref='-214'/>
    <nd ref='-215'/>
    <nd ref='-216'/>
    <nd ref='-217'/>
    <nd ref='-218'/>
    <nd ref='-219'/>
    <nd ref='-220'/>
    <nd ref='-221'/>
    <nd ref='-222'/>
    <nd ref='-223'/>
    <nd ref='-224'/>
    <nd ref='-225'/>
    <nd ref='-226'/>
    <nd ref='-227'/>
    <nd ref='-228'/>
    <nd ref='-229'/>
    <nd ref='-230'/>
    <nd ref='-231'/>
    <nd ref='-232'/>
    <nd ref='-233'/>
    <nd ref='-234'/>
    <nd ref='-235'/>
    <nd ref='-236'/>
    <nd ref='-237'/>
    <nd ref='-238'/>
    <nd ref='-239'/>
    <nd ref='-240'/>
    <nd ref='-241'/>
    <nd ref='-242'/>
    <nd ref='-243'/>
    <nd ref='-244'/>
    <nd ref='-245'/>
    <nd ref='-246'/>
    <nd ref='-247'/>
    <nd ref='-248'/>
    <nd ref='-249'/>
    <nd ref='-250'/>
    <nd ref='-251'/>
    <nd ref='-252'/>
    <nd ref='-253'/>
    <nd ref='-254'/>
    <nd ref='-255'/>
    <nd ref='-256'/>
    <nd ref='-257'/>
    <nd ref='-258'/>
    <nd ref='-259'/>
    <nd ref='-260'/>
    <nd ref='-261'/>
    <nd ref='-262'/>
    <nd ref='-263'/>
    <nd ref='-264'/>
    <nd ref='-265'/>
    <nd ref='-266'/>
    <nd ref='-267'/>
    <nd ref='-268'/>
    <nd ref='-269'/>
    <nd ref='-270'/>
    <nd ref='-271'/>
    <nd ref='-272'/>
    <nd ref='-273'/>
    <nd ref='-274'/>
    <nd ref='-275'/>
    <nd ref='-276'/>
    <nd ref='-277'/>
    <nd ref='-278'/>
    <nd ref='-279'/>
    <nd ref='-280'/>
    <nd ref='-281'/>
    <nd ref='-282'/>
    <nd ref='-283'/>
    <nd ref='-284'/>
    <nd ref='-285'/>
    <nd ref='-286'/>
    <nd ref='-287'/>
    <nd ref='-288'/>
    <nd ref='-289'/>
    <nd ref='-290'/>
    <nd ref='-291'/>
    <nd ref='-292'/>
    <nd ref='-293'/>
    <nd ref='-294'/>
    <nd ref='-295'/>
    <nd ref='-296'/>
    <nd ref='-297'/>
    <nd ref='-298'/>
    <nd ref='-299'/>
    <nd ref='-300'/>
    <nd ref='-301'/>
    <nd ref='-302'/>
    <nd ref='-303'/>
    <nd ref='-304'/>
    <nd ref='-305'/>
    <nd ref='-306'/>
    <nd ref='-307'/>
    <nd ref='-308'/>
    <nd ref='-309'/>
    <nd ref='-310'/>
    <nd ref='-311'/>
    <nd ref='-312'/>
    <nd ref='-313'/>
    <nd ref='-314'/>
    <nd ref='-315'/>
    <nd ref='-316'/>
    <nd ref='-317'/>
    <nd ref='-318'/>
    <nd ref='-319'/>
    <nd ref='-320'/>
    <nd ref='-321'/>
    <nd ref='-322'/>
    <nd ref='-323'/>
    <nd ref='-324'/>
    <nd ref='-325'/>
    <nd ref='-326'/>
    <nd ref='-327'/>
    <nd ref='-328'/>
    <nd ref='-329'/>
    <nd ref='-330'/>
    <nd ref='-331'/>
    <nd ref='-332'/>
    <nd ref='-333'/>
    <nd ref='-334'/>
    <nd ref='-335'/>
    <nd ref='-336'/>
    <nd ref='-337'/>
    <nd ref='-338'/>
    <nd ref='-339'/>
    <nd ref='-340'/>
    <nd ref='-341'/>
    <nd ref='-342'/>
    <nd ref='-343'/>
    <nd ref='-344'/>
    <nd ref='-345'/>
    <nd ref='-346'/>
    <nd ref='-347'/>
    <nd ref='-348'/>
    <nd ref='-349'/>
    <nd ref='-350'/>
    <nd ref='-351'/>
    <nd ref='-352'/>
    <nd ref='-353'/>
    <nd ref='-354'/>
    <nd ref='-355'/>
    <nd ref='-356'/>
    <nd ref='-357'/>
    <nd ref='-358'/>
    <nd ref='-359'/>
    <nd ref='-360'/>
    <nd ref='-361'/>
    <nd ref='-362'/>
    <nd ref='-363'/>
    <nd ref='-364'/>
    <nd ref='-365'/>
    <nd ref='-366'/>
    <nd ref='-367'/>
    <nd ref='-368'/>
    <nd ref='-369'/>
    <nd ref='-370'/>
    <nd ref='-371'/>
    <nd ref='-372'/>
    <nd ref='-373'/>
    <nd ref='-374'/>
    <nd ref='-375'/>
    <nd ref='-376'/>
    <nd ref='-377'/>
    <nd ref='-378'/>
    <nd ref='-379'/>
    <nd ref='-380'/>
    <nd ref='-381'/>
    <nd ref='-382'/>
    <nd ref='-383'/>
    <nd ref='-384'/>
    <nd ref='-385'/>
    <nd ref='-386'/>
    <nd ref='-387'/>
    <nd ref='-388'/>
    <nd ref='-389'/>
    <nd ref='-390'/>
    <nd ref='-391'/>
    <nd ref='-392'/>
    <nd ref='-393'/>
    <nd ref='-394'/>
    <nd ref='-395'/>
    <nd ref='-396'/>
    <nd ref='-397'/>
    <nd ref='-398'/>
    <nd ref='-399'/>
    <nd ref='-400'/>
    <nd ref='-401'/>
    <nd ref='-402'/>
    <nd ref='-403'/>
    <nd ref='-404'/>
    <nd ref='-405'/>
    <nd ref='-406'/>
    <nd ref='-407'/>
    <nd ref='-408'/>
    <nd ref='-409'/>
    <nd ref='-410'/>
    <nd ref='-411'/>
    <nd ref='-412'/>
    <nd ref='-413'/>
    <nd ref='-414'/>
    <nd ref='-415'/>
    <nd ref='-416'/>
    <nd ref='-417'/>
    <nd ref='-418'/>
    <nd ref='-419'/>
    <nd ref='-420'/>
    <nd ref='-421'/>
    <nd ref='-422'/>
    <nd ref='-423'/>
    <nd ref='-424'/>
    <nd ref='-425'/>
    <nd ref='-426'/>
    <nd ref='-427'/>
    <nd ref='-428'/>
    <nd ref='-429'/>
    <nd ref='-430'/>
    <nd ref='-431'/>
    <nd ref='-432'/>
    <nd ref='-433'/>
    <nd ref='-434'/>
    <nd ref='-435'/>
    <nd ref='-436'/>
    <nd ref='-437'/>
    <nd ref='-438'/>
    <nd ref='-439'/>
    <nd ref='-440'/>
    <nd ref='-441'/>
    <nd ref='-442'/>
    <nd ref='-443'/>
    <nd ref='-444'/>
    <nd ref='-445'/>
    <nd ref='-446'/>
    <nd ref='-447'/>
    <nd ref='-448'/>
    <nd ref='-449'/>
    <nd ref='-450'/>
    <nd ref='-451'/>
    <nd ref='-452'/>
    <nd ref='-453'/>
    <nd ref='-454'/>
    <nd ref='-455'/>
    <nd ref='-456'/>
    <nd ref='-457'/>
    <nd ref='-458'/>
    <nd ref='-459'/>
    <nd ref='-460'/>
    <nd ref='-461'/>
    <nd ref='-462'/>
    <nd ref='-463'/>
    <nd ref='-464'/>
    <nd ref='-465'/>
    <nd ref='-466'/>
    <nd ref='-467'/>
    <nd ref='-468'/>
    <nd ref='-469'/>
    <nd ref='-470'/>
    <nd ref='-471'/>
    <nd ref='-472'/>
    <nd ref='-473'/>
    <nd ref='-474'/>
    <nd ref='-475'/>
    <nd ref='-476'/>
    <nd ref='-477'/>
    <nd ref='-478'/>
    <nd ref='-479'/>
    <nd ref='-480'/>
    <nd ref='-481'/>
    <nd ref='-482'/>
    <nd ref='-483'/>
    <nd ref='-484'/>
    <nd ref='-485'/>
    <nd ref='-486'/>
    <nd ref='-487'/>
    <nd ref='-488'/>
    <nd ref='-489'/>
    <nd ref='-490'/>
    <nd ref='-491'/>
    <nd ref='-492'/>
    <nd ref='-493'/>
    <nd ref='-494'/>
    <nd ref='-495'/>
    <nd ref='-496'/>
    <nd ref='-497'/>
    <nd ref='-498'/>
    <nd ref='-499'/>
    <nd ref='-500'/>
    <nd ref='-501'/>
    <nd ref='-502'/>
    <nd ref='-503'/>
    <nd ref='-504'/>
    <nd ref='-505'/>
    <nd ref='-506'/>
    <nd ref='-507'/>
    <nd ref='-508'/>
    <nd ref='-509'/>
    <nd ref='-510'/>
    <nd ref='-511'/>
    <nd ref='-512'/>
    <nd ref='-513'/>
    <nd ref='-514'/>
    <nd ref='-515'/>
    <nd ref='-516'/>
    <nd ref='-517'/>
    <nd ref='-518'/>
    <nd ref='-519'/>
    <nd ref='-520'/>
    <nd ref='-521'/>
    <nd ref='-522'/>
    <nd ref='-523'/>
    <nd ref='-524'/>
    <nd ref='-525'/>
    <nd ref='-526'/>
    <nd ref='-527'/>
    <nd ref='-528'/>
    <nd ref='-529'/>
    <nd ref='-530'/>
    <nd ref='-531'/>
    <nd ref='-532'/>
    <nd ref='-533'/>
    <nd ref='-534'/>
    <nd ref='-535'/>
    <nd ref='-536'/>
    <nd ref='-537'/>
    <nd ref='-538'/>
    <nd ref='-539'/>
    <nd ref='-540'/>
    <nd ref='-541'/>
    <nd ref='-542'/>
    <nd ref='-543'/>
    <nd ref='-544'/>
    <nd ref='-545'/>
    <nd ref='-546'/>
    <nd ref='-547'/>
    <nd ref='-548'/>
    <nd ref='-549'/>
    <nd ref='-550'/>
    <nd ref='-551'/>
    <nd ref='-552'/>
    <nd ref='-553'/>
    <nd ref='-554'/>
    <nd ref='-555'/>
    <nd ref='-556'/>
    <nd ref='-557'/>
    <nd ref='-558'/>
    <nd ref='-559'/>
    <nd ref='-560'/>
    <nd ref='-561'/>
    <nd ref='-562'/>
    <nd ref='-563'/>
    <nd ref='-564'/>
    <nd ref='-565'/>
    <nd ref='-566'/>
    <nd ref='-567'/>
    <nd ref='-568'/>
    <nd ref='-569'/>
    <nd ref='-570'/>
    <nd ref='-571'/>
    <nd ref='-572'/>
    <nd ref='-573'/>
    <nd ref='-574'/>
    <nd ref='-575'/>
    <nd ref='-576'/>
    <nd ref='-577'/>
    <nd ref='-578'/>
    <nd ref='-579'/>
    <nd ref='-580'/>
    <nd ref='-581'/>
    <nd ref='-582'/>
    <nd ref='-583'/>
    <nd ref='-584'/>
    <nd ref='-585'/>
    <nd ref='-586'/>
    <nd ref='-587'/>
    <nd ref='-588'/>
    <nd ref='-589'/>
    <nd ref='-590'/>
    <nd ref='-591'/>
    <nd ref='-592'/>
    <nd ref='-593'/>
    <nd ref='-594'/>
    <nd ref='-595'/>
    <nd ref='-596'/>
    <nd ref='-597'/>
    <nd ref='-598'/>
    <nd ref='-599'/>
    <nd ref='-600'/>
    <nd ref='-601'/>
    <nd ref='-602'/>
    <nd ref='-603'/>
    <nd ref='-604'/>
    <nd ref='-605'/>
    <nd ref='-606'/>
    <nd ref='-607'/>
    <nd ref='-608'/>
    <nd ref='-609'/>
    <nd ref='-610'/>
    <nd ref='-611'/>
    <nd ref='-612'/>
    <nd ref='-613'/>
    <nd ref='-614'/>
    <nd ref='-615'/>
    <nd ref='-616'/>
    <nd ref='-617'/>
    <nd ref='-618'/>
    <nd ref='-619'/>
    <nd ref='-620'/>
    <nd ref='-621'/>
    <nd ref='-622'/>
    <nd ref='-623'/>
    <nd ref='-624'/>
    <nd ref='-625'/>
    <nd ref='-626'/>
    <nd ref='-627'/>
    <nd ref='-628'/>
    <nd ref='-629'/>
    <nd ref='-630'/>
    <nd ref='-631'/>
    <nd ref='-632'/>
    <nd ref='-633'/>
    <nd ref='-634'/>
    <nd ref='-635'/>
    <nd ref='-636'/>
    <nd ref='-637'/>
    <nd ref='-638'/>
    <nd ref='-639'/>
    <nd ref='-640'/>
    <nd ref='-641'/>
    <nd ref='-642'/>
    <nd ref='-643'/>
    <nd ref='-644'/>
    <nd ref='-645'/>
    <nd ref='-646'/>
    <nd ref='-647'/>
    <nd ref='-648'/>
    <nd ref='-649'/>
    <nd ref='-650'/>
    <nd ref='-651'/>
    <nd ref='-652'/>
    <nd ref='-653'/>
    <nd ref='-654'/>
    <nd ref='-655'/>
    <nd ref='-656'/>
    <nd ref='-657'/>
    <nd ref='-658'/>
    <nd ref='-659'/>
    <nd ref='-660'/>
    <nd ref='-661'/>
    <nd ref='-662'/>
    <nd ref='-663'/>
    <nd ref='-664'/>
    <nd ref='-665'/>
    <nd ref='-666'/>
    <nd ref='-667'/>
    <nd ref='-668'/>
    <nd ref='-669'/>
    <nd ref='-670'/>
    <nd ref='-671'/>
    <nd ref='-672'/>
    <nd ref='-673'/>
    <nd ref='-674'/>
    <nd ref='-675'/>
    <nd ref='-676'/>
    <nd ref='-677'/>
    <nd ref='-678'/>
    <nd ref='-679'/>
    <nd ref='-680'/>
    <nd ref='-681'/>
    <nd ref='-682'/>
    <nd ref='-683'/>
    <nd ref='-684'/>
    <nd ref='-685'/>
    <nd ref='-686'/>
    <nd ref='-687'/>
    <nd ref='-688'/>
    <nd ref='-689'/>
    <nd ref='-690'/>
    <nd ref='-691'/>
    <nd ref='-692'/>
    <nd ref='-693'/>
    <nd ref='-694'/>
    <nd ref='-695'/>
    <nd ref='-696'/>
    <nd ref='-697'/>
    <nd ref='-698'/>
    <nd ref='-699'/>
    <nd ref='-700'/>
    <nd ref='-701'/>
    <nd ref='-702'/>
    <nd ref='-703'/>
    <nd ref='-704'/>
    <nd ref='-705'/>
    <nd ref='-706'/>
    <nd ref='-707'/>
    <nd ref='-708'/>
    <nd ref='-709'/>
    <nd ref='-710'/>
    <nd ref='-711'/>
    <nd ref='-712'/>
    <nd ref='-713'/>
    <nd ref='-714'/>
    <nd ref='-715'/>
    <nd ref='-716'/>
    <nd ref='-717'/>
    <nd ref='-718'/>
    <nd ref='-719'/>
    <nd ref='-720'/>
    <nd ref='-721'/>
    <nd ref='-722'/>
    <nd ref='-723'/>
    <nd ref='-724'/>
    <nd ref='-725'/>
    <nd ref='-726'/>
    <nd ref='-727'/>
    <nd ref='-728'/>
    <nd ref='-729'/>
    <nd ref='-730'/>
    <nd ref='-731'/>
    <nd ref='-732'/>
    <nd ref='-733'/>
    <nd ref='-734'/>
    <nd ref='-735'/>
    <nd ref='-736'/>
    <nd ref='-737'/>
    <nd ref='-738'/>
    <nd ref='-739'/>
    <nd ref='-740'/>
    <nd ref='-741'/>
    <nd ref='-742'/>
    <nd ref='-743'/>
    <nd ref='-744'/>
    <nd ref='-745'/>
    <nd ref='-746'/>
    <nd ref='-747'/>
    <nd ref='-748'/>
    <nd ref='-749'/>
    <nd ref='-750'/>
    <nd ref='-751'/>
    <nd ref='-752'/>
    <nd ref='-753'/>
    <nd ref='-754'/>
    <nd ref='-755'/>
    <nd ref='-756'/>
    <nd ref='-757'/>
    <nd ref='-758'/>
    <nd ref='-759'/>
    <nd ref='-760'/>
    <nd ref='-761'/>
    <nd ref='-762'/>
    <nd ref='-763'/>
    <nd ref='-764'/>
    <nd ref='-765'/>
    <nd ref='-766'/>
    <nd ref='-767'/>
    <nd ref='-768'/>
    <nd ref='-769'/>
    <nd ref='-770'/>
    <nd ref='-771'/>
    <nd ref='-772'/>
    <nd ref='-773'/>
    <nd ref='-774'/>
    <nd ref='-775'/>
    <nd ref='-776'/>
    <nd ref='-777'/>
    <nd ref='-778'/>
    <nd ref='-779'/>
    <nd ref='-780'/>
    <nd ref='-781'/>
    <nd ref='-782'/>
    <nd ref='-783'/>
    <nd ref='-784'/>
    <nd ref='-785'/>
    <nd ref='-786'/>
    <nd ref='-787'/>
    <nd ref='-788'/>
    <nd ref='-789'/>
    <nd ref='-790'/>
    <nd ref='-791'/>
    <nd ref='-792'/>
    <nd ref='-793'/>
    <nd ref='-794'/>
    <nd ref='-795'/>
    <nd ref='-796'/>
    <nd ref='-797'/>
    <nd ref='-798'/>
    <nd ref='-799'/>
    <nd ref='-800'/>
    <nd ref='-801'/>
    <nd ref='-802'/>
    <nd ref='-803'/>
    <nd ref='-804'/>
    <nd ref='-805'/>
    <nd ref='-806'/>
    <nd ref='-807'/>
    <nd ref='-808'/>
    <nd ref='-809'/>
    <nd ref='-810'/>
    <nd ref='-811'/>
    <nd ref='-812'/>
    <nd ref='-813'/>
    <nd ref='-814'/>
    <nd ref='-815'/>
    <nd ref='-816'/>
    <nd ref='-817'/>
    <nd ref='-818'/>
    <nd ref='-819'/>
    <nd ref='-820'/>
    <nd ref='-821'/>
    <nd ref='-822'/>
    <nd ref='-823'/>
    <nd ref='-824'/>
    <nd ref='-825'/>
    <nd ref='-826'/>
    <nd ref='-827'/>
    <nd ref='-828'/>
    <nd ref='-829'/>
    <nd ref='-830'/>
    <nd ref='-831'/>
    <nd ref='-832'/>
    <nd ref='-833'/>
    <nd ref='-834'/>
    <nd ref='-835'/>
    <nd ref='-836'/>
    <nd ref='-837'/>
    <nd ref='-838'/>
    <nd ref='-839'/>
    <nd ref='-840'/>
    <nd ref='-841'/>
    <nd ref='-842'/>
    <nd ref='-843'/>
    <nd ref='-844'/>
    <nd ref='-845'/>
    <nd ref='-846'/>
    <nd ref='-847'/>
    <nd ref='-848'/>
    <nd ref='-849'/>
    <nd ref='-850'/>
    <nd ref='-851'/>
    <nd ref='-852'/>
    <nd ref='-853'/>
    <nd ref='-854'/>
    <nd ref='-855'/>
    <nd ref='-856'/>
    <nd ref='-857'/>
    <nd ref='-858'/>
    <nd ref='-859'/>
    <nd ref='-860'/>
    <nd ref='-861'/>
    <nd ref='-862'/>
    <nd ref='-863'/>
    <nd ref='-864'/>
    <nd ref='-865'/>
    <nd ref='-866'/>
    <nd ref='-867'/>
    <nd ref='-868'/>
    <nd ref='-869'/>
    <nd ref='-870'/>
    <nd ref='-871'/>
    <nd ref='-872'/>
    <nd ref='-873'/>
    <nd ref='-874'/>
    <nd ref='-875'/>
    <nd ref='-876'/>
    <nd ref='-877'/>
    <nd ref='-878'/>
    <nd ref='-879'/>
    <nd ref='-880'/>
    <nd ref='-881'/>
    <nd ref='-882'/>
    <nd ref='-883'/>
    <nd ref='-884'/>
    <nd ref='-885'/>
    <nd ref='-886'/>
    <nd ref='-887'/>
    <nd ref='-888'/>
    <nd ref='-889'/>
    <nd ref='-890'/>
    <nd ref='-891'/>
    <nd ref='-892'/>
    <nd ref='-893'/>
    <nd ref='-894'/>
    <nd ref='-895'/>
    <nd ref='-896'/>
    <nd ref='-897'/>
    <nd ref='-898'/>
    <nd ref='-899'/>
    <nd ref='-900'/>
    <nd ref='-901'/>
    <nd ref='-902'/>
    <nd ref='-903'/>
    <nd ref='-904'/>
    <nd ref='-905'/>
    <nd ref='-906'/>
    <nd ref='-907'/>
    <nd ref='-908'/>
    <nd ref='-909'/>
    <nd ref='-910'/>
    <nd ref='-911'/>
    <nd ref='-912'/>
    <nd ref='-913'/>
    <nd ref='-914'/>
    <nd ref='-915'/>
    <nd ref='-916'/>
    <nd ref='-917'/>
    <nd ref='-918'/>
    <nd ref='-919'/>
    <nd ref='-920'/>
    <nd ref='-921'/>
    <nd ref='-922'/>
    <nd ref='-923'/>
    <nd ref='-924'/>
    <nd ref='-925'/>
    <nd ref='-926'/>
    <nd ref='-927'/>
    <nd ref='-928'/>
    <nd ref='-929'/>
    <nd ref='-930'/>
    <nd ref='-931'/>
    <nd ref='-932'/>
    <nd ref='-933'/>
    <nd ref='-934'/>
    <nd ref='-935'/>
    <nd ref='-936'/>
    <nd ref='-937'/>
    <nd ref='-938'/>
    <nd ref='-939'/>
    <nd ref='-940'/>
    <nd ref='-941'/>
    <nd ref='-942'/>
    <nd ref='-943'/>
    <nd ref='-944'/>
    <nd ref='-945'/>
    <nd ref='-946'/>
    <nd ref='-947'/>
    <nd ref='-948'/>
    <nd ref='-949'/>
    <nd ref='-950'/>
    <nd ref='-951'/>
    <nd ref='-952'/>
    <nd ref='-953'/>
    <nd ref='-954'/>
    <nd ref='-955'/>
    <nd ref='-956'/>
    <nd ref='-957'/>
    <nd ref='-958'/>
    <nd ref='-959'/>
    <nd ref='-960'/>
    <nd ref='-961'/>
    <nd ref='-962'/>
    <nd ref='-963'/>
    <nd ref='-964'/>
    <nd ref='-965'/>
    <nd ref='-966'/>
    <nd ref='-967'/>
    <nd ref='-968'/>
    <nd ref='-969'/>
    <nd ref='-970'/>
    <nd ref='-971'/>
    <nd ref='-972'/>
    <nd ref='-973'/>
    <nd ref='-974'/>
    <nd ref='-975'/>
    <nd ref='-976'/>
    <nd ref='-977'/>
    <nd ref='-978'/>
    <nd ref='-979'/>
    <nd ref='-980'/>
    <nd ref='-981'/>
    <nd ref='-982'/>
    <nd ref='-983'/>
    <nd ref='-984'/>
    <nd ref='-985'/>
    <nd ref='-986'/>
    <nd ref='-987'/>
    <nd ref='-988'/>
    <nd ref='-989'/>
    <nd ref='-990'/>
    <nd ref='-991'/>
    <nd ref='-992'/>
    <nd ref='-993'/>
    <nd ref='-994'/>
    <nd ref='-995'/>
    <nd ref='-996'/>
    <nd ref='-997'/>
    <nd ref='-998'/>
    <nd ref='-999'/>
    <nd ref='-1000'/>
    <nd ref='-1001'/>
    <nd ref='-1002'/>
    <nd ref='-1003'/>
    <nd ref='-1004'/>
    <nd ref='-1005'/>
    <nd ref='-1006'/>
    <nd ref='-1007'/>
    <nd ref='-1008'/>
    <nd ref='-1009'/>
    <nd ref='-1010'/>
    <nd ref='-1011'/>
    <nd ref='-1012'/>
    <nd ref='-1013'/>
    <nd ref='-1014'/>
    <nd ref='-1015'/>
    <nd ref='-1016'/>
    <nd ref='-1017'/>
    <nd ref='-1018'/>
    <nd ref='-1019'/>
    <nd ref='-1020'/>
    <nd ref='-1021'/>
    <nd ref='-1022'/>
    <nd ref='-1023'/>
    <nd ref='-1024'/>
    <nd ref='-1025'/>
    <nd ref='-1026'/>
    <nd ref='-1027'/>
    <nd ref='-1028'/>
    <nd ref='-1029'/>
    <nd ref='-1030'/>
    <nd ref='-1031'/>
    <nd ref='-1032'/>
    <nd ref='-1033'/>
    <nd ref='-1034'/>
    <nd ref='-1035'/>
    <nd ref='-1036'/>
    <nd ref='-1037'/>
    <nd ref='-1038'/>
    <nd ref='-1039'/>
    <nd ref='-1040'/>
    <nd ref='-1041'/>
    <nd ref='-1042'/>
    <nd ref='-1043'/>
    <nd ref='-1044'/>
    <nd ref='-1045'/>
    <nd ref='-1046'/>
    <nd ref='-1047'/>
    <nd ref='-1048'/>
    <nd ref='-1049'/>
    <nd ref='-1050'/>
    <nd ref='-1051'/>
    <nd ref='-1052'/>
    <nd ref='-1053'/>
    <nd ref='-1054'/>
    <nd ref='-1055'/>
    <nd ref='-1056'/>
    <nd ref='-1057'/>
    <nd ref='-1058'/>
    <nd ref='-1059'/>
    <nd ref='-1060'/>
    <nd ref='-1061'/>
    <nd ref='-1062'/>
    <nd ref='-1063'/>
    <nd ref='-1064'/>
    <nd ref='-1065'/>
    <nd ref='-1066'/>
    <nd ref='-1067'/>
    <nd ref='-1068'/>
    <nd ref='-1069'/>
    <nd ref='-1070'/>
    <nd ref='-1071'/>
    <nd ref='-1072'/>
    <nd ref='-1073'/>
    <nd ref='-1074'/>
    <nd ref='-1075'/>
    <nd ref='-1076'/>
    <nd ref='-1077'/>
    <nd ref='-1078'/>
    <nd ref='-1079'/>
    <nd ref='-1080'/>
    <nd ref='-1081'/>
    <nd ref='-1082'/>
    <nd ref='-1083'/>
    <nd ref='-1084'/>
    <nd ref='-1085'/>
    <nd ref='-1086'/>
    <nd ref='-1087'/>
    <nd ref='-1088'/>
    <nd ref='-1089'/>
    <nd ref='-1090'/>
    <nd ref='-1091'/>
    <nd ref='-1092'/>
    <nd ref='-1093'/>
    <nd ref='-1094'/>
    <nd ref='-1095'/>
    <nd ref='-1096'/>
    <nd ref='-1097'/>
    <nd ref='-1098'/>
    <nd ref='-1099'/>
    <nd ref='-1100'/>
    <nd ref='-1101'/>
    <nd ref='-1102'/>
    <nd ref='-1103'/>
    <nd ref='-1104'/>
    <nd ref='-1105'/>
    <nd ref='-1106'/>
    <nd ref='-1107'/>
    <nd ref='-1108'/>
    <nd ref='-1109'/>
    <nd ref='-1110'/>
    <nd ref='-1111'/>
    <nd ref='-1112'/>
    <nd ref='-1113'/>
    <nd ref='-1114'/>
    <nd ref='-1115'/>
    <nd ref='-1116'/>
    <nd ref='-1117'/>
    <nd ref='-1118'/>
    <nd ref='-1119'/>
    <nd ref='-1120'/>
    <nd ref='-1121'/>
    <nd ref='-1122'/>
    <nd ref='-1123'/>
    <nd ref='-1124'/>
    <nd ref='-1125'/>
    <nd ref='-1126'/>
    <nd ref='-1127'/>
    <nd ref='-1128'/>
    <nd ref='-1129'/>
    <nd ref='-1130'/>
    <nd ref='-1131'/>
    <nd ref='-1132'/>
    <nd ref='-1133'/>
    <nd ref='-1134'/>
    <nd ref='-1135'/>
    <nd ref='-1136'/>
    <nd ref='-1137'/>
    <nd ref='-1138'/>
    <nd ref='-1139'/>
    <nd ref='-1140'/>
    <nd ref='-1141'/>
    <nd ref='-1142'/>
    <nd ref='-1143'/>
    <nd ref='-1144'/>
    <nd ref='-1145'/>
    <nd ref='-1146'/>
    <nd ref='-1147'/>
    <nd ref='-1148'/>
    <nd ref='-1149'/>
    <nd ref='-1150'/>
    <nd ref='-1151'/>
    <nd ref='-1152'/>
    <nd ref='-1153'/>
    <nd ref='-1154'/>
    <nd ref='-1155'/>
    <nd ref='-1156'/>
    <nd ref='-1157'/>
    <nd ref='-1158'/>
    <nd ref='-1159'/>
    <nd ref='-1160'/>
    <nd ref='-1161'/>
    <nd ref='-1162'/>
    <nd ref='-1163'/>
    <nd ref='-1164'/>
    <nd ref='-1165'/>
    <nd ref='-1166'/>
    <nd ref='-1167'/>
    <nd ref='-1168'/>
    <nd ref='-1169'/>
    <nd ref='-1170'/>
    <nd ref='-1171'/>
    <nd ref='-1172'/>
    <nd ref='-1173'/>
    <nd ref='-1174'/>
    <nd ref='-1175'/>
    <nd ref='-1176'/>
    <nd ref='-1177'/>
    <nd ref='-1178'/>
    <nd ref='-1179'/>
    <nd ref='-1180'/>
    <nd ref='-1181'/>
    <nd ref='-1182'/>
    <nd ref='-1183'/>
    <nd ref='-1184'/>
    <nd ref='-1185'/>
    <nd ref='-1186'/>
    <nd ref='-1187'/>
    <nd ref='-1188'/>
    <nd ref='-1189'/>
    <nd ref='-1190'/>
    <nd ref='-1191'/>
    <nd ref='-1192'/>
    <nd ref='-1193'/>
    <nd ref='-1194'/>
    <nd ref='-1195'/>
    <nd ref='-1196'/>
    <nd ref='-1197'/>
    <nd ref='-1198'/>
    <nd ref='-1199'/>
    <nd ref='-1200'/>
    <nd ref='-1201'/>
    <nd ref='-1202'/>
    <nd ref='-1203'/>
    <nd ref='-1204'/>
    <nd ref='-1205'/>
    <nd ref='-1206'/>
    <nd ref='-1207'/>
    <nd ref='-1208'/>
    <nd ref='-1209'/>
    <nd ref='-1210'/>
    <nd ref='-1211'/>
    <nd ref='-1212'/>
    <nd ref='-1213'/>
    <nd ref='-1214'/>
    <nd ref='-1215'/>
    <nd ref='-1216'/>
    <nd ref='-1217'/>
    <nd ref='-1218'/>
    <nd ref='-1219'/>
    <nd ref='-1220'/>
    <nd ref='-1221'/>
    <nd ref='-1222'/>
    <nd ref='-1223'/>
    <nd ref='-1224'/>
    <nd ref='-1225'/>
    <nd ref='-1226'/>
    <nd ref='-1227'/>
    <nd ref='-1228'/>
    <nd ref='-1229'/>
    <nd ref='-1230'/>
    <nd ref='-1231'/>
    <nd ref='-1232'/>
    <nd ref='-1233'/>
    <nd ref='-1234'/>
    <nd ref='-1235'/>
    <nd ref='-1236'/>
    <nd ref='-1237'/>
    <nd ref='-1238'/>
    <nd ref='-1239'/>
    <nd ref='-1240'/>
    <nd ref='-1241'/>
    <nd ref='-1242'/>
    <nd ref='-1243'/>
    <nd ref='-1244'/>
    <nd ref='-1245'/>
    <nd ref='-1246'/>
    <nd ref='-1247'/>
    <nd ref='-1248'/>
    <nd ref='-1249'/>
    <nd ref='-1250'/>
    <nd ref='-1251'/>
    <nd ref='-1252'/>
    <nd ref='-1253'/>
    <nd ref='-1254'/>
    <nd ref='-1255'/>
    <nd ref='-1256'/>
    <nd ref='-1257'/>
    <nd ref='-1258'/>
    <nd ref='-1259'/>
    <nd ref='-1260'/>
    <nd ref='-1261'/>
    <nd ref='-1262'/>
    <nd ref='-1263'/>
    <nd ref='-1264'/>
    <nd ref='-1265'/>
    <nd ref='-1266'/>
    <nd ref='-1267'/>
    <nd ref='-1268'/>
    <nd ref='-1269'/>
    <nd ref='-1270'/>
    <nd ref='-1271'/>
    <nd ref='-1272'/>
    <nd ref='-1273'/>
    <nd ref='-1274'/>
    <nd ref='-1275'/>
    <nd ref='-1276'/>
    <nd ref='-1277'/>
    <nd ref='-1278'/>
    <nd ref='-1279'/>
    <nd ref='-1280'/>
    <nd ref='-1281'/>
    <nd ref='-1282'/>
    <nd ref='-1283'/>
    <nd ref='-1284'/>
    <nd ref='-1285'/>
    <nd ref='-1286'/>
    <nd ref='-1287'/>
    <nd ref='-1288'/>
    <nd ref='-1289'/>
    <nd ref='-1290'/>
    <nd ref='-1291'/>
    <nd ref='-1292'/>
    <nd ref='-1293'/>
    <nd ref='-1294'/>
    <nd ref='-1295'/>
    <nd ref='-1296'/>
    <nd ref='-1297'/>
    <nd ref='-1298'/>
    <nd ref='-1299'/>
    <nd ref='-1300'/>
    <nd ref='-1301'/>
    <nd ref='-1302'/>
    <nd ref='-1303'/>
    <nd ref='-1304'/>
    <nd ref='-1305'/>
    <nd ref='-1306'/>
    <nd ref='-1307'/>
    <nd ref='-1308'/>
    <nd ref='-1309'/>
    <nd ref='-1310'/>
    <nd ref='-1311'/>
    <nd ref='-1312'/>
    <nd ref='-1313'/>
    <nd ref='-1314'/>
    <nd ref='-1315'/>
    <nd ref='-1316'/>
    <nd ref='-1317'/>
    <nd ref='-1318'/>
    <nd ref='-1319'/>
    <nd ref='-1320'/>
    <nd ref='-1321'/>
    <nd ref='-1322'/>
    <nd ref='-1323'/>
    <nd ref='-1324'/>
    <nd ref='-1325'/>
    <nd ref='-1326'/>
    <nd ref='-1327'/>
    <nd ref='-1328'/>
    <nd ref='-1329'/>
    <nd ref='-1330'/>
    <nd ref='-1331'/>
    <nd ref='-1332'/>
    <nd ref='-1333'/>
    <nd ref='-1334'/>
    <nd ref='-1335'/>
    <nd ref='-1336'/>
    <nd ref='-1337'/>
    <nd ref='-1338'/>
    <nd ref='-1339'/>
    <nd ref='-1340'/>
    <nd ref='-1341'/>
    <nd ref='-1342'/>
    <nd ref='-1343'/>
    <nd ref='-1344'/>
    <nd ref='-1345'/>
    <nd ref='-1346'/>
    <nd ref='-1347'/>
    <nd ref='-1348'/>
    <nd ref='-1349'/>
    <nd ref='-1350'/>
    <nd ref='-1351'/>
    <nd ref='-1352'/>
    <nd ref='-1353'/>
    <nd ref='-1354'/>
    <nd ref='-1355'/>
    <nd ref='-1356'/>
    <nd ref='-1357'/>
    <nd ref='-1358'/>
    <nd ref='-1359'/>
    <nd ref='-1360'/>
    <nd ref='-1361'/>
    <nd ref='-1362'/>
    <nd ref='-1363'/>
    <nd ref='-1364'/>
    <nd ref='-1365'/>
    <nd ref='-1366'/>
    <nd ref='-1367'/>
    <nd ref='-1368'/>
    <nd ref='-1369'/>
    <nd ref='-1370'/>
    <nd ref='-1371'/>
    <nd ref='-1372'/>
    <nd ref='-1373'/>
    <nd ref='-1374'/>
    <nd ref='-1375'/>
    <nd ref='-1376'/>
    <nd ref='-1377'/>
    <nd ref='-1378'/>
    <nd ref='-1379'/>
    <nd ref='-1380'/>
    <nd ref='-1381'/>
    <nd ref='-1382'/>
    <nd ref='-1383'/>
    <nd ref='-1384'/>
    <nd ref='-1385'/>
    <nd ref='-1386'/>
    <nd ref='-1387'/>
    <nd ref='-1388'/>
    <nd ref='-1389'/>
    <nd ref='-1390'/>
    <nd ref='-1391'/>
    <nd ref='-1392'/>
    <nd ref='-1393'/>
    <nd ref='-1394'/>
    <nd ref='-1395'/>
    <nd ref='-1396'/>
    <nd ref='-1397'/>
    <nd ref='-1398'/>
    <nd ref='-1399'/>
    <nd ref='-1400'/>
    <nd ref='-1401'/>
    <nd ref='-1402'/>
    <nd ref='-1403'/>
    <nd ref='-1404'/>
    <nd ref='-1405'/>
    <nd ref='-1406'/>
    <nd ref='-1407'/>
    <nd ref='-1408'/>
    <nd ref='-1409'/>
    <nd ref='-1410'/>
    <nd ref='-1411'/>
    <nd ref='-1412'/>
    <nd ref='-1413'/>
    <nd ref='-1414'/>
    <nd ref='-1415'/>
    <nd ref='-1416'/>
    <nd ref='-1417'/>
    <nd ref='-1418'/>
    <nd ref='-1419'/>
    <nd ref='-1420'/>
    <nd ref='-1421'/>
    <nd ref='-1422'/>
    <nd ref='-1423'/>
    <nd ref='-1424'/>
    <nd ref='-1425'/>
    <nd ref='-1426'/>
    <nd ref='-1427'/>
    <nd ref='-1428'/>
    <nd ref='-1429'/>
    <nd ref='-1430'/>
    <nd ref='-1431'/>
    <nd ref='-1432'/>
    <nd ref='-1433'/>
    <nd ref='-1434'/>
    <nd ref='-1435'/>
    <nd ref='-1436'/>
    <nd ref='-1437'/>
    <nd ref='-1438'/>
    <nd ref='-1439'/>
    <nd ref='-1440'/>
    <nd ref='-1441'/>
    <nd ref='-1442'/>
    <nd ref='-1443'/>
    <nd ref='-1444'/>
    <nd ref='-1445'/>
    <nd ref='-1446'/>
    <nd ref='-1447'/>
    <nd ref='-1448'/>
    <nd ref='-1449'/>
    <nd ref='-1450'/>
    <nd ref='-1451'/>
    <nd ref='-1452'/>
    <nd ref='-1453'/>
    <nd ref='-1454'/>
    <nd ref='-1455'/>
    <nd ref='-1456'/>
    <nd ref='-1457'/>
    <nd ref='-1458'/>
    <nd ref='-1459'/>
    <nd ref='-1460'/>
    <nd ref='-1461'/>
    <nd ref='-1462'/>
    <nd ref='-1463'/>
    <nd ref='-1464'/>
    <nd ref='-1465'/>
    <nd ref='-1466'/>
    <nd ref='-1467'/>
    <nd ref='-1468'/>
    <nd ref='-1469'/>
    <nd ref='-1470'/>
    <nd ref='-1471'/>
    <nd ref='-1472'/>
    <nd ref='-1473'/>
    <nd ref='-1474'/>
    <nd ref='-1475'/>
    <nd ref='-1476'/>
    <nd ref='-1477'/>
    <nd ref='-1478'/>
    <nd ref='-1479'/>
    <nd ref='-1480'/>
    <nd ref='-1481'/>
    <nd ref='-1482'/>
    <nd ref='-1483'/>
    <nd ref='-1484'/>
    <nd ref='-1485'/>
    <nd ref='-1486'/>
    <nd ref='-1487'/>
    <nd ref='-1488'/>
    <nd ref='-1489'/>
    <nd ref='-1490'/>
    <nd ref='-1491'/>
    <nd ref='-1492'/>
    <nd ref='-1493'/>
    <nd ref='-1494'/>
    <nd ref='-1495'/>
    <nd ref='-1496'/>
    <nd ref='-1497'/>
    <nd ref='-1498'/>
    <nd ref='-1499'/>
    <nd ref='-1500'/>
    <nd ref='-1501'/>
    <nd ref='-1502'/>
    <nd ref='-1503'/>
    <nd ref='-1504'/>
    <nd ref='-1505'/>
    <nd ref='-1506'/>
    <nd ref='-1507'/>
    <nd ref='-1508'/>
    <nd ref='-1509'/>
    <nd ref='-1510'/>
    <nd ref='-1511'/>
    <nd ref='-1512'/>
    <nd ref='-1513'/>
    <nd ref='-1514'/>
    <nd ref='-1515'/>
    <nd ref='-1516'/>
    <nd ref='-1517'/>
    <nd ref='-1518'/>
    <nd ref='-1519'/>
    <nd ref='-1520'/>
    <nd ref='-1521'/>
    <nd ref='-1522'/>
    <nd ref='-1523'/>
    <nd ref='-1524'/>
    <nd ref='-1525'/>
    <nd ref='-1526'/>
    <nd ref='-1527'/>
    <nd ref='-1528'/>
    <nd ref='-1529'/>
    <nd ref='-1530'/>
    <nd ref='-1531'/>
    <nd ref='-1532'/>
    <nd ref='-1533'/>
    <nd ref='-1534'/>
    <nd ref='-1535'/>
    <nd ref='-1536'/>
    <nd ref='-1537'/>
    <nd ref='-1538'/>
    <nd ref='-1539'/>
    <nd ref='-1540'/>
    <nd ref='-1541'/>
    <nd ref='-1542'/>
    <nd ref='-1543'/>
    <nd ref='-1544'/>
    <nd ref='-1545'/>
    <nd ref='-1546'/>
    <nd ref='-1547'/>
    <nd ref='-1548'/>
    <nd ref='-1549'/>
    <nd ref='-1550'/>
    <nd ref='-1551'/>
    <nd ref='-1552'/>
    <nd ref='-1553'/>
    <nd ref='-1554'/>
    <nd ref='-1555'/>
    <nd ref='-1556'/>
    <nd ref='-1557'/>
    <nd ref='-1558'/>
    <nd ref='-1559'/>
    <nd ref='-1560'/>
    <nd ref='-1561'/>
    <nd ref='-1562'/>
    <nd ref='-1563'/>
    <nd ref='-1564'/>
    <nd ref='-1565'/>
    <nd ref='-1566'/>
    <nd ref='-1567'/>
    <nd ref='-1568'/>
    <nd ref='-1569'/>
    <nd ref='-1570'/>
    <nd ref='-1571'/>
    <nd ref='-1572'/>
    <nd ref='-1573'/>
    <nd ref='-1574'/>
    <nd ref='-1575'/>
    <nd ref='-1576'/>
    <nd ref='-1577'/>
    <nd ref='-1578'/>
    <nd ref='-1579'/>
    <nd ref='-1580'/>
    <nd ref='-1581'/>
    <nd ref='-1582'/>
    <nd ref='-1583'/>
    <nd ref='-1584'/>
    <nd ref='-1585'/>
    <nd ref='-1586'/>
    <nd ref='-1587'/>
    <nd ref='-1588'/>
    <nd ref='-1589'/>
    <nd ref='-1590'/>
    <nd ref='-1591'/>
    <nd ref='-1592'/>
    <nd ref='-1593'/>
    <nd ref='-1594'/>
    <nd ref='-1595'/>
    <nd ref='-1596'/>
    <nd ref='-1597'/>
    <nd ref='-1598'/>
    <nd ref='-1599'/>
    <nd ref='-1600'/>
    <nd ref='-1601'/>
    <nd ref='-1602'/>
    <nd ref='-1603'/>
    <nd ref='-1604'/>
    <nd ref='-1605'/>
    <nd ref='-1606'/>
    <nd ref='-1607'/>
    <nd ref='-1608'/>
    <nd ref='-1609'/>
    <nd ref='-1610'/>
    <nd ref='-1611'/>
    <nd ref='-1612'/>
    <nd ref='-1613'/>
    <nd ref='-1614'/>
    <nd ref='-1615'/>
    <nd ref='-1616'/>
    <nd ref='-1617'/>
    <nd ref='-1618'/>
    <nd ref='-1619'/>
    <nd ref='-1620'/>
    <nd ref='-1621'/>
    <nd ref='-1622'/>
    <nd ref='-1623'/>
    <nd ref='-1624'/>
    <nd ref='-1625'/>
    <nd ref='-1626'/>
    <nd ref='-1627'/>
    <nd ref='-1628'/>
    <nd ref='-1629'/>
    <nd ref='-1630'/>
    <nd ref='-1631'/>
    <nd ref='-1632'/>
    <nd ref='-1633'/>
    <nd ref='-1634'/>
    <nd ref='-1635'/>
    <nd ref='-1636'/>
    <nd ref='-1637'/>
    <nd ref='-1638'/>
    <nd ref='-1639'/>
    <nd ref='-1640'/>
    <nd ref='-1641'/>
    <nd ref='-1642'/>
    <nd ref='-1643'/>
    <nd ref='-1644'/>
    <nd ref='-1645'/>
    <nd ref='-1646'/>
    <nd ref='-1647'/>
    <nd ref='-1648'/>
    <nd ref='-1649'/>
    <nd ref='-1650'/>
    <nd ref='-1651'/>
    <nd ref='-1652'/>
    <nd ref='-1653'/>
    <nd ref='-1654'/>
    <nd ref='-1655'/>
    <nd ref='-1656'/>
    <nd ref='-1657'/>
    <nd ref='-1658'/>
    <nd ref='-1659'/>
    <nd ref='-1660'/>
    <nd ref='-1661'/>
    <nd ref='-1662'/>
    <nd ref='-1663'/>
    <nd ref='-1664'/>
    <nd ref='-1665'/>
    <nd ref='-1666'/>
    <nd ref='-1667'/>
    <nd ref='-1668'/>
    <nd ref='-1669'/>
    <nd ref='-1670'/>
    <nd ref='-1671'/>
    <nd ref='-1672'/>
    <nd ref='-1673'/>
    <nd ref='-1674'/>
    <nd ref='-1675'/>
    <nd ref='-1676'/>
    <nd ref='-1677'/>
    <nd ref='-1678'/>
    <nd ref='-1679'/>
    <nd ref='-1680'/>
    <nd ref='-1681'/>
    <nd ref='-1682'/>
    <nd ref='-1683'/>
    <nd ref='-1684'/>
    <nd ref='-1685'/>
    <nd ref='-1686'/>
    <nd ref='-1687'/>
    <nd ref='-1688'/>
    <nd ref='-1689'/>
    <nd ref='-1690'/>
    <nd ref='-1691'/>
    <nd ref='-1692'/>
    <nd ref='-1693'/>
    <nd ref='-1694'/>
    <nd ref='-1695'/>
    <nd ref='-1696'/>
    <nd ref='-1697'/>
    <nd ref='-1698'/>
    <nd ref='-1699'/>
    <nd ref='-1700'/>
    <nd ref='-1701'/>
    <nd ref='-1702'/>
    <nd ref='-1703'/>
    <nd ref='-1704'/>
    <nd ref='-1705'/>
    <nd ref='-1706'/>
    <nd ref='-1707'/>
    <nd ref='-1708'/>
    <nd ref='-1709'/>
    <nd ref='-1710'/>
    <nd ref='-1711'/>
    <nd ref='-1712'/>
    <nd ref='-1713'/>
    <nd ref='-1714'/>
    <nd ref='-1715'/>
    <nd ref='-1716'/>
    <nd ref='-1717'/>
    <nd ref='-1718'/>
    <nd ref='-1719'/>
    <nd ref='-1720'/>
    <nd ref='-1721'/>
    <nd ref='-1722'/>
    <nd ref='-1723'/>
    <nd ref='-1724'/>
    <nd ref='-1725'/>
    <nd ref='-1726'/>
    <nd ref='-1727'/>
    <nd ref='-1728'/>
    <nd ref='-1729'/>
    <nd ref='-1730'/>
    <nd ref='-1731'/>
    <nd ref='-1732'/>
    <nd ref='-1733'/>
    <nd ref='-1734'/>
    <nd ref='-1735'/>
    <nd ref='-1736'/>
    <nd ref='-1737'/>
    <nd ref='-1738'/>
    <nd ref='-1739'/>
    <nd ref='-1740'/>
    <nd ref='-1741'/>
    <nd ref='-1742'/>
    <nd ref='-1743'/>
    <nd ref='-1744'/>
    <nd ref='-1745'/>
    <nd ref='-1746'/>
    <nd ref='-1747'/>
    <nd ref='-1748'/>
    <nd ref='-1749'/>
    <nd ref='-1750'/>
    <nd ref='-1751'/>
    <nd ref='-1752'/>
    <nd ref='-1753'/>
    <nd ref='-1754'/>
    <nd ref='-1755'/>
    <nd ref='-1756'/>
    <nd ref='-1757'/>
    <nd ref='-1758'/>
    <nd ref='-1759'/>
    <nd ref='-1760'/>
    <nd ref='-1761'/>
    <nd ref='-1762'/>
    <nd ref='-1763'/>
    <nd ref='-1764'/>
    <nd ref='-1765'/>
    <nd ref='-1766'/>
    <nd ref='-1767'/>
    <nd ref='-1768'/>
    <nd ref='-1769'/>
    <nd ref='-1770'/>
    <nd ref='-1771'/>
    <nd ref='-1772'/>
    <nd ref='-1773'/>
    <nd ref='-1774'/>
    <nd ref='-1775'/>
    <nd ref='-1776'/>
    <nd ref='-1777'/>
    <nd ref='-1778'/>
    <nd ref='-1779'/>
    <nd ref='-1780'/>
    <nd ref='-1781'/>
    <nd ref='-1782'/>
    <nd ref='-1783'/>
    <nd ref='-1784'/>
    <nd ref='-1785'/>
    <nd ref='-1786'/>
    <nd ref='-1787'/>
    <nd ref='-1788'/>
    <nd ref='-1789'/>
    <nd ref='-1790'/>
    <nd ref='-1791'/>
    <nd ref='-1792'/>
    <nd ref='-1793'/>
    <nd ref='-1794'/>
    <nd ref='-1795'/>
    <nd ref='-1796'/>
    <nd ref='-1797'/>
    <nd ref='-1798'/>
    <nd ref='-1799'/>
    <nd ref='-1800'/>
    <nd ref='-1801'/>
    <nd ref='-1802'/>
    <nd ref='-1803'/>
    <nd ref='-1804'/>
    <nd ref='-1805'/>
    <nd ref='-1806'/>
    <nd ref='-1807'/>
    <nd ref='-1808'/>
    <nd ref='-1809'/>
    <nd ref='-1810'/>
    <nd ref='-1811'/>
    <nd ref='-1812'/>
    <nd ref='-1813'/>
    <nd ref='-1814'/>
    <nd ref='-1815'/>
    <nd ref='-1816'/>
    <nd ref='-1817'/>
    <nd ref='-1818'/>
    <nd ref='-1819'/>
    <nd ref='-1820'/>
    <nd ref='-1821'/>
    <nd ref='-1822'/>
    <nd ref='-1823'/>
    <nd ref='-1824'/>
    <nd ref='-1825'/>
    <nd ref='-1826'/>
    <nd ref='-1827'/>
    <nd ref='-1828'/>
    <nd ref='-1829'/>
    <nd ref='-1830'/>
    <nd ref='-1831'/>
    <nd ref='-1832'/>
    <nd ref='-1833'/>
    <nd ref='-1834'/>
    <nd ref='-1835'/>
    <nd ref='-1836'/>
    <nd ref='-1837'/>
    <nd ref='-1838'/>
    <nd ref='-1839'/>
    <nd ref='-1840'/>
    <nd ref='-1841'/>
    <nd ref='-1842'/>
    <nd ref='-1843'/>
    <nd ref='-1844'/>
    <nd ref='-1845'/>
    <nd ref='-1846'/>
    <nd ref='-1847'/>
    <nd ref='-1848'/>
    <nd ref='-1849'/>
    <nd ref='-1850'/>
    <nd ref='-1851'/>
    <nd ref='-1852'/>
    <nd ref='-1853'/>
    <nd ref='-1854'/>
    <nd ref='-1855'/>
    <nd ref='-1856'/>
    <nd ref='-1857'/>
    <nd ref='-1858'/>
    <nd ref='-1859'/>
    <nd ref='-1860'/>
    <nd ref='-1861'/>
    <nd ref='-1862'/>
    <nd ref='-1863'/>
    <nd ref='-1864'/>
    <nd ref='-1865'/>
    <nd ref='-1866'/>
    <nd ref='-1867'/>
    <nd ref='-1868'/>
    <nd ref='-1869'/>
    <nd ref='-1870'/>
    <nd ref='-1871'/>
    <nd ref='-1872'/>
    <nd ref='-1873'/>
    <nd ref='-1874'/>
    <nd ref='-1875'/>
    <nd ref='-1876'/>
    <nd ref='-1877'/>
    <nd ref='-1878'/>
    <nd ref='-1879'/>
    <nd ref='-1880'/>
    <nd ref='-1881'/>
    <nd ref='-1882'/>
    <nd ref='-1883'/>
    <nd ref='-1884'/>
    <nd ref='-1885'/>
    <nd ref='-1886'/>
    <nd ref='-1887'/>
    <nd ref='-1888'/>
    <nd ref='-1889'/>
    <nd ref='-1890'/>
    <nd ref='-1891'/>
    <nd ref='-1892'/>
    <nd ref='-1893'/>
    <nd ref='-1894'/>
    <nd ref='-1895'/>
    <nd ref='-1896'/>
    <nd ref='-1897'/>
    <nd ref='-1898'/>
    <nd ref='-1899'/>
    <nd ref='-1900'/>
    <nd ref='-1901'/>
    <nd ref='-1902'/>
    <nd ref='-1903'/>
    <nd ref='-1904'/>
    <nd ref='-1905'/>
    <nd ref='-1906'/>
    <nd ref='-1907'/>
    <nd ref='-1908'/>
    <nd ref='-1909'/>
    <nd ref='-1910'/>
    <nd ref='-1911'/>
    <nd ref='-1912'/>
    <nd ref='-1913'/>
    <nd ref='-1914'/>
    <nd ref='-1915'/>
    <nd ref='-1916'/>
    <nd ref='-1917'/>
    <nd ref='-1918'/>
    <nd ref='-1919'/>
    <nd ref='-1920'/>
    <nd ref='-1921'/>
    <nd ref='-1922'/>
    <nd ref='-1923'/>
    <nd ref='-1924'/>
    <nd ref='-1925'/>
    <nd ref='-1926'/>
    <nd ref='-1927'/>
    <nd ref='-1928'/>
    <nd ref='-1929'/>
    <nd ref='-1930'/>
    <nd ref='-1931'/>
    <nd ref='-1932'/>
    <nd ref='-1933'/>
    <nd ref='-1934'/>
    <nd ref='-1935'/>
    <nd ref='-1936'/>
    <nd ref='-1937'/>
    <nd ref='-1938'/>
    <nd ref='-1939'/>
    <nd ref='-1940'/>
    <nd ref='-1941'/>
    <nd ref='-1942'/>
    <nd ref='-1943'/>
    <nd ref='-1944'/>
    <nd ref='-1945'/>
    <nd ref='-1946'/>
    <nd ref='-1947'/>
    <nd ref='-1948'/>
    <nd ref='-1949'/>
    <nd ref='-1950'/>
    <nd ref='-1951'/>
    <nd ref='-1952'/>
    <nd ref='-1953'/>
    <nd ref='-1954'/>
    <nd ref='-1955'/>
    <nd ref='-1956'/>
    <nd ref='-1957'/>
    <nd ref='-1958'/>
    <nd ref='-1959'/>
    <nd ref='-1960'/>
    <nd ref='-1961'/>
    <nd ref='-1962'/>
    <nd ref='-1963'/>
    <nd ref='-1964'/>
    <nd ref='-1965'/>
    <nd ref='-1966'/>
    <nd ref='-1967'/>
    <nd ref='-1968'/>
    <nd ref='-1969'/>
    <nd ref='-1970'/>
    <nd ref='-1971'/>
    <nd ref='-1972'/>
    <nd ref='-1973'/>
    <nd ref='-1974'/>
    <nd ref='-1975'/>
    <nd ref='-1976'/>
    <nd ref='-1977'/>
    <nd ref='-1978'/>
    <nd ref='-1979'/>
    <nd ref='-1980'/>
    <nd ref='-1981'/>
    <nd ref='-1982'/>
    <nd ref='-1983'/>
    <nd ref='-1984'/>
    <nd ref='-1985'/>
    <nd ref='-1986'/>
    <nd ref='-1987'/>
    <nd ref='-1988'/>
    <nd ref='-1989'/>
    <nd ref='-1990'/>
    <nd ref='-1991'/>
    <nd ref='-1992'/>
    <nd ref='-1993'/>
    <nd ref='-1994'/>
    <nd ref='-1995'/>
    <nd ref='-1996'/>
    <nd ref='-1997'/>
    <nd ref='-1998'/>
    <nd ref='-1999'/>
    <nd ref='-2000'/>
    <nd ref='-2001'/>
    <nd ref='-2002'/>
    <nd ref='-2003'/>
    <nd ref='-2004'/>
    <nd ref='-2005'/>
    <nd ref='-2006'/>
    <nd ref='-2007'/>
    <nd ref='-2008'/>
    <nd ref='-2009'/>
    <nd ref='-2010'/>
    <nd ref='-2011'/>
    <nd ref='-2012'/>
    <nd ref='-2013'/>
    <nd ref='-2014'/>
    <nd ref='-2015'/>
    <nd ref='-2016'/>
    <nd ref='-2017'/>
    <nd ref='-2018'/>
    <nd ref='-2019'/>
    <nd ref='-2020'/>
    <nd ref='-2021'/>
    <nd ref='-2022'/>
    <nd ref='-2023'/>
    <nd ref='-2024'/>
    <nd ref='-2025'/>
    <nd ref='-2026'/>
    <nd ref='-2027'/>
    <nd ref='-2028'/>
    <nd ref='-2029'/>
    <nd ref='-2030'/>
    <nd ref='-2031'/>
    <nd ref='-2032'/>
    <nd ref='-2033'/>
    <nd ref='-2034'/>
    <nd ref='-2035'/>
    <nd ref='-2036'/>
    <nd ref='-2037'/>
    <nd ref='-2038'/>
    <nd ref='-2039'/>
    <nd ref='-2040'/>
    <nd ref='-2041'/>
    <nd ref='-2042'/>
    <nd ref='-2043'/>
    <nd ref='-2044'/>
    <nd ref='-2045'/>
    <nd ref='-2046'/>
    <nd ref='-2047'/>
    <nd ref='-2048'/>
    <nd ref='-2049'/>
    <nd ref='-2050'/>
    <nd ref='-2051'/>
    <nd ref='-2052'/>
    <nd ref='-2053'/>
    <nd ref='-2054'/>
    <nd ref='-2055'/>
    <nd ref='-2056'/>
    <nd ref='-2057'/>
    <nd ref='-2058'/>
    <nd ref='-2059'/>
    <nd ref='-2060'/>
    <nd ref='-2061'/>
    <nd ref='-2062'/>
    <nd ref='-2063'/>
    <nd ref='-2064'/>
    <nd ref='-2065'/>
    <nd ref='-2066'/>
    <nd ref='-2067'/>
    <nd ref='-2068'/>
    <nd ref='-2069'/>
    <nd ref='-2070'/>
    <nd ref='-2071'/>
    <nd ref='-2072'/>
    <nd ref='-2073'/>
    <nd ref='-2074'/>
    <nd ref='-2075'/>
    <nd ref='-2076'/>
    <nd ref='-2077'/>
    <nd ref='-2078'/>
    <nd ref='-2079'/>
    <nd ref='-2080'/>
    <nd ref='-2081'/>
    <nd ref='-2082'/>
    <nd ref='-2083'/>
    <nd ref='-2084'/>
    <nd ref='-2085'/>
    <nd ref='-2086'/>
    <nd ref='-2087'/>
    <nd ref='-2088'/>
    <nd ref='-2089'/>
    <nd ref='-2090'/>
    <nd ref='-2091'/>
    <nd ref='-2092'/>
    <nd ref='-2093'/>
    <nd ref='-2094'/>
    <nd ref='-2095'/>
    <nd ref='-2096'/>
    <nd ref='-2097'/>
    <nd ref='-2098'/>
    <nd ref='-2099'/>
    <nd ref='-2100'/>
    <nd ref='-2101'/>
    <nd ref='-2102'/>
    <nd ref='-2103'/>
    <nd ref='-2104'/>
    <nd ref='-2105'/>
    <nd ref='-2106'/>
    <nd ref='-2107'/>
    <nd ref='-2108'/>
    <nd ref='-2109'/>
    <nd ref='-2110'/>
    <nd ref='-2111'/>
    <nd ref='-2112'/>
    <nd ref='-2113'/>
    <nd ref='-2114'/>
    <nd ref='-2115'/>
    <nd ref='-2116'/>
    <nd ref='-2117'/>
    <nd ref='-2118'/>
    <nd ref='-2119'/>
    <nd ref='-2120'/>
    <nd ref='-2121'/>
    <nd ref='-2122'/>
    <nd ref='-2123'/>
    <nd ref='-2124'/>
    <nd ref='-2125'/>
    <nd ref='-2126'/>
    <nd ref='-2127'/>
    <nd ref='-2128'/>
    <nd ref='-2129'/>
    <nd ref='-2130'/>
    <nd ref='-2131'/>
    <nd ref='-2132'/>
    <nd ref='-2133'/>
    <nd ref='-2134'/>
    <nd ref='-2135'/>
    <nd ref='-2136'/>
    <nd ref='-2137'/>
    <nd ref='-2138'/>
    <nd ref='-2139'/>
    <nd ref='-2140'/>
    <nd ref='-2141'/>
    <nd ref='-2142'/>
    <nd ref='-2143'/>
    <nd ref='-2144'/>
    <nd ref='-2145'/>
    <nd ref='-2146'/>
    <nd ref='-2147'/>
    <nd ref='-2148'/>
    <nd ref='-2149'/>
    <nd ref='-2150'/>
    <nd ref='-2151'/>
    <nd ref='-2152'/>
    <nd ref='-2153'/>
    <nd ref='-2154'/>
    <nd ref='-2155'/>
    <nd ref='-2156'/>
    <nd ref='-2157'/>
    <nd ref='-2158'/>
    <nd ref='-2159'/>
    <nd ref='-2160'/>
    <nd ref='-2161'/>
    <nd ref='-2162'/>
    <nd ref='-2163'/>
    <nd ref='-2164'/>
    <nd ref='-2165'/>
    <nd ref='-2166'/>
    <nd ref='-2167'/>
    <nd ref='-2168'/>
    <nd ref='-2169'/>
    <nd ref='-2170'/>
    <nd ref='-2171'/>
    <nd ref='-2172'/>
    <nd ref='-2173'/>
    <nd ref='-2174'/>
    <nd ref='-2175'/>
    <nd ref='-2176'/>
    <nd ref='-2177'/>
    <nd ref='-2178'/>
    <nd ref='-2179'/>
    <nd ref='-2180'/>
    <nd ref='-2181'/>
    <nd ref='-2182'/>
    <nd ref='-2183'/>
    <nd ref='-2184'/>
    <nd ref='-2185'/>
    <nd ref='-2186'/>
    <nd ref='-2187'/>
    <nd ref='-2188'/>
    <nd ref='-2189'/>
    <nd ref='-2190'/>
    <nd ref='-2191'/>
    <nd ref='-2192'/>
    <nd ref='-2193'/>
    <nd ref='-2194'/>
    <nd ref='-2195'/>
    <nd ref='-2196'/>
    <nd ref='-2197'/>
    <nd ref='-2198'/>
    <nd ref='-2199'/>
    <nd ref='-2200'/>
    <nd ref='-2201'/>
    <nd ref='-2202'/>
    <nd ref='-2203'/>
    <nd ref='-2204'/>
    <nd ref='-2205'/>
    <nd ref='-2206'/>
    <nd ref='-2207'/>
    <nd ref='-2208'/>
    <nd ref='-2209'/>
    <nd ref='-2210'/>
    <nd ref='-2211'/>
    <nd ref='-2212'/>
    <nd ref='-2213'/>
    <nd ref='-2214'/>
    <nd ref='-2215'/>
    <nd ref='-2216'/>
    <nd ref='-2217'/>
    <nd ref='-2218'/>
    <nd ref='-2219'/>
    <nd ref='-2220'/>
    <nd ref='-2221'/>
    <nd ref='-2222'/>
    <nd ref='-2223'/>
    <nd ref='-2224'/>
    <nd ref='-2225'/>
    <nd ref='-2226'/>
    <nd ref='-2227'/>
    <nd ref='-2228'/>
    <nd ref='-2229'/>
    <nd ref='-2230'/>
    <nd ref='-2231'/>
    <nd ref='-2232'/>
    <nd ref='-2233'/>
    <nd ref='-2234'/>
    <nd ref='-2235'/>
    <nd ref='-2236'/>
    <nd ref='-2237'/>
    <nd ref='-2238'/>
    <nd ref='-2239'/>
    <nd ref='-2240'/>
    <nd ref='-2241'/>
    <nd ref='-2242'/>
    <nd ref='-2243'/>
    <nd ref='-2244'/>
    <nd ref='-2245'/>
    <nd ref='-2246'/>
    <nd ref='-2247'/>
    <nd ref='-2248'/>
    <nd ref='-2249'/>
    <nd ref='-2250'/>
    <nd ref='-2251'/>
    <nd ref='-2252'/>
    <nd ref='-2253'/>
    <nd ref='-2254'/>
    <nd ref='-2255'/>
    <nd ref='-2256'/>
    <nd ref='-2257'/>
    <nd ref='-2258'/>
    <nd ref='-2259'/>
    <nd ref='-2260'/>
    <nd ref='-2261'/>
    <nd ref='-2262'/>
    <nd ref='-2263'/>
    <nd ref='-2264'/>
    <nd ref='-2265'/>
    <nd ref='-2266'/>
    <nd ref='-2267'/>
    <nd ref='-2268'/>
    <nd ref='-2269'/>
    <nd ref='-2270'/>
    <nd ref='-2271'/>
    <nd ref='-2272'/>
    <nd ref='-2273'/>
    <nd ref='-2274'/>
    <nd ref='-2275'/>
    <nd ref='-2276'/>
    <nd ref='-2277'/>
    <nd ref='-2278'/>
    <nd ref='-2279'/>
    <nd ref='-2280'/>
    <nd ref='-2281'/>
    <nd ref='-2282'/>
    <nd ref='-2283'/>
    <nd ref='-2284'/>
    <nd ref='-2285'/>
    <nd ref='-2286'/>
    <nd ref='-2287'/>
    <nd ref='-2288'/>
    <nd ref='-2289'/>
    <nd ref='-2290'/>
    <nd ref='-2291'/>
    <nd ref='-2292'/>
    <nd ref='-2293'/>
    <nd ref='-2294'/>
    <nd ref='-2295'/>
    <nd ref='-2296'/>
    <nd ref='-2297'/>
    <nd ref='-2298'/>
    <nd ref='-2299'/>
    <nd ref='-2300'/>
    <nd ref='-2301'/>
    <nd ref='-2302'/>
    <nd ref='-2303'/>
    <nd ref='-2304'/>
    <nd ref='-2305'/>
    <nd ref='-2306'/>
    <nd ref='-2307'/>
    <nd ref='-2308'/>
    <nd ref='-2309'/>
    <nd ref='-2310'/>
    <nd ref='-2311'/>
    <nd ref='-2312'/>
    <nd ref='-2313'/>
    <nd ref='-2314'/>
    <nd ref='-2315'/>
    <nd ref='-2316'/>
    <nd ref='-2317'/>
    <nd ref='-2318'/>
    <nd ref='-2319'/>
    <nd ref='-2320'/>
    <nd ref='-2321'/>
    <nd ref='-2322'/>
    <nd ref='-2323'/>
    <nd ref='-2324'/>
    <nd ref='-2325'/>
    <nd ref='-2326'/>
    <nd ref='-2327'/>
    <nd ref='-2328'/>
    <nd ref='-2329'/>
    <nd ref='-2330'/>
    <nd ref='-2331'/>
    <nd ref='-2332'/>
    <nd ref='-2333'/>
    <nd ref='-2334'/>
    <nd ref='-2335'/>
    <nd ref='-2336'/>
    <nd ref='-2337'/>
    <nd ref='-2338'/>
    <nd ref='-2339'/>
    <nd ref='-2340'/>
    <nd ref='-2341'/>
    <nd ref='-2342'/>
    <nd ref='-2343'/>
    <nd ref='-2344'/>
    <nd ref='-2345'/>
    <nd ref='-2346'/>
    <nd ref='-2347'/>
    <nd ref='-2348'/>
    <nd ref='-2349'/>
    <nd ref='-2350'/>
    <nd ref='-2351'/>
    <nd ref='-2352'/>
    <nd ref='-2353'/>
    <nd ref='-2354'/>
    <nd ref='-2355'/>
    <nd ref='-2356'/>
    <nd ref='-2357'/>
    <nd ref='-2358'/>
    <nd ref='-2359'/>
    <nd ref='-2360'/>
    <nd ref='-2361'/>
    <nd ref='-2362'/>
    <nd ref='-2363'/>
    <nd ref='-2364'/>
    <nd ref='-2365'/>
    <nd ref='-2366'/>
    <nd ref='-2367'/>
    <nd ref='-2368'/>
    <nd ref='-2369'/>
    <nd ref='-2370'/>
    <nd ref='-2371'/>
    <nd ref='-2372'/>
    <nd ref='-2373'/>
    <nd ref='-2374'/>
    <nd ref='-2375'/>
    <nd ref='-2376'/>
    <nd ref='-2377'/>
    <nd ref='-2378'/>
    <nd ref='-2379'/>
    <nd ref='-2380'/>
    <nd ref='-2381'/>
    <nd ref='-2382'/>
    <nd ref='-2383'/>
    <nd ref='-2384'/>
    <nd ref='-2385'/>
    <nd ref='-2386'/>
    <nd ref='-2387'/>
    <nd ref='-2388'/>
    <nd ref='-2389'/>
    <nd ref='-2390'/>
    <nd ref='-2391'/>
    <nd ref='-2392'/>
    <nd ref='-2393'/>
    <nd ref='-2394'/>
    <nd ref='-2395'/>
    <nd ref='-2396'/>
    <nd ref='-2397'/>
    <nd ref='-2398'/>
    <nd ref='-2399'/>
    <nd ref='-2400'/>
    <nd ref='-2401'/>
    <nd ref='-2402'/>
    <nd ref='-2403'/>
    <nd ref='-2404'/>
    <nd ref='-2405'/>
    <nd ref='-2406'/>
    <nd ref='-2407'/>
    <nd ref='-2408'/>
    <nd ref='-2409'/>
    <nd ref='-2410'/>
    <nd ref='-2411'/>
    <nd ref='-2412'/>
    <nd ref='-2413'/>
    <nd ref='-2414'/>
    <nd ref='-2415'/>
    <nd ref='-2416'/>
    <nd ref='-2417'/>
    <nd ref='-2418'/>
    <nd ref='-2419'/>
    <nd ref='-2420'/>
    <nd ref='-2421'/>
    <nd ref='-2422'/>
    <nd ref='-2423'/>
    <nd ref='-2424'/>
    <nd ref='-2425'/>
    <nd ref='-2426'/>
    <nd ref='-2427'/>
    <nd ref='-2428'/>
    <nd ref='-2429'/>
    <nd ref='-2430'/>
    <nd ref='-2431'/>
    <nd ref='-2432'/>
    <nd ref='-2433'/>
    <nd ref='-2434'/>
    <nd ref='-2435'/>
    <nd ref='-2436'/>
    <nd ref='-2437'/>
    <nd ref='-2438'/>
    <nd ref='-2439'/>
    <nd ref='-2440'/>
    <nd ref='-2441'/>
    <nd ref='-2442'/>
    <nd ref='-2443'/>
    <nd ref='-2444'/>
    <nd ref='-2445'/>
    <nd ref='-2446'/>
    <nd ref='-2447'/>
    <nd ref='-2448'/>
    <nd ref='-2449'/>
    <nd ref='-2450'/>
    <nd ref='-2451'/>
    <nd ref='-2452'/>
    <nd ref='-2453'/>
    <nd ref='-2454'/>
    <nd ref='-2455'/>
    <nd ref='-2456'/>
    <nd ref='-2457'/>
    <nd ref='-2458'/>
    <nd ref='-2459'/>
    <nd ref='-2460'/>
    <nd ref='-2461'/>
    <nd ref='-2462'/>
    <nd ref='-2463'/>
    <nd ref='-2464'/>
    <nd ref='-2465'/>
    <nd ref='-2466'/>
    <nd ref='-2467'/>
    <nd ref='-2468'/>
    <nd ref='-2469'/>
    <nd ref='-2470'/>
    <nd ref='-2471'/>
    <nd ref='-2472'/>
    <nd ref='-2473'/>
    <nd ref='-2474'/>
    <nd ref='-2475'/>
    <nd ref='-2476'/>
    <nd ref='-2477'/>
    <nd ref='-2478'/>
    <nd ref='-2479'/>
    <nd ref='-2480'/>
    <nd ref='-2481'/>
    <nd ref='-2482'/>
    <nd ref='-2483'/>
    <nd ref='-2484'/>
    <nd ref='-2485'/>
    <nd ref='-2486'/>
    <nd ref='-2487'/>
    <nd ref='-2488'/>
    <nd ref='-2489'/>
    <nd ref='-2490'/>
    <nd ref='-2491'/>
    <nd ref='-2492'/>
    <nd ref='-2493'/>
    <nd ref='-2494'/>
    <nd ref='-2495'/>
    <nd ref='-2496'/>
    <nd ref='-2497'/>
    <nd ref='-2498'/>
    <nd ref='-2499'/>
    <nd ref='-2500'/>
    <nd ref='-2501'/>
    <nd ref='-2502'/>
    <nd ref='-2503'/>
    <nd ref='-2504'/>
    <nd ref='-2505'/>
    <nd ref='-2506'/>
    <nd ref='-2507'/>
    <nd ref='-2508'/>
    <nd ref='-2509'/>
    <nd ref='-2510'/>
    <nd ref='-2511'/>
    <nd ref='-2512'/>
    <nd ref='-2513'/>
    <nd ref='-2514'/>
    <nd ref='-2515'/>
    <nd ref='-2516'/>
    <nd ref='-2517'/>
    <nd ref='-2518'/>
    <nd ref='-2519'/>
    <nd ref='-2520'/>
    <nd ref='-2521'/>
    <nd ref='-2522'/>
    <nd ref='-2523'/>
    <nd ref='-2524'/>
    <nd ref='-2525'/>
    <nd ref='-2526'/>
    <nd ref='-2527'/>
    <nd ref='-2528'/>
    <nd ref='-2529'/>
    <nd ref='-2530'/>
    <nd ref='-2531'/>
    <nd ref='-2532'/>
    <nd ref='-2533'/>
    <nd ref='-2534'/>
    <nd ref='-2535'/>
    <nd ref='-2536'/>
    <nd ref='-2537'/>
    <nd ref='-2538'/>
    <nd ref='-2539'/>
    <nd ref='-2540'/>
    <nd ref='-2541'/>
    <nd ref='-2542'/>
    <nd ref='-2543'/>
    <nd ref='-2544'/>
    <nd ref='-2545'/>
    <nd ref='-2546'/>
    <nd ref='-2547'/>
    <nd ref='-2548'/>
    <nd ref='-2549'/>
    <nd ref='-2550'/>
    <nd ref='-2551'/>
    <nd ref='-2552'/>
    <nd ref='-2553'/>
    <nd ref='-2554'/>
    <nd ref='-2555'/>
    <nd ref='-2556'/>
    <nd ref='-2557'/>
    <nd ref='-2558'/>
    <nd ref='-2559'/>
    <nd ref='-2560'/>
    <nd ref='-2561'/>
    <nd ref='-2562'/>
    <nd ref='-2563'/>
    <nd ref='-2564'/>
    <nd ref='-2565'/>
    <nd ref='-2566'/>
    <nd ref='-2567'/>
    <nd ref='-2568'/>
    <nd ref='-2569'/>
    <nd ref='-2570'/>
    <nd ref='-2571'/>
    <nd ref='-2572'/>
    <nd ref='-2573'/>
    <nd ref='-2574'/>
    <nd ref='-2575'/>
    <nd ref='-2576'/>
    <nd ref='-2577'/>
    <nd ref='-2578'/>
    <nd ref='-2579'/>
    <nd ref='-2580'/>
    <nd ref='-2581'/>
    <nd ref='-2582'/>
    <nd ref='-2583'/>
    <nd ref='-2584'/>
    <nd ref='-2585'/>
    <nd ref='-2586'/>
    <nd ref='-2587'/>
    <nd ref='-2588'/>
    <nd ref='-2589'/>
    <nd ref='-2590'/>
    <nd ref='-2591'/>
    <nd ref='-2592'/>
    <nd ref='-2593'/>
    <nd ref='-2594'/>
    <nd ref='-2595'/>
    <nd ref='-2596'/>
    <nd ref='-2597'/>
    <nd ref='-2598'/>
    <nd ref='-2599'/>
    <nd ref='-2600'/>
    <nd ref='-2601'/>
    <nd ref='-2602'/>
    <nd ref='-2603'/>
    <nd ref='-2604'/>
    <nd ref='-2605'/>
    <nd ref='-2606'/>
    <nd ref='-2607'/>
    <nd ref='-2608'/>
    <nd ref='-2609'/>
    <nd ref='-2610'/>
    <nd ref='-2611'/>
    <nd ref='-2612'/>
    <nd ref='-2613'/>
    <nd ref='-2614'/>
    <nd ref='-2615'/>
    <nd ref='-2616'/>
    <nd ref='-2617'/>
    <nd ref='-2618'/>
    <nd ref='-2619'/>
    <nd ref='-2620'/>
    <nd ref='-2621'/>
    <nd ref='-2622'/>
    <nd ref='-2623'/>
    <nd ref='-2624'/>
    <nd ref='-2625'/>
    <nd ref='-2626'/>
    <nd ref='-2627'/>
    <nd ref='-2628'/>
    <nd ref='-2629'/>
    <nd ref='-2630'/>
    <nd ref='-2631'/>
    <nd ref='-2632'/>
    <nd ref='-2633'/>
    <nd ref='-2634'/>
    <nd ref='-2635'/>
    <nd ref='-2636'/>
    <nd ref='-2637'/>
    <nd ref='-2638'/>
    <nd ref='-2639'/>
    <nd ref='-2640'/>
    <nd ref='-2641'/>
    <nd ref='-2642'/>
    <nd ref='-2643'/>
    <nd ref='-2644'/>
    <nd ref='-2645'/>
    <nd ref='-2646'/>
    <nd ref='-2647'/>
    <nd ref='-2648'/>
    <nd ref='-2649'/>
    <nd ref='-2650'/>
    <nd ref='-2651'/>
    <nd ref='-2652'/>
    <nd ref='-2653'/>
    <nd ref='-2654'/>
    <nd ref='-2655'/>
    <nd ref='-2656'/>
    <nd ref='-2657'/>
    <nd ref='-2658'/>
    <nd ref='-2659'/>
    <nd ref='-2660'/>
    <nd ref='-2661'/>
    <nd ref='-2662'/>
    <nd ref='-2663'/>
    <nd ref='-2664'/>
    <nd ref='-2665'/>
    <nd ref='-2666'/>
    <nd ref='-2667'/>
    <nd ref='-2668'/>
    <nd ref='-2669'/>
    <nd ref='-2670'/>
    <nd ref='-2671'/>
    <nd ref='-2672'/>
    <nd ref='-2673'/>
    <nd ref='-2674'/>
    <nd ref='-2675'/>
    <nd ref='-2676'/>
    <nd ref='-2677'/>
    <nd ref='-2678'/>
    <nd ref='-2679'/>
    <nd ref='-2680'/>
    <nd ref='-2681'/>
    <nd ref='-2682'/>
    <nd ref='-2683'/>
    <nd ref='-2684'/>
    <nd ref='-2685'/>
    <nd ref='-2686'/>
    <nd ref='-2687'/>
    <nd ref='-2688'/>
    <nd ref='-2689'/>
    <nd ref='-2690'/>
    <nd ref='-2691'/>
    <nd ref='-2692'/>
    <nd ref='-2693'/>
    <nd ref='-2694'/>
    <nd ref='-2695'/>
    <nd ref='-2696'/>
    <nd ref='-2697'/>
    <nd ref='-2698'/>
    <nd ref='-2699'/>
    <nd ref='-2700'/>
    <nd ref='-2701'/>
    <nd ref='-2702'/>
    <nd ref='-2703'/>
    <nd ref='-2704'/>
    <nd ref='-2705'/>
    <nd ref='-2706'/>
    <nd ref='-2707'/>
    <nd ref='-2708'/>
    <nd ref='-2709'/>
    <nd ref='-2710'/>
    <nd ref='-2711'/>
    <nd ref='-2712'/>
    <nd ref='-2713'/>
    <nd ref='-2714'/>
    <nd ref='-2715'/>
    <nd ref='-2716'/>
    <nd ref='-2717'/>
    <nd ref='-2718'/>
    <nd ref='-2719'/>
    <nd ref='-2720'/>
    <nd ref='-2721'/>
    <nd ref='-2722'/>
    <nd ref='-2723'/>
    <nd ref='-2724'/>
    <nd ref='-2725'/>
    <nd ref='-2726'/>
    <nd ref='-2727'/>
    <nd ref='-2728'/>
    <nd ref='-2729'/>
    <nd ref='-2730'/>
    <nd ref='-2731'/>
    <nd ref='-2732'/>
    <nd ref='-2733'/>
    <nd ref='-2734'/>
    <nd ref='-2735'/>
    <nd ref='-2736'/>
    <nd ref='-2737'/>
    <nd ref='-2738'/>
    <nd ref='-2739'/>
    <nd ref='-2740'/>
    <nd ref='-2741'/>
    <nd ref='-2742'/>
    <nd ref='-2743'/>
    <nd ref='-2744'/>
    <nd ref='-2745'/>
    <nd ref='-2746'/>
    <nd ref='-2747'/>
    <nd ref='-2748'/>
    <nd ref='-2749'/>
    <nd ref='-2750'/>
    <nd ref='-2751'/>
    <nd ref='-2752'/>
    <nd ref='-2753'/>
    <nd ref='-2754'/>
    <nd ref='-2755'/>
    <nd ref='-2756'/>
    <nd ref='-2757'/>
    <nd ref='-2758'/>
    <nd ref='-2759'/>
    <nd ref='-2760'/>
    <nd ref='-2761'/>
    <nd ref='-2762'/>
    <nd ref='-2763'/>
    <nd ref='-2764'/>
    <nd ref='-2765'/>
    <nd ref='-2766'/>
    <nd ref='-2767'/>
    <nd ref='-2768'/>
    <nd ref='-2769'/>
    <nd ref='-2770'/>
    <nd ref='-2771'/>
    <nd ref='-2772'/>
    <nd ref='-2773'/>
    <nd ref='-2774'/>
    <nd ref='-2775'/>
    <nd ref='-2776'/>
    <nd ref='-2777'/>
    <nd ref='-2778'/>
    <nd ref='-2779'/>
    <nd ref='-2780'/>
    <nd ref='-2781'/>
    <nd ref='-2782'/>
    <nd ref='-2783'/>
    <nd ref='-2784'/>
    <nd ref='-2785'/>
    <nd ref='-2786'/>
    <nd ref='-2787'/>
    <nd ref='-2788'/>
    <nd ref='-2789'/>
    <nd ref='-2790'/>
    <nd ref='-2791'/>
    <nd ref='-2792'/>
    <nd ref='-2793'/>
    <nd ref='-2794'/>
    <nd ref='-2795'/>
    <nd ref='-2796'/>
    <nd ref='-2797'/>
    <nd ref='-2798'/>
    <nd ref='-2799'/>
    <nd ref='-2800'/>
    <nd ref='-2801'/>
    <nd ref='-2802'/>
    <nd ref='-2803'/>
    <nd ref='-2804'/>
    <nd ref='-2805'/>
    <nd ref='-2806'/>
    <nd ref='-2807'/>
    <nd ref='-2808'/>
    <nd ref='-2809'/>
    <nd ref='-2810'/>
    <nd ref='-2811'/>
    <nd ref='-2812'/>
    <nd ref='-2813'/>
    <nd ref='-2814'/>
    <nd ref='-2815'/>
    <nd ref='-2816'/>
    <nd ref='-2817'/>
    <nd ref='-2818'/>
    <nd ref='-2819'/>
    <nd ref='-2820'/>
    <nd ref='-2821'/>
    <nd ref='-2822'/>
    <nd ref='-2823'/>
    <nd ref='-2824'/>
    <nd ref='-2825'/>
    <nd ref='-2826'/>
    <nd ref='-2827'/>
    <nd ref='-2828'/>
    <nd ref='-2829'/>
    <nd ref='-2830'/>
    <nd ref='-2831'/>
    <nd ref='-2832'/>
    <nd ref='-2833'/>
    <nd ref='-2834'/>
    <nd ref='-2835'/>
    <nd ref='-2836'/>
    <nd ref='-2837'/>
    <nd ref='-2838'/>
    <nd ref='-2839'/>
    <nd ref='-2840'/>
    <nd ref='-2841'/>
    <nd ref='-2842'/>
    <nd ref='-2843'/>
    <nd ref='-2844'/>
    <nd ref='-2845'/>
    <nd ref='-2846'/>
    <nd ref='-2847'/>
    <nd ref='-2848'/>
    <nd ref='-2849'/>
    <nd ref='-2850'/>
    <nd ref='-2851'/>
    <nd ref='-2852'/>
    <nd ref='-2853'/>
    <nd ref='-2854'/>
    <nd ref='-2855'/>
    <nd ref='-2856'/>
    <nd ref='-2857'/>
    <nd ref='-2858'/>
    <nd ref='-2859'/>
    <nd ref='-2860'/>
    <nd ref='-2861'/>
    <nd ref='-2862'/>
    <nd ref='-2863'/>
    <nd ref='-2864'/>
    <nd ref='-2865'/>
    <nd ref='-2866'/>
    <nd ref='-2867'/>
    <nd ref='-2868'/>
    <nd ref='-2869'/>
    <nd ref='-2870'/>
    <nd ref='-2871'/>
    <nd ref='-2872'/>
    <nd ref='-2873'/>
    <nd ref='-2874'/>
    <nd ref='-2875'/>
    <nd ref='-2876'/>
    <nd ref='-2877'/>
    <nd ref='-2878'/>
    <nd ref='-2879'/>
    <nd ref='-2880'/>
    <nd ref='-2881'/>
    <nd ref='-2882'/>
    <nd ref='-2883'/>
    <nd ref='-2884'/>
    <nd ref='-2885'/>
    <nd ref='-2886'/>
    <nd ref='-2887'/>
    <nd ref='-2888'/>
    <nd ref='-2889'/>
    <nd ref='-2890'/>
    <nd ref='-2891'/>
    <nd ref='-2892'/>
    <nd ref='-2893'/>
    <nd ref='-2894'/>
    <nd ref='-2895'/>
    <nd ref='-2896'/>
    <nd ref='-2897'/>
    <nd ref='-2898'/>
    <nd ref='-2899'/>
    <nd ref='-2900'/>
    <nd ref='-2901'/>
    <nd ref='-2902'/>
    <nd ref='-2903'/>
    <nd ref='-2904'/>
    <nd ref='-2905'/>
    <nd ref='-2906'/>
    <nd ref='-2907'/>
    <nd ref='-2908'/>
    <nd ref='-2909'/>
    <nd ref='-2910'/>
    <nd ref='-2911'/>
    <nd ref='-2912'/>
    <nd ref='-2913'/>
    <nd ref='-2914'/>
    <nd ref='-2915'/>
    <nd ref='-2916'/>
    <nd ref='-2917'/>
    <nd ref='-2918'/>
    <nd ref='-2919'/>
    <nd ref='-2920'/>
    <nd ref='-2921'/>
    <nd ref='-2922'/>
    <nd ref='-2923'/>
    <nd ref='-2924'/>
    <nd ref='-2925'/>
    <nd ref='-2926'/>
    <nd ref='-2927'/>
    <nd ref='-2928'/>
    <nd ref='-2929'/>
    <nd ref='-2930'/>
    <nd ref='-2931'/>
    <nd ref='-2932'/>
    <nd ref='-2933'/>
    <nd ref='-2934'/>
    <nd ref='-2935'/>
    <nd ref='-2936'/>
    <nd ref='-2937'/>
    <nd ref='-2938'/>
    <nd ref='-2939'/>
    <nd ref='-2940'/>
    <nd ref='-2941'/>
    <nd ref='-2942'/>
    <nd ref='-2943'/>
    <nd ref='-2944'/>
    <nd ref='-2945'/>
    <nd ref='-2946'/>
    <nd ref='-2947'/>
    <nd ref='-2948'/>
    <nd ref='-2949'/>
    <nd ref='-2950'/>
    <nd ref='-2951'/>
    <nd ref='-2952'/>
    <nd ref='-2953'/>
    <nd ref='-2954'/>
    <nd ref='-2955'/>
    <nd ref='-2956'/>
    <nd ref='-2957'/>
    <nd ref='-2958'/>
    <nd ref='-2959'/>
    <nd ref='-2960'/>
    <nd ref='-2961'/>
    <nd ref='-2962'/>
    <nd ref='-2963'/>
    <nd ref='-2964'/>
    <nd ref='-2965'/>
    <nd ref='-2966'/>
    <nd ref='-2967'/>
    <nd ref='-2968'/>
    <nd ref='-2969'/>
    <nd ref='-2970'/>
    <nd ref='-2971'/>
    <nd ref='-2972'/>
    <nd ref='-2973'/>
    <nd ref='-2974'/>
    <nd ref='-2975'/>
    <nd ref='-2976'/>
    <nd ref='-2977'/>
    <nd ref='-2978'/>
    <nd ref='-2979'/>
    <nd ref='-2980'/>
    <nd ref='-2981'/>
    <nd ref='-2982'/>
    <nd ref='-2983'/>
    <nd ref='-2984'/>
    <nd ref='-2985'/>
    <nd ref='-2986'/>
    <nd ref='-2987'/>
    <nd ref='-2988'/>
    <nd ref='-2989'/>
    <nd ref='-2990'/>
    <nd ref='-2991'/>
    <nd ref='-2992'/>
    <nd ref='-2993'/>
    <nd ref='-2994'/>
    <nd ref='-2995'/>
    <nd ref='-2996'/>
    <nd ref='-2997'/>
    <nd ref='-2998'/>
    <nd ref='-2999'/>
    <nd ref='-3000'/>
    <nd ref='-3001'/>
    <nd ref='-3002'/>
    <nd ref='-3003'/>
    <nd ref='-3004'/>
    <nd ref='-3005'/>
    <nd ref='-3006'/>
    <nd ref='-3007'/>
    <nd ref='-3008'/>
    <nd ref='-3009'/>
    <nd ref='-3010'/>
    <nd ref='-3011'/>
    <nd ref='-3012'/>
    <nd ref='-3013'/>
    <nd ref='-3014'/>
    <nd ref='-3015'/>
    <nd ref='-3016'/>
    <nd ref='-3017'/>
    <nd ref='-3018'/>
    <nd ref='-3019'/>
    <nd ref='-3020'/>
    <nd ref='-3021'/>
    <nd ref='-3022'/>
    <nd ref='-3023'/>
    <nd ref='-3024'/>
    <nd ref='-3025'/>
    <nd ref='-3026'/>
    <nd ref='-3027'/>
    <nd ref='-3028'/>
    <nd ref='-3029'/>
    <nd ref='-3030'/>
    <nd ref='-3031'/>
    <nd ref='-3032'/>
    <nd ref='-3033'/>
    <nd ref='-3034'/>
    <nd ref='-3035'/>
    <nd ref='-3036'/>
    <nd ref='-3037'/>
    <nd ref='-3038'/>
    <nd ref='-3039'/>
    <nd ref='-3040'/>
    <nd ref='-3041'/>
    <nd ref='-3042'/>
    <nd ref='-3043'/>
    <nd ref='-3044'/>
    <nd ref='-3045'/>
    <nd ref='-3046'/>
    <nd ref='-3047'/>
    <nd ref='-3048'/>
    <nd ref='-3049'/>
    <nd ref='-3050'/>
    <nd ref='-3051'/>
    <nd ref='-3052'/>
    <nd ref='-3053'/>
    <nd ref='-3054'/>
    <nd ref='-3055'/>
    <nd ref='-3056'/>
    <nd ref='-3057'/>
    <nd ref='-3058'/>
    <nd ref='-3059'/>
    <nd ref='-3060'/>
    <nd ref='-3061'/>
    <nd ref='-3062'/>
    <nd ref='-3063'/>
    <nd ref='-3064'/>
    <nd ref='-3065'/>
    <nd ref='-3066'/>
    <nd ref='-3067'/>
    <nd ref='-3068'/>
    <nd ref='-3069'/>
    <nd ref='-3070'/>
    <nd ref='-3071'/>
    <nd ref='-3072'/>
    <nd ref='-3073'/>
    <nd ref='-3074'/>
    <tag k='highway' v='path'/>
    <tag k='name' v='Nydalaleden'/>
    <tag k='network' v='Pilgrimsleder Sverige'/>
    <tag k='note:trail' v='Nydalaleden'/>
    <tag k='note:path_source' v='OSM relation(s) 12562477 via Geofabrik Sweden PBF'/>
  </way>
  <relation id='-3076' version='0' action='modify' visible='true'>
    <member type='way' ref='-3075' role='path'/>
    <tag k='type' v='site'/>
    <tag k='name' v='Nydalaleden'/>
    <tag k='network' v='Pilgrimsleder Sverige'/>
    <tag k='note:trail' v='Nydalaleden'/>
    <tag k='url' v='https://www.svenskakyrkan.se/vaxjostift/nydalaleden-markaryd-ljungby'/>
    <tag k='note' v='Local JOSM research file for Swedish pilgrim trail mapping.'/>
  </relation>
</osm>
