<?xml version='1.0' encoding='UTF-8'?>
<osm version='0.6' generator='pilegrimsleden-osm-extractor 1.0'>
  <node id='-1' version='0' action='modify' visible='true' lat='59.2686634' lon='10.4046572'/>
  <node id='-2' version='0' action='modify' visible='true' lat='59.2687068' lon='10.4047101'/>
  <node id='-3' version='0' action='modify' visible='true' lat='59.2687490' lon='10.4047615'/>
  <node id='-4' version='0' action='modify' visible='true' lat='59.2689037' lon='10.4050036'/>
  <node id='-5' version='0' action='modify' visible='true' lat='59.2690521' lon='10.4051864'/>
  <node id='-6' version='0' action='modify' visible='true' lat='59.2690675' lon='10.4052054'/>
  <node id='-7' version='0' action='modify' visible='true' lat='59.2691208' lon='10.4052244'/>
  <node id='-8' version='0' action='modify' visible='true' lat='59.2691234' lon='10.4053060'/>
  <node id='-9' version='0' action='modify' visible='true' lat='59.2691453' lon='10.4053985'/>
  <node id='-10' version='0' action='modify' visible='true' lat='59.2692121' lon='10.4055487'/>
  <node id='-11' version='0' action='modify' visible='true' lat='59.2693255' lon='10.4057787'/>
  <node id='-12' version='0' action='modify' visible='true' lat='59.2694521' lon='10.4060546'/>
  <node id='-13' version='0' action='modify' visible='true' lat='59.2695012' lon='10.4061464'/>
  <node id='-14' version='0' action='modify' visible='true' lat='59.2695326' lon='10.4061685'/>
  <node id='-15' version='0' action='modify' visible='true' lat='59.2695558' lon='10.4061620'/>
  <node id='-16' version='0' action='modify' visible='true' lat='59.2696002' lon='10.4061267'/>
  <node id='-17' version='0' action='modify' visible='true' lat='59.2698316' lon='10.4059436'/>
  <node id='-18' version='0' action='modify' visible='true' lat='59.2701105' lon='10.4056889'/>
  <node id='-19' version='0' action='modify' visible='true' lat='59.2701657' lon='10.4056276'/>
  <node id='-20' version='0' action='modify' visible='true' lat='59.2701710' lon='10.4055206'/>
  <node id='-21' version='0' action='modify' visible='true' lat='59.2701827' lon='10.4054368'/>
  <node id='-22' version='0' action='modify' visible='true' lat='59.2701828' lon='10.4050934'/>
  <node id='-23' version='0' action='modify' visible='true' lat='59.2701962' lon='10.4049459'/>
  <node id='-24' version='0' action='modify' visible='true' lat='59.2702247' lon='10.4048115'/>
  <node id='-25' version='0' action='modify' visible='true' lat='59.2702983' lon='10.4046053'/>
  <node id='-26' version='0' action='modify' visible='true' lat='59.2704172' lon='10.4043401'/>
  <node id='-27' version='0' action='modify' visible='true' lat='59.2706163' lon='10.4039803'/>
  <node id='-28' version='0' action='modify' visible='true' lat='59.2706606' lon='10.4039113'/>
  <node id='-29' version='0' action='modify' visible='true' lat='59.2707414' lon='10.4038325'/>
  <node id='-30' version='0' action='modify' visible='true' lat='59.2708657' lon='10.4036531'/>
  <node id='-31' version='0' action='modify' visible='true' lat='59.2709604' lon='10.4035459'/>
  <node id='-32' version='0' action='modify' visible='true' lat='59.2711201' lon='10.4034254'/>
  <node id='-33' version='0' action='modify' visible='true' lat='59.2714681' lon='10.4032147'/>
  <node id='-34' version='0' action='modify' visible='true' lat='59.2715722' lon='10.4031609'/>
  <node id='-35' version='0' action='modify' visible='true' lat='59.2718121' lon='10.4030724'/>
  <node id='-36' version='0' action='modify' visible='true' lat='59.2718874' lon='10.4030670'/>
  <node id='-37' version='0' action='modify' visible='true' lat='59.2719237' lon='10.4030832'/>
  <node id='-38' version='0' action='modify' visible='true' lat='59.2719462' lon='10.4031013'/>
  <node id='-39' version='0' action='modify' visible='true' lat='59.2720278' lon='10.4030806'/>
  <node id='-40' version='0' action='modify' visible='true' lat='59.2722239' lon='10.4031381'/>
  <node id='-41' version='0' action='modify' visible='true' lat='59.2723637' lon='10.4031868'/>
  <node id='-42' version='0' action='modify' visible='true' lat='59.2724152' lon='10.4032196'/>
  <node id='-43' version='0' action='modify' visible='true' lat='59.2724555' lon='10.4032306'/>
  <node id='-44' version='0' action='modify' visible='true' lat='59.2724952' lon='10.4032374'/>
  <node id='-45' version='0' action='modify' visible='true' lat='59.2725390' lon='10.4032291'/>
  <node id='-46' version='0' action='modify' visible='true' lat='59.2726148' lon='10.4030694'/>
  <node id='-47' version='0' action='modify' visible='true' lat='59.2727179' lon='10.4029470'/>
  <node id='-48' version='0' action='modify' visible='true' lat='59.2728337' lon='10.4028162'/>
  <node id='-49' version='0' action='modify' visible='true' lat='59.2729503' lon='10.4026741'/>
  <node id='-50' version='0' action='modify' visible='true' lat='59.2730207' lon='10.4025950'/>
  <node id='-51' version='0' action='modify' visible='true' lat='59.2732223' lon='10.4026649'/>
  <node id='-52' version='0' action='modify' visible='true' lat='59.2734881' lon='10.4027797'/>
  <node id='-53' version='0' action='modify' visible='true' lat='59.2735998' lon='10.4028285'/>
  <node id='-54' version='0' action='modify' visible='true' lat='59.2736252' lon='10.4028416'/>
  <node id='-55' version='0' action='modify' visible='true' lat='59.2738275' lon='10.4029780'/>
  <node id='-56' version='0' action='modify' visible='true' lat='59.2739150' lon='10.4030199'/>
  <node id='-57' version='0' action='modify' visible='true' lat='59.2741349' lon='10.4031313'/>
  <node id='-58' version='0' action='modify' visible='true' lat='59.2743261' lon='10.4032439'/>
  <node id='-59' version='0' action='modify' visible='true' lat='59.2743777' lon='10.4032554'/>
  <node id='-60' version='0' action='modify' visible='true' lat='59.2744876' lon='10.4032619'/>
  <node id='-61' version='0' action='modify' visible='true' lat='59.2746068' lon='10.4033370'/>
  <node id='-62' version='0' action='modify' visible='true' lat='59.2747304' lon='10.4035215'/>
  <node id='-63' version='0' action='modify' visible='true' lat='59.2747987' lon='10.4036857'/>
  <node id='-64' version='0' action='modify' visible='true' lat='59.2748891' lon='10.4039271'/>
  <node id='-65' version='0' action='modify' visible='true' lat='59.2749715' lon='10.4040662'/>
  <node id='-66' version='0' action='modify' visible='true' lat='59.2751751' lon='10.4042251'/>
  <node id='-67' version='0' action='modify' visible='true' lat='59.2752776' lon='10.4042648'/>
  <node id='-68' version='0' action='modify' visible='true' lat='59.2753797' lon='10.4042861'/>
  <node id='-69' version='0' action='modify' visible='true' lat='59.2755021' lon='10.4042892'/>
  <node id='-70' version='0' action='modify' visible='true' lat='59.2755897' lon='10.4042566'/>
  <node id='-71' version='0' action='modify' visible='true' lat='59.2758791' lon='10.4040672'/>
  <node id='-72' version='0' action='modify' visible='true' lat='59.2761471' lon='10.4038798'/>
  <node id='-73' version='0' action='modify' visible='true' lat='59.2762370' lon='10.4038086'/>
  <node id='-74' version='0' action='modify' visible='true' lat='59.2762750' lon='10.4042806'/>
  <node id='-75' version='0' action='modify' visible='true' lat='59.2762879' lon='10.4044457'/>
  <node id='-76' version='0' action='modify' visible='true' lat='59.2762929' lon='10.4045165'/>
  <node id='-77' version='0' action='modify' visible='true' lat='59.2763406' lon='10.4051989'/>
  <node id='-78' version='0' action='modify' visible='true' lat='59.2763528' lon='10.4054997'/>
  <node id='-79' version='0' action='modify' visible='true' lat='59.2763629' lon='10.4057480'/>
  <node id='-80' version='0' action='modify' visible='true' lat='59.2763733' lon='10.4059790'/>
  <node id='-81' version='0' action='modify' visible='true' lat='59.2763774' lon='10.4060713'/>
  <node id='-82' version='0' action='modify' visible='true' lat='59.2763927' lon='10.4064117'/>
  <node id='-83' version='0' action='modify' visible='true' lat='59.2763982' lon='10.4065585'/>
  <node id='-84' version='0' action='modify' visible='true' lat='59.2763996' lon='10.4065955'/>
  <node id='-85' version='0' action='modify' visible='true' lat='59.2764094' lon='10.4066827'/>
  <node id='-86' version='0' action='modify' visible='true' lat='59.2764197' lon='10.4068210'/>
  <node id='-87' version='0' action='modify' visible='true' lat='59.2764229' lon='10.4070850'/>
  <node id='-88' version='0' action='modify' visible='true' lat='59.2764310' lon='10.4073602'/>
  <node id='-89' version='0' action='modify' visible='true' lat='59.2764412' lon='10.4076184'/>
  <node id='-90' version='0' action='modify' visible='true' lat='59.2764489' lon='10.4078116'/>
  <node id='-91' version='0' action='modify' visible='true' lat='59.2764633' lon='10.4081733'/>
  <node id='-92' version='0' action='modify' visible='true' lat='59.2764707' lon='10.4083980'/>
  <node id='-93' version='0' action='modify' visible='true' lat='59.2764762' lon='10.4085627'/>
  <node id='-94' version='0' action='modify' visible='true' lat='59.2764883' lon='10.4088881'/>
  <node id='-95' version='0' action='modify' visible='true' lat='59.2764964' lon='10.4091052'/>
  <node id='-96' version='0' action='modify' visible='true' lat='59.2764986' lon='10.4091631'/>
  <node id='-97' version='0' action='modify' visible='true' lat='59.2765206' lon='10.4096889'/>
  <node id='-98' version='0' action='modify' visible='true' lat='59.2765328' lon='10.4100335'/>
  <node id='-99' version='0' action='modify' visible='true' lat='59.2765376' lon='10.4101316'/>
  <node id='-100' version='0' action='modify' visible='true' lat='59.2765547' lon='10.4104808'/>
  <node id='-101' version='0' action='modify' visible='true' lat='59.2765626' lon='10.4106429'/>
  <node id='-102' version='0' action='modify' visible='true' lat='59.2765901' lon='10.4112920'/>
  <node id='-103' version='0' action='modify' visible='true' lat='59.2765873' lon='10.4113537'/>
  <node id='-104' version='0' action='modify' visible='true' lat='59.2765681' lon='10.4114225'/>
  <node id='-105' version='0' action='modify' visible='true' lat='59.2765941' lon='10.4114922'/>
  <node id='-106' version='0' action='modify' visible='true' lat='59.2766061' lon='10.4115441'/>
  <node id='-107' version='0' action='modify' visible='true' lat='59.2766056' lon='10.4117110'/>
  <node id='-108' version='0' action='modify' visible='true' lat='59.2767943' lon='10.4117654'/>
  <node id='-109' version='0' action='modify' visible='true' lat='59.2769371' lon='10.4118120'/>
  <node id='-110' version='0' action='modify' visible='true' lat='59.2770133' lon='10.4118368'/>
  <node id='-111' version='0' action='modify' visible='true' lat='59.2771163' lon='10.4118612'/>
  <node id='-112' version='0' action='modify' visible='true' lat='59.2772820' lon='10.4118714'/>
  <node id='-113' version='0' action='modify' visible='true' lat='59.2773574' lon='10.4117654'/>
  <node id='-114' version='0' action='modify' visible='true' lat='59.2774875' lon='10.4116306'/>
  <node id='-115' version='0' action='modify' visible='true' lat='59.2775514' lon='10.4115211'/>
  <node id='-116' version='0' action='modify' visible='true' lat='59.2776188' lon='10.4114370'/>
  <node id='-117' version='0' action='modify' visible='true' lat='59.2776631' lon='10.4113893'/>
  <node id='-118' version='0' action='modify' visible='true' lat='59.2777474' lon='10.4113320'/>
  <node id='-119' version='0' action='modify' visible='true' lat='59.2778302' lon='10.4112537'/>
  <node id='-120' version='0' action='modify' visible='true' lat='59.2780477' lon='10.4110224'/>
  <node id='-121' version='0' action='modify' visible='true' lat='59.2780924' lon='10.4109533'/>
  <node id='-122' version='0' action='modify' visible='true' lat='59.2781532' lon='10.4108164'/>
  <node id='-123' version='0' action='modify' visible='true' lat='59.2782089' lon='10.4107316'/>
  <node id='-124' version='0' action='modify' visible='true' lat='59.2783289' lon='10.4105946'/>
  <node id='-125' version='0' action='modify' visible='true' lat='59.2786431' lon='10.4100655'/>
  <node id='-126' version='0' action='modify' visible='true' lat='59.2787338' lon='10.4099129'/>
  <node id='-127' version='0' action='modify' visible='true' lat='59.2787634' lon='10.4098255'/>
  <node id='-128' version='0' action='modify' visible='true' lat='59.2787828' lon='10.4097312'/>
  <node id='-129' version='0' action='modify' visible='true' lat='59.2788061' lon='10.4096806'/>
  <node id='-130' version='0' action='modify' visible='true' lat='59.2788431' lon='10.4096373'/>
  <node id='-131' version='0' action='modify' visible='true' lat='59.2789159' lon='10.4095879'/>
  <node id='-132' version='0' action='modify' visible='true' lat='59.2789568' lon='10.4095387'/>
  <node id='-133' version='0' action='modify' visible='true' lat='59.2790311' lon='10.4094036'/>
  <node id='-134' version='0' action='modify' visible='true' lat='59.2791448' lon='10.4092840'/>
  <node id='-135' version='0' action='modify' visible='true' lat='59.2792116' lon='10.4091230'/>
  <node id='-136' version='0' action='modify' visible='true' lat='59.2792824' lon='10.4090154'/>
  <node id='-137' version='0' action='modify' visible='true' lat='59.2793480' lon='10.4089619'/>
  <node id='-138' version='0' action='modify' visible='true' lat='59.2794544' lon='10.4087806'/>
  <node id='-139' version='0' action='modify' visible='true' lat='59.2794702' lon='10.4086738'/>
  <node id='-140' version='0' action='modify' visible='true' lat='59.2794613' lon='10.4083176'/>
  <node id='-141' version='0' action='modify' visible='true' lat='59.2795549' lon='10.4080437'/>
  <node id='-142' version='0' action='modify' visible='true' lat='59.2796430' lon='10.4079340'/>
  <node id='-143' version='0' action='modify' visible='true' lat='59.2797439' lon='10.4075782'/>
  <node id='-144' version='0' action='modify' visible='true' lat='59.2797788' lon='10.4074973'/>
  <node id='-145' version='0' action='modify' visible='true' lat='59.2798321' lon='10.4074459'/>
  <node id='-146' version='0' action='modify' visible='true' lat='59.2798746' lon='10.4074533'/>
  <node id='-147' version='0' action='modify' visible='true' lat='59.2799116' lon='10.4075238'/>
  <node id='-148' version='0' action='modify' visible='true' lat='59.2799322' lon='10.4075788'/>
  <node id='-149' version='0' action='modify' visible='true' lat='59.2799635' lon='10.4076041'/>
  <node id='-150' version='0' action='modify' visible='true' lat='59.2800020' lon='10.4075961'/>
  <node id='-151' version='0' action='modify' visible='true' lat='59.2801966' lon='10.4073225'/>
  <node id='-152' version='0' action='modify' visible='true' lat='59.2802593' lon='10.4072618'/>
  <node id='-153' version='0' action='modify' visible='true' lat='59.2803336' lon='10.4072500'/>
  <node id='-154' version='0' action='modify' visible='true' lat='59.2803909' lon='10.4072801'/>
  <node id='-155' version='0' action='modify' visible='true' lat='59.2804528' lon='10.4073402'/>
  <node id='-156' version='0' action='modify' visible='true' lat='59.2805307' lon='10.4074646'/>
  <node id='-157' version='0' action='modify' visible='true' lat='59.2805718' lon='10.4074629'/>
  <node id='-158' version='0' action='modify' visible='true' lat='59.2806253' lon='10.4074275'/>
  <node id='-159' version='0' action='modify' visible='true' lat='59.2808306' lon='10.4073069'/>
  <node id='-160' version='0' action='modify' visible='true' lat='59.2809402' lon='10.4072289'/>
  <node id='-161' version='0' action='modify' visible='true' lat='59.2810153' lon='10.4072296'/>
  <node id='-162' version='0' action='modify' visible='true' lat='59.2810812' lon='10.4072677'/>
  <node id='-163' version='0' action='modify' visible='true' lat='59.2811550' lon='10.4073195'/>
  <node id='-164' version='0' action='modify' visible='true' lat='59.2812384' lon='10.4073536'/>
  <node id='-165' version='0' action='modify' visible='true' lat='59.2813455' lon='10.4073313'/>
  <node id='-166' version='0' action='modify' visible='true' lat='59.2813992' lon='10.4072852'/>
  <node id='-167' version='0' action='modify' visible='true' lat='59.2816095' lon='10.4072414'/>
  <node id='-168' version='0' action='modify' visible='true' lat='59.2816938' lon='10.4072772'/>
  <node id='-169' version='0' action='modify' visible='true' lat='59.2818590' lon='10.4074617'/>
  <node id='-170' version='0' action='modify' visible='true' lat='59.2820411' lon='10.4076742'/>
  <node id='-171' version='0' action='modify' visible='true' lat='59.2821579' lon='10.4077588'/>
  <node id='-172' version='0' action='modify' visible='true' lat='59.2822492' lon='10.4078257'/>
  <node id='-173' version='0' action='modify' visible='true' lat='59.2823036' lon='10.4078938'/>
  <node id='-174' version='0' action='modify' visible='true' lat='59.2824156' lon='10.4082518'/>
  <node id='-175' version='0' action='modify' visible='true' lat='59.2826600' lon='10.4078498'/>
  <node id='-176' version='0' action='modify' visible='true' lat='59.2828107' lon='10.4074967'/>
  <node id='-177' version='0' action='modify' visible='true' lat='59.2829113' lon='10.4071876'/>
  <node id='-178' version='0' action='modify' visible='true' lat='59.2829774' lon='10.4070873'/>
  <node id='-179' version='0' action='modify' visible='true' lat='59.2830574' lon='10.4069817'/>
  <node id='-180' version='0' action='modify' visible='true' lat='59.2832633' lon='10.4068416'/>
  <node id='-181' version='0' action='modify' visible='true' lat='59.2837949' lon='10.4067685'/>
  <node id='-182' version='0' action='modify' visible='true' lat='59.2843265' lon='10.4066954'/>
  <node id='-183' version='0' action='modify' visible='true' lat='59.2849782' lon='10.4067076'/>
  <node id='-184' version='0' action='modify' visible='true' lat='59.2854027' lon='10.4066561'/>
  <node id='-185' version='0' action='modify' visible='true' lat='59.2856298' lon='10.4066286'/>
  <node id='-186' version='0' action='modify' visible='true' lat='59.2859898' lon='10.4065253'/>
  <node id='-187' version='0' action='modify' visible='true' lat='59.2866601' lon='10.4061719'/>
  <node id='-188' version='0' action='modify' visible='true' lat='59.2867824' lon='10.4060242'/>
  <node id='-189' version='0' action='modify' visible='true' lat='59.2869002' lon='10.4058413'/>
  <node id='-190' version='0' action='modify' visible='true' lat='59.2871297' lon='10.4053663'/>
  <node id='-191' version='0' action='modify' visible='true' lat='59.2872105' lon='10.4054891'/>
  <node id='-192' version='0' action='modify' visible='true' lat='59.2872246' lon='10.4055273'/>
  <node id='-193' version='0' action='modify' visible='true' lat='59.2872091' lon='10.4055642'/>
  <node id='-194' version='0' action='modify' visible='true' lat='59.2872002' lon='10.4056104'/>
  <node id='-195' version='0' action='modify' visible='true' lat='59.2872139' lon='10.4057881'/>
  <node id='-196' version='0' action='modify' visible='true' lat='59.2872256' lon='10.4059218'/>
  <node id='-197' version='0' action='modify' visible='true' lat='59.2872395' lon='10.4061115'/>
  <node id='-198' version='0' action='modify' visible='true' lat='59.2872392' lon='10.4062588'/>
  <node id='-199' version='0' action='modify' visible='true' lat='59.2872324' lon='10.4063071'/>
  <node id='-200' version='0' action='modify' visible='true' lat='59.2872224' lon='10.4063306'/>
  <node id='-201' version='0' action='modify' visible='true' lat='59.2871999' lon='10.4063645'/>
  <node id='-202' version='0' action='modify' visible='true' lat='59.2870177' lon='10.4065563'/>
  <node id='-203' version='0' action='modify' visible='true' lat='59.2869913' lon='10.4066055'/>
  <node id='-204' version='0' action='modify' visible='true' lat='59.2869591' lon='10.4066974'/>
  <node id='-205' version='0' action='modify' visible='true' lat='59.2869372' lon='10.4068007'/>
  <node id='-206' version='0' action='modify' visible='true' lat='59.2869214' lon='10.4069401'/>
  <node id='-207' version='0' action='modify' visible='true' lat='59.2869114' lon='10.4071587'/>
  <node id='-208' version='0' action='modify' visible='true' lat='59.2869108' lon='10.4073257'/>
  <node id='-209' version='0' action='modify' visible='true' lat='59.2869142' lon='10.4074001'/>
  <node id='-210' version='0' action='modify' visible='true' lat='59.2869289' lon='10.4075423'/>
  <node id='-211' version='0' action='modify' visible='true' lat='59.2869591' lon='10.4077105'/>
  <node id='-212' version='0' action='modify' visible='true' lat='59.2869693' lon='10.4078051'/>
  <node id='-213' version='0' action='modify' visible='true' lat='59.2869768' lon='10.4081065'/>
  <node id='-214' version='0' action='modify' visible='true' lat='59.2869820' lon='10.4081840'/>
  <node id='-215' version='0' action='modify' visible='true' lat='59.2870067' lon='10.4082980'/>
  <node id='-216' version='0' action='modify' visible='true' lat='59.2870402' lon='10.4084066'/>
  <node id='-217' version='0' action='modify' visible='true' lat='59.2870899' lon='10.4085152'/>
  <node id='-218' version='0' action='modify' visible='true' lat='59.2871372' lon='10.4085937'/>
  <node id='-219' version='0' action='modify' visible='true' lat='59.2872105' lon='10.4086843'/>
  <node id='-220' version='0' action='modify' visible='true' lat='59.2873176' lon='10.4088036'/>
  <node id='-221' version='0' action='modify' visible='true' lat='59.2874574' lon='10.4089290'/>
  <node id='-222' version='0' action='modify' visible='true' lat='59.2875769' lon='10.4090155'/>
  <node id='-223' version='0' action='modify' visible='true' lat='59.2877070' lon='10.4090893'/>
  <node id='-224' version='0' action='modify' visible='true' lat='59.2877988' lon='10.4091328'/>
  <node id='-225' version='0' action='modify' visible='true' lat='59.2878987' lon='10.4091434'/>
  <node id='-226' version='0' action='modify' visible='true' lat='59.2879591' lon='10.4091315'/>
  <node id='-227' version='0' action='modify' visible='true' lat='59.2881393' lon='10.4090395'/>
  <node id='-228' version='0' action='modify' visible='true' lat='59.2882433' lon='10.4090403'/>
  <node id='-229' version='0' action='modify' visible='true' lat='59.2884320' lon='10.4091368'/>
  <node id='-230' version='0' action='modify' visible='true' lat='59.2885201' lon='10.4091905'/>
  <node id='-231' version='0' action='modify' visible='true' lat='59.2886543' lon='10.4092978'/>
  <node id='-232' version='0' action='modify' visible='true' lat='59.2887639' lon='10.4094010'/>
  <node id='-233' version='0' action='modify' visible='true' lat='59.2888242' lon='10.4094829'/>
  <node id='-234' version='0' action='modify' visible='true' lat='59.2888721' lon='10.4095727'/>
  <node id='-235' version='0' action='modify' visible='true' lat='59.2889331' lon='10.4097176'/>
  <node id='-236' version='0' action='modify' visible='true' lat='59.2889668' lon='10.4098286'/>
  <node id='-237' version='0' action='modify' visible='true' lat='59.2889919' lon='10.4099321'/>
  <node id='-238' version='0' action='modify' visible='true' lat='59.2890098' lon='10.4100461'/>
  <node id='-239' version='0' action='modify' visible='true' lat='59.2890490' lon='10.4104541'/>
  <node id='-240' version='0' action='modify' visible='true' lat='59.2890646' lon='10.4105330'/>
  <node id='-241' version='0' action='modify' visible='true' lat='59.2891215' lon='10.4107745'/>
  <node id='-242' version='0' action='modify' visible='true' lat='59.2891796' lon='10.4108709'/>
  <node id='-243' version='0' action='modify' visible='true' lat='59.2892885' lon='10.4109970'/>
  <node id='-244' version='0' action='modify' visible='true' lat='59.2895125' lon='10.4112343'/>
  <node id='-245' version='0' action='modify' visible='true' lat='59.2896167' lon='10.4113159'/>
  <node id='-246' version='0' action='modify' visible='true' lat='59.2898210' lon='10.4115792'/>
  <node id='-247' version='0' action='modify' visible='true' lat='59.2899228' lon='10.4118310'/>
  <node id='-248' version='0' action='modify' visible='true' lat='59.2899934' lon='10.4121822'/>
  <node id='-249' version='0' action='modify' visible='true' lat='59.2900220' lon='10.4124829'/>
  <node id='-250' version='0' action='modify' visible='true' lat='59.2900242' lon='10.4127103'/>
  <node id='-251' version='0' action='modify' visible='true' lat='59.2899922' lon='10.4132241'/>
  <node id='-252' version='0' action='modify' visible='true' lat='59.2900093' lon='10.4133644'/>
  <node id='-253' version='0' action='modify' visible='true' lat='59.2905207' lon='10.4126854'/>
  <node id='-254' version='0' action='modify' visible='true' lat='59.2911603' lon='10.4118324'/>
  <node id='-255' version='0' action='modify' visible='true' lat='59.2912220' lon='10.4117882'/>
  <node id='-256' version='0' action='modify' visible='true' lat='59.2912919' lon='10.4118459'/>
  <node id='-257' version='0' action='modify' visible='true' lat='59.2913338' lon='10.4119027'/>
  <node id='-258' version='0' action='modify' visible='true' lat='59.2913781' lon='10.4119626'/>
  <node id='-259' version='0' action='modify' visible='true' lat='59.2915904' lon='10.4120913'/>
  <node id='-260' version='0' action='modify' visible='true' lat='59.2916199' lon='10.4123354'/>
  <node id='-261' version='0' action='modify' visible='true' lat='59.2918603' lon='10.4132473'/>
  <node id='-262' version='0' action='modify' visible='true' lat='59.2919048' lon='10.4133403'/>
  <node id='-263' version='0' action='modify' visible='true' lat='59.2924886' lon='10.4130187'/>
  <node id='-264' version='0' action='modify' visible='true' lat='59.2927785' lon='10.4128532'/>
  <node id='-265' version='0' action='modify' visible='true' lat='59.2929382' lon='10.4128262'/>
  <node id='-266' version='0' action='modify' visible='true' lat='59.2932756' lon='10.4128157'/>
  <node id='-267' version='0' action='modify' visible='true' lat='59.2934683' lon='10.4128370'/>
  <node id='-268' version='0' action='modify' visible='true' lat='59.2935860' lon='10.4127967'/>
  <node id='-269' version='0' action='modify' visible='true' lat='59.2938778' lon='10.4125848'/>
  <node id='-270' version='0' action='modify' visible='true' lat='59.2939997' lon='10.4125435'/>
  <node id='-271' version='0' action='modify' visible='true' lat='59.2944003' lon='10.4126264'/>
  <node id='-272' version='0' action='modify' visible='true' lat='59.2946447' lon='10.4126734'/>
  <node id='-273' version='0' action='modify' visible='true' lat='59.2949237' lon='10.4127287'/>
  <node id='-274' version='0' action='modify' visible='true' lat='59.2951762' lon='10.4127511'/>
  <node id='-275' version='0' action='modify' visible='true' lat='59.2952592' lon='10.4127197'/>
  <node id='-276' version='0' action='modify' visible='true' lat='59.2952959' lon='10.4126188'/>
  <node id='-277' version='0' action='modify' visible='true' lat='59.2953685' lon='10.4125352'/>
  <node id='-278' version='0' action='modify' visible='true' lat='59.2954446' lon='10.4124910'/>
  <node id='-279' version='0' action='modify' visible='true' lat='59.2955802' lon='10.4124432'/>
  <node id='-280' version='0' action='modify' visible='true' lat='59.2959136' lon='10.4124051'/>
  <node id='-281' version='0' action='modify' visible='true' lat='59.2960691' lon='10.4123609'/>
  <node id='-282' version='0' action='modify' visible='true' lat='59.2962081' lon='10.4123126'/>
  <node id='-283' version='0' action='modify' visible='true' lat='59.2963357' lon='10.4121594'/>
  <node id='-284' version='0' action='modify' visible='true' lat='59.2964340' lon='10.4120136'/>
  <node id='-285' version='0' action='modify' visible='true' lat='59.2967148' lon='10.4117869'/>
  <node id='-286' version='0' action='modify' visible='true' lat='59.2968612' lon='10.4116371'/>
  <node id='-287' version='0' action='modify' visible='true' lat='59.2970079' lon='10.4115482'/>
  <node id='-288' version='0' action='modify' visible='true' lat='59.2971403' lon='10.4114105'/>
  <node id='-289' version='0' action='modify' visible='true' lat='59.2972733' lon='10.4113625'/>
  <node id='-290' version='0' action='modify' visible='true' lat='59.2974083' lon='10.4114093'/>
  <node id='-291' version='0' action='modify' visible='true' lat='59.2975678' lon='10.4115253'/>
  <node id='-292' version='0' action='modify' visible='true' lat='59.2977034' lon='10.4116144'/>
  <node id='-293' version='0' action='modify' visible='true' lat='59.2979169' lon='10.4117508'/>
  <node id='-294' version='0' action='modify' visible='true' lat='59.2980782' lon='10.4117668'/>
  <node id='-295' version='0' action='modify' visible='true' lat='59.2982672' lon='10.4118006'/>
  <node id='-296' version='0' action='modify' visible='true' lat='59.2983685' lon='10.4118955'/>
  <node id='-297' version='0' action='modify' visible='true' lat='59.2984890' lon='10.4121101'/>
  <node id='-298' version='0' action='modify' visible='true' lat='59.2986339' lon='10.4124089'/>
  <node id='-299' version='0' action='modify' visible='true' lat='59.2987270' lon='10.4125447'/>
  <node id='-300' version='0' action='modify' visible='true' lat='59.2989879' lon='10.4123953'/>
  <node id='-301' version='0' action='modify' visible='true' lat='59.2991464' lon='10.4123541'/>
  <node id='-302' version='0' action='modify' visible='true' lat='59.2993107' lon='10.4123327'/>
  <node id='-303' version='0' action='modify' visible='true' lat='59.2996627' lon='10.4123882'/>
  <node id='-304' version='0' action='modify' visible='true' lat='59.2999474' lon='10.4124185'/>
  <node id='-305' version='0' action='modify' visible='true' lat='59.3001129' lon='10.4125084'/>
  <node id='-306' version='0' action='modify' visible='true' lat='59.3002381' lon='10.4127499'/>
  <node id='-307' version='0' action='modify' visible='true' lat='59.3002591' lon='10.4128498'/>
  <node id='-308' version='0' action='modify' visible='true' lat='59.3002774' lon='10.4130167'/>
  <node id='-309' version='0' action='modify' visible='true' lat='59.3003486' lon='10.4132027'/>
  <node id='-310' version='0' action='modify' visible='true' lat='59.3004726' lon='10.4133933'/>
  <node id='-311' version='0' action='modify' visible='true' lat='59.3005924' lon='10.4135598'/>
  <node id='-312' version='0' action='modify' visible='true' lat='59.3007551' lon='10.4138037'/>
  <node id='-313' version='0' action='modify' visible='true' lat='59.3009197' lon='10.4140302'/>
  <node id='-314' version='0' action='modify' visible='true' lat='59.3010021' lon='10.4140791'/>
  <node id='-315' version='0' action='modify' visible='true' lat='59.3012347' lon='10.4140733'/>
  <node id='-316' version='0' action='modify' visible='true' lat='59.3017143' lon='10.4140830'/>
  <node id='-317' version='0' action='modify' visible='true' lat='59.3018488' lon='10.4140721'/>
  <node id='-318' version='0' action='modify' visible='true' lat='59.3019454' lon='10.4141007'/>
  <node id='-319' version='0' action='modify' visible='true' lat='59.3020569' lon='10.4142344'/>
  <node id='-320' version='0' action='modify' visible='true' lat='59.3021315' lon='10.4142559'/>
  <node id='-321' version='0' action='modify' visible='true' lat='59.3022660' lon='10.4142477'/>
  <node id='-322' version='0' action='modify' visible='true' lat='59.3025210' lon='10.4140761'/>
  <node id='-323' version='0' action='modify' visible='true' lat='59.3026381' lon='10.4140941'/>
  <node id='-324' version='0' action='modify' visible='true' lat='59.3029492' lon='10.4141268'/>
  <node id='-325' version='0' action='modify' visible='true' lat='59.3030880' lon='10.4141626'/>
  <node id='-326' version='0' action='modify' visible='true' lat='59.3031640' lon='10.4141566'/>
  <node id='-327' version='0' action='modify' visible='true' lat='59.3032756' lon='10.4142076'/>
  <node id='-328' version='0' action='modify' visible='true' lat='59.3033365' lon='10.4142599'/>
  <node id='-329' version='0' action='modify' visible='true' lat='59.3033782' lon='10.4143350'/>
  <node id='-330' version='0' action='modify' visible='true' lat='59.3037226' lon='10.4145873'/>
  <node id='-331' version='0' action='modify' visible='true' lat='59.3039428' lon='10.4147351'/>
  <node id='-332' version='0' action='modify' visible='true' lat='59.3042828' lon='10.4149765'/>
  <node id='-333' version='0' action='modify' visible='true' lat='59.3045110' lon='10.4151998'/>
  <node id='-334' version='0' action='modify' visible='true' lat='59.3046422' lon='10.4154782'/>
  <node id='-335' version='0' action='modify' visible='true' lat='59.3047057' lon='10.4156238'/>
  <node id='-336' version='0' action='modify' visible='true' lat='59.3047495' lon='10.4156640'/>
  <node id='-337' version='0' action='modify' visible='true' lat='59.3049168' lon='10.4156730'/>
  <node id='-338' version='0' action='modify' visible='true' lat='59.3051877' lon='10.4155970'/>
  <node id='-339' version='0' action='modify' visible='true' lat='59.3053652' lon='10.4156642'/>
  <node id='-340' version='0' action='modify' visible='true' lat='59.3055113' lon='10.4158281'/>
  <node id='-341' version='0' action='modify' visible='true' lat='59.3056024' lon='10.4159917'/>
  <node id='-342' version='0' action='modify' visible='true' lat='59.3056860' lon='10.4160449'/>
  <node id='-343' version='0' action='modify' visible='true' lat='59.3057983' lon='10.4160100'/>
  <node id='-344' version='0' action='modify' visible='true' lat='59.3059386' lon='10.4159091'/>
  <node id='-345' version='0' action='modify' visible='true' lat='59.3060352' lon='10.4157847'/>
  <node id='-346' version='0' action='modify' visible='true' lat='59.3061019' lon='10.4156147'/>
  <node id='-347' version='0' action='modify' visible='true' lat='59.3061748' lon='10.4153770'/>
  <node id='-348' version='0' action='modify' visible='true' lat='59.3062737' lon='10.4152824'/>
  <node id='-349' version='0' action='modify' visible='true' lat='59.3065081' lon='10.4151558'/>
  <node id='-350' version='0' action='modify' visible='true' lat='59.3067501' lon='10.4150192'/>
  <node id='-351' version='0' action='modify' visible='true' lat='59.3072551' lon='10.4147204'/>
  <node id='-352' version='0' action='modify' visible='true' lat='59.3076435' lon='10.4147697'/>
  <node id='-353' version='0' action='modify' visible='true' lat='59.3080396' lon='10.4149226'/>
  <node id='-354' version='0' action='modify' visible='true' lat='59.3083257' lon='10.4148889'/>
  <node id='-355' version='0' action='modify' visible='true' lat='59.3087569' lon='10.4149730'/>
  <node id='-356' version='0' action='modify' visible='true' lat='59.3088891' lon='10.4148877'/>
  <node id='-357' version='0' action='modify' visible='true' lat='59.3089855' lon='10.4152402'/>
  <node id='-358' version='0' action='modify' visible='true' lat='59.3093278' lon='10.4162729'/>
  <node id='-359' version='0' action='modify' visible='true' lat='59.3093925' lon='10.4165201'/>
  <node id='-360' version='0' action='modify' visible='true' lat='59.3094223' lon='10.4167580'/>
  <node id='-361' version='0' action='modify' visible='true' lat='59.3093773' lon='10.4169586'/>
  <node id='-362' version='0' action='modify' visible='true' lat='59.3092323' lon='10.4174395'/>
  <node id='-363' version='0' action='modify' visible='true' lat='59.3092133' lon='10.4175317'/>
  <node id='-364' version='0' action='modify' visible='true' lat='59.3092086' lon='10.4177054'/>
  <node id='-365' version='0' action='modify' visible='true' lat='59.3092058' lon='10.4187475'/>
  <node id='-366' version='0' action='modify' visible='true' lat='59.3092042' lon='10.4194533'/>
  <node id='-367' version='0' action='modify' visible='true' lat='59.3092087' lon='10.4196793'/>
  <node id='-368' version='0' action='modify' visible='true' lat='59.3092234' lon='10.4197960'/>
  <node id='-369' version='0' action='modify' visible='true' lat='59.3092500' lon='10.4199108'/>
  <node id='-370' version='0' action='modify' visible='true' lat='59.3094291' lon='10.4204196'/>
  <node id='-371' version='0' action='modify' visible='true' lat='59.3094860' lon='10.4206817'/>
  <node id='-372' version='0' action='modify' visible='true' lat='59.3095039' lon='10.4209919'/>
  <node id='-373' version='0' action='modify' visible='true' lat='59.3095129' lon='10.4212844'/>
  <node id='-374' version='0' action='modify' visible='true' lat='59.3097905' lon='10.4210968'/>
  <node id='-375' version='0' action='modify' visible='true' lat='59.3104257' lon='10.4211826'/>
  <node id='-376' version='0' action='modify' visible='true' lat='59.3105681' lon='10.4211290'/>
  <node id='-377' version='0' action='modify' visible='true' lat='59.3107707' lon='10.4209895'/>
  <node id='-378' version='0' action='modify' visible='true' lat='59.3109076' lon='10.4208500'/>
  <node id='-379' version='0' action='modify' visible='true' lat='59.3110281' lon='10.4208286'/>
  <node id='-380' version='0' action='modify' visible='true' lat='59.3113402' lon='10.4210539'/>
  <node id='-381' version='0' action='modify' visible='true' lat='59.3115647' lon='10.4211075'/>
  <node id='-382' version='0' action='modify' visible='true' lat='59.3118604' lon='10.4209895'/>
  <node id='-383' version='0' action='modify' visible='true' lat='59.3119535' lon='10.4211290'/>
  <node id='-384' version='0' action='modify' visible='true' lat='59.3120630' lon='10.4214616'/>
  <node id='-385' version='0' action='modify' visible='true' lat='59.3120904' lon='10.4217405'/>
  <node id='-386' version='0' action='modify' visible='true' lat='59.3120794' lon='10.4218693'/>
  <node id='-387' version='0' action='modify' visible='true' lat='59.3121928' lon='10.4228742'/>
  <node id='-388' version='0' action='modify' visible='true' lat='59.3123061' lon='10.4238791'/>
  <node id='-389' version='0' action='modify' visible='true' lat='59.3125114' lon='10.4238217'/>
  <node id='-390' version='0' action='modify' visible='true' lat='59.3133913' lon='10.4236361'/>
  <node id='-391' version='0' action='modify' visible='true' lat='59.3134017' lon='10.4238528'/>
  <node id='-392' version='0' action='modify' visible='true' lat='59.3133744' lon='10.4240901'/>
  <node id='-393' version='0' action='modify' visible='true' lat='59.3133333' lon='10.4243744'/>
  <node id='-394' version='0' action='modify' visible='true' lat='59.3132594' lon='10.4245890'/>
  <node id='-395' version='0' action='modify' visible='true' lat='59.3131526' lon='10.4251630'/>
  <node id='-396' version='0' action='modify' visible='true' lat='59.3130349' lon='10.4255493'/>
  <node id='-397' version='0' action='modify' visible='true' lat='59.3130048' lon='10.4257692'/>
  <node id='-398' version='0' action='modify' visible='true' lat='59.3129966' lon='10.4261769'/>
  <node id='-399' version='0' action='modify' visible='true' lat='59.3130321' lon='10.4264129'/>
  <node id='-400' version='0' action='modify' visible='true' lat='59.3131198' lon='10.4267348'/>
  <node id='-401' version='0' action='modify' visible='true' lat='59.3130979' lon='10.4272176'/>
  <node id='-402' version='0' action='modify' visible='true' lat='59.3129637' lon='10.4276414'/>
  <node id='-403' version='0' action='modify' visible='true' lat='59.3128788' lon='10.4280652'/>
  <node id='-404' version='0' action='modify' visible='true' lat='59.3127693' lon='10.4284299'/>
  <node id='-405' version='0' action='modify' visible='true' lat='59.3126613' lon='10.4287193'/>
  <node id='-406' version='0' action='modify' visible='true' lat='59.3124271' lon='10.4293473'/>
  <node id='-407' version='0' action='modify' visible='true' lat='59.3124271' lon='10.4294653'/>
  <node id='-408' version='0' action='modify' visible='true' lat='59.3122409' lon='10.4300393'/>
  <node id='-409' version='0' action='modify' visible='true' lat='59.3121889' lon='10.4303558'/>
  <node id='-410' version='0' action='modify' visible='true' lat='59.3121862' lon='10.4309459'/>
  <node id='-411' version='0' action='modify' visible='true' lat='59.3120931' lon='10.4313375'/>
  <node id='-412' version='0' action='modify' visible='true' lat='59.3121083' lon='10.4322926'/>
  <node id='-413' version='0' action='modify' visible='true' lat='59.3121424' lon='10.4323567'/>
  <node id='-414' version='0' action='modify' visible='true' lat='59.3122190' lon='10.4324425'/>
  <node id='-415' version='0' action='modify' visible='true' lat='59.3128241' lon='10.4328449'/>
  <node id='-416' version='0' action='modify' visible='true' lat='59.3131881' lon='10.4329025'/>
  <node id='-417' version='0' action='modify' visible='true' lat='59.3134811' lon='10.4328395'/>
  <node id='-418' version='0' action='modify' visible='true' lat='59.3136316' lon='10.4328274'/>
  <node id='-419' version='0' action='modify' visible='true' lat='59.3140314' lon='10.4327537'/>
  <node id='-420' version='0' action='modify' visible='true' lat='59.3141075' lon='10.4327291'/>
  <node id='-421' version='0' action='modify' visible='true' lat='59.3143680' lon='10.4326450'/>
  <node id='-422' version='0' action='modify' visible='true' lat='59.3144775' lon='10.4327309'/>
  <node id='-423' version='0' action='modify' visible='true' lat='59.3146775' lon='10.4326786'/>
  <node id='-424' version='0' action='modify' visible='true' lat='59.3148690' lon='10.4326826'/>
  <node id='-425' version='0' action='modify' visible='true' lat='59.3149485' lon='10.4326088'/>
  <node id='-426' version='0' action='modify' visible='true' lat='59.3151210' lon='10.4325659'/>
  <node id='-427' version='0' action='modify' visible='true' lat='59.3152414' lon='10.4325552'/>
  <node id='-428' version='0' action='modify' visible='true' lat='59.3153480' lon='10.4326129'/>
  <node id='-429' version='0' action='modify' visible='true' lat='59.3154413' lon='10.4325927'/>
  <node id='-430' version='0' action='modify' visible='true' lat='59.3157095' lon='10.4325015'/>
  <node id='-431' version='0' action='modify' visible='true' lat='59.3159915' lon='10.4323352'/>
  <node id='-432' version='0' action='modify' visible='true' lat='59.3161338' lon='10.4322816'/>
  <node id='-433' version='0' action='modify' visible='true' lat='59.3165417' lon='10.4324264'/>
  <node id='-434' version='0' action='modify' visible='true' lat='59.3167936' lon='10.4324479'/>
  <node id='-435' version='0' action='modify' visible='true' lat='59.3169250' lon='10.4325337'/>
  <node id='-436' version='0' action='modify' visible='true' lat='59.3169796' lon='10.4325270'/>
  <node id='-437' version='0' action='modify' visible='true' lat='59.3170618' lon='10.4326839'/>
  <node id='-438' version='0' action='modify' visible='true' lat='59.3173727' lon='10.4327161'/>
  <node id='-439' version='0' action='modify' visible='true' lat='59.3175763' lon='10.4326719'/>
  <node id='-440' version='0' action='modify' visible='true' lat='59.3177751' lon='10.4324962'/>
  <node id='-441' version='0' action='modify' visible='true' lat='59.3180023' lon='10.4323567'/>
  <node id='-442' version='0' action='modify' visible='true' lat='59.3181446' lon='10.4323674'/>
  <node id='-443' version='0' action='modify' visible='true' lat='59.3183307' lon='10.4322280'/>
  <node id='-444' version='0' action='modify' visible='true' lat='59.3184375' lon='10.4322601'/>
  <node id='-445' version='0' action='modify' visible='true' lat='59.3186921' lon='10.4322655'/>
  <node id='-446' version='0' action='modify' visible='true' lat='59.3189329' lon='10.4321689'/>
  <node id='-447' version='0' action='modify' visible='true' lat='59.3192039' lon='10.4320295'/>
  <node id='-448' version='0' action='modify' visible='true' lat='59.3195050' lon='10.4317559'/>
  <node id='-449' version='0' action='modify' visible='true' lat='59.3197021' lon='10.4315735'/>
  <node id='-450' version='0' action='modify' visible='true' lat='59.3199156' lon='10.4313106'/>
  <node id='-451' version='0' action='modify' visible='true' lat='59.3201759' lon='10.4310085'/>
  <node id='-452' version='0' action='modify' visible='true' lat='59.3203508' lon='10.4308493'/>
  <node id='-453' version='0' action='modify' visible='true' lat='59.3204986' lon='10.4307152'/>
  <node id='-454' version='0' action='modify' visible='true' lat='59.3210405' lon='10.4306723'/>
  <node id='-455' version='0' action='modify' visible='true' lat='59.3213290' lon='10.4307839'/>
  <node id='-456' version='0' action='modify' visible='true' lat='59.3215250' lon='10.4307957'/>
  <node id='-457' version='0' action='modify' visible='true' lat='59.3216153' lon='10.4307742'/>
  <node id='-458' version='0' action='modify' visible='true' lat='59.3217451' lon='10.4306658'/>
  <node id='-459' version='0' action='modify' visible='true' lat='59.3218534' lon='10.4306401'/>
  <node id='-460' version='0' action='modify' visible='true' lat='59.3219747' lon='10.4305716'/>
  <node id='-461' version='0' action='modify' visible='true' lat='59.3222169' lon='10.4305829'/>
  <node id='-462' version='0' action='modify' visible='true' lat='59.3223301' lon='10.4306085'/>
  <node id='-463' version='0' action='modify' visible='true' lat='59.3224196' lon='10.4306287'/>
  <node id='-464' version='0' action='modify' visible='true' lat='59.3226361' lon='10.4306368'/>
  <node id='-465' version='0' action='modify' visible='true' lat='59.3230084' lon='10.4306079'/>
  <node id='-466' version='0' action='modify' visible='true' lat='59.3230851' lon='10.4305972'/>
  <node id='-467' version='0' action='modify' visible='true' lat='59.3232180' lon='10.4305210'/>
  <node id='-468' version='0' action='modify' visible='true' lat='59.3232260' lon='10.4305590'/>
  <node id='-469' version='0' action='modify' visible='true' lat='59.3232390' lon='10.4305970'/>
  <node id='-470' version='0' action='modify' visible='true' lat='59.3233340' lon='10.4308460'/>
  <node id='-471' version='0' action='modify' visible='true' lat='59.3234320' lon='10.4310860'/>
  <node id='-472' version='0' action='modify' visible='true' lat='59.3234910' lon='10.4312220'/>
  <node id='-473' version='0' action='modify' visible='true' lat='59.3236190' lon='10.4314430'/>
  <node id='-474' version='0' action='modify' visible='true' lat='59.3236910' lon='10.4315310'/>
  <node id='-475' version='0' action='modify' visible='true' lat='59.3238909' lon='10.4314837'/>
  <node id='-476' version='0' action='modify' visible='true' lat='59.3240906' lon='10.4314539'/>
  <node id='-477' version='0' action='modify' visible='true' lat='59.3241848' lon='10.4314398'/>
  <node id='-478' version='0' action='modify' visible='true' lat='59.3246605' lon='10.4313961'/>
  <node id='-479' version='0' action='modify' visible='true' lat='59.3251362' lon='10.4313523'/>
  <node id='-480' version='0' action='modify' visible='true' lat='59.3254673' lon='10.4314810'/>
  <node id='-481' version='0' action='modify' visible='true' lat='59.3257550' lon='10.4314881'/>
  <node id='-482' version='0' action='modify' visible='true' lat='59.3262465' lon='10.4313855'/>
  <node id='-483' version='0' action='modify' visible='true' lat='59.3262433' lon='10.4324264'/>
  <node id='-484' version='0' action='modify' visible='true' lat='59.3263063' lon='10.4334296'/>
  <node id='-485' version='0' action='modify' visible='true' lat='59.3263043' lon='10.4337740'/>
  <node id='-486' version='0' action='modify' visible='true' lat='59.3262725' lon='10.4338630'/>
  <node id='-487' version='0' action='modify' visible='true' lat='59.3263286' lon='10.4339220'/>
  <node id='-488' version='0' action='modify' visible='true' lat='59.3265250' lon='10.4338463'/>
  <node id='-489' version='0' action='modify' visible='true' lat='59.3266831' lon='10.4337438'/>
  <node id='-490' version='0' action='modify' visible='true' lat='59.3267850' lon='10.4336664'/>
  <node id='-491' version='0' action='modify' visible='true' lat='59.3268848' lon='10.4335493'/>
  <node id='-492' version='0' action='modify' visible='true' lat='59.3271458' lon='10.4332232'/>
  <node id='-493' version='0' action='modify' visible='true' lat='59.3272210' lon='10.4331732'/>
  <node id='-494' version='0' action='modify' visible='true' lat='59.3277639' lon='10.4332274'/>
  <node id='-495' version='0' action='modify' visible='true' lat='59.3278467' lon='10.4332613'/>
  <node id='-496' version='0' action='modify' visible='true' lat='59.3280334' lon='10.4333654'/>
  <node id='-497' version='0' action='modify' visible='true' lat='59.3281728' lon='10.4333971'/>
  <node id='-498' version='0' action='modify' visible='true' lat='59.3283213' lon='10.4333837'/>
  <node id='-499' version='0' action='modify' visible='true' lat='59.3285245' lon='10.4333420'/>
  <node id='-500' version='0' action='modify' visible='true' lat='59.3286593' lon='10.4333050'/>
  <node id='-501' version='0' action='modify' visible='true' lat='59.3288409' lon='10.4332124'/>
  <node id='-502' version='0' action='modify' visible='true' lat='59.3289498' lon='10.4331883'/>
  <node id='-503' version='0' action='modify' visible='true' lat='59.3296384' lon='10.4333268'/>
  <node id='-504' version='0' action='modify' visible='true' lat='59.3297705' lon='10.4333837'/>
  <node id='-505' version='0' action='modify' visible='true' lat='59.3298419' lon='10.4334451'/>
  <node id='-506' version='0' action='modify' visible='true' lat='59.3299167' lon='10.4335699'/>
  <node id='-507' version='0' action='modify' visible='true' lat='59.3300170' lon='10.4338201'/>
  <node id='-508' version='0' action='modify' visible='true' lat='59.3300750' lon='10.4338879'/>
  <node id='-509' version='0' action='modify' visible='true' lat='59.3302031' lon='10.4339686'/>
  <node id='-510' version='0' action='modify' visible='true' lat='59.3302887' lon='10.4340087'/>
  <node id='-511' version='0' action='modify' visible='true' lat='59.3303209' lon='10.4339835'/>
  <node id='-512' version='0' action='modify' visible='true' lat='59.3304198' lon='10.4338379'/>
  <node id='-513' version='0' action='modify' visible='true' lat='59.3304998' lon='10.4337711'/>
  <node id='-514' version='0' action='modify' visible='true' lat='59.3309445' lon='10.4335998'/>
  <node id='-515' version='0' action='modify' visible='true' lat='59.3311705' lon='10.4335383'/>
  <node id='-516' version='0' action='modify' visible='true' lat='59.3312773' lon='10.4335296'/>
  <node id='-517' version='0' action='modify' visible='true' lat='59.3315462' lon='10.4335624'/>
  <node id='-518' version='0' action='modify' visible='true' lat='59.3316996' lon='10.4335674'/>
  <node id='-519' version='0' action='modify' visible='true' lat='59.3318237' lon='10.4335384'/>
  <node id='-520' version='0' action='modify' visible='true' lat='59.3320532' lon='10.4334628'/>
  <node id='-521' version='0' action='modify' visible='true' lat='59.3321375' lon='10.4334577'/>
  <node id='-522' version='0' action='modify' visible='true' lat='59.3322481' lon='10.4334838'/>
  <node id='-523' version='0' action='modify' visible='true' lat='59.3323430' lon='10.4335369'/>
  <node id='-524' version='0' action='modify' visible='true' lat='59.3324519' lon='10.4336384'/>
  <node id='-525' version='0' action='modify' visible='true' lat='59.3325753' lon='10.4338027'/>
  <node id='-526' version='0' action='modify' visible='true' lat='59.3326068' lon='10.4338516'/>
  <node id='-527' version='0' action='modify' visible='true' lat='59.3329604' lon='10.4344006'/>
  <node id='-528' version='0' action='modify' visible='true' lat='59.3332514' lon='10.4348290'/>
  <node id='-529' version='0' action='modify' visible='true' lat='59.3334213' lon='10.4350379'/>
  <node id='-530' version='0' action='modify' visible='true' lat='59.3340453' lon='10.4356201'/>
  <node id='-531' version='0' action='modify' visible='true' lat='59.3343202' lon='10.4357272'/>
  <node id='-532' version='0' action='modify' visible='true' lat='59.3345116' lon='10.4357885'/>
  <node id='-533' version='0' action='modify' visible='true' lat='59.3346548' lon='10.4358049'/>
  <node id='-534' version='0' action='modify' visible='true' lat='59.3347160' lon='10.4358468'/>
  <node id='-535' version='0' action='modify' visible='true' lat='59.3348077' lon='10.4359540'/>
  <node id='-536' version='0' action='modify' visible='true' lat='59.3348708' lon='10.4359944'/>
  <node id='-537' version='0' action='modify' visible='true' lat='59.3349448' lon='10.4359993'/>
  <node id='-538' version='0' action='modify' visible='true' lat='59.3351544' lon='10.4359581'/>
  <node id='-539' version='0' action='modify' visible='true' lat='59.3352171' lon='10.4358061'/>
  <node id='-540' version='0' action='modify' visible='true' lat='59.3353490' lon='10.4356620'/>
  <node id='-541' version='0' action='modify' visible='true' lat='59.3354726' lon='10.4355874'/>
  <node id='-542' version='0' action='modify' visible='true' lat='59.3356033' lon='10.4355516'/>
  <node id='-543' version='0' action='modify' visible='true' lat='59.3357240' lon='10.4355635'/>
  <node id='-544' version='0' action='modify' visible='true' lat='59.3358668' lon='10.4356100'/>
  <node id='-545' version='0' action='modify' visible='true' lat='59.3360564' lon='10.4356351'/>
  <node id='-546' version='0' action='modify' visible='true' lat='59.3362599' lon='10.4356553'/>
  <node id='-547' version='0' action='modify' visible='true' lat='59.3363221' lon='10.4356760'/>
  <node id='-548' version='0' action='modify' visible='true' lat='59.3364083' lon='10.4357323'/>
  <node id='-549' version='0' action='modify' visible='true' lat='59.3365013' lon='10.4358155'/>
  <node id='-550' version='0' action='modify' visible='true' lat='59.3369568' lon='10.4363707'/>
  <node id='-551' version='0' action='modify' visible='true' lat='59.3374258' lon='10.4372120'/>
  <node id='-552' version='0' action='modify' visible='true' lat='59.3375341' lon='10.4374811'/>
  <node id='-553' version='0' action='modify' visible='true' lat='59.3375583' lon='10.4375554'/>
  <node id='-554' version='0' action='modify' visible='true' lat='59.3376791' lon='10.4377627'/>
  <node id='-555' version='0' action='modify' visible='true' lat='59.3379217' lon='10.4380509'/>
  <node id='-556' version='0' action='modify' visible='true' lat='59.3379294' lon='10.4381329'/>
  <node id='-557' version='0' action='modify' visible='true' lat='59.3379485' lon='10.4382589'/>
  <node id='-558' version='0' action='modify' visible='true' lat='59.3379800' lon='10.4383877'/>
  <node id='-559' version='0' action='modify' visible='true' lat='59.3381359' lon='10.4388490'/>
  <node id='-560' version='0' action='modify' visible='true' lat='59.3383944' lon='10.4395759'/>
  <node id='-561' version='0' action='modify' visible='true' lat='59.3385818' lon='10.4400878'/>
  <node id='-562' version='0' action='modify' visible='true' lat='59.3389170' lon='10.4411705'/>
  <node id='-563' version='0' action='modify' visible='true' lat='59.3389546' lon='10.4413356'/>
  <node id='-564' version='0' action='modify' visible='true' lat='59.3392686' lon='10.4419241'/>
  <node id='-565' version='0' action='modify' visible='true' lat='59.3392877' lon='10.4422186'/>
  <node id='-566' version='0' action='modify' visible='true' lat='59.3392277' lon='10.4425534'/>
  <node id='-567' version='0' action='modify' visible='true' lat='59.3392160' lon='10.4429021'/>
  <node id='-568' version='0' action='modify' visible='true' lat='59.3392777' lon='10.4431893'/>
  <node id='-569' version='0' action='modify' visible='true' lat='59.3395210' lon='10.4441648'/>
  <node id='-570' version='0' action='modify' visible='true' lat='59.3397732' lon='10.4448563'/>
  <node id='-571' version='0' action='modify' visible='true' lat='59.3398988' lon='10.4452941'/>
  <node id='-572' version='0' action='modify' visible='true' lat='59.3402139' lon='10.4459270'/>
  <node id='-573' version='0' action='modify' visible='true' lat='59.3405291' lon='10.4465598'/>
  <node id='-574' version='0' action='modify' visible='true' lat='59.3409739' lon='10.4454929'/>
  <node id='-575' version='0' action='modify' visible='true' lat='59.3414187' lon='10.4444259'/>
  <node id='-576' version='0' action='modify' visible='true' lat='59.3418906' lon='10.4434950'/>
  <node id='-577' version='0' action='modify' visible='true' lat='59.3423625' lon='10.4425642'/>
  <node id='-578' version='0' action='modify' visible='true' lat='59.3428344' lon='10.4416333'/>
  <node id='-579' version='0' action='modify' visible='true' lat='59.3430310' lon='10.4412480'/>
  <node id='-580' version='0' action='modify' visible='true' lat='59.3430560' lon='10.4413220'/>
  <node id='-581' version='0' action='modify' visible='true' lat='59.3430840' lon='10.4414610'/>
  <node id='-582' version='0' action='modify' visible='true' lat='59.3431150' lon='10.4415730'/>
  <node id='-583' version='0' action='modify' visible='true' lat='59.3431530' lon='10.4416790'/>
  <node id='-584' version='0' action='modify' visible='true' lat='59.3432350' lon='10.4418410'/>
  <node id='-585' version='0' action='modify' visible='true' lat='59.3433090' lon='10.4419720'/>
  <node id='-586' version='0' action='modify' visible='true' lat='59.3433990' lon='10.4421000'/>
  <node id='-587' version='0' action='modify' visible='true' lat='59.3434710' lon='10.4421810'/>
  <node id='-588' version='0' action='modify' visible='true' lat='59.3435880' lon='10.4422860'/>
  <node id='-589' version='0' action='modify' visible='true' lat='59.3438560' lon='10.4425150'/>
  <node id='-590' version='0' action='modify' visible='true' lat='59.3440570' lon='10.4426790'/>
  <node id='-591' version='0' action='modify' visible='true' lat='59.3441630' lon='10.4427810'/>
  <node id='-592' version='0' action='modify' visible='true' lat='59.3443830' lon='10.4429740'/>
  <node id='-593' version='0' action='modify' visible='true' lat='59.3444910' lon='10.4430810'/>
  <node id='-594' version='0' action='modify' visible='true' lat='59.3445880' lon='10.4431630'/>
  <node id='-595' version='0' action='modify' visible='true' lat='59.3446460' lon='10.4432287'/>
  <node id='-596' version='0' action='modify' visible='true' lat='59.3447776' lon='10.4433905'/>
  <node id='-597' version='0' action='modify' visible='true' lat='59.3449253' lon='10.4438089'/>
  <node id='-598' version='0' action='modify' visible='true' lat='59.3450019' lon='10.4440342'/>
  <node id='-599' version='0' action='modify' visible='true' lat='59.3450320' lon='10.4444366'/>
  <node id='-600' version='0' action='modify' visible='true' lat='59.3450292' lon='10.4449140'/>
  <node id='-601' version='0' action='modify' visible='true' lat='59.3450948' lon='10.4452627'/>
  <node id='-602' version='0' action='modify' visible='true' lat='59.3452398' lon='10.4455738'/>
  <node id='-603' version='0' action='modify' visible='true' lat='59.3453382' lon='10.4456919'/>
  <node id='-604' version='0' action='modify' visible='true' lat='59.3454258' lon='10.4458259'/>
  <node id='-605' version='0' action='modify' visible='true' lat='59.3457280' lon='10.4460003'/>
  <node id='-606' version='0' action='modify' visible='true' lat='59.3458566' lon='10.4460700'/>
  <node id='-607' version='0' action='modify' visible='true' lat='59.3462149' lon='10.4462551'/>
  <node id='-608' version='0' action='modify' visible='true' lat='59.3464569' lon='10.4464214'/>
  <node id='-609' version='0' action='modify' visible='true' lat='59.3466374' lon='10.4464214'/>
  <node id='-610' version='0' action='modify' visible='true' lat='59.3467195' lon='10.4465019'/>
  <node id='-611' version='0' action='modify' visible='true' lat='59.3467707' lon='10.4466358'/>
  <node id='-612' version='0' action='modify' visible='true' lat='59.3467085' lon='10.4468666'/>
  <node id='-613' version='0' action='modify' visible='true' lat='59.3465280' lon='10.4472207'/>
  <node id='-614' version='0' action='modify' visible='true' lat='59.3464651' lon='10.4474567'/>
  <node id='-615' version='0' action='modify' visible='true' lat='59.3464432' lon='10.4479985'/>
  <node id='-616' version='0' action='modify' visible='true' lat='59.3464378' lon='10.4483633'/>
  <node id='-617' version='0' action='modify' visible='true' lat='59.3463038' lon='10.4490714'/>
  <node id='-618' version='0' action='modify' visible='true' lat='59.3462491' lon='10.4496722'/>
  <node id='-619' version='0' action='modify' visible='true' lat='59.3462042' lon='10.4499568'/>
  <node id='-620' version='0' action='modify' visible='true' lat='59.3461916' lon='10.4500370'/>
  <node id='-621' version='0' action='modify' visible='true' lat='59.3460932' lon='10.4504340'/>
  <node id='-622' version='0' action='modify' visible='true' lat='59.3460111' lon='10.4510080'/>
  <node id='-623' version='0' action='modify' visible='true' lat='59.3459619' lon='10.4515498'/>
  <node id='-624' version='0' action='modify' visible='true' lat='59.3459509' lon='10.4517429'/>
  <node id='-625' version='0' action='modify' visible='true' lat='59.3459673' lon='10.4521130'/>
  <node id='-626' version='0' action='modify' visible='true' lat='59.3460767' lon='10.4526495'/>
  <node id='-627' version='0' action='modify' visible='true' lat='59.3460740' lon='10.4529392'/>
  <node id='-628' version='0' action='modify' visible='true' lat='59.3460275' lon='10.4531537'/>
  <node id='-629' version='0' action='modify' visible='true' lat='59.3459263' lon='10.4534810'/>
  <node id='-630' version='0' action='modify' visible='true' lat='59.3458743' lon='10.4536151'/>
  <node id='-631' version='0' action='modify' visible='true' lat='59.3457075' lon='10.4541944'/>
  <node id='-632' version='0' action='modify' visible='true' lat='59.3456309' lon='10.4545646'/>
  <node id='-633' version='0' action='modify' visible='true' lat='59.3455817' lon='10.4550366'/>
  <node id='-634' version='0' action='modify' visible='true' lat='59.3456227' lon='10.4553585'/>
  <node id='-635' version='0' action='modify' visible='true' lat='59.3457074' lon='10.4556862'/>
  <node id='-636' version='0' action='modify' visible='true' lat='59.3457239' lon='10.4557501'/>
  <node id='-637' version='0' action='modify' visible='true' lat='59.3459673' lon='10.4566084'/>
  <node id='-638' version='0' action='modify' visible='true' lat='59.3460330' lon='10.4571341'/>
  <node id='-639' version='0' action='modify' visible='true' lat='59.3460877' lon='10.4573702'/>
  <node id='-640' version='0' action='modify' visible='true' lat='59.3461998' lon='10.4576169'/>
  <node id='-641' version='0' action='modify' visible='true' lat='59.3462764' lon='10.4577618'/>
  <node id='-642' version='0' action='modify' visible='true' lat='59.3463147' lon='10.4579656'/>
  <node id='-643' version='0' action='modify' visible='true' lat='59.3463092' lon='10.4580407'/>
  <node id='-644' version='0' action='modify' visible='true' lat='59.3459865' lon='10.4581748'/>
  <node id='-645' version='0' action='modify' visible='true' lat='59.3457896' lon='10.4582928'/>
  <node id='-646' version='0' action='modify' visible='true' lat='59.3456715' lon='10.4583747'/>
  <node id='-647' version='0' action='modify' visible='true' lat='59.3457444' lon='10.4584318'/>
  <node id='-648' version='0' action='modify' visible='true' lat='59.3458258' lon='10.4585029'/>
  <node id='-649' version='0' action='modify' visible='true' lat='59.3459304' lon='10.4586384'/>
  <node id='-650' version='0' action='modify' visible='true' lat='59.3460065' lon='10.4587653'/>
  <node id='-651' version='0' action='modify' visible='true' lat='59.3461355' lon='10.4590917'/>
  <node id='-652' version='0' action='modify' visible='true' lat='59.3461913' lon='10.4593182'/>
  <node id='-653' version='0' action='modify' visible='true' lat='59.3462382' lon='10.4596476'/>
  <node id='-654' version='0' action='modify' visible='true' lat='59.3462641' lon='10.4599078'/>
  <node id='-655' version='0' action='modify' visible='true' lat='59.3463283' lon='10.4601082'/>
  <node id='-656' version='0' action='modify' visible='true' lat='59.3463718' lon='10.4601594'/>
  <node id='-657' version='0' action='modify' visible='true' lat='59.3463626' lon='10.4603402'/>
  <node id='-658' version='0' action='modify' visible='true' lat='59.3464870' lon='10.4609504'/>
  <node id='-659' version='0' action='modify' visible='true' lat='59.3465555' lon='10.4613448'/>
  <node id='-660' version='0' action='modify' visible='true' lat='59.3466784' lon='10.4621628'/>
  <node id='-661' version='0' action='modify' visible='true' lat='59.3467989' lon='10.4629670'/>
  <node id='-662' version='0' action='modify' visible='true' lat='59.3468650' lon='10.4632884'/>
  <node id='-663' version='0' action='modify' visible='true' lat='59.3469250' lon='10.4634735'/>
  <node id='-664' version='0' action='modify' visible='true' lat='59.3469984' lon='10.4636058'/>
  <node id='-665' version='0' action='modify' visible='true' lat='59.3470531' lon='10.4636863'/>
  <node id='-666' version='0' action='modify' visible='true' lat='59.3470970' lon='10.4637155'/>
  <node id='-667' version='0' action='modify' visible='true' lat='59.3472466' lon='10.4637608'/>
  <node id='-668' version='0' action='modify' visible='true' lat='59.3475393' lon='10.4637807'/>
  <node id='-669' version='0' action='modify' visible='true' lat='59.3477381' lon='10.4638409'/>
  <node id='-670' version='0' action='modify' visible='true' lat='59.3478081' lon='10.4638550'/>
  <node id='-671' version='0' action='modify' visible='true' lat='59.3480131' lon='10.4639304'/>
  <node id='-672' version='0' action='modify' visible='true' lat='59.3481560' lon='10.4640122'/>
  <node id='-673' version='0' action='modify' visible='true' lat='59.3482093' lon='10.4640685'/>
  <node id='-674' version='0' action='modify' visible='true' lat='59.3484198' lon='10.4642948'/>
  <node id='-675' version='0' action='modify' visible='true' lat='59.3486479' lon='10.4646009'/>
  <node id='-676' version='0' action='modify' visible='true' lat='59.3487406' lon='10.4647083'/>
  <node id='-677' version='0' action='modify' visible='true' lat='59.3487289' lon='10.4649939'/>
  <node id='-678' version='0' action='modify' visible='true' lat='59.3486941' lon='10.4653542'/>
  <node id='-679' version='0' action='modify' visible='true' lat='59.3486900' lon='10.4655799'/>
  <node id='-680' version='0' action='modify' visible='true' lat='59.3486930' lon='10.4657529'/>
  <node id='-681' version='0' action='modify' visible='true' lat='59.3487077' lon='10.4661418'/>
  <node id='-682' version='0' action='modify' visible='true' lat='59.3487092' lon='10.4663795'/>
  <node id='-683' version='0' action='modify' visible='true' lat='59.3487392' lon='10.4670525'/>
  <node id='-684' version='0' action='modify' visible='true' lat='59.3487857' lon='10.4675500'/>
  <node id='-685' version='0' action='modify' visible='true' lat='59.3488274' lon='10.4679309'/>
  <node id='-686' version='0' action='modify' visible='true' lat='59.3488333' lon='10.4679994'/>
  <node id='-687' version='0' action='modify' visible='true' lat='59.3488725' lon='10.4680006'/>
  <node id='-688' version='0' action='modify' visible='true' lat='59.3489735' lon='10.4680160'/>
  <node id='-689' version='0' action='modify' visible='true' lat='59.3490119' lon='10.4680346'/>
  <node id='-690' version='0' action='modify' visible='true' lat='59.3490706' lon='10.4679158'/>
  <node id='-691' version='0' action='modify' visible='true' lat='59.3491425' lon='10.4677813'/>
  <node id='-692' version='0' action='modify' visible='true' lat='59.3491647' lon='10.4678213'/>
  <node id='-693' version='0' action='modify' visible='true' lat='59.3493230' lon='10.4681908'/>
  <node id='-694' version='0' action='modify' visible='true' lat='59.3494051' lon='10.4683292'/>
  <node id='-695' version='0' action='modify' visible='true' lat='59.3495741' lon='10.4685627'/>
  <node id='-696' version='0' action='modify' visible='true' lat='59.3496212' lon='10.4685625'/>
  <node id='-697' version='0' action='modify' visible='true' lat='59.3497552' lon='10.4685116'/>
  <node id='-698' version='0' action='modify' visible='true' lat='59.3502596' lon='10.4682117'/>
  <node id='-699' version='0' action='modify' visible='true' lat='59.3502925' lon='10.4681897'/>
  <node id='-700' version='0' action='modify' visible='true' lat='59.3503900' lon='10.4680950'/>
  <node id='-701' version='0' action='modify' visible='true' lat='59.3505124' lon='10.4679980'/>
  <node id='-702' version='0' action='modify' visible='true' lat='59.3506549' lon='10.4679215'/>
  <node id='-703' version='0' action='modify' visible='true' lat='59.3508162' lon='10.4678732'/>
  <node id='-704' version='0' action='modify' visible='true' lat='59.3511625' lon='10.4677970'/>
  <node id='-705' version='0' action='modify' visible='true' lat='59.3515190' lon='10.4677471'/>
  <node id='-706' version='0' action='modify' visible='true' lat='59.3515978' lon='10.4677061'/>
  <node id='-707' version='0' action='modify' visible='true' lat='59.3517187' lon='10.4676157'/>
  <node id='-708' version='0' action='modify' visible='true' lat='59.3518164' lon='10.4675220'/>
  <node id='-709' version='0' action='modify' visible='true' lat='59.3519008' lon='10.4674347'/>
  <node id='-710' version='0' action='modify' visible='true' lat='59.3519579' lon='10.4673609'/>
  <node id='-711' version='0' action='modify' visible='true' lat='59.3520379' lon='10.4672429'/>
  <node id='-712' version='0' action='modify' visible='true' lat='59.3521042' lon='10.4671866'/>
  <node id='-713' version='0' action='modify' visible='true' lat='59.3521858' lon='10.4671636'/>
  <node id='-714' version='0' action='modify' visible='true' lat='59.3526176' lon='10.4670793'/>
  <node id='-715' version='0' action='modify' visible='true' lat='59.3527524' lon='10.4670519'/>
  <node id='-716' version='0' action='modify' visible='true' lat='59.3529875' lon='10.4669934'/>
  <node id='-717' version='0' action='modify' visible='true' lat='59.3532052' lon='10.4669389'/>
  <node id='-718' version='0' action='modify' visible='true' lat='59.3536195' lon='10.4668353'/>
  <node id='-719' version='0' action='modify' visible='true' lat='59.3540608' lon='10.4667440'/>
  <node id='-720' version='0' action='modify' visible='true' lat='59.3543041' lon='10.4666823'/>
  <node id='-721' version='0' action='modify' visible='true' lat='59.3547895' lon='10.4665858'/>
  <node id='-722' version='0' action='modify' visible='true' lat='59.3551860' lon='10.4664892'/>
  <node id='-723' version='0' action='modify' visible='true' lat='59.3556426' lon='10.4663873'/>
  <node id='-724' version='0' action='modify' visible='true' lat='59.3557274' lon='10.4663846'/>
  <node id='-725' version='0' action='modify' visible='true' lat='59.3558154' lon='10.4663904'/>
  <node id='-726' version='0' action='modify' visible='true' lat='59.3561471' lon='10.4664516'/>
  <node id='-727' version='0' action='modify' visible='true' lat='59.3565176' lon='10.4664838'/>
  <node id='-728' version='0' action='modify' visible='true' lat='59.3566376' lon='10.4664801'/>
  <node id='-729' version='0' action='modify' visible='true' lat='59.3570633' lon='10.4664225'/>
  <node id='-730' version='0' action='modify' visible='true' lat='59.3573651' lon='10.4663739'/>
  <node id='-731' version='0' action='modify' visible='true' lat='59.3577315' lon='10.4663604'/>
  <node id='-732' version='0' action='modify' visible='true' lat='59.3577863' lon='10.4663524'/>
  <node id='-733' version='0' action='modify' visible='true' lat='59.3579161' lon='10.4663336'/>
  <node id='-734' version='0' action='modify' visible='true' lat='59.3581366' lon='10.4662872'/>
  <node id='-735' version='0' action='modify' visible='true' lat='59.3582729' lon='10.4662290'/>
  <node id='-736' version='0' action='modify' visible='true' lat='59.3584635' lon='10.4661467'/>
  <node id='-737' version='0' action='modify' visible='true' lat='59.3586419' lon='10.4660573'/>
  <node id='-738' version='0' action='modify' visible='true' lat='59.3587287' lon='10.4660466'/>
  <node id='-739' version='0' action='modify' visible='true' lat='59.3590557' lon='10.4658088'/>
  <node id='-740' version='0' action='modify' visible='true' lat='59.3592732' lon='10.4657227'/>
  <node id='-741' version='0' action='modify' visible='true' lat='59.3597892' lon='10.4654378'/>
  <node id='-742' version='0' action='modify' visible='true' lat='59.3599341' lon='10.4653255'/>
  <node id='-743' version='0' action='modify' visible='true' lat='59.3603845' lon='10.4648776'/>
  <node id='-744' version='0' action='modify' visible='true' lat='59.3608350' lon='10.4644296'/>
  <node id='-745' version='0' action='modify' visible='true' lat='59.3610265' lon='10.4642696'/>
  <node id='-746' version='0' action='modify' visible='true' lat='59.3614937' lon='10.4639616'/>
  <node id='-747' version='0' action='modify' visible='true' lat='59.3619609' lon='10.4636536'/>
  <node id='-748' version='0' action='modify' visible='true' lat='59.3624124' lon='10.4636303'/>
  <node id='-749' version='0' action='modify' visible='true' lat='59.3631375' lon='10.4638131'/>
  <node id='-750' version='0' action='modify' visible='true' lat='59.3637295' lon='10.4637055'/>
  <node id='-751' version='0' action='modify' visible='true' lat='59.3639557' lon='10.4636596'/>
  <node id='-752' version='0' action='modify' visible='true' lat='59.3641760' lon='10.4635620'/>
  <node id='-753' version='0' action='modify' visible='true' lat='59.3646477' lon='10.4631671'/>
  <node id='-754' version='0' action='modify' visible='true' lat='59.3653194' lon='10.4630303'/>
  <node id='-755' version='0' action='modify' visible='true' lat='59.3658470' lon='10.4628691'/>
  <node id='-756' version='0' action='modify' visible='true' lat='59.3665509' lon='10.4625055'/>
  <node id='-757' version='0' action='modify' visible='true' lat='59.3666331' lon='10.4624630'/>
  <node id='-758' version='0' action='modify' visible='true' lat='59.3670699' lon='10.4623188'/>
  <node id='-759' version='0' action='modify' visible='true' lat='59.3677400' lon='10.4620976'/>
  <node id='-760' version='0' action='modify' visible='true' lat='59.3679514' lon='10.4620528'/>
  <node id='-761' version='0' action='modify' visible='true' lat='59.3681433' lon='10.4620201'/>
  <node id='-762' version='0' action='modify' visible='true' lat='59.3684774' lon='10.4619961'/>
  <node id='-763' version='0' action='modify' visible='true' lat='59.3689115' lon='10.4617039'/>
  <node id='-764' version='0' action='modify' visible='true' lat='59.3690873' lon='10.4616510'/>
  <node id='-765' version='0' action='modify' visible='true' lat='59.3693581' lon='10.4616722'/>
  <node id='-766' version='0' action='modify' visible='true' lat='59.3695230' lon='10.4615971'/>
  <node id='-767' version='0' action='modify' visible='true' lat='59.3697667' lon='10.4615660'/>
  <node id='-768' version='0' action='modify' visible='true' lat='59.3703024' lon='10.4615231'/>
  <node id='-769' version='0' action='modify' visible='true' lat='59.3708530' lon='10.4615137'/>
  <node id='-770' version='0' action='modify' visible='true' lat='59.3716742' lon='10.4614052'/>
  <node id='-771' version='0' action='modify' visible='true' lat='59.3719223' lon='10.4613276'/>
  <node id='-772' version='0' action='modify' visible='true' lat='59.3719927' lon='10.4613261'/>
  <node id='-773' version='0' action='modify' visible='true' lat='59.3727075' lon='10.4617586'/>
  <node id='-774' version='0' action='modify' visible='true' lat='59.3732607' lon='10.4621958'/>
  <node id='-775' version='0' action='modify' visible='true' lat='59.3737802' lon='10.4625903'/>
  <node id='-776' version='0' action='modify' visible='true' lat='59.3742997' lon='10.4629849'/>
  <node id='-777' version='0' action='modify' visible='true' lat='59.3749463' lon='10.4636545'/>
  <node id='-778' version='0' action='modify' visible='true' lat='59.3753806' lon='10.4641653'/>
  <node id='-779' version='0' action='modify' visible='true' lat='59.3758150' lon='10.4646760'/>
  <node id='-780' version='0' action='modify' visible='true' lat='59.3760053' lon='10.4648644'/>
  <node id='-781' version='0' action='modify' visible='true' lat='59.3762410' lon='10.4648076'/>
  <node id='-782' version='0' action='modify' visible='true' lat='59.3767880' lon='10.4650430'/>
  <node id='-783' version='0' action='modify' visible='true' lat='59.3773786' lon='10.4653516'/>
  <node id='-784' version='0' action='modify' visible='true' lat='59.3777565' lon='10.4653789'/>
  <node id='-785' version='0' action='modify' visible='true' lat='59.3779411' lon='10.4653922'/>
  <node id='-786' version='0' action='modify' visible='true' lat='59.3785027' lon='10.4652415'/>
  <node id='-787' version='0' action='modify' visible='true' lat='59.3786339' lon='10.4654226'/>
  <node id='-788' version='0' action='modify' visible='true' lat='59.3787567' lon='10.4652630'/>
  <node id='-789' version='0' action='modify' visible='true' lat='59.3792776' lon='10.4646643'/>
  <node id='-790' version='0' action='modify' visible='true' lat='59.3796992' lon='10.4640827'/>
  <node id='-791' version='0' action='modify' visible='true' lat='59.3801207' lon='10.4635012'/>
  <node id='-792' version='0' action='modify' visible='true' lat='59.3807764' lon='10.4626751'/>
  <node id='-793' version='0' action='modify' visible='true' lat='59.3809806' lon='10.4623707'/>
  <node id='-794' version='0' action='modify' visible='true' lat='59.3812006' lon='10.4619630'/>
  <node id='-795' version='0' action='modify' visible='true' lat='59.3813802' lon='10.4615231'/>
  <node id='-796' version='0' action='modify' visible='true' lat='59.3814883' lon='10.4612035'/>
  <node id='-797' version='0' action='modify' visible='true' lat='59.3815585' lon='10.4609960'/>
  <node id='-798' version='0' action='modify' visible='true' lat='59.3817885' lon='10.4602988'/>
  <node id='-799' version='0' action='modify' visible='true' lat='59.3818932' lon='10.4598996'/>
  <node id='-800' version='0' action='modify' visible='true' lat='59.3820430' lon='10.4592451'/>
  <node id='-801' version='0' action='modify' visible='true' lat='59.3822365' lon='10.4589858'/>
  <node id='-802' version='0' action='modify' visible='true' lat='59.3823326' lon='10.4590039'/>
  <node id='-803' version='0' action='modify' visible='true' lat='59.3823694' lon='10.4590415'/>
  <node id='-804' version='0' action='modify' visible='true' lat='59.3824197' lon='10.4590929'/>
  <node id='-805' version='0' action='modify' visible='true' lat='59.3825172' lon='10.4592061'/>
  <node id='-806' version='0' action='modify' visible='true' lat='59.3826466' lon='10.4595222'/>
  <node id='-807' version='0' action='modify' visible='true' lat='59.3827040' lon='10.4598360'/>
  <node id='-808' version='0' action='modify' visible='true' lat='59.3827642' lon='10.4600623'/>
  <node id='-809' version='0' action='modify' visible='true' lat='59.3829360' lon='10.4605007'/>
  <node id='-810' version='0' action='modify' visible='true' lat='59.3830120' lon='10.4606948'/>
  <node id='-811' version='0' action='modify' visible='true' lat='59.3830187' lon='10.4607583'/>
  <node id='-812' version='0' action='modify' visible='true' lat='59.3830357' lon='10.4609200'/>
  <node id='-813' version='0' action='modify' visible='true' lat='59.3830495' lon='10.4609788'/>
  <node id='-814' version='0' action='modify' visible='true' lat='59.3832144' lon='10.4616809'/>
  <node id='-815' version='0' action='modify' visible='true' lat='59.3833000' lon='10.4618444'/>
  <node id='-816' version='0' action='modify' visible='true' lat='59.3833348' lon='10.4619399'/>
  <node id='-817' version='0' action='modify' visible='true' lat='59.3833894' lon='10.4621255'/>
  <node id='-818' version='0' action='modify' visible='true' lat='59.3834482' lon='10.4622953'/>
  <node id='-819' version='0' action='modify' visible='true' lat='59.3834927' lon='10.4624719'/>
  <node id='-820' version='0' action='modify' visible='true' lat='59.3834778' lon='10.4625337'/>
  <node id='-821' version='0' action='modify' visible='true' lat='59.3835517' lon='10.4627891'/>
  <node id='-822' version='0' action='modify' visible='true' lat='59.3836324' lon='10.4630111'/>
  <node id='-823' version='0' action='modify' visible='true' lat='59.3837438' lon='10.4632557'/>
  <node id='-824' version='0' action='modify' visible='true' lat='59.3839033' lon='10.4635005'/>
  <node id='-825' version='0' action='modify' visible='true' lat='59.3842910' lon='10.4640862'/>
  <node id='-826' version='0' action='modify' visible='true' lat='59.3843325' lon='10.4641680'/>
  <node id='-827' version='0' action='modify' visible='true' lat='59.3843574' lon='10.4640971'/>
  <node id='-828' version='0' action='modify' visible='true' lat='59.3843773' lon='10.4641234'/>
  <node id='-829' version='0' action='modify' visible='true' lat='59.3844334' lon='10.4641807'/>
  <node id='-830' version='0' action='modify' visible='true' lat='59.3844909' lon='10.4642992'/>
  <node id='-831' version='0' action='modify' visible='true' lat='59.3845536' lon='10.4644726'/>
  <node id='-832' version='0' action='modify' visible='true' lat='59.3846240' lon='10.4647043'/>
  <node id='-833' version='0' action='modify' visible='true' lat='59.3847285' lon='10.4649418'/>
  <node id='-834' version='0' action='modify' visible='true' lat='59.3847746' lon='10.4649959'/>
  <node id='-835' version='0' action='modify' visible='true' lat='59.3848081' lon='10.4650124'/>
  <node id='-836' version='0' action='modify' visible='true' lat='59.3851569' lon='10.4651734'/>
  <node id='-837' version='0' action='modify' visible='true' lat='59.3852692' lon='10.4652238'/>
  <node id='-838' version='0' action='modify' visible='true' lat='59.3853816' lon='10.4652405'/>
  <node id='-839' version='0' action='modify' visible='true' lat='59.3854606' lon='10.4652185'/>
  <node id='-840' version='0' action='modify' visible='true' lat='59.3855344' lon='10.4651669'/>
  <node id='-841' version='0' action='modify' visible='true' lat='59.3856308' lon='10.4650671'/>
  <node id='-842' version='0' action='modify' visible='true' lat='59.3857322' lon='10.4649721'/>
  <node id='-843' version='0' action='modify' visible='true' lat='59.3858442' lon='10.4649021'/>
  <node id='-844' version='0' action='modify' visible='true' lat='59.3859658' lon='10.4648889'/>
  <node id='-845' version='0' action='modify' visible='true' lat='59.3863698' lon='10.4649027'/>
  <node id='-846' version='0' action='modify' visible='true' lat='59.3868012' lon='10.4649085'/>
  <node id='-847' version='0' action='modify' visible='true' lat='59.3872007' lon='10.4649147'/>
  <node id='-848' version='0' action='modify' visible='true' lat='59.3875632' lon='10.4649044'/>
  <node id='-849' version='0' action='modify' visible='true' lat='59.3878670' lon='10.4648812'/>
  <node id='-850' version='0' action='modify' visible='true' lat='59.3881404' lon='10.4648423'/>
  <node id='-851' version='0' action='modify' visible='true' lat='59.3883867' lon='10.4647838'/>
  <node id='-852' version='0' action='modify' visible='true' lat='59.3884660' lon='10.4647486'/>
  <node id='-853' version='0' action='modify' visible='true' lat='59.3892529' lon='10.4644876'/>
  <node id='-854' version='0' action='modify' visible='true' lat='59.3892888' lon='10.4644736'/>
  <node id='-855' version='0' action='modify' visible='true' lat='59.3899102' lon='10.4642428'/>
  <node id='-856' version='0' action='modify' visible='true' lat='59.3905315' lon='10.4640121'/>
  <node id='-857' version='0' action='modify' visible='true' lat='59.3909857' lon='10.4638347'/>
  <node id='-858' version='0' action='modify' visible='true' lat='59.3914022' lon='10.4636709'/>
  <node id='-859' version='0' action='modify' visible='true' lat='59.3915947' lon='10.4636153'/>
  <node id='-860' version='0' action='modify' visible='true' lat='59.3919814' lon='10.4635337'/>
  <node id='-861' version='0' action='modify' visible='true' lat='59.3921880' lon='10.4633916'/>
  <node id='-862' version='0' action='modify' visible='true' lat='59.3927598' lon='10.4631917'/>
  <node id='-863' version='0' action='modify' visible='true' lat='59.3934250' lon='10.4629564'/>
  <node id='-864' version='0' action='modify' visible='true' lat='59.3940514' lon='10.4627349'/>
  <node id='-865' version='0' action='modify' visible='true' lat='59.3943766' lon='10.4626120'/>
  <node id='-866' version='0' action='modify' visible='true' lat='59.3945584' lon='10.4625433'/>
  <node id='-867' version='0' action='modify' visible='true' lat='59.3950042' lon='10.4623655'/>
  <node id='-868' version='0' action='modify' visible='true' lat='59.3952151' lon='10.4623260'/>
  <node id='-869' version='0' action='modify' visible='true' lat='59.3953608' lon='10.4623130'/>
  <node id='-870' version='0' action='modify' visible='true' lat='59.3954985' lon='10.4623240'/>
  <node id='-871' version='0' action='modify' visible='true' lat='59.3954796' lon='10.4621971'/>
  <node id='-872' version='0' action='modify' visible='true' lat='59.3954803' lon='10.4620408'/>
  <node id='-873' version='0' action='modify' visible='true' lat='59.3954815' lon='10.4618394'/>
  <node id='-874' version='0' action='modify' visible='true' lat='59.3956794' lon='10.4610141'/>
  <node id='-875' version='0' action='modify' visible='true' lat='59.3957359' lon='10.4607891'/>
  <node id='-876' version='0' action='modify' visible='true' lat='59.3959665' lon='10.4595890'/>
  <node id='-877' version='0' action='modify' visible='true' lat='59.3961971' lon='10.4583890'/>
  <node id='-878' version='0' action='modify' visible='true' lat='59.3964751' lon='10.4569393'/>
  <node id='-879' version='0' action='modify' visible='true' lat='59.3964906' lon='10.4568609'/>
  <node id='-880' version='0' action='modify' visible='true' lat='59.3966060' lon='10.4562598'/>
  <node id='-881' version='0' action='modify' visible='true' lat='59.3967961' lon='10.4556527'/>
  <node id='-882' version='0' action='modify' visible='true' lat='59.3970016' lon='10.4551161'/>
  <node id='-883' version='0' action='modify' visible='true' lat='59.3971750' lon='10.4548060'/>
  <node id='-884' version='0' action='modify' visible='true' lat='59.3972108' lon='10.4547246'/>
  <node id='-885' version='0' action='modify' visible='true' lat='59.3974837' lon='10.4542690'/>
  <node id='-886' version='0' action='modify' visible='true' lat='59.3975634' lon='10.4541327'/>
  <node id='-887' version='0' action='modify' visible='true' lat='59.3976440' lon='10.4539603'/>
  <node id='-888' version='0' action='modify' visible='true' lat='59.3977210' lon='10.4537130'/>
  <node id='-889' version='0' action='modify' visible='true' lat='59.3977838' lon='10.4534504'/>
  <node id='-890' version='0' action='modify' visible='true' lat='59.3978114' lon='10.4529155'/>
  <node id='-891' version='0' action='modify' visible='true' lat='59.3977973' lon='10.4526875'/>
  <node id='-892' version='0' action='modify' visible='true' lat='59.3978040' lon='10.4524544'/>
  <node id='-893' version='0' action='modify' visible='true' lat='59.3978572' lon='10.4520736'/>
  <node id='-894' version='0' action='modify' visible='true' lat='59.3979516' lon='10.4517611'/>
  <node id='-895' version='0' action='modify' visible='true' lat='59.3979827' lon='10.4517106'/>
  <node id='-896' version='0' action='modify' visible='true' lat='59.3980217' lon='10.4516755'/>
  <node id='-897' version='0' action='modify' visible='true' lat='59.3982459' lon='10.4517365'/>
  <node id='-898' version='0' action='modify' visible='true' lat='59.3984298' lon='10.4517812'/>
  <node id='-899' version='0' action='modify' visible='true' lat='59.3986482' lon='10.4518348'/>
  <node id='-900' version='0' action='modify' visible='true' lat='59.3990142' lon='10.4517329'/>
  <node id='-901' version='0' action='modify' visible='true' lat='59.3993036' lon='10.4516471'/>
  <node id='-902' version='0' action='modify' visible='true' lat='59.3995767' lon='10.4516524'/>
  <node id='-903' version='0' action='modify' visible='true' lat='59.3997952' lon='10.4515022'/>
  <node id='-904' version='0' action='modify' visible='true' lat='59.4000382' lon='10.4513788'/>
  <node id='-905' version='0' action='modify' visible='true' lat='59.4002867' lon='10.4512769'/>
  <node id='-906' version='0' action='modify' visible='true' lat='59.4005980' lon='10.4513681'/>
  <node id='-907' version='0' action='modify' visible='true' lat='59.4008356' lon='10.4514486'/>
  <node id='-908' version='0' action='modify' visible='true' lat='59.4011728' lon='10.4515693'/>
  <node id='-909' version='0' action='modify' visible='true' lat='59.4013605' lon='10.4517463'/>
  <node id='-910' version='0' action='modify' visible='true' lat='59.4015516' lon='10.4517236'/>
  <node id='-911' version='0' action='modify' visible='true' lat='59.4016629' lon='10.4517946'/>
  <node id='-912' version='0' action='modify' visible='true' lat='59.4017557' lon='10.4518403'/>
  <node id='-913' version='0' action='modify' visible='true' lat='59.4018553' lon='10.4518213'/>
  <node id='-914' version='0' action='modify' visible='true' lat='59.4019328' lon='10.4518864'/>
  <node id='-915' version='0' action='modify' visible='true' lat='59.4019949' lon='10.4519052'/>
  <node id='-916' version='0' action='modify' visible='true' lat='59.4020451' lon='10.4520192'/>
  <node id='-917' version='0' action='modify' visible='true' lat='59.4020928' lon='10.4520776'/>
  <node id='-918' version='0' action='modify' visible='true' lat='59.4021674' lon='10.4521333'/>
  <node id='-919' version='0' action='modify' visible='true' lat='59.4023431' lon='10.4521627'/>
  <node id='-920' version='0' action='modify' visible='true' lat='59.4025385' lon='10.4521858'/>
  <node id='-921' version='0' action='modify' visible='true' lat='59.4028145' lon='10.4521867'/>
  <node id='-922' version='0' action='modify' visible='true' lat='59.4030930' lon='10.4521801'/>
  <node id='-923' version='0' action='modify' visible='true' lat='59.4032251' lon='10.4521414'/>
  <node id='-924' version='0' action='modify' visible='true' lat='59.4033669' lon='10.4520725'/>
  <node id='-925' version='0' action='modify' visible='true' lat='59.4035423' lon='10.4520026'/>
  <node id='-926' version='0' action='modify' visible='true' lat='59.4037345' lon='10.4519676'/>
  <node id='-927' version='0' action='modify' visible='true' lat='59.4039268' lon='10.4519327'/>
  <node id='-928' version='0' action='modify' visible='true' lat='59.4041416' lon='10.4519962'/>
  <node id='-929' version='0' action='modify' visible='true' lat='59.4044370' lon='10.4521535'/>
  <node id='-930' version='0' action='modify' visible='true' lat='59.4045036' lon='10.4522066'/>
  <node id='-931' version='0' action='modify' visible='true' lat='59.4046276' lon='10.4523658'/>
  <node id='-932' version='0' action='modify' visible='true' lat='59.4047012' lon='10.4525108'/>
  <node id='-933' version='0' action='modify' visible='true' lat='59.4048115' lon='10.4526793'/>
  <node id='-934' version='0' action='modify' visible='true' lat='59.4049504' lon='10.4528101'/>
  <node id='-935' version='0' action='modify' visible='true' lat='59.4052123' lon='10.4529578'/>
  <node id='-936' version='0' action='modify' visible='true' lat='59.4054453' lon='10.4531464'/>
  <node id='-937' version='0' action='modify' visible='true' lat='59.4056523' lon='10.4533105'/>
  <node id='-938' version='0' action='modify' visible='true' lat='59.4058499' lon='10.4534930'/>
  <node id='-939' version='0' action='modify' visible='true' lat='59.4060021' lon='10.4536617'/>
  <node id='-940' version='0' action='modify' visible='true' lat='59.4061285' lon='10.4538708'/>
  <node id='-941' version='0' action='modify' visible='true' lat='59.4062448' lon='10.4540997'/>
  <node id='-942' version='0' action='modify' visible='true' lat='59.4063641' lon='10.4543179'/>
  <node id='-943' version='0' action='modify' visible='true' lat='59.4064723' lon='10.4544099'/>
  <node id='-944' version='0' action='modify' visible='true' lat='59.4065775' lon='10.4544533'/>
  <node id='-945' version='0' action='modify' visible='true' lat='59.4066649' lon='10.4544708'/>
  <node id='-946' version='0' action='modify' visible='true' lat='59.4067155' lon='10.4544981'/>
  <node id='-947' version='0' action='modify' visible='true' lat='59.4067660' lon='10.4545346'/>
  <node id='-948' version='0' action='modify' visible='true' lat='59.4068285' lon='10.4545678'/>
  <node id='-949' version='0' action='modify' visible='true' lat='59.4069004' lon='10.4546118'/>
  <node id='-950' version='0' action='modify' visible='true' lat='59.4069652' lon='10.4546384'/>
  <node id='-951' version='0' action='modify' visible='true' lat='59.4070077' lon='10.4546720'/>
  <node id='-952' version='0' action='modify' visible='true' lat='59.4074102' lon='10.4551013'/>
  <node id='-953' version='0' action='modify' visible='true' lat='59.4075088' lon='10.4551781'/>
  <node id='-954' version='0' action='modify' visible='true' lat='59.4078694' lon='10.4555331'/>
  <node id='-955' version='0' action='modify' visible='true' lat='59.4083118' lon='10.4560109'/>
  <node id='-956' version='0' action='modify' visible='true' lat='59.4086775' lon='10.4565772'/>
  <node id='-957' version='0' action='modify' visible='true' lat='59.4088108' lon='10.4568647'/>
  <node id='-958' version='0' action='modify' visible='true' lat='59.4090582' lon='10.4574270'/>
  <node id='-959' version='0' action='modify' visible='true' lat='59.4091048' lon='10.4574439'/>
  <node id='-960' version='0' action='modify' visible='true' lat='59.4091565' lon='10.4574627'/>
  <node id='-961' version='0' action='modify' visible='true' lat='59.4094127' lon='10.4575558'/>
  <node id='-962' version='0' action='modify' visible='true' lat='59.4099211' lon='10.4577449'/>
  <node id='-963' version='0' action='modify' visible='true' lat='59.4099795' lon='10.4577655'/>
  <node id='-964' version='0' action='modify' visible='true' lat='59.4100466' lon='10.4577877'/>
  <node id='-965' version='0' action='modify' visible='true' lat='59.4105782' lon='10.4579633'/>
  <node id='-966' version='0' action='modify' visible='true' lat='59.4111098' lon='10.4581389'/>
  <node id='-967' version='0' action='modify' visible='true' lat='59.4111639' lon='10.4581448'/>
  <node id='-968' version='0' action='modify' visible='true' lat='59.4112364' lon='10.4581328'/>
  <node id='-969' version='0' action='modify' visible='true' lat='59.4113878' lon='10.4580724'/>
  <node id='-970' version='0' action='modify' visible='true' lat='59.4115786' lon='10.4580675'/>
  <node id='-971' version='0' action='modify' visible='true' lat='59.4116512' lon='10.4580657'/>
  <node id='-972' version='0' action='modify' visible='true' lat='59.4119278' lon='10.4580366'/>
  <node id='-973' version='0' action='modify' visible='true' lat='59.4120611' lon='10.4580121'/>
  <node id='-974' version='0' action='modify' visible='true' lat='59.4122267' lon='10.4579974'/>
  <node id='-975' version='0' action='modify' visible='true' lat='59.4123794' lon='10.4579839'/>
  <node id='-976' version='0' action='modify' visible='true' lat='59.4124189' lon='10.4579922'/>
  <node id='-977' version='0' action='modify' visible='true' lat='59.4124626' lon='10.4580013'/>
  <node id='-978' version='0' action='modify' visible='true' lat='59.4125397' lon='10.4580174'/>
  <node id='-979' version='0' action='modify' visible='true' lat='59.4126915' lon='10.4581020'/>
  <node id='-980' version='0' action='modify' visible='true' lat='59.4127667' lon='10.4581439'/>
  <node id='-981' version='0' action='modify' visible='true' lat='59.4129965' lon='10.4581958'/>
  <node id='-982' version='0' action='modify' visible='true' lat='59.4131892' lon='10.4582393'/>
  <node id='-983' version='0' action='modify' visible='true' lat='59.4132296' lon='10.4582484'/>
  <node id='-984' version='0' action='modify' visible='true' lat='59.4133609' lon='10.4582781'/>
  <node id='-985' version='0' action='modify' visible='true' lat='59.4134330' lon='10.4582910'/>
  <node id='-986' version='0' action='modify' visible='true' lat='59.4134985' lon='10.4582696'/>
  <node id='-987' version='0' action='modify' visible='true' lat='59.4135797' lon='10.4582213'/>
  <node id='-988' version='0' action='modify' visible='true' lat='59.4137319' lon='10.4580791'/>
  <node id='-989' version='0' action='modify' visible='true' lat='59.4139401' lon='10.4579423'/>
  <node id='-990' version='0' action='modify' visible='true' lat='59.4140783' lon='10.4578727'/>
  <node id='-991' version='0' action='modify' visible='true' lat='59.4140684' lon='10.4577772'/>
  <node id='-992' version='0' action='modify' visible='true' lat='59.4140613' lon='10.4576380'/>
  <node id='-993' version='0' action='modify' visible='true' lat='59.4140558' lon='10.4575644'/>
  <node id='-994' version='0' action='modify' visible='true' lat='59.4140451' lon='10.4572340'/>
  <node id='-995' version='0' action='modify' visible='true' lat='59.4140373' lon='10.4570479'/>
  <node id='-996' version='0' action='modify' visible='true' lat='59.4140373' lon='10.4568137'/>
  <node id='-997' version='0' action='modify' visible='true' lat='59.4140389' lon='10.4563792'/>
  <node id='-998' version='0' action='modify' visible='true' lat='59.4140569' lon='10.4559226'/>
  <node id='-999' version='0' action='modify' visible='true' lat='59.4140889' lon='10.4554769'/>
  <node id='-1000' version='0' action='modify' visible='true' lat='59.4140965' lon='10.4554024'/>
  <node id='-1001' version='0' action='modify' visible='true' lat='59.4141091' lon='10.4553245'/>
  <node id='-1002' version='0' action='modify' visible='true' lat='59.4141014' lon='10.4550949'/>
  <node id='-1003' version='0' action='modify' visible='true' lat='59.4141145' lon='10.4548361'/>
  <node id='-1004' version='0' action='modify' visible='true' lat='59.4141253' lon='10.4547052'/>
  <node id='-1005' version='0' action='modify' visible='true' lat='59.4141199' lon='10.4545848'/>
  <node id='-1006' version='0' action='modify' visible='true' lat='59.4141433' lon='10.4542238'/>
  <node id='-1007' version='0' action='modify' visible='true' lat='59.4141720' lon='10.4540966'/>
  <node id='-1008' version='0' action='modify' visible='true' lat='59.4142065' lon='10.4539056'/>
  <node id='-1009' version='0' action='modify' visible='true' lat='59.4142154' lon='10.4537956'/>
  <node id='-1010' version='0' action='modify' visible='true' lat='59.4142118' lon='10.4537107'/>
  <node id='-1011' version='0' action='modify' visible='true' lat='59.4141922' lon='10.4535510'/>
  <node id='-1012' version='0' action='modify' visible='true' lat='59.4141626' lon='10.4533633'/>
  <node id='-1013' version='0' action='modify' visible='true' lat='59.4141046' lon='10.4531846'/>
  <node id='-1014' version='0' action='modify' visible='true' lat='59.4140450' lon='10.4530398'/>
  <node id='-1015' version='0' action='modify' visible='true' lat='59.4139196' lon='10.4528303'/>
  <node id='-1016' version='0' action='modify' visible='true' lat='59.4137879' lon='10.4526054'/>
  <node id='-1017' version='0' action='modify' visible='true' lat='59.4137279' lon='10.4524456'/>
  <node id='-1018' version='0' action='modify' visible='true' lat='59.4136797' lon='10.4523003'/>
  <node id='-1019' version='0' action='modify' visible='true' lat='59.4136404' lon='10.4521231'/>
  <node id='-1020' version='0' action='modify' visible='true' lat='59.4136432' lon='10.4518588'/>
  <node id='-1021' version='0' action='modify' visible='true' lat='59.4136876' lon='10.4515547'/>
  <node id='-1022' version='0' action='modify' visible='true' lat='59.4137490' lon='10.4512887'/>
  <node id='-1023' version='0' action='modify' visible='true' lat='59.4138675' lon='10.4509949'/>
  <node id='-1024' version='0' action='modify' visible='true' lat='59.4139580' lon='10.4507378'/>
  <node id='-1025' version='0' action='modify' visible='true' lat='59.4140318' lon='10.4505412'/>
  <node id='-1026' version='0' action='modify' visible='true' lat='59.4140758' lon='10.4503744'/>
  <node id='-1027' version='0' action='modify' visible='true' lat='59.4141393' lon='10.4502017'/>
  <node id='-1028' version='0' action='modify' visible='true' lat='59.4141972' lon='10.4500827'/>
  <node id='-1029' version='0' action='modify' visible='true' lat='59.4142607' lon='10.4500241'/>
  <node id='-1030' version='0' action='modify' visible='true' lat='59.4143156' lon='10.4499948'/>
  <node id='-1031' version='0' action='modify' visible='true' lat='59.4143760' lon='10.4499870'/>
  <node id='-1032' version='0' action='modify' visible='true' lat='59.4145030' lon='10.4499877'/>
  <node id='-1033' version='0' action='modify' visible='true' lat='59.4146001' lon='10.4500076'/>
  <node id='-1034' version='0' action='modify' visible='true' lat='59.4146800' lon='10.4500612'/>
  <node id='-1035' version='0' action='modify' visible='true' lat='59.4147459' lon='10.4500852'/>
  <node id='-1036' version='0' action='modify' visible='true' lat='59.4148119' lon='10.4500879'/>
  <node id='-1037' version='0' action='modify' visible='true' lat='59.4148886' lon='10.4500490'/>
  <node id='-1038' version='0' action='modify' visible='true' lat='59.4149600' lon='10.4499511'/>
  <node id='-1039' version='0' action='modify' visible='true' lat='59.4150229' lon='10.4498167'/>
  <node id='-1040' version='0' action='modify' visible='true' lat='59.4150913' lon='10.4496823'/>
  <node id='-1041' version='0' action='modify' visible='true' lat='59.4151624' lon='10.4496085'/>
  <node id='-1042' version='0' action='modify' visible='true' lat='59.4152663' lon='10.4495239'/>
  <node id='-1043' version='0' action='modify' visible='true' lat='59.4152867' lon='10.4494874'/>
  <node id='-1044' version='0' action='modify' visible='true' lat='59.4153697' lon='10.4493390'/>
  <node id='-1045' version='0' action='modify' visible='true' lat='59.4155526' lon='10.4491888'/>
  <node id='-1046' version='0' action='modify' visible='true' lat='59.4157477' lon='10.4490468'/>
  <node id='-1047' version='0' action='modify' visible='true' lat='59.4157651' lon='10.4489290'/>
  <node id='-1048' version='0' action='modify' visible='true' lat='59.4157791' lon='10.4487436'/>
  <node id='-1049' version='0' action='modify' visible='true' lat='59.4157750' lon='10.4486337'/>
  <node id='-1050' version='0' action='modify' visible='true' lat='59.4157395' lon='10.4484621'/>
  <node id='-1051' version='0' action='modify' visible='true' lat='59.4156204' lon='10.4481153'/>
  <node id='-1052' version='0' action='modify' visible='true' lat='59.4154665' lon='10.4475743'/>
  <node id='-1053' version='0' action='modify' visible='true' lat='59.4154215' lon='10.4473704'/>
  <node id='-1054' version='0' action='modify' visible='true' lat='59.4153187' lon='10.4471228'/>
  <node id='-1055' version='0' action='modify' visible='true' lat='59.4152754' lon='10.4470083'/>
  <node id='-1056' version='0' action='modify' visible='true' lat='59.4152182' lon='10.4467964'/>
  <node id='-1057' version='0' action='modify' visible='true' lat='59.4151950' lon='10.4466328'/>
  <node id='-1058' version='0' action='modify' visible='true' lat='59.4151897' lon='10.4463602'/>
  <node id='-1059' version='0' action='modify' visible='true' lat='59.4152701' lon='10.4456293'/>
  <node id='-1060' version='0' action='modify' visible='true' lat='59.4152635' lon='10.4451411'/>
  <node id='-1061' version='0' action='modify' visible='true' lat='59.4152271' lon='10.4445152'/>
  <node id='-1062' version='0' action='modify' visible='true' lat='59.4152135' lon='10.4443385'/>
  <node id='-1063' version='0' action='modify' visible='true' lat='59.4152059' lon='10.4440418'/>
  <node id='-1064' version='0' action='modify' visible='true' lat='59.4151854' lon='10.4438433'/>
  <node id='-1065' version='0' action='modify' visible='true' lat='59.4151935' lon='10.4435955'/>
  <node id='-1066' version='0' action='modify' visible='true' lat='59.4151705' lon='10.4433117'/>
  <node id='-1067' version='0' action='modify' visible='true' lat='59.4151854' lon='10.4432143'/>
  <node id='-1068' version='0' action='modify' visible='true' lat='59.4152505' lon='10.4431138'/>
  <node id='-1069' version='0' action='modify' visible='true' lat='59.4153581' lon='10.4429178'/>
  <node id='-1070' version='0' action='modify' visible='true' lat='59.4154793' lon='10.4426543'/>
  <node id='-1071' version='0' action='modify' visible='true' lat='59.4155431' lon='10.4424700'/>
  <node id='-1072' version='0' action='modify' visible='true' lat='59.4156174' lon='10.4420944'/>
  <node id='-1073' version='0' action='modify' visible='true' lat='59.4156537' lon='10.4417631'/>
  <node id='-1074' version='0' action='modify' visible='true' lat='59.4157279' lon='10.4413692'/>
  <node id='-1075' version='0' action='modify' visible='true' lat='59.4158291' lon='10.4410735'/>
  <node id='-1076' version='0' action='modify' visible='true' lat='59.4161687' lon='10.4409611'/>
  <node id='-1077' version='0' action='modify' visible='true' lat='59.4164437' lon='10.4409385'/>
  <node id='-1078' version='0' action='modify' visible='true' lat='59.4165897' lon='10.4409760'/>
  <node id='-1079' version='0' action='modify' visible='true' lat='59.4167164' lon='10.4410625'/>
  <node id='-1080' version='0' action='modify' visible='true' lat='59.4169806' lon='10.4412618'/>
  <node id='-1081' version='0' action='modify' visible='true' lat='59.4170905' lon='10.4412174'/>
  <node id='-1082' version='0' action='modify' visible='true' lat='59.4171883' lon='10.4411129'/>
  <node id='-1083' version='0' action='modify' visible='true' lat='59.4173141' lon='10.4409364'/>
  <node id='-1084' version='0' action='modify' visible='true' lat='59.4174522' lon='10.4408258'/>
  <node id='-1085' version='0' action='modify' visible='true' lat='59.4175453' lon='10.4407983'/>
  <node id='-1086' version='0' action='modify' visible='true' lat='59.4178780' lon='10.4407811'/>
  <node id='-1087' version='0' action='modify' visible='true' lat='59.4180713' lon='10.4407817'/>
  <node id='-1088' version='0' action='modify' visible='true' lat='59.4182643' lon='10.4407457'/>
  <node id='-1089' version='0' action='modify' visible='true' lat='59.4183171' lon='10.4406553'/>
  <node id='-1090' version='0' action='modify' visible='true' lat='59.4183568' lon='10.4403065'/>
  <node id='-1091' version='0' action='modify' visible='true' lat='59.4183866' lon='10.4399121'/>
  <node id='-1092' version='0' action='modify' visible='true' lat='59.4184374' lon='10.4397851'/>
  <node id='-1093' version='0' action='modify' visible='true' lat='59.4185480' lon='10.4396671'/>
  <node id='-1094' version='0' action='modify' visible='true' lat='59.4186921' lon='10.4396108'/>
  <node id='-1095' version='0' action='modify' visible='true' lat='59.4194070' lon='10.4396771'/>
  <node id='-1096' version='0' action='modify' visible='true' lat='59.4194203' lon='10.4394698'/>
  <node id='-1097' version='0' action='modify' visible='true' lat='59.4194382' lon='10.4391451'/>
  <node id='-1098' version='0' action='modify' visible='true' lat='59.4194617' lon='10.4387651'/>
  <node id='-1099' version='0' action='modify' visible='true' lat='59.4195666' lon='10.4387243'/>
  <node id='-1100' version='0' action='modify' visible='true' lat='59.4196611' lon='10.4386562'/>
  <node id='-1101' version='0' action='modify' visible='true' lat='59.4197165' lon='10.4385134'/>
  <node id='-1102' version='0' action='modify' visible='true' lat='59.4198517' lon='10.4381479'/>
  <node id='-1103' version='0' action='modify' visible='true' lat='59.4198680' lon='10.4381086'/>
  <node id='-1104' version='0' action='modify' visible='true' lat='59.4201616' lon='10.4377417'/>
  <node id='-1105' version='0' action='modify' visible='true' lat='59.4203587' lon='10.4375717'/>
  <node id='-1106' version='0' action='modify' visible='true' lat='59.4205029' lon='10.4375436'/>
  <node id='-1107' version='0' action='modify' visible='true' lat='59.4209019' lon='10.4374813'/>
  <node id='-1108' version='0' action='modify' visible='true' lat='59.4210925' lon='10.4374190'/>
  <node id='-1109' version='0' action='modify' visible='true' lat='59.4214048' lon='10.4372197'/>
  <node id='-1110' version='0' action='modify' visible='true' lat='59.4216508' lon='10.4370850'/>
  <node id='-1111' version='0' action='modify' visible='true' lat='59.4219907' lon='10.4368990'/>
  <node id='-1112' version='0' action='modify' visible='true' lat='59.4222479' lon='10.4368204'/>
  <node id='-1113' version='0' action='modify' visible='true' lat='59.4227092' lon='10.4368065'/>
  <node id='-1114' version='0' action='modify' visible='true' lat='59.4229174' lon='10.4367870'/>
  <node id='-1115' version='0' action='modify' visible='true' lat='59.4231064' lon='10.4366793'/>
  <node id='-1116' version='0' action='modify' visible='true' lat='59.4235299' lon='10.4364123'/>
  <node id='-1117' version='0' action='modify' visible='true' lat='59.4239034' lon='10.4361273'/>
  <node id='-1118' version='0' action='modify' visible='true' lat='59.4245242' lon='10.4357582'/>
  <node id='-1119' version='0' action='modify' visible='true' lat='59.4246179' lon='10.4356778'/>
  <node id='-1120' version='0' action='modify' visible='true' lat='59.4249189' lon='10.4354192'/>
  <node id='-1121' version='0' action='modify' visible='true' lat='59.4251643' lon='10.4352522'/>
  <node id='-1122' version='0' action='modify' visible='true' lat='59.4255136' lon='10.4350752'/>
  <node id='-1123' version='0' action='modify' visible='true' lat='59.4258806' lon='10.4348455'/>
  <node id='-1124' version='0' action='modify' visible='true' lat='59.4260974' lon='10.4347584'/>
  <node id='-1125' version='0' action='modify' visible='true' lat='59.4263040' lon='10.4347086'/>
  <node id='-1126' version='0' action='modify' visible='true' lat='59.4264564' lon='10.4347251'/>
  <node id='-1127' version='0' action='modify' visible='true' lat='59.4267046' lon='10.4347788'/>
  <node id='-1128' version='0' action='modify' visible='true' lat='59.4273714' lon='10.4350020'/>
  <node id='-1129' version='0' action='modify' visible='true' lat='59.4275648' lon='10.4350802'/>
  <node id='-1130' version='0' action='modify' visible='true' lat='59.4276536' lon='10.4350809'/>
  <node id='-1131' version='0' action='modify' visible='true' lat='59.4278248' lon='10.4349820'/>
  <node id='-1132' version='0' action='modify' visible='true' lat='59.4279558' lon='10.4348922'/>
  <node id='-1133' version='0' action='modify' visible='true' lat='59.4281215' lon='10.4347951'/>
  <node id='-1134' version='0' action='modify' visible='true' lat='59.4283752' lon='10.4346960'/>
  <node id='-1135' version='0' action='modify' visible='true' lat='59.4286350' lon='10.4346031'/>
  <node id='-1136' version='0' action='modify' visible='true' lat='59.4289433' lon='10.4345387'/>
  <node id='-1137' version='0' action='modify' visible='true' lat='59.4291534' lon='10.4344314'/>
  <node id='-1138' version='0' action='modify' visible='true' lat='59.4294067' lon='10.4343840'/>
  <node id='-1139' version='0' action='modify' visible='true' lat='59.4295250' lon='10.4343896'/>
  <node id='-1140' version='0' action='modify' visible='true' lat='59.4296584' lon='10.4343632'/>
  <node id='-1141' version='0' action='modify' visible='true' lat='59.4298124' lon='10.4343685'/>
  <node id='-1142' version='0' action='modify' visible='true' lat='59.4299443' lon='10.4343943'/>
  <node id='-1143' version='0' action='modify' visible='true' lat='59.4301083' lon='10.4344475'/>
  <node id='-1144' version='0' action='modify' visible='true' lat='59.4303288' lon='10.4344896'/>
  <node id='-1145' version='0' action='modify' visible='true' lat='59.4308745' lon='10.4345938'/>
  <node id='-1146' version='0' action='modify' visible='true' lat='59.4311372' lon='10.4346287'/>
  <node id='-1147' version='0' action='modify' visible='true' lat='59.4312780' lon='10.4347125'/>
  <node id='-1148' version='0' action='modify' visible='true' lat='59.4317215' lon='10.4351355'/>
  <node id='-1149' version='0' action='modify' visible='true' lat='59.4318963' lon='10.4352989'/>
  <node id='-1150' version='0' action='modify' visible='true' lat='59.4320164' lon='10.4353423'/>
  <node id='-1151' version='0' action='modify' visible='true' lat='59.4321388' lon='10.4353326'/>
  <node id='-1152' version='0' action='modify' visible='true' lat='59.4322478' lon='10.4353039'/>
  <node id='-1153' version='0' action='modify' visible='true' lat='59.4323299' lon='10.4352487'/>
  <node id='-1154' version='0' action='modify' visible='true' lat='59.4326126' lon='10.4350603'/>
  <node id='-1155' version='0' action='modify' visible='true' lat='59.4327292' lon='10.4350204'/>
  <node id='-1156' version='0' action='modify' visible='true' lat='59.4328512' lon='10.4350122'/>
  <node id='-1157' version='0' action='modify' visible='true' lat='59.4330149' lon='10.4350082'/>
  <node id='-1158' version='0' action='modify' visible='true' lat='59.4331145' lon='10.4348769'/>
  <node id='-1159' version='0' action='modify' visible='true' lat='59.4332243' lon='10.4347748'/>
  <node id='-1160' version='0' action='modify' visible='true' lat='59.4333710' lon='10.4347252'/>
  <node id='-1161' version='0' action='modify' visible='true' lat='59.4337405' lon='10.4348576'/>
  <node id='-1162' version='0' action='modify' visible='true' lat='59.4338976' lon='10.4349958'/>
  <node id='-1163' version='0' action='modify' visible='true' lat='59.4341381' lon='10.4354089'/>
  <node id='-1164' version='0' action='modify' visible='true' lat='59.4343123' lon='10.4352844'/>
  <node id='-1165' version='0' action='modify' visible='true' lat='59.4344892' lon='10.4352135'/>
  <node id='-1166' version='0' action='modify' visible='true' lat='59.4349764' lon='10.4351028'/>
  <node id='-1167' version='0' action='modify' visible='true' lat='59.4353727' lon='10.4349679'/>
  <node id='-1168' version='0' action='modify' visible='true' lat='59.4357149' lon='10.4349637'/>
  <node id='-1169' version='0' action='modify' visible='true' lat='59.4362001' lon='10.4351397'/>
  <node id='-1170' version='0' action='modify' visible='true' lat='59.4368184' lon='10.4354236'/>
  <node id='-1171' version='0' action='modify' visible='true' lat='59.4370999' lon='10.4355822'/>
  <node id='-1172' version='0' action='modify' visible='true' lat='59.4371980' lon='10.4356374'/>
  <node id='-1173' version='0' action='modify' visible='true' lat='59.4377807' lon='10.4360727'/>
  <node id='-1174' version='0' action='modify' visible='true' lat='59.4379588' lon='10.4361952'/>
  <node id='-1175' version='0' action='modify' visible='true' lat='59.4381040' lon='10.4362231'/>
  <node id='-1176' version='0' action='modify' visible='true' lat='59.4384468' lon='10.4362633'/>
  <node id='-1177' version='0' action='modify' visible='true' lat='59.4388609' lon='10.4363894'/>
  <node id='-1178' version='0' action='modify' visible='true' lat='59.4390311' lon='10.4364206'/>
  <node id='-1179' version='0' action='modify' visible='true' lat='59.4391139' lon='10.4364285'/>
  <node id='-1180' version='0' action='modify' visible='true' lat='59.4391799' lon='10.4363816'/>
  <node id='-1181' version='0' action='modify' visible='true' lat='59.4393264' lon='10.4362070'/>
  <node id='-1182' version='0' action='modify' visible='true' lat='59.4397933' lon='10.4355838'/>
  <node id='-1183' version='0' action='modify' visible='true' lat='59.4399164' lon='10.4353809'/>
  <node id='-1184' version='0' action='modify' visible='true' lat='59.4400052' lon='10.4351819'/>
  <node id='-1185' version='0' action='modify' visible='true' lat='59.4400692' lon='10.4349840'/>
  <node id='-1186' version='0' action='modify' visible='true' lat='59.4401681' lon='10.4345708'/>
  <node id='-1187' version='0' action='modify' visible='true' lat='59.4402777' lon='10.4341992'/>
  <node id='-1188' version='0' action='modify' visible='true' lat='59.4403639' lon='10.4340358'/>
  <node id='-1189' version='0' action='modify' visible='true' lat='59.4404262' lon='10.4339177'/>
  <node id='-1190' version='0' action='modify' visible='true' lat='59.4404829' lon='10.4338254'/>
  <node id='-1191' version='0' action='modify' visible='true' lat='59.4406100' lon='10.4336950'/>
  <node id='-1192' version='0' action='modify' visible='true' lat='59.4410379' lon='10.4334582'/>
  <node id='-1193' version='0' action='modify' visible='true' lat='59.4411612' lon='10.4334624'/>
  <node id='-1194' version='0' action='modify' visible='true' lat='59.4412213' lon='10.4334924'/>
  <node id='-1195' version='0' action='modify' visible='true' lat='59.4412409' lon='10.4335213'/>
  <node id='-1196' version='0' action='modify' visible='true' lat='59.4413081' lon='10.4336205'/>
  <node id='-1197' version='0' action='modify' visible='true' lat='59.4413741' lon='10.4338349'/>
  <node id='-1198' version='0' action='modify' visible='true' lat='59.4415079' lon='10.4341619'/>
  <node id='-1199' version='0' action='modify' visible='true' lat='59.4415208' lon='10.4337877'/>
  <node id='-1200' version='0' action='modify' visible='true' lat='59.4415416' lon='10.4335445'/>
  <node id='-1201' version='0' action='modify' visible='true' lat='59.4415638' lon='10.4333116'/>
  <node id='-1202' version='0' action='modify' visible='true' lat='59.4415699' lon='10.4331440'/>
  <node id='-1203' version='0' action='modify' visible='true' lat='59.4415624' lon='10.4329790'/>
  <node id='-1204' version='0' action='modify' visible='true' lat='59.4415393' lon='10.4327899'/>
  <node id='-1205' version='0' action='modify' visible='true' lat='59.4415287' lon='10.4327534'/>
  <node id='-1206' version='0' action='modify' visible='true' lat='59.4414922' lon='10.4326276'/>
  <node id='-1207' version='0' action='modify' visible='true' lat='59.4414302' lon='10.4324855'/>
  <node id='-1208' version='0' action='modify' visible='true' lat='59.4413490' lon='10.4323407'/>
  <node id='-1209' version='0' action='modify' visible='true' lat='59.4412432' lon='10.4321954'/>
  <node id='-1210' version='0' action='modify' visible='true' lat='59.4411362' lon='10.4321038'/>
  <node id='-1211' version='0' action='modify' visible='true' lat='59.4409909' lon='10.4320246'/>
  <node id='-1212' version='0' action='modify' visible='true' lat='59.4404212' lon='10.4317791'/>
  <node id='-1213' version='0' action='modify' visible='true' lat='59.4401116' lon='10.4316120'/>
  <node id='-1214' version='0' action='modify' visible='true' lat='59.4395054' lon='10.4312466'/>
  <node id='-1215' version='0' action='modify' visible='true' lat='59.4388861' lon='10.4308982'/>
  <node id='-1216' version='0' action='modify' visible='true' lat='59.4385497' lon='10.4306865'/>
  <node id='-1217' version='0' action='modify' visible='true' lat='59.4382493' lon='10.4305783'/>
  <node id='-1218' version='0' action='modify' visible='true' lat='59.4377595' lon='10.4304482'/>
  <node id='-1219' version='0' action='modify' visible='true' lat='59.4375293' lon='10.4303560'/>
  <node id='-1220' version='0' action='modify' visible='true' lat='59.4373532' lon='10.4302939'/>
  <node id='-1221' version='0' action='modify' visible='true' lat='59.4369886' lon='10.4301357'/>
  <node id='-1222' version='0' action='modify' visible='true' lat='59.4366077' lon='10.4299535'/>
  <node id='-1223' version='0' action='modify' visible='true' lat='59.4362970' lon='10.4298045'/>
  <node id='-1224' version='0' action='modify' visible='true' lat='59.4359748' lon='10.4296183'/>
  <node id='-1225' version='0' action='modify' visible='true' lat='59.4357449' lon='10.4294743'/>
  <node id='-1226' version='0' action='modify' visible='true' lat='59.4354192' lon='10.4293308'/>
  <node id='-1227' version='0' action='modify' visible='true' lat='59.4349847' lon='10.4292067'/>
  <node id='-1228' version='0' action='modify' visible='true' lat='59.4346671' lon='10.4290893'/>
  <node id='-1229' version='0' action='modify' visible='true' lat='59.4344217' lon='10.4289577'/>
  <node id='-1230' version='0' action='modify' visible='true' lat='59.4342938' lon='10.4288653'/>
  <node id='-1231' version='0' action='modify' visible='true' lat='59.4340929' lon='10.4287202'/>
  <node id='-1232' version='0' action='modify' visible='true' lat='59.4338837' lon='10.4285520'/>
  <node id='-1233' version='0' action='modify' visible='true' lat='59.4337607' lon='10.4284530'/>
  <node id='-1234' version='0' action='modify' visible='true' lat='59.4337403' lon='10.4284366'/>
  <node id='-1235' version='0' action='modify' visible='true' lat='59.4331934' lon='10.4279068'/>
  <node id='-1236' version='0' action='modify' visible='true' lat='59.4326882' lon='10.4273756'/>
  <node id='-1237' version='0' action='modify' visible='true' lat='59.4321567' lon='10.4268568'/>
  <node id='-1238' version='0' action='modify' visible='true' lat='59.4321176' lon='10.4269132'/>
  <node id='-1239' version='0' action='modify' visible='true' lat='59.4320549' lon='10.4269289'/>
  <node id='-1240' version='0' action='modify' visible='true' lat='59.4319072' lon='10.4269049'/>
  <node id='-1241' version='0' action='modify' visible='true' lat='59.4315242' lon='10.4267707'/>
  <node id='-1242' version='0' action='modify' visible='true' lat='59.4310923' lon='10.4265668'/>
  <node id='-1243' version='0' action='modify' visible='true' lat='59.4308710' lon='10.4264315'/>
  <node id='-1244' version='0' action='modify' visible='true' lat='59.4307522' lon='10.4262882'/>
  <node id='-1245' version='0' action='modify' visible='true' lat='59.4305647' lon='10.4260212'/>
  <node id='-1246' version='0' action='modify' visible='true' lat='59.4305343' lon='10.4259779'/>
  <node id='-1247' version='0' action='modify' visible='true' lat='59.4302812' lon='10.4256539'/>
  <node id='-1248' version='0' action='modify' visible='true' lat='59.4295275' lon='10.4248766'/>
  <node id='-1249' version='0' action='modify' visible='true' lat='59.4290741' lon='10.4242984'/>
  <node id='-1250' version='0' action='modify' visible='true' lat='59.4286976' lon='10.4237432'/>
  <node id='-1251' version='0' action='modify' visible='true' lat='59.4284681' lon='10.4234421'/>
  <node id='-1252' version='0' action='modify' visible='true' lat='59.4278710' lon='10.4227132'/>
  <node id='-1253' version='0' action='modify' visible='true' lat='59.4274797' lon='10.4221566'/>
  <node id='-1254' version='0' action='modify' visible='true' lat='59.4271583' lon='10.4216181'/>
  <node id='-1255' version='0' action='modify' visible='true' lat='59.4272372' lon='10.4214487'/>
  <node id='-1256' version='0' action='modify' visible='true' lat='59.4273654' lon='10.4213675'/>
  <node id='-1257' version='0' action='modify' visible='true' lat='59.4275688' lon='10.4213018'/>
  <node id='-1258' version='0' action='modify' visible='true' lat='59.4278200' lon='10.4212820'/>
  <node id='-1259' version='0' action='modify' visible='true' lat='59.4279128' lon='10.4212862'/>
  <node id='-1260' version='0' action='modify' visible='true' lat='59.4280132' lon='10.4213403'/>
  <node id='-1261' version='0' action='modify' visible='true' lat='59.4281063' lon='10.4213545'/>
  <node id='-1262' version='0' action='modify' visible='true' lat='59.4281879' lon='10.4212856'/>
  <node id='-1263' version='0' action='modify' visible='true' lat='59.4282562' lon='10.4211289'/>
  <node id='-1264' version='0' action='modify' visible='true' lat='59.4283045' lon='10.4210549'/>
  <node id='-1265' version='0' action='modify' visible='true' lat='59.4285439' lon='10.4208658'/>
  <node id='-1266' version='0' action='modify' visible='true' lat='59.4284828' lon='10.4202871'/>
  <node id='-1267' version='0' action='modify' visible='true' lat='59.4284549' lon='10.4198966'/>
  <node id='-1268' version='0' action='modify' visible='true' lat='59.4283922' lon='10.4197194'/>
  <node id='-1269' version='0' action='modify' visible='true' lat='59.4282952' lon='10.4196041'/>
  <node id='-1270' version='0' action='modify' visible='true' lat='59.4278204' lon='10.4194634'/>
  <node id='-1271' version='0' action='modify' visible='true' lat='59.4275060' lon='10.4192574'/>
  <node id='-1272' version='0' action='modify' visible='true' lat='59.4273736' lon='10.4189971'/>
  <node id='-1273' version='0' action='modify' visible='true' lat='59.4272728' lon='10.4185369'/>
  <node id='-1274' version='0' action='modify' visible='true' lat='59.4272026' lon='10.4179330'/>
  <node id='-1275' version='0' action='modify' visible='true' lat='59.4271690' lon='10.4173349'/>
  <node id='-1276' version='0' action='modify' visible='true' lat='59.4271088' lon='10.4167628'/>
  <node id='-1277' version='0' action='modify' visible='true' lat='59.4269731' lon='10.4158325'/>
  <node id='-1278' version='0' action='modify' visible='true' lat='59.4268859' lon='10.4152599'/>
  <node id='-1279' version='0' action='modify' visible='true' lat='59.4268787' lon='10.4150092'/>
  <node id='-1280' version='0' action='modify' visible='true' lat='59.4269290' lon='10.4147412'/>
  <node id='-1281' version='0' action='modify' visible='true' lat='59.4270304' lon='10.4142692'/>
  <node id='-1282' version='0' action='modify' visible='true' lat='59.4270607' lon='10.4139915'/>
  <node id='-1283' version='0' action='modify' visible='true' lat='59.4270689' lon='10.4136790'/>
  <node id='-1284' version='0' action='modify' visible='true' lat='59.4270334' lon='10.4131823'/>
  <node id='-1285' version='0' action='modify' visible='true' lat='59.4270277' lon='10.4129021'/>
  <node id='-1286' version='0' action='modify' visible='true' lat='59.4270904' lon='10.4123806'/>
  <node id='-1287' version='0' action='modify' visible='true' lat='59.4272561' lon='10.4113412'/>
  <node id='-1288' version='0' action='modify' visible='true' lat='59.4273291' lon='10.4111197'/>
  <node id='-1289' version='0' action='modify' visible='true' lat='59.4274508' lon='10.4109329'/>
  <node id='-1290' version='0' action='modify' visible='true' lat='59.4277914' lon='10.4103971'/>
  <node id='-1291' version='0' action='modify' visible='true' lat='59.4279007' lon='10.4101080'/>
  <node id='-1292' version='0' action='modify' visible='true' lat='59.4280317' lon='10.4095261'/>
  <node id='-1293' version='0' action='modify' visible='true' lat='59.4281890' lon='10.4091021'/>
  <node id='-1294' version='0' action='modify' visible='true' lat='59.4283309' lon='10.4087738'/>
  <node id='-1295' version='0' action='modify' visible='true' lat='59.4283936' lon='10.4084707'/>
  <node id='-1296' version='0' action='modify' visible='true' lat='59.4283945' lon='10.4081633'/>
  <node id='-1297' version='0' action='modify' visible='true' lat='59.4283215' lon='10.4079728'/>
  <node id='-1298' version='0' action='modify' visible='true' lat='59.4281550' lon='10.4077887'/>
  <node id='-1299' version='0' action='modify' visible='true' lat='59.4279510' lon='10.4075664'/>
  <node id='-1300' version='0' action='modify' visible='true' lat='59.4279084' lon='10.4074997'/>
  <node id='-1301' version='0' action='modify' visible='true' lat='59.4278897' lon='10.4074193'/>
  <node id='-1302' version='0' action='modify' visible='true' lat='59.4278982' lon='10.4072186'/>
  <node id='-1303' version='0' action='modify' visible='true' lat='59.4279651' lon='10.4070001'/>
  <node id='-1304' version='0' action='modify' visible='true' lat='59.4281503' lon='10.4067485'/>
  <node id='-1305' version='0' action='modify' visible='true' lat='59.4283425' lon='10.4064849'/>
  <node id='-1306' version='0' action='modify' visible='true' lat='59.4289183' lon='10.4055724'/>
  <node id='-1307' version='0' action='modify' visible='true' lat='59.4291200' lon='10.4053333'/>
  <node id='-1308' version='0' action='modify' visible='true' lat='59.4291399' lon='10.4052369'/>
  <node id='-1309' version='0' action='modify' visible='true' lat='59.4293674' lon='10.4044714'/>
  <node id='-1310' version='0' action='modify' visible='true' lat='59.4297278' lon='10.4037804'/>
  <node id='-1311' version='0' action='modify' visible='true' lat='59.4298208' lon='10.4033704'/>
  <node id='-1312' version='0' action='modify' visible='true' lat='59.4298966' lon='10.4029942'/>
  <node id='-1313' version='0' action='modify' visible='true' lat='59.4298900' lon='10.4026768'/>
  <node id='-1314' version='0' action='modify' visible='true' lat='59.4297106' lon='10.4021584'/>
  <node id='-1315' version='0' action='modify' visible='true' lat='59.4295150' lon='10.4019684'/>
  <node id='-1316' version='0' action='modify' visible='true' lat='59.4293945' lon='10.4016978'/>
  <node id='-1317' version='0' action='modify' visible='true' lat='59.4293343' lon='10.4013258'/>
  <node id='-1318' version='0' action='modify' visible='true' lat='59.4291809' lon='10.4007088'/>
  <node id='-1319' version='0' action='modify' visible='true' lat='59.4290361' lon='10.4003646'/>
  <node id='-1320' version='0' action='modify' visible='true' lat='59.4289632' lon='10.3999564'/>
  <node id='-1321' version='0' action='modify' visible='true' lat='59.4288943' lon='10.3995814'/>
  <node id='-1322' version='0' action='modify' visible='true' lat='59.4288160' lon='10.3993670'/>
  <node id='-1323' version='0' action='modify' visible='true' lat='59.4286790' lon='10.3989700'/>
  <node id='-1324' version='0' action='modify' visible='true' lat='59.4285900' lon='10.3987270'/>
  <node id='-1325' version='0' action='modify' visible='true' lat='59.4285190' lon='10.3985870'/>
  <node id='-1326' version='0' action='modify' visible='true' lat='59.4283550' lon='10.3983530'/>
  <node id='-1327' version='0' action='modify' visible='true' lat='59.4282820' lon='10.3982590'/>
  <node id='-1328' version='0' action='modify' visible='true' lat='59.4282290' lon='10.3981670'/>
  <node id='-1329' version='0' action='modify' visible='true' lat='59.4282110' lon='10.3980930'/>
  <node id='-1330' version='0' action='modify' visible='true' lat='59.4281980' lon='10.3980220'/>
  <node id='-1331' version='0' action='modify' visible='true' lat='59.4282030' lon='10.3979460'/>
  <node id='-1332' version='0' action='modify' visible='true' lat='59.4282140' lon='10.3978920'/>
  <node id='-1333' version='0' action='modify' visible='true' lat='59.4282350' lon='10.3978460'/>
  <node id='-1334' version='0' action='modify' visible='true' lat='59.4282870' lon='10.3977750'/>
  <node id='-1335' version='0' action='modify' visible='true' lat='59.4283780' lon='10.3976730'/>
  <node id='-1336' version='0' action='modify' visible='true' lat='59.4285080' lon='10.3975500'/>
  <node id='-1337' version='0' action='modify' visible='true' lat='59.4285940' lon='10.3974560'/>
  <node id='-1338' version='0' action='modify' visible='true' lat='59.4286780' lon='10.3973480'/>
  <node id='-1339' version='0' action='modify' visible='true' lat='59.4287540' lon='10.3972350'/>
  <node id='-1340' version='0' action='modify' visible='true' lat='59.4288100' lon='10.3971220'/>
  <node id='-1341' version='0' action='modify' visible='true' lat='59.4288510' lon='10.3970020'/>
  <node id='-1342' version='0' action='modify' visible='true' lat='59.4288730' lon='10.3969000'/>
  <node id='-1343' version='0' action='modify' visible='true' lat='59.4288910' lon='10.3967040'/>
  <node id='-1344' version='0' action='modify' visible='true' lat='59.4288890' lon='10.3966030'/>
  <node id='-1345' version='0' action='modify' visible='true' lat='59.4288807' lon='10.3963674'/>
  <node id='-1346' version='0' action='modify' visible='true' lat='59.4288790' lon='10.3963180'/>
  <node id='-1347' version='0' action='modify' visible='true' lat='59.4288660' lon='10.3961890'/>
  <node id='-1348' version='0' action='modify' visible='true' lat='59.4288570' lon='10.3961280'/>
  <node id='-1349' version='0' action='modify' visible='true' lat='59.4288320' lon='10.3960060'/>
  <node id='-1350' version='0' action='modify' visible='true' lat='59.4287960' lon='10.3958770'/>
  <node id='-1351' version='0' action='modify' visible='true' lat='59.4287470' lon='10.3957390'/>
  <node id='-1352' version='0' action='modify' visible='true' lat='59.4286340' lon='10.3954440'/>
  <node id='-1353' version='0' action='modify' visible='true' lat='59.4286243' lon='10.3953838'/>
  <node id='-1354' version='0' action='modify' visible='true' lat='59.4286200' lon='10.3953570'/>
  <node id='-1355' version='0' action='modify' visible='true' lat='59.4286180' lon='10.3953010'/>
  <node id='-1356' version='0' action='modify' visible='true' lat='59.4286260' lon='10.3952430'/>
  <node id='-1357' version='0' action='modify' visible='true' lat='59.4286390' lon='10.3952130'/>
  <node id='-1358' version='0' action='modify' visible='true' lat='59.4286930' lon='10.3950540'/>
  <node id='-1359' version='0' action='modify' visible='true' lat='59.4288390' lon='10.3947770'/>
  <node id='-1360' version='0' action='modify' visible='true' lat='59.4289140' lon='10.3946540'/>
  <node id='-1361' version='0' action='modify' visible='true' lat='59.4289710' lon='10.3945880'/>
  <node id='-1362' version='0' action='modify' visible='true' lat='59.4292120' lon='10.3943760'/>
  <node id='-1363' version='0' action='modify' visible='true' lat='59.4293010' lon='10.3942840'/>
  <node id='-1364' version='0' action='modify' visible='true' lat='59.4293540' lon='10.3942130'/>
  <node id='-1365' version='0' action='modify' visible='true' lat='59.4293890' lon='10.3941350'/>
  <node id='-1366' version='0' action='modify' visible='true' lat='59.4294280' lon='10.3940070'/>
  <node id='-1367' version='0' action='modify' visible='true' lat='59.4294530' lon='10.3938680'/>
  <node id='-1368' version='0' action='modify' visible='true' lat='59.4294860' lon='10.3936180'/>
  <node id='-1369' version='0' action='modify' visible='true' lat='59.4294852' lon='10.3934071'/>
  <node id='-1370' version='0' action='modify' visible='true' lat='59.4288033' lon='10.3932341'/>
  <node id='-1371' version='0' action='modify' visible='true' lat='59.4285668' lon='10.3931469'/>
  <node id='-1372' version='0' action='modify' visible='true' lat='59.4283105' lon='10.3929982'/>
  <node id='-1373' version='0' action='modify' visible='true' lat='59.4277767' lon='10.3926849'/>
  <node id='-1374' version='0' action='modify' visible='true' lat='59.4272926' lon='10.3922832'/>
  <node id='-1375' version='0' action='modify' visible='true' lat='59.4268995' lon='10.3918532'/>
  <node id='-1376' version='0' action='modify' visible='true' lat='59.4265586' lon='10.3912961'/>
  <node id='-1377' version='0' action='modify' visible='true' lat='59.4262059' lon='10.3906136'/>
  <node id='-1378' version='0' action='modify' visible='true' lat='59.4259938' lon='10.3901911'/>
  <node id='-1379' version='0' action='modify' visible='true' lat='59.4258301' lon='10.3897983'/>
  <node id='-1380' version='0' action='modify' visible='true' lat='59.4257319' lon='10.3895608'/>
  <node id='-1381' version='0' action='modify' visible='true' lat='59.4256329' lon='10.3892760'/>
  <node id='-1382' version='0' action='modify' visible='true' lat='59.4254986' lon='10.3888258'/>
  <node id='-1383' version='0' action='modify' visible='true' lat='59.4252448' lon='10.3878281'/>
  <node id='-1384' version='0' action='modify' visible='true' lat='59.4250752' lon='10.3871204'/>
  <node id='-1385' version='0' action='modify' visible='true' lat='59.4250498' lon='10.3870214'/>
  <node id='-1386' version='0' action='modify' visible='true' lat='59.4248368' lon='10.3861878'/>
  <node id='-1387' version='0' action='modify' visible='true' lat='59.4246238' lon='10.3853542'/>
  <node id='-1388' version='0' action='modify' visible='true' lat='59.4245808' lon='10.3851477'/>
  <node id='-1389' version='0' action='modify' visible='true' lat='59.4245532' lon='10.3849559'/>
  <node id='-1390' version='0' action='modify' visible='true' lat='59.4245442' lon='10.3847945'/>
  <node id='-1391' version='0' action='modify' visible='true' lat='59.4245321' lon='10.3846754'/>
  <node id='-1392' version='0' action='modify' visible='true' lat='59.4245038' lon='10.3845678'/>
  <node id='-1393' version='0' action='modify' visible='true' lat='59.4244698' lon='10.3845799'/>
  <node id='-1394' version='0' action='modify' visible='true' lat='59.4244284' lon='10.3845784'/>
  <node id='-1395' version='0' action='modify' visible='true' lat='59.4244023' lon='10.3845665'/>
  <node id='-1396' version='0' action='modify' visible='true' lat='59.4243778' lon='10.3845400'/>
  <node id='-1397' version='0' action='modify' visible='true' lat='59.4243282' lon='10.3844400'/>
  <node id='-1398' version='0' action='modify' visible='true' lat='59.4242505' lon='10.3842640'/>
  <node id='-1399' version='0' action='modify' visible='true' lat='59.4241761' lon='10.3841007'/>
  <node id='-1400' version='0' action='modify' visible='true' lat='59.4241097' lon='10.3839556'/>
  <node id='-1401' version='0' action='modify' visible='true' lat='59.4241854' lon='10.3837444'/>
  <node id='-1402' version='0' action='modify' visible='true' lat='59.4242447' lon='10.3835700'/>
  <node id='-1403' version='0' action='modify' visible='true' lat='59.4243035' lon='10.3833532'/>
  <node id='-1404' version='0' action='modify' visible='true' lat='59.4243594' lon='10.3831607'/>
  <node id='-1405' version='0' action='modify' visible='true' lat='59.4244092' lon='10.3829758'/>
  <node id='-1406' version='0' action='modify' visible='true' lat='59.4244801' lon='10.3826728'/>
  <node id='-1407' version='0' action='modify' visible='true' lat='59.4245212' lon='10.3824446'/>
  <node id='-1408' version='0' action='modify' visible='true' lat='59.4245578' lon='10.3822276'/>
  <node id='-1409' version='0' action='modify' visible='true' lat='59.4245837' lon='10.3820250'/>
  <node id='-1410' version='0' action='modify' visible='true' lat='59.4246122' lon='10.3816538'/>
  <node id='-1411' version='0' action='modify' visible='true' lat='59.4246212' lon='10.3813954'/>
  <node id='-1412' version='0' action='modify' visible='true' lat='59.4246411' lon='10.3808862'/>
  <node id='-1413' version='0' action='modify' visible='true' lat='59.4246594' lon='10.3800226'/>
  <node id='-1414' version='0' action='modify' visible='true' lat='59.4246709' lon='10.3794832'/>
  <node id='-1415' version='0' action='modify' visible='true' lat='59.4246764' lon='10.3790232'/>
  <node id='-1416' version='0' action='modify' visible='true' lat='59.4246658' lon='10.3787632'/>
  <node id='-1417' version='0' action='modify' visible='true' lat='59.4246441' lon='10.3786629'/>
  <node id='-1418' version='0' action='modify' visible='true' lat='59.4246522' lon='10.3786025'/>
  <node id='-1419' version='0' action='modify' visible='true' lat='59.4246683' lon='10.3785625'/>
  <node id='-1420' version='0' action='modify' visible='true' lat='59.4246896' lon='10.3785313'/>
  <node id='-1421' version='0' action='modify' visible='true' lat='59.4247342' lon='10.3787542'/>
  <node id='-1422' version='0' action='modify' visible='true' lat='59.4248020' lon='10.3791017'/>
  <node id='-1423' version='0' action='modify' visible='true' lat='59.4248239' lon='10.3792548'/>
  <node id='-1424' version='0' action='modify' visible='true' lat='59.4248780' lon='10.3794912'/>
  <node id='-1425' version='0' action='modify' visible='true' lat='59.4249373' lon='10.3796791'/>
  <node id='-1426' version='0' action='modify' visible='true' lat='59.4249960' lon='10.3798087'/>
  <node id='-1427' version='0' action='modify' visible='true' lat='59.4250730' lon='10.3800030'/>
  <node id='-1428' version='0' action='modify' visible='true' lat='59.4253611' lon='10.3808145'/>
  <node id='-1429' version='0' action='modify' visible='true' lat='59.4255469' lon='10.3812757'/>
  <node id='-1430' version='0' action='modify' visible='true' lat='59.4256383' lon='10.3815520'/>
  <node id='-1431' version='0' action='modify' visible='true' lat='59.4257399' lon='10.3819758'/>
  <node id='-1432' version='0' action='modify' visible='true' lat='59.4258329' lon='10.3822581'/>
  <node id='-1433' version='0' action='modify' visible='true' lat='59.4258825' lon='10.3821982'/>
  <node id='-1434' version='0' action='modify' visible='true' lat='59.4259136' lon='10.3821606'/>
  <node id='-1435' version='0' action='modify' visible='true' lat='59.4259488' lon='10.3821110'/>
  <node id='-1436' version='0' action='modify' visible='true' lat='59.4260376' lon='10.3819861'/>
  <node id='-1437' version='0' action='modify' visible='true' lat='59.4260948' lon='10.3818789'/>
  <node id='-1438' version='0' action='modify' visible='true' lat='59.4261521' lon='10.3817286'/>
  <node id='-1439' version='0' action='modify' visible='true' lat='59.4262378' lon='10.3814582'/>
  <node id='-1440' version='0' action='modify' visible='true' lat='59.4263575' lon='10.3809967'/>
  <node id='-1441' version='0' action='modify' visible='true' lat='59.4264447' lon='10.3807626'/>
  <node id='-1442' version='0' action='modify' visible='true' lat='59.4266017' lon='10.3804673'/>
  <node id='-1443' version='0' action='modify' visible='true' lat='59.4270552' lon='10.3796929'/>
  <node id='-1444' version='0' action='modify' visible='true' lat='59.4272440' lon='10.3793905'/>
  <node id='-1445' version='0' action='modify' visible='true' lat='59.4273600' lon='10.3792300'/>
  <node id='-1446' version='0' action='modify' visible='true' lat='59.4275395' lon='10.3790358'/>
  <node id='-1447' version='0' action='modify' visible='true' lat='59.4276773' lon='10.3789204'/>
  <node id='-1448' version='0' action='modify' visible='true' lat='59.4278786' lon='10.3787860'/>
  <node id='-1449' version='0' action='modify' visible='true' lat='59.4279603' lon='10.3787450'/>
  <node id='-1450' version='0' action='modify' visible='true' lat='59.4285595' lon='10.3784218'/>
  <node id='-1451' version='0' action='modify' visible='true' lat='59.4291586' lon='10.3780985'/>
  <node id='-1452' version='0' action='modify' visible='true' lat='59.4298565' lon='10.3777109'/>
  <node id='-1453' version='0' action='modify' visible='true' lat='59.4306098' lon='10.3773039'/>
  <node id='-1454' version='0' action='modify' visible='true' lat='59.4313632' lon='10.3768968'/>
  <node id='-1455' version='0' action='modify' visible='true' lat='59.4321165' lon='10.3764898'/>
  <node id='-1456' version='0' action='modify' visible='true' lat='59.4326925' lon='10.3761659'/>
  <node id='-1457' version='0' action='modify' visible='true' lat='59.4333065' lon='10.3758302'/>
  <node id='-1458' version='0' action='modify' visible='true' lat='59.4339205' lon='10.3754945'/>
  <node id='-1459' version='0' action='modify' visible='true' lat='59.4346510' lon='10.3750932'/>
  <node id='-1460' version='0' action='modify' visible='true' lat='59.4347878' lon='10.3749711'/>
  <node id='-1461' version='0' action='modify' visible='true' lat='59.4349155' lon='10.3747792'/>
  <node id='-1462' version='0' action='modify' visible='true' lat='59.4349824' lon='10.3746474'/>
  <node id='-1463' version='0' action='modify' visible='true' lat='59.4350401' lon='10.3744498'/>
  <node id='-1464' version='0' action='modify' visible='true' lat='59.4351278' lon='10.3741237'/>
  <node id='-1465' version='0' action='modify' visible='true' lat='59.4351825' lon='10.3739583'/>
  <node id='-1466' version='0' action='modify' visible='true' lat='59.4352374' lon='10.3738624'/>
  <node id='-1467' version='0' action='modify' visible='true' lat='59.4353789' lon='10.3737475'/>
  <node id='-1468' version='0' action='modify' visible='true' lat='59.4356449' lon='10.3735989'/>
  <node id='-1469' version='0' action='modify' visible='true' lat='59.4357269' lon='10.3735271'/>
  <node id='-1470' version='0' action='modify' visible='true' lat='59.4357579' lon='10.3734708'/>
  <node id='-1471' version='0' action='modify' visible='true' lat='59.4358129' lon='10.3733709'/>
  <node id='-1472' version='0' action='modify' visible='true' lat='59.4358794' lon='10.3732060'/>
  <node id='-1473' version='0' action='modify' visible='true' lat='59.4359211' lon='10.3730229'/>
  <node id='-1474' version='0' action='modify' visible='true' lat='59.4359382' lon='10.3728908'/>
  <node id='-1475' version='0' action='modify' visible='true' lat='59.4359495' lon='10.3727233'/>
  <node id='-1476' version='0' action='modify' visible='true' lat='59.4359560' lon='10.3722986'/>
  <node id='-1477' version='0' action='modify' visible='true' lat='59.4359654' lon='10.3719950'/>
  <node id='-1478' version='0' action='modify' visible='true' lat='59.4359775' lon='10.3717659'/>
  <node id='-1479' version='0' action='modify' visible='true' lat='59.4360132' lon='10.3715444'/>
  <node id='-1480' version='0' action='modify' visible='true' lat='59.4360497' lon='10.3713817'/>
  <node id='-1481' version='0' action='modify' visible='true' lat='59.4360991' lon='10.3712064'/>
  <node id='-1482' version='0' action='modify' visible='true' lat='59.4361517' lon='10.3710545'/>
  <node id='-1483' version='0' action='modify' visible='true' lat='59.4362041' lon='10.3709435'/>
  <node id='-1484' version='0' action='modify' visible='true' lat='59.4362747' lon='10.3708110'/>
  <node id='-1485' version='0' action='modify' visible='true' lat='59.4363623' lon='10.3707021'/>
  <node id='-1486' version='0' action='modify' visible='true' lat='59.4364864' lon='10.3705799'/>
  <node id='-1487' version='0' action='modify' visible='true' lat='59.4369681' lon='10.3702632'/>
  <node id='-1488' version='0' action='modify' visible='true' lat='59.4374274' lon='10.3699592'/>
  <node id='-1489' version='0' action='modify' visible='true' lat='59.4378903' lon='10.3696596'/>
  <node id='-1490' version='0' action='modify' visible='true' lat='59.4383481' lon='10.3693689'/>
  <node id='-1491' version='0' action='modify' visible='true' lat='59.4388058' lon='10.3690782'/>
  <node id='-1492' version='0' action='modify' visible='true' lat='59.4390938' lon='10.3688911'/>
  <node id='-1493' version='0' action='modify' visible='true' lat='59.4391550' lon='10.3688534'/>
  <node id='-1494' version='0' action='modify' visible='true' lat='59.4397018' lon='10.3684969'/>
  <node id='-1495' version='0' action='modify' visible='true' lat='59.4401615' lon='10.3682005'/>
  <node id='-1496' version='0' action='modify' visible='true' lat='59.4408906' lon='10.3677333'/>
  <node id='-1497' version='0' action='modify' visible='true' lat='59.4414870' lon='10.3673482'/>
  <node id='-1498' version='0' action='modify' visible='true' lat='59.4420835' lon='10.3669631'/>
  <node id='-1499' version='0' action='modify' visible='true' lat='59.4426799' lon='10.3665780'/>
  <node id='-1500' version='0' action='modify' visible='true' lat='59.4433262' lon='10.3661776'/>
  <node id='-1501' version='0' action='modify' visible='true' lat='59.4439823' lon='10.3657502'/>
  <node id='-1502' version='0' action='modify' visible='true' lat='59.4441615' lon='10.3656194'/>
  <node id='-1503' version='0' action='modify' visible='true' lat='59.4443085' lon='10.3654855'/>
  <node id='-1504' version='0' action='modify' visible='true' lat='59.4445365' lon='10.3652331'/>
  <node id='-1505' version='0' action='modify' visible='true' lat='59.4448630' lon='10.3647703'/>
  <node id='-1506' version='0' action='modify' visible='true' lat='59.4450810' lon='10.3644590'/>
  <node id='-1507' version='0' action='modify' visible='true' lat='59.4453590' lon='10.3640660'/>
  <node id='-1508' version='0' action='modify' visible='true' lat='59.4457580' lon='10.3635200'/>
  <node id='-1509' version='0' action='modify' visible='true' lat='59.4460070' lon='10.3631720'/>
  <node id='-1510' version='0' action='modify' visible='true' lat='59.4463420' lon='10.3626890'/>
  <node id='-1511' version='0' action='modify' visible='true' lat='59.4465120' lon='10.3624330'/>
  <node id='-1512' version='0' action='modify' visible='true' lat='59.4466330' lon='10.3622360'/>
  <node id='-1513' version='0' action='modify' visible='true' lat='59.4467590' lon='10.3619890'/>
  <node id='-1514' version='0' action='modify' visible='true' lat='59.4468570' lon='10.3617550'/>
  <node id='-1515' version='0' action='modify' visible='true' lat='59.4469138' lon='10.3615967'/>
  <node id='-1516' version='0' action='modify' visible='true' lat='59.4469550' lon='10.3614820'/>
  <node id='-1517' version='0' action='modify' visible='true' lat='59.4471140' lon='10.3608880'/>
  <node id='-1518' version='0' action='modify' visible='true' lat='59.4473740' lon='10.3598190'/>
  <node id='-1519' version='0' action='modify' visible='true' lat='59.4474524' lon='10.3595364'/>
  <node id='-1520' version='0' action='modify' visible='true' lat='59.4474888' lon='10.3595581'/>
  <node id='-1521' version='0' action='modify' visible='true' lat='59.4475148' lon='10.3594899'/>
  <node id='-1522' version='0' action='modify' visible='true' lat='59.4476021' lon='10.3592432'/>
  <node id='-1523' version='0' action='modify' visible='true' lat='59.4476852' lon='10.3590209'/>
  <node id='-1524' version='0' action='modify' visible='true' lat='59.4477993' lon='10.3588029'/>
  <node id='-1525' version='0' action='modify' visible='true' lat='59.4479086' lon='10.3586074'/>
  <node id='-1526' version='0' action='modify' visible='true' lat='59.4481020' lon='10.3583407'/>
  <node id='-1527' version='0' action='modify' visible='true' lat='59.4482280' lon='10.3581845'/>
  <node id='-1528' version='0' action='modify' visible='true' lat='59.4483104' lon='10.3581278'/>
  <node id='-1529' version='0' action='modify' visible='true' lat='59.4483755' lon='10.3580909'/>
  <node id='-1530' version='0' action='modify' visible='true' lat='59.4484246' lon='10.3580656'/>
  <node id='-1531' version='0' action='modify' visible='true' lat='59.4484987' lon='10.3580576'/>
  <node id='-1532' version='0' action='modify' visible='true' lat='59.4485624' lon='10.3580330'/>
  <node id='-1533' version='0' action='modify' visible='true' lat='59.4486118' lon='10.3579652'/>
  <node id='-1534' version='0' action='modify' visible='true' lat='59.4486867' lon='10.3578444'/>
  <node id='-1535' version='0' action='modify' visible='true' lat='59.4487412' lon='10.3577772'/>
  <node id='-1536' version='0' action='modify' visible='true' lat='59.4488702' lon='10.3576912'/>
  <node id='-1537' version='0' action='modify' visible='true' lat='59.4489820' lon='10.3576478'/>
  <node id='-1538' version='0' action='modify' visible='true' lat='59.4491065' lon='10.3576174'/>
  <node id='-1539' version='0' action='modify' visible='true' lat='59.4491940' lon='10.3576087'/>
  <node id='-1540' version='0' action='modify' visible='true' lat='59.4492580' lon='10.3576087'/>
  <node id='-1541' version='0' action='modify' visible='true' lat='59.4493638' lon='10.3576286'/>
  <node id='-1542' version='0' action='modify' visible='true' lat='59.4495077' lon='10.3576728'/>
  <node id='-1543' version='0' action='modify' visible='true' lat='59.4496711' lon='10.3577285'/>
  <node id='-1544' version='0' action='modify' visible='true' lat='59.4499897' lon='10.3578474'/>
  <node id='-1545' version='0' action='modify' visible='true' lat='59.4501747' lon='10.3578969'/>
  <node id='-1546' version='0' action='modify' visible='true' lat='59.4503645' lon='10.3579125'/>
  <node id='-1547' version='0' action='modify' visible='true' lat='59.4504640' lon='10.3578999'/>
  <node id='-1548' version='0' action='modify' visible='true' lat='59.4505516' lon='10.3578840'/>
  <node id='-1549' version='0' action='modify' visible='true' lat='59.4506604' lon='10.3578569'/>
  <node id='-1550' version='0' action='modify' visible='true' lat='59.4507664' lon='10.3578143'/>
  <node id='-1551' version='0' action='modify' visible='true' lat='59.4508990' lon='10.3577432'/>
  <node id='-1552' version='0' action='modify' visible='true' lat='59.4510166' lon='10.3576631'/>
  <node id='-1553' version='0' action='modify' visible='true' lat='59.4511440' lon='10.3575660'/>
  <node id='-1554' version='0' action='modify' visible='true' lat='59.4513116' lon='10.3573907'/>
  <node id='-1555' version='0' action='modify' visible='true' lat='59.4514882' lon='10.3571636'/>
  <node id='-1556' version='0' action='modify' visible='true' lat='59.4516566' lon='10.3568772'/>
  <node id='-1557' version='0' action='modify' visible='true' lat='59.4517911' lon='10.3565919'/>
  <node id='-1558' version='0' action='modify' visible='true' lat='59.4519535' lon='10.3561838'/>
  <node id='-1559' version='0' action='modify' visible='true' lat='59.4521445' lon='10.3556861'/>
  <node id='-1560' version='0' action='modify' visible='true' lat='59.4522945' lon='10.3553325'/>
  <node id='-1561' version='0' action='modify' visible='true' lat='59.4524554' lon='10.3550199'/>
  <node id='-1562' version='0' action='modify' visible='true' lat='59.4526072' lon='10.3547867'/>
  <node id='-1563' version='0' action='modify' visible='true' lat='59.4527544' lon='10.3546072'/>
  <node id='-1564' version='0' action='modify' visible='true' lat='59.4528464' lon='10.3545150'/>
  <node id='-1565' version='0' action='modify' visible='true' lat='59.4529500' lon='10.3544808'/>
  <node id='-1566' version='0' action='modify' visible='true' lat='59.4530428' lon='10.3544679'/>
  <node id='-1567' version='0' action='modify' visible='true' lat='59.4531030' lon='10.3544797'/>
  <node id='-1568' version='0' action='modify' visible='true' lat='59.4531848' lon='10.3545057'/>
  <node id='-1569' version='0' action='modify' visible='true' lat='59.4532360' lon='10.3543080'/>
  <node id='-1570' version='0' action='modify' visible='true' lat='59.4532440' lon='10.3542040'/>
  <node id='-1571' version='0' action='modify' visible='true' lat='59.4532410' lon='10.3541550'/>
  <node id='-1572' version='0' action='modify' visible='true' lat='59.4532060' lon='10.3539960'/>
  <node id='-1573' version='0' action='modify' visible='true' lat='59.4532665' lon='10.3539514'/>
  <node id='-1574' version='0' action='modify' visible='true' lat='59.4533859' lon='10.3538194'/>
  <node id='-1575' version='0' action='modify' visible='true' lat='59.4535751' lon='10.3535671'/>
  <node id='-1576' version='0' action='modify' visible='true' lat='59.4535525' lon='10.3534877'/>
  <node id='-1577' version='0' action='modify' visible='true' lat='59.4535157' lon='10.3533576'/>
  <node id='-1578' version='0' action='modify' visible='true' lat='59.4534611' lon='10.3531581'/>
  <node id='-1579' version='0' action='modify' visible='true' lat='59.4534107' lon='10.3531236'/>
  <node id='-1580' version='0' action='modify' visible='true' lat='59.4533722' lon='10.3531561'/>
  <node id='-1581' version='0' action='modify' visible='true' lat='59.4533023' lon='10.3532558'/>
  <node id='-1582' version='0' action='modify' visible='true' lat='59.4531909' lon='10.3534708'/>
  <node id='-1583' version='0' action='modify' visible='true' lat='59.4531240' lon='10.3535743'/>
  <node id='-1584' version='0' action='modify' visible='true' lat='59.4530330' lon='10.3536853'/>
  <node id='-1585' version='0' action='modify' visible='true' lat='59.4528886' lon='10.3537881'/>
  <node id='-1586' version='0' action='modify' visible='true' lat='59.4527483' lon='10.3538712'/>
  <node id='-1587' version='0' action='modify' visible='true' lat='59.4526811' lon='10.3538704'/>
  <node id='-1588' version='0' action='modify' visible='true' lat='59.4526437' lon='10.3538136'/>
  <node id='-1589' version='0' action='modify' visible='true' lat='59.4525720' lon='10.3536127'/>
  <node id='-1590' version='0' action='modify' visible='true' lat='59.4524943' lon='10.3533694'/>
  <node id='-1591' version='0' action='modify' visible='true' lat='59.4524524' lon='10.3531766'/>
  <node id='-1592' version='0' action='modify' visible='true' lat='59.4524295' lon='10.3530044'/>
  <node id='-1593' version='0' action='modify' visible='true' lat='59.4524099' lon='10.3526395'/>
  <node id='-1594' version='0' action='modify' visible='true' lat='59.4524257' lon='10.3519199'/>
  <node id='-1595' version='0' action='modify' visible='true' lat='59.4524144' lon='10.3516930'/>
  <node id='-1596' version='0' action='modify' visible='true' lat='59.4523775' lon='10.3514719'/>
  <node id='-1597' version='0' action='modify' visible='true' lat='59.4522930' lon='10.3511915'/>
  <node id='-1598' version='0' action='modify' visible='true' lat='59.4521339' lon='10.3508236'/>
  <node id='-1599' version='0' action='modify' visible='true' lat='59.4516807' lon='10.3500433'/>
  <node id='-1600' version='0' action='modify' visible='true' lat='59.4514213' lon='10.3495537'/>
  <node id='-1601' version='0' action='modify' visible='true' lat='59.4512913' lon='10.3491816'/>
  <node id='-1602' version='0' action='modify' visible='true' lat='59.4512050' lon='10.3488475'/>
  <node id='-1603' version='0' action='modify' visible='true' lat='59.4511280' lon='10.3485350'/>
  <node id='-1604' version='0' action='modify' visible='true' lat='59.4510840' lon='10.3483420'/>
  <node id='-1605' version='0' action='modify' visible='true' lat='59.4510180' lon='10.3480930'/>
  <node id='-1606' version='0' action='modify' visible='true' lat='59.4509860' lon='10.3480030'/>
  <node id='-1607' version='0' action='modify' visible='true' lat='59.4509540' lon='10.3479290'/>
  <node id='-1608' version='0' action='modify' visible='true' lat='59.4509250' lon='10.3478730'/>
  <node id='-1609' version='0' action='modify' visible='true' lat='59.4508740' lon='10.3477930'/>
  <node id='-1610' version='0' action='modify' visible='true' lat='59.4507660' lon='10.3476640'/>
  <node id='-1611' version='0' action='modify' visible='true' lat='59.4506340' lon='10.3475480'/>
  <node id='-1612' version='0' action='modify' visible='true' lat='59.4505240' lon='10.3474890'/>
  <node id='-1613' version='0' action='modify' visible='true' lat='59.4504130' lon='10.3474470'/>
  <node id='-1614' version='0' action='modify' visible='true' lat='59.4502710' lon='10.3474290'/>
  <node id='-1615' version='0' action='modify' visible='true' lat='59.4501670' lon='10.3474250'/>
  <node id='-1616' version='0' action='modify' visible='true' lat='59.4498650' lon='10.3474530'/>
  <node id='-1617' version='0' action='modify' visible='true' lat='59.4497480' lon='10.3474470'/>
  <node id='-1618' version='0' action='modify' visible='true' lat='59.4496510' lon='10.3474350'/>
  <node id='-1619' version='0' action='modify' visible='true' lat='59.4495770' lon='10.3474170'/>
  <node id='-1620' version='0' action='modify' visible='true' lat='59.4494580' lon='10.3473680'/>
  <node id='-1621' version='0' action='modify' visible='true' lat='59.4493940' lon='10.3473330'/>
  <node id='-1622' version='0' action='modify' visible='true' lat='59.4493120' lon='10.3472740'/>
  <node id='-1623' version='0' action='modify' visible='true' lat='59.4492180' lon='10.3471880'/>
  <node id='-1624' version='0' action='modify' visible='true' lat='59.4491460' lon='10.3471020'/>
  <node id='-1625' version='0' action='modify' visible='true' lat='59.4490780' lon='10.3470020'/>
  <node id='-1626' version='0' action='modify' visible='true' lat='59.4490160' lon='10.3468950'/>
  <node id='-1627' version='0' action='modify' visible='true' lat='59.4489070' lon='10.3466820'/>
  <node id='-1628' version='0' action='modify' visible='true' lat='59.4488190' lon='10.3464780'/>
  <node id='-1629' version='0' action='modify' visible='true' lat='59.4487710' lon='10.3463560'/>
  <node id='-1630' version='0' action='modify' visible='true' lat='59.4487040' lon='10.3461670'/>
  <node id='-1631' version='0' action='modify' visible='true' lat='59.4485860' lon='10.3457980'/>
  <node id='-1632' version='0' action='modify' visible='true' lat='59.4481500' lon='10.3443340'/>
  <node id='-1633' version='0' action='modify' visible='true' lat='59.4479770' lon='10.3437740'/>
  <node id='-1634' version='0' action='modify' visible='true' lat='59.4478520' lon='10.3434030'/>
  <node id='-1635' version='0' action='modify' visible='true' lat='59.4476970' lon='10.3429900'/>
  <node id='-1636' version='0' action='modify' visible='true' lat='59.4474850' lon='10.3425060'/>
  <node id='-1637' version='0' action='modify' visible='true' lat='59.4474500' lon='10.3423960'/>
  <node id='-1638' version='0' action='modify' visible='true' lat='59.4474140' lon='10.3422350'/>
  <node id='-1639' version='0' action='modify' visible='true' lat='59.4474050' lon='10.3421930'/>
  <node id='-1640' version='0' action='modify' visible='true' lat='59.4477230' lon='10.3421010'/>
  <node id='-1641' version='0' action='modify' visible='true' lat='59.4480890' lon='10.3420080'/>
  <node id='-1642' version='0' action='modify' visible='true' lat='59.4482570' lon='10.3419580'/>
  <node id='-1643' version='0' action='modify' visible='true' lat='59.4483760' lon='10.3419420'/>
  <node id='-1644' version='0' action='modify' visible='true' lat='59.4485230' lon='10.3419440'/>
  <node id='-1645' version='0' action='modify' visible='true' lat='59.4488290' lon='10.3419660'/>
  <node id='-1646' version='0' action='modify' visible='true' lat='59.4490580' lon='10.3419910'/>
  <node id='-1647' version='0' action='modify' visible='true' lat='59.4495600' lon='10.3420220'/>
  <node id='-1648' version='0' action='modify' visible='true' lat='59.4496750' lon='10.3420170'/>
  <node id='-1649' version='0' action='modify' visible='true' lat='59.4497710' lon='10.3419860'/>
  <node id='-1650' version='0' action='modify' visible='true' lat='59.4498390' lon='10.3419340'/>
  <node id='-1651' version='0' action='modify' visible='true' lat='59.4498990' lon='10.3418480'/>
  <node id='-1652' version='0' action='modify' visible='true' lat='59.4499350' lon='10.3417630'/>
  <node id='-1653' version='0' action='modify' visible='true' lat='59.4499800' lon='10.3416000'/>
  <node id='-1654' version='0' action='modify' visible='true' lat='59.4500750' lon='10.3411560'/>
  <node id='-1655' version='0' action='modify' visible='true' lat='59.4501170' lon='10.3410180'/>
  <node id='-1656' version='0' action='modify' visible='true' lat='59.4501880' lon='10.3408780'/>
  <node id='-1657' version='0' action='modify' visible='true' lat='59.4502750' lon='10.3407490'/>
  <node id='-1658' version='0' action='modify' visible='true' lat='59.4503600' lon='10.3406560'/>
  <node id='-1659' version='0' action='modify' visible='true' lat='59.4503590' lon='10.3406070'/>
  <node id='-1660' version='0' action='modify' visible='true' lat='59.4503160' lon='10.3405260'/>
  <node id='-1661' version='0' action='modify' visible='true' lat='59.4501900' lon='10.3403370'/>
  <node id='-1662' version='0' action='modify' visible='true' lat='59.4501400' lon='10.3402360'/>
  <node id='-1663' version='0' action='modify' visible='true' lat='59.4501260' lon='10.3401920'/>
  <node id='-1664' version='0' action='modify' visible='true' lat='59.4501180' lon='10.3401420'/>
  <node id='-1665' version='0' action='modify' visible='true' lat='59.4501200' lon='10.3400430'/>
  <node id='-1666' version='0' action='modify' visible='true' lat='59.4501960' lon='10.3396460'/>
  <node id='-1667' version='0' action='modify' visible='true' lat='59.4502070' lon='10.3395370'/>
  <node id='-1668' version='0' action='modify' visible='true' lat='59.4502064' lon='10.3394616'/>
  <node id='-1669' version='0' action='modify' visible='true' lat='59.4501900' lon='10.3393686'/>
  <node id='-1670' version='0' action='modify' visible='true' lat='59.4501630' lon='10.3392900'/>
  <node id='-1671' version='0' action='modify' visible='true' lat='59.4501370' lon='10.3392510'/>
  <node id='-1672' version='0' action='modify' visible='true' lat='59.4500450' lon='10.3391680'/>
  <node id='-1673' version='0' action='modify' visible='true' lat='59.4496750' lon='10.3389360'/>
  <node id='-1674' version='0' action='modify' visible='true' lat='59.4493900' lon='10.3387740'/>
  <node id='-1675' version='0' action='modify' visible='true' lat='59.4493400' lon='10.3387200'/>
  <node id='-1676' version='0' action='modify' visible='true' lat='59.4493170' lon='10.3386870'/>
  <node id='-1677' version='0' action='modify' visible='true' lat='59.4492900' lon='10.3386370'/>
  <node id='-1678' version='0' action='modify' visible='true' lat='59.4492740' lon='10.3386020'/>
  <node id='-1679' version='0' action='modify' visible='true' lat='59.4492530' lon='10.3385420'/>
  <node id='-1680' version='0' action='modify' visible='true' lat='59.4492390' lon='10.3384850'/>
  <node id='-1681' version='0' action='modify' visible='true' lat='59.4492360' lon='10.3384490'/>
  <node id='-1682' version='0' action='modify' visible='true' lat='59.4492370' lon='10.3383910'/>
  <node id='-1683' version='0' action='modify' visible='true' lat='59.4492600' lon='10.3381460'/>
  <node id='-1684' version='0' action='modify' visible='true' lat='59.4492730' lon='10.3378750'/>
  <node id='-1685' version='0' action='modify' visible='true' lat='59.4492420' lon='10.3376030'/>
  <node id='-1686' version='0' action='modify' visible='true' lat='59.4492260' lon='10.3375050'/>
  <node id='-1687' version='0' action='modify' visible='true' lat='59.4492080' lon='10.3374190'/>
  <node id='-1688' version='0' action='modify' visible='true' lat='59.4491920' lon='10.3373720'/>
  <node id='-1689' version='0' action='modify' visible='true' lat='59.4491650' lon='10.3373380'/>
  <node id='-1690' version='0' action='modify' visible='true' lat='59.4490180' lon='10.3372320'/>
  <node id='-1691' version='0' action='modify' visible='true' lat='59.4489920' lon='10.3372040'/>
  <node id='-1692' version='0' action='modify' visible='true' lat='59.4488420' lon='10.3370140'/>
  <node id='-1693' version='0' action='modify' visible='true' lat='59.4487750' lon='10.3369150'/>
  <node id='-1694' version='0' action='modify' visible='true' lat='59.4487560' lon='10.3368740'/>
  <node id='-1695' version='0' action='modify' visible='true' lat='59.4487330' lon='10.3368010'/>
  <node id='-1696' version='0' action='modify' visible='true' lat='59.4487020' lon='10.3366730'/>
  <node id='-1697' version='0' action='modify' visible='true' lat='59.4486480' lon='10.3363240'/>
  <node id='-1698' version='0' action='modify' visible='true' lat='59.4485880' lon='10.3360220'/>
  <node id='-1699' version='0' action='modify' visible='true' lat='59.4485840' lon='10.3359370'/>
  <node id='-1700' version='0' action='modify' visible='true' lat='59.4485860' lon='10.3358960'/>
  <node id='-1701' version='0' action='modify' visible='true' lat='59.4485930' lon='10.3358080'/>
  <node id='-1702' version='0' action='modify' visible='true' lat='59.4486060' lon='10.3357250'/>
  <node id='-1703' version='0' action='modify' visible='true' lat='59.4486220' lon='10.3356610'/>
  <node id='-1704' version='0' action='modify' visible='true' lat='59.4486690' lon='10.3355020'/>
  <node id='-1705' version='0' action='modify' visible='true' lat='59.4487630' lon='10.3351050'/>
  <node id='-1706' version='0' action='modify' visible='true' lat='59.4488000' lon='10.3349240'/>
  <node id='-1707' version='0' action='modify' visible='true' lat='59.4488020' lon='10.3348800'/>
  <node id='-1708' version='0' action='modify' visible='true' lat='59.4487960' lon='10.3346840'/>
  <node id='-1709' version='0' action='modify' visible='true' lat='59.4487960' lon='10.3345690'/>
  <node id='-1710' version='0' action='modify' visible='true' lat='59.4487910' lon='10.3344720'/>
  <node id='-1711' version='0' action='modify' visible='true' lat='59.4487650' lon='10.3341520'/>
  <node id='-1712' version='0' action='modify' visible='true' lat='59.4487600' lon='10.3340200'/>
  <node id='-1713' version='0' action='modify' visible='true' lat='59.4487510' lon='10.3339160'/>
  <node id='-1714' version='0' action='modify' visible='true' lat='59.4485560' lon='10.3327910'/>
  <node id='-1715' version='0' action='modify' visible='true' lat='59.4484950' lon='10.3323290'/>
  <node id='-1716' version='0' action='modify' visible='true' lat='59.4484530' lon='10.3319590'/>
  <node id='-1717' version='0' action='modify' visible='true' lat='59.4484170' lon='10.3314810'/>
  <node id='-1718' version='0' action='modify' visible='true' lat='59.4484090' lon='10.3313150'/>
  <node id='-1719' version='0' action='modify' visible='true' lat='59.4484070' lon='10.3312050'/>
  <node id='-1720' version='0' action='modify' visible='true' lat='59.4484090' lon='10.3310710'/>
  <node id='-1721' version='0' action='modify' visible='true' lat='59.4484140' lon='10.3309640'/>
  <node id='-1722' version='0' action='modify' visible='true' lat='59.4484220' lon='10.3308950'/>
  <node id='-1723' version='0' action='modify' visible='true' lat='59.4484310' lon='10.3308390'/>
  <node id='-1724' version='0' action='modify' visible='true' lat='59.4484550' lon='10.3307450'/>
  <node id='-1725' version='0' action='modify' visible='true' lat='59.4484810' lon='10.3306780'/>
  <node id='-1726' version='0' action='modify' visible='true' lat='59.4486320' lon='10.3303990'/>
  <node id='-1727' version='0' action='modify' visible='true' lat='59.4486630' lon='10.3303250'/>
  <node id='-1728' version='0' action='modify' visible='true' lat='59.4486970' lon='10.3301910'/>
  <node id='-1729' version='0' action='modify' visible='true' lat='59.4487200' lon='10.3300730'/>
  <node id='-1730' version='0' action='modify' visible='true' lat='59.4487250' lon='10.3300160'/>
  <node id='-1731' version='0' action='modify' visible='true' lat='59.4485960' lon='10.3298590'/>
  <node id='-1732' version='0' action='modify' visible='true' lat='59.4482430' lon='10.3293960'/>
  <node id='-1733' version='0' action='modify' visible='true' lat='59.4478750' lon='10.3289130'/>
  <node id='-1734' version='0' action='modify' visible='true' lat='59.4476990' lon='10.3287150'/>
  <node id='-1735' version='0' action='modify' visible='true' lat='59.4475910' lon='10.3286100'/>
  <node id='-1736' version='0' action='modify' visible='true' lat='59.4471600' lon='10.3282470'/>
  <node id='-1737' version='0' action='modify' visible='true' lat='59.4470070' lon='10.3280760'/>
  <node id='-1738' version='0' action='modify' visible='true' lat='59.4465020' lon='10.3273330'/>
  <node id='-1739' version='0' action='modify' visible='true' lat='59.4463540' lon='10.3271410'/>
  <node id='-1740' version='0' action='modify' visible='true' lat='59.4462020' lon='10.3270040'/>
  <node id='-1741' version='0' action='modify' visible='true' lat='59.4461240' lon='10.3269400'/>
  <node id='-1742' version='0' action='modify' visible='true' lat='59.4460340' lon='10.3268850'/>
  <node id='-1743' version='0' action='modify' visible='true' lat='59.4458540' lon='10.3268040'/>
  <node id='-1744' version='0' action='modify' visible='true' lat='59.4456940' lon='10.3267050'/>
  <node id='-1745' version='0' action='modify' visible='true' lat='59.4455600' lon='10.3265450'/>
  <node id='-1746' version='0' action='modify' visible='true' lat='59.4454480' lon='10.3263110'/>
  <node id='-1747' version='0' action='modify' visible='true' lat='59.4454200' lon='10.3262270'/>
  <node id='-1748' version='0' action='modify' visible='true' lat='59.4453690' lon='10.3260060'/>
  <node id='-1749' version='0' action='modify' visible='true' lat='59.4453190' lon='10.3257140'/>
  <node id='-1750' version='0' action='modify' visible='true' lat='59.4452530' lon='10.3252590'/>
  <node id='-1751' version='0' action='modify' visible='true' lat='59.4451630' lon='10.3246760'/>
  <node id='-1752' version='0' action='modify' visible='true' lat='59.4450810' lon='10.3240980'/>
  <node id='-1753' version='0' action='modify' visible='true' lat='59.4450140' lon='10.3235430'/>
  <node id='-1754' version='0' action='modify' visible='true' lat='59.4449620' lon='10.3231530'/>
  <node id='-1755' version='0' action='modify' visible='true' lat='59.4449170' lon='10.3228840'/>
  <node id='-1756' version='0' action='modify' visible='true' lat='59.4448640' lon='10.3226420'/>
  <node id='-1757' version='0' action='modify' visible='true' lat='59.4448340' lon='10.3225420'/>
  <node id='-1758' version='0' action='modify' visible='true' lat='59.4447601' lon='10.3223275'/>
  <node id='-1759' version='0' action='modify' visible='true' lat='59.4447014' lon='10.3222004'/>
  <node id='-1760' version='0' action='modify' visible='true' lat='59.4445970' lon='10.3220200'/>
  <node id='-1761' version='0' action='modify' visible='true' lat='59.4445390' lon='10.3219310'/>
  <node id='-1762' version='0' action='modify' visible='true' lat='59.4444810' lon='10.3218600'/>
  <node id='-1763' version='0' action='modify' visible='true' lat='59.4443870' lon='10.3217790'/>
  <node id='-1764' version='0' action='modify' visible='true' lat='59.4444380' lon='10.3217690'/>
  <node id='-1765' version='0' action='modify' visible='true' lat='59.4445660' lon='10.3217720'/>
  <node id='-1766' version='0' action='modify' visible='true' lat='59.4447440' lon='10.3217970'/>
  <node id='-1767' version='0' action='modify' visible='true' lat='59.4448200' lon='10.3217850'/>
  <node id='-1768' version='0' action='modify' visible='true' lat='59.4448760' lon='10.3217950'/>
  <node id='-1769' version='0' action='modify' visible='true' lat='59.4451090' lon='10.3219300'/>
  <node id='-1770' version='0' action='modify' visible='true' lat='59.4451880' lon='10.3219460'/>
  <node id='-1771' version='0' action='modify' visible='true' lat='59.4452550' lon='10.3219450'/>
  <node id='-1772' version='0' action='modify' visible='true' lat='59.4454070' lon='10.3219190'/>
  <node id='-1773' version='0' action='modify' visible='true' lat='59.4455630' lon='10.3218760'/>
  <node id='-1774' version='0' action='modify' visible='true' lat='59.4456430' lon='10.3218300'/>
  <node id='-1775' version='0' action='modify' visible='true' lat='59.4461370' lon='10.3216150'/>
  <node id='-1776' version='0' action='modify' visible='true' lat='59.4463330' lon='10.3215590'/>
  <node id='-1777' version='0' action='modify' visible='true' lat='59.4465560' lon='10.3215270'/>
  <node id='-1778' version='0' action='modify' visible='true' lat='59.4468330' lon='10.3215290'/>
  <node id='-1779' version='0' action='modify' visible='true' lat='59.4468920' lon='10.3215030'/>
  <node id='-1780' version='0' action='modify' visible='true' lat='59.4469320' lon='10.3214680'/>
  <node id='-1781' version='0' action='modify' visible='true' lat='59.4469690' lon='10.3214130'/>
  <node id='-1782' version='0' action='modify' visible='true' lat='59.4470930' lon='10.3211490'/>
  <node id='-1783' version='0' action='modify' visible='true' lat='59.4472420' lon='10.3206370'/>
  <node id='-1784' version='0' action='modify' visible='true' lat='59.4473202' lon='10.3203380'/>
  <node id='-1785' version='0' action='modify' visible='true' lat='59.4473281' lon='10.3201950'/>
  <node id='-1786' version='0' action='modify' visible='true' lat='59.4473510' lon='10.3198480'/>
  <node id='-1787' version='0' action='modify' visible='true' lat='59.4473940' lon='10.3194770'/>
  <node id='-1788' version='0' action='modify' visible='true' lat='59.4473990' lon='10.3193680'/>
  <node id='-1789' version='0' action='modify' visible='true' lat='59.4474670' lon='10.3190210'/>
  <node id='-1790' version='0' action='modify' visible='true' lat='59.4475220' lon='10.3187030'/>
  <node id='-1791' version='0' action='modify' visible='true' lat='59.4475680' lon='10.3183630'/>
  <node id='-1792' version='0' action='modify' visible='true' lat='59.4476090' lon='10.3181080'/>
  <node id='-1793' version='0' action='modify' visible='true' lat='59.4476280' lon='10.3179270'/>
  <node id='-1794' version='0' action='modify' visible='true' lat='59.4476190' lon='10.3178270'/>
  <node id='-1795' version='0' action='modify' visible='true' lat='59.4475880' lon='10.3177030'/>
  <node id='-1796' version='0' action='modify' visible='true' lat='59.4474620' lon='10.3174020'/>
  <node id='-1797' version='0' action='modify' visible='true' lat='59.4474440' lon='10.3173150'/>
  <node id='-1798' version='0' action='modify' visible='true' lat='59.4474210' lon='10.3171460'/>
  <node id='-1799' version='0' action='modify' visible='true' lat='59.4472306' lon='10.3159153'/>
  <node id='-1800' version='0' action='modify' visible='true' lat='59.4471042' lon='10.3144965'/>
  <node id='-1801' version='0' action='modify' visible='true' lat='59.4469762' lon='10.3130613'/>
  <node id='-1802' version='0' action='modify' visible='true' lat='59.4467330' lon='10.3116513'/>
  <node id='-1803' version='0' action='modify' visible='true' lat='59.4463490' lon='10.3112736'/>
  <node id='-1804' version='0' action='modify' visible='true' lat='59.4459906' lon='10.3113491'/>
  <node id='-1805' version='0' action='modify' visible='true' lat='59.4456450' lon='10.3104679'/>
  <node id='-1806' version='0' action='modify' visible='true' lat='59.4457149' lon='10.3095866'/>
  <node id='-1807' version='0' action='modify' visible='true' lat='59.4457848' lon='10.3087052'/>
  <node id='-1808' version='0' action='modify' visible='true' lat='59.4455695' lon='10.3077931'/>
  <node id='-1809' version='0' action='modify' visible='true' lat='59.4455060' lon='10.3075281'/>
  <node id='-1810' version='0' action='modify' visible='true' lat='59.4454918' lon='10.3072904'/>
  <node id='-1811' version='0' action='modify' visible='true' lat='59.4454283' lon='10.3067932'/>
  <node id='-1812' version='0' action='modify' visible='true' lat='59.4452810' lon='10.3058280'/>
  <node id='-1813' version='0' action='modify' visible='true' lat='59.4451860' lon='10.3052090'/>
  <node id='-1814' version='0' action='modify' visible='true' lat='59.4459710' lon='10.3046640'/>
  <node id='-1815' version='0' action='modify' visible='true' lat='59.4463210' lon='10.3044370'/>
  <node id='-1816' version='0' action='modify' visible='true' lat='59.4462190' lon='10.3038710'/>
  <node id='-1817' version='0' action='modify' visible='true' lat='59.4461660' lon='10.3035340'/>
  <node id='-1818' version='0' action='modify' visible='true' lat='59.4461560' lon='10.3034400'/>
  <node id='-1819' version='0' action='modify' visible='true' lat='59.4461460' lon='10.3032970'/>
  <node id='-1820' version='0' action='modify' visible='true' lat='59.4461460' lon='10.3030270'/>
  <node id='-1821' version='0' action='modify' visible='true' lat='59.4461590' lon='10.3028320'/>
  <node id='-1822' version='0' action='modify' visible='true' lat='59.4462010' lon='10.3025120'/>
  <node id='-1823' version='0' action='modify' visible='true' lat='59.4462350' lon='10.3023480'/>
  <node id='-1824' version='0' action='modify' visible='true' lat='59.4463470' lon='10.3019410'/>
  <node id='-1825' version='0' action='modify' visible='true' lat='59.4464410' lon='10.3015360'/>
  <node id='-1826' version='0' action='modify' visible='true' lat='59.4465110' lon='10.3009460'/>
  <node id='-1827' version='0' action='modify' visible='true' lat='59.4465940' lon='10.3000090'/>
  <node id='-1828' version='0' action='modify' visible='true' lat='59.4466050' lon='10.2997500'/>
  <node id='-1829' version='0' action='modify' visible='true' lat='59.4466106' lon='10.2990616'/>
  <node id='-1830' version='0' action='modify' visible='true' lat='59.4466280' lon='10.2983340'/>
  <node id='-1831' version='0' action='modify' visible='true' lat='59.4466470' lon='10.2979550'/>
  <node id='-1832' version='0' action='modify' visible='true' lat='59.4466680' lon='10.2977500'/>
  <node id='-1833' version='0' action='modify' visible='true' lat='59.4467340' lon='10.2973440'/>
  <node id='-1834' version='0' action='modify' visible='true' lat='59.4468680' lon='10.2966950'/>
  <node id='-1835' version='0' action='modify' visible='true' lat='59.4469680' lon='10.2961910'/>
  <node id='-1836' version='0' action='modify' visible='true' lat='59.4470920' lon='10.2955280'/>
  <node id='-1837' version='0' action='modify' visible='true' lat='59.4471460' lon='10.2951190'/>
  <node id='-1838' version='0' action='modify' visible='true' lat='59.4471920' lon='10.2946920'/>
  <node id='-1839' version='0' action='modify' visible='true' lat='59.4472060' lon='10.2944640'/>
  <node id='-1840' version='0' action='modify' visible='true' lat='59.4472200' lon='10.2937060'/>
  <node id='-1841' version='0' action='modify' visible='true' lat='59.4472010' lon='10.2927960'/>
  <node id='-1842' version='0' action='modify' visible='true' lat='59.4472150' lon='10.2924760'/>
  <node id='-1843' version='0' action='modify' visible='true' lat='59.4472450' lon='10.2922370'/>
  <node id='-1844' version='0' action='modify' visible='true' lat='59.4472990' lon='10.2920210'/>
  <node id='-1845' version='0' action='modify' visible='true' lat='59.4473430' lon='10.2919180'/>
  <node id='-1846' version='0' action='modify' visible='true' lat='59.4474690' lon='10.2917070'/>
  <node id='-1847' version='0' action='modify' visible='true' lat='59.4476370' lon='10.2914720'/>
  <node id='-1848' version='0' action='modify' visible='true' lat='59.4477230' lon='10.2913450'/>
  <node id='-1849' version='0' action='modify' visible='true' lat='59.4478710' lon='10.2910990'/>
  <node id='-1850' version='0' action='modify' visible='true' lat='59.4480100' lon='10.2906550'/>
  <node id='-1851' version='0' action='modify' visible='true' lat='59.4481670' lon='10.2901160'/>
  <node id='-1852' version='0' action='modify' visible='true' lat='59.4482230' lon='10.2899490'/>
  <node id='-1853' version='0' action='modify' visible='true' lat='59.4483270' lon='10.2896630'/>
  <node id='-1854' version='0' action='modify' visible='true' lat='59.4484430' lon='10.2893890'/>
  <node id='-1855' version='0' action='modify' visible='true' lat='59.4485520' lon='10.2891530'/>
  <node id='-1856' version='0' action='modify' visible='true' lat='59.4486220' lon='10.2890190'/>
  <node id='-1857' version='0' action='modify' visible='true' lat='59.4486710' lon='10.2889470'/>
  <node id='-1858' version='0' action='modify' visible='true' lat='59.4488120' lon='10.2887720'/>
  <node id='-1859' version='0' action='modify' visible='true' lat='59.4490970' lon='10.2884800'/>
  <node id='-1860' version='0' action='modify' visible='true' lat='59.4492330' lon='10.2883120'/>
  <node id='-1861' version='0' action='modify' visible='true' lat='59.4492930' lon='10.2882240'/>
  <node id='-1862' version='0' action='modify' visible='true' lat='59.4494330' lon='10.2879570'/>
  <node id='-1863' version='0' action='modify' visible='true' lat='59.4496510' lon='10.2874150'/>
  <node id='-1864' version='0' action='modify' visible='true' lat='59.4497180' lon='10.2872710'/>
  <node id='-1865' version='0' action='modify' visible='true' lat='59.4498410' lon='10.2868420'/>
  <node id='-1866' version='0' action='modify' visible='true' lat='59.4501130' lon='10.2855890'/>
  <node id='-1867' version='0' action='modify' visible='true' lat='59.4502360' lon='10.2850350'/>
  <node id='-1868' version='0' action='modify' visible='true' lat='59.4503120' lon='10.2847190'/>
  <node id='-1869' version='0' action='modify' visible='true' lat='59.4508670' lon='10.2852450'/>
  <node id='-1870' version='0' action='modify' visible='true' lat='59.4513335' lon='10.2856985'/>
  <node id='-1871' version='0' action='modify' visible='true' lat='59.4518000' lon='10.2861520'/>
  <node id='-1872' version='0' action='modify' visible='true' lat='59.4518090' lon='10.2861550'/>
  <node id='-1873' version='0' action='modify' visible='true' lat='59.4519790' lon='10.2863000'/>
  <node id='-1874' version='0' action='modify' visible='true' lat='59.4521550' lon='10.2864240'/>
  <node id='-1875' version='0' action='modify' visible='true' lat='59.4522900' lon='10.2865030'/>
  <node id='-1876' version='0' action='modify' visible='true' lat='59.4524350' lon='10.2865660'/>
  <node id='-1877' version='0' action='modify' visible='true' lat='59.4526430' lon='10.2866300'/>
  <node id='-1878' version='0' action='modify' visible='true' lat='59.4527490' lon='10.2866490'/>
  <node id='-1879' version='0' action='modify' visible='true' lat='59.4528570' lon='10.2866600'/>
  <node id='-1880' version='0' action='modify' visible='true' lat='59.4531040' lon='10.2866470'/>
  <node id='-1881' version='0' action='modify' visible='true' lat='59.4533420' lon='10.2865930'/>
  <node id='-1882' version='0' action='modify' visible='true' lat='59.4535660' lon='10.2864960'/>
  <node id='-1883' version='0' action='modify' visible='true' lat='59.4541260' lon='10.2861580'/>
  <node id='-1884' version='0' action='modify' visible='true' lat='59.4543970' lon='10.2860130'/>
  <node id='-1885' version='0' action='modify' visible='true' lat='59.4544900' lon='10.2859690'/>
  <node id='-1886' version='0' action='modify' visible='true' lat='59.4552280' lon='10.2856640'/>
  <node id='-1887' version='0' action='modify' visible='true' lat='59.4556000' lon='10.2855230'/>
  <node id='-1888' version='0' action='modify' visible='true' lat='59.4563810' lon='10.2852130'/>
  <node id='-1889' version='0' action='modify' visible='true' lat='59.4565720' lon='10.2851240'/>
  <node id='-1890' version='0' action='modify' visible='true' lat='59.4567520' lon='10.2850300'/>
  <node id='-1891' version='0' action='modify' visible='true' lat='59.4570300' lon='10.2848520'/>
  <node id='-1892' version='0' action='modify' visible='true' lat='59.4572170' lon='10.2847250'/>
  <node id='-1893' version='0' action='modify' visible='true' lat='59.4577615' lon='10.2843490'/>
  <node id='-1894' version='0' action='modify' visible='true' lat='59.4583060' lon='10.2839730'/>
  <node id='-1895' version='0' action='modify' visible='true' lat='59.4590280' lon='10.2834740'/>
  <node id='-1896' version='0' action='modify' visible='true' lat='59.4592930' lon='10.2832850'/>
  <node id='-1897' version='0' action='modify' visible='true' lat='59.4599890' lon='10.2828120'/>
  <node id='-1898' version='0' action='modify' visible='true' lat='59.4605840' lon='10.2823990'/>
  <node id='-1899' version='0' action='modify' visible='true' lat='59.4611790' lon='10.2819860'/>
  <node id='-1900' version='0' action='modify' visible='true' lat='59.4617980' lon='10.2815590'/>
  <node id='-1901' version='0' action='modify' visible='true' lat='59.4619840' lon='10.2814250'/>
  <node id='-1902' version='0' action='modify' visible='true' lat='59.4623190' lon='10.2812000'/>
  <node id='-1903' version='0' action='modify' visible='true' lat='59.4625590' lon='10.2810960'/>
  <node id='-1904' version='0' action='modify' visible='true' lat='59.4628020' lon='10.2810460'/>
  <node id='-1905' version='0' action='modify' visible='true' lat='59.4630000' lon='10.2810530'/>
  <node id='-1906' version='0' action='modify' visible='true' lat='59.4631120' lon='10.2810780'/>
  <node id='-1907' version='0' action='modify' visible='true' lat='59.4633870' lon='10.2811710'/>
  <node id='-1908' version='0' action='modify' visible='true' lat='59.4635310' lon='10.2812300'/>
  <node id='-1909' version='0' action='modify' visible='true' lat='59.4637490' lon='10.2813500'/>
  <node id='-1910' version='0' action='modify' visible='true' lat='59.4639170' lon='10.2814660'/>
  <node id='-1911' version='0' action='modify' visible='true' lat='59.4640150' lon='10.2815500'/>
  <node id='-1912' version='0' action='modify' visible='true' lat='59.4641290' lon='10.2816770'/>
  <node id='-1913' version='0' action='modify' visible='true' lat='59.4641910' lon='10.2817650'/>
  <node id='-1914' version='0' action='modify' visible='true' lat='59.4643290' lon='10.2820130'/>
  <node id='-1915' version='0' action='modify' visible='true' lat='59.4643990' lon='10.2818660'/>
  <node id='-1916' version='0' action='modify' visible='true' lat='59.4644390' lon='10.2817890'/>
  <node id='-1917' version='0' action='modify' visible='true' lat='59.4644780' lon='10.2817260'/>
  <node id='-1918' version='0' action='modify' visible='true' lat='59.4649270' lon='10.2811030'/>
  <node id='-1919' version='0' action='modify' visible='true' lat='59.4650340' lon='10.2809670'/>
  <node id='-1920' version='0' action='modify' visible='true' lat='59.4651730' lon='10.2808020'/>
  <node id='-1921' version='0' action='modify' visible='true' lat='59.4654320' lon='10.2804750'/>
  <node id='-1922' version='0' action='modify' visible='true' lat='59.4655210' lon='10.2803710'/>
  <node id='-1923' version='0' action='modify' visible='true' lat='59.4659190' lon='10.2799320'/>
  <node id='-1924' version='0' action='modify' visible='true' lat='59.4662030' lon='10.2796030'/>
  <node id='-1925' version='0' action='modify' visible='true' lat='59.4662860' lon='10.2795220'/>
  <node id='-1926' version='0' action='modify' visible='true' lat='59.4663730' lon='10.2794660'/>
  <node id='-1927' version='0' action='modify' visible='true' lat='59.4667490' lon='10.2792710'/>
  <node id='-1928' version='0' action='modify' visible='true' lat='59.4669020' lon='10.2792110'/>
  <node id='-1929' version='0' action='modify' visible='true' lat='59.4670040' lon='10.2791840'/>
  <node id='-1930' version='0' action='modify' visible='true' lat='59.4671090' lon='10.2791690'/>
  <node id='-1931' version='0' action='modify' visible='true' lat='59.4673170' lon='10.2791650'/>
  <node id='-1932' version='0' action='modify' visible='true' lat='59.4674650' lon='10.2791540'/>
  <node id='-1933' version='0' action='modify' visible='true' lat='59.4675230' lon='10.2791420'/>
  <node id='-1934' version='0' action='modify' visible='true' lat='59.4676230' lon='10.2791110'/>
  <node id='-1935' version='0' action='modify' visible='true' lat='59.4677810' lon='10.2790410'/>
  <node id='-1936' version='0' action='modify' visible='true' lat='59.4679260' lon='10.2789580'/>
  <node id='-1937' version='0' action='modify' visible='true' lat='59.4681340' lon='10.2788090'/>
  <node id='-1938' version='0' action='modify' visible='true' lat='59.4683270' lon='10.2786430'/>
  <node id='-1939' version='0' action='modify' visible='true' lat='59.4686040' lon='10.2783790'/>
  <node id='-1940' version='0' action='modify' visible='true' lat='59.4687620' lon='10.2782380'/>
  <node id='-1941' version='0' action='modify' visible='true' lat='59.4690160' lon='10.2779960'/>
  <node id='-1942' version='0' action='modify' visible='true' lat='59.4691130' lon='10.2779180'/>
  <node id='-1943' version='0' action='modify' visible='true' lat='59.4692060' lon='10.2778580'/>
  <node id='-1944' version='0' action='modify' visible='true' lat='59.4692600' lon='10.2778160'/>
  <node id='-1945' version='0' action='modify' visible='true' lat='59.4695380' lon='10.2775130'/>
  <node id='-1946' version='0' action='modify' visible='true' lat='59.4697540' lon='10.2773030'/>
  <node id='-1947' version='0' action='modify' visible='true' lat='59.4699300' lon='10.2771180'/>
  <node id='-1948' version='0' action='modify' visible='true' lat='59.4699880' lon='10.2770790'/>
  <node id='-1949' version='0' action='modify' visible='true' lat='59.4700430' lon='10.2770730'/>
  <node id='-1950' version='0' action='modify' visible='true' lat='59.4701000' lon='10.2771000'/>
  <node id='-1951' version='0' action='modify' visible='true' lat='59.4701260' lon='10.2771300'/>
  <node id='-1952' version='0' action='modify' visible='true' lat='59.4701500' lon='10.2771670'/>
  <node id='-1953' version='0' action='modify' visible='true' lat='59.4701810' lon='10.2772400'/>
  <node id='-1954' version='0' action='modify' visible='true' lat='59.4702630' lon='10.2774930'/>
  <node id='-1955' version='0' action='modify' visible='true' lat='59.4702990' lon='10.2775730'/>
  <node id='-1956' version='0' action='modify' visible='true' lat='59.4703360' lon='10.2776340'/>
  <node id='-1957' version='0' action='modify' visible='true' lat='59.4703770' lon='10.2776700'/>
  <node id='-1958' version='0' action='modify' visible='true' lat='59.4704120' lon='10.2776870'/>
  <node id='-1959' version='0' action='modify' visible='true' lat='59.4704640' lon='10.2776960'/>
  <node id='-1960' version='0' action='modify' visible='true' lat='59.4705240' lon='10.2776890'/>
  <node id='-1961' version='0' action='modify' visible='true' lat='59.4710460' lon='10.2775630'/>
  <node id='-1962' version='0' action='modify' visible='true' lat='59.4711510' lon='10.2775310'/>
  <node id='-1963' version='0' action='modify' visible='true' lat='59.4712100' lon='10.2775020'/>
  <node id='-1964' version='0' action='modify' visible='true' lat='59.4713470' lon='10.2773890'/>
  <node id='-1965' version='0' action='modify' visible='true' lat='59.4714420' lon='10.2773230'/>
  <node id='-1966' version='0' action='modify' visible='true' lat='59.4716080' lon='10.2772260'/>
  <node id='-1967' version='0' action='modify' visible='true' lat='59.4717740' lon='10.2771210'/>
  <node id='-1968' version='0' action='modify' visible='true' lat='59.4719100' lon='10.2770540'/>
  <node id='-1969' version='0' action='modify' visible='true' lat='59.4720430' lon='10.2770140'/>
  <node id='-1970' version='0' action='modify' visible='true' lat='59.4721630' lon='10.2770040'/>
  <node id='-1971' version='0' action='modify' visible='true' lat='59.4723150' lon='10.2770140'/>
  <node id='-1972' version='0' action='modify' visible='true' lat='59.4724570' lon='10.2770370'/>
  <node id='-1973' version='0' action='modify' visible='true' lat='59.4725009' lon='10.2770480'/>
  <node id='-1974' version='0' action='modify' visible='true' lat='59.4728643' lon='10.2771072'/>
  <node id='-1975' version='0' action='modify' visible='true' lat='59.4734810' lon='10.2772070'/>
  <node id='-1976' version='0' action='modify' visible='true' lat='59.4736700' lon='10.2772510'/>
  <node id='-1977' version='0' action='modify' visible='true' lat='59.4737700' lon='10.2772880'/>
  <node id='-1978' version='0' action='modify' visible='true' lat='59.4738860' lon='10.2773500'/>
  <node id='-1979' version='0' action='modify' visible='true' lat='59.4740980' lon='10.2774790'/>
  <node id='-1980' version='0' action='modify' visible='true' lat='59.4742940' lon='10.2775880'/>
  <node id='-1981' version='0' action='modify' visible='true' lat='59.4749500' lon='10.2779950'/>
  <node id='-1982' version='0' action='modify' visible='true' lat='59.4756750' lon='10.2784300'/>
  <node id='-1983' version='0' action='modify' visible='true' lat='59.4760440' lon='10.2786430'/>
  <node id='-1984' version='0' action='modify' visible='true' lat='59.4762030' lon='10.2787410'/>
  <node id='-1985' version='0' action='modify' visible='true' lat='59.4764100' lon='10.2788520'/>
  <node id='-1986' version='0' action='modify' visible='true' lat='59.4765550' lon='10.2789450'/>
  <node id='-1987' version='0' action='modify' visible='true' lat='59.4767130' lon='10.2790590'/>
  <node id='-1988' version='0' action='modify' visible='true' lat='59.4767610' lon='10.2790900'/>
  <node id='-1989' version='0' action='modify' visible='true' lat='59.4768200' lon='10.2791170'/>
  <node id='-1990' version='0' action='modify' visible='true' lat='59.4771040' lon='10.2791770'/>
  <node id='-1991' version='0' action='modify' visible='true' lat='59.4771600' lon='10.2791940'/>
  <node id='-1992' version='0' action='modify' visible='true' lat='59.4773080' lon='10.2792500'/>
  <node id='-1993' version='0' action='modify' visible='true' lat='59.4775120' lon='10.2793450'/>
  <node id='-1994' version='0' action='modify' visible='true' lat='59.4776100' lon='10.2793830'/>
  <node id='-1995' version='0' action='modify' visible='true' lat='59.4777030' lon='10.2794150'/>
  <node id='-1996' version='0' action='modify' visible='true' lat='59.4778170' lon='10.2794370'/>
  <node id='-1997' version='0' action='modify' visible='true' lat='59.4779170' lon='10.2794360'/>
  <node id='-1998' version='0' action='modify' visible='true' lat='59.4779700' lon='10.2794230'/>
  <node id='-1999' version='0' action='modify' visible='true' lat='59.4781180' lon='10.2793560'/>
  <node id='-2000' version='0' action='modify' visible='true' lat='59.4782740' lon='10.2792630'/>
  <node id='-2001' version='0' action='modify' visible='true' lat='59.4783080' lon='10.2792410'/>
  <node id='-2002' version='0' action='modify' visible='true' lat='59.4783640' lon='10.2792070'/>
  <node id='-2003' version='0' action='modify' visible='true' lat='59.4786060' lon='10.2790850'/>
  <node id='-2004' version='0' action='modify' visible='true' lat='59.4787550' lon='10.2789820'/>
  <node id='-2005' version='0' action='modify' visible='true' lat='59.4788740' lon='10.2789230'/>
  <node id='-2006' version='0' action='modify' visible='true' lat='59.4790300' lon='10.2788580'/>
  <node id='-2007' version='0' action='modify' visible='true' lat='59.4791710' lon='10.2787750'/>
  <node id='-2008' version='0' action='modify' visible='true' lat='59.4798980' lon='10.2782800'/>
  <node id='-2009' version='0' action='modify' visible='true' lat='59.4800080' lon='10.2782000'/>
  <node id='-2010' version='0' action='modify' visible='true' lat='59.4800730' lon='10.2781460'/>
  <node id='-2011' version='0' action='modify' visible='true' lat='59.4801890' lon='10.2780840'/>
  <node id='-2012' version='0' action='modify' visible='true' lat='59.4803270' lon='10.2780220'/>
  <node id='-2013' version='0' action='modify' visible='true' lat='59.4804300' lon='10.2779840'/>
  <node id='-2014' version='0' action='modify' visible='true' lat='59.4805530' lon='10.2779579'/>
  <node id='-2015' version='0' action='modify' visible='true' lat='59.4808360' lon='10.2779020'/>
  <node id='-2016' version='0' action='modify' visible='true' lat='59.4810500' lon='10.2778890'/>
  <node id='-2017' version='0' action='modify' visible='true' lat='59.4812040' lon='10.2778820'/>
  <node id='-2018' version='0' action='modify' visible='true' lat='59.4813790' lon='10.2778950'/>
  <node id='-2019' version='0' action='modify' visible='true' lat='59.4813360' lon='10.2768810'/>
  <node id='-2020' version='0' action='modify' visible='true' lat='59.4813480' lon='10.2768010'/>
  <node id='-2021' version='0' action='modify' visible='true' lat='59.4813650' lon='10.2767580'/>
  <node id='-2022' version='0' action='modify' visible='true' lat='59.4814102' lon='10.2767165'/>
  <node id='-2023' version='0' action='modify' visible='true' lat='59.4817880' lon='10.2764220'/>
  <node id='-2024' version='0' action='modify' visible='true' lat='59.4816090' lon='10.2758570'/>
  <node id='-2025' version='0' action='modify' visible='true' lat='59.4816270' lon='10.2757540'/>
  <node id='-2026' version='0' action='modify' visible='true' lat='59.4816390' lon='10.2756920'/>
  <node id='-2027' version='0' action='modify' visible='true' lat='59.4816440' lon='10.2755880'/>
  <node id='-2028' version='0' action='modify' visible='true' lat='59.4816430' lon='10.2751670'/>
  <node id='-2029' version='0' action='modify' visible='true' lat='59.4816460' lon='10.2749810'/>
  <node id='-2030' version='0' action='modify' visible='true' lat='59.4816550' lon='10.2748380'/>
  <node id='-2031' version='0' action='modify' visible='true' lat='59.4816670' lon='10.2747780'/>
  <node id='-2032' version='0' action='modify' visible='true' lat='59.4816620' lon='10.2747190'/>
  <node id='-2033' version='0' action='modify' visible='true' lat='59.4816580' lon='10.2747000'/>
  <node id='-2034' version='0' action='modify' visible='true' lat='59.4816590' lon='10.2746110'/>
  <node id='-2035' version='0' action='modify' visible='true' lat='59.4816680' lon='10.2744960'/>
  <node id='-2036' version='0' action='modify' visible='true' lat='59.4816820' lon='10.2743950'/>
  <node id='-2037' version='0' action='modify' visible='true' lat='59.4817090' lon='10.2742790'/>
  <node id='-2038' version='0' action='modify' visible='true' lat='59.4817400' lon='10.2741950'/>
  <node id='-2039' version='0' action='modify' visible='true' lat='59.4817860' lon='10.2741060'/>
  <node id='-2040' version='0' action='modify' visible='true' lat='59.4819210' lon='10.2738950'/>
  <node id='-2041' version='0' action='modify' visible='true' lat='59.4819710' lon='10.2738050'/>
  <node id='-2042' version='0' action='modify' visible='true' lat='59.4820050' lon='10.2737240'/>
  <node id='-2043' version='0' action='modify' visible='true' lat='59.4820280' lon='10.2736490'/>
  <node id='-2044' version='0' action='modify' visible='true' lat='59.4820620' lon='10.2734870'/>
  <node id='-2045' version='0' action='modify' visible='true' lat='59.4820780' lon='10.2733870'/>
  <node id='-2046' version='0' action='modify' visible='true' lat='59.4820870' lon='10.2733020'/>
  <node id='-2047' version='0' action='modify' visible='true' lat='59.4820940' lon='10.2731330'/>
  <node id='-2048' version='0' action='modify' visible='true' lat='59.4820950' lon='10.2729330'/>
  <node id='-2049' version='0' action='modify' visible='true' lat='59.4820900' lon='10.2728600'/>
  <node id='-2050' version='0' action='modify' visible='true' lat='59.4820710' lon='10.2727480'/>
  <node id='-2051' version='0' action='modify' visible='true' lat='59.4820390' lon='10.2726400'/>
  <node id='-2052' version='0' action='modify' visible='true' lat='59.4819390' lon='10.2724400'/>
  <node id='-2053' version='0' action='modify' visible='true' lat='59.4817700' lon='10.2720710'/>
  <node id='-2054' version='0' action='modify' visible='true' lat='59.4819304' lon='10.2713630'/>
  <node id='-2055' version='0' action='modify' visible='true' lat='59.4818499' lon='10.2712567'/>
  <node id='-2056' version='0' action='modify' visible='true' lat='59.4816521' lon='10.2706546'/>
  <node id='-2057' version='0' action='modify' visible='true' lat='59.4815938' lon='10.2701671'/>
  <node id='-2058' version='0' action='modify' visible='true' lat='59.4818017' lon='10.2690544'/>
  <node id='-2059' version='0' action='modify' visible='true' lat='59.4820930' lon='10.2686817'/>
  <node id='-2060' version='0' action='modify' visible='true' lat='59.4825929' lon='10.2684618'/>
  <node id='-2061' version='0' action='modify' visible='true' lat='59.4831608' lon='10.2684332'/>
  <node id='-2062' version='0' action='modify' visible='true' lat='59.4837309' lon='10.2675225'/>
  <node id='-2063' version='0' action='modify' visible='true' lat='59.4837415' lon='10.2669674'/>
  <node id='-2064' version='0' action='modify' visible='true' lat='59.4837197' lon='10.2666376'/>
  <node id='-2065' version='0' action='modify' visible='true' lat='59.4836855' lon='10.2663943'/>
  <node id='-2066' version='0' action='modify' visible='true' lat='59.4836383' lon='10.2662021'/>
  <node id='-2067' version='0' action='modify' visible='true' lat='59.4835885' lon='10.2660915'/>
  <node id='-2068' version='0' action='modify' visible='true' lat='59.4834419' lon='10.2658995'/>
  <node id='-2069' version='0' action='modify' visible='true' lat='59.4833572' lon='10.2657351'/>
  <node id='-2070' version='0' action='modify' visible='true' lat='59.4829592' lon='10.2648988'/>
  <node id='-2071' version='0' action='modify' visible='true' lat='59.4828257' lon='10.2644830'/>
  <node id='-2072' version='0' action='modify' visible='true' lat='59.4828476' lon='10.2641293'/>
  <node id='-2073' version='0' action='modify' visible='true' lat='59.4830005' lon='10.2636896'/>
  <node id='-2074' version='0' action='modify' visible='true' lat='59.4831558' lon='10.2632547'/>
  <node id='-2075' version='0' action='modify' visible='true' lat='59.4832009' lon='10.2629059'/>
  <node id='-2076' version='0' action='modify' visible='true' lat='59.4832082' lon='10.2627877'/>
  <node id='-2077' version='0' action='modify' visible='true' lat='59.4832251' lon='10.2625140'/>
  <node id='-2078' version='0' action='modify' visible='true' lat='59.4833610' lon='10.2620265'/>
  <node id='-2079' version='0' action='modify' visible='true' lat='59.4836765' lon='10.2610133'/>
  <node id='-2080' version='0' action='modify' visible='true' lat='59.4839338' lon='10.2598950'/>
  <node id='-2081' version='0' action='modify' visible='true' lat='59.4841279' lon='10.2587767'/>
  <node id='-2082' version='0' action='modify' visible='true' lat='59.4842929' lon='10.2579834'/>
  <node id='-2083' version='0' action='modify' visible='true' lat='59.4846035' lon='10.2574672'/>
  <node id='-2084' version='0' action='modify' visible='true' lat='59.4847464' lon='10.2572266'/>
  <node id='-2085' version='0' action='modify' visible='true' lat='59.4851034' lon='10.2569606'/>
  <node id='-2086' version='0' action='modify' visible='true' lat='59.4854655' lon='10.2565375'/>
  <node id='-2087' version='0' action='modify' visible='true' lat='59.4855645' lon='10.2564646'/>
  <node id='-2088' version='0' action='modify' visible='true' lat='59.4857538' lon='10.2563201'/>
  <node id='-2089' version='0' action='modify' visible='true' lat='59.4859362' lon='10.2561301'/>
  <node id='-2090' version='0' action='modify' visible='true' lat='59.4860202' lon='10.2560081'/>
  <node id='-2091' version='0' action='modify' visible='true' lat='59.4860839' lon='10.2558614'/>
  <node id='-2092' version='0' action='modify' visible='true' lat='59.4863387' lon='10.2555250'/>
  <node id='-2093' version='0' action='modify' visible='true' lat='59.4866807' lon='10.2553835'/>
  <node id='-2094' version='0' action='modify' visible='true' lat='59.4868959' lon='10.2553169'/>
  <node id='-2095' version='0' action='modify' visible='true' lat='59.4872679' lon='10.2552019'/>
  <node id='-2096' version='0' action='modify' visible='true' lat='59.4878649' lon='10.2551254'/>
  <node id='-2097' version='0' action='modify' visible='true' lat='59.4882968' lon='10.2546189'/>
  <node id='-2098' version='0' action='modify' visible='true' lat='59.4885248' lon='10.2543917'/>
  <node id='-2099' version='0' action='modify' visible='true' lat='59.4889207' lon='10.2543016'/>
  <node id='-2100' version='0' action='modify' visible='true' lat='59.4891708' lon='10.2540435'/>
  <node id='-2101' version='0' action='modify' visible='true' lat='59.4892331' lon='10.2538771'/>
  <node id='-2102' version='0' action='modify' visible='true' lat='59.4893104' lon='10.2537670'/>
  <node id='-2103' version='0' action='modify' visible='true' lat='59.4894158' lon='10.2537729'/>
  <node id='-2104' version='0' action='modify' visible='true' lat='59.4894714' lon='10.2538069'/>
  <node id='-2105' version='0' action='modify' visible='true' lat='59.4895882' lon='10.2538945'/>
  <node id='-2106' version='0' action='modify' visible='true' lat='59.4896619' lon='10.2539571'/>
  <node id='-2107' version='0' action='modify' visible='true' lat='59.4897373' lon='10.2540206'/>
  <node id='-2108' version='0' action='modify' visible='true' lat='59.4897612' lon='10.2540573'/>
  <node id='-2109' version='0' action='modify' visible='true' lat='59.4897738' lon='10.2541166'/>
  <node id='-2110' version='0' action='modify' visible='true' lat='59.4897972' lon='10.2541767'/>
  <node id='-2111' version='0' action='modify' visible='true' lat='59.4898353' lon='10.2542124'/>
  <node id='-2112' version='0' action='modify' visible='true' lat='59.4899793' lon='10.2543152'/>
  <node id='-2113' version='0' action='modify' visible='true' lat='59.4900477' lon='10.2543617'/>
  <node id='-2114' version='0' action='modify' visible='true' lat='59.4901315' lon='10.2543767'/>
  <node id='-2115' version='0' action='modify' visible='true' lat='59.4902267' lon='10.2543469'/>
  <node id='-2116' version='0' action='modify' visible='true' lat='59.4903469' lon='10.2542744'/>
  <node id='-2117' version='0' action='modify' visible='true' lat='59.4904161' lon='10.2542717'/>
  <node id='-2118' version='0' action='modify' visible='true' lat='59.4905866' lon='10.2543698'/>
  <node id='-2119' version='0' action='modify' visible='true' lat='59.4907054' lon='10.2544939'/>
  <node id='-2120' version='0' action='modify' visible='true' lat='59.4912193' lon='10.2547132'/>
  <node id='-2121' version='0' action='modify' visible='true' lat='59.4918821' lon='10.2549000'/>
  <node id='-2122' version='0' action='modify' visible='true' lat='59.4925449' lon='10.2550869'/>
  <node id='-2123' version='0' action='modify' visible='true' lat='59.4929846' lon='10.2548025'/>
  <node id='-2124' version='0' action='modify' visible='true' lat='59.4932113' lon='10.2546497'/>
  <node id='-2125' version='0' action='modify' visible='true' lat='59.4935011' lon='10.2544544'/>
  <node id='-2126' version='0' action='modify' visible='true' lat='59.4935188' lon='10.2544389'/>
  <node id='-2127' version='0' action='modify' visible='true' lat='59.4936227' lon='10.2544051'/>
  <node id='-2128' version='0' action='modify' visible='true' lat='59.4937187' lon='10.2544540'/>
  <node id='-2129' version='0' action='modify' visible='true' lat='59.4939240' lon='10.2547932'/>
  <node id='-2130' version='0' action='modify' visible='true' lat='59.4940969' lon='10.2548833'/>
  <node id='-2131' version='0' action='modify' visible='true' lat='59.4941428' lon='10.2549082'/>
  <node id='-2132' version='0' action='modify' visible='true' lat='59.4944288' lon='10.2551826'/>
  <node id='-2133' version='0' action='modify' visible='true' lat='59.4945536' lon='10.2552063'/>
  <node id='-2134' version='0' action='modify' visible='true' lat='59.4946908' lon='10.2552104'/>
  <node id='-2135' version='0' action='modify' visible='true' lat='59.4947751' lon='10.2552129'/>
  <node id='-2136' version='0' action='modify' visible='true' lat='59.4949563' lon='10.2553386'/>
  <node id='-2137' version='0' action='modify' visible='true' lat='59.4953129' lon='10.2558648'/>
  <node id='-2138' version='0' action='modify' visible='true' lat='59.4953153' lon='10.2558775'/>
  <node id='-2139' version='0' action='modify' visible='true' lat='59.4953473' lon='10.2560450'/>
  <node id='-2140' version='0' action='modify' visible='true' lat='59.4953623' lon='10.2564997'/>
  <node id='-2141' version='0' action='modify' visible='true' lat='59.4953658' lon='10.2566070'/>
  <node id='-2142' version='0' action='modify' visible='true' lat='59.4953951' lon='10.2569706'/>
  <node id='-2143' version='0' action='modify' visible='true' lat='59.4954637' lon='10.2574659'/>
  <node id='-2144' version='0' action='modify' visible='true' lat='59.4955260' lon='10.2579161'/>
  <node id='-2145' version='0' action='modify' visible='true' lat='59.4955385' lon='10.2580429'/>
  <node id='-2146' version='0' action='modify' visible='true' lat='59.4955556' lon='10.2582154'/>
  <node id='-2147' version='0' action='modify' visible='true' lat='59.4956235' lon='10.2582154'/>
  <node id='-2148' version='0' action='modify' visible='true' lat='59.4957398' lon='10.2581570'/>
  <node id='-2149' version='0' action='modify' visible='true' lat='59.4959000' lon='10.2580518'/>
  <node id='-2150' version='0' action='modify' visible='true' lat='59.4960187' lon='10.2579817'/>
  <node id='-2151' version='0' action='modify' visible='true' lat='59.4961705' lon='10.2578671'/>
  <node id='-2152' version='0' action='modify' visible='true' lat='59.4963179' lon='10.2577552'/>
  <node id='-2153' version='0' action='modify' visible='true' lat='59.4964897' lon='10.2576310'/>
  <node id='-2154' version='0' action='modify' visible='true' lat='59.4965775' lon='10.2575445'/>
  <node id='-2155' version='0' action='modify' visible='true' lat='59.4966297' lon='10.2574183'/>
  <node id='-2156' version='0' action='modify' visible='true' lat='59.4967057' lon='10.2571074'/>
  <node id='-2157' version='0' action='modify' visible='true' lat='59.4967242' lon='10.2569061'/>
  <node id='-2158' version='0' action='modify' visible='true' lat='59.4967615' lon='10.2568105'/>
  <node id='-2159' version='0' action='modify' visible='true' lat='59.4968730' lon='10.2565346'/>
  <node id='-2160' version='0' action='modify' visible='true' lat='59.4969292' lon='10.2564432'/>
  <node id='-2161' version='0' action='modify' visible='true' lat='59.4969876' lon='10.2563481'/>
  <node id='-2162' version='0' action='modify' visible='true' lat='59.4970304' lon='10.2562755'/>
  <node id='-2163' version='0' action='modify' visible='true' lat='59.4970778' lon='10.2561951'/>
  <node id='-2164' version='0' action='modify' visible='true' lat='59.4971385' lon='10.2560750'/>
  <node id='-2165' version='0' action='modify' visible='true' lat='59.4971564' lon='10.2560491'/>
  <node id='-2166' version='0' action='modify' visible='true' lat='59.4972135' lon='10.2559409'/>
  <node id='-2167' version='0' action='modify' visible='true' lat='59.4972774' lon='10.2557808'/>
  <node id='-2168' version='0' action='modify' visible='true' lat='59.4973597' lon='10.2555189'/>
  <node id='-2169' version='0' action='modify' visible='true' lat='59.4973898' lon='10.2554907'/>
  <node id='-2170' version='0' action='modify' visible='true' lat='59.4974534' lon='10.2553144'/>
  <node id='-2171' version='0' action='modify' visible='true' lat='59.4974803' lon='10.2552259'/>
  <node id='-2172' version='0' action='modify' visible='true' lat='59.4975030' lon='10.2551152'/>
  <node id='-2173' version='0' action='modify' visible='true' lat='59.4976161' lon='10.2552025'/>
  <node id='-2174' version='0' action='modify' visible='true' lat='59.4977888' lon='10.2553146'/>
  <node id='-2175' version='0' action='modify' visible='true' lat='59.4981351' lon='10.2555511'/>
  <node id='-2176' version='0' action='modify' visible='true' lat='59.4982919' lon='10.2556469'/>
  <node id='-2177' version='0' action='modify' visible='true' lat='59.4984368' lon='10.2557415'/>
  <node id='-2178' version='0' action='modify' visible='true' lat='59.4985370' lon='10.2557905'/>
  <node id='-2179' version='0' action='modify' visible='true' lat='59.4985846' lon='10.2558169'/>
  <node id='-2180' version='0' action='modify' visible='true' lat='59.4988205' lon='10.2559244'/>
  <node id='-2181' version='0' action='modify' visible='true' lat='59.4989033' lon='10.2559633'/>
  <node id='-2182' version='0' action='modify' visible='true' lat='59.4990633' lon='10.2560406'/>
  <node id='-2183' version='0' action='modify' visible='true' lat='59.4990962' lon='10.2560578'/>
  <node id='-2184' version='0' action='modify' visible='true' lat='59.4991225' lon='10.2560716'/>
  <node id='-2185' version='0' action='modify' visible='true' lat='59.4993027' lon='10.2561656'/>
  <node id='-2186' version='0' action='modify' visible='true' lat='59.4995492' lon='10.2562943'/>
  <node id='-2187' version='0' action='modify' visible='true' lat='59.4997710' lon='10.2563956'/>
  <node id='-2188' version='0' action='modify' visible='true' lat='59.4998097' lon='10.2564140'/>
  <node id='-2189' version='0' action='modify' visible='true' lat='59.4998569' lon='10.2564364'/>
  <node id='-2190' version='0' action='modify' visible='true' lat='59.5001297' lon='10.2565725'/>
  <node id='-2191' version='0' action='modify' visible='true' lat='59.5002953' lon='10.2566570'/>
  <node id='-2192' version='0' action='modify' visible='true' lat='59.5004110' lon='10.2567162'/>
  <node id='-2193' version='0' action='modify' visible='true' lat='59.5004775' lon='10.2562777'/>
  <node id='-2194' version='0' action='modify' visible='true' lat='59.5004973' lon='10.2561244'/>
  <node id='-2195' version='0' action='modify' visible='true' lat='59.5005266' lon='10.2558568'/>
  <node id='-2196' version='0' action='modify' visible='true' lat='59.5005576' lon='10.2555419'/>
  <node id='-2197' version='0' action='modify' visible='true' lat='59.5005756' lon='10.2553429'/>
  <node id='-2198' version='0' action='modify' visible='true' lat='59.5005879' lon='10.2551551'/>
  <node id='-2199' version='0' action='modify' visible='true' lat='59.5006322' lon='10.2546046'/>
  <node id='-2200' version='0' action='modify' visible='true' lat='59.5006503' lon='10.2544093'/>
  <node id='-2201' version='0' action='modify' visible='true' lat='59.5006675' lon='10.2542729'/>
  <node id='-2202' version='0' action='modify' visible='true' lat='59.5006958' lon='10.2541105'/>
  <node id='-2203' version='0' action='modify' visible='true' lat='59.5007361' lon='10.2539298'/>
  <node id='-2204' version='0' action='modify' visible='true' lat='59.5007750' lon='10.2537961'/>
  <node id='-2205' version='0' action='modify' visible='true' lat='59.5008121' lon='10.2536803'/>
  <node id='-2206' version='0' action='modify' visible='true' lat='59.5009100' lon='10.2534293'/>
  <node id='-2207' version='0' action='modify' visible='true' lat='59.5010237' lon='10.2531345'/>
  <node id='-2208' version='0' action='modify' visible='true' lat='59.5010683' lon='10.2530203'/>
  <node id='-2209' version='0' action='modify' visible='true' lat='59.5010922' lon='10.2529478'/>
  <node id='-2210' version='0' action='modify' visible='true' lat='59.5011233' lon='10.2528436'/>
  <node id='-2211' version='0' action='modify' visible='true' lat='59.5011584' lon='10.2527258'/>
  <node id='-2212' version='0' action='modify' visible='true' lat='59.5011936' lon='10.2525861'/>
  <node id='-2213' version='0' action='modify' visible='true' lat='59.5012292' lon='10.2524222'/>
  <node id='-2214' version='0' action='modify' visible='true' lat='59.5012719' lon='10.2521804'/>
  <node id='-2215' version='0' action='modify' visible='true' lat='59.5013225' lon='10.2522077'/>
  <node id='-2216' version='0' action='modify' visible='true' lat='59.5014455' lon='10.2522687'/>
  <node id='-2217' version='0' action='modify' visible='true' lat='59.5014780' lon='10.2522744'/>
  <node id='-2218' version='0' action='modify' visible='true' lat='59.5016188' lon='10.2522990'/>
  <node id='-2219' version='0' action='modify' visible='true' lat='59.5016798' lon='10.2523097'/>
  <node id='-2220' version='0' action='modify' visible='true' lat='59.5018399' lon='10.2523777'/>
  <node id='-2221' version='0' action='modify' visible='true' lat='59.5020072' lon='10.2525469'/>
  <node id='-2222' version='0' action='modify' visible='true' lat='59.5021060' lon='10.2528062'/>
  <node id='-2223' version='0' action='modify' visible='true' lat='59.5021262' lon='10.2530259'/>
  <node id='-2224' version='0' action='modify' visible='true' lat='59.5021028' lon='10.2535100'/>
  <node id='-2225' version='0' action='modify' visible='true' lat='59.5021548' lon='10.2536130'/>
  <node id='-2226' version='0' action='modify' visible='true' lat='59.5022640' lon='10.2536616'/>
  <node id='-2227' version='0' action='modify' visible='true' lat='59.5023882' lon='10.2536402'/>
  <node id='-2228' version='0' action='modify' visible='true' lat='59.5025316' lon='10.2535789'/>
  <node id='-2229' version='0' action='modify' visible='true' lat='59.5026072' lon='10.2535650'/>
  <node id='-2230' version='0' action='modify' visible='true' lat='59.5026944' lon='10.2535515'/>
  <node id='-2231' version='0' action='modify' visible='true' lat='59.5027981' lon='10.2535587'/>
  <node id='-2232' version='0' action='modify' visible='true' lat='59.5028836' lon='10.2535129'/>
  <node id='-2233' version='0' action='modify' visible='true' lat='59.5029393' lon='10.2534538'/>
  <node id='-2234' version='0' action='modify' visible='true' lat='59.5029992' lon='10.2532688'/>
  <node id='-2235' version='0' action='modify' visible='true' lat='59.5030938' lon='10.2529271'/>
  <node id='-2236' version='0' action='modify' visible='true' lat='59.5031524' lon='10.2528485'/>
  <node id='-2237' version='0' action='modify' visible='true' lat='59.5032271' lon='10.2528230'/>
  <node id='-2238' version='0' action='modify' visible='true' lat='59.5034748' lon='10.2528967'/>
  <node id='-2239' version='0' action='modify' visible='true' lat='59.5035865' lon='10.2528920'/>
  <node id='-2240' version='0' action='modify' visible='true' lat='59.5037689' lon='10.2528993'/>
  <node id='-2241' version='0' action='modify' visible='true' lat='59.5038699' lon='10.2529421'/>
  <node id='-2242' version='0' action='modify' visible='true' lat='59.5039891' lon='10.2529590'/>
  <node id='-2243' version='0' action='modify' visible='true' lat='59.5041945' lon='10.2529015'/>
  <node id='-2244' version='0' action='modify' visible='true' lat='59.5043613' lon='10.2528760'/>
  <node id='-2245' version='0' action='modify' visible='true' lat='59.5045878' lon='10.2529561'/>
  <node id='-2246' version='0' action='modify' visible='true' lat='59.5046712' lon='10.2529616'/>
  <node id='-2247' version='0' action='modify' visible='true' lat='59.5048024' lon='10.2529079'/>
  <node id='-2248' version='0' action='modify' visible='true' lat='59.5049308' lon='10.2527630'/>
  <node id='-2249' version='0' action='modify' visible='true' lat='59.5051055' lon='10.2526515'/>
  <node id='-2250' version='0' action='modify' visible='true' lat='59.5054318' lon='10.2526991'/>
  <node id='-2251' version='0' action='modify' visible='true' lat='59.5056168' lon='10.2526611'/>
  <node id='-2252' version='0' action='modify' visible='true' lat='59.5058183' lon='10.2525603'/>
  <node id='-2253' version='0' action='modify' visible='true' lat='59.5059646' lon='10.2525044'/>
  <node id='-2254' version='0' action='modify' visible='true' lat='59.5061078' lon='10.2524730'/>
  <node id='-2255' version='0' action='modify' visible='true' lat='59.5061997' lon='10.2524662'/>
  <node id='-2256' version='0' action='modify' visible='true' lat='59.5062484' lon='10.2524626'/>
  <node id='-2257' version='0' action='modify' visible='true' lat='59.5063491' lon='10.2524250'/>
  <node id='-2258' version='0' action='modify' visible='true' lat='59.5064335' lon='10.2522802'/>
  <node id='-2259' version='0' action='modify' visible='true' lat='59.5065805' lon='10.2520013'/>
  <node id='-2260' version='0' action='modify' visible='true' lat='59.5068649' lon='10.2516218'/>
  <node id='-2261' version='0' action='modify' visible='true' lat='59.5071062' lon='10.2514742'/>
  <node id='-2262' version='0' action='modify' visible='true' lat='59.5072818' lon='10.2513444'/>
  <node id='-2263' version='0' action='modify' visible='true' lat='59.5073504' lon='10.2511669'/>
  <node id='-2264' version='0' action='modify' visible='true' lat='59.5073471' lon='10.2510167'/>
  <node id='-2265' version='0' action='modify' visible='true' lat='59.5074208' lon='10.2509295'/>
  <node id='-2266' version='0' action='modify' visible='true' lat='59.5074690' lon='10.2508662'/>
  <node id='-2267' version='0' action='modify' visible='true' lat='59.5075544' lon='10.2507181'/>
  <node id='-2268' version='0' action='modify' visible='true' lat='59.5075612' lon='10.2506242'/>
  <node id='-2269' version='0' action='modify' visible='true' lat='59.5075612' lon='10.2504042'/>
  <node id='-2270' version='0' action='modify' visible='true' lat='59.5075669' lon='10.2499786'/>
  <node id='-2271' version='0' action='modify' visible='true' lat='59.5075830' lon='10.2498195'/>
  <node id='-2272' version='0' action='modify' visible='true' lat='59.5075980' lon='10.2497926'/>
  <node id='-2273' version='0' action='modify' visible='true' lat='59.5076604' lon='10.2496941'/>
  <node id='-2274' version='0' action='modify' visible='true' lat='59.5077708' lon='10.2495620'/>
  <node id='-2275' version='0' action='modify' visible='true' lat='59.5079790' lon='10.2493501'/>
  <node id='-2276' version='0' action='modify' visible='true' lat='59.5081723' lon='10.2491918'/>
  <node id='-2277' version='0' action='modify' visible='true' lat='59.5083213' lon='10.2490690'/>
  <node id='-2278' version='0' action='modify' visible='true' lat='59.5083739' lon='10.2490530'/>
  <node id='-2279' version='0' action='modify' visible='true' lat='59.5084309' lon='10.2490347'/>
  <node id='-2280' version='0' action='modify' visible='true' lat='59.5085909' lon='10.2490225'/>
  <node id='-2281' version='0' action='modify' visible='true' lat='59.5087257' lon='10.2489522'/>
  <node id='-2282' version='0' action='modify' visible='true' lat='59.5088310' lon='10.2488646'/>
  <node id='-2283' version='0' action='modify' visible='true' lat='59.5089291' lon='10.2487392'/>
  <node id='-2284' version='0' action='modify' visible='true' lat='59.5093849' lon='10.2481566'/>
  <node id='-2285' version='0' action='modify' visible='true' lat='59.5094451' lon='10.2481158'/>
  <node id='-2286' version='0' action='modify' visible='true' lat='59.5094975' lon='10.2480943'/>
  <node id='-2287' version='0' action='modify' visible='true' lat='59.5095414' lon='10.2480948'/>
  <node id='-2288' version='0' action='modify' visible='true' lat='59.5096925' lon='10.2481619'/>
  <node id='-2289' version='0' action='modify' visible='true' lat='59.5099930' lon='10.2483066'/>
  <node id='-2290' version='0' action='modify' visible='true' lat='59.5101783' lon='10.2484140'/>
  <node id='-2291' version='0' action='modify' visible='true' lat='59.5104927' lon='10.2487520'/>
  <node id='-2292' version='0' action='modify' visible='true' lat='59.5108084' lon='10.2491114'/>
  <node id='-2293' version='0' action='modify' visible='true' lat='59.5109012' lon='10.2492034'/>
  <node id='-2294' version='0' action='modify' visible='true' lat='59.5110287' lon='10.2492866'/>
  <node id='-2295' version='0' action='modify' visible='true' lat='59.5112153' lon='10.2493166'/>
  <node id='-2296' version='0' action='modify' visible='true' lat='59.5114516' lon='10.2492742'/>
  <node id='-2297' version='0' action='modify' visible='true' lat='59.5115333' lon='10.2492079'/>
  <node id='-2298' version='0' action='modify' visible='true' lat='59.5115728' lon='10.2491597'/>
  <node id='-2299' version='0' action='modify' visible='true' lat='59.5116422' lon='10.2490255'/>
  <node id='-2300' version='0' action='modify' visible='true' lat='59.5117352' lon='10.2488539'/>
  <node id='-2301' version='0' action='modify' visible='true' lat='59.5118087' lon='10.2487627'/>
  <node id='-2302' version='0' action='modify' visible='true' lat='59.5118917' lon='10.2486983'/>
  <node id='-2303' version='0' action='modify' visible='true' lat='59.5119886' lon='10.2486831'/>
  <node id='-2304' version='0' action='modify' visible='true' lat='59.5120522' lon='10.2486768'/>
  <node id='-2305' version='0' action='modify' visible='true' lat='59.5124866' lon='10.2489004'/>
  <node id='-2306' version='0' action='modify' visible='true' lat='59.5125503' lon='10.2489129'/>
  <node id='-2307' version='0' action='modify' visible='true' lat='59.5127125' lon='10.2488896'/>
  <node id='-2308' version='0' action='modify' visible='true' lat='59.5128704' lon='10.2488360'/>
  <node id='-2309' version='0' action='modify' visible='true' lat='59.5129939' lon='10.2488271'/>
  <node id='-2310' version='0' action='modify' visible='true' lat='59.5131534' lon='10.2488467'/>
  <node id='-2311' version='0' action='modify' visible='true' lat='59.5132797' lon='10.2488753'/>
  <node id='-2312' version='0' action='modify' visible='true' lat='59.5134172' lon='10.2489236'/>
  <node id='-2313' version='0' action='modify' visible='true' lat='59.5135154' lon='10.2489111'/>
  <node id='-2314' version='0' action='modify' visible='true' lat='59.5135764' lon='10.2488753'/>
  <node id='-2315' version='0' action='modify' visible='true' lat='59.5136771' lon='10.2487424'/>
  <node id='-2316' version='0' action='modify' visible='true' lat='59.5138703' lon='10.2484435'/>
  <node id='-2317' version='0' action='modify' visible='true' lat='59.5140608' lon='10.2481672'/>
  <node id='-2318' version='0' action='modify' visible='true' lat='59.5142439' lon='10.2481814'/>
  <node id='-2319' version='0' action='modify' visible='true' lat='59.5146514' lon='10.2482557'/>
  <node id='-2320' version='0' action='modify' visible='true' lat='59.5147450' lon='10.2482617'/>
  <node id='-2321' version='0' action='modify' visible='true' lat='59.5148870' lon='10.2482271'/>
  <node id='-2322' version='0' action='modify' visible='true' lat='59.5150527' lon='10.2481438'/>
  <node id='-2323' version='0' action='modify' visible='true' lat='59.5151268' lon='10.2481314'/>
  <node id='-2324' version='0' action='modify' visible='true' lat='59.5152174' lon='10.2481833'/>
  <node id='-2325' version='0' action='modify' visible='true' lat='59.5153535' lon='10.2483121'/>
  <node id='-2326' version='0' action='modify' visible='true' lat='59.5157630' lon='10.2487359'/>
  <node id='-2327' version='0' action='modify' visible='true' lat='59.5158731' lon='10.2487975'/>
  <node id='-2328' version='0' action='modify' visible='true' lat='59.5160855' lon='10.2488700'/>
  <node id='-2329' version='0' action='modify' visible='true' lat='59.5161563' lon='10.2488819'/>
  <node id='-2330' version='0' action='modify' visible='true' lat='59.5164611' lon='10.2490309'/>
  <node id='-2331' version='0' action='modify' visible='true' lat='59.5167468' lon='10.2493098'/>
  <node id='-2332' version='0' action='modify' visible='true' lat='59.5170326' lon='10.2496103'/>
  <node id='-2333' version='0' action='modify' visible='true' lat='59.5170871' lon='10.2496550'/>
  <node id='-2334' version='0' action='modify' visible='true' lat='59.5172502' lon='10.2497574'/>
  <node id='-2335' version='0' action='modify' visible='true' lat='59.5173591' lon='10.2498678'/>
  <node id='-2336' version='0' action='modify' visible='true' lat='59.5174424' lon='10.2500188'/>
  <node id='-2337' version='0' action='modify' visible='true' lat='59.5175496' lon='10.2502540'/>
  <node id='-2338' version='0' action='modify' visible='true' lat='59.5176857' lon='10.2504640'/>
  <node id='-2339' version='0' action='modify' visible='true' lat='59.5177346' lon='10.2505229'/>
  <node id='-2340' version='0' action='modify' visible='true' lat='59.5178780' lon='10.2506496'/>
  <node id='-2341' version='0' action='modify' visible='true' lat='59.5179880' lon='10.2507001'/>
  <node id='-2342' version='0' action='modify' visible='true' lat='59.5180680' lon='10.2506993'/>
  <node id='-2343' version='0' action='modify' visible='true' lat='59.5183744' lon='10.2505714'/>
  <node id='-2344' version='0' action='modify' visible='true' lat='59.5185249' lon='10.2505447'/>
  <node id='-2345' version='0' action='modify' visible='true' lat='59.5186343' lon='10.2505714'/>
  <node id='-2346' version='0' action='modify' visible='true' lat='59.5187366' lon='10.2506355'/>
  <node id='-2347' version='0' action='modify' visible='true' lat='59.5189863' lon='10.2508119'/>
  <node id='-2348' version='0' action='modify' visible='true' lat='59.5190959' lon='10.2508351'/>
  <node id='-2349' version='0' action='modify' visible='true' lat='59.5192056' lon='10.2508353'/>
  <node id='-2350' version='0' action='modify' visible='true' lat='59.5192900' lon='10.2507967'/>
  <node id='-2351' version='0' action='modify' visible='true' lat='59.5193383' lon='10.2507368'/>
  <node id='-2352' version='0' action='modify' visible='true' lat='59.5194678' lon='10.2505518'/>
  <node id='-2353' version='0' action='modify' visible='true' lat='59.5195767' lon='10.2504355'/>
  <node id='-2354' version='0' action='modify' visible='true' lat='59.5197654' lon='10.2503273'/>
  <node id='-2355' version='0' action='modify' visible='true' lat='59.5199171' lon='10.2502887'/>
  <node id='-2356' version='0' action='modify' visible='true' lat='59.5201013' lon='10.2501376'/>
  <node id='-2357' version='0' action='modify' visible='true' lat='59.5202217' lon='10.2500260'/>
  <node id='-2358' version='0' action='modify' visible='true' lat='59.5205931' lon='10.2496826'/>
  <node id='-2359' version='0' action='modify' visible='true' lat='59.5207333' lon='10.2494815'/>
  <node id='-2360' version='0' action='modify' visible='true' lat='59.5208196' lon='10.2493941'/>
  <node id='-2361' version='0' action='modify' visible='true' lat='59.5209384' lon='10.2493137'/>
  <node id='-2362' version='0' action='modify' visible='true' lat='59.5211608' lon='10.2492282'/>
  <node id='-2363' version='0' action='modify' visible='true' lat='59.5212948' lon='10.2491427'/>
  <node id='-2364' version='0' action='modify' visible='true' lat='59.5214571' lon='10.2490056'/>
  <node id='-2365' version='0' action='modify' visible='true' lat='59.5215923' lon='10.2489571'/>
  <node id='-2366' version='0' action='modify' visible='true' lat='59.5217276' lon='10.2488934'/>
  <node id='-2367' version='0' action='modify' visible='true' lat='59.5218237' lon='10.2488224'/>
  <node id='-2368' version='0' action='modify' visible='true' lat='59.5219580' lon='10.2486375'/>
  <node id='-2369' version='0' action='modify' visible='true' lat='59.5220176' lon='10.2485776'/>
  <node id='-2370' version='0' action='modify' visible='true' lat='59.5221435' lon='10.2484759'/>
  <node id='-2371' version='0' action='modify' visible='true' lat='59.5222096' lon='10.2484107'/>
  <node id='-2372' version='0' action='modify' visible='true' lat='59.5222983' lon='10.2482881'/>
  <node id='-2373' version='0' action='modify' visible='true' lat='59.5223540' lon='10.2481988'/>
  <node id='-2374' version='0' action='modify' visible='true' lat='59.5224257' lon='10.2480965'/>
  <node id='-2375' version='0' action='modify' visible='true' lat='59.5225753' lon='10.2478782'/>
  <node id='-2376' version='0' action='modify' visible='true' lat='59.5226455' lon='10.2477584'/>
  <node id='-2377' version='0' action='modify' visible='true' lat='59.5227482' lon='10.2476147'/>
  <node id='-2378' version='0' action='modify' visible='true' lat='59.5228155' lon='10.2475811'/>
  <node id='-2379' version='0' action='modify' visible='true' lat='59.5230080' lon='10.2475182'/>
  <node id='-2380' version='0' action='modify' visible='true' lat='59.5233045' lon='10.2473519'/>
  <node id='-2381' version='0' action='modify' visible='true' lat='59.5234205' lon='10.2472866'/>
  <node id='-2382' version='0' action='modify' visible='true' lat='59.5235948' lon='10.2472430'/>
  <node id='-2383' version='0' action='modify' visible='true' lat='59.5237643' lon='10.2471622'/>
  <node id='-2384' version='0' action='modify' visible='true' lat='59.5239187' lon='10.2470337'/>
  <node id='-2385' version='0' action='modify' visible='true' lat='59.5240649' lon='10.2468784'/>
  <node id='-2386' version='0' action='modify' visible='true' lat='59.5241560' lon='10.2468181'/>
  <node id='-2387' version='0' action='modify' visible='true' lat='59.5242852' lon='10.2467301'/>
  <node id='-2388' version='0' action='modify' visible='true' lat='59.5244417' lon='10.2466599'/>
  <node id='-2389' version='0' action='modify' visible='true' lat='59.5245982' lon='10.2466519'/>
  <node id='-2390' version='0' action='modify' visible='true' lat='59.5247465' lon='10.2466921'/>
  <node id='-2391' version='0' action='modify' visible='true' lat='59.5249193' lon='10.2468637'/>
  <node id='-2392' version='0' action='modify' visible='true' lat='59.5250369' lon='10.2468985'/>
  <node id='-2393' version='0' action='modify' visible='true' lat='59.5251410' lon='10.2468529'/>
  <node id='-2394' version='0' action='modify' visible='true' lat='59.5252443' lon='10.2467564'/>
  <node id='-2395' version='0' action='modify' visible='true' lat='59.5254131' lon='10.2464479'/>
  <node id='-2396' version='0' action='modify' visible='true' lat='59.5254294' lon='10.2459920'/>
  <node id='-2397' version='0' action='modify' visible='true' lat='59.5254334' lon='10.2455440'/>
  <node id='-2398' version='0' action='modify' visible='true' lat='59.5254705' lon='10.2453816'/>
  <node id='-2399' version='0' action='modify' visible='true' lat='59.5256144' lon='10.2451363'/>
  <node id='-2400' version='0' action='modify' visible='true' lat='59.5257096' lon='10.2449164'/>
  <node id='-2401' version='0' action='modify' visible='true' lat='59.5258116' lon='10.2447313'/>
  <node id='-2402' version='0' action='modify' visible='true' lat='59.5258878' lon='10.2446213'/>
  <node id='-2403' version='0' action='modify' visible='true' lat='59.5259599' lon='10.2445623'/>
  <node id='-2404' version='0' action='modify' visible='true' lat='59.5260986' lon='10.2444604'/>
  <node id='-2405' version='0' action='modify' visible='true' lat='59.5263788' lon='10.2442807'/>
  <node id='-2406' version='0' action='modify' visible='true' lat='59.5265257' lon='10.2441064'/>
  <node id='-2407' version='0' action='modify' visible='true' lat='59.5266726' lon='10.2439562'/>
  <node id='-2408' version='0' action='modify' visible='true' lat='59.5268543' lon='10.2438060'/>
  <node id='-2409' version='0' action='modify' visible='true' lat='59.5270345' lon='10.2437229'/>
  <node id='-2410' version='0' action='modify' visible='true' lat='59.5273922' lon='10.2435243'/>
  <node id='-2411' version='0' action='modify' visible='true' lat='59.5275079' lon='10.2434090'/>
  <node id='-2412' version='0' action='modify' visible='true' lat='59.5275690' lon='10.2432481'/>
  <node id='-2413' version='0' action='modify' visible='true' lat='59.5275731' lon='10.2430442'/>
  <node id='-2414' version='0' action='modify' visible='true' lat='59.5275391' lon='10.2428968'/>
  <node id='-2415' version='0' action='modify' visible='true' lat='59.5273909' lon='10.2425481'/>
  <node id='-2416' version='0' action='modify' visible='true' lat='59.5272712' lon='10.2421484'/>
  <node id='-2417' version='0' action='modify' visible='true' lat='59.5272719' lon='10.2419700'/>
  <node id='-2418' version='0' action='modify' visible='true' lat='59.5273215' lon='10.2418024'/>
  <node id='-2419' version='0' action='modify' visible='true' lat='59.5274521' lon='10.2415422'/>
  <node id='-2420' version='0' action='modify' visible='true' lat='59.5275126' lon='10.2414228'/>
  <node id='-2421' version='0' action='modify' visible='true' lat='59.5275609' lon='10.2413280'/>
  <node id='-2422' version='0' action='modify' visible='true' lat='59.5275910' lon='10.2412866'/>
  <node id='-2423' version='0' action='modify' visible='true' lat='59.5276547' lon='10.2411989'/>
  <node id='-2424' version='0' action='modify' visible='true' lat='59.5278778' lon='10.2410433'/>
  <node id='-2425' version='0' action='modify' visible='true' lat='59.5281118' lon='10.2409521'/>
  <node id='-2426' version='0' action='modify' visible='true' lat='59.5282899' lon='10.2408125'/>
  <node id='-2427' version='0' action='modify' visible='true' lat='59.5285185' lon='10.2406356'/>
  <node id='-2428' version='0' action='modify' visible='true' lat='59.5287477' lon='10.2405210'/>
  <node id='-2429' version='0' action='modify' visible='true' lat='59.5288680' lon='10.2404908'/>
  <node id='-2430' version='0' action='modify' visible='true' lat='59.5290247' lon='10.2404326'/>
  <node id='-2431' version='0' action='modify' visible='true' lat='59.5292162' lon='10.2403084'/>
  <node id='-2432' version='0' action='modify' visible='true' lat='59.5293715' lon='10.2401885'/>
  <node id='-2433' version='0' action='modify' visible='true' lat='59.5294883' lon='10.2400589'/>
  <node id='-2434' version='0' action='modify' visible='true' lat='59.5297769' lon='10.2398379'/>
  <node id='-2435' version='0' action='modify' visible='true' lat='59.5300467' lon='10.2397320'/>
  <node id='-2436' version='0' action='modify' visible='true' lat='59.5300977' lon='10.2396978'/>
  <node id='-2437' version='0' action='modify' visible='true' lat='59.5302472' lon='10.2395386'/>
  <node id='-2438' version='0' action='modify' visible='true' lat='59.5302982' lon='10.2393800'/>
  <node id='-2439' version='0' action='modify' visible='true' lat='59.5304342' lon='10.2391865'/>
  <node id='-2440' version='0' action='modify' visible='true' lat='59.5307063' lon='10.2388754'/>
  <node id='-2441' version='0' action='modify' visible='true' lat='59.5309524' lon='10.2384865'/>
  <node id='-2442' version='0' action='modify' visible='true' lat='59.5310979' lon='10.2382451'/>
  <node id='-2443' version='0' action='modify' visible='true' lat='59.5312095' lon='10.2379956'/>
  <node id='-2444' version='0' action='modify' visible='true' lat='59.5313605' lon='10.2377006'/>
  <node id='-2445' version='0' action='modify' visible='true' lat='59.5315413' lon='10.2373734'/>
  <node id='-2446' version='0' action='modify' visible='true' lat='59.5315749' lon='10.2373203'/>
  <node id='-2447' version='0' action='modify' visible='true' lat='59.5316855' lon='10.2371454'/>
  <node id='-2448' version='0' action='modify' visible='true' lat='59.5318379' lon='10.2368932'/>
  <node id='-2449' version='0' action='modify' visible='true' lat='59.5319582' lon='10.2366740'/>
  <node id='-2450' version='0' action='modify' visible='true' lat='59.5320051' lon='10.2366103'/>
  <node id='-2451' version='0' action='modify' visible='true' lat='59.5321778' lon='10.2363434'/>
  <node id='-2452' version='0' action='modify' visible='true' lat='59.5322388' lon='10.2361466'/>
  <node id='-2453' version='0' action='modify' visible='true' lat='59.5323492' lon='10.2356675'/>
  <node id='-2454' version='0' action='modify' visible='true' lat='59.5323982' lon='10.2353671'/>
  <node id='-2455' version='0' action='modify' visible='true' lat='59.5326158' lon='10.2352276'/>
  <node id='-2456' version='0' action='modify' visible='true' lat='59.5327572' lon='10.2349701'/>
  <node id='-2457' version='0' action='modify' visible='true' lat='59.5329857' lon='10.2347770'/>
  <node id='-2458' version='0' action='modify' visible='true' lat='59.5331448' lon='10.2341878'/>
  <node id='-2459' version='0' action='modify' visible='true' lat='59.5331688' lon='10.2340516'/>
  <node id='-2460' version='0' action='modify' visible='true' lat='59.5332142' lon='10.2339991'/>
  <node id='-2461' version='0' action='modify' visible='true' lat='59.5333610' lon='10.2338436'/>
  <node id='-2462' version='0' action='modify' visible='true' lat='59.5336358' lon='10.2336612'/>
  <node id='-2463' version='0' action='modify' visible='true' lat='59.5337201' lon='10.2334090'/>
  <node id='-2464' version='0' action='modify' visible='true' lat='59.5337098' lon='10.2331248'/>
  <node id='-2465' version='0' action='modify' visible='true' lat='59.5337700' lon='10.2330090'/>
  <node id='-2466' version='0' action='modify' visible='true' lat='59.5337810' lon='10.2329790'/>
  <node id='-2467' version='0' action='modify' visible='true' lat='59.5338230' lon='10.2328460'/>
  <node id='-2468' version='0' action='modify' visible='true' lat='59.5338490' lon='10.2327240'/>
  <node id='-2469' version='0' action='modify' visible='true' lat='59.5338760' lon='10.2326160'/>
  <node id='-2470' version='0' action='modify' visible='true' lat='59.5339150' lon='10.2325230'/>
  <node id='-2471' version='0' action='modify' visible='true' lat='59.5339710' lon='10.2324370'/>
  <node id='-2472' version='0' action='modify' visible='true' lat='59.5340440' lon='10.2323380'/>
  <node id='-2473' version='0' action='modify' visible='true' lat='59.5341080' lon='10.2321940'/>
  <node id='-2474' version='0' action='modify' visible='true' lat='59.5341360' lon='10.2321520'/>
  <node id='-2475' version='0' action='modify' visible='true' lat='59.5343520' lon='10.2317260'/>
  <node id='-2476' version='0' action='modify' visible='true' lat='59.5344270' lon='10.2315960'/>
  <node id='-2477' version='0' action='modify' visible='true' lat='59.5344590' lon='10.2315660'/>
  <node id='-2478' version='0' action='modify' visible='true' lat='59.5344920' lon='10.2315490'/>
  <node id='-2479' version='0' action='modify' visible='true' lat='59.5346670' lon='10.2315270'/>
  <node id='-2480' version='0' action='modify' visible='true' lat='59.5347380' lon='10.2315040'/>
  <node id='-2481' version='0' action='modify' visible='true' lat='59.5347780' lon='10.2314790'/>
  <node id='-2482' version='0' action='modify' visible='true' lat='59.5348060' lon='10.2314520'/>
  <node id='-2483' version='0' action='modify' visible='true' lat='59.5348620' lon='10.2313750'/>
  <node id='-2484' version='0' action='modify' visible='true' lat='59.5349010' lon='10.2313040'/>
  <node id='-2485' version='0' action='modify' visible='true' lat='59.5349280' lon='10.2312360'/>
  <node id='-2486' version='0' action='modify' visible='true' lat='59.5349600' lon='10.2311930'/>
  <node id='-2487' version='0' action='modify' visible='true' lat='59.5349800' lon='10.2311780'/>
  <node id='-2488' version='0' action='modify' visible='true' lat='59.5350410' lon='10.2311580'/>
  <node id='-2489' version='0' action='modify' visible='true' lat='59.5351130' lon='10.2311470'/>
  <node id='-2490' version='0' action='modify' visible='true' lat='59.5351740' lon='10.2311590'/>
  <node id='-2491' version='0' action='modify' visible='true' lat='59.5352010' lon='10.2311580'/>
  <node id='-2492' version='0' action='modify' visible='true' lat='59.5353060' lon='10.2311730'/>
  <node id='-2493' version='0' action='modify' visible='true' lat='59.5353450' lon='10.2311700'/>
  <node id='-2494' version='0' action='modify' visible='true' lat='59.5353990' lon='10.2311530'/>
  <node id='-2495' version='0' action='modify' visible='true' lat='59.5354410' lon='10.2311250'/>
  <node id='-2496' version='0' action='modify' visible='true' lat='59.5354790' lon='10.2310900'/>
  <node id='-2497' version='0' action='modify' visible='true' lat='59.5355060' lon='10.2310550'/>
  <node id='-2498' version='0' action='modify' visible='true' lat='59.5355330' lon='10.2310080'/>
  <node id='-2499' version='0' action='modify' visible='true' lat='59.5356060' lon='10.2308390'/>
  <node id='-2500' version='0' action='modify' visible='true' lat='59.5357290' lon='10.2306450'/>
  <node id='-2501' version='0' action='modify' visible='true' lat='59.5357910' lon='10.2305000'/>
  <node id='-2502' version='0' action='modify' visible='true' lat='59.5358310' lon='10.2304190'/>
  <node id='-2503' version='0' action='modify' visible='true' lat='59.5358820' lon='10.2303370'/>
  <node id='-2504' version='0' action='modify' visible='true' lat='59.5359890' lon='10.2302340'/>
  <node id='-2505' version='0' action='modify' visible='true' lat='59.5360790' lon='10.2301670'/>
  <node id='-2506' version='0' action='modify' visible='true' lat='59.5361160' lon='10.2301560'/>
  <node id='-2507' version='0' action='modify' visible='true' lat='59.5362020' lon='10.2301510'/>
  <node id='-2508' version='0' action='modify' visible='true' lat='59.5363270' lon='10.2301100'/>
  <node id='-2509' version='0' action='modify' visible='true' lat='59.5364210' lon='10.2300690'/>
  <node id='-2510' version='0' action='modify' visible='true' lat='59.5364940' lon='10.2300090'/>
  <node id='-2511' version='0' action='modify' visible='true' lat='59.5365130' lon='10.2299830'/>
  <node id='-2512' version='0' action='modify' visible='true' lat='59.5365320' lon='10.2299330'/>
  <node id='-2513' version='0' action='modify' visible='true' lat='59.5365400' lon='10.2298940'/>
  <node id='-2514' version='0' action='modify' visible='true' lat='59.5365440' lon='10.2298480'/>
  <node id='-2515' version='0' action='modify' visible='true' lat='59.5365420' lon='10.2297600'/>
  <node id='-2516' version='0' action='modify' visible='true' lat='59.5365320' lon='10.2296650'/>
  <node id='-2517' version='0' action='modify' visible='true' lat='59.5365190' lon='10.2295830'/>
  <node id='-2518' version='0' action='modify' visible='true' lat='59.5365120' lon='10.2295550'/>
  <node id='-2519' version='0' action='modify' visible='true' lat='59.5365010' lon='10.2295230'/>
  <node id='-2520' version='0' action='modify' visible='true' lat='59.5364730' lon='10.2294690'/>
  <node id='-2521' version='0' action='modify' visible='true' lat='59.5364520' lon='10.2294400'/>
  <node id='-2522' version='0' action='modify' visible='true' lat='59.5363510' lon='10.2293350'/>
  <node id='-2523' version='0' action='modify' visible='true' lat='59.5363160' lon='10.2293050'/>
  <node id='-2524' version='0' action='modify' visible='true' lat='59.5361560' lon='10.2291320'/>
  <node id='-2525' version='0' action='modify' visible='true' lat='59.5361300' lon='10.2290950'/>
  <node id='-2526' version='0' action='modify' visible='true' lat='59.5361120' lon='10.2290620'/>
  <node id='-2527' version='0' action='modify' visible='true' lat='59.5360590' lon='10.2289470'/>
  <node id='-2528' version='0' action='modify' visible='true' lat='59.5360290' lon='10.2288910'/>
  <node id='-2529' version='0' action='modify' visible='true' lat='59.5359310' lon='10.2288480'/>
  <node id='-2530' version='0' action='modify' visible='true' lat='59.5358860' lon='10.2288150'/>
  <node id='-2531' version='0' action='modify' visible='true' lat='59.5358740' lon='10.2287990'/>
  <node id='-2532' version='0' action='modify' visible='true' lat='59.5358480' lon='10.2287880'/>
  <node id='-2533' version='0' action='modify' visible='true' lat='59.5358040' lon='10.2287520'/>
  <node id='-2534' version='0' action='modify' visible='true' lat='59.5357860' lon='10.2287360'/>
  <node id='-2535' version='0' action='modify' visible='true' lat='59.5357690' lon='10.2287070'/>
  <node id='-2536' version='0' action='modify' visible='true' lat='59.5357510' lon='10.2286530'/>
  <node id='-2537' version='0' action='modify' visible='true' lat='59.5357460' lon='10.2285730'/>
  <node id='-2538' version='0' action='modify' visible='true' lat='59.5357570' lon='10.2284120'/>
  <node id='-2539' version='0' action='modify' visible='true' lat='59.5357730' lon='10.2282410'/>
  <node id='-2540' version='0' action='modify' visible='true' lat='59.5357750' lon='10.2282010'/>
  <node id='-2541' version='0' action='modify' visible='true' lat='59.5357730' lon='10.2281630'/>
  <node id='-2542' version='0' action='modify' visible='true' lat='59.5357590' lon='10.2280910'/>
  <node id='-2543' version='0' action='modify' visible='true' lat='59.5357480' lon='10.2280520'/>
  <node id='-2544' version='0' action='modify' visible='true' lat='59.5356980' lon='10.2279020'/>
  <node id='-2545' version='0' action='modify' visible='true' lat='59.5356670' lon='10.2278250'/>
  <node id='-2546' version='0' action='modify' visible='true' lat='59.5356440' lon='10.2277900'/>
  <node id='-2547' version='0' action='modify' visible='true' lat='59.5356130' lon='10.2277700'/>
  <node id='-2548' version='0' action='modify' visible='true' lat='59.5355960' lon='10.2277700'/>
  <node id='-2549' version='0' action='modify' visible='true' lat='59.5355760' lon='10.2277790'/>
  <node id='-2550' version='0' action='modify' visible='true' lat='59.5355370' lon='10.2278080'/>
  <node id='-2551' version='0' action='modify' visible='true' lat='59.5354830' lon='10.2278660'/>
  <node id='-2552' version='0' action='modify' visible='true' lat='59.5353960' lon='10.2279440'/>
  <node id='-2553' version='0' action='modify' visible='true' lat='59.5352370' lon='10.2280500'/>
  <node id='-2554' version='0' action='modify' visible='true' lat='59.5352120' lon='10.2280620'/>
  <node id='-2555' version='0' action='modify' visible='true' lat='59.5351270' lon='10.2280830'/>
  <node id='-2556' version='0' action='modify' visible='true' lat='59.5350730' lon='10.2281110'/>
  <node id='-2557' version='0' action='modify' visible='true' lat='59.5350280' lon='10.2281060'/>
  <node id='-2558' version='0' action='modify' visible='true' lat='59.5349470' lon='10.2280400'/>
  <node id='-2559' version='0' action='modify' visible='true' lat='59.5348970' lon='10.2280310'/>
  <node id='-2560' version='0' action='modify' visible='true' lat='59.5347950' lon='10.2279870'/>
  <node id='-2561' version='0' action='modify' visible='true' lat='59.5347010' lon='10.2279250'/>
  <node id='-2562' version='0' action='modify' visible='true' lat='59.5345720' lon='10.2278560'/>
  <node id='-2563' version='0' action='modify' visible='true' lat='59.5343570' lon='10.2277200'/>
  <node id='-2564' version='0' action='modify' visible='true' lat='59.5342472' lon='10.2276651'/>
  <node id='-2565' version='0' action='modify' visible='true' lat='59.5341710' lon='10.2276270'/>
  <node id='-2566' version='0' action='modify' visible='true' lat='59.5341290' lon='10.2275980'/>
  <node id='-2567' version='0' action='modify' visible='true' lat='59.5340810' lon='10.2275860'/>
  <node id='-2568' version='0' action='modify' visible='true' lat='59.5339770' lon='10.2275740'/>
  <node id='-2569' version='0' action='modify' visible='true' lat='59.5339160' lon='10.2275570'/>
  <node id='-2570' version='0' action='modify' visible='true' lat='59.5338710' lon='10.2275740'/>
  <node id='-2571' version='0' action='modify' visible='true' lat='59.5338350' lon='10.2275800'/>
  <node id='-2572' version='0' action='modify' visible='true' lat='59.5338120' lon='10.2275730'/>
  <node id='-2573' version='0' action='modify' visible='true' lat='59.5337690' lon='10.2275340'/>
  <node id='-2574' version='0' action='modify' visible='true' lat='59.5337530' lon='10.2275090'/>
  <node id='-2575' version='0' action='modify' visible='true' lat='59.5337040' lon='10.2273970'/>
  <node id='-2576' version='0' action='modify' visible='true' lat='59.5336790' lon='10.2273260'/>
  <node id='-2577' version='0' action='modify' visible='true' lat='59.5336440' lon='10.2271830'/>
  <node id='-2578' version='0' action='modify' visible='true' lat='59.5336260' lon='10.2270740'/>
  <node id='-2579' version='0' action='modify' visible='true' lat='59.5336250' lon='10.2270410'/>
  <node id='-2580' version='0' action='modify' visible='true' lat='59.5336430' lon='10.2269490'/>
  <node id='-2581' version='0' action='modify' visible='true' lat='59.5336924' lon='10.2267507'/>
  <node id='-2582' version='0' action='modify' visible='true' lat='59.5337217' lon='10.2266079'/>
  <node id='-2583' version='0' action='modify' visible='true' lat='59.5337465' lon='10.2265002'/>
  <node id='-2584' version='0' action='modify' visible='true' lat='59.5337319' lon='10.2263430'/>
  <node id='-2585' version='0' action='modify' visible='true' lat='59.5337559' lon='10.2261136'/>
  <node id='-2586' version='0' action='modify' visible='true' lat='59.5338067' lon='10.2259433'/>
  <node id='-2587' version='0' action='modify' visible='true' lat='59.5339340' lon='10.2258442'/>
  <node id='-2588' version='0' action='modify' visible='true' lat='59.5340923' lon='10.2255920'/>
  <node id='-2589' version='0' action='modify' visible='true' lat='59.5341817' lon='10.2253792'/>
  <node id='-2590' version='0' action='modify' visible='true' lat='59.5344880' lon='10.2247305'/>
  <node id='-2591' version='0' action='modify' visible='true' lat='59.5346445' lon='10.2245351'/>
  <node id='-2592' version='0' action='modify' visible='true' lat='59.5349196' lon='10.2241456'/>
  <node id='-2593' version='0' action='modify' visible='true' lat='59.5349939' lon='10.2239934'/>
  <node id='-2594' version='0' action='modify' visible='true' lat='59.5350212' lon='10.2238840'/>
  <node id='-2595' version='0' action='modify' visible='true' lat='59.5350088' lon='10.2237466'/>
  <node id='-2596' version='0' action='modify' visible='true' lat='59.5349660' lon='10.2236691'/>
  <node id='-2597' version='0' action='modify' visible='true' lat='59.5348484' lon='10.2235723'/>
  <node id='-2598' version='0' action='modify' visible='true' lat='59.5347220' lon='10.2235852'/>
  <node id='-2599' version='0' action='modify' visible='true' lat='59.5345791' lon='10.2236018'/>
  <node id='-2600' version='0' action='modify' visible='true' lat='59.5345002' lon='10.2235159'/>
  <node id='-2601' version='0' action='modify' visible='true' lat='59.5344838' lon='10.2233949'/>
  <node id='-2602' version='0' action='modify' visible='true' lat='59.5345247' lon='10.2231753'/>
  <node id='-2603' version='0' action='modify' visible='true' lat='59.5346163' lon='10.2230188'/>
  <node id='-2604' version='0' action='modify' visible='true' lat='59.5348279' lon='10.2226571'/>
  <node id='-2605' version='0' action='modify' visible='true' lat='59.5349205' lon='10.2224699'/>
  <node id='-2606' version='0' action='modify' visible='true' lat='59.5349736' lon='10.2222894'/>
  <node id='-2607' version='0' action='modify' visible='true' lat='59.5350190' lon='10.2220334'/>
  <node id='-2608' version='0' action='modify' visible='true' lat='59.5350972' lon='10.2218074'/>
  <node id='-2609' version='0' action='modify' visible='true' lat='59.5352060' lon='10.2215525'/>
  <node id='-2610' version='0' action='modify' visible='true' lat='59.5354345' lon='10.2210510'/>
  <node id='-2611' version='0' action='modify' visible='true' lat='59.5356004' lon='10.2207398'/>
  <node id='-2612' version='0' action='modify' visible='true' lat='59.5357581' lon='10.2205092'/>
  <node id='-2613' version='0' action='modify' visible='true' lat='59.5358941' lon='10.2201766'/>
  <node id='-2614' version='0' action='modify' visible='true' lat='59.5359812' lon='10.2198145'/>
  <node id='-2615' version='0' action='modify' visible='true' lat='59.5359784' lon='10.2196375'/>
  <node id='-2616' version='0' action='modify' visible='true' lat='59.5359621' lon='10.2192458'/>
  <node id='-2617' version='0' action='modify' visible='true' lat='59.5359580' lon='10.2190340'/>
  <node id='-2618' version='0' action='modify' visible='true' lat='59.5360424' lon='10.2186584'/>
  <node id='-2619' version='0' action='modify' visible='true' lat='59.5361008' lon='10.2183875'/>
  <node id='-2620' version='0' action='modify' visible='true' lat='59.5362232' lon='10.2180952'/>
  <node id='-2621' version='0' action='modify' visible='true' lat='59.5363279' lon='10.2178323'/>
  <node id='-2622' version='0' action='modify' visible='true' lat='59.5364394' lon='10.2177197'/>
  <node id='-2623' version='0' action='modify' visible='true' lat='59.5366162' lon='10.2175829'/>
  <node id='-2624' version='0' action='modify' visible='true' lat='59.5367835' lon='10.2174729'/>
  <node id='-2625' version='0' action='modify' visible='true' lat='59.5368882' lon='10.2174515'/>
  <node id='-2626' version='0' action='modify' visible='true' lat='59.5369983' lon='10.2174756'/>
  <node id='-2627' version='0' action='modify' visible='true' lat='59.5370854' lon='10.2174970'/>
  <node id='-2628' version='0' action='modify' visible='true' lat='59.5371520' lon='10.2174407'/>
  <node id='-2629' version='0' action='modify' visible='true' lat='59.5372146' lon='10.2173441'/>
  <node id='-2630' version='0' action='modify' visible='true' lat='59.5373138' lon='10.2172127'/>
  <node id='-2631' version='0' action='modify' visible='true' lat='59.5373845' lon='10.2171215'/>
  <node id='-2632' version='0' action='modify' visible='true' lat='59.5373998' lon='10.2170645'/>
  <node id='-2633' version='0' action='modify' visible='true' lat='59.5373981' lon='10.2169955'/>
  <node id='-2634' version='0' action='modify' visible='true' lat='59.5373628' lon='10.2169043'/>
  <node id='-2635' version='0' action='modify' visible='true' lat='59.5373002' lon='10.2168345'/>
  <node id='-2636' version='0' action='modify' visible='true' lat='59.5372383' lon='10.2167004'/>
  <node id='-2637' version='0' action='modify' visible='true' lat='59.5372112' lon='10.2165261'/>
  <node id='-2638' version='0' action='modify' visible='true' lat='59.5372730' lon='10.2164805'/>
  <node id='-2639' version='0' action='modify' visible='true' lat='59.5374192' lon='10.2164067'/>
  <node id='-2640' version='0' action='modify' visible='true' lat='59.5375572' lon='10.2163692'/>
  <node id='-2641' version='0' action='modify' visible='true' lat='59.5377360' lon='10.2163303'/>
  <node id='-2642' version='0' action='modify' visible='true' lat='59.5378441' lon='10.2162726'/>
  <node id='-2643' version='0' action='modify' visible='true' lat='59.5380590' lon='10.2161291'/>
  <node id='-2644' version='0' action='modify' visible='true' lat='59.5381916' lon='10.2160500'/>
  <node id='-2645' version='0' action='modify' visible='true' lat='59.5382793' lon='10.2159226'/>
  <node id='-2646' version='0' action='modify' visible='true' lat='59.5384533' lon='10.2157214'/>
  <node id='-2647' version='0' action='modify' visible='true' lat='59.5386267' lon='10.2155712'/>
  <node id='-2648' version='0' action='modify' visible='true' lat='59.5387062' lon='10.2155015'/>
  <node id='-2649' version='0' action='modify' visible='true' lat='59.5387307' lon='10.2154478'/>
  <node id='-2650' version='0' action='modify' visible='true' lat='59.5387837' lon='10.2150750'/>
  <node id='-2651' version='0' action='modify' visible='true' lat='59.5388613' lon='10.2147934'/>
  <node id='-2652' version='0' action='modify' visible='true' lat='59.5389415' lon='10.2144930'/>
  <node id='-2653' version='0' action='modify' visible='true' lat='59.5390951' lon='10.2140424'/>
  <node id='-2654' version='0' action='modify' visible='true' lat='59.5391590' lon='10.2137795'/>
  <node id='-2655' version='0' action='modify' visible='true' lat='59.5391740' lon='10.2136293'/>
  <node id='-2656' version='0' action='modify' visible='true' lat='59.5392311' lon='10.2134523'/>
  <node id='-2657' version='0' action='modify' visible='true' lat='59.5393725' lon='10.2132887'/>
  <node id='-2658' version='0' action='modify' visible='true' lat='59.5396146' lon='10.2131250'/>
  <node id='-2659' version='0' action='modify' visible='true' lat='59.5397641' lon='10.2129775'/>
  <node id='-2660' version='0' action='modify' visible='true' lat='59.5399844' lon='10.2127629'/>
  <node id='-2661' version='0' action='modify' visible='true' lat='59.5400306' lon='10.2126047'/>
  <node id='-2662' version='0' action='modify' visible='true' lat='59.5400469' lon='10.2124411'/>
  <node id='-2663' version='0' action='modify' visible='true' lat='59.5400320' lon='10.2122399'/>
  <node id='-2664' version='0' action='modify' visible='true' lat='59.5399790' lon='10.2119797'/>
  <node id='-2665' version='0' action='modify' visible='true' lat='59.5399740' lon='10.2117897'/>
  <node id='-2666' version='0' action='modify' visible='true' lat='59.5400097' lon='10.2115997'/>
  <node id='-2667' version='0' action='modify' visible='true' lat='59.5401177' lon='10.2112196'/>
  <node id='-2668' version='0' action='modify' visible='true' lat='59.5401994' lon='10.2111733'/>
  <node id='-2669' version='0' action='modify' visible='true' lat='59.5403275' lon='10.2111597'/>
  <node id='-2670' version='0' action='modify' visible='true' lat='59.5403135' lon='10.2116653'/>
  <node id='-2671' version='0' action='modify' visible='true' lat='59.5403497' lon='10.2118487'/>
  <node id='-2672' version='0' action='modify' visible='true' lat='59.5403964' lon='10.2118966'/>
  <node id='-2673' version='0' action='modify' visible='true' lat='59.5404956' lon='10.2120039'/>
  <node id='-2674' version='0' action='modify' visible='true' lat='59.5406153' lon='10.2120790'/>
  <node id='-2675' version='0' action='modify' visible='true' lat='59.5407241' lon='10.2120897'/>
  <node id='-2676' version='0' action='modify' visible='true' lat='59.5408492' lon='10.2121729'/>
  <node id='-2677' version='0' action='modify' visible='true' lat='59.5409987' lon='10.2122694'/>
  <node id='-2678' version='0' action='modify' visible='true' lat='59.5410817' lon='10.2122453'/>
  <node id='-2679' version='0' action='modify' visible='true' lat='59.5412856' lon='10.2122131'/>
  <node id='-2680' version='0' action='modify' visible='true' lat='59.5413821' lon='10.2121917'/>
  <node id='-2681' version='0' action='modify' visible='true' lat='59.5415032' lon='10.2120575'/>
  <node id='-2682' version='0' action='modify' visible='true' lat='59.5416296' lon='10.2120173'/>
  <node id='-2683' version='0' action='modify' visible='true' lat='59.5417125' lon='10.2120361'/>
  <node id='-2684' version='0' action='modify' visible='true' lat='59.5417900' lon='10.2121460'/>
  <node id='-2685' version='0' action='modify' visible='true' lat='59.5419043' lon='10.2122962'/>
  <node id='-2686' version='0' action='modify' visible='true' lat='59.5420116' lon='10.2125082'/>
  <node id='-2687' version='0' action='modify' visible='true' lat='59.5420905' lon='10.2126020'/>
  <node id='-2688' version='0' action='modify' visible='true' lat='59.5421599' lon='10.2127039'/>
  <node id='-2689' version='0' action='modify' visible='true' lat='59.5422728' lon='10.2127978'/>
  <node id='-2690' version='0' action='modify' visible='true' lat='59.5424019' lon='10.2128568'/>
  <node id='-2691' version='0' action='modify' visible='true' lat='59.5424597' lon='10.2128694'/>
  <node id='-2692' version='0' action='modify' visible='true' lat='59.5426235' lon='10.2129051'/>
  <node id='-2693' version='0' action='modify' visible='true' lat='59.5428478' lon='10.2128756'/>
  <node id='-2694' version='0' action='modify' visible='true' lat='59.5429376' lon='10.2128997'/>
  <node id='-2695' version='0' action='modify' visible='true' lat='59.5430409' lon='10.2128461'/>
  <node id='-2696' version='0' action='modify' visible='true' lat='59.5430895' lon='10.2128439'/>
  <node id='-2697' version='0' action='modify' visible='true' lat='59.5432163' lon='10.2128381'/>
  <node id='-2698' version='0' action='modify' visible='true' lat='59.5432666' lon='10.2128863'/>
  <node id='-2699' version='0' action='modify' visible='true' lat='59.5433332' lon='10.2130124'/>
  <node id='-2700' version='0' action='modify' visible='true' lat='59.5433550' lon='10.2131358'/>
  <node id='-2701' version='0' action='modify' visible='true' lat='59.5434583' lon='10.2132806'/>
  <node id='-2702' version='0' action='modify' visible='true' lat='59.5435915' lon='10.2134389'/>
  <node id='-2703' version='0' action='modify' visible='true' lat='59.5437275' lon='10.2135032'/>
  <node id='-2704' version='0' action='modify' visible='true' lat='59.5437941' lon='10.2135542'/>
  <node id='-2705' version='0' action='modify' visible='true' lat='59.5438838' lon='10.2135676'/>
  <node id='-2706' version='0' action='modify' visible='true' lat='59.5439668' lon='10.2135998'/>
  <node id='-2707' version='0' action='modify' visible='true' lat='59.5440388' lon='10.2135971'/>
  <node id='-2708' version='0' action='modify' visible='true' lat='59.5441081' lon='10.2135462'/>
  <node id='-2709' version='0' action='modify' visible='true' lat='59.5442591' lon='10.2134228'/>
  <node id='-2710' version='0' action='modify' visible='true' lat='59.5443705' lon='10.2133799'/>
  <node id='-2711' version='0' action='modify' visible='true' lat='59.5445038' lon='10.2133637'/>
  <node id='-2712' version='0' action='modify' visible='true' lat='59.5446302' lon='10.2133933'/>
  <node id='-2713' version='0' action='modify' visible='true' lat='59.5447852' lon='10.2134925'/>
  <node id='-2714' version='0' action='modify' visible='true' lat='59.5448953' lon='10.2135435'/>
  <node id='-2715' version='0' action='modify' visible='true' lat='59.5449823' lon='10.2135301'/>
  <node id='-2716' version='0' action='modify' visible='true' lat='59.5450612' lon='10.2134711'/>
  <node id='-2717' version='0' action='modify' visible='true' lat='59.5452162' lon='10.2133369'/>
  <node id='-2718' version='0' action='modify' visible='true' lat='59.5452936' lon='10.2133128'/>
  <node id='-2719' version='0' action='modify' visible='true' lat='59.5455016' lon='10.2133048'/>
  <node id='-2720' version='0' action='modify' visible='true' lat='59.5456621' lon='10.2133369'/>
  <node id='-2721' version='0' action='modify' visible='true' lat='59.5458320' lon='10.2133101'/>
  <node id='-2722' version='0' action='modify' visible='true' lat='59.5459435' lon='10.2132699'/>
  <node id='-2723' version='0' action='modify' visible='true' lat='59.5460753' lon='10.2132270'/>
  <node id='-2724' version='0' action='modify' visible='true' lat='59.5461923' lon='10.2131599'/>
  <node id='-2725' version='0' action='modify' visible='true' lat='59.5462439' lon='10.2131090'/>
  <node id='-2726' version='0' action='modify' visible='true' lat='59.5462888' lon='10.2130955'/>
  <node id='-2727' version='0' action='modify' visible='true' lat='59.5464139' lon='10.2131170'/>
  <node id='-2728' version='0' action='modify' visible='true' lat='59.5466463' lon='10.2131652'/>
  <node id='-2729' version='0' action='modify' visible='true' lat='59.5468258' lon='10.2132994'/>
  <node id='-2730' version='0' action='modify' visible='true' lat='59.5469468' lon='10.2134120'/>
  <node id='-2731' version='0' action='modify' visible='true' lat='59.5470059' lon='10.2135086'/>
  <node id='-2732' version='0' action='modify' visible='true' lat='59.5470399' lon='10.2135167'/>
  <node id='-2733' version='0' action='modify' visible='true' lat='59.5471153' lon='10.2134832'/>
  <node id='-2734' version='0' action='modify' visible='true' lat='59.5472050' lon='10.2135140'/>
  <node id='-2735' version='0' action='modify' visible='true' lat='59.5475014' lon='10.2136829'/>
  <node id='-2736' version='0' action='modify' visible='true' lat='59.5476564' lon='10.2137178'/>
  <node id='-2737' version='0' action='modify' visible='true' lat='59.5476856' lon='10.2136761'/>
  <node id='-2738' version='0' action='modify' visible='true' lat='59.5478780' lon='10.2139060'/>
  <node id='-2739' version='0' action='modify' visible='true' lat='59.5480300' lon='10.2141110'/>
  <node id='-2740' version='0' action='modify' visible='true' lat='59.5482126' lon='10.2143745'/>
  <node id='-2741' version='0' action='modify' visible='true' lat='59.5483380' lon='10.2145080'/>
  <node id='-2742' version='0' action='modify' visible='true' lat='59.5484510' lon='10.2146290'/>
  <node id='-2743' version='0' action='modify' visible='true' lat='59.5486408' lon='10.2148828'/>
  <node id='-2744' version='0' action='modify' visible='true' lat='59.5489440' lon='10.2152700'/>
  <node id='-2745' version='0' action='modify' visible='true' lat='59.5490870' lon='10.2154650'/>
  <node id='-2746' version='0' action='modify' visible='true' lat='59.5491370' lon='10.2155270'/>
  <node id='-2747' version='0' action='modify' visible='true' lat='59.5491680' lon='10.2155540'/>
  <node id='-2748' version='0' action='modify' visible='true' lat='59.5492270' lon='10.2155810'/>
  <node id='-2749' version='0' action='modify' visible='true' lat='59.5493370' lon='10.2156040'/>
  <node id='-2750' version='0' action='modify' visible='true' lat='59.5493900' lon='10.2156240'/>
  <node id='-2751' version='0' action='modify' visible='true' lat='59.5497110' lon='10.2158080'/>
  <node id='-2752' version='0' action='modify' visible='true' lat='59.5498280' lon='10.2158970'/>
  <node id='-2753' version='0' action='modify' visible='true' lat='59.5499980' lon='10.2160620'/>
  <node id='-2754' version='0' action='modify' visible='true' lat='59.5500650' lon='10.2161100'/>
  <node id='-2755' version='0' action='modify' visible='true' lat='59.5500890' lon='10.2161180'/>
  <node id='-2756' version='0' action='modify' visible='true' lat='59.5501890' lon='10.2161220'/>
  <node id='-2757' version='0' action='modify' visible='true' lat='59.5502710' lon='10.2161090'/>
  <node id='-2758' version='0' action='modify' visible='true' lat='59.5503120' lon='10.2161260'/>
  <node id='-2759' version='0' action='modify' visible='true' lat='59.5503640' lon='10.2161590'/>
  <node id='-2760' version='0' action='modify' visible='true' lat='59.5504060' lon='10.2161950'/>
  <node id='-2761' version='0' action='modify' visible='true' lat='59.5506240' lon='10.2163570'/>
  <node id='-2762' version='0' action='modify' visible='true' lat='59.5507380' lon='10.2164530'/>
  <node id='-2763' version='0' action='modify' visible='true' lat='59.5507820' lon='10.2164980'/>
  <node id='-2764' version='0' action='modify' visible='true' lat='59.5508350' lon='10.2165320'/>
  <node id='-2765' version='0' action='modify' visible='true' lat='59.5508760' lon='10.2165440'/>
  <node id='-2766' version='0' action='modify' visible='true' lat='59.5509400' lon='10.2165490'/>
  <node id='-2767' version='0' action='modify' visible='true' lat='59.5511530' lon='10.2164650'/>
  <node id='-2768' version='0' action='modify' visible='true' lat='59.5511930' lon='10.2164610'/>
  <node id='-2769' version='0' action='modify' visible='true' lat='59.5514880' lon='10.2165200'/>
  <node id='-2770' version='0' action='modify' visible='true' lat='59.5515610' lon='10.2165460'/>
  <node id='-2771' version='0' action='modify' visible='true' lat='59.5517690' lon='10.2166370'/>
  <node id='-2772' version='0' action='modify' visible='true' lat='59.5519720' lon='10.2167110'/>
  <node id='-2773' version='0' action='modify' visible='true' lat='59.5521990' lon='10.2167410'/>
  <node id='-2774' version='0' action='modify' visible='true' lat='59.5523660' lon='10.2167460'/>
  <node id='-2775' version='0' action='modify' visible='true' lat='59.5526140' lon='10.2167430'/>
  <node id='-2776' version='0' action='modify' visible='true' lat='59.5530490' lon='10.2168030'/>
  <node id='-2777' version='0' action='modify' visible='true' lat='59.5533618' lon='10.2168317'/>
  <node id='-2778' version='0' action='modify' visible='true' lat='59.5534816' lon='10.2165296'/>
  <node id='-2779' version='0' action='modify' visible='true' lat='59.5535400' lon='10.2163170'/>
  <node id='-2780' version='0' action='modify' visible='true' lat='59.5535640' lon='10.2161180'/>
  <node id='-2781' version='0' action='modify' visible='true' lat='59.5535720' lon='10.2156060'/>
  <node id='-2782' version='0' action='modify' visible='true' lat='59.5536250' lon='10.2153340'/>
  <node id='-2783' version='0' action='modify' visible='true' lat='59.5536740' lon='10.2151890'/>
  <node id='-2784' version='0' action='modify' visible='true' lat='59.5537900' lon='10.2149990'/>
  <node id='-2785' version='0' action='modify' visible='true' lat='59.5539720' lon='10.2148030'/>
  <node id='-2786' version='0' action='modify' visible='true' lat='59.5541860' lon='10.2146360'/>
  <node id='-2787' version='0' action='modify' visible='true' lat='59.5544190' lon='10.2144700'/>
  <node id='-2788' version='0' action='modify' visible='true' lat='59.5546270' lon='10.2142930'/>
  <node id='-2789' version='0' action='modify' visible='true' lat='59.5548410' lon='10.2140450'/>
  <node id='-2790' version='0' action='modify' visible='true' lat='59.5549570' lon='10.2138800'/>
  <node id='-2791' version='0' action='modify' visible='true' lat='59.5552250' lon='10.2133590'/>
  <node id='-2792' version='0' action='modify' visible='true' lat='59.5553960' lon='10.2130040'/>
  <node id='-2793' version='0' action='modify' visible='true' lat='59.5555340' lon='10.2128030'/>
  <node id='-2794' version='0' action='modify' visible='true' lat='59.5556650' lon='10.2126570'/>
  <node id='-2795' version='0' action='modify' visible='true' lat='59.5557290' lon='10.2126040'/>
  <node id='-2796' version='0' action='modify' visible='true' lat='59.5558020' lon='10.2125940'/>
  <node id='-2797' version='0' action='modify' visible='true' lat='59.5559060' lon='10.2126790'/>
  <node id='-2798' version='0' action='modify' visible='true' lat='59.5560150' lon='10.2128570'/>
  <node id='-2799' version='0' action='modify' visible='true' lat='59.5561330' lon='10.2130890'/>
  <node id='-2800' version='0' action='modify' visible='true' lat='59.5562790' lon='10.2133970'/>
  <node id='-2801' version='0' action='modify' visible='true' lat='59.5563770' lon='10.2134670'/>
  <node id='-2802' version='0' action='modify' visible='true' lat='59.5566010' lon='10.2135810'/>
  <node id='-2803' version='0' action='modify' visible='true' lat='59.5567780' lon='10.2135900'/>
  <node id='-2804' version='0' action='modify' visible='true' lat='59.5569120' lon='10.2135510'/>
  <node id='-2805' version='0' action='modify' visible='true' lat='59.5570500' lon='10.2134890'/>
  <node id='-2806' version='0' action='modify' visible='true' lat='59.5571760' lon='10.2134020'/>
  <node id='-2807' version='0' action='modify' visible='true' lat='59.5572720' lon='10.2132680'/>
  <node id='-2808' version='0' action='modify' visible='true' lat='59.5573660' lon='10.2130400'/>
  <node id='-2809' version='0' action='modify' visible='true' lat='59.5574380' lon='10.2128460'/>
  <node id='-2810' version='0' action='modify' visible='true' lat='59.5575510' lon='10.2125940'/>
  <node id='-2811' version='0' action='modify' visible='true' lat='59.5576410' lon='10.2124660'/>
  <node id='-2812' version='0' action='modify' visible='true' lat='59.5577240' lon='10.2124010'/>
  <node id='-2813' version='0' action='modify' visible='true' lat='59.5578540' lon='10.2123150'/>
  <node id='-2814' version='0' action='modify' visible='true' lat='59.5579491' lon='10.2122302'/>
  <node id='-2815' version='0' action='modify' visible='true' lat='59.5580082' lon='10.2121525'/>
  <node id='-2816' version='0' action='modify' visible='true' lat='59.5581140' lon='10.2119470'/>
  <node id='-2817' version='0' action='modify' visible='true' lat='59.5582250' lon='10.2116350'/>
  <node id='-2818' version='0' action='modify' visible='true' lat='59.5583908' lon='10.2113235'/>
  <node id='-2819' version='0' action='modify' visible='true' lat='59.5584500' lon='10.2112600'/>
  <node id='-2820' version='0' action='modify' visible='true' lat='59.5585210' lon='10.2111780'/>
  <node id='-2821' version='0' action='modify' visible='true' lat='59.5586017' lon='10.2111308'/>
  <node id='-2822' version='0' action='modify' visible='true' lat='59.5586698' lon='10.2111427'/>
  <node id='-2823' version='0' action='modify' visible='true' lat='59.5587140' lon='10.2110080'/>
  <node id='-2824' version='0' action='modify' visible='true' lat='59.5590460' lon='10.2104640'/>
  <node id='-2825' version='0' action='modify' visible='true' lat='59.5594870' lon='10.2096940'/>
  <node id='-2826' version='0' action='modify' visible='true' lat='59.5595970' lon='10.2094950'/>
  <node id='-2827' version='0' action='modify' visible='true' lat='59.5597050' lon='10.2093250'/>
  <node id='-2828' version='0' action='modify' visible='true' lat='59.5597580' lon='10.2092510'/>
  <node id='-2829' version='0' action='modify' visible='true' lat='59.5598150' lon='10.2094100'/>
  <node id='-2830' version='0' action='modify' visible='true' lat='59.5598650' lon='10.2095280'/>
  <node id='-2831' version='0' action='modify' visible='true' lat='59.5599200' lon='10.2096190'/>
  <node id='-2832' version='0' action='modify' visible='true' lat='59.5600080' lon='10.2097460'/>
  <node id='-2833' version='0' action='modify' visible='true' lat='59.5600960' lon='10.2098920'/>
  <node id='-2834' version='0' action='modify' visible='true' lat='59.5601800' lon='10.2100720'/>
  <node id='-2835' version='0' action='modify' visible='true' lat='59.5602430' lon='10.2102290'/>
  <node id='-2836' version='0' action='modify' visible='true' lat='59.5602810' lon='10.2103350'/>
  <node id='-2837' version='0' action='modify' visible='true' lat='59.5603290' lon='10.2104800'/>
  <node id='-2838' version='0' action='modify' visible='true' lat='59.5603720' lon='10.2106290'/>
  <node id='-2839' version='0' action='modify' visible='true' lat='59.5604190' lon='10.2107770'/>
  <node id='-2840' version='0' action='modify' visible='true' lat='59.5604520' lon='10.2108530'/>
  <node id='-2841' version='0' action='modify' visible='true' lat='59.5605350' lon='10.2110130'/>
  <node id='-2842' version='0' action='modify' visible='true' lat='59.5605810' lon='10.2111280'/>
  <node id='-2843' version='0' action='modify' visible='true' lat='59.5606190' lon='10.2113030'/>
  <node id='-2844' version='0' action='modify' visible='true' lat='59.5606390' lon='10.2114910'/>
  <node id='-2845' version='0' action='modify' visible='true' lat='59.5606540' lon='10.2117900'/>
  <node id='-2846' version='0' action='modify' visible='true' lat='59.5606740' lon='10.2120840'/>
  <node id='-2847' version='0' action='modify' visible='true' lat='59.5606920' lon='10.2122550'/>
  <node id='-2848' version='0' action='modify' visible='true' lat='59.5607110' lon='10.2124550'/>
  <node id='-2849' version='0' action='modify' visible='true' lat='59.5607370' lon='10.2124430'/>
  <node id='-2850' version='0' action='modify' visible='true' lat='59.5607560' lon='10.2124420'/>
  <node id='-2851' version='0' action='modify' visible='true' lat='59.5608760' lon='10.2124800'/>
  <node id='-2852' version='0' action='modify' visible='true' lat='59.5609670' lon='10.2124850'/>
  <node id='-2853' version='0' action='modify' visible='true' lat='59.5610400' lon='10.2124510'/>
  <node id='-2854' version='0' action='modify' visible='true' lat='59.5611650' lon='10.2123450'/>
  <node id='-2855' version='0' action='modify' visible='true' lat='59.5612280' lon='10.2123020'/>
  <node id='-2856' version='0' action='modify' visible='true' lat='59.5612820' lon='10.2122780'/>
  <node id='-2857' version='0' action='modify' visible='true' lat='59.5613220' lon='10.2122780'/>
  <node id='-2858' version='0' action='modify' visible='true' lat='59.5613730' lon='10.2122970'/>
  <node id='-2859' version='0' action='modify' visible='true' lat='59.5614180' lon='10.2123440'/>
  <node id='-2860' version='0' action='modify' visible='true' lat='59.5614620' lon='10.2124110'/>
  <node id='-2861' version='0' action='modify' visible='true' lat='59.5614970' lon='10.2124890'/>
  <node id='-2862' version='0' action='modify' visible='true' lat='59.5615300' lon='10.2125820'/>
  <node id='-2863' version='0' action='modify' visible='true' lat='59.5615590' lon='10.2126910'/>
  <node id='-2864' version='0' action='modify' visible='true' lat='59.5616040' lon='10.2128990'/>
  <node id='-2865' version='0' action='modify' visible='true' lat='59.5616390' lon='10.2130290'/>
  <node id='-2866' version='0' action='modify' visible='true' lat='59.5616970' lon='10.2131520'/>
  <node id='-2867' version='0' action='modify' visible='true' lat='59.5617330' lon='10.2132100'/>
  <node id='-2868' version='0' action='modify' visible='true' lat='59.5617920' lon='10.2132780'/>
  <node id='-2869' version='0' action='modify' visible='true' lat='59.5618520' lon='10.2133390'/>
  <node id='-2870' version='0' action='modify' visible='true' lat='59.5620490' lon='10.2135130'/>
  <node id='-2871' version='0' action='modify' visible='true' lat='59.5622530' lon='10.2137210'/>
  <node id='-2872' version='0' action='modify' visible='true' lat='59.5622810' lon='10.2137390'/>
  <node id='-2873' version='0' action='modify' visible='true' lat='59.5623880' lon='10.2137710'/>
  <node id='-2874' version='0' action='modify' visible='true' lat='59.5624330' lon='10.2137650'/>
  <node id='-2875' version='0' action='modify' visible='true' lat='59.5624760' lon='10.2137500'/>
  <node id='-2876' version='0' action='modify' visible='true' lat='59.5625130' lon='10.2137220'/>
  <node id='-2877' version='0' action='modify' visible='true' lat='59.5625620' lon='10.2136740'/>
  <node id='-2878' version='0' action='modify' visible='true' lat='59.5626640' lon='10.2135580'/>
  <node id='-2879' version='0' action='modify' visible='true' lat='59.5627080' lon='10.2135290'/>
  <node id='-2880' version='0' action='modify' visible='true' lat='59.5627440' lon='10.2135240'/>
  <node id='-2881' version='0' action='modify' visible='true' lat='59.5628160' lon='10.2135650'/>
  <node id='-2882' version='0' action='modify' visible='true' lat='59.5629880' lon='10.2137440'/>
  <node id='-2883' version='0' action='modify' visible='true' lat='59.5630410' lon='10.2137880'/>
  <node id='-2884' version='0' action='modify' visible='true' lat='59.5631930' lon='10.2138800'/>
  <node id='-2885' version='0' action='modify' visible='true' lat='59.5632820' lon='10.2139240'/>
  <node id='-2886' version='0' action='modify' visible='true' lat='59.5633530' lon='10.2139510'/>
  <node id='-2887' version='0' action='modify' visible='true' lat='59.5634100' lon='10.2139660'/>
  <node id='-2888' version='0' action='modify' visible='true' lat='59.5634520' lon='10.2139670'/>
  <node id='-2889' version='0' action='modify' visible='true' lat='59.5635430' lon='10.2139470'/>
  <node id='-2890' version='0' action='modify' visible='true' lat='59.5636240' lon='10.2139090'/>
  <node id='-2891' version='0' action='modify' visible='true' lat='59.5638880' lon='10.2137640'/>
  <node id='-2892' version='0' action='modify' visible='true' lat='59.5639420' lon='10.2137290'/>
  <node id='-2893' version='0' action='modify' visible='true' lat='59.5639840' lon='10.2136930'/>
  <node id='-2894' version='0' action='modify' visible='true' lat='59.5640430' lon='10.2136320'/>
  <node id='-2895' version='0' action='modify' visible='true' lat='59.5641820' lon='10.2134380'/>
  <node id='-2896' version='0' action='modify' visible='true' lat='59.5643040' lon='10.2132820'/>
  <node id='-2897' version='0' action='modify' visible='true' lat='59.5643700' lon='10.2132080'/>
  <node id='-2898' version='0' action='modify' visible='true' lat='59.5649480' lon='10.2127090'/>
  <node id='-2899' version='0' action='modify' visible='true' lat='59.5650290' lon='10.2126440'/>
  <node id='-2900' version='0' action='modify' visible='true' lat='59.5652870' lon='10.2124760'/>
  <node id='-2901' version='0' action='modify' visible='true' lat='59.5654060' lon='10.2123710'/>
  <node id='-2902' version='0' action='modify' visible='true' lat='59.5654660' lon='10.2123070'/>
  <node id='-2903' version='0' action='modify' visible='true' lat='59.5656390' lon='10.2120790'/>
  <node id='-2904' version='0' action='modify' visible='true' lat='59.5657290' lon='10.2119740'/>
  <node id='-2905' version='0' action='modify' visible='true' lat='59.5657790' lon='10.2119080'/>
  <node id='-2906' version='0' action='modify' visible='true' lat='59.5659580' lon='10.2117070'/>
  <node id='-2907' version='0' action='modify' visible='true' lat='59.5660030' lon='10.2116530'/>
  <node id='-2908' version='0' action='modify' visible='true' lat='59.5660480' lon='10.2115900'/>
  <node id='-2909' version='0' action='modify' visible='true' lat='59.5661410' lon='10.2113800'/>
  <node id='-2910' version='0' action='modify' visible='true' lat='59.5661930' lon='10.2112430'/>
  <node id='-2911' version='0' action='modify' visible='true' lat='59.5662580' lon='10.2110930'/>
  <node id='-2912' version='0' action='modify' visible='true' lat='59.5663050' lon='10.2110190'/>
  <node id='-2913' version='0' action='modify' visible='true' lat='59.5664570' lon='10.2108560'/>
  <node id='-2914' version='0' action='modify' visible='true' lat='59.5665330' lon='10.2107600'/>
  <node id='-2915' version='0' action='modify' visible='true' lat='59.5666420' lon='10.2106010'/>
  <node id='-2916' version='0' action='modify' visible='true' lat='59.5668790' lon='10.2102270'/>
  <node id='-2917' version='0' action='modify' visible='true' lat='59.5669690' lon='10.2101060'/>
  <node id='-2918' version='0' action='modify' visible='true' lat='59.5670740' lon='10.2099740'/>
  <node id='-2919' version='0' action='modify' visible='true' lat='59.5671580' lon='10.2098800'/>
  <node id='-2920' version='0' action='modify' visible='true' lat='59.5674990' lon='10.2095380'/>
  <node id='-2921' version='0' action='modify' visible='true' lat='59.5676900' lon='10.2093290'/>
  <node id='-2922' version='0' action='modify' visible='true' lat='59.5677870' lon='10.2092470'/>
  <node id='-2923' version='0' action='modify' visible='true' lat='59.5678410' lon='10.2092160'/>
  <node id='-2924' version='0' action='modify' visible='true' lat='59.5678910' lon='10.2091960'/>
  <node id='-2925' version='0' action='modify' visible='true' lat='59.5679590' lon='10.2091830'/>
  <node id='-2926' version='0' action='modify' visible='true' lat='59.5680620' lon='10.2091860'/>
  <node id='-2927' version='0' action='modify' visible='true' lat='59.5681000' lon='10.2091910'/>
  <node id='-2928' version='0' action='modify' visible='true' lat='59.5682290' lon='10.2092400'/>
  <node id='-2929' version='0' action='modify' visible='true' lat='59.5684060' lon='10.2093320'/>
  <node id='-2930' version='0' action='modify' visible='true' lat='59.5684580' lon='10.2093510'/>
  <node id='-2931' version='0' action='modify' visible='true' lat='59.5685720' lon='10.2093790'/>
  <node id='-2932' version='0' action='modify' visible='true' lat='59.5686120' lon='10.2093830'/>
  <node id='-2933' version='0' action='modify' visible='true' lat='59.5686560' lon='10.2093760'/>
  <node id='-2934' version='0' action='modify' visible='true' lat='59.5687190' lon='10.2093600'/>
  <node id='-2935' version='0' action='modify' visible='true' lat='59.5688330' lon='10.2093100'/>
  <node id='-2936' version='0' action='modify' visible='true' lat='59.5690920' lon='10.2091620'/>
  <node id='-2937' version='0' action='modify' visible='true' lat='59.5692130' lon='10.2091130'/>
  <node id='-2938' version='0' action='modify' visible='true' lat='59.5693540' lon='10.2090700'/>
  <node id='-2939' version='0' action='modify' visible='true' lat='59.5694160' lon='10.2090410'/>
  <node id='-2940' version='0' action='modify' visible='true' lat='59.5694650' lon='10.2090000'/>
  <node id='-2941' version='0' action='modify' visible='true' lat='59.5694990' lon='10.2089570'/>
  <node id='-2942' version='0' action='modify' visible='true' lat='59.5695320' lon='10.2089060'/>
  <node id='-2943' version='0' action='modify' visible='true' lat='59.5695670' lon='10.2088420'/>
  <node id='-2944' version='0' action='modify' visible='true' lat='59.5696100' lon='10.2087400'/>
  <node id='-2945' version='0' action='modify' visible='true' lat='59.5696280' lon='10.2086880'/>
  <node id='-2946' version='0' action='modify' visible='true' lat='59.5696440' lon='10.2086270'/>
  <node id='-2947' version='0' action='modify' visible='true' lat='59.5696800' lon='10.2084400'/>
  <node id='-2948' version='0' action='modify' visible='true' lat='59.5697250' lon='10.2081440'/>
  <node id='-2949' version='0' action='modify' visible='true' lat='59.5697620' lon='10.2079740'/>
  <node id='-2950' version='0' action='modify' visible='true' lat='59.5697830' lon='10.2078970'/>
  <node id='-2951' version='0' action='modify' visible='true' lat='59.5698430' lon='10.2077000'/>
  <node id='-2952' version='0' action='modify' visible='true' lat='59.5698940' lon='10.2075580'/>
  <node id='-2953' version='0' action='modify' visible='true' lat='59.5699600' lon='10.2074000'/>
  <node id='-2954' version='0' action='modify' visible='true' lat='59.5700260' lon='10.2072580'/>
  <node id='-2955' version='0' action='modify' visible='true' lat='59.5701120' lon='10.2071000'/>
  <node id='-2956' version='0' action='modify' visible='true' lat='59.5701520' lon='10.2070430'/>
  <node id='-2957' version='0' action='modify' visible='true' lat='59.5703110' lon='10.2068710'/>
  <node id='-2958' version='0' action='modify' visible='true' lat='59.5703760' lon='10.2067910'/>
  <node id='-2959' version='0' action='modify' visible='true' lat='59.5705110' lon='10.2065500'/>
  <node id='-2960' version='0' action='modify' visible='true' lat='59.5705440' lon='10.2065080'/>
  <node id='-2961' version='0' action='modify' visible='true' lat='59.5705898' lon='10.2064706'/>
  <node id='-2962' version='0' action='modify' visible='true' lat='59.5707008' lon='10.2064110'/>
  <node id='-2963' version='0' action='modify' visible='true' lat='59.5708400' lon='10.2061900'/>
  <node id='-2964' version='0' action='modify' visible='true' lat='59.5708710' lon='10.2060930'/>
  <node id='-2965' version='0' action='modify' visible='true' lat='59.5708800' lon='10.2060430'/>
  <node id='-2966' version='0' action='modify' visible='true' lat='59.5708850' lon='10.2060000'/>
  <node id='-2967' version='0' action='modify' visible='true' lat='59.5708830' lon='10.2059530'/>
  <node id='-2968' version='0' action='modify' visible='true' lat='59.5708760' lon='10.2058900'/>
  <node id='-2969' version='0' action='modify' visible='true' lat='59.5708400' lon='10.2057170'/>
  <node id='-2970' version='0' action='modify' visible='true' lat='59.5705600' lon='10.2046720'/>
  <node id='-2971' version='0' action='modify' visible='true' lat='59.5704654' lon='10.2042922'/>
  <node id='-2972' version='0' action='modify' visible='true' lat='59.5703860' lon='10.2037290'/>
  <node id='-2973' version='0' action='modify' visible='true' lat='59.5703560' lon='10.2035810'/>
  <node id='-2974' version='0' action='modify' visible='true' lat='59.5701750' lon='10.2028240'/>
  <node id='-2975' version='0' action='modify' visible='true' lat='59.5701210' lon='10.2025650'/>
  <node id='-2976' version='0' action='modify' visible='true' lat='59.5700900' lon='10.2023740'/>
  <node id='-2977' version='0' action='modify' visible='true' lat='59.5700830' lon='10.2022610'/>
  <node id='-2978' version='0' action='modify' visible='true' lat='59.5700880' lon='10.2021510'/>
  <node id='-2979' version='0' action='modify' visible='true' lat='59.5700980' lon='10.2020930'/>
  <node id='-2980' version='0' action='modify' visible='true' lat='59.5701230' lon='10.2019990'/>
  <node id='-2981' version='0' action='modify' visible='true' lat='59.5701440' lon='10.2019480'/>
  <node id='-2982' version='0' action='modify' visible='true' lat='59.5702030' lon='10.2018300'/>
  <node id='-2983' version='0' action='modify' visible='true' lat='59.5702930' lon='10.2016610'/>
  <node id='-2984' version='0' action='modify' visible='true' lat='59.5704750' lon='10.2013340'/>
  <node id='-2985' version='0' action='modify' visible='true' lat='59.5706120' lon='10.2010670'/>
  <node id='-2986' version='0' action='modify' visible='true' lat='59.5707580' lon='10.2007990'/>
  <node id='-2987' version='0' action='modify' visible='true' lat='59.5708010' lon='10.2007120'/>
  <node id='-2988' version='0' action='modify' visible='true' lat='59.5709500' lon='10.2004330'/>
  <node id='-2989' version='0' action='modify' visible='true' lat='59.5710850' lon='10.2001740'/>
  <node id='-2990' version='0' action='modify' visible='true' lat='59.5711620' lon='10.2000180'/>
  <node id='-2991' version='0' action='modify' visible='true' lat='59.5714000' lon='10.1995660'/>
  <node id='-2992' version='0' action='modify' visible='true' lat='59.5715380' lon='10.1993290'/>
  <node id='-2993' version='0' action='modify' visible='true' lat='59.5716580' lon='10.1991670'/>
  <node id='-2994' version='0' action='modify' visible='true' lat='59.5717580' lon='10.1990630'/>
  <node id='-2995' version='0' action='modify' visible='true' lat='59.5718640' lon='10.1989610'/>
  <node id='-2996' version='0' action='modify' visible='true' lat='59.5719480' lon='10.1988610'/>
  <node id='-2997' version='0' action='modify' visible='true' lat='59.5720250' lon='10.1987360'/>
  <node id='-2998' version='0' action='modify' visible='true' lat='59.5721570' lon='10.1984980'/>
  <node id='-2999' version='0' action='modify' visible='true' lat='59.5723480' lon='10.1981290'/>
  <node id='-3000' version='0' action='modify' visible='true' lat='59.5725060' lon='10.1978350'/>
  <node id='-3001' version='0' action='modify' visible='true' lat='59.5726478' lon='10.1975775'/>
  <node id='-3002' version='0' action='modify' visible='true' lat='59.5727780' lon='10.1973410'/>
  <node id='-3003' version='0' action='modify' visible='true' lat='59.5729110' lon='10.1970920'/>
  <node id='-3004' version='0' action='modify' visible='true' lat='59.5730460' lon='10.1968550'/>
  <node id='-3005' version='0' action='modify' visible='true' lat='59.5731123' lon='10.1967332'/>
  <node id='-3006' version='0' action='modify' visible='true' lat='59.5733380' lon='10.1962950'/>
  <node id='-3007' version='0' action='modify' visible='true' lat='59.5735500' lon='10.1958980'/>
  <node id='-3008' version='0' action='modify' visible='true' lat='59.5738170' lon='10.1954050'/>
  <node id='-3009' version='0' action='modify' visible='true' lat='59.5741540' lon='10.1947590'/>
  <node id='-3010' version='0' action='modify' visible='true' lat='59.5742470' lon='10.1946000'/>
  <node id='-3011' version='0' action='modify' visible='true' lat='59.5744000' lon='10.1943160'/>
  <node id='-3012' version='0' action='modify' visible='true' lat='59.5744320' lon='10.1942470'/>
  <node id='-3013' version='0' action='modify' visible='true' lat='59.5744540' lon='10.1941930'/>
  <node id='-3014' version='0' action='modify' visible='true' lat='59.5744890' lon='10.1940820'/>
  <node id='-3015' version='0' action='modify' visible='true' lat='59.5745000' lon='10.1940350'/>
  <node id='-3016' version='0' action='modify' visible='true' lat='59.5745170' lon='10.1939310'/>
  <node id='-3017' version='0' action='modify' visible='true' lat='59.5745310' lon='10.1937400'/>
  <node id='-3018' version='0' action='modify' visible='true' lat='59.5745550' lon='10.1933050'/>
  <node id='-3019' version='0' action='modify' visible='true' lat='59.5745621' lon='10.1931658'/>
  <node id='-3020' version='0' action='modify' visible='true' lat='59.5745679' lon='10.1930748'/>
  <node id='-3021' version='0' action='modify' visible='true' lat='59.5746050' lon='10.1930870'/>
  <node id='-3022' version='0' action='modify' visible='true' lat='59.5746670' lon='10.1930980'/>
  <node id='-3023' version='0' action='modify' visible='true' lat='59.5747370' lon='10.1930950'/>
  <node id='-3024' version='0' action='modify' visible='true' lat='59.5748090' lon='10.1930750'/>
  <node id='-3025' version='0' action='modify' visible='true' lat='59.5748760' lon='10.1930430'/>
  <node id='-3026' version='0' action='modify' visible='true' lat='59.5750500' lon='10.1929130'/>
  <node id='-3027' version='0' action='modify' visible='true' lat='59.5750880' lon='10.1928910'/>
  <node id='-3028' version='0' action='modify' visible='true' lat='59.5751500' lon='10.1928690'/>
  <node id='-3029' version='0' action='modify' visible='true' lat='59.5751992' lon='10.1928597'/>
  <node id='-3030' version='0' action='modify' visible='true' lat='59.5752700' lon='10.1928550'/>
  <node id='-3031' version='0' action='modify' visible='true' lat='59.5752945' lon='10.1928597'/>
  <node id='-3032' version='0' action='modify' visible='true' lat='59.5753960' lon='10.1928840'/>
  <node id='-3033' version='0' action='modify' visible='true' lat='59.5756030' lon='10.1929680'/>
  <node id='-3034' version='0' action='modify' visible='true' lat='59.5759340' lon='10.1931120'/>
  <node id='-3035' version='0' action='modify' visible='true' lat='59.5761270' lon='10.1931760'/>
  <node id='-3036' version='0' action='modify' visible='true' lat='59.5762970' lon='10.1931990'/>
  <node id='-3037' version='0' action='modify' visible='true' lat='59.5765710' lon='10.1932220'/>
  <node id='-3038' version='0' action='modify' visible='true' lat='59.5766660' lon='10.1932460'/>
  <node id='-3039' version='0' action='modify' visible='true' lat='59.5767510' lon='10.1932790'/>
  <node id='-3040' version='0' action='modify' visible='true' lat='59.5768490' lon='10.1933440'/>
  <node id='-3041' version='0' action='modify' visible='true' lat='59.5768879' lon='10.1933761'/>
  <node id='-3042' version='0' action='modify' visible='true' lat='59.5769650' lon='10.1934720'/>
  <node id='-3043' version='0' action='modify' visible='true' lat='59.5770910' lon='10.1936660'/>
  <node id='-3044' version='0' action='modify' visible='true' lat='59.5771350' lon='10.1937420'/>
  <node id='-3045' version='0' action='modify' visible='true' lat='59.5772440' lon='10.1939700'/>
  <node id='-3046' version='0' action='modify' visible='true' lat='59.5773110' lon='10.1941390'/>
  <node id='-3047' version='0' action='modify' visible='true' lat='59.5773198' lon='10.1941633'/>
  <node id='-3048' version='0' action='modify' visible='true' lat='59.5773700' lon='10.1943020'/>
  <node id='-3049' version='0' action='modify' visible='true' lat='59.5776160' lon='10.1950360'/>
  <node id='-3050' version='0' action='modify' visible='true' lat='59.5777440' lon='10.1954180'/>
  <node id='-3051' version='0' action='modify' visible='true' lat='59.5777800' lon='10.1955230'/>
  <node id='-3052' version='0' action='modify' visible='true' lat='59.5778670' lon='10.1957470'/>
  <node id='-3053' version='0' action='modify' visible='true' lat='59.5779510' lon='10.1959290'/>
  <node id='-3054' version='0' action='modify' visible='true' lat='59.5780240' lon='10.1960660'/>
  <node id='-3055' version='0' action='modify' visible='true' lat='59.5781010' lon='10.1961960'/>
  <node id='-3056' version='0' action='modify' visible='true' lat='59.5781900' lon='10.1963330'/>
  <node id='-3057' version='0' action='modify' visible='true' lat='59.5783560' lon='10.1965700'/>
  <node id='-3058' version='0' action='modify' visible='true' lat='59.5789790' lon='10.1974510'/>
  <node id='-3059' version='0' action='modify' visible='true' lat='59.5796290' lon='10.1983840'/>
  <node id='-3060' version='0' action='modify' visible='true' lat='59.5799340' lon='10.1988110'/>
  <node id='-3061' version='0' action='modify' visible='true' lat='59.5800340' lon='10.1989430'/>
  <node id='-3062' version='0' action='modify' visible='true' lat='59.5800960' lon='10.1990140'/>
  <node id='-3063' version='0' action='modify' visible='true' lat='59.5801590' lon='10.1990720'/>
  <node id='-3064' version='0' action='modify' visible='true' lat='59.5802390' lon='10.1991340'/>
  <node id='-3065' version='0' action='modify' visible='true' lat='59.5803710' lon='10.1992040'/>
  <node id='-3066' version='0' action='modify' visible='true' lat='59.5805650' lon='10.1992750'/>
  <node id='-3067' version='0' action='modify' visible='true' lat='59.5810050' lon='10.1994180'/>
  <node id='-3068' version='0' action='modify' visible='true' lat='59.5811780' lon='10.1994830'/>
  <node id='-3069' version='0' action='modify' visible='true' lat='59.5812650' lon='10.1995310'/>
  <node id='-3070' version='0' action='modify' visible='true' lat='59.5813710' lon='10.1996070'/>
  <node id='-3071' version='0' action='modify' visible='true' lat='59.5814450' lon='10.1996790'/>
  <node id='-3072' version='0' action='modify' visible='true' lat='59.5815030' lon='10.1997450'/>
  <node id='-3073' version='0' action='modify' visible='true' lat='59.5815710' lon='10.1998340'/>
  <node id='-3074' version='0' action='modify' visible='true' lat='59.5817490' lon='10.2000850'/>
  <node id='-3075' version='0' action='modify' visible='true' lat='59.5824470' lon='10.2011033'/>
  <node id='-3076' version='0' action='modify' visible='true' lat='59.5831450' lon='10.2021217'/>
  <node id='-3077' version='0' action='modify' visible='true' lat='59.5838430' lon='10.2031400'/>
  <node id='-3078' version='0' action='modify' visible='true' lat='59.5838587' lon='10.2031628'/>
  <node id='-3079' version='0' action='modify' visible='true' lat='59.5842200' lon='10.2036900'/>
  <node id='-3080' version='0' action='modify' visible='true' lat='59.5843100' lon='10.2038260'/>
  <node id='-3081' version='0' action='modify' visible='true' lat='59.5843700' lon='10.2039270'/>
  <node id='-3082' version='0' action='modify' visible='true' lat='59.5844264' lon='10.2040420'/>
  <node id='-3083' version='0' action='modify' visible='true' lat='59.5844680' lon='10.2041580'/>
  <node id='-3084' version='0' action='modify' visible='true' lat='59.5845027' lon='10.2042676'/>
  <node id='-3085' version='0' action='modify' visible='true' lat='59.5845320' lon='10.2044020'/>
  <node id='-3086' version='0' action='modify' visible='true' lat='59.5845660' lon='10.2045770'/>
  <node id='-3087' version='0' action='modify' visible='true' lat='59.5845804' lon='10.2046608'/>
  <node id='-3088' version='0' action='modify' visible='true' lat='59.5847260' lon='10.2055930'/>
  <node id='-3089' version='0' action='modify' visible='true' lat='59.5847755' lon='10.2058956'/>
  <node id='-3090' version='0' action='modify' visible='true' lat='59.5849522' lon='10.2070595'/>
  <node id='-3091' version='0' action='modify' visible='true' lat='59.5849779' lon='10.2072783'/>
  <node id='-3092' version='0' action='modify' visible='true' lat='59.5849936' lon='10.2074552'/>
  <node id='-3093' version='0' action='modify' visible='true' lat='59.5849905' lon='10.2076954'/>
  <node id='-3094' version='0' action='modify' visible='true' lat='59.5849691' lon='10.2079436'/>
  <node id='-3095' version='0' action='modify' visible='true' lat='59.5850180' lon='10.2079482'/>
  <node id='-3096' version='0' action='modify' visible='true' lat='59.5851454' lon='10.2079708'/>
  <node id='-3097' version='0' action='modify' visible='true' lat='59.5852268' lon='10.2079605'/>
  <node id='-3098' version='0' action='modify' visible='true' lat='59.5854579' lon='10.2079813'/>
  <node id='-3099' version='0' action='modify' visible='true' lat='59.5857091' lon='10.2080437'/>
  <node id='-3100' version='0' action='modify' visible='true' lat='59.5858927' lon='10.2080341'/>
  <node id='-3101' version='0' action='modify' visible='true' lat='59.5864667' lon='10.2080039'/>
  <node id='-3102' version='0' action='modify' visible='true' lat='59.5867852' lon='10.2079872'/>
  <node id='-3103' version='0' action='modify' visible='true' lat='59.5869414' lon='10.2079719'/>
  <node id='-3104' version='0' action='modify' visible='true' lat='59.5870196' lon='10.2079643'/>
  <node id='-3105' version='0' action='modify' visible='true' lat='59.5871246' lon='10.2079518'/>
  <node id='-3106' version='0' action='modify' visible='true' lat='59.5872495' lon='10.2079406'/>
  <node id='-3107' version='0' action='modify' visible='true' lat='59.5872672' lon='10.2079390'/>
  <node id='-3108' version='0' action='modify' visible='true' lat='59.5877936' lon='10.2078743'/>
  <node id='-3109' version='0' action='modify' visible='true' lat='59.5879707' lon='10.2078545'/>
  <node id='-3110' version='0' action='modify' visible='true' lat='59.5880400' lon='10.2078509'/>
  <node id='-3111' version='0' action='modify' visible='true' lat='59.5883817' lon='10.2078088'/>
  <node id='-3112' version='0' action='modify' visible='true' lat='59.5884813' lon='10.2077966'/>
  <node id='-3113' version='0' action='modify' visible='true' lat='59.5886534' lon='10.2078076'/>
  <node id='-3114' version='0' action='modify' visible='true' lat='59.5888157' lon='10.2078434'/>
  <node id='-3115' version='0' action='modify' visible='true' lat='59.5889887' lon='10.2078880'/>
  <node id='-3116' version='0' action='modify' visible='true' lat='59.5893134' lon='10.2080029'/>
  <node id='-3117' version='0' action='modify' visible='true' lat='59.5894916' lon='10.2080603'/>
  <node id='-3118' version='0' action='modify' visible='true' lat='59.5896729' lon='10.2081135'/>
  <node id='-3119' version='0' action='modify' visible='true' lat='59.5900210' lon='10.2081953'/>
  <node id='-3120' version='0' action='modify' visible='true' lat='59.5902311' lon='10.2082424'/>
  <node id='-3121' version='0' action='modify' visible='true' lat='59.5903919' lon='10.2082782'/>
  <node id='-3122' version='0' action='modify' visible='true' lat='59.5904338' lon='10.2082878'/>
  <node id='-3123' version='0' action='modify' visible='true' lat='59.5908236' lon='10.2083787'/>
  <node id='-3124' version='0' action='modify' visible='true' lat='59.5914238' lon='10.2085117'/>
  <node id='-3125' version='0' action='modify' visible='true' lat='59.5916823' lon='10.2085703'/>
  <node id='-3126' version='0' action='modify' visible='true' lat='59.5921799' lon='10.2086821'/>
  <node id='-3127' version='0' action='modify' visible='true' lat='59.5926774' lon='10.2087938'/>
  <node id='-3128' version='0' action='modify' visible='true' lat='59.5928871' lon='10.2088409'/>
  <node id='-3129' version='0' action='modify' visible='true' lat='59.5930167' lon='10.2088701'/>
  <node id='-3130' version='0' action='modify' visible='true' lat='59.5931372' lon='10.2088972'/>
  <node id='-3131' version='0' action='modify' visible='true' lat='59.5934139' lon='10.2089595'/>
  <node id='-3132' version='0' action='modify' visible='true' lat='59.5937018' lon='10.2089998'/>
  <node id='-3133' version='0' action='modify' visible='true' lat='59.5939895' lon='10.2089917'/>
  <node id='-3134' version='0' action='modify' visible='true' lat='59.5942660' lon='10.2089352'/>
  <node id='-3135' version='0' action='modify' visible='true' lat='59.5943180' lon='10.2089246'/>
  <node id='-3136' version='0' action='modify' visible='true' lat='59.5946101' lon='10.2088041'/>
  <node id='-3137' version='0' action='modify' visible='true' lat='59.5946561' lon='10.2087851'/>
  <node id='-3138' version='0' action='modify' visible='true' lat='59.5947164' lon='10.2087473'/>
  <node id='-3139' version='0' action='modify' visible='true' lat='59.5951521' lon='10.2084739'/>
  <node id='-3140' version='0' action='modify' visible='true' lat='59.5954108' lon='10.2083117'/>
  <node id='-3141' version='0' action='modify' visible='true' lat='59.5956566' lon='10.2081333'/>
  <node id='-3142' version='0' action='modify' visible='true' lat='59.5961042' lon='10.2078315'/>
  <node id='-3143' version='0' action='modify' visible='true' lat='59.5962586' lon='10.2077274'/>
  <node id='-3144' version='0' action='modify' visible='true' lat='59.5963964' lon='10.2076345'/>
  <node id='-3145' version='0' action='modify' visible='true' lat='59.5965287' lon='10.2075481'/>
  <node id='-3146' version='0' action='modify' visible='true' lat='59.5966570' lon='10.2074628'/>
  <node id='-3147' version='0' action='modify' visible='true' lat='59.5967873' lon='10.2073610'/>
  <node id='-3148' version='0' action='modify' visible='true' lat='59.5969706' lon='10.2071920'/>
  <node id='-3149' version='0' action='modify' visible='true' lat='59.5970751' lon='10.2070766'/>
  <node id='-3150' version='0' action='modify' visible='true' lat='59.5972188' lon='10.2068711'/>
  <node id='-3151' version='0' action='modify' visible='true' lat='59.5972787' lon='10.2067682'/>
  <node id='-3152' version='0' action='modify' visible='true' lat='59.5973954' lon='10.2065375'/>
  <node id='-3153' version='0' action='modify' visible='true' lat='59.5975438' lon='10.2061700'/>
  <node id='-3154' version='0' action='modify' visible='true' lat='59.5976954' lon='10.2057282'/>
  <node id='-3155' version='0' action='modify' visible='true' lat='59.5977877' lon='10.2054808'/>
  <node id='-3156' version='0' action='modify' visible='true' lat='59.5978868' lon='10.2052473'/>
  <node id='-3157' version='0' action='modify' visible='true' lat='59.5979710' lon='10.2050620'/>
  <node id='-3158' version='0' action='modify' visible='true' lat='59.5980623' lon='10.2048840'/>
  <node id='-3159' version='0' action='modify' visible='true' lat='59.5981440' lon='10.2047062'/>
  <node id='-3160' version='0' action='modify' visible='true' lat='59.5982129' lon='10.2045313'/>
  <node id='-3161' version='0' action='modify' visible='true' lat='59.5982682' lon='10.2043717'/>
  <node id='-3162' version='0' action='modify' visible='true' lat='59.5983140' lon='10.2042370'/>
  <node id='-3163' version='0' action='modify' visible='true' lat='59.5983781' lon='10.2040095'/>
  <node id='-3164' version='0' action='modify' visible='true' lat='59.5984110' lon='10.2038675'/>
  <node id='-3165' version='0' action='modify' visible='true' lat='59.5984464' lon='10.2037145'/>
  <node id='-3166' version='0' action='modify' visible='true' lat='59.5985090' lon='10.2034020'/>
  <node id='-3167' version='0' action='modify' visible='true' lat='59.5986513' lon='10.2027413'/>
  <node id='-3168' version='0' action='modify' visible='true' lat='59.5986715' lon='10.2026510'/>
  <node id='-3169' version='0' action='modify' visible='true' lat='59.5986860' lon='10.2025960'/>
  <node id='-3170' version='0' action='modify' visible='true' lat='59.5987020' lon='10.2025600'/>
  <node id='-3171' version='0' action='modify' visible='true' lat='59.5987420' lon='10.2025140'/>
  <node id='-3172' version='0' action='modify' visible='true' lat='59.5987670' lon='10.2025000'/>
  <node id='-3173' version='0' action='modify' visible='true' lat='59.5987970' lon='10.2024940'/>
  <node id='-3174' version='0' action='modify' visible='true' lat='59.5988240' lon='10.2024970'/>
  <node id='-3175' version='0' action='modify' visible='true' lat='59.5988930' lon='10.2025300'/>
  <node id='-3176' version='0' action='modify' visible='true' lat='59.5993630' lon='10.2028870'/>
  <node id='-3177' version='0' action='modify' visible='true' lat='59.5994110' lon='10.2029290'/>
  <node id='-3178' version='0' action='modify' visible='true' lat='59.5995660' lon='10.2030420'/>
  <node id='-3179' version='0' action='modify' visible='true' lat='59.5996560' lon='10.2030830'/>
  <node id='-3180' version='0' action='modify' visible='true' lat='59.5997010' lon='10.2030960'/>
  <node id='-3181' version='0' action='modify' visible='true' lat='59.5997820' lon='10.2031040'/>
  <node id='-3182' version='0' action='modify' visible='true' lat='59.5998690' lon='10.2030860'/>
  <node id='-3183' version='0' action='modify' visible='true' lat='59.5999180' lon='10.2030660'/>
  <node id='-3184' version='0' action='modify' visible='true' lat='59.5999560' lon='10.2030430'/>
  <node id='-3185' version='0' action='modify' visible='true' lat='59.6000420' lon='10.2029740'/>
  <node id='-3186' version='0' action='modify' visible='true' lat='59.6000810' lon='10.2029300'/>
  <node id='-3187' version='0' action='modify' visible='true' lat='59.6001680' lon='10.2028020'/>
  <node id='-3188' version='0' action='modify' visible='true' lat='59.6002130' lon='10.2027140'/>
  <node id='-3189' version='0' action='modify' visible='true' lat='59.6003070' lon='10.2024800'/>
  <node id='-3190' version='0' action='modify' visible='true' lat='59.6003540' lon='10.2023440'/>
  <node id='-3191' version='0' action='modify' visible='true' lat='59.6004550' lon='10.2020300'/>
  <node id='-3192' version='0' action='modify' visible='true' lat='59.6005430' lon='10.2017850'/>
  <node id='-3193' version='0' action='modify' visible='true' lat='59.6006450' lon='10.2015590'/>
  <node id='-3194' version='0' action='modify' visible='true' lat='59.6007170' lon='10.2014260'/>
  <node id='-3195' version='0' action='modify' visible='true' lat='59.6008200' lon='10.2012710'/>
  <node id='-3196' version='0' action='modify' visible='true' lat='59.6008600' lon='10.2012210'/>
  <node id='-3197' version='0' action='modify' visible='true' lat='59.6008890' lon='10.2011930'/>
  <node id='-3198' version='0' action='modify' visible='true' lat='59.6009400' lon='10.2011390'/>
  <node id='-3199' version='0' action='modify' visible='true' lat='59.6009810' lon='10.2011030'/>
  <node id='-3200' version='0' action='modify' visible='true' lat='59.6010250' lon='10.2010670'/>
  <node id='-3201' version='0' action='modify' visible='true' lat='59.6011250' lon='10.2009980'/>
  <node id='-3202' version='0' action='modify' visible='true' lat='59.6012220' lon='10.2009390'/>
  <node id='-3203' version='0' action='modify' visible='true' lat='59.6013540' lon='10.2008870'/>
  <node id='-3204' version='0' action='modify' visible='true' lat='59.6015930' lon='10.2008240'/>
  <node id='-3205' version='0' action='modify' visible='true' lat='59.6017650' lon='10.2007990'/>
  <node id='-3206' version='0' action='modify' visible='true' lat='59.6018710' lon='10.2007970'/>
  <node id='-3207' version='0' action='modify' visible='true' lat='59.6020600' lon='10.2008150'/>
  <node id='-3208' version='0' action='modify' visible='true' lat='59.6022680' lon='10.2008440'/>
  <node id='-3209' version='0' action='modify' visible='true' lat='59.6024140' lon='10.2008480'/>
  <node id='-3210' version='0' action='modify' visible='true' lat='59.6025570' lon='10.2008290'/>
  <node id='-3211' version='0' action='modify' visible='true' lat='59.6027084' lon='10.2007787'/>
  <node id='-3212' version='0' action='modify' visible='true' lat='59.6032780' lon='10.2005040'/>
  <node id='-3213' version='0' action='modify' visible='true' lat='59.6033600' lon='10.2004780'/>
  <node id='-3214' version='0' action='modify' visible='true' lat='59.6035220' lon='10.2004380'/>
  <node id='-3215' version='0' action='modify' visible='true' lat='59.6037210' lon='10.2003980'/>
  <node id='-3216' version='0' action='modify' visible='true' lat='59.6038710' lon='10.2003770'/>
  <node id='-3217' version='0' action='modify' visible='true' lat='59.6040840' lon='10.2003740'/>
  <node id='-3218' version='0' action='modify' visible='true' lat='59.6042390' lon='10.2003880'/>
  <node id='-3219' version='0' action='modify' visible='true' lat='59.6043150' lon='10.2004010'/>
  <node id='-3220' version='0' action='modify' visible='true' lat='59.6045180' lon='10.2004540'/>
  <node id='-3221' version='0' action='modify' visible='true' lat='59.6047730' lon='10.2005360'/>
  <node id='-3222' version='0' action='modify' visible='true' lat='59.6051420' lon='10.2006740'/>
  <node id='-3223' version='0' action='modify' visible='true' lat='59.6056530' lon='10.2008920'/>
  <node id='-3224' version='0' action='modify' visible='true' lat='59.6058680' lon='10.2010000'/>
  <node id='-3225' version='0' action='modify' visible='true' lat='59.6060820' lon='10.2011330'/>
  <node id='-3226' version='0' action='modify' visible='true' lat='59.6062250' lon='10.2012360'/>
  <node id='-3227' version='0' action='modify' visible='true' lat='59.6062940' lon='10.2012920'/>
  <node id='-3228' version='0' action='modify' visible='true' lat='59.6064070' lon='10.2013940'/>
  <node id='-3229' version='0' action='modify' visible='true' lat='59.6064600' lon='10.2014450'/>
  <node id='-3230' version='0' action='modify' visible='true' lat='59.6065100' lon='10.2015030'/>
  <node id='-3231' version='0' action='modify' visible='true' lat='59.6066510' lon='10.2016820'/>
  <node id='-3232' version='0' action='modify' visible='true' lat='59.6067510' lon='10.2018360'/>
  <node id='-3233' version='0' action='modify' visible='true' lat='59.6068370' lon='10.2019990'/>
  <node id='-3234' version='0' action='modify' visible='true' lat='59.6068530' lon='10.2020450'/>
  <node id='-3235' version='0' action='modify' visible='true' lat='59.6068880' lon='10.2021060'/>
  <node id='-3236' version='0' action='modify' visible='true' lat='59.6069650' lon='10.2022760'/>
  <node id='-3237' version='0' action='modify' visible='true' lat='59.6071640' lon='10.2027450'/>
  <node id='-3238' version='0' action='modify' visible='true' lat='59.6075685' lon='10.2036705'/>
  <node id='-3239' version='0' action='modify' visible='true' lat='59.6079730' lon='10.2045960'/>
  <node id='-3240' version='0' action='modify' visible='true' lat='59.6082000' lon='10.2051080'/>
  <node id='-3241' version='0' action='modify' visible='true' lat='59.6083040' lon='10.2053500'/>
  <node id='-3242' version='0' action='modify' visible='true' lat='59.6083690' lon='10.2055110'/>
  <node id='-3243' version='0' action='modify' visible='true' lat='59.6084190' lon='10.2056620'/>
  <node id='-3244' version='0' action='modify' visible='true' lat='59.6084620' lon='10.2058120'/>
  <node id='-3245' version='0' action='modify' visible='true' lat='59.6085000' lon='10.2059820'/>
  <node id='-3246' version='0' action='modify' visible='true' lat='59.6085250' lon='10.2061360'/>
  <node id='-3247' version='0' action='modify' visible='true' lat='59.6085400' lon='10.2062940'/>
  <node id='-3248' version='0' action='modify' visible='true' lat='59.6085482' lon='10.2064673'/>
  <node id='-3249' version='0' action='modify' visible='true' lat='59.6085470' lon='10.2066600'/>
  <node id='-3250' version='0' action='modify' visible='true' lat='59.6085390' lon='10.2070670'/>
  <node id='-3251' version='0' action='modify' visible='true' lat='59.6085420' lon='10.2072340'/>
  <node id='-3252' version='0' action='modify' visible='true' lat='59.6085480' lon='10.2073130'/>
  <node id='-3253' version='0' action='modify' visible='true' lat='59.6085580' lon='10.2073890'/>
  <node id='-3254' version='0' action='modify' visible='true' lat='59.6085820' lon='10.2075460'/>
  <node id='-3255' version='0' action='modify' visible='true' lat='59.6086000' lon='10.2076310'/>
  <node id='-3256' version='0' action='modify' visible='true' lat='59.6086360' lon='10.2077700'/>
  <node id='-3257' version='0' action='modify' visible='true' lat='59.6086780' lon='10.2079040'/>
  <node id='-3258' version='0' action='modify' visible='true' lat='59.6088512' lon='10.2084163'/>
  <node id='-3259' version='0' action='modify' visible='true' lat='59.6089404' lon='10.2086631'/>
  <node id='-3260' version='0' action='modify' visible='true' lat='59.6090260' lon='10.2088570'/>
  <node id='-3261' version='0' action='modify' visible='true' lat='59.6090580' lon='10.2089190'/>
  <node id='-3262' version='0' action='modify' visible='true' lat='59.6090880' lon='10.2089710'/>
  <node id='-3263' version='0' action='modify' visible='true' lat='59.6091220' lon='10.2090190'/>
  <node id='-3264' version='0' action='modify' visible='true' lat='59.6091550' lon='10.2090570'/>
  <node id='-3265' version='0' action='modify' visible='true' lat='59.6091900' lon='10.2090860'/>
  <node id='-3266' version='0' action='modify' visible='true' lat='59.6092740' lon='10.2091300'/>
  <node id='-3267' version='0' action='modify' visible='true' lat='59.6094460' lon='10.2091930'/>
  <node id='-3268' version='0' action='modify' visible='true' lat='59.6095380' lon='10.2092340'/>
  <node id='-3269' version='0' action='modify' visible='true' lat='59.6096380' lon='10.2092940'/>
  <node id='-3270' version='0' action='modify' visible='true' lat='59.6097460' lon='10.2093760'/>
  <node id='-3271' version='0' action='modify' visible='true' lat='59.6098080' lon='10.2094330'/>
  <node id='-3272' version='0' action='modify' visible='true' lat='59.6099220' lon='10.2095560'/>
  <node id='-3273' version='0' action='modify' visible='true' lat='59.6102760' lon='10.2099830'/>
  <node id='-3274' version='0' action='modify' visible='true' lat='59.6103500' lon='10.2100730'/>
  <node id='-3275' version='0' action='modify' visible='true' lat='59.6104540' lon='10.2102190'/>
  <node id='-3276' version='0' action='modify' visible='true' lat='59.6105090' lon='10.2103070'/>
  <node id='-3277' version='0' action='modify' visible='true' lat='59.6105930' lon='10.2104540'/>
  <node id='-3278' version='0' action='modify' visible='true' lat='59.6106960' lon='10.2106630'/>
  <node id='-3279' version='0' action='modify' visible='true' lat='59.6108790' lon='10.2110560'/>
  <node id='-3280' version='0' action='modify' visible='true' lat='59.6109810' lon='10.2112560'/>
  <node id='-3281' version='0' action='modify' visible='true' lat='59.6110930' lon='10.2114360'/>
  <node id='-3282' version='0' action='modify' visible='true' lat='59.6113660' lon='10.2118240'/>
  <node id='-3283' version='0' action='modify' visible='true' lat='59.6116120' lon='10.2121610'/>
  <node id='-3284' version='0' action='modify' visible='true' lat='59.6118070' lon='10.2124110'/>
  <node id='-3285' version='0' action='modify' visible='true' lat='59.6119870' lon='10.2126230'/>
  <node id='-3286' version='0' action='modify' visible='true' lat='59.6120930' lon='10.2127290'/>
  <node id='-3287' version='0' action='modify' visible='true' lat='59.6123050' lon='10.2129150'/>
  <node id='-3288' version='0' action='modify' visible='true' lat='59.6128480' lon='10.2133420'/>
  <node id='-3289' version='0' action='modify' visible='true' lat='59.6130700' lon='10.2135050'/>
  <node id='-3290' version='0' action='modify' visible='true' lat='59.6133410' lon='10.2136780'/>
  <node id='-3291' version='0' action='modify' visible='true' lat='59.6134530' lon='10.2137570'/>
  <node id='-3292' version='0' action='modify' visible='true' lat='59.6135660' lon='10.2138600'/>
  <node id='-3293' version='0' action='modify' visible='true' lat='59.6136240' lon='10.2139230'/>
  <node id='-3294' version='0' action='modify' visible='true' lat='59.6136870' lon='10.2140010'/>
  <node id='-3295' version='0' action='modify' visible='true' lat='59.6137470' lon='10.2140880'/>
  <node id='-3296' version='0' action='modify' visible='true' lat='59.6137640' lon='10.2141190'/>
  <node id='-3297' version='0' action='modify' visible='true' lat='59.6138460' lon='10.2142870'/>
  <node id='-3298' version='0' action='modify' visible='true' lat='59.6138830' lon='10.2143740'/>
  <node id='-3299' version='0' action='modify' visible='true' lat='59.6139640' lon='10.2145140'/>
  <node id='-3300' version='0' action='modify' visible='true' lat='59.6140080' lon='10.2145800'/>
  <node id='-3301' version='0' action='modify' visible='true' lat='59.6140630' lon='10.2146390'/>
  <node id='-3302' version='0' action='modify' visible='true' lat='59.6141260' lon='10.2146980'/>
  <node id='-3303' version='0' action='modify' visible='true' lat='59.6141950' lon='10.2147520'/>
  <node id='-3304' version='0' action='modify' visible='true' lat='59.6142510' lon='10.2147870'/>
  <node id='-3305' version='0' action='modify' visible='true' lat='59.6143403' lon='10.2148295'/>
  <node id='-3306' version='0' action='modify' visible='true' lat='59.6144170' lon='10.2148660'/>
  <node id='-3307' version='0' action='modify' visible='true' lat='59.6147048' lon='10.2149825'/>
  <node id='-3308' version='0' action='modify' visible='true' lat='59.6150320' lon='10.2151150'/>
  <node id='-3309' version='0' action='modify' visible='true' lat='59.6154290' lon='10.2152890'/>
  <node id='-3310' version='0' action='modify' visible='true' lat='59.6155410' lon='10.2153310'/>
  <node id='-3311' version='0' action='modify' visible='true' lat='59.6156160' lon='10.2153510'/>
  <node id='-3312' version='0' action='modify' visible='true' lat='59.6156900' lon='10.2153630'/>
  <node id='-3313' version='0' action='modify' visible='true' lat='59.6157910' lon='10.2153580'/>
  <node id='-3314' version='0' action='modify' visible='true' lat='59.6159130' lon='10.2153410'/>
  <node id='-3315' version='0' action='modify' visible='true' lat='59.6159640' lon='10.2154600'/>
  <node id='-3316' version='0' action='modify' visible='true' lat='59.6160150' lon='10.2155770'/>
  <node id='-3317' version='0' action='modify' visible='true' lat='59.6160310' lon='10.2156050'/>
  <node id='-3318' version='0' action='modify' visible='true' lat='59.6160440' lon='10.2156470'/>
  <node id='-3319' version='0' action='modify' visible='true' lat='59.6160710' lon='10.2156980'/>
  <node id='-3320' version='0' action='modify' visible='true' lat='59.6163260' lon='10.2160440'/>
  <node id='-3321' version='0' action='modify' visible='true' lat='59.6163830' lon='10.2161350'/>
  <node id='-3322' version='0' action='modify' visible='true' lat='59.6164520' lon='10.2162690'/>
  <node id='-3323' version='0' action='modify' visible='true' lat='59.6165040' lon='10.2164000'/>
  <node id='-3324' version='0' action='modify' visible='true' lat='59.6166690' lon='10.2168680'/>
  <node id='-3325' version='0' action='modify' visible='true' lat='59.6168370' lon='10.2173700'/>
  <node id='-3326' version='0' action='modify' visible='true' lat='59.6168970' lon='10.2174980'/>
  <node id='-3327' version='0' action='modify' visible='true' lat='59.6169540' lon='10.2176020'/>
  <node id='-3328' version='0' action='modify' visible='true' lat='59.6170250' lon='10.2176980'/>
  <node id='-3329' version='0' action='modify' visible='true' lat='59.6170618' lon='10.2177439'/>
  <node id='-3330' version='0' action='modify' visible='true' lat='59.6171110' lon='10.2177820'/>
  <node id='-3331' version='0' action='modify' visible='true' lat='59.6171930' lon='10.2178360'/>
  <node id='-3332' version='0' action='modify' visible='true' lat='59.6173930' lon='10.2179100'/>
  <node id='-3333' version='0' action='modify' visible='true' lat='59.6176060' lon='10.2179780'/>
  <node id='-3334' version='0' action='modify' visible='true' lat='59.6176880' lon='10.2180210'/>
  <node id='-3335' version='0' action='modify' visible='true' lat='59.6177400' lon='10.2180670'/>
  <node id='-3336' version='0' action='modify' visible='true' lat='59.6177910' lon='10.2181220'/>
  <node id='-3337' version='0' action='modify' visible='true' lat='59.6178340' lon='10.2181800'/>
  <node id='-3338' version='0' action='modify' visible='true' lat='59.6178750' lon='10.2182480'/>
  <node id='-3339' version='0' action='modify' visible='true' lat='59.6179210' lon='10.2183410'/>
  <node id='-3340' version='0' action='modify' visible='true' lat='59.6179620' lon='10.2184540'/>
  <node id='-3341' version='0' action='modify' visible='true' lat='59.6181070' lon='10.2189360'/>
  <node id='-3342' version='0' action='modify' visible='true' lat='59.6181470' lon='10.2190590'/>
  <node id='-3343' version='0' action='modify' visible='true' lat='59.6181720' lon='10.2191210'/>
  <node id='-3344' version='0' action='modify' visible='true' lat='59.6182570' lon='10.2192850'/>
  <node id='-3345' version='0' action='modify' visible='true' lat='59.6183390' lon='10.2193970'/>
  <node id='-3346' version='0' action='modify' visible='true' lat='59.6184960' lon='10.2195740'/>
  <node id='-3347' version='0' action='modify' visible='true' lat='59.6187280' lon='10.2198280'/>
  <node id='-3348' version='0' action='modify' visible='true' lat='59.6188240' lon='10.2199440'/>
  <node id='-3349' version='0' action='modify' visible='true' lat='59.6189130' lon='10.2200320'/>
  <node id='-3350' version='0' action='modify' visible='true' lat='59.6190070' lon='10.2201140'/>
  <node id='-3351' version='0' action='modify' visible='true' lat='59.6190930' lon='10.2201790'/>
  <node id='-3352' version='0' action='modify' visible='true' lat='59.6191800' lon='10.2202280'/>
  <node id='-3353' version='0' action='modify' visible='true' lat='59.6193510' lon='10.2203280'/>
  <node id='-3354' version='0' action='modify' visible='true' lat='59.6194380' lon='10.2203770'/>
  <node id='-3355' version='0' action='modify' visible='true' lat='59.6195110' lon='10.2204090'/>
  <node id='-3356' version='0' action='modify' visible='true' lat='59.6195840' lon='10.2204300'/>
  <node id='-3357' version='0' action='modify' visible='true' lat='59.6198930' lon='10.2204640'/>
  <node id='-3358' version='0' action='modify' visible='true' lat='59.6200930' lon='10.2205210'/>
  <node id='-3359' version='0' action='modify' visible='true' lat='59.6204430' lon='10.2206810'/>
  <node id='-3360' version='0' action='modify' visible='true' lat='59.6206840' lon='10.2207772'/>
  <node id='-3361' version='0' action='modify' visible='true' lat='59.6211800' lon='10.2209520'/>
  <node id='-3362' version='0' action='modify' visible='true' lat='59.6213270' lon='10.2209970'/>
  <node id='-3363' version='0' action='modify' visible='true' lat='59.6214936' lon='10.2210589'/>
  <node id='-3364' version='0' action='modify' visible='true' lat='59.6216110' lon='10.2211041'/>
  <node id='-3365' version='0' action='modify' visible='true' lat='59.6219603' lon='10.2212489'/>
  <node id='-3366' version='0' action='modify' visible='true' lat='59.6221490' lon='10.2213260'/>
  <node id='-3367' version='0' action='modify' visible='true' lat='59.6228540' lon='10.2215930'/>
  <node id='-3368' version='0' action='modify' visible='true' lat='59.6230060' lon='10.2216480'/>
  <node id='-3369' version='0' action='modify' visible='true' lat='59.6231390' lon='10.2217280'/>
  <node id='-3370' version='0' action='modify' visible='true' lat='59.6232890' lon='10.2218670'/>
  <node id='-3371' version='0' action='modify' visible='true' lat='59.6233500' lon='10.2219480'/>
  <node id='-3372' version='0' action='modify' visible='true' lat='59.6234110' lon='10.2220480'/>
  <node id='-3373' version='0' action='modify' visible='true' lat='59.6235460' lon='10.2223400'/>
  <node id='-3374' version='0' action='modify' visible='true' lat='59.6236650' lon='10.2226890'/>
  <node id='-3375' version='0' action='modify' visible='true' lat='59.6237410' lon='10.2228710'/>
  <node id='-3376' version='0' action='modify' visible='true' lat='59.6238560' lon='10.2230980'/>
  <node id='-3377' version='0' action='modify' visible='true' lat='59.6239770' lon='10.2233070'/>
  <node id='-3378' version='0' action='modify' visible='true' lat='59.6241000' lon='10.2234720'/>
  <node id='-3379' version='0' action='modify' visible='true' lat='59.6242130' lon='10.2235960'/>
  <node id='-3380' version='0' action='modify' visible='true' lat='59.6242540' lon='10.2233630'/>
  <node id='-3381' version='0' action='modify' visible='true' lat='59.6242970' lon='10.2230700'/>
  <node id='-3382' version='0' action='modify' visible='true' lat='59.6244211' lon='10.2232708'/>
  <node id='-3383' version='0' action='modify' visible='true' lat='59.6246126' lon='10.2236202'/>
  <node id='-3384' version='0' action='modify' visible='true' lat='59.6248090' lon='10.2239467'/>
  <node id='-3385' version='0' action='modify' visible='true' lat='59.6249785' lon='10.2242317'/>
  <node id='-3386' version='0' action='modify' visible='true' lat='59.6251060' lon='10.2244195'/>
  <node id='-3387' version='0' action='modify' visible='true' lat='59.6252891' lon='10.2246729'/>
  <node id='-3388' version='0' action='modify' visible='true' lat='59.6255359' lon='10.2249700'/>
  <node id='-3389' version='0' action='modify' visible='true' lat='59.6256743' lon='10.2251128'/>
  <node id='-3390' version='0' action='modify' visible='true' lat='59.6259669' lon='10.2254013'/>
  <node id='-3391' version='0' action='modify' visible='true' lat='59.6264466' lon='10.2259059'/>
  <node id='-3392' version='0' action='modify' visible='true' lat='59.6265379' lon='10.2259946'/>
  <node id='-3393' version='0' action='modify' visible='true' lat='59.6270300' lon='10.2264722'/>
  <node id='-3394' version='0' action='modify' visible='true' lat='59.6274505' lon='10.2269004'/>
  <node id='-3395' version='0' action='modify' visible='true' lat='59.6278710' lon='10.2273286'/>
  <node id='-3396' version='0' action='modify' visible='true' lat='59.6284508' lon='10.2278949'/>
  <node id='-3397' version='0' action='modify' visible='true' lat='59.6288767' lon='10.2282064'/>
  <node id='-3398' version='0' action='modify' visible='true' lat='59.6292071' lon='10.2283919'/>
  <node id='-3399' version='0' action='modify' visible='true' lat='59.6293097' lon='10.2284541'/>
  <node id='-3400' version='0' action='modify' visible='true' lat='59.6297105' lon='10.2286098'/>
  <node id='-3401' version='0' action='modify' visible='true' lat='59.6303153' lon='10.2287656'/>
  <node id='-3402' version='0' action='modify' visible='true' lat='59.6309166' lon='10.2288010'/>
  <node id='-3403' version='0' action='modify' visible='true' lat='59.6310418' lon='10.2287939'/>
  <node id='-3404' version='0' action='modify' visible='true' lat='59.6313761' lon='10.2287393'/>
  <node id='-3405' version='0' action='modify' visible='true' lat='59.6317458' lon='10.2286562'/>
  <node id='-3406' version='0' action='modify' visible='true' lat='59.6319645' lon='10.2285714'/>
  <node id='-3407' version='0' action='modify' visible='true' lat='59.6320224' lon='10.2285489'/>
  <node id='-3408' version='0' action='modify' visible='true' lat='59.6323696' lon='10.2283772'/>
  <node id='-3409' version='0' action='modify' visible='true' lat='59.6326787' lon='10.2281948'/>
  <node id='-3410' version='0' action='modify' visible='true' lat='59.6330259' lon='10.2278944'/>
  <node id='-3411' version='0' action='modify' visible='true' lat='59.6332634' lon='10.2276344'/>
  <node id='-3412' version='0' action='modify' visible='true' lat='59.6333993' lon='10.2274856'/>
  <node id='-3413' version='0' action='modify' visible='true' lat='59.6341031' lon='10.2267654'/>
  <node id='-3414' version='0' action='modify' visible='true' lat='59.6346616' lon='10.2262343'/>
  <node id='-3415' version='0' action='modify' visible='true' lat='59.6347725' lon='10.2261371'/>
  <node id='-3416' version='0' action='modify' visible='true' lat='59.6349017' lon='10.2260359'/>
  <node id='-3417' version='0' action='modify' visible='true' lat='59.6350671' lon='10.2259259'/>
  <node id='-3418' version='0' action='modify' visible='true' lat='59.6352474' lon='10.2258092'/>
  <node id='-3419' version='0' action='modify' visible='true' lat='59.6353810' lon='10.2257328'/>
  <node id='-3420' version='0' action='modify' visible='true' lat='59.6355166' lon='10.2256617'/>
  <node id='-3421' version='0' action='modify' visible='true' lat='59.6356976' lon='10.2255879'/>
  <node id='-3422' version='0' action='modify' visible='true' lat='59.6358908' lon='10.2255155'/>
  <node id='-3423' version='0' action='modify' visible='true' lat='59.6360589' lon='10.2254632'/>
  <node id='-3424' version='0' action='modify' visible='true' lat='59.6362379' lon='10.2254149'/>
  <node id='-3425' version='0' action='modify' visible='true' lat='59.6364073' lon='10.2253774'/>
  <node id='-3426' version='0' action='modify' visible='true' lat='59.6365512' lon='10.2253517'/>
  <node id='-3427' version='0' action='modify' visible='true' lat='59.6369931' lon='10.2253237'/>
  <node id='-3428' version='0' action='modify' visible='true' lat='59.6375225' lon='10.2253009'/>
  <node id='-3429' version='0' action='modify' visible='true' lat='59.6377408' lon='10.2252983'/>
  <node id='-3430' version='0' action='modify' visible='true' lat='59.6379672' lon='10.2253036'/>
  <node id='-3431' version='0' action='modify' visible='true' lat='59.6381326' lon='10.2253157'/>
  <node id='-3432' version='0' action='modify' visible='true' lat='59.6383075' lon='10.2253439'/>
  <node id='-3433' version='0' action='modify' visible='true' lat='59.6385190' lon='10.2253881'/>
  <node id='-3434' version='0' action='modify' visible='true' lat='59.6387311' lon='10.2254538'/>
  <node id='-3435' version='0' action='modify' visible='true' lat='59.6389257' lon='10.2255195'/>
  <node id='-3436' version='0' action='modify' visible='true' lat='59.6391168' lon='10.2256000'/>
  <node id='-3437' version='0' action='modify' visible='true' lat='59.6392795' lon='10.2256791'/>
  <node id='-3438' version='0' action='modify' visible='true' lat='59.6396415' lon='10.2258937'/>
  <node id='-3439' version='0' action='modify' visible='true' lat='59.6399031' lon='10.2260157'/>
  <node id='-3440' version='0' action='modify' visible='true' lat='59.6401621' lon='10.2261284'/>
  <node id='-3441' version='0' action='modify' visible='true' lat='59.6403288' lon='10.2261847'/>
  <node id='-3442' version='0' action='modify' visible='true' lat='59.6404888' lon='10.2262129'/>
  <node id='-3443' version='0' action='modify' visible='true' lat='59.6406128' lon='10.2262276'/>
  <node id='-3444' version='0' action='modify' visible='true' lat='59.6407396' lon='10.2262343'/>
  <node id='-3445' version='0' action='modify' visible='true' lat='59.6408880' lon='10.2262209'/>
  <node id='-3446' version='0' action='modify' visible='true' lat='59.6409995' lon='10.2262095'/>
  <node id='-3447' version='0' action='modify' visible='true' lat='59.6411165' lon='10.2261807'/>
  <node id='-3448' version='0' action='modify' visible='true' lat='59.6412202' lon='10.2261432'/>
  <node id='-3449' version='0' action='modify' visible='true' lat='59.6413137' lon='10.2261049'/>
  <node id='-3450' version='0' action='modify' visible='true' lat='59.6414194' lon='10.2260526'/>
  <node id='-3451' version='0' action='modify' visible='true' lat='59.6415530' lon='10.2259769'/>
  <node id='-3452' version='0' action='modify' visible='true' lat='59.6416703' lon='10.2258988'/>
  <node id='-3453' version='0' action='modify' visible='true' lat='59.6419469' lon='10.2256735'/>
  <node id='-3454' version='0' action='modify' visible='true' lat='59.6421806' lon='10.2254270'/>
  <node id='-3455' version='0' action='modify' visible='true' lat='59.6424958' lon='10.2250991'/>
  <node id='-3456' version='0' action='modify' visible='true' lat='59.6427194' lon='10.2248718'/>
  <node id='-3457' version='0' action='modify' visible='true' lat='59.6428885' lon='10.2247283'/>
  <node id='-3458' version='0' action='modify' visible='true' lat='59.6430097' lon='10.2246328'/>
  <node id='-3459' version='0' action='modify' visible='true' lat='59.6432041' lon='10.2245043'/>
  <node id='-3460' version='0' action='modify' visible='true' lat='59.6433176' lon='10.2244426'/>
  <node id='-3461' version='0' action='modify' visible='true' lat='59.6435410' lon='10.2243324'/>
  <node id='-3462' version='0' action='modify' visible='true' lat='59.6437471' lon='10.2242573'/>
  <node id='-3463' version='0' action='modify' visible='true' lat='59.6439049' lon='10.2242187'/>
  <node id='-3464' version='0' action='modify' visible='true' lat='59.6440540' lon='10.2241972'/>
  <node id='-3465' version='0' action='modify' visible='true' lat='59.6441841' lon='10.2241878'/>
  <node id='-3466' version='0' action='modify' visible='true' lat='59.6443339' lon='10.2241851'/>
  <node id='-3467' version='0' action='modify' visible='true' lat='59.6444559' lon='10.2241918'/>
  <node id='-3468' version='0' action='modify' visible='true' lat='59.6445840' lon='10.2242187'/>
  <node id='-3469' version='0' action='modify' visible='true' lat='59.6447256' lon='10.2242522'/>
  <node id='-3470' version='0' action='modify' visible='true' lat='59.6448761' lon='10.2243045'/>
  <node id='-3471' version='0' action='modify' visible='true' lat='59.6450665' lon='10.2243917'/>
  <node id='-3472' version='0' action='modify' visible='true' lat='59.6452644' lon='10.2244869'/>
  <node id='-3473' version='0' action='modify' visible='true' lat='59.6455890' lon='10.2246478'/>
  <node id='-3474' version='0' action='modify' visible='true' lat='59.6459747' lon='10.2248329'/>
  <node id='-3475' version='0' action='modify' visible='true' lat='59.6461089' lon='10.2248959'/>
  <node id='-3476' version='0' action='modify' visible='true' lat='59.6462857' lon='10.2249616'/>
  <node id='-3477' version='0' action='modify' visible='true' lat='59.6464823' lon='10.2250086'/>
  <node id='-3478' version='0' action='modify' visible='true' lat='59.6467005' lon='10.2250448'/>
  <node id='-3479' version='0' action='modify' visible='true' lat='59.6469601' lon='10.2250729'/>
  <node id='-3480' version='0' action='modify' visible='true' lat='59.6471308' lon='10.2250756'/>
  <node id='-3481' version='0' action='modify' visible='true' lat='59.6473125' lon='10.2250542'/>
  <node id='-3482' version='0' action='modify' visible='true' lat='59.6473445' lon='10.2250193'/>
  <node id='-3483' version='0' action='modify' visible='true' lat='59.6473675' lon='10.2249496'/>
  <node id='-3484' version='0' action='modify' visible='true' lat='59.6473803' lon='10.2248858'/>
  <node id='-3485' version='0' action='modify' visible='true' lat='59.6473743' lon='10.2248128'/>
  <node id='-3486' version='0' action='modify' visible='true' lat='59.6473038' lon='10.2244427'/>
  <node id='-3487' version='0' action='modify' visible='true' lat='59.6472822' lon='10.2243112'/>
  <node id='-3488' version='0' action='modify' visible='true' lat='59.6473170' lon='10.2242580'/>
  <node id='-3489' version='0' action='modify' visible='true' lat='59.6472270' lon='10.2239830'/>
  <node id='-3490' version='0' action='modify' visible='true' lat='59.6471740' lon='10.2238340'/>
  <node id='-3491' version='0' action='modify' visible='true' lat='59.6470550' lon='10.2235270'/>
  <node id='-3492' version='0' action='modify' visible='true' lat='59.6469776' lon='10.2233010'/>
  <node id='-3493' version='0' action='modify' visible='true' lat='59.6469140' lon='10.2231150'/>
  <node id='-3494' version='0' action='modify' visible='true' lat='59.6468800' lon='10.2229980'/>
  <node id='-3495' version='0' action='modify' visible='true' lat='59.6468506' lon='10.2228823'/>
  <node id='-3496' version='0' action='modify' visible='true' lat='59.6468270' lon='10.2227550'/>
  <node id='-3497' version='0' action='modify' visible='true' lat='59.6467830' lon='10.2224710'/>
  <node id='-3498' version='0' action='modify' visible='true' lat='59.6467401' lon='10.2221547'/>
  <node id='-3499' version='0' action='modify' visible='true' lat='59.6467154' lon='10.2219569'/>
  <node id='-3500' version='0' action='modify' visible='true' lat='59.6466842' lon='10.2216860'/>
  <node id='-3501' version='0' action='modify' visible='true' lat='59.6466540' lon='10.2214250'/>
  <node id='-3502' version='0' action='modify' visible='true' lat='59.6466200' lon='10.2211280'/>
  <node id='-3503' version='0' action='modify' visible='true' lat='59.6465630' lon='10.2206740'/>
  <node id='-3504' version='0' action='modify' visible='true' lat='59.6465185' lon='10.2203127'/>
  <node id='-3505' version='0' action='modify' visible='true' lat='59.6464886' lon='10.2200095'/>
  <node id='-3506' version='0' action='modify' visible='true' lat='59.6464738' lon='10.2198487'/>
  <node id='-3507' version='0' action='modify' visible='true' lat='59.6464704' lon='10.2197548'/>
  <node id='-3508' version='0' action='modify' visible='true' lat='59.6464735' lon='10.2196321'/>
  <node id='-3509' version='0' action='modify' visible='true' lat='59.6464840' lon='10.2195161'/>
  <node id='-3510' version='0' action='modify' visible='true' lat='59.6465010' lon='10.2193890'/>
  <node id='-3511' version='0' action='modify' visible='true' lat='59.6465378' lon='10.2191996'/>
  <node id='-3512' version='0' action='modify' visible='true' lat='59.6466939' lon='10.2185127'/>
  <node id='-3513' version='0' action='modify' visible='true' lat='59.6467720' lon='10.2181780'/>
  <node id='-3514' version='0' action='modify' visible='true' lat='59.6468660' lon='10.2177680'/>
  <node id='-3515' version='0' action='modify' visible='true' lat='59.6469070' lon='10.2175560'/>
  <node id='-3516' version='0' action='modify' visible='true' lat='59.6469310' lon='10.2173880'/>
  <node id='-3517' version='0' action='modify' visible='true' lat='59.6469450' lon='10.2172100'/>
  <node id='-3518' version='0' action='modify' visible='true' lat='59.6469490' lon='10.2170810'/>
  <node id='-3519' version='0' action='modify' visible='true' lat='59.6469450' lon='10.2169020'/>
  <node id='-3520' version='0' action='modify' visible='true' lat='59.6469304' lon='10.2166944'/>
  <node id='-3521' version='0' action='modify' visible='true' lat='59.6469113' lon='10.2164771'/>
  <node id='-3522' version='0' action='modify' visible='true' lat='59.6468828' lon='10.2161767'/>
  <node id='-3523' version='0' action='modify' visible='true' lat='59.6468564' lon='10.2158602'/>
  <node id='-3524' version='0' action='modify' visible='true' lat='59.6468347' lon='10.2155196'/>
  <node id='-3525' version='0' action='modify' visible='true' lat='59.6468255' lon='10.2152889'/>
  <node id='-3526' version='0' action='modify' visible='true' lat='59.6468194' lon='10.2150583'/>
  <node id='-3527' version='0' action='modify' visible='true' lat='59.6468235' lon='10.2148497'/>
  <node id='-3528' version='0' action='modify' visible='true' lat='59.6468337' lon='10.2146412'/>
  <node id='-3529' version='0' action='modify' visible='true' lat='59.6468510' lon='10.2144420'/>
  <node id='-3530' version='0' action='modify' visible='true' lat='59.6469040' lon='10.2137930'/>
  <node id='-3531' version='0' action='modify' visible='true' lat='59.6469900' lon='10.2127930'/>
  <node id='-3532' version='0' action='modify' visible='true' lat='59.6470250' lon='10.2123680'/>
  <node id='-3533' version='0' action='modify' visible='true' lat='59.6470500' lon='10.2119630'/>
  <node id='-3534' version='0' action='modify' visible='true' lat='59.6470700' lon='10.2115910'/>
  <node id='-3535' version='0' action='modify' visible='true' lat='59.6470730' lon='10.2114940'/>
  <node id='-3536' version='0' action='modify' visible='true' lat='59.6470710' lon='10.2114700'/>
  <node id='-3537' version='0' action='modify' visible='true' lat='59.6471660' lon='10.2114590'/>
  <node id='-3538' version='0' action='modify' visible='true' lat='59.6475450' lon='10.2113840'/>
  <node id='-3539' version='0' action='modify' visible='true' lat='59.6476430' lon='10.2113450'/>
  <node id='-3540' version='0' action='modify' visible='true' lat='59.6479703' lon='10.2111661'/>
  <node id='-3541' version='0' action='modify' visible='true' lat='59.6480930' lon='10.2111000'/>
  <node id='-3542' version='0' action='modify' visible='true' lat='59.6483190' lon='10.2109560'/>
  <node id='-3543' version='0' action='modify' visible='true' lat='59.6485150' lon='10.2108140'/>
  <node id='-3544' version='0' action='modify' visible='true' lat='59.6486680' lon='10.2106800'/>
  <node id='-3545' version='0' action='modify' visible='true' lat='59.6487910' lon='10.2105540'/>
  <node id='-3546' version='0' action='modify' visible='true' lat='59.6489230' lon='10.2104320'/>
  <node id='-3547' version='0' action='modify' visible='true' lat='59.6489540' lon='10.2104030'/>
  <node id='-3548' version='0' action='modify' visible='true' lat='59.6490390' lon='10.2103410'/>
  <node id='-3549' version='0' action='modify' visible='true' lat='59.6491640' lon='10.2102790'/>
  <node id='-3550' version='0' action='modify' visible='true' lat='59.6493550' lon='10.2102160'/>
  <node id='-3551' version='0' action='modify' visible='true' lat='59.6495710' lon='10.2101530'/>
  <node id='-3552' version='0' action='modify' visible='true' lat='59.6497650' lon='10.2100840'/>
  <node id='-3553' version='0' action='modify' visible='true' lat='59.6498560' lon='10.2100500'/>
  <node id='-3554' version='0' action='modify' visible='true' lat='59.6500290' lon='10.2099600'/>
  <node id='-3555' version='0' action='modify' visible='true' lat='59.6501680' lon='10.2098720'/>
  <node id='-3556' version='0' action='modify' visible='true' lat='59.6502860' lon='10.2097720'/>
  <node id='-3557' version='0' action='modify' visible='true' lat='59.6504290' lon='10.2096290'/>
  <node id='-3558' version='0' action='modify' visible='true' lat='59.6505350' lon='10.2094930'/>
  <node id='-3559' version='0' action='modify' visible='true' lat='59.6508010' lon='10.2091060'/>
  <node id='-3560' version='0' action='modify' visible='true' lat='59.6509210' lon='10.2089310'/>
  <node id='-3561' version='0' action='modify' visible='true' lat='59.6510270' lon='10.2087980'/>
  <node id='-3562' version='0' action='modify' visible='true' lat='59.6510700' lon='10.2087430'/>
  <node id='-3563' version='0' action='modify' visible='true' lat='59.6511850' lon='10.2086180'/>
  <node id='-3564' version='0' action='modify' visible='true' lat='59.6514090' lon='10.2084050'/>
  <node id='-3565' version='0' action='modify' visible='true' lat='59.6516760' lon='10.2081600'/>
  <node id='-3566' version='0' action='modify' visible='true' lat='59.6519420' lon='10.2079210'/>
  <node id='-3567' version='0' action='modify' visible='true' lat='59.6520290' lon='10.2078650'/>
  <node id='-3568' version='0' action='modify' visible='true' lat='59.6520920' lon='10.2078430'/>
  <node id='-3569' version='0' action='modify' visible='true' lat='59.6521790' lon='10.2078380'/>
  <node id='-3570' version='0' action='modify' visible='true' lat='59.6522500' lon='10.2078420'/>
  <node id='-3571' version='0' action='modify' visible='true' lat='59.6523100' lon='10.2078720'/>
  <node id='-3572' version='0' action='modify' visible='true' lat='59.6523840' lon='10.2079130'/>
  <node id='-3573' version='0' action='modify' visible='true' lat='59.6524450' lon='10.2079650'/>
  <node id='-3574' version='0' action='modify' visible='true' lat='59.6526520' lon='10.2081740'/>
  <node id='-3575' version='0' action='modify' visible='true' lat='59.6528040' lon='10.2083370'/>
  <node id='-3576' version='0' action='modify' visible='true' lat='59.6529040' lon='10.2084330'/>
  <node id='-3577' version='0' action='modify' visible='true' lat='59.6533509' lon='10.2087851'/>
  <node id='-3578' version='0' action='modify' visible='true' lat='59.6535300' lon='10.2089210'/>
  <node id='-3579' version='0' action='modify' visible='true' lat='59.6536470' lon='10.2089840'/>
  <node id='-3580' version='0' action='modify' visible='true' lat='59.6537150' lon='10.2090060'/>
  <node id='-3581' version='0' action='modify' visible='true' lat='59.6538180' lon='10.2090130'/>
  <node id='-3582' version='0' action='modify' visible='true' lat='59.6540560' lon='10.2089990'/>
  <node id='-3583' version='0' action='modify' visible='true' lat='59.6541190' lon='10.2090050'/>
  <node id='-3584' version='0' action='modify' visible='true' lat='59.6541810' lon='10.2090250'/>
  <node id='-3585' version='0' action='modify' visible='true' lat='59.6542400' lon='10.2090610'/>
  <node id='-3586' version='0' action='modify' visible='true' lat='59.6542890' lon='10.2091040'/>
  <node id='-3587' version='0' action='modify' visible='true' lat='59.6543510' lon='10.2091870'/>
  <node id='-3588' version='0' action='modify' visible='true' lat='59.6544010' lon='10.2092820'/>
  <node id='-3589' version='0' action='modify' visible='true' lat='59.6545360' lon='10.2095890'/>
  <node id='-3590' version='0' action='modify' visible='true' lat='59.6545880' lon='10.2096880'/>
  <node id='-3591' version='0' action='modify' visible='true' lat='59.6546350' lon='10.2097550'/>
  <node id='-3592' version='0' action='modify' visible='true' lat='59.6547270' lon='10.2098300'/>
  <node id='-3593' version='0' action='modify' visible='true' lat='59.6547980' lon='10.2098580'/>
  <node id='-3594' version='0' action='modify' visible='true' lat='59.6549010' lon='10.2098610'/>
  <node id='-3595' version='0' action='modify' visible='true' lat='59.6550190' lon='10.2098350'/>
  <node id='-3596' version='0' action='modify' visible='true' lat='59.6552340' lon='10.2097510'/>
  <node id='-3597' version='0' action='modify' visible='true' lat='59.6553049' lon='10.2097184'/>
  <node id='-3598' version='0' action='modify' visible='true' lat='59.6554820' lon='10.2096370'/>
  <node id='-3599' version='0' action='modify' visible='true' lat='59.6556180' lon='10.2095750'/>
  <node id='-3600' version='0' action='modify' visible='true' lat='59.6559370' lon='10.2094600'/>
  <node id='-3601' version='0' action='modify' visible='true' lat='59.6560290' lon='10.2094470'/>
  <node id='-3602' version='0' action='modify' visible='true' lat='59.6561240' lon='10.2094490'/>
  <node id='-3603' version='0' action='modify' visible='true' lat='59.6562020' lon='10.2094650'/>
  <node id='-3604' version='0' action='modify' visible='true' lat='59.6563340' lon='10.2095170'/>
  <node id='-3605' version='0' action='modify' visible='true' lat='59.6564800' lon='10.2096140'/>
  <node id='-3606' version='0' action='modify' visible='true' lat='59.6565950' lon='10.2097020'/>
  <node id='-3607' version='0' action='modify' visible='true' lat='59.6567150' lon='10.2098060'/>
  <node id='-3608' version='0' action='modify' visible='true' lat='59.6568650' lon='10.2099590'/>
  <node id='-3609' version='0' action='modify' visible='true' lat='59.6569650' lon='10.2100940'/>
  <node id='-3610' version='0' action='modify' visible='true' lat='59.6570270' lon='10.2102040'/>
  <node id='-3611' version='0' action='modify' visible='true' lat='59.6570760' lon='10.2103210'/>
  <node id='-3612' version='0' action='modify' visible='true' lat='59.6571100' lon='10.2104210'/>
  <node id='-3613' version='0' action='modify' visible='true' lat='59.6571400' lon='10.2105340'/>
  <node id='-3614' version='0' action='modify' visible='true' lat='59.6572620' lon='10.2111440'/>
  <node id='-3615' version='0' action='modify' visible='true' lat='59.6573130' lon='10.2113470'/>
  <node id='-3616' version='0' action='modify' visible='true' lat='59.6573780' lon='10.2115490'/>
  <node id='-3617' version='0' action='modify' visible='true' lat='59.6574560' lon='10.2117710'/>
  <node id='-3618' version='0' action='modify' visible='true' lat='59.6574930' lon='10.2119020'/>
  <node id='-3619' version='0' action='modify' visible='true' lat='59.6575200' lon='10.2120440'/>
  <node id='-3620' version='0' action='modify' visible='true' lat='59.6575740' lon='10.2123650'/>
  <node id='-3621' version='0' action='modify' visible='true' lat='59.6575960' lon='10.2124670'/>
  <node id='-3622' version='0' action='modify' visible='true' lat='59.6576240' lon='10.2125570'/>
  <node id='-3623' version='0' action='modify' visible='true' lat='59.6576460' lon='10.2126060'/>
  <node id='-3624' version='0' action='modify' visible='true' lat='59.6576970' lon='10.2126890'/>
  <node id='-3625' version='0' action='modify' visible='true' lat='59.6577520' lon='10.2127450'/>
  <node id='-3626' version='0' action='modify' visible='true' lat='59.6578500' lon='10.2127900'/>
  <node id='-3627' version='0' action='modify' visible='true' lat='59.6579300' lon='10.2127930'/>
  <node id='-3628' version='0' action='modify' visible='true' lat='59.6580290' lon='10.2127800'/>
  <node id='-3629' version='0' action='modify' visible='true' lat='59.6581590' lon='10.2127240'/>
  <node id='-3630' version='0' action='modify' visible='true' lat='59.6582900' lon='10.2126220'/>
  <node id='-3631' version='0' action='modify' visible='true' lat='59.6583680' lon='10.2125380'/>
  <node id='-3632' version='0' action='modify' visible='true' lat='59.6585190' lon='10.2123420'/>
  <node id='-3633' version='0' action='modify' visible='true' lat='59.6586930' lon='10.2121040'/>
  <node id='-3634' version='0' action='modify' visible='true' lat='59.6587960' lon='10.2119810'/>
  <node id='-3635' version='0' action='modify' visible='true' lat='59.6588560' lon='10.2119390'/>
  <node id='-3636' version='0' action='modify' visible='true' lat='59.6589350' lon='10.2119080'/>
  <node id='-3637' version='0' action='modify' visible='true' lat='59.6589930' lon='10.2119100'/>
  <node id='-3638' version='0' action='modify' visible='true' lat='59.6590740' lon='10.2119540'/>
  <node id='-3639' version='0' action='modify' visible='true' lat='59.6591580' lon='10.2120430'/>
  <node id='-3640' version='0' action='modify' visible='true' lat='59.6592220' lon='10.2121390'/>
  <node id='-3641' version='0' action='modify' visible='true' lat='59.6594160' lon='10.2124120'/>
  <node id='-3642' version='0' action='modify' visible='true' lat='59.6594970' lon='10.2125070'/>
  <node id='-3643' version='0' action='modify' visible='true' lat='59.6595930' lon='10.2125890'/>
  <node id='-3644' version='0' action='modify' visible='true' lat='59.6596990' lon='10.2126470'/>
  <node id='-3645' version='0' action='modify' visible='true' lat='59.6597980' lon='10.2126750'/>
  <node id='-3646' version='0' action='modify' visible='true' lat='59.6598650' lon='10.2126760'/>
  <node id='-3647' version='0' action='modify' visible='true' lat='59.6599690' lon='10.2126580'/>
  <node id='-3648' version='0' action='modify' visible='true' lat='59.6600440' lon='10.2126260'/>
  <node id='-3649' version='0' action='modify' visible='true' lat='59.6605190' lon='10.2123890'/>
  <node id='-3650' version='0' action='modify' visible='true' lat='59.6606150' lon='10.2123810'/>
  <node id='-3651' version='0' action='modify' visible='true' lat='59.6606770' lon='10.2123970'/>
  <node id='-3652' version='0' action='modify' visible='true' lat='59.6607350' lon='10.2124350'/>
  <node id='-3653' version='0' action='modify' visible='true' lat='59.6608020' lon='10.2124980'/>
  <node id='-3654' version='0' action='modify' visible='true' lat='59.6609470' lon='10.2126600'/>
  <node id='-3655' version='0' action='modify' visible='true' lat='59.6610090' lon='10.2127160'/>
  <node id='-3656' version='0' action='modify' visible='true' lat='59.6613260' lon='10.2129800'/>
  <node id='-3657' version='0' action='modify' visible='true' lat='59.6615130' lon='10.2131270'/>
  <node id='-3658' version='0' action='modify' visible='true' lat='59.6615760' lon='10.2131590'/>
  <node id='-3659' version='0' action='modify' visible='true' lat='59.6617060' lon='10.2131990'/>
  <node id='-3660' version='0' action='modify' visible='true' lat='59.6618210' lon='10.2132040'/>
  <node id='-3661' version='0' action='modify' visible='true' lat='59.6619240' lon='10.2131870'/>
  <node id='-3662' version='0' action='modify' visible='true' lat='59.6620250' lon='10.2131500'/>
  <node id='-3663' version='0' action='modify' visible='true' lat='59.6621210' lon='10.2130880'/>
  <node id='-3664' version='0' action='modify' visible='true' lat='59.6622070' lon='10.2130120'/>
  <node id='-3665' version='0' action='modify' visible='true' lat='59.6624320' lon='10.2127930'/>
  <node id='-3666' version='0' action='modify' visible='true' lat='59.6625100' lon='10.2127380'/>
  <node id='-3667' version='0' action='modify' visible='true' lat='59.6626020' lon='10.2127050'/>
  <node id='-3668' version='0' action='modify' visible='true' lat='59.6626660' lon='10.2127060'/>
  <node id='-3669' version='0' action='modify' visible='true' lat='59.6627330' lon='10.2127270'/>
  <node id='-3670' version='0' action='modify' visible='true' lat='59.6628500' lon='10.2128150'/>
  <node id='-3671' version='0' action='modify' visible='true' lat='59.6629140' lon='10.2128990'/>
  <node id='-3672' version='0' action='modify' visible='true' lat='59.6630160' lon='10.2130480'/>
  <node id='-3673' version='0' action='modify' visible='true' lat='59.6631400' lon='10.2132040'/>
  <node id='-3674' version='0' action='modify' visible='true' lat='59.6632690' lon='10.2133220'/>
  <node id='-3675' version='0' action='modify' visible='true' lat='59.6634030' lon='10.2134230'/>
  <node id='-3676' version='0' action='modify' visible='true' lat='59.6634950' lon='10.2134810'/>
  <node id='-3677' version='0' action='modify' visible='true' lat='59.6635680' lon='10.2135150'/>
  <node id='-3678' version='0' action='modify' visible='true' lat='59.6639020' lon='10.2135900'/>
  <node id='-3679' version='0' action='modify' visible='true' lat='59.6639810' lon='10.2136300'/>
  <node id='-3680' version='0' action='modify' visible='true' lat='59.6641040' lon='10.2137330'/>
  <node id='-3681' version='0' action='modify' visible='true' lat='59.6644020' lon='10.2140350'/>
  <node id='-3682' version='0' action='modify' visible='true' lat='59.6645890' lon='10.2141780'/>
  <node id='-3683' version='0' action='modify' visible='true' lat='59.6648110' lon='10.2143570'/>
  <node id='-3684' version='0' action='modify' visible='true' lat='59.6649930' lon='10.2145250'/>
  <node id='-3685' version='0' action='modify' visible='true' lat='59.6651070' lon='10.2146100'/>
  <node id='-3686' version='0' action='modify' visible='true' lat='59.6652110' lon='10.2146540'/>
  <node id='-3687' version='0' action='modify' visible='true' lat='59.6653200' lon='10.2146710'/>
  <node id='-3688' version='0' action='modify' visible='true' lat='59.6653700' lon='10.2146920'/>
  <node id='-3689' version='0' action='modify' visible='true' lat='59.6654010' lon='10.2147190'/>
  <node id='-3690' version='0' action='modify' visible='true' lat='59.6654250' lon='10.2147480'/>
  <node id='-3691' version='0' action='modify' visible='true' lat='59.6654510' lon='10.2148080'/>
  <node id='-3692' version='0' action='modify' visible='true' lat='59.6654890' lon='10.2149160'/>
  <node id='-3693' version='0' action='modify' visible='true' lat='59.6655187' lon='10.2150220'/>
  <node id='-3694' version='0' action='modify' visible='true' lat='59.6655282' lon='10.2150643'/>
  <node id='-3695' version='0' action='modify' visible='true' lat='59.6655345' lon='10.2151173'/>
  <node id='-3696' version='0' action='modify' visible='true' lat='59.6655397' lon='10.2151796'/>
  <node id='-3697' version='0' action='modify' visible='true' lat='59.6655386' lon='10.2152373'/>
  <node id='-3698' version='0' action='modify' visible='true' lat='59.6655305' lon='10.2152957'/>
  <node id='-3699' version='0' action='modify' visible='true' lat='59.6655190' lon='10.2153540'/>
  <node id='-3700' version='0' action='modify' visible='true' lat='59.6654979' lon='10.2154137'/>
  <node id='-3701' version='0' action='modify' visible='true' lat='59.6654696' lon='10.2154686'/>
  <node id='-3702' version='0' action='modify' visible='true' lat='59.6654302' lon='10.2155317'/>
  <node id='-3703' version='0' action='modify' visible='true' lat='59.6653300' lon='10.2156443'/>
  <node id='-3704' version='0' action='modify' visible='true' lat='59.6651159' lon='10.2157999'/>
  <node id='-3705' version='0' action='modify' visible='true' lat='59.6650104' lon='10.2158703'/>
  <node id='-3706' version='0' action='modify' visible='true' lat='59.6649425' lon='10.2159487'/>
  <node id='-3707' version='0' action='modify' visible='true' lat='59.6649047' lon='10.2160218'/>
  <node id='-3708' version='0' action='modify' visible='true' lat='59.6648864' lon='10.2160862'/>
  <node id='-3709' version='0' action='modify' visible='true' lat='59.6648762' lon='10.2161821'/>
  <node id='-3710' version='0' action='modify' visible='true' lat='59.6648796' lon='10.2162592'/>
  <node id='-3711' version='0' action='modify' visible='true' lat='59.6648891' lon='10.2163357'/>
  <node id='-3712' version='0' action='modify' visible='true' lat='59.6649108' lon='10.2164242'/>
  <node id='-3713' version='0' action='modify' visible='true' lat='59.6649845' lon='10.2166314'/>
  <node id='-3714' version='0' action='modify' visible='true' lat='59.6650585' lon='10.2168426'/>
  <node id='-3715' version='0' action='modify' visible='true' lat='59.6651350' lon='10.2170974'/>
  <node id='-3716' version='0' action='modify' visible='true' lat='59.6652176' lon='10.2173951'/>
  <node id='-3717' version='0' action='modify' visible='true' lat='59.6652657' lon='10.2176091'/>
  <node id='-3718' version='0' action='modify' visible='true' lat='59.6653070' lon='10.2178095'/>
  <node id='-3719' version='0' action='modify' visible='true' lat='59.6653295' lon='10.2179740'/>
  <node id='-3720' version='0' action='modify' visible='true' lat='59.6653435' lon='10.2182165'/>
  <node id='-3721' version='0' action='modify' visible='true' lat='59.6653375' lon='10.2184466'/>
  <node id='-3722' version='0' action='modify' visible='true' lat='59.6652961' lon='10.2190883'/>
  <node id='-3723' version='0' action='modify' visible='true' lat='59.6652135' lon='10.2201316'/>
  <node id='-3724' version='0' action='modify' visible='true' lat='59.6652012' lon='10.2204213'/>
  <node id='-3725' version='0' action='modify' visible='true' lat='59.6652143' lon='10.2206191'/>
  <node id='-3726' version='0' action='modify' visible='true' lat='59.6653965' lon='10.2215210'/>
  <node id='-3727' version='0' action='modify' visible='true' lat='59.6654642' lon='10.2218060'/>
  <node id='-3728' version='0' action='modify' visible='true' lat='59.6655041' lon='10.2219509'/>
  <node id='-3729' version='0' action='modify' visible='true' lat='59.6655400' lon='10.2220434'/>
  <node id='-3730' version='0' action='modify' visible='true' lat='59.6655841' lon='10.2221346'/>
  <node id='-3731' version='0' action='modify' visible='true' lat='59.6656247' lon='10.2222030'/>
  <node id='-3732' version='0' action='modify' visible='true' lat='59.6656741' lon='10.2222614'/>
  <node id='-3733' version='0' action='modify' visible='true' lat='59.6657412' lon='10.2223264'/>
  <node id='-3734' version='0' action='modify' visible='true' lat='59.6658997' lon='10.2224511'/>
  <node id='-3735' version='0' action='modify' visible='true' lat='59.6660067' lon='10.2225450'/>
  <node id='-3736' version='0' action='modify' visible='true' lat='59.6661625' lon='10.2227086'/>
  <node id='-3737' version='0' action='modify' visible='true' lat='59.6662993' lon='10.2228668'/>
  <node id='-3738' version='0' action='modify' visible='true' lat='59.6664930' lon='10.2231250'/>
  <node id='-3739' version='0' action='modify' visible='true' lat='59.6666305' lon='10.2233122'/>
  <node id='-3740' version='0' action='modify' visible='true' lat='59.6667070' lon='10.2234090'/>
  <node id='-3741' version='0' action='modify' visible='true' lat='59.6667630' lon='10.2234760'/>
  <node id='-3742' version='0' action='modify' visible='true' lat='59.6668390' lon='10.2235450'/>
  <node id='-3743' version='0' action='modify' visible='true' lat='59.6669310' lon='10.2236120'/>
  <node id='-3744' version='0' action='modify' visible='true' lat='59.6672900' lon='10.2238010'/>
  <node id='-3745' version='0' action='modify' visible='true' lat='59.6673800' lon='10.2238590'/>
  <node id='-3746' version='0' action='modify' visible='true' lat='59.6675390' lon='10.2239980'/>
  <node id='-3747' version='0' action='modify' visible='true' lat='59.6676170' lon='10.2240850'/>
  <node id='-3748' version='0' action='modify' visible='true' lat='59.6676750' lon='10.2241800'/>
  <node id='-3749' version='0' action='modify' visible='true' lat='59.6676990' lon='10.2242290'/>
  <node id='-3750' version='0' action='modify' visible='true' lat='59.6677410' lon='10.2243440'/>
  <node id='-3751' version='0' action='modify' visible='true' lat='59.6677650' lon='10.2244570'/>
  <node id='-3752' version='0' action='modify' visible='true' lat='59.6677850' lon='10.2246260'/>
  <node id='-3753' version='0' action='modify' visible='true' lat='59.6677790' lon='10.2247960'/>
  <node id='-3754' version='0' action='modify' visible='true' lat='59.6677450' lon='10.2251370'/>
  <node id='-3755' version='0' action='modify' visible='true' lat='59.6677410' lon='10.2252940'/>
  <node id='-3756' version='0' action='modify' visible='true' lat='59.6677490' lon='10.2254190'/>
  <node id='-3757' version='0' action='modify' visible='true' lat='59.6677760' lon='10.2255890'/>
  <node id='-3758' version='0' action='modify' visible='true' lat='59.6678260' lon='10.2258330'/>
  <node id='-3759' version='0' action='modify' visible='true' lat='59.6678820' lon='10.2260790'/>
  <node id='-3760' version='0' action='modify' visible='true' lat='59.6679310' lon='10.2262660'/>
  <node id='-3761' version='0' action='modify' visible='true' lat='59.6680010' lon='10.2264930'/>
  <node id='-3762' version='0' action='modify' visible='true' lat='59.6680680' lon='10.2266770'/>
  <node id='-3763' version='0' action='modify' visible='true' lat='59.6681270' lon='10.2268090'/>
  <node id='-3764' version='0' action='modify' visible='true' lat='59.6683000' lon='10.2271520'/>
  <node id='-3765' version='0' action='modify' visible='true' lat='59.6684110' lon='10.2273910'/>
  <node id='-3766' version='0' action='modify' visible='true' lat='59.6684770' lon='10.2275630'/>
  <node id='-3767' version='0' action='modify' visible='true' lat='59.6686050' lon='10.2280120'/>
  <node id='-3768' version='0' action='modify' visible='true' lat='59.6686670' lon='10.2282040'/>
  <node id='-3769' version='0' action='modify' visible='true' lat='59.6687200' lon='10.2283230'/>
  <node id='-3770' version='0' action='modify' visible='true' lat='59.6687900' lon='10.2284410'/>
  <node id='-3771' version='0' action='modify' visible='true' lat='59.6690030' lon='10.2286670'/>
  <node id='-3772' version='0' action='modify' visible='true' lat='59.6690900' lon='10.2287500'/>
  <node id='-3773' version='0' action='modify' visible='true' lat='59.6691950' lon='10.2288710'/>
  <node id='-3774' version='0' action='modify' visible='true' lat='59.6692420' lon='10.2289400'/>
  <node id='-3775' version='0' action='modify' visible='true' lat='59.6692860' lon='10.2290280'/>
  <node id='-3776' version='0' action='modify' visible='true' lat='59.6693180' lon='10.2291300'/>
  <node id='-3777' version='0' action='modify' visible='true' lat='59.6693410' lon='10.2292300'/>
  <node id='-3778' version='0' action='modify' visible='true' lat='59.6693510' lon='10.2293480'/>
  <node id='-3779' version='0' action='modify' visible='true' lat='59.6693680' lon='10.2297370'/>
  <node id='-3780' version='0' action='modify' visible='true' lat='59.6693870' lon='10.2298660'/>
  <node id='-3781' version='0' action='modify' visible='true' lat='59.6694170' lon='10.2300020'/>
  <node id='-3782' version='0' action='modify' visible='true' lat='59.6694570' lon='10.2301150'/>
  <node id='-3783' version='0' action='modify' visible='true' lat='59.6695340' lon='10.2302770'/>
  <node id='-3784' version='0' action='modify' visible='true' lat='59.6699150' lon='10.2308900'/>
  <node id='-3785' version='0' action='modify' visible='true' lat='59.6699720' lon='10.2309990'/>
  <node id='-3786' version='0' action='modify' visible='true' lat='59.6700324' lon='10.2311669'/>
  <node id='-3787' version='0' action='modify' visible='true' lat='59.6700703' lon='10.2312849'/>
  <node id='-3788' version='0' action='modify' visible='true' lat='59.6701096' lon='10.2314606'/>
  <node id='-3789' version='0' action='modify' visible='true' lat='59.6701496' lon='10.2317543'/>
  <node id='-3790' version='0' action='modify' visible='true' lat='59.6701983' lon='10.2321695'/>
  <node id='-3791' version='0' action='modify' visible='true' lat='59.6703777' lon='10.2336201'/>
  <node id='-3792' version='0' action='modify' visible='true' lat='59.6705570' lon='10.2350707'/>
  <node id='-3793' version='0' action='modify' visible='true' lat='59.6707364' lon='10.2365213'/>
  <node id='-3794' version='0' action='modify' visible='true' lat='59.6708986' lon='10.2364267'/>
  <node id='-3795' version='0' action='modify' visible='true' lat='59.6710882' lon='10.2363154'/>
  <node id='-3796' version='0' action='modify' visible='true' lat='59.6712629' lon='10.2361961'/>
  <node id='-3797' version='0' action='modify' visible='true' lat='59.6713841' lon='10.2361035'/>
  <node id='-3798' version='0' action='modify' visible='true' lat='59.6715698' lon='10.2359452'/>
  <node id='-3799' version='0' action='modify' visible='true' lat='59.6721832' lon='10.2353914'/>
  <node id='-3800' version='0' action='modify' visible='true' lat='59.6727791' lon='10.2348452'/>
  <node id='-3801' version='0' action='modify' visible='true' lat='59.6733751' lon='10.2342990'/>
  <node id='-3802' version='0' action='modify' visible='true' lat='59.6740406' lon='10.2336786'/>
  <node id='-3803' version='0' action='modify' visible='true' lat='59.6747060' lon='10.2330581'/>
  <node id='-3804' version='0' action='modify' visible='true' lat='59.6753715' lon='10.2324377'/>
  <node id='-3805' version='0' action='modify' visible='true' lat='59.6757986' lon='10.2320323'/>
  <node id='-3806' version='0' action='modify' visible='true' lat='59.6762258' lon='10.2316269'/>
  <node id='-3807' version='0' action='modify' visible='true' lat='59.6764702' lon='10.2313963'/>
  <node id='-3808' version='0' action='modify' visible='true' lat='59.6766842' lon='10.2312045'/>
  <node id='-3809' version='0' action='modify' visible='true' lat='59.6768670' lon='10.2310510'/>
  <node id='-3810' version='0' action='modify' visible='true' lat='59.6770755' lon='10.2309081'/>
  <node id='-3811' version='0' action='modify' visible='true' lat='59.6772468' lon='10.2307941'/>
  <node id='-3812' version='0' action='modify' visible='true' lat='59.6775536' lon='10.2306010'/>
  <node id='-3813' version='0' action='modify' visible='true' lat='59.6776792' lon='10.2305192'/>
  <node id='-3814' version='0' action='modify' visible='true' lat='59.6784047' lon='10.2301022'/>
  <node id='-3815' version='0' action='modify' visible='true' lat='59.6791303' lon='10.2296851'/>
  <node id='-3816' version='0' action='modify' visible='true' lat='59.6796251' lon='10.2292680'/>
  <node id='-3817' version='0' action='modify' visible='true' lat='59.6801200' lon='10.2288510'/>
  <node id='-3818' version='0' action='modify' visible='true' lat='59.6804280' lon='10.2286140'/>
  <node id='-3819' version='0' action='modify' visible='true' lat='59.6805630' lon='10.2285110'/>
  <node id='-3820' version='0' action='modify' visible='true' lat='59.6811708' lon='10.2280437'/>
  <node id='-3821' version='0' action='modify' visible='true' lat='59.6817787' lon='10.2275764'/>
  <node id='-3822' version='0' action='modify' visible='true' lat='59.6823865' lon='10.2271091'/>
  <node id='-3823' version='0' action='modify' visible='true' lat='59.6829994' lon='10.2266375'/>
  <node id='-3824' version='0' action='modify' visible='true' lat='59.6836122' lon='10.2261659'/>
  <node id='-3825' version='0' action='modify' visible='true' lat='59.6843291' lon='10.2256201'/>
  <node id='-3826' version='0' action='modify' visible='true' lat='59.6850459' lon='10.2250743'/>
  <node id='-3827' version='0' action='modify' visible='true' lat='59.6854061' lon='10.2247846'/>
  <node id='-3828' version='0' action='modify' visible='true' lat='59.6855940' lon='10.2246120'/>
  <node id='-3829' version='0' action='modify' visible='true' lat='59.6857161' lon='10.2244916'/>
  <node id='-3830' version='0' action='modify' visible='true' lat='59.6859137' lon='10.2242743'/>
  <node id='-3831' version='0' action='modify' visible='true' lat='59.6861304' lon='10.2240215'/>
  <node id='-3832' version='0' action='modify' visible='true' lat='59.6862996' lon='10.2238244'/>
  <node id='-3833' version='0' action='modify' visible='true' lat='59.6863561' lon='10.2237473'/>
  <node id='-3834' version='0' action='modify' visible='true' lat='59.6864018' lon='10.2236795'/>
  <node id='-3835' version='0' action='modify' visible='true' lat='59.6864515' lon='10.2235984'/>
  <node id='-3836' version='0' action='modify' visible='true' lat='59.6865079' lon='10.2235895'/>
  <node id='-3837' version='0' action='modify' visible='true' lat='59.6865721' lon='10.2235188'/>
  <node id='-3838' version='0' action='modify' visible='true' lat='59.6867533' lon='10.2232895'/>
  <node id='-3839' version='0' action='modify' visible='true' lat='59.6868325' lon='10.2232165'/>
  <node id='-3840' version='0' action='modify' visible='true' lat='59.6868714' lon='10.2231665'/>
  <node id='-3841' version='0' action='modify' visible='true' lat='59.6869619' lon='10.2230392'/>
  <node id='-3842' version='0' action='modify' visible='true' lat='59.6869926' lon='10.2229838'/>
  <node id='-3843' version='0' action='modify' visible='true' lat='59.6870144' lon='10.2229594'/>
  <node id='-3844' version='0' action='modify' visible='true' lat='59.6870528' lon='10.2229291'/>
  <node id='-3845' version='0' action='modify' visible='true' lat='59.6871650' lon='10.2228885'/>
  <node id='-3846' version='0' action='modify' visible='true' lat='59.6872432' lon='10.2228159'/>
  <node id='-3847' version='0' action='modify' visible='true' lat='59.6873000' lon='10.2227488'/>
  <node id='-3848' version='0' action='modify' visible='true' lat='59.6873501' lon='10.2226697'/>
  <node id='-3849' version='0' action='modify' visible='true' lat='59.6873934' lon='10.2225704'/>
  <node id='-3850' version='0' action='modify' visible='true' lat='59.6874293' lon='10.2224417'/>
  <node id='-3851' version='0' action='modify' visible='true' lat='59.6874468' lon='10.2223301'/>
  <node id='-3852' version='0' action='modify' visible='true' lat='59.6874814' lon='10.2220139'/>
  <node id='-3853' version='0' action='modify' visible='true' lat='59.6875099' lon='10.2217698'/>
  <node id='-3854' version='0' action='modify' visible='true' lat='59.6875451' lon='10.2215324'/>
  <node id='-3855' version='0' action='modify' visible='true' lat='59.6875992' lon='10.2212816'/>
  <node id='-3856' version='0' action='modify' visible='true' lat='59.6876561' lon='10.2210993'/>
  <node id='-3857' version='0' action='modify' visible='true' lat='59.6877520' lon='10.2209040'/>
  <node id='-3858' version='0' action='modify' visible='true' lat='59.6878239' lon='10.2207747'/>
  <node id='-3859' version='0' action='modify' visible='true' lat='59.6881178' lon='10.2203106'/>
  <node id='-3860' version='0' action='modify' visible='true' lat='59.6883194' lon='10.2199969'/>
  <node id='-3861' version='0' action='modify' visible='true' lat='59.6884493' lon='10.2197702'/>
  <node id='-3862' version='0' action='modify' visible='true' lat='59.6886016' lon='10.2194899'/>
  <node id='-3863' version='0' action='modify' visible='true' lat='59.6888216' lon='10.2189749'/>
  <node id='-3864' version='0' action='modify' visible='true' lat='59.6890111' lon='10.2185149'/>
  <node id='-3865' version='0' action='modify' visible='true' lat='59.6890768' lon='10.2183875'/>
  <node id='-3866' version='0' action='modify' visible='true' lat='59.6891546' lon='10.2182870'/>
  <node id='-3867' version='0' action='modify' visible='true' lat='59.6892284' lon='10.2182145'/>
  <node id='-3868' version='0' action='modify' visible='true' lat='59.6893381' lon='10.2181381'/>
  <node id='-3869' version='0' action='modify' visible='true' lat='59.6894714' lon='10.2180885'/>
  <node id='-3870' version='0' action='modify' visible='true' lat='59.6896061' lon='10.2180496'/>
  <node id='-3871' version='0' action='modify' visible='true' lat='59.6897306' lon='10.2180241'/>
  <node id='-3872' version='0' action='modify' visible='true' lat='59.6898464' lon='10.2180147'/>
  <node id='-3873' version='0' action='modify' visible='true' lat='59.6899614' lon='10.2180161'/>
  <node id='-3874' version='0' action='modify' visible='true' lat='59.6901340' lon='10.2180362'/>
  <node id='-3875' version='0' action='modify' visible='true' lat='59.6902518' lon='10.2180402'/>
  <node id='-3876' version='0' action='modify' visible='true' lat='59.6903445' lon='10.2180295'/>
  <node id='-3877' version='0' action='modify' visible='true' lat='59.6904420' lon='10.2179812'/>
  <node id='-3878' version='0' action='modify' visible='true' lat='59.6905299' lon='10.2179235'/>
  <node id='-3879' version='0' action='modify' visible='true' lat='59.6906668' lon='10.2178135'/>
  <node id='-3880' version='0' action='modify' visible='true' lat='59.6908656' lon='10.2176298'/>
  <node id='-3881' version='0' action='modify' visible='true' lat='59.6910014' lon='10.2174986'/>
  <node id='-3882' version='0' action='modify' visible='true' lat='59.6910797' lon='10.2173919'/>
  <node id='-3883' version='0' action='modify' visible='true' lat='59.6911269' lon='10.2173240'/>
  <node id='-3884' version='0' action='modify' visible='true' lat='59.6911702' lon='10.2172422'/>
  <node id='-3885' version='0' action='modify' visible='true' lat='59.6912340' lon='10.2170973'/>
  <node id='-3886' version='0' action='modify' visible='true' lat='59.6913016' lon='10.2168936'/>
  <node id='-3887' version='0' action='modify' visible='true' lat='59.6914287' lon='10.2164751'/>
  <node id='-3888' version='0' action='modify' visible='true' lat='59.6914898' lon='10.2163061'/>
  <node id='-3889' version='0' action='modify' visible='true' lat='59.6915500' lon='10.2161940'/>
  <node id='-3890' version='0' action='modify' visible='true' lat='59.6916467' lon='10.2160715'/>
  <node id='-3891' version='0' action='modify' visible='true' lat='59.6917482' lon='10.2159575'/>
  <node id='-3892' version='0' action='modify' visible='true' lat='59.6920900' lon='10.2156195'/>
  <node id='-3893' version='0' action='modify' visible='true' lat='59.6921834' lon='10.2155270'/>
  <node id='-3894' version='0' action='modify' visible='true' lat='59.6922477' lon='10.2154338'/>
  <node id='-3895' version='0' action='modify' visible='true' lat='59.6923194' lon='10.2152997'/>
  <node id='-3896' version='0' action='modify' visible='true' lat='59.6925400' lon='10.2147850'/>
  <node id='-3897' version='0' action='modify' visible='true' lat='59.6928176' lon='10.2142166'/>
  <node id='-3898' version='0' action='modify' visible='true' lat='59.6930380' lon='10.2138110'/>
  <node id='-3899' version='0' action='modify' visible='true' lat='59.6932548' lon='10.2134335'/>
  <node id='-3900' version='0' action='modify' visible='true' lat='59.6933873' lon='10.2132028'/>
  <node id='-3901' version='0' action='modify' visible='true' lat='59.6935107' lon='10.2130285'/>
  <node id='-3902' version='0' action='modify' visible='true' lat='59.6937867' lon='10.2126824'/>
  <node id='-3903' version='0' action='modify' visible='true' lat='59.6941576' lon='10.2122506'/>
  <node id='-3904' version='0' action='modify' visible='true' lat='59.6944570' lon='10.2118990'/>
  <node id='-3905' version='0' action='modify' visible='true' lat='59.6946346' lon='10.2117035'/>
  <node id='-3906' version='0' action='modify' visible='true' lat='59.6946921' lon='10.2116270'/>
  <node id='-3907' version='0' action='modify' visible='true' lat='59.6947280' lon='10.2115506'/>
  <node id='-3908' version='0' action='modify' visible='true' lat='59.6947591' lon='10.2114500'/>
  <node id='-3909' version='0' action='modify' visible='true' lat='59.6947767' lon='10.2113213'/>
  <node id='-3910' version='0' action='modify' visible='true' lat='59.6948099' lon='10.2109270'/>
  <node id='-3911' version='0' action='modify' visible='true' lat='59.6948362' lon='10.2105823'/>
  <node id='-3912' version='0' action='modify' visible='true' lat='59.6948579' lon='10.2101625'/>
  <node id='-3913' version='0' action='modify' visible='true' lat='59.6948681' lon='10.2094933'/>
  <node id='-3914' version='0' action='modify' visible='true' lat='59.6948850' lon='10.2081468'/>
  <node id='-3915' version='0' action='modify' visible='true' lat='59.6949020' lon='10.2068003'/>
  <node id='-3916' version='0' action='modify' visible='true' lat='59.6949073' lon='10.2064423'/>
  <node id='-3917' version='0' action='modify' visible='true' lat='59.6949169' lon='10.2061030'/>
  <node id='-3918' version='0' action='modify' visible='true' lat='59.6949303' lon='10.2058502'/>
  <node id='-3919' version='0' action='modify' visible='true' lat='59.6952138' lon='10.2058965'/>
  <node id='-3920' version='0' action='modify' visible='true' lat='59.6953526' lon='10.2059501'/>
  <node id='-3921' version='0' action='modify' visible='true' lat='59.6955901' lon='10.2060266'/>
  <node id='-3922' version='0' action='modify' visible='true' lat='59.6957525' lon='10.2060775'/>
  <node id='-3923' version='0' action='modify' visible='true' lat='59.6958906' lon='10.2061419'/>
  <node id='-3924' version='0' action='modify' visible='true' lat='59.6959988' lon='10.2062076'/>
  <node id='-3925' version='0' action='modify' visible='true' lat='59.6961971' lon='10.2063350'/>
  <node id='-3926' version='0' action='modify' visible='true' lat='59.6963812' lon='10.2064638'/>
  <node id='-3927' version='0' action='modify' visible='true' lat='59.6966771' lon='10.2066827'/>
  <node id='-3928' version='0' action='modify' visible='true' lat='59.6968427' lon='10.2068286'/>
  <node id='-3929' version='0' action='modify' visible='true' lat='59.6968968' lon='10.2068889'/>
  <node id='-3930' version='0' action='modify' visible='true' lat='59.6969401' lon='10.2069533'/>
  <node id='-3931' version='0' action='modify' visible='true' lat='59.6969680' lon='10.2070233'/>
  <node id='-3932' version='0' action='modify' visible='true' lat='59.6970295' lon='10.2070398'/>
  <node id='-3933' version='0' action='modify' visible='true' lat='59.6970937' lon='10.2070606'/>
  <node id='-3934' version='0' action='modify' visible='true' lat='59.6972561' lon='10.2070861'/>
  <node id='-3935' version='0' action='modify' visible='true' lat='59.6973759' lon='10.2071021'/>
  <node id='-3936' version='0' action='modify' visible='true' lat='59.6975275' lon='10.2071102'/>
  <node id='-3937' version='0' action='modify' visible='true' lat='59.6976946' lon='10.2071156'/>
  <node id='-3938' version='0' action='modify' visible='true' lat='59.6978543' lon='10.2071142'/>
  <node id='-3939' version='0' action='modify' visible='true' lat='59.6980133' lon='10.2071115'/>
  <node id='-3940' version='0' action='modify' visible='true' lat='59.6982145' lon='10.2071333'/>
  <node id='-3941' version='0' action='modify' visible='true' lat='59.6986579' lon='10.2071447'/>
  <node id='-3942' version='0' action='modify' visible='true' lat='59.6987415' lon='10.2071566'/>
  <node id='-3943' version='0' action='modify' visible='true' lat='59.6993186' lon='10.2071646'/>
  <node id='-3944' version='0' action='modify' visible='true' lat='59.6994221' lon='10.2071357'/>
  <node id='-3945' version='0' action='modify' visible='true' lat='59.6996647' lon='10.2068748'/>
  <node id='-3946' version='0' action='modify' visible='true' lat='59.6997571' lon='10.2067569'/>
  <node id='-3947' version='0' action='modify' visible='true' lat='59.7001745' lon='10.2063256'/>
  <node id='-3948' version='0' action='modify' visible='true' lat='59.7003228' lon='10.2062527'/>
  <node id='-3949' version='0' action='modify' visible='true' lat='59.7004986' lon='10.2062687'/>
  <node id='-3950' version='0' action='modify' visible='true' lat='59.7008403' lon='10.2059984'/>
  <node id='-3951' version='0' action='modify' visible='true' lat='59.7010108' lon='10.2059555'/>
  <node id='-3952' version='0' action='modify' visible='true' lat='59.7012896' lon='10.2057463'/>
  <node id='-3953' version='0' action='modify' visible='true' lat='59.7013755' lon='10.2057055'/>
  <node id='-3954' version='0' action='modify' visible='true' lat='59.7016745' lon='10.2057493'/>
  <node id='-3955' version='0' action='modify' visible='true' lat='59.7018692' lon='10.2057171'/>
  <node id='-3956' version='0' action='modify' visible='true' lat='59.7019959' lon='10.2056658'/>
  <node id='-3957' version='0' action='modify' visible='true' lat='59.7020826' lon='10.2056873'/>
  <node id='-3958' version='0' action='modify' visible='true' lat='59.7022866' lon='10.2057796'/>
  <node id='-3959' version='0' action='modify' visible='true' lat='59.7028611' lon='10.2059106'/>
  <node id='-3960' version='0' action='modify' visible='true' lat='59.7029804' lon='10.2060141'/>
  <node id='-3961' version='0' action='modify' visible='true' lat='59.7030818' lon='10.2060274'/>
  <node id='-3962' version='0' action='modify' visible='true' lat='59.7032230' lon='10.2059747'/>
  <node id='-3963' version='0' action='modify' visible='true' lat='59.7033826' lon='10.2059535'/>
  <node id='-3964' version='0' action='modify' visible='true' lat='59.7035578' lon='10.2059836'/>
  <node id='-3965' version='0' action='modify' visible='true' lat='59.7036636' lon='10.2060385'/>
  <node id='-3966' version='0' action='modify' visible='true' lat='59.7038304' lon='10.2061660'/>
  <node id='-3967' version='0' action='modify' visible='true' lat='59.7038709' lon='10.2061636'/>
  <node id='-3968' version='0' action='modify' visible='true' lat='59.7039721' lon='10.2061589'/>
  <node id='-3969' version='0' action='modify' visible='true' lat='59.7040600' lon='10.2061868'/>
  <node id='-3970' version='0' action='modify' visible='true' lat='59.7043091' lon='10.2064243'/>
  <node id='-3971' version='0' action='modify' visible='true' lat='59.7045939' lon='10.2066851'/>
  <node id='-3972' version='0' action='modify' visible='true' lat='59.7051426' lon='10.2073255'/>
  <node id='-3973' version='0' action='modify' visible='true' lat='59.7053219' lon='10.2074468'/>
  <node id='-3974' version='0' action='modify' visible='true' lat='59.7054937' lon='10.2074870'/>
  <node id='-3975' version='0' action='modify' visible='true' lat='59.7056730' lon='10.2075965'/>
  <node id='-3976' version='0' action='modify' visible='true' lat='59.7057461' lon='10.2075830'/>
  <node id='-3977' version='0' action='modify' visible='true' lat='59.7059497' lon='10.2076694'/>
  <node id='-3978' version='0' action='modify' visible='true' lat='59.7060349' lon='10.2077767'/>
  <node id='-3979' version='0' action='modify' visible='true' lat='59.7060660' lon='10.2078304'/>
  <node id='-3980' version='0' action='modify' visible='true' lat='59.7061141' lon='10.2079585'/>
  <node id='-3981' version='0' action='modify' visible='true' lat='59.7062642' lon='10.2083233'/>
  <node id='-3982' version='0' action='modify' visible='true' lat='59.7063245' lon='10.2084044'/>
  <node id='-3983' version='0' action='modify' visible='true' lat='59.7063732' lon='10.2084231'/>
  <node id='-3984' version='0' action='modify' visible='true' lat='59.7064327' lon='10.2084339'/>
  <node id='-3985' version='0' action='modify' visible='true' lat='59.7065315' lon='10.2083909'/>
  <node id='-3986' version='0' action='modify' visible='true' lat='59.7066505' lon='10.2083534'/>
  <node id='-3987' version='0' action='modify' visible='true' lat='59.7066810' lon='10.2083206'/>
  <node id='-3988' version='0' action='modify' visible='true' lat='59.7067303' lon='10.2082273'/>
  <node id='-3989' version='0' action='modify' visible='true' lat='59.7067885' lon='10.2081764'/>
  <node id='-3990' version='0' action='modify' visible='true' lat='59.7068569' lon='10.2081571'/>
  <node id='-3991' version='0' action='modify' visible='true' lat='59.7072134' lon='10.2082676'/>
  <node id='-3992' version='0' action='modify' visible='true' lat='59.7072600' lon='10.2082697'/>
  <node id='-3993' version='0' action='modify' visible='true' lat='59.7075320' lon='10.2081409'/>
  <node id='-3994' version='0' action='modify' visible='true' lat='59.7078695' lon='10.2081066'/>
  <node id='-3995' version='0' action='modify' visible='true' lat='59.7082788' lon='10.2081839'/>
  <node id='-3996' version='0' action='modify' visible='true' lat='59.7083647' lon='10.2082005'/>
  <node id='-3997' version='0' action='modify' visible='true' lat='59.7084553' lon='10.2081791'/>
  <node id='-3998' version='0' action='modify' visible='true' lat='59.7085007' lon='10.2082160'/>
  <node id='-3999' version='0' action='modify' visible='true' lat='59.7085338' lon='10.2082971'/>
  <node id='-4000' version='0' action='modify' visible='true' lat='59.7086096' lon='10.2085814'/>
  <node id='-4001' version='0' action='modify' visible='true' lat='59.7086644' lon='10.2086908'/>
  <node id='-4002' version='0' action='modify' visible='true' lat='59.7087944' lon='10.2088090'/>
  <node id='-4003' version='0' action='modify' visible='true' lat='59.7088316' lon='10.2085445'/>
  <node id='-4004' version='0' action='modify' visible='true' lat='59.7088555' lon='10.2084159'/>
  <node id='-4005' version='0' action='modify' visible='true' lat='59.7088555' lon='10.2082924'/>
  <node id='-4006' version='0' action='modify' visible='true' lat='59.7088517' lon='10.2082153'/>
  <node id='-4007' version='0' action='modify' visible='true' lat='59.7088342' lon='10.2080731'/>
  <node id='-4008' version='0' action='modify' visible='true' lat='59.7088325' lon='10.2080175'/>
  <node id='-4009' version='0' action='modify' visible='true' lat='59.7088321' lon='10.2079571'/>
  <node id='-4010' version='0' action='modify' visible='true' lat='59.7088396' lon='10.2079095'/>
  <node id='-4011' version='0' action='modify' visible='true' lat='59.7088599' lon='10.2078491'/>
  <node id='-4012' version='0' action='modify' visible='true' lat='59.7088984' lon='10.2077365'/>
  <node id='-4013' version='0' action='modify' visible='true' lat='59.7089377' lon='10.2075635'/>
  <node id='-4014' version='0' action='modify' visible='true' lat='59.7089600' lon='10.2073824'/>
  <node id='-4015' version='0' action='modify' visible='true' lat='59.7089816' lon='10.2072228'/>
  <node id='-4016' version='0' action='modify' visible='true' lat='59.7089864' lon='10.2070579'/>
  <node id='-4017' version='0' action='modify' visible='true' lat='59.7089859' lon='10.2068642'/>
  <node id='-4018' version='0' action='modify' visible='true' lat='59.7089789' lon='10.2065818'/>
  <node id='-4019' version='0' action='modify' visible='true' lat='59.7089749' lon='10.2064209'/>
  <node id='-4020' version='0' action='modify' visible='true' lat='59.7089613' lon='10.2062720'/>
  <node id='-4021' version='0' action='modify' visible='true' lat='59.7089417' lon='10.2061339'/>
  <node id='-4022' version='0' action='modify' visible='true' lat='59.7089262' lon='10.2060333'/>
  <node id='-4023' version='0' action='modify' visible='true' lat='59.7088993' lon='10.2059677'/>
  <node id='-4024' version='0' action='modify' visible='true' lat='59.7088628' lon='10.2058974'/>
  <node id='-4025' version='0' action='modify' visible='true' lat='59.7088355' lon='10.2058160'/>
  <node id='-4026' version='0' action='modify' visible='true' lat='59.7088328' lon='10.2057543'/>
  <node id='-4027' version='0' action='modify' visible='true' lat='59.7088328' lon='10.2056202'/>
  <node id='-4028' version='0' action='modify' visible='true' lat='59.7088538' lon='10.2056188'/>
  <node id='-4029' version='0' action='modify' visible='true' lat='59.7088991' lon='10.2055719'/>
  <node id='-4030' version='0' action='modify' visible='true' lat='59.7090148' lon='10.2054144'/>
  <node id='-4031' version='0' action='modify' visible='true' lat='59.7090858' lon='10.2053453'/>
  <node id='-4032' version='0' action='modify' visible='true' lat='59.7093023' lon='10.2052367'/>
  <node id='-4033' version='0' action='modify' visible='true' lat='59.7094240' lon='10.2051562'/>
  <node id='-4034' version='0' action='modify' visible='true' lat='59.7095282' lon='10.2050757'/>
  <node id='-4035' version='0' action='modify' visible='true' lat='59.7096347' lon='10.2049895'/>
  <node id='-4036' version='0' action='modify' visible='true' lat='59.7096296' lon='10.2048786'/>
  <node id='-4037' version='0' action='modify' visible='true' lat='59.7096212' lon='10.2047753'/>
  <node id='-4038' version='0' action='modify' visible='true' lat='59.7096087' lon='10.2046882'/>
  <node id='-4039' version='0' action='modify' visible='true' lat='59.7095684' lon='10.2044941'/>
  <node id='-4040' version='0' action='modify' visible='true' lat='59.7095424' lon='10.2044347'/>
  <node id='-4041' version='0' action='modify' visible='true' lat='59.7094998' lon='10.2043194'/>
  <node id='-4042' version='0' action='modify' visible='true' lat='59.7094301' lon='10.2041785'/>
  <node id='-4043' version='0' action='modify' visible='true' lat='59.7093733' lon='10.2040612'/>
  <node id='-4044' version='0' action='modify' visible='true' lat='59.7092952' lon='10.2039137'/>
  <node id='-4045' version='0' action='modify' visible='true' lat='59.7092427' lon='10.2038185'/>
  <node id='-4046' version='0' action='modify' visible='true' lat='59.7091832' lon='10.2037159'/>
  <node id='-4047' version='0' action='modify' visible='true' lat='59.7091507' lon='10.2036448'/>
  <node id='-4048' version='0' action='modify' visible='true' lat='59.7091166' lon='10.2035616'/>
  <node id='-4049' version='0' action='modify' visible='true' lat='59.7090804' lon='10.2034584'/>
  <node id='-4050' version='0' action='modify' visible='true' lat='59.7090395' lon='10.2033028'/>
  <node id='-4051' version='0' action='modify' visible='true' lat='59.7090083' lon='10.2031653'/>
  <node id='-4052' version='0' action='modify' visible='true' lat='59.7089857' lon='10.2030138'/>
  <node id='-4053' version='0' action='modify' visible='true' lat='59.7089732' lon='10.2028817'/>
  <node id='-4054' version='0' action='modify' visible='true' lat='59.7089674' lon='10.2027979'/>
  <node id='-4055' version='0' action='modify' visible='true' lat='59.7089664' lon='10.2026926'/>
  <node id='-4056' version='0' action='modify' visible='true' lat='59.7089766' lon='10.2024706'/>
  <node id='-4057' version='0' action='modify' visible='true' lat='59.7089941' lon='10.2020381'/>
  <node id='-4058' version='0' action='modify' visible='true' lat='59.7089992' lon='10.2019342'/>
  <node id='-4059' version='0' action='modify' visible='true' lat='59.7090124' lon='10.2017900'/>
  <node id='-4060' version='0' action='modify' visible='true' lat='59.7090493' lon='10.2014112'/>
  <node id='-4061' version='0' action='modify' visible='true' lat='59.7090574' lon='10.2012757'/>
  <node id='-4062' version='0' action='modify' visible='true' lat='59.7090628' lon='10.2011537'/>
  <node id='-4063' version='0' action='modify' visible='true' lat='59.7090614' lon='10.2010330'/>
  <node id='-4064' version='0' action='modify' visible='true' lat='59.7090554' lon='10.2009190'/>
  <node id='-4065' version='0' action='modify' visible='true' lat='59.7090439' lon='10.2007869'/>
  <node id='-4066' version='0' action='modify' visible='true' lat='59.7090229' lon='10.2005783'/>
  <node id='-4067' version='0' action='modify' visible='true' lat='59.7090188' lon='10.2004858'/>
  <node id='-4068' version='0' action='modify' visible='true' lat='59.7090151' lon='10.2003926'/>
  <node id='-4069' version='0' action='modify' visible='true' lat='59.7090165' lon='10.2003007'/>
  <node id='-4070' version='0' action='modify' visible='true' lat='59.7090212' lon='10.2002095'/>
  <node id='-4071' version='0' action='modify' visible='true' lat='59.7090313' lon='10.2001351'/>
  <node id='-4072' version='0' action='modify' visible='true' lat='59.7090455' lon='10.2000667'/>
  <node id='-4073' version='0' action='modify' visible='true' lat='59.7090608' lon='10.2000184'/>
  <node id='-4074' version='0' action='modify' visible='true' lat='59.7090860' lon='10.1999628'/>
  <node id='-4075' version='0' action='modify' visible='true' lat='59.7091132' lon='10.1999088'/>
  <node id='-4076' version='0' action='modify' visible='true' lat='59.7091360' lon='10.1998743'/>
  <node id='-4077' version='0' action='modify' visible='true' lat='59.7091643' lon='10.1998448'/>
  <node id='-4078' version='0' action='modify' visible='true' lat='59.7092015' lon='10.1998139'/>
  <node id='-4079' version='0' action='modify' visible='true' lat='59.7092377' lon='10.1997931'/>
  <node id='-4080' version='0' action='modify' visible='true' lat='59.7092850' lon='10.1997717'/>
  <node id='-4081' version='0' action='modify' visible='true' lat='59.7093618' lon='10.1997442'/>
  <node id='-4082' version='0' action='modify' visible='true' lat='59.7094392' lon='10.1997200'/>
  <node id='-4083' version='0' action='modify' visible='true' lat='59.7095262' lon='10.1997019'/>
  <node id='-4084' version='0' action='modify' visible='true' lat='59.7096425' lon='10.1996845'/>
  <node id='-4085' version='0' action='modify' visible='true' lat='59.7097382' lon='10.1996771'/>
  <node id='-4086' version='0' action='modify' visible='true' lat='59.7099050' lon='10.1996778'/>
  <node id='-4087' version='0' action='modify' visible='true' lat='59.7100267' lon='10.1996671'/>
  <node id='-4088' version='0' action='modify' visible='true' lat='59.7101458' lon='10.1996443'/>
  <node id='-4089' version='0' action='modify' visible='true' lat='59.7102384' lon='10.1996208'/>
  <node id='-4090' version='0' action='modify' visible='true' lat='59.7105435' lon='10.1995464'/>
  <node id='-4091' version='0' action='modify' visible='true' lat='59.7106490' lon='10.1995249'/>
  <node id='-4092' version='0' action='modify' visible='true' lat='59.7107065' lon='10.1995061'/>
  <node id='-4093' version='0' action='modify' visible='true' lat='59.7107366' lon='10.1994907'/>
  <node id='-4094' version='0' action='modify' visible='true' lat='59.7107626' lon='10.1994686'/>
  <node id='-4095' version='0' action='modify' visible='true' lat='59.7107873' lon='10.1994384'/>
  <node id='-4096' version='0' action='modify' visible='true' lat='59.7108323' lon='10.1993693'/>
  <node id='-4097' version='0' action='modify' visible='true' lat='59.7108611' lon='10.1993378'/>
  <node id='-4098' version='0' action='modify' visible='true' lat='59.7108905' lon='10.1993110'/>
  <node id='-4099' version='0' action='modify' visible='true' lat='59.7109250' lon='10.1992882'/>
  <node id='-4100' version='0' action='modify' visible='true' lat='59.7109561' lon='10.1992748'/>
  <node id='-4101' version='0' action='modify' visible='true' lat='59.7109943' lon='10.1992641'/>
  <node id='-4102' version='0' action='modify' visible='true' lat='59.7110680' lon='10.1992419'/>
  <node id='-4103' version='0' action='modify' visible='true' lat='59.7111181' lon='10.1992258'/>
  <node id='-4104' version='0' action='modify' visible='true' lat='59.7111692' lon='10.1992017'/>
  <node id='-4105' version='0' action='modify' visible='true' lat='59.7112111' lon='10.1991682'/>
  <node id='-4106' version='0' action='modify' visible='true' lat='59.7112622' lon='10.1991159'/>
  <node id='-4107' version='0' action='modify' visible='true' lat='59.7113207' lon='10.1990461'/>
  <node id='-4108' version='0' action='modify' visible='true' lat='59.7113900' lon='10.1989543'/>
  <node id='-4109' version='0' action='modify' visible='true' lat='59.7114357' lon='10.1988678'/>
  <node id='-4110' version='0' action='modify' visible='true' lat='59.7114729' lon='10.1987779'/>
  <node id='-4111' version='0' action='modify' visible='true' lat='59.7115277' lon='10.1986197'/>
  <node id='-4112' version='0' action='modify' visible='true' lat='59.7116105' lon='10.1984004'/>
  <node id='-4113' version='0' action='modify' visible='true' lat='59.7116656' lon='10.1982683'/>
  <node id='-4114' version='0' action='modify' visible='true' lat='59.7117069' lon='10.1981811'/>
  <node id='-4115' version='0' action='modify' visible='true' lat='59.7117458' lon='10.1981255'/>
  <node id='-4116' version='0' action='modify' visible='true' lat='59.7117908' lon='10.1980732'/>
  <node id='-4117' version='0' action='modify' visible='true' lat='59.7118743' lon='10.1980041'/>
  <node id='-4118' version='0' action='modify' visible='true' lat='59.7119206' lon='10.1979652'/>
  <node id='-4119' version='0' action='modify' visible='true' lat='59.7119626' lon='10.1979142'/>
  <node id='-4120' version='0' action='modify' visible='true' lat='59.7120133' lon='10.1978438'/>
  <node id='-4121' version='0' action='modify' visible='true' lat='59.7120732' lon='10.1977386'/>
  <node id='-4122' version='0' action='modify' visible='true' lat='59.7121225' lon='10.1976333'/>
  <node id='-4123' version='0' action='modify' visible='true' lat='59.7121587' lon='10.1975233'/>
  <node id='-4124' version='0' action='modify' visible='true' lat='59.7121966' lon='10.1973952'/>
  <node id='-4125' version='0' action='modify' visible='true' lat='59.7122321' lon='10.1972450'/>
  <node id='-4126' version='0' action='modify' visible='true' lat='59.7122551' lon='10.1971740'/>
  <node id='-4127' version='0' action='modify' visible='true' lat='59.7122832' lon='10.1970854'/>
  <node id='-4128' version='0' action='modify' visible='true' lat='59.7123025' lon='10.1969909'/>
  <node id='-4129' version='0' action='modify' visible='true' lat='59.7123200' lon='10.1968756'/>
  <node id='-4130' version='0' action='modify' visible='true' lat='59.7123386' lon='10.1967924'/>
  <node id='-4131' version='0' action='modify' visible='true' lat='59.7123677' lon='10.1967005'/>
  <node id='-4132' version='0' action='modify' visible='true' lat='59.7124066' lon='10.1966026'/>
  <node id='-4133' version='0' action='modify' visible='true' lat='59.7125023' lon='10.1963324'/>
  <node id='-4134' version='0' action='modify' visible='true' lat='59.7125402' lon='10.1962399'/>
  <node id='-4135' version='0' action='modify' visible='true' lat='59.7125676' lon='10.1961815'/>
  <node id='-4136' version='0' action='modify' visible='true' lat='59.7125957' lon='10.1961312'/>
  <node id='-4137' version='0' action='modify' visible='true' lat='59.7126322' lon='10.1960763'/>
  <node id='-4138' version='0' action='modify' visible='true' lat='59.7127333' lon='10.1959254'/>
  <node id='-4139' version='0' action='modify' visible='true' lat='59.7128405' lon='10.1957541'/>
  <node id='-4140' version='0' action='modify' visible='true' lat='59.7128879' lon='10.1956793'/>
  <node id='-4141' version='0' action='modify' visible='true' lat='59.7129205' lon='10.1956228'/>
  <node id='-4142' version='0' action='modify' visible='true' lat='59.7129528' lon='10.1955539'/>
  <node id='-4143' version='0' action='modify' visible='true' lat='59.7129754' lon='10.1954871'/>
  <node id='-4144' version='0' action='modify' visible='true' lat='59.7129876' lon='10.1954426'/>
  <node id='-4145' version='0' action='modify' visible='true' lat='59.7130008' lon='10.1953849'/>
  <node id='-4146' version='0' action='modify' visible='true' lat='59.7130072' lon='10.1953340'/>
  <node id='-4147' version='0' action='modify' visible='true' lat='59.7130076' lon='10.1952736'/>
  <node id='-4148' version='0' action='modify' visible='true' lat='59.7130044' lon='10.1952270'/>
  <node id='-4149' version='0' action='modify' visible='true' lat='59.7129967' lon='10.1951460'/>
  <node id='-4150' version='0' action='modify' visible='true' lat='59.7129829' lon='10.1950423'/>
  <node id='-4151' version='0' action='modify' visible='true' lat='59.7129660' lon='10.1949377'/>
  <node id='-4152' version='0' action='modify' visible='true' lat='59.7129450' lon='10.1948344'/>
  <node id='-4153' version='0' action='modify' visible='true' lat='59.7129288' lon='10.1947284'/>
  <node id='-4154' version='0' action='modify' visible='true' lat='59.7129095' lon='10.1945876'/>
  <node id='-4155' version='0' action='modify' visible='true' lat='59.7128709' lon='10.1942524'/>
  <node id='-4156' version='0' action='modify' visible='true' lat='59.7128600' lon='10.1941417'/>
  <node id='-4157' version='0' action='modify' visible='true' lat='59.7128537' lon='10.1940666'/>
  <node id='-4158' version='0' action='modify' visible='true' lat='59.7128513' lon='10.1939875'/>
  <node id='-4159' version='0' action='modify' visible='true' lat='59.7128503' lon='10.1939171'/>
  <node id='-4160' version='0' action='modify' visible='true' lat='59.7128525' lon='10.1938557'/>
  <node id='-4161' version='0' action='modify' visible='true' lat='59.7128572' lon='10.1937893'/>
  <node id='-4162' version='0' action='modify' visible='true' lat='59.7128611' lon='10.1937498'/>
  <node id='-4163' version='0' action='modify' visible='true' lat='59.7128616' lon='10.1937260'/>
  <node id='-4164' version='0' action='modify' visible='true' lat='59.7128608' lon='10.1936948'/>
  <node id='-4165' version='0' action='modify' visible='true' lat='59.7128574' lon='10.1936536'/>
  <node id='-4166' version='0' action='modify' visible='true' lat='59.7128473' lon='10.1935764'/>
  <node id='-4167' version='0' action='modify' visible='true' lat='59.7128178' lon='10.1933605'/>
  <node id='-4168' version='0' action='modify' visible='true' lat='59.7128030' lon='10.1932137'/>
  <node id='-4169' version='0' action='modify' visible='true' lat='59.7127938' lon='10.1930775'/>
  <node id='-4170' version='0' action='modify' visible='true' lat='59.7127881' lon='10.1929823'/>
  <node id='-4171' version='0' action='modify' visible='true' lat='59.7127878' lon='10.1929099'/>
  <node id='-4172' version='0' action='modify' visible='true' lat='59.7127905' lon='10.1928549'/>
  <node id='-4173' version='0' action='modify' visible='true' lat='59.7127945' lon='10.1928006'/>
  <node id='-4174' version='0' action='modify' visible='true' lat='59.7128091' lon='10.1926579'/>
  <node id='-4175' version='0' action='modify' visible='true' lat='59.7128358' lon='10.1924566'/>
  <node id='-4176' version='0' action='modify' visible='true' lat='59.7128622' lon='10.1922078'/>
  <node id='-4177' version='0' action='modify' visible='true' lat='59.7129278' lon='10.1916848'/>
  <node id='-4178' version='0' action='modify' visible='true' lat='59.7129437' lon='10.1915829'/>
  <node id='-4179' version='0' action='modify' visible='true' lat='59.7129582' lon='10.1915004'/>
  <node id='-4180' version='0' action='modify' visible='true' lat='59.7129738' lon='10.1914240'/>
  <node id='-4181' version='0' action='modify' visible='true' lat='59.7129930' lon='10.1913529'/>
  <node id='-4182' version='0' action='modify' visible='true' lat='59.7130069' lon='10.1912899'/>
  <node id='-4183' version='0' action='modify' visible='true' lat='59.7130177' lon='10.1912439'/>
  <node id='-4184' version='0' action='modify' visible='true' lat='59.7130250' lon='10.1911973'/>
  <node id='-4185' version='0' action='modify' visible='true' lat='59.7130262' lon='10.1911675'/>
  <node id='-4186' version='0' action='modify' visible='true' lat='59.7130238' lon='10.1911329'/>
  <node id='-4187' version='0' action='modify' visible='true' lat='59.7130204' lon='10.1910937'/>
  <node id='-4188' version='0' action='modify' visible='true' lat='59.7130170' lon='10.1910548'/>
  <node id='-4189' version='0' action='modify' visible='true' lat='59.7130175' lon='10.1910153'/>
  <node id='-4190' version='0' action='modify' visible='true' lat='59.7130196' lon='10.1909794'/>
  <node id='-4191' version='0' action='modify' visible='true' lat='59.7130333' lon='10.1909123'/>
  <node id='-4192' version='0' action='modify' visible='true' lat='59.7130409' lon='10.1908537'/>
  <node id='-4193' version='0' action='modify' visible='true' lat='59.7130471' lon='10.1907843'/>
  <node id='-4194' version='0' action='modify' visible='true' lat='59.7130549' lon='10.1907058'/>
  <node id='-4195' version='0' action='modify' visible='true' lat='59.7130674' lon='10.1906220'/>
  <node id='-4196' version='0' action='modify' visible='true' lat='59.7130823' lon='10.1905408'/>
  <node id='-4197' version='0' action='modify' visible='true' lat='59.7131045' lon='10.1904557'/>
  <node id='-4198' version='0' action='modify' visible='true' lat='59.7131239' lon='10.1903997'/>
  <node id='-4199' version='0' action='modify' visible='true' lat='59.7131496' lon='10.1903383'/>
  <node id='-4200' version='0' action='modify' visible='true' lat='59.7132341' lon='10.1901546'/>
  <node id='-4201' version='0' action='modify' visible='true' lat='59.7133163' lon='10.1899581'/>
  <node id='-4202' version='0' action='modify' visible='true' lat='59.7133660' lon='10.1898368'/>
  <node id='-4203' version='0' action='modify' visible='true' lat='59.7134056' lon='10.1897563'/>
  <node id='-4204' version='0' action='modify' visible='true' lat='59.7134367' lon='10.1896990'/>
  <node id='-4205' version='0' action='modify' visible='true' lat='59.7134739' lon='10.1896450'/>
  <node id='-4206' version='0' action='modify' visible='true' lat='59.7135169' lon='10.1895974'/>
  <node id='-4207' version='0' action='modify' visible='true' lat='59.7135571' lon='10.1895548'/>
  <node id='-4208' version='0' action='modify' visible='true' lat='59.7137204' lon='10.1893560'/>
  <node id='-4209' version='0' action='modify' visible='true' lat='59.7137857' lon='10.1892702'/>
  <node id='-4210' version='0' action='modify' visible='true' lat='59.7138476' lon='10.1891937'/>
  <node id='-4211' version='0' action='modify' visible='true' lat='59.7139680' lon='10.1890529'/>
  <node id='-4212' version='0' action='modify' visible='true' lat='59.7139934' lon='10.1890220'/>
  <node id='-4213' version='0' action='modify' visible='true' lat='59.7140130' lon='10.1889895'/>
  <node id='-4214' version='0' action='modify' visible='true' lat='59.7140321' lon='10.1889449'/>
  <node id='-4215' version='0' action='modify' visible='true' lat='59.7140471' lon='10.1888893'/>
  <node id='-4216' version='0' action='modify' visible='true' lat='59.7140610' lon='10.1888155'/>
  <node id='-4217' version='0' action='modify' visible='true' lat='59.7140708' lon='10.1887414'/>
  <node id='-4218' version='0' action='modify' visible='true' lat='59.7140813' lon='10.1885634'/>
  <node id='-4219' version='0' action='modify' visible='true' lat='59.7140826' lon='10.1884876'/>
  <node id='-4220' version='0' action='modify' visible='true' lat='59.7140818' lon='10.1884414'/>
  <node id='-4221' version='0' action='modify' visible='true' lat='59.7140787' lon='10.1883927'/>
  <node id='-4222' version='0' action='modify' visible='true' lat='59.7140721' lon='10.1883478'/>
  <node id='-4223' version='0' action='modify' visible='true' lat='59.7140615' lon='10.1882989'/>
  <node id='-4224' version='0' action='modify' visible='true' lat='59.7140383' lon='10.1882167'/>
  <node id='-4225' version='0' action='modify' visible='true' lat='59.7140270' lon='10.1881624'/>
  <node id='-4226' version='0' action='modify' visible='true' lat='59.7140216' lon='10.1881282'/>
  <node id='-4227' version='0' action='modify' visible='true' lat='59.7140194' lon='10.1880876'/>
  <node id='-4228' version='0' action='modify' visible='true' lat='59.7140199' lon='10.1880551'/>
  <node id='-4229' version='0' action='modify' visible='true' lat='59.7140224' lon='10.1880269'/>
  <node id='-4230' version='0' action='modify' visible='true' lat='59.7140268' lon='10.1879968'/>
  <node id='-4231' version='0' action='modify' visible='true' lat='59.7140343' lon='10.1879636'/>
  <node id='-4232' version='0' action='modify' visible='true' lat='59.7140448' lon='10.1879217'/>
  <node id='-4233' version='0' action='modify' visible='true' lat='59.7140603' lon='10.1878774'/>
  <node id='-4234' version='0' action='modify' visible='true' lat='59.7140725' lon='10.1878513'/>
  <node id='-4235' version='0' action='modify' visible='true' lat='59.7140914' lon='10.1878171'/>
  <node id='-4236' version='0' action='modify' visible='true' lat='59.7141168' lon='10.1877721'/>
  <node id='-4237' version='0' action='modify' visible='true' lat='59.7143615' lon='10.1874952'/>
  <node id='-4238' version='0' action='modify' visible='true' lat='59.7146686' lon='10.1871825'/>
  <node id='-4239' version='0' action='modify' visible='true' lat='59.7149431' lon='10.1871090'/>
  <node id='-4240' version='0' action='modify' visible='true' lat='59.7151628' lon='10.1870834'/>
  <node id='-4241' version='0' action='modify' visible='true' lat='59.7155388' lon='10.1873281'/>
  <node id='-4242' version='0' action='modify' visible='true' lat='59.7160809' lon='10.1875147'/>
  <node id='-4243' version='0' action='modify' visible='true' lat='59.7162739' lon='10.1875270'/>
  <node id='-4244' version='0' action='modify' visible='true' lat='59.7163851' lon='10.1875126'/>
  <node id='-4245' version='0' action='modify' visible='true' lat='59.7166555' lon='10.1874335'/>
  <node id='-4246' version='0' action='modify' visible='true' lat='59.7167115' lon='10.1874238'/>
  <node id='-4247' version='0' action='modify' visible='true' lat='59.7167934' lon='10.1874577'/>
  <node id='-4248' version='0' action='modify' visible='true' lat='59.7170883' lon='10.1875596'/>
  <node id='-4249' version='0' action='modify' visible='true' lat='59.7173101' lon='10.1875649'/>
  <node id='-4250' version='0' action='modify' visible='true' lat='59.7176632' lon='10.1875864'/>
  <node id='-4251' version='0' action='modify' visible='true' lat='59.7177294' lon='10.1876106'/>
  <node id='-4252' version='0' action='modify' visible='true' lat='59.7178109' lon='10.1876566'/>
  <node id='-4253' version='0' action='modify' visible='true' lat='59.7180731' lon='10.1878211'/>
  <node id='-4254' version='0' action='modify' visible='true' lat='59.7182977' lon='10.1879176'/>
  <node id='-4255' version='0' action='modify' visible='true' lat='59.7184763' lon='10.1880289'/>
  <node id='-4256' version='0' action='modify' visible='true' lat='59.7187047' lon='10.1880969'/>
  <node id='-4257' version='0' action='modify' visible='true' lat='59.7189093' lon='10.1881038'/>
  <node id='-4258' version='0' action='modify' visible='true' lat='59.7191595' lon='10.1880508'/>
  <node id='-4259' version='0' action='modify' visible='true' lat='59.7192941' lon='10.1880058'/>
  <node id='-4260' version='0' action='modify' visible='true' lat='59.7193540' lon='10.1879613'/>
  <node id='-4261' version='0' action='modify' visible='true' lat='59.7193957' lon='10.1879092'/>
  <node id='-4262' version='0' action='modify' visible='true' lat='59.7194280' lon='10.1876987'/>
  <node id='-4263' version='0' action='modify' visible='true' lat='59.7194504' lon='10.1874653'/>
  <node id='-4264' version='0' action='modify' visible='true' lat='59.7194513' lon='10.1873656'/>
  <node id='-4265' version='0' action='modify' visible='true' lat='59.7194395' lon='10.1872495'/>
  <node id='-4266' version='0' action='modify' visible='true' lat='59.7194156' lon='10.1870965'/>
  <node id='-4267' version='0' action='modify' visible='true' lat='59.7194085' lon='10.1869984'/>
  <node id='-4268' version='0' action='modify' visible='true' lat='59.7194206' lon='10.1868682'/>
  <node id='-4269' version='0' action='modify' visible='true' lat='59.7195459' lon='10.1863411'/>
  <node id='-4270' version='0' action='modify' visible='true' lat='59.7196411' lon='10.1860533'/>
  <node id='-4271' version='0' action='modify' visible='true' lat='59.7197112' lon='10.1858813'/>
  <node id='-4272' version='0' action='modify' visible='true' lat='59.7198362' lon='10.1856318'/>
  <node id='-4273' version='0' action='modify' visible='true' lat='59.7199040' lon='10.1853895'/>
  <node id='-4274' version='0' action='modify' visible='true' lat='59.7199749' lon='10.1852176'/>
  <node id='-4275' version='0' action='modify' visible='true' lat='59.7201058' lon='10.1849943'/>
  <node id='-4276' version='0' action='modify' visible='true' lat='59.7202860' lon='10.1847668'/>
  <node id='-4277' version='0' action='modify' visible='true' lat='59.7204230' lon='10.1845774'/>
  <node id='-4278' version='0' action='modify' visible='true' lat='59.7206156' lon='10.1843385'/>
  <node id='-4279' version='0' action='modify' visible='true' lat='59.7206925' lon='10.1841635'/>
  <node id='-4280' version='0' action='modify' visible='true' lat='59.7207313' lon='10.1839815'/>
  <node id='-4281' version='0' action='modify' visible='true' lat='59.7207300' lon='10.1838428'/>
  <node id='-4282' version='0' action='modify' visible='true' lat='59.7207156' lon='10.1836055'/>
  <node id='-4283' version='0' action='modify' visible='true' lat='59.7206934' lon='10.1833380'/>
  <node id='-4284' version='0' action='modify' visible='true' lat='59.7207085' lon='10.1831245'/>
  <node id='-4285' version='0' action='modify' visible='true' lat='59.7207365' lon='10.1827107'/>
  <node id='-4286' version='0' action='modify' visible='true' lat='59.7207769' lon='10.1823867'/>
  <node id='-4287' version='0' action='modify' visible='true' lat='59.7209140' lon='10.1825621'/>
  <node id='-4288' version='0' action='modify' visible='true' lat='59.7209415' lon='10.1825780'/>
  <node id='-4289' version='0' action='modify' visible='true' lat='59.7210384' lon='10.1826292'/>
  <node id='-4290' version='0' action='modify' visible='true' lat='59.7211168' lon='10.1826661'/>
  <node id='-4291' version='0' action='modify' visible='true' lat='59.7212731' lon='10.1826879'/>
  <node id='-4292' version='0' action='modify' visible='true' lat='59.7216495' lon='10.1829613'/>
  <node id='-4293' version='0' action='modify' visible='true' lat='59.7218229' lon='10.1831359'/>
  <node id='-4294' version='0' action='modify' visible='true' lat='59.7219141' lon='10.1832632'/>
  <node id='-4295' version='0' action='modify' visible='true' lat='59.7219930' lon='10.1834290'/>
  <node id='-4296' version='0' action='modify' visible='true' lat='59.7221158' lon='10.1838356'/>
  <node id='-4297' version='0' action='modify' visible='true' lat='59.7222066' lon='10.1840904'/>
  <node id='-4298' version='0' action='modify' visible='true' lat='59.7222683' lon='10.1841875'/>
  <node id='-4299' version='0' action='modify' visible='true' lat='59.7223188' lon='10.1842657'/>
  <node id='-4300' version='0' action='modify' visible='true' lat='59.7223437' lon='10.1843347'/>
  <node id='-4301' version='0' action='modify' visible='true' lat='59.7223646' lon='10.1844225'/>
  <node id='-4302' version='0' action='modify' visible='true' lat='59.7224162' lon='10.1845884'/>
  <node id='-4303' version='0' action='modify' visible='true' lat='59.7224910' lon='10.1847233'/>
  <node id='-4304' version='0' action='modify' visible='true' lat='59.7225638' lon='10.1847965'/>
  <node id='-4305' version='0' action='modify' visible='true' lat='59.7226261' lon='10.1848705'/>
  <node id='-4306' version='0' action='modify' visible='true' lat='59.7227021' lon='10.1850018'/>
  <node id='-4307' version='0' action='modify' visible='true' lat='59.7228125' lon='10.1852715'/>
  <node id='-4308' version='0' action='modify' visible='true' lat='59.7228882' lon='10.1854170'/>
  <node id='-4309' version='0' action='modify' visible='true' lat='59.7230137' lon='10.1855832'/>
  <node id='-4310' version='0' action='modify' visible='true' lat='59.7232228' lon='10.1858251'/>
  <node id='-4311' version='0' action='modify' visible='true' lat='59.7234534' lon='10.1860263'/>
  <node id='-4312' version='0' action='modify' visible='true' lat='59.7236317' lon='10.1861686'/>
  <node id='-4313' version='0' action='modify' visible='true' lat='59.7238080' lon='10.1863292'/>
  <node id='-4314' version='0' action='modify' visible='true' lat='59.7239719' lon='10.1865162'/>
  <node id='-4315' version='0' action='modify' visible='true' lat='59.7241441' lon='10.1866483'/>
  <node id='-4316' version='0' action='modify' visible='true' lat='59.7243155' lon='10.1868083'/>
  <node id='-4317' version='0' action='modify' visible='true' lat='59.7244843' lon='10.1869512'/>
  <node id='-4318' version='0' action='modify' visible='true' lat='59.7245247' lon='10.1870030'/>
  <node id='-4319' version='0' action='modify' visible='true' lat='59.7245878' lon='10.1871299'/>
  <node id='-4320' version='0' action='modify' visible='true' lat='59.7246045' lon='10.1871833'/>
  <node id='-4321' version='0' action='modify' visible='true' lat='59.7246914' lon='10.1874472'/>
  <node id='-4322' version='0' action='modify' visible='true' lat='59.7247285' lon='10.1875390'/>
  <node id='-4323' version='0' action='modify' visible='true' lat='59.7248473' lon='10.1877837'/>
  <node id='-4324' version='0' action='modify' visible='true' lat='59.7249038' lon='10.1878794'/>
  <node id='-4325' version='0' action='modify' visible='true' lat='59.7249602' lon='10.1879707'/>
  <node id='-4326' version='0' action='modify' visible='true' lat='59.7250197' lon='10.1880800'/>
  <node id='-4327' version='0' action='modify' visible='true' lat='59.7251320' lon='10.1884615'/>
  <node id='-4328' version='0' action='modify' visible='true' lat='59.7252760' lon='10.1889472'/>
  <node id='-4329' version='0' action='modify' visible='true' lat='59.7252970' lon='10.1891019'/>
  <node id='-4330' version='0' action='modify' visible='true' lat='59.7253126' lon='10.1895332'/>
  <node id='-4331' version='0' action='modify' visible='true' lat='59.7253352' lon='10.1899092'/>
  <node id='-4332' version='0' action='modify' visible='true' lat='59.7253912' lon='10.1902749'/>
  <node id='-4333' version='0' action='modify' visible='true' lat='59.7254206' lon='10.1903370'/>
  <node id='-4334' version='0' action='modify' visible='true' lat='59.7254988' lon='10.1904215'/>
  <node id='-4335' version='0' action='modify' visible='true' lat='59.7256354' lon='10.1905261'/>
  <node id='-4336' version='0' action='modify' visible='true' lat='59.7258248' lon='10.1906656'/>
  <node id='-4337' version='0' action='modify' visible='true' lat='59.7259613' lon='10.1908265'/>
  <node id='-4338' version='0' action='modify' visible='true' lat='59.7260574' lon='10.1910076'/>
  <node id='-4339' version='0' action='modify' visible='true' lat='59.7261697' lon='10.1913294'/>
  <node id='-4340' version='0' action='modify' visible='true' lat='59.7262463' lon='10.1916430'/>
  <node id='-4341' version='0' action='modify' visible='true' lat='59.7262794' lon='10.1918107'/>
  <node id='-4342' version='0' action='modify' visible='true' lat='59.7263142' lon='10.1921837'/>
  <node id='-4343' version='0' action='modify' visible='true' lat='59.7263034' lon='10.1929133'/>
  <node id='-4344' version='0' action='modify' visible='true' lat='59.7263128' lon='10.1935812'/>
  <node id='-4345' version='0' action='modify' visible='true' lat='59.7263319' lon='10.1939687'/>
  <node id='-4346' version='0' action='modify' visible='true' lat='59.7263778' lon='10.1942865'/>
  <node id='-4347' version='0' action='modify' visible='true' lat='59.7264643' lon='10.1946781'/>
  <node id='-4348' version='0' action='modify' visible='true' lat='59.7265914' lon='10.1951288'/>
  <node id='-4349' version='0' action='modify' visible='true' lat='59.7266484' lon='10.1953715'/>
  <node id='-4350' version='0' action='modify' visible='true' lat='59.7266698' lon='10.1955982'/>
  <node id='-4351' version='0' action='modify' visible='true' lat='59.7266578' lon='10.1957390'/>
  <node id='-4352' version='0' action='modify' visible='true' lat='59.7266063' lon='10.1959549'/>
  <node id='-4353' version='0' action='modify' visible='true' lat='59.7264359' lon='10.1964780'/>
  <node id='-4354' version='0' action='modify' visible='true' lat='59.7263211' lon='10.1968494'/>
  <node id='-4355' version='0' action='modify' visible='true' lat='59.7261339' lon='10.1972944'/>
  <node id='-4356' version='0' action='modify' visible='true' lat='59.7260519' lon='10.1974623'/>
  <node id='-4357' version='0' action='modify' visible='true' lat='59.7259476' lon='10.1976408'/>
  <node id='-4358' version='0' action='modify' visible='true' lat='59.7258368' lon='10.1978191'/>
  <node id='-4359' version='0' action='modify' visible='true' lat='59.7256457' lon='10.1980878'/>
  <node id='-4360' version='0' action='modify' visible='true' lat='59.7256100' lon='10.1981485'/>
  <node id='-4361' version='0' action='modify' visible='true' lat='59.7254799' lon='10.1983555'/>
  <node id='-4362' version='0' action='modify' visible='true' lat='59.7252772' lon='10.1986438'/>
  <node id='-4363' version='0' action='modify' visible='true' lat='59.7251934' lon='10.1988128'/>
  <node id='-4364' version='0' action='modify' visible='true' lat='59.7250958' lon='10.1990985'/>
  <node id='-4365' version='0' action='modify' visible='true' lat='59.7249459' lon='10.1994029'/>
  <node id='-4366' version='0' action='modify' visible='true' lat='59.7248896' lon='10.1994780'/>
  <node id='-4367' version='0' action='modify' visible='true' lat='59.7248269' lon='10.1995289'/>
  <node id='-4368' version='0' action='modify' visible='true' lat='59.7246234' lon='10.1996349'/>
  <node id='-4369' version='0' action='modify' visible='true' lat='59.7245525' lon='10.1996976'/>
  <node id='-4370' version='0' action='modify' visible='true' lat='59.7244794' lon='10.1997998'/>
  <node id='-4371' version='0' action='modify' visible='true' lat='59.7242722' lon='10.2002377'/>
  <node id='-4372' version='0' action='modify' visible='true' lat='59.7242268' lon='10.2003354'/>
  <node id='-4373' version='0' action='modify' visible='true' lat='59.7241125' lon='10.2005506'/>
  <node id='-4374' version='0' action='modify' visible='true' lat='59.7240208' lon='10.2006232'/>
  <node id='-4375' version='0' action='modify' visible='true' lat='59.7239636' lon='10.2006997'/>
  <node id='-4376' version='0' action='modify' visible='true' lat='59.7238283' lon='10.2010779'/>
  <node id='-4377' version='0' action='modify' visible='true' lat='59.7236923' lon='10.2017187'/>
  <node id='-4378' version='0' action='modify' visible='true' lat='59.7236732' lon='10.2018205'/>
  <node id='-4379' version='0' action='modify' visible='true' lat='59.7236179' lon='10.2021158'/>
  <node id='-4380' version='0' action='modify' visible='true' lat='59.7235957' lon='10.2023018'/>
  <node id='-4381' version='0' action='modify' visible='true' lat='59.7235983' lon='10.2023690'/>
  <node id='-4382' version='0' action='modify' visible='true' lat='59.7236146' lon='10.2024374'/>
  <node id='-4383' version='0' action='modify' visible='true' lat='59.7236430' lon='10.2024887'/>
  <node id='-4384' version='0' action='modify' visible='true' lat='59.7237245' lon='10.2025740'/>
  <node id='-4385' version='0' action='modify' visible='true' lat='59.7237701' lon='10.2026082'/>
  <node id='-4386' version='0' action='modify' visible='true' lat='59.7238290' lon='10.2026644'/>
  <node id='-4387' version='0' action='modify' visible='true' lat='59.7238817' lon='10.2027369'/>
  <node id='-4388' version='0' action='modify' visible='true' lat='59.7239431' lon='10.2028751'/>
  <node id='-4389' version='0' action='modify' visible='true' lat='59.7240172' lon='10.2031510'/>
  <node id='-4390' version='0' action='modify' visible='true' lat='59.7240392' lon='10.2032521'/>
  <node id='-4391' version='0' action='modify' visible='true' lat='59.7240733' lon='10.2034613'/>
  <node id='-4392' version='0' action='modify' visible='true' lat='59.7240877' lon='10.2035952'/>
  <node id='-4393' version='0' action='modify' visible='true' lat='59.7241019' lon='10.2036783'/>
  <node id='-4394' version='0' action='modify' visible='true' lat='59.7241236' lon='10.2037396'/>
  <node id='-4395' version='0' action='modify' visible='true' lat='59.7244780' lon='10.2031289'/>
  <node id='-4396' version='0' action='modify' visible='true' lat='59.7246538' lon='10.2028205'/>
  <node id='-4397' version='0' action='modify' visible='true' lat='59.7247917' lon='10.2025201'/>
  <node id='-4398' version='0' action='modify' visible='true' lat='59.7248837' lon='10.2021902'/>
  <node id='-4399' version='0' action='modify' visible='true' lat='59.7250703' lon='10.2014606'/>
  <node id='-4400' version='0' action='modify' visible='true' lat='59.7251880' lon='10.2010315'/>
  <node id='-4401' version='0' action='modify' visible='true' lat='59.7253110' lon='10.2007874'/>
  <node id='-4402' version='0' action='modify' visible='true' lat='59.7254259' lon='10.2006452'/>
  <node id='-4403' version='0' action='modify' visible='true' lat='59.7255409' lon='10.2005567'/>
  <node id='-4404' version='0' action='modify' visible='true' lat='59.7256639' lon='10.2005192'/>
  <node id='-4405' version='0' action='modify' visible='true' lat='59.7258181' lon='10.2005487'/>
  <node id='-4406' version='0' action='modify' visible='true' lat='59.7259695' lon='10.2006238'/>
  <node id='-4407' version='0' action='modify' visible='true' lat='59.7261088' lon='10.2007606'/>
  <node id='-4408' version='0' action='modify' visible='true' lat='59.7262062' lon='10.2009242'/>
  <node id='-4409' version='0' action='modify' visible='true' lat='59.7263022' lon='10.2011736'/>
  <node id='-4410' version='0' action='modify' visible='true' lat='59.7263698' lon='10.2015223'/>
  <node id='-4411' version='0' action='modify' visible='true' lat='59.7263900' lon='10.2017878'/>
  <node id='-4412' version='0' action='modify' visible='true' lat='59.7263685' lon='10.2020990'/>
  <node id='-4413' version='0' action='modify' visible='true' lat='59.7263130' lon='10.2023940'/>
  <node id='-4414' version='0' action='modify' visible='true' lat='59.7261710' lon='10.2028232'/>
  <node id='-4415' version='0' action='modify' visible='true' lat='59.7257537' lon='10.2042347'/>
  <node id='-4416' version='0' action='modify' visible='true' lat='59.7257004' lon='10.2044325'/>
  <node id='-4417' version='0' action='modify' visible='true' lat='59.7256696' lon='10.2045943'/>
  <node id='-4418' version='0' action='modify' visible='true' lat='59.7256570' lon='10.2046879'/>
  <node id='-4419' version='0' action='modify' visible='true' lat='59.7256479' lon='10.2047661'/>
  <node id='-4420' version='0' action='modify' visible='true' lat='59.7256443' lon='10.2048951'/>
  <node id='-4421' version='0' action='modify' visible='true' lat='59.7256471' lon='10.2050467'/>
  <node id='-4422' version='0' action='modify' visible='true' lat='59.7256667' lon='10.2052514'/>
  <node id='-4423' version='0' action='modify' visible='true' lat='59.7257072' lon='10.2054499'/>
  <node id='-4424' version='0' action='modify' visible='true' lat='59.7257674' lon='10.2056421'/>
  <node id='-4425' version='0' action='modify' visible='true' lat='59.7258340' lon='10.2057869'/>
  <node id='-4426' version='0' action='modify' visible='true' lat='59.7259392' lon='10.2059275'/>
  <node id='-4427' version='0' action='modify' visible='true' lat='59.7260779' lon='10.2060619'/>
  <node id='-4428' version='0' action='modify' visible='true' lat='59.7260793' lon='10.2060592'/>
  <node id='-4429' version='0' action='modify' visible='true' lat='59.7260966' lon='10.2060205'/>
  <node id='-4430' version='0' action='modify' visible='true' lat='59.7261683' lon='10.2058235'/>
  <node id='-4431' version='0' action='modify' visible='true' lat='59.7262136' lon='10.2056936'/>
  <node id='-4432' version='0' action='modify' visible='true' lat='59.7263723' lon='10.2053949'/>
  <node id='-4433' version='0' action='modify' visible='true' lat='59.7264368' lon='10.2052679'/>
  <node id='-4434' version='0' action='modify' visible='true' lat='59.7266632' lon='10.2049068'/>
  <node id='-4435' version='0' action='modify' visible='true' lat='59.7268298' lon='10.2046603'/>
  <node id='-4436' version='0' action='modify' visible='true' lat='59.7268731' lon='10.2046012'/>
  <node id='-4437' version='0' action='modify' visible='true' lat='59.7269748' lon='10.2044740'/>
  <node id='-4438' version='0' action='modify' visible='true' lat='59.7269917' lon='10.2044563'/>
  <node id='-4439' version='0' action='modify' visible='true' lat='59.7271408' lon='10.2042986'/>
  <node id='-4440' version='0' action='modify' visible='true' lat='59.7271768' lon='10.2042620'/>
  <node id='-4441' version='0' action='modify' visible='true' lat='59.7272185' lon='10.2042238'/>
  <node id='-4442' version='0' action='modify' visible='true' lat='59.7274619' lon='10.2040385'/>
  <node id='-4443' version='0' action='modify' visible='true' lat='59.7275049' lon='10.2040156'/>
  <node id='-4444' version='0' action='modify' visible='true' lat='59.7275519' lon='10.2039930'/>
  <node id='-4445' version='0' action='modify' visible='true' lat='59.7276324' lon='10.2039667'/>
  <node id='-4446' version='0' action='modify' visible='true' lat='59.7276475' lon='10.2039607'/>
  <node id='-4447' version='0' action='modify' visible='true' lat='59.7277417' lon='10.2039478'/>
  <node id='-4448' version='0' action='modify' visible='true' lat='59.7278955' lon='10.2039555'/>
  <node id='-4449' version='0' action='modify' visible='true' lat='59.7279116' lon='10.2039608'/>
  <node id='-4450' version='0' action='modify' visible='true' lat='59.7281297' lon='10.2040330'/>
  <node id='-4451' version='0' action='modify' visible='true' lat='59.7282148' lon='10.2040611'/>
  <node id='-4452' version='0' action='modify' visible='true' lat='59.7282334' lon='10.2040701'/>
  <node id='-4453' version='0' action='modify' visible='true' lat='59.7283020' lon='10.2041006'/>
  <node id='-4454' version='0' action='modify' visible='true' lat='59.7283683' lon='10.2041318'/>
  <node id='-4455' version='0' action='modify' visible='true' lat='59.7284056' lon='10.2041494'/>
  <node id='-4456' version='0' action='modify' visible='true' lat='59.7284387' lon='10.2041718'/>
  <node id='-4457' version='0' action='modify' visible='true' lat='59.7286511' lon='10.2043157'/>
  <node id='-4458' version='0' action='modify' visible='true' lat='59.7290705' lon='10.2045780'/>
  <node id='-4459' version='0' action='modify' visible='true' lat='59.7290449' lon='10.2047157'/>
  <node id='-4460' version='0' action='modify' visible='true' lat='59.7290195' lon='10.2048523'/>
  <node id='-4461' version='0' action='modify' visible='true' lat='59.7290546' lon='10.2048750'/>
  <node id='-4462' version='0' action='modify' visible='true' lat='59.7290952' lon='10.2048922'/>
  <node id='-4463' version='0' action='modify' visible='true' lat='59.7294731' lon='10.2051478'/>
  <node id='-4464' version='0' action='modify' visible='true' lat='59.7295800' lon='10.2052160'/>
  <node id='-4465' version='0' action='modify' visible='true' lat='59.7295951' lon='10.2052279'/>
  <node id='-4466' version='0' action='modify' visible='true' lat='59.7296067' lon='10.2052412'/>
  <node id='-4467' version='0' action='modify' visible='true' lat='59.7296171' lon='10.2052675'/>
  <node id='-4468' version='0' action='modify' visible='true' lat='59.7296236' lon='10.2053033'/>
  <node id='-4469' version='0' action='modify' visible='true' lat='59.7296260' lon='10.2053392'/>
  <node id='-4470' version='0' action='modify' visible='true' lat='59.7296217' lon='10.2053810'/>
  <node id='-4471' version='0' action='modify' visible='true' lat='59.7296655' lon='10.2054144'/>
  <node id='-4472' version='0' action='modify' visible='true' lat='59.7297146' lon='10.2054519'/>
  <node id='-4473' version='0' action='modify' visible='true' lat='59.7297430' lon='10.2053251'/>
  <node id='-4474' version='0' action='modify' visible='true' lat='59.7297753' lon='10.2053167'/>
  <node id='-4475' version='0' action='modify' visible='true' lat='59.7299022' lon='10.2053748'/>
  <node id='-4476' version='0' action='modify' visible='true' lat='59.7299242' lon='10.2053843'/>
  <node id='-4477' version='0' action='modify' visible='true' lat='59.7302494' lon='10.2055250'/>
  <node id='-4478' version='0' action='modify' visible='true' lat='59.7303903' lon='10.2055178'/>
  <node id='-4479' version='0' action='modify' visible='true' lat='59.7307350' lon='10.2054041'/>
  <node id='-4480' version='0' action='modify' visible='true' lat='59.7309764' lon='10.2052901'/>
  <node id='-4481' version='0' action='modify' visible='true' lat='59.7312928' lon='10.2051667'/>
  <node id='-4482' version='0' action='modify' visible='true' lat='59.7315350' lon='10.2050374'/>
  <node id='-4483' version='0' action='modify' visible='true' lat='59.7319958' lon='10.2046268'/>
  <node id='-4484' version='0' action='modify' visible='true' lat='59.7321503' lon='10.2045370'/>
  <node id='-4485' version='0' action='modify' visible='true' lat='59.7322283' lon='10.2045337'/>
  <node id='-4486' version='0' action='modify' visible='true' lat='59.7322748' lon='10.2045520'/>
  <node id='-4487' version='0' action='modify' visible='true' lat='59.7323186' lon='10.2045999'/>
  <node id='-4488' version='0' action='modify' visible='true' lat='59.7323516' lon='10.2046696'/>
  <node id='-4489' version='0' action='modify' visible='true' lat='59.7323698' lon='10.2047317'/>
  <node id='-4490' version='0' action='modify' visible='true' lat='59.7323819' lon='10.2047914'/>
  <node id='-4491' version='0' action='modify' visible='true' lat='59.7323854' lon='10.2048129'/>
  <node id='-4492' version='0' action='modify' visible='true' lat='59.7323888' lon='10.2048729'/>
  <node id='-4493' version='0' action='modify' visible='true' lat='59.7323874' lon='10.2049344'/>
  <node id='-4494' version='0' action='modify' visible='true' lat='59.7323704' lon='10.2050256'/>
  <node id='-4495' version='0' action='modify' visible='true' lat='59.7323512' lon='10.2051098'/>
  <node id='-4496' version='0' action='modify' visible='true' lat='59.7323150' lon='10.2051990'/>
  <node id='-4497' version='0' action='modify' visible='true' lat='59.7321580' lon='10.2055368'/>
  <node id='-4498' version='0' action='modify' visible='true' lat='59.7320174' lon='10.2058373'/>
  <node id='-4499' version='0' action='modify' visible='true' lat='59.7319525' lon='10.2059982'/>
  <node id='-4500' version='0' action='modify' visible='true' lat='59.7319392' lon='10.2060606'/>
  <node id='-4501' version='0' action='modify' visible='true' lat='59.7319487' lon='10.2061116'/>
  <node id='-4502' version='0' action='modify' visible='true' lat='59.7319636' lon='10.2061491'/>
  <node id='-4503' version='0' action='modify' visible='true' lat='59.7319865' lon='10.2061706'/>
  <node id='-4504' version='0' action='modify' visible='true' lat='59.7320109' lon='10.2061813'/>
  <node id='-4505' version='0' action='modify' visible='true' lat='59.7320526' lon='10.2061484'/>
  <node id='-4506' version='0' action='modify' visible='true' lat='59.7320896' lon='10.2060601'/>
  <node id='-4507' version='0' action='modify' visible='true' lat='59.7321770' lon='10.2058641'/>
  <node id='-4508' version='0' action='modify' visible='true' lat='59.7322743' lon='10.2057139'/>
  <node id='-4509' version='0' action='modify' visible='true' lat='59.7324095' lon='10.2055100'/>
  <node id='-4510' version='0' action='modify' visible='true' lat='59.7325420' lon='10.2053115'/>
  <node id='-4511' version='0' action='modify' visible='true' lat='59.7326988' lon='10.2050165'/>
  <node id='-4512' version='0' action='modify' visible='true' lat='59.7328097' lon='10.2047107'/>
  <node id='-4513' version='0' action='modify' visible='true' lat='59.7328852' lon='10.2044425'/>
  <node id='-4514' version='0' action='modify' visible='true' lat='59.7329668' lon='10.2042207'/>
  <node id='-4515' version='0' action='modify' visible='true' lat='59.7330767' lon='10.2040405'/>
  <node id='-4516' version='0' action='modify' visible='true' lat='59.7331667' lon='10.2039591'/>
  <node id='-4517' version='0' action='modify' visible='true' lat='59.7332754' lon='10.2039084'/>
  <node id='-4518' version='0' action='modify' visible='true' lat='59.7332936' lon='10.2039080'/>
  <node id='-4519' version='0' action='modify' visible='true' lat='59.7333854' lon='10.2039061'/>
  <node id='-4520' version='0' action='modify' visible='true' lat='59.7337767' lon='10.2040405'/>
  <node id='-4521' version='0' action='modify' visible='true' lat='59.7340100' lon='10.2041206'/>
  <node id='-4522' version='0' action='modify' visible='true' lat='59.7341050' lon='10.2041696'/>
  <node id='-4523' version='0' action='modify' visible='true' lat='59.7342265' lon='10.2039571'/>
  <node id='-4524' version='0' action='modify' visible='true' lat='59.7344841' lon='10.2035067'/>
  <node id='-4525' version='0' action='modify' visible='true' lat='59.7344978' lon='10.2034827'/>
  <node id='-4526' version='0' action='modify' visible='true' lat='59.7345934' lon='10.2033154'/>
  <node id='-4527' version='0' action='modify' visible='true' lat='59.7347734' lon='10.2030007'/>
  <node id='-4528' version='0' action='modify' visible='true' lat='59.7349288' lon='10.2027287'/>
  <node id='-4529' version='0' action='modify' visible='true' lat='59.7351177' lon='10.2024042'/>
  <node id='-4530' version='0' action='modify' visible='true' lat='59.7353197' lon='10.2020450'/>
  <node id='-4531' version='0' action='modify' visible='true' lat='59.7355955' lon='10.2015796'/>
  <node id='-4532' version='0' action='modify' visible='true' lat='59.7358809' lon='10.2011207'/>
  <node id='-4533' version='0' action='modify' visible='true' lat='59.7362672' lon='10.2004906'/>
  <node id='-4534' version='0' action='modify' visible='true' lat='59.7364169' lon='10.2004739'/>
  <node id='-4535' version='0' action='modify' visible='true' lat='59.7369125' lon='10.2004263'/>
  <node id='-4536' version='0' action='modify' visible='true' lat='59.7369484' lon='10.2004228'/>
  <node id='-4537' version='0' action='modify' visible='true' lat='59.7369799' lon='10.2004198'/>
  <node id='-4538' version='0' action='modify' visible='true' lat='59.7370197' lon='10.2004167'/>
  <node id='-4539' version='0' action='modify' visible='true' lat='59.7370314' lon='10.2004158'/>
  <node id='-4540' version='0' action='modify' visible='true' lat='59.7374217' lon='10.2003812'/>
  <node id='-4541' version='0' action='modify' visible='true' lat='59.7376303' lon='10.2003719'/>
  <node id='-4542' version='0' action='modify' visible='true' lat='59.7377250' lon='10.2003701'/>
  <node id='-4543' version='0' action='modify' visible='true' lat='59.7377822' lon='10.2003648'/>
  <node id='-4544' version='0' action='modify' visible='true' lat='59.7378840' lon='10.2004161'/>
  <node id='-4545' version='0' action='modify' visible='true' lat='59.7379482' lon='10.2004086'/>
  <node id='-4546' version='0' action='modify' visible='true' lat='59.7379675' lon='10.2004061'/>
  <node id='-4547' version='0' action='modify' visible='true' lat='59.7380081' lon='10.2003947'/>
  <node id='-4548' version='0' action='modify' visible='true' lat='59.7380261' lon='10.2003854'/>
  <node id='-4549' version='0' action='modify' visible='true' lat='59.7380296' lon='10.2003831'/>
  <node id='-4550' version='0' action='modify' visible='true' lat='59.7380397' lon='10.2003765'/>
  <node id='-4551' version='0' action='modify' visible='true' lat='59.7383327' lon='10.2001858'/>
  <node id='-4552' version='0' action='modify' visible='true' lat='59.7383890' lon='10.2001252'/>
  <node id='-4553' version='0' action='modify' visible='true' lat='59.7384465' lon='10.2000555'/>
  <node id='-4554' version='0' action='modify' visible='true' lat='59.7385411' lon='10.1999267'/>
  <node id='-4555' version='0' action='modify' visible='true' lat='59.7386377' lon='10.1997805'/>
  <node id='-4556' version='0' action='modify' visible='true' lat='59.7386911' lon='10.1996976'/>
  <node id='-4557' version='0' action='modify' visible='true' lat='59.7387278' lon='10.1996235'/>
  <node id='-4558' version='0' action='modify' visible='true' lat='59.7387403' lon='10.1995723'/>
  <node id='-4559' version='0' action='modify' visible='true' lat='59.7387573' lon='10.1994485'/>
  <node id='-4560' version='0' action='modify' visible='true' lat='59.7387608' lon='10.1992733'/>
  <node id='-4561' version='0' action='modify' visible='true' lat='59.7387575' lon='10.1990675'/>
  <node id='-4562' version='0' action='modify' visible='true' lat='59.7387624' lon='10.1989951'/>
  <node id='-4563' version='0' action='modify' visible='true' lat='59.7387821' lon='10.1988174'/>
  <node id='-4564' version='0' action='modify' visible='true' lat='59.7389116' lon='10.1988590'/>
  <node id='-4565' version='0' action='modify' visible='true' lat='59.7390006' lon='10.1988861'/>
  <node id='-4566' version='0' action='modify' visible='true' lat='59.7391024' lon='10.1988890'/>
  <node id='-4567' version='0' action='modify' visible='true' lat='59.7392157' lon='10.1991828'/>
  <node id='-4568' version='0' action='modify' visible='true' lat='59.7393103' lon='10.1994412'/>
  <node id='-4569' version='0' action='modify' visible='true' lat='59.7393682' lon='10.1998514'/>
  <node id='-4570' version='0' action='modify' visible='true' lat='59.7393910' lon='10.2000483'/>
  <node id='-4571' version='0' action='modify' visible='true' lat='59.7393952' lon='10.2002548'/>
  <node id='-4572' version='0' action='modify' visible='true' lat='59.7394159' lon='10.2004824'/>
  <node id='-4573' version='0' action='modify' visible='true' lat='59.7394187' lon='10.2005129'/>
  <node id='-4574' version='0' action='modify' visible='true' lat='59.7394365' lon='10.2007055'/>
  <node id='-4575' version='0' action='modify' visible='true' lat='59.7394411' lon='10.2007187'/>
  <node id='-4576' version='0' action='modify' visible='true' lat='59.7394890' lon='10.2008561'/>
  <node id='-4577' version='0' action='modify' visible='true' lat='59.7395113' lon='10.2009293'/>
  <node id='-4578' version='0' action='modify' visible='true' lat='59.7395295' lon='10.2009891'/>
  <node id='-4579' version='0' action='modify' visible='true' lat='59.7395632' lon='10.2010427'/>
  <node id='-4580' version='0' action='modify' visible='true' lat='59.7395249' lon='10.2013001'/>
  <node id='-4581' version='0' action='modify' visible='true' lat='59.7395028' lon='10.2016953'/>
  <node id='-4582' version='0' action='modify' visible='true' lat='59.7395716' lon='10.2017241'/>
  <node id='-4583' version='0' action='modify' visible='true' lat='59.7396516' lon='10.2017981'/>
  <node id='-4584' version='0' action='modify' visible='true' lat='59.7398295' lon='10.2019711'/>
  <node id='-4585' version='0' action='modify' visible='true' lat='59.7399133' lon='10.2020543'/>
  <node id='-4586' version='0' action='modify' visible='true' lat='59.7399545' lon='10.2020784'/>
  <node id='-4587' version='0' action='modify' visible='true' lat='59.7400077' lon='10.2021022'/>
  <node id='-4588' version='0' action='modify' visible='true' lat='59.7400531' lon='10.2021226'/>
  <node id='-4589' version='0' action='modify' visible='true' lat='59.7400991' lon='10.2021387'/>
  <node id='-4590' version='0' action='modify' visible='true' lat='59.7401499' lon='10.2021595'/>
  <node id='-4591' version='0' action='modify' visible='true' lat='59.7402251' lon='10.2021807'/>
  <node id='-4592' version='0' action='modify' visible='true' lat='59.7402337' lon='10.2020557'/>
  <node id='-4593' version='0' action='modify' visible='true' lat='59.7404329' lon='10.2021092'/>
  <node id='-4594' version='0' action='modify' visible='true' lat='59.7405676' lon='10.2021867'/>
  <node id='-4595' version='0' action='modify' visible='true' lat='59.7405769' lon='10.2021928'/>
  <node id='-4596' version='0' action='modify' visible='true' lat='59.7407606' lon='10.2023117'/>
  <node id='-4597' version='0' action='modify' visible='true' lat='59.7412257' lon='10.2026129'/>
  <node id='-4598' version='0' action='modify' visible='true' lat='59.7412782' lon='10.2026502'/>
  <node id='-4599' version='0' action='modify' visible='true' lat='59.7420330' lon='10.2031513'/>
  <node id='-4600' version='0' action='modify' visible='true' lat='59.7427877' lon='10.2036523'/>
  <node id='-4601' version='0' action='modify' visible='true' lat='59.7427976' lon='10.2036589'/>
  <node id='-4602' version='0' action='modify' visible='true' lat='59.7428370' lon='10.2036500'/>
  <node id='-4603' version='0' action='modify' visible='true' lat='59.7428610' lon='10.2036229'/>
  <node id='-4604' version='0' action='modify' visible='true' lat='59.7428797' lon='10.2035779'/>
  <node id='-4605' version='0' action='modify' visible='true' lat='59.7429065' lon='10.2034652'/>
  <node id='-4606' version='0' action='modify' visible='true' lat='59.7429545' lon='10.2034983'/>
  <node id='-4607' version='0' action='modify' visible='true' lat='59.7429911' lon='10.2033785'/>
  <node id='-4608' version='0' action='modify' visible='true' lat='59.7430500' lon='10.2034269'/>
  <node id='-4609' version='0' action='modify' visible='true' lat='59.7435638' lon='10.2038025'/>
  <node id='-4610' version='0' action='modify' visible='true' lat='59.7436188' lon='10.2038444'/>
  <node id='-4611' version='0' action='modify' visible='true' lat='59.7441297' lon='10.2042339'/>
  <node id='-4612' version='0' action='modify' visible='true' lat='59.7446767' lon='10.2046415'/>
  <node id='-4613' version='0' action='modify' visible='true' lat='59.7446965' lon='10.2045485'/>
  <node id='-4614' version='0' action='modify' visible='true' lat='59.7447658' lon='10.2046019'/>
  <node id='-4615' version='0' action='modify' visible='true' lat='59.7448273' lon='10.2046533'/>
  <node id='-4616' version='0' action='modify' visible='true' lat='59.7447892' lon='10.2048436'/>
  <node id='-4617' version='0' action='modify' visible='true' lat='59.7447745' lon='10.2049176'/>
  <node id='-4618' version='0' action='modify' visible='true' lat='59.7447621' lon='10.2049772'/>
  <node id='-4619' version='0' action='modify' visible='true' lat='59.7447403' lon='10.2050849'/>
  <node id='-4620' version='0' action='modify' visible='true' lat='59.7447277' lon='10.2051483'/>
  <node id='-4621' version='0' action='modify' visible='true' lat='59.7448298' lon='10.2052274'/>
  <node id='-4622' version='0' action='modify' visible='true' lat='59.7450356' lon='10.2053868'/>
  <node id='-4623' version='0' action='modify' visible='true' lat='59.7451364' lon='10.2054649'/>
  <node id='-4624' version='0' action='modify' visible='true' lat='59.7451817' lon='10.2055000'/>
  <node id='-4625' version='0' action='modify' visible='true' lat='59.7452352' lon='10.2055434'/>
  <node id='-4626' version='0' action='modify' visible='true' lat='59.7453906' lon='10.2056693'/>
  <node id='-4627' version='0' action='modify' visible='true' lat='59.7458007' lon='10.2060017'/>
  <node id='-4628' version='0' action='modify' visible='true' lat='59.7458098' lon='10.2060189'/>
  <node id='-4629' version='0' action='modify' visible='true' lat='59.7459270' lon='10.2062419'/>
  <node id='-4630' version='0' action='modify' visible='true' lat='59.7459793' lon='10.2063313'/>
  <node id='-4631' version='0' action='modify' visible='true' lat='59.7460440' lon='10.2063873'/>
  <node id='-4632' version='0' action='modify' visible='true' lat='59.7459986' lon='10.2066001'/>
  <node id='-4633' version='0' action='modify' visible='true' lat='59.7460428' lon='10.2066497'/>
  <node id='-4634' version='0' action='modify' visible='true' lat='59.7462274' lon='10.2076922'/>
  <node id='-4635' version='0' action='modify' visible='true' lat='59.7462749' lon='10.2077283'/>
  <node id='-4636' version='0' action='modify' visible='true' lat='59.7464510' lon='10.2078421'/>
  <node id='-4637' version='0' action='modify' visible='true' lat='59.7464930' lon='10.2078514'/>
  <node id='-4638' version='0' action='modify' visible='true' lat='59.7465177' lon='10.2078546'/>
  <node id='-4639' version='0' action='modify' visible='true' lat='59.7465751' lon='10.2078619'/>
  <node id='-4640' version='0' action='modify' visible='true' lat='59.7466669' lon='10.2078576'/>
  <node id='-4641' version='0' action='modify' visible='true' lat='59.7466872' lon='10.2078567'/>
  <node id='-4642' version='0' action='modify' visible='true' lat='59.7467917' lon='10.2078169'/>
  <node id='-4643' version='0' action='modify' visible='true' lat='59.7468788' lon='10.2077506'/>
  <node id='-4644' version='0' action='modify' visible='true' lat='59.7469615' lon='10.2076712'/>
  <node id='-4645' version='0' action='modify' visible='true' lat='59.7471144' lon='10.2074057'/>
  <node id='-4646' version='0' action='modify' visible='true' lat='59.7471852' lon='10.2073939'/>
  <node id='-4647' version='0' action='modify' visible='true' lat='59.7472543' lon='10.2073956'/>
  <node id='-4648' version='0' action='modify' visible='true' lat='59.7472277' lon='10.2084659'/>
  <node id='-4649' version='0' action='modify' visible='true' lat='59.7472216' lon='10.2086591'/>
  <node id='-4650' version='0' action='modify' visible='true' lat='59.7472058' lon='10.2088364'/>
  <node id='-4651' version='0' action='modify' visible='true' lat='59.7471775' lon='10.2090370'/>
  <node id='-4652' version='0' action='modify' visible='true' lat='59.7471170' lon='10.2093351'/>
  <node id='-4653' version='0' action='modify' visible='true' lat='59.7470893' lon='10.2094716'/>
  <node id='-4654' version='0' action='modify' visible='true' lat='59.7469270' lon='10.2102715'/>
  <node id='-4655' version='0' action='modify' visible='true' lat='59.7469150' lon='10.2103279'/>
  <node id='-4656' version='0' action='modify' visible='true' lat='59.7467594' lon='10.2110628'/>
  <node id='-4657' version='0' action='modify' visible='true' lat='59.7467123' lon='10.2113560'/>
  <node id='-4658' version='0' action='modify' visible='true' lat='59.7467072' lon='10.2114430'/>
  <node id='-4659' version='0' action='modify' visible='true' lat='59.7466994' lon='10.2115753'/>
  <node id='-4660' version='0' action='modify' visible='true' lat='59.7466986' lon='10.2115885'/>
  <node id='-4661' version='0' action='modify' visible='true' lat='59.7466948' lon='10.2116755'/>
  <node id='-4662' version='0' action='modify' visible='true' lat='59.7466797' lon='10.2120177'/>
  <node id='-4663' version='0' action='modify' visible='true' lat='59.7466432' lon='10.2128085'/>
  <node id='-4664' version='0' action='modify' visible='true' lat='59.7466329' lon='10.2130305'/>
  <node id='-4665' version='0' action='modify' visible='true' lat='59.7465974' lon='10.2134826'/>
  <node id='-4666' version='0' action='modify' visible='true' lat='59.7465954' lon='10.2135083'/>
  <node id='-4667' version='0' action='modify' visible='true' lat='59.7465738' lon='10.2137833'/>
  <node id='-4668' version='0' action='modify' visible='true' lat='59.7465266' lon='10.2143847'/>
  <node id='-4669' version='0' action='modify' visible='true' lat='59.7465064' lon='10.2146423'/>
  <node id='-4670' version='0' action='modify' visible='true' lat='59.7464659' lon='10.2151571'/>
  <node id='-4671' version='0' action='modify' visible='true' lat='59.7464307' lon='10.2156061'/>
  <node id='-4672' version='0' action='modify' visible='true' lat='59.7464248' lon='10.2160083'/>
  <node id='-4673' version='0' action='modify' visible='true' lat='59.7464267' lon='10.2161869'/>
  <node id='-4674' version='0' action='modify' visible='true' lat='59.7464378' lon='10.2165540'/>
  <node id='-4675' version='0' action='modify' visible='true' lat='59.7464759' lon='10.2170255'/>
  <node id='-4676' version='0' action='modify' visible='true' lat='59.7465338' lon='10.2174078'/>
  <node id='-4677' version='0' action='modify' visible='true' lat='59.7465477' lon='10.2174785'/>
  <node id='-4678' version='0' action='modify' visible='true' lat='59.7466163' lon='10.2178252'/>
  <node id='-4679' version='0' action='modify' visible='true' lat='59.7467932' lon='10.2183764'/>
  <node id='-4680' version='0' action='modify' visible='true' lat='59.7468676' lon='10.2185850'/>
  <node id='-4681' version='0' action='modify' visible='true' lat='59.7469257' lon='10.2187425'/>
  <node id='-4682' version='0' action='modify' visible='true' lat='59.7468867' lon='10.2188015'/>
  <node id='-4683' version='0' action='modify' visible='true' lat='59.7468682' lon='10.2188898'/>
  <node id='-4684' version='0' action='modify' visible='true' lat='59.7468732' lon='10.2190296'/>
  <node id='-4685' version='0' action='modify' visible='true' lat='59.7468937' lon='10.2192006'/>
  <node id='-4686' version='0' action='modify' visible='true' lat='59.7469141' lon='10.2193716'/>
  <node id='-4687' version='0' action='modify' visible='true' lat='59.7469750' lon='10.2198818'/>
  <node id='-4688' version='0' action='modify' visible='true' lat='59.7470045' lon='10.2201281'/>
  <node id='-4689' version='0' action='modify' visible='true' lat='59.7470091' lon='10.2201669'/>
  <node id='-4690' version='0' action='modify' visible='true' lat='59.7470255' lon='10.2202557'/>
  <node id='-4691' version='0' action='modify' visible='true' lat='59.7470353' lon='10.2203095'/>
  <node id='-4692' version='0' action='modify' visible='true' lat='59.7470568' lon='10.2204260'/>
  <node id='-4693' version='0' action='modify' visible='true' lat='59.7471953' lon='10.2211784'/>
  <node id='-4694' version='0' action='modify' visible='true' lat='59.7472607' lon='10.2214407'/>
  <node id='-4695' version='0' action='modify' visible='true' lat='59.7472771' lon='10.2215064'/>
  <node id='-4696' version='0' action='modify' visible='true' lat='59.7473782' lon='10.2218909'/>
  <node id='-4697' version='0' action='modify' visible='true' lat='59.7474781' lon='10.2222586'/>
  <node id='-4698' version='0' action='modify' visible='true' lat='59.7475023' lon='10.2223471'/>
  <node id='-4699' version='0' action='modify' visible='true' lat='59.7475292' lon='10.2224511'/>
  <node id='-4700' version='0' action='modify' visible='true' lat='59.7476545' lon='10.2229145'/>
  <node id='-4701' version='0' action='modify' visible='true' lat='59.7476978' lon='10.2230434'/>
  <node id='-4702' version='0' action='modify' visible='true' lat='59.7477196' lon='10.2231801'/>
  <node id='-4703' version='0' action='modify' visible='true' lat='59.7477557' lon='10.2233374'/>
  <node id='-4704' version='0' action='modify' visible='true' lat='59.7478003' lon='10.2234982'/>
  <node id='-4705' version='0' action='modify' visible='true' lat='59.7478423' lon='10.2236570'/>
  <node id='-4706' version='0' action='modify' visible='true' lat='59.7478929' lon='10.2238349'/>
  <node id='-4707' version='0' action='modify' visible='true' lat='59.7479197' lon='10.2239290'/>
  <node id='-4708' version='0' action='modify' visible='true' lat='59.7479908' lon='10.2241661'/>
  <node id='-4709' version='0' action='modify' visible='true' lat='59.7480279' lon='10.2242673'/>
  <node id='-4710' version='0' action='modify' visible='true' lat='59.7480792' lon='10.2243843'/>
  <node id='-4711' version='0' action='modify' visible='true' lat='59.7481318' lon='10.2244785'/>
  <node id='-4712' version='0' action='modify' visible='true' lat='59.7481374' lon='10.2245625'/>
  <node id='-4713' version='0' action='modify' visible='true' lat='59.7481588' lon='10.2248871'/>
  <node id='-4714' version='0' action='modify' visible='true' lat='59.7481645' lon='10.2249726'/>
  <node id='-4715' version='0' action='modify' visible='true' lat='59.7482211' lon='10.2251196'/>
  <node id='-4716' version='0' action='modify' visible='true' lat='59.7483310' lon='10.2252991'/>
  <node id='-4717' version='0' action='modify' visible='true' lat='59.7484033' lon='10.2254330'/>
  <node id='-4718' version='0' action='modify' visible='true' lat='59.7484420' lon='10.2255251'/>
  <node id='-4719' version='0' action='modify' visible='true' lat='59.7484661' lon='10.2256501'/>
  <node id='-4720' version='0' action='modify' visible='true' lat='59.7483936' lon='10.2261892'/>
  <node id='-4721' version='0' action='modify' visible='true' lat='59.7483663' lon='10.2262757'/>
  <node id='-4722' version='0' action='modify' visible='true' lat='59.7483244' lon='10.2264086'/>
  <node id='-4723' version='0' action='modify' visible='true' lat='59.7482427' lon='10.2265652'/>
  <node id='-4724' version='0' action='modify' visible='true' lat='59.7481809' lon='10.2266446'/>
  <node id='-4725' version='0' action='modify' visible='true' lat='59.7481090' lon='10.2267231'/>
  <node id='-4726' version='0' action='modify' visible='true' lat='59.7480672' lon='10.2267525'/>
  <node id='-4727' version='0' action='modify' visible='true' lat='59.7480263' lon='10.2267632'/>
  <node id='-4728' version='0' action='modify' visible='true' lat='59.7479825' lon='10.2267619'/>
  <node id='-4729' version='0' action='modify' visible='true' lat='59.7478516' lon='10.2267391'/>
  <node id='-4730' version='0' action='modify' visible='true' lat='59.7477319' lon='10.2266939'/>
  <node id='-4731' version='0' action='modify' visible='true' lat='59.7477111' lon='10.2267073'/>
  <node id='-4732' version='0' action='modify' visible='true' lat='59.7476987' lon='10.2267382'/>
  <node id='-4733' version='0' action='modify' visible='true' lat='59.7476743' lon='10.2268400'/>
  <node id='-4734' version='0' action='modify' visible='true' lat='59.7477827' lon='10.2269300'/>
  <node id='-4735' version='0' action='modify' visible='true' lat='59.7479223' lon='10.2270131'/>
  <node id='-4736' version='0' action='modify' visible='true' lat='59.7480635' lon='10.2270586'/>
  <node id='-4737' version='0' action='modify' visible='true' lat='59.7481739' lon='10.2270787'/>
  <node id='-4738' version='0' action='modify' visible='true' lat='59.7482835' lon='10.2270869'/>
  <node id='-4739' version='0' action='modify' visible='true' lat='59.7485023' lon='10.2270868'/>
  <node id='-4740' version='0' action='modify' visible='true' lat='59.7486094' lon='10.2270689'/>
  <node id='-4741' version='0' action='modify' visible='true' lat='59.7487033' lon='10.2270533'/>
  <node id='-4742' version='0' action='modify' visible='true' lat='59.7488750' lon='10.2270037'/>
  <node id='-4743' version='0' action='modify' visible='true' lat='59.7490556' lon='10.2269314'/>
  <node id='-4744' version='0' action='modify' visible='true' lat='59.7491434' lon='10.2269475'/>
  <node id='-4745' version='0' action='modify' visible='true' lat='59.7492433' lon='10.2269695'/>
  <node id='-4746' version='0' action='modify' visible='true' lat='59.7493323' lon='10.2270425'/>
  <node id='-4747' version='0' action='modify' visible='true' lat='59.7494355' lon='10.2271550'/>
  <node id='-4748' version='0' action='modify' visible='true' lat='59.7494923' lon='10.2272365'/>
  <node id='-4749' version='0' action='modify' visible='true' lat='59.7495453' lon='10.2273307'/>
  <node id='-4750' version='0' action='modify' visible='true' lat='59.7495848' lon='10.2274172'/>
  <node id='-4751' version='0' action='modify' visible='true' lat='59.7496228' lon='10.2275258'/>
  <node id='-4752' version='0' action='modify' visible='true' lat='59.7496589' lon='10.2276629'/>
  <node id='-4753' version='0' action='modify' visible='true' lat='59.7496755' lon='10.2277381'/>
  <node id='-4754' version='0' action='modify' visible='true' lat='59.7497011' lon='10.2278884'/>
  <node id='-4755' version='0' action='modify' visible='true' lat='59.7497090' lon='10.2279509'/>
  <node id='-4756' version='0' action='modify' visible='true' lat='59.7497377' lon='10.2281791'/>
  <node id='-4757' version='0' action='modify' visible='true' lat='59.7498478' lon='10.2291440'/>
  <node id='-4758' version='0' action='modify' visible='true' lat='59.7499022' lon='10.2291107'/>
  <node id='-4759' version='0' action='modify' visible='true' lat='59.7506191' lon='10.2286032'/>
  <node id='-4760' version='0' action='modify' visible='true' lat='59.7508287' lon='10.2284487'/>
  <node id='-4761' version='0' action='modify' visible='true' lat='59.7509302' lon='10.2283718'/>
  <node id='-4762' version='0' action='modify' visible='true' lat='59.7510659' lon='10.2282686'/>
  <node id='-4763' version='0' action='modify' visible='true' lat='59.7517944' lon='10.2277358'/>
  <node id='-4764' version='0' action='modify' visible='true' lat='59.7525230' lon='10.2272029'/>
  <node id='-4765' version='0' action='modify' visible='true' lat='59.7525532' lon='10.2273965'/>
  <node id='-4766' version='0' action='modify' visible='true' lat='59.7526069' lon='10.2277061'/>
  <node id='-4767' version='0' action='modify' visible='true' lat='59.7526146' lon='10.2278173'/>
  <node id='-4768' version='0' action='modify' visible='true' lat='59.7527130' lon='10.2277593'/>
  <node id='-4769' version='0' action='modify' visible='true' lat='59.7527949' lon='10.2277293'/>
  <node id='-4770' version='0' action='modify' visible='true' lat='59.7529084' lon='10.2277051'/>
  <node id='-4771' version='0' action='modify' visible='true' lat='59.7531040' lon='10.2278215'/>
  <node id='-4772' version='0' action='modify' visible='true' lat='59.7531344' lon='10.2278393'/>
  <node id='-4773' version='0' action='modify' visible='true' lat='59.7532496' lon='10.2279155'/>
  <node id='-4774' version='0' action='modify' visible='true' lat='59.7532830' lon='10.2279428'/>
  <node id='-4775' version='0' action='modify' visible='true' lat='59.7532986' lon='10.2279762'/>
  <node id='-4776' version='0' action='modify' visible='true' lat='59.7533124' lon='10.2280099'/>
  <node id='-4777' version='0' action='modify' visible='true' lat='59.7533503' lon='10.2281364'/>
  <node id='-4778' version='0' action='modify' visible='true' lat='59.7533666' lon='10.2282125'/>
  <node id='-4779' version='0' action='modify' visible='true' lat='59.7533881' lon='10.2283111'/>
  <node id='-4780' version='0' action='modify' visible='true' lat='59.7534984' lon='10.2282026'/>
  <node id='-4781' version='0' action='modify' visible='true' lat='59.7535699' lon='10.2281407'/>
  <node id='-4782' version='0' action='modify' visible='true' lat='59.7542483' lon='10.2275999'/>
  <node id='-4783' version='0' action='modify' visible='true' lat='59.7544556' lon='10.2274151'/>
  <node id='-4784' version='0' action='modify' visible='true' lat='59.7550775' lon='10.2268426'/>
  <node id='-4785' version='0' action='modify' visible='true' lat='59.7552333' lon='10.2266871'/>
  <node id='-4786' version='0' action='modify' visible='true' lat='59.7556490' lon='10.2262212'/>
  <node id='-4787' version='0' action='modify' visible='true' lat='59.7557667' lon='10.2260956'/>
  <node id='-4788' version='0' action='modify' visible='true' lat='59.7558267' lon='10.2260389'/>
  <node id='-4789' version='0' action='modify' visible='true' lat='59.7559000' lon='10.2259999'/>
  <node id='-4790' version='0' action='modify' visible='true' lat='59.7559145' lon='10.2259782'/>
  <node id='-4791' version='0' action='modify' visible='true' lat='59.7559348' lon='10.2259183'/>
  <node id='-4792' version='0' action='modify' visible='true' lat='59.7559887' lon='10.2258428'/>
  <node id='-4793' version='0' action='modify' visible='true' lat='59.7560380' lon='10.2257894'/>
  <node id='-4794' version='0' action='modify' visible='true' lat='59.7560965' lon='10.2257400'/>
  <node id='-4795' version='0' action='modify' visible='true' lat='59.7562073' lon='10.2256510'/>
  <node id='-4796' version='0' action='modify' visible='true' lat='59.7566072' lon='10.2253854'/>
  <node id='-4797' version='0' action='modify' visible='true' lat='59.7568654' lon='10.2251648'/>
  <node id='-4798' version='0' action='modify' visible='true' lat='59.7570165' lon='10.2250475'/>
  <node id='-4799' version='0' action='modify' visible='true' lat='59.7570969' lon='10.2249831'/>
  <node id='-4800' version='0' action='modify' visible='true' lat='59.7574778' lon='10.2245660'/>
  <node id='-4801' version='0' action='modify' visible='true' lat='59.7575467' lon='10.2245110'/>
  <node id='-4802' version='0' action='modify' visible='true' lat='59.7576116' lon='10.2244842'/>
  <node id='-4803' version='0' action='modify' visible='true' lat='59.7577497' lon='10.2244715'/>
  <node id='-4804' version='0' action='modify' visible='true' lat='59.7578537' lon='10.2244876'/>
  <node id='-4805' version='0' action='modify' visible='true' lat='59.7579590' lon='10.2245373'/>
  <node id='-4806' version='0' action='modify' visible='true' lat='59.7581313' lon='10.2245767'/>
  <node id='-4807' version='0' action='modify' visible='true' lat='59.7582600' lon='10.2246143'/>
  <node id='-4808' version='0' action='modify' visible='true' lat='59.7583925' lon='10.2245767'/>
  <node id='-4809' version='0' action='modify' visible='true' lat='59.7584016' lon='10.2246284'/>
  <node id='-4810' version='0' action='modify' visible='true' lat='59.7584181' lon='10.2246532'/>
  <node id='-4811' version='0' action='modify' visible='true' lat='59.7584421' lon='10.2246737'/>
  <node id='-4812' version='0' action='modify' visible='true' lat='59.7585103' lon='10.2246906'/>
  <node id='-4813' version='0' action='modify' visible='true' lat='59.7585940' lon='10.2246911'/>
  <node id='-4814' version='0' action='modify' visible='true' lat='59.7587776' lon='10.2246702'/>
  <node id='-4815' version='0' action='modify' visible='true' lat='59.7588856' lon='10.2246532'/>
  <node id='-4816' version='0' action='modify' visible='true' lat='59.7589424' lon='10.2246515'/>
  <node id='-4817' version='0' action='modify' visible='true' lat='59.7589493' lon='10.2246534'/>
  <node id='-4818' version='0' action='modify' visible='true' lat='59.7590521' lon='10.2246816'/>
  <node id='-4819' version='0' action='modify' visible='true' lat='59.7592289' lon='10.2247507'/>
  <node id='-4820' version='0' action='modify' visible='true' lat='59.7593338' lon='10.2247740'/>
  <node id='-4821' version='0' action='modify' visible='true' lat='59.7594387' lon='10.2247810'/>
  <node id='-4822' version='0' action='modify' visible='true' lat='59.7595487' lon='10.2247738'/>
  <node id='-4823' version='0' action='modify' visible='true' lat='59.7595779' lon='10.2247656'/>
  <node id='-4824' version='0' action='modify' visible='true' lat='59.7596662' lon='10.2247409'/>
  <node id='-4825' version='0' action='modify' visible='true' lat='59.7597772' lon='10.2247019'/>
  <node id='-4826' version='0' action='modify' visible='true' lat='59.7599766' lon='10.2246648'/>
  <node id='-4827' version='0' action='modify' visible='true' lat='59.7600139' lon='10.2246577'/>
  <node id='-4828' version='0' action='modify' visible='true' lat='59.7602276' lon='10.2247259'/>
  <node id='-4829' version='0' action='modify' visible='true' lat='59.7604274' lon='10.2247534'/>
  <node id='-4830' version='0' action='modify' visible='true' lat='59.7606914' lon='10.2248083'/>
  <node id='-4831' version='0' action='modify' visible='true' lat='59.7607830' lon='10.2248041'/>
  <node id='-4832' version='0' action='modify' visible='true' lat='59.7609492' lon='10.2247652'/>
  <node id='-4833' version='0' action='modify' visible='true' lat='59.7611919' lon='10.2247206'/>
  <node id='-4834' version='0' action='modify' visible='true' lat='59.7612561' lon='10.2247043'/>
  <node id='-4835' version='0' action='modify' visible='true' lat='59.7614161' lon='10.2246511'/>
  <node id='-4836' version='0' action='modify' visible='true' lat='59.7617218' lon='10.2245235'/>
  <node id='-4837' version='0' action='modify' visible='true' lat='59.7619400' lon='10.2244805'/>
  <node id='-4838' version='0' action='modify' visible='true' lat='59.7619959' lon='10.2244649'/>
  <node id='-4839' version='0' action='modify' visible='true' lat='59.7620279' lon='10.2244371'/>
  <node id='-4840' version='0' action='modify' visible='true' lat='59.7620830' lon='10.2243597'/>
  <node id='-4841' version='0' action='modify' visible='true' lat='59.7621479' lon='10.2244305'/>
  <node id='-4842' version='0' action='modify' visible='true' lat='59.7621890' lon='10.2244463'/>
  <node id='-4843' version='0' action='modify' visible='true' lat='59.7621985' lon='10.2244442'/>
  <node id='-4844' version='0' action='modify' visible='true' lat='59.7622414' lon='10.2244344'/>
  <node id='-4845' version='0' action='modify' visible='true' lat='59.7624176' lon='10.2243849'/>
  <node id='-4846' version='0' action='modify' visible='true' lat='59.7626119' lon='10.2243445'/>
  <node id='-4847' version='0' action='modify' visible='true' lat='59.7626894' lon='10.2243334'/>
  <node id='-4848' version='0' action='modify' visible='true' lat='59.7628052' lon='10.2243225'/>
  <node id='-4849' version='0' action='modify' visible='true' lat='59.7630457' lon='10.2243289'/>
  <node id='-4850' version='0' action='modify' visible='true' lat='59.7631338' lon='10.2243506'/>
  <node id='-4851' version='0' action='modify' visible='true' lat='59.7632031' lon='10.2243954'/>
  <node id='-4852' version='0' action='modify' visible='true' lat='59.7632642' lon='10.2244658'/>
  <node id='-4853' version='0' action='modify' visible='true' lat='59.7632919' lon='10.2245104'/>
  <node id='-4854' version='0' action='modify' visible='true' lat='59.7633406' lon='10.2246084'/>
  <node id='-4855' version='0' action='modify' visible='true' lat='59.7633632' lon='10.2245794'/>
  <node id='-4856' version='0' action='modify' visible='true' lat='59.7633993' lon='10.2245333'/>
  <node id='-4857' version='0' action='modify' visible='true' lat='59.7634932' lon='10.2244245'/>
  <node id='-4858' version='0' action='modify' visible='true' lat='59.7635762' lon='10.2243491'/>
  <node id='-4859' version='0' action='modify' visible='true' lat='59.7638205' lon='10.2241651'/>
  <node id='-4860' version='0' action='modify' visible='true' lat='59.7640378' lon='10.2240137'/>
  <node id='-4861' version='0' action='modify' visible='true' lat='59.7641281' lon='10.2239660'/>
  <node id='-4862' version='0' action='modify' visible='true' lat='59.7641397' lon='10.2239696'/>
  <node id='-4863' version='0' action='modify' visible='true' lat='59.7641730' lon='10.2239799'/>
  <node id='-4864' version='0' action='modify' visible='true' lat='59.7642135' lon='10.2240497'/>
  <node id='-4865' version='0' action='modify' visible='true' lat='59.7642290' lon='10.2240380'/>
  <node id='-4866' version='0' action='modify' visible='true' lat='59.7642383' lon='10.2240178'/>
  <node id='-4867' version='0' action='modify' visible='true' lat='59.7642593' lon='10.2239524'/>
  <node id='-4868' version='0' action='modify' visible='true' lat='59.7643553' lon='10.2238490'/>
  <node id='-4869' version='0' action='modify' visible='true' lat='59.7644076' lon='10.2238554'/>
  <node id='-4870' version='0' action='modify' visible='true' lat='59.7644625' lon='10.2238548'/>
  <node id='-4871' version='0' action='modify' visible='true' lat='59.7645344' lon='10.2239184'/>
  <node id='-4872' version='0' action='modify' visible='true' lat='59.7645914' lon='10.2239451'/>
  <node id='-4873' version='0' action='modify' visible='true' lat='59.7646696' lon='10.2239785'/>
  <node id='-4874' version='0' action='modify' visible='true' lat='59.7647647' lon='10.2240165'/>
  <node id='-4875' version='0' action='modify' visible='true' lat='59.7648449' lon='10.2240760'/>
  <node id='-4876' version='0' action='modify' visible='true' lat='59.7652549' lon='10.2249804'/>
  <node id='-4877' version='0' action='modify' visible='true' lat='59.7654342' lon='10.2252509'/>
  <node id='-4878' version='0' action='modify' visible='true' lat='59.7656090' lon='10.2255777'/>
  <node id='-4879' version='0' action='modify' visible='true' lat='59.7657424' lon='10.2257127'/>
  <node id='-4880' version='0' action='modify' visible='true' lat='59.7658765' lon='10.2257444'/>
  <node id='-4881' version='0' action='modify' visible='true' lat='59.7660598' lon='10.2256885'/>
  <node id='-4882' version='0' action='modify' visible='true' lat='59.7662395' lon='10.2256617'/>
  <node id='-4883' version='0' action='modify' visible='true' lat='59.7665595' lon='10.2257234'/>
  <node id='-4884' version='0' action='modify' visible='true' lat='59.7667060' lon='10.2256944'/>
  <node id='-4885' version='0' action='modify' visible='true' lat='59.7668811' lon='10.2256018'/>
  <node id='-4886' version='0' action='modify' visible='true' lat='59.7670316' lon='10.2253679'/>
  <node id='-4887' version='0' action='modify' visible='true' lat='59.7672191' lon='10.2251796'/>
  <node id='-4888' version='0' action='modify' visible='true' lat='59.7672500' lon='10.2251395'/>
  <node id='-4889' version='0' action='modify' visible='true' lat='59.7672835' lon='10.2251205'/>
  <node id='-4890' version='0' action='modify' visible='true' lat='59.7673374' lon='10.2251163'/>
  <node id='-4891' version='0' action='modify' visible='true' lat='59.7673905' lon='10.2251426'/>
  <node id='-4892' version='0' action='modify' visible='true' lat='59.7674554' lon='10.2251975'/>
  <node id='-4893' version='0' action='modify' visible='true' lat='59.7675244' lon='10.2252644'/>
  <node id='-4894' version='0' action='modify' visible='true' lat='59.7677417' lon='10.2254990'/>
  <node id='-4895' version='0' action='modify' visible='true' lat='59.7678186' lon='10.2255611'/>
  <node id='-4896' version='0' action='modify' visible='true' lat='59.7678955' lon='10.2255983'/>
  <node id='-4897' version='0' action='modify' visible='true' lat='59.7679628' lon='10.2256190'/>
  <node id='-4898' version='0' action='modify' visible='true' lat='59.7681015' lon='10.2256241'/>
  <node id='-4899' version='0' action='modify' visible='true' lat='59.7682605' lon='10.2256174'/>
  <node id='-4900' version='0' action='modify' visible='true' lat='59.7684746' lon='10.2256188'/>
  <node id='-4901' version='0' action='modify' visible='true' lat='59.7685362' lon='10.2256297'/>
  <node id='-4902' version='0' action='modify' visible='true' lat='59.7686686' lon='10.2256357'/>
  <node id='-4903' version='0' action='modify' visible='true' lat='59.7688398' lon='10.2256433'/>
  <node id='-4904' version='0' action='modify' visible='true' lat='59.7689626' lon='10.2256405'/>
  <node id='-4905' version='0' action='modify' visible='true' lat='59.7690766' lon='10.2256255'/>
  <node id='-4906' version='0' action='modify' visible='true' lat='59.7691995' lon='10.2255918'/>
  <node id='-4907' version='0' action='modify' visible='true' lat='59.7693632' lon='10.2255167'/>
  <node id='-4908' version='0' action='modify' visible='true' lat='59.7694563' lon='10.2254552'/>
  <node id='-4909' version='0' action='modify' visible='true' lat='59.7696573' lon='10.2253382'/>
  <node id='-4910' version='0' action='modify' visible='true' lat='59.7697191' lon='10.2252754'/>
  <node id='-4911' version='0' action='modify' visible='true' lat='59.7698592' lon='10.2250819'/>
  <node id='-4912' version='0' action='modify' visible='true' lat='59.7699182' lon='10.2250235'/>
  <node id='-4913' version='0' action='modify' visible='true' lat='59.7699745' lon='10.2250136'/>
  <node id='-4914' version='0' action='modify' visible='true' lat='59.7699956' lon='10.2250169'/>
  <node id='-4915' version='0' action='modify' visible='true' lat='59.7701238' lon='10.2250369'/>
  <node id='-4916' version='0' action='modify' visible='true' lat='59.7702413' lon='10.2250448'/>
  <node id='-4917' version='0' action='modify' visible='true' lat='59.7702762' lon='10.2250472'/>
  <node id='-4918' version='0' action='modify' visible='true' lat='59.7703597' lon='10.2250423'/>
  <node id='-4919' version='0' action='modify' visible='true' lat='59.7704533' lon='10.2250450'/>
  <node id='-4920' version='0' action='modify' visible='true' lat='59.7705601' lon='10.2250618'/>
  <node id='-4921' version='0' action='modify' visible='true' lat='59.7706949' lon='10.2250951'/>
  <node id='-4922' version='0' action='modify' visible='true' lat='59.7707326' lon='10.2251027'/>
  <node id='-4923' version='0' action='modify' visible='true' lat='59.7709046' lon='10.2251663'/>
  <node id='-4924' version='0' action='modify' visible='true' lat='59.7709366' lon='10.2251772'/>
  <node id='-4925' version='0' action='modify' visible='true' lat='59.7710645' lon='10.2252210'/>
  <node id='-4926' version='0' action='modify' visible='true' lat='59.7711150' lon='10.2252415'/>
  <node id='-4927' version='0' action='modify' visible='true' lat='59.7711627' lon='10.2252592'/>
  <node id='-4928' version='0' action='modify' visible='true' lat='59.7711811' lon='10.2250710'/>
  <node id='-4929' version='0' action='modify' visible='true' lat='59.7711924' lon='10.2248875'/>
  <node id='-4930' version='0' action='modify' visible='true' lat='59.7712149' lon='10.2242957'/>
  <node id='-4931' version='0' action='modify' visible='true' lat='59.7712349' lon='10.2240039'/>
  <node id='-4932' version='0' action='modify' visible='true' lat='59.7712626' lon='10.2237288'/>
  <node id='-4933' version='0' action='modify' visible='true' lat='59.7712809' lon='10.2235693'/>
  <node id='-4934' version='0' action='modify' visible='true' lat='59.7713111' lon='10.2233063'/>
  <node id='-4935' version='0' action='modify' visible='true' lat='59.7713505' lon='10.2229957'/>
  <node id='-4936' version='0' action='modify' visible='true' lat='59.7714150' lon='10.2230221'/>
  <node id='-4937' version='0' action='modify' visible='true' lat='59.7714585' lon='10.2230569'/>
  <node id='-4938' version='0' action='modify' visible='true' lat='59.7714989' lon='10.2231028'/>
  <node id='-4939' version='0' action='modify' visible='true' lat='59.7715377' lon='10.2231543'/>
  <node id='-4940' version='0' action='modify' visible='true' lat='59.7715742' lon='10.2232204'/>
  <node id='-4941' version='0' action='modify' visible='true' lat='59.7716238' lon='10.2233453'/>
  <node id='-4942' version='0' action='modify' visible='true' lat='59.7716455' lon='10.2234492'/>
  <node id='-4943' version='0' action='modify' visible='true' lat='59.7716532' lon='10.2235373'/>
  <node id='-4944' version='0' action='modify' visible='true' lat='59.7716459' lon='10.2236311'/>
  <node id='-4945' version='0' action='modify' visible='true' lat='59.7716278' lon='10.2237282'/>
  <node id='-4946' version='0' action='modify' visible='true' lat='59.7715678' lon='10.2240062'/>
  <node id='-4947' version='0' action='modify' visible='true' lat='59.7715486' lon='10.2241463'/>
  <node id='-4948' version='0' action='modify' visible='true' lat='59.7715438' lon='10.2241930'/>
  <node id='-4949' version='0' action='modify' visible='true' lat='59.7715294' lon='10.2243345'/>
  <node id='-4950' version='0' action='modify' visible='true' lat='59.7715255' lon='10.2245509'/>
  <node id='-4951' version='0' action='modify' visible='true' lat='59.7715360' lon='10.2247634'/>
  <node id='-4952' version='0' action='modify' visible='true' lat='59.7715597' lon='10.2249183'/>
  <node id='-4953' version='0' action='modify' visible='true' lat='59.7715667' lon='10.2249641'/>
  <node id='-4954' version='0' action='modify' visible='true' lat='59.7715962' lon='10.2250830'/>
  <node id='-4955' version='0' action='modify' visible='true' lat='59.7716355' lon='10.2252004'/>
  <node id='-4956' version='0' action='modify' visible='true' lat='59.7716950' lon='10.2253507'/>
  <node id='-4957' version='0' action='modify' visible='true' lat='59.7717518' lon='10.2254799'/>
  <node id='-4958' version='0' action='modify' visible='true' lat='59.7717898' lon='10.2255850'/>
  <node id='-4959' version='0' action='modify' visible='true' lat='59.7718122' lon='10.2256567'/>
  <node id='-4960' version='0' action='modify' visible='true' lat='59.7718323' lon='10.2257876'/>
  <node id='-4961' version='0' action='modify' visible='true' lat='59.7718342' lon='10.2258319'/>
  <node id='-4962' version='0' action='modify' visible='true' lat='59.7717846' lon='10.2261583'/>
  <node id='-4963' version='0' action='modify' visible='true' lat='59.7717499' lon='10.2264647'/>
  <node id='-4964' version='0' action='modify' visible='true' lat='59.7717404' lon='10.2265998'/>
  <node id='-4965' version='0' action='modify' visible='true' lat='59.7717379' lon='10.2267536'/>
  <node id='-4966' version='0' action='modify' visible='true' lat='59.7717410' lon='10.2268869'/>
  <node id='-4967' version='0' action='modify' visible='true' lat='59.7717513' lon='10.2270210'/>
  <node id='-4968' version='0' action='modify' visible='true' lat='59.7717677' lon='10.2271756'/>
  <node id='-4969' version='0' action='modify' visible='true' lat='59.7717869' lon='10.2273084'/>
  <node id='-4970' version='0' action='modify' visible='true' lat='59.7718094' lon='10.2274295'/>
  <node id='-4971' version='0' action='modify' visible='true' lat='59.7718463' lon='10.2275568'/>
  <node id='-4972' version='0' action='modify' visible='true' lat='59.7718771' lon='10.2276112'/>
  <node id='-4973' version='0' action='modify' visible='true' lat='59.7719081' lon='10.2276246'/>
  <node id='-4974' version='0' action='modify' visible='true' lat='59.7719651' lon='10.2276325'/>
  <node id='-4975' version='0' action='modify' visible='true' lat='59.7719778' lon='10.2276278'/>
  <node id='-4976' version='0' action='modify' visible='true' lat='59.7721772' lon='10.2275540'/>
  <node id='-4977' version='0' action='modify' visible='true' lat='59.7723511' lon='10.2274440'/>
  <node id='-4978' version='0' action='modify' visible='true' lat='59.7723913' lon='10.2273870'/>
  <node id='-4979' version='0' action='modify' visible='true' lat='59.7725058' lon='10.2274125'/>
  <node id='-4980' version='0' action='modify' visible='true' lat='59.7725738' lon='10.2273778'/>
  <node id='-4981' version='0' action='modify' visible='true' lat='59.7726732' lon='10.2273154'/>
  <node id='-4982' version='0' action='modify' visible='true' lat='59.7727240' lon='10.2272778'/>
  <node id='-4983' version='0' action='modify' visible='true' lat='59.7727716' lon='10.2272282'/>
  <node id='-4984' version='0' action='modify' visible='true' lat='59.7728114' lon='10.2272254'/>
  <node id='-4985' version='0' action='modify' visible='true' lat='59.7729896' lon='10.2271128'/>
  <node id='-4986' version='0' action='modify' visible='true' lat='59.7732040' lon='10.2270068'/>
  <node id='-4987' version='0' action='modify' visible='true' lat='59.7736647' lon='10.2269314'/>
  <node id='-4988' version='0' action='modify' visible='true' lat='59.7740529' lon='10.2271547'/>
  <node id='-4989' version='0' action='modify' visible='true' lat='59.7745076' lon='10.2277737'/>
  <node id='-4990' version='0' action='modify' visible='true' lat='59.7750168' lon='10.2285112'/>
  <node id='-4991' version='0' action='modify' visible='true' lat='59.7755259' lon='10.2292486'/>
  <node id='-4992' version='0' action='modify' visible='true' lat='59.7760351' lon='10.2299861'/>
  <node id='-4993' version='0' action='modify' visible='true' lat='59.7762083' lon='10.2304227'/>
  <node id='-4994' version='0' action='modify' visible='true' lat='59.7763925' lon='10.2303605'/>
  <node id='-4995' version='0' action='modify' visible='true' lat='59.7772318' lon='10.2302616'/>
  <node id='-4996' version='0' action='modify' visible='true' lat='59.7780712' lon='10.2301628'/>
  <node id='-4997' version='0' action='modify' visible='true' lat='59.7781585' lon='10.2301396'/>
  <node id='-4998' version='0' action='modify' visible='true' lat='59.7782739' lon='10.2301231'/>
  <node id='-4999' version='0' action='modify' visible='true' lat='59.7783244' lon='10.2301266'/>
  <node id='-5000' version='0' action='modify' visible='true' lat='59.7783753' lon='10.2301407'/>
  <node id='-5001' version='0' action='modify' visible='true' lat='59.7784108' lon='10.2301534'/>
  <node id='-5002' version='0' action='modify' visible='true' lat='59.7786667' lon='10.2303630'/>
  <node id='-5003' version='0' action='modify' visible='true' lat='59.7787578' lon='10.2304428'/>
  <node id='-5004' version='0' action='modify' visible='true' lat='59.7787750' lon='10.2302293'/>
  <node id='-5005' version='0' action='modify' visible='true' lat='59.7787864' lon='10.2300754'/>
  <node id='-5006' version='0' action='modify' visible='true' lat='59.7788125' lon='10.2297231'/>
  <node id='-5007' version='0' action='modify' visible='true' lat='59.7788401' lon='10.2295064'/>
  <node id='-5008' version='0' action='modify' visible='true' lat='59.7788826' lon='10.2295022'/>
  <node id='-5009' version='0' action='modify' visible='true' lat='59.7788822' lon='10.2295760'/>
  <node id='-5010' version='0' action='modify' visible='true' lat='59.7788614' lon='10.2302178'/>
  <node id='-5011' version='0' action='modify' visible='true' lat='59.7788235' lon='10.2309670'/>
  <node id='-5012' version='0' action='modify' visible='true' lat='59.7788145' lon='10.2313147'/>
  <node id='-5013' version='0' action='modify' visible='true' lat='59.7788153' lon='10.2315794'/>
  <node id='-5014' version='0' action='modify' visible='true' lat='59.7788180' lon='10.2317308'/>
  <node id='-5015' version='0' action='modify' visible='true' lat='59.7788260' lon='10.2321699'/>
  <node id='-5016' version='0' action='modify' visible='true' lat='59.7788686' lon='10.2339054'/>
  <node id='-5017' version='0' action='modify' visible='true' lat='59.7788765' lon='10.2341180'/>
  <node id='-5018' version='0' action='modify' visible='true' lat='59.7788888' lon='10.2343367'/>
  <node id='-5019' version='0' action='modify' visible='true' lat='59.7789090' lon='10.2345578'/>
  <node id='-5020' version='0' action='modify' visible='true' lat='59.7789229' lon='10.2346673'/>
  <node id='-5021' version='0' action='modify' visible='true' lat='59.7789754' lon='10.2349861'/>
  <node id='-5022' version='0' action='modify' visible='true' lat='59.7790399' lon='10.2353044'/>
  <node id='-5023' version='0' action='modify' visible='true' lat='59.7792686' lon='10.2363473'/>
  <node id='-5024' version='0' action='modify' visible='true' lat='59.7793291' lon='10.2366721'/>
  <node id='-5025' version='0' action='modify' visible='true' lat='59.7793812' lon='10.2369937'/>
  <node id='-5026' version='0' action='modify' visible='true' lat='59.7794232' lon='10.2373040'/>
  <node id='-5027' version='0' action='modify' visible='true' lat='59.7794442' lon='10.2374958'/>
  <node id='-5028' version='0' action='modify' visible='true' lat='59.7794615' lon='10.2376831'/>
  <node id='-5029' version='0' action='modify' visible='true' lat='59.7795201' lon='10.2384273'/>
  <node id='-5030' version='0' action='modify' visible='true' lat='59.7795452' lon='10.2387004'/>
  <node id='-5031' version='0' action='modify' visible='true' lat='59.7795883' lon='10.2390277'/>
  <node id='-5032' version='0' action='modify' visible='true' lat='59.7796071' lon='10.2391360'/>
  <node id='-5033' version='0' action='modify' visible='true' lat='59.7796495' lon='10.2393363'/>
  <node id='-5034' version='0' action='modify' visible='true' lat='59.7796962' lon='10.2395106'/>
  <node id='-5035' version='0' action='modify' visible='true' lat='59.7797220' lon='10.2395911'/>
  <node id='-5036' version='0' action='modify' visible='true' lat='59.7797766' lon='10.2397410'/>
  <node id='-5037' version='0' action='modify' visible='true' lat='59.7798638' lon='10.2399439'/>
  <node id='-5038' version='0' action='modify' visible='true' lat='59.7799235' lon='10.2400703'/>
  <node id='-5039' version='0' action='modify' visible='true' lat='59.7800908' lon='10.2404000'/>
  <node id='-5040' version='0' action='modify' visible='true' lat='59.7802074' lon='10.2406438'/>
  <node id='-5041' version='0' action='modify' visible='true' lat='59.7803409' lon='10.2409543'/>
  <node id='-5042' version='0' action='modify' visible='true' lat='59.7803502' lon='10.2409990'/>
  <node id='-5043' version='0' action='modify' visible='true' lat='59.7804135' lon='10.2413416'/>
  <node id='-5044' version='0' action='modify' visible='true' lat='59.7804609' lon='10.2416337'/>
  <node id='-5045' version='0' action='modify' visible='true' lat='59.7804933' lon='10.2419438'/>
  <node id='-5046' version='0' action='modify' visible='true' lat='59.7805098' lon='10.2421411'/>
  <node id='-5047' version='0' action='modify' visible='true' lat='59.7805377' lon='10.2424514'/>
  <node id='-5048' version='0' action='modify' visible='true' lat='59.7805572' lon='10.2425960'/>
  <node id='-5049' version='0' action='modify' visible='true' lat='59.7805692' lon='10.2426532'/>
  <node id='-5050' version='0' action='modify' visible='true' lat='59.7805835' lon='10.2427105'/>
  <node id='-5051' version='0' action='modify' visible='true' lat='59.7806118' lon='10.2427925'/>
  <node id='-5052' version='0' action='modify' visible='true' lat='59.7806637' lon='10.2428836'/>
  <node id='-5053' version='0' action='modify' visible='true' lat='59.7806164' lon='10.2429864'/>
  <node id='-5054' version='0' action='modify' visible='true' lat='59.7804480' lon='10.2433233'/>
  <node id='-5055' version='0' action='modify' visible='true' lat='59.7803987' lon='10.2434184'/>
  <node id='-5056' version='0' action='modify' visible='true' lat='59.7803379' lon='10.2435033'/>
  <node id='-5057' version='0' action='modify' visible='true' lat='59.7802551' lon='10.2435743'/>
  <node id='-5058' version='0' action='modify' visible='true' lat='59.7797983' lon='10.2438601'/>
  <node id='-5059' version='0' action='modify' visible='true' lat='59.7794888' lon='10.2441146'/>
  <node id='-5060' version='0' action='modify' visible='true' lat='59.7793881' lon='10.2442146'/>
  <node id='-5061' version='0' action='modify' visible='true' lat='59.7792875' lon='10.2443349'/>
  <node id='-5062' version='0' action='modify' visible='true' lat='59.7791995' lon='10.2444427'/>
  <node id='-5063' version='0' action='modify' visible='true' lat='59.7791543' lon='10.2445091'/>
  <node id='-5064' version='0' action='modify' visible='true' lat='59.7790988' lon='10.2446012'/>
  <node id='-5065' version='0' action='modify' visible='true' lat='59.7790808' lon='10.2446422'/>
  <node id='-5066' version='0' action='modify' visible='true' lat='59.7790648' lon='10.2446962'/>
  <node id='-5067' version='0' action='modify' visible='true' lat='59.7790371' lon='10.2448015'/>
  <node id='-5068' version='0' action='modify' visible='true' lat='59.7790434' lon='10.2448730'/>
  <node id='-5069' version='0' action='modify' visible='true' lat='59.7790533' lon='10.2450154'/>
  <node id='-5070' version='0' action='modify' visible='true' lat='59.7789595' lon='10.2450908'/>
  <node id='-5071' version='0' action='modify' visible='true' lat='59.7789494' lon='10.2451008'/>
  <node id='-5072' version='0' action='modify' visible='true' lat='59.7788537' lon='10.2451956'/>
  <node id='-5073' version='0' action='modify' visible='true' lat='59.7785619' lon='10.2455364'/>
  <node id='-5074' version='0' action='modify' visible='true' lat='59.7784990' lon='10.2456189'/>
  <node id='-5075' version='0' action='modify' visible='true' lat='59.7783577' lon='10.2457983'/>
  <node id='-5076' version='0' action='modify' visible='true' lat='59.7780865' lon='10.2460685'/>
  <node id='-5077' version='0' action='modify' visible='true' lat='59.7777306' lon='10.2464578'/>
  <node id='-5078' version='0' action='modify' visible='true' lat='59.7771634' lon='10.2470925'/>
  <node id='-5079' version='0' action='modify' visible='true' lat='59.7765962' lon='10.2477271'/>
  <node id='-5080' version='0' action='modify' visible='true' lat='59.7763373' lon='10.2480305'/>
  <node id='-5081' version='0' action='modify' visible='true' lat='59.7762598' lon='10.2481322'/>
  <node id='-5082' version='0' action='modify' visible='true' lat='59.7761576' lon='10.2482718'/>
  <node id='-5083' version='0' action='modify' visible='true' lat='59.7759839' lon='10.2485321'/>
  <node id='-5084' version='0' action='modify' visible='true' lat='59.7757092' lon='10.2489566'/>
  <node id='-5085' version='0' action='modify' visible='true' lat='59.7755202' lon='10.2492628'/>
  <node id='-5086' version='0' action='modify' visible='true' lat='59.7754627' lon='10.2493559'/>
  <node id='-5087' version='0' action='modify' visible='true' lat='59.7751392' lon='10.2498613'/>
  <node id='-5088' version='0' action='modify' visible='true' lat='59.7749303' lon='10.2501875'/>
  <node id='-5089' version='0' action='modify' visible='true' lat='59.7746026' lon='10.2506810'/>
  <node id='-5090' version='0' action='modify' visible='true' lat='59.7743569' lon='10.2510351'/>
  <node id='-5091' version='0' action='modify' visible='true' lat='59.7742814' lon='10.2511538'/>
  <node id='-5092' version='0' action='modify' visible='true' lat='59.7741940' lon='10.2512713'/>
  <node id='-5093' version='0' action='modify' visible='true' lat='59.7740922' lon='10.2514183'/>
  <node id='-5094' version='0' action='modify' visible='true' lat='59.7739859' lon='10.2515524'/>
  <node id='-5095' version='0' action='modify' visible='true' lat='59.7738269' lon='10.2517754'/>
  <node id='-5096' version='0' action='modify' visible='true' lat='59.7736222' lon='10.2520248'/>
  <node id='-5097' version='0' action='modify' visible='true' lat='59.7735762' lon='10.2520756'/>
  <node id='-5098' version='0' action='modify' visible='true' lat='59.7734796' lon='10.2521640'/>
  <node id='-5099' version='0' action='modify' visible='true' lat='59.7733796' lon='10.2522448'/>
  <node id='-5100' version='0' action='modify' visible='true' lat='59.7732755' lon='10.2523160'/>
  <node id='-5101' version='0' action='modify' visible='true' lat='59.7725839' lon='10.2527355'/>
  <node id='-5102' version='0' action='modify' visible='true' lat='59.7723736' lon='10.2528712'/>
  <node id='-5103' version='0' action='modify' visible='true' lat='59.7722689' lon='10.2529456'/>
  <node id='-5104' version='0' action='modify' visible='true' lat='59.7721150' lon='10.2530653'/>
  <node id='-5105' version='0' action='modify' visible='true' lat='59.7718751' lon='10.2532747'/>
  <node id='-5106' version='0' action='modify' visible='true' lat='59.7714443' lon='10.2536677'/>
  <node id='-5107' version='0' action='modify' visible='true' lat='59.7710135' lon='10.2540606'/>
  <node id='-5108' version='0' action='modify' visible='true' lat='59.7707961' lon='10.2542745'/>
  <node id='-5109' version='0' action='modify' visible='true' lat='59.7705660' lon='10.2545206'/>
  <node id='-5110' version='0' action='modify' visible='true' lat='59.7703212' lon='10.2548384'/>
  <node id='-5111' version='0' action='modify' visible='true' lat='59.7701068' lon='10.2551282'/>
  <node id='-5112' version='0' action='modify' visible='true' lat='59.7695764' lon='10.2558667'/>
  <node id='-5113' version='0' action='modify' visible='true' lat='59.7695596' lon='10.2558885'/>
  <node id='-5114' version='0' action='modify' visible='true' lat='59.7695297' lon='10.2559273'/>
  <node id='-5115' version='0' action='modify' visible='true' lat='59.7693121' lon='10.2562098'/>
  <node id='-5116' version='0' action='modify' visible='true' lat='59.7691940' lon='10.2562990'/>
  <node id='-5117' version='0' action='modify' visible='true' lat='59.7691660' lon='10.2563301'/>
  <node id='-5118' version='0' action='modify' visible='true' lat='59.7691521' lon='10.2563431'/>
  <node id='-5119' version='0' action='modify' visible='true' lat='59.7691384' lon='10.2562889'/>
  <node id='-5120' version='0' action='modify' visible='true' lat='59.7691132' lon='10.2561919'/>
  <node id='-5121' version='0' action='modify' visible='true' lat='59.7690959' lon='10.2561221'/>
  <node id='-5122' version='0' action='modify' visible='true' lat='59.7690873' lon='10.2560915'/>
  <node id='-5123' version='0' action='modify' visible='true' lat='59.7688478' lon='10.2563178'/>
  <node id='-5124' version='0' action='modify' visible='true' lat='59.7688140' lon='10.2563445'/>
  <node id='-5125' version='0' action='modify' visible='true' lat='59.7686556' lon='10.2564697'/>
  <node id='-5126' version='0' action='modify' visible='true' lat='59.7685903' lon='10.2565134'/>
  <node id='-5127' version='0' action='modify' visible='true' lat='59.7684599' lon='10.2565878'/>
  <node id='-5128' version='0' action='modify' visible='true' lat='59.7682829' lon='10.2566624'/>
  <node id='-5129' version='0' action='modify' visible='true' lat='59.7682196' lon='10.2566821'/>
  <node id='-5130' version='0' action='modify' visible='true' lat='59.7681750' lon='10.2566968'/>
  <node id='-5131' version='0' action='modify' visible='true' lat='59.7680531' lon='10.2567237'/>
  <node id='-5132' version='0' action='modify' visible='true' lat='59.7679918' lon='10.2567282'/>
  <node id='-5133' version='0' action='modify' visible='true' lat='59.7679314' lon='10.2567271'/>
  <node id='-5134' version='0' action='modify' visible='true' lat='59.7678252' lon='10.2567098'/>
  <node id='-5135' version='0' action='modify' visible='true' lat='59.7676939' lon='10.2566696'/>
  <node id='-5136' version='0' action='modify' visible='true' lat='59.7676342' lon='10.2566415'/>
  <node id='-5137' version='0' action='modify' visible='true' lat='59.7675339' lon='10.2565803'/>
  <node id='-5138' version='0' action='modify' visible='true' lat='59.7674305' lon='10.2565017'/>
  <node id='-5139' version='0' action='modify' visible='true' lat='59.7673380' lon='10.2564184'/>
  <node id='-5140' version='0' action='modify' visible='true' lat='59.7671958' lon='10.2562635'/>
  <node id='-5141' version='0' action='modify' visible='true' lat='59.7666350' lon='10.2556174'/>
  <node id='-5142' version='0' action='modify' visible='true' lat='59.7663254' lon='10.2552716'/>
  <node id='-5143' version='0' action='modify' visible='true' lat='59.7659037' lon='10.2548467'/>
  <node id='-5144' version='0' action='modify' visible='true' lat='59.7655815' lon='10.2545403'/>
  <node id='-5145' version='0' action='modify' visible='true' lat='59.7652209' lon='10.2542135'/>
  <node id='-5146' version='0' action='modify' visible='true' lat='59.7651432' lon='10.2541359'/>
  <node id='-5147' version='0' action='modify' visible='true' lat='59.7650695' lon='10.2540496'/>
  <node id='-5148' version='0' action='modify' visible='true' lat='59.7650010' lon='10.2539532'/>
  <node id='-5149' version='0' action='modify' visible='true' lat='59.7648824' lon='10.2537572'/>
  <node id='-5150' version='0' action='modify' visible='true' lat='59.7647796' lon='10.2535590'/>
  <node id='-5151' version='0' action='modify' visible='true' lat='59.7646351' lon='10.2532427'/>
  <node id='-5152' version='0' action='modify' visible='true' lat='59.7646167' lon='10.2532104'/>
  <node id='-5153' version='0' action='modify' visible='true' lat='59.7646037' lon='10.2531930'/>
  <node id='-5154' version='0' action='modify' visible='true' lat='59.7645991' lon='10.2531917'/>
  <node id='-5155' version='0' action='modify' visible='true' lat='59.7645618' lon='10.2531777'/>
  <node id='-5156' version='0' action='modify' visible='true' lat='59.7645280' lon='10.2531728'/>
  <node id='-5157' version='0' action='modify' visible='true' lat='59.7645046' lon='10.2531676'/>
  <node id='-5158' version='0' action='modify' visible='true' lat='59.7644812' lon='10.2531623'/>
  <node id='-5159' version='0' action='modify' visible='true' lat='59.7644478' lon='10.2531542'/>
  <node id='-5160' version='0' action='modify' visible='true' lat='59.7644242' lon='10.2531527'/>
  <node id='-5161' version='0' action='modify' visible='true' lat='59.7643833' lon='10.2531618'/>
  <node id='-5162' version='0' action='modify' visible='true' lat='59.7643257' lon='10.2532075'/>
  <node id='-5163' version='0' action='modify' visible='true' lat='59.7642817' lon='10.2532471'/>
  <node id='-5164' version='0' action='modify' visible='true' lat='59.7642417' lon='10.2532925'/>
  <node id='-5165' version='0' action='modify' visible='true' lat='59.7641853' lon='10.2534098'/>
  <node id='-5166' version='0' action='modify' visible='true' lat='59.7640882' lon='10.2536457'/>
  <node id='-5167' version='0' action='modify' visible='true' lat='59.7638764' lon='10.2541263'/>
  <node id='-5168' version='0' action='modify' visible='true' lat='59.7638238' lon='10.2542634'/>
  <node id='-5169' version='0' action='modify' visible='true' lat='59.7637806' lon='10.2544274'/>
  <node id='-5170' version='0' action='modify' visible='true' lat='59.7637431' lon='10.2545989'/>
  <node id='-5171' version='0' action='modify' visible='true' lat='59.7637151' lon='10.2547768'/>
  <node id='-5172' version='0' action='modify' visible='true' lat='59.7636971' lon='10.2549528'/>
  <node id='-5173' version='0' action='modify' visible='true' lat='59.7636860' lon='10.2552386'/>
  <node id='-5174' version='0' action='modify' visible='true' lat='59.7636933' lon='10.2555449'/>
  <node id='-5175' version='0' action='modify' visible='true' lat='59.7637010' lon='10.2557158'/>
  <node id='-5176' version='0' action='modify' visible='true' lat='59.7637013' lon='10.2559580'/>
  <node id='-5177' version='0' action='modify' visible='true' lat='59.7636997' lon='10.2559950'/>
  <node id='-5178' version='0' action='modify' visible='true' lat='59.7636810' lon='10.2560767'/>
  <node id='-5179' version='0' action='modify' visible='true' lat='59.7636630' lon='10.2561226'/>
  <node id='-5180' version='0' action='modify' visible='true' lat='59.7636397' lon='10.2561564'/>
  <node id='-5181' version='0' action='modify' visible='true' lat='59.7636155' lon='10.2561767'/>
  <node id='-5182' version='0' action='modify' visible='true' lat='59.7635895' lon='10.2561965'/>
  <node id='-5183' version='0' action='modify' visible='true' lat='59.7635608' lon='10.2562028'/>
  <node id='-5184' version='0' action='modify' visible='true' lat='59.7635602' lon='10.2562549'/>
  <node id='-5185' version='0' action='modify' visible='true' lat='59.7635582' lon='10.2562982'/>
  <node id='-5186' version='0' action='modify' visible='true' lat='59.7635559' lon='10.2563357'/>
  <node id='-5187' version='0' action='modify' visible='true' lat='59.7635536' lon='10.2563779'/>
  <node id='-5188' version='0' action='modify' visible='true' lat='59.7635508' lon='10.2564258'/>
  <node id='-5189' version='0' action='modify' visible='true' lat='59.7635488' lon='10.2564877'/>
  <node id='-5190' version='0' action='modify' visible='true' lat='59.7635478' lon='10.2565190'/>
  <node id='-5191' version='0' action='modify' visible='true' lat='59.7635525' lon='10.2565533'/>
  <node id='-5192' version='0' action='modify' visible='true' lat='59.7635620' lon='10.2565792'/>
  <node id='-5193' version='0' action='modify' visible='true' lat='59.7636084' lon='10.2566603'/>
  <node id='-5194' version='0' action='modify' visible='true' lat='59.7636195' lon='10.2566957'/>
  <node id='-5195' version='0' action='modify' visible='true' lat='59.7636264' lon='10.2567343'/>
  <node id='-5196' version='0' action='modify' visible='true' lat='59.7636352' lon='10.2568129'/>
  <node id='-5197' version='0' action='modify' visible='true' lat='59.7636440' lon='10.2568397'/>
  <node id='-5198' version='0' action='modify' visible='true' lat='59.7636552' lon='10.2568518'/>
  <node id='-5199' version='0' action='modify' visible='true' lat='59.7636674' lon='10.2568591'/>
  <node id='-5200' version='0' action='modify' visible='true' lat='59.7636973' lon='10.2568770'/>
  <node id='-5201' version='0' action='modify' visible='true' lat='59.7637129' lon='10.2568851'/>
  <node id='-5202' version='0' action='modify' visible='true' lat='59.7637348' lon='10.2568964'/>
  <node id='-5203' version='0' action='modify' visible='true' lat='59.7637567' lon='10.2569078'/>
  <node id='-5204' version='0' action='modify' visible='true' lat='59.7637794' lon='10.2569182'/>
  <node id='-5205' version='0' action='modify' visible='true' lat='59.7638021' lon='10.2569286'/>
  <node id='-5206' version='0' action='modify' visible='true' lat='59.7638388' lon='10.2569243'/>
  <node id='-5207' version='0' action='modify' visible='true' lat='59.7638713' lon='10.2569013'/>
  <node id='-5208' version='0' action='modify' visible='true' lat='59.7639486' lon='10.2568135'/>
  <node id='-5209' version='0' action='modify' visible='true' lat='59.7639670' lon='10.2567980'/>
  <node id='-5210' version='0' action='modify' visible='true' lat='59.7640033' lon='10.2567784'/>
  <node id='-5211' version='0' action='modify' visible='true' lat='59.7640754' lon='10.2567514'/>
  <node id='-5212' version='0' action='modify' visible='true' lat='59.7641722' lon='10.2567262'/>
  <node id='-5213' version='0' action='modify' visible='true' lat='59.7642306' lon='10.2567179'/>
  <node id='-5214' version='0' action='modify' visible='true' lat='59.7643129' lon='10.2567143'/>
  <node id='-5215' version='0' action='modify' visible='true' lat='59.7643740' lon='10.2567193'/>
  <node id='-5216' version='0' action='modify' visible='true' lat='59.7648325' lon='10.2567997'/>
  <node id='-5217' version='0' action='modify' visible='true' lat='59.7652910' lon='10.2568800'/>
  <node id='-5218' version='0' action='modify' visible='true' lat='59.7654510' lon='10.2569120'/>
  <node id='-5219' version='0' action='modify' visible='true' lat='59.7654900' lon='10.2569300'/>
  <node id='-5220' version='0' action='modify' visible='true' lat='59.7655300' lon='10.2569650'/>
  <node id='-5221' version='0' action='modify' visible='true' lat='59.7655650' lon='10.2570130'/>
  <node id='-5222' version='0' action='modify' visible='true' lat='59.7655920' lon='10.2570660'/>
  <node id='-5223' version='0' action='modify' visible='true' lat='59.7656210' lon='10.2571340'/>
  <node id='-5224' version='0' action='modify' visible='true' lat='59.7656560' lon='10.2572390'/>
  <node id='-5225' version='0' action='modify' visible='true' lat='59.7656880' lon='10.2573590'/>
  <node id='-5226' version='0' action='modify' visible='true' lat='59.7657150' lon='10.2574140'/>
  <node id='-5227' version='0' action='modify' visible='true' lat='59.7657320' lon='10.2574350'/>
  <node id='-5228' version='0' action='modify' visible='true' lat='59.7657660' lon='10.2574480'/>
  <node id='-5229' version='0' action='modify' visible='true' lat='59.7657736' lon='10.2581060'/>
  <node id='-5230' version='0' action='modify' visible='true' lat='59.7657664' lon='10.2583559'/>
  <node id='-5231' version='0' action='modify' visible='true' lat='59.7657540' lon='10.2586310'/>
  <node id='-5232' version='0' action='modify' visible='true' lat='59.7657428' lon='10.2587960'/>
  <node id='-5233' version='0' action='modify' visible='true' lat='59.7657143' lon='10.2590948'/>
  <node id='-5234' version='0' action='modify' visible='true' lat='59.7657021' lon='10.2591828'/>
  <node id='-5235' version='0' action='modify' visible='true' lat='59.7656701' lon='10.2594226'/>
  <node id='-5236' version='0' action='modify' visible='true' lat='59.7656286' lon='10.2597010'/>
  <node id='-5237' version='0' action='modify' visible='true' lat='59.7655372' lon='10.2602117'/>
  <node id='-5238' version='0' action='modify' visible='true' lat='59.7655204' lon='10.2603021'/>
  <node id='-5239' version='0' action='modify' visible='true' lat='59.7653974' lon='10.2609770'/>
  <node id='-5240' version='0' action='modify' visible='true' lat='59.7653505' lon='10.2612343'/>
  <node id='-5241' version='0' action='modify' visible='true' lat='59.7651133' lon='10.2624952'/>
  <node id='-5242' version='0' action='modify' visible='true' lat='59.7649316' lon='10.2634645'/>
  <node id='-5243' version='0' action='modify' visible='true' lat='59.7647550' lon='10.2644169'/>
  <node id='-5244' version='0' action='modify' visible='true' lat='59.7645784' lon='10.2653693'/>
  <node id='-5245' version='0' action='modify' visible='true' lat='59.7645117' lon='10.2656461'/>
  <node id='-5246' version='0' action='modify' visible='true' lat='59.7644813' lon='10.2657517'/>
  <node id='-5247' version='0' action='modify' visible='true' lat='59.7644587' lon='10.2658119'/>
  <node id='-5248' version='0' action='modify' visible='true' lat='59.7643914' lon='10.2659918'/>
  <node id='-5249' version='0' action='modify' visible='true' lat='59.7643194' lon='10.2661381'/>
  <node id='-5250' version='0' action='modify' visible='true' lat='59.7638048' lon='10.2670830'/>
  <node id='-5251' version='0' action='modify' visible='true' lat='59.7635993' lon='10.2674521'/>
  <node id='-5252' version='0' action='modify' visible='true' lat='59.7632926' lon='10.2680246'/>
  <node id='-5253' version='0' action='modify' visible='true' lat='59.7629652' lon='10.2686308'/>
  <node id='-5254' version='0' action='modify' visible='true' lat='59.7625655' lon='10.2693594'/>
  <node id='-5255' version='0' action='modify' visible='true' lat='59.7621759' lon='10.2700708'/>
  <node id='-5256' version='0' action='modify' visible='true' lat='59.7617862' lon='10.2707823'/>
  <node id='-5257' version='0' action='modify' visible='true' lat='59.7614609' lon='10.2713674'/>
  <node id='-5258' version='0' action='modify' visible='true' lat='59.7612774' lon='10.2716975'/>
  <node id='-5259' version='0' action='modify' visible='true' lat='59.7611905' lon='10.2718638'/>
  <node id='-5260' version='0' action='modify' visible='true' lat='59.7611005' lon='10.2720567'/>
  <node id='-5261' version='0' action='modify' visible='true' lat='59.7610740' lon='10.2721257'/>
  <node id='-5262' version='0' action='modify' visible='true' lat='59.7610536' lon='10.2721995'/>
  <node id='-5263' version='0' action='modify' visible='true' lat='59.7610455' lon='10.2722280'/>
  <node id='-5264' version='0' action='modify' visible='true' lat='59.7610219' lon='10.2723518'/>
  <node id='-5265' version='0' action='modify' visible='true' lat='59.7610096' lon='10.2724454'/>
  <node id='-5266' version='0' action='modify' visible='true' lat='59.7609905' lon='10.2726441'/>
  <node id='-5267' version='0' action='modify' visible='true' lat='59.7609774' lon='10.2727836'/>
  <node id='-5268' version='0' action='modify' visible='true' lat='59.7609579' lon='10.2729735'/>
  <node id='-5269' version='0' action='modify' visible='true' lat='59.7609474' lon='10.2730488'/>
  <node id='-5270' version='0' action='modify' visible='true' lat='59.7609175' lon='10.2732125'/>
  <node id='-5271' version='0' action='modify' visible='true' lat='59.7608982' lon='10.2732974'/>
  <node id='-5272' version='0' action='modify' visible='true' lat='59.7608700' lon='10.2734100'/>
  <node id='-5273' version='0' action='modify' visible='true' lat='59.7608377' lon='10.2735201'/>
  <node id='-5274' version='0' action='modify' visible='true' lat='59.7607402' lon='10.2738139'/>
  <node id='-5275' version='0' action='modify' visible='true' lat='59.7607245' lon='10.2738590'/>
  <node id='-5276' version='0' action='modify' visible='true' lat='59.7606563' lon='10.2737732'/>
  <node id='-5277' version='0' action='modify' visible='true' lat='59.7606277' lon='10.2738297'/>
  <node id='-5278' version='0' action='modify' visible='true' lat='59.7605772' lon='10.2739116'/>
  <node id='-5279' version='0' action='modify' visible='true' lat='59.7604776' lon='10.2740998'/>
  <node id='-5280' version='0' action='modify' visible='true' lat='59.7603883' lon='10.2742019'/>
  <node id='-5281' version='0' action='modify' visible='true' lat='59.7597635' lon='10.2746847'/>
  <node id='-5282' version='0' action='modify' visible='true' lat='59.7596456' lon='10.2747744'/>
  <node id='-5283' version='0' action='modify' visible='true' lat='59.7594457' lon='10.2749100'/>
  <node id='-5284' version='0' action='modify' visible='true' lat='59.7592716' lon='10.2749938'/>
  <node id='-5285' version='0' action='modify' visible='true' lat='59.7590328' lon='10.2750693'/>
  <node id='-5286' version='0' action='modify' visible='true' lat='59.7587122' lon='10.2751666'/>
  <node id='-5287' version='0' action='modify' visible='true' lat='59.7586690' lon='10.2751780'/>
  <node id='-5288' version='0' action='modify' visible='true' lat='59.7586178' lon='10.2751899'/>
  <node id='-5289' version='0' action='modify' visible='true' lat='59.7585856' lon='10.2751934'/>
  <node id='-5290' version='0' action='modify' visible='true' lat='59.7585481' lon='10.2751943'/>
  <node id='-5291' version='0' action='modify' visible='true' lat='59.7584865' lon='10.2751927'/>
  <node id='-5292' version='0' action='modify' visible='true' lat='59.7583520' lon='10.2751822'/>
  <node id='-5293' version='0' action='modify' visible='true' lat='59.7583402' lon='10.2751742'/>
  <node id='-5294' version='0' action='modify' visible='true' lat='59.7583248' lon='10.2751630'/>
  <node id='-5295' version='0' action='modify' visible='true' lat='59.7582691' lon='10.2751181'/>
  <node id='-5296' version='0' action='modify' visible='true' lat='59.7581738' lon='10.2750413'/>
  <node id='-5297' version='0' action='modify' visible='true' lat='59.7581041' lon='10.2749701'/>
  <node id='-5298' version='0' action='modify' visible='true' lat='59.7580661' lon='10.2749229'/>
  <node id='-5299' version='0' action='modify' visible='true' lat='59.7579893' lon='10.2748111'/>
  <node id='-5300' version='0' action='modify' visible='true' lat='59.7579233' lon='10.2746986'/>
  <node id='-5301' version='0' action='modify' visible='true' lat='59.7578800' lon='10.2746099'/>
  <node id='-5302' version='0' action='modify' visible='true' lat='59.7578356' lon='10.2745094'/>
  <node id='-5303' version='0' action='modify' visible='true' lat='59.7577939' lon='10.2743960'/>
  <node id='-5304' version='0' action='modify' visible='true' lat='59.7577538' lon='10.2742666'/>
  <node id='-5305' version='0' action='modify' visible='true' lat='59.7577190' lon='10.2741414'/>
  <node id='-5306' version='0' action='modify' visible='true' lat='59.7576136' lon='10.2737295'/>
  <node id='-5307' version='0' action='modify' visible='true' lat='59.7575870' lon='10.2736379'/>
  <node id='-5308' version='0' action='modify' visible='true' lat='59.7575205' lon='10.2734444'/>
  <node id='-5309' version='0' action='modify' visible='true' lat='59.7574866' lon='10.2733608'/>
  <node id='-5310' version='0' action='modify' visible='true' lat='59.7574016' lon='10.2731860'/>
  <node id='-5311' version='0' action='modify' visible='true' lat='59.7573103' lon='10.2730315'/>
  <node id='-5312' version='0' action='modify' visible='true' lat='59.7572631' lon='10.2729677'/>
  <node id='-5313' version='0' action='modify' visible='true' lat='59.7572123' lon='10.2729117'/>
  <node id='-5314' version='0' action='modify' visible='true' lat='59.7571646' lon='10.2728692'/>
  <node id='-5315' version='0' action='modify' visible='true' lat='59.7570575' lon='10.2728091'/>
  <node id='-5316' version='0' action='modify' visible='true' lat='59.7569015' lon='10.2727506'/>
  <node id='-5317' version='0' action='modify' visible='true' lat='59.7566284' lon='10.2726663'/>
  <node id='-5318' version='0' action='modify' visible='true' lat='59.7562739' lon='10.2725480'/>
  <node id='-5319' version='0' action='modify' visible='true' lat='59.7562103' lon='10.2725326'/>
  <node id='-5320' version='0' action='modify' visible='true' lat='59.7560333' lon='10.2724684'/>
  <node id='-5321' version='0' action='modify' visible='true' lat='59.7559044' lon='10.2724283'/>
  <node id='-5322' version='0' action='modify' visible='true' lat='59.7558202' lon='10.2724121'/>
  <node id='-5323' version='0' action='modify' visible='true' lat='59.7555514' lon='10.2723956'/>
  <node id='-5324' version='0' action='modify' visible='true' lat='59.7554979' lon='10.2723873'/>
  <node id='-5325' version='0' action='modify' visible='true' lat='59.7552917' lon='10.2723361'/>
  <node id='-5326' version='0' action='modify' visible='true' lat='59.7547534' lon='10.2721815'/>
  <node id='-5327' version='0' action='modify' visible='true' lat='59.7544556' lon='10.2720960'/>
  <node id='-5328' version='0' action='modify' visible='true' lat='59.7543492' lon='10.2720476'/>
  <node id='-5329' version='0' action='modify' visible='true' lat='59.7541783' lon='10.2719472'/>
  <node id='-5330' version='0' action='modify' visible='true' lat='59.7541248' lon='10.2719105'/>
  <node id='-5331' version='0' action='modify' visible='true' lat='59.7541020' lon='10.2716959'/>
  <node id='-5332' version='0' action='modify' visible='true' lat='59.7540911' lon='10.2714825'/>
  <node id='-5333' version='0' action='modify' visible='true' lat='59.7540928' lon='10.2713298'/>
  <node id='-5334' version='0' action='modify' visible='true' lat='59.7541013' lon='10.2711605'/>
  <node id='-5335' version='0' action='modify' visible='true' lat='59.7541594' lon='10.2706854'/>
  <node id='-5336' version='0' action='modify' visible='true' lat='59.7539938' lon='10.2706223'/>
  <node id='-5337' version='0' action='modify' visible='true' lat='59.7538591' lon='10.2705717'/>
  <node id='-5338' version='0' action='modify' visible='true' lat='59.7536744' lon='10.2705018'/>
  <node id='-5339' version='0' action='modify' visible='true' lat='59.7536423' lon='10.2704939'/>
  <node id='-5340' version='0' action='modify' visible='true' lat='59.7536081' lon='10.2704961'/>
  <node id='-5341' version='0' action='modify' visible='true' lat='59.7535727' lon='10.2705074'/>
  <node id='-5342' version='0' action='modify' visible='true' lat='59.7535246' lon='10.2705407'/>
  <node id='-5343' version='0' action='modify' visible='true' lat='59.7534977' lon='10.2705699'/>
  <node id='-5344' version='0' action='modify' visible='true' lat='59.7534447' lon='10.2706544'/>
  <node id='-5345' version='0' action='modify' visible='true' lat='59.7531881' lon='10.2700822'/>
  <node id='-5346' version='0' action='modify' visible='true' lat='59.7531729' lon='10.2700481'/>
  <node id='-5347' version='0' action='modify' visible='true' lat='59.7531482' lon='10.2699931'/>
  <node id='-5348' version='0' action='modify' visible='true' lat='59.7531199' lon='10.2699354'/>
  <node id='-5349' version='0' action='modify' visible='true' lat='59.7530773' lon='10.2698488'/>
  <node id='-5350' version='0' action='modify' visible='true' lat='59.7530167' lon='10.2697371'/>
  <node id='-5351' version='0' action='modify' visible='true' lat='59.7529489' lon='10.2696436'/>
  <node id='-5352' version='0' action='modify' visible='true' lat='59.7528903' lon='10.2695855'/>
  <node id='-5353' version='0' action='modify' visible='true' lat='59.7528444' lon='10.2695401'/>
  <node id='-5354' version='0' action='modify' visible='true' lat='59.7527847' lon='10.2694810'/>
  <node id='-5355' version='0' action='modify' visible='true' lat='59.7527621' lon='10.2694382'/>
  <node id='-5356' version='0' action='modify' visible='true' lat='59.7527554' lon='10.2694090'/>
  <node id='-5357' version='0' action='modify' visible='true' lat='59.7527527' lon='10.2693688'/>
  <node id='-5358' version='0' action='modify' visible='true' lat='59.7527512' lon='10.2692413'/>
  <node id='-5359' version='0' action='modify' visible='true' lat='59.7527502' lon='10.2691358'/>
  <node id='-5360' version='0' action='modify' visible='true' lat='59.7525994' lon='10.2691411'/>
  <node id='-5361' version='0' action='modify' visible='true' lat='59.7524848' lon='10.2691451'/>
  <node id='-5362' version='0' action='modify' visible='true' lat='59.7524642' lon='10.2691458'/>
  <node id='-5363' version='0' action='modify' visible='true' lat='59.7522871' lon='10.2691381'/>
  <node id='-5364' version='0' action='modify' visible='true' lat='59.7522225' lon='10.2691262'/>
  <node id='-5365' version='0' action='modify' visible='true' lat='59.7521142' lon='10.2690801'/>
  <node id='-5366' version='0' action='modify' visible='true' lat='59.7521022' lon='10.2691800'/>
  <node id='-5367' version='0' action='modify' visible='true' lat='59.7520855' lon='10.2692724'/>
  <node id='-5368' version='0' action='modify' visible='true' lat='59.7520549' lon='10.2693812'/>
  <node id='-5369' version='0' action='modify' visible='true' lat='59.7520255' lon='10.2694636'/>
  <node id='-5370' version='0' action='modify' visible='true' lat='59.7520021' lon='10.2695134'/>
  <node id='-5371' version='0' action='modify' visible='true' lat='59.7519350' lon='10.2696142'/>
  <node id='-5372' version='0' action='modify' visible='true' lat='59.7517531' lon='10.2698052'/>
  <node id='-5373' version='0' action='modify' visible='true' lat='59.7515759' lon='10.2699847'/>
  <node id='-5374' version='0' action='modify' visible='true' lat='59.7515526' lon='10.2700083'/>
  <node id='-5375' version='0' action='modify' visible='true' lat='59.7514018' lon='10.2701537'/>
  <node id='-5376' version='0' action='modify' visible='true' lat='59.7513857' lon='10.2701692'/>
  <node id='-5377' version='0' action='modify' visible='true' lat='59.7512588' lon='10.2702923'/>
  <node id='-5378' version='0' action='modify' visible='true' lat='59.7505405' lon='10.2709795'/>
  <node id='-5379' version='0' action='modify' visible='true' lat='59.7498221' lon='10.2716668'/>
  <node id='-5380' version='0' action='modify' visible='true' lat='59.7495956' lon='10.2718912'/>
  <node id='-5381' version='0' action='modify' visible='true' lat='59.7494442' lon='10.2720269'/>
  <node id='-5382' version='0' action='modify' visible='true' lat='59.7493153' lon='10.2721450'/>
  <node id='-5383' version='0' action='modify' visible='true' lat='59.7490494' lon='10.2724036'/>
  <node id='-5384' version='0' action='modify' visible='true' lat='59.7490077' lon='10.2724452'/>
  <node id='-5385' version='0' action='modify' visible='true' lat='59.7489767' lon='10.2724834'/>
  <node id='-5386' version='0' action='modify' visible='true' lat='59.7489297' lon='10.2725200'/>
  <node id='-5387' version='0' action='modify' visible='true' lat='59.7487511' lon='10.2727631'/>
  <node id='-5388' version='0' action='modify' visible='true' lat='59.7487049' lon='10.2728534'/>
  <node id='-5389' version='0' action='modify' visible='true' lat='59.7486719' lon='10.2729347'/>
  <node id='-5390' version='0' action='modify' visible='true' lat='59.7486565' lon='10.2729911'/>
  <node id='-5391' version='0' action='modify' visible='true' lat='59.7486346' lon='10.2730719'/>
  <node id='-5392' version='0' action='modify' visible='true' lat='59.7485103' lon='10.2735523'/>
  <node id='-5393' version='0' action='modify' visible='true' lat='59.7484740' lon='10.2736946'/>
  <node id='-5394' version='0' action='modify' visible='true' lat='59.7484437' lon='10.2738221'/>
  <node id='-5395' version='0' action='modify' visible='true' lat='59.7484205' lon='10.2739260'/>
  <node id='-5396' version='0' action='modify' visible='true' lat='59.7483788' lon='10.2741433'/>
  <node id='-5397' version='0' action='modify' visible='true' lat='59.7483620' lon='10.2743006'/>
  <node id='-5398' version='0' action='modify' visible='true' lat='59.7483585' lon='10.2744060'/>
  <node id='-5399' version='0' action='modify' visible='true' lat='59.7483540' lon='10.2745416'/>
  <node id='-5400' version='0' action='modify' visible='true' lat='59.7483644' lon='10.2747338'/>
  <node id='-5401' version='0' action='modify' visible='true' lat='59.7483767' lon='10.2748897'/>
  <node id='-5402' version='0' action='modify' visible='true' lat='59.7483950' lon='10.2750441'/>
  <node id='-5403' version='0' action='modify' visible='true' lat='59.7484457' lon='10.2753736'/>
  <node id='-5404' version='0' action='modify' visible='true' lat='59.7484940' lon='10.2756404'/>
  <node id='-5405' version='0' action='modify' visible='true' lat='59.7485208' lon='10.2757854'/>
  <node id='-5406' version='0' action='modify' visible='true' lat='59.7485721' lon='10.2760305'/>
  <node id='-5407' version='0' action='modify' visible='true' lat='59.7486056' lon='10.2761762'/>
  <node id='-5408' version='0' action='modify' visible='true' lat='59.7486930' lon='10.2764815'/>
  <node id='-5409' version='0' action='modify' visible='true' lat='59.7487746' lon='10.2767263'/>
  <node id='-5410' version='0' action='modify' visible='true' lat='59.7488580' lon='10.2769536'/>
  <node id='-5411' version='0' action='modify' visible='true' lat='59.7491515' lon='10.2777095'/>
  <node id='-5412' version='0' action='modify' visible='true' lat='59.7492453' lon='10.2779654'/>
  <node id='-5413' version='0' action='modify' visible='true' lat='59.7492668' lon='10.2780141'/>
  <node id='-5414' version='0' action='modify' visible='true' lat='59.7493476' lon='10.2782593'/>
  <node id='-5415' version='0' action='modify' visible='true' lat='59.7493903' lon='10.2783709'/>
  <node id='-5416' version='0' action='modify' visible='true' lat='59.7495497' lon='10.2788510'/>
  <node id='-5417' version='0' action='modify' visible='true' lat='59.7496523' lon='10.2792002'/>
  <node id='-5418' version='0' action='modify' visible='true' lat='59.7496907' lon='10.2793308'/>
  <node id='-5419' version='0' action='modify' visible='true' lat='59.7498921' lon='10.2800164'/>
  <node id='-5420' version='0' action='modify' visible='true' lat='59.7501070' lon='10.2807708'/>
  <node id='-5421' version='0' action='modify' visible='true' lat='59.7503348' lon='10.2815705'/>
  <node id='-5422' version='0' action='modify' visible='true' lat='59.7504781' lon='10.2820869'/>
  <node id='-5423' version='0' action='modify' visible='true' lat='59.7505227' lon='10.2822511'/>
  <node id='-5424' version='0' action='modify' visible='true' lat='59.7505520' lon='10.2822173'/>
  <node id='-5425' version='0' action='modify' visible='true' lat='59.7505658' lon='10.2822799'/>
  <node id='-5426' version='0' action='modify' visible='true' lat='59.7506572' lon='10.2826931'/>
  <node id='-5427' version='0' action='modify' visible='true' lat='59.7507283' lon='10.2830866'/>
  <node id='-5428' version='0' action='modify' visible='true' lat='59.7507776' lon='10.2834811'/>
  <node id='-5429' version='0' action='modify' visible='true' lat='59.7508004' lon='10.2837671'/>
  <node id='-5430' version='0' action='modify' visible='true' lat='59.7508123' lon='10.2841152'/>
  <node id='-5431' version='0' action='modify' visible='true' lat='59.7508149' lon='10.2845652'/>
  <node id='-5432' version='0' action='modify' visible='true' lat='59.7508119' lon='10.2848438'/>
  <node id='-5433' version='0' action='modify' visible='true' lat='59.7508208' lon='10.2855473'/>
  <node id='-5434' version='0' action='modify' visible='true' lat='59.7508218' lon='10.2856479'/>
  <node id='-5435' version='0' action='modify' visible='true' lat='59.7508185' lon='10.2857847'/>
  <node id='-5436' version='0' action='modify' visible='true' lat='59.7508158' lon='10.2858733'/>
  <node id='-5437' version='0' action='modify' visible='true' lat='59.7508104' lon='10.2859873'/>
  <node id='-5438' version='0' action='modify' visible='true' lat='59.7508050' lon='10.2860932'/>
  <node id='-5439' version='0' action='modify' visible='true' lat='59.7507968' lon='10.2861911'/>
  <node id='-5440' version='0' action='modify' visible='true' lat='59.7507692' lon='10.2864757'/>
  <node id='-5441' version='0' action='modify' visible='true' lat='59.7511237' lon='10.2869506'/>
  <node id='-5442' version='0' action='modify' visible='true' lat='59.7511953' lon='10.2870539'/>
  <node id='-5443' version='0' action='modify' visible='true' lat='59.7512010' lon='10.2870636'/>
  <node id='-5444' version='0' action='modify' visible='true' lat='59.7512174' lon='10.2870912'/>
  <node id='-5445' version='0' action='modify' visible='true' lat='59.7512328' lon='10.2871317'/>
  <node id='-5446' version='0' action='modify' visible='true' lat='59.7512480' lon='10.2871841'/>
  <node id='-5447' version='0' action='modify' visible='true' lat='59.7512664' lon='10.2872879'/>
  <node id='-5448' version='0' action='modify' visible='true' lat='59.7512856' lon='10.2874374'/>
  <node id='-5449' version='0' action='modify' visible='true' lat='59.7513111' lon='10.2876427'/>
  <node id='-5450' version='0' action='modify' visible='true' lat='59.7513244' lon='10.2877487'/>
  <node id='-5451' version='0' action='modify' visible='true' lat='59.7513428' lon='10.2878996'/>
  <node id='-5452' version='0' action='modify' visible='true' lat='59.7513509' lon='10.2879790'/>
  <node id='-5453' version='0' action='modify' visible='true' lat='59.7513037' lon='10.2879833'/>
  <node id='-5454' version='0' action='modify' visible='true' lat='59.7511441' lon='10.2879677'/>
  <node id='-5455' version='0' action='modify' visible='true' lat='59.7509971' lon='10.2879604'/>
  <node id='-5456' version='0' action='modify' visible='true' lat='59.7509007' lon='10.2879689'/>
  <node id='-5457' version='0' action='modify' visible='true' lat='59.7508002' lon='10.2879939'/>
  <node id='-5458' version='0' action='modify' visible='true' lat='59.7507449' lon='10.2880163'/>
  <node id='-5459' version='0' action='modify' visible='true' lat='59.7506906' lon='10.2880481'/>
  <node id='-5460' version='0' action='modify' visible='true' lat='59.7505910' lon='10.2881286'/>
  <node id='-5461' version='0' action='modify' visible='true' lat='59.7504987' lon='10.2882279'/>
  <node id='-5462' version='0' action='modify' visible='true' lat='59.7504135' lon='10.2883363'/>
  <node id='-5463' version='0' action='modify' visible='true' lat='59.7503743' lon='10.2883962'/>
  <node id='-5464' version='0' action='modify' visible='true' lat='59.7503008' lon='10.2885258'/>
  <node id='-5465' version='0' action='modify' visible='true' lat='59.7502013' lon='10.2887338'/>
  <node id='-5466' version='0' action='modify' visible='true' lat='59.7500245' lon='10.2891605'/>
  <node id='-5467' version='0' action='modify' visible='true' lat='59.7499696' lon='10.2893137'/>
  <node id='-5468' version='0' action='modify' visible='true' lat='59.7499564' lon='10.2893655'/>
  <node id='-5469' version='0' action='modify' visible='true' lat='59.7499482' lon='10.2894153'/>
  <node id='-5470' version='0' action='modify' visible='true' lat='59.7499392' lon='10.2895411'/>
  <node id='-5471' version='0' action='modify' visible='true' lat='59.7499412' lon='10.2896384'/>
  <node id='-5472' version='0' action='modify' visible='true' lat='59.7499542' lon='10.2897984'/>
  <node id='-5473' version='0' action='modify' visible='true' lat='59.7499505' lon='10.2898648'/>
  <node id='-5474' version='0' action='modify' visible='true' lat='59.7499384' lon='10.2899213'/>
  <node id='-5475' version='0' action='modify' visible='true' lat='59.7499162' lon='10.2899825'/>
  <node id='-5476' version='0' action='modify' visible='true' lat='59.7498997' lon='10.2900193'/>
  <node id='-5477' version='0' action='modify' visible='true' lat='59.7498888' lon='10.2900399'/>
  <node id='-5478' version='0' action='modify' visible='true' lat='59.7498751' lon='10.2900549'/>
  <node id='-5479' version='0' action='modify' visible='true' lat='59.7498613' lon='10.2900698'/>
  <node id='-5480' version='0' action='modify' visible='true' lat='59.7497946' lon='10.2901487'/>
  <node id='-5481' version='0' action='modify' visible='true' lat='59.7497671' lon='10.2901827'/>
  <node id='-5482' version='0' action='modify' visible='true' lat='59.7497251' lon='10.2902379'/>
  <node id='-5483' version='0' action='modify' visible='true' lat='59.7496950' lon='10.2902686'/>
  <node id='-5484' version='0' action='modify' visible='true' lat='59.7496574' lon='10.2902935'/>
  <node id='-5485' version='0' action='modify' visible='true' lat='59.7495818' lon='10.2903175'/>
  <node id='-5486' version='0' action='modify' visible='true' lat='59.7495349' lon='10.2903415'/>
  <node id='-5487' version='0' action='modify' visible='true' lat='59.7495087' lon='10.2903638'/>
  <node id='-5488' version='0' action='modify' visible='true' lat='59.7494824' lon='10.2903861'/>
  <node id='-5489' version='0' action='modify' visible='true' lat='59.7492231' lon='10.2907083'/>
  <node id='-5490' version='0' action='modify' visible='true' lat='59.7492071' lon='10.2907540'/>
  <node id='-5491' version='0' action='modify' visible='true' lat='59.7491994' lon='10.2908232'/>
  <node id='-5492' version='0' action='modify' visible='true' lat='59.7492230' lon='10.2909506'/>
  <node id='-5493' version='0' action='modify' visible='true' lat='59.7492368' lon='10.2909374'/>
  <node id='-5494' version='0' action='modify' visible='true' lat='59.7492527' lon='10.2909214'/>
  <node id='-5495' version='0' action='modify' visible='true' lat='59.7493721' lon='10.2914416'/>
  <node id='-5496' version='0' action='modify' visible='true' lat='59.7493927' lon='10.2915458'/>
  <node id='-5497' version='0' action='modify' visible='true' lat='59.7494627' lon='10.2918413'/>
  <node id='-5498' version='0' action='modify' visible='true' lat='59.7495069' lon='10.2920648'/>
  <node id='-5499' version='0' action='modify' visible='true' lat='59.7495223' lon='10.2921578'/>
  <node id='-5500' version='0' action='modify' visible='true' lat='59.7495300' lon='10.2922303'/>
  <node id='-5501' version='0' action='modify' visible='true' lat='59.7495367' lon='10.2923064'/>
  <node id='-5502' version='0' action='modify' visible='true' lat='59.7495422' lon='10.2924267'/>
  <node id='-5503' version='0' action='modify' visible='true' lat='59.7495419' lon='10.2926940'/>
  <node id='-5504' version='0' action='modify' visible='true' lat='59.7495166' lon='10.2929418'/>
  <node id='-5505' version='0' action='modify' visible='true' lat='59.7494982' lon='10.2930799'/>
  <node id='-5506' version='0' action='modify' visible='true' lat='59.7494766' lon='10.2932326'/>
  <node id='-5507' version='0' action='modify' visible='true' lat='59.7494367' lon='10.2934717'/>
  <node id='-5508' version='0' action='modify' visible='true' lat='59.7494223' lon='10.2935985'/>
  <node id='-5509' version='0' action='modify' visible='true' lat='59.7494214' lon='10.2936468'/>
  <node id='-5510' version='0' action='modify' visible='true' lat='59.7494424' lon='10.2938060'/>
  <node id='-5511' version='0' action='modify' visible='true' lat='59.7494679' lon='10.2938915'/>
  <node id='-5512' version='0' action='modify' visible='true' lat='59.7495015' lon='10.2939741'/>
  <node id='-5513' version='0' action='modify' visible='true' lat='59.7495485' lon='10.2940317'/>
  <node id='-5514' version='0' action='modify' visible='true' lat='59.7496491' lon='10.2941030'/>
  <node id='-5515' version='0' action='modify' visible='true' lat='59.7497302' lon='10.2941308'/>
  <node id='-5516' version='0' action='modify' visible='true' lat='59.7497516' lon='10.2942027'/>
  <node id='-5517' version='0' action='modify' visible='true' lat='59.7497569' lon='10.2942750'/>
  <node id='-5518' version='0' action='modify' visible='true' lat='59.7497352' lon='10.2943725'/>
  <node id='-5519' version='0' action='modify' visible='true' lat='59.7497007' lon='10.2944380'/>
  <node id='-5520' version='0' action='modify' visible='true' lat='59.7496446' lon='10.2944798'/>
  <node id='-5521' version='0' action='modify' visible='true' lat='59.7495019' lon='10.2945391'/>
  <node id='-5522' version='0' action='modify' visible='true' lat='59.7494242' lon='10.2945785'/>
  <node id='-5523' version='0' action='modify' visible='true' lat='59.7493002' lon='10.2947083'/>
  <node id='-5524' version='0' action='modify' visible='true' lat='59.7492740' lon='10.2947298'/>
  <node id='-5525' version='0' action='modify' visible='true' lat='59.7492347' lon='10.2947870'/>
  <node id='-5526' version='0' action='modify' visible='true' lat='59.7490499' lon='10.2950252'/>
  <node id='-5527' version='0' action='modify' visible='true' lat='59.7488461' lon='10.2952125'/>
  <node id='-5528' version='0' action='modify' visible='true' lat='59.7487916' lon='10.2952719'/>
  <node id='-5529' version='0' action='modify' visible='true' lat='59.7487440' lon='10.2953748'/>
  <node id='-5530' version='0' action='modify' visible='true' lat='59.7487175' lon='10.2955122'/>
  <node id='-5531' version='0' action='modify' visible='true' lat='59.7487144' lon='10.2956268'/>
  <node id='-5532' version='0' action='modify' visible='true' lat='59.7487597' lon='10.2958360'/>
  <node id='-5533' version='0' action='modify' visible='true' lat='59.7488030' lon='10.2959155'/>
  <node id='-5534' version='0' action='modify' visible='true' lat='59.7488518' lon='10.2959728'/>
  <node id='-5535' version='0' action='modify' visible='true' lat='59.7489195' lon='10.2960292'/>
  <node id='-5536' version='0' action='modify' visible='true' lat='59.7489886' lon='10.2960765'/>
  <node id='-5537' version='0' action='modify' visible='true' lat='59.7491337' lon='10.2961576'/>
  <node id='-5538' version='0' action='modify' visible='true' lat='59.7493505' lon='10.2963107'/>
  <node id='-5539' version='0' action='modify' visible='true' lat='59.7494054' lon='10.2963849'/>
  <node id='-5540' version='0' action='modify' visible='true' lat='59.7494393' lon='10.2965032'/>
  <node id='-5541' version='0' action='modify' visible='true' lat='59.7494427' lon='10.2966315'/>
  <node id='-5542' version='0' action='modify' visible='true' lat='59.7494005' lon='10.2967760'/>
  <node id='-5543' version='0' action='modify' visible='true' lat='59.7493214' lon='10.2968513'/>
  <node id='-5544' version='0' action='modify' visible='true' lat='59.7490360' lon='10.2969966'/>
  <node id='-5545' version='0' action='modify' visible='true' lat='59.7489912' lon='10.2970493'/>
  <node id='-5546' version='0' action='modify' visible='true' lat='59.7489543' lon='10.2971489'/>
  <node id='-5547' version='0' action='modify' visible='true' lat='59.7489266' lon='10.2973560'/>
  <node id='-5548' version='0' action='modify' visible='true' lat='59.7489229' lon='10.2974795'/>
  <node id='-5549' version='0' action='modify' visible='true' lat='59.7489243' lon='10.2975435'/>
  <node id='-5550' version='0' action='modify' visible='true' lat='59.7489532' lon='10.2982812'/>
  <node id='-5551' version='0' action='modify' visible='true' lat='59.7489428' lon='10.2984089'/>
  <node id='-5552' version='0' action='modify' visible='true' lat='59.7489316' lon='10.2984479'/>
  <node id='-5553' version='0' action='modify' visible='true' lat='59.7489542' lon='10.2985179'/>
  <node id='-5554' version='0' action='modify' visible='true' lat='59.7490129' lon='10.2986997'/>
  <node id='-5555' version='0' action='modify' visible='true' lat='59.7490344' lon='10.2987573'/>
  <node id='-5556' version='0' action='modify' visible='true' lat='59.7490611' lon='10.2988235'/>
  <node id='-5557' version='0' action='modify' visible='true' lat='59.7490875' lon='10.2988573'/>
  <node id='-5558' version='0' action='modify' visible='true' lat='59.7491206' lon='10.2988793'/>
  <node id='-5559' version='0' action='modify' visible='true' lat='59.7492414' lon='10.2988855'/>
  <node id='-5560' version='0' action='modify' visible='true' lat='59.7493091' lon='10.2988920'/>
  <node id='-5561' version='0' action='modify' visible='true' lat='59.7493943' lon='10.2988854'/>
  <node id='-5562' version='0' action='modify' visible='true' lat='59.7496616' lon='10.2988388'/>
  <node id='-5563' version='0' action='modify' visible='true' lat='59.7497549' lon='10.2987829'/>
  <node id='-5564' version='0' action='modify' visible='true' lat='59.7498124' lon='10.2987053'/>
  <node id='-5565' version='0' action='modify' visible='true' lat='59.7499057' lon='10.2985478'/>
  <node id='-5566' version='0' action='modify' visible='true' lat='59.7499565' lon='10.2984854'/>
  <node id='-5567' version='0' action='modify' visible='true' lat='59.7500152' lon='10.2984664'/>
  <node id='-5568' version='0' action='modify' visible='true' lat='59.7502435' lon='10.2984610'/>
  <node id='-5569' version='0' action='modify' visible='true' lat='59.7504275' lon='10.2984761'/>
  <node id='-5570' version='0' action='modify' visible='true' lat='59.7505799' lon='10.2984636'/>
  <node id='-5571' version='0' action='modify' visible='true' lat='59.7507459' lon='10.2984760'/>
  <node id='-5572' version='0' action='modify' visible='true' lat='59.7507678' lon='10.2984870'/>
  <node id='-5573' version='0' action='modify' visible='true' lat='59.7507891' lon='10.2985179'/>
  <node id='-5574' version='0' action='modify' visible='true' lat='59.7508027' lon='10.2985591'/>
  <node id='-5575' version='0' action='modify' visible='true' lat='59.7508169' lon='10.2986173'/>
  <node id='-5576' version='0' action='modify' visible='true' lat='59.7508249' lon='10.2986560'/>
  <node id='-5577' version='0' action='modify' visible='true' lat='59.7508271' lon='10.2986993'/>
  <node id='-5578' version='0' action='modify' visible='true' lat='59.7508207' lon='10.2987854'/>
  <node id='-5579' version='0' action='modify' visible='true' lat='59.7508073' lon='10.2988407'/>
  <node id='-5580' version='0' action='modify' visible='true' lat='59.7507832' lon='10.2988792'/>
  <node id='-5581' version='0' action='modify' visible='true' lat='59.7507103' lon='10.2990227'/>
  <node id='-5582' version='0' action='modify' visible='true' lat='59.7506998' lon='10.2991340'/>
  <node id='-5583' version='0' action='modify' visible='true' lat='59.7506593' lon='10.2992105'/>
  <node id='-5584' version='0' action='modify' visible='true' lat='59.7507483' lon='10.2993077'/>
  <node id='-5585' version='0' action='modify' visible='true' lat='59.7507975' lon='10.2993929'/>
  <node id='-5586' version='0' action='modify' visible='true' lat='59.7509570' lon='10.2995726'/>
  <node id='-5587' version='0' action='modify' visible='true' lat='59.7510854' lon='10.2997519'/>
  <node id='-5588' version='0' action='modify' visible='true' lat='59.7514370' lon='10.3002382'/>
  <node id='-5589' version='0' action='modify' visible='true' lat='59.7515707' lon='10.3005034'/>
  <node id='-5590' version='0' action='modify' visible='true' lat='59.7516931' lon='10.3006644'/>
  <node id='-5591' version='0' action='modify' visible='true' lat='59.7519524' lon='10.3008692'/>
  <node id='-5592' version='0' action='modify' visible='true' lat='59.7520701' lon='10.3010280'/>
  <node id='-5593' version='0' action='modify' visible='true' lat='59.7522747' lon='10.3012360'/>
  <node id='-5594' version='0' action='modify' visible='true' lat='59.7523979' lon='10.3014081'/>
  <node id='-5595' version='0' action='modify' visible='true' lat='59.7524501' lon='10.3015044'/>
  <node id='-5596' version='0' action='modify' visible='true' lat='59.7525359' lon='10.3016986'/>
  <node id='-5597' version='0' action='modify' visible='true' lat='59.7525754' lon='10.3019082'/>
  <node id='-5598' version='0' action='modify' visible='true' lat='59.7525960' lon='10.3020475'/>
  <node id='-5599' version='0' action='modify' visible='true' lat='59.7525944' lon='10.3021176'/>
  <node id='-5600' version='0' action='modify' visible='true' lat='59.7525713' lon='10.3022031'/>
  <node id='-5601' version='0' action='modify' visible='true' lat='59.7525297' lon='10.3022602'/>
  <node id='-5602' version='0' action='modify' visible='true' lat='59.7524705' lon='10.3022986'/>
  <node id='-5603' version='0' action='modify' visible='true' lat='59.7523846' lon='10.3023084'/>
  <node id='-5604' version='0' action='modify' visible='true' lat='59.7522557' lon='10.3023752'/>
  <node id='-5605' version='0' action='modify' visible='true' lat='59.7521111' lon='10.3025370'/>
  <node id='-5606' version='0' action='modify' visible='true' lat='59.7520357' lon='10.3026923'/>
  <node id='-5607' version='0' action='modify' visible='true' lat='59.7519838' lon='10.3029554'/>
  <node id='-5608' version='0' action='modify' visible='true' lat='59.7519500' lon='10.3030502'/>
  <node id='-5609' version='0' action='modify' visible='true' lat='59.7518731' lon='10.3031963'/>
  <node id='-5610' version='0' action='modify' visible='true' lat='59.7518045' lon='10.3033740'/>
  <node id='-5611' version='0' action='modify' visible='true' lat='59.7516397' lon='10.3033922'/>
  <node id='-5612' version='0' action='modify' visible='true' lat='59.7514519' lon='10.3034857'/>
  <node id='-5613' version='0' action='modify' visible='true' lat='59.7513379' lon='10.3036170'/>
  <node id='-5614' version='0' action='modify' visible='true' lat='59.7512373' lon='10.3037636'/>
  <node id='-5615' version='0' action='modify' visible='true' lat='59.7510560' lon='10.3040028'/>
  <node id='-5616' version='0' action='modify' visible='true' lat='59.7508533' lon='10.3043233'/>
  <node id='-5617' version='0' action='modify' visible='true' lat='59.7507908' lon='10.3045272'/>
  <node id='-5618' version='0' action='modify' visible='true' lat='59.7507894' lon='10.3046630'/>
  <node id='-5619' version='0' action='modify' visible='true' lat='59.7507750' lon='10.3049093'/>
  <node id='-5620' version='0' action='modify' visible='true' lat='59.7508162' lon='10.3051867'/>
  <node id='-5621' version='0' action='modify' visible='true' lat='59.7508454' lon='10.3052764'/>
  <node id='-5622' version='0' action='modify' visible='true' lat='59.7508810' lon='10.3053227'/>
  <node id='-5623' version='0' action='modify' visible='true' lat='59.7509602' lon='10.3053535'/>
  <node id='-5624' version='0' action='modify' visible='true' lat='59.7512516' lon='10.3055513'/>
  <node id='-5625' version='0' action='modify' visible='true' lat='59.7519119' lon='10.3061501'/>
  <node id='-5626' version='0' action='modify' visible='true' lat='59.7520455' lon='10.3062406'/>
  <node id='-5627' version='0' action='modify' visible='true' lat='59.7522564' lon='10.3063223'/>
  <node id='-5628' version='0' action='modify' visible='true' lat='59.7523976' lon='10.3064218'/>
  <node id='-5629' version='0' action='modify' visible='true' lat='59.7524774' lon='10.3065538'/>
  <node id='-5630' version='0' action='modify' visible='true' lat='59.7525810' lon='10.3067891'/>
  <node id='-5631' version='0' action='modify' visible='true' lat='59.7526901' lon='10.3072786'/>
  <node id='-5632' version='0' action='modify' visible='true' lat='59.7527568' lon='10.3074355'/>
  <node id='-5633' version='0' action='modify' visible='true' lat='59.7529496' lon='10.3078061'/>
  <node id='-5634' version='0' action='modify' visible='true' lat='59.7529934' lon='10.3080581'/>
  <node id='-5635' version='0' action='modify' visible='true' lat='59.7531149' lon='10.3084177'/>
  <node id='-5636' version='0' action='modify' visible='true' lat='59.7533080' lon='10.3088243'/>
  <node id='-5637' version='0' action='modify' visible='true' lat='59.7534717' lon='10.3092185'/>
  <node id='-5638' version='0' action='modify' visible='true' lat='59.7536779' lon='10.3095796'/>
  <node id='-5639' version='0' action='modify' visible='true' lat='59.7538027' lon='10.3098225'/>
  <node id='-5640' version='0' action='modify' visible='true' lat='59.7538711' lon='10.3099860'/>
  <node id='-5641' version='0' action='modify' visible='true' lat='59.7540392' lon='10.3105127'/>
  <node id='-5642' version='0' action='modify' visible='true' lat='59.7541011' lon='10.3106245'/>
  <node id='-5643' version='0' action='modify' visible='true' lat='59.7542199' lon='10.3107666'/>
  <node id='-5644' version='0' action='modify' visible='true' lat='59.7542594' lon='10.3108450'/>
  <node id='-5645' version='0' action='modify' visible='true' lat='59.7543061' lon='10.3109939'/>
  <node id='-5646' version='0' action='modify' visible='true' lat='59.7544371' lon='10.3114343'/>
  <node id='-5647' version='0' action='modify' visible='true' lat='59.7545452' lon='10.3116500'/>
  <node id='-5648' version='0' action='modify' visible='true' lat='59.7546031' lon='10.3117328'/>
  <node id='-5649' version='0' action='modify' visible='true' lat='59.7546797' lon='10.3118028'/>
  <node id='-5650' version='0' action='modify' visible='true' lat='59.7548179' lon='10.3118956'/>
  <node id='-5651' version='0' action='modify' visible='true' lat='59.7550047' lon='10.3121026'/>
  <node id='-5652' version='0' action='modify' visible='true' lat='59.7549972' lon='10.3121582'/>
  <node id='-5653' version='0' action='modify' visible='true' lat='59.7549627' lon='10.3124749'/>
  <node id='-5654' version='0' action='modify' visible='true' lat='59.7549134' lon='10.3128950'/>
  <node id='-5655' version='0' action='modify' visible='true' lat='59.7548927' lon='10.3130656'/>
  <node id='-5656' version='0' action='modify' visible='true' lat='59.7547924' lon='10.3139763'/>
  <node id='-5657' version='0' action='modify' visible='true' lat='59.7547654' lon='10.3141712'/>
  <node id='-5658' version='0' action='modify' visible='true' lat='59.7547203' lon='10.3144975'/>
  <node id='-5659' version='0' action='modify' visible='true' lat='59.7546942' lon='10.3146431'/>
  <node id='-5660' version='0' action='modify' visible='true' lat='59.7546507' lon='10.3147881'/>
  <node id='-5661' version='0' action='modify' visible='true' lat='59.7545232' lon='10.3150773'/>
  <node id='-5662' version='0' action='modify' visible='true' lat='59.7544313' lon='10.3152754'/>
  <node id='-5663' version='0' action='modify' visible='true' lat='59.7543059' lon='10.3155115'/>
  <node id='-5664' version='0' action='modify' visible='true' lat='59.7542018' lon='10.3156858'/>
  <node id='-5665' version='0' action='modify' visible='true' lat='59.7540954' lon='10.3158740'/>
  <node id='-5666' version='0' action='modify' visible='true' lat='59.7539922' lon='10.3160726'/>
  <node id='-5667' version='0' action='modify' visible='true' lat='59.7539048' lon='10.3162573'/>
  <node id='-5668' version='0' action='modify' visible='true' lat='59.7538459' lon='10.3163709'/>
  <node id='-5669' version='0' action='modify' visible='true' lat='59.7537640' lon='10.3165143'/>
  <node id='-5670' version='0' action='modify' visible='true' lat='59.7537235' lon='10.3165690'/>
  <node id='-5671' version='0' action='modify' visible='true' lat='59.7536659' lon='10.3166289'/>
  <node id='-5672' version='0' action='modify' visible='true' lat='59.7536150' lon='10.3166628'/>
  <node id='-5673' version='0' action='modify' visible='true' lat='59.7535188' lon='10.3167077'/>
  <node id='-5674' version='0' action='modify' visible='true' lat='59.7534408' lon='10.3167216'/>
  <node id='-5675' version='0' action='modify' visible='true' lat='59.7533642' lon='10.3167118'/>
  <node id='-5676' version='0' action='modify' visible='true' lat='59.7532026' lon='10.3167066'/>
  <node id='-5677' version='0' action='modify' visible='true' lat='59.7531334' lon='10.3166952'/>
  <node id='-5678' version='0' action='modify' visible='true' lat='59.7530685' lon='10.3166742'/>
  <node id='-5679' version='0' action='modify' visible='true' lat='59.7530032' lon='10.3166386'/>
  <node id='-5680' version='0' action='modify' visible='true' lat='59.7529710' lon='10.3166152'/>
  <node id='-5681' version='0' action='modify' visible='true' lat='59.7529269' lon='10.3165731'/>
  <node id='-5682' version='0' action='modify' visible='true' lat='59.7528744' lon='10.3165244'/>
  <node id='-5683' version='0' action='modify' visible='true' lat='59.7527411' lon='10.3164069'/>
  <node id='-5684' version='0' action='modify' visible='true' lat='59.7525282' lon='10.3162081'/>
  <node id='-5685' version='0' action='modify' visible='true' lat='59.7523801' lon='10.3160478'/>
  <node id='-5686' version='0' action='modify' visible='true' lat='59.7522659' lon='10.3159332'/>
  <node id='-5687' version='0' action='modify' visible='true' lat='59.7521645' lon='10.3158451'/>
  <node id='-5688' version='0' action='modify' visible='true' lat='59.7521147' lon='10.3158093'/>
  <node id='-5689' version='0' action='modify' visible='true' lat='59.7520711' lon='10.3157915'/>
  <node id='-5690' version='0' action='modify' visible='true' lat='59.7519707' lon='10.3157771'/>
  <node id='-5691' version='0' action='modify' visible='true' lat='59.7519292' lon='10.3157823'/>
  <node id='-5692' version='0' action='modify' visible='true' lat='59.7518783' lon='10.3157975'/>
  <node id='-5693' version='0' action='modify' visible='true' lat='59.7517930' lon='10.3158323'/>
  <node id='-5694' version='0' action='modify' visible='true' lat='59.7517494' lon='10.3158618'/>
  <node id='-5695' version='0' action='modify' visible='true' lat='59.7517092' lon='10.3158979'/>
  <node id='-5696' version='0' action='modify' visible='true' lat='59.7516475' lon='10.3159648'/>
  <node id='-5697' version='0' action='modify' visible='true' lat='59.7515108' lon='10.3161571'/>
  <node id='-5698' version='0' action='modify' visible='true' lat='59.7512447' lon='10.3165883'/>
  <node id='-5699' version='0' action='modify' visible='true' lat='59.7511174' lon='10.3167773'/>
  <node id='-5700' version='0' action='modify' visible='true' lat='59.7509957' lon='10.3169708'/>
  <node id='-5701' version='0' action='modify' visible='true' lat='59.7508557' lon='10.3171829'/>
  <node id='-5702' version='0' action='modify' visible='true' lat='59.7507325' lon='10.3173838'/>
  <node id='-5703' version='0' action='modify' visible='true' lat='59.7506589' lon='10.3174903'/>
  <node id='-5704' version='0' action='modify' visible='true' lat='59.7505302' lon='10.3176635'/>
  <node id='-5705' version='0' action='modify' visible='true' lat='59.7503501' lon='10.3178830'/>
  <node id='-5706' version='0' action='modify' visible='true' lat='59.7501723' lon='10.3181182'/>
  <node id='-5707' version='0' action='modify' visible='true' lat='59.7499199' lon='10.3184317'/>
  <node id='-5708' version='0' action='modify' visible='true' lat='59.7498688' lon='10.3185101'/>
  <node id='-5709' version='0' action='modify' visible='true' lat='59.7498163' lon='10.3185763'/>
  <node id='-5710' version='0' action='modify' visible='true' lat='59.7494687' lon='10.3191455'/>
  <node id='-5711' version='0' action='modify' visible='true' lat='59.7493886' lon='10.3193207'/>
  <node id='-5712' version='0' action='modify' visible='true' lat='59.7493667' lon='10.3193630'/>
  <node id='-5713' version='0' action='modify' visible='true' lat='59.7494185' lon='10.3195265'/>
  <node id='-5714' version='0' action='modify' visible='true' lat='59.7494925' lon='10.3197592'/>
  <node id='-5715' version='0' action='modify' visible='true' lat='59.7495148' lon='10.3198434'/>
  <node id='-5716' version='0' action='modify' visible='true' lat='59.7495528' lon='10.3199643'/>
  <node id='-5717' version='0' action='modify' visible='true' lat='59.7496546' lon='10.3202726'/>
  <node id='-5718' version='0' action='modify' visible='true' lat='59.7496933' lon='10.3203741'/>
  <node id='-5719' version='0' action='modify' visible='true' lat='59.7497739' lon='10.3205642'/>
  <node id='-5720' version='0' action='modify' visible='true' lat='59.7498194' lon='10.3206559'/>
  <node id='-5721' version='0' action='modify' visible='true' lat='59.7498868' lon='10.3207783'/>
  <node id='-5722' version='0' action='modify' visible='true' lat='59.7499777' lon='10.3209314'/>
  <node id='-5723' version='0' action='modify' visible='true' lat='59.7500192' lon='10.3210111'/>
  <node id='-5724' version='0' action='modify' visible='true' lat='59.7500592' lon='10.3210982'/>
  <node id='-5725' version='0' action='modify' visible='true' lat='59.7500761' lon='10.3211439'/>
  <node id='-5726' version='0' action='modify' visible='true' lat='59.7500886' lon='10.3211921'/>
  <node id='-5727' version='0' action='modify' visible='true' lat='59.7500967' lon='10.3212426'/>
  <node id='-5728' version='0' action='modify' visible='true' lat='59.7500977' lon='10.3212960'/>
  <node id='-5729' version='0' action='modify' visible='true' lat='59.7500920' lon='10.3213535'/>
  <node id='-5730' version='0' action='modify' visible='true' lat='59.7500853' lon='10.3214011'/>
  <node id='-5731' version='0' action='modify' visible='true' lat='59.7500523' lon='10.3214954'/>
  <node id='-5732' version='0' action='modify' visible='true' lat='59.7500057' lon='10.3215932'/>
  <node id='-5733' version='0' action='modify' visible='true' lat='59.7499500' lon='10.3216415'/>
  <node id='-5734' version='0' action='modify' visible='true' lat='59.7498271' lon='10.3216694'/>
  <node id='-5735' version='0' action='modify' visible='true' lat='59.7497329' lon='10.3216949'/>
  <node id='-5736' version='0' action='modify' visible='true' lat='59.7496091' lon='10.3217485'/>
  <node id='-5737' version='0' action='modify' visible='true' lat='59.7494857' lon='10.3218279'/>
  <node id='-5738' version='0' action='modify' visible='true' lat='59.7491712' lon='10.3221305'/>
  <node id='-5739' version='0' action='modify' visible='true' lat='59.7491064' lon='10.3222145'/>
  <node id='-5740' version='0' action='modify' visible='true' lat='59.7488767' lon='10.3224880'/>
  <node id='-5741' version='0' action='modify' visible='true' lat='59.7486840' lon='10.3227704'/>
  <node id='-5742' version='0' action='modify' visible='true' lat='59.7485110' lon='10.3230623'/>
  <node id='-5743' version='0' action='modify' visible='true' lat='59.7484301' lon='10.3232505'/>
  <node id='-5744' version='0' action='modify' visible='true' lat='59.7483740' lon='10.3233856'/>
  <node id='-5745' version='0' action='modify' visible='true' lat='59.7482973' lon='10.3236093'/>
  <node id='-5746' version='0' action='modify' visible='true' lat='59.7480327' lon='10.3244965'/>
  <node id='-5747' version='0' action='modify' visible='true' lat='59.7477291' lon='10.3255699'/>
  <node id='-5748' version='0' action='modify' visible='true' lat='59.7475200' lon='10.3263443'/>
  <node id='-5749' version='0' action='modify' visible='true' lat='59.7473812' lon='10.3268360'/>
  <node id='-5750' version='0' action='modify' visible='true' lat='59.7472253' lon='10.3274158'/>
  <node id='-5751' version='0' action='modify' visible='true' lat='59.7470177' lon='10.3281765'/>
  <node id='-5752' version='0' action='modify' visible='true' lat='59.7469150' lon='10.3284792'/>
  <node id='-5753' version='0' action='modify' visible='true' lat='59.7469724' lon='10.3285985'/>
  <node id='-5754' version='0' action='modify' visible='true' lat='59.7470083' lon='10.3287014'/>
  <node id='-5755' version='0' action='modify' visible='true' lat='59.7470514' lon='10.3288600'/>
  <node id='-5756' version='0' action='modify' visible='true' lat='59.7470660' lon='10.3290067'/>
  <node id='-5757' version='0' action='modify' visible='true' lat='59.7470754' lon='10.3291815'/>
  <node id='-5758' version='0' action='modify' visible='true' lat='59.7470899' lon='10.3293869'/>
  <node id='-5759' version='0' action='modify' visible='true' lat='59.7471353' lon='10.3297379'/>
  <node id='-5760' version='0' action='modify' visible='true' lat='59.7471764' lon='10.3299829'/>
  <node id='-5761' version='0' action='modify' visible='true' lat='59.7472397' lon='10.3302698'/>
  <node id='-5762' version='0' action='modify' visible='true' lat='59.7472745' lon='10.3304037'/>
  <node id='-5763' version='0' action='modify' visible='true' lat='59.7473478' lon='10.3306298'/>
  <node id='-5764' version='0' action='modify' visible='true' lat='59.7474728' lon='10.3309551'/>
  <node id='-5765' version='0' action='modify' visible='true' lat='59.7475967' lon='10.3312243'/>
  <node id='-5766' version='0' action='modify' visible='true' lat='59.7477219' lon='10.3315062'/>
  <node id='-5767' version='0' action='modify' visible='true' lat='59.7479027' lon='10.3319507'/>
  <node id='-5768' version='0' action='modify' visible='true' lat='59.7480128' lon='10.3321909'/>
  <node id='-5769' version='0' action='modify' visible='true' lat='59.7484653' lon='10.3332440'/>
  <node id='-5770' version='0' action='modify' visible='true' lat='59.7486273' lon='10.3336259'/>
  <node id='-5771' version='0' action='modify' visible='true' lat='59.7486919' lon='10.3338117'/>
  <node id='-5772' version='0' action='modify' visible='true' lat='59.7487342' lon='10.3339723'/>
  <node id='-5773' version='0' action='modify' visible='true' lat='59.7487741' lon='10.3341612'/>
  <node id='-5774' version='0' action='modify' visible='true' lat='59.7488001' lon='10.3343713'/>
  <node id='-5775' version='0' action='modify' visible='true' lat='59.7488056' lon='10.3346387'/>
  <node id='-5776' version='0' action='modify' visible='true' lat='59.7487901' lon='10.3348380'/>
  <node id='-5777' version='0' action='modify' visible='true' lat='59.7487850' lon='10.3348860'/>
  <node id='-5778' version='0' action='modify' visible='true' lat='59.7487454' lon='10.3350877'/>
  <node id='-5779' version='0' action='modify' visible='true' lat='59.7486779' lon='10.3353107'/>
  <node id='-5780' version='0' action='modify' visible='true' lat='59.7486209' lon='10.3354973'/>
  <node id='-5781' version='0' action='modify' visible='true' lat='59.7483278' lon='10.3362675'/>
  <node id='-5782' version='0' action='modify' visible='true' lat='59.7480347' lon='10.3370377'/>
  <node id='-5783' version='0' action='modify' visible='true' lat='59.7479131' lon='10.3373483'/>
  <node id='-5784' version='0' action='modify' visible='true' lat='59.7478226' lon='10.3375679'/>
  <node id='-5785' version='0' action='modify' visible='true' lat='59.7476279' lon='10.3380882'/>
  <node id='-5786' version='0' action='modify' visible='true' lat='59.7475069' lon='10.3384710'/>
  <node id='-5787' version='0' action='modify' visible='true' lat='59.7474404' lon='10.3387127'/>
  <node id='-5788' version='0' action='modify' visible='true' lat='59.7473917' lon='10.3388934'/>
  <node id='-5789' version='0' action='modify' visible='true' lat='59.7472856' lon='10.3395943'/>
  <node id='-5790' version='0' action='modify' visible='true' lat='59.7471482' lon='10.3403723'/>
  <node id='-5791' version='0' action='modify' visible='true' lat='59.7470966' lon='10.3406193'/>
  <node id='-5792' version='0' action='modify' visible='true' lat='59.7470390' lon='10.3408060'/>
  <node id='-5793' version='0' action='modify' visible='true' lat='59.7469924' lon='10.3409347'/>
  <node id='-5794' version='0' action='modify' visible='true' lat='59.7469140' lon='10.3412220'/>
  <node id='-5795' version='0' action='modify' visible='true' lat='59.7467722' lon='10.3416678'/>
  <node id='-5796' version='0' action='modify' visible='true' lat='59.7466770' lon='10.3419216'/>
  <node id='-5797' version='0' action='modify' visible='true' lat='59.7466323' lon='10.3420407'/>
  <node id='-5798' version='0' action='modify' visible='true' lat='59.7465086' lon='10.3423443'/>
  <node id='-5799' version='0' action='modify' visible='true' lat='59.7464540' lon='10.3425130'/>
  <node id='-5800' version='0' action='modify' visible='true' lat='59.7461883' lon='10.3432778'/>
  <node id='-5801' version='0' action='modify' visible='true' lat='59.7461783' lon='10.3433063'/>
  <node id='-5802' version='0' action='modify' visible='true' lat='59.7460722' lon='10.3436371'/>
  <node id='-5803' version='0' action='modify' visible='true' lat='59.7459865' lon='10.3439294'/>
  <node id='-5804' version='0' action='modify' visible='true' lat='59.7458747' lon='10.3443070'/>
  <node id='-5805' version='0' action='modify' visible='true' lat='59.7458073' lon='10.3445735'/>
  <node id='-5806' version='0' action='modify' visible='true' lat='59.7457906' lon='10.3446394'/>
  <node id='-5807' version='0' action='modify' visible='true' lat='59.7457471' lon='10.3448372'/>
  <node id='-5808' version='0' action='modify' visible='true' lat='59.7457291' lon='10.3449772'/>
  <node id='-5809' version='0' action='modify' visible='true' lat='59.7457156' lon='10.3451531'/>
  <node id='-5810' version='0' action='modify' visible='true' lat='59.7456931' lon='10.3462086'/>
  <node id='-5811' version='0' action='modify' visible='true' lat='59.7457036' lon='10.3464517'/>
  <node id='-5812' version='0' action='modify' visible='true' lat='59.7457291' lon='10.3467049'/>
  <node id='-5813' version='0' action='modify' visible='true' lat='59.7457708' lon='10.3469385'/>
  <node id='-5814' version='0' action='modify' visible='true' lat='59.7458222' lon='10.3471904'/>
  <node id='-5815' version='0' action='modify' visible='true' lat='59.7459092' lon='10.3474972'/>
  <node id='-5816' version='0' action='modify' visible='true' lat='59.7459603' lon='10.3477058'/>
  <node id='-5817' version='0' action='modify' visible='true' lat='59.7459909' lon='10.3479087'/>
  <node id='-5818' version='0' action='modify' visible='true' lat='59.7460054' lon='10.3480233'/>
  <node id='-5819' version='0' action='modify' visible='true' lat='59.7460144' lon='10.3481755'/>
  <node id='-5820' version='0' action='modify' visible='true' lat='59.7460263' lon='10.3487156'/>
  <node id='-5821' version='0' action='modify' visible='true' lat='59.7460369' lon='10.3488932'/>
  <node id='-5822' version='0' action='modify' visible='true' lat='59.7460651' lon='10.3491583'/>
  <node id='-5823' version='0' action='modify' visible='true' lat='59.7461409' lon='10.3496999'/>
  <node id='-5824' version='0' action='modify' visible='true' lat='59.7461824' lon='10.3499841'/>
  <node id='-5825' version='0' action='modify' visible='true' lat='59.7462450' lon='10.3503864'/>
  <node id='-5826' version='0' action='modify' visible='true' lat='59.7463109' lon='10.3508516'/>
  <node id='-5827' version='0' action='modify' visible='true' lat='59.7463495' lon='10.3512088'/>
  <node id='-5828' version='0' action='modify' visible='true' lat='59.7463554' lon='10.3513532'/>
  <node id='-5829' version='0' action='modify' visible='true' lat='59.7463564' lon='10.3515153'/>
  <node id='-5830' version='0' action='modify' visible='true' lat='59.7463447' lon='10.3517422'/>
  <node id='-5831' version='0' action='modify' visible='true' lat='59.7463182' lon='10.3519935'/>
  <node id='-5832' version='0' action='modify' visible='true' lat='59.7461979' lon='10.3530051'/>
  <node id='-5833' version='0' action='modify' visible='true' lat='59.7461775' lon='10.3531404'/>
  <node id='-5834' version='0' action='modify' visible='true' lat='59.7461564' lon='10.3532766'/>
  <node id='-5835' version='0' action='modify' visible='true' lat='59.7461230' lon='10.3535500'/>
  <node id='-5836' version='0' action='modify' visible='true' lat='59.7460879' lon='10.3540892'/>
  <node id='-5837' version='0' action='modify' visible='true' lat='59.7460510' lon='10.3545340'/>
  <node id='-5838' version='0' action='modify' visible='true' lat='59.7460381' lon='10.3546895'/>
  <node id='-5839' version='0' action='modify' visible='true' lat='59.7460025' lon='10.3550141'/>
  <node id='-5840' version='0' action='modify' visible='true' lat='59.7459781' lon='10.3553391'/>
  <node id='-5841' version='0' action='modify' visible='true' lat='59.7459443' lon='10.3555603'/>
  <node id='-5842' version='0' action='modify' visible='true' lat='59.7459065' lon='10.3557469'/>
  <node id='-5843' version='0' action='modify' visible='true' lat='59.7457048' lon='10.3566168'/>
  <node id='-5844' version='0' action='modify' visible='true' lat='59.7456221' lon='10.3569959'/>
  <node id='-5845' version='0' action='modify' visible='true' lat='59.7455376' lon='10.3574306'/>
  <node id='-5846' version='0' action='modify' visible='true' lat='59.7454873' lon='10.3576425'/>
  <node id='-5847' version='0' action='modify' visible='true' lat='59.7454183' lon='10.3578616'/>
  <node id='-5848' version='0' action='modify' visible='true' lat='59.7452433' lon='10.3582848'/>
  <node id='-5849' version='0' action='modify' visible='true' lat='59.7451486' lon='10.3585230'/>
  <node id='-5850' version='0' action='modify' visible='true' lat='59.7450675' lon='10.3587270'/>
  <node id='-5851' version='0' action='modify' visible='true' lat='59.7448634' lon='10.3591749'/>
  <node id='-5852' version='0' action='modify' visible='true' lat='59.7448000' lon='10.3593445'/>
  <node id='-5853' version='0' action='modify' visible='true' lat='59.7447536' lon='10.3595254'/>
  <node id='-5854' version='0' action='modify' visible='true' lat='59.7447211' lon='10.3597551'/>
  <node id='-5855' version='0' action='modify' visible='true' lat='59.7447175' lon='10.3599609'/>
  <node id='-5856' version='0' action='modify' visible='true' lat='59.7447255' lon='10.3601137'/>
  <node id='-5857' version='0' action='modify' visible='true' lat='59.7447510' lon='10.3602554'/>
  <node id='-5858' version='0' action='modify' visible='true' lat='59.7448198' lon='10.3606019'/>
  <node id='-5859' version='0' action='modify' visible='true' lat='59.7448511' lon='10.3607115'/>
  <node id='-5860' version='0' action='modify' visible='true' lat='59.7449089' lon='10.3609136'/>
  <node id='-5861' version='0' action='modify' visible='true' lat='59.7449746' lon='10.3611499'/>
  <node id='-5862' version='0' action='modify' visible='true' lat='59.7450077' lon='10.3612993'/>
  <node id='-5863' version='0' action='modify' visible='true' lat='59.7450487' lon='10.3615212'/>
  <node id='-5864' version='0' action='modify' visible='true' lat='59.7450914' lon='10.3618425'/>
  <node id='-5865' version='0' action='modify' visible='true' lat='59.7451456' lon='10.3624133'/>
  <node id='-5866' version='0' action='modify' visible='true' lat='59.7451912' lon='10.3627750'/>
  <node id='-5867' version='0' action='modify' visible='true' lat='59.7452257' lon='10.3629535'/>
  <node id='-5868' version='0' action='modify' visible='true' lat='59.7453440' lon='10.3635549'/>
  <node id='-5869' version='0' action='modify' visible='true' lat='59.7453558' lon='10.3636560'/>
  <node id='-5870' version='0' action='modify' visible='true' lat='59.7453644' lon='10.3638038'/>
  <node id='-5871' version='0' action='modify' visible='true' lat='59.7452220' lon='10.3638371'/>
  <node id='-5872' version='0' action='modify' visible='true' lat='59.7448536' lon='10.3639918'/>
  <node id='-5873' version='0' action='modify' visible='true' lat='59.7447378' lon='10.3640269'/>
  <node id='-5874' version='0' action='modify' visible='true' lat='59.7447123' lon='10.3640346'/>
  <node id='-5875' version='0' action='modify' visible='true' lat='59.7446031' lon='10.3640655'/>
  <node id='-5876' version='0' action='modify' visible='true' lat='59.7444780' lon='10.3640868'/>
  <node id='-5877' version='0' action='modify' visible='true' lat='59.7438959' lon='10.3640396'/>
  <node id='-5878' version='0' action='modify' visible='true' lat='59.7438337' lon='10.3640307'/>
  <node id='-5879' version='0' action='modify' visible='true' lat='59.7438125' lon='10.3640475'/>
  <node id='-5880' version='0' action='modify' visible='true' lat='59.7437606' lon='10.3640740'/>
  <node id='-5881' version='0' action='modify' visible='true' lat='59.7438135' lon='10.3642551'/>
  <node id='-5882' version='0' action='modify' visible='true' lat='59.7438765' lon='10.3645318'/>
  <node id='-5883' version='0' action='modify' visible='true' lat='59.7439324' lon='10.3648511'/>
  <node id='-5884' version='0' action='modify' visible='true' lat='59.7439695' lon='10.3651228'/>
  <node id='-5885' version='0' action='modify' visible='true' lat='59.7440129' lon='10.3655646'/>
  <node id='-5886' version='0' action='modify' visible='true' lat='59.7440162' lon='10.3659338'/>
  <node id='-5887' version='0' action='modify' visible='true' lat='59.7440120' lon='10.3661886'/>
  <node id='-5888' version='0' action='modify' visible='true' lat='59.7440029' lon='10.3663960'/>
  <node id='-5889' version='0' action='modify' visible='true' lat='59.7439695' lon='10.3668500'/>
  <node id='-5890' version='0' action='modify' visible='true' lat='59.7439321' lon='10.3671353'/>
  <node id='-5891' version='0' action='modify' visible='true' lat='59.7438931' lon='10.3673555'/>
  <node id='-5892' version='0' action='modify' visible='true' lat='59.7438401' lon='10.3675640'/>
  <node id='-5893' version='0' action='modify' visible='true' lat='59.7437912' lon='10.3677199'/>
  <node id='-5894' version='0' action='modify' visible='true' lat='59.7437259' lon='10.3679202'/>
  <node id='-5895' version='0' action='modify' visible='true' lat='59.7436140' lon='10.3681706'/>
  <node id='-5896' version='0' action='modify' visible='true' lat='59.7432604' lon='10.3688285'/>
  <node id='-5897' version='0' action='modify' visible='true' lat='59.7431602' lon='10.3690318'/>
  <node id='-5898' version='0' action='modify' visible='true' lat='59.7430791' lon='10.3692449'/>
  <node id='-5899' version='0' action='modify' visible='true' lat='59.7430101' lon='10.3694765'/>
  <node id='-5900' version='0' action='modify' visible='true' lat='59.7429609' lon='10.3697240'/>
  <node id='-5901' version='0' action='modify' visible='true' lat='59.7429390' lon='10.3699083'/>
  <node id='-5902' version='0' action='modify' visible='true' lat='59.7429363' lon='10.3701739'/>
  <node id='-5903' version='0' action='modify' visible='true' lat='59.7429454' lon='10.3703633'/>
  <node id='-5904' version='0' action='modify' visible='true' lat='59.7429698' lon='10.3705023'/>
  <node id='-5905' version='0' action='modify' visible='true' lat='59.7430112' lon='10.3706919'/>
  <node id='-5906' version='0' action='modify' visible='true' lat='59.7430791' lon='10.3709278'/>
  <node id='-5907' version='0' action='modify' visible='true' lat='59.7432043' lon='10.3713069'/>
  <node id='-5908' version='0' action='modify' visible='true' lat='59.7434633' lon='10.3720495'/>
  <node id='-5909' version='0' action='modify' visible='true' lat='59.7437224' lon='10.3727922'/>
  <node id='-5910' version='0' action='modify' visible='true' lat='59.7438089' lon='10.3730479'/>
  <node id='-5911' version='0' action='modify' visible='true' lat='59.7438761' lon='10.3732910'/>
  <node id='-5912' version='0' action='modify' visible='true' lat='59.7439080' lon='10.3734448'/>
  <node id='-5913' version='0' action='modify' visible='true' lat='59.7439385' lon='10.3736368'/>
  <node id='-5914' version='0' action='modify' visible='true' lat='59.7439589' lon='10.3738450'/>
  <node id='-5915' version='0' action='modify' visible='true' lat='59.7439536' lon='10.3742978'/>
  <node id='-5916' version='0' action='modify' visible='true' lat='59.7439489' lon='10.3745187'/>
  <node id='-5917' version='0' action='modify' visible='true' lat='59.7440819' lon='10.3750325'/>
  <node id='-5918' version='0' action='modify' visible='true' lat='59.7441516' lon='10.3749692'/>
  <node id='-5919' version='0' action='modify' visible='true' lat='59.7442008' lon='10.3749251'/>
  <node id='-5920' version='0' action='modify' visible='true' lat='59.7442675' lon='10.3751898'/>
  <node id='-5921' version='0' action='modify' visible='true' lat='59.7443472' lon='10.3756258'/>
  <node id='-5922' version='0' action='modify' visible='true' lat='59.7443562' lon='10.3757469'/>
  <node id='-5923' version='0' action='modify' visible='true' lat='59.7443318' lon='10.3759571'/>
  <node id='-5924' version='0' action='modify' visible='true' lat='59.7443010' lon='10.3761139'/>
  <node id='-5925' version='0' action='modify' visible='true' lat='59.7442673' lon='10.3762476'/>
  <node id='-5926' version='0' action='modify' visible='true' lat='59.7442282' lon='10.3763598'/>
  <node id='-5927' version='0' action='modify' visible='true' lat='59.7441782' lon='10.3764741'/>
  <node id='-5928' version='0' action='modify' visible='true' lat='59.7439361' lon='10.3769442'/>
  <node id='-5929' version='0' action='modify' visible='true' lat='59.7438804' lon='10.3770690'/>
  <node id='-5930' version='0' action='modify' visible='true' lat='59.7438491' lon='10.3771693'/>
  <node id='-5931' version='0' action='modify' visible='true' lat='59.7438293' lon='10.3772520'/>
  <node id='-5932' version='0' action='modify' visible='true' lat='59.7438137' lon='10.3773719'/>
  <node id='-5933' version='0' action='modify' visible='true' lat='59.7437931' lon='10.3776049'/>
  <node id='-5934' version='0' action='modify' visible='true' lat='59.7437855' lon='10.3778250'/>
  <node id='-5935' version='0' action='modify' visible='true' lat='59.7437876' lon='10.3779544'/>
  <node id='-5936' version='0' action='modify' visible='true' lat='59.7438025' lon='10.3780894'/>
  <node id='-5937' version='0' action='modify' visible='true' lat='59.7438289' lon='10.3782349'/>
  <node id='-5938' version='0' action='modify' visible='true' lat='59.7438746' lon='10.3784031'/>
  <node id='-5939' version='0' action='modify' visible='true' lat='59.7439148' lon='10.3785283'/>
  <node id='-5940' version='0' action='modify' visible='true' lat='59.7440507' lon='10.3788583'/>
  <node id='-5941' version='0' action='modify' visible='true' lat='59.7441170' lon='10.3790093'/>
  <node id='-5942' version='0' action='modify' visible='true' lat='59.7441833' lon='10.3791539'/>
  <node id='-5943' version='0' action='modify' visible='true' lat='59.7442170' lon='10.3792423'/>
  <node id='-5944' version='0' action='modify' visible='true' lat='59.7442618' lon='10.3793726'/>
  <node id='-5945' version='0' action='modify' visible='true' lat='59.7443146' lon='10.3794773'/>
  <node id='-5946' version='0' action='modify' visible='true' lat='59.7443631' lon='10.3795949'/>
  <node id='-5947' version='0' action='modify' visible='true' lat='59.7444273' lon='10.3798606'/>
  <node id='-5948' version='0' action='modify' visible='true' lat='59.7445343' lon='10.3803022'/>
  <node id='-5949' version='0' action='modify' visible='true' lat='59.7446659' lon='10.3808625'/>
  <node id='-5950' version='0' action='modify' visible='true' lat='59.7447659' lon='10.3812818'/>
  <node id='-5951' version='0' action='modify' visible='true' lat='59.7447785' lon='10.3813405'/>
  <node id='-5952' version='0' action='modify' visible='true' lat='59.7447898' lon='10.3813862'/>
  <node id='-5953' version='0' action='modify' visible='true' lat='59.7448777' lon='10.3817640'/>
  <node id='-5954' version='0' action='modify' visible='true' lat='59.7449819' lon='10.3821856'/>
  <node id='-5955' version='0' action='modify' visible='true' lat='59.7450907' lon='10.3826368'/>
  <node id='-5956' version='0' action='modify' visible='true' lat='59.7451132' lon='10.3827277'/>
  <node id='-5957' version='0' action='modify' visible='true' lat='59.7452330' lon='10.3834670'/>
  <node id='-5958' version='0' action='modify' visible='true' lat='59.7452751' lon='10.3837249'/>
  <node id='-5959' version='0' action='modify' visible='true' lat='59.7453471' lon='10.3841696'/>
  <node id='-5960' version='0' action='modify' visible='true' lat='59.7453662' lon='10.3842629'/>
  <node id='-5961' version='0' action='modify' visible='true' lat='59.7455768' lon='10.3854748'/>
  <node id='-5962' version='0' action='modify' visible='true' lat='59.7456971' lon='10.3861852'/>
  <node id='-5963' version='0' action='modify' visible='true' lat='59.7457469' lon='10.3861925'/>
  <node id='-5964' version='0' action='modify' visible='true' lat='59.7457863' lon='10.3862355'/>
  <node id='-5965' version='0' action='modify' visible='true' lat='59.7462010' lon='10.3870661'/>
  <node id='-5966' version='0' action='modify' visible='true' lat='59.7462920' lon='10.3872172'/>
  <node id='-5967' version='0' action='modify' visible='true' lat='59.7463697' lon='10.3873191'/>
  <node id='-5968' version='0' action='modify' visible='true' lat='59.7464595' lon='10.3873788'/>
  <node id='-5969' version='0' action='modify' visible='true' lat='59.7465241' lon='10.3873734'/>
  <node id='-5970' version='0' action='modify' visible='true' lat='59.7465766' lon='10.3873428'/>
  <node id='-5971' version='0' action='modify' visible='true' lat='59.7466259' lon='10.3872992'/>
  <node id='-5972' version='0' action='modify' visible='true' lat='59.7468529' lon='10.3871606'/>
  <node id='-5973' version='0' action='modify' visible='true' lat='59.7470679' lon='10.3871008'/>
  <node id='-5974' version='0' action='modify' visible='true' lat='59.7471994' lon='10.3870704'/>
  <node id='-5975' version='0' action='modify' visible='true' lat='59.7473605' lon='10.3870322'/>
  <node id='-5976' version='0' action='modify' visible='true' lat='59.7474703' lon='10.3869794'/>
  <node id='-5977' version='0' action='modify' visible='true' lat='59.7478272' lon='10.3867523'/>
  <node id='-5978' version='0' action='modify' visible='true' lat='59.7479679' lon='10.3866954'/>
  <node id='-5979' version='0' action='modify' visible='true' lat='59.7481477' lon='10.3866997'/>
  <node id='-5980' version='0' action='modify' visible='true' lat='59.7482997' lon='10.3867472'/>
  <node id='-5981' version='0' action='modify' visible='true' lat='59.7485763' lon='10.3868410'/>
  <node id='-5982' version='0' action='modify' visible='true' lat='59.7492021' lon='10.3869519'/>
  <node id='-5983' version='0' action='modify' visible='true' lat='59.7492624' lon='10.3869619'/>
  <node id='-5984' version='0' action='modify' visible='true' lat='59.7493931' lon='10.3869895'/>
  <node id='-5985' version='0' action='modify' visible='true' lat='59.7495772' lon='10.3870121'/>
  <node id='-5986' version='0' action='modify' visible='true' lat='59.7499694' lon='10.3870654'/>
  <node id='-5987' version='0' action='modify' visible='true' lat='59.7501957' lon='10.3871117'/>
  <node id='-5988' version='0' action='modify' visible='true' lat='59.7503756' lon='10.3871617'/>
  <node id='-5989' version='0' action='modify' visible='true' lat='59.7504617' lon='10.3871995'/>
  <node id='-5990' version='0' action='modify' visible='true' lat='59.7506869' lon='10.3873245'/>
  <node id='-5991' version='0' action='modify' visible='true' lat='59.7513654' lon='10.3877422'/>
  <node id='-5992' version='0' action='modify' visible='true' lat='59.7520440' lon='10.3881598'/>
  <node id='-5993' version='0' action='modify' visible='true' lat='59.7525824' lon='10.3884932'/>
  <node id='-5994' version='0' action='modify' visible='true' lat='59.7527174' lon='10.3885690'/>
  <node id='-5995' version='0' action='modify' visible='true' lat='59.7528289' lon='10.3886395'/>
  <node id='-5996' version='0' action='modify' visible='true' lat='59.7529175' lon='10.3887636'/>
  <node id='-5997' version='0' action='modify' visible='true' lat='59.7531365' lon='10.3890636'/>
  <node id='-5998' version='0' action='modify' visible='true' lat='59.7532410' lon='10.3891890'/>
  <node id='-5999' version='0' action='modify' visible='true' lat='59.7533098' lon='10.3892565'/>
  <node id='-6000' version='0' action='modify' visible='true' lat='59.7536749' lon='10.3896019'/>
  <node id='-6001' version='0' action='modify' visible='true' lat='59.7537290' lon='10.3896820'/>
  <node id='-6002' version='0' action='modify' visible='true' lat='59.7538639' lon='10.3898222'/>
  <node id='-6003' version='0' action='modify' visible='true' lat='59.7538691' lon='10.3902952'/>
  <node id='-6004' version='0' action='modify' visible='true' lat='59.7538810' lon='10.3905240'/>
  <node id='-6005' version='0' action='modify' visible='true' lat='59.7539062' lon='10.3908327'/>
  <node id='-6006' version='0' action='modify' visible='true' lat='59.7540256' lon='10.3917587'/>
  <node id='-6007' version='0' action='modify' visible='true' lat='59.7540701' lon='10.3921475'/>
  <node id='-6008' version='0' action='modify' visible='true' lat='59.7540865' lon='10.3923887'/>
  <node id='-6009' version='0' action='modify' visible='true' lat='59.7540873' lon='10.3926253'/>
  <node id='-6010' version='0' action='modify' visible='true' lat='59.7540841' lon='10.3930076'/>
  <node id='-6011' version='0' action='modify' visible='true' lat='59.7541800' lon='10.3932408'/>
  <node id='-6012' version='0' action='modify' visible='true' lat='59.7542187' lon='10.3933002'/>
  <node id='-6013' version='0' action='modify' visible='true' lat='59.7543962' lon='10.3933684'/>
  <node id='-6014' version='0' action='modify' visible='true' lat='59.7544929' lon='10.3934685'/>
  <node id='-6015' version='0' action='modify' visible='true' lat='59.7545571' lon='10.3935833'/>
  <node id='-6016' version='0' action='modify' visible='true' lat='59.7545991' lon='10.3936971'/>
  <node id='-6017' version='0' action='modify' visible='true' lat='59.7546316' lon='10.3939124'/>
  <node id='-6018' version='0' action='modify' visible='true' lat='59.7546503' lon='10.3941077'/>
  <node id='-6019' version='0' action='modify' visible='true' lat='59.7546925' lon='10.3947647'/>
  <node id='-6020' version='0' action='modify' visible='true' lat='59.7547264' lon='10.3951329'/>
  <node id='-6021' version='0' action='modify' visible='true' lat='59.7547616' lon='10.3954096'/>
  <node id='-6022' version='0' action='modify' visible='true' lat='59.7548218' lon='10.3957421'/>
  <node id='-6023' version='0' action='modify' visible='true' lat='59.7548869' lon='10.3960582'/>
  <node id='-6024' version='0' action='modify' visible='true' lat='59.7549548' lon='10.3963512'/>
  <node id='-6025' version='0' action='modify' visible='true' lat='59.7550321' lon='10.3965813'/>
  <node id='-6026' version='0' action='modify' visible='true' lat='59.7551184' lon='10.3967705'/>
  <node id='-6027' version='0' action='modify' visible='true' lat='59.7551363' lon='10.3968101'/>
  <node id='-6028' version='0' action='modify' visible='true' lat='59.7553576' lon='10.3973067'/>
  <node id='-6029' version='0' action='modify' visible='true' lat='59.7555298' lon='10.3976414'/>
  <node id='-6030' version='0' action='modify' visible='true' lat='59.7556482' lon='10.3979387'/>
  <node id='-6031' version='0' action='modify' visible='true' lat='59.7557792' lon='10.3982645'/>
  <node id='-6032' version='0' action='modify' visible='true' lat='59.7558822' lon='10.3985063'/>
  <node id='-6033' version='0' action='modify' visible='true' lat='59.7559996' lon='10.3986834'/>
  <node id='-6034' version='0' action='modify' visible='true' lat='59.7560567' lon='10.3987504'/>
  <node id='-6035' version='0' action='modify' visible='true' lat='59.7561780' lon='10.3989785'/>
  <node id='-6036' version='0' action='modify' visible='true' lat='59.7562722' lon='10.3988690'/>
  <node id='-6037' version='0' action='modify' visible='true' lat='59.7564107' lon='10.3988307'/>
  <node id='-6038' version='0' action='modify' visible='true' lat='59.7565274' lon='10.3988466'/>
  <node id='-6039' version='0' action='modify' visible='true' lat='59.7566012' lon='10.3988854'/>
  <node id='-6040' version='0' action='modify' visible='true' lat='59.7570339' lon='10.3992848'/>
  <node id='-6041' version='0' action='modify' visible='true' lat='59.7571462' lon='10.3993562'/>
  <node id='-6042' version='0' action='modify' visible='true' lat='59.7572313' lon='10.3994045'/>
  <node id='-6043' version='0' action='modify' visible='true' lat='59.7573231' lon='10.3994278'/>
  <node id='-6044' version='0' action='modify' visible='true' lat='59.7574366' lon='10.3994125'/>
  <node id='-6045' version='0' action='modify' visible='true' lat='59.7575204' lon='10.3993845'/>
  <node id='-6046' version='0' action='modify' visible='true' lat='59.7576814' lon='10.3992615'/>
  <node id='-6047' version='0' action='modify' visible='true' lat='59.7577757' lon='10.3992274'/>
  <node id='-6048' version='0' action='modify' visible='true' lat='59.7578496' lon='10.3992563'/>
  <node id='-6049' version='0' action='modify' visible='true' lat='59.7579122' lon='10.3992972'/>
  <node id='-6050' version='0' action='modify' visible='true' lat='59.7579666' lon='10.3993786'/>
  <node id='-6051' version='0' action='modify' visible='true' lat='59.7579986' lon='10.3994876'/>
  <node id='-6052' version='0' action='modify' visible='true' lat='59.7580122' lon='10.3996068'/>
  <node id='-6053' version='0' action='modify' visible='true' lat='59.7580079' lon='10.4001782'/>
  <node id='-6054' version='0' action='modify' visible='true' lat='59.7580116' lon='10.4003472'/>
  <node id='-6055' version='0' action='modify' visible='true' lat='59.7587439' lon='10.4005040'/>
  <node id='-6056' version='0' action='modify' visible='true' lat='59.7588032' lon='10.4003337'/>
  <node id='-6057' version='0' action='modify' visible='true' lat='59.7589797' lon='10.4005937'/>
  <node id='-6058' version='0' action='modify' visible='true' lat='59.7594390' lon='10.4012430'/>
  <node id='-6059' version='0' action='modify' visible='true' lat='59.7596527' lon='10.4014265'/>
  <node id='-6060' version='0' action='modify' visible='true' lat='59.7597413' lon='10.4014165'/>
  <node id='-6061' version='0' action='modify' visible='true' lat='59.7598753' lon='10.4012806'/>
  <node id='-6062' version='0' action='modify' visible='true' lat='59.7600713' lon='10.4010617'/>
  <node id='-6063' version='0' action='modify' visible='true' lat='59.7602315' lon='10.4008507'/>
  <node id='-6064' version='0' action='modify' visible='true' lat='59.7603259' lon='10.4006980'/>
  <node id='-6065' version='0' action='modify' visible='true' lat='59.7603449' lon='10.4006710'/>
  <node id='-6066' version='0' action='modify' visible='true' lat='59.7603708' lon='10.4005822'/>
  <node id='-6067' version='0' action='modify' visible='true' lat='59.7604754' lon='10.4005841'/>
  <node id='-6068' version='0' action='modify' visible='true' lat='59.7605642' lon='10.4006021'/>
  <node id='-6069' version='0' action='modify' visible='true' lat='59.7606247' lon='10.4006371'/>
  <node id='-6070' version='0' action='modify' visible='true' lat='59.7606978' lon='10.4007363'/>
  <node id='-6071' version='0' action='modify' visible='true' lat='59.7607748' lon='10.4009718'/>
  <node id='-6072' version='0' action='modify' visible='true' lat='59.7607861' lon='10.4010855'/>
  <node id='-6073' version='0' action='modify' visible='true' lat='59.7607885' lon='10.4012314'/>
  <node id='-6074' version='0' action='modify' visible='true' lat='59.7607575' lon='10.4015614'/>
  <node id='-6075' version='0' action='modify' visible='true' lat='59.7607430' lon='10.4018740'/>
  <node id='-6076' version='0' action='modify' visible='true' lat='59.7607220' lon='10.4022130'/>
  <node id='-6077' version='0' action='modify' visible='true' lat='59.7607360' lon='10.4022100'/>
  <node id='-6078' version='0' action='modify' visible='true' lat='59.7607530' lon='10.4022010'/>
  <node id='-6079' version='0' action='modify' visible='true' lat='59.7607850' lon='10.4021630'/>
  <node id='-6080' version='0' action='modify' visible='true' lat='59.7607990' lon='10.4021270'/>
  <node id='-6081' version='0' action='modify' visible='true' lat='59.7608070' lon='10.4020840'/>
  <node id='-6082' version='0' action='modify' visible='true' lat='59.7608100' lon='10.4020490'/>
  <node id='-6083' version='0' action='modify' visible='true' lat='59.7608080' lon='10.4020010'/>
  <node id='-6084' version='0' action='modify' visible='true' lat='59.7607990' lon='10.4019600'/>
  <node id='-6085' version='0' action='modify' visible='true' lat='59.7607840' lon='10.4019210'/>
  <node id='-6086' version='0' action='modify' visible='true' lat='59.7607650' lon='10.4018920'/>
  <node id='-6087' version='0' action='modify' visible='true' lat='59.7607430' lon='10.4018740'/>
  <node id='-6088' version='0' action='modify' visible='true' lat='59.7607150' lon='10.4018720'/>
  <node id='-6089' version='0' action='modify' visible='true' lat='59.7606840' lon='10.4018890'/>
  <node id='-6090' version='0' action='modify' visible='true' lat='59.7606600' lon='10.4019280'/>
  <node id='-6091' version='0' action='modify' visible='true' lat='59.7606490' lon='10.4019570'/>
  <node id='-6092' version='0' action='modify' visible='true' lat='59.7606410' lon='10.4019980'/>
  <node id='-6093' version='0' action='modify' visible='true' lat='59.7606380' lon='10.4020390'/>
  <node id='-6094' version='0' action='modify' visible='true' lat='59.7606420' lon='10.4020970'/>
  <node id='-6095' version='0' action='modify' visible='true' lat='59.7606540' lon='10.4021410'/>
  <node id='-6096' version='0' action='modify' visible='true' lat='59.7606690' lon='10.4021750'/>
  <node id='-6097' version='0' action='modify' visible='true' lat='59.7606890' lon='10.4022010'/>
  <node id='-6098' version='0' action='modify' visible='true' lat='59.7607220' lon='10.4022130'/>
  <node id='-6099' version='0' action='modify' visible='true' lat='59.7608070' lon='10.4020840'/>
  <node id='-6100' version='0' action='modify' visible='true' lat='59.7609309' lon='10.4021199'/>
  <node id='-6101' version='0' action='modify' visible='true' lat='59.7611003' lon='10.4021360'/>
  <node id='-6102' version='0' action='modify' visible='true' lat='59.7612082' lon='10.4021631'/>
  <node id='-6103' version='0' action='modify' visible='true' lat='59.7612968' lon='10.4021980'/>
  <node id='-6104' version='0' action='modify' visible='true' lat='59.7614149' lon='10.4022664'/>
  <node id='-6105' version='0' action='modify' visible='true' lat='59.7615440' lon='10.4023548'/>
  <node id='-6106' version='0' action='modify' visible='true' lat='59.7617818' lon='10.4025408'/>
  <node id='-6107' version='0' action='modify' visible='true' lat='59.7619420' lon='10.4027010'/>
  <node id='-6108' version='0' action='modify' visible='true' lat='59.7621742' lon='10.4029702'/>
  <node id='-6109' version='0' action='modify' visible='true' lat='59.7622822' lon='10.4031114'/>
  <node id='-6110' version='0' action='modify' visible='true' lat='59.7624196' lon='10.4033292'/>
  <node id='-6111' version='0' action='modify' visible='true' lat='59.7625269' lon='10.4035126'/>
  <node id='-6112' version='0' action='modify' visible='true' lat='59.7627179' lon='10.4038787'/>
  <node id='-6113' version='0' action='modify' visible='true' lat='59.7627973' lon='10.4040750'/>
  <node id='-6114' version='0' action='modify' visible='true' lat='59.7629353' lon='10.4044087'/>
  <node id='-6115' version='0' action='modify' visible='true' lat='59.7630614' lon='10.4047229'/>
  <node id='-6116' version='0' action='modify' visible='true' lat='59.7630258' lon='10.4047912'/>
  <node id='-6117' version='0' action='modify' visible='true' lat='59.7630263' lon='10.4048807'/>
  <node id='-6118' version='0' action='modify' visible='true' lat='59.7630404' lon='10.4050609'/>
  <node id='-6119' version='0' action='modify' visible='true' lat='59.7631108' lon='10.4053448'/>
  <node id='-6120' version='0' action='modify' visible='true' lat='59.7632176' lon='10.4057275'/>
  <node id='-6121' version='0' action='modify' visible='true' lat='59.7636347' lon='10.4068399'/>
  <node id='-6122' version='0' action='modify' visible='true' lat='59.7639659' lon='10.4073968'/>
  <node id='-6123' version='0' action='modify' visible='true' lat='59.7644035' lon='10.4080672'/>
  <node id='-6124' version='0' action='modify' visible='true' lat='59.7647704' lon='10.4085246'/>
  <node id='-6125' version='0' action='modify' visible='true' lat='59.7650961' lon='10.4089043'/>
  <node id='-6126' version='0' action='modify' visible='true' lat='59.7655930' lon='10.4092151'/>
  <node id='-6127' version='0' action='modify' visible='true' lat='59.7657355' lon='10.4093170'/>
  <node id='-6128' version='0' action='modify' visible='true' lat='59.7659610' lon='10.4094783'/>
  <node id='-6129' version='0' action='modify' visible='true' lat='59.7661868' lon='10.4096290'/>
  <node id='-6130' version='0' action='modify' visible='true' lat='59.7662054' lon='10.4096332'/>
  <node id='-6131' version='0' action='modify' visible='true' lat='59.7663245' lon='10.4096498'/>
  <node id='-6132' version='0' action='modify' visible='true' lat='59.7664613' lon='10.4096196'/>
  <node id='-6133' version='0' action='modify' visible='true' lat='59.7667722' lon='10.4094647'/>
  <node id='-6134' version='0' action='modify' visible='true' lat='59.7669979' lon='10.4093736'/>
  <node id='-6135' version='0' action='modify' visible='true' lat='59.7673936' lon='10.4093431'/>
  <node id='-6136' version='0' action='modify' visible='true' lat='59.7676755' lon='10.4093679'/>
  <node id='-6137' version='0' action='modify' visible='true' lat='59.7680447' lon='10.4093986'/>
  <node id='-6138' version='0' action='modify' visible='true' lat='59.7682041' lon='10.4094808'/>
  <node id='-6139' version='0' action='modify' visible='true' lat='59.7682279' lon='10.4094936'/>
  <node id='-6140' version='0' action='modify' visible='true' lat='59.7685361' lon='10.4096588'/>
  <node id='-6141' version='0' action='modify' visible='true' lat='59.7686677' lon='10.4097231'/>
  <node id='-6142' version='0' action='modify' visible='true' lat='59.7688638' lon='10.4097773'/>
  <node id='-6143' version='0' action='modify' visible='true' lat='59.7693321' lon='10.4097946'/>
  <node id='-6144' version='0' action='modify' visible='true' lat='59.7694577' lon='10.4096706'/>
  <node id='-6145' version='0' action='modify' visible='true' lat='59.7695671' lon='10.4096049'/>
  <node id='-6146' version='0' action='modify' visible='true' lat='59.7697369' lon='10.4095813'/>
  <node id='-6147' version='0' action='modify' visible='true' lat='59.7697825' lon='10.4095459'/>
  <node id='-6148' version='0' action='modify' visible='true' lat='59.7698137' lon='10.4094801'/>
  <node id='-6149' version='0' action='modify' visible='true' lat='59.7698368' lon='10.4092847'/>
  <node id='-6150' version='0' action='modify' visible='true' lat='59.7698914' lon='10.4085278'/>
  <node id='-6151' version='0' action='modify' visible='true' lat='59.7698906' lon='10.4080356'/>
  <node id='-6152' version='0' action='modify' visible='true' lat='59.7699053' lon='10.4078365'/>
  <node id='-6153' version='0' action='modify' visible='true' lat='59.7699809' lon='10.4077494'/>
  <node id='-6154' version='0' action='modify' visible='true' lat='59.7703061' lon='10.4073750'/>
  <node id='-6155' version='0' action='modify' visible='true' lat='59.7706066' lon='10.4066906'/>
  <node id='-6156' version='0' action='modify' visible='true' lat='59.7706976' lon='10.4065518'/>
  <node id='-6157' version='0' action='modify' visible='true' lat='59.7710360' lon='10.4054810'/>
  <node id='-6158' version='0' action='modify' visible='true' lat='59.7710760' lon='10.4054420'/>
  <node id='-6159' version='0' action='modify' visible='true' lat='59.7712740' lon='10.4051840'/>
  <node id='-6160' version='0' action='modify' visible='true' lat='59.7714950' lon='10.4048740'/>
  <node id='-6161' version='0' action='modify' visible='true' lat='59.7715600' lon='10.4047900'/>
  <node id='-6162' version='0' action='modify' visible='true' lat='59.7716810' lon='10.4046360'/>
  <node id='-6163' version='0' action='modify' visible='true' lat='59.7718230' lon='10.4044810'/>
  <node id='-6164' version='0' action='modify' visible='true' lat='59.7718958' lon='10.4043990'/>
  <node id='-6165' version='0' action='modify' visible='true' lat='59.7720270' lon='10.4042772'/>
  <node id='-6166' version='0' action='modify' visible='true' lat='59.7720715' lon='10.4042319'/>
  <node id='-6167' version='0' action='modify' visible='true' lat='59.7721176' lon='10.4041935'/>
  <node id='-6168' version='0' action='modify' visible='true' lat='59.7721517' lon='10.4041781'/>
  <node id='-6169' version='0' action='modify' visible='true' lat='59.7721927' lon='10.4041741'/>
  <node id='-6170' version='0' action='modify' visible='true' lat='59.7722528' lon='10.4041795'/>
  <node id='-6171' version='0' action='modify' visible='true' lat='59.7722927' lon='10.4041776'/>
  <node id='-6172' version='0' action='modify' visible='true' lat='59.7723000' lon='10.4039550'/>
  <node id='-6173' version='0' action='modify' visible='true' lat='59.7723100' lon='10.4038560'/>
  <node id='-6174' version='0' action='modify' visible='true' lat='59.7723150' lon='10.4038000'/>
  <node id='-6175' version='0' action='modify' visible='true' lat='59.7723430' lon='10.4036420'/>
  <node id='-6176' version='0' action='modify' visible='true' lat='59.7724790' lon='10.4030420'/>
  <node id='-6177' version='0' action='modify' visible='true' lat='59.7725700' lon='10.4024390'/>
  <node id='-6178' version='0' action='modify' visible='true' lat='59.7726680' lon='10.4019320'/>
  <node id='-6179' version='0' action='modify' visible='true' lat='59.7727930' lon='10.4014220'/>
  <node id='-6180' version='0' action='modify' visible='true' lat='59.7728620' lon='10.4011630'/>
  <node id='-6181' version='0' action='modify' visible='true' lat='59.7729210' lon='10.4009270'/>
  <node id='-6182' version='0' action='modify' visible='true' lat='59.7729580' lon='10.4008040'/>
  <node id='-6183' version='0' action='modify' visible='true' lat='59.7729940' lon='10.4007060'/>
  <node id='-6184' version='0' action='modify' visible='true' lat='59.7730160' lon='10.4006600'/>
  <node id='-6185' version='0' action='modify' visible='true' lat='59.7730460' lon='10.4006170'/>
  <node id='-6186' version='0' action='modify' visible='true' lat='59.7730890' lon='10.4005700'/>
  <node id='-6187' version='0' action='modify' visible='true' lat='59.7731820' lon='10.4004840'/>
  <node id='-6188' version='0' action='modify' visible='true' lat='59.7733490' lon='10.4003680'/>
  <node id='-6189' version='0' action='modify' visible='true' lat='59.7735390' lon='10.4002170'/>
  <node id='-6190' version='0' action='modify' visible='true' lat='59.7735840' lon='10.4001970'/>
  <node id='-6191' version='0' action='modify' visible='true' lat='59.7736680' lon='10.4001840'/>
  <node id='-6192' version='0' action='modify' visible='true' lat='59.7737120' lon='10.4001920'/>
  <node id='-6193' version='0' action='modify' visible='true' lat='59.7737950' lon='10.4002180'/>
  <node id='-6194' version='0' action='modify' visible='true' lat='59.7739130' lon='10.4002680'/>
  <node id='-6195' version='0' action='modify' visible='true' lat='59.7740490' lon='10.4002950'/>
  <node id='-6196' version='0' action='modify' visible='true' lat='59.7741100' lon='10.4002970'/>
  <node id='-6197' version='0' action='modify' visible='true' lat='59.7741290' lon='10.4002960'/>
  <node id='-6198' version='0' action='modify' visible='true' lat='59.7742150' lon='10.4002810'/>
  <node id='-6199' version='0' action='modify' visible='true' lat='59.7743040' lon='10.4002410'/>
  <node id='-6200' version='0' action='modify' visible='true' lat='59.7744000' lon='10.4001890'/>
  <node id='-6201' version='0' action='modify' visible='true' lat='59.7745020' lon='10.4001300'/>
  <node id='-6202' version='0' action='modify' visible='true' lat='59.7747589' lon='10.3999603'/>
  <node id='-6203' version='0' action='modify' visible='true' lat='59.7748590' lon='10.3999400'/>
  <node id='-6204' version='0' action='modify' visible='true' lat='59.7749313' lon='10.3999313'/>
  <node id='-6205' version='0' action='modify' visible='true' lat='59.7751920' lon='10.3999000'/>
  <node id='-6206' version='0' action='modify' visible='true' lat='59.7753510' lon='10.3999100'/>
  <node id='-6207' version='0' action='modify' visible='true' lat='59.7754250' lon='10.3999060'/>
  <node id='-6208' version='0' action='modify' visible='true' lat='59.7754780' lon='10.3998890'/>
  <node id='-6209' version='0' action='modify' visible='true' lat='59.7756380' lon='10.3997940'/>
  <node id='-6210' version='0' action='modify' visible='true' lat='59.7756910' lon='10.3997330'/>
  <node id='-6211' version='0' action='modify' visible='true' lat='59.7757160' lon='10.3996740'/>
  <node id='-6212' version='0' action='modify' visible='true' lat='59.7757460' lon='10.3995630'/>
  <node id='-6213' version='0' action='modify' visible='true' lat='59.7757610' lon='10.3994680'/>
  <node id='-6214' version='0' action='modify' visible='true' lat='59.7757700' lon='10.3993830'/>
  <node id='-6215' version='0' action='modify' visible='true' lat='59.7757690' lon='10.3993180'/>
  <node id='-6216' version='0' action='modify' visible='true' lat='59.7757540' lon='10.3992450'/>
  <node id='-6217' version='0' action='modify' visible='true' lat='59.7757190' lon='10.3991640'/>
  <node id='-6218' version='0' action='modify' visible='true' lat='59.7756570' lon='10.3990570'/>
  <node id='-6219' version='0' action='modify' visible='true' lat='59.7754542' lon='10.3986986'/>
  <node id='-6220' version='0' action='modify' visible='true' lat='59.7754379' lon='10.3984997'/>
  <node id='-6221' version='0' action='modify' visible='true' lat='59.7754434' lon='10.3983541'/>
  <node id='-6222' version='0' action='modify' visible='true' lat='59.7755541' lon='10.3981376'/>
  <node id='-6223' version='0' action='modify' visible='true' lat='59.7756374' lon='10.3979373'/>
  <node id='-6224' version='0' action='modify' visible='true' lat='59.7756779' lon='10.3978823'/>
  <node id='-6225' version='0' action='modify' visible='true' lat='59.7757288' lon='10.3978406'/>
  <node id='-6226' version='0' action='modify' visible='true' lat='59.7757758' lon='10.3978220'/>
  <node id='-6227' version='0' action='modify' visible='true' lat='59.7759294' lon='10.3978254'/>
  <node id='-6228' version='0' action='modify' visible='true' lat='59.7759915' lon='10.3978132'/>
  <node id='-6229' version='0' action='modify' visible='true' lat='59.7761578' lon='10.3977319'/>
  <node id='-6230' version='0' action='modify' visible='true' lat='59.7762429' lon='10.3976250'/>
  <node id='-6231' version='0' action='modify' visible='true' lat='59.7765448' lon='10.3970775'/>
  <node id='-6232' version='0' action='modify' visible='true' lat='59.7768375' lon='10.3964144'/>
  <node id='-6233' version='0' action='modify' visible='true' lat='59.7769436' lon='10.3961282'/>
  <node id='-6234' version='0' action='modify' visible='true' lat='59.7769934' lon='10.3959267'/>
  <node id='-6235' version='0' action='modify' visible='true' lat='59.7770078' lon='10.3955559'/>
  <node id='-6236' version='0' action='modify' visible='true' lat='59.7769957' lon='10.3953553'/>
  <node id='-6237' version='0' action='modify' visible='true' lat='59.7768824' lon='10.3948003'/>
  <node id='-6238' version='0' action='modify' visible='true' lat='59.7767135' lon='10.3941730'/>
  <node id='-6239' version='0' action='modify' visible='true' lat='59.7765881' lon='10.3936205'/>
  <node id='-6240' version='0' action='modify' visible='true' lat='59.7766008' lon='10.3934419'/>
  <node id='-6241' version='0' action='modify' visible='true' lat='59.7766446' lon='10.3932491'/>
  <node id='-6242' version='0' action='modify' visible='true' lat='59.7766723' lon='10.3928277'/>
  <node id='-6243' version='0' action='modify' visible='true' lat='59.7767119' lon='10.3926908'/>
  <node id='-6244' version='0' action='modify' visible='true' lat='59.7767507' lon='10.3924669'/>
  <node id='-6245' version='0' action='modify' visible='true' lat='59.7767150' lon='10.3923049'/>
  <node id='-6246' version='0' action='modify' visible='true' lat='59.7766633' lon='10.3921475'/>
  <node id='-6247' version='0' action='modify' visible='true' lat='59.7766432' lon='10.3919515'/>
  <node id='-6248' version='0' action='modify' visible='true' lat='59.7766336' lon='10.3912629'/>
  <node id='-6249' version='0' action='modify' visible='true' lat='59.7766807' lon='10.3908285'/>
  <node id='-6250' version='0' action='modify' visible='true' lat='59.7767546' lon='10.3905889'/>
  <node id='-6251' version='0' action='modify' visible='true' lat='59.7768243' lon='10.3904948'/>
  <node id='-6252' version='0' action='modify' visible='true' lat='59.7769909' lon='10.3903556'/>
  <node id='-6253' version='0' action='modify' visible='true' lat='59.7770544' lon='10.3902957'/>
  <node id='-6254' version='0' action='modify' visible='true' lat='59.7771320' lon='10.3902939'/>
  <node id='-6255' version='0' action='modify' visible='true' lat='59.7772785' lon='10.3903225'/>
  <node id='-6256' version='0' action='modify' visible='true' lat='59.7773372' lon='10.3903130'/>
  <node id='-6257' version='0' action='modify' visible='true' lat='59.7773839' lon='10.3902608'/>
  <node id='-6258' version='0' action='modify' visible='true' lat='59.7774239' lon='10.3901763'/>
  <node id='-6259' version='0' action='modify' visible='true' lat='59.7774622' lon='10.3900650'/>
  <node id='-6260' version='0' action='modify' visible='true' lat='59.7775189' lon='10.3899604'/>
  <node id='-6261' version='0' action='modify' visible='true' lat='59.7776660' lon='10.3897512'/>
  <node id='-6262' version='0' action='modify' visible='true' lat='59.7777281' lon='10.3896064'/>
  <node id='-6263' version='0' action='modify' visible='true' lat='59.7778042' lon='10.3894989'/>
  <node id='-6264' version='0' action='modify' visible='true' lat='59.7778645' lon='10.3894454'/>
  <node id='-6265' version='0' action='modify' visible='true' lat='59.7779401' lon='10.3894293'/>
  <node id='-6266' version='0' action='modify' visible='true' lat='59.7780196' lon='10.3893347'/>
  <node id='-6267' version='0' action='modify' visible='true' lat='59.7781356' lon='10.3891343'/>
  <node id='-6268' version='0' action='modify' visible='true' lat='59.7782335' lon='10.3889873'/>
  <node id='-6269' version='0' action='modify' visible='true' lat='59.7783437' lon='10.3887496'/>
  <node id='-6270' version='0' action='modify' visible='true' lat='59.7783697' lon='10.3886881'/>
  <node id='-6271' version='0' action='modify' visible='true' lat='59.7784739' lon='10.3882696'/>
  <node id='-6272' version='0' action='modify' visible='true' lat='59.7786131' lon='10.3878067'/>
  <node id='-6273' version='0' action='modify' visible='true' lat='59.7787132' lon='10.3876029'/>
  <node id='-6274' version='0' action='modify' visible='true' lat='59.7788017' lon='10.3875253'/>
  <node id='-6275' version='0' action='modify' visible='true' lat='59.7788874' lon='10.3874902'/>
  <node id='-6276' version='0' action='modify' visible='true' lat='59.7790713' lon='10.3872236'/>
  <node id='-6277' version='0' action='modify' visible='true' lat='59.7791690' lon='10.3871160'/>
  <node id='-6278' version='0' action='modify' visible='true' lat='59.7792496' lon='10.3869776'/>
  <node id='-6279' version='0' action='modify' visible='true' lat='59.7792876' lon='10.3869873'/>
  <node id='-6280' version='0' action='modify' visible='true' lat='59.7793592' lon='10.3867551'/>
  <node id='-6281' version='0' action='modify' visible='true' lat='59.7794511' lon='10.3866316'/>
  <node id='-6282' version='0' action='modify' visible='true' lat='59.7795435' lon='10.3862637'/>
  <node id='-6283' version='0' action='modify' visible='true' lat='59.7798671' lon='10.3858918'/>
  <node id='-6284' version='0' action='modify' visible='true' lat='59.7800457' lon='10.3857467'/>
  <node id='-6285' version='0' action='modify' visible='true' lat='59.7801984' lon='10.3857892'/>
  <node id='-6286' version='0' action='modify' visible='true' lat='59.7803458' lon='10.3855892'/>
  <node id='-6287' version='0' action='modify' visible='true' lat='59.7804139' lon='10.3855936'/>
  <node id='-6288' version='0' action='modify' visible='true' lat='59.7805179' lon='10.3855908'/>
  <node id='-6289' version='0' action='modify' visible='true' lat='59.7807008' lon='10.3857789'/>
  <node id='-6290' version='0' action='modify' visible='true' lat='59.7808640' lon='10.3858164'/>
  <node id='-6291' version='0' action='modify' visible='true' lat='59.7809850' lon='10.3858816'/>
  <node id='-6292' version='0' action='modify' visible='true' lat='59.7810762' lon='10.3860029'/>
  <node id='-6293' version='0' action='modify' visible='true' lat='59.7811509' lon='10.3860497'/>
  <node id='-6294' version='0' action='modify' visible='true' lat='59.7812759' lon='10.3860844'/>
  <node id='-6295' version='0' action='modify' visible='true' lat='59.7814532' lon='10.3862385'/>
  <node id='-6296' version='0' action='modify' visible='true' lat='59.7815379' lon='10.3863175'/>
  <node id='-6297' version='0' action='modify' visible='true' lat='59.7816011' lon='10.3864075'/>
  <node id='-6298' version='0' action='modify' visible='true' lat='59.7817422' lon='10.3866708'/>
  <node id='-6299' version='0' action='modify' visible='true' lat='59.7818056' lon='10.3867024'/>
  <node id='-6300' version='0' action='modify' visible='true' lat='59.7818620' lon='10.3866887'/>
  <node id='-6301' version='0' action='modify' visible='true' lat='59.7819399' lon='10.3865927'/>
  <node id='-6302' version='0' action='modify' visible='true' lat='59.7820369' lon='10.3865461'/>
  <node id='-6303' version='0' action='modify' visible='true' lat='59.7822288' lon='10.3866581'/>
  <node id='-6304' version='0' action='modify' visible='true' lat='59.7824861' lon='10.3869661'/>
  <node id='-6305' version='0' action='modify' visible='true' lat='59.7826541' lon='10.3873223'/>
  <node id='-6306' version='0' action='modify' visible='true' lat='59.7828111' lon='10.3877362'/>
  <node id='-6307' version='0' action='modify' visible='true' lat='59.7829564' lon='10.3879567'/>
  <node id='-6308' version='0' action='modify' visible='true' lat='59.7831713' lon='10.3879414'/>
  <node id='-6309' version='0' action='modify' visible='true' lat='59.7834679' lon='10.3878661'/>
  <node id='-6310' version='0' action='modify' visible='true' lat='59.7836663' lon='10.3877353'/>
  <node id='-6311' version='0' action='modify' visible='true' lat='59.7838799' lon='10.3876878'/>
  <node id='-6312' version='0' action='modify' visible='true' lat='59.7840039' lon='10.3876577'/>
  <node id='-6313' version='0' action='modify' visible='true' lat='59.7841070' lon='10.3875837'/>
  <node id='-6314' version='0' action='modify' visible='true' lat='59.7842401' lon='10.3873611'/>
  <node id='-6315' version='0' action='modify' visible='true' lat='59.7843663' lon='10.3872433'/>
  <node id='-6316' version='0' action='modify' visible='true' lat='59.7844258' lon='10.3870268'/>
  <node id='-6317' version='0' action='modify' visible='true' lat='59.7844914' lon='10.3866925'/>
  <node id='-6318' version='0' action='modify' visible='true' lat='59.7846114' lon='10.3864851'/>
  <node id='-6319' version='0' action='modify' visible='true' lat='59.7846461' lon='10.3863482'/>
  <node id='-6320' version='0' action='modify' visible='true' lat='59.7847287' lon='10.3861422'/>
  <node id='-6321' version='0' action='modify' visible='true' lat='59.7848147' lon='10.3860913'/>
  <node id='-6322' version='0' action='modify' visible='true' lat='59.7848738' lon='10.3859845'/>
  <node id='-6323' version='0' action='modify' visible='true' lat='59.7850436' lon='10.3860445'/>
  <node id='-6324' version='0' action='modify' visible='true' lat='59.7851164' lon='10.3859800'/>
  <node id='-6325' version='0' action='modify' visible='true' lat='59.7852555' lon='10.3858593'/>
  <node id='-6326' version='0' action='modify' visible='true' lat='59.7853192' lon='10.3858510'/>
  <node id='-6327' version='0' action='modify' visible='true' lat='59.7853784' lon='10.3855602'/>
  <node id='-6328' version='0' action='modify' visible='true' lat='59.7854351' lon='10.3854909'/>
  <node id='-6329' version='0' action='modify' visible='true' lat='59.7855335' lon='10.3854436'/>
  <node id='-6330' version='0' action='modify' visible='true' lat='59.7855578' lon='10.3854570'/>
  <node id='-6331' version='0' action='modify' visible='true' lat='59.7855726' lon='10.3854966'/>
  <node id='-6332' version='0' action='modify' visible='true' lat='59.7856577' lon='10.3855726'/>
  <node id='-6333' version='0' action='modify' visible='true' lat='59.7857642' lon='10.3856266'/>
  <node id='-6334' version='0' action='modify' visible='true' lat='59.7858046' lon='10.3857490'/>
  <node id='-6335' version='0' action='modify' visible='true' lat='59.7858862' lon='10.3858812'/>
  <node id='-6336' version='0' action='modify' visible='true' lat='59.7859520' lon='10.3858754'/>
  <node id='-6337' version='0' action='modify' visible='true' lat='59.7860955' lon='10.3859066'/>
  <node id='-6338' version='0' action='modify' visible='true' lat='59.7862730' lon='10.3857862'/>
  <node id='-6339' version='0' action='modify' visible='true' lat='59.7864071' lon='10.3856082'/>
  <node id='-6340' version='0' action='modify' visible='true' lat='59.7864509' lon='10.3854668'/>
  <node id='-6341' version='0' action='modify' visible='true' lat='59.7864554' lon='10.3853363'/>
  <node id='-6342' version='0' action='modify' visible='true' lat='59.7864802' lon='10.3850685'/>
  <node id='-6343' version='0' action='modify' visible='true' lat='59.7864688' lon='10.3848576'/>
  <node id='-6344' version='0' action='modify' visible='true' lat='59.7864590' lon='10.3843350'/>
  <node id='-6345' version='0' action='modify' visible='true' lat='59.7864749' lon='10.3842340'/>
  <node id='-6346' version='0' action='modify' visible='true' lat='59.7865490' lon='10.3841539'/>
  <node id='-6347' version='0' action='modify' visible='true' lat='59.7866889' lon='10.3841454'/>
  <node id='-6348' version='0' action='modify' visible='true' lat='59.7867831' lon='10.3840943'/>
  <node id='-6349' version='0' action='modify' visible='true' lat='59.7869122' lon='10.3839208'/>
  <node id='-6350' version='0' action='modify' visible='true' lat='59.7869980' lon='10.3838879'/>
  <node id='-6351' version='0' action='modify' visible='true' lat='59.7872585' lon='10.3837685'/>
  <node id='-6352' version='0' action='modify' visible='true' lat='59.7873221' lon='10.3837796'/>
  <node id='-6353' version='0' action='modify' visible='true' lat='59.7873773' lon='10.3838260'/>
  <node id='-6354' version='0' action='modify' visible='true' lat='59.7875017' lon='10.3840159'/>
  <node id='-6355' version='0' action='modify' visible='true' lat='59.7875619' lon='10.3841005'/>
  <node id='-6356' version='0' action='modify' visible='true' lat='59.7876992' lon='10.3841100'/>
  <node id='-6357' version='0' action='modify' visible='true' lat='59.7878578' lon='10.3840104'/>
  <node id='-6358' version='0' action='modify' visible='true' lat='59.7880739' lon='10.3836255'/>
  <node id='-6359' version='0' action='modify' visible='true' lat='59.7882361' lon='10.3835462'/>
  <node id='-6360' version='0' action='modify' visible='true' lat='59.7884791' lon='10.3836553'/>
  <node id='-6361' version='0' action='modify' visible='true' lat='59.7887724' lon='10.3834580'/>
  <node id='-6362' version='0' action='modify' visible='true' lat='59.7889854' lon='10.3834314'/>
  <node id='-6363' version='0' action='modify' visible='true' lat='59.7891239' lon='10.3833249'/>
  <node id='-6364' version='0' action='modify' visible='true' lat='59.7892391' lon='10.3831417'/>
  <node id='-6365' version='0' action='modify' visible='true' lat='59.7894957' lon='10.3824314'/>
  <node id='-6366' version='0' action='modify' visible='true' lat='59.7895863' lon='10.3823325'/>
  <node id='-6367' version='0' action='modify' visible='true' lat='59.7900484' lon='10.3821673'/>
  <node id='-6368' version='0' action='modify' visible='true' lat='59.7902406' lon='10.3821711'/>
  <node id='-6369' version='0' action='modify' visible='true' lat='59.7904707' lon='10.3822812'/>
  <node id='-6370' version='0' action='modify' visible='true' lat='59.7905725' lon='10.3822430'/>
  <node id='-6371' version='0' action='modify' visible='true' lat='59.7906578' lon='10.3821514'/>
  <node id='-6372' version='0' action='modify' visible='true' lat='59.7908494' lon='10.3832242'/>
  <node id='-6373' version='0' action='modify' visible='true' lat='59.7908643' lon='10.3836128'/>
  <node id='-6374' version='0' action='modify' visible='true' lat='59.7908568' lon='10.3838654'/>
  <node id='-6375' version='0' action='modify' visible='true' lat='59.7907834' lon='10.3842173'/>
  <node id='-6376' version='0' action='modify' visible='true' lat='59.7906900' lon='10.3843840'/>
  <node id='-6377' version='0' action='modify' visible='true' lat='59.7904491' lon='10.3847100'/>
  <node id='-6378' version='0' action='modify' visible='true' lat='59.7902488' lon='10.3847973'/>
  <node id='-6379' version='0' action='modify' visible='true' lat='59.7899480' lon='10.3854576'/>
  <node id='-6380' version='0' action='modify' visible='true' lat='59.7898329' lon='10.3859645'/>
  <node id='-6381' version='0' action='modify' visible='true' lat='59.7899132' lon='10.3867753'/>
  <node id='-6382' version='0' action='modify' visible='true' lat='59.7899538' lon='10.3869230'/>
  <node id='-6383' version='0' action='modify' visible='true' lat='59.7900328' lon='10.3870980'/>
  <node id='-6384' version='0' action='modify' visible='true' lat='59.7900685' lon='10.3872138'/>
  <node id='-6385' version='0' action='modify' visible='true' lat='59.7901039' lon='10.3874750'/>
  <node id='-6386' version='0' action='modify' visible='true' lat='59.7901450' lon='10.3876846'/>
  <node id='-6387' version='0' action='modify' visible='true' lat='59.7902563' lon='10.3880741'/>
  <node id='-6388' version='0' action='modify' visible='true' lat='59.7903886' lon='10.3884345'/>
  <node id='-6389' version='0' action='modify' visible='true' lat='59.7904501' lon='10.3885593'/>
  <node id='-6390' version='0' action='modify' visible='true' lat='59.7905179' lon='10.3886139'/>
  <node id='-6391' version='0' action='modify' visible='true' lat='59.7905798' lon='10.3886930'/>
  <node id='-6392' version='0' action='modify' visible='true' lat='59.7907279' lon='10.3890261'/>
  <node id='-6393' version='0' action='modify' visible='true' lat='59.7908553' lon='10.3893462'/>
  <node id='-6394' version='0' action='modify' visible='true' lat='59.7911469' lon='10.3899047'/>
  <node id='-6395' version='0' action='modify' visible='true' lat='59.7911782' lon='10.3899949'/>
  <node id='-6396' version='0' action='modify' visible='true' lat='59.7912292' lon='10.3902461'/>
  <node id='-6397' version='0' action='modify' visible='true' lat='59.7912755' lon='10.3903934'/>
  <node id='-6398' version='0' action='modify' visible='true' lat='59.7913068' lon='10.3904754'/>
  <node id='-6399' version='0' action='modify' visible='true' lat='59.7913621' lon='10.3905588'/>
  <node id='-6400' version='0' action='modify' visible='true' lat='59.7916247' lon='10.3907395'/>
  <node id='-6401' version='0' action='modify' visible='true' lat='59.7917762' lon='10.3909006'/>
  <node id='-6402' version='0' action='modify' visible='true' lat='59.7919674' lon='10.3909340'/>
  <node id='-6403' version='0' action='modify' visible='true' lat='59.7920861' lon='10.3909796'/>
  <node id='-6404' version='0' action='modify' visible='true' lat='59.7922899' lon='10.3909971'/>
  <node id='-6405' version='0' action='modify' visible='true' lat='59.7924358' lon='10.3909967'/>
  <node id='-6406' version='0' action='modify' visible='true' lat='59.7925177' lon='10.3909456'/>
  <node id='-6407' version='0' action='modify' visible='true' lat='59.7926583' lon='10.3907570'/>
  <node id='-6408' version='0' action='modify' visible='true' lat='59.7927740' lon='10.3907011'/>
  <node id='-6409' version='0' action='modify' visible='true' lat='59.7928598' lon='10.3906196'/>
  <node id='-6410' version='0' action='modify' visible='true' lat='59.7928791' lon='10.3905773'/>
  <node id='-6411' version='0' action='modify' visible='true' lat='59.7928951' lon='10.3903002'/>
  <node id='-6412' version='0' action='modify' visible='true' lat='59.7929062' lon='10.3902530'/>
  <node id='-6413' version='0' action='modify' visible='true' lat='59.7929261' lon='10.3902337'/>
  <node id='-6414' version='0' action='modify' visible='true' lat='59.7929503' lon='10.3902233'/>
  <node id='-6415' version='0' action='modify' visible='true' lat='59.7930186' lon='10.3902316'/>
  <node id='-6416' version='0' action='modify' visible='true' lat='59.7931480' lon='10.3901990'/>
  <node id='-6417' version='0' action='modify' visible='true' lat='59.7932889' lon='10.3901148'/>
  <node id='-6418' version='0' action='modify' visible='true' lat='59.7933607' lon='10.3899736'/>
  <node id='-6419' version='0' action='modify' visible='true' lat='59.7934947' lon='10.3896990'/>
  <node id='-6420' version='0' action='modify' visible='true' lat='59.7936491' lon='10.3894585'/>
  <node id='-6421' version='0' action='modify' visible='true' lat='59.7937569' lon='10.3893053'/>
  <node id='-6422' version='0' action='modify' visible='true' lat='59.7938216' lon='10.3892790'/>
  <node id='-6423' version='0' action='modify' visible='true' lat='59.7939076' lon='10.3892783'/>
  <node id='-6424' version='0' action='modify' visible='true' lat='59.7939662' lon='10.3893095'/>
  <node id='-6425' version='0' action='modify' visible='true' lat='59.7940695' lon='10.3894204'/>
  <node id='-6426' version='0' action='modify' visible='true' lat='59.7942570' lon='10.3895928'/>
  <node id='-6427' version='0' action='modify' visible='true' lat='59.7943792' lon='10.3896173'/>
  <node id='-6428' version='0' action='modify' visible='true' lat='59.7944888' lon='10.3895617'/>
  <node id='-6429' version='0' action='modify' visible='true' lat='59.7945902' lon='10.3895636'/>
  <node id='-6430' version='0' action='modify' visible='true' lat='59.7948173' lon='10.3896717'/>
  <node id='-6431' version='0' action='modify' visible='true' lat='59.7949053' lon='10.3897794'/>
  <node id='-6432' version='0' action='modify' visible='true' lat='59.7949794' lon='10.3898024'/>
  <node id='-6433' version='0' action='modify' visible='true' lat='59.7952550' lon='10.3898165'/>
  <node id='-6434' version='0' action='modify' visible='true' lat='59.7955627' lon='10.3897121'/>
  <node id='-6435' version='0' action='modify' visible='true' lat='59.7957617' lon='10.3896972'/>
  <node id='-6436' version='0' action='modify' visible='true' lat='59.7959597' lon='10.3897698'/>
  <node id='-6437' version='0' action='modify' visible='true' lat='59.7960914' lon='10.3897024'/>
  <node id='-6438' version='0' action='modify' visible='true' lat='59.7961313' lon='10.3896560'/>
  <node id='-6439' version='0' action='modify' visible='true' lat='59.7961621' lon='10.3895725'/>
  <node id='-6440' version='0' action='modify' visible='true' lat='59.7961858' lon='10.3894129'/>
  <node id='-6441' version='0' action='modify' visible='true' lat='59.7961759' lon='10.3892139'/>
  <node id='-6442' version='0' action='modify' visible='true' lat='59.7961046' lon='10.3886254'/>
  <node id='-6443' version='0' action='modify' visible='true' lat='59.7960915' lon='10.3884364'/>
  <node id='-6444' version='0' action='modify' visible='true' lat='59.7961102' lon='10.3882917'/>
  <node id='-6445' version='0' action='modify' visible='true' lat='59.7961486' lon='10.3882453'/>
  <node id='-6446' version='0' action='modify' visible='true' lat='59.7962380' lon='10.3882281'/>
  <node id='-6447' version='0' action='modify' visible='true' lat='59.7965720' lon='10.3883050'/>
  <node id='-6448' version='0' action='modify' visible='true' lat='59.7966265' lon='10.3883044'/>
  <node id='-6449' version='0' action='modify' visible='true' lat='59.7966781' lon='10.3882793'/>
  <node id='-6450' version='0' action='modify' visible='true' lat='59.7967635' lon='10.3882064'/>
  <node id='-6451' version='0' action='modify' visible='true' lat='59.7968381' lon='10.3880566'/>
  <node id='-6452' version='0' action='modify' visible='true' lat='59.7969773' lon='10.3878812'/>
  <node id='-6453' version='0' action='modify' visible='true' lat='59.7973490' lon='10.3875111'/>
  <node id='-6454' version='0' action='modify' visible='true' lat='59.7976241' lon='10.3872514'/>
  <node id='-6455' version='0' action='modify' visible='true' lat='59.7978494' lon='10.3871012'/>
  <node id='-6456' version='0' action='modify' visible='true' lat='59.7982863' lon='10.3867672'/>
  <node id='-6457' version='0' action='modify' visible='true' lat='59.7987233' lon='10.3864331'/>
  <node id='-6458' version='0' action='modify' visible='true' lat='59.7991018' lon='10.3861026'/>
  <node id='-6459' version='0' action='modify' visible='true' lat='59.7993255' lon='10.3858486'/>
  <node id='-6460' version='0' action='modify' visible='true' lat='59.7995805' lon='10.3855160'/>
  <node id='-6461' version='0' action='modify' visible='true' lat='59.7997760' lon='10.3853101'/>
  <node id='-6462' version='0' action='modify' visible='true' lat='59.7998841' lon='10.3852317'/>
  <node id='-6463' version='0' action='modify' visible='true' lat='59.7999907' lon='10.3851673'/>
  <node id='-6464' version='0' action='modify' visible='true' lat='59.8001141' lon='10.3851373'/>
  <node id='-6465' version='0' action='modify' visible='true' lat='59.8005413' lon='10.3850457'/>
  <node id='-6466' version='0' action='modify' visible='true' lat='59.8006645' lon='10.3850152'/>
  <node id='-6467' version='0' action='modify' visible='true' lat='59.8007764' lon='10.3849298'/>
  <node id='-6468' version='0' action='modify' visible='true' lat='59.8010099' lon='10.3847572'/>
  <node id='-6469' version='0' action='modify' visible='true' lat='59.8011384' lon='10.3846914'/>
  <node id='-6470' version='0' action='modify' visible='true' lat='59.8013514' lon='10.3846651'/>
  <node id='-6471' version='0' action='modify' visible='true' lat='59.8016346' lon='10.3846798'/>
  <node id='-6472' version='0' action='modify' visible='true' lat='59.8017057' lon='10.3847085'/>
  <node id='-6473' version='0' action='modify' visible='true' lat='59.8018188' lon='10.3847167'/>
  <node id='-6474' version='0' action='modify' visible='true' lat='59.8019064' lon='10.3846979'/>
  <node id='-6475' version='0' action='modify' visible='true' lat='59.8019645' lon='10.3846523'/>
  <node id='-6476' version='0' action='modify' visible='true' lat='59.8020117' lon='10.3846201'/>
  <node id='-6477' version='0' action='modify' visible='true' lat='59.8020796' lon='10.3845755'/>
  <node id='-6478' version='0' action='modify' visible='true' lat='59.8024495' lon='10.3842850'/>
  <node id='-6479' version='0' action='modify' visible='true' lat='59.8025059' lon='10.3842873'/>
  <node id='-6480' version='0' action='modify' visible='true' lat='59.8029435' lon='10.3839982'/>
  <node id='-6481' version='0' action='modify' visible='true' lat='59.8033812' lon='10.3837091'/>
  <node id='-6482' version='0' action='modify' visible='true' lat='59.8042073' lon='10.3831784'/>
  <node id='-6483' version='0' action='modify' visible='true' lat='59.8042529' lon='10.3831491'/>
  <node id='-6484' version='0' action='modify' visible='true' lat='59.8041977' lon='10.3828949'/>
  <node id='-6485' version='0' action='modify' visible='true' lat='59.8040533' lon='10.3822462'/>
  <node id='-6486' version='0' action='modify' visible='true' lat='59.8041465' lon='10.3821422'/>
  <node id='-6487' version='0' action='modify' visible='true' lat='59.8042183' lon='10.3819994'/>
  <node id='-6488' version='0' action='modify' visible='true' lat='59.8043144' lon='10.3816895'/>
  <node id='-6489' version='0' action='modify' visible='true' lat='59.8044814' lon='10.3810573'/>
  <node id='-6490' version='0' action='modify' visible='true' lat='59.8044673' lon='10.3806955'/>
  <node id='-6491' version='0' action='modify' visible='true' lat='59.8043653' lon='10.3796169'/>
  <node id='-6492' version='0' action='modify' visible='true' lat='59.8042634' lon='10.3785384'/>
  <node id='-6493' version='0' action='modify' visible='true' lat='59.8042720' lon='10.3783753'/>
  <node id='-6494' version='0' action='modify' visible='true' lat='59.8042894' lon='10.3782751'/>
  <node id='-6495' version='0' action='modify' visible='true' lat='59.8043295' lon='10.3782177'/>
  <node id='-6496' version='0' action='modify' visible='true' lat='59.8044075' lon='10.3782002'/>
  <node id='-6497' version='0' action='modify' visible='true' lat='59.8045939' lon='10.3781775'/>
  <node id='-6498' version='0' action='modify' visible='true' lat='59.8047236' lon='10.3782060'/>
  <node id='-6499' version='0' action='modify' visible='true' lat='59.8048106' lon='10.3782337'/>
  <node id='-6500' version='0' action='modify' visible='true' lat='59.8049026' lon='10.3783015'/>
  <node id='-6501' version='0' action='modify' visible='true' lat='59.8049973' lon='10.3784004'/>
  <node id='-6502' version='0' action='modify' visible='true' lat='59.8050581' lon='10.3784293'/>
  <node id='-6503' version='0' action='modify' visible='true' lat='59.8051245' lon='10.3784370'/>
  <node id='-6504' version='0' action='modify' visible='true' lat='59.8052084' lon='10.3783962'/>
  <node id='-6505' version='0' action='modify' visible='true' lat='59.8052499' lon='10.3783825'/>
  <node id='-6506' version='0' action='modify' visible='true' lat='59.8053398' lon='10.3783302'/>
  <node id='-6507' version='0' action='modify' visible='true' lat='59.8053547' lon='10.3777936'/>
  <node id='-6508' version='0' action='modify' visible='true' lat='59.8053604' lon='10.3773034'/>
  <node id='-6509' version='0' action='modify' visible='true' lat='59.8053287' lon='10.3769403'/>
  <node id='-6510' version='0' action='modify' visible='true' lat='59.8050809' lon='10.3755167'/>
  <node id='-6511' version='0' action='modify' visible='true' lat='59.8050566' lon='10.3752745'/>
  <node id='-6512' version='0' action='modify' visible='true' lat='59.8050556' lon='10.3751370'/>
  <node id='-6513' version='0' action='modify' visible='true' lat='59.8052460' lon='10.3743127'/>
  <node id='-6514' version='0' action='modify' visible='true' lat='59.8053119' lon='10.3740510'/>
  <node id='-6515' version='0' action='modify' visible='true' lat='59.8053733' lon='10.3738614'/>
  <node id='-6516' version='0' action='modify' visible='true' lat='59.8054633' lon='10.3734903'/>
  <node id='-6517' version='0' action='modify' visible='true' lat='59.8055783' lon='10.3731507'/>
  <node id='-6518' version='0' action='modify' visible='true' lat='59.8055989' lon='10.3730088'/>
  <node id='-6519' version='0' action='modify' visible='true' lat='59.8055964' lon='10.3728531'/>
  <node id='-6520' version='0' action='modify' visible='true' lat='59.8055759' lon='10.3727004'/>
  <node id='-6521' version='0' action='modify' visible='true' lat='59.8055330' lon='10.3726068'/>
  <node id='-6522' version='0' action='modify' visible='true' lat='59.8056272' lon='10.3724778'/>
  <node id='-6523' version='0' action='modify' visible='true' lat='59.8057068' lon='10.3723597'/>
  <node id='-6524' version='0' action='modify' visible='true' lat='59.8057568' lon='10.3722704'/>
  <node id='-6525' version='0' action='modify' visible='true' lat='59.8058024' lon='10.3721740'/>
  <node id='-6526' version='0' action='modify' visible='true' lat='59.8058497' lon='10.3720734'/>
  <node id='-6527' version='0' action='modify' visible='true' lat='59.8059074' lon='10.3721579'/>
  <node id='-6528' version='0' action='modify' visible='true' lat='59.8059223' lon='10.3721116'/>
  <node id='-6529' version='0' action='modify' visible='true' lat='59.8059588' lon='10.3720034'/>
  <node id='-6530' version='0' action='modify' visible='true' lat='59.8062461' lon='10.3722322'/>
  <node id='-6531' version='0' action='modify' visible='true' lat='59.8063094' lon='10.3722808'/>
  <node id='-6532' version='0' action='modify' visible='true' lat='59.8063900' lon='10.3722002'/>
  <node id='-6533' version='0' action='modify' visible='true' lat='59.8064507' lon='10.3720593'/>
  <node id='-6534' version='0' action='modify' visible='true' lat='59.8065798' lon='10.3716423'/>
  <node id='-6535' version='0' action='modify' visible='true' lat='59.8066096' lon='10.3715656'/>
  <node id='-6536' version='0' action='modify' visible='true' lat='59.8067158' lon='10.3712547'/>
  <node id='-6537' version='0' action='modify' visible='true' lat='59.8067700' lon='10.3711377'/>
  <node id='-6538' version='0' action='modify' visible='true' lat='59.8068359' lon='10.3710669'/>
  <node id='-6539' version='0' action='modify' visible='true' lat='59.8069041' lon='10.3710302'/>
  <node id='-6540' version='0' action='modify' visible='true' lat='59.8069788' lon='10.3710370'/>
  <node id='-6541' version='0' action='modify' visible='true' lat='59.8070850' lon='10.3710836'/>
  <node id='-6542' version='0' action='modify' visible='true' lat='59.8071725' lon='10.3711153'/>
  <node id='-6543' version='0' action='modify' visible='true' lat='59.8072660' lon='10.3710726'/>
  <node id='-6544' version='0' action='modify' visible='true' lat='59.8074348' lon='10.3708874'/>
  <node id='-6545' version='0' action='modify' visible='true' lat='59.8077006' lon='10.3706723'/>
  <node id='-6546' version='0' action='modify' visible='true' lat='59.8078287' lon='10.3705949'/>
  <node id='-6547' version='0' action='modify' visible='true' lat='59.8079824' lon='10.3705305'/>
  <node id='-6548' version='0' action='modify' visible='true' lat='59.8086337' lon='10.3703236'/>
  <node id='-6549' version='0' action='modify' visible='true' lat='59.8088710' lon='10.3702904'/>
  <node id='-6550' version='0' action='modify' visible='true' lat='59.8089632' lon='10.3702937'/>
  <node id='-6551' version='0' action='modify' visible='true' lat='59.8090968' lon='10.3703069'/>
  <node id='-6552' version='0' action='modify' visible='true' lat='59.8092787' lon='10.3703669'/>
  <node id='-6553' version='0' action='modify' visible='true' lat='59.8094264' lon='10.3704545'/>
  <node id='-6554' version='0' action='modify' visible='true' lat='59.8095495' lon='10.3706410'/>
  <node id='-6555' version='0' action='modify' visible='true' lat='59.8096820' lon='10.3708068'/>
  <node id='-6556' version='0' action='modify' visible='true' lat='59.8098611' lon='10.3709760'/>
  <node id='-6557' version='0' action='modify' visible='true' lat='59.8099430' lon='10.3710391'/>
  <node id='-6558' version='0' action='modify' visible='true' lat='59.8102123' lon='10.3710699'/>
  <node id='-6559' version='0' action='modify' visible='true' lat='59.8104503' lon='10.3709145'/>
  <node id='-6560' version='0' action='modify' visible='true' lat='59.8105360' lon='10.3709384'/>
  <node id='-6561' version='0' action='modify' visible='true' lat='59.8106032' lon='10.3710623'/>
  <node id='-6562' version='0' action='modify' visible='true' lat='59.8107074' lon='10.3713376'/>
  <node id='-6563' version='0' action='modify' visible='true' lat='59.8109839' lon='10.3721328'/>
  <node id='-6564' version='0' action='modify' visible='true' lat='59.8112212' lon='10.3725183'/>
  <node id='-6565' version='0' action='modify' visible='true' lat='59.8114662' lon='10.3727505'/>
  <node id='-6566' version='0' action='modify' visible='true' lat='59.8117818' lon='10.3729005'/>
  <node id='-6567' version='0' action='modify' visible='true' lat='59.8122266' lon='10.3730127'/>
  <node id='-6568' version='0' action='modify' visible='true' lat='59.8126763' lon='10.3731144'/>
  <node id='-6569' version='0' action='modify' visible='true' lat='59.8128992' lon='10.3732385'/>
  <node id='-6570' version='0' action='modify' visible='true' lat='59.8131852' lon='10.3735306'/>
  <node id='-6571' version='0' action='modify' visible='true' lat='59.8137825' lon='10.3742562'/>
  <node id='-6572' version='0' action='modify' visible='true' lat='59.8139885' lon='10.3744841'/>
  <node id='-6573' version='0' action='modify' visible='true' lat='59.8141102' lon='10.3746475'/>
  <node id='-6574' version='0' action='modify' visible='true' lat='59.8142301' lon='10.3748524'/>
  <node id='-6575' version='0' action='modify' visible='true' lat='59.8144365' lon='10.3751479'/>
  <node id='-6576' version='0' action='modify' visible='true' lat='59.8148060' lon='10.3756436'/>
  <node id='-6577' version='0' action='modify' visible='true' lat='59.8151529' lon='10.3759579'/>
  <node id='-6578' version='0' action='modify' visible='true' lat='59.8153730' lon='10.3761210'/>
  <node id='-6579' version='0' action='modify' visible='true' lat='59.8155165' lon='10.3761349'/>
  <node id='-6580' version='0' action='modify' visible='true' lat='59.8156621' lon='10.3760791'/>
  <node id='-6581' version='0' action='modify' visible='true' lat='59.8157902' lon='10.3759271'/>
  <node id='-6582' version='0' action='modify' visible='true' lat='59.8160289' lon='10.3754547'/>
  <node id='-6583' version='0' action='modify' visible='true' lat='59.8161837' lon='10.3752605'/>
  <node id='-6584' version='0' action='modify' visible='true' lat='59.8163914' lon='10.3751350'/>
  <node id='-6585' version='0' action='modify' visible='true' lat='59.8166234' lon='10.3749944'/>
  <node id='-6586' version='0' action='modify' visible='true' lat='59.8168440' lon='10.3747982'/>
  <node id='-6587' version='0' action='modify' visible='true' lat='59.8170624' lon='10.3745653'/>
  <node id='-6588' version='0' action='modify' visible='true' lat='59.8172679' lon='10.3743829'/>
  <node id='-6589' version='0' action='modify' visible='true' lat='59.8173872' lon='10.3743344'/>
  <node id='-6590' version='0' action='modify' visible='true' lat='59.8175217' lon='10.3743339'/>
  <node id='-6591' version='0' action='modify' visible='true' lat='59.8176492' lon='10.3744026'/>
  <node id='-6592' version='0' action='modify' visible='true' lat='59.8178099' lon='10.3745606'/>
  <node id='-6593' version='0' action='modify' visible='true' lat='59.8179418' lon='10.3747558'/>
  <node id='-6594' version='0' action='modify' visible='true' lat='59.8180600' lon='10.3750244'/>
  <node id='-6595' version='0' action='modify' visible='true' lat='59.8181728' lon='10.3753631'/>
  <node id='-6596' version='0' action='modify' visible='true' lat='59.8182526' lon='10.3756750'/>
  <node id='-6597' version='0' action='modify' visible='true' lat='59.8183277' lon='10.3761004'/>
  <node id='-6598' version='0' action='modify' visible='true' lat='59.8184477' lon='10.3767986'/>
  <node id='-6599' version='0' action='modify' visible='true' lat='59.8186888' lon='10.3783825'/>
  <node id='-6600' version='0' action='modify' visible='true' lat='59.8187784' lon='10.3792653'/>
  <node id='-6601' version='0' action='modify' visible='true' lat='59.8188579' lon='10.3801071'/>
  <node id='-6602' version='0' action='modify' visible='true' lat='59.8188998' lon='10.3804547'/>
  <node id='-6603' version='0' action='modify' visible='true' lat='59.8189519' lon='10.3807432'/>
  <node id='-6604' version='0' action='modify' visible='true' lat='59.8190437' lon='10.3810398'/>
  <node id='-6605' version='0' action='modify' visible='true' lat='59.8191588' lon='10.3812352'/>
  <node id='-6606' version='0' action='modify' visible='true' lat='59.8193090' lon='10.3813689'/>
  <node id='-6607' version='0' action='modify' visible='true' lat='59.8194019' lon='10.3814283'/>
  <node id='-6608' version='0' action='modify' visible='true' lat='59.8194945' lon='10.3814615'/>
  <node id='-6609' version='0' action='modify' visible='true' lat='59.8195753' lon='10.3814988'/>
  <node id='-6610' version='0' action='modify' visible='true' lat='59.8196215' lon='10.3815202'/>
  <node id='-6611' version='0' action='modify' visible='true' lat='59.8198217' lon='10.3815801'/>
  <node id='-6612' version='0' action='modify' visible='true' lat='59.8199947' lon='10.3815216'/>
  <node id='-6613' version='0' action='modify' visible='true' lat='59.8200467' lon='10.3815040'/>
  <node id='-6614' version='0' action='modify' visible='true' lat='59.8201050' lon='10.3814824'/>
  <node id='-6615' version='0' action='modify' visible='true' lat='59.8201614' lon='10.3814538'/>
  <node id='-6616' version='0' action='modify' visible='true' lat='59.8202066' lon='10.3816282'/>
  <node id='-6617' version='0' action='modify' visible='true' lat='59.8202979' lon='10.3818800'/>
  <node id='-6618' version='0' action='modify' visible='true' lat='59.8205332' lon='10.3826463'/>
  <node id='-6619' version='0' action='modify' visible='true' lat='59.8205888' lon='10.3828209'/>
  <node id='-6620' version='0' action='modify' visible='true' lat='59.8208492' lon='10.3836337'/>
  <node id='-6621' version='0' action='modify' visible='true' lat='59.8211686' lon='10.3846352'/>
  <node id='-6622' version='0' action='modify' visible='true' lat='59.8214410' lon='10.3855677'/>
  <node id='-6623' version='0' action='modify' visible='true' lat='59.8215307' lon='10.3858747'/>
  <node id='-6624' version='0' action='modify' visible='true' lat='59.8216152' lon='10.3864470'/>
  <node id='-6625' version='0' action='modify' visible='true' lat='59.8217652' lon='10.3874785'/>
  <node id='-6626' version='0' action='modify' visible='true' lat='59.8217765' lon='10.3875538'/>
  <node id='-6627' version='0' action='modify' visible='true' lat='59.8219363' lon='10.3883992'/>
  <node id='-6628' version='0' action='modify' visible='true' lat='59.8221202' lon='10.3891394'/>
  <node id='-6629' version='0' action='modify' visible='true' lat='59.8222594' lon='10.3895707'/>
  <node id='-6630' version='0' action='modify' visible='true' lat='59.8223463' lon='10.3897816'/>
  <node id='-6631' version='0' action='modify' visible='true' lat='59.8226936' lon='10.3906248'/>
  <node id='-6632' version='0' action='modify' visible='true' lat='59.8230409' lon='10.3914679'/>
  <node id='-6633' version='0' action='modify' visible='true' lat='59.8235621' lon='10.3927210'/>
  <node id='-6634' version='0' action='modify' visible='true' lat='59.8237273' lon='10.3931589'/>
  <node id='-6635' version='0' action='modify' visible='true' lat='59.8239222' lon='10.3937183'/>
  <node id='-6636' version='0' action='modify' visible='true' lat='59.8241392' lon='10.3943941'/>
  <node id='-6637' version='0' action='modify' visible='true' lat='59.8241606' lon='10.3944625'/>
  <node id='-6638' version='0' action='modify' visible='true' lat='59.8241829' lon='10.3945221'/>
  <node id='-6639' version='0' action='modify' visible='true' lat='59.8242120' lon='10.3945954'/>
  <node id='-6640' version='0' action='modify' visible='true' lat='59.8242912' lon='10.3948417'/>
  <node id='-6641' version='0' action='modify' visible='true' lat='59.8244326' lon='10.3953537'/>
  <node id='-6642' version='0' action='modify' visible='true' lat='59.8247564' lon='10.3965263'/>
  <node id='-6643' version='0' action='modify' visible='true' lat='59.8249369' lon='10.3971995'/>
  <node id='-6644' version='0' action='modify' visible='true' lat='59.8252101' lon='10.3981925'/>
  <node id='-6645' version='0' action='modify' visible='true' lat='59.8252543' lon='10.3983427'/>
  <node id='-6646' version='0' action='modify' visible='true' lat='59.8252948' lon='10.3984665'/>
  <node id='-6647' version='0' action='modify' visible='true' lat='59.8253138' lon='10.3985059'/>
  <node id='-6648' version='0' action='modify' visible='true' lat='59.8254016' lon='10.3986691'/>
  <node id='-6649' version='0' action='modify' visible='true' lat='59.8258556' lon='10.3994251'/>
  <node id='-6650' version='0' action='modify' visible='true' lat='59.8264447' lon='10.4004059'/>
  <node id='-6651' version='0' action='modify' visible='true' lat='59.8266203' lon='10.4007098'/>
  <node id='-6652' version='0' action='modify' visible='true' lat='59.8268550' lon='10.4011319'/>
  <node id='-6653' version='0' action='modify' visible='true' lat='59.8270334' lon='10.4015558'/>
  <node id='-6654' version='0' action='modify' visible='true' lat='59.8271634' lon='10.4019737'/>
  <node id='-6655' version='0' action='modify' visible='true' lat='59.8271820' lon='10.4020638'/>
  <node id='-6656' version='0' action='modify' visible='true' lat='59.8272069' lon='10.4021571'/>
  <node id='-6657' version='0' action='modify' visible='true' lat='59.8272230' lon='10.4022068'/>
  <node id='-6658' version='0' action='modify' visible='true' lat='59.8272422' lon='10.4022663'/>
  <node id='-6659' version='0' action='modify' visible='true' lat='59.8272570' lon='10.4023395'/>
  <node id='-6660' version='0' action='modify' visible='true' lat='59.8273324' lon='10.4025228'/>
  <node id='-6661' version='0' action='modify' visible='true' lat='59.8274977' lon='10.4031354'/>
  <node id='-6662' version='0' action='modify' visible='true' lat='59.8276056' lon='10.4034668'/>
  <node id='-6663' version='0' action='modify' visible='true' lat='59.8279593' lon='10.4049789'/>
  <node id='-6664' version='0' action='modify' visible='true' lat='59.8282537' lon='10.4063399'/>
  <node id='-6665' version='0' action='modify' visible='true' lat='59.8283743' lon='10.4069360'/>
  <node id='-6666' version='0' action='modify' visible='true' lat='59.8284303' lon='10.4072115'/>
  <node id='-6667' version='0' action='modify' visible='true' lat='59.8284640' lon='10.4074533'/>
  <node id='-6668' version='0' action='modify' visible='true' lat='59.8285521' lon='10.4079404'/>
  <node id='-6669' version='0' action='modify' visible='true' lat='59.8288212' lon='10.4093628'/>
  <node id='-6670' version='0' action='modify' visible='true' lat='59.8288542' lon='10.4096103'/>
  <node id='-6671' version='0' action='modify' visible='true' lat='59.8288716' lon='10.4097454'/>
  <node id='-6672' version='0' action='modify' visible='true' lat='59.8288916' lon='10.4098815'/>
  <node id='-6673' version='0' action='modify' visible='true' lat='59.8289208' lon='10.4100590'/>
  <node id='-6674' version='0' action='modify' visible='true' lat='59.8289405' lon='10.4101407'/>
  <node id='-6675' version='0' action='modify' visible='true' lat='59.8289671' lon='10.4102426'/>
  <node id='-6676' version='0' action='modify' visible='true' lat='59.8290504' lon='10.4107194'/>
  <node id='-6677' version='0' action='modify' visible='true' lat='59.8291478' lon='10.4112639'/>
  <node id='-6678' version='0' action='modify' visible='true' lat='59.8292847' lon='10.4119991'/>
  <node id='-6679' version='0' action='modify' visible='true' lat='59.8294989' lon='10.4131588'/>
  <node id='-6680' version='0' action='modify' visible='true' lat='59.8295636' lon='10.4135129'/>
  <node id='-6681' version='0' action='modify' visible='true' lat='59.8295946' lon='10.4137737'/>
  <node id='-6682' version='0' action='modify' visible='true' lat='59.8296018' lon='10.4138075'/>
  <node id='-6683' version='0' action='modify' visible='true' lat='59.8296192' lon='10.4138886'/>
  <node id='-6684' version='0' action='modify' visible='true' lat='59.8296555' lon='10.4139739'/>
  <node id='-6685' version='0' action='modify' visible='true' lat='59.8297004' lon='10.4141285'/>
  <node id='-6686' version='0' action='modify' visible='true' lat='59.8297111' lon='10.4141845'/>
  <node id='-6687' version='0' action='modify' visible='true' lat='59.8297828' lon='10.4145630'/>
  <node id='-6688' version='0' action='modify' visible='true' lat='59.8298106' lon='10.4147098'/>
  <node id='-6689' version='0' action='modify' visible='true' lat='59.8298268' lon='10.4147876'/>
  <node id='-6690' version='0' action='modify' visible='true' lat='59.8298646' lon='10.4149995'/>
  <node id='-6691' version='0' action='modify' visible='true' lat='59.8298935' lon='10.4152121'/>
  <node id='-6692' version='0' action='modify' visible='true' lat='59.8299016' lon='10.4153395'/>
  <node id='-6693' version='0' action='modify' visible='true' lat='59.8298979' lon='10.4154561'/>
  <node id='-6694' version='0' action='modify' visible='true' lat='59.8298908' lon='10.4155514'/>
  <node id='-6695' version='0' action='modify' visible='true' lat='59.8298693' lon='10.4156546'/>
  <node id='-6696' version='0' action='modify' visible='true' lat='59.8298595' lon='10.4157130'/>
  <node id='-6697' version='0' action='modify' visible='true' lat='59.8298609' lon='10.4157492'/>
  <node id='-6698' version='0' action='modify' visible='true' lat='59.8298729' lon='10.4158042'/>
  <node id='-6699' version='0' action='modify' visible='true' lat='59.8298931' lon='10.4159106'/>
  <node id='-6700' version='0' action='modify' visible='true' lat='59.8299031' lon='10.4159645'/>
  <node id='-6701' version='0' action='modify' visible='true' lat='59.8299151' lon='10.4160295'/>
  <node id='-6702' version='0' action='modify' visible='true' lat='59.8299515' lon='10.4160368'/>
  <node id='-6703' version='0' action='modify' visible='true' lat='59.8299751' lon='10.4160603'/>
  <node id='-6704' version='0' action='modify' visible='true' lat='59.8299936' lon='10.4160912'/>
  <node id='-6705' version='0' action='modify' visible='true' lat='59.8300068' lon='10.4161327'/>
  <node id='-6706' version='0' action='modify' visible='true' lat='59.8300435' lon='10.4162481'/>
  <node id='-6707' version='0' action='modify' visible='true' lat='59.8301112' lon='10.4164794'/>
  <node id='-6708' version='0' action='modify' visible='true' lat='59.8301588' lon='10.4166216'/>
  <node id='-6709' version='0' action='modify' visible='true' lat='59.8302278' lon='10.4168080'/>
  <node id='-6710' version='0' action='modify' visible='true' lat='59.8302790' lon='10.4169384'/>
  <node id='-6711' version='0' action='modify' visible='true' lat='59.8304014' lon='10.4172083'/>
  <node id='-6712' version='0' action='modify' visible='true' lat='59.8305224' lon='10.4174345'/>
  <node id='-6713' version='0' action='modify' visible='true' lat='59.8307366' lon='10.4177943'/>
  <node id='-6714' version='0' action='modify' visible='true' lat='59.8309662' lon='10.4181263'/>
  <node id='-6715' version='0' action='modify' visible='true' lat='59.8311650' lon='10.4184408'/>
  <node id='-6716' version='0' action='modify' visible='true' lat='59.8312587' lon='10.4186171'/>
  <node id='-6717' version='0' action='modify' visible='true' lat='59.8312951' lon='10.4186654'/>
  <node id='-6718' version='0' action='modify' visible='true' lat='59.8313531' lon='10.4187435'/>
  <node id='-6719' version='0' action='modify' visible='true' lat='59.8313884' lon='10.4187760'/>
  <node id='-6720' version='0' action='modify' visible='true' lat='59.8313920' lon='10.4187794'/>
  <node id='-6721' version='0' action='modify' visible='true' lat='59.8314983' lon='10.4188800'/>
  <node id='-6722' version='0' action='modify' visible='true' lat='59.8315805' lon='10.4189705'/>
  <node id='-6723' version='0' action='modify' visible='true' lat='59.8317025' lon='10.4191267'/>
  <node id='-6724' version='0' action='modify' visible='true' lat='59.8317665' lon='10.4192179'/>
  <node id='-6725' version='0' action='modify' visible='true' lat='59.8318306' lon='10.4193264'/>
  <node id='-6726' version='0' action='modify' visible='true' lat='59.8319141' lon='10.4194432'/>
  <node id='-6727' version='0' action='modify' visible='true' lat='59.8319831' lon='10.4195232'/>
  <node id='-6728' version='0' action='modify' visible='true' lat='59.8320786' lon='10.4196236'/>
  <node id='-6729' version='0' action='modify' visible='true' lat='59.8321719' lon='10.4197329'/>
  <node id='-6730' version='0' action='modify' visible='true' lat='59.8322706' lon='10.4198630'/>
  <node id='-6731' version='0' action='modify' visible='true' lat='59.8325740' lon='10.4202981'/>
  <node id='-6732' version='0' action='modify' visible='true' lat='59.8326710' lon='10.4205226'/>
  <node id='-6733' version='0' action='modify' visible='true' lat='59.8327217' lon='10.4207249'/>
  <node id='-6734' version='0' action='modify' visible='true' lat='59.8327677' lon='10.4209932'/>
  <node id='-6735' version='0' action='modify' visible='true' lat='59.8327859' lon='10.4211926'/>
  <node id='-6736' version='0' action='modify' visible='true' lat='59.8327981' lon='10.4213774'/>
  <node id='-6737' version='0' action='modify' visible='true' lat='59.8328006' lon='10.4216074'/>
  <node id='-6738' version='0' action='modify' visible='true' lat='59.8328109' lon='10.4216994'/>
  <node id='-6739' version='0' action='modify' visible='true' lat='59.8329333' lon='10.4221534'/>
  <node id='-6740' version='0' action='modify' visible='true' lat='59.8330842' lon='10.4226925'/>
  <node id='-6741' version='0' action='modify' visible='true' lat='59.8330996' lon='10.4227068'/>
  <node id='-6742' version='0' action='modify' visible='true' lat='59.8331651' lon='10.4232207'/>
  <node id='-6743' version='0' action='modify' visible='true' lat='59.8332250' lon='10.4236847'/>
  <node id='-6744' version='0' action='modify' visible='true' lat='59.8332517' lon='10.4240133'/>
  <node id='-6745' version='0' action='modify' visible='true' lat='59.8332560' lon='10.4240862'/>
  <node id='-6746' version='0' action='modify' visible='true' lat='59.8332996' lon='10.4248351'/>
  <node id='-6747' version='0' action='modify' visible='true' lat='59.8333293' lon='10.4249690'/>
  <node id='-6748' version='0' action='modify' visible='true' lat='59.8333502' lon='10.4249901'/>
  <node id='-6749' version='0' action='modify' visible='true' lat='59.8333824' lon='10.4250174'/>
  <node id='-6750' version='0' action='modify' visible='true' lat='59.8335475' lon='10.4251217'/>
  <node id='-6751' version='0' action='modify' visible='true' lat='59.8336251' lon='10.4251677'/>
  <node id='-6752' version='0' action='modify' visible='true' lat='59.8336445' lon='10.4251626'/>
  <node id='-6753' version='0' action='modify' visible='true' lat='59.8336533' lon='10.4252854'/>
  <node id='-6754' version='0' action='modify' visible='true' lat='59.8336847' lon='10.4257392'/>
  <node id='-6755' version='0' action='modify' visible='true' lat='59.8337329' lon='10.4263679'/>
  <node id='-6756' version='0' action='modify' visible='true' lat='59.8337872' lon='10.4271000'/>
  <node id='-6757' version='0' action='modify' visible='true' lat='59.8338022' lon='10.4271897'/>
  <node id='-6758' version='0' action='modify' visible='true' lat='59.8338241' lon='10.4272855'/>
  <node id='-6759' version='0' action='modify' visible='true' lat='59.8339089' lon='10.4275427'/>
  <node id='-6760' version='0' action='modify' visible='true' lat='59.8339315' lon='10.4275129'/>
  <node id='-6761' version='0' action='modify' visible='true' lat='59.8339649' lon='10.4274818'/>
  <node id='-6762' version='0' action='modify' visible='true' lat='59.8339931' lon='10.4274952'/>
  <node id='-6763' version='0' action='modify' visible='true' lat='59.8340268' lon='10.4276079'/>
  <node id='-6764' version='0' action='modify' visible='true' lat='59.8341886' lon='10.4283938'/>
  <node id='-6765' version='0' action='modify' visible='true' lat='59.8344707' lon='10.4297912'/>
  <node id='-6766' version='0' action='modify' visible='true' lat='59.8345100' lon='10.4299857'/>
  <node id='-6767' version='0' action='modify' visible='true' lat='59.8345451' lon='10.4301387'/>
  <node id='-6768' version='0' action='modify' visible='true' lat='59.8345470' lon='10.4301478'/>
  <node id='-6769' version='0' action='modify' visible='true' lat='59.8345668' lon='10.4302420'/>
  <node id='-6770' version='0' action='modify' visible='true' lat='59.8345852' lon='10.4303353'/>
  <node id='-6771' version='0' action='modify' visible='true' lat='59.8354279' lon='10.4309296'/>
  <node id='-6772' version='0' action='modify' visible='true' lat='59.8362707' lon='10.4315239'/>
  <node id='-6773' version='0' action='modify' visible='true' lat='59.8362858' lon='10.4315595'/>
  <node id='-6774' version='0' action='modify' visible='true' lat='59.8363207' lon='10.4316038'/>
  <node id='-6775' version='0' action='modify' visible='true' lat='59.8364231' lon='10.4317502'/>
  <node id='-6776' version='0' action='modify' visible='true' lat='59.8365201' lon='10.4319126'/>
  <node id='-6777' version='0' action='modify' visible='true' lat='59.8365494' lon='10.4319616'/>
  <node id='-6778' version='0' action='modify' visible='true' lat='59.8368770' lon='10.4326723'/>
  <node id='-6779' version='0' action='modify' visible='true' lat='59.8369026' lon='10.4327278'/>
  <node id='-6780' version='0' action='modify' visible='true' lat='59.8369317' lon='10.4327900'/>
  <node id='-6781' version='0' action='modify' visible='true' lat='59.8370198' lon='10.4329770'/>
  <node id='-6782' version='0' action='modify' visible='true' lat='59.8371799' lon='10.4332737'/>
  <node id='-6783' version='0' action='modify' visible='true' lat='59.8373098' lon='10.4334590'/>
  <node id='-6784' version='0' action='modify' visible='true' lat='59.8375167' lon='10.4337250'/>
  <node id='-6785' version='0' action='modify' visible='true' lat='59.8375358' lon='10.4337461'/>
  <node id='-6786' version='0' action='modify' visible='true' lat='59.8378616' lon='10.4341063'/>
  <node id='-6787' version='0' action='modify' visible='true' lat='59.8379667' lon='10.4341530'/>
  <node id='-6788' version='0' action='modify' visible='true' lat='59.8380667' lon='10.4341593'/>
  <node id='-6789' version='0' action='modify' visible='true' lat='59.8381059' lon='10.4341489'/>
  <node id='-6790' version='0' action='modify' visible='true' lat='59.8381390' lon='10.4341437'/>
  <node id='-6791' version='0' action='modify' visible='true' lat='59.8381449' lon='10.4341936'/>
  <node id='-6792' version='0' action='modify' visible='true' lat='59.8381547' lon='10.4342457'/>
  <node id='-6793' version='0' action='modify' visible='true' lat='59.8381649' lon='10.4342974'/>
  <node id='-6794' version='0' action='modify' visible='true' lat='59.8381737' lon='10.4343400'/>
  <node id='-6795' version='0' action='modify' visible='true' lat='59.8381839' lon='10.4343867'/>
  <node id='-6796' version='0' action='modify' visible='true' lat='59.8381925' lon='10.4344212'/>
  <node id='-6797' version='0' action='modify' visible='true' lat='59.8382044' lon='10.4344859'/>
  <node id='-6798' version='0' action='modify' visible='true' lat='59.8382105' lon='10.4345734'/>
  <node id='-6799' version='0' action='modify' visible='true' lat='59.8382060' lon='10.4346352'/>
  <node id='-6800' version='0' action='modify' visible='true' lat='59.8381912' lon='10.4347121'/>
  <node id='-6801' version='0' action='modify' visible='true' lat='59.8381797' lon='10.4347392'/>
  <node id='-6802' version='0' action='modify' visible='true' lat='59.8381477' lon='10.4348146'/>
  <node id='-6803' version='0' action='modify' visible='true' lat='59.8382463' lon='10.4348962'/>
  <node id='-6804' version='0' action='modify' visible='true' lat='59.8383002' lon='10.4349012'/>
  <node id='-6805' version='0' action='modify' visible='true' lat='59.8383398' lon='10.4348978'/>
  <node id='-6806' version='0' action='modify' visible='true' lat='59.8383840' lon='10.4348711'/>
  <node id='-6807' version='0' action='modify' visible='true' lat='59.8384859' lon='10.4347677'/>
  <node id='-6808' version='0' action='modify' visible='true' lat='59.8385545' lon='10.4347212'/>
  <node id='-6809' version='0' action='modify' visible='true' lat='59.8386062' lon='10.4347085'/>
  <node id='-6810' version='0' action='modify' visible='true' lat='59.8386621' lon='10.4347192'/>
  <node id='-6811' version='0' action='modify' visible='true' lat='59.8388223' lon='10.4348151'/>
  <node id='-6812' version='0' action='modify' visible='true' lat='59.8390186' lon='10.4349861'/>
  <node id='-6813' version='0' action='modify' visible='true' lat='59.8391899' lon='10.4352091'/>
  <node id='-6814' version='0' action='modify' visible='true' lat='59.8393473' lon='10.4354818'/>
  <node id='-6815' version='0' action='modify' visible='true' lat='59.8394889' lon='10.4357005'/>
  <node id='-6816' version='0' action='modify' visible='true' lat='59.8396435' lon='10.4358510'/>
  <node id='-6817' version='0' action='modify' visible='true' lat='59.8396715' lon='10.4358802'/>
  <node id='-6818' version='0' action='modify' visible='true' lat='59.8398962' lon='10.4360739'/>
  <node id='-6819' version='0' action='modify' visible='true' lat='59.8400295' lon='10.4361472'/>
  <node id='-6820' version='0' action='modify' visible='true' lat='59.8402166' lon='10.4361769'/>
  <node id='-6821' version='0' action='modify' visible='true' lat='59.8404019' lon='10.4361833'/>
  <node id='-6822' version='0' action='modify' visible='true' lat='59.8405782' lon='10.4361939'/>
  <node id='-6823' version='0' action='modify' visible='true' lat='59.8407543' lon='10.4362035'/>
  <node id='-6824' version='0' action='modify' visible='true' lat='59.8409299' lon='10.4362154'/>
  <node id='-6825' version='0' action='modify' visible='true' lat='59.8411010' lon='10.4362268'/>
  <node id='-6826' version='0' action='modify' visible='true' lat='59.8412672' lon='10.4362378'/>
  <node id='-6827' version='0' action='modify' visible='true' lat='59.8414822' lon='10.4362430'/>
  <node id='-6828' version='0' action='modify' visible='true' lat='59.8417600' lon='10.4362740'/>
  <node id='-6829' version='0' action='modify' visible='true' lat='59.8418063' lon='10.4363075'/>
  <node id='-6830' version='0' action='modify' visible='true' lat='59.8418354' lon='10.4363328'/>
  <node id='-6831' version='0' action='modify' visible='true' lat='59.8419692' lon='10.4364914'/>
  <node id='-6832' version='0' action='modify' visible='true' lat='59.8422882' lon='10.4368952'/>
  <node id='-6833' version='0' action='modify' visible='true' lat='59.8424191' lon='10.4370884'/>
  <node id='-6834' version='0' action='modify' visible='true' lat='59.8425053' lon='10.4372005'/>
  <node id='-6835' version='0' action='modify' visible='true' lat='59.8426183' lon='10.4373068'/>
  <node id='-6836' version='0' action='modify' visible='true' lat='59.8426899' lon='10.4373794'/>
  <node id='-6837' version='0' action='modify' visible='true' lat='59.8427674' lon='10.4374705'/>
  <node id='-6838' version='0' action='modify' visible='true' lat='59.8429687' lon='10.4377236'/>
  <node id='-6839' version='0' action='modify' visible='true' lat='59.8431195' lon='10.4378792'/>
  <node id='-6840' version='0' action='modify' visible='true' lat='59.8431706' lon='10.4379278'/>
  <node id='-6841' version='0' action='modify' visible='true' lat='59.8433822' lon='10.4381041'/>
  <node id='-6842' version='0' action='modify' visible='true' lat='59.8437177' lon='10.4383287'/>
  <node id='-6843' version='0' action='modify' visible='true' lat='59.8445128' lon='10.4388612'/>
  <node id='-6844' version='0' action='modify' visible='true' lat='59.8453079' lon='10.4393936'/>
  <node id='-6845' version='0' action='modify' visible='true' lat='59.8456491' lon='10.4396320'/>
  <node id='-6846' version='0' action='modify' visible='true' lat='59.8459343' lon='10.4398333'/>
  <node id='-6847' version='0' action='modify' visible='true' lat='59.8461301' lon='10.4399637'/>
  <node id='-6848' version='0' action='modify' visible='true' lat='59.8462389' lon='10.4400363'/>
  <node id='-6849' version='0' action='modify' visible='true' lat='59.8466454' lon='10.4403035'/>
  <node id='-6850' version='0' action='modify' visible='true' lat='59.8469218' lon='10.4404903'/>
  <node id='-6851' version='0' action='modify' visible='true' lat='59.8472000' lon='10.4406657'/>
  <node id='-6852' version='0' action='modify' visible='true' lat='59.8472640' lon='10.4407086'/>
  <node id='-6853' version='0' action='modify' visible='true' lat='59.8474411' lon='10.4408444'/>
  <node id='-6854' version='0' action='modify' visible='true' lat='59.8475158' lon='10.4409152'/>
  <node id='-6855' version='0' action='modify' visible='true' lat='59.8475785' lon='10.4409833'/>
  <node id='-6856' version='0' action='modify' visible='true' lat='59.8476404' lon='10.4410691'/>
  <node id='-6857' version='0' action='modify' visible='true' lat='59.8476933' lon='10.4411609'/>
  <node id='-6858' version='0' action='modify' visible='true' lat='59.8477516' lon='10.4412863'/>
  <node id='-6859' version='0' action='modify' visible='true' lat='59.8477928' lon='10.4413969'/>
  <node id='-6860' version='0' action='modify' visible='true' lat='59.8478508' lon='10.4415854'/>
  <node id='-6861' version='0' action='modify' visible='true' lat='59.8479199' lon='10.4418545'/>
  <node id='-6862' version='0' action='modify' visible='true' lat='59.8479340' lon='10.4419092'/>
  <node id='-6863' version='0' action='modify' visible='true' lat='59.8479573' lon='10.4419904'/>
  <node id='-6864' version='0' action='modify' visible='true' lat='59.8480533' lon='10.4423535'/>
  <node id='-6865' version='0' action='modify' visible='true' lat='59.8482073' lon='10.4429403'/>
  <node id='-6866' version='0' action='modify' visible='true' lat='59.8482185' lon='10.4429819'/>
  <node id='-6867' version='0' action='modify' visible='true' lat='59.8484888' lon='10.4439829'/>
  <node id='-6868' version='0' action='modify' visible='true' lat='59.8487069' lon='10.4448046'/>
  <node id='-6869' version='0' action='modify' visible='true' lat='59.8489687' lon='10.4457939'/>
  <node id='-6870' version='0' action='modify' visible='true' lat='59.8490024' lon='10.4459204'/>
  <node id='-6871' version='0' action='modify' visible='true' lat='59.8491537' lon='10.4464884'/>
  <node id='-6872' version='0' action='modify' visible='true' lat='59.8492417' lon='10.4468329'/>
  <node id='-6873' version='0' action='modify' visible='true' lat='59.8493063' lon='10.4470860'/>
  <node id='-6874' version='0' action='modify' visible='true' lat='59.8493366' lon='10.4472140'/>
  <node id='-6875' version='0' action='modify' visible='true' lat='59.8494737' lon='10.4477929'/>
  <node id='-6876' version='0' action='modify' visible='true' lat='59.8494908' lon='10.4478758'/>
  <node id='-6877' version='0' action='modify' visible='true' lat='59.8495064' lon='10.4480098'/>
  <node id='-6878' version='0' action='modify' visible='true' lat='59.8495080' lon='10.4480295'/>
  <node id='-6879' version='0' action='modify' visible='true' lat='59.8495210' lon='10.4481865'/>
  <node id='-6880' version='0' action='modify' visible='true' lat='59.8495305' lon='10.4483009'/>
  <node id='-6881' version='0' action='modify' visible='true' lat='59.8495551' lon='10.4487835'/>
  <node id='-6882' version='0' action='modify' visible='true' lat='59.8495570' lon='10.4488518'/>
  <node id='-6883' version='0' action='modify' visible='true' lat='59.8495672' lon='10.4491208'/>
  <node id='-6884' version='0' action='modify' visible='true' lat='59.8495819' lon='10.4495572'/>
  <node id='-6885' version='0' action='modify' visible='true' lat='59.8495944' lon='10.4498361'/>
  <node id='-6886' version='0' action='modify' visible='true' lat='59.8496045' lon='10.4499710'/>
  <node id='-6887' version='0' action='modify' visible='true' lat='59.8496212' lon='10.4501435'/>
  <node id='-6888' version='0' action='modify' visible='true' lat='59.8496431' lon='10.4502894'/>
  <node id='-6889' version='0' action='modify' visible='true' lat='59.8496653' lon='10.4503903'/>
  <node id='-6890' version='0' action='modify' visible='true' lat='59.8497038' lon='10.4505115'/>
  <node id='-6891' version='0' action='modify' visible='true' lat='59.8497550' lon='10.4506329'/>
  <node id='-6892' version='0' action='modify' visible='true' lat='59.8498201' lon='10.4507699'/>
  <node id='-6893' version='0' action='modify' visible='true' lat='59.8499448' lon='10.4509640'/>
  <node id='-6894' version='0' action='modify' visible='true' lat='59.8500607' lon='10.4511202'/>
  <node id='-6895' version='0' action='modify' visible='true' lat='59.8500853' lon='10.4511729'/>
  <node id='-6896' version='0' action='modify' visible='true' lat='59.8501299' lon='10.4512362'/>
  <node id='-6897' version='0' action='modify' visible='true' lat='59.8501831' lon='10.4512858'/>
  <node id='-6898' version='0' action='modify' visible='true' lat='59.8502090' lon='10.4512961'/>
  <node id='-6899' version='0' action='modify' visible='true' lat='59.8503166' lon='10.4513734'/>
  <node id='-6900' version='0' action='modify' visible='true' lat='59.8503788' lon='10.4514014'/>
  <node id='-6901' version='0' action='modify' visible='true' lat='59.8504225' lon='10.4513976'/>
  <node id='-6902' version='0' action='modify' visible='true' lat='59.8505175' lon='10.4513716'/>
  <node id='-6903' version='0' action='modify' visible='true' lat='59.8505588' lon='10.4513509'/>
  <node id='-6904' version='0' action='modify' visible='true' lat='59.8505911' lon='10.4513648'/>
  <node id='-6905' version='0' action='modify' visible='true' lat='59.8506177' lon='10.4513710'/>
  <node id='-6906' version='0' action='modify' visible='true' lat='59.8508436' lon='10.4519408'/>
  <node id='-6907' version='0' action='modify' visible='true' lat='59.8510560' lon='10.4525480'/>
  <node id='-6908' version='0' action='modify' visible='true' lat='59.8513377' lon='10.4532927'/>
  <node id='-6909' version='0' action='modify' visible='true' lat='59.8514800' lon='10.4536722'/>
  <node id='-6910' version='0' action='modify' visible='true' lat='59.8517523' lon='10.4543986'/>
  <node id='-6911' version='0' action='modify' visible='true' lat='59.8520247' lon='10.4551250'/>
  <node id='-6912' version='0' action='modify' visible='true' lat='59.8521634' lon='10.4553946'/>
  <node id='-6913' version='0' action='modify' visible='true' lat='59.8522373' lon='10.4555117'/>
  <node id='-6914' version='0' action='modify' visible='true' lat='59.8523398' lon='10.4556647'/>
  <node id='-6915' version='0' action='modify' visible='true' lat='59.8528449' lon='10.4564593'/>
  <node id='-6916' version='0' action='modify' visible='true' lat='59.8528867' lon='10.4565269'/>
  <node id='-6917' version='0' action='modify' visible='true' lat='59.8530510' lon='10.4567858'/>
  <node id='-6918' version='0' action='modify' visible='true' lat='59.8530864' lon='10.4568415'/>
  <node id='-6919' version='0' action='modify' visible='true' lat='59.8534810' lon='10.4574396'/>
  <node id='-6920' version='0' action='modify' visible='true' lat='59.8536891' lon='10.4577529'/>
  <node id='-6921' version='0' action='modify' visible='true' lat='59.8538182' lon='10.4579531'/>
  <node id='-6922' version='0' action='modify' visible='true' lat='59.8540033' lon='10.4582993'/>
  <node id='-6923' version='0' action='modify' visible='true' lat='59.8543872' lon='10.4590997'/>
  <node id='-6924' version='0' action='modify' visible='true' lat='59.8545100' lon='10.4593558'/>
  <node id='-6925' version='0' action='modify' visible='true' lat='59.8545730' lon='10.4594872'/>
  <node id='-6926' version='0' action='modify' visible='true' lat='59.8546019' lon='10.4595422'/>
  <node id='-6927' version='0' action='modify' visible='true' lat='59.8549849' lon='10.4603868'/>
  <node id='-6928' version='0' action='modify' visible='true' lat='59.8550105' lon='10.4604359'/>
  <node id='-6929' version='0' action='modify' visible='true' lat='59.8552247' lon='10.4609105'/>
  <node id='-6930' version='0' action='modify' visible='true' lat='59.8554139' lon='10.4613034'/>
  <node id='-6931' version='0' action='modify' visible='true' lat='59.8555884' lon='10.4616658'/>
  <node id='-6932' version='0' action='modify' visible='true' lat='59.8556685' lon='10.4618322'/>
  <node id='-6933' version='0' action='modify' visible='true' lat='59.8560673' lon='10.4626607'/>
  <node id='-6934' version='0' action='modify' visible='true' lat='59.8561723' lon='10.4629916'/>
  <node id='-6935' version='0' action='modify' visible='true' lat='59.8562517' lon='10.4631597'/>
  <node id='-6936' version='0' action='modify' visible='true' lat='59.8563260' lon='10.4634202'/>
  <node id='-6937' version='0' action='modify' visible='true' lat='59.8564559' lon='10.4640639'/>
  <node id='-6938' version='0' action='modify' visible='true' lat='59.8565548' lon='10.4646076'/>
  <node id='-6939' version='0' action='modify' visible='true' lat='59.8566338' lon='10.4650789'/>
  <node id='-6940' version='0' action='modify' visible='true' lat='59.8567102' lon='10.4655236'/>
  <node id='-6941' version='0' action='modify' visible='true' lat='59.8567052' lon='10.4656431'/>
  <node id='-6942' version='0' action='modify' visible='true' lat='59.8567338' lon='10.4656886'/>
  <node id='-6943' version='0' action='modify' visible='true' lat='59.8567853' lon='10.4659633'/>
  <node id='-6944' version='0' action='modify' visible='true' lat='59.8568334' lon='10.4659286'/>
  <node id='-6945' version='0' action='modify' visible='true' lat='59.8568850' lon='10.4658856'/>
  <node id='-6946' version='0' action='modify' visible='true' lat='59.8569465' lon='10.4658296'/>
  <node id='-6947' version='0' action='modify' visible='true' lat='59.8570347' lon='10.4662789'/>
  <node id='-6948' version='0' action='modify' visible='true' lat='59.8571587' lon='10.4668513'/>
  <node id='-6949' version='0' action='modify' visible='true' lat='59.8571682' lon='10.4668950'/>
  <node id='-6950' version='0' action='modify' visible='true' lat='59.8572754' lon='10.4673121'/>
  <node id='-6951' version='0' action='modify' visible='true' lat='59.8573322' lon='10.4674957'/>
  <node id='-6952' version='0' action='modify' visible='true' lat='59.8573663' lon='10.4675917'/>
  <node id='-6953' version='0' action='modify' visible='true' lat='59.8574543' lon='10.4678258'/>
  <node id='-6954' version='0' action='modify' visible='true' lat='59.8576091' lon='10.4682496'/>
  <node id='-6955' version='0' action='modify' visible='true' lat='59.8577353' lon='10.4686022'/>
  <node id='-6956' version='0' action='modify' visible='true' lat='59.8579166' lon='10.4691159'/>
  <node id='-6957' version='0' action='modify' visible='true' lat='59.8580454' lon='10.4695682'/>
  <node id='-6958' version='0' action='modify' visible='true' lat='59.8581705' lon='10.4700032'/>
  <node id='-6959' version='0' action='modify' visible='true' lat='59.8589825' lon='10.4698320'/>
  <node id='-6960' version='0' action='modify' visible='true' lat='59.8591177' lon='10.4697961'/>
  <node id='-6961' version='0' action='modify' visible='true' lat='59.8593819' lon='10.4698137'/>
  <node id='-6962' version='0' action='modify' visible='true' lat='59.8599857' lon='10.4699519'/>
  <node id='-6963' version='0' action='modify' visible='true' lat='59.8601180' lon='10.4700046'/>
  <node id='-6964' version='0' action='modify' visible='true' lat='59.8603580' lon='10.4701270'/>
  <node id='-6965' version='0' action='modify' visible='true' lat='59.8604658' lon='10.4702255'/>
  <node id='-6966' version='0' action='modify' visible='true' lat='59.8605692' lon='10.4703660'/>
  <node id='-6967' version='0' action='modify' visible='true' lat='59.8606749' lon='10.4705084'/>
  <node id='-6968' version='0' action='modify' visible='true' lat='59.8608214' lon='10.4707159'/>
  <node id='-6969' version='0' action='modify' visible='true' lat='59.8609449' lon='10.4707991'/>
  <node id='-6970' version='0' action='modify' visible='true' lat='59.8610442' lon='10.4708309'/>
  <node id='-6971' version='0' action='modify' visible='true' lat='59.8615197' lon='10.4709095'/>
  <node id='-6972' version='0' action='modify' visible='true' lat='59.8615962' lon='10.4709165'/>
  <node id='-6973' version='0' action='modify' visible='true' lat='59.8616878' lon='10.4709173'/>
  <node id='-6974' version='0' action='modify' visible='true' lat='59.8617858' lon='10.4708967'/>
  <node id='-6975' version='0' action='modify' visible='true' lat='59.8618402' lon='10.4708853'/>
  <node id='-6976' version='0' action='modify' visible='true' lat='59.8620292' lon='10.4708311'/>
  <node id='-6977' version='0' action='modify' visible='true' lat='59.8621530' lon='10.4707736'/>
  <node id='-6978' version='0' action='modify' visible='true' lat='59.8622266' lon='10.4707344'/>
  <node id='-6979' version='0' action='modify' visible='true' lat='59.8624314' lon='10.4706252'/>
  <node id='-6980' version='0' action='modify' visible='true' lat='59.8625209' lon='10.4705650'/>
  <node id='-6981' version='0' action='modify' visible='true' lat='59.8625687' lon='10.4705018'/>
  <node id='-6982' version='0' action='modify' visible='true' lat='59.8626132' lon='10.4704127'/>
  <node id='-6983' version='0' action='modify' visible='true' lat='59.8628745' lon='10.4698272'/>
  <node id='-6984' version='0' action='modify' visible='true' lat='59.8632385' lon='10.4691242'/>
  <node id='-6985' version='0' action='modify' visible='true' lat='59.8632929' lon='10.4690593'/>
  <node id='-6986' version='0' action='modify' visible='true' lat='59.8633495' lon='10.4689918'/>
  <node id='-6987' version='0' action='modify' visible='true' lat='59.8634221' lon='10.4689391'/>
  <node id='-6988' version='0' action='modify' visible='true' lat='59.8634701' lon='10.4689366'/>
  <node id='-6989' version='0' action='modify' visible='true' lat='59.8635513' lon='10.4689793'/>
  <node id='-6990' version='0' action='modify' visible='true' lat='59.8636945' lon='10.4690829'/>
  <node id='-6991' version='0' action='modify' visible='true' lat='59.8638116' lon='10.4691492'/>
  <node id='-6992' version='0' action='modify' visible='true' lat='59.8638919' lon='10.4691500'/>
  <node id='-6993' version='0' action='modify' visible='true' lat='59.8641109' lon='10.4690789'/>
  <node id='-6994' version='0' action='modify' visible='true' lat='59.8643786' lon='10.4689729'/>
  <node id='-6995' version='0' action='modify' visible='true' lat='59.8645777' lon='10.4689392'/>
  <node id='-6996' version='0' action='modify' visible='true' lat='59.8647790' lon='10.4689675'/>
  <node id='-6997' version='0' action='modify' visible='true' lat='59.8650564' lon='10.4691313'/>
  <node id='-6998' version='0' action='modify' visible='true' lat='59.8651947' lon='10.4691861'/>
  <node id='-6999' version='0' action='modify' visible='true' lat='59.8653461' lon='10.4691466'/>
  <node id='-7000' version='0' action='modify' visible='true' lat='59.8655125' lon='10.4690537'/>
  <node id='-7001' version='0' action='modify' visible='true' lat='59.8656619' lon='10.4689233'/>
  <node id='-7002' version='0' action='modify' visible='true' lat='59.8658531' lon='10.4687811'/>
  <node id='-7003' version='0' action='modify' visible='true' lat='59.8659743' lon='10.4687181'/>
  <node id='-7004' version='0' action='modify' visible='true' lat='59.8660504' lon='10.4686484'/>
  <node id='-7005' version='0' action='modify' visible='true' lat='59.8661148' lon='10.4685856'/>
  <node id='-7006' version='0' action='modify' visible='true' lat='59.8661518' lon='10.4685496'/>
  <node id='-7007' version='0' action='modify' visible='true' lat='59.8663078' lon='10.4683532'/>
  <node id='-7008' version='0' action='modify' visible='true' lat='59.8663875' lon='10.4682527'/>
  <node id='-7009' version='0' action='modify' visible='true' lat='59.8665442' lon='10.4680745'/>
  <node id='-7010' version='0' action='modify' visible='true' lat='59.8668892' lon='10.4676795'/>
  <node id='-7011' version='0' action='modify' visible='true' lat='59.8669020' lon='10.4676647'/>
  <node id='-7012' version='0' action='modify' visible='true' lat='59.8669418' lon='10.4676189'/>
  <node id='-7013' version='0' action='modify' visible='true' lat='59.8670597' lon='10.4674055'/>
  <node id='-7014' version='0' action='modify' visible='true' lat='59.8672860' lon='10.4669571'/>
  <node id='-7015' version='0' action='modify' visible='true' lat='59.8675565' lon='10.4663900'/>
  <node id='-7016' version='0' action='modify' visible='true' lat='59.8676851' lon='10.4662005'/>
  <node id='-7017' version='0' action='modify' visible='true' lat='59.8677986' lon='10.4660780'/>
  <node id='-7018' version='0' action='modify' visible='true' lat='59.8679299' lon='10.4659433'/>
  <node id='-7019' version='0' action='modify' visible='true' lat='59.8680693' lon='10.4657627'/>
  <node id='-7020' version='0' action='modify' visible='true' lat='59.8682210' lon='10.4655585'/>
  <node id='-7021' version='0' action='modify' visible='true' lat='59.8683111' lon='10.4654565'/>
  <node id='-7022' version='0' action='modify' visible='true' lat='59.8683899' lon='10.4653935'/>
  <node id='-7023' version='0' action='modify' visible='true' lat='59.8684727' lon='10.4653385'/>
  <node id='-7024' version='0' action='modify' visible='true' lat='59.8685562' lon='10.4653050'/>
  <node id='-7025' version='0' action='modify' visible='true' lat='59.8686531' lon='10.4652862'/>
  <node id='-7026' version='0' action='modify' visible='true' lat='59.8687750' lon='10.4652876'/>
  <node id='-7027' version='0' action='modify' visible='true' lat='59.8691977' lon='10.4653760'/>
  <node id='-7028' version='0' action='modify' visible='true' lat='59.8692805' lon='10.4654297'/>
  <node id='-7029' version='0' action='modify' visible='true' lat='59.8693932' lon='10.4655447'/>
  <node id='-7030' version='0' action='modify' visible='true' lat='59.8696393' lon='10.4658827'/>
  <node id='-7031' version='0' action='modify' visible='true' lat='59.8697836' lon='10.4659925'/>
  <node id='-7032' version='0' action='modify' visible='true' lat='59.8699073' lon='10.4659715'/>
  <node id='-7033' version='0' action='modify' visible='true' lat='59.8700094' lon='10.4659317'/>
  <node id='-7034' version='0' action='modify' visible='true' lat='59.8701254' lon='10.4658186'/>
  <node id='-7035' version='0' action='modify' visible='true' lat='59.8702455' lon='10.4656458'/>
  <node id='-7036' version='0' action='modify' visible='true' lat='59.8703274' lon='10.4655880'/>
  <node id='-7037' version='0' action='modify' visible='true' lat='59.8704439' lon='10.4655712'/>
  <node id='-7038' version='0' action='modify' visible='true' lat='59.8706184' lon='10.4655769'/>
  <node id='-7039' version='0' action='modify' visible='true' lat='59.8707528' lon='10.4656041'/>
  <node id='-7040' version='0' action='modify' visible='true' lat='59.8709090' lon='10.4657060'/>
  <node id='-7041' version='0' action='modify' visible='true' lat='59.8715807' lon='10.4661512'/>
  <node id='-7042' version='0' action='modify' visible='true' lat='59.8722524' lon='10.4665963'/>
  <node id='-7043' version='0' action='modify' visible='true' lat='59.8727875' lon='10.4668703'/>
  <node id='-7044' version='0' action='modify' visible='true' lat='59.8732956' lon='10.4670762'/>
  <node id='-7045' version='0' action='modify' visible='true' lat='59.8734594' lon='10.4671594'/>
  <node id='-7046' version='0' action='modify' visible='true' lat='59.8736878' lon='10.4672933'/>
  <node id='-7047' version='0' action='modify' visible='true' lat='59.8745210' lon='10.4678048'/>
  <node id='-7048' version='0' action='modify' visible='true' lat='59.8745863' lon='10.4678504'/>
  <node id='-7049' version='0' action='modify' visible='true' lat='59.8746967' lon='10.4679389'/>
  <node id='-7050' version='0' action='modify' visible='true' lat='59.8747691' lon='10.4680215'/>
  <node id='-7051' version='0' action='modify' visible='true' lat='59.8748098' lon='10.4679918'/>
  <node id='-7052' version='0' action='modify' visible='true' lat='59.8748478' lon='10.4679822'/>
  <node id='-7053' version='0' action='modify' visible='true' lat='59.8749173' lon='10.4679980'/>
  <node id='-7054' version='0' action='modify' visible='true' lat='59.8750508' lon='10.4680846'/>
  <node id='-7055' version='0' action='modify' visible='true' lat='59.8751615' lon='10.4681293'/>
  <node id='-7056' version='0' action='modify' visible='true' lat='59.8754108' lon='10.4681522'/>
  <node id='-7057' version='0' action='modify' visible='true' lat='59.8756137' lon='10.4681525'/>
  <node id='-7058' version='0' action='modify' visible='true' lat='59.8757877' lon='10.4681361'/>
  <node id='-7059' version='0' action='modify' visible='true' lat='59.8759228' lon='10.4680711'/>
  <node id='-7060' version='0' action='modify' visible='true' lat='59.8761968' lon='10.4679054'/>
  <node id='-7061' version='0' action='modify' visible='true' lat='59.8763715' lon='10.4678313'/>
  <node id='-7062' version='0' action='modify' visible='true' lat='59.8764388' lon='10.4677506'/>
  <node id='-7063' version='0' action='modify' visible='true' lat='59.8765729' lon='10.4677967'/>
  <node id='-7064' version='0' action='modify' visible='true' lat='59.8767271' lon='10.4679036'/>
  <node id='-7065' version='0' action='modify' visible='true' lat='59.8769442' lon='10.4681563'/>
  <node id='-7066' version='0' action='modify' visible='true' lat='59.8771252' lon='10.4683556'/>
  <node id='-7067' version='0' action='modify' visible='true' lat='59.8776752' lon='10.4689612'/>
  <node id='-7068' version='0' action='modify' visible='true' lat='59.8782253' lon='10.4695667'/>
  <node id='-7069' version='0' action='modify' visible='true' lat='59.8783319' lon='10.4696752'/>
  <node id='-7070' version='0' action='modify' visible='true' lat='59.8786589' lon='10.4699975'/>
  <node id='-7071' version='0' action='modify' visible='true' lat='59.8789160' lon='10.4702805'/>
  <node id='-7072' version='0' action='modify' visible='true' lat='59.8789817' lon='10.4703683'/>
  <node id='-7073' version='0' action='modify' visible='true' lat='59.8790358' lon='10.4703811'/>
  <node id='-7074' version='0' action='modify' visible='true' lat='59.8790750' lon='10.4704131'/>
  <node id='-7075' version='0' action='modify' visible='true' lat='59.8791152' lon='10.4704535'/>
  <node id='-7076' version='0' action='modify' visible='true' lat='59.8791556' lon='10.4705487'/>
  <node id='-7077' version='0' action='modify' visible='true' lat='59.8791934' lon='10.4706657'/>
  <node id='-7078' version='0' action='modify' visible='true' lat='59.8792767' lon='10.4707204'/>
  <node id='-7079' version='0' action='modify' visible='true' lat='59.8798037' lon='10.4713168'/>
  <node id='-7080' version='0' action='modify' visible='true' lat='59.8799005' lon='10.4714263'/>
  <node id='-7081' version='0' action='modify' visible='true' lat='59.8800104' lon='10.4715577'/>
  <node id='-7082' version='0' action='modify' visible='true' lat='59.8800551' lon='10.4716111'/>
  <node id='-7083' version='0' action='modify' visible='true' lat='59.8801016' lon='10.4716630'/>
  <node id='-7084' version='0' action='modify' visible='true' lat='59.8803166' lon='10.4719025'/>
  <node id='-7085' version='0' action='modify' visible='true' lat='59.8806574' lon='10.4722045'/>
  <node id='-7086' version='0' action='modify' visible='true' lat='59.8810374' lon='10.4724353'/>
  <node id='-7087' version='0' action='modify' visible='true' lat='59.8810993' lon='10.4725018'/>
  <node id='-7088' version='0' action='modify' visible='true' lat='59.8811557' lon='10.4725027'/>
  <node id='-7089' version='0' action='modify' visible='true' lat='59.8812778' lon='10.4726156'/>
  <node id='-7090' version='0' action='modify' visible='true' lat='59.8813648' lon='10.4727018'/>
  <node id='-7091' version='0' action='modify' visible='true' lat='59.8815311' lon='10.4728771'/>
  <node id='-7092' version='0' action='modify' visible='true' lat='59.8816906' lon='10.4730364'/>
  <node id='-7093' version='0' action='modify' visible='true' lat='59.8817104' lon='10.4730577'/>
  <node id='-7094' version='0' action='modify' visible='true' lat='59.8819469' lon='10.4733121'/>
  <node id='-7095' version='0' action='modify' visible='true' lat='59.8821890' lon='10.4736279'/>
  <node id='-7096' version='0' action='modify' visible='true' lat='59.8823633' lon='10.4738783'/>
  <node id='-7097' version='0' action='modify' visible='true' lat='59.8825595' lon='10.4741602'/>
  <node id='-7098' version='0' action='modify' visible='true' lat='59.8830646' lon='10.4748499'/>
  <node id='-7099' version='0' action='modify' visible='true' lat='59.8832889' lon='10.4751607'/>
  <node id='-7100' version='0' action='modify' visible='true' lat='59.8835581' lon='10.4755570'/>
  <node id='-7101' version='0' action='modify' visible='true' lat='59.8837746' lon='10.4758875'/>
  <node id='-7102' version='0' action='modify' visible='true' lat='59.8838265' lon='10.4759667'/>
  <node id='-7103' version='0' action='modify' visible='true' lat='59.8838865' lon='10.4760231'/>
  <node id='-7104' version='0' action='modify' visible='true' lat='59.8839382' lon='10.4760706'/>
  <node id='-7105' version='0' action='modify' visible='true' lat='59.8840096' lon='10.4761129'/>
  <node id='-7106' version='0' action='modify' visible='true' lat='59.8840636' lon='10.4761245'/>
  <node id='-7107' version='0' action='modify' visible='true' lat='59.8841334' lon='10.4761183'/>
  <node id='-7108' version='0' action='modify' visible='true' lat='59.8842259' lon='10.4761100'/>
  <node id='-7109' version='0' action='modify' visible='true' lat='59.8843150' lon='10.4760939'/>
  <node id='-7110' version='0' action='modify' visible='true' lat='59.8843858' lon='10.4761022'/>
  <node id='-7111' version='0' action='modify' visible='true' lat='59.8844472' lon='10.4761166'/>
  <node id='-7112' version='0' action='modify' visible='true' lat='59.8844674' lon='10.4759302'/>
  <node id='-7113' version='0' action='modify' visible='true' lat='59.8845542' lon='10.4759494'/>
  <node id='-7114' version='0' action='modify' visible='true' lat='59.8846388' lon='10.4759547'/>
  <node id='-7115' version='0' action='modify' visible='true' lat='59.8847424' lon='10.4759413'/>
  <node id='-7116' version='0' action='modify' visible='true' lat='59.8848083' lon='10.4759279'/>
  <node id='-7117' version='0' action='modify' visible='true' lat='59.8850842' lon='10.4758126'/>
  <node id='-7118' version='0' action='modify' visible='true' lat='59.8852854' lon='10.4757442'/>
  <node id='-7119' version='0' action='modify' visible='true' lat='59.8854718' lon='10.4756704'/>
  <node id='-7120' version='0' action='modify' visible='true' lat='59.8855875' lon='10.4756033'/>
  <node id='-7121' version='0' action='modify' visible='true' lat='59.8857319' lon='10.4754829'/>
  <node id='-7122' version='0' action='modify' visible='true' lat='59.8858271' lon='10.4753914'/>
  <node id='-7123' version='0' action='modify' visible='true' lat='59.8859607' lon='10.4753030'/>
  <node id='-7124' version='0' action='modify' visible='true' lat='59.8860478' lon='10.4752788'/>
  <node id='-7125' version='0' action='modify' visible='true' lat='59.8860942' lon='10.4752818'/>
  <node id='-7126' version='0' action='modify' visible='true' lat='59.8861750' lon='10.4752870'/>
  <node id='-7127' version='0' action='modify' visible='true' lat='59.8863955' lon='10.4753468'/>
  <node id='-7128' version='0' action='modify' visible='true' lat='59.8865875' lon='10.4753868'/>
  <node id='-7129' version='0' action='modify' visible='true' lat='59.8869959' lon='10.4754719'/>
  <node id='-7130' version='0' action='modify' visible='true' lat='59.8872440' lon='10.4755130'/>
  <node id='-7131' version='0' action='modify' visible='true' lat='59.8873679' lon='10.4755443'/>
  <node id='-7132' version='0' action='modify' visible='true' lat='59.8874580' lon='10.4755926'/>
  <node id='-7133' version='0' action='modify' visible='true' lat='59.8875325' lon='10.4756502'/>
  <node id='-7134' version='0' action='modify' visible='true' lat='59.8877380' lon='10.4758610'/>
  <node id='-7135' version='0' action='modify' visible='true' lat='59.8879990' lon='10.4761425'/>
  <node id='-7136' version='0' action='modify' visible='true' lat='59.8880875' lon='10.4762319'/>
  <node id='-7137' version='0' action='modify' visible='true' lat='59.8881455' lon='10.4762632'/>
  <node id='-7138' version='0' action='modify' visible='true' lat='59.8882399' lon='10.4763141'/>
  <node id='-7139' version='0' action='modify' visible='true' lat='59.8884323' lon='10.4763812'/>
  <node id='-7140' version='0' action='modify' visible='true' lat='59.8887795' lon='10.4764643'/>
  <node id='-7141' version='0' action='modify' visible='true' lat='59.8891548' lon='10.4765519'/>
  <node id='-7142' version='0' action='modify' visible='true' lat='59.8891818' lon='10.4765582'/>
  <node id='-7143' version='0' action='modify' visible='true' lat='59.8893513' lon='10.4766118'/>
  <node id='-7144' version='0' action='modify' visible='true' lat='59.8893811' lon='10.4766169'/>
  <node id='-7145' version='0' action='modify' visible='true' lat='59.8894146' lon='10.4766226'/>
  <node id='-7146' version='0' action='modify' visible='true' lat='59.8895019' lon='10.4766262'/>
  <node id='-7147' version='0' action='modify' visible='true' lat='59.8897419' lon='10.4766203'/>
  <node id='-7148' version='0' action='modify' visible='true' lat='59.8897954' lon='10.4766179'/>
  <node id='-7149' version='0' action='modify' visible='true' lat='59.8900416' lon='10.4766065'/>
  <node id='-7150' version='0' action='modify' visible='true' lat='59.8902112' lon='10.4766172'/>
  <node id='-7151' version='0' action='modify' visible='true' lat='59.8902588' lon='10.4766239'/>
  <node id='-7152' version='0' action='modify' visible='true' lat='59.8904532' lon='10.4766514'/>
  <node id='-7153' version='0' action='modify' visible='true' lat='59.8906247' lon='10.4766908'/>
  <node id='-7154' version='0' action='modify' visible='true' lat='59.8908415' lon='10.4767485'/>
  <node id='-7155' version='0' action='modify' visible='true' lat='59.8912701' lon='10.4768828'/>
  <node id='-7156' version='0' action='modify' visible='true' lat='59.8915446' lon='10.4769927'/>
  <node id='-7157' version='0' action='modify' visible='true' lat='59.8916865' lon='10.4770643'/>
  <node id='-7158' version='0' action='modify' visible='true' lat='59.8921436' lon='10.4773104'/>
  <node id='-7159' version='0' action='modify' visible='true' lat='59.8923218' lon='10.4774125'/>
  <node id='-7160' version='0' action='modify' visible='true' lat='59.8924169' lon='10.4774747'/>
  <node id='-7161' version='0' action='modify' visible='true' lat='59.8928588' lon='10.4777218'/>
  <node id='-7162' version='0' action='modify' visible='true' lat='59.8933006' lon='10.4779688'/>
  <node id='-7163' version='0' action='modify' visible='true' lat='59.8941425' lon='10.4784066'/>
  <node id='-7164' version='0' action='modify' visible='true' lat='59.8943444' lon='10.4784974'/>
  <node id='-7165' version='0' action='modify' visible='true' lat='59.8944382' lon='10.4785319'/>
  <node id='-7166' version='0' action='modify' visible='true' lat='59.8945355' lon='10.4785484'/>
  <node id='-7167' version='0' action='modify' visible='true' lat='59.8946405' lon='10.4785573'/>
  <node id='-7168' version='0' action='modify' visible='true' lat='59.8950131' lon='10.4785833'/>
  <node id='-7169' version='0' action='modify' visible='true' lat='59.8953701' lon='10.4786028'/>
  <node id='-7170' version='0' action='modify' visible='true' lat='59.8954811' lon='10.4786014'/>
  <node id='-7171' version='0' action='modify' visible='true' lat='59.8956969' lon='10.4786118'/>
  <node id='-7172' version='0' action='modify' visible='true' lat='59.8958635' lon='10.4786665'/>
  <node id='-7173' version='0' action='modify' visible='true' lat='59.8960696' lon='10.4788297'/>
  <node id='-7174' version='0' action='modify' visible='true' lat='59.8961580' lon='10.4788569'/>
  <node id='-7175' version='0' action='modify' visible='true' lat='59.8962178' lon='10.4788544'/>
  <node id='-7176' version='0' action='modify' visible='true' lat='59.8963773' lon='10.4788274'/>
  <node id='-7177' version='0' action='modify' visible='true' lat='59.8965928' lon='10.4787687'/>
  <node id='-7178' version='0' action='modify' visible='true' lat='59.8968736' lon='10.4787102'/>
  <node id='-7179' version='0' action='modify' visible='true' lat='59.8973917' lon='10.4786186'/>
  <node id='-7180' version='0' action='modify' visible='true' lat='59.8979097' lon='10.4785270'/>
  <node id='-7181' version='0' action='modify' visible='true' lat='59.8985117' lon='10.4783968'/>
  <node id='-7182' version='0' action='modify' visible='true' lat='59.8986922' lon='10.4783579'/>
  <node id='-7183' version='0' action='modify' visible='true' lat='59.8987421' lon='10.4783164'/>
  <node id='-7184' version='0' action='modify' visible='true' lat='59.8987792' lon='10.4782621'/>
  <node id='-7185' version='0' action='modify' visible='true' lat='59.8988456' lon='10.4780977'/>
  <node id='-7186' version='0' action='modify' visible='true' lat='59.8991558' lon='10.4771750'/>
  <node id='-7187' version='0' action='modify' visible='true' lat='59.8994659' lon='10.4762524'/>
  <node id='-7188' version='0' action='modify' visible='true' lat='59.8999086' lon='10.4747415'/>
  <node id='-7189' version='0' action='modify' visible='true' lat='59.8999659' lon='10.4744703'/>
  <node id='-7190' version='0' action='modify' visible='true' lat='59.9000558' lon='10.4742115'/>
  <node id='-7191' version='0' action='modify' visible='true' lat='59.9001755' lon='10.4739513'/>
  <node id='-7192' version='0' action='modify' visible='true' lat='59.9005869' lon='10.4733070'/>
  <node id='-7193' version='0' action='modify' visible='true' lat='59.9009116' lon='10.4728333'/>
  <node id='-7194' version='0' action='modify' visible='true' lat='59.9009752' lon='10.4726851'/>
  <node id='-7195' version='0' action='modify' visible='true' lat='59.9010219' lon='10.4725093'/>
  <node id='-7196' version='0' action='modify' visible='true' lat='59.9010507' lon='10.4723108'/>
  <node id='-7197' version='0' action='modify' visible='true' lat='59.9010720' lon='10.4719931'/>
  <node id='-7198' version='0' action='modify' visible='true' lat='59.9010875' lon='10.4718317'/>
  <node id='-7199' version='0' action='modify' visible='true' lat='59.9011218' lon='10.4716632'/>
  <node id='-7200' version='0' action='modify' visible='true' lat='59.9011757' lon='10.4714977'/>
  <node id='-7201' version='0' action='modify' visible='true' lat='59.9012758' lon='10.4712326'/>
  <node id='-7202' version='0' action='modify' visible='true' lat='59.9014137' lon='10.4708263'/>
  <node id='-7203' version='0' action='modify' visible='true' lat='59.9015146' lon='10.4705152'/>
  <node id='-7204' version='0' action='modify' visible='true' lat='59.9016545' lon='10.4701075'/>
  <node id='-7205' version='0' action='modify' visible='true' lat='59.9017527' lon='10.4699385'/>
  <node id='-7206' version='0' action='modify' visible='true' lat='59.9017961' lon='10.4698856'/>
  <node id='-7207' version='0' action='modify' visible='true' lat='59.9018539' lon='10.4698501'/>
  <node id='-7208' version='0' action='modify' visible='true' lat='59.9019477' lon='10.4698500'/>
  <node id='-7209' version='0' action='modify' visible='true' lat='59.9021885' lon='10.4698580'/>
  <node id='-7210' version='0' action='modify' visible='true' lat='59.9024258' lon='10.4698076'/>
  <node id='-7211' version='0' action='modify' visible='true' lat='59.9024992' lon='10.4697722'/>
  <node id='-7212' version='0' action='modify' visible='true' lat='59.9025422' lon='10.4697280'/>
  <node id='-7213' version='0' action='modify' visible='true' lat='59.9025754' lon='10.4696614'/>
  <node id='-7214' version='0' action='modify' visible='true' lat='59.9026141' lon='10.4695293'/>
  <node id='-7215' version='0' action='modify' visible='true' lat='59.9026554' lon='10.4693311'/>
  <node id='-7216' version='0' action='modify' visible='true' lat='59.9026962' lon='10.4691350'/>
  <node id='-7217' version='0' action='modify' visible='true' lat='59.9027202' lon='10.4690493'/>
  <node id='-7218' version='0' action='modify' visible='true' lat='59.9028471' lon='10.4689453'/>
  <node id='-7219' version='0' action='modify' visible='true' lat='59.9029023' lon='10.4689001'/>
  <node id='-7220' version='0' action='modify' visible='true' lat='59.9033561' lon='10.4685903'/>
  <node id='-7221' version='0' action='modify' visible='true' lat='59.9034780' lon='10.4685101'/>
  <node id='-7222' version='0' action='modify' visible='true' lat='59.9036209' lon='10.4684642'/>
  <node id='-7223' version='0' action='modify' visible='true' lat='59.9037216' lon='10.4684591'/>
  <node id='-7224' version='0' action='modify' visible='true' lat='59.9038715' lon='10.4684811'/>
  <node id='-7225' version='0' action='modify' visible='true' lat='59.9039222' lon='10.4684798'/>
  <node id='-7226' version='0' action='modify' visible='true' lat='59.9044994' lon='10.4684688'/>
  <node id='-7227' version='0' action='modify' visible='true' lat='59.9045395' lon='10.4684704'/>
  <node id='-7228' version='0' action='modify' visible='true' lat='59.9046761' lon='10.4684758'/>
  <node id='-7229' version='0' action='modify' visible='true' lat='59.9048032' lon='10.4685357'/>
  <node id='-7230' version='0' action='modify' visible='true' lat='59.9048802' lon='10.4685858'/>
  <node id='-7231' version='0' action='modify' visible='true' lat='59.9049498' lon='10.4687020'/>
  <node id='-7232' version='0' action='modify' visible='true' lat='59.9049588' lon='10.4687203'/>
  <node id='-7233' version='0' action='modify' visible='true' lat='59.9050234' lon='10.4688514'/>
  <node id='-7234' version='0' action='modify' visible='true' lat='59.9050966' lon='10.4691140'/>
  <node id='-7235' version='0' action='modify' visible='true' lat='59.9052180' lon='10.4695596'/>
  <node id='-7236' version='0' action='modify' visible='true' lat='59.9053219' lon='10.4699381'/>
  <node id='-7237' version='0' action='modify' visible='true' lat='59.9055605' lon='10.4705699'/>
  <node id='-7238' version='0' action='modify' visible='true' lat='59.9055986' lon='10.4707244'/>
  <node id='-7239' version='0' action='modify' visible='true' lat='59.9056404' lon='10.4710520'/>
  <node id='-7240' version='0' action='modify' visible='true' lat='59.9056687' lon='10.4712218'/>
  <node id='-7241' version='0' action='modify' visible='true' lat='59.9057219' lon='10.4713528'/>
  <node id='-7242' version='0' action='modify' visible='true' lat='59.9057917' lon='10.4714754'/>
  <node id='-7243' version='0' action='modify' visible='true' lat='59.9058470' lon='10.4715460'/>
  <node id='-7244' version='0' action='modify' visible='true' lat='59.9061517' lon='10.4719174'/>
  <node id='-7245' version='0' action='modify' visible='true' lat='59.9067136' lon='10.4723615'/>
  <node id='-7246' version='0' action='modify' visible='true' lat='59.9067538' lon='10.4723947'/>
  <node id='-7247' version='0' action='modify' visible='true' lat='59.9069151' lon='10.4724535'/>
  <node id='-7248' version='0' action='modify' visible='true' lat='59.9070223' lon='10.4724839'/>
  <node id='-7249' version='0' action='modify' visible='true' lat='59.9071168' lon='10.4725362'/>
  <node id='-7250' version='0' action='modify' visible='true' lat='59.9072025' lon='10.4726154'/>
  <node id='-7251' version='0' action='modify' visible='true' lat='59.9072911' lon='10.4727384'/>
  <node id='-7252' version='0' action='modify' visible='true' lat='59.9073920' lon='10.4729170'/>
  <node id='-7253' version='0' action='modify' visible='true' lat='59.9074944' lon='10.4731563'/>
  <node id='-7254' version='0' action='modify' visible='true' lat='59.9077279' lon='10.4737018'/>
  <node id='-7255' version='0' action='modify' visible='true' lat='59.9078137' lon='10.4738644'/>
  <node id='-7256' version='0' action='modify' visible='true' lat='59.9079516' lon='10.4741054'/>
  <node id='-7257' version='0' action='modify' visible='true' lat='59.9080141' lon='10.4742147'/>
  <node id='-7258' version='0' action='modify' visible='true' lat='59.9082572' lon='10.4745878'/>
  <node id='-7259' version='0' action='modify' visible='true' lat='59.9083871' lon='10.4747873'/>
  <node id='-7260' version='0' action='modify' visible='true' lat='59.9084770' lon='10.4745916'/>
  <node id='-7261' version='0' action='modify' visible='true' lat='59.9085761' lon='10.4743815'/>
  <node id='-7262' version='0' action='modify' visible='true' lat='59.9086979' lon='10.4741600'/>
  <node id='-7263' version='0' action='modify' visible='true' lat='59.9089548' lon='10.4736949'/>
  <node id='-7264' version='0' action='modify' visible='true' lat='59.9092380' lon='10.4732904'/>
  <node id='-7265' version='0' action='modify' visible='true' lat='59.9094833' lon='10.4730150'/>
  <node id='-7266' version='0' action='modify' visible='true' lat='59.9099211' lon='10.4725759'/>
  <node id='-7267' version='0' action='modify' visible='true' lat='59.9100460' lon='10.4724250'/>
  <node id='-7268' version='0' action='modify' visible='true' lat='59.9102518' lon='10.4723069'/>
  <node id='-7269' version='0' action='modify' visible='true' lat='59.9104308' lon='10.4721585'/>
  <node id='-7270' version='0' action='modify' visible='true' lat='59.9108439' lon='10.4718409'/>
  <node id='-7271' version='0' action='modify' visible='true' lat='59.9111506' lon='10.4715733'/>
  <node id='-7272' version='0' action='modify' visible='true' lat='59.9112154' lon='10.4714987'/>
  <node id='-7273' version='0' action='modify' visible='true' lat='59.9112379' lon='10.4716002'/>
  <node id='-7274' version='0' action='modify' visible='true' lat='59.9112590' lon='10.4717018'/>
  <node id='-7275' version='0' action='modify' visible='true' lat='59.9112746' lon='10.4717770'/>
  <node id='-7276' version='0' action='modify' visible='true' lat='59.9112838' lon='10.4717937'/>
  <node id='-7277' version='0' action='modify' visible='true' lat='59.9113223' lon='10.4718164'/>
  <node id='-7278' version='0' action='modify' visible='true' lat='59.9113587' lon='10.4718500'/>
  <node id='-7279' version='0' action='modify' visible='true' lat='59.9113865' lon='10.4718824'/>
  <node id='-7280' version='0' action='modify' visible='true' lat='59.9114127' lon='10.4719217'/>
  <node id='-7281' version='0' action='modify' visible='true' lat='59.9114342' lon='10.4719324'/>
  <node id='-7282' version='0' action='modify' visible='true' lat='59.9114634' lon='10.4719169'/>
  <node id='-7283' version='0' action='modify' visible='true' lat='59.9115192' lon='10.4718867'/>
  <node id='-7284' version='0' action='modify' visible='true' lat='59.9115581' lon='10.4718652'/>
  <node id='-7285' version='0' action='modify' visible='true' lat='59.9115499' lon='10.4719702'/>
  <node id='-7286' version='0' action='modify' visible='true' lat='59.9115472' lon='10.4720951'/>
  <node id='-7287' version='0' action='modify' visible='true' lat='59.9115499' lon='10.4722584'/>
  <node id='-7288' version='0' action='modify' visible='true' lat='59.9115580' lon='10.4724225'/>
  <node id='-7289' version='0' action='modify' visible='true' lat='59.9115754' lon='10.4726188'/>
  <node id='-7290' version='0' action='modify' visible='true' lat='59.9115924' lon='10.4727812'/>
  <node id='-7291' version='0' action='modify' visible='true' lat='59.9116096' lon='10.4729037'/>
  <node id='-7292' version='0' action='modify' visible='true' lat='59.9116224' lon='10.4729950'/>
  <node id='-7293' version='0' action='modify' visible='true' lat='59.9117746' lon='10.4739927'/>
  <node id='-7294' version='0' action='modify' visible='true' lat='59.9117886' lon='10.4740651'/>
  <node id='-7295' version='0' action='modify' visible='true' lat='59.9118056' lon='10.4741069'/>
  <node id='-7296' version='0' action='modify' visible='true' lat='59.9118314' lon='10.4741334'/>
  <node id='-7297' version='0' action='modify' visible='true' lat='59.9118685' lon='10.4741439'/>
  <node id='-7298' version='0' action='modify' visible='true' lat='59.9118963' lon='10.4742497'/>
  <node id='-7299' version='0' action='modify' visible='true' lat='59.9119268' lon='10.4743659'/>
  <node id='-7300' version='0' action='modify' visible='true' lat='59.9119090' lon='10.4743887'/>
  <node id='-7301' version='0' action='modify' visible='true' lat='59.9118994' lon='10.4744310'/>
  <node id='-7302' version='0' action='modify' visible='true' lat='59.9119019' lon='10.4744700'/>
  <node id='-7303' version='0' action='modify' visible='true' lat='59.9119134' lon='10.4745564'/>
  <node id='-7304' version='0' action='modify' visible='true' lat='59.9119281' lon='10.4746596'/>
  <node id='-7305' version='0' action='modify' visible='true' lat='59.9119828' lon='10.4748638'/>
  <node id='-7306' version='0' action='modify' visible='true' lat='59.9122073' lon='10.4756857'/>
  <node id='-7307' version='0' action='modify' visible='true' lat='59.9122789' lon='10.4759164'/>
  <node id='-7308' version='0' action='modify' visible='true' lat='59.9123438' lon='10.4760923'/>
  <node id='-7309' version='0' action='modify' visible='true' lat='59.9124045' lon='10.4762317'/>
  <node id='-7310' version='0' action='modify' visible='true' lat='59.9124686' lon='10.4763479'/>
  <node id='-7311' version='0' action='modify' visible='true' lat='59.9125301' lon='10.4764292'/>
  <node id='-7312' version='0' action='modify' visible='true' lat='59.9126058' lon='10.4765138'/>
  <node id='-7313' version='0' action='modify' visible='true' lat='59.9126907' lon='10.4765736'/>
  <node id='-7314' version='0' action='modify' visible='true' lat='59.9127830' lon='10.4766067'/>
  <node id='-7315' version='0' action='modify' visible='true' lat='59.9128804' lon='10.4766217'/>
  <node id='-7316' version='0' action='modify' visible='true' lat='59.9129661' lon='10.4766001'/>
  <node id='-7317' version='0' action='modify' visible='true' lat='59.9130543' lon='10.4765636'/>
  <node id='-7318' version='0' action='modify' visible='true' lat='59.9131999' lon='10.4764956'/>
  <node id='-7319' version='0' action='modify' visible='true' lat='59.9132864' lon='10.4764640'/>
  <node id='-7320' version='0' action='modify' visible='true' lat='59.9133546' lon='10.4764441'/>
  <node id='-7321' version='0' action='modify' visible='true' lat='59.9134228' lon='10.4764557'/>
  <node id='-7322' version='0' action='modify' visible='true' lat='59.9135002' lon='10.4765055'/>
  <node id='-7323' version='0' action='modify' visible='true' lat='59.9135628' lon='10.4765753'/>
  <node id='-7324' version='0' action='modify' visible='true' lat='59.9136190' lon='10.4766565'/>
  <node id='-7325' version='0' action='modify' visible='true' lat='59.9136774' lon='10.4767933'/>
  <node id='-7326' version='0' action='modify' visible='true' lat='59.9137165' lon='10.4769237'/>
  <node id='-7327' version='0' action='modify' visible='true' lat='59.9137473' lon='10.4771013'/>
  <node id='-7328' version='0' action='modify' visible='true' lat='59.9137539' lon='10.4772440'/>
  <node id='-7329' version='0' action='modify' visible='true' lat='59.9137489' lon='10.4774100'/>
  <node id='-7330' version='0' action='modify' visible='true' lat='59.9137265' lon='10.4775610'/>
  <node id='-7331' version='0' action='modify' visible='true' lat='59.9136890' lon='10.4777037'/>
  <node id='-7332' version='0' action='modify' visible='true' lat='59.9136358' lon='10.4778282'/>
  <node id='-7333' version='0' action='modify' visible='true' lat='59.9135800' lon='10.4779294'/>
  <node id='-7334' version='0' action='modify' visible='true' lat='59.9135060' lon='10.4780173'/>
  <node id='-7335' version='0' action='modify' visible='true' lat='59.9134353' lon='10.4780572'/>
  <node id='-7336' version='0' action='modify' visible='true' lat='59.9133762' lon='10.4780738'/>
  <node id='-7337' version='0' action='modify' visible='true' lat='59.9132803' lon='10.4780713'/>
  <node id='-7338' version='0' action='modify' visible='true' lat='59.9131141' lon='10.4780765'/>
  <node id='-7339' version='0' action='modify' visible='true' lat='59.9131001' lon='10.4779874'/>
  <node id='-7340' version='0' action='modify' visible='true' lat='59.9130847' lon='10.4778905'/>
  <node id='-7341' version='0' action='modify' visible='true' lat='59.9130735' lon='10.4778558'/>
  <node id='-7342' version='0' action='modify' visible='true' lat='59.9130557' lon='10.4778335'/>
  <node id='-7343' version='0' action='modify' visible='true' lat='59.9130339' lon='10.4778276'/>
  <node id='-7344' version='0' action='modify' visible='true' lat='59.9129074' lon='10.4778794'/>
  <node id='-7345' version='0' action='modify' visible='true' lat='59.9127540' lon='10.4778970'/>
  <node id='-7346' version='0' action='modify' visible='true' lat='59.9125695' lon='10.4778088'/>
  <node id='-7347' version='0' action='modify' visible='true' lat='59.9123963' lon='10.4777001'/>
  <node id='-7348' version='0' action='modify' visible='true' lat='59.9122237' lon='10.4776505'/>
  <node id='-7349' version='0' action='modify' visible='true' lat='59.9120369' lon='10.4776499'/>
  <node id='-7350' version='0' action='modify' visible='true' lat='59.9119401' lon='10.4776767'/>
  <node id='-7351' version='0' action='modify' visible='true' lat='59.9114711' lon='10.4777461'/>
  <node id='-7352' version='0' action='modify' visible='true' lat='59.9112641' lon='10.4778305'/>
  <node id='-7353' version='0' action='modify' visible='true' lat='59.9114894' lon='10.4782729'/>
  <node id='-7354' version='0' action='modify' visible='true' lat='59.9117579' lon='10.4788569'/>
  <node id='-7355' version='0' action='modify' visible='true' lat='59.9119115' lon='10.4792437'/>
  <node id='-7356' version='0' action='modify' visible='true' lat='59.9120102' lon='10.4795524'/>
  <node id='-7357' version='0' action='modify' visible='true' lat='59.9121462' lon='10.4801292'/>
  <node id='-7358' version='0' action='modify' visible='true' lat='59.9123192' lon='10.4809882'/>
  <node id='-7359' version='0' action='modify' visible='true' lat='59.9123367' lon='10.4811059'/>
  <node id='-7360' version='0' action='modify' visible='true' lat='59.9123489' lon='10.4812479'/>
  <node id='-7361' version='0' action='modify' visible='true' lat='59.9123471' lon='10.4813890'/>
  <node id='-7362' version='0' action='modify' visible='true' lat='59.9123412' lon='10.4815246'/>
  <node id='-7363' version='0' action='modify' visible='true' lat='59.9123381' lon='10.4816621'/>
  <node id='-7364' version='0' action='modify' visible='true' lat='59.9123435' lon='10.4817771'/>
  <node id='-7365' version='0' action='modify' visible='true' lat='59.9123543' lon='10.4819371'/>
  <node id='-7366' version='0' action='modify' visible='true' lat='59.9123737' lon='10.4822183'/>
  <node id='-7367' version='0' action='modify' visible='true' lat='59.9123785' lon='10.4823282'/>
  <node id='-7368' version='0' action='modify' visible='true' lat='59.9123791' lon='10.4824537'/>
  <node id='-7369' version='0' action='modify' visible='true' lat='59.9123701' lon='10.4825723'/>
  <node id='-7370' version='0' action='modify' visible='true' lat='59.9123530' lon='10.4826568'/>
  <node id='-7371' version='0' action='modify' visible='true' lat='59.9123253' lon='10.4827269'/>
  <node id='-7372' version='0' action='modify' visible='true' lat='59.9123028' lon='10.4828024'/>
  <node id='-7373' version='0' action='modify' visible='true' lat='59.9122668' lon='10.4829834'/>
  <node id='-7374' version='0' action='modify' visible='true' lat='59.9122380' lon='10.4832067'/>
  <node id='-7375' version='0' action='modify' visible='true' lat='59.9122164' lon='10.4833735'/>
  <node id='-7376' version='0' action='modify' visible='true' lat='59.9122084' lon='10.4835197'/>
  <node id='-7377' version='0' action='modify' visible='true' lat='59.9122179' lon='10.4836390'/>
  <node id='-7378' version='0' action='modify' visible='true' lat='59.9122336' lon='10.4837057'/>
  <node id='-7379' version='0' action='modify' visible='true' lat='59.9122579' lon='10.4838029'/>
  <node id='-7380' version='0' action='modify' visible='true' lat='59.9122743' lon='10.4838844'/>
  <node id='-7381' version='0' action='modify' visible='true' lat='59.9122845' lon='10.4840927'/>
  <node id='-7382' version='0' action='modify' visible='true' lat='59.9122936' lon='10.4842907'/>
  <node id='-7383' version='0' action='modify' visible='true' lat='59.9123128' lon='10.4845474'/>
  <node id='-7384' version='0' action='modify' visible='true' lat='59.9123246' lon='10.4847014'/>
  <node id='-7385' version='0' action='modify' visible='true' lat='59.9123446' lon='10.4848901'/>
  <node id='-7386' version='0' action='modify' visible='true' lat='59.9123450' lon='10.4849581'/>
  <node id='-7387' version='0' action='modify' visible='true' lat='59.9123383' lon='10.4850549'/>
  <node id='-7388' version='0' action='modify' visible='true' lat='59.9123339' lon='10.4852006'/>
  <node id='-7389' version='0' action='modify' visible='true' lat='59.9123392' lon='10.4853596'/>
  <node id='-7390' version='0' action='modify' visible='true' lat='59.9123540' lon='10.4855020'/>
  <node id='-7391' version='0' action='modify' visible='true' lat='59.9123961' lon='10.4857955'/>
  <node id='-7392' version='0' action='modify' visible='true' lat='59.9124413' lon='10.4860967'/>
  <node id='-7393' version='0' action='modify' visible='true' lat='59.9124935' lon='10.4864284'/>
  <node id='-7394' version='0' action='modify' visible='true' lat='59.9125469' lon='10.4867180'/>
  <node id='-7395' version='0' action='modify' visible='true' lat='59.9126018' lon='10.4869239'/>
  <node id='-7396' version='0' action='modify' visible='true' lat='59.9126450' lon='10.4870641'/>
  <node id='-7397' version='0' action='modify' visible='true' lat='59.9127152' lon='10.4872313'/>
  <node id='-7398' version='0' action='modify' visible='true' lat='59.9127692' lon='10.4873250'/>
  <node id='-7399' version='0' action='modify' visible='true' lat='59.9128320' lon='10.4873879'/>
  <node id='-7400' version='0' action='modify' visible='true' lat='59.9129239' lon='10.4874652'/>
  <node id='-7401' version='0' action='modify' visible='true' lat='59.9131306' lon='10.4876227'/>
  <node id='-7402' version='0' action='modify' visible='true' lat='59.9135188' lon='10.4879238'/>
  <node id='-7403' version='0' action='modify' visible='true' lat='59.9139225' lon='10.4882384'/>
  <node id='-7404' version='0' action='modify' visible='true' lat='59.9141757' lon='10.4884510'/>
  <node id='-7405' version='0' action='modify' visible='true' lat='59.9144290' lon='10.4887235'/>
  <node id='-7406' version='0' action='modify' visible='true' lat='59.9148249' lon='10.4891451'/>
  <node id='-7407' version='0' action='modify' visible='true' lat='59.9149121' lon='10.4891222'/>
  <node id='-7408' version='0' action='modify' visible='true' lat='59.9150277' lon='10.4890879'/>
  <node id='-7409' version='0' action='modify' visible='true' lat='59.9152622' lon='10.4889979'/>
  <node id='-7410' version='0' action='modify' visible='true' lat='59.9155115' lon='10.4888918'/>
  <node id='-7411' version='0' action='modify' visible='true' lat='59.9160048' lon='10.4887574'/>
  <node id='-7412' version='0' action='modify' visible='true' lat='59.9162974' lon='10.4887026'/>
  <node id='-7413' version='0' action='modify' visible='true' lat='59.9164965' lon='10.4887096'/>
  <node id='-7414' version='0' action='modify' visible='true' lat='59.9169512' lon='10.4887594'/>
  <node id='-7415' version='0' action='modify' visible='true' lat='59.9173090' lon='10.4888254'/>
  <node id='-7416' version='0' action='modify' visible='true' lat='59.9176647' lon='10.4888968'/>
  <node id='-7417' version='0' action='modify' visible='true' lat='59.9181039' lon='10.4889875'/>
  <node id='-7418' version='0' action='modify' visible='true' lat='59.9185383' lon='10.4890917'/>
  <node id='-7419' version='0' action='modify' visible='true' lat='59.9188951' lon='10.4891526'/>
  <node id='-7420' version='0' action='modify' visible='true' lat='59.9190935' lon='10.4891779'/>
  <node id='-7421' version='0' action='modify' visible='true' lat='59.9192811' lon='10.4891872'/>
  <node id='-7422' version='0' action='modify' visible='true' lat='59.9196404' lon='10.4892302'/>
  <node id='-7423' version='0' action='modify' visible='true' lat='59.9198122' lon='10.4892759'/>
  <node id='-7424' version='0' action='modify' visible='true' lat='59.9198848' lon='10.4893340'/>
  <node id='-7425' version='0' action='modify' visible='true' lat='59.9199603' lon='10.4894581'/>
  <node id='-7426' version='0' action='modify' visible='true' lat='59.9200173' lon='10.4895897'/>
  <node id='-7427' version='0' action='modify' visible='true' lat='59.9200567' lon='10.4897026'/>
  <node id='-7428' version='0' action='modify' visible='true' lat='59.9200823' lon='10.4898050'/>
  <node id='-7429' version='0' action='modify' visible='true' lat='59.9200894' lon='10.4898522'/>
  <node id='-7430' version='0' action='modify' visible='true' lat='59.9200999' lon='10.4898528'/>
  <node id='-7431' version='0' action='modify' visible='true' lat='59.9201338' lon='10.4898649'/>
  <node id='-7432' version='0' action='modify' visible='true' lat='59.9201570' lon='10.4898739'/>
  <node id='-7433' version='0' action='modify' visible='true' lat='59.9201776' lon='10.4898821'/>
  <node id='-7434' version='0' action='modify' visible='true' lat='59.9202025' lon='10.4898927'/>
  <node id='-7435' version='0' action='modify' visible='true' lat='59.9202251' lon='10.4899038'/>
  <node id='-7436' version='0' action='modify' visible='true' lat='59.9202460' lon='10.4899148'/>
  <node id='-7437' version='0' action='modify' visible='true' lat='59.9202710' lon='10.4899302'/>
  <node id='-7438' version='0' action='modify' visible='true' lat='59.9203816' lon='10.4898201'/>
  <node id='-7439' version='0' action='modify' visible='true' lat='59.9203889' lon='10.4897920'/>
  <node id='-7440' version='0' action='modify' visible='true' lat='59.9203999' lon='10.4897523'/>
  <node id='-7441' version='0' action='modify' visible='true' lat='59.9204131' lon='10.4897075'/>
  <node id='-7442' version='0' action='modify' visible='true' lat='59.9204264' lon='10.4896627'/>
  <node id='-7443' version='0' action='modify' visible='true' lat='59.9204374' lon='10.4896254'/>
  <node id='-7444' version='0' action='modify' visible='true' lat='59.9204516' lon='10.4895820'/>
  <node id='-7445' version='0' action='modify' visible='true' lat='59.9204769' lon='10.4895221'/>
  <node id='-7446' version='0' action='modify' visible='true' lat='59.9205045' lon='10.4895678'/>
  <node id='-7447' version='0' action='modify' visible='true' lat='59.9205298' lon='10.4896222'/>
  <node id='-7448' version='0' action='modify' visible='true' lat='59.9205853' lon='10.4897417'/>
  <node id='-7449' version='0' action='modify' visible='true' lat='59.9212331' lon='10.4907030'/>
  <node id='-7450' version='0' action='modify' visible='true' lat='59.9214617' lon='10.4910167'/>
  <node id='-7451' version='0' action='modify' visible='true' lat='59.9217312' lon='10.4913285'/>
  <node id='-7452' version='0' action='modify' visible='true' lat='59.9218874' lon='10.4915220'/>
  <node id='-7453' version='0' action='modify' visible='true' lat='59.9218998' lon='10.4915374'/>
  <node id='-7454' version='0' action='modify' visible='true' lat='59.9219209' lon='10.4915604'/>
  <node id='-7455' version='0' action='modify' visible='true' lat='59.9222187' lon='10.4920790'/>
  <node id='-7456' version='0' action='modify' visible='true' lat='59.9222295' lon='10.4920968'/>
  <node id='-7457' version='0' action='modify' visible='true' lat='59.9224676' lon='10.4924534'/>
  <node id='-7458' version='0' action='modify' visible='true' lat='59.9225666' lon='10.4925478'/>
  <node id='-7459' version='0' action='modify' visible='true' lat='59.9226479' lon='10.4925381'/>
  <node id='-7460' version='0' action='modify' visible='true' lat='59.9227799' lon='10.4924562'/>
  <node id='-7461' version='0' action='modify' visible='true' lat='59.9228341' lon='10.4924797'/>
  <node id='-7462' version='0' action='modify' visible='true' lat='59.9229059' lon='10.4924726'/>
  <node id='-7463' version='0' action='modify' visible='true' lat='59.9229366' lon='10.4925889'/>
  <node id='-7464' version='0' action='modify' visible='true' lat='59.9229794' lon='10.4929079'/>
  <node id='-7465' version='0' action='modify' visible='true' lat='59.9229928' lon='10.4930561'/>
  <node id='-7466' version='0' action='modify' visible='true' lat='59.9230220' lon='10.4931958'/>
  <node id='-7467' version='0' action='modify' visible='true' lat='59.9230748' lon='10.4932979'/>
  <node id='-7468' version='0' action='modify' visible='true' lat='59.9232831' lon='10.4934881'/>
  <node id='-7469' version='0' action='modify' visible='true' lat='59.9233908' lon='10.4935936'/>
  <node id='-7470' version='0' action='modify' visible='true' lat='59.9234573' lon='10.4936331'/>
  <node id='-7471' version='0' action='modify' visible='true' lat='59.9235177' lon='10.4936385'/>
  <node id='-7472' version='0' action='modify' visible='true' lat='59.9238134' lon='10.4936098'/>
  <node id='-7473' version='0' action='modify' visible='true' lat='59.9239581' lon='10.4936928'/>
  <node id='-7474' version='0' action='modify' visible='true' lat='59.9242533' lon='10.4936652'/>
  <node id='-7475' version='0' action='modify' visible='true' lat='59.9244052' lon='10.4936295'/>
  <node id='-7476' version='0' action='modify' visible='true' lat='59.9248115' lon='10.4935956'/>
  <node id='-7477' version='0' action='modify' visible='true' lat='59.9252026' lon='10.4936309'/>
  <node id='-7478' version='0' action='modify' visible='true' lat='59.9255508' lon='10.4936680'/>
  <node id='-7479' version='0' action='modify' visible='true' lat='59.9258608' lon='10.4937688'/>
  <node id='-7480' version='0' action='modify' visible='true' lat='59.9263311' lon='10.4939991'/>
  <node id='-7481' version='0' action='modify' visible='true' lat='59.9264084' lon='10.4940348'/>
  <node id='-7482' version='0' action='modify' visible='true' lat='59.9265441' lon='10.4940677'/>
  <node id='-7483' version='0' action='modify' visible='true' lat='59.9266793' lon='10.4940821'/>
  <node id='-7484' version='0' action='modify' visible='true' lat='59.9267044' lon='10.4940756'/>
  <node id='-7485' version='0' action='modify' visible='true' lat='59.9271462' lon='10.4940756'/>
  <node id='-7486' version='0' action='modify' visible='true' lat='59.9271603' lon='10.4940756'/>
  <node id='-7487' version='0' action='modify' visible='true' lat='59.9272681' lon='10.4940756'/>
  <node id='-7488' version='0' action='modify' visible='true' lat='59.9275861' lon='10.4940756'/>
  <node id='-7489' version='0' action='modify' visible='true' lat='59.9278031' lon='10.4940890'/>
  <node id='-7490' version='0' action='modify' visible='true' lat='59.9279146' lon='10.4940971'/>
  <node id='-7491' version='0' action='modify' visible='true' lat='59.9279481' lon='10.4941044'/>
  <node id='-7492' version='0' action='modify' visible='true' lat='59.9283821' lon='10.4941680'/>
  <node id='-7493' version='0' action='modify' visible='true' lat='59.9287142' lon='10.4942434'/>
  <node id='-7494' version='0' action='modify' visible='true' lat='59.9287606' lon='10.4942373'/>
  <node id='-7495' version='0' action='modify' visible='true' lat='59.9287611' lon='10.4943234'/>
  <node id='-7496' version='0' action='modify' visible='true' lat='59.9287606' lon='10.4943996'/>
  <node id='-7497' version='0' action='modify' visible='true' lat='59.9289795' lon='10.4944085'/>
  <node id='-7498' version='0' action='modify' visible='true' lat='59.9291394' lon='10.4944243'/>
  <node id='-7499' version='0' action='modify' visible='true' lat='59.9292644' lon='10.4944458'/>
  <node id='-7500' version='0' action='modify' visible='true' lat='59.9295278' lon='10.4945396'/>
  <node id='-7501' version='0' action='modify' visible='true' lat='59.9296918' lon='10.4946228'/>
  <node id='-7502' version='0' action='modify' visible='true' lat='59.9301648' lon='10.4949500'/>
  <node id='-7503' version='0' action='modify' visible='true' lat='59.9303201' lon='10.4951579'/>
  <node id='-7504' version='0' action='modify' visible='true' lat='59.9303467' lon='10.4951756'/>
  <node id='-7505' version='0' action='modify' visible='true' lat='59.9304186' lon='10.4952364'/>
  <node id='-7506' version='0' action='modify' visible='true' lat='59.9304504' lon='10.4952613'/>
  <node id='-7507' version='0' action='modify' visible='true' lat='59.9305452' lon='10.4953497'/>
  <node id='-7508' version='0' action='modify' visible='true' lat='59.9308610' lon='10.4958083'/>
  <node id='-7509' version='0' action='modify' visible='true' lat='59.9309309' lon='10.4959103'/>
  <node id='-7510' version='0' action='modify' visible='true' lat='59.9310868' lon='10.4960015'/>
  <node id='-7511' version='0' action='modify' visible='true' lat='59.9312588' lon='10.4960658'/>
  <node id='-7512' version='0' action='modify' visible='true' lat='59.9314416' lon='10.4961114'/>
  <node id='-7513' version='0' action='modify' visible='true' lat='59.9315748' lon='10.4961100'/>
  <node id='-7514' version='0' action='modify' visible='true' lat='59.9316969' lon='10.4961087'/>
  <node id='-7515' version='0' action='modify' visible='true' lat='59.9318985' lon='10.4961463'/>
  <node id='-7516' version='0' action='modify' visible='true' lat='59.9323796' lon='10.4963314'/>
  <node id='-7517' version='0' action='modify' visible='true' lat='59.9329198' lon='10.4966157'/>
  <node id='-7518' version='0' action='modify' visible='true' lat='59.9331361' lon='10.4968383'/>
  <node id='-7519' version='0' action='modify' visible='true' lat='59.9332867' lon='10.4970529'/>
  <node id='-7520' version='0' action='modify' visible='true' lat='59.9333591' lon='10.4971629'/>
  <node id='-7521' version='0' action='modify' visible='true' lat='59.9335297' lon='10.4975355'/>
  <node id='-7522' version='0' action='modify' visible='true' lat='59.9338225' lon='10.4983752'/>
  <node id='-7523' version='0' action='modify' visible='true' lat='59.9340902' lon='10.4991101'/>
  <node id='-7524' version='0' action='modify' visible='true' lat='59.9342837' lon='10.4994722'/>
  <node id='-7525' version='0' action='modify' visible='true' lat='59.9344652' lon='10.4997337'/>
  <node id='-7526' version='0' action='modify' visible='true' lat='59.9345942' lon='10.4998732'/>
  <node id='-7527' version='0' action='modify' visible='true' lat='59.9348277' lon='10.5000719'/>
  <node id='-7528' version='0' action='modify' visible='true' lat='59.9349159' lon='10.5001387'/>
  <node id='-7529' version='0' action='modify' visible='true' lat='59.9349919' lon='10.5001964'/>
  <node id='-7530' version='0' action='modify' visible='true' lat='59.9353426' lon='10.5003708'/>
  <node id='-7531' version='0' action='modify' visible='true' lat='59.9358680' lon='10.5006202'/>
  <node id='-7532' version='0' action='modify' visible='true' lat='59.9361206' lon='10.5007388'/>
  <node id='-7533' version='0' action='modify' visible='true' lat='59.9362052' lon='10.5007785'/>
  <node id='-7534' version='0' action='modify' visible='true' lat='59.9364373' lon='10.5008999'/>
  <node id='-7535' version='0' action='modify' visible='true' lat='59.9365694' lon='10.5009689'/>
  <node id='-7536' version='0' action='modify' visible='true' lat='59.9367031' lon='10.5010307'/>
  <node id='-7537' version='0' action='modify' visible='true' lat='59.9368247' lon='10.5010869'/>
  <node id='-7538' version='0' action='modify' visible='true' lat='59.9370671' lon='10.5012085'/>
  <node id='-7539' version='0' action='modify' visible='true' lat='59.9370706' lon='10.5012103'/>
  <node id='-7540' version='0' action='modify' visible='true' lat='59.9371932' lon='10.5012633'/>
  <node id='-7541' version='0' action='modify' visible='true' lat='59.9373396' lon='10.5013266'/>
  <node id='-7542' version='0' action='modify' visible='true' lat='59.9375088' lon='10.5014255'/>
  <node id='-7543' version='0' action='modify' visible='true' lat='59.9375892' lon='10.5014839'/>
  <node id='-7544' version='0' action='modify' visible='true' lat='59.9377134' lon='10.5015667'/>
  <node id='-7545' version='0' action='modify' visible='true' lat='59.9377412' lon='10.5014976'/>
  <node id='-7546' version='0' action='modify' visible='true' lat='59.9377995' lon='10.5014673'/>
  <node id='-7547' version='0' action='modify' visible='true' lat='59.9379867' lon='10.5015408'/>
  <node id='-7548' version='0' action='modify' visible='true' lat='59.9386774' lon='10.5017675'/>
  <node id='-7549' version='0' action='modify' visible='true' lat='59.9387992' lon='10.5017847'/>
  <node id='-7550' version='0' action='modify' visible='true' lat='59.9388957' lon='10.5017983'/>
  <node id='-7551' version='0' action='modify' visible='true' lat='59.9389556' lon='10.5017931'/>
  <node id='-7552' version='0' action='modify' visible='true' lat='59.9390289' lon='10.5017844'/>
  <node id='-7553' version='0' action='modify' visible='true' lat='59.9391846' lon='10.5017756'/>
  <node id='-7554' version='0' action='modify' visible='true' lat='59.9392076' lon='10.5017738'/>
  <node id='-7555' version='0' action='modify' visible='true' lat='59.9393328' lon='10.5017643'/>
  <node id='-7556' version='0' action='modify' visible='true' lat='59.9393892' lon='10.5017563'/>
  <node id='-7557' version='0' action='modify' visible='true' lat='59.9395847' lon='10.5017284'/>
  <node id='-7558' version='0' action='modify' visible='true' lat='59.9396320' lon='10.5017217'/>
  <node id='-7559' version='0' action='modify' visible='true' lat='59.9397004' lon='10.5017125'/>
  <node id='-7560' version='0' action='modify' visible='true' lat='59.9398022' lon='10.5016632'/>
  <node id='-7561' version='0' action='modify' visible='true' lat='59.9398648' lon='10.5016297'/>
  <node id='-7562' version='0' action='modify' visible='true' lat='59.9403658' lon='10.5012408'/>
  <node id='-7563' version='0' action='modify' visible='true' lat='59.9403544' lon='10.5011055'/>
  <node id='-7564' version='0' action='modify' visible='true' lat='59.9403194' lon='10.5007960'/>
  <node id='-7565' version='0' action='modify' visible='true' lat='59.9403100' lon='10.5007079'/>
  <node id='-7566' version='0' action='modify' visible='true' lat='59.9403187' lon='10.5006030'/>
  <node id='-7567' version='0' action='modify' visible='true' lat='59.9403687' lon='10.5005662'/>
  <node id='-7568' version='0' action='modify' visible='true' lat='59.9406052' lon='10.5004883'/>
  <node id='-7569' version='0' action='modify' visible='true' lat='59.9406495' lon='10.5004737'/>
  <node id='-7570' version='0' action='modify' visible='true' lat='59.9409155' lon='10.5002437'/>
  <node id='-7571' version='0' action='modify' visible='true' lat='59.9410724' lon='10.5001617'/>
  <node id='-7572' version='0' action='modify' visible='true' lat='59.9412064' lon='10.5001966'/>
  <node id='-7573' version='0' action='modify' visible='true' lat='59.9413460' lon='10.5002669'/>
  <node id='-7574' version='0' action='modify' visible='true' lat='59.9413487' lon='10.5002676'/>
  <node id='-7575' version='0' action='modify' visible='true' lat='59.9414972' lon='10.5003116'/>
  <node id='-7576' version='0' action='modify' visible='true' lat='59.9416661' lon='10.5001032'/>
  <node id='-7577' version='0' action='modify' visible='true' lat='59.9417213' lon='10.5000971'/>
  <node id='-7578' version='0' action='modify' visible='true' lat='59.9417702' lon='10.5001611'/>
  <node id='-7579' version='0' action='modify' visible='true' lat='59.9419649' lon='10.5002893'/>
  <node id='-7580' version='0' action='modify' visible='true' lat='59.9420640' lon='10.5003712'/>
  <node id='-7581' version='0' action='modify' visible='true' lat='59.9421199' lon='10.5003875'/>
  <node id='-7582' version='0' action='modify' visible='true' lat='59.9422959' lon='10.5005426'/>
  <node id='-7583' version='0' action='modify' visible='true' lat='59.9423755' lon='10.5005750'/>
  <node id='-7584' version='0' action='modify' visible='true' lat='59.9424650' lon='10.5007072'/>
  <node id='-7585' version='0' action='modify' visible='true' lat='59.9425549' lon='10.5009444'/>
  <node id='-7586' version='0' action='modify' visible='true' lat='59.9426664' lon='10.5013640'/>
  <node id='-7587' version='0' action='modify' visible='true' lat='59.9426923' lon='10.5015784'/>
  <node id='-7588' version='0' action='modify' visible='true' lat='59.9426945' lon='10.5016937'/>
  <node id='-7589' version='0' action='modify' visible='true' lat='59.9427007' lon='10.5020268'/>
  <node id='-7590' version='0' action='modify' visible='true' lat='59.9426954' lon='10.5022842'/>
  <node id='-7591' version='0' action='modify' visible='true' lat='59.9426927' lon='10.5028601'/>
  <node id='-7592' version='0' action='modify' visible='true' lat='59.9426909' lon='10.5029922'/>
  <node id='-7593' version='0' action='modify' visible='true' lat='59.9426839' lon='10.5031013'/>
  <node id='-7594' version='0' action='modify' visible='true' lat='59.9426766' lon='10.5031570'/>
  <node id='-7595' version='0' action='modify' visible='true' lat='59.9426614' lon='10.5032145'/>
  <node id='-7596' version='0' action='modify' visible='true' lat='59.9426421' lon='10.5032721'/>
  <node id='-7597' version='0' action='modify' visible='true' lat='59.9424651' lon='10.5036768'/>
  <node id='-7598' version='0' action='modify' visible='true' lat='59.9424432' lon='10.5037751'/>
  <node id='-7599' version='0' action='modify' visible='true' lat='59.9424477' lon='10.5038800'/>
  <node id='-7600' version='0' action='modify' visible='true' lat='59.9424571' lon='10.5040411'/>
  <node id='-7601' version='0' action='modify' visible='true' lat='59.9424558' lon='10.5042570'/>
  <node id='-7602' version='0' action='modify' visible='true' lat='59.9424152' lon='10.5045396'/>
  <node id='-7603' version='0' action='modify' visible='true' lat='59.9424297' lon='10.5046761'/>
  <node id='-7604' version='0' action='modify' visible='true' lat='59.9424402' lon='10.5048033'/>
  <node id='-7605' version='0' action='modify' visible='true' lat='59.9423903' lon='10.5050117'/>
  <node id='-7606' version='0' action='modify' visible='true' lat='59.9423001' lon='10.5053242'/>
  <node id='-7607' version='0' action='modify' visible='true' lat='59.9422846' lon='10.5054917'/>
  <node id='-7608' version='0' action='modify' visible='true' lat='59.9422908' lon='10.5056281'/>
  <node id='-7609' version='0' action='modify' visible='true' lat='59.9423467' lon='10.5059444'/>
  <node id='-7610' version='0' action='modify' visible='true' lat='59.9423545' lon='10.5060498'/>
  <node id='-7611' version='0' action='modify' visible='true' lat='59.9423490' lon='10.5061723'/>
  <node id='-7612' version='0' action='modify' visible='true' lat='59.9422590' lon='10.5060559'/>
  <node id='-7613' version='0' action='modify' visible='true' lat='59.9422380' lon='10.5062355'/>
  <node id='-7614' version='0' action='modify' visible='true' lat='59.9422510' lon='10.5068656'/>
  <node id='-7615' version='0' action='modify' visible='true' lat='59.9423040' lon='10.5080688'/>
  <node id='-7616' version='0' action='modify' visible='true' lat='59.9423122' lon='10.5082894'/>
  <node id='-7617' version='0' action='modify' visible='true' lat='59.9423525' lon='10.5093803'/>
  <node id='-7618' version='0' action='modify' visible='true' lat='59.9423638' lon='10.5095238'/>
  <node id='-7619' version='0' action='modify' visible='true' lat='59.9423911' lon='10.5099698'/>
  <node id='-7620' version='0' action='modify' visible='true' lat='59.9424001' lon='10.5104964'/>
  <node id='-7621' version='0' action='modify' visible='true' lat='59.9423796' lon='10.5108405'/>
  <node id='-7622' version='0' action='modify' visible='true' lat='59.9423007' lon='10.5111159'/>
  <node id='-7623' version='0' action='modify' visible='true' lat='59.9420243' lon='10.5116790'/>
  <node id='-7624' version='0' action='modify' visible='true' lat='59.9417058' lon='10.5122761'/>
  <node id='-7625' version='0' action='modify' visible='true' lat='59.9416374' lon='10.5124569'/>
  <node id='-7626' version='0' action='modify' visible='true' lat='59.9415001' lon='10.5129436'/>
  <node id='-7627' version='0' action='modify' visible='true' lat='59.9414027' lon='10.5132065'/>
  <node id='-7628' version='0' action='modify' visible='true' lat='59.9413825' lon='10.5132610'/>
  <node id='-7629' version='0' action='modify' visible='true' lat='59.9412917' lon='10.5135377'/>
  <node id='-7630' version='0' action='modify' visible='true' lat='59.9411217' lon='10.5137690'/>
  <node id='-7631' version='0' action='modify' visible='true' lat='59.9406926' lon='10.5145251'/>
  <node id='-7632' version='0' action='modify' visible='true' lat='59.9405010' lon='10.5150808'/>
  <node id='-7633' version='0' action='modify' visible='true' lat='59.9402087' lon='10.5156772'/>
  <node id='-7634' version='0' action='modify' visible='true' lat='59.9400844' lon='10.5158666'/>
  <node id='-7635' version='0' action='modify' visible='true' lat='59.9399034' lon='10.5162166'/>
  <node id='-7636' version='0' action='modify' visible='true' lat='59.9397891' lon='10.5165153'/>
  <node id='-7637' version='0' action='modify' visible='true' lat='59.9397027' lon='10.5168664'/>
  <node id='-7638' version='0' action='modify' visible='true' lat='59.9396396' lon='10.5172933'/>
  <node id='-7639' version='0' action='modify' visible='true' lat='59.9394678' lon='10.5179713'/>
  <node id='-7640' version='0' action='modify' visible='true' lat='59.9393817' lon='10.5183370'/>
  <node id='-7641' version='0' action='modify' visible='true' lat='59.9393668' lon='10.5184194'/>
  <node id='-7642' version='0' action='modify' visible='true' lat='59.9393679' lon='10.5185067'/>
  <node id='-7643' version='0' action='modify' visible='true' lat='59.9394264' lon='10.5190130'/>
  <node id='-7644' version='0' action='modify' visible='true' lat='59.9394185' lon='10.5192211'/>
  <node id='-7645' version='0' action='modify' visible='true' lat='59.9393703' lon='10.5192595'/>
  <node id='-7646' version='0' action='modify' visible='true' lat='59.9393421' lon='10.5192678'/>
  <node id='-7647' version='0' action='modify' visible='true' lat='59.9393007' lon='10.5192761'/>
  <node id='-7648' version='0' action='modify' visible='true' lat='59.9391321' lon='10.5192515'/>
  <node id='-7649' version='0' action='modify' visible='true' lat='59.9390752' lon='10.5192289'/>
  <node id='-7650' version='0' action='modify' visible='true' lat='59.9390227' lon='10.5191759'/>
  <node id='-7651' version='0' action='modify' visible='true' lat='59.9389785' lon='10.5191703'/>
  <node id='-7652' version='0' action='modify' visible='true' lat='59.9389542' lon='10.5191931'/>
  <node id='-7653' version='0' action='modify' visible='true' lat='59.9389347' lon='10.5192399'/>
  <node id='-7654' version='0' action='modify' visible='true' lat='59.9389268' lon='10.5193024'/>
  <node id='-7655' version='0' action='modify' visible='true' lat='59.9389341' lon='10.5194387'/>
  <node id='-7656' version='0' action='modify' visible='true' lat='59.9389380' lon='10.5196407'/>
  <node id='-7657' version='0' action='modify' visible='true' lat='59.9388840' lon='10.5198645'/>
  <node id='-7658' version='0' action='modify' visible='true' lat='59.9386589' lon='10.5205453'/>
  <node id='-7659' version='0' action='modify' visible='true' lat='59.9385683' lon='10.5209353'/>
  <node id='-7660' version='0' action='modify' visible='true' lat='59.9385110' lon='10.5212675'/>
  <node id='-7661' version='0' action='modify' visible='true' lat='59.9381171' lon='10.5225255'/>
  <node id='-7662' version='0' action='modify' visible='true' lat='59.9378839' lon='10.5233621'/>
  <node id='-7663' version='0' action='modify' visible='true' lat='59.9376508' lon='10.5241987'/>
  <node id='-7664' version='0' action='modify' visible='true' lat='59.9372699' lon='10.5253169'/>
  <node id='-7665' version='0' action='modify' visible='true' lat='59.9372735' lon='10.5254750'/>
  <node id='-7666' version='0' action='modify' visible='true' lat='59.9372635' lon='10.5257328'/>
  <node id='-7667' version='0' action='modify' visible='true' lat='59.9371593' lon='10.5261415'/>
  <node id='-7668' version='0' action='modify' visible='true' lat='59.9370760' lon='10.5263470'/>
  <node id='-7669' version='0' action='modify' visible='true' lat='59.9369693' lon='10.5267605'/>
  <node id='-7670' version='0' action='modify' visible='true' lat='59.9369193' lon='10.5269984'/>
  <node id='-7671' version='0' action='modify' visible='true' lat='59.9368288' lon='10.5273996'/>
  <node id='-7672' version='0' action='modify' visible='true' lat='59.9366164' lon='10.5282500'/>
  <node id='-7673' version='0' action='modify' visible='true' lat='59.9364698' lon='10.5289057'/>
  <node id='-7674' version='0' action='modify' visible='true' lat='59.9363894' lon='10.5292127'/>
  <node id='-7675' version='0' action='modify' visible='true' lat='59.9362905' lon='10.5294650'/>
  <node id='-7676' version='0' action='modify' visible='true' lat='59.9362053' lon='10.5296016'/>
  <node id='-7677' version='0' action='modify' visible='true' lat='59.9360293' lon='10.5298242'/>
  <node id='-7678' version='0' action='modify' visible='true' lat='59.9358897' lon='10.5300509'/>
  <node id='-7679' version='0' action='modify' visible='true' lat='59.9357268' lon='10.5303845'/>
  <node id='-7680' version='0' action='modify' visible='true' lat='59.9356499' lon='10.5305993'/>
  <node id='-7681' version='0' action='modify' visible='true' lat='59.9355881' lon='10.5308727'/>
  <node id='-7682' version='0' action='modify' visible='true' lat='59.9355509' lon='10.5311599'/>
  <node id='-7683' version='0' action='modify' visible='true' lat='59.9355133' lon='10.5315649'/>
  <node id='-7684' version='0' action='modify' visible='true' lat='59.9354184' lon='10.5323336'/>
  <node id='-7685' version='0' action='modify' visible='true' lat='59.9353413' lon='10.5333540'/>
  <node id='-7686' version='0' action='modify' visible='true' lat='59.9352777' lon='10.5340370'/>
  <node id='-7687' version='0' action='modify' visible='true' lat='59.9351748' lon='10.5346759'/>
  <node id='-7688' version='0' action='modify' visible='true' lat='59.9351108' lon='10.5351305'/>
  <node id='-7689' version='0' action='modify' visible='true' lat='59.9350218' lon='10.5359315'/>
  <node id='-7690' version='0' action='modify' visible='true' lat='59.9349087' lon='10.5365073'/>
  <node id='-7691' version='0' action='modify' visible='true' lat='59.9347911' lon='10.5370942'/>
  <node id='-7692' version='0' action='modify' visible='true' lat='59.9346912' lon='10.5377349'/>
  <node id='-7693' version='0' action='modify' visible='true' lat='59.9345325' lon='10.5389468'/>
  <node id='-7694' version='0' action='modify' visible='true' lat='59.9343738' lon='10.5401587'/>
  <node id='-7695' version='0' action='modify' visible='true' lat='59.9342587' lon='10.5411434'/>
  <node id='-7696' version='0' action='modify' visible='true' lat='59.9341435' lon='10.5421281'/>
  <node id='-7697' version='0' action='modify' visible='true' lat='59.9341109' lon='10.5424153'/>
  <node id='-7698' version='0' action='modify' visible='true' lat='59.9340837' lon='10.5427732'/>
  <node id='-7699' version='0' action='modify' visible='true' lat='59.9340758' lon='10.5429003'/>
  <node id='-7700' version='0' action='modify' visible='true' lat='59.9340995' lon='10.5429931'/>
  <node id='-7701' version='0' action='modify' visible='true' lat='59.9338416' lon='10.5435960'/>
  <node id='-7702' version='0' action='modify' visible='true' lat='59.9335680' lon='10.5442414'/>
  <node id='-7703' version='0' action='modify' visible='true' lat='59.9334910' lon='10.5444919'/>
  <node id='-7704' version='0' action='modify' visible='true' lat='59.9334425' lon='10.5447732'/>
  <node id='-7705' version='0' action='modify' visible='true' lat='59.9334280' lon='10.5450658'/>
  <node id='-7706' version='0' action='modify' visible='true' lat='59.9334426' lon='10.5454713'/>
  <node id='-7707' version='0' action='modify' visible='true' lat='59.9334842' lon='10.5458316'/>
  <node id='-7708' version='0' action='modify' visible='true' lat='59.9335447' lon='10.5462554'/>
  <node id='-7709' version='0' action='modify' visible='true' lat='59.9336086' lon='10.5466911'/>
  <node id='-7710' version='0' action='modify' visible='true' lat='59.9336498' lon='10.5470984'/>
  <node id='-7711' version='0' action='modify' visible='true' lat='59.9336555' lon='10.5472631'/>
  <node id='-7712' version='0' action='modify' visible='true' lat='59.9336413' lon='10.5475405'/>
  <node id='-7713' version='0' action='modify' visible='true' lat='59.9336034' lon='10.5478903'/>
  <node id='-7714' version='0' action='modify' visible='true' lat='59.9335457' lon='10.5481832'/>
  <node id='-7715' version='0' action='modify' visible='true' lat='59.9334744' lon='10.5484113'/>
  <node id='-7716' version='0' action='modify' visible='true' lat='59.9333720' lon='10.5486790'/>
  <node id='-7717' version='0' action='modify' visible='true' lat='59.9332432' lon='10.5489129'/>
  <node id='-7718' version='0' action='modify' visible='true' lat='59.9330774' lon='10.5490713'/>
  <node id='-7719' version='0' action='modify' visible='true' lat='59.9327694' lon='10.5493534'/>
  <node id='-7720' version='0' action='modify' visible='true' lat='59.9326793' lon='10.5495082'/>
  <node id='-7721' version='0' action='modify' visible='true' lat='59.9325924' lon='10.5497983'/>
  <node id='-7722' version='0' action='modify' visible='true' lat='59.9324626' lon='10.5505162'/>
  <node id='-7723' version='0' action='modify' visible='true' lat='59.9323992' lon='10.5508279'/>
  <node id='-7724' version='0' action='modify' visible='true' lat='59.9323226' lon='10.5510336'/>
  <node id='-7725' version='0' action='modify' visible='true' lat='59.9322254' lon='10.5511857'/>
  <node id='-7726' version='0' action='modify' visible='true' lat='59.9321868' lon='10.5512461'/>
  <node id='-7727' version='0' action='modify' visible='true' lat='59.9320355' lon='10.5513945'/>
  <node id='-7728' version='0' action='modify' visible='true' lat='59.9313551' lon='10.5519745'/>
  <node id='-7729' version='0' action='modify' visible='true' lat='59.9312886' lon='10.5520344'/>
  <node id='-7730' version='0' action='modify' visible='true' lat='59.9312421' lon='10.5520742'/>
  <node id='-7731' version='0' action='modify' visible='true' lat='59.9310257' lon='10.5522276'/>
  <node id='-7732' version='0' action='modify' visible='true' lat='59.9307832' lon='10.5523426'/>
  <node id='-7733' version='0' action='modify' visible='true' lat='59.9304498' lon='10.5524674'/>
  <node id='-7734' version='0' action='modify' visible='true' lat='59.9301858' lon='10.5525980'/>
  <node id='-7735' version='0' action='modify' visible='true' lat='59.9300939' lon='10.5526619'/>
  <node id='-7736' version='0' action='modify' visible='true' lat='59.9300390' lon='10.5527228'/>
  <node id='-7737' version='0' action='modify' visible='true' lat='59.9299357' lon='10.5528974'/>
  <node id='-7738' version='0' action='modify' visible='true' lat='59.9298205' lon='10.5531839'/>
  <node id='-7739' version='0' action='modify' visible='true' lat='59.9297932' lon='10.5532593'/>
  <node id='-7740' version='0' action='modify' visible='true' lat='59.9296402' lon='10.5536730'/>
  <node id='-7741' version='0' action='modify' visible='true' lat='59.9295248' lon='10.5539418'/>
  <node id='-7742' version='0' action='modify' visible='true' lat='59.9294407' lon='10.5540947'/>
  <node id='-7743' version='0' action='modify' visible='true' lat='59.9292969' lon='10.5542838'/>
  <node id='-7744' version='0' action='modify' visible='true' lat='59.9290133' lon='10.5545547'/>
  <node id='-7745' version='0' action='modify' visible='true' lat='59.9288795' lon='10.5546493'/>
  <node id='-7746' version='0' action='modify' visible='true' lat='59.9287136' lon='10.5547666'/>
  <node id='-7747' version='0' action='modify' visible='true' lat='59.9283534' lon='10.5549705'/>
  <node id='-7748' version='0' action='modify' visible='true' lat='59.9281651' lon='10.5550798'/>
  <node id='-7749' version='0' action='modify' visible='true' lat='59.9280080' lon='10.5552011'/>
  <node id='-7750' version='0' action='modify' visible='true' lat='59.9279003' lon='10.5553319'/>
  <node id='-7751' version='0' action='modify' visible='true' lat='59.9278250' lon='10.5554714'/>
  <node id='-7752' version='0' action='modify' visible='true' lat='59.9277511' lon='10.5556672'/>
  <node id='-7753' version='0' action='modify' visible='true' lat='59.9276947' lon='10.5558817'/>
  <node id='-7754' version='0' action='modify' visible='true' lat='59.9276611' lon='10.5561124'/>
  <node id='-7755' version='0' action='modify' visible='true' lat='59.9276570' lon='10.5563458'/>
  <node id='-7756' version='0' action='modify' visible='true' lat='59.9276718' lon='10.5565363'/>
  <node id='-7757' version='0' action='modify' visible='true' lat='59.9277081' lon='10.5567588'/>
  <node id='-7758' version='0' action='modify' visible='true' lat='59.9277558' lon='10.5569686'/>
  <node id='-7759' version='0' action='modify' visible='true' lat='59.9278033' lon='10.5571080'/>
  <node id='-7760' version='0' action='modify' visible='true' lat='59.9279059' lon='10.5573004'/>
  <node id='-7761' version='0' action='modify' visible='true' lat='59.9280399' lon='10.5574795'/>
  <node id='-7762' version='0' action='modify' visible='true' lat='59.9286422' lon='10.5580114'/>
  <node id='-7763' version='0' action='modify' visible='true' lat='59.9287673' lon='10.5581233'/>
  <node id='-7764' version='0' action='modify' visible='true' lat='59.9288430' lon='10.5582016'/>
  <node id='-7765' version='0' action='modify' visible='true' lat='59.9293095' lon='10.5587458'/>
  <node id='-7766' version='0' action='modify' visible='true' lat='59.9294055' lon='10.5588683'/>
  <node id='-7767' version='0' action='modify' visible='true' lat='59.9295852' lon='10.5590961'/>
  <node id='-7768' version='0' action='modify' visible='true' lat='59.9298978' lon='10.5595367'/>
  <node id='-7769' version='0' action='modify' visible='true' lat='59.9300816' lon='10.5598850'/>
  <node id='-7770' version='0' action='modify' visible='true' lat='59.9302824' lon='10.5603662'/>
  <node id='-7771' version='0' action='modify' visible='true' lat='59.9304087' lon='10.5607487'/>
  <node id='-7772' version='0' action='modify' visible='true' lat='59.9304820' lon='10.5610210'/>
  <node id='-7773' version='0' action='modify' visible='true' lat='59.9305341' lon='10.5612688'/>
  <node id='-7774' version='0' action='modify' visible='true' lat='59.9305629' lon='10.5614843'/>
  <node id='-7775' version='0' action='modify' visible='true' lat='59.9305736' lon='10.5618434'/>
  <node id='-7776' version='0' action='modify' visible='true' lat='59.9305862' lon='10.5619973'/>
  <node id='-7777' version='0' action='modify' visible='true' lat='59.9306274' lon='10.5622066'/>
  <node id='-7778' version='0' action='modify' visible='true' lat='59.9306381' lon='10.5625157'/>
  <node id='-7779' version='0' action='modify' visible='true' lat='59.9306482' lon='10.5630020'/>
  <node id='-7780' version='0' action='modify' visible='true' lat='59.9306415' lon='10.5633162'/>
  <node id='-7781' version='0' action='modify' visible='true' lat='59.9306334' lon='10.5636188'/>
  <node id='-7782' version='0' action='modify' visible='true' lat='59.9305775' lon='10.5642126'/>
  <node id='-7783' version='0' action='modify' visible='true' lat='59.9305165' lon='10.5646963'/>
  <node id='-7784' version='0' action='modify' visible='true' lat='59.9304553' lon='10.5650644'/>
  <node id='-7785' version='0' action='modify' visible='true' lat='59.9297235' lon='10.5640350'/>
  <node id='-7786' version='0' action='modify' visible='true' lat='59.9289918' lon='10.5630057'/>
  <node id='-7787' version='0' action='modify' visible='true' lat='59.9282600' lon='10.5619763'/>
  <node id='-7788' version='0' action='modify' visible='true' lat='59.9275283' lon='10.5609469'/>
  <node id='-7789' version='0' action='modify' visible='true' lat='59.9267965' lon='10.5599175'/>
  <node id='-7790' version='0' action='modify' visible='true' lat='59.9260647' lon='10.5588882'/>
  <node id='-7791' version='0' action='modify' visible='true' lat='59.9253330' lon='10.5578588'/>
  <node id='-7792' version='0' action='modify' visible='true' lat='59.9246012' lon='10.5568294'/>
  <node id='-7793' version='0' action='modify' visible='true' lat='59.9238695' lon='10.5558001'/>
  <node id='-7794' version='0' action='modify' visible='true' lat='59.9231377' lon='10.5547707'/>
  <node id='-7795' version='0' action='modify' visible='true' lat='59.9224059' lon='10.5537413'/>
  <node id='-7796' version='0' action='modify' visible='true' lat='59.9216742' lon='10.5527119'/>
  <node id='-7797' version='0' action='modify' visible='true' lat='59.9209424' lon='10.5516826'/>
  <node id='-7798' version='0' action='modify' visible='true' lat='59.9202107' lon='10.5506532'/>
  <node id='-7799' version='0' action='modify' visible='true' lat='59.9194789' lon='10.5496238'/>
  <node id='-7800' version='0' action='modify' visible='true' lat='59.9187471' lon='10.5485945'/>
  <node id='-7801' version='0' action='modify' visible='true' lat='59.9180154' lon='10.5475651'/>
  <node id='-7802' version='0' action='modify' visible='true' lat='59.9172836' lon='10.5465357'/>
  <node id='-7803' version='0' action='modify' visible='true' lat='59.9165519' lon='10.5455063'/>
  <node id='-7804' version='0' action='modify' visible='true' lat='59.9158201' lon='10.5444770'/>
  <node id='-7805' version='0' action='modify' visible='true' lat='59.9150883' lon='10.5434476'/>
  <node id='-7806' version='0' action='modify' visible='true' lat='59.9143566' lon='10.5424182'/>
  <node id='-7807' version='0' action='modify' visible='true' lat='59.9136248' lon='10.5413888'/>
  <node id='-7808' version='0' action='modify' visible='true' lat='59.9128931' lon='10.5403595'/>
  <node id='-7809' version='0' action='modify' visible='true' lat='59.9121613' lon='10.5393301'/>
  <node id='-7810' version='0' action='modify' visible='true' lat='59.9114296' lon='10.5383007'/>
  <node id='-7811' version='0' action='modify' visible='true' lat='59.9106978' lon='10.5372714'/>
  <node id='-7812' version='0' action='modify' visible='true' lat='59.9099660' lon='10.5362420'/>
  <node id='-7813' version='0' action='modify' visible='true' lat='59.9092343' lon='10.5352126'/>
  <node id='-7814' version='0' action='modify' visible='true' lat='59.9085025' lon='10.5341832'/>
  <node id='-7815' version='0' action='modify' visible='true' lat='59.9077708' lon='10.5331539'/>
  <node id='-7816' version='0' action='modify' visible='true' lat='59.9070390' lon='10.5321245'/>
  <node id='-7817' version='0' action='modify' visible='true' lat='59.9063072' lon='10.5310951'/>
  <node id='-7818' version='0' action='modify' visible='true' lat='59.9055755' lon='10.5300658'/>
  <node id='-7819' version='0' action='modify' visible='true' lat='59.9048437' lon='10.5290364'/>
  <node id='-7820' version='0' action='modify' visible='true' lat='59.9041120' lon='10.5280070'/>
  <node id='-7821' version='0' action='modify' visible='true' lat='59.9033802' lon='10.5269776'/>
  <node id='-7822' version='0' action='modify' visible='true' lat='59.9026484' lon='10.5259483'/>
  <node id='-7823' version='0' action='modify' visible='true' lat='59.9019167' lon='10.5249189'/>
  <node id='-7824' version='0' action='modify' visible='true' lat='59.9011849' lon='10.5238895'/>
  <node id='-7825' version='0' action='modify' visible='true' lat='59.9004532' lon='10.5228602'/>
  <node id='-7826' version='0' action='modify' visible='true' lat='59.8997214' lon='10.5218308'/>
  <node id='-7827' version='0' action='modify' visible='true' lat='59.8989896' lon='10.5208014'/>
  <node id='-7828' version='0' action='modify' visible='true' lat='59.8982579' lon='10.5197720'/>
  <node id='-7829' version='0' action='modify' visible='true' lat='59.8975261' lon='10.5187427'/>
  <node id='-7830' version='0' action='modify' visible='true' lat='59.8967944' lon='10.5177133'/>
  <node id='-7831' version='0' action='modify' visible='true' lat='59.8960626' lon='10.5166839'/>
  <node id='-7832' version='0' action='modify' visible='true' lat='59.8953308' lon='10.5156546'/>
  <node id='-7833' version='0' action='modify' visible='true' lat='59.8945991' lon='10.5146252'/>
  <node id='-7834' version='0' action='modify' visible='true' lat='59.8938673' lon='10.5135958'/>
  <node id='-7835' version='0' action='modify' visible='true' lat='59.8931356' lon='10.5125664'/>
  <node id='-7836' version='0' action='modify' visible='true' lat='59.8924038' lon='10.5115371'/>
  <node id='-7837' version='0' action='modify' visible='true' lat='59.8916720' lon='10.5105077'/>
  <node id='-7838' version='0' action='modify' visible='true' lat='59.8909403' lon='10.5094783'/>
  <node id='-7839' version='0' action='modify' visible='true' lat='59.8902085' lon='10.5084490'/>
  <node id='-7840' version='0' action='modify' visible='true' lat='59.8894768' lon='10.5074196'/>
  <node id='-7841' version='0' action='modify' visible='true' lat='59.8887450' lon='10.5063902'/>
  <node id='-7842' version='0' action='modify' visible='true' lat='59.8880132' lon='10.5053608'/>
  <node id='-7843' version='0' action='modify' visible='true' lat='59.8872815' lon='10.5043315'/>
  <node id='-7844' version='0' action='modify' visible='true' lat='59.8865497' lon='10.5033021'/>
  <node id='-7845' version='0' action='modify' visible='true' lat='59.8858180' lon='10.5022727'/>
  <node id='-7846' version='0' action='modify' visible='true' lat='59.8850862' lon='10.5012434'/>
  <node id='-7847' version='0' action='modify' visible='true' lat='59.8843544' lon='10.5002140'/>
  <node id='-7848' version='0' action='modify' visible='true' lat='59.8836227' lon='10.4991846'/>
  <node id='-7849' version='0' action='modify' visible='true' lat='59.8828909' lon='10.4981552'/>
  <node id='-7850' version='0' action='modify' visible='true' lat='59.8821592' lon='10.4971259'/>
  <node id='-7851' version='0' action='modify' visible='true' lat='59.8814274' lon='10.4960965'/>
  <node id='-7852' version='0' action='modify' visible='true' lat='59.8806957' lon='10.4950671'/>
  <node id='-7853' version='0' action='modify' visible='true' lat='59.8799639' lon='10.4940377'/>
  <node id='-7854' version='0' action='modify' visible='true' lat='59.8792321' lon='10.4930084'/>
  <node id='-7855' version='0' action='modify' visible='true' lat='59.8785004' lon='10.4919790'/>
  <node id='-7856' version='0' action='modify' visible='true' lat='59.8777686' lon='10.4909496'/>
  <node id='-7857' version='0' action='modify' visible='true' lat='59.8770369' lon='10.4899203'/>
  <node id='-7858' version='0' action='modify' visible='true' lat='59.8763051' lon='10.4888909'/>
  <node id='-7859' version='0' action='modify' visible='true' lat='59.8755733' lon='10.4878615'/>
  <node id='-7860' version='0' action='modify' visible='true' lat='59.8748416' lon='10.4868321'/>
  <node id='-7861' version='0' action='modify' visible='true' lat='59.8741098' lon='10.4858028'/>
  <node id='-7862' version='0' action='modify' visible='true' lat='59.8733781' lon='10.4847734'/>
  <node id='-7863' version='0' action='modify' visible='true' lat='59.8726463' lon='10.4837440'/>
  <node id='-7864' version='0' action='modify' visible='true' lat='59.8719145' lon='10.4827147'/>
  <node id='-7865' version='0' action='modify' visible='true' lat='59.8711828' lon='10.4816853'/>
  <node id='-7866' version='0' action='modify' visible='true' lat='59.8704510' lon='10.4806559'/>
  <node id='-7867' version='0' action='modify' visible='true' lat='59.8697193' lon='10.4796265'/>
  <node id='-7868' version='0' action='modify' visible='true' lat='59.8689875' lon='10.4785972'/>
  <node id='-7869' version='0' action='modify' visible='true' lat='59.8682557' lon='10.4775678'/>
  <node id='-7870' version='0' action='modify' visible='true' lat='59.8675240' lon='10.4765384'/>
  <node id='-7871' version='0' action='modify' visible='true' lat='59.8667922' lon='10.4755091'/>
  <node id='-7872' version='0' action='modify' visible='true' lat='59.8660605' lon='10.4744797'/>
  <node id='-7873' version='0' action='modify' visible='true' lat='59.8653287' lon='10.4734503'/>
  <node id='-7874' version='0' action='modify' visible='true' lat='59.8645969' lon='10.4724209'/>
  <node id='-7875' version='0' action='modify' visible='true' lat='59.8638652' lon='10.4713916'/>
  <node id='-7876' version='0' action='modify' visible='true' lat='59.8631334' lon='10.4703622'/>
  <node id='-7877' version='0' action='modify' visible='true' lat='59.8624017' lon='10.4693328'/>
  <node id='-7878' version='0' action='modify' visible='true' lat='59.8616699' lon='10.4683035'/>
  <node id='-7879' version='0' action='modify' visible='true' lat='59.8609381' lon='10.4672741'/>
  <node id='-7880' version='0' action='modify' visible='true' lat='59.8602064' lon='10.4662447'/>
  <node id='-7881' version='0' action='modify' visible='true' lat='59.8594746' lon='10.4652153'/>
  <node id='-7882' version='0' action='modify' visible='true' lat='59.8587429' lon='10.4641860'/>
  <node id='-7883' version='0' action='modify' visible='true' lat='59.8580111' lon='10.4631566'/>
  <node id='-7884' version='0' action='modify' visible='true' lat='59.8572793' lon='10.4621272'/>
  <node id='-7885' version='0' action='modify' visible='true' lat='59.8565476' lon='10.4610979'/>
  <node id='-7886' version='0' action='modify' visible='true' lat='59.8558158' lon='10.4600685'/>
  <node id='-7887' version='0' action='modify' visible='true' lat='59.8550841' lon='10.4590391'/>
  <node id='-7888' version='0' action='modify' visible='true' lat='59.8543523' lon='10.4580097'/>
  <node id='-7889' version='0' action='modify' visible='true' lat='59.8536205' lon='10.4569804'/>
  <node id='-7890' version='0' action='modify' visible='true' lat='59.8528888' lon='10.4559510'/>
  <node id='-7891' version='0' action='modify' visible='true' lat='59.8521570' lon='10.4549216'/>
  <node id='-7892' version='0' action='modify' visible='true' lat='59.8514253' lon='10.4538923'/>
  <node id='-7893' version='0' action='modify' visible='true' lat='59.8506935' lon='10.4528629'/>
  <node id='-7894' version='0' action='modify' visible='true' lat='59.8499618' lon='10.4518335'/>
  <node id='-7895' version='0' action='modify' visible='true' lat='59.8492300' lon='10.4508041'/>
  <node id='-7896' version='0' action='modify' visible='true' lat='59.8484982' lon='10.4497748'/>
  <node id='-7897' version='0' action='modify' visible='true' lat='59.8477665' lon='10.4487454'/>
  <node id='-7898' version='0' action='modify' visible='true' lat='59.8470347' lon='10.4477160'/>
  <node id='-7899' version='0' action='modify' visible='true' lat='59.8463030' lon='10.4466866'/>
  <node id='-7900' version='0' action='modify' visible='true' lat='59.8455712' lon='10.4456573'/>
  <node id='-7901' version='0' action='modify' visible='true' lat='59.8448394' lon='10.4446279'/>
  <node id='-7902' version='0' action='modify' visible='true' lat='59.8441077' lon='10.4435985'/>
  <node id='-7903' version='0' action='modify' visible='true' lat='59.8433759' lon='10.4425692'/>
  <node id='-7904' version='0' action='modify' visible='true' lat='59.8426442' lon='10.4415398'/>
  <node id='-7905' version='0' action='modify' visible='true' lat='59.8419124' lon='10.4405104'/>
  <node id='-7906' version='0' action='modify' visible='true' lat='59.8411806' lon='10.4394810'/>
  <node id='-7907' version='0' action='modify' visible='true' lat='59.8404489' lon='10.4384517'/>
  <node id='-7908' version='0' action='modify' visible='true' lat='59.8397171' lon='10.4374223'/>
  <node id='-7909' version='0' action='modify' visible='true' lat='59.8389854' lon='10.4363929'/>
  <node id='-7910' version='0' action='modify' visible='true' lat='59.8382536' lon='10.4353636'/>
  <node id='-7911' version='0' action='modify' visible='true' lat='59.8375218' lon='10.4343342'/>
  <node id='-7912' version='0' action='modify' visible='true' lat='59.8367901' lon='10.4333048'/>
  <node id='-7913' version='0' action='modify' visible='true' lat='59.8360583' lon='10.4322754'/>
  <node id='-7914' version='0' action='modify' visible='true' lat='59.8353266' lon='10.4312461'/>
  <node id='-7915' version='0' action='modify' visible='true' lat='59.8345948' lon='10.4302167'/>
  <node id='-7916' version='0' action='modify' visible='true' lat='59.8345668' lon='10.4302420'/>
  <node id='-7917' version='0' action='modify' visible='true' lat='59.8345948' lon='10.4302167'/>
  <node id='-7918' version='0' action='modify' visible='true' lat='59.8346759' lon='10.4301399'/>
  <node id='-7919' version='0' action='modify' visible='true' lat='59.8347254' lon='10.4300967'/>
  <node id='-7920' version='0' action='modify' visible='true' lat='59.8348761' lon='10.4299303'/>
  <node id='-7921' version='0' action='modify' visible='true' lat='59.8349419' lon='10.4297754'/>
  <node id='-7922' version='0' action='modify' visible='true' lat='59.8351970' lon='10.4297845'/>
  <node id='-7923' version='0' action='modify' visible='true' lat='59.8352373' lon='10.4297859'/>
  <node id='-7924' version='0' action='modify' visible='true' lat='59.8353354' lon='10.4298128'/>
  <node id='-7925' version='0' action='modify' visible='true' lat='59.8356920' lon='10.4298226'/>
  <node id='-7926' version='0' action='modify' visible='true' lat='59.8358595' lon='10.4298273'/>
  <node id='-7927' version='0' action='modify' visible='true' lat='59.8361921' lon='10.4298364'/>
  <way id='-7928' version='0' action='modify' visible='true'>
    <nd ref='-1'/>
    <nd ref='-2'/>
    <nd ref='-3'/>
    <nd ref='-4'/>
    <nd ref='-5'/>
    <nd ref='-6'/>
    <nd ref='-7'/>
    <nd ref='-8'/>
    <nd ref='-9'/>
    <nd ref='-10'/>
    <nd ref='-11'/>
    <nd ref='-12'/>
    <nd ref='-13'/>
    <nd ref='-14'/>
    <nd ref='-15'/>
    <nd ref='-16'/>
    <nd ref='-17'/>
    <nd ref='-18'/>
    <nd ref='-19'/>
    <nd ref='-20'/>
    <nd ref='-21'/>
    <nd ref='-22'/>
    <nd ref='-23'/>
    <nd ref='-24'/>
    <nd ref='-25'/>
    <nd ref='-26'/>
    <nd ref='-27'/>
    <nd ref='-28'/>
    <nd ref='-29'/>
    <nd ref='-30'/>
    <nd ref='-31'/>
    <nd ref='-32'/>
    <nd ref='-33'/>
    <nd ref='-34'/>
    <nd ref='-35'/>
    <nd ref='-36'/>
    <nd ref='-37'/>
    <nd ref='-38'/>
    <nd ref='-39'/>
    <nd ref='-40'/>
    <nd ref='-41'/>
    <nd ref='-42'/>
    <nd ref='-43'/>
    <nd ref='-44'/>
    <nd ref='-45'/>
    <nd ref='-46'/>
    <nd ref='-47'/>
    <nd ref='-48'/>
    <nd ref='-49'/>
    <nd ref='-50'/>
    <nd ref='-51'/>
    <nd ref='-52'/>
    <nd ref='-53'/>
    <nd ref='-54'/>
    <nd ref='-55'/>
    <nd ref='-56'/>
    <nd ref='-57'/>
    <nd ref='-58'/>
    <nd ref='-59'/>
    <nd ref='-60'/>
    <nd ref='-61'/>
    <nd ref='-62'/>
    <nd ref='-63'/>
    <nd ref='-64'/>
    <nd ref='-65'/>
    <nd ref='-66'/>
    <nd ref='-67'/>
    <nd ref='-68'/>
    <nd ref='-69'/>
    <nd ref='-70'/>
    <nd ref='-71'/>
    <nd ref='-72'/>
    <nd ref='-73'/>
    <nd ref='-74'/>
    <nd ref='-75'/>
    <nd ref='-76'/>
    <nd ref='-77'/>
    <nd ref='-78'/>
    <nd ref='-79'/>
    <nd ref='-80'/>
    <nd ref='-81'/>
    <nd ref='-82'/>
    <nd ref='-83'/>
    <nd ref='-84'/>
    <nd ref='-85'/>
    <nd ref='-86'/>
    <nd ref='-87'/>
    <nd ref='-88'/>
    <nd ref='-89'/>
    <nd ref='-90'/>
    <nd ref='-91'/>
    <nd ref='-92'/>
    <nd ref='-93'/>
    <nd ref='-94'/>
    <nd ref='-95'/>
    <nd ref='-96'/>
    <nd ref='-97'/>
    <nd ref='-98'/>
    <nd ref='-99'/>
    <nd ref='-100'/>
    <nd ref='-101'/>
    <nd ref='-102'/>
    <nd ref='-103'/>
    <nd ref='-104'/>
    <nd ref='-105'/>
    <nd ref='-106'/>
    <nd ref='-107'/>
    <nd ref='-108'/>
    <nd ref='-109'/>
    <nd ref='-110'/>
    <nd ref='-111'/>
    <nd ref='-112'/>
    <nd ref='-113'/>
    <nd ref='-114'/>
    <nd ref='-115'/>
    <nd ref='-116'/>
    <nd ref='-117'/>
    <nd ref='-118'/>
    <nd ref='-119'/>
    <nd ref='-120'/>
    <nd ref='-121'/>
    <nd ref='-122'/>
    <nd ref='-123'/>
    <nd ref='-124'/>
    <nd ref='-125'/>
    <nd ref='-126'/>
    <nd ref='-127'/>
    <nd ref='-128'/>
    <nd ref='-129'/>
    <nd ref='-130'/>
    <nd ref='-131'/>
    <nd ref='-132'/>
    <nd ref='-133'/>
    <nd ref='-134'/>
    <nd ref='-135'/>
    <nd ref='-136'/>
    <nd ref='-137'/>
    <nd ref='-138'/>
    <nd ref='-139'/>
    <nd ref='-140'/>
    <nd ref='-141'/>
    <nd ref='-142'/>
    <nd ref='-143'/>
    <nd ref='-144'/>
    <nd ref='-145'/>
    <nd ref='-146'/>
    <nd ref='-147'/>
    <nd ref='-148'/>
    <nd ref='-149'/>
    <nd ref='-150'/>
    <nd ref='-151'/>
    <nd ref='-152'/>
    <nd ref='-153'/>
    <nd ref='-154'/>
    <nd ref='-155'/>
    <nd ref='-156'/>
    <nd ref='-157'/>
    <nd ref='-158'/>
    <nd ref='-159'/>
    <nd ref='-160'/>
    <nd ref='-161'/>
    <nd ref='-162'/>
    <nd ref='-163'/>
    <nd ref='-164'/>
    <nd ref='-165'/>
    <nd ref='-166'/>
    <nd ref='-167'/>
    <nd ref='-168'/>
    <nd ref='-169'/>
    <nd ref='-170'/>
    <nd ref='-171'/>
    <nd ref='-172'/>
    <nd ref='-173'/>
    <nd ref='-174'/>
    <nd ref='-175'/>
    <nd ref='-176'/>
    <nd ref='-177'/>
    <nd ref='-178'/>
    <nd ref='-179'/>
    <nd ref='-180'/>
    <nd ref='-181'/>
    <nd ref='-182'/>
    <nd ref='-183'/>
    <nd ref='-184'/>
    <nd ref='-185'/>
    <nd ref='-186'/>
    <nd ref='-187'/>
    <nd ref='-188'/>
    <nd ref='-189'/>
    <nd ref='-190'/>
    <nd ref='-191'/>
    <nd ref='-192'/>
    <nd ref='-193'/>
    <nd ref='-194'/>
    <nd ref='-195'/>
    <nd ref='-196'/>
    <nd ref='-197'/>
    <nd ref='-198'/>
    <nd ref='-199'/>
    <nd ref='-200'/>
    <nd ref='-201'/>
    <nd ref='-202'/>
    <nd ref='-203'/>
    <nd ref='-204'/>
    <nd ref='-205'/>
    <nd ref='-206'/>
    <nd ref='-207'/>
    <nd ref='-208'/>
    <nd ref='-209'/>
    <nd ref='-210'/>
    <nd ref='-211'/>
    <nd ref='-212'/>
    <nd ref='-213'/>
    <nd ref='-214'/>
    <nd ref='-215'/>
    <nd ref='-216'/>
    <nd ref='-217'/>
    <nd ref='-218'/>
    <nd ref='-219'/>
    <nd ref='-220'/>
    <nd ref='-221'/>
    <nd ref='-222'/>
    <nd ref='-223'/>
    <nd ref='-224'/>
    <nd ref='-225'/>
    <nd ref='-226'/>
    <nd ref='-227'/>
    <nd ref='-228'/>
    <nd ref='-229'/>
    <nd ref='-230'/>
    <nd ref='-231'/>
    <nd ref='-232'/>
    <nd ref='-233'/>
    <nd ref='-234'/>
    <nd ref='-235'/>
    <nd ref='-236'/>
    <nd ref='-237'/>
    <nd ref='-238'/>
    <nd ref='-239'/>
    <nd ref='-240'/>
    <nd ref='-241'/>
    <nd ref='-242'/>
    <nd ref='-243'/>
    <nd ref='-244'/>
    <nd ref='-245'/>
    <nd ref='-246'/>
    <nd ref='-247'/>
    <nd ref='-248'/>
    <nd ref='-249'/>
    <nd ref='-250'/>
    <nd ref='-251'/>
    <nd ref='-252'/>
    <nd ref='-253'/>
    <nd ref='-254'/>
    <nd ref='-255'/>
    <nd ref='-256'/>
    <nd ref='-257'/>
    <nd ref='-258'/>
    <nd ref='-259'/>
    <nd ref='-260'/>
    <nd ref='-261'/>
    <nd ref='-262'/>
    <nd ref='-263'/>
    <nd ref='-264'/>
    <nd ref='-265'/>
    <nd ref='-266'/>
    <nd ref='-267'/>
    <nd ref='-268'/>
    <nd ref='-269'/>
    <nd ref='-270'/>
    <nd ref='-271'/>
    <nd ref='-272'/>
    <nd ref='-273'/>
    <nd ref='-274'/>
    <nd ref='-275'/>
    <nd ref='-276'/>
    <nd ref='-277'/>
    <nd ref='-278'/>
    <nd ref='-279'/>
    <nd ref='-280'/>
    <nd ref='-281'/>
    <nd ref='-282'/>
    <nd ref='-283'/>
    <nd ref='-284'/>
    <nd ref='-285'/>
    <nd ref='-286'/>
    <nd ref='-287'/>
    <nd ref='-288'/>
    <nd ref='-289'/>
    <nd ref='-290'/>
    <nd ref='-291'/>
    <nd ref='-292'/>
    <nd ref='-293'/>
    <nd ref='-294'/>
    <nd ref='-295'/>
    <nd ref='-296'/>
    <nd ref='-297'/>
    <nd ref='-298'/>
    <nd ref='-299'/>
    <nd ref='-300'/>
    <nd ref='-301'/>
    <nd ref='-302'/>
    <nd ref='-303'/>
    <nd ref='-304'/>
    <nd ref='-305'/>
    <nd ref='-306'/>
    <nd ref='-307'/>
    <nd ref='-308'/>
    <nd ref='-309'/>
    <nd ref='-310'/>
    <nd ref='-311'/>
    <nd ref='-312'/>
    <nd ref='-313'/>
    <nd ref='-314'/>
    <nd ref='-315'/>
    <nd ref='-316'/>
    <nd ref='-317'/>
    <nd ref='-318'/>
    <nd ref='-319'/>
    <nd ref='-320'/>
    <nd ref='-321'/>
    <nd ref='-322'/>
    <nd ref='-323'/>
    <nd ref='-324'/>
    <nd ref='-325'/>
    <nd ref='-326'/>
    <nd ref='-327'/>
    <nd ref='-328'/>
    <nd ref='-329'/>
    <nd ref='-330'/>
    <nd ref='-331'/>
    <nd ref='-332'/>
    <nd ref='-333'/>
    <nd ref='-334'/>
    <nd ref='-335'/>
    <nd ref='-336'/>
    <nd ref='-337'/>
    <nd ref='-338'/>
    <nd ref='-339'/>
    <nd ref='-340'/>
    <nd ref='-341'/>
    <nd ref='-342'/>
    <nd ref='-343'/>
    <nd ref='-344'/>
    <nd ref='-345'/>
    <nd ref='-346'/>
    <nd ref='-347'/>
    <nd ref='-348'/>
    <nd ref='-349'/>
    <nd ref='-350'/>
    <nd ref='-351'/>
    <nd ref='-352'/>
    <nd ref='-353'/>
    <nd ref='-354'/>
    <nd ref='-355'/>
    <nd ref='-356'/>
    <nd ref='-357'/>
    <nd ref='-358'/>
    <nd ref='-359'/>
    <nd ref='-360'/>
    <nd ref='-361'/>
    <nd ref='-362'/>
    <nd ref='-363'/>
    <nd ref='-364'/>
    <nd ref='-365'/>
    <nd ref='-366'/>
    <nd ref='-367'/>
    <nd ref='-368'/>
    <nd ref='-369'/>
    <nd ref='-370'/>
    <nd ref='-371'/>
    <nd ref='-372'/>
    <nd ref='-373'/>
    <nd ref='-374'/>
    <nd ref='-375'/>
    <nd ref='-376'/>
    <nd ref='-377'/>
    <nd ref='-378'/>
    <nd ref='-379'/>
    <nd ref='-380'/>
    <nd ref='-381'/>
    <nd ref='-382'/>
    <nd ref='-383'/>
    <nd ref='-384'/>
    <nd ref='-385'/>
    <nd ref='-386'/>
    <nd ref='-387'/>
    <nd ref='-388'/>
    <nd ref='-389'/>
    <nd ref='-390'/>
    <nd ref='-391'/>
    <nd ref='-392'/>
    <nd ref='-393'/>
    <nd ref='-394'/>
    <nd ref='-395'/>
    <nd ref='-396'/>
    <nd ref='-397'/>
    <nd ref='-398'/>
    <nd ref='-399'/>
    <nd ref='-400'/>
    <nd ref='-401'/>
    <nd ref='-402'/>
    <nd ref='-403'/>
    <nd ref='-404'/>
    <nd ref='-405'/>
    <nd ref='-406'/>
    <nd ref='-407'/>
    <nd ref='-408'/>
    <nd ref='-409'/>
    <nd ref='-410'/>
    <nd ref='-411'/>
    <nd ref='-412'/>
    <nd ref='-413'/>
    <nd ref='-414'/>
    <nd ref='-415'/>
    <nd ref='-416'/>
    <nd ref='-417'/>
    <nd ref='-418'/>
    <nd ref='-419'/>
    <nd ref='-420'/>
    <nd ref='-421'/>
    <nd ref='-422'/>
    <nd ref='-423'/>
    <nd ref='-424'/>
    <nd ref='-425'/>
    <nd ref='-426'/>
    <nd ref='-427'/>
    <nd ref='-428'/>
    <nd ref='-429'/>
    <nd ref='-430'/>
    <nd ref='-431'/>
    <nd ref='-432'/>
    <nd ref='-433'/>
    <nd ref='-434'/>
    <nd ref='-435'/>
    <nd ref='-436'/>
    <nd ref='-437'/>
    <nd ref='-438'/>
    <nd ref='-439'/>
    <nd ref='-440'/>
    <nd ref='-441'/>
    <nd ref='-442'/>
    <nd ref='-443'/>
    <nd ref='-444'/>
    <nd ref='-445'/>
    <nd ref='-446'/>
    <nd ref='-447'/>
    <nd ref='-448'/>
    <nd ref='-449'/>
    <nd ref='-450'/>
    <nd ref='-451'/>
    <nd ref='-452'/>
    <nd ref='-453'/>
    <nd ref='-454'/>
    <nd ref='-455'/>
    <nd ref='-456'/>
    <nd ref='-457'/>
    <nd ref='-458'/>
    <nd ref='-459'/>
    <nd ref='-460'/>
    <nd ref='-461'/>
    <nd ref='-462'/>
    <nd ref='-463'/>
    <nd ref='-464'/>
    <nd ref='-465'/>
    <nd ref='-466'/>
    <nd ref='-467'/>
    <nd ref='-468'/>
    <nd ref='-469'/>
    <nd ref='-470'/>
    <nd ref='-471'/>
    <nd ref='-472'/>
    <nd ref='-473'/>
    <nd ref='-474'/>
    <nd ref='-475'/>
    <nd ref='-476'/>
    <nd ref='-477'/>
    <nd ref='-478'/>
    <nd ref='-479'/>
    <nd ref='-480'/>
    <nd ref='-481'/>
    <nd ref='-482'/>
    <nd ref='-483'/>
    <nd ref='-484'/>
    <nd ref='-485'/>
    <nd ref='-486'/>
    <nd ref='-487'/>
    <nd ref='-488'/>
    <nd ref='-489'/>
    <nd ref='-490'/>
    <nd ref='-491'/>
    <nd ref='-492'/>
    <nd ref='-493'/>
    <nd ref='-494'/>
    <nd ref='-495'/>
    <nd ref='-496'/>
    <nd ref='-497'/>
    <nd ref='-498'/>
    <nd ref='-499'/>
    <nd ref='-500'/>
    <nd ref='-501'/>
    <nd ref='-502'/>
    <nd ref='-503'/>
    <nd ref='-504'/>
    <nd ref='-505'/>
    <nd ref='-506'/>
    <nd ref='-507'/>
    <nd ref='-508'/>
    <nd ref='-509'/>
    <nd ref='-510'/>
    <nd ref='-511'/>
    <nd ref='-512'/>
    <nd ref='-513'/>
    <nd ref='-514'/>
    <nd ref='-515'/>
    <nd ref='-516'/>
    <nd ref='-517'/>
    <nd ref='-518'/>
    <nd ref='-519'/>
    <nd ref='-520'/>
    <nd ref='-521'/>
    <nd ref='-522'/>
    <nd ref='-523'/>
    <nd ref='-524'/>
    <nd ref='-525'/>
    <nd ref='-526'/>
    <nd ref='-527'/>
    <nd ref='-528'/>
    <nd ref='-529'/>
    <nd ref='-530'/>
    <nd ref='-531'/>
    <nd ref='-532'/>
    <nd ref='-533'/>
    <nd ref='-534'/>
    <nd ref='-535'/>
    <nd ref='-536'/>
    <nd ref='-537'/>
    <nd ref='-538'/>
    <nd ref='-539'/>
    <nd ref='-540'/>
    <nd ref='-541'/>
    <nd ref='-542'/>
    <nd ref='-543'/>
    <nd ref='-544'/>
    <nd ref='-545'/>
    <nd ref='-546'/>
    <nd ref='-547'/>
    <nd ref='-548'/>
    <nd ref='-549'/>
    <nd ref='-550'/>
    <nd ref='-551'/>
    <nd ref='-552'/>
    <nd ref='-553'/>
    <nd ref='-554'/>
    <nd ref='-555'/>
    <nd ref='-556'/>
    <nd ref='-557'/>
    <nd ref='-558'/>
    <nd ref='-559'/>
    <nd ref='-560'/>
    <nd ref='-561'/>
    <nd ref='-562'/>
    <nd ref='-563'/>
    <nd ref='-564'/>
    <nd ref='-565'/>
    <nd ref='-566'/>
    <nd ref='-567'/>
    <nd ref='-568'/>
    <nd ref='-569'/>
    <nd ref='-570'/>
    <nd ref='-571'/>
    <nd ref='-572'/>
    <nd ref='-573'/>
    <nd ref='-574'/>
    <nd ref='-575'/>
    <nd ref='-576'/>
    <nd ref='-577'/>
    <nd ref='-578'/>
    <nd ref='-579'/>
    <nd ref='-580'/>
    <nd ref='-581'/>
    <nd ref='-582'/>
    <nd ref='-583'/>
    <nd ref='-584'/>
    <nd ref='-585'/>
    <nd ref='-586'/>
    <nd ref='-587'/>
    <nd ref='-588'/>
    <nd ref='-589'/>
    <nd ref='-590'/>
    <nd ref='-591'/>
    <nd ref='-592'/>
    <nd ref='-593'/>
    <nd ref='-594'/>
    <nd ref='-595'/>
    <nd ref='-596'/>
    <nd ref='-597'/>
    <nd ref='-598'/>
    <nd ref='-599'/>
    <nd ref='-600'/>
    <nd ref='-601'/>
    <nd ref='-602'/>
    <nd ref='-603'/>
    <nd ref='-604'/>
    <nd ref='-605'/>
    <nd ref='-606'/>
    <nd ref='-607'/>
    <nd ref='-608'/>
    <nd ref='-609'/>
    <nd ref='-610'/>
    <nd ref='-611'/>
    <nd ref='-612'/>
    <nd ref='-613'/>
    <nd ref='-614'/>
    <nd ref='-615'/>
    <nd ref='-616'/>
    <nd ref='-617'/>
    <nd ref='-618'/>
    <nd ref='-619'/>
    <nd ref='-620'/>
    <nd ref='-621'/>
    <nd ref='-622'/>
    <nd ref='-623'/>
    <nd ref='-624'/>
    <nd ref='-625'/>
    <nd ref='-626'/>
    <nd ref='-627'/>
    <nd ref='-628'/>
    <nd ref='-629'/>
    <nd ref='-630'/>
    <nd ref='-631'/>
    <nd ref='-632'/>
    <nd ref='-633'/>
    <nd ref='-634'/>
    <nd ref='-635'/>
    <nd ref='-636'/>
    <nd ref='-637'/>
    <nd ref='-638'/>
    <nd ref='-639'/>
    <nd ref='-640'/>
    <nd ref='-641'/>
    <nd ref='-642'/>
    <nd ref='-643'/>
    <nd ref='-644'/>
    <nd ref='-645'/>
    <nd ref='-646'/>
    <nd ref='-647'/>
    <nd ref='-648'/>
    <nd ref='-649'/>
    <nd ref='-650'/>
    <nd ref='-651'/>
    <nd ref='-652'/>
    <nd ref='-653'/>
    <nd ref='-654'/>
    <nd ref='-655'/>
    <nd ref='-656'/>
    <nd ref='-657'/>
    <nd ref='-658'/>
    <nd ref='-659'/>
    <nd ref='-660'/>
    <nd ref='-661'/>
    <nd ref='-662'/>
    <nd ref='-663'/>
    <nd ref='-664'/>
    <nd ref='-665'/>
    <nd ref='-666'/>
    <nd ref='-667'/>
    <nd ref='-668'/>
    <nd ref='-669'/>
    <nd ref='-670'/>
    <nd ref='-671'/>
    <nd ref='-672'/>
    <nd ref='-673'/>
    <nd ref='-674'/>
    <nd ref='-675'/>
    <nd ref='-676'/>
    <nd ref='-677'/>
    <nd ref='-678'/>
    <nd ref='-679'/>
    <nd ref='-680'/>
    <nd ref='-681'/>
    <nd ref='-682'/>
    <nd ref='-683'/>
    <nd ref='-684'/>
    <nd ref='-685'/>
    <nd ref='-686'/>
    <nd ref='-687'/>
    <nd ref='-688'/>
    <nd ref='-689'/>
    <nd ref='-690'/>
    <nd ref='-691'/>
    <nd ref='-692'/>
    <nd ref='-693'/>
    <nd ref='-694'/>
    <nd ref='-695'/>
    <nd ref='-696'/>
    <nd ref='-697'/>
    <nd ref='-698'/>
    <nd ref='-699'/>
    <nd ref='-700'/>
    <nd ref='-701'/>
    <nd ref='-702'/>
    <nd ref='-703'/>
    <nd ref='-704'/>
    <nd ref='-705'/>
    <nd ref='-706'/>
    <nd ref='-707'/>
    <nd ref='-708'/>
    <nd ref='-709'/>
    <nd ref='-710'/>
    <nd ref='-711'/>
    <nd ref='-712'/>
    <nd ref='-713'/>
    <nd ref='-714'/>
    <nd ref='-715'/>
    <nd ref='-716'/>
    <nd ref='-717'/>
    <nd ref='-718'/>
    <nd ref='-719'/>
    <nd ref='-720'/>
    <nd ref='-721'/>
    <nd ref='-722'/>
    <nd ref='-723'/>
    <nd ref='-724'/>
    <nd ref='-725'/>
    <nd ref='-726'/>
    <nd ref='-727'/>
    <nd ref='-728'/>
    <nd ref='-729'/>
    <nd ref='-730'/>
    <nd ref='-731'/>
    <nd ref='-732'/>
    <nd ref='-733'/>
    <nd ref='-734'/>
    <nd ref='-735'/>
    <nd ref='-736'/>
    <nd ref='-737'/>
    <nd ref='-738'/>
    <nd ref='-739'/>
    <nd ref='-740'/>
    <nd ref='-741'/>
    <nd ref='-742'/>
    <nd ref='-743'/>
    <nd ref='-744'/>
    <nd ref='-745'/>
    <nd ref='-746'/>
    <nd ref='-747'/>
    <nd ref='-748'/>
    <nd ref='-749'/>
    <nd ref='-750'/>
    <nd ref='-751'/>
    <nd ref='-752'/>
    <nd ref='-753'/>
    <nd ref='-754'/>
    <nd ref='-755'/>
    <nd ref='-756'/>
    <nd ref='-757'/>
    <nd ref='-758'/>
    <nd ref='-759'/>
    <nd ref='-760'/>
    <nd ref='-761'/>
    <nd ref='-762'/>
    <nd ref='-763'/>
    <nd ref='-764'/>
    <nd ref='-765'/>
    <nd ref='-766'/>
    <nd ref='-767'/>
    <nd ref='-768'/>
    <nd ref='-769'/>
    <nd ref='-770'/>
    <nd ref='-771'/>
    <nd ref='-772'/>
    <nd ref='-773'/>
    <nd ref='-774'/>
    <nd ref='-775'/>
    <nd ref='-776'/>
    <nd ref='-777'/>
    <nd ref='-778'/>
    <nd ref='-779'/>
    <nd ref='-780'/>
    <nd ref='-781'/>
    <nd ref='-782'/>
    <nd ref='-783'/>
    <nd ref='-784'/>
    <nd ref='-785'/>
    <nd ref='-786'/>
    <nd ref='-787'/>
    <nd ref='-788'/>
    <nd ref='-789'/>
    <nd ref='-790'/>
    <nd ref='-791'/>
    <nd ref='-792'/>
    <nd ref='-793'/>
    <nd ref='-794'/>
    <nd ref='-795'/>
    <nd ref='-796'/>
    <nd ref='-797'/>
    <nd ref='-798'/>
    <nd ref='-799'/>
    <nd ref='-800'/>
    <nd ref='-801'/>
    <nd ref='-802'/>
    <nd ref='-803'/>
    <nd ref='-804'/>
    <nd ref='-805'/>
    <nd ref='-806'/>
    <nd ref='-807'/>
    <nd ref='-808'/>
    <nd ref='-809'/>
    <nd ref='-810'/>
    <nd ref='-811'/>
    <nd ref='-812'/>
    <nd ref='-813'/>
    <nd ref='-814'/>
    <nd ref='-815'/>
    <nd ref='-816'/>
    <nd ref='-817'/>
    <nd ref='-818'/>
    <nd ref='-819'/>
    <nd ref='-820'/>
    <nd ref='-821'/>
    <nd ref='-822'/>
    <nd ref='-823'/>
    <nd ref='-824'/>
    <nd ref='-825'/>
    <nd ref='-826'/>
    <nd ref='-827'/>
    <nd ref='-828'/>
    <nd ref='-829'/>
    <nd ref='-830'/>
    <nd ref='-831'/>
    <nd ref='-832'/>
    <nd ref='-833'/>
    <nd ref='-834'/>
    <nd ref='-835'/>
    <nd ref='-836'/>
    <nd ref='-837'/>
    <nd ref='-838'/>
    <nd ref='-839'/>
    <nd ref='-840'/>
    <nd ref='-841'/>
    <nd ref='-842'/>
    <nd ref='-843'/>
    <nd ref='-844'/>
    <nd ref='-845'/>
    <nd ref='-846'/>
    <nd ref='-847'/>
    <nd ref='-848'/>
    <nd ref='-849'/>
    <nd ref='-850'/>
    <nd ref='-851'/>
    <nd ref='-852'/>
    <nd ref='-853'/>
    <nd ref='-854'/>
    <nd ref='-855'/>
    <nd ref='-856'/>
    <nd ref='-857'/>
    <nd ref='-858'/>
    <nd ref='-859'/>
    <nd ref='-860'/>
    <nd ref='-861'/>
    <nd ref='-862'/>
    <nd ref='-863'/>
    <nd ref='-864'/>
    <nd ref='-865'/>
    <nd ref='-866'/>
    <nd ref='-867'/>
    <nd ref='-868'/>
    <nd ref='-869'/>
    <nd ref='-870'/>
    <nd ref='-871'/>
    <nd ref='-872'/>
    <nd ref='-873'/>
    <nd ref='-874'/>
    <nd ref='-875'/>
    <nd ref='-876'/>
    <nd ref='-877'/>
    <nd ref='-878'/>
    <nd ref='-879'/>
    <nd ref='-880'/>
    <nd ref='-881'/>
    <nd ref='-882'/>
    <nd ref='-883'/>
    <nd ref='-884'/>
    <nd ref='-885'/>
    <nd ref='-886'/>
    <nd ref='-887'/>
    <nd ref='-888'/>
    <nd ref='-889'/>
    <nd ref='-890'/>
    <nd ref='-891'/>
    <nd ref='-892'/>
    <nd ref='-893'/>
    <nd ref='-894'/>
    <nd ref='-895'/>
    <nd ref='-896'/>
    <nd ref='-897'/>
    <nd ref='-898'/>
    <nd ref='-899'/>
    <nd ref='-900'/>
    <nd ref='-901'/>
    <nd ref='-902'/>
    <nd ref='-903'/>
    <nd ref='-904'/>
    <nd ref='-905'/>
    <nd ref='-906'/>
    <nd ref='-907'/>
    <nd ref='-908'/>
    <nd ref='-909'/>
    <nd ref='-910'/>
    <nd ref='-911'/>
    <nd ref='-912'/>
    <nd ref='-913'/>
    <nd ref='-914'/>
    <nd ref='-915'/>
    <nd ref='-916'/>
    <nd ref='-917'/>
    <nd ref='-918'/>
    <nd ref='-919'/>
    <nd ref='-920'/>
    <nd ref='-921'/>
    <nd ref='-922'/>
    <nd ref='-923'/>
    <nd ref='-924'/>
    <nd ref='-925'/>
    <nd ref='-926'/>
    <nd ref='-927'/>
    <nd ref='-928'/>
    <nd ref='-929'/>
    <nd ref='-930'/>
    <nd ref='-931'/>
    <nd ref='-932'/>
    <nd ref='-933'/>
    <nd ref='-934'/>
    <nd ref='-935'/>
    <nd ref='-936'/>
    <nd ref='-937'/>
    <nd ref='-938'/>
    <nd ref='-939'/>
    <nd ref='-940'/>
    <nd ref='-941'/>
    <nd ref='-942'/>
    <nd ref='-943'/>
    <nd ref='-944'/>
    <nd ref='-945'/>
    <nd ref='-946'/>
    <nd ref='-947'/>
    <nd ref='-948'/>
    <nd ref='-949'/>
    <nd ref='-950'/>
    <nd ref='-951'/>
    <nd ref='-952'/>
    <nd ref='-953'/>
    <nd ref='-954'/>
    <nd ref='-955'/>
    <nd ref='-956'/>
    <nd ref='-957'/>
    <nd ref='-958'/>
    <nd ref='-959'/>
    <nd ref='-960'/>
    <nd ref='-961'/>
    <nd ref='-962'/>
    <nd ref='-963'/>
    <nd ref='-964'/>
    <nd ref='-965'/>
    <nd ref='-966'/>
    <nd ref='-967'/>
    <nd ref='-968'/>
    <nd ref='-969'/>
    <nd ref='-970'/>
    <nd ref='-971'/>
    <nd ref='-972'/>
    <nd ref='-973'/>
    <nd ref='-974'/>
    <nd ref='-975'/>
    <nd ref='-976'/>
    <nd ref='-977'/>
    <nd ref='-978'/>
    <nd ref='-979'/>
    <nd ref='-980'/>
    <nd ref='-981'/>
    <nd ref='-982'/>
    <nd ref='-983'/>
    <nd ref='-984'/>
    <nd ref='-985'/>
    <nd ref='-986'/>
    <nd ref='-987'/>
    <nd ref='-988'/>
    <nd ref='-989'/>
    <nd ref='-990'/>
    <nd ref='-991'/>
    <nd ref='-992'/>
    <nd ref='-993'/>
    <nd ref='-994'/>
    <nd ref='-995'/>
    <nd ref='-996'/>
    <nd ref='-997'/>
    <nd ref='-998'/>
    <nd ref='-999'/>
    <nd ref='-1000'/>
    <nd ref='-1001'/>
    <nd ref='-1002'/>
    <nd ref='-1003'/>
    <nd ref='-1004'/>
    <nd ref='-1005'/>
    <nd ref='-1006'/>
    <nd ref='-1007'/>
    <nd ref='-1008'/>
    <nd ref='-1009'/>
    <nd ref='-1010'/>
    <nd ref='-1011'/>
    <nd ref='-1012'/>
    <nd ref='-1013'/>
    <nd ref='-1014'/>
    <nd ref='-1015'/>
    <nd ref='-1016'/>
    <nd ref='-1017'/>
    <nd ref='-1018'/>
    <nd ref='-1019'/>
    <nd ref='-1020'/>
    <nd ref='-1021'/>
    <nd ref='-1022'/>
    <nd ref='-1023'/>
    <nd ref='-1024'/>
    <nd ref='-1025'/>
    <nd ref='-1026'/>
    <nd ref='-1027'/>
    <nd ref='-1028'/>
    <nd ref='-1029'/>
    <nd ref='-1030'/>
    <nd ref='-1031'/>
    <nd ref='-1032'/>
    <nd ref='-1033'/>
    <nd ref='-1034'/>
    <nd ref='-1035'/>
    <nd ref='-1036'/>
    <nd ref='-1037'/>
    <nd ref='-1038'/>
    <nd ref='-1039'/>
    <nd ref='-1040'/>
    <nd ref='-1041'/>
    <nd ref='-1042'/>
    <nd ref='-1043'/>
    <nd ref='-1044'/>
    <nd ref='-1045'/>
    <nd ref='-1046'/>
    <nd ref='-1047'/>
    <nd ref='-1048'/>
    <nd ref='-1049'/>
    <nd ref='-1050'/>
    <nd ref='-1051'/>
    <nd ref='-1052'/>
    <nd ref='-1053'/>
    <nd ref='-1054'/>
    <nd ref='-1055'/>
    <nd ref='-1056'/>
    <nd ref='-1057'/>
    <nd ref='-1058'/>
    <nd ref='-1059'/>
    <nd ref='-1060'/>
    <nd ref='-1061'/>
    <nd ref='-1062'/>
    <nd ref='-1063'/>
    <nd ref='-1064'/>
    <nd ref='-1065'/>
    <nd ref='-1066'/>
    <nd ref='-1067'/>
    <nd ref='-1068'/>
    <nd ref='-1069'/>
    <nd ref='-1070'/>
    <nd ref='-1071'/>
    <nd ref='-1072'/>
    <nd ref='-1073'/>
    <nd ref='-1074'/>
    <nd ref='-1075'/>
    <nd ref='-1076'/>
    <nd ref='-1077'/>
    <nd ref='-1078'/>
    <nd ref='-1079'/>
    <nd ref='-1080'/>
    <nd ref='-1081'/>
    <nd ref='-1082'/>
    <nd ref='-1083'/>
    <nd ref='-1084'/>
    <nd ref='-1085'/>
    <nd ref='-1086'/>
    <nd ref='-1087'/>
    <nd ref='-1088'/>
    <nd ref='-1089'/>
    <nd ref='-1090'/>
    <nd ref='-1091'/>
    <nd ref='-1092'/>
    <nd ref='-1093'/>
    <nd ref='-1094'/>
    <nd ref='-1095'/>
    <nd ref='-1096'/>
    <nd ref='-1097'/>
    <nd ref='-1098'/>
    <nd ref='-1099'/>
    <nd ref='-1100'/>
    <nd ref='-1101'/>
    <nd ref='-1102'/>
    <nd ref='-1103'/>
    <nd ref='-1104'/>
    <nd ref='-1105'/>
    <nd ref='-1106'/>
    <nd ref='-1107'/>
    <nd ref='-1108'/>
    <nd ref='-1109'/>
    <nd ref='-1110'/>
    <nd ref='-1111'/>
    <nd ref='-1112'/>
    <nd ref='-1113'/>
    <nd ref='-1114'/>
    <nd ref='-1115'/>
    <nd ref='-1116'/>
    <nd ref='-1117'/>
    <nd ref='-1118'/>
    <nd ref='-1119'/>
    <nd ref='-1120'/>
    <nd ref='-1121'/>
    <nd ref='-1122'/>
    <nd ref='-1123'/>
    <nd ref='-1124'/>
    <nd ref='-1125'/>
    <nd ref='-1126'/>
    <nd ref='-1127'/>
    <nd ref='-1128'/>
    <nd ref='-1129'/>
    <nd ref='-1130'/>
    <nd ref='-1131'/>
    <nd ref='-1132'/>
    <nd ref='-1133'/>
    <nd ref='-1134'/>
    <nd ref='-1135'/>
    <nd ref='-1136'/>
    <nd ref='-1137'/>
    <nd ref='-1138'/>
    <nd ref='-1139'/>
    <nd ref='-1140'/>
    <nd ref='-1141'/>
    <nd ref='-1142'/>
    <nd ref='-1143'/>
    <nd ref='-1144'/>
    <nd ref='-1145'/>
    <nd ref='-1146'/>
    <nd ref='-1147'/>
    <nd ref='-1148'/>
    <nd ref='-1149'/>
    <nd ref='-1150'/>
    <nd ref='-1151'/>
    <nd ref='-1152'/>
    <nd ref='-1153'/>
    <nd ref='-1154'/>
    <nd ref='-1155'/>
    <nd ref='-1156'/>
    <nd ref='-1157'/>
    <nd ref='-1158'/>
    <nd ref='-1159'/>
    <nd ref='-1160'/>
    <nd ref='-1161'/>
    <nd ref='-1162'/>
    <nd ref='-1163'/>
    <nd ref='-1164'/>
    <nd ref='-1165'/>
    <nd ref='-1166'/>
    <nd ref='-1167'/>
    <nd ref='-1168'/>
    <nd ref='-1169'/>
    <nd ref='-1170'/>
    <nd ref='-1171'/>
    <nd ref='-1172'/>
    <nd ref='-1173'/>
    <nd ref='-1174'/>
    <nd ref='-1175'/>
    <nd ref='-1176'/>
    <nd ref='-1177'/>
    <nd ref='-1178'/>
    <nd ref='-1179'/>
    <nd ref='-1180'/>
    <nd ref='-1181'/>
    <nd ref='-1182'/>
    <nd ref='-1183'/>
    <nd ref='-1184'/>
    <nd ref='-1185'/>
    <nd ref='-1186'/>
    <nd ref='-1187'/>
    <nd ref='-1188'/>
    <nd ref='-1189'/>
    <nd ref='-1190'/>
    <nd ref='-1191'/>
    <nd ref='-1192'/>
    <nd ref='-1193'/>
    <nd ref='-1194'/>
    <nd ref='-1195'/>
    <nd ref='-1196'/>
    <nd ref='-1197'/>
    <nd ref='-1198'/>
    <nd ref='-1199'/>
    <nd ref='-1200'/>
    <nd ref='-1201'/>
    <nd ref='-1202'/>
    <nd ref='-1203'/>
    <nd ref='-1204'/>
    <nd ref='-1205'/>
    <nd ref='-1206'/>
    <nd ref='-1207'/>
    <nd ref='-1208'/>
    <nd ref='-1209'/>
    <nd ref='-1210'/>
    <nd ref='-1211'/>
    <nd ref='-1212'/>
    <nd ref='-1213'/>
    <nd ref='-1214'/>
    <nd ref='-1215'/>
    <nd ref='-1216'/>
    <nd ref='-1217'/>
    <nd ref='-1218'/>
    <nd ref='-1219'/>
    <nd ref='-1220'/>
    <nd ref='-1221'/>
    <nd ref='-1222'/>
    <nd ref='-1223'/>
    <nd ref='-1224'/>
    <nd ref='-1225'/>
    <nd ref='-1226'/>
    <nd ref='-1227'/>
    <nd ref='-1228'/>
    <nd ref='-1229'/>
    <nd ref='-1230'/>
    <nd ref='-1231'/>
    <nd ref='-1232'/>
    <nd ref='-1233'/>
    <nd ref='-1234'/>
    <nd ref='-1235'/>
    <nd ref='-1236'/>
    <nd ref='-1237'/>
    <nd ref='-1238'/>
    <nd ref='-1239'/>
    <nd ref='-1240'/>
    <nd ref='-1241'/>
    <nd ref='-1242'/>
    <nd ref='-1243'/>
    <nd ref='-1244'/>
    <nd ref='-1245'/>
    <nd ref='-1246'/>
    <nd ref='-1247'/>
    <nd ref='-1248'/>
    <nd ref='-1249'/>
    <nd ref='-1250'/>
    <nd ref='-1251'/>
    <nd ref='-1252'/>
    <nd ref='-1253'/>
    <nd ref='-1254'/>
    <nd ref='-1255'/>
    <nd ref='-1256'/>
    <nd ref='-1257'/>
    <nd ref='-1258'/>
    <nd ref='-1259'/>
    <nd ref='-1260'/>
    <nd ref='-1261'/>
    <nd ref='-1262'/>
    <nd ref='-1263'/>
    <nd ref='-1264'/>
    <nd ref='-1265'/>
    <nd ref='-1266'/>
    <nd ref='-1267'/>
    <nd ref='-1268'/>
    <nd ref='-1269'/>
    <nd ref='-1270'/>
    <nd ref='-1271'/>
    <nd ref='-1272'/>
    <nd ref='-1273'/>
    <nd ref='-1274'/>
    <nd ref='-1275'/>
    <nd ref='-1276'/>
    <nd ref='-1277'/>
    <nd ref='-1278'/>
    <nd ref='-1279'/>
    <nd ref='-1280'/>
    <nd ref='-1281'/>
    <nd ref='-1282'/>
    <nd ref='-1283'/>
    <nd ref='-1284'/>
    <nd ref='-1285'/>
    <nd ref='-1286'/>
    <nd ref='-1287'/>
    <nd ref='-1288'/>
    <nd ref='-1289'/>
    <nd ref='-1290'/>
    <nd ref='-1291'/>
    <nd ref='-1292'/>
    <nd ref='-1293'/>
    <nd ref='-1294'/>
    <nd ref='-1295'/>
    <nd ref='-1296'/>
    <nd ref='-1297'/>
    <nd ref='-1298'/>
    <nd ref='-1299'/>
    <nd ref='-1300'/>
    <nd ref='-1301'/>
    <nd ref='-1302'/>
    <nd ref='-1303'/>
    <nd ref='-1304'/>
    <nd ref='-1305'/>
    <nd ref='-1306'/>
    <nd ref='-1307'/>
    <nd ref='-1308'/>
    <nd ref='-1309'/>
    <nd ref='-1310'/>
    <nd ref='-1311'/>
    <nd ref='-1312'/>
    <nd ref='-1313'/>
    <nd ref='-1314'/>
    <nd ref='-1315'/>
    <nd ref='-1316'/>
    <nd ref='-1317'/>
    <nd ref='-1318'/>
    <nd ref='-1319'/>
    <nd ref='-1320'/>
    <nd ref='-1321'/>
    <nd ref='-1322'/>
    <nd ref='-1323'/>
    <nd ref='-1324'/>
    <nd ref='-1325'/>
    <nd ref='-1326'/>
    <nd ref='-1327'/>
    <nd ref='-1328'/>
    <nd ref='-1329'/>
    <nd ref='-1330'/>
    <nd ref='-1331'/>
    <nd ref='-1332'/>
    <nd ref='-1333'/>
    <nd ref='-1334'/>
    <nd ref='-1335'/>
    <nd ref='-1336'/>
    <nd ref='-1337'/>
    <nd ref='-1338'/>
    <nd ref='-1339'/>
    <nd ref='-1340'/>
    <nd ref='-1341'/>
    <nd ref='-1342'/>
    <nd ref='-1343'/>
    <nd ref='-1344'/>
    <nd ref='-1345'/>
    <nd ref='-1346'/>
    <nd ref='-1347'/>
    <nd ref='-1348'/>
    <nd ref='-1349'/>
    <nd ref='-1350'/>
    <nd ref='-1351'/>
    <nd ref='-1352'/>
    <nd ref='-1353'/>
    <nd ref='-1354'/>
    <nd ref='-1355'/>
    <nd ref='-1356'/>
    <nd ref='-1357'/>
    <nd ref='-1358'/>
    <nd ref='-1359'/>
    <nd ref='-1360'/>
    <nd ref='-1361'/>
    <nd ref='-1362'/>
    <nd ref='-1363'/>
    <nd ref='-1364'/>
    <nd ref='-1365'/>
    <nd ref='-1366'/>
    <nd ref='-1367'/>
    <nd ref='-1368'/>
    <nd ref='-1369'/>
    <nd ref='-1370'/>
    <nd ref='-1371'/>
    <nd ref='-1372'/>
    <nd ref='-1373'/>
    <nd ref='-1374'/>
    <nd ref='-1375'/>
    <nd ref='-1376'/>
    <nd ref='-1377'/>
    <nd ref='-1378'/>
    <nd ref='-1379'/>
    <nd ref='-1380'/>
    <nd ref='-1381'/>
    <nd ref='-1382'/>
    <nd ref='-1383'/>
    <nd ref='-1384'/>
    <nd ref='-1385'/>
    <nd ref='-1386'/>
    <nd ref='-1387'/>
    <nd ref='-1388'/>
    <nd ref='-1389'/>
    <nd ref='-1390'/>
    <nd ref='-1391'/>
    <nd ref='-1392'/>
    <nd ref='-1393'/>
    <nd ref='-1394'/>
    <nd ref='-1395'/>
    <nd ref='-1396'/>
    <nd ref='-1397'/>
    <nd ref='-1398'/>
    <nd ref='-1399'/>
    <nd ref='-1400'/>
    <nd ref='-1401'/>
    <nd ref='-1402'/>
    <nd ref='-1403'/>
    <nd ref='-1404'/>
    <nd ref='-1405'/>
    <nd ref='-1406'/>
    <nd ref='-1407'/>
    <nd ref='-1408'/>
    <nd ref='-1409'/>
    <nd ref='-1410'/>
    <nd ref='-1411'/>
    <nd ref='-1412'/>
    <nd ref='-1413'/>
    <nd ref='-1414'/>
    <nd ref='-1415'/>
    <nd ref='-1416'/>
    <nd ref='-1417'/>
    <nd ref='-1418'/>
    <nd ref='-1419'/>
    <nd ref='-1420'/>
    <nd ref='-1421'/>
    <nd ref='-1422'/>
    <nd ref='-1423'/>
    <nd ref='-1424'/>
    <nd ref='-1425'/>
    <nd ref='-1426'/>
    <nd ref='-1427'/>
    <nd ref='-1428'/>
    <nd ref='-1429'/>
    <nd ref='-1430'/>
    <nd ref='-1431'/>
    <nd ref='-1432'/>
    <nd ref='-1433'/>
    <nd ref='-1434'/>
    <nd ref='-1435'/>
    <nd ref='-1436'/>
    <nd ref='-1437'/>
    <nd ref='-1438'/>
    <nd ref='-1439'/>
    <nd ref='-1440'/>
    <nd ref='-1441'/>
    <nd ref='-1442'/>
    <nd ref='-1443'/>
    <nd ref='-1444'/>
    <nd ref='-1445'/>
    <nd ref='-1446'/>
    <nd ref='-1447'/>
    <nd ref='-1448'/>
    <nd ref='-1449'/>
    <nd ref='-1450'/>
    <nd ref='-1451'/>
    <nd ref='-1452'/>
    <nd ref='-1453'/>
    <nd ref='-1454'/>
    <nd ref='-1455'/>
    <nd ref='-1456'/>
    <nd ref='-1457'/>
    <nd ref='-1458'/>
    <nd ref='-1459'/>
    <nd ref='-1460'/>
    <nd ref='-1461'/>
    <nd ref='-1462'/>
    <nd ref='-1463'/>
    <nd ref='-1464'/>
    <nd ref='-1465'/>
    <nd ref='-1466'/>
    <nd ref='-1467'/>
    <nd ref='-1468'/>
    <nd ref='-1469'/>
    <nd ref='-1470'/>
    <nd ref='-1471'/>
    <nd ref='-1472'/>
    <nd ref='-1473'/>
    <nd ref='-1474'/>
    <nd ref='-1475'/>
    <nd ref='-1476'/>
    <nd ref='-1477'/>
    <nd ref='-1478'/>
    <nd ref='-1479'/>
    <nd ref='-1480'/>
    <nd ref='-1481'/>
    <nd ref='-1482'/>
    <nd ref='-1483'/>
    <nd ref='-1484'/>
    <nd ref='-1485'/>
    <nd ref='-1486'/>
    <nd ref='-1487'/>
    <nd ref='-1488'/>
    <nd ref='-1489'/>
    <nd ref='-1490'/>
    <nd ref='-1491'/>
    <nd ref='-1492'/>
    <nd ref='-1493'/>
    <nd ref='-1494'/>
    <nd ref='-1495'/>
    <nd ref='-1496'/>
    <nd ref='-1497'/>
    <nd ref='-1498'/>
    <nd ref='-1499'/>
    <nd ref='-1500'/>
    <nd ref='-1501'/>
    <nd ref='-1502'/>
    <nd ref='-1503'/>
    <nd ref='-1504'/>
    <nd ref='-1505'/>
    <nd ref='-1506'/>
    <nd ref='-1507'/>
    <nd ref='-1508'/>
    <nd ref='-1509'/>
    <nd ref='-1510'/>
    <nd ref='-1511'/>
    <nd ref='-1512'/>
    <nd ref='-1513'/>
    <nd ref='-1514'/>
    <nd ref='-1515'/>
    <nd ref='-1516'/>
    <nd ref='-1517'/>
    <nd ref='-1518'/>
    <nd ref='-1519'/>
    <nd ref='-1520'/>
    <nd ref='-1521'/>
    <nd ref='-1522'/>
    <nd ref='-1523'/>
    <nd ref='-1524'/>
    <nd ref='-1525'/>
    <nd ref='-1526'/>
    <nd ref='-1527'/>
    <nd ref='-1528'/>
    <nd ref='-1529'/>
    <nd ref='-1530'/>
    <nd ref='-1531'/>
    <nd ref='-1532'/>
    <nd ref='-1533'/>
    <nd ref='-1534'/>
    <nd ref='-1535'/>
    <nd ref='-1536'/>
    <nd ref='-1537'/>
    <nd ref='-1538'/>
    <nd ref='-1539'/>
    <nd ref='-1540'/>
    <nd ref='-1541'/>
    <nd ref='-1542'/>
    <nd ref='-1543'/>
    <nd ref='-1544'/>
    <nd ref='-1545'/>
    <nd ref='-1546'/>
    <nd ref='-1547'/>
    <nd ref='-1548'/>
    <nd ref='-1549'/>
    <nd ref='-1550'/>
    <nd ref='-1551'/>
    <nd ref='-1552'/>
    <nd ref='-1553'/>
    <nd ref='-1554'/>
    <nd ref='-1555'/>
    <nd ref='-1556'/>
    <nd ref='-1557'/>
    <nd ref='-1558'/>
    <nd ref='-1559'/>
    <nd ref='-1560'/>
    <nd ref='-1561'/>
    <nd ref='-1562'/>
    <nd ref='-1563'/>
    <nd ref='-1564'/>
    <nd ref='-1565'/>
    <nd ref='-1566'/>
    <nd ref='-1567'/>
    <nd ref='-1568'/>
    <nd ref='-1569'/>
    <nd ref='-1570'/>
    <nd ref='-1571'/>
    <nd ref='-1572'/>
    <nd ref='-1573'/>
    <nd ref='-1574'/>
    <nd ref='-1575'/>
    <nd ref='-1576'/>
    <nd ref='-1577'/>
    <nd ref='-1578'/>
    <nd ref='-1579'/>
    <nd ref='-1580'/>
    <nd ref='-1581'/>
    <nd ref='-1582'/>
    <nd ref='-1583'/>
    <nd ref='-1584'/>
    <nd ref='-1585'/>
    <nd ref='-1586'/>
    <nd ref='-1587'/>
    <nd ref='-1588'/>
    <nd ref='-1589'/>
    <nd ref='-1590'/>
    <nd ref='-1591'/>
    <nd ref='-1592'/>
    <nd ref='-1593'/>
    <nd ref='-1594'/>
    <nd ref='-1595'/>
    <nd ref='-1596'/>
    <nd ref='-1597'/>
    <nd ref='-1598'/>
    <nd ref='-1599'/>
    <nd ref='-1600'/>
    <nd ref='-1601'/>
    <nd ref='-1602'/>
    <nd ref='-1603'/>
    <nd ref='-1604'/>
    <nd ref='-1605'/>
    <nd ref='-1606'/>
    <nd ref='-1607'/>
    <nd ref='-1608'/>
    <nd ref='-1609'/>
    <nd ref='-1610'/>
    <nd ref='-1611'/>
    <nd ref='-1612'/>
    <nd ref='-1613'/>
    <nd ref='-1614'/>
    <nd ref='-1615'/>
    <nd ref='-1616'/>
    <nd ref='-1617'/>
    <nd ref='-1618'/>
    <nd ref='-1619'/>
    <nd ref='-1620'/>
    <nd ref='-1621'/>
    <nd ref='-1622'/>
    <nd ref='-1623'/>
    <nd ref='-1624'/>
    <nd ref='-1625'/>
    <nd ref='-1626'/>
    <nd ref='-1627'/>
    <nd ref='-1628'/>
    <nd ref='-1629'/>
    <nd ref='-1630'/>
    <nd ref='-1631'/>
    <nd ref='-1632'/>
    <nd ref='-1633'/>
    <nd ref='-1634'/>
    <nd ref='-1635'/>
    <nd ref='-1636'/>
    <nd ref='-1637'/>
    <nd ref='-1638'/>
    <nd ref='-1639'/>
    <nd ref='-1640'/>
    <nd ref='-1641'/>
    <nd ref='-1642'/>
    <nd ref='-1643'/>
    <nd ref='-1644'/>
    <nd ref='-1645'/>
    <nd ref='-1646'/>
    <nd ref='-1647'/>
    <nd ref='-1648'/>
    <nd ref='-1649'/>
    <nd ref='-1650'/>
    <nd ref='-1651'/>
    <nd ref='-1652'/>
    <nd ref='-1653'/>
    <nd ref='-1654'/>
    <nd ref='-1655'/>
    <nd ref='-1656'/>
    <nd ref='-1657'/>
    <nd ref='-1658'/>
    <nd ref='-1659'/>
    <nd ref='-1660'/>
    <nd ref='-1661'/>
    <nd ref='-1662'/>
    <nd ref='-1663'/>
    <nd ref='-1664'/>
    <nd ref='-1665'/>
    <nd ref='-1666'/>
    <nd ref='-1667'/>
    <nd ref='-1668'/>
    <nd ref='-1669'/>
    <nd ref='-1670'/>
    <nd ref='-1671'/>
    <nd ref='-1672'/>
    <nd ref='-1673'/>
    <nd ref='-1674'/>
    <nd ref='-1675'/>
    <nd ref='-1676'/>
    <nd ref='-1677'/>
    <nd ref='-1678'/>
    <nd ref='-1679'/>
    <nd ref='-1680'/>
    <nd ref='-1681'/>
    <nd ref='-1682'/>
    <nd ref='-1683'/>
    <nd ref='-1684'/>
    <nd ref='-1685'/>
    <nd ref='-1686'/>
    <nd ref='-1687'/>
    <nd ref='-1688'/>
    <nd ref='-1689'/>
    <nd ref='-1690'/>
    <nd ref='-1691'/>
    <nd ref='-1692'/>
    <nd ref='-1693'/>
    <nd ref='-1694'/>
    <nd ref='-1695'/>
    <nd ref='-1696'/>
    <nd ref='-1697'/>
    <nd ref='-1698'/>
    <nd ref='-1699'/>
    <nd ref='-1700'/>
    <nd ref='-1701'/>
    <nd ref='-1702'/>
    <nd ref='-1703'/>
    <nd ref='-1704'/>
    <nd ref='-1705'/>
    <nd ref='-1706'/>
    <nd ref='-1707'/>
    <nd ref='-1708'/>
    <nd ref='-1709'/>
    <nd ref='-1710'/>
    <nd ref='-1711'/>
    <nd ref='-1712'/>
    <nd ref='-1713'/>
    <nd ref='-1714'/>
    <nd ref='-1715'/>
    <nd ref='-1716'/>
    <nd ref='-1717'/>
    <nd ref='-1718'/>
    <nd ref='-1719'/>
    <nd ref='-1720'/>
    <nd ref='-1721'/>
    <nd ref='-1722'/>
    <nd ref='-1723'/>
    <nd ref='-1724'/>
    <nd ref='-1725'/>
    <nd ref='-1726'/>
    <nd ref='-1727'/>
    <nd ref='-1728'/>
    <nd ref='-1729'/>
    <nd ref='-1730'/>
    <nd ref='-1731'/>
    <nd ref='-1732'/>
    <nd ref='-1733'/>
    <nd ref='-1734'/>
    <nd ref='-1735'/>
    <nd ref='-1736'/>
    <nd ref='-1737'/>
    <nd ref='-1738'/>
    <nd ref='-1739'/>
    <nd ref='-1740'/>
    <nd ref='-1741'/>
    <nd ref='-1742'/>
    <nd ref='-1743'/>
    <nd ref='-1744'/>
    <nd ref='-1745'/>
    <nd ref='-1746'/>
    <nd ref='-1747'/>
    <nd ref='-1748'/>
    <nd ref='-1749'/>
    <nd ref='-1750'/>
    <nd ref='-1751'/>
    <nd ref='-1752'/>
    <nd ref='-1753'/>
    <nd ref='-1754'/>
    <nd ref='-1755'/>
    <nd ref='-1756'/>
    <nd ref='-1757'/>
    <nd ref='-1758'/>
    <nd ref='-1759'/>
    <nd ref='-1760'/>
    <nd ref='-1761'/>
    <nd ref='-1762'/>
    <nd ref='-1763'/>
    <nd ref='-1764'/>
    <nd ref='-1765'/>
    <nd ref='-1766'/>
    <nd ref='-1767'/>
    <nd ref='-1768'/>
    <nd ref='-1769'/>
    <nd ref='-1770'/>
    <nd ref='-1771'/>
    <nd ref='-1772'/>
    <nd ref='-1773'/>
    <nd ref='-1774'/>
    <nd ref='-1775'/>
    <nd ref='-1776'/>
    <nd ref='-1777'/>
    <nd ref='-1778'/>
    <nd ref='-1779'/>
    <nd ref='-1780'/>
    <nd ref='-1781'/>
    <nd ref='-1782'/>
    <nd ref='-1783'/>
    <nd ref='-1784'/>
    <nd ref='-1785'/>
    <nd ref='-1786'/>
    <nd ref='-1787'/>
    <nd ref='-1788'/>
    <nd ref='-1789'/>
    <nd ref='-1790'/>
    <nd ref='-1791'/>
    <nd ref='-1792'/>
    <nd ref='-1793'/>
    <nd ref='-1794'/>
    <nd ref='-1795'/>
    <nd ref='-1796'/>
    <nd ref='-1797'/>
    <nd ref='-1798'/>
    <nd ref='-1799'/>
    <nd ref='-1800'/>
    <nd ref='-1801'/>
    <nd ref='-1802'/>
    <nd ref='-1803'/>
    <nd ref='-1804'/>
    <nd ref='-1805'/>
    <nd ref='-1806'/>
    <nd ref='-1807'/>
    <nd ref='-1808'/>
    <nd ref='-1809'/>
    <nd ref='-1810'/>
    <nd ref='-1811'/>
    <nd ref='-1812'/>
    <nd ref='-1813'/>
    <nd ref='-1814'/>
    <nd ref='-1815'/>
    <nd ref='-1816'/>
    <nd ref='-1817'/>
    <nd ref='-1818'/>
    <nd ref='-1819'/>
    <nd ref='-1820'/>
    <nd ref='-1821'/>
    <nd ref='-1822'/>
    <nd ref='-1823'/>
    <nd ref='-1824'/>
    <nd ref='-1825'/>
    <nd ref='-1826'/>
    <nd ref='-1827'/>
    <nd ref='-1828'/>
    <nd ref='-1829'/>
    <nd ref='-1830'/>
    <nd ref='-1831'/>
    <nd ref='-1832'/>
    <nd ref='-1833'/>
    <nd ref='-1834'/>
    <nd ref='-1835'/>
    <nd ref='-1836'/>
    <nd ref='-1837'/>
    <nd ref='-1838'/>
    <nd ref='-1839'/>
    <nd ref='-1840'/>
    <nd ref='-1841'/>
    <nd ref='-1842'/>
    <nd ref='-1843'/>
    <nd ref='-1844'/>
    <nd ref='-1845'/>
    <nd ref='-1846'/>
    <nd ref='-1847'/>
    <nd ref='-1848'/>
    <nd ref='-1849'/>
    <nd ref='-1850'/>
    <nd ref='-1851'/>
    <nd ref='-1852'/>
    <nd ref='-1853'/>
    <nd ref='-1854'/>
    <nd ref='-1855'/>
    <nd ref='-1856'/>
    <nd ref='-1857'/>
    <nd ref='-1858'/>
    <nd ref='-1859'/>
    <nd ref='-1860'/>
    <nd ref='-1861'/>
    <nd ref='-1862'/>
    <nd ref='-1863'/>
    <nd ref='-1864'/>
    <nd ref='-1865'/>
    <nd ref='-1866'/>
    <nd ref='-1867'/>
    <nd ref='-1868'/>
    <nd ref='-1869'/>
    <nd ref='-1870'/>
    <nd ref='-1871'/>
    <nd ref='-1872'/>
    <nd ref='-1873'/>
    <nd ref='-1874'/>
    <nd ref='-1875'/>
    <nd ref='-1876'/>
    <nd ref='-1877'/>
    <nd ref='-1878'/>
    <nd ref='-1879'/>
    <nd ref='-1880'/>
    <nd ref='-1881'/>
    <nd ref='-1882'/>
    <nd ref='-1883'/>
    <nd ref='-1884'/>
    <nd ref='-1885'/>
    <nd ref='-1886'/>
    <nd ref='-1887'/>
    <nd ref='-1888'/>
    <nd ref='-1889'/>
    <nd ref='-1890'/>
    <nd ref='-1891'/>
    <nd ref='-1892'/>
    <nd ref='-1893'/>
    <nd ref='-1894'/>
    <nd ref='-1895'/>
    <nd ref='-1896'/>
    <nd ref='-1897'/>
    <nd ref='-1898'/>
    <nd ref='-1899'/>
    <nd ref='-1900'/>
    <nd ref='-1901'/>
    <nd ref='-1902'/>
    <nd ref='-1903'/>
    <nd ref='-1904'/>
    <nd ref='-1905'/>
    <nd ref='-1906'/>
    <nd ref='-1907'/>
    <nd ref='-1908'/>
    <nd ref='-1909'/>
    <nd ref='-1910'/>
    <nd ref='-1911'/>
    <nd ref='-1912'/>
    <nd ref='-1913'/>
    <nd ref='-1914'/>
    <nd ref='-1915'/>
    <nd ref='-1916'/>
    <nd ref='-1917'/>
    <nd ref='-1918'/>
    <nd ref='-1919'/>
    <nd ref='-1920'/>
    <nd ref='-1921'/>
    <nd ref='-1922'/>
    <nd ref='-1923'/>
    <nd ref='-1924'/>
    <nd ref='-1925'/>
    <nd ref='-1926'/>
    <nd ref='-1927'/>
    <nd ref='-1928'/>
    <nd ref='-1929'/>
    <nd ref='-1930'/>
    <nd ref='-1931'/>
    <nd ref='-1932'/>
    <nd ref='-1933'/>
    <nd ref='-1934'/>
    <nd ref='-1935'/>
    <nd ref='-1936'/>
    <nd ref='-1937'/>
    <nd ref='-1938'/>
    <nd ref='-1939'/>
    <nd ref='-1940'/>
    <nd ref='-1941'/>
    <nd ref='-1942'/>
    <nd ref='-1943'/>
    <nd ref='-1944'/>
    <nd ref='-1945'/>
    <nd ref='-1946'/>
    <nd ref='-1947'/>
    <nd ref='-1948'/>
    <nd ref='-1949'/>
    <nd ref='-1950'/>
    <nd ref='-1951'/>
    <nd ref='-1952'/>
    <nd ref='-1953'/>
    <nd ref='-1954'/>
    <nd ref='-1955'/>
    <nd ref='-1956'/>
    <nd ref='-1957'/>
    <nd ref='-1958'/>
    <nd ref='-1959'/>
    <nd ref='-1960'/>
    <nd ref='-1961'/>
    <nd ref='-1962'/>
    <nd ref='-1963'/>
    <nd ref='-1964'/>
    <nd ref='-1965'/>
    <nd ref='-1966'/>
    <nd ref='-1967'/>
    <nd ref='-1968'/>
    <nd ref='-1969'/>
    <nd ref='-1970'/>
    <nd ref='-1971'/>
    <nd ref='-1972'/>
    <nd ref='-1973'/>
    <nd ref='-1974'/>
    <nd ref='-1975'/>
    <nd ref='-1976'/>
    <nd ref='-1977'/>
    <nd ref='-1978'/>
    <nd ref='-1979'/>
    <nd ref='-1980'/>
    <nd ref='-1981'/>
    <nd ref='-1982'/>
    <nd ref='-1983'/>
    <nd ref='-1984'/>
    <nd ref='-1985'/>
    <nd ref='-1986'/>
    <nd ref='-1987'/>
    <nd ref='-1988'/>
    <nd ref='-1989'/>
    <nd ref='-1990'/>
    <nd ref='-1991'/>
    <nd ref='-1992'/>
    <nd ref='-1993'/>
    <nd ref='-1994'/>
    <nd ref='-1995'/>
    <nd ref='-1996'/>
    <nd ref='-1997'/>
    <nd ref='-1998'/>
    <nd ref='-1999'/>
    <nd ref='-2000'/>
    <nd ref='-2001'/>
    <nd ref='-2002'/>
    <nd ref='-2003'/>
    <nd ref='-2004'/>
    <nd ref='-2005'/>
    <nd ref='-2006'/>
    <nd ref='-2007'/>
    <nd ref='-2008'/>
    <nd ref='-2009'/>
    <nd ref='-2010'/>
    <nd ref='-2011'/>
    <nd ref='-2012'/>
    <nd ref='-2013'/>
    <nd ref='-2014'/>
    <nd ref='-2015'/>
    <nd ref='-2016'/>
    <nd ref='-2017'/>
    <nd ref='-2018'/>
    <nd ref='-2019'/>
    <nd ref='-2020'/>
    <nd ref='-2021'/>
    <nd ref='-2022'/>
    <nd ref='-2023'/>
    <nd ref='-2024'/>
    <nd ref='-2025'/>
    <nd ref='-2026'/>
    <nd ref='-2027'/>
    <nd ref='-2028'/>
    <nd ref='-2029'/>
    <nd ref='-2030'/>
    <nd ref='-2031'/>
    <nd ref='-2032'/>
    <nd ref='-2033'/>
    <nd ref='-2034'/>
    <nd ref='-2035'/>
    <nd ref='-2036'/>
    <nd ref='-2037'/>
    <nd ref='-2038'/>
    <nd ref='-2039'/>
    <nd ref='-2040'/>
    <nd ref='-2041'/>
    <nd ref='-2042'/>
    <nd ref='-2043'/>
    <nd ref='-2044'/>
    <nd ref='-2045'/>
    <nd ref='-2046'/>
    <nd ref='-2047'/>
    <nd ref='-2048'/>
    <nd ref='-2049'/>
    <nd ref='-2050'/>
    <nd ref='-2051'/>
    <nd ref='-2052'/>
    <nd ref='-2053'/>
    <nd ref='-2054'/>
    <nd ref='-2055'/>
    <nd ref='-2056'/>
    <nd ref='-2057'/>
    <nd ref='-2058'/>
    <nd ref='-2059'/>
    <nd ref='-2060'/>
    <nd ref='-2061'/>
    <nd ref='-2062'/>
    <nd ref='-2063'/>
    <nd ref='-2064'/>
    <nd ref='-2065'/>
    <nd ref='-2066'/>
    <nd ref='-2067'/>
    <nd ref='-2068'/>
    <nd ref='-2069'/>
    <nd ref='-2070'/>
    <nd ref='-2071'/>
    <nd ref='-2072'/>
    <nd ref='-2073'/>
    <nd ref='-2074'/>
    <nd ref='-2075'/>
    <nd ref='-2076'/>
    <nd ref='-2077'/>
    <nd ref='-2078'/>
    <nd ref='-2079'/>
    <nd ref='-2080'/>
    <nd ref='-2081'/>
    <nd ref='-2082'/>
    <nd ref='-2083'/>
    <nd ref='-2084'/>
    <nd ref='-2085'/>
    <nd ref='-2086'/>
    <nd ref='-2087'/>
    <nd ref='-2088'/>
    <nd ref='-2089'/>
    <nd ref='-2090'/>
    <nd ref='-2091'/>
    <nd ref='-2092'/>
    <nd ref='-2093'/>
    <nd ref='-2094'/>
    <nd ref='-2095'/>
    <nd ref='-2096'/>
    <nd ref='-2097'/>
    <nd ref='-2098'/>
    <nd ref='-2099'/>
    <nd ref='-2100'/>
    <nd ref='-2101'/>
    <nd ref='-2102'/>
    <nd ref='-2103'/>
    <nd ref='-2104'/>
    <nd ref='-2105'/>
    <nd ref='-2106'/>
    <nd ref='-2107'/>
    <nd ref='-2108'/>
    <nd ref='-2109'/>
    <nd ref='-2110'/>
    <nd ref='-2111'/>
    <nd ref='-2112'/>
    <nd ref='-2113'/>
    <nd ref='-2114'/>
    <nd ref='-2115'/>
    <nd ref='-2116'/>
    <nd ref='-2117'/>
    <nd ref='-2118'/>
    <nd ref='-2119'/>
    <nd ref='-2120'/>
    <nd ref='-2121'/>
    <nd ref='-2122'/>
    <nd ref='-2123'/>
    <nd ref='-2124'/>
    <nd ref='-2125'/>
    <nd ref='-2126'/>
    <nd ref='-2127'/>
    <nd ref='-2128'/>
    <nd ref='-2129'/>
    <nd ref='-2130'/>
    <nd ref='-2131'/>
    <nd ref='-2132'/>
    <nd ref='-2133'/>
    <nd ref='-2134'/>
    <nd ref='-2135'/>
    <nd ref='-2136'/>
    <nd ref='-2137'/>
    <nd ref='-2138'/>
    <nd ref='-2139'/>
    <nd ref='-2140'/>
    <nd ref='-2141'/>
    <nd ref='-2142'/>
    <nd ref='-2143'/>
    <nd ref='-2144'/>
    <nd ref='-2145'/>
    <nd ref='-2146'/>
    <nd ref='-2147'/>
    <nd ref='-2148'/>
    <nd ref='-2149'/>
    <nd ref='-2150'/>
    <nd ref='-2151'/>
    <nd ref='-2152'/>
    <nd ref='-2153'/>
    <nd ref='-2154'/>
    <nd ref='-2155'/>
    <nd ref='-2156'/>
    <nd ref='-2157'/>
    <nd ref='-2158'/>
    <nd ref='-2159'/>
    <nd ref='-2160'/>
    <nd ref='-2161'/>
    <nd ref='-2162'/>
    <nd ref='-2163'/>
    <nd ref='-2164'/>
    <nd ref='-2165'/>
    <nd ref='-2166'/>
    <nd ref='-2167'/>
    <nd ref='-2168'/>
    <nd ref='-2169'/>
    <nd ref='-2170'/>
    <nd ref='-2171'/>
    <nd ref='-2172'/>
    <nd ref='-2173'/>
    <nd ref='-2174'/>
    <nd ref='-2175'/>
    <nd ref='-2176'/>
    <nd ref='-2177'/>
    <nd ref='-2178'/>
    <nd ref='-2179'/>
    <nd ref='-2180'/>
    <nd ref='-2181'/>
    <nd ref='-2182'/>
    <nd ref='-2183'/>
    <nd ref='-2184'/>
    <nd ref='-2185'/>
    <nd ref='-2186'/>
    <nd ref='-2187'/>
    <nd ref='-2188'/>
    <nd ref='-2189'/>
    <nd ref='-2190'/>
    <nd ref='-2191'/>
    <nd ref='-2192'/>
    <nd ref='-2193'/>
    <nd ref='-2194'/>
    <nd ref='-2195'/>
    <nd ref='-2196'/>
    <nd ref='-2197'/>
    <nd ref='-2198'/>
    <nd ref='-2199'/>
    <nd ref='-2200'/>
    <nd ref='-2201'/>
    <nd ref='-2202'/>
    <nd ref='-2203'/>
    <nd ref='-2204'/>
    <nd ref='-2205'/>
    <nd ref='-2206'/>
    <nd ref='-2207'/>
    <nd ref='-2208'/>
    <nd ref='-2209'/>
    <nd ref='-2210'/>
    <nd ref='-2211'/>
    <nd ref='-2212'/>
    <nd ref='-2213'/>
    <nd ref='-2214'/>
    <nd ref='-2215'/>
    <nd ref='-2216'/>
    <nd ref='-2217'/>
    <nd ref='-2218'/>
    <nd ref='-2219'/>
    <nd ref='-2220'/>
    <nd ref='-2221'/>
    <nd ref='-2222'/>
    <nd ref='-2223'/>
    <nd ref='-2224'/>
    <nd ref='-2225'/>
    <nd ref='-2226'/>
    <nd ref='-2227'/>
    <nd ref='-2228'/>
    <nd ref='-2229'/>
    <nd ref='-2230'/>
    <nd ref='-2231'/>
    <nd ref='-2232'/>
    <nd ref='-2233'/>
    <nd ref='-2234'/>
    <nd ref='-2235'/>
    <nd ref='-2236'/>
    <nd ref='-2237'/>
    <nd ref='-2238'/>
    <nd ref='-2239'/>
    <nd ref='-2240'/>
    <nd ref='-2241'/>
    <nd ref='-2242'/>
    <nd ref='-2243'/>
    <nd ref='-2244'/>
    <nd ref='-2245'/>
    <nd ref='-2246'/>
    <nd ref='-2247'/>
    <nd ref='-2248'/>
    <nd ref='-2249'/>
    <nd ref='-2250'/>
    <nd ref='-2251'/>
    <nd ref='-2252'/>
    <nd ref='-2253'/>
    <nd ref='-2254'/>
    <nd ref='-2255'/>
    <nd ref='-2256'/>
    <nd ref='-2257'/>
    <nd ref='-2258'/>
    <nd ref='-2259'/>
    <nd ref='-2260'/>
    <nd ref='-2261'/>
    <nd ref='-2262'/>
    <nd ref='-2263'/>
    <nd ref='-2264'/>
    <nd ref='-2265'/>
    <nd ref='-2266'/>
    <nd ref='-2267'/>
    <nd ref='-2268'/>
    <nd ref='-2269'/>
    <nd ref='-2270'/>
    <nd ref='-2271'/>
    <nd ref='-2272'/>
    <nd ref='-2273'/>
    <nd ref='-2274'/>
    <nd ref='-2275'/>
    <nd ref='-2276'/>
    <nd ref='-2277'/>
    <nd ref='-2278'/>
    <nd ref='-2279'/>
    <nd ref='-2280'/>
    <nd ref='-2281'/>
    <nd ref='-2282'/>
    <nd ref='-2283'/>
    <nd ref='-2284'/>
    <nd ref='-2285'/>
    <nd ref='-2286'/>
    <nd ref='-2287'/>
    <nd ref='-2288'/>
    <nd ref='-2289'/>
    <nd ref='-2290'/>
    <nd ref='-2291'/>
    <nd ref='-2292'/>
    <nd ref='-2293'/>
    <nd ref='-2294'/>
    <nd ref='-2295'/>
    <nd ref='-2296'/>
    <nd ref='-2297'/>
    <nd ref='-2298'/>
    <nd ref='-2299'/>
    <nd ref='-2300'/>
    <nd ref='-2301'/>
    <nd ref='-2302'/>
    <nd ref='-2303'/>
    <nd ref='-2304'/>
    <nd ref='-2305'/>
    <nd ref='-2306'/>
    <nd ref='-2307'/>
    <nd ref='-2308'/>
    <nd ref='-2309'/>
    <nd ref='-2310'/>
    <nd ref='-2311'/>
    <nd ref='-2312'/>
    <nd ref='-2313'/>
    <nd ref='-2314'/>
    <nd ref='-2315'/>
    <nd ref='-2316'/>
    <nd ref='-2317'/>
    <nd ref='-2318'/>
    <nd ref='-2319'/>
    <nd ref='-2320'/>
    <nd ref='-2321'/>
    <nd ref='-2322'/>
    <nd ref='-2323'/>
    <nd ref='-2324'/>
    <nd ref='-2325'/>
    <nd ref='-2326'/>
    <nd ref='-2327'/>
    <nd ref='-2328'/>
    <nd ref='-2329'/>
    <nd ref='-2330'/>
    <nd ref='-2331'/>
    <nd ref='-2332'/>
    <nd ref='-2333'/>
    <nd ref='-2334'/>
    <nd ref='-2335'/>
    <nd ref='-2336'/>
    <nd ref='-2337'/>
    <nd ref='-2338'/>
    <nd ref='-2339'/>
    <nd ref='-2340'/>
    <nd ref='-2341'/>
    <nd ref='-2342'/>
    <nd ref='-2343'/>
    <nd ref='-2344'/>
    <nd ref='-2345'/>
    <nd ref='-2346'/>
    <nd ref='-2347'/>
    <nd ref='-2348'/>
    <nd ref='-2349'/>
    <nd ref='-2350'/>
    <nd ref='-2351'/>
    <nd ref='-2352'/>
    <nd ref='-2353'/>
    <nd ref='-2354'/>
    <nd ref='-2355'/>
    <nd ref='-2356'/>
    <nd ref='-2357'/>
    <nd ref='-2358'/>
    <nd ref='-2359'/>
    <nd ref='-2360'/>
    <nd ref='-2361'/>
    <nd ref='-2362'/>
    <nd ref='-2363'/>
    <nd ref='-2364'/>
    <nd ref='-2365'/>
    <nd ref='-2366'/>
    <nd ref='-2367'/>
    <nd ref='-2368'/>
    <nd ref='-2369'/>
    <nd ref='-2370'/>
    <nd ref='-2371'/>
    <nd ref='-2372'/>
    <nd ref='-2373'/>
    <nd ref='-2374'/>
    <nd ref='-2375'/>
    <nd ref='-2376'/>
    <nd ref='-2377'/>
    <nd ref='-2378'/>
    <nd ref='-2379'/>
    <nd ref='-2380'/>
    <nd ref='-2381'/>
    <nd ref='-2382'/>
    <nd ref='-2383'/>
    <nd ref='-2384'/>
    <nd ref='-2385'/>
    <nd ref='-2386'/>
    <nd ref='-2387'/>
    <nd ref='-2388'/>
    <nd ref='-2389'/>
    <nd ref='-2390'/>
    <nd ref='-2391'/>
    <nd ref='-2392'/>
    <nd ref='-2393'/>
    <nd ref='-2394'/>
    <nd ref='-2395'/>
    <nd ref='-2396'/>
    <nd ref='-2397'/>
    <nd ref='-2398'/>
    <nd ref='-2399'/>
    <nd ref='-2400'/>
    <nd ref='-2401'/>
    <nd ref='-2402'/>
    <nd ref='-2403'/>
    <nd ref='-2404'/>
    <nd ref='-2405'/>
    <nd ref='-2406'/>
    <nd ref='-2407'/>
    <nd ref='-2408'/>
    <nd ref='-2409'/>
    <nd ref='-2410'/>
    <nd ref='-2411'/>
    <nd ref='-2412'/>
    <nd ref='-2413'/>
    <nd ref='-2414'/>
    <nd ref='-2415'/>
    <nd ref='-2416'/>
    <nd ref='-2417'/>
    <nd ref='-2418'/>
    <nd ref='-2419'/>
    <nd ref='-2420'/>
    <nd ref='-2421'/>
    <nd ref='-2422'/>
    <nd ref='-2423'/>
    <nd ref='-2424'/>
    <nd ref='-2425'/>
    <nd ref='-2426'/>
    <nd ref='-2427'/>
    <nd ref='-2428'/>
    <nd ref='-2429'/>
    <nd ref='-2430'/>
    <nd ref='-2431'/>
    <nd ref='-2432'/>
    <nd ref='-2433'/>
    <nd ref='-2434'/>
    <nd ref='-2435'/>
    <nd ref='-2436'/>
    <nd ref='-2437'/>
    <nd ref='-2438'/>
    <nd ref='-2439'/>
    <nd ref='-2440'/>
    <nd ref='-2441'/>
    <nd ref='-2442'/>
    <nd ref='-2443'/>
    <nd ref='-2444'/>
    <nd ref='-2445'/>
    <nd ref='-2446'/>
    <nd ref='-2447'/>
    <nd ref='-2448'/>
    <nd ref='-2449'/>
    <nd ref='-2450'/>
    <nd ref='-2451'/>
    <nd ref='-2452'/>
    <nd ref='-2453'/>
    <nd ref='-2454'/>
    <nd ref='-2455'/>
    <nd ref='-2456'/>
    <nd ref='-2457'/>
    <nd ref='-2458'/>
    <nd ref='-2459'/>
    <nd ref='-2460'/>
    <nd ref='-2461'/>
    <nd ref='-2462'/>
    <nd ref='-2463'/>
    <nd ref='-2464'/>
    <nd ref='-2465'/>
    <nd ref='-2466'/>
    <nd ref='-2467'/>
    <nd ref='-2468'/>
    <nd ref='-2469'/>
    <nd ref='-2470'/>
    <nd ref='-2471'/>
    <nd ref='-2472'/>
    <nd ref='-2473'/>
    <nd ref='-2474'/>
    <nd ref='-2475'/>
    <nd ref='-2476'/>
    <nd ref='-2477'/>
    <nd ref='-2478'/>
    <nd ref='-2479'/>
    <nd ref='-2480'/>
    <nd ref='-2481'/>
    <nd ref='-2482'/>
    <nd ref='-2483'/>
    <nd ref='-2484'/>
    <nd ref='-2485'/>
    <nd ref='-2486'/>
    <nd ref='-2487'/>
    <nd ref='-2488'/>
    <nd ref='-2489'/>
    <nd ref='-2490'/>
    <nd ref='-2491'/>
    <nd ref='-2492'/>
    <nd ref='-2493'/>
    <nd ref='-2494'/>
    <nd ref='-2495'/>
    <nd ref='-2496'/>
    <nd ref='-2497'/>
    <nd ref='-2498'/>
    <nd ref='-2499'/>
    <nd ref='-2500'/>
    <nd ref='-2501'/>
    <nd ref='-2502'/>
    <nd ref='-2503'/>
    <nd ref='-2504'/>
    <nd ref='-2505'/>
    <nd ref='-2506'/>
    <nd ref='-2507'/>
    <nd ref='-2508'/>
    <nd ref='-2509'/>
    <nd ref='-2510'/>
    <nd ref='-2511'/>
    <nd ref='-2512'/>
    <nd ref='-2513'/>
    <nd ref='-2514'/>
    <nd ref='-2515'/>
    <nd ref='-2516'/>
    <nd ref='-2517'/>
    <nd ref='-2518'/>
    <nd ref='-2519'/>
    <nd ref='-2520'/>
    <nd ref='-2521'/>
    <nd ref='-2522'/>
    <nd ref='-2523'/>
    <nd ref='-2524'/>
    <nd ref='-2525'/>
    <nd ref='-2526'/>
    <nd ref='-2527'/>
    <nd ref='-2528'/>
    <nd ref='-2529'/>
    <nd ref='-2530'/>
    <nd ref='-2531'/>
    <nd ref='-2532'/>
    <nd ref='-2533'/>
    <nd ref='-2534'/>
    <nd ref='-2535'/>
    <nd ref='-2536'/>
    <nd ref='-2537'/>
    <nd ref='-2538'/>
    <nd ref='-2539'/>
    <nd ref='-2540'/>
    <nd ref='-2541'/>
    <nd ref='-2542'/>
    <nd ref='-2543'/>
    <nd ref='-2544'/>
    <nd ref='-2545'/>
    <nd ref='-2546'/>
    <nd ref='-2547'/>
    <nd ref='-2548'/>
    <nd ref='-2549'/>
    <nd ref='-2550'/>
    <nd ref='-2551'/>
    <nd ref='-2552'/>
    <nd ref='-2553'/>
    <nd ref='-2554'/>
    <nd ref='-2555'/>
    <nd ref='-2556'/>
    <nd ref='-2557'/>
    <nd ref='-2558'/>
    <nd ref='-2559'/>
    <nd ref='-2560'/>
    <nd ref='-2561'/>
    <nd ref='-2562'/>
    <nd ref='-2563'/>
    <nd ref='-2564'/>
    <nd ref='-2565'/>
    <nd ref='-2566'/>
    <nd ref='-2567'/>
    <nd ref='-2568'/>
    <nd ref='-2569'/>
    <nd ref='-2570'/>
    <nd ref='-2571'/>
    <nd ref='-2572'/>
    <nd ref='-2573'/>
    <nd ref='-2574'/>
    <nd ref='-2575'/>
    <nd ref='-2576'/>
    <nd ref='-2577'/>
    <nd ref='-2578'/>
    <nd ref='-2579'/>
    <nd ref='-2580'/>
    <nd ref='-2581'/>
    <nd ref='-2582'/>
    <nd ref='-2583'/>
    <nd ref='-2584'/>
    <nd ref='-2585'/>
    <nd ref='-2586'/>
    <nd ref='-2587'/>
    <nd ref='-2588'/>
    <nd ref='-2589'/>
    <nd ref='-2590'/>
    <nd ref='-2591'/>
    <nd ref='-2592'/>
    <nd ref='-2593'/>
    <nd ref='-2594'/>
    <nd ref='-2595'/>
    <nd ref='-2596'/>
    <nd ref='-2597'/>
    <nd ref='-2598'/>
    <nd ref='-2599'/>
    <nd ref='-2600'/>
    <nd ref='-2601'/>
    <nd ref='-2602'/>
    <nd ref='-2603'/>
    <nd ref='-2604'/>
    <nd ref='-2605'/>
    <nd ref='-2606'/>
    <nd ref='-2607'/>
    <nd ref='-2608'/>
    <nd ref='-2609'/>
    <nd ref='-2610'/>
    <nd ref='-2611'/>
    <nd ref='-2612'/>
    <nd ref='-2613'/>
    <nd ref='-2614'/>
    <nd ref='-2615'/>
    <nd ref='-2616'/>
    <nd ref='-2617'/>
    <nd ref='-2618'/>
    <nd ref='-2619'/>
    <nd ref='-2620'/>
    <nd ref='-2621'/>
    <nd ref='-2622'/>
    <nd ref='-2623'/>
    <nd ref='-2624'/>
    <nd ref='-2625'/>
    <nd ref='-2626'/>
    <nd ref='-2627'/>
    <nd ref='-2628'/>
    <nd ref='-2629'/>
    <nd ref='-2630'/>
    <nd ref='-2631'/>
    <nd ref='-2632'/>
    <nd ref='-2633'/>
    <nd ref='-2634'/>
    <nd ref='-2635'/>
    <nd ref='-2636'/>
    <nd ref='-2637'/>
    <nd ref='-2638'/>
    <nd ref='-2639'/>
    <nd ref='-2640'/>
    <nd ref='-2641'/>
    <nd ref='-2642'/>
    <nd ref='-2643'/>
    <nd ref='-2644'/>
    <nd ref='-2645'/>
    <nd ref='-2646'/>
    <nd ref='-2647'/>
    <nd ref='-2648'/>
    <nd ref='-2649'/>
    <nd ref='-2650'/>
    <nd ref='-2651'/>
    <nd ref='-2652'/>
    <nd ref='-2653'/>
    <nd ref='-2654'/>
    <nd ref='-2655'/>
    <nd ref='-2656'/>
    <nd ref='-2657'/>
    <nd ref='-2658'/>
    <nd ref='-2659'/>
    <nd ref='-2660'/>
    <nd ref='-2661'/>
    <nd ref='-2662'/>
    <nd ref='-2663'/>
    <nd ref='-2664'/>
    <nd ref='-2665'/>
    <nd ref='-2666'/>
    <nd ref='-2667'/>
    <nd ref='-2668'/>
    <nd ref='-2669'/>
    <nd ref='-2670'/>
    <nd ref='-2671'/>
    <nd ref='-2672'/>
    <nd ref='-2673'/>
    <nd ref='-2674'/>
    <nd ref='-2675'/>
    <nd ref='-2676'/>
    <nd ref='-2677'/>
    <nd ref='-2678'/>
    <nd ref='-2679'/>
    <nd ref='-2680'/>
    <nd ref='-2681'/>
    <nd ref='-2682'/>
    <nd ref='-2683'/>
    <nd ref='-2684'/>
    <nd ref='-2685'/>
    <nd ref='-2686'/>
    <nd ref='-2687'/>
    <nd ref='-2688'/>
    <nd ref='-2689'/>
    <nd ref='-2690'/>
    <nd ref='-2691'/>
    <nd ref='-2692'/>
    <nd ref='-2693'/>
    <nd ref='-2694'/>
    <nd ref='-2695'/>
    <nd ref='-2696'/>
    <nd ref='-2697'/>
    <nd ref='-2698'/>
    <nd ref='-2699'/>
    <nd ref='-2700'/>
    <nd ref='-2701'/>
    <nd ref='-2702'/>
    <nd ref='-2703'/>
    <nd ref='-2704'/>
    <nd ref='-2705'/>
    <nd ref='-2706'/>
    <nd ref='-2707'/>
    <nd ref='-2708'/>
    <nd ref='-2709'/>
    <nd ref='-2710'/>
    <nd ref='-2711'/>
    <nd ref='-2712'/>
    <nd ref='-2713'/>
    <nd ref='-2714'/>
    <nd ref='-2715'/>
    <nd ref='-2716'/>
    <nd ref='-2717'/>
    <nd ref='-2718'/>
    <nd ref='-2719'/>
    <nd ref='-2720'/>
    <nd ref='-2721'/>
    <nd ref='-2722'/>
    <nd ref='-2723'/>
    <nd ref='-2724'/>
    <nd ref='-2725'/>
    <nd ref='-2726'/>
    <nd ref='-2727'/>
    <nd ref='-2728'/>
    <nd ref='-2729'/>
    <nd ref='-2730'/>
    <nd ref='-2731'/>
    <nd ref='-2732'/>
    <nd ref='-2733'/>
    <nd ref='-2734'/>
    <nd ref='-2735'/>
    <nd ref='-2736'/>
    <nd ref='-2737'/>
    <nd ref='-2738'/>
    <nd ref='-2739'/>
    <nd ref='-2740'/>
    <nd ref='-2741'/>
    <nd ref='-2742'/>
    <nd ref='-2743'/>
    <nd ref='-2744'/>
    <nd ref='-2745'/>
    <nd ref='-2746'/>
    <nd ref='-2747'/>
    <nd ref='-2748'/>
    <nd ref='-2749'/>
    <nd ref='-2750'/>
    <nd ref='-2751'/>
    <nd ref='-2752'/>
    <nd ref='-2753'/>
    <nd ref='-2754'/>
    <nd ref='-2755'/>
    <nd ref='-2756'/>
    <nd ref='-2757'/>
    <nd ref='-2758'/>
    <nd ref='-2759'/>
    <nd ref='-2760'/>
    <nd ref='-2761'/>
    <nd ref='-2762'/>
    <nd ref='-2763'/>
    <nd ref='-2764'/>
    <nd ref='-2765'/>
    <nd ref='-2766'/>
    <nd ref='-2767'/>
    <nd ref='-2768'/>
    <nd ref='-2769'/>
    <nd ref='-2770'/>
    <nd ref='-2771'/>
    <nd ref='-2772'/>
    <nd ref='-2773'/>
    <nd ref='-2774'/>
    <nd ref='-2775'/>
    <nd ref='-2776'/>
    <nd ref='-2777'/>
    <nd ref='-2778'/>
    <nd ref='-2779'/>
    <nd ref='-2780'/>
    <nd ref='-2781'/>
    <nd ref='-2782'/>
    <nd ref='-2783'/>
    <nd ref='-2784'/>
    <nd ref='-2785'/>
    <nd ref='-2786'/>
    <nd ref='-2787'/>
    <nd ref='-2788'/>
    <nd ref='-2789'/>
    <nd ref='-2790'/>
    <nd ref='-2791'/>
    <nd ref='-2792'/>
    <nd ref='-2793'/>
    <nd ref='-2794'/>
    <nd ref='-2795'/>
    <nd ref='-2796'/>
    <nd ref='-2797'/>
    <nd ref='-2798'/>
    <nd ref='-2799'/>
    <nd ref='-2800'/>
    <nd ref='-2801'/>
    <nd ref='-2802'/>
    <nd ref='-2803'/>
    <nd ref='-2804'/>
    <nd ref='-2805'/>
    <nd ref='-2806'/>
    <nd ref='-2807'/>
    <nd ref='-2808'/>
    <nd ref='-2809'/>
    <nd ref='-2810'/>
    <nd ref='-2811'/>
    <nd ref='-2812'/>
    <nd ref='-2813'/>
    <nd ref='-2814'/>
    <nd ref='-2815'/>
    <nd ref='-2816'/>
    <nd ref='-2817'/>
    <nd ref='-2818'/>
    <nd ref='-2819'/>
    <nd ref='-2820'/>
    <nd ref='-2821'/>
    <nd ref='-2822'/>
    <nd ref='-2823'/>
    <nd ref='-2824'/>
    <nd ref='-2825'/>
    <nd ref='-2826'/>
    <nd ref='-2827'/>
    <nd ref='-2828'/>
    <nd ref='-2829'/>
    <nd ref='-2830'/>
    <nd ref='-2831'/>
    <nd ref='-2832'/>
    <nd ref='-2833'/>
    <nd ref='-2834'/>
    <nd ref='-2835'/>
    <nd ref='-2836'/>
    <nd ref='-2837'/>
    <nd ref='-2838'/>
    <nd ref='-2839'/>
    <nd ref='-2840'/>
    <nd ref='-2841'/>
    <nd ref='-2842'/>
    <nd ref='-2843'/>
    <nd ref='-2844'/>
    <nd ref='-2845'/>
    <nd ref='-2846'/>
    <nd ref='-2847'/>
    <nd ref='-2848'/>
    <nd ref='-2849'/>
    <nd ref='-2850'/>
    <nd ref='-2851'/>
    <nd ref='-2852'/>
    <nd ref='-2853'/>
    <nd ref='-2854'/>
    <nd ref='-2855'/>
    <nd ref='-2856'/>
    <nd ref='-2857'/>
    <nd ref='-2858'/>
    <nd ref='-2859'/>
    <nd ref='-2860'/>
    <nd ref='-2861'/>
    <nd ref='-2862'/>
    <nd ref='-2863'/>
    <nd ref='-2864'/>
    <nd ref='-2865'/>
    <nd ref='-2866'/>
    <nd ref='-2867'/>
    <nd ref='-2868'/>
    <nd ref='-2869'/>
    <nd ref='-2870'/>
    <nd ref='-2871'/>
    <nd ref='-2872'/>
    <nd ref='-2873'/>
    <nd ref='-2874'/>
    <nd ref='-2875'/>
    <nd ref='-2876'/>
    <nd ref='-2877'/>
    <nd ref='-2878'/>
    <nd ref='-2879'/>
    <nd ref='-2880'/>
    <nd ref='-2881'/>
    <nd ref='-2882'/>
    <nd ref='-2883'/>
    <nd ref='-2884'/>
    <nd ref='-2885'/>
    <nd ref='-2886'/>
    <nd ref='-2887'/>
    <nd ref='-2888'/>
    <nd ref='-2889'/>
    <nd ref='-2890'/>
    <nd ref='-2891'/>
    <nd ref='-2892'/>
    <nd ref='-2893'/>
    <nd ref='-2894'/>
    <nd ref='-2895'/>
    <nd ref='-2896'/>
    <nd ref='-2897'/>
    <nd ref='-2898'/>
    <nd ref='-2899'/>
    <nd ref='-2900'/>
    <nd ref='-2901'/>
    <nd ref='-2902'/>
    <nd ref='-2903'/>
    <nd ref='-2904'/>
    <nd ref='-2905'/>
    <nd ref='-2906'/>
    <nd ref='-2907'/>
    <nd ref='-2908'/>
    <nd ref='-2909'/>
    <nd ref='-2910'/>
    <nd ref='-2911'/>
    <nd ref='-2912'/>
    <nd ref='-2913'/>
    <nd ref='-2914'/>
    <nd ref='-2915'/>
    <nd ref='-2916'/>
    <nd ref='-2917'/>
    <nd ref='-2918'/>
    <nd ref='-2919'/>
    <nd ref='-2920'/>
    <nd ref='-2921'/>
    <nd ref='-2922'/>
    <nd ref='-2923'/>
    <nd ref='-2924'/>
    <nd ref='-2925'/>
    <nd ref='-2926'/>
    <nd ref='-2927'/>
    <nd ref='-2928'/>
    <nd ref='-2929'/>
    <nd ref='-2930'/>
    <nd ref='-2931'/>
    <nd ref='-2932'/>
    <nd ref='-2933'/>
    <nd ref='-2934'/>
    <nd ref='-2935'/>
    <nd ref='-2936'/>
    <nd ref='-2937'/>
    <nd ref='-2938'/>
    <nd ref='-2939'/>
    <nd ref='-2940'/>
    <nd ref='-2941'/>
    <nd ref='-2942'/>
    <nd ref='-2943'/>
    <nd ref='-2944'/>
    <nd ref='-2945'/>
    <nd ref='-2946'/>
    <nd ref='-2947'/>
    <nd ref='-2948'/>
    <nd ref='-2949'/>
    <nd ref='-2950'/>
    <nd ref='-2951'/>
    <nd ref='-2952'/>
    <nd ref='-2953'/>
    <nd ref='-2954'/>
    <nd ref='-2955'/>
    <nd ref='-2956'/>
    <nd ref='-2957'/>
    <nd ref='-2958'/>
    <nd ref='-2959'/>
    <nd ref='-2960'/>
    <nd ref='-2961'/>
    <nd ref='-2962'/>
    <nd ref='-2963'/>
    <nd ref='-2964'/>
    <nd ref='-2965'/>
    <nd ref='-2966'/>
    <nd ref='-2967'/>
    <nd ref='-2968'/>
    <nd ref='-2969'/>
    <nd ref='-2970'/>
    <nd ref='-2971'/>
    <nd ref='-2972'/>
    <nd ref='-2973'/>
    <nd ref='-2974'/>
    <nd ref='-2975'/>
    <nd ref='-2976'/>
    <nd ref='-2977'/>
    <nd ref='-2978'/>
    <nd ref='-2979'/>
    <nd ref='-2980'/>
    <nd ref='-2981'/>
    <nd ref='-2982'/>
    <nd ref='-2983'/>
    <nd ref='-2984'/>
    <nd ref='-2985'/>
    <nd ref='-2986'/>
    <nd ref='-2987'/>
    <nd ref='-2988'/>
    <nd ref='-2989'/>
    <nd ref='-2990'/>
    <nd ref='-2991'/>
    <nd ref='-2992'/>
    <nd ref='-2993'/>
    <nd ref='-2994'/>
    <nd ref='-2995'/>
    <nd ref='-2996'/>
    <nd ref='-2997'/>
    <nd ref='-2998'/>
    <nd ref='-2999'/>
    <nd ref='-3000'/>
    <nd ref='-3001'/>
    <nd ref='-3002'/>
    <nd ref='-3003'/>
    <nd ref='-3004'/>
    <nd ref='-3005'/>
    <nd ref='-3006'/>
    <nd ref='-3007'/>
    <nd ref='-3008'/>
    <nd ref='-3009'/>
    <nd ref='-3010'/>
    <nd ref='-3011'/>
    <nd ref='-3012'/>
    <nd ref='-3013'/>
    <nd ref='-3014'/>
    <nd ref='-3015'/>
    <nd ref='-3016'/>
    <nd ref='-3017'/>
    <nd ref='-3018'/>
    <nd ref='-3019'/>
    <nd ref='-3020'/>
    <nd ref='-3021'/>
    <nd ref='-3022'/>
    <nd ref='-3023'/>
    <nd ref='-3024'/>
    <nd ref='-3025'/>
    <nd ref='-3026'/>
    <nd ref='-3027'/>
    <nd ref='-3028'/>
    <nd ref='-3029'/>
    <nd ref='-3030'/>
    <nd ref='-3031'/>
    <nd ref='-3032'/>
    <nd ref='-3033'/>
    <nd ref='-3034'/>
    <nd ref='-3035'/>
    <nd ref='-3036'/>
    <nd ref='-3037'/>
    <nd ref='-3038'/>
    <nd ref='-3039'/>
    <nd ref='-3040'/>
    <nd ref='-3041'/>
    <nd ref='-3042'/>
    <nd ref='-3043'/>
    <nd ref='-3044'/>
    <nd ref='-3045'/>
    <nd ref='-3046'/>
    <nd ref='-3047'/>
    <nd ref='-3048'/>
    <nd ref='-3049'/>
    <nd ref='-3050'/>
    <nd ref='-3051'/>
    <nd ref='-3052'/>
    <nd ref='-3053'/>
    <nd ref='-3054'/>
    <nd ref='-3055'/>
    <nd ref='-3056'/>
    <nd ref='-3057'/>
    <nd ref='-3058'/>
    <nd ref='-3059'/>
    <nd ref='-3060'/>
    <nd ref='-3061'/>
    <nd ref='-3062'/>
    <nd ref='-3063'/>
    <nd ref='-3064'/>
    <nd ref='-3065'/>
    <nd ref='-3066'/>
    <nd ref='-3067'/>
    <nd ref='-3068'/>
    <nd ref='-3069'/>
    <nd ref='-3070'/>
    <nd ref='-3071'/>
    <nd ref='-3072'/>
    <nd ref='-3073'/>
    <nd ref='-3074'/>
    <nd ref='-3075'/>
    <nd ref='-3076'/>
    <nd ref='-3077'/>
    <nd ref='-3078'/>
    <nd ref='-3079'/>
    <nd ref='-3080'/>
    <nd ref='-3081'/>
    <nd ref='-3082'/>
    <nd ref='-3083'/>
    <nd ref='-3084'/>
    <nd ref='-3085'/>
    <nd ref='-3086'/>
    <nd ref='-3087'/>
    <nd ref='-3088'/>
    <nd ref='-3089'/>
    <nd ref='-3090'/>
    <nd ref='-3091'/>
    <nd ref='-3092'/>
    <nd ref='-3093'/>
    <nd ref='-3094'/>
    <nd ref='-3095'/>
    <nd ref='-3096'/>
    <nd ref='-3097'/>
    <nd ref='-3098'/>
    <nd ref='-3099'/>
    <nd ref='-3100'/>
    <nd ref='-3101'/>
    <nd ref='-3102'/>
    <nd ref='-3103'/>
    <nd ref='-3104'/>
    <nd ref='-3105'/>
    <nd ref='-3106'/>
    <nd ref='-3107'/>
    <nd ref='-3108'/>
    <nd ref='-3109'/>
    <nd ref='-3110'/>
    <nd ref='-3111'/>
    <nd ref='-3112'/>
    <nd ref='-3113'/>
    <nd ref='-3114'/>
    <nd ref='-3115'/>
    <nd ref='-3116'/>
    <nd ref='-3117'/>
    <nd ref='-3118'/>
    <nd ref='-3119'/>
    <nd ref='-3120'/>
    <nd ref='-3121'/>
    <nd ref='-3122'/>
    <nd ref='-3123'/>
    <nd ref='-3124'/>
    <nd ref='-3125'/>
    <nd ref='-3126'/>
    <nd ref='-3127'/>
    <nd ref='-3128'/>
    <nd ref='-3129'/>
    <nd ref='-3130'/>
    <nd ref='-3131'/>
    <nd ref='-3132'/>
    <nd ref='-3133'/>
    <nd ref='-3134'/>
    <nd ref='-3135'/>
    <nd ref='-3136'/>
    <nd ref='-3137'/>
    <nd ref='-3138'/>
    <nd ref='-3139'/>
    <nd ref='-3140'/>
    <nd ref='-3141'/>
    <nd ref='-3142'/>
    <nd ref='-3143'/>
    <nd ref='-3144'/>
    <nd ref='-3145'/>
    <nd ref='-3146'/>
    <nd ref='-3147'/>
    <nd ref='-3148'/>
    <nd ref='-3149'/>
    <nd ref='-3150'/>
    <nd ref='-3151'/>
    <nd ref='-3152'/>
    <nd ref='-3153'/>
    <nd ref='-3154'/>
    <nd ref='-3155'/>
    <nd ref='-3156'/>
    <nd ref='-3157'/>
    <nd ref='-3158'/>
    <nd ref='-3159'/>
    <nd ref='-3160'/>
    <nd ref='-3161'/>
    <nd ref='-3162'/>
    <nd ref='-3163'/>
    <nd ref='-3164'/>
    <nd ref='-3165'/>
    <nd ref='-3166'/>
    <nd ref='-3167'/>
    <nd ref='-3168'/>
    <nd ref='-3169'/>
    <nd ref='-3170'/>
    <nd ref='-3171'/>
    <nd ref='-3172'/>
    <nd ref='-3173'/>
    <nd ref='-3174'/>
    <nd ref='-3175'/>
    <nd ref='-3176'/>
    <nd ref='-3177'/>
    <nd ref='-3178'/>
    <nd ref='-3179'/>
    <nd ref='-3180'/>
    <nd ref='-3181'/>
    <nd ref='-3182'/>
    <nd ref='-3183'/>
    <nd ref='-3184'/>
    <nd ref='-3185'/>
    <nd ref='-3186'/>
    <nd ref='-3187'/>
    <nd ref='-3188'/>
    <nd ref='-3189'/>
    <nd ref='-3190'/>
    <nd ref='-3191'/>
    <nd ref='-3192'/>
    <nd ref='-3193'/>
    <nd ref='-3194'/>
    <nd ref='-3195'/>
    <nd ref='-3196'/>
    <nd ref='-3197'/>
    <nd ref='-3198'/>
    <nd ref='-3199'/>
    <nd ref='-3200'/>
    <nd ref='-3201'/>
    <nd ref='-3202'/>
    <nd ref='-3203'/>
    <nd ref='-3204'/>
    <nd ref='-3205'/>
    <nd ref='-3206'/>
    <nd ref='-3207'/>
    <nd ref='-3208'/>
    <nd ref='-3209'/>
    <nd ref='-3210'/>
    <nd ref='-3211'/>
    <nd ref='-3212'/>
    <nd ref='-3213'/>
    <nd ref='-3214'/>
    <nd ref='-3215'/>
    <nd ref='-3216'/>
    <nd ref='-3217'/>
    <nd ref='-3218'/>
    <nd ref='-3219'/>
    <nd ref='-3220'/>
    <nd ref='-3221'/>
    <nd ref='-3222'/>
    <nd ref='-3223'/>
    <nd ref='-3224'/>
    <nd ref='-3225'/>
    <nd ref='-3226'/>
    <nd ref='-3227'/>
    <nd ref='-3228'/>
    <nd ref='-3229'/>
    <nd ref='-3230'/>
    <nd ref='-3231'/>
    <nd ref='-3232'/>
    <nd ref='-3233'/>
    <nd ref='-3234'/>
    <nd ref='-3235'/>
    <nd ref='-3236'/>
    <nd ref='-3237'/>
    <nd ref='-3238'/>
    <nd ref='-3239'/>
    <nd ref='-3240'/>
    <nd ref='-3241'/>
    <nd ref='-3242'/>
    <nd ref='-3243'/>
    <nd ref='-3244'/>
    <nd ref='-3245'/>
    <nd ref='-3246'/>
    <nd ref='-3247'/>
    <nd ref='-3248'/>
    <nd ref='-3249'/>
    <nd ref='-3250'/>
    <nd ref='-3251'/>
    <nd ref='-3252'/>
    <nd ref='-3253'/>
    <nd ref='-3254'/>
    <nd ref='-3255'/>
    <nd ref='-3256'/>
    <nd ref='-3257'/>
    <nd ref='-3258'/>
    <nd ref='-3259'/>
    <nd ref='-3260'/>
    <nd ref='-3261'/>
    <nd ref='-3262'/>
    <nd ref='-3263'/>
    <nd ref='-3264'/>
    <nd ref='-3265'/>
    <nd ref='-3266'/>
    <nd ref='-3267'/>
    <nd ref='-3268'/>
    <nd ref='-3269'/>
    <nd ref='-3270'/>
    <nd ref='-3271'/>
    <nd ref='-3272'/>
    <nd ref='-3273'/>
    <nd ref='-3274'/>
    <nd ref='-3275'/>
    <nd ref='-3276'/>
    <nd ref='-3277'/>
    <nd ref='-3278'/>
    <nd ref='-3279'/>
    <nd ref='-3280'/>
    <nd ref='-3281'/>
    <nd ref='-3282'/>
    <nd ref='-3283'/>
    <nd ref='-3284'/>
    <nd ref='-3285'/>
    <nd ref='-3286'/>
    <nd ref='-3287'/>
    <nd ref='-3288'/>
    <nd ref='-3289'/>
    <nd ref='-3290'/>
    <nd ref='-3291'/>
    <nd ref='-3292'/>
    <nd ref='-3293'/>
    <nd ref='-3294'/>
    <nd ref='-3295'/>
    <nd ref='-3296'/>
    <nd ref='-3297'/>
    <nd ref='-3298'/>
    <nd ref='-3299'/>
    <nd ref='-3300'/>
    <nd ref='-3301'/>
    <nd ref='-3302'/>
    <nd ref='-3303'/>
    <nd ref='-3304'/>
    <nd ref='-3305'/>
    <nd ref='-3306'/>
    <nd ref='-3307'/>
    <nd ref='-3308'/>
    <nd ref='-3309'/>
    <nd ref='-3310'/>
    <nd ref='-3311'/>
    <nd ref='-3312'/>
    <nd ref='-3313'/>
    <nd ref='-3314'/>
    <nd ref='-3315'/>
    <nd ref='-3316'/>
    <nd ref='-3317'/>
    <nd ref='-3318'/>
    <nd ref='-3319'/>
    <nd ref='-3320'/>
    <nd ref='-3321'/>
    <nd ref='-3322'/>
    <nd ref='-3323'/>
    <nd ref='-3324'/>
    <nd ref='-3325'/>
    <nd ref='-3326'/>
    <nd ref='-3327'/>
    <nd ref='-3328'/>
    <nd ref='-3329'/>
    <nd ref='-3330'/>
    <nd ref='-3331'/>
    <nd ref='-3332'/>
    <nd ref='-3333'/>
    <nd ref='-3334'/>
    <nd ref='-3335'/>
    <nd ref='-3336'/>
    <nd ref='-3337'/>
    <nd ref='-3338'/>
    <nd ref='-3339'/>
    <nd ref='-3340'/>
    <nd ref='-3341'/>
    <nd ref='-3342'/>
    <nd ref='-3343'/>
    <nd ref='-3344'/>
    <nd ref='-3345'/>
    <nd ref='-3346'/>
    <nd ref='-3347'/>
    <nd ref='-3348'/>
    <nd ref='-3349'/>
    <nd ref='-3350'/>
    <nd ref='-3351'/>
    <nd ref='-3352'/>
    <nd ref='-3353'/>
    <nd ref='-3354'/>
    <nd ref='-3355'/>
    <nd ref='-3356'/>
    <nd ref='-3357'/>
    <nd ref='-3358'/>
    <nd ref='-3359'/>
    <nd ref='-3360'/>
    <nd ref='-3361'/>
    <nd ref='-3362'/>
    <nd ref='-3363'/>
    <nd ref='-3364'/>
    <nd ref='-3365'/>
    <nd ref='-3366'/>
    <nd ref='-3367'/>
    <nd ref='-3368'/>
    <nd ref='-3369'/>
    <nd ref='-3370'/>
    <nd ref='-3371'/>
    <nd ref='-3372'/>
    <nd ref='-3373'/>
    <nd ref='-3374'/>
    <nd ref='-3375'/>
    <nd ref='-3376'/>
    <nd ref='-3377'/>
    <nd ref='-3378'/>
    <nd ref='-3379'/>
    <nd ref='-3380'/>
    <nd ref='-3381'/>
    <nd ref='-3382'/>
    <nd ref='-3383'/>
    <nd ref='-3384'/>
    <nd ref='-3385'/>
    <nd ref='-3386'/>
    <nd ref='-3387'/>
    <nd ref='-3388'/>
    <nd ref='-3389'/>
    <nd ref='-3390'/>
    <nd ref='-3391'/>
    <nd ref='-3392'/>
    <nd ref='-3393'/>
    <nd ref='-3394'/>
    <nd ref='-3395'/>
    <nd ref='-3396'/>
    <nd ref='-3397'/>
    <nd ref='-3398'/>
    <nd ref='-3399'/>
    <nd ref='-3400'/>
    <nd ref='-3401'/>
    <nd ref='-3402'/>
    <nd ref='-3403'/>
    <nd ref='-3404'/>
    <nd ref='-3405'/>
    <nd ref='-3406'/>
    <nd ref='-3407'/>
    <nd ref='-3408'/>
    <nd ref='-3409'/>
    <nd ref='-3410'/>
    <nd ref='-3411'/>
    <nd ref='-3412'/>
    <nd ref='-3413'/>
    <nd ref='-3414'/>
    <nd ref='-3415'/>
    <nd ref='-3416'/>
    <nd ref='-3417'/>
    <nd ref='-3418'/>
    <nd ref='-3419'/>
    <nd ref='-3420'/>
    <nd ref='-3421'/>
    <nd ref='-3422'/>
    <nd ref='-3423'/>
    <nd ref='-3424'/>
    <nd ref='-3425'/>
    <nd ref='-3426'/>
    <nd ref='-3427'/>
    <nd ref='-3428'/>
    <nd ref='-3429'/>
    <nd ref='-3430'/>
    <nd ref='-3431'/>
    <nd ref='-3432'/>
    <nd ref='-3433'/>
    <nd ref='-3434'/>
    <nd ref='-3435'/>
    <nd ref='-3436'/>
    <nd ref='-3437'/>
    <nd ref='-3438'/>
    <nd ref='-3439'/>
    <nd ref='-3440'/>
    <nd ref='-3441'/>
    <nd ref='-3442'/>
    <nd ref='-3443'/>
    <nd ref='-3444'/>
    <nd ref='-3445'/>
    <nd ref='-3446'/>
    <nd ref='-3447'/>
    <nd ref='-3448'/>
    <nd ref='-3449'/>
    <nd ref='-3450'/>
    <nd ref='-3451'/>
    <nd ref='-3452'/>
    <nd ref='-3453'/>
    <nd ref='-3454'/>
    <nd ref='-3455'/>
    <nd ref='-3456'/>
    <nd ref='-3457'/>
    <nd ref='-3458'/>
    <nd ref='-3459'/>
    <nd ref='-3460'/>
    <nd ref='-3461'/>
    <nd ref='-3462'/>
    <nd ref='-3463'/>
    <nd ref='-3464'/>
    <nd ref='-3465'/>
    <nd ref='-3466'/>
    <nd ref='-3467'/>
    <nd ref='-3468'/>
    <nd ref='-3469'/>
    <nd ref='-3470'/>
    <nd ref='-3471'/>
    <nd ref='-3472'/>
    <nd ref='-3473'/>
    <nd ref='-3474'/>
    <nd ref='-3475'/>
    <nd ref='-3476'/>
    <nd ref='-3477'/>
    <nd ref='-3478'/>
    <nd ref='-3479'/>
    <nd ref='-3480'/>
    <nd ref='-3481'/>
    <nd ref='-3482'/>
    <nd ref='-3483'/>
    <nd ref='-3484'/>
    <nd ref='-3485'/>
    <nd ref='-3486'/>
    <nd ref='-3487'/>
    <nd ref='-3488'/>
    <nd ref='-3489'/>
    <nd ref='-3490'/>
    <nd ref='-3491'/>
    <nd ref='-3492'/>
    <nd ref='-3493'/>
    <nd ref='-3494'/>
    <nd ref='-3495'/>
    <nd ref='-3496'/>
    <nd ref='-3497'/>
    <nd ref='-3498'/>
    <nd ref='-3499'/>
    <nd ref='-3500'/>
    <nd ref='-3501'/>
    <nd ref='-3502'/>
    <nd ref='-3503'/>
    <nd ref='-3504'/>
    <nd ref='-3505'/>
    <nd ref='-3506'/>
    <nd ref='-3507'/>
    <nd ref='-3508'/>
    <nd ref='-3509'/>
    <nd ref='-3510'/>
    <nd ref='-3511'/>
    <nd ref='-3512'/>
    <nd ref='-3513'/>
    <nd ref='-3514'/>
    <nd ref='-3515'/>
    <nd ref='-3516'/>
    <nd ref='-3517'/>
    <nd ref='-3518'/>
    <nd ref='-3519'/>
    <nd ref='-3520'/>
    <nd ref='-3521'/>
    <nd ref='-3522'/>
    <nd ref='-3523'/>
    <nd ref='-3524'/>
    <nd ref='-3525'/>
    <nd ref='-3526'/>
    <nd ref='-3527'/>
    <nd ref='-3528'/>
    <nd ref='-3529'/>
    <nd ref='-3530'/>
    <nd ref='-3531'/>
    <nd ref='-3532'/>
    <nd ref='-3533'/>
    <nd ref='-3534'/>
    <nd ref='-3535'/>
    <nd ref='-3536'/>
    <nd ref='-3537'/>
    <nd ref='-3538'/>
    <nd ref='-3539'/>
    <nd ref='-3540'/>
    <nd ref='-3541'/>
    <nd ref='-3542'/>
    <nd ref='-3543'/>
    <nd ref='-3544'/>
    <nd ref='-3545'/>
    <nd ref='-3546'/>
    <nd ref='-3547'/>
    <nd ref='-3548'/>
    <nd ref='-3549'/>
    <nd ref='-3550'/>
    <nd ref='-3551'/>
    <nd ref='-3552'/>
    <nd ref='-3553'/>
    <nd ref='-3554'/>
    <nd ref='-3555'/>
    <nd ref='-3556'/>
    <nd ref='-3557'/>
    <nd ref='-3558'/>
    <nd ref='-3559'/>
    <nd ref='-3560'/>
    <nd ref='-3561'/>
    <nd ref='-3562'/>
    <nd ref='-3563'/>
    <nd ref='-3564'/>
    <nd ref='-3565'/>
    <nd ref='-3566'/>
    <nd ref='-3567'/>
    <nd ref='-3568'/>
    <nd ref='-3569'/>
    <nd ref='-3570'/>
    <nd ref='-3571'/>
    <nd ref='-3572'/>
    <nd ref='-3573'/>
    <nd ref='-3574'/>
    <nd ref='-3575'/>
    <nd ref='-3576'/>
    <nd ref='-3577'/>
    <nd ref='-3578'/>
    <nd ref='-3579'/>
    <nd ref='-3580'/>
    <nd ref='-3581'/>
    <nd ref='-3582'/>
    <nd ref='-3583'/>
    <nd ref='-3584'/>
    <nd ref='-3585'/>
    <nd ref='-3586'/>
    <nd ref='-3587'/>
    <nd ref='-3588'/>
    <nd ref='-3589'/>
    <nd ref='-3590'/>
    <nd ref='-3591'/>
    <nd ref='-3592'/>
    <nd ref='-3593'/>
    <nd ref='-3594'/>
    <nd ref='-3595'/>
    <nd ref='-3596'/>
    <nd ref='-3597'/>
    <nd ref='-3598'/>
    <nd ref='-3599'/>
    <nd ref='-3600'/>
    <nd ref='-3601'/>
    <nd ref='-3602'/>
    <nd ref='-3603'/>
    <nd ref='-3604'/>
    <nd ref='-3605'/>
    <nd ref='-3606'/>
    <nd ref='-3607'/>
    <nd ref='-3608'/>
    <nd ref='-3609'/>
    <nd ref='-3610'/>
    <nd ref='-3611'/>
    <nd ref='-3612'/>
    <nd ref='-3613'/>
    <nd ref='-3614'/>
    <nd ref='-3615'/>
    <nd ref='-3616'/>
    <nd ref='-3617'/>
    <nd ref='-3618'/>
    <nd ref='-3619'/>
    <nd ref='-3620'/>
    <nd ref='-3621'/>
    <nd ref='-3622'/>
    <nd ref='-3623'/>
    <nd ref='-3624'/>
    <nd ref='-3625'/>
    <nd ref='-3626'/>
    <nd ref='-3627'/>
    <nd ref='-3628'/>
    <nd ref='-3629'/>
    <nd ref='-3630'/>
    <nd ref='-3631'/>
    <nd ref='-3632'/>
    <nd ref='-3633'/>
    <nd ref='-3634'/>
    <nd ref='-3635'/>
    <nd ref='-3636'/>
    <nd ref='-3637'/>
    <nd ref='-3638'/>
    <nd ref='-3639'/>
    <nd ref='-3640'/>
    <nd ref='-3641'/>
    <nd ref='-3642'/>
    <nd ref='-3643'/>
    <nd ref='-3644'/>
    <nd ref='-3645'/>
    <nd ref='-3646'/>
    <nd ref='-3647'/>
    <nd ref='-3648'/>
    <nd ref='-3649'/>
    <nd ref='-3650'/>
    <nd ref='-3651'/>
    <nd ref='-3652'/>
    <nd ref='-3653'/>
    <nd ref='-3654'/>
    <nd ref='-3655'/>
    <nd ref='-3656'/>
    <nd ref='-3657'/>
    <nd ref='-3658'/>
    <nd ref='-3659'/>
    <nd ref='-3660'/>
    <nd ref='-3661'/>
    <nd ref='-3662'/>
    <nd ref='-3663'/>
    <nd ref='-3664'/>
    <nd ref='-3665'/>
    <nd ref='-3666'/>
    <nd ref='-3667'/>
    <nd ref='-3668'/>
    <nd ref='-3669'/>
    <nd ref='-3670'/>
    <nd ref='-3671'/>
    <nd ref='-3672'/>
    <nd ref='-3673'/>
    <nd ref='-3674'/>
    <nd ref='-3675'/>
    <nd ref='-3676'/>
    <nd ref='-3677'/>
    <nd ref='-3678'/>
    <nd ref='-3679'/>
    <nd ref='-3680'/>
    <nd ref='-3681'/>
    <nd ref='-3682'/>
    <nd ref='-3683'/>
    <nd ref='-3684'/>
    <nd ref='-3685'/>
    <nd ref='-3686'/>
    <nd ref='-3687'/>
    <nd ref='-3688'/>
    <nd ref='-3689'/>
    <nd ref='-3690'/>
    <nd ref='-3691'/>
    <nd ref='-3692'/>
    <nd ref='-3693'/>
    <nd ref='-3694'/>
    <nd ref='-3695'/>
    <nd ref='-3696'/>
    <nd ref='-3697'/>
    <nd ref='-3698'/>
    <nd ref='-3699'/>
    <nd ref='-3700'/>
    <nd ref='-3701'/>
    <nd ref='-3702'/>
    <nd ref='-3703'/>
    <nd ref='-3704'/>
    <nd ref='-3705'/>
    <nd ref='-3706'/>
    <nd ref='-3707'/>
    <nd ref='-3708'/>
    <nd ref='-3709'/>
    <nd ref='-3710'/>
    <nd ref='-3711'/>
    <nd ref='-3712'/>
    <nd ref='-3713'/>
    <nd ref='-3714'/>
    <nd ref='-3715'/>
    <nd ref='-3716'/>
    <nd ref='-3717'/>
    <nd ref='-3718'/>
    <nd ref='-3719'/>
    <nd ref='-3720'/>
    <nd ref='-3721'/>
    <nd ref='-3722'/>
    <nd ref='-3723'/>
    <nd ref='-3724'/>
    <nd ref='-3725'/>
    <nd ref='-3726'/>
    <nd ref='-3727'/>
    <nd ref='-3728'/>
    <nd ref='-3729'/>
    <nd ref='-3730'/>
    <nd ref='-3731'/>
    <nd ref='-3732'/>
    <nd ref='-3733'/>
    <nd ref='-3734'/>
    <nd ref='-3735'/>
    <nd ref='-3736'/>
    <nd ref='-3737'/>
    <nd ref='-3738'/>
    <nd ref='-3739'/>
    <nd ref='-3740'/>
    <nd ref='-3741'/>
    <nd ref='-3742'/>
    <nd ref='-3743'/>
    <nd ref='-3744'/>
    <nd ref='-3745'/>
    <nd ref='-3746'/>
    <nd ref='-3747'/>
    <nd ref='-3748'/>
    <nd ref='-3749'/>
    <nd ref='-3750'/>
    <nd ref='-3751'/>
    <nd ref='-3752'/>
    <nd ref='-3753'/>
    <nd ref='-3754'/>
    <nd ref='-3755'/>
    <nd ref='-3756'/>
    <nd ref='-3757'/>
    <nd ref='-3758'/>
    <nd ref='-3759'/>
    <nd ref='-3760'/>
    <nd ref='-3761'/>
    <nd ref='-3762'/>
    <nd ref='-3763'/>
    <nd ref='-3764'/>
    <nd ref='-3765'/>
    <nd ref='-3766'/>
    <nd ref='-3767'/>
    <nd ref='-3768'/>
    <nd ref='-3769'/>
    <nd ref='-3770'/>
    <nd ref='-3771'/>
    <nd ref='-3772'/>
    <nd ref='-3773'/>
    <nd ref='-3774'/>
    <nd ref='-3775'/>
    <nd ref='-3776'/>
    <nd ref='-3777'/>
    <nd ref='-3778'/>
    <nd ref='-3779'/>
    <nd ref='-3780'/>
    <nd ref='-3781'/>
    <nd ref='-3782'/>
    <nd ref='-3783'/>
    <nd ref='-3784'/>
    <nd ref='-3785'/>
    <nd ref='-3786'/>
    <nd ref='-3787'/>
    <nd ref='-3788'/>
    <nd ref='-3789'/>
    <nd ref='-3790'/>
    <nd ref='-3791'/>
    <nd ref='-3792'/>
    <nd ref='-3793'/>
    <nd ref='-3794'/>
    <nd ref='-3795'/>
    <nd ref='-3796'/>
    <nd ref='-3797'/>
    <nd ref='-3798'/>
    <nd ref='-3799'/>
    <nd ref='-3800'/>
    <nd ref='-3801'/>
    <nd ref='-3802'/>
    <nd ref='-3803'/>
    <nd ref='-3804'/>
    <nd ref='-3805'/>
    <nd ref='-3806'/>
    <nd ref='-3807'/>
    <nd ref='-3808'/>
    <nd ref='-3809'/>
    <nd ref='-3810'/>
    <nd ref='-3811'/>
    <nd ref='-3812'/>
    <nd ref='-3813'/>
    <nd ref='-3814'/>
    <nd ref='-3815'/>
    <nd ref='-3816'/>
    <nd ref='-3817'/>
    <nd ref='-3818'/>
    <nd ref='-3819'/>
    <nd ref='-3820'/>
    <nd ref='-3821'/>
    <nd ref='-3822'/>
    <nd ref='-3823'/>
    <nd ref='-3824'/>
    <nd ref='-3825'/>
    <nd ref='-3826'/>
    <nd ref='-3827'/>
    <nd ref='-3828'/>
    <nd ref='-3829'/>
    <nd ref='-3830'/>
    <nd ref='-3831'/>
    <nd ref='-3832'/>
    <nd ref='-3833'/>
    <nd ref='-3834'/>
    <nd ref='-3835'/>
    <nd ref='-3836'/>
    <nd ref='-3837'/>
    <nd ref='-3838'/>
    <nd ref='-3839'/>
    <nd ref='-3840'/>
    <nd ref='-3841'/>
    <nd ref='-3842'/>
    <nd ref='-3843'/>
    <nd ref='-3844'/>
    <nd ref='-3845'/>
    <nd ref='-3846'/>
    <nd ref='-3847'/>
    <nd ref='-3848'/>
    <nd ref='-3849'/>
    <nd ref='-3850'/>
    <nd ref='-3851'/>
    <nd ref='-3852'/>
    <nd ref='-3853'/>
    <nd ref='-3854'/>
    <nd ref='-3855'/>
    <nd ref='-3856'/>
    <nd ref='-3857'/>
    <nd ref='-3858'/>
    <nd ref='-3859'/>
    <nd ref='-3860'/>
    <nd ref='-3861'/>
    <nd ref='-3862'/>
    <nd ref='-3863'/>
    <nd ref='-3864'/>
    <nd ref='-3865'/>
    <nd ref='-3866'/>
    <nd ref='-3867'/>
    <nd ref='-3868'/>
    <nd ref='-3869'/>
    <nd ref='-3870'/>
    <nd ref='-3871'/>
    <nd ref='-3872'/>
    <nd ref='-3873'/>
    <nd ref='-3874'/>
    <nd ref='-3875'/>
    <nd ref='-3876'/>
    <nd ref='-3877'/>
    <nd ref='-3878'/>
    <nd ref='-3879'/>
    <nd ref='-3880'/>
    <nd ref='-3881'/>
    <nd ref='-3882'/>
    <nd ref='-3883'/>
    <nd ref='-3884'/>
    <nd ref='-3885'/>
    <nd ref='-3886'/>
    <nd ref='-3887'/>
    <nd ref='-3888'/>
    <nd ref='-3889'/>
    <nd ref='-3890'/>
    <nd ref='-3891'/>
    <nd ref='-3892'/>
    <nd ref='-3893'/>
    <nd ref='-3894'/>
    <nd ref='-3895'/>
    <nd ref='-3896'/>
    <nd ref='-3897'/>
    <nd ref='-3898'/>
    <nd ref='-3899'/>
    <nd ref='-3900'/>
    <nd ref='-3901'/>
    <nd ref='-3902'/>
    <nd ref='-3903'/>
    <nd ref='-3904'/>
    <nd ref='-3905'/>
    <nd ref='-3906'/>
    <nd ref='-3907'/>
    <nd ref='-3908'/>
    <nd ref='-3909'/>
    <nd ref='-3910'/>
    <nd ref='-3911'/>
    <nd ref='-3912'/>
    <nd ref='-3913'/>
    <nd ref='-3914'/>
    <nd ref='-3915'/>
    <nd ref='-3916'/>
    <nd ref='-3917'/>
    <nd ref='-3918'/>
    <nd ref='-3919'/>
    <nd ref='-3920'/>
    <nd ref='-3921'/>
    <nd ref='-3922'/>
    <nd ref='-3923'/>
    <nd ref='-3924'/>
    <nd ref='-3925'/>
    <nd ref='-3926'/>
    <nd ref='-3927'/>
    <nd ref='-3928'/>
    <nd ref='-3929'/>
    <nd ref='-3930'/>
    <nd ref='-3931'/>
    <nd ref='-3932'/>
    <nd ref='-3933'/>
    <nd ref='-3934'/>
    <nd ref='-3935'/>
    <nd ref='-3936'/>
    <nd ref='-3937'/>
    <nd ref='-3938'/>
    <nd ref='-3939'/>
    <nd ref='-3940'/>
    <nd ref='-3941'/>
    <nd ref='-3942'/>
    <nd ref='-3943'/>
    <nd ref='-3944'/>
    <nd ref='-3945'/>
    <nd ref='-3946'/>
    <nd ref='-3947'/>
    <nd ref='-3948'/>
    <nd ref='-3949'/>
    <nd ref='-3950'/>
    <nd ref='-3951'/>
    <nd ref='-3952'/>
    <nd ref='-3953'/>
    <nd ref='-3954'/>
    <nd ref='-3955'/>
    <nd ref='-3956'/>
    <nd ref='-3957'/>
    <nd ref='-3958'/>
    <nd ref='-3959'/>
    <nd ref='-3960'/>
    <nd ref='-3961'/>
    <nd ref='-3962'/>
    <nd ref='-3963'/>
    <nd ref='-3964'/>
    <nd ref='-3965'/>
    <nd ref='-3966'/>
    <nd ref='-3967'/>
    <nd ref='-3968'/>
    <nd ref='-3969'/>
    <nd ref='-3970'/>
    <nd ref='-3971'/>
    <nd ref='-3972'/>
    <nd ref='-3973'/>
    <nd ref='-3974'/>
    <nd ref='-3975'/>
    <nd ref='-3976'/>
    <nd ref='-3977'/>
    <nd ref='-3978'/>
    <nd ref='-3979'/>
    <nd ref='-3980'/>
    <nd ref='-3981'/>
    <nd ref='-3982'/>
    <nd ref='-3983'/>
    <nd ref='-3984'/>
    <nd ref='-3985'/>
    <nd ref='-3986'/>
    <nd ref='-3987'/>
    <nd ref='-3988'/>
    <nd ref='-3989'/>
    <nd ref='-3990'/>
    <nd ref='-3991'/>
    <nd ref='-3992'/>
    <nd ref='-3993'/>
    <nd ref='-3994'/>
    <nd ref='-3995'/>
    <nd ref='-3996'/>
    <nd ref='-3997'/>
    <nd ref='-3998'/>
    <nd ref='-3999'/>
    <nd ref='-4000'/>
    <nd ref='-4001'/>
    <nd ref='-4002'/>
    <nd ref='-4003'/>
    <nd ref='-4004'/>
    <nd ref='-4005'/>
    <nd ref='-4006'/>
    <nd ref='-4007'/>
    <nd ref='-4008'/>
    <nd ref='-4009'/>
    <nd ref='-4010'/>
    <nd ref='-4011'/>
    <nd ref='-4012'/>
    <nd ref='-4013'/>
    <nd ref='-4014'/>
    <nd ref='-4015'/>
    <nd ref='-4016'/>
    <nd ref='-4017'/>
    <nd ref='-4018'/>
    <nd ref='-4019'/>
    <nd ref='-4020'/>
    <nd ref='-4021'/>
    <nd ref='-4022'/>
    <nd ref='-4023'/>
    <nd ref='-4024'/>
    <nd ref='-4025'/>
    <nd ref='-4026'/>
    <nd ref='-4027'/>
    <nd ref='-4028'/>
    <nd ref='-4029'/>
    <nd ref='-4030'/>
    <nd ref='-4031'/>
    <nd ref='-4032'/>
    <nd ref='-4033'/>
    <nd ref='-4034'/>
    <nd ref='-4035'/>
    <nd ref='-4036'/>
    <nd ref='-4037'/>
    <nd ref='-4038'/>
    <nd ref='-4039'/>
    <nd ref='-4040'/>
    <nd ref='-4041'/>
    <nd ref='-4042'/>
    <nd ref='-4043'/>
    <nd ref='-4044'/>
    <nd ref='-4045'/>
    <nd ref='-4046'/>
    <nd ref='-4047'/>
    <nd ref='-4048'/>
    <nd ref='-4049'/>
    <nd ref='-4050'/>
    <nd ref='-4051'/>
    <nd ref='-4052'/>
    <nd ref='-4053'/>
    <nd ref='-4054'/>
    <nd ref='-4055'/>
    <nd ref='-4056'/>
    <nd ref='-4057'/>
    <nd ref='-4058'/>
    <nd ref='-4059'/>
    <nd ref='-4060'/>
    <nd ref='-4061'/>
    <nd ref='-4062'/>
    <nd ref='-4063'/>
    <nd ref='-4064'/>
    <nd ref='-4065'/>
    <nd ref='-4066'/>
    <nd ref='-4067'/>
    <nd ref='-4068'/>
    <nd ref='-4069'/>
    <nd ref='-4070'/>
    <nd ref='-4071'/>
    <nd ref='-4072'/>
    <nd ref='-4073'/>
    <nd ref='-4074'/>
    <nd ref='-4075'/>
    <nd ref='-4076'/>
    <nd ref='-4077'/>
    <nd ref='-4078'/>
    <nd ref='-4079'/>
    <nd ref='-4080'/>
    <nd ref='-4081'/>
    <nd ref='-4082'/>
    <nd ref='-4083'/>
    <nd ref='-4084'/>
    <nd ref='-4085'/>
    <nd ref='-4086'/>
    <nd ref='-4087'/>
    <nd ref='-4088'/>
    <nd ref='-4089'/>
    <nd ref='-4090'/>
    <nd ref='-4091'/>
    <nd ref='-4092'/>
    <nd ref='-4093'/>
    <nd ref='-4094'/>
    <nd ref='-4095'/>
    <nd ref='-4096'/>
    <nd ref='-4097'/>
    <nd ref='-4098'/>
    <nd ref='-4099'/>
    <nd ref='-4100'/>
    <nd ref='-4101'/>
    <nd ref='-4102'/>
    <nd ref='-4103'/>
    <nd ref='-4104'/>
    <nd ref='-4105'/>
    <nd ref='-4106'/>
    <nd ref='-4107'/>
    <nd ref='-4108'/>
    <nd ref='-4109'/>
    <nd ref='-4110'/>
    <nd ref='-4111'/>
    <nd ref='-4112'/>
    <nd ref='-4113'/>
    <nd ref='-4114'/>
    <nd ref='-4115'/>
    <nd ref='-4116'/>
    <nd ref='-4117'/>
    <nd ref='-4118'/>
    <nd ref='-4119'/>
    <nd ref='-4120'/>
    <nd ref='-4121'/>
    <nd ref='-4122'/>
    <nd ref='-4123'/>
    <nd ref='-4124'/>
    <nd ref='-4125'/>
    <nd ref='-4126'/>
    <nd ref='-4127'/>
    <nd ref='-4128'/>
    <nd ref='-4129'/>
    <nd ref='-4130'/>
    <nd ref='-4131'/>
    <nd ref='-4132'/>
    <nd ref='-4133'/>
    <nd ref='-4134'/>
    <nd ref='-4135'/>
    <nd ref='-4136'/>
    <nd ref='-4137'/>
    <nd ref='-4138'/>
    <nd ref='-4139'/>
    <nd ref='-4140'/>
    <nd ref='-4141'/>
    <nd ref='-4142'/>
    <nd ref='-4143'/>
    <nd ref='-4144'/>
    <nd ref='-4145'/>
    <nd ref='-4146'/>
    <nd ref='-4147'/>
    <nd ref='-4148'/>
    <nd ref='-4149'/>
    <nd ref='-4150'/>
    <nd ref='-4151'/>
    <nd ref='-4152'/>
    <nd ref='-4153'/>
    <nd ref='-4154'/>
    <nd ref='-4155'/>
    <nd ref='-4156'/>
    <nd ref='-4157'/>
    <nd ref='-4158'/>
    <nd ref='-4159'/>
    <nd ref='-4160'/>
    <nd ref='-4161'/>
    <nd ref='-4162'/>
    <nd ref='-4163'/>
    <nd ref='-4164'/>
    <nd ref='-4165'/>
    <nd ref='-4166'/>
    <nd ref='-4167'/>
    <nd ref='-4168'/>
    <nd ref='-4169'/>
    <nd ref='-4170'/>
    <nd ref='-4171'/>
    <nd ref='-4172'/>
    <nd ref='-4173'/>
    <nd ref='-4174'/>
    <nd ref='-4175'/>
    <nd ref='-4176'/>
    <nd ref='-4177'/>
    <nd ref='-4178'/>
    <nd ref='-4179'/>
    <nd ref='-4180'/>
    <nd ref='-4181'/>
    <nd ref='-4182'/>
    <nd ref='-4183'/>
    <nd ref='-4184'/>
    <nd ref='-4185'/>
    <nd ref='-4186'/>
    <nd ref='-4187'/>
    <nd ref='-4188'/>
    <nd ref='-4189'/>
    <nd ref='-4190'/>
    <nd ref='-4191'/>
    <nd ref='-4192'/>
    <nd ref='-4193'/>
    <nd ref='-4194'/>
    <nd ref='-4195'/>
    <nd ref='-4196'/>
    <nd ref='-4197'/>
    <nd ref='-4198'/>
    <nd ref='-4199'/>
    <nd ref='-4200'/>
    <nd ref='-4201'/>
    <nd ref='-4202'/>
    <nd ref='-4203'/>
    <nd ref='-4204'/>
    <nd ref='-4205'/>
    <nd ref='-4206'/>
    <nd ref='-4207'/>
    <nd ref='-4208'/>
    <nd ref='-4209'/>
    <nd ref='-4210'/>
    <nd ref='-4211'/>
    <nd ref='-4212'/>
    <nd ref='-4213'/>
    <nd ref='-4214'/>
    <nd ref='-4215'/>
    <nd ref='-4216'/>
    <nd ref='-4217'/>
    <nd ref='-4218'/>
    <nd ref='-4219'/>
    <nd ref='-4220'/>
    <nd ref='-4221'/>
    <nd ref='-4222'/>
    <nd ref='-4223'/>
    <nd ref='-4224'/>
    <nd ref='-4225'/>
    <nd ref='-4226'/>
    <nd ref='-4227'/>
    <nd ref='-4228'/>
    <nd ref='-4229'/>
    <nd ref='-4230'/>
    <nd ref='-4231'/>
    <nd ref='-4232'/>
    <nd ref='-4233'/>
    <nd ref='-4234'/>
    <nd ref='-4235'/>
    <nd ref='-4236'/>
    <nd ref='-4237'/>
    <nd ref='-4238'/>
    <nd ref='-4239'/>
    <nd ref='-4240'/>
    <nd ref='-4241'/>
    <nd ref='-4242'/>
    <nd ref='-4243'/>
    <nd ref='-4244'/>
    <nd ref='-4245'/>
    <nd ref='-4246'/>
    <nd ref='-4247'/>
    <nd ref='-4248'/>
    <nd ref='-4249'/>
    <nd ref='-4250'/>
    <nd ref='-4251'/>
    <nd ref='-4252'/>
    <nd ref='-4253'/>
    <nd ref='-4254'/>
    <nd ref='-4255'/>
    <nd ref='-4256'/>
    <nd ref='-4257'/>
    <nd ref='-4258'/>
    <nd ref='-4259'/>
    <nd ref='-4260'/>
    <nd ref='-4261'/>
    <nd ref='-4262'/>
    <nd ref='-4263'/>
    <nd ref='-4264'/>
    <nd ref='-4265'/>
    <nd ref='-4266'/>
    <nd ref='-4267'/>
    <nd ref='-4268'/>
    <nd ref='-4269'/>
    <nd ref='-4270'/>
    <nd ref='-4271'/>
    <nd ref='-4272'/>
    <nd ref='-4273'/>
    <nd ref='-4274'/>
    <nd ref='-4275'/>
    <nd ref='-4276'/>
    <nd ref='-4277'/>
    <nd ref='-4278'/>
    <nd ref='-4279'/>
    <nd ref='-4280'/>
    <nd ref='-4281'/>
    <nd ref='-4282'/>
    <nd ref='-4283'/>
    <nd ref='-4284'/>
    <nd ref='-4285'/>
    <nd ref='-4286'/>
    <nd ref='-4287'/>
    <nd ref='-4288'/>
    <nd ref='-4289'/>
    <nd ref='-4290'/>
    <nd ref='-4291'/>
    <nd ref='-4292'/>
    <nd ref='-4293'/>
    <nd ref='-4294'/>
    <nd ref='-4295'/>
    <nd ref='-4296'/>
    <nd ref='-4297'/>
    <nd ref='-4298'/>
    <nd ref='-4299'/>
    <nd ref='-4300'/>
    <nd ref='-4301'/>
    <nd ref='-4302'/>
    <nd ref='-4303'/>
    <nd ref='-4304'/>
    <nd ref='-4305'/>
    <nd ref='-4306'/>
    <nd ref='-4307'/>
    <nd ref='-4308'/>
    <nd ref='-4309'/>
    <nd ref='-4310'/>
    <nd ref='-4311'/>
    <nd ref='-4312'/>
    <nd ref='-4313'/>
    <nd ref='-4314'/>
    <nd ref='-4315'/>
    <nd ref='-4316'/>
    <nd ref='-4317'/>
    <nd ref='-4318'/>
    <nd ref='-4319'/>
    <nd ref='-4320'/>
    <nd ref='-4321'/>
    <nd ref='-4322'/>
    <nd ref='-4323'/>
    <nd ref='-4324'/>
    <nd ref='-4325'/>
    <nd ref='-4326'/>
    <nd ref='-4327'/>
    <nd ref='-4328'/>
    <nd ref='-4329'/>
    <nd ref='-4330'/>
    <nd ref='-4331'/>
    <nd ref='-4332'/>
    <nd ref='-4333'/>
    <nd ref='-4334'/>
    <nd ref='-4335'/>
    <nd ref='-4336'/>
    <nd ref='-4337'/>
    <nd ref='-4338'/>
    <nd ref='-4339'/>
    <nd ref='-4340'/>
    <nd ref='-4341'/>
    <nd ref='-4342'/>
    <nd ref='-4343'/>
    <nd ref='-4344'/>
    <nd ref='-4345'/>
    <nd ref='-4346'/>
    <nd ref='-4347'/>
    <nd ref='-4348'/>
    <nd ref='-4349'/>
    <nd ref='-4350'/>
    <nd ref='-4351'/>
    <nd ref='-4352'/>
    <nd ref='-4353'/>
    <nd ref='-4354'/>
    <nd ref='-4355'/>
    <nd ref='-4356'/>
    <nd ref='-4357'/>
    <nd ref='-4358'/>
    <nd ref='-4359'/>
    <nd ref='-4360'/>
    <nd ref='-4361'/>
    <nd ref='-4362'/>
    <nd ref='-4363'/>
    <nd ref='-4364'/>
    <nd ref='-4365'/>
    <nd ref='-4366'/>
    <nd ref='-4367'/>
    <nd ref='-4368'/>
    <nd ref='-4369'/>
    <nd ref='-4370'/>
    <nd ref='-4371'/>
    <nd ref='-4372'/>
    <nd ref='-4373'/>
    <nd ref='-4374'/>
    <nd ref='-4375'/>
    <nd ref='-4376'/>
    <nd ref='-4377'/>
    <nd ref='-4378'/>
    <nd ref='-4379'/>
    <nd ref='-4380'/>
    <nd ref='-4381'/>
    <nd ref='-4382'/>
    <nd ref='-4383'/>
    <nd ref='-4384'/>
    <nd ref='-4385'/>
    <nd ref='-4386'/>
    <nd ref='-4387'/>
    <nd ref='-4388'/>
    <nd ref='-4389'/>
    <nd ref='-4390'/>
    <nd ref='-4391'/>
    <nd ref='-4392'/>
    <nd ref='-4393'/>
    <nd ref='-4394'/>
    <nd ref='-4395'/>
    <nd ref='-4396'/>
    <nd ref='-4397'/>
    <nd ref='-4398'/>
    <nd ref='-4399'/>
    <nd ref='-4400'/>
    <nd ref='-4401'/>
    <nd ref='-4402'/>
    <nd ref='-4403'/>
    <nd ref='-4404'/>
    <nd ref='-4405'/>
    <nd ref='-4406'/>
    <nd ref='-4407'/>
    <nd ref='-4408'/>
    <nd ref='-4409'/>
    <nd ref='-4410'/>
    <nd ref='-4411'/>
    <nd ref='-4412'/>
    <nd ref='-4413'/>
    <nd ref='-4414'/>
    <nd ref='-4415'/>
    <nd ref='-4416'/>
    <nd ref='-4417'/>
    <nd ref='-4418'/>
    <nd ref='-4419'/>
    <nd ref='-4420'/>
    <nd ref='-4421'/>
    <nd ref='-4422'/>
    <nd ref='-4423'/>
    <nd ref='-4424'/>
    <nd ref='-4425'/>
    <nd ref='-4426'/>
    <nd ref='-4427'/>
    <nd ref='-4428'/>
    <nd ref='-4429'/>
    <nd ref='-4430'/>
    <nd ref='-4431'/>
    <nd ref='-4432'/>
    <nd ref='-4433'/>
    <nd ref='-4434'/>
    <nd ref='-4435'/>
    <nd ref='-4436'/>
    <nd ref='-4437'/>
    <nd ref='-4438'/>
    <nd ref='-4439'/>
    <nd ref='-4440'/>
    <nd ref='-4441'/>
    <nd ref='-4442'/>
    <nd ref='-4443'/>
    <nd ref='-4444'/>
    <nd ref='-4445'/>
    <nd ref='-4446'/>
    <nd ref='-4447'/>
    <nd ref='-4448'/>
    <nd ref='-4449'/>
    <nd ref='-4450'/>
    <nd ref='-4451'/>
    <nd ref='-4452'/>
    <nd ref='-4453'/>
    <nd ref='-4454'/>
    <nd ref='-4455'/>
    <nd ref='-4456'/>
    <nd ref='-4457'/>
    <nd ref='-4458'/>
    <nd ref='-4459'/>
    <nd ref='-4460'/>
    <nd ref='-4461'/>
    <nd ref='-4462'/>
    <nd ref='-4463'/>
    <nd ref='-4464'/>
    <nd ref='-4465'/>
    <nd ref='-4466'/>
    <nd ref='-4467'/>
    <nd ref='-4468'/>
    <nd ref='-4469'/>
    <nd ref='-4470'/>
    <nd ref='-4471'/>
    <nd ref='-4472'/>
    <nd ref='-4473'/>
    <nd ref='-4474'/>
    <nd ref='-4475'/>
    <nd ref='-4476'/>
    <nd ref='-4477'/>
    <nd ref='-4478'/>
    <nd ref='-4479'/>
    <nd ref='-4480'/>
    <nd ref='-4481'/>
    <nd ref='-4482'/>
    <nd ref='-4483'/>
    <nd ref='-4484'/>
    <nd ref='-4485'/>
    <nd ref='-4486'/>
    <nd ref='-4487'/>
    <nd ref='-4488'/>
    <nd ref='-4489'/>
    <nd ref='-4490'/>
    <nd ref='-4491'/>
    <nd ref='-4492'/>
    <nd ref='-4493'/>
    <nd ref='-4494'/>
    <nd ref='-4495'/>
    <nd ref='-4496'/>
    <nd ref='-4497'/>
    <nd ref='-4498'/>
    <nd ref='-4499'/>
    <nd ref='-4500'/>
    <nd ref='-4501'/>
    <nd ref='-4502'/>
    <nd ref='-4503'/>
    <nd ref='-4504'/>
    <nd ref='-4505'/>
    <nd ref='-4506'/>
    <nd ref='-4507'/>
    <nd ref='-4508'/>
    <nd ref='-4509'/>
    <nd ref='-4510'/>
    <nd ref='-4511'/>
    <nd ref='-4512'/>
    <nd ref='-4513'/>
    <nd ref='-4514'/>
    <nd ref='-4515'/>
    <nd ref='-4516'/>
    <nd ref='-4517'/>
    <nd ref='-4518'/>
    <nd ref='-4519'/>
    <nd ref='-4520'/>
    <nd ref='-4521'/>
    <nd ref='-4522'/>
    <nd ref='-4523'/>
    <nd ref='-4524'/>
    <nd ref='-4525'/>
    <nd ref='-4526'/>
    <nd ref='-4527'/>
    <nd ref='-4528'/>
    <nd ref='-4529'/>
    <nd ref='-4530'/>
    <nd ref='-4531'/>
    <nd ref='-4532'/>
    <nd ref='-4533'/>
    <nd ref='-4534'/>
    <nd ref='-4535'/>
    <nd ref='-4536'/>
    <nd ref='-4537'/>
    <nd ref='-4538'/>
    <nd ref='-4539'/>
    <nd ref='-4540'/>
    <nd ref='-4541'/>
    <nd ref='-4542'/>
    <nd ref='-4543'/>
    <nd ref='-4544'/>
    <nd ref='-4545'/>
    <nd ref='-4546'/>
    <nd ref='-4547'/>
    <nd ref='-4548'/>
    <nd ref='-4549'/>
    <nd ref='-4550'/>
    <nd ref='-4551'/>
    <nd ref='-4552'/>
    <nd ref='-4553'/>
    <nd ref='-4554'/>
    <nd ref='-4555'/>
    <nd ref='-4556'/>
    <nd ref='-4557'/>
    <nd ref='-4558'/>
    <nd ref='-4559'/>
    <nd ref='-4560'/>
    <nd ref='-4561'/>
    <nd ref='-4562'/>
    <nd ref='-4563'/>
    <nd ref='-4564'/>
    <nd ref='-4565'/>
    <nd ref='-4566'/>
    <nd ref='-4567'/>
    <nd ref='-4568'/>
    <nd ref='-4569'/>
    <nd ref='-4570'/>
    <nd ref='-4571'/>
    <nd ref='-4572'/>
    <nd ref='-4573'/>
    <nd ref='-4574'/>
    <nd ref='-4575'/>
    <nd ref='-4576'/>
    <nd ref='-4577'/>
    <nd ref='-4578'/>
    <nd ref='-4579'/>
    <nd ref='-4580'/>
    <nd ref='-4581'/>
    <nd ref='-4582'/>
    <nd ref='-4583'/>
    <nd ref='-4584'/>
    <nd ref='-4585'/>
    <nd ref='-4586'/>
    <nd ref='-4587'/>
    <nd ref='-4588'/>
    <nd ref='-4589'/>
    <nd ref='-4590'/>
    <nd ref='-4591'/>
    <nd ref='-4592'/>
    <nd ref='-4593'/>
    <nd ref='-4594'/>
    <nd ref='-4595'/>
    <nd ref='-4596'/>
    <nd ref='-4597'/>
    <nd ref='-4598'/>
    <nd ref='-4599'/>
    <nd ref='-4600'/>
    <nd ref='-4601'/>
    <nd ref='-4602'/>
    <nd ref='-4603'/>
    <nd ref='-4604'/>
    <nd ref='-4605'/>
    <nd ref='-4606'/>
    <nd ref='-4607'/>
    <nd ref='-4608'/>
    <nd ref='-4609'/>
    <nd ref='-4610'/>
    <nd ref='-4611'/>
    <nd ref='-4612'/>
    <nd ref='-4613'/>
    <nd ref='-4614'/>
    <nd ref='-4615'/>
    <nd ref='-4616'/>
    <nd ref='-4617'/>
    <nd ref='-4618'/>
    <nd ref='-4619'/>
    <nd ref='-4620'/>
    <nd ref='-4621'/>
    <nd ref='-4622'/>
    <nd ref='-4623'/>
    <nd ref='-4624'/>
    <nd ref='-4625'/>
    <nd ref='-4626'/>
    <nd ref='-4627'/>
    <nd ref='-4628'/>
    <nd ref='-4629'/>
    <nd ref='-4630'/>
    <nd ref='-4631'/>
    <nd ref='-4632'/>
    <nd ref='-4633'/>
    <nd ref='-4634'/>
    <nd ref='-4635'/>
    <nd ref='-4636'/>
    <nd ref='-4637'/>
    <nd ref='-4638'/>
    <nd ref='-4639'/>
    <nd ref='-4640'/>
    <nd ref='-4641'/>
    <nd ref='-4642'/>
    <nd ref='-4643'/>
    <nd ref='-4644'/>
    <nd ref='-4645'/>
    <nd ref='-4646'/>
    <nd ref='-4647'/>
    <nd ref='-4648'/>
    <nd ref='-4649'/>
    <nd ref='-4650'/>
    <nd ref='-4651'/>
    <nd ref='-4652'/>
    <nd ref='-4653'/>
    <nd ref='-4654'/>
    <nd ref='-4655'/>
    <nd ref='-4656'/>
    <nd ref='-4657'/>
    <nd ref='-4658'/>
    <nd ref='-4659'/>
    <nd ref='-4660'/>
    <nd ref='-4661'/>
    <nd ref='-4662'/>
    <nd ref='-4663'/>
    <nd ref='-4664'/>
    <nd ref='-4665'/>
    <nd ref='-4666'/>
    <nd ref='-4667'/>
    <nd ref='-4668'/>
    <nd ref='-4669'/>
    <nd ref='-4670'/>
    <nd ref='-4671'/>
    <nd ref='-4672'/>
    <nd ref='-4673'/>
    <nd ref='-4674'/>
    <nd ref='-4675'/>
    <nd ref='-4676'/>
    <nd ref='-4677'/>
    <nd ref='-4678'/>
    <nd ref='-4679'/>
    <nd ref='-4680'/>
    <nd ref='-4681'/>
    <nd ref='-4682'/>
    <nd ref='-4683'/>
    <nd ref='-4684'/>
    <nd ref='-4685'/>
    <nd ref='-4686'/>
    <nd ref='-4687'/>
    <nd ref='-4688'/>
    <nd ref='-4689'/>
    <nd ref='-4690'/>
    <nd ref='-4691'/>
    <nd ref='-4692'/>
    <nd ref='-4693'/>
    <nd ref='-4694'/>
    <nd ref='-4695'/>
    <nd ref='-4696'/>
    <nd ref='-4697'/>
    <nd ref='-4698'/>
    <nd ref='-4699'/>
    <nd ref='-4700'/>
    <nd ref='-4701'/>
    <nd ref='-4702'/>
    <nd ref='-4703'/>
    <nd ref='-4704'/>
    <nd ref='-4705'/>
    <nd ref='-4706'/>
    <nd ref='-4707'/>
    <nd ref='-4708'/>
    <nd ref='-4709'/>
    <nd ref='-4710'/>
    <nd ref='-4711'/>
    <nd ref='-4712'/>
    <nd ref='-4713'/>
    <nd ref='-4714'/>
    <nd ref='-4715'/>
    <nd ref='-4716'/>
    <nd ref='-4717'/>
    <nd ref='-4718'/>
    <nd ref='-4719'/>
    <nd ref='-4720'/>
    <nd ref='-4721'/>
    <nd ref='-4722'/>
    <nd ref='-4723'/>
    <nd ref='-4724'/>
    <nd ref='-4725'/>
    <nd ref='-4726'/>
    <nd ref='-4727'/>
    <nd ref='-4728'/>
    <nd ref='-4729'/>
    <nd ref='-4730'/>
    <nd ref='-4731'/>
    <nd ref='-4732'/>
    <nd ref='-4733'/>
    <nd ref='-4734'/>
    <nd ref='-4735'/>
    <nd ref='-4736'/>
    <nd ref='-4737'/>
    <nd ref='-4738'/>
    <nd ref='-4739'/>
    <nd ref='-4740'/>
    <nd ref='-4741'/>
    <nd ref='-4742'/>
    <nd ref='-4743'/>
    <nd ref='-4744'/>
    <nd ref='-4745'/>
    <nd ref='-4746'/>
    <nd ref='-4747'/>
    <nd ref='-4748'/>
    <nd ref='-4749'/>
    <nd ref='-4750'/>
    <nd ref='-4751'/>
    <nd ref='-4752'/>
    <nd ref='-4753'/>
    <nd ref='-4754'/>
    <nd ref='-4755'/>
    <nd ref='-4756'/>
    <nd ref='-4757'/>
    <nd ref='-4758'/>
    <nd ref='-4759'/>
    <nd ref='-4760'/>
    <nd ref='-4761'/>
    <nd ref='-4762'/>
    <nd ref='-4763'/>
    <nd ref='-4764'/>
    <nd ref='-4765'/>
    <nd ref='-4766'/>
    <nd ref='-4767'/>
    <nd ref='-4768'/>
    <nd ref='-4769'/>
    <nd ref='-4770'/>
    <nd ref='-4771'/>
    <nd ref='-4772'/>
    <nd ref='-4773'/>
    <nd ref='-4774'/>
    <nd ref='-4775'/>
    <nd ref='-4776'/>
    <nd ref='-4777'/>
    <nd ref='-4778'/>
    <nd ref='-4779'/>
    <nd ref='-4780'/>
    <nd ref='-4781'/>
    <nd ref='-4782'/>
    <nd ref='-4783'/>
    <nd ref='-4784'/>
    <nd ref='-4785'/>
    <nd ref='-4786'/>
    <nd ref='-4787'/>
    <nd ref='-4788'/>
    <nd ref='-4789'/>
    <nd ref='-4790'/>
    <nd ref='-4791'/>
    <nd ref='-4792'/>
    <nd ref='-4793'/>
    <nd ref='-4794'/>
    <nd ref='-4795'/>
    <nd ref='-4796'/>
    <nd ref='-4797'/>
    <nd ref='-4798'/>
    <nd ref='-4799'/>
    <nd ref='-4800'/>
    <nd ref='-4801'/>
    <nd ref='-4802'/>
    <nd ref='-4803'/>
    <nd ref='-4804'/>
    <nd ref='-4805'/>
    <nd ref='-4806'/>
    <nd ref='-4807'/>
    <nd ref='-4808'/>
    <nd ref='-4809'/>
    <nd ref='-4810'/>
    <nd ref='-4811'/>
    <nd ref='-4812'/>
    <nd ref='-4813'/>
    <nd ref='-4814'/>
    <nd ref='-4815'/>
    <nd ref='-4816'/>
    <nd ref='-4817'/>
    <nd ref='-4818'/>
    <nd ref='-4819'/>
    <nd ref='-4820'/>
    <nd ref='-4821'/>
    <nd ref='-4822'/>
    <nd ref='-4823'/>
    <nd ref='-4824'/>
    <nd ref='-4825'/>
    <nd ref='-4826'/>
    <nd ref='-4827'/>
    <nd ref='-4828'/>
    <nd ref='-4829'/>
    <nd ref='-4830'/>
    <nd ref='-4831'/>
    <nd ref='-4832'/>
    <nd ref='-4833'/>
    <nd ref='-4834'/>
    <nd ref='-4835'/>
    <nd ref='-4836'/>
    <nd ref='-4837'/>
    <nd ref='-4838'/>
    <nd ref='-4839'/>
    <nd ref='-4840'/>
    <nd ref='-4841'/>
    <nd ref='-4842'/>
    <nd ref='-4843'/>
    <nd ref='-4844'/>
    <nd ref='-4845'/>
    <nd ref='-4846'/>
    <nd ref='-4847'/>
    <nd ref='-4848'/>
    <nd ref='-4849'/>
    <nd ref='-4850'/>
    <nd ref='-4851'/>
    <nd ref='-4852'/>
    <nd ref='-4853'/>
    <nd ref='-4854'/>
    <nd ref='-4855'/>
    <nd ref='-4856'/>
    <nd ref='-4857'/>
    <nd ref='-4858'/>
    <nd ref='-4859'/>
    <nd ref='-4860'/>
    <nd ref='-4861'/>
    <nd ref='-4862'/>
    <nd ref='-4863'/>
    <nd ref='-4864'/>
    <nd ref='-4865'/>
    <nd ref='-4866'/>
    <nd ref='-4867'/>
    <nd ref='-4868'/>
    <nd ref='-4869'/>
    <nd ref='-4870'/>
    <nd ref='-4871'/>
    <nd ref='-4872'/>
    <nd ref='-4873'/>
    <nd ref='-4874'/>
    <nd ref='-4875'/>
    <nd ref='-4876'/>
    <nd ref='-4877'/>
    <nd ref='-4878'/>
    <nd ref='-4879'/>
    <nd ref='-4880'/>
    <nd ref='-4881'/>
    <nd ref='-4882'/>
    <nd ref='-4883'/>
    <nd ref='-4884'/>
    <nd ref='-4885'/>
    <nd ref='-4886'/>
    <nd ref='-4887'/>
    <nd ref='-4888'/>
    <nd ref='-4889'/>
    <nd ref='-4890'/>
    <nd ref='-4891'/>
    <nd ref='-4892'/>
    <nd ref='-4893'/>
    <nd ref='-4894'/>
    <nd ref='-4895'/>
    <nd ref='-4896'/>
    <nd ref='-4897'/>
    <nd ref='-4898'/>
    <nd ref='-4899'/>
    <nd ref='-4900'/>
    <nd ref='-4901'/>
    <nd ref='-4902'/>
    <nd ref='-4903'/>
    <nd ref='-4904'/>
    <nd ref='-4905'/>
    <nd ref='-4906'/>
    <nd ref='-4907'/>
    <nd ref='-4908'/>
    <nd ref='-4909'/>
    <nd ref='-4910'/>
    <nd ref='-4911'/>
    <nd ref='-4912'/>
    <nd ref='-4913'/>
    <nd ref='-4914'/>
    <nd ref='-4915'/>
    <nd ref='-4916'/>
    <nd ref='-4917'/>
    <nd ref='-4918'/>
    <nd ref='-4919'/>
    <nd ref='-4920'/>
    <nd ref='-4921'/>
    <nd ref='-4922'/>
    <nd ref='-4923'/>
    <nd ref='-4924'/>
    <nd ref='-4925'/>
    <nd ref='-4926'/>
    <nd ref='-4927'/>
    <nd ref='-4928'/>
    <nd ref='-4929'/>
    <nd ref='-4930'/>
    <nd ref='-4931'/>
    <nd ref='-4932'/>
    <nd ref='-4933'/>
    <nd ref='-4934'/>
    <nd ref='-4935'/>
    <nd ref='-4936'/>
    <nd ref='-4937'/>
    <nd ref='-4938'/>
    <nd ref='-4939'/>
    <nd ref='-4940'/>
    <nd ref='-4941'/>
    <nd ref='-4942'/>
    <nd ref='-4943'/>
    <nd ref='-4944'/>
    <nd ref='-4945'/>
    <nd ref='-4946'/>
    <nd ref='-4947'/>
    <nd ref='-4948'/>
    <nd ref='-4949'/>
    <nd ref='-4950'/>
    <nd ref='-4951'/>
    <nd ref='-4952'/>
    <nd ref='-4953'/>
    <nd ref='-4954'/>
    <nd ref='-4955'/>
    <nd ref='-4956'/>
    <nd ref='-4957'/>
    <nd ref='-4958'/>
    <nd ref='-4959'/>
    <nd ref='-4960'/>
    <nd ref='-4961'/>
    <nd ref='-4962'/>
    <nd ref='-4963'/>
    <nd ref='-4964'/>
    <nd ref='-4965'/>
    <nd ref='-4966'/>
    <nd ref='-4967'/>
    <nd ref='-4968'/>
    <nd ref='-4969'/>
    <nd ref='-4970'/>
    <nd ref='-4971'/>
    <nd ref='-4972'/>
    <nd ref='-4973'/>
    <nd ref='-4974'/>
    <nd ref='-4975'/>
    <nd ref='-4976'/>
    <nd ref='-4977'/>
    <nd ref='-4978'/>
    <nd ref='-4979'/>
    <nd ref='-4980'/>
    <nd ref='-4981'/>
    <nd ref='-4982'/>
    <nd ref='-4983'/>
    <nd ref='-4984'/>
    <nd ref='-4985'/>
    <nd ref='-4986'/>
    <nd ref='-4987'/>
    <nd ref='-4988'/>
    <nd ref='-4989'/>
    <nd ref='-4990'/>
    <nd ref='-4991'/>
    <nd ref='-4992'/>
    <nd ref='-4993'/>
    <nd ref='-4994'/>
    <nd ref='-4995'/>
    <nd ref='-4996'/>
    <nd ref='-4997'/>
    <nd ref='-4998'/>
    <nd ref='-4999'/>
    <nd ref='-5000'/>
    <nd ref='-5001'/>
    <nd ref='-5002'/>
    <nd ref='-5003'/>
    <nd ref='-5004'/>
    <nd ref='-5005'/>
    <nd ref='-5006'/>
    <nd ref='-5007'/>
    <nd ref='-5008'/>
    <nd ref='-5009'/>
    <nd ref='-5010'/>
    <nd ref='-5011'/>
    <nd ref='-5012'/>
    <nd ref='-5013'/>
    <nd ref='-5014'/>
    <nd ref='-5015'/>
    <nd ref='-5016'/>
    <nd ref='-5017'/>
    <nd ref='-5018'/>
    <nd ref='-5019'/>
    <nd ref='-5020'/>
    <nd ref='-5021'/>
    <nd ref='-5022'/>
    <nd ref='-5023'/>
    <nd ref='-5024'/>
    <nd ref='-5025'/>
    <nd ref='-5026'/>
    <nd ref='-5027'/>
    <nd ref='-5028'/>
    <nd ref='-5029'/>
    <nd ref='-5030'/>
    <nd ref='-5031'/>
    <nd ref='-5032'/>
    <nd ref='-5033'/>
    <nd ref='-5034'/>
    <nd ref='-5035'/>
    <nd ref='-5036'/>
    <nd ref='-5037'/>
    <nd ref='-5038'/>
    <nd ref='-5039'/>
    <nd ref='-5040'/>
    <nd ref='-5041'/>
    <nd ref='-5042'/>
    <nd ref='-5043'/>
    <nd ref='-5044'/>
    <nd ref='-5045'/>
    <nd ref='-5046'/>
    <nd ref='-5047'/>
    <nd ref='-5048'/>
    <nd ref='-5049'/>
    <nd ref='-5050'/>
    <nd ref='-5051'/>
    <nd ref='-5052'/>
    <nd ref='-5053'/>
    <nd ref='-5054'/>
    <nd ref='-5055'/>
    <nd ref='-5056'/>
    <nd ref='-5057'/>
    <nd ref='-5058'/>
    <nd ref='-5059'/>
    <nd ref='-5060'/>
    <nd ref='-5061'/>
    <nd ref='-5062'/>
    <nd ref='-5063'/>
    <nd ref='-5064'/>
    <nd ref='-5065'/>
    <nd ref='-5066'/>
    <nd ref='-5067'/>
    <nd ref='-5068'/>
    <nd ref='-5069'/>
    <nd ref='-5070'/>
    <nd ref='-5071'/>
    <nd ref='-5072'/>
    <nd ref='-5073'/>
    <nd ref='-5074'/>
    <nd ref='-5075'/>
    <nd ref='-5076'/>
    <nd ref='-5077'/>
    <nd ref='-5078'/>
    <nd ref='-5079'/>
    <nd ref='-5080'/>
    <nd ref='-5081'/>
    <nd ref='-5082'/>
    <nd ref='-5083'/>
    <nd ref='-5084'/>
    <nd ref='-5085'/>
    <nd ref='-5086'/>
    <nd ref='-5087'/>
    <nd ref='-5088'/>
    <nd ref='-5089'/>
    <nd ref='-5090'/>
    <nd ref='-5091'/>
    <nd ref='-5092'/>
    <nd ref='-5093'/>
    <nd ref='-5094'/>
    <nd ref='-5095'/>
    <nd ref='-5096'/>
    <nd ref='-5097'/>
    <nd ref='-5098'/>
    <nd ref='-5099'/>
    <nd ref='-5100'/>
    <nd ref='-5101'/>
    <nd ref='-5102'/>
    <nd ref='-5103'/>
    <nd ref='-5104'/>
    <nd ref='-5105'/>
    <nd ref='-5106'/>
    <nd ref='-5107'/>
    <nd ref='-5108'/>
    <nd ref='-5109'/>
    <nd ref='-5110'/>
    <nd ref='-5111'/>
    <nd ref='-5112'/>
    <nd ref='-5113'/>
    <nd ref='-5114'/>
    <nd ref='-5115'/>
    <nd ref='-5116'/>
    <nd ref='-5117'/>
    <nd ref='-5118'/>
    <nd ref='-5119'/>
    <nd ref='-5120'/>
    <nd ref='-5121'/>
    <nd ref='-5122'/>
    <nd ref='-5123'/>
    <nd ref='-5124'/>
    <nd ref='-5125'/>
    <nd ref='-5126'/>
    <nd ref='-5127'/>
    <nd ref='-5128'/>
    <nd ref='-5129'/>
    <nd ref='-5130'/>
    <nd ref='-5131'/>
    <nd ref='-5132'/>
    <nd ref='-5133'/>
    <nd ref='-5134'/>
    <nd ref='-5135'/>
    <nd ref='-5136'/>
    <nd ref='-5137'/>
    <nd ref='-5138'/>
    <nd ref='-5139'/>
    <nd ref='-5140'/>
    <nd ref='-5141'/>
    <nd ref='-5142'/>
    <nd ref='-5143'/>
    <nd ref='-5144'/>
    <nd ref='-5145'/>
    <nd ref='-5146'/>
    <nd ref='-5147'/>
    <nd ref='-5148'/>
    <nd ref='-5149'/>
    <nd ref='-5150'/>
    <nd ref='-5151'/>
    <nd ref='-5152'/>
    <nd ref='-5153'/>
    <nd ref='-5154'/>
    <nd ref='-5155'/>
    <nd ref='-5156'/>
    <nd ref='-5157'/>
    <nd ref='-5158'/>
    <nd ref='-5159'/>
    <nd ref='-5160'/>
    <nd ref='-5161'/>
    <nd ref='-5162'/>
    <nd ref='-5163'/>
    <nd ref='-5164'/>
    <nd ref='-5165'/>
    <nd ref='-5166'/>
    <nd ref='-5167'/>
    <nd ref='-5168'/>
    <nd ref='-5169'/>
    <nd ref='-5170'/>
    <nd ref='-5171'/>
    <nd ref='-5172'/>
    <nd ref='-5173'/>
    <nd ref='-5174'/>
    <nd ref='-5175'/>
    <nd ref='-5176'/>
    <nd ref='-5177'/>
    <nd ref='-5178'/>
    <nd ref='-5179'/>
    <nd ref='-5180'/>
    <nd ref='-5181'/>
    <nd ref='-5182'/>
    <nd ref='-5183'/>
    <nd ref='-5184'/>
    <nd ref='-5185'/>
    <nd ref='-5186'/>
    <nd ref='-5187'/>
    <nd ref='-5188'/>
    <nd ref='-5189'/>
    <nd ref='-5190'/>
    <nd ref='-5191'/>
    <nd ref='-5192'/>
    <nd ref='-5193'/>
    <nd ref='-5194'/>
    <nd ref='-5195'/>
    <nd ref='-5196'/>
    <nd ref='-5197'/>
    <nd ref='-5198'/>
    <nd ref='-5199'/>
    <nd ref='-5200'/>
    <nd ref='-5201'/>
    <nd ref='-5202'/>
    <nd ref='-5203'/>
    <nd ref='-5204'/>
    <nd ref='-5205'/>
    <nd ref='-5206'/>
    <nd ref='-5207'/>
    <nd ref='-5208'/>
    <nd ref='-5209'/>
    <nd ref='-5210'/>
    <nd ref='-5211'/>
    <nd ref='-5212'/>
    <nd ref='-5213'/>
    <nd ref='-5214'/>
    <nd ref='-5215'/>
    <nd ref='-5216'/>
    <nd ref='-5217'/>
    <nd ref='-5218'/>
    <nd ref='-5219'/>
    <nd ref='-5220'/>
    <nd ref='-5221'/>
    <nd ref='-5222'/>
    <nd ref='-5223'/>
    <nd ref='-5224'/>
    <nd ref='-5225'/>
    <nd ref='-5226'/>
    <nd ref='-5227'/>
    <nd ref='-5228'/>
    <nd ref='-5229'/>
    <nd ref='-5230'/>
    <nd ref='-5231'/>
    <nd ref='-5232'/>
    <nd ref='-5233'/>
    <nd ref='-5234'/>
    <nd ref='-5235'/>
    <nd ref='-5236'/>
    <nd ref='-5237'/>
    <nd ref='-5238'/>
    <nd ref='-5239'/>
    <nd ref='-5240'/>
    <nd ref='-5241'/>
    <nd ref='-5242'/>
    <nd ref='-5243'/>
    <nd ref='-5244'/>
    <nd ref='-5245'/>
    <nd ref='-5246'/>
    <nd ref='-5247'/>
    <nd ref='-5248'/>
    <nd ref='-5249'/>
    <nd ref='-5250'/>
    <nd ref='-5251'/>
    <nd ref='-5252'/>
    <nd ref='-5253'/>
    <nd ref='-5254'/>
    <nd ref='-5255'/>
    <nd ref='-5256'/>
    <nd ref='-5257'/>
    <nd ref='-5258'/>
    <nd ref='-5259'/>
    <nd ref='-5260'/>
    <nd ref='-5261'/>
    <nd ref='-5262'/>
    <nd ref='-5263'/>
    <nd ref='-5264'/>
    <nd ref='-5265'/>
    <nd ref='-5266'/>
    <nd ref='-5267'/>
    <nd ref='-5268'/>
    <nd ref='-5269'/>
    <nd ref='-5270'/>
    <nd ref='-5271'/>
    <nd ref='-5272'/>
    <nd ref='-5273'/>
    <nd ref='-5274'/>
    <nd ref='-5275'/>
    <nd ref='-5276'/>
    <nd ref='-5277'/>
    <nd ref='-5278'/>
    <nd ref='-5279'/>
    <nd ref='-5280'/>
    <nd ref='-5281'/>
    <nd ref='-5282'/>
    <nd ref='-5283'/>
    <nd ref='-5284'/>
    <nd ref='-5285'/>
    <nd ref='-5286'/>
    <nd ref='-5287'/>
    <nd ref='-5288'/>
    <nd ref='-5289'/>
    <nd ref='-5290'/>
    <nd ref='-5291'/>
    <nd ref='-5292'/>
    <nd ref='-5293'/>
    <nd ref='-5294'/>
    <nd ref='-5295'/>
    <nd ref='-5296'/>
    <nd ref='-5297'/>
    <nd ref='-5298'/>
    <nd ref='-5299'/>
    <nd ref='-5300'/>
    <nd ref='-5301'/>
    <nd ref='-5302'/>
    <nd ref='-5303'/>
    <nd ref='-5304'/>
    <nd ref='-5305'/>
    <nd ref='-5306'/>
    <nd ref='-5307'/>
    <nd ref='-5308'/>
    <nd ref='-5309'/>
    <nd ref='-5310'/>
    <nd ref='-5311'/>
    <nd ref='-5312'/>
    <nd ref='-5313'/>
    <nd ref='-5314'/>
    <nd ref='-5315'/>
    <nd ref='-5316'/>
    <nd ref='-5317'/>
    <nd ref='-5318'/>
    <nd ref='-5319'/>
    <nd ref='-5320'/>
    <nd ref='-5321'/>
    <nd ref='-5322'/>
    <nd ref='-5323'/>
    <nd ref='-5324'/>
    <nd ref='-5325'/>
    <nd ref='-5326'/>
    <nd ref='-5327'/>
    <nd ref='-5328'/>
    <nd ref='-5329'/>
    <nd ref='-5330'/>
    <nd ref='-5331'/>
    <nd ref='-5332'/>
    <nd ref='-5333'/>
    <nd ref='-5334'/>
    <nd ref='-5335'/>
    <nd ref='-5336'/>
    <nd ref='-5337'/>
    <nd ref='-5338'/>
    <nd ref='-5339'/>
    <nd ref='-5340'/>
    <nd ref='-5341'/>
    <nd ref='-5342'/>
    <nd ref='-5343'/>
    <nd ref='-5344'/>
    <nd ref='-5345'/>
    <nd ref='-5346'/>
    <nd ref='-5347'/>
    <nd ref='-5348'/>
    <nd ref='-5349'/>
    <nd ref='-5350'/>
    <nd ref='-5351'/>
    <nd ref='-5352'/>
    <nd ref='-5353'/>
    <nd ref='-5354'/>
    <nd ref='-5355'/>
    <nd ref='-5356'/>
    <nd ref='-5357'/>
    <nd ref='-5358'/>
    <nd ref='-5359'/>
    <nd ref='-5360'/>
    <nd ref='-5361'/>
    <nd ref='-5362'/>
    <nd ref='-5363'/>
    <nd ref='-5364'/>
    <nd ref='-5365'/>
    <nd ref='-5366'/>
    <nd ref='-5367'/>
    <nd ref='-5368'/>
    <nd ref='-5369'/>
    <nd ref='-5370'/>
    <nd ref='-5371'/>
    <nd ref='-5372'/>
    <nd ref='-5373'/>
    <nd ref='-5374'/>
    <nd ref='-5375'/>
    <nd ref='-5376'/>
    <nd ref='-5377'/>
    <nd ref='-5378'/>
    <nd ref='-5379'/>
    <nd ref='-5380'/>
    <nd ref='-5381'/>
    <nd ref='-5382'/>
    <nd ref='-5383'/>
    <nd ref='-5384'/>
    <nd ref='-5385'/>
    <nd ref='-5386'/>
    <nd ref='-5387'/>
    <nd ref='-5388'/>
    <nd ref='-5389'/>
    <nd ref='-5390'/>
    <nd ref='-5391'/>
    <nd ref='-5392'/>
    <nd ref='-5393'/>
    <nd ref='-5394'/>
    <nd ref='-5395'/>
    <nd ref='-5396'/>
    <nd ref='-5397'/>
    <nd ref='-5398'/>
    <nd ref='-5399'/>
    <nd ref='-5400'/>
    <nd ref='-5401'/>
    <nd ref='-5402'/>
    <nd ref='-5403'/>
    <nd ref='-5404'/>
    <nd ref='-5405'/>
    <nd ref='-5406'/>
    <nd ref='-5407'/>
    <nd ref='-5408'/>
    <nd ref='-5409'/>
    <nd ref='-5410'/>
    <nd ref='-5411'/>
    <nd ref='-5412'/>
    <nd ref='-5413'/>
    <nd ref='-5414'/>
    <nd ref='-5415'/>
    <nd ref='-5416'/>
    <nd ref='-5417'/>
    <nd ref='-5418'/>
    <nd ref='-5419'/>
    <nd ref='-5420'/>
    <nd ref='-5421'/>
    <nd ref='-5422'/>
    <nd ref='-5423'/>
    <nd ref='-5424'/>
    <nd ref='-5425'/>
    <nd ref='-5426'/>
    <nd ref='-5427'/>
    <nd ref='-5428'/>
    <nd ref='-5429'/>
    <nd ref='-5430'/>
    <nd ref='-5431'/>
    <nd ref='-5432'/>
    <nd ref='-5433'/>
    <nd ref='-5434'/>
    <nd ref='-5435'/>
    <nd ref='-5436'/>
    <nd ref='-5437'/>
    <nd ref='-5438'/>
    <nd ref='-5439'/>
    <nd ref='-5440'/>
    <nd ref='-5441'/>
    <nd ref='-5442'/>
    <nd ref='-5443'/>
    <nd ref='-5444'/>
    <nd ref='-5445'/>
    <nd ref='-5446'/>
    <nd ref='-5447'/>
    <nd ref='-5448'/>
    <nd ref='-5449'/>
    <nd ref='-5450'/>
    <nd ref='-5451'/>
    <nd ref='-5452'/>
    <nd ref='-5453'/>
    <nd ref='-5454'/>
    <nd ref='-5455'/>
    <nd ref='-5456'/>
    <nd ref='-5457'/>
    <nd ref='-5458'/>
    <nd ref='-5459'/>
    <nd ref='-5460'/>
    <nd ref='-5461'/>
    <nd ref='-5462'/>
    <nd ref='-5463'/>
    <nd ref='-5464'/>
    <nd ref='-5465'/>
    <nd ref='-5466'/>
    <nd ref='-5467'/>
    <nd ref='-5468'/>
    <nd ref='-5469'/>
    <nd ref='-5470'/>
    <nd ref='-5471'/>
    <nd ref='-5472'/>
    <nd ref='-5473'/>
    <nd ref='-5474'/>
    <nd ref='-5475'/>
    <nd ref='-5476'/>
    <nd ref='-5477'/>
    <nd ref='-5478'/>
    <nd ref='-5479'/>
    <nd ref='-5480'/>
    <nd ref='-5481'/>
    <nd ref='-5482'/>
    <nd ref='-5483'/>
    <nd ref='-5484'/>
    <nd ref='-5485'/>
    <nd ref='-5486'/>
    <nd ref='-5487'/>
    <nd ref='-5488'/>
    <nd ref='-5489'/>
    <nd ref='-5490'/>
    <nd ref='-5491'/>
    <nd ref='-5492'/>
    <nd ref='-5493'/>
    <nd ref='-5494'/>
    <nd ref='-5495'/>
    <nd ref='-5496'/>
    <nd ref='-5497'/>
    <nd ref='-5498'/>
    <nd ref='-5499'/>
    <nd ref='-5500'/>
    <nd ref='-5501'/>
    <nd ref='-5502'/>
    <nd ref='-5503'/>
    <nd ref='-5504'/>
    <nd ref='-5505'/>
    <nd ref='-5506'/>
    <nd ref='-5507'/>
    <nd ref='-5508'/>
    <nd ref='-5509'/>
    <nd ref='-5510'/>
    <nd ref='-5511'/>
    <nd ref='-5512'/>
    <nd ref='-5513'/>
    <nd ref='-5514'/>
    <nd ref='-5515'/>
    <nd ref='-5516'/>
    <nd ref='-5517'/>
    <nd ref='-5518'/>
    <nd ref='-5519'/>
    <nd ref='-5520'/>
    <nd ref='-5521'/>
    <nd ref='-5522'/>
    <nd ref='-5523'/>
    <nd ref='-5524'/>
    <nd ref='-5525'/>
    <nd ref='-5526'/>
    <nd ref='-5527'/>
    <nd ref='-5528'/>
    <nd ref='-5529'/>
    <nd ref='-5530'/>
    <nd ref='-5531'/>
    <nd ref='-5532'/>
    <nd ref='-5533'/>
    <nd ref='-5534'/>
    <nd ref='-5535'/>
    <nd ref='-5536'/>
    <nd ref='-5537'/>
    <nd ref='-5538'/>
    <nd ref='-5539'/>
    <nd ref='-5540'/>
    <nd ref='-5541'/>
    <nd ref='-5542'/>
    <nd ref='-5543'/>
    <nd ref='-5544'/>
    <nd ref='-5545'/>
    <nd ref='-5546'/>
    <nd ref='-5547'/>
    <nd ref='-5548'/>
    <nd ref='-5549'/>
    <nd ref='-5550'/>
    <nd ref='-5551'/>
    <nd ref='-5552'/>
    <nd ref='-5553'/>
    <nd ref='-5554'/>
    <nd ref='-5555'/>
    <nd ref='-5556'/>
    <nd ref='-5557'/>
    <nd ref='-5558'/>
    <nd ref='-5559'/>
    <nd ref='-5560'/>
    <nd ref='-5561'/>
    <nd ref='-5562'/>
    <nd ref='-5563'/>
    <nd ref='-5564'/>
    <nd ref='-5565'/>
    <nd ref='-5566'/>
    <nd ref='-5567'/>
    <nd ref='-5568'/>
    <nd ref='-5569'/>
    <nd ref='-5570'/>
    <nd ref='-5571'/>
    <nd ref='-5572'/>
    <nd ref='-5573'/>
    <nd ref='-5574'/>
    <nd ref='-5575'/>
    <nd ref='-5576'/>
    <nd ref='-5577'/>
    <nd ref='-5578'/>
    <nd ref='-5579'/>
    <nd ref='-5580'/>
    <nd ref='-5581'/>
    <nd ref='-5582'/>
    <nd ref='-5583'/>
    <nd ref='-5584'/>
    <nd ref='-5585'/>
    <nd ref='-5586'/>
    <nd ref='-5587'/>
    <nd ref='-5588'/>
    <nd ref='-5589'/>
    <nd ref='-5590'/>
    <nd ref='-5591'/>
    <nd ref='-5592'/>
    <nd ref='-5593'/>
    <nd ref='-5594'/>
    <nd ref='-5595'/>
    <nd ref='-5596'/>
    <nd ref='-5597'/>
    <nd ref='-5598'/>
    <nd ref='-5599'/>
    <nd ref='-5600'/>
    <nd ref='-5601'/>
    <nd ref='-5602'/>
    <nd ref='-5603'/>
    <nd ref='-5604'/>
    <nd ref='-5605'/>
    <nd ref='-5606'/>
    <nd ref='-5607'/>
    <nd ref='-5608'/>
    <nd ref='-5609'/>
    <nd ref='-5610'/>
    <nd ref='-5611'/>
    <nd ref='-5612'/>
    <nd ref='-5613'/>
    <nd ref='-5614'/>
    <nd ref='-5615'/>
    <nd ref='-5616'/>
    <nd ref='-5617'/>
    <nd ref='-5618'/>
    <nd ref='-5619'/>
    <nd ref='-5620'/>
    <nd ref='-5621'/>
    <nd ref='-5622'/>
    <nd ref='-5623'/>
    <nd ref='-5624'/>
    <nd ref='-5625'/>
    <nd ref='-5626'/>
    <nd ref='-5627'/>
    <nd ref='-5628'/>
    <nd ref='-5629'/>
    <nd ref='-5630'/>
    <nd ref='-5631'/>
    <nd ref='-5632'/>
    <nd ref='-5633'/>
    <nd ref='-5634'/>
    <nd ref='-5635'/>
    <nd ref='-5636'/>
    <nd ref='-5637'/>
    <nd ref='-5638'/>
    <nd ref='-5639'/>
    <nd ref='-5640'/>
    <nd ref='-5641'/>
    <nd ref='-5642'/>
    <nd ref='-5643'/>
    <nd ref='-5644'/>
    <nd ref='-5645'/>
    <nd ref='-5646'/>
    <nd ref='-5647'/>
    <nd ref='-5648'/>
    <nd ref='-5649'/>
    <nd ref='-5650'/>
    <nd ref='-5651'/>
    <nd ref='-5652'/>
    <nd ref='-5653'/>
    <nd ref='-5654'/>
    <nd ref='-5655'/>
    <nd ref='-5656'/>
    <nd ref='-5657'/>
    <nd ref='-5658'/>
    <nd ref='-5659'/>
    <nd ref='-5660'/>
    <nd ref='-5661'/>
    <nd ref='-5662'/>
    <nd ref='-5663'/>
    <nd ref='-5664'/>
    <nd ref='-5665'/>
    <nd ref='-5666'/>
    <nd ref='-5667'/>
    <nd ref='-5668'/>
    <nd ref='-5669'/>
    <nd ref='-5670'/>
    <nd ref='-5671'/>
    <nd ref='-5672'/>
    <nd ref='-5673'/>
    <nd ref='-5674'/>
    <nd ref='-5675'/>
    <nd ref='-5676'/>
    <nd ref='-5677'/>
    <nd ref='-5678'/>
    <nd ref='-5679'/>
    <nd ref='-5680'/>
    <nd ref='-5681'/>
    <nd ref='-5682'/>
    <nd ref='-5683'/>
    <nd ref='-5684'/>
    <nd ref='-5685'/>
    <nd ref='-5686'/>
    <nd ref='-5687'/>
    <nd ref='-5688'/>
    <nd ref='-5689'/>
    <nd ref='-5690'/>
    <nd ref='-5691'/>
    <nd ref='-5692'/>
    <nd ref='-5693'/>
    <nd ref='-5694'/>
    <nd ref='-5695'/>
    <nd ref='-5696'/>
    <nd ref='-5697'/>
    <nd ref='-5698'/>
    <nd ref='-5699'/>
    <nd ref='-5700'/>
    <nd ref='-5701'/>
    <nd ref='-5702'/>
    <nd ref='-5703'/>
    <nd ref='-5704'/>
    <nd ref='-5705'/>
    <nd ref='-5706'/>
    <nd ref='-5707'/>
    <nd ref='-5708'/>
    <nd ref='-5709'/>
    <nd ref='-5710'/>
    <nd ref='-5711'/>
    <nd ref='-5712'/>
    <nd ref='-5713'/>
    <nd ref='-5714'/>
    <nd ref='-5715'/>
    <nd ref='-5716'/>
    <nd ref='-5717'/>
    <nd ref='-5718'/>
    <nd ref='-5719'/>
    <nd ref='-5720'/>
    <nd ref='-5721'/>
    <nd ref='-5722'/>
    <nd ref='-5723'/>
    <nd ref='-5724'/>
    <nd ref='-5725'/>
    <nd ref='-5726'/>
    <nd ref='-5727'/>
    <nd ref='-5728'/>
    <nd ref='-5729'/>
    <nd ref='-5730'/>
    <nd ref='-5731'/>
    <nd ref='-5732'/>
    <nd ref='-5733'/>
    <nd ref='-5734'/>
    <nd ref='-5735'/>
    <nd ref='-5736'/>
    <nd ref='-5737'/>
    <nd ref='-5738'/>
    <nd ref='-5739'/>
    <nd ref='-5740'/>
    <nd ref='-5741'/>
    <nd ref='-5742'/>
    <nd ref='-5743'/>
    <nd ref='-5744'/>
    <nd ref='-5745'/>
    <nd ref='-5746'/>
    <nd ref='-5747'/>
    <nd ref='-5748'/>
    <nd ref='-5749'/>
    <nd ref='-5750'/>
    <nd ref='-5751'/>
    <nd ref='-5752'/>
    <nd ref='-5753'/>
    <nd ref='-5754'/>
    <nd ref='-5755'/>
    <nd ref='-5756'/>
    <nd ref='-5757'/>
    <nd ref='-5758'/>
    <nd ref='-5759'/>
    <nd ref='-5760'/>
    <nd ref='-5761'/>
    <nd ref='-5762'/>
    <nd ref='-5763'/>
    <nd ref='-5764'/>
    <nd ref='-5765'/>
    <nd ref='-5766'/>
    <nd ref='-5767'/>
    <nd ref='-5768'/>
    <nd ref='-5769'/>
    <nd ref='-5770'/>
    <nd ref='-5771'/>
    <nd ref='-5772'/>
    <nd ref='-5773'/>
    <nd ref='-5774'/>
    <nd ref='-5775'/>
    <nd ref='-5776'/>
    <nd ref='-5777'/>
    <nd ref='-5778'/>
    <nd ref='-5779'/>
    <nd ref='-5780'/>
    <nd ref='-5781'/>
    <nd ref='-5782'/>
    <nd ref='-5783'/>
    <nd ref='-5784'/>
    <nd ref='-5785'/>
    <nd ref='-5786'/>
    <nd ref='-5787'/>
    <nd ref='-5788'/>
    <nd ref='-5789'/>
    <nd ref='-5790'/>
    <nd ref='-5791'/>
    <nd ref='-5792'/>
    <nd ref='-5793'/>
    <nd ref='-5794'/>
    <nd ref='-5795'/>
    <nd ref='-5796'/>
    <nd ref='-5797'/>
    <nd ref='-5798'/>
    <nd ref='-5799'/>
    <nd ref='-5800'/>
    <nd ref='-5801'/>
    <nd ref='-5802'/>
    <nd ref='-5803'/>
    <nd ref='-5804'/>
    <nd ref='-5805'/>
    <nd ref='-5806'/>
    <nd ref='-5807'/>
    <nd ref='-5808'/>
    <nd ref='-5809'/>
    <nd ref='-5810'/>
    <nd ref='-5811'/>
    <nd ref='-5812'/>
    <nd ref='-5813'/>
    <nd ref='-5814'/>
    <nd ref='-5815'/>
    <nd ref='-5816'/>
    <nd ref='-5817'/>
    <nd ref='-5818'/>
    <nd ref='-5819'/>
    <nd ref='-5820'/>
    <nd ref='-5821'/>
    <nd ref='-5822'/>
    <nd ref='-5823'/>
    <nd ref='-5824'/>
    <nd ref='-5825'/>
    <nd ref='-5826'/>
    <nd ref='-5827'/>
    <nd ref='-5828'/>
    <nd ref='-5829'/>
    <nd ref='-5830'/>
    <nd ref='-5831'/>
    <nd ref='-5832'/>
    <nd ref='-5833'/>
    <nd ref='-5834'/>
    <nd ref='-5835'/>
    <nd ref='-5836'/>
    <nd ref='-5837'/>
    <nd ref='-5838'/>
    <nd ref='-5839'/>
    <nd ref='-5840'/>
    <nd ref='-5841'/>
    <nd ref='-5842'/>
    <nd ref='-5843'/>
    <nd ref='-5844'/>
    <nd ref='-5845'/>
    <nd ref='-5846'/>
    <nd ref='-5847'/>
    <nd ref='-5848'/>
    <nd ref='-5849'/>
    <nd ref='-5850'/>
    <nd ref='-5851'/>
    <nd ref='-5852'/>
    <nd ref='-5853'/>
    <nd ref='-5854'/>
    <nd ref='-5855'/>
    <nd ref='-5856'/>
    <nd ref='-5857'/>
    <nd ref='-5858'/>
    <nd ref='-5859'/>
    <nd ref='-5860'/>
    <nd ref='-5861'/>
    <nd ref='-5862'/>
    <nd ref='-5863'/>
    <nd ref='-5864'/>
    <nd ref='-5865'/>
    <nd ref='-5866'/>
    <nd ref='-5867'/>
    <nd ref='-5868'/>
    <nd ref='-5869'/>
    <nd ref='-5870'/>
    <nd ref='-5871'/>
    <nd ref='-5872'/>
    <nd ref='-5873'/>
    <nd ref='-5874'/>
    <nd ref='-5875'/>
    <nd ref='-5876'/>
    <nd ref='-5877'/>
    <nd ref='-5878'/>
    <nd ref='-5879'/>
    <nd ref='-5880'/>
    <nd ref='-5881'/>
    <nd ref='-5882'/>
    <nd ref='-5883'/>
    <nd ref='-5884'/>
    <nd ref='-5885'/>
    <nd ref='-5886'/>
    <nd ref='-5887'/>
    <nd ref='-5888'/>
    <nd ref='-5889'/>
    <nd ref='-5890'/>
    <nd ref='-5891'/>
    <nd ref='-5892'/>
    <nd ref='-5893'/>
    <nd ref='-5894'/>
    <nd ref='-5895'/>
    <nd ref='-5896'/>
    <nd ref='-5897'/>
    <nd ref='-5898'/>
    <nd ref='-5899'/>
    <nd ref='-5900'/>
    <nd ref='-5901'/>
    <nd ref='-5902'/>
    <nd ref='-5903'/>
    <nd ref='-5904'/>
    <nd ref='-5905'/>
    <nd ref='-5906'/>
    <nd ref='-5907'/>
    <nd ref='-5908'/>
    <nd ref='-5909'/>
    <nd ref='-5910'/>
    <nd ref='-5911'/>
    <nd ref='-5912'/>
    <nd ref='-5913'/>
    <nd ref='-5914'/>
    <nd ref='-5915'/>
    <nd ref='-5916'/>
    <nd ref='-5917'/>
    <nd ref='-5918'/>
    <nd ref='-5919'/>
    <nd ref='-5920'/>
    <nd ref='-5921'/>
    <nd ref='-5922'/>
    <nd ref='-5923'/>
    <nd ref='-5924'/>
    <nd ref='-5925'/>
    <nd ref='-5926'/>
    <nd ref='-5927'/>
    <nd ref='-5928'/>
    <nd ref='-5929'/>
    <nd ref='-5930'/>
    <nd ref='-5931'/>
    <nd ref='-5932'/>
    <nd ref='-5933'/>
    <nd ref='-5934'/>
    <nd ref='-5935'/>
    <nd ref='-5936'/>
    <nd ref='-5937'/>
    <nd ref='-5938'/>
    <nd ref='-5939'/>
    <nd ref='-5940'/>
    <nd ref='-5941'/>
    <nd ref='-5942'/>
    <nd ref='-5943'/>
    <nd ref='-5944'/>
    <nd ref='-5945'/>
    <nd ref='-5946'/>
    <nd ref='-5947'/>
    <nd ref='-5948'/>
    <nd ref='-5949'/>
    <nd ref='-5950'/>
    <nd ref='-5951'/>
    <nd ref='-5952'/>
    <nd ref='-5953'/>
    <nd ref='-5954'/>
    <nd ref='-5955'/>
    <nd ref='-5956'/>
    <nd ref='-5957'/>
    <nd ref='-5958'/>
    <nd ref='-5959'/>
    <nd ref='-5960'/>
    <nd ref='-5961'/>
    <nd ref='-5962'/>
    <nd ref='-5963'/>
    <nd ref='-5964'/>
    <nd ref='-5965'/>
    <nd ref='-5966'/>
    <nd ref='-5967'/>
    <nd ref='-5968'/>
    <nd ref='-5969'/>
    <nd ref='-5970'/>
    <nd ref='-5971'/>
    <nd ref='-5972'/>
    <nd ref='-5973'/>
    <nd ref='-5974'/>
    <nd ref='-5975'/>
    <nd ref='-5976'/>
    <nd ref='-5977'/>
    <nd ref='-5978'/>
    <nd ref='-5979'/>
    <nd ref='-5980'/>
    <nd ref='-5981'/>
    <nd ref='-5982'/>
    <nd ref='-5983'/>
    <nd ref='-5984'/>
    <nd ref='-5985'/>
    <nd ref='-5986'/>
    <nd ref='-5987'/>
    <nd ref='-5988'/>
    <nd ref='-5989'/>
    <nd ref='-5990'/>
    <nd ref='-5991'/>
    <nd ref='-5992'/>
    <nd ref='-5993'/>
    <nd ref='-5994'/>
    <nd ref='-5995'/>
    <nd ref='-5996'/>
    <nd ref='-5997'/>
    <nd ref='-5998'/>
    <nd ref='-5999'/>
    <nd ref='-6000'/>
    <nd ref='-6001'/>
    <nd ref='-6002'/>
    <nd ref='-6003'/>
    <nd ref='-6004'/>
    <nd ref='-6005'/>
    <nd ref='-6006'/>
    <nd ref='-6007'/>
    <nd ref='-6008'/>
    <nd ref='-6009'/>
    <nd ref='-6010'/>
    <nd ref='-6011'/>
    <nd ref='-6012'/>
    <nd ref='-6013'/>
    <nd ref='-6014'/>
    <nd ref='-6015'/>
    <nd ref='-6016'/>
    <nd ref='-6017'/>
    <nd ref='-6018'/>
    <nd ref='-6019'/>
    <nd ref='-6020'/>
    <nd ref='-6021'/>
    <nd ref='-6022'/>
    <nd ref='-6023'/>
    <nd ref='-6024'/>
    <nd ref='-6025'/>
    <nd ref='-6026'/>
    <nd ref='-6027'/>
    <nd ref='-6028'/>
    <nd ref='-6029'/>
    <nd ref='-6030'/>
    <nd ref='-6031'/>
    <nd ref='-6032'/>
    <nd ref='-6033'/>
    <nd ref='-6034'/>
    <nd ref='-6035'/>
    <nd ref='-6036'/>
    <nd ref='-6037'/>
    <nd ref='-6038'/>
    <nd ref='-6039'/>
    <nd ref='-6040'/>
    <nd ref='-6041'/>
    <nd ref='-6042'/>
    <nd ref='-6043'/>
    <nd ref='-6044'/>
    <nd ref='-6045'/>
    <nd ref='-6046'/>
    <nd ref='-6047'/>
    <nd ref='-6048'/>
    <nd ref='-6049'/>
    <nd ref='-6050'/>
    <nd ref='-6051'/>
    <nd ref='-6052'/>
    <nd ref='-6053'/>
    <nd ref='-6054'/>
    <nd ref='-6055'/>
    <nd ref='-6056'/>
    <nd ref='-6057'/>
    <nd ref='-6058'/>
    <nd ref='-6059'/>
    <nd ref='-6060'/>
    <nd ref='-6061'/>
    <nd ref='-6062'/>
    <nd ref='-6063'/>
    <nd ref='-6064'/>
    <nd ref='-6065'/>
    <nd ref='-6066'/>
    <nd ref='-6067'/>
    <nd ref='-6068'/>
    <nd ref='-6069'/>
    <nd ref='-6070'/>
    <nd ref='-6071'/>
    <nd ref='-6072'/>
    <nd ref='-6073'/>
    <nd ref='-6074'/>
    <nd ref='-6075'/>
    <nd ref='-6076'/>
    <nd ref='-6077'/>
    <nd ref='-6078'/>
    <nd ref='-6079'/>
    <nd ref='-6080'/>
    <nd ref='-6081'/>
    <nd ref='-6082'/>
    <nd ref='-6083'/>
    <nd ref='-6084'/>
    <nd ref='-6085'/>
    <nd ref='-6086'/>
    <nd ref='-6087'/>
    <nd ref='-6088'/>
    <nd ref='-6089'/>
    <nd ref='-6090'/>
    <nd ref='-6091'/>
    <nd ref='-6092'/>
    <nd ref='-6093'/>
    <nd ref='-6094'/>
    <nd ref='-6095'/>
    <nd ref='-6096'/>
    <nd ref='-6097'/>
    <nd ref='-6098'/>
    <nd ref='-6099'/>
    <nd ref='-6100'/>
    <nd ref='-6101'/>
    <nd ref='-6102'/>
    <nd ref='-6103'/>
    <nd ref='-6104'/>
    <nd ref='-6105'/>
    <nd ref='-6106'/>
    <nd ref='-6107'/>
    <nd ref='-6108'/>
    <nd ref='-6109'/>
    <nd ref='-6110'/>
    <nd ref='-6111'/>
    <nd ref='-6112'/>
    <nd ref='-6113'/>
    <nd ref='-6114'/>
    <nd ref='-6115'/>
    <nd ref='-6116'/>
    <nd ref='-6117'/>
    <nd ref='-6118'/>
    <nd ref='-6119'/>
    <nd ref='-6120'/>
    <nd ref='-6121'/>
    <nd ref='-6122'/>
    <nd ref='-6123'/>
    <nd ref='-6124'/>
    <nd ref='-6125'/>
    <nd ref='-6126'/>
    <nd ref='-6127'/>
    <nd ref='-6128'/>
    <nd ref='-6129'/>
    <nd ref='-6130'/>
    <nd ref='-6131'/>
    <nd ref='-6132'/>
    <nd ref='-6133'/>
    <nd ref='-6134'/>
    <nd ref='-6135'/>
    <nd ref='-6136'/>
    <nd ref='-6137'/>
    <nd ref='-6138'/>
    <nd ref='-6139'/>
    <nd ref='-6140'/>
    <nd ref='-6141'/>
    <nd ref='-6142'/>
    <nd ref='-6143'/>
    <nd ref='-6144'/>
    <nd ref='-6145'/>
    <nd ref='-6146'/>
    <nd ref='-6147'/>
    <nd ref='-6148'/>
    <nd ref='-6149'/>
    <nd ref='-6150'/>
    <nd ref='-6151'/>
    <nd ref='-6152'/>
    <nd ref='-6153'/>
    <nd ref='-6154'/>
    <nd ref='-6155'/>
    <nd ref='-6156'/>
    <nd ref='-6157'/>
    <nd ref='-6158'/>
    <nd ref='-6159'/>
    <nd ref='-6160'/>
    <nd ref='-6161'/>
    <nd ref='-6162'/>
    <nd ref='-6163'/>
    <nd ref='-6164'/>
    <nd ref='-6165'/>
    <nd ref='-6166'/>
    <nd ref='-6167'/>
    <nd ref='-6168'/>
    <nd ref='-6169'/>
    <nd ref='-6170'/>
    <nd ref='-6171'/>
    <nd ref='-6172'/>
    <nd ref='-6173'/>
    <nd ref='-6174'/>
    <nd ref='-6175'/>
    <nd ref='-6176'/>
    <nd ref='-6177'/>
    <nd ref='-6178'/>
    <nd ref='-6179'/>
    <nd ref='-6180'/>
    <nd ref='-6181'/>
    <nd ref='-6182'/>
    <nd ref='-6183'/>
    <nd ref='-6184'/>
    <nd ref='-6185'/>
    <nd ref='-6186'/>
    <nd ref='-6187'/>
    <nd ref='-6188'/>
    <nd ref='-6189'/>
    <nd ref='-6190'/>
    <nd ref='-6191'/>
    <nd ref='-6192'/>
    <nd ref='-6193'/>
    <nd ref='-6194'/>
    <nd ref='-6195'/>
    <nd ref='-6196'/>
    <nd ref='-6197'/>
    <nd ref='-6198'/>
    <nd ref='-6199'/>
    <nd ref='-6200'/>
    <nd ref='-6201'/>
    <nd ref='-6202'/>
    <nd ref='-6203'/>
    <nd ref='-6204'/>
    <nd ref='-6205'/>
    <nd ref='-6206'/>
    <nd ref='-6207'/>
    <nd ref='-6208'/>
    <nd ref='-6209'/>
    <nd ref='-6210'/>
    <nd ref='-6211'/>
    <nd ref='-6212'/>
    <nd ref='-6213'/>
    <nd ref='-6214'/>
    <nd ref='-6215'/>
    <nd ref='-6216'/>
    <nd ref='-6217'/>
    <nd ref='-6218'/>
    <nd ref='-6219'/>
    <nd ref='-6220'/>
    <nd ref='-6221'/>
    <nd ref='-6222'/>
    <nd ref='-6223'/>
    <nd ref='-6224'/>
    <nd ref='-6225'/>
    <nd ref='-6226'/>
    <nd ref='-6227'/>
    <nd ref='-6228'/>
    <nd ref='-6229'/>
    <nd ref='-6230'/>
    <nd ref='-6231'/>
    <nd ref='-6232'/>
    <nd ref='-6233'/>
    <nd ref='-6234'/>
    <nd ref='-6235'/>
    <nd ref='-6236'/>
    <nd ref='-6237'/>
    <nd ref='-6238'/>
    <nd ref='-6239'/>
    <nd ref='-6240'/>
    <nd ref='-6241'/>
    <nd ref='-6242'/>
    <nd ref='-6243'/>
    <nd ref='-6244'/>
    <nd ref='-6245'/>
    <nd ref='-6246'/>
    <nd ref='-6247'/>
    <nd ref='-6248'/>
    <nd ref='-6249'/>
    <nd ref='-6250'/>
    <nd ref='-6251'/>
    <nd ref='-6252'/>
    <nd ref='-6253'/>
    <nd ref='-6254'/>
    <nd ref='-6255'/>
    <nd ref='-6256'/>
    <nd ref='-6257'/>
    <nd ref='-6258'/>
    <nd ref='-6259'/>
    <nd ref='-6260'/>
    <nd ref='-6261'/>
    <nd ref='-6262'/>
    <nd ref='-6263'/>
    <nd ref='-6264'/>
    <nd ref='-6265'/>
    <nd ref='-6266'/>
    <nd ref='-6267'/>
    <nd ref='-6268'/>
    <nd ref='-6269'/>
    <nd ref='-6270'/>
    <nd ref='-6271'/>
    <nd ref='-6272'/>
    <nd ref='-6273'/>
    <nd ref='-6274'/>
    <nd ref='-6275'/>
    <nd ref='-6276'/>
    <nd ref='-6277'/>
    <nd ref='-6278'/>
    <nd ref='-6279'/>
    <nd ref='-6280'/>
    <nd ref='-6281'/>
    <nd ref='-6282'/>
    <nd ref='-6283'/>
    <nd ref='-6284'/>
    <nd ref='-6285'/>
    <nd ref='-6286'/>
    <nd ref='-6287'/>
    <nd ref='-6288'/>
    <nd ref='-6289'/>
    <nd ref='-6290'/>
    <nd ref='-6291'/>
    <nd ref='-6292'/>
    <nd ref='-6293'/>
    <nd ref='-6294'/>
    <nd ref='-6295'/>
    <nd ref='-6296'/>
    <nd ref='-6297'/>
    <nd ref='-6298'/>
    <nd ref='-6299'/>
    <nd ref='-6300'/>
    <nd ref='-6301'/>
    <nd ref='-6302'/>
    <nd ref='-6303'/>
    <nd ref='-6304'/>
    <nd ref='-6305'/>
    <nd ref='-6306'/>
    <nd ref='-6307'/>
    <nd ref='-6308'/>
    <nd ref='-6309'/>
    <nd ref='-6310'/>
    <nd ref='-6311'/>
    <nd ref='-6312'/>
    <nd ref='-6313'/>
    <nd ref='-6314'/>
    <nd ref='-6315'/>
    <nd ref='-6316'/>
    <nd ref='-6317'/>
    <nd ref='-6318'/>
    <nd ref='-6319'/>
    <nd ref='-6320'/>
    <nd ref='-6321'/>
    <nd ref='-6322'/>
    <nd ref='-6323'/>
    <nd ref='-6324'/>
    <nd ref='-6325'/>
    <nd ref='-6326'/>
    <nd ref='-6327'/>
    <nd ref='-6328'/>
    <nd ref='-6329'/>
    <nd ref='-6330'/>
    <nd ref='-6331'/>
    <nd ref='-6332'/>
    <nd ref='-6333'/>
    <nd ref='-6334'/>
    <nd ref='-6335'/>
    <nd ref='-6336'/>
    <nd ref='-6337'/>
    <nd ref='-6338'/>
    <nd ref='-6339'/>
    <nd ref='-6340'/>
    <nd ref='-6341'/>
    <nd ref='-6342'/>
    <nd ref='-6343'/>
    <nd ref='-6344'/>
    <nd ref='-6345'/>
    <nd ref='-6346'/>
    <nd ref='-6347'/>
    <nd ref='-6348'/>
    <nd ref='-6349'/>
    <nd ref='-6350'/>
    <nd ref='-6351'/>
    <nd ref='-6352'/>
    <nd ref='-6353'/>
    <nd ref='-6354'/>
    <nd ref='-6355'/>
    <nd ref='-6356'/>
    <nd ref='-6357'/>
    <nd ref='-6358'/>
    <nd ref='-6359'/>
    <nd ref='-6360'/>
    <nd ref='-6361'/>
    <nd ref='-6362'/>
    <nd ref='-6363'/>
    <nd ref='-6364'/>
    <nd ref='-6365'/>
    <nd ref='-6366'/>
    <nd ref='-6367'/>
    <nd ref='-6368'/>
    <nd ref='-6369'/>
    <nd ref='-6370'/>
    <nd ref='-6371'/>
    <nd ref='-6372'/>
    <nd ref='-6373'/>
    <nd ref='-6374'/>
    <nd ref='-6375'/>
    <nd ref='-6376'/>
    <nd ref='-6377'/>
    <nd ref='-6378'/>
    <nd ref='-6379'/>
    <nd ref='-6380'/>
    <nd ref='-6381'/>
    <nd ref='-6382'/>
    <nd ref='-6383'/>
    <nd ref='-6384'/>
    <nd ref='-6385'/>
    <nd ref='-6386'/>
    <nd ref='-6387'/>
    <nd ref='-6388'/>
    <nd ref='-6389'/>
    <nd ref='-6390'/>
    <nd ref='-6391'/>
    <nd ref='-6392'/>
    <nd ref='-6393'/>
    <nd ref='-6394'/>
    <nd ref='-6395'/>
    <nd ref='-6396'/>
    <nd ref='-6397'/>
    <nd ref='-6398'/>
    <nd ref='-6399'/>
    <nd ref='-6400'/>
    <nd ref='-6401'/>
    <nd ref='-6402'/>
    <nd ref='-6403'/>
    <nd ref='-6404'/>
    <nd ref='-6405'/>
    <nd ref='-6406'/>
    <nd ref='-6407'/>
    <nd ref='-6408'/>
    <nd ref='-6409'/>
    <nd ref='-6410'/>
    <nd ref='-6411'/>
    <nd ref='-6412'/>
    <nd ref='-6413'/>
    <nd ref='-6414'/>
    <nd ref='-6415'/>
    <nd ref='-6416'/>
    <nd ref='-6417'/>
    <nd ref='-6418'/>
    <nd ref='-6419'/>
    <nd ref='-6420'/>
    <nd ref='-6421'/>
    <nd ref='-6422'/>
    <nd ref='-6423'/>
    <nd ref='-6424'/>
    <nd ref='-6425'/>
    <nd ref='-6426'/>
    <nd ref='-6427'/>
    <nd ref='-6428'/>
    <nd ref='-6429'/>
    <nd ref='-6430'/>
    <nd ref='-6431'/>
    <nd ref='-6432'/>
    <nd ref='-6433'/>
    <nd ref='-6434'/>
    <nd ref='-6435'/>
    <nd ref='-6436'/>
    <nd ref='-6437'/>
    <nd ref='-6438'/>
    <nd ref='-6439'/>
    <nd ref='-6440'/>
    <nd ref='-6441'/>
    <nd ref='-6442'/>
    <nd ref='-6443'/>
    <nd ref='-6444'/>
    <nd ref='-6445'/>
    <nd ref='-6446'/>
    <nd ref='-6447'/>
    <nd ref='-6448'/>
    <nd ref='-6449'/>
    <nd ref='-6450'/>
    <nd ref='-6451'/>
    <nd ref='-6452'/>
    <nd ref='-6453'/>
    <nd ref='-6454'/>
    <nd ref='-6455'/>
    <nd ref='-6456'/>
    <nd ref='-6457'/>
    <nd ref='-6458'/>
    <nd ref='-6459'/>
    <nd ref='-6460'/>
    <nd ref='-6461'/>
    <nd ref='-6462'/>
    <nd ref='-6463'/>
    <nd ref='-6464'/>
    <nd ref='-6465'/>
    <nd ref='-6466'/>
    <nd ref='-6467'/>
    <nd ref='-6468'/>
    <nd ref='-6469'/>
    <nd ref='-6470'/>
    <nd ref='-6471'/>
    <nd ref='-6472'/>
    <nd ref='-6473'/>
    <nd ref='-6474'/>
    <nd ref='-6475'/>
    <nd ref='-6476'/>
    <nd ref='-6477'/>
    <nd ref='-6478'/>
    <nd ref='-6479'/>
    <nd ref='-6480'/>
    <nd ref='-6481'/>
    <nd ref='-6482'/>
    <nd ref='-6483'/>
    <nd ref='-6484'/>
    <nd ref='-6485'/>
    <nd ref='-6486'/>
    <nd ref='-6487'/>
    <nd ref='-6488'/>
    <nd ref='-6489'/>
    <nd ref='-6490'/>
    <nd ref='-6491'/>
    <nd ref='-6492'/>
    <nd ref='-6493'/>
    <nd ref='-6494'/>
    <nd ref='-6495'/>
    <nd ref='-6496'/>
    <nd ref='-6497'/>
    <nd ref='-6498'/>
    <nd ref='-6499'/>
    <nd ref='-6500'/>
    <nd ref='-6501'/>
    <nd ref='-6502'/>
    <nd ref='-6503'/>
    <nd ref='-6504'/>
    <nd ref='-6505'/>
    <nd ref='-6506'/>
    <nd ref='-6507'/>
    <nd ref='-6508'/>
    <nd ref='-6509'/>
    <nd ref='-6510'/>
    <nd ref='-6511'/>
    <nd ref='-6512'/>
    <nd ref='-6513'/>
    <nd ref='-6514'/>
    <nd ref='-6515'/>
    <nd ref='-6516'/>
    <nd ref='-6517'/>
    <nd ref='-6518'/>
    <nd ref='-6519'/>
    <nd ref='-6520'/>
    <nd ref='-6521'/>
    <nd ref='-6522'/>
    <nd ref='-6523'/>
    <nd ref='-6524'/>
    <nd ref='-6525'/>
    <nd ref='-6526'/>
    <nd ref='-6527'/>
    <nd ref='-6528'/>
    <nd ref='-6529'/>
    <nd ref='-6530'/>
    <nd ref='-6531'/>
    <nd ref='-6532'/>
    <nd ref='-6533'/>
    <nd ref='-6534'/>
    <nd ref='-6535'/>
    <nd ref='-6536'/>
    <nd ref='-6537'/>
    <nd ref='-6538'/>
    <nd ref='-6539'/>
    <nd ref='-6540'/>
    <nd ref='-6541'/>
    <nd ref='-6542'/>
    <nd ref='-6543'/>
    <nd ref='-6544'/>
    <nd ref='-6545'/>
    <nd ref='-6546'/>
    <nd ref='-6547'/>
    <nd ref='-6548'/>
    <nd ref='-6549'/>
    <nd ref='-6550'/>
    <nd ref='-6551'/>
    <nd ref='-6552'/>
    <nd ref='-6553'/>
    <nd ref='-6554'/>
    <nd ref='-6555'/>
    <nd ref='-6556'/>
    <nd ref='-6557'/>
    <nd ref='-6558'/>
    <nd ref='-6559'/>
    <nd ref='-6560'/>
    <nd ref='-6561'/>
    <nd ref='-6562'/>
    <nd ref='-6563'/>
    <nd ref='-6564'/>
    <nd ref='-6565'/>
    <nd ref='-6566'/>
    <nd ref='-6567'/>
    <nd ref='-6568'/>
    <nd ref='-6569'/>
    <nd ref='-6570'/>
    <nd ref='-6571'/>
    <nd ref='-6572'/>
    <nd ref='-6573'/>
    <nd ref='-6574'/>
    <nd ref='-6575'/>
    <nd ref='-6576'/>
    <nd ref='-6577'/>
    <nd ref='-6578'/>
    <nd ref='-6579'/>
    <nd ref='-6580'/>
    <nd ref='-6581'/>
    <nd ref='-6582'/>
    <nd ref='-6583'/>
    <nd ref='-6584'/>
    <nd ref='-6585'/>
    <nd ref='-6586'/>
    <nd ref='-6587'/>
    <nd ref='-6588'/>
    <nd ref='-6589'/>
    <nd ref='-6590'/>
    <nd ref='-6591'/>
    <nd ref='-6592'/>
    <nd ref='-6593'/>
    <nd ref='-6594'/>
    <nd ref='-6595'/>
    <nd ref='-6596'/>
    <nd ref='-6597'/>
    <nd ref='-6598'/>
    <nd ref='-6599'/>
    <nd ref='-6600'/>
    <nd ref='-6601'/>
    <nd ref='-6602'/>
    <nd ref='-6603'/>
    <nd ref='-6604'/>
    <nd ref='-6605'/>
    <nd ref='-6606'/>
    <nd ref='-6607'/>
    <nd ref='-6608'/>
    <nd ref='-6609'/>
    <nd ref='-6610'/>
    <nd ref='-6611'/>
    <nd ref='-6612'/>
    <nd ref='-6613'/>
    <nd ref='-6614'/>
    <nd ref='-6615'/>
    <nd ref='-6616'/>
    <nd ref='-6617'/>
    <nd ref='-6618'/>
    <nd ref='-6619'/>
    <nd ref='-6620'/>
    <nd ref='-6621'/>
    <nd ref='-6622'/>
    <nd ref='-6623'/>
    <nd ref='-6624'/>
    <nd ref='-6625'/>
    <nd ref='-6626'/>
    <nd ref='-6627'/>
    <nd ref='-6628'/>
    <nd ref='-6629'/>
    <nd ref='-6630'/>
    <nd ref='-6631'/>
    <nd ref='-6632'/>
    <nd ref='-6633'/>
    <nd ref='-6634'/>
    <nd ref='-6635'/>
    <nd ref='-6636'/>
    <nd ref='-6637'/>
    <nd ref='-6638'/>
    <nd ref='-6639'/>
    <nd ref='-6640'/>
    <nd ref='-6641'/>
    <nd ref='-6642'/>
    <nd ref='-6643'/>
    <nd ref='-6644'/>
    <nd ref='-6645'/>
    <nd ref='-6646'/>
    <nd ref='-6647'/>
    <nd ref='-6648'/>
    <nd ref='-6649'/>
    <nd ref='-6650'/>
    <nd ref='-6651'/>
    <nd ref='-6652'/>
    <nd ref='-6653'/>
    <nd ref='-6654'/>
    <nd ref='-6655'/>
    <nd ref='-6656'/>
    <nd ref='-6657'/>
    <nd ref='-6658'/>
    <nd ref='-6659'/>
    <nd ref='-6660'/>
    <nd ref='-6661'/>
    <nd ref='-6662'/>
    <nd ref='-6663'/>
    <nd ref='-6664'/>
    <nd ref='-6665'/>
    <nd ref='-6666'/>
    <nd ref='-6667'/>
    <nd ref='-6668'/>
    <nd ref='-6669'/>
    <nd ref='-6670'/>
    <nd ref='-6671'/>
    <nd ref='-6672'/>
    <nd ref='-6673'/>
    <nd ref='-6674'/>
    <nd ref='-6675'/>
    <nd ref='-6676'/>
    <nd ref='-6677'/>
    <nd ref='-6678'/>
    <nd ref='-6679'/>
    <nd ref='-6680'/>
    <nd ref='-6681'/>
    <nd ref='-6682'/>
    <nd ref='-6683'/>
    <nd ref='-6684'/>
    <nd ref='-6685'/>
    <nd ref='-6686'/>
    <nd ref='-6687'/>
    <nd ref='-6688'/>
    <nd ref='-6689'/>
    <nd ref='-6690'/>
    <nd ref='-6691'/>
    <nd ref='-6692'/>
    <nd ref='-6693'/>
    <nd ref='-6694'/>
    <nd ref='-6695'/>
    <nd ref='-6696'/>
    <nd ref='-6697'/>
    <nd ref='-6698'/>
    <nd ref='-6699'/>
    <nd ref='-6700'/>
    <nd ref='-6701'/>
    <nd ref='-6702'/>
    <nd ref='-6703'/>
    <nd ref='-6704'/>
    <nd ref='-6705'/>
    <nd ref='-6706'/>
    <nd ref='-6707'/>
    <nd ref='-6708'/>
    <nd ref='-6709'/>
    <nd ref='-6710'/>
    <nd ref='-6711'/>
    <nd ref='-6712'/>
    <nd ref='-6713'/>
    <nd ref='-6714'/>
    <nd ref='-6715'/>
    <nd ref='-6716'/>
    <nd ref='-6717'/>
    <nd ref='-6718'/>
    <nd ref='-6719'/>
    <nd ref='-6720'/>
    <nd ref='-6721'/>
    <nd ref='-6722'/>
    <nd ref='-6723'/>
    <nd ref='-6724'/>
    <nd ref='-6725'/>
    <nd ref='-6726'/>
    <nd ref='-6727'/>
    <nd ref='-6728'/>
    <nd ref='-6729'/>
    <nd ref='-6730'/>
    <nd ref='-6731'/>
    <nd ref='-6732'/>
    <nd ref='-6733'/>
    <nd ref='-6734'/>
    <nd ref='-6735'/>
    <nd ref='-6736'/>
    <nd ref='-6737'/>
    <nd ref='-6738'/>
    <nd ref='-6739'/>
    <nd ref='-6740'/>
    <nd ref='-6741'/>
    <nd ref='-6742'/>
    <nd ref='-6743'/>
    <nd ref='-6744'/>
    <nd ref='-6745'/>
    <nd ref='-6746'/>
    <nd ref='-6747'/>
    <nd ref='-6748'/>
    <nd ref='-6749'/>
    <nd ref='-6750'/>
    <nd ref='-6751'/>
    <nd ref='-6752'/>
    <nd ref='-6753'/>
    <nd ref='-6754'/>
    <nd ref='-6755'/>
    <nd ref='-6756'/>
    <nd ref='-6757'/>
    <nd ref='-6758'/>
    <nd ref='-6759'/>
    <nd ref='-6760'/>
    <nd ref='-6761'/>
    <nd ref='-6762'/>
    <nd ref='-6763'/>
    <nd ref='-6764'/>
    <nd ref='-6765'/>
    <nd ref='-6766'/>
    <nd ref='-6767'/>
    <nd ref='-6768'/>
    <nd ref='-6769'/>
    <nd ref='-6770'/>
    <nd ref='-6771'/>
    <nd ref='-6772'/>
    <nd ref='-6773'/>
    <nd ref='-6774'/>
    <nd ref='-6775'/>
    <nd ref='-6776'/>
    <nd ref='-6777'/>
    <nd ref='-6778'/>
    <nd ref='-6779'/>
    <nd ref='-6780'/>
    <nd ref='-6781'/>
    <nd ref='-6782'/>
    <nd ref='-6783'/>
    <nd ref='-6784'/>
    <nd ref='-6785'/>
    <nd ref='-6786'/>
    <nd ref='-6787'/>
    <nd ref='-6788'/>
    <nd ref='-6789'/>
    <nd ref='-6790'/>
    <nd ref='-6791'/>
    <nd ref='-6792'/>
    <nd ref='-6793'/>
    <nd ref='-6794'/>
    <nd ref='-6795'/>
    <nd ref='-6796'/>
    <nd ref='-6797'/>
    <nd ref='-6798'/>
    <nd ref='-6799'/>
    <nd ref='-6800'/>
    <nd ref='-6801'/>
    <nd ref='-6802'/>
    <nd ref='-6803'/>
    <nd ref='-6804'/>
    <nd ref='-6805'/>
    <nd ref='-6806'/>
    <nd ref='-6807'/>
    <nd ref='-6808'/>
    <nd ref='-6809'/>
    <nd ref='-6810'/>
    <nd ref='-6811'/>
    <nd ref='-6812'/>
    <nd ref='-6813'/>
    <nd ref='-6814'/>
    <nd ref='-6815'/>
    <nd ref='-6816'/>
    <nd ref='-6817'/>
    <nd ref='-6818'/>
    <nd ref='-6819'/>
    <nd ref='-6820'/>
    <nd ref='-6821'/>
    <nd ref='-6822'/>
    <nd ref='-6823'/>
    <nd ref='-6824'/>
    <nd ref='-6825'/>
    <nd ref='-6826'/>
    <nd ref='-6827'/>
    <nd ref='-6828'/>
    <nd ref='-6829'/>
    <nd ref='-6830'/>
    <nd ref='-6831'/>
    <nd ref='-6832'/>
    <nd ref='-6833'/>
    <nd ref='-6834'/>
    <nd ref='-6835'/>
    <nd ref='-6836'/>
    <nd ref='-6837'/>
    <nd ref='-6838'/>
    <nd ref='-6839'/>
    <nd ref='-6840'/>
    <nd ref='-6841'/>
    <nd ref='-6842'/>
    <nd ref='-6843'/>
    <nd ref='-6844'/>
    <nd ref='-6845'/>
    <nd ref='-6846'/>
    <nd ref='-6847'/>
    <nd ref='-6848'/>
    <nd ref='-6849'/>
    <nd ref='-6850'/>
    <nd ref='-6851'/>
    <nd ref='-6852'/>
    <nd ref='-6853'/>
    <nd ref='-6854'/>
    <nd ref='-6855'/>
    <nd ref='-6856'/>
    <nd ref='-6857'/>
    <nd ref='-6858'/>
    <nd ref='-6859'/>
    <nd ref='-6860'/>
    <nd ref='-6861'/>
    <nd ref='-6862'/>
    <nd ref='-6863'/>
    <nd ref='-6864'/>
    <nd ref='-6865'/>
    <nd ref='-6866'/>
    <nd ref='-6867'/>
    <nd ref='-6868'/>
    <nd ref='-6869'/>
    <nd ref='-6870'/>
    <nd ref='-6871'/>
    <nd ref='-6872'/>
    <nd ref='-6873'/>
    <nd ref='-6874'/>
    <nd ref='-6875'/>
    <nd ref='-6876'/>
    <nd ref='-6877'/>
    <nd ref='-6878'/>
    <nd ref='-6879'/>
    <nd ref='-6880'/>
    <nd ref='-6881'/>
    <nd ref='-6882'/>
    <nd ref='-6883'/>
    <nd ref='-6884'/>
    <nd ref='-6885'/>
    <nd ref='-6886'/>
    <nd ref='-6887'/>
    <nd ref='-6888'/>
    <nd ref='-6889'/>
    <nd ref='-6890'/>
    <nd ref='-6891'/>
    <nd ref='-6892'/>
    <nd ref='-6893'/>
    <nd ref='-6894'/>
    <nd ref='-6895'/>
    <nd ref='-6896'/>
    <nd ref='-6897'/>
    <nd ref='-6898'/>
    <nd ref='-6899'/>
    <nd ref='-6900'/>
    <nd ref='-6901'/>
    <nd ref='-6902'/>
    <nd ref='-6903'/>
    <nd ref='-6904'/>
    <nd ref='-6905'/>
    <nd ref='-6906'/>
    <nd ref='-6907'/>
    <nd ref='-6908'/>
    <nd ref='-6909'/>
    <nd ref='-6910'/>
    <nd ref='-6911'/>
    <nd ref='-6912'/>
    <nd ref='-6913'/>
    <nd ref='-6914'/>
    <nd ref='-6915'/>
    <nd ref='-6916'/>
    <nd ref='-6917'/>
    <nd ref='-6918'/>
    <nd ref='-6919'/>
    <nd ref='-6920'/>
    <nd ref='-6921'/>
    <nd ref='-6922'/>
    <nd ref='-6923'/>
    <nd ref='-6924'/>
    <nd ref='-6925'/>
    <nd ref='-6926'/>
    <nd ref='-6927'/>
    <nd ref='-6928'/>
    <nd ref='-6929'/>
    <nd ref='-6930'/>
    <nd ref='-6931'/>
    <nd ref='-6932'/>
    <nd ref='-6933'/>
    <nd ref='-6934'/>
    <nd ref='-6935'/>
    <nd ref='-6936'/>
    <nd ref='-6937'/>
    <nd ref='-6938'/>
    <nd ref='-6939'/>
    <nd ref='-6940'/>
    <nd ref='-6941'/>
    <nd ref='-6942'/>
    <nd ref='-6943'/>
    <nd ref='-6944'/>
    <nd ref='-6945'/>
    <nd ref='-6946'/>
    <nd ref='-6947'/>
    <nd ref='-6948'/>
    <nd ref='-6949'/>
    <nd ref='-6950'/>
    <nd ref='-6951'/>
    <nd ref='-6952'/>
    <nd ref='-6953'/>
    <nd ref='-6954'/>
    <nd ref='-6955'/>
    <nd ref='-6956'/>
    <nd ref='-6957'/>
    <nd ref='-6958'/>
    <nd ref='-6959'/>
    <nd ref='-6960'/>
    <nd ref='-6961'/>
    <nd ref='-6962'/>
    <nd ref='-6963'/>
    <nd ref='-6964'/>
    <nd ref='-6965'/>
    <nd ref='-6966'/>
    <nd ref='-6967'/>
    <nd ref='-6968'/>
    <nd ref='-6969'/>
    <nd ref='-6970'/>
    <nd ref='-6971'/>
    <nd ref='-6972'/>
    <nd ref='-6973'/>
    <nd ref='-6974'/>
    <nd ref='-6975'/>
    <nd ref='-6976'/>
    <nd ref='-6977'/>
    <nd ref='-6978'/>
    <nd ref='-6979'/>
    <nd ref='-6980'/>
    <nd ref='-6981'/>
    <nd ref='-6982'/>
    <nd ref='-6983'/>
    <nd ref='-6984'/>
    <nd ref='-6985'/>
    <nd ref='-6986'/>
    <nd ref='-6987'/>
    <nd ref='-6988'/>
    <nd ref='-6989'/>
    <nd ref='-6990'/>
    <nd ref='-6991'/>
    <nd ref='-6992'/>
    <nd ref='-6993'/>
    <nd ref='-6994'/>
    <nd ref='-6995'/>
    <nd ref='-6996'/>
    <nd ref='-6997'/>
    <nd ref='-6998'/>
    <nd ref='-6999'/>
    <nd ref='-7000'/>
    <nd ref='-7001'/>
    <nd ref='-7002'/>
    <nd ref='-7003'/>
    <nd ref='-7004'/>
    <nd ref='-7005'/>
    <nd ref='-7006'/>
    <nd ref='-7007'/>
    <nd ref='-7008'/>
    <nd ref='-7009'/>
    <nd ref='-7010'/>
    <nd ref='-7011'/>
    <nd ref='-7012'/>
    <nd ref='-7013'/>
    <nd ref='-7014'/>
    <nd ref='-7015'/>
    <nd ref='-7016'/>
    <nd ref='-7017'/>
    <nd ref='-7018'/>
    <nd ref='-7019'/>
    <nd ref='-7020'/>
    <nd ref='-7021'/>
    <nd ref='-7022'/>
    <nd ref='-7023'/>
    <nd ref='-7024'/>
    <nd ref='-7025'/>
    <nd ref='-7026'/>
    <nd ref='-7027'/>
    <nd ref='-7028'/>
    <nd ref='-7029'/>
    <nd ref='-7030'/>
    <nd ref='-7031'/>
    <nd ref='-7032'/>
    <nd ref='-7033'/>
    <nd ref='-7034'/>
    <nd ref='-7035'/>
    <nd ref='-7036'/>
    <nd ref='-7037'/>
    <nd ref='-7038'/>
    <nd ref='-7039'/>
    <nd ref='-7040'/>
    <nd ref='-7041'/>
    <nd ref='-7042'/>
    <nd ref='-7043'/>
    <nd ref='-7044'/>
    <nd ref='-7045'/>
    <nd ref='-7046'/>
    <nd ref='-7047'/>
    <nd ref='-7048'/>
    <nd ref='-7049'/>
    <nd ref='-7050'/>
    <nd ref='-7051'/>
    <nd ref='-7052'/>
    <nd ref='-7053'/>
    <nd ref='-7054'/>
    <nd ref='-7055'/>
    <nd ref='-7056'/>
    <nd ref='-7057'/>
    <nd ref='-7058'/>
    <nd ref='-7059'/>
    <nd ref='-7060'/>
    <nd ref='-7061'/>
    <nd ref='-7062'/>
    <nd ref='-7063'/>
    <nd ref='-7064'/>
    <nd ref='-7065'/>
    <nd ref='-7066'/>
    <nd ref='-7067'/>
    <nd ref='-7068'/>
    <nd ref='-7069'/>
    <nd ref='-7070'/>
    <nd ref='-7071'/>
    <nd ref='-7072'/>
    <nd ref='-7073'/>
    <nd ref='-7074'/>
    <nd ref='-7075'/>
    <nd ref='-7076'/>
    <nd ref='-7077'/>
    <nd ref='-7078'/>
    <nd ref='-7079'/>
    <nd ref='-7080'/>
    <nd ref='-7081'/>
    <nd ref='-7082'/>
    <nd ref='-7083'/>
    <nd ref='-7084'/>
    <nd ref='-7085'/>
    <nd ref='-7086'/>
    <nd ref='-7087'/>
    <nd ref='-7088'/>
    <nd ref='-7089'/>
    <nd ref='-7090'/>
    <nd ref='-7091'/>
    <nd ref='-7092'/>
    <nd ref='-7093'/>
    <nd ref='-7094'/>
    <nd ref='-7095'/>
    <nd ref='-7096'/>
    <nd ref='-7097'/>
    <nd ref='-7098'/>
    <nd ref='-7099'/>
    <nd ref='-7100'/>
    <nd ref='-7101'/>
    <nd ref='-7102'/>
    <nd ref='-7103'/>
    <nd ref='-7104'/>
    <nd ref='-7105'/>
    <nd ref='-7106'/>
    <nd ref='-7107'/>
    <nd ref='-7108'/>
    <nd ref='-7109'/>
    <nd ref='-7110'/>
    <nd ref='-7111'/>
    <nd ref='-7112'/>
    <nd ref='-7113'/>
    <nd ref='-7114'/>
    <nd ref='-7115'/>
    <nd ref='-7116'/>
    <nd ref='-7117'/>
    <nd ref='-7118'/>
    <nd ref='-7119'/>
    <nd ref='-7120'/>
    <nd ref='-7121'/>
    <nd ref='-7122'/>
    <nd ref='-7123'/>
    <nd ref='-7124'/>
    <nd ref='-7125'/>
    <nd ref='-7126'/>
    <nd ref='-7127'/>
    <nd ref='-7128'/>
    <nd ref='-7129'/>
    <nd ref='-7130'/>
    <nd ref='-7131'/>
    <nd ref='-7132'/>
    <nd ref='-7133'/>
    <nd ref='-7134'/>
    <nd ref='-7135'/>
    <nd ref='-7136'/>
    <nd ref='-7137'/>
    <nd ref='-7138'/>
    <nd ref='-7139'/>
    <nd ref='-7140'/>
    <nd ref='-7141'/>
    <nd ref='-7142'/>
    <nd ref='-7143'/>
    <nd ref='-7144'/>
    <nd ref='-7145'/>
    <nd ref='-7146'/>
    <nd ref='-7147'/>
    <nd ref='-7148'/>
    <nd ref='-7149'/>
    <nd ref='-7150'/>
    <nd ref='-7151'/>
    <nd ref='-7152'/>
    <nd ref='-7153'/>
    <nd ref='-7154'/>
    <nd ref='-7155'/>
    <nd ref='-7156'/>
    <nd ref='-7157'/>
    <nd ref='-7158'/>
    <nd ref='-7159'/>
    <nd ref='-7160'/>
    <nd ref='-7161'/>
    <nd ref='-7162'/>
    <nd ref='-7163'/>
    <nd ref='-7164'/>
    <nd ref='-7165'/>
    <nd ref='-7166'/>
    <nd ref='-7167'/>
    <nd ref='-7168'/>
    <nd ref='-7169'/>
    <nd ref='-7170'/>
    <nd ref='-7171'/>
    <nd ref='-7172'/>
    <nd ref='-7173'/>
    <nd ref='-7174'/>
    <nd ref='-7175'/>
    <nd ref='-7176'/>
    <nd ref='-7177'/>
    <nd ref='-7178'/>
    <nd ref='-7179'/>
    <nd ref='-7180'/>
    <nd ref='-7181'/>
    <nd ref='-7182'/>
    <nd ref='-7183'/>
    <nd ref='-7184'/>
    <nd ref='-7185'/>
    <nd ref='-7186'/>
    <nd ref='-7187'/>
    <nd ref='-7188'/>
    <nd ref='-7189'/>
    <nd ref='-7190'/>
    <nd ref='-7191'/>
    <nd ref='-7192'/>
    <nd ref='-7193'/>
    <nd ref='-7194'/>
    <nd ref='-7195'/>
    <nd ref='-7196'/>
    <nd ref='-7197'/>
    <nd ref='-7198'/>
    <nd ref='-7199'/>
    <nd ref='-7200'/>
    <nd ref='-7201'/>
    <nd ref='-7202'/>
    <nd ref='-7203'/>
    <nd ref='-7204'/>
    <nd ref='-7205'/>
    <nd ref='-7206'/>
    <nd ref='-7207'/>
    <nd ref='-7208'/>
    <nd ref='-7209'/>
    <nd ref='-7210'/>
    <nd ref='-7211'/>
    <nd ref='-7212'/>
    <nd ref='-7213'/>
    <nd ref='-7214'/>
    <nd ref='-7215'/>
    <nd ref='-7216'/>
    <nd ref='-7217'/>
    <nd ref='-7218'/>
    <nd ref='-7219'/>
    <nd ref='-7220'/>
    <nd ref='-7221'/>
    <nd ref='-7222'/>
    <nd ref='-7223'/>
    <nd ref='-7224'/>
    <nd ref='-7225'/>
    <nd ref='-7226'/>
    <nd ref='-7227'/>
    <nd ref='-7228'/>
    <nd ref='-7229'/>
    <nd ref='-7230'/>
    <nd ref='-7231'/>
    <nd ref='-7232'/>
    <nd ref='-7233'/>
    <nd ref='-7234'/>
    <nd ref='-7235'/>
    <nd ref='-7236'/>
    <nd ref='-7237'/>
    <nd ref='-7238'/>
    <nd ref='-7239'/>
    <nd ref='-7240'/>
    <nd ref='-7241'/>
    <nd ref='-7242'/>
    <nd ref='-7243'/>
    <nd ref='-7244'/>
    <nd ref='-7245'/>
    <nd ref='-7246'/>
    <nd ref='-7247'/>
    <nd ref='-7248'/>
    <nd ref='-7249'/>
    <nd ref='-7250'/>
    <nd ref='-7251'/>
    <nd ref='-7252'/>
    <nd ref='-7253'/>
    <nd ref='-7254'/>
    <nd ref='-7255'/>
    <nd ref='-7256'/>
    <nd ref='-7257'/>
    <nd ref='-7258'/>
    <nd ref='-7259'/>
    <nd ref='-7260'/>
    <nd ref='-7261'/>
    <nd ref='-7262'/>
    <nd ref='-7263'/>
    <nd ref='-7264'/>
    <nd ref='-7265'/>
    <nd ref='-7266'/>
    <nd ref='-7267'/>
    <nd ref='-7268'/>
    <nd ref='-7269'/>
    <nd ref='-7270'/>
    <nd ref='-7271'/>
    <nd ref='-7272'/>
    <nd ref='-7273'/>
    <nd ref='-7274'/>
    <nd ref='-7275'/>
    <nd ref='-7276'/>
    <nd ref='-7277'/>
    <nd ref='-7278'/>
    <nd ref='-7279'/>
    <nd ref='-7280'/>
    <nd ref='-7281'/>
    <nd ref='-7282'/>
    <nd ref='-7283'/>
    <nd ref='-7284'/>
    <nd ref='-7285'/>
    <nd ref='-7286'/>
    <nd ref='-7287'/>
    <nd ref='-7288'/>
    <nd ref='-7289'/>
    <nd ref='-7290'/>
    <nd ref='-7291'/>
    <nd ref='-7292'/>
    <nd ref='-7293'/>
    <nd ref='-7294'/>
    <nd ref='-7295'/>
    <nd ref='-7296'/>
    <nd ref='-7297'/>
    <nd ref='-7298'/>
    <nd ref='-7299'/>
    <nd ref='-7300'/>
    <nd ref='-7301'/>
    <nd ref='-7302'/>
    <nd ref='-7303'/>
    <nd ref='-7304'/>
    <nd ref='-7305'/>
    <nd ref='-7306'/>
    <nd ref='-7307'/>
    <nd ref='-7308'/>
    <nd ref='-7309'/>
    <nd ref='-7310'/>
    <nd ref='-7311'/>
    <nd ref='-7312'/>
    <nd ref='-7313'/>
    <nd ref='-7314'/>
    <nd ref='-7315'/>
    <nd ref='-7316'/>
    <nd ref='-7317'/>
    <nd ref='-7318'/>
    <nd ref='-7319'/>
    <nd ref='-7320'/>
    <nd ref='-7321'/>
    <nd ref='-7322'/>
    <nd ref='-7323'/>
    <nd ref='-7324'/>
    <nd ref='-7325'/>
    <nd ref='-7326'/>
    <nd ref='-7327'/>
    <nd ref='-7328'/>
    <nd ref='-7329'/>
    <nd ref='-7330'/>
    <nd ref='-7331'/>
    <nd ref='-7332'/>
    <nd ref='-7333'/>
    <nd ref='-7334'/>
    <nd ref='-7335'/>
    <nd ref='-7336'/>
    <nd ref='-7337'/>
    <nd ref='-7338'/>
    <nd ref='-7339'/>
    <nd ref='-7340'/>
    <nd ref='-7341'/>
    <nd ref='-7342'/>
    <nd ref='-7343'/>
    <nd ref='-7344'/>
    <nd ref='-7345'/>
    <nd ref='-7346'/>
    <nd ref='-7347'/>
    <nd ref='-7348'/>
    <nd ref='-7349'/>
    <nd ref='-7350'/>
    <nd ref='-7351'/>
    <nd ref='-7352'/>
    <nd ref='-7353'/>
    <nd ref='-7354'/>
    <nd ref='-7355'/>
    <nd ref='-7356'/>
    <nd ref='-7357'/>
    <nd ref='-7358'/>
    <nd ref='-7359'/>
    <nd ref='-7360'/>
    <nd ref='-7361'/>
    <nd ref='-7362'/>
    <nd ref='-7363'/>
    <nd ref='-7364'/>
    <nd ref='-7365'/>
    <nd ref='-7366'/>
    <nd ref='-7367'/>
    <nd ref='-7368'/>
    <nd ref='-7369'/>
    <nd ref='-7370'/>
    <nd ref='-7371'/>
    <nd ref='-7372'/>
    <nd ref='-7373'/>
    <nd ref='-7374'/>
    <nd ref='-7375'/>
    <nd ref='-7376'/>
    <nd ref='-7377'/>
    <nd ref='-7378'/>
    <nd ref='-7379'/>
    <nd ref='-7380'/>
    <nd ref='-7381'/>
    <nd ref='-7382'/>
    <nd ref='-7383'/>
    <nd ref='-7384'/>
    <nd ref='-7385'/>
    <nd ref='-7386'/>
    <nd ref='-7387'/>
    <nd ref='-7388'/>
    <nd ref='-7389'/>
    <nd ref='-7390'/>
    <nd ref='-7391'/>
    <nd ref='-7392'/>
    <nd ref='-7393'/>
    <nd ref='-7394'/>
    <nd ref='-7395'/>
    <nd ref='-7396'/>
    <nd ref='-7397'/>
    <nd ref='-7398'/>
    <nd ref='-7399'/>
    <nd ref='-7400'/>
    <nd ref='-7401'/>
    <nd ref='-7402'/>
    <nd ref='-7403'/>
    <nd ref='-7404'/>
    <nd ref='-7405'/>
    <nd ref='-7406'/>
    <nd ref='-7407'/>
    <nd ref='-7408'/>
    <nd ref='-7409'/>
    <nd ref='-7410'/>
    <nd ref='-7411'/>
    <nd ref='-7412'/>
    <nd ref='-7413'/>
    <nd ref='-7414'/>
    <nd ref='-7415'/>
    <nd ref='-7416'/>
    <nd ref='-7417'/>
    <nd ref='-7418'/>
    <nd ref='-7419'/>
    <nd ref='-7420'/>
    <nd ref='-7421'/>
    <nd ref='-7422'/>
    <nd ref='-7423'/>
    <nd ref='-7424'/>
    <nd ref='-7425'/>
    <nd ref='-7426'/>
    <nd ref='-7427'/>
    <nd ref='-7428'/>
    <nd ref='-7429'/>
    <nd ref='-7430'/>
    <nd ref='-7431'/>
    <nd ref='-7432'/>
    <nd ref='-7433'/>
    <nd ref='-7434'/>
    <nd ref='-7435'/>
    <nd ref='-7436'/>
    <nd ref='-7437'/>
    <nd ref='-7438'/>
    <nd ref='-7439'/>
    <nd ref='-7440'/>
    <nd ref='-7441'/>
    <nd ref='-7442'/>
    <nd ref='-7443'/>
    <nd ref='-7444'/>
    <nd ref='-7445'/>
    <nd ref='-7446'/>
    <nd ref='-7447'/>
    <nd ref='-7448'/>
    <nd ref='-7449'/>
    <nd ref='-7450'/>
    <nd ref='-7451'/>
    <nd ref='-7452'/>
    <nd ref='-7453'/>
    <nd ref='-7454'/>
    <nd ref='-7455'/>
    <nd ref='-7456'/>
    <nd ref='-7457'/>
    <nd ref='-7458'/>
    <nd ref='-7459'/>
    <nd ref='-7460'/>
    <nd ref='-7461'/>
    <nd ref='-7462'/>
    <nd ref='-7463'/>
    <nd ref='-7464'/>
    <nd ref='-7465'/>
    <nd ref='-7466'/>
    <nd ref='-7467'/>
    <nd ref='-7468'/>
    <nd ref='-7469'/>
    <nd ref='-7470'/>
    <nd ref='-7471'/>
    <nd ref='-7472'/>
    <nd ref='-7473'/>
    <nd ref='-7474'/>
    <nd ref='-7475'/>
    <nd ref='-7476'/>
    <nd ref='-7477'/>
    <nd ref='-7478'/>
    <nd ref='-7479'/>
    <nd ref='-7480'/>
    <nd ref='-7481'/>
    <nd ref='-7482'/>
    <nd ref='-7483'/>
    <nd ref='-7484'/>
    <nd ref='-7485'/>
    <nd ref='-7486'/>
    <nd ref='-7487'/>
    <nd ref='-7488'/>
    <nd ref='-7489'/>
    <nd ref='-7490'/>
    <nd ref='-7491'/>
    <nd ref='-7492'/>
    <nd ref='-7493'/>
    <nd ref='-7494'/>
    <nd ref='-7495'/>
    <nd ref='-7496'/>
    <nd ref='-7497'/>
    <nd ref='-7498'/>
    <nd ref='-7499'/>
    <nd ref='-7500'/>
    <nd ref='-7501'/>
    <nd ref='-7502'/>
    <nd ref='-7503'/>
    <nd ref='-7504'/>
    <nd ref='-7505'/>
    <nd ref='-7506'/>
    <nd ref='-7507'/>
    <nd ref='-7508'/>
    <nd ref='-7509'/>
    <nd ref='-7510'/>
    <nd ref='-7511'/>
    <nd ref='-7512'/>
    <nd ref='-7513'/>
    <nd ref='-7514'/>
    <nd ref='-7515'/>
    <nd ref='-7516'/>
    <nd ref='-7517'/>
    <nd ref='-7518'/>
    <nd ref='-7519'/>
    <nd ref='-7520'/>
    <nd ref='-7521'/>
    <nd ref='-7522'/>
    <nd ref='-7523'/>
    <nd ref='-7524'/>
    <nd ref='-7525'/>
    <nd ref='-7526'/>
    <nd ref='-7527'/>
    <nd ref='-7528'/>
    <nd ref='-7529'/>
    <nd ref='-7530'/>
    <nd ref='-7531'/>
    <nd ref='-7532'/>
    <nd ref='-7533'/>
    <nd ref='-7534'/>
    <nd ref='-7535'/>
    <nd ref='-7536'/>
    <nd ref='-7537'/>
    <nd ref='-7538'/>
    <nd ref='-7539'/>
    <nd ref='-7540'/>
    <nd ref='-7541'/>
    <nd ref='-7542'/>
    <nd ref='-7543'/>
    <nd ref='-7544'/>
    <nd ref='-7545'/>
    <nd ref='-7546'/>
    <nd ref='-7547'/>
    <nd ref='-7548'/>
    <nd ref='-7549'/>
    <nd ref='-7550'/>
    <nd ref='-7551'/>
    <nd ref='-7552'/>
    <nd ref='-7553'/>
    <nd ref='-7554'/>
    <nd ref='-7555'/>
    <nd ref='-7556'/>
    <nd ref='-7557'/>
    <nd ref='-7558'/>
    <nd ref='-7559'/>
    <nd ref='-7560'/>
    <nd ref='-7561'/>
    <nd ref='-7562'/>
    <nd ref='-7563'/>
    <nd ref='-7564'/>
    <nd ref='-7565'/>
    <nd ref='-7566'/>
    <nd ref='-7567'/>
    <nd ref='-7568'/>
    <nd ref='-7569'/>
    <nd ref='-7570'/>
    <nd ref='-7571'/>
    <nd ref='-7572'/>
    <nd ref='-7573'/>
    <nd ref='-7574'/>
    <nd ref='-7575'/>
    <nd ref='-7576'/>
    <nd ref='-7577'/>
    <nd ref='-7578'/>
    <nd ref='-7579'/>
    <nd ref='-7580'/>
    <nd ref='-7581'/>
    <nd ref='-7582'/>
    <nd ref='-7583'/>
    <nd ref='-7584'/>
    <nd ref='-7585'/>
    <nd ref='-7586'/>
    <nd ref='-7587'/>
    <nd ref='-7588'/>
    <nd ref='-7589'/>
    <nd ref='-7590'/>
    <nd ref='-7591'/>
    <nd ref='-7592'/>
    <nd ref='-7593'/>
    <nd ref='-7594'/>
    <nd ref='-7595'/>
    <nd ref='-7596'/>
    <nd ref='-7597'/>
    <nd ref='-7598'/>
    <nd ref='-7599'/>
    <nd ref='-7600'/>
    <nd ref='-7601'/>
    <nd ref='-7602'/>
    <nd ref='-7603'/>
    <nd ref='-7604'/>
    <nd ref='-7605'/>
    <nd ref='-7606'/>
    <nd ref='-7607'/>
    <nd ref='-7608'/>
    <nd ref='-7609'/>
    <nd ref='-7610'/>
    <nd ref='-7611'/>
    <nd ref='-7612'/>
    <nd ref='-7613'/>
    <nd ref='-7614'/>
    <nd ref='-7615'/>
    <nd ref='-7616'/>
    <nd ref='-7617'/>
    <nd ref='-7618'/>
    <nd ref='-7619'/>
    <nd ref='-7620'/>
    <nd ref='-7621'/>
    <nd ref='-7622'/>
    <nd ref='-7623'/>
    <nd ref='-7624'/>
    <nd ref='-7625'/>
    <nd ref='-7626'/>
    <nd ref='-7627'/>
    <nd ref='-7628'/>
    <nd ref='-7629'/>
    <nd ref='-7630'/>
    <nd ref='-7631'/>
    <nd ref='-7632'/>
    <nd ref='-7633'/>
    <nd ref='-7634'/>
    <nd ref='-7635'/>
    <nd ref='-7636'/>
    <nd ref='-7637'/>
    <nd ref='-7638'/>
    <nd ref='-7639'/>
    <nd ref='-7640'/>
    <nd ref='-7641'/>
    <nd ref='-7642'/>
    <nd ref='-7643'/>
    <nd ref='-7644'/>
    <nd ref='-7645'/>
    <nd ref='-7646'/>
    <nd ref='-7647'/>
    <nd ref='-7648'/>
    <nd ref='-7649'/>
    <nd ref='-7650'/>
    <nd ref='-7651'/>
    <nd ref='-7652'/>
    <nd ref='-7653'/>
    <nd ref='-7654'/>
    <nd ref='-7655'/>
    <nd ref='-7656'/>
    <nd ref='-7657'/>
    <nd ref='-7658'/>
    <nd ref='-7659'/>
    <nd ref='-7660'/>
    <nd ref='-7661'/>
    <nd ref='-7662'/>
    <nd ref='-7663'/>
    <nd ref='-7664'/>
    <nd ref='-7665'/>
    <nd ref='-7666'/>
    <nd ref='-7667'/>
    <nd ref='-7668'/>
    <nd ref='-7669'/>
    <nd ref='-7670'/>
    <nd ref='-7671'/>
    <nd ref='-7672'/>
    <nd ref='-7673'/>
    <nd ref='-7674'/>
    <nd ref='-7675'/>
    <nd ref='-7676'/>
    <nd ref='-7677'/>
    <nd ref='-7678'/>
    <nd ref='-7679'/>
    <nd ref='-7680'/>
    <nd ref='-7681'/>
    <nd ref='-7682'/>
    <nd ref='-7683'/>
    <nd ref='-7684'/>
    <nd ref='-7685'/>
    <nd ref='-7686'/>
    <nd ref='-7687'/>
    <nd ref='-7688'/>
    <nd ref='-7689'/>
    <nd ref='-7690'/>
    <nd ref='-7691'/>
    <nd ref='-7692'/>
    <nd ref='-7693'/>
    <nd ref='-7694'/>
    <nd ref='-7695'/>
    <nd ref='-7696'/>
    <nd ref='-7697'/>
    <nd ref='-7698'/>
    <nd ref='-7699'/>
    <nd ref='-7700'/>
    <nd ref='-7701'/>
    <nd ref='-7702'/>
    <nd ref='-7703'/>
    <nd ref='-7704'/>
    <nd ref='-7705'/>
    <nd ref='-7706'/>
    <nd ref='-7707'/>
    <nd ref='-7708'/>
    <nd ref='-7709'/>
    <nd ref='-7710'/>
    <nd ref='-7711'/>
    <nd ref='-7712'/>
    <nd ref='-7713'/>
    <nd ref='-7714'/>
    <nd ref='-7715'/>
    <nd ref='-7716'/>
    <nd ref='-7717'/>
    <nd ref='-7718'/>
    <nd ref='-7719'/>
    <nd ref='-7720'/>
    <nd ref='-7721'/>
    <nd ref='-7722'/>
    <nd ref='-7723'/>
    <nd ref='-7724'/>
    <nd ref='-7725'/>
    <nd ref='-7726'/>
    <nd ref='-7727'/>
    <nd ref='-7728'/>
    <nd ref='-7729'/>
    <nd ref='-7730'/>
    <nd ref='-7731'/>
    <nd ref='-7732'/>
    <nd ref='-7733'/>
    <nd ref='-7734'/>
    <nd ref='-7735'/>
    <nd ref='-7736'/>
    <nd ref='-7737'/>
    <nd ref='-7738'/>
    <nd ref='-7739'/>
    <nd ref='-7740'/>
    <nd ref='-7741'/>
    <nd ref='-7742'/>
    <nd ref='-7743'/>
    <nd ref='-7744'/>
    <nd ref='-7745'/>
    <nd ref='-7746'/>
    <nd ref='-7747'/>
    <nd ref='-7748'/>
    <nd ref='-7749'/>
    <nd ref='-7750'/>
    <nd ref='-7751'/>
    <nd ref='-7752'/>
    <nd ref='-7753'/>
    <nd ref='-7754'/>
    <nd ref='-7755'/>
    <nd ref='-7756'/>
    <nd ref='-7757'/>
    <nd ref='-7758'/>
    <nd ref='-7759'/>
    <nd ref='-7760'/>
    <nd ref='-7761'/>
    <nd ref='-7762'/>
    <nd ref='-7763'/>
    <nd ref='-7764'/>
    <nd ref='-7765'/>
    <nd ref='-7766'/>
    <nd ref='-7767'/>
    <nd ref='-7768'/>
    <nd ref='-7769'/>
    <nd ref='-7770'/>
    <nd ref='-7771'/>
    <nd ref='-7772'/>
    <nd ref='-7773'/>
    <nd ref='-7774'/>
    <nd ref='-7775'/>
    <nd ref='-7776'/>
    <nd ref='-7777'/>
    <nd ref='-7778'/>
    <nd ref='-7779'/>
    <nd ref='-7780'/>
    <nd ref='-7781'/>
    <nd ref='-7782'/>
    <nd ref='-7783'/>
    <nd ref='-7784'/>
    <nd ref='-7785'/>
    <nd ref='-7786'/>
    <nd ref='-7787'/>
    <nd ref='-7788'/>
    <nd ref='-7789'/>
    <nd ref='-7790'/>
    <nd ref='-7791'/>
    <nd ref='-7792'/>
    <nd ref='-7793'/>
    <nd ref='-7794'/>
    <nd ref='-7795'/>
    <nd ref='-7796'/>
    <nd ref='-7797'/>
    <nd ref='-7798'/>
    <nd ref='-7799'/>
    <nd ref='-7800'/>
    <nd ref='-7801'/>
    <nd ref='-7802'/>
    <nd ref='-7803'/>
    <nd ref='-7804'/>
    <nd ref='-7805'/>
    <nd ref='-7806'/>
    <nd ref='-7807'/>
    <nd ref='-7808'/>
    <nd ref='-7809'/>
    <nd ref='-7810'/>
    <nd ref='-7811'/>
    <nd ref='-7812'/>
    <nd ref='-7813'/>
    <nd ref='-7814'/>
    <nd ref='-7815'/>
    <nd ref='-7816'/>
    <nd ref='-7817'/>
    <nd ref='-7818'/>
    <nd ref='-7819'/>
    <nd ref='-7820'/>
    <nd ref='-7821'/>
    <nd ref='-7822'/>
    <nd ref='-7823'/>
    <nd ref='-7824'/>
    <nd ref='-7825'/>
    <nd ref='-7826'/>
    <nd ref='-7827'/>
    <nd ref='-7828'/>
    <nd ref='-7829'/>
    <nd ref='-7830'/>
    <nd ref='-7831'/>
    <nd ref='-7832'/>
    <nd ref='-7833'/>
    <nd ref='-7834'/>
    <nd ref='-7835'/>
    <nd ref='-7836'/>
    <nd ref='-7837'/>
    <nd ref='-7838'/>
    <nd ref='-7839'/>
    <nd ref='-7840'/>
    <nd ref='-7841'/>
    <nd ref='-7842'/>
    <nd ref='-7843'/>
    <nd ref='-7844'/>
    <nd ref='-7845'/>
    <nd ref='-7846'/>
    <nd ref='-7847'/>
    <nd ref='-7848'/>
    <nd ref='-7849'/>
    <nd ref='-7850'/>
    <nd ref='-7851'/>
    <nd ref='-7852'/>
    <nd ref='-7853'/>
    <nd ref='-7854'/>
    <nd ref='-7855'/>
    <nd ref='-7856'/>
    <nd ref='-7857'/>
    <nd ref='-7858'/>
    <nd ref='-7859'/>
    <nd ref='-7860'/>
    <nd ref='-7861'/>
    <nd ref='-7862'/>
    <nd ref='-7863'/>
    <nd ref='-7864'/>
    <nd ref='-7865'/>
    <nd ref='-7866'/>
    <nd ref='-7867'/>
    <nd ref='-7868'/>
    <nd ref='-7869'/>
    <nd ref='-7870'/>
    <nd ref='-7871'/>
    <nd ref='-7872'/>
    <nd ref='-7873'/>
    <nd ref='-7874'/>
    <nd ref='-7875'/>
    <nd ref='-7876'/>
    <nd ref='-7877'/>
    <nd ref='-7878'/>
    <nd ref='-7879'/>
    <nd ref='-7880'/>
    <nd ref='-7881'/>
    <nd ref='-7882'/>
    <nd ref='-7883'/>
    <nd ref='-7884'/>
    <nd ref='-7885'/>
    <nd ref='-7886'/>
    <nd ref='-7887'/>
    <nd ref='-7888'/>
    <nd ref='-7889'/>
    <nd ref='-7890'/>
    <nd ref='-7891'/>
    <nd ref='-7892'/>
    <nd ref='-7893'/>
    <nd ref='-7894'/>
    <nd ref='-7895'/>
    <nd ref='-7896'/>
    <nd ref='-7897'/>
    <nd ref='-7898'/>
    <nd ref='-7899'/>
    <nd ref='-7900'/>
    <nd ref='-7901'/>
    <nd ref='-7902'/>
    <nd ref='-7903'/>
    <nd ref='-7904'/>
    <nd ref='-7905'/>
    <nd ref='-7906'/>
    <nd ref='-7907'/>
    <nd ref='-7908'/>
    <nd ref='-7909'/>
    <nd ref='-7910'/>
    <nd ref='-7911'/>
    <nd ref='-7912'/>
    <nd ref='-7913'/>
    <nd ref='-7914'/>
    <nd ref='-7915'/>
    <nd ref='-7916'/>
    <nd ref='-7917'/>
    <nd ref='-7918'/>
    <nd ref='-7919'/>
    <nd ref='-7920'/>
    <nd ref='-7921'/>
    <nd ref='-7922'/>
    <nd ref='-7923'/>
    <nd ref='-7924'/>
    <nd ref='-7925'/>
    <nd ref='-7926'/>
    <nd ref='-7927'/>
    <tag k='highway' v='path'/>
    <tag k='name' v='Tunsbergleden / Vestfoldveien'/>
    <tag k='network' v='Pilegrimsleden'/>
    <tag k='note:trail' v='Tunsbergleden / Vestfoldveien'/>
  </way>
  <node id='-7929' version='0' action='modify' visible='true' lat='59.3783077' lon='10.4655385'>
    <tag k='name' v='Borre Familie Camping'/>
    <tag k='source' v='pilegrimsleden.no'/>
    <tag k='network' v='Pilegrimsleden'/>
    <tag k='note:trail' v='Tunsbergleden'/>
    <tag k='tourism' v='camp_site'/>
  </node>
  <node id='-7930' version='0' action='modify' visible='true' lat='59.9273939' lon='10.7668296'>
    <tag k='name' v='Bunks at Rode'/>
    <tag k='source' v='pilegrimsleden.no'/>
    <tag k='network' v='Pilegrimsleden'/>
    <tag k='note:trail' v='Tunsbergleden'/>
    <tag k='tourism' v='hostel'/>
    <tag k='hostel:type' v='pilgrim'/>
  </node>
  <node id='-7931' version='0' action='modify' visible='true' lat='59.8486197' lon='10.4462707'>
    <tag k='name' v='Gapahuk ved Solgården'/>
    <tag k='source' v='pilegrimsleden.no'/>
    <tag k='network' v='Pilegrimsleden'/>
    <tag k='note:trail' v='Tunsbergleden'/>
    <tag k='amenity' v='shelter'/>
    <tag k='shelter_type' v='lean_to'/>
  </node>
  <node id='-7932' version='0' action='modify' visible='true' lat='59.0214358' lon='10.0719031'>
    <tag k='name' v='Gon Camping'/>
    <tag k='source' v='pilegrimsleden.no'/>
    <tag k='network' v='Pilegrimsleden'/>
    <tag k='note:trail' v='Tunsbergleden'/>
    <tag k='tourism' v='camp_site'/>
  </node>
  <node id='-7933' version='0' action='modify' visible='true' lat='59.2378550' lon='10.3995218'>
    <tag k='name' v='Grillhytta på Labakken'/>
    <tag k='source' v='pilegrimsleden.no'/>
    <tag k='network' v='Pilegrimsleden'/>
    <tag k='note:trail' v='Tunsbergleden'/>
    <tag k='amenity' v='shelter'/>
    <tag k='shelter_type' v='lean_to'/>
  </node>
  <node id='-7934' version='0' action='modify' visible='true' lat='59.7542118' lon='10.1912597'>
    <tag k='name' v='Hamborgstrømpaviljongen'/>
    <tag k='source' v='pilegrimsleden.no'/>
    <tag k='network' v='Pilegrimsleden'/>
    <tag k='note:trail' v='Tunsbergleden'/>
    <tag k='tourism' v='chalet'/>
  </node>
  <node id='-7935' version='0' action='modify' visible='true' lat='59.4189000' lon='10.4392000'>
    <tag k='name' v='Knutserød ved Borrevannet'/>
    <tag k='source' v='pilegrimsleden.no'/>
    <tag k='network' v='Pilegrimsleden'/>
    <tag k='note:trail' v='Tunsbergleden'/>
    <tag k='amenity' v='shelter'/>
    <tag k='shelter_type' v='lean_to'/>
  </node>
  <node id='-7936' version='0' action='modify' visible='true' lat='59.4454720' lon='10.4550560'>
    <tag k='name' v='Kystledhytta Løvøysund'/>
    <tag k='source' v='pilegrimsleden.no'/>
    <tag k='network' v='Pilegrimsleden'/>
    <tag k='note:trail' v='Tunsbergleden'/>
    <tag k='tourism' v='chalet'/>
  </node>
  <node id='-7937' version='0' action='modify' visible='true' lat='59.3891670' lon='10.4767220'>
    <tag k='name' v='Kystledhytta på Langgrunn'/>
    <tag k='source' v='pilegrimsleden.no'/>
    <tag k='network' v='Pilegrimsleden'/>
    <tag k='note:trail' v='Tunsbergleden'/>
    <tag k='tourism' v='chalet'/>
  </node>
  <node id='-7938' version='0' action='modify' visible='true' lat='59.1733211' lon='10.3677163'>
    <tag k='name' v='Kystledhytta Søndre Tenvik'/>
    <tag k='source' v='pilegrimsleden.no'/>
    <tag k='network' v='Pilegrimsleden'/>
    <tag k='note:trail' v='Tunsbergleden'/>
    <tag k='tourism' v='chalet'/>
  </node>
  <node id='-7939' version='0' action='modify' visible='true' lat='59.5465987' lon='10.2130151'>
    <tag k='name' v='Orebergvannet lavvo ved Veseterstulen'/>
    <tag k='source' v='pilegrimsleden.no'/>
    <tag k='network' v='Pilegrimsleden'/>
    <tag k='note:trail' v='Tunsbergleden'/>
    <tag k='amenity' v='shelter'/>
    <tag k='shelter_type' v='lean_to'/>
  </node>
  <node id='-7940' version='0' action='modify' visible='true' lat='59.7862200' lon='10.3764400'>
    <tag k='name' v='Småvannsbu'/>
    <tag k='source' v='pilegrimsleden.no'/>
    <tag k='network' v='Pilegrimsleden'/>
    <tag k='note:trail' v='Tunsbergleden'/>
    <tag k='tourism' v='chalet'/>
  </node>
  <node id='-7941' version='0' action='modify' visible='true' lat='59.8094466' lon='10.4196783'>
    <tag k='name' v='Wentzelhytta'/>
    <tag k='source' v='pilegrimsleden.no'/>
    <tag k='network' v='Pilegrimsleden'/>
    <tag k='note:trail' v='Tunsbergleden'/>
    <tag k='tourism' v='chalet'/>
  </node>
  <node id='-7942' version='0' action='modify' visible='true' lat='59.0200560' lon='10.0705830'>
    <tag k='name' v='Kystledhytta Gon'/>
    <tag k='source' v='pilegrimsleden.no'/>
    <tag k='network' v='Pilegrimsleden'/>
    <tag k='note:trail' v='Tunsbergleden'/>
    <tag k='tourism' v='chalet'/>
  </node>
  <node id='-7943' version='0' action='modify' visible='true' lat='59.8712779' lon='10.7156181'>
    <tag k='name' v='Langøyene camping'/>
    <tag k='source' v='pilegrimsleden.no'/>
    <tag k='network' v='Pilegrimsleden'/>
    <tag k='note:trail' v='Tunsbergleden'/>
    <tag k='tourism' v='camp_site'/>
    <tag k='tents' v='yes'/>
  </node>
  <node id='-7944' version='0' action='modify' visible='true' lat='59.8645815' lon='10.4729558'>
    <tag k='name' v='Berger Gård'/>
    <tag k='source' v='pilegrimsleden.no'/>
    <tag k='network' v='Pilegrimsleden'/>
    <tag k='note:trail' v='Tunsbergleden'/>
    <tag k='tourism' v='hostel'/>
    <tag k='hostel:type' v='pilgrim'/>
    <tag k='note:proposed' v='Proposed addition'/>
  </node>
  <node id='-7945' version='0' action='modify' visible='true' lat='59.5329700' lon='10.2393100'>
    <tag k='name' v='Brannåsen'/>
    <tag k='source' v='pilegrimsleden.no'/>
    <tag k='network' v='Pilegrimsleden'/>
    <tag k='note:trail' v='Tunsbergleden'/>
    <tag k='tourism' v='chalet'/>
    <tag k='note:proposed' v='Proposed addition'/>
  </node>
  <node id='-7946' version='0' action='modify' visible='true' lat='59.1458796' lon='10.3125662'>
    <tag k='name' v='Engøy gjestegård'/>
    <tag k='source' v='pilegrimsleden.no'/>
    <tag k='network' v='Pilegrimsleden'/>
    <tag k='note:trail' v='Tunsbergleden'/>
    <tag k='tourism' v='hostel'/>
    <tag k='hostel:type' v='pilgrim'/>
    <tag k='note:proposed' v='Proposed addition'/>
  </node>
  <node id='-7947' version='0' action='modify' visible='true' lat='59.9238617' lon='10.6365279'>
    <tag k='name' v='Fuglesang herberge'/>
    <tag k='source' v='pilegrimsleden.no'/>
    <tag k='network' v='Pilegrimsleden'/>
    <tag k='note:trail' v='Tunsbergleden'/>
    <tag k='tourism' v='hostel'/>
    <tag k='hostel:type' v='pilgrim'/>
    <tag k='note:proposed' v='Proposed addition'/>
  </node>
  <node id='-7948' version='0' action='modify' visible='true' lat='59.7649537' lon='10.3759217'>
    <tag k='name' v='Gapahuk ved Stordammen'/>
    <tag k='source' v='pilegrimsleden.no'/>
    <tag k='network' v='Pilegrimsleden'/>
    <tag k='note:trail' v='Tunsbergleden'/>
    <tag k='amenity' v='shelter'/>
    <tag k='shelter_type' v='lean_to'/>
    <tag k='note:proposed' v='Proposed addition'/>
  </node>
  <node id='-7949' version='0' action='modify' visible='true' lat='59.9338221' lon='10.5539131'>
    <tag k='name' v='Gardlaus Markastue og pilegrimsherberge'/>
    <tag k='source' v='pilegrimsleden.no'/>
    <tag k='network' v='Pilegrimsleden'/>
    <tag k='note:trail' v='Tunsbergleden'/>
    <tag k='tourism' v='chalet'/>
    <tag k='note:proposed' v='Proposed addition'/>
  </node>
  <node id='-7950' version='0' action='modify' visible='true' lat='59.4545863' lon='10.2478324'>
    <tag k='name' v='Kaupang gård'/>
    <tag k='source' v='pilegrimsleden.no'/>
    <tag k='network' v='Pilegrimsleden'/>
    <tag k='note:trail' v='Tunsbergleden'/>
    <tag k='tourism' v='hostel'/>
    <tag k='hostel:type' v='pilgrim'/>
    <tag k='note:proposed' v='Proposed addition'/>
  </node>
  <node id='-7951' version='0' action='modify' visible='true' lat='59.3830525' lon='10.4599826'>
    <tag k='name' v='Kirkebakken Borre - midlertidig stengt'/>
    <tag k='source' v='pilegrimsleden.no'/>
    <tag k='network' v='Pilegrimsleden'/>
    <tag k='note:trail' v='Tunsbergleden'/>
    <tag k='tourism' v='hostel'/>
    <tag k='hostel:type' v='pilgrim'/>
    <tag k='note:proposed' v='Proposed addition'/>
  </node>
  <node id='-7952' version='0' action='modify' visible='true' lat='59.1647995' lon='10.3601503'>
    <tag k='name' v='Kjølholmen på Veierland'/>
    <tag k='source' v='pilegrimsleden.no'/>
    <tag k='network' v='Pilegrimsleden'/>
    <tag k='note:trail' v='Tunsbergleden'/>
    <tag k='tourism' v='camp_site'/>
    <tag k='tents' v='yes'/>
    <tag k='note:proposed' v='Proposed addition'/>
  </node>
  <node id='-7953' version='0' action='modify' visible='true' lat='59.8094600' lon='10.3752500'>
    <tag k='name' v='Lavvoen Biggen'/>
    <tag k='source' v='pilegrimsleden.no'/>
    <tag k='network' v='Pilegrimsleden'/>
    <tag k='note:trail' v='Tunsbergleden'/>
    <tag k='amenity' v='shelter'/>
    <tag k='shelter_type' v='lean_to'/>
    <tag k='note:proposed' v='Proposed addition'/>
  </node>
  <node id='-7954' version='0' action='modify' visible='true' lat='59.4289637' lon='10.4461367'>
    <tag k='name' v='Orrfuglstua pilegrimsherberge'/>
    <tag k='source' v='pilegrimsleden.no'/>
    <tag k='network' v='Pilegrimsleden'/>
    <tag k='note:trail' v='Tunsbergleden'/>
    <tag k='tourism' v='hostel'/>
    <tag k='hostel:type' v='pilgrim'/>
    <tag k='note:proposed' v='Proposed addition'/>
  </node>
  <node id='-7955' version='0' action='modify' visible='true' lat='59.2778261' lon='10.4416313'>
    <tag k='name' v='Poppel pilegrimsherberge'/>
    <tag k='source' v='pilegrimsleden.no'/>
    <tag k='network' v='Pilegrimsleden'/>
    <tag k='note:trail' v='Tunsbergleden'/>
    <tag k='tourism' v='hostel'/>
    <tag k='hostel:type' v='pilgrim'/>
    <tag k='note:proposed' v='Proposed addition'/>
  </node>
  <node id='-7956' version='0' action='modify' visible='true' lat='59.1341390' lon='10.2393160'>
    <tag k='name' v='Preståsen pilegrimsherberge'/>
    <tag k='source' v='pilegrimsleden.no'/>
    <tag k='network' v='Pilegrimsleden'/>
    <tag k='note:trail' v='Tunsbergleden'/>
    <tag k='tourism' v='hostel'/>
    <tag k='hostel:type' v='pilgrim'/>
    <tag k='note:proposed' v='Proposed addition'/>
  </node>
  <node id='-7957' version='0' action='modify' visible='true' lat='59.7465420' lon='10.3882478'>
    <tag k='name' v='Røyken Menighetshus'/>
    <tag k='source' v='pilegrimsleden.no'/>
    <tag k='network' v='Pilegrimsleden'/>
    <tag k='note:trail' v='Tunsbergleden'/>
    <tag k='tourism' v='hostel'/>
    <tag k='hostel:type' v='pilgrim'/>
    <tag k='note:proposed' v='Proposed addition'/>
  </node>
  <node id='-7958' version='0' action='modify' visible='true' lat='59.5907643' lon='10.2088204'>
    <tag k='name' v='Sande overnatting'/>
    <tag k='source' v='pilegrimsleden.no'/>
    <tag k='network' v='Pilegrimsleden'/>
    <tag k='note:trail' v='Tunsbergleden'/>
    <tag k='tourism' v='hostel'/>
    <tag k='hostel:type' v='pilgrim'/>
    <tag k='note:proposed' v='Proposed addition'/>
  </node>
  <node id='-7959' version='0' action='modify' visible='true' lat='59.5351110' lon='10.2255638'>
    <tag k='name' v='Tyristua'/>
    <tag k='source' v='pilegrimsleden.no'/>
    <tag k='network' v='Pilegrimsleden'/>
    <tag k='note:trail' v='Tunsbergleden'/>
    <tag k='tourism' v='chalet'/>
    <tag k='note:proposed' v='Proposed addition'/>
  </node>
  <node id='-7960' version='0' action='modify' visible='true' lat='59.1574859' lon='10.3536489'>
    <tag k='name' v='Veierland skole'/>
    <tag k='source' v='pilegrimsleden.no'/>
    <tag k='network' v='Pilegrimsleden'/>
    <tag k='note:trail' v='Tunsbergleden'/>
    <tag k='tourism' v='chalet'/>
    <tag k='note:proposed' v='Proposed addition'/>
  </node>
  <node id='-7961' version='0' action='modify' visible='true' lat='59.9221295' lon='10.8198166'>
    <tag k='name' v='Østre Aker pilegrimsherberge'/>
    <tag k='source' v='pilegrimsleden.no'/>
    <tag k='network' v='Pilegrimsleden'/>
    <tag k='note:trail' v='Tunsbergleden'/>
    <tag k='tourism' v='hostel'/>
    <tag k='hostel:type' v='pilgrim'/>
    <tag k='note:proposed' v='Proposed addition'/>
  </node>
  <relation id='-7962' version='0' action='modify' visible='true'>
    <member type='way' ref='-7928' role='path'/>
    <member type='node' ref='-7929' role='existing'/>
    <member type='node' ref='-7930' role='existing'/>
    <member type='node' ref='-7931' role='existing'/>
    <member type='node' ref='-7932' role='existing'/>
    <member type='node' ref='-7933' role='existing'/>
    <member type='node' ref='-7934' role='existing'/>
    <member type='node' ref='-7935' role='existing'/>
    <member type='node' ref='-7936' role='existing'/>
    <member type='node' ref='-7937' role='existing'/>
    <member type='node' ref='-7938' role='existing'/>
    <member type='node' ref='-7939' role='existing'/>
    <member type='node' ref='-7940' role='existing'/>
    <member type='node' ref='-7941' role='existing'/>
    <member type='node' ref='-7942' role='existing'/>
    <member type='node' ref='-7943' role='existing'/>
    <member type='node' ref='-7944' role='proposed'/>
    <member type='node' ref='-7945' role='proposed'/>
    <member type='node' ref='-7946' role='proposed'/>
    <member type='node' ref='-7947' role='proposed'/>
    <member type='node' ref='-7948' role='proposed'/>
    <member type='node' ref='-7949' role='proposed'/>
    <member type='node' ref='-7950' role='proposed'/>
    <member type='node' ref='-7951' role='proposed'/>
    <member type='node' ref='-7952' role='proposed'/>
    <member type='node' ref='-7953' role='proposed'/>
    <member type='node' ref='-7954' role='proposed'/>
    <member type='node' ref='-7955' role='proposed'/>
    <member type='node' ref='-7956' role='proposed'/>
    <member type='node' ref='-7957' role='proposed'/>
    <member type='node' ref='-7958' role='proposed'/>
    <member type='node' ref='-7959' role='proposed'/>
    <member type='node' ref='-7960' role='proposed'/>
    <member type='node' ref='-7961' role='proposed'/>
    <tag k='type' v='site'/>
    <tag k='name' v='Tunsbergleden / Vestfoldveien'/>
    <tag k='network' v='Pilegrimsleden'/>
    <tag k='note:trail' v='Tunsbergleden / Vestfoldveien'/>
  </relation>
</osm>
