<?xml version="1.0" encoding="UTF-8"?>
<gpx version="1.1" creator="pilegrimsleden-osm-extractor 1.0" xmlns="http://www.topografix.com/GPX/1/1">
  <trk><name>Stråsjöleden</name><trkseg>
    <trkpt lat="62.4483648" lon="14.3195092"></trkpt>
    <trkpt lat="62.4488986" lon="14.3181795"></trkpt>
    <trkpt lat="62.4491400" lon="14.3176425"></trkpt>
    <trkpt lat="62.4493274" lon="14.3173029"></trkpt>
    <trkpt lat="62.4495824" lon="14.3169913"></trkpt>
    <trkpt lat="62.4499504" lon="14.3167917"></trkpt>
    <trkpt lat="62.4503933" lon="14.3166351"></trkpt>
    <trkpt lat="62.4509389" lon="14.3165115"></trkpt>
    <trkpt lat="62.4514845" lon="14.3163878"></trkpt>
    <trkpt lat="62.4520906" lon="14.3163427"></trkpt>
    <trkpt lat="62.4527118" lon="14.3163695"></trkpt>
    <trkpt lat="62.4532638" lon="14.3164634"></trkpt>
    <trkpt lat="62.4536201" lon="14.3165804"></trkpt>
    <trkpt lat="62.4539463" lon="14.3168218"></trkpt>
    <trkpt lat="62.4542639" lon="14.3172053"></trkpt>
    <trkpt lat="62.4545598" lon="14.3177122"></trkpt>
    <trkpt lat="62.4547590" lon="14.3181398"></trkpt>
    <trkpt lat="62.4550088" lon="14.3187985"></trkpt>
    <trkpt lat="62.4552370" lon="14.3195603"></trkpt>
    <trkpt lat="62.4554593" lon="14.3205967"></trkpt>
    <trkpt lat="62.4556332" lon="14.3215816"></trkpt>
    <trkpt lat="62.4557200" lon="14.3222832"></trkpt>
    <trkpt lat="62.4558649" lon="14.3234363"></trkpt>
    <trkpt lat="62.4560098" lon="14.3245894"></trkpt>
    <trkpt lat="62.4561217" lon="14.3257074"></trkpt>
    <trkpt lat="62.4562336" lon="14.3268253"></trkpt>
    <trkpt lat="62.4564614" lon="14.3285165"></trkpt>
    <trkpt lat="62.4566446" lon="14.3300615"></trkpt>
    <trkpt lat="62.4567647" lon="14.3310991"></trkpt>
    <trkpt lat="62.4568137" lon="14.3317322"></trkpt>
    <trkpt lat="62.4568319" lon="14.3321775"></trkpt>
    <trkpt lat="62.4568403" lon="14.3329091"></trkpt>
    <trkpt lat="62.4568037" lon="14.3338512"></trkpt>
    <trkpt lat="62.4567195" lon="14.3350568"></trkpt>
    <trkpt lat="62.4565834" lon="14.3367213"></trkpt>
    <trkpt lat="62.4564385" lon="14.3383641"></trkpt>
    <trkpt lat="62.4562936" lon="14.3400069"></trkpt>
    <trkpt lat="62.4561487" lon="14.3416497"></trkpt>
    <trkpt lat="62.4560044" lon="14.3432809"></trkpt>
    <trkpt lat="62.4558602" lon="14.3449120"></trkpt>
    <trkpt lat="62.4557159" lon="14.3465432"></trkpt>
    <trkpt lat="62.4556280" lon="14.3475232"></trkpt>
    <trkpt lat="62.4555400" lon="14.3485031"></trkpt>
    <trkpt lat="62.4555020" lon="14.3494711"></trkpt>
    <trkpt lat="62.4554542" lon="14.3503470"></trkpt>
    <trkpt lat="62.4553767" lon="14.3519988"></trkpt>
    <trkpt lat="62.4553098" lon="14.3535285"></trkpt>
    <trkpt lat="62.4552382" lon="14.3550128"></trkpt>
    <trkpt lat="62.4551666" lon="14.3564970"></trkpt>
    <trkpt lat="62.4550950" lon="14.3579813"></trkpt>
    <trkpt lat="62.4550234" lon="14.3594656"></trkpt>
    <trkpt lat="62.4549670" lon="14.3607736"></trkpt>
    <trkpt lat="62.4549107" lon="14.3620817"></trkpt>
    <trkpt lat="62.4548543" lon="14.3633897"></trkpt>
    <trkpt lat="62.4548473" lon="14.3647818"></trkpt>
    <trkpt lat="62.4549009" lon="14.3662060"></trkpt>
    <trkpt lat="62.4549544" lon="14.3676303"></trkpt>
    <trkpt lat="62.4550080" lon="14.3690545"></trkpt>
    <trkpt lat="62.4550328" lon="14.3702749"></trkpt>
    <trkpt lat="62.4550775" lon="14.3715007"></trkpt>
    <trkpt lat="62.4551519" lon="14.3728204"></trkpt>
    <trkpt lat="62.4552765" lon="14.3743626"></trkpt>
    <trkpt lat="62.4554402" lon="14.3756608"></trkpt>
    <trkpt lat="62.4555491" lon="14.3766170"></trkpt>
    <trkpt lat="62.4556580" lon="14.3775732"></trkpt>
    <trkpt lat="62.4557951" lon="14.3789364"></trkpt>
    <trkpt lat="62.4559322" lon="14.3802995"></trkpt>
    <trkpt lat="62.4559954" lon="14.3808884"></trkpt>
    <trkpt lat="62.4561497" lon="14.3818299"></trkpt>
    <trkpt lat="62.4562682" lon="14.3827445"></trkpt>
    <trkpt lat="62.4563873" lon="14.3837423"></trkpt>
    <trkpt lat="62.4564716" lon="14.3845684"></trkpt>
    <trkpt lat="62.4565858" lon="14.3856628"></trkpt>
    <trkpt lat="62.4567450" lon="14.3865935"></trkpt>
    <trkpt lat="62.4569474" lon="14.3876229"></trkpt>
    <trkpt lat="62.4571717" lon="14.3885032"></trkpt>
    <trkpt lat="62.4574297" lon="14.3893508"></trkpt>
    <trkpt lat="62.4579280" lon="14.3906855"></trkpt>
    <trkpt lat="62.4583177" lon="14.3916790"></trkpt>
    <trkpt lat="62.4588926" lon="14.3929047"></trkpt>
    <trkpt lat="62.4592583" lon="14.3937835"></trkpt>
    <trkpt lat="62.4596240" lon="14.3946622"></trkpt>
    <trkpt lat="62.4601578" lon="14.3959925"></trkpt>
    <trkpt lat="62.4605922" lon="14.3970863"></trkpt>
    <trkpt lat="62.4611180" lon="14.3984489"></trkpt>
    <trkpt lat="62.4616259" lon="14.3997712"></trkpt>
    <trkpt lat="62.4619831" lon="14.4006670"></trkpt>
    <trkpt lat="62.4623403" lon="14.4015629"></trkpt>
    <trkpt lat="62.4628511" lon="14.4028558"></trkpt>
    <trkpt lat="62.4631787" lon="14.4036859"></trkpt>
    <trkpt lat="62.4635064" lon="14.4045161"></trkpt>
    <trkpt lat="62.4636928" lon="14.4049910"></trkpt>
    <trkpt lat="62.4640074" lon="14.4057927"></trkpt>
    <trkpt lat="62.4644284" lon="14.4068683"></trkpt>
    <trkpt lat="62.4648512" lon="14.4079760"></trkpt>
    <trkpt lat="62.4652126" lon="14.4088612"></trkpt>
    <trkpt lat="62.4656287" lon="14.4099421"></trkpt>
    <trkpt lat="62.4658221" lon="14.4103927"></trkpt>
    <trkpt lat="62.4658957" lon="14.4106447"></trkpt>
    <trkpt lat="62.4658357" lon="14.4108681"></trkpt>
    <trkpt lat="62.4657544" lon="14.4112105"></trkpt>
    <trkpt lat="62.4656582" lon="14.4117618"></trkpt>
    <trkpt lat="62.4655926" lon="14.4124710"></trkpt>
    <trkpt lat="62.4655801" lon="14.4129116"></trkpt>
    <trkpt lat="62.4655995" lon="14.4134249"></trkpt>
    <trkpt lat="62.4655993" lon="14.4136746"></trkpt>
    <trkpt lat="62.4656074" lon="14.4141692"></trkpt>
    <trkpt lat="62.4656346" lon="14.4147781"></trkpt>
    <trkpt lat="62.4656482" lon="14.4154569"></trkpt>
    <trkpt lat="62.4656817" lon="14.4165241"></trkpt>
    <trkpt lat="62.4657015" lon="14.4174843"></trkpt>
    <trkpt lat="62.4656776" lon="14.4184127"></trkpt>
    <trkpt lat="62.4655812" lon="14.4198203"></trkpt>
    <trkpt lat="62.4655216" lon="14.4207632"></trkpt>
    <trkpt lat="62.4654739" lon="14.4213200"></trkpt>
    <trkpt lat="62.4654271" lon="14.4225471"></trkpt>
    <trkpt lat="62.4653802" lon="14.4237742"></trkpt>
    <trkpt lat="62.4653078" lon="14.4256684"></trkpt>
    <trkpt lat="62.4652542" lon="14.4275732"></trkpt>
    <trkpt lat="62.4652378" lon="14.4285500"></trkpt>
    <trkpt lat="62.4652215" lon="14.4295267"></trkpt>
    <trkpt lat="62.4652180" lon="14.4303119"></trkpt>
    <trkpt lat="62.4652278" lon="14.4306995"></trkpt>
    <trkpt lat="62.4652490" lon="14.4310109"></trkpt>
    <trkpt lat="62.4652674" lon="14.4312147"></trkpt>
    <trkpt lat="62.4653132" lon="14.4314813"></trkpt>
    <trkpt lat="62.4653651" lon="14.4316902"></trkpt>
    <trkpt lat="62.4654247" lon="14.4318672"></trkpt>
    <trkpt lat="62.4654900" lon="14.4320308"></trkpt>
    <trkpt lat="62.4655753" lon="14.4321949"></trkpt>
    <trkpt lat="62.4657503" lon="14.4324649"></trkpt>
    <trkpt lat="62.4658766" lon="14.4326209"></trkpt>
    <trkpt lat="62.4660884" lon="14.4328614"></trkpt>
    <trkpt lat="62.4660498" lon="14.4329317"></trkpt>
    <trkpt lat="62.4658840" lon="14.4332141"></trkpt>
    <trkpt lat="62.4652304" lon="14.4341089"></trkpt>
    <trkpt lat="62.4651910" lon="14.4341755"></trkpt>
    <trkpt lat="62.4651093" lon="14.4343648"></trkpt>
    <trkpt lat="62.4648638" lon="14.4352286"></trkpt>
    <trkpt lat="62.4647681" lon="14.4355971"></trkpt>
    <trkpt lat="62.4646692" lon="14.4359005"></trkpt>
    <trkpt lat="62.4645641" lon="14.4361412"></trkpt>
    <trkpt lat="62.4644376" lon="14.4364076"></trkpt>
    <trkpt lat="62.4638628" lon="14.4373474"></trkpt>
    <trkpt lat="62.4636014" lon="14.4378012"></trkpt>
    <trkpt lat="62.4634773" lon="14.4380835"></trkpt>
    <trkpt lat="62.4633241" lon="14.4384725"></trkpt>
    <trkpt lat="62.4632704" lon="14.4386411"></trkpt>
    <trkpt lat="62.4632108" lon="14.4388331"></trkpt>
    <trkpt lat="62.4630995" lon="14.4391015"></trkpt>
    <trkpt lat="62.4629845" lon="14.4393560"></trkpt>
    <trkpt lat="62.4627312" lon="14.4397550"></trkpt>
    <trkpt lat="62.4625248" lon="14.4400614"></trkpt>
    <trkpt lat="62.4623989" lon="14.4402579"></trkpt>
    <trkpt lat="62.4623418" lon="14.4403480"></trkpt>
    <trkpt lat="62.4623128" lon="14.4404224"></trkpt>
    <trkpt lat="62.4622864" lon="14.4405018"></trkpt>
    <trkpt lat="62.4622739" lon="14.4405854"></trkpt>
    <trkpt lat="62.4622757" lon="14.4406868"></trkpt>
    <trkpt lat="62.4622756" lon="14.4408219"></trkpt>
    <trkpt lat="62.4626741" lon="14.4407201"></trkpt>
    <trkpt lat="62.4631596" lon="14.4406057"></trkpt>
    <trkpt lat="62.4636451" lon="14.4404914"></trkpt>
    <trkpt lat="62.4640862" lon="14.4403669"></trkpt>
    <trkpt lat="62.4646564" lon="14.4401936"></trkpt>
    <trkpt lat="62.4652516" lon="14.4401030"></trkpt>
    <trkpt lat="62.4657469" lon="14.4402888"></trkpt>
    <trkpt lat="62.4662162" lon="14.4404880"></trkpt>
    <trkpt lat="62.4666854" lon="14.4406873"></trkpt>
    <trkpt lat="62.4672362" lon="14.4409256"></trkpt>
    <trkpt lat="62.4677871" lon="14.4411639"></trkpt>
    <trkpt lat="62.4683466" lon="14.4414693"></trkpt>
    <trkpt lat="62.4684694" lon="14.4415900"></trkpt>
    <trkpt lat="62.4685476" lon="14.4417258"></trkpt>
    <trkpt lat="62.4687331" lon="14.4420935"></trkpt>
    <trkpt lat="62.4691317" lon="14.4430413"></trkpt>
    <trkpt lat="62.4695302" lon="14.4439891"></trkpt>
    <trkpt lat="62.4698940" lon="14.4448249"></trkpt>
    <trkpt lat="62.4704009" lon="14.4460291"></trkpt>
    <trkpt lat="62.4705762" lon="14.4463923"></trkpt>
    <trkpt lat="62.4706234" lon="14.4464955"></trkpt>
    <trkpt lat="62.4706262" lon="14.4468547"></trkpt>
    <trkpt lat="62.4706409" lon="14.4474800"></trkpt>
    <trkpt lat="62.4706913" lon="14.4485395"></trkpt>
    <trkpt lat="62.4707575" lon="14.4495813"></trkpt>
    <trkpt lat="62.4708017" lon="14.4501763"></trkpt>
    <trkpt lat="62.4708496" lon="14.4505461"></trkpt>
    <trkpt lat="62.4708946" lon="14.4508894"></trkpt>
    <trkpt lat="62.4709637" lon="14.4512891"></trkpt>
    <trkpt lat="62.4710892" lon="14.4518994"></trkpt>
    <trkpt lat="62.4711542" lon="14.4522687"></trkpt>
    <trkpt lat="62.4712008" lon="14.4526026"></trkpt>
    <trkpt lat="62.4712284" lon="14.4529274"></trkpt>
    <trkpt lat="62.4712487" lon="14.4532887"></trkpt>
    <trkpt lat="62.4712468" lon="14.4537802"></trkpt>
    <trkpt lat="62.4712359" lon="14.4539675"></trkpt>
    <trkpt lat="62.4712197" lon="14.4544447"></trkpt>
    <trkpt lat="62.4711765" lon="14.4558659"></trkpt>
    <trkpt lat="62.4711334" lon="14.4572871"></trkpt>
    <trkpt lat="62.4711086" lon="14.4578961"></trkpt>
    <trkpt lat="62.4711038" lon="14.4580746"></trkpt>
    <trkpt lat="62.4710763" lon="14.4583903"></trkpt>
    <trkpt lat="62.4710344" lon="14.4586843"></trkpt>
    <trkpt lat="62.4709782" lon="14.4590255"></trkpt>
    <trkpt lat="62.4709227" lon="14.4592941"></trkpt>
    <trkpt lat="62.4707652" lon="14.4598432"></trkpt>
    <trkpt lat="62.4705202" lon="14.4605059"></trkpt>
    <trkpt lat="62.4703364" lon="14.4610550"></trkpt>
    <trkpt lat="62.4701827" lon="14.4616387"></trkpt>
    <trkpt lat="62.4699667" lon="14.4624809"></trkpt>
    <trkpt lat="62.4697457" lon="14.4633175"></trkpt>
    <trkpt lat="62.4693469" lon="14.4646877"></trkpt>
    <trkpt lat="62.4689481" lon="14.4660579"></trkpt>
    <trkpt lat="62.4685493" lon="14.4674281"></trkpt>
    <trkpt lat="62.4683970" lon="14.4680075"></trkpt>
    <trkpt lat="62.4682080" lon="14.4688481"></trkpt>
    <trkpt lat="62.4680799" lon="14.4693018"></trkpt>
    <trkpt lat="62.4679451" lon="14.4697074"></trkpt>
    <trkpt lat="62.4676461" lon="14.4704727"></trkpt>
    <trkpt lat="62.4675253" lon="14.4708248"></trkpt>
    <trkpt lat="62.4674203" lon="14.4712338"></trkpt>
    <trkpt lat="62.4673048" lon="14.4717336"></trkpt>
    <trkpt lat="62.4670435" lon="14.4733498"></trkpt>
    <trkpt lat="62.4667823" lon="14.4749661"></trkpt>
    <trkpt lat="62.4665210" lon="14.4765823"></trkpt>
    <trkpt lat="62.4663976" lon="14.4773159"></trkpt>
    <trkpt lat="62.4662715" lon="14.4779188"></trkpt>
    <trkpt lat="62.4660940" lon="14.4786658"></trkpt>
    <trkpt lat="62.4658865" lon="14.4794151"></trkpt>
    <trkpt lat="62.4656809" lon="14.4802318"></trkpt>
    <trkpt lat="62.4653292" lon="14.4815468"></trkpt>
    <trkpt lat="62.4649775" lon="14.4828617"></trkpt>
    <trkpt lat="62.4646258" lon="14.4841767"></trkpt>
    <trkpt lat="62.4645222" lon="14.4846370"></trkpt>
    <trkpt lat="62.4644458" lon="14.4851326"></trkpt>
    <trkpt lat="62.4643967" lon="14.4856755"></trkpt>
    <trkpt lat="62.4643749" lon="14.4863009"></trkpt>
    <trkpt lat="62.4643858" lon="14.4869618"></trkpt>
    <trkpt lat="62.4644723" lon="14.4887437"></trkpt>
    <trkpt lat="62.4644949" lon="14.4894046"></trkpt>
    <trkpt lat="62.4645127" lon="14.4903158"></trkpt>
    <trkpt lat="62.4645311" lon="14.4916303"></trkpt>
    <trkpt lat="62.4645495" lon="14.4929449"></trkpt>
    <trkpt lat="62.4645794" lon="14.4934623"></trkpt>
    <trkpt lat="62.4646211" lon="14.4940680"></trkpt>
    <trkpt lat="62.4646757" lon="14.4944730"></trkpt>
    <trkpt lat="62.4647477" lon="14.4948499"></trkpt>
    <trkpt lat="62.4648151" lon="14.4951653"></trkpt>
    <trkpt lat="62.4651080" lon="14.4963267"></trkpt>
    <trkpt lat="62.4654094" lon="14.4974974"></trkpt>
    <trkpt lat="62.4656830" lon="14.4984637"></trkpt>
    <trkpt lat="62.4659566" lon="14.4994299"></trkpt>
    <trkpt lat="62.4661539" lon="14.5002691"></trkpt>
    <trkpt lat="62.4663372" lon="14.5011602"></trkpt>
    <trkpt lat="62.4664438" lon="14.5016564"></trkpt>
    <trkpt lat="62.4665446" lon="14.5022037"></trkpt>
    <trkpt lat="62.4665896" lon="14.5025631"></trkpt>
    <trkpt lat="62.4666217" lon="14.5029667"></trkpt>
    <trkpt lat="62.4666322" lon="14.5033208"></trkpt>
    <trkpt lat="62.4666242" lon="14.5036587"></trkpt>
    <trkpt lat="62.4665992" lon="14.5040141"></trkpt>
    <trkpt lat="62.4665673" lon="14.5042649"></trkpt>
    <trkpt lat="62.4665218" lon="14.5045272"></trkpt>
    <trkpt lat="62.4664370" lon="14.5049467"></trkpt>
    <trkpt lat="62.4660415" lon="14.5062507"></trkpt>
    <trkpt lat="62.4656460" lon="14.5075547"></trkpt>
    <trkpt lat="62.4655587" lon="14.5079559"></trkpt>
    <trkpt lat="62.4655096" lon="14.5083808"></trkpt>
    <trkpt lat="62.4654769" lon="14.5087938"></trkpt>
    <trkpt lat="62.4654540" lon="14.5091479"></trkpt>
    <trkpt lat="62.4654684" lon="14.5097586"></trkpt>
    <trkpt lat="62.4655263" lon="14.5107376"></trkpt>
    <trkpt lat="62.4656131" lon="14.5118808"></trkpt>
    <trkpt lat="62.4656424" lon="14.5123893"></trkpt>
    <trkpt lat="62.4656490" lon="14.5128429"></trkpt>
    <trkpt lat="62.4656438" lon="14.5130722"></trkpt>
    <trkpt lat="62.4655908" lon="14.5134423"></trkpt>
    <trkpt lat="62.4655042" lon="14.5138329"></trkpt>
    <trkpt lat="62.4652478" lon="14.5147298"></trkpt>
    <trkpt lat="62.4651223" lon="14.5152254"></trkpt>
    <trkpt lat="62.4650586" lon="14.5156383"></trkpt>
    <trkpt lat="62.4650209" lon="14.5159113"></trkpt>
    <trkpt lat="62.4649916" lon="14.5161827"></trkpt>
    <trkpt lat="62.4649722" lon="14.5166954"></trkpt>
    <trkpt lat="62.4649776" lon="14.5176763"></trkpt>
    <trkpt lat="62.4649628" lon="14.5192078"></trkpt>
    <trkpt lat="62.4648697" lon="14.5205884"></trkpt>
    <trkpt lat="62.4647019" lon="14.5215183"></trkpt>
    <trkpt lat="62.4644592" lon="14.5224357"></trkpt>
    <trkpt lat="62.4641785" lon="14.5233203"></trkpt>
    <trkpt lat="62.4638979" lon="14.5242049"></trkpt>
    <trkpt lat="62.4634999" lon="14.5254272"></trkpt>
    <trkpt lat="62.4631387" lon="14.5265045"></trkpt>
    <trkpt lat="62.4627774" lon="14.5275819"></trkpt>
    <trkpt lat="62.4626505" lon="14.5279761"></trkpt>
    <trkpt lat="62.4621691" lon="14.5293492"></trkpt>
    <trkpt lat="62.4619941" lon="14.5297064"></trkpt>
    <trkpt lat="62.4615637" lon="14.5305846"></trkpt>
    <trkpt lat="62.4612118" lon="14.5313284"></trkpt>
    <trkpt lat="62.4611504" lon="14.5317321"></trkpt>
    <trkpt lat="62.4611531" lon="14.5322350"></trkpt>
    <trkpt lat="62.4613226" lon="14.5328917"></trkpt>
    <trkpt lat="62.4614592" lon="14.5334705"></trkpt>
    <trkpt lat="62.4615178" lon="14.5337616"></trkpt>
    <trkpt lat="62.4615711" lon="14.5341256"></trkpt>
    <trkpt lat="62.4615905" lon="14.5343779"></trkpt>
    <trkpt lat="62.4615963" lon="14.5345384"></trkpt>
    <trkpt lat="62.4615975" lon="14.5345935"></trkpt>
    <trkpt lat="62.4616047" lon="14.5349146"></trkpt>
    <trkpt lat="62.4616251" lon="14.5356398"></trkpt>
    <trkpt lat="62.4616450" lon="14.5364104"></trkpt>
    <trkpt lat="62.4617128" lon="14.5373677"></trkpt>
    <trkpt lat="62.4617347" lon="14.5376198"></trkpt>
    <trkpt lat="62.4617668" lon="14.5378405"></trkpt>
    <trkpt lat="62.4621194" lon="14.5395901"></trkpt>
    <trkpt lat="62.4623295" lon="14.5406617"></trkpt>
    <trkpt lat="62.4626274" lon="14.5421462"></trkpt>
    <trkpt lat="62.4626893" lon="14.5424159"></trkpt>
    <trkpt lat="62.4628126" lon="14.5428788"></trkpt>
    <trkpt lat="62.4629597" lon="14.5432027"></trkpt>
    <trkpt lat="62.4631552" lon="14.5435737"></trkpt>
    <trkpt lat="62.4633777" lon="14.5439222"></trkpt>
    <trkpt lat="62.4635774" lon="14.5442240"></trkpt>
    <trkpt lat="62.4638454" lon="14.5446029"></trkpt>
    <trkpt lat="62.4640652" lon="14.5448188"></trkpt>
    <trkpt lat="62.4643950" lon="14.5450557"></trkpt>
    <trkpt lat="62.4648394" lon="14.5454025"></trkpt>
    <trkpt lat="62.4649822" lon="14.5455722"></trkpt>
    <trkpt lat="62.4651272" lon="14.5457965"></trkpt>
    <trkpt lat="62.4652612" lon="14.5460447"></trkpt>
    <trkpt lat="62.4656472" lon="14.5467633"></trkpt>
    <trkpt lat="62.4660983" lon="14.5476382"></trkpt>
    <trkpt lat="62.4663927" lon="14.5482041"></trkpt>
    <trkpt lat="62.4664934" lon="14.5483883"></trkpt>
    <trkpt lat="62.4666562" lon="14.5486944"></trkpt>
    <trkpt lat="62.4669842" lon="14.5492282"></trkpt>
    <trkpt lat="62.4673688" lon="14.5497208"></trkpt>
    <trkpt lat="62.4675995" lon="14.5499491"></trkpt>
    <trkpt lat="62.4678323" lon="14.5501534"></trkpt>
    <trkpt lat="62.4680770" lon="14.5503260"></trkpt>
    <trkpt lat="62.4683446" lon="14.5504614"></trkpt>
    <trkpt lat="62.4685515" lon="14.5505471"></trkpt>
    <trkpt lat="62.4688050" lon="14.5506205"></trkpt>
    <trkpt lat="62.4692559" lon="14.5506305"></trkpt>
    <trkpt lat="62.4694555" lon="14.5506091"></trkpt>
    <trkpt lat="62.4696932" lon="14.5505359"></trkpt>
    <trkpt lat="62.4702657" lon="14.5502989"></trkpt>
    <trkpt lat="62.4706686" lon="14.5501508"></trkpt>
    <trkpt lat="62.4709880" lon="14.5500246"></trkpt>
    <trkpt lat="62.4714270" lon="14.5497635"></trkpt>
    <trkpt lat="62.4715114" lon="14.5497017"></trkpt>
    <trkpt lat="62.4718986" lon="14.5493159"></trkpt>
    <trkpt lat="62.4725446" lon="14.5486236"></trkpt>
    <trkpt lat="62.4729636" lon="14.5482303"></trkpt>
    <trkpt lat="62.4733749" lon="14.5478101"></trkpt>
    <trkpt lat="62.4737502" lon="14.5474531"></trkpt>
    <trkpt lat="62.4744600" lon="14.5467481"></trkpt>
    <trkpt lat="62.4748603" lon="14.5463548"></trkpt>
    <trkpt lat="62.4748772" lon="14.5464332"></trkpt>
    <trkpt lat="62.4751081" lon="14.5468688"></trkpt>
    <trkpt lat="62.4753084" lon="14.5478286"></trkpt>
    <trkpt lat="62.4755087" lon="14.5487884"></trkpt>
    <trkpt lat="62.4755909" lon="14.5494400"></trkpt>
    <trkpt lat="62.4756421" lon="14.5503344"></trkpt>
    <trkpt lat="62.4757124" lon="14.5514439"></trkpt>
    <trkpt lat="62.4757827" lon="14.5525535"></trkpt>
    <trkpt lat="62.4758482" lon="14.5536500"></trkpt>
    <trkpt lat="62.4759136" lon="14.5547466"></trkpt>
    <trkpt lat="62.4759166" lon="14.5558377"></trkpt>
    <trkpt lat="62.4759195" lon="14.5569287"></trkpt>
    <trkpt lat="62.4756069" lon="14.5585362"></trkpt>
    <trkpt lat="62.4752943" lon="14.5601437"></trkpt>
    <trkpt lat="62.4750997" lon="14.5615239"></trkpt>
    <trkpt lat="62.4749052" lon="14.5629042"></trkpt>
    <trkpt lat="62.4747165" lon="14.5644758"></trkpt>
    <trkpt lat="62.4746813" lon="14.5652950"></trkpt>
    <trkpt lat="62.4748198" lon="14.5664534"></trkpt>
    <trkpt lat="62.4751005" lon="14.5680094"></trkpt>
    <trkpt lat="62.4751679" lon="14.5685586"></trkpt>
    <trkpt lat="62.4752157" lon="14.5700317"></trkpt>
    <trkpt lat="62.4752249" lon="14.5707936"></trkpt>
    <trkpt lat="62.4752210" lon="14.5710947"></trkpt>
    <trkpt lat="62.4751636" lon="14.5721917"></trkpt>
    <trkpt lat="62.4751062" lon="14.5732888"></trkpt>
    <trkpt lat="62.4751205" lon="14.5738989"></trkpt>
    <trkpt lat="62.4753254" lon="14.5750886"></trkpt>
    <trkpt lat="62.4755302" lon="14.5762782"></trkpt>
    <trkpt lat="62.4755729" lon="14.5773390"></trkpt>
    <trkpt lat="62.4756156" lon="14.5783998"></trkpt>
    <trkpt lat="62.4757333" lon="14.5798568"></trkpt>
    <trkpt lat="62.4758511" lon="14.5813137"></trkpt>
    <trkpt lat="62.4759573" lon="14.5827213"></trkpt>
    <trkpt lat="62.4759357" lon="14.5834263"></trkpt>
    <trkpt lat="62.4757677" lon="14.5847649"></trkpt>
    <trkpt lat="62.4755996" lon="14.5861035"></trkpt>
    <trkpt lat="62.4755776" lon="14.5868654"></trkpt>
    <trkpt lat="62.4755996" lon="14.5879369"></trkpt>
    <trkpt lat="62.4755603" lon="14.5889760"></trkpt>
    <trkpt lat="62.4755210" lon="14.5900151"></trkpt>
    <trkpt lat="62.4753882" lon="14.5913705"></trkpt>
    <trkpt lat="62.4752554" lon="14.5927259"></trkpt>
    <trkpt lat="62.4751226" lon="14.5940813"></trkpt>
    <trkpt lat="62.4749465" lon="14.5950374"></trkpt>
    <trkpt lat="62.4747703" lon="14.5959936"></trkpt>
    <trkpt lat="62.4744467" lon="14.5970299"></trkpt>
    <trkpt lat="62.4741232" lon="14.5980662"></trkpt>
    <trkpt lat="62.4739624" lon="14.5993477"></trkpt>
    <trkpt lat="62.4739067" lon="14.6005914"></trkpt>
    <trkpt lat="62.4738509" lon="14.6018351"></trkpt>
    <trkpt lat="62.4736203" lon="14.6034620"></trkpt>
    <trkpt lat="62.4733897" lon="14.6050889"></trkpt>
    <trkpt lat="62.4732177" lon="14.6061413"></trkpt>
    <trkpt lat="62.4729567" lon="14.6074748"></trkpt>
    <trkpt lat="62.4726956" lon="14.6088084"></trkpt>
    <trkpt lat="62.4724742" lon="14.6098888"></trkpt>
    <trkpt lat="62.4722685" lon="14.6105019"></trkpt>
    <trkpt lat="62.4719316" lon="14.6112342"></trkpt>
    <trkpt lat="62.4716813" lon="14.6118829"></trkpt>
    <trkpt lat="62.4715203" lon="14.6127048"></trkpt>
    <trkpt lat="62.4713731" lon="14.6137747"></trkpt>
    <trkpt lat="62.4711890" lon="14.6151170"></trkpt>
    <trkpt lat="62.4710049" lon="14.6164592"></trkpt>
    <trkpt lat="62.4708582" lon="14.6176150"></trkpt>
    <trkpt lat="62.4707311" lon="14.6182457"></trkpt>
    <trkpt lat="62.4704892" lon="14.6189757"></trkpt>
    <trkpt lat="62.4702541" lon="14.6194786"></trkpt>
    <trkpt lat="62.4699982" lon="14.6199036"></trkpt>
    <trkpt lat="62.4695535" lon="14.6207288"></trkpt>
    <trkpt lat="62.4689883" lon="14.6219596"></trkpt>
    <trkpt lat="62.4686899" lon="14.6228440"></trkpt>
    <trkpt lat="62.4683915" lon="14.6237284"></trkpt>
    <trkpt lat="62.4680311" lon="14.6247871"></trkpt>
    <trkpt lat="62.4676707" lon="14.6258459"></trkpt>
    <trkpt lat="62.4673103" lon="14.6269046"></trkpt>
    <trkpt lat="62.4670832" lon="14.6278779"></trkpt>
    <trkpt lat="62.4668560" lon="14.6288512"></trkpt>
    <trkpt lat="62.4670254" lon="14.6302055"></trkpt>
    <trkpt lat="62.4671947" lon="14.6315598"></trkpt>
    <trkpt lat="62.4671937" lon="14.6328574"></trkpt>
    <trkpt lat="62.4671927" lon="14.6341551"></trkpt>
    <trkpt lat="62.4671748" lon="14.6353554"></trkpt>
    <trkpt lat="62.4671569" lon="14.6365557"></trkpt>
    <trkpt lat="62.4667046" lon="14.6380529"></trkpt>
    <trkpt lat="62.4661854" lon="14.6395080"></trkpt>
    <trkpt lat="62.4656663" lon="14.6409632"></trkpt>
    <trkpt lat="62.4652349" lon="14.6424619"></trkpt>
    <trkpt lat="62.4648035" lon="14.6439606"></trkpt>
    <trkpt lat="62.4643720" lon="14.6454593"></trkpt>
    <trkpt lat="62.4639406" lon="14.6469580"></trkpt>
    <trkpt lat="62.4639516" lon="14.6479703"></trkpt>
    <trkpt lat="62.4639626" lon="14.6489826"></trkpt>
    <trkpt lat="62.4642460" lon="14.6503730"></trkpt>
    <trkpt lat="62.4647181" lon="14.6519907"></trkpt>
    <trkpt lat="62.4651901" lon="14.6536083"></trkpt>
    <trkpt lat="62.4656622" lon="14.6552260"></trkpt>
    <trkpt lat="62.4661343" lon="14.6568437"></trkpt>
    <trkpt lat="62.4663829" lon="14.6579192"></trkpt>
    <trkpt lat="62.4666315" lon="14.6589948"></trkpt>
    <trkpt lat="62.4668033" lon="14.6604342"></trkpt>
    <trkpt lat="62.4669751" lon="14.6618736"></trkpt>
    <trkpt lat="62.4669438" lon="14.6635570"></trkpt>
    <trkpt lat="62.4669124" lon="14.6652404"></trkpt>
    <trkpt lat="62.4668811" lon="14.6669238"></trkpt>
    <trkpt lat="62.4668498" lon="14.6686072"></trkpt>
    <trkpt lat="62.4668185" lon="14.6702906"></trkpt>
    <trkpt lat="62.4667871" lon="14.6719740"></trkpt>
    <trkpt lat="62.4667558" lon="14.6736574"></trkpt>
    <trkpt lat="62.4668545" lon="14.6755792"></trkpt>
    <trkpt lat="62.4669532" lon="14.6775010"></trkpt>
    <trkpt lat="62.4672274" lon="14.6789957"></trkpt>
    <trkpt lat="62.4675016" lon="14.6804904"></trkpt>
    <trkpt lat="62.4678043" lon="14.6821575"></trkpt>
    <trkpt lat="62.4681070" lon="14.6838247"></trkpt>
    <trkpt lat="62.4684096" lon="14.6854918"></trkpt>
    <trkpt lat="62.4687123" lon="14.6871590"></trkpt>
    <trkpt lat="62.4690150" lon="14.6888261"></trkpt>
    <trkpt lat="62.4692417" lon="14.6903999"></trkpt>
    <trkpt lat="62.4694683" lon="14.6919737"></trkpt>
    <trkpt lat="62.4696949" lon="14.6935475"></trkpt>
    <trkpt lat="62.4699216" lon="14.6951213"></trkpt>
    <trkpt lat="62.4701403" lon="14.6969777"></trkpt>
    <trkpt lat="62.4703589" lon="14.6988340"></trkpt>
    <trkpt lat="62.4705776" lon="14.7006904"></trkpt>
    <trkpt lat="62.4707962" lon="14.7025468"></trkpt>
    <trkpt lat="62.4710149" lon="14.7044031"></trkpt>
    <trkpt lat="62.4712335" lon="14.7062595"></trkpt>
    <trkpt lat="62.4714522" lon="14.7081158"></trkpt>
    <trkpt lat="62.4716708" lon="14.7099722"></trkpt>
    <trkpt lat="62.4718895" lon="14.7118286"></trkpt>
    <trkpt lat="62.4721081" lon="14.7136849"></trkpt>
    <trkpt lat="62.4723268" lon="14.7155413"></trkpt>
    <trkpt lat="62.4725607" lon="14.7173866"></trkpt>
    <trkpt lat="62.4727947" lon="14.7192320"></trkpt>
    <trkpt lat="62.4730286" lon="14.7210773"></trkpt>
    <trkpt lat="62.4731225" lon="14.7223762"></trkpt>
    <trkpt lat="62.4732165" lon="14.7236752"></trkpt>
    <trkpt lat="62.4732396" lon="14.7241056"></trkpt>
    <trkpt lat="62.4732370" lon="14.7256228"></trkpt>
    <trkpt lat="62.4732186" lon="14.7275466"></trkpt>
    <trkpt lat="62.4732284" lon="14.7293392"></trkpt>
    <trkpt lat="62.4732381" lon="14.7311318"></trkpt>
    <trkpt lat="62.4732479" lon="14.7329244"></trkpt>
    <trkpt lat="62.4730943" lon="14.7339762"></trkpt>
    <trkpt lat="62.4729408" lon="14.7350281"></trkpt>
    <trkpt lat="62.4726375" lon="14.7360483"></trkpt>
    <trkpt lat="62.4723341" lon="14.7370685"></trkpt>
    <trkpt lat="62.4718641" lon="14.7385797"></trkpt>
    <trkpt lat="62.4713940" lon="14.7400909"></trkpt>
    <trkpt lat="62.4709239" lon="14.7416021"></trkpt>
    <trkpt lat="62.4704539" lon="14.7431133"></trkpt>
    <trkpt lat="62.4705479" lon="14.7449672"></trkpt>
    <trkpt lat="62.4706420" lon="14.7468210"></trkpt>
    <trkpt lat="62.4707182" lon="14.7482017"></trkpt>
    <trkpt lat="62.4707943" lon="14.7495824"></trkpt>
    <trkpt lat="62.4708705" lon="14.7509631"></trkpt>
    <trkpt lat="62.4708112" lon="14.7525374"></trkpt>
    <trkpt lat="62.4707519" lon="14.7541116"></trkpt>
    <trkpt lat="62.4704449" lon="14.7558945"></trkpt>
    <trkpt lat="62.4701378" lon="14.7576774"></trkpt>
    <trkpt lat="62.4698307" lon="14.7594603"></trkpt>
    <trkpt lat="62.4695237" lon="14.7612432"></trkpt>
    <trkpt lat="62.4692255" lon="14.7629880"></trkpt>
    <trkpt lat="62.4689273" lon="14.7647328"></trkpt>
    <trkpt lat="62.4686291" lon="14.7664776"></trkpt>
    <trkpt lat="62.4683344" lon="14.7675422"></trkpt>
    <trkpt lat="62.4680397" lon="14.7686069"></trkpt>
    <trkpt lat="62.4675548" lon="14.7697443"></trkpt>
    <trkpt lat="62.4670699" lon="14.7708818"></trkpt>
    <trkpt lat="62.4665850" lon="14.7720192"></trkpt>
    <trkpt lat="62.4661001" lon="14.7731567"></trkpt>
    <trkpt lat="62.4658310" lon="14.7748753"></trkpt>
    <trkpt lat="62.4655619" lon="14.7765938"></trkpt>
    <trkpt lat="62.4652928" lon="14.7783124"></trkpt>
    <trkpt lat="62.4650236" lon="14.7800310"></trkpt>
    <trkpt lat="62.4647545" lon="14.7817496"></trkpt>
    <trkpt lat="62.4644854" lon="14.7834682"></trkpt>
    <trkpt lat="62.4642163" lon="14.7851867"></trkpt>
    <trkpt lat="62.4639472" lon="14.7869053"></trkpt>
    <trkpt lat="62.4635485" lon="14.7885514"></trkpt>
    <trkpt lat="62.4631499" lon="14.7901975"></trkpt>
    <trkpt lat="62.4627761" lon="14.7917532"></trkpt>
    <trkpt lat="62.4624022" lon="14.7933088"></trkpt>
    <trkpt lat="62.4620283" lon="14.7948645"></trkpt>
    <trkpt lat="62.4616545" lon="14.7964202"></trkpt>
    <trkpt lat="62.4614008" lon="14.7973711"></trkpt>
    <trkpt lat="62.4611491" lon="14.7984217"></trkpt>
    <trkpt lat="62.4608973" lon="14.7994724"></trkpt>
    <trkpt lat="62.4605580" lon="14.8007782"></trkpt>
    <trkpt lat="62.4602943" lon="14.8018493"></trkpt>
    <trkpt lat="62.4600307" lon="14.8029203"></trkpt>
    <trkpt lat="62.4597946" lon="14.8038135"></trkpt>
    <trkpt lat="62.4594805" lon="14.8050492"></trkpt>
    <trkpt lat="62.4591663" lon="14.8062850"></trkpt>
    <trkpt lat="62.4588898" lon="14.8073966"></trkpt>
    <trkpt lat="62.4586364" lon="14.8084416"></trkpt>
    <trkpt lat="62.4582832" lon="14.8098098"></trkpt>
    <trkpt lat="62.4580380" lon="14.8107901"></trkpt>
    <trkpt lat="62.4577909" lon="14.8115534"></trkpt>
    <trkpt lat="62.4572827" lon="14.8128571"></trkpt>
    <trkpt lat="62.4567402" lon="14.8142283"></trkpt>
    <trkpt lat="62.4562210" lon="14.8154641"></trkpt>
    <trkpt lat="62.4557019" lon="14.8166999"></trkpt>
    <trkpt lat="62.4551827" lon="14.8179357"></trkpt>
    <trkpt lat="62.4548504" lon="14.8187343"></trkpt>
    <trkpt lat="62.4545180" lon="14.8195330"></trkpt>
    <trkpt lat="62.4539165" lon="14.8209275"></trkpt>
    <trkpt lat="62.4537542" lon="14.8213140"></trkpt>
    <trkpt lat="62.4533519" lon="14.8222720"></trkpt>
    <trkpt lat="62.4530425" lon="14.8229851"></trkpt>
    <trkpt lat="62.4528276" lon="14.8234317"></trkpt>
    <trkpt lat="62.4524897" lon="14.8240095"></trkpt>
    <trkpt lat="62.4519565" lon="14.8248037"></trkpt>
    <trkpt lat="62.4514234" lon="14.8255978"></trkpt>
    <trkpt lat="62.4508902" lon="14.8263920"></trkpt>
    <trkpt lat="62.4505594" lon="14.8269318"></trkpt>
    <trkpt lat="62.4503668" lon="14.8274161"></trkpt>
    <trkpt lat="62.4502104" lon="14.8279016"></trkpt>
    <trkpt lat="62.4500953" lon="14.8283905"></trkpt>
    <trkpt lat="62.4499926" lon="14.8289438"></trkpt>
    <trkpt lat="62.4499450" lon="14.8293485"></trkpt>
    <trkpt lat="62.4499020" lon="14.8299492"></trkpt>
    <trkpt lat="62.4498432" lon="14.8311232"></trkpt>
    <trkpt lat="62.4497908" lon="14.8320152"></trkpt>
    <trkpt lat="62.4497325" lon="14.8334650"></trkpt>
    <trkpt lat="62.4496783" lon="14.8346903"></trkpt>
    <trkpt lat="62.4496116" lon="14.8358106"></trkpt>
    <trkpt lat="62.4495423" lon="14.8373814"></trkpt>
    <trkpt lat="62.4495013" lon="14.8382093"></trkpt>
    <trkpt lat="62.4494624" lon="14.8391545"></trkpt>
    <trkpt lat="62.4494129" lon="14.8398760"></trkpt>
    <trkpt lat="62.4493497" lon="14.8412414"></trkpt>
    <trkpt lat="62.4492865" lon="14.8426068"></trkpt>
    <trkpt lat="62.4492304" lon="14.8436491"></trkpt>
    <trkpt lat="62.4491869" lon="14.8443037"></trkpt>
    <trkpt lat="62.4491510" lon="14.8448449"></trkpt>
    <trkpt lat="62.4492794" lon="14.8450535"></trkpt>
    <trkpt lat="62.4494258" lon="14.8453393"></trkpt>
    <trkpt lat="62.4495568" lon="14.8456506"></trkpt>
    <trkpt lat="62.4496809" lon="14.8459881"></trkpt>
    <trkpt lat="62.4497879" lon="14.8463253"></trkpt>
    <trkpt lat="62.4498873" lon="14.8466909"></trkpt>
    <trkpt lat="62.4499789" lon="14.8471143"></trkpt>
    <trkpt lat="62.4501089" lon="14.8478914"></trkpt>
    <trkpt lat="62.4502064" lon="14.8485648"></trkpt>
    <trkpt lat="62.4504470" lon="14.8503724"></trkpt>
    <trkpt lat="62.4505397" lon="14.8510412"></trkpt>
    <trkpt lat="62.4506465" lon="14.8518977"></trkpt>
    <trkpt lat="62.4507651" lon="14.8527993"></trkpt>
    <trkpt lat="62.4508726" lon="14.8536516"></trkpt>
    <trkpt lat="62.4509964" lon="14.8545456"></trkpt>
    <trkpt lat="62.4510939" lon="14.8551701"></trkpt>
    <trkpt lat="62.4511922" lon="14.8558560"></trkpt>
    <trkpt lat="62.4513073" lon="14.8567212"></trkpt>
    <trkpt lat="62.4514238" lon="14.8576395"></trkpt>
    <trkpt lat="62.4516571" lon="14.8593482"></trkpt>
    <trkpt lat="62.4518010" lon="14.8603781"></trkpt>
    <trkpt lat="62.4519287" lon="14.8612576"></trkpt>
    <trkpt lat="62.4520374" lon="14.8621396"></trkpt>
    <trkpt lat="62.4522365" lon="14.8636006"></trkpt>
    <trkpt lat="62.4523500" lon="14.8645004"></trkpt>
    <trkpt lat="62.4525775" lon="14.8661603"></trkpt>
    <trkpt lat="62.4526973" lon="14.8669910"></trkpt>
    <trkpt lat="62.4528122" lon="14.8678592"></trkpt>
    <trkpt lat="62.4529112" lon="14.8685886"></trkpt>
    <trkpt lat="62.4529719" lon="14.8691066"></trkpt>
    <trkpt lat="62.4529876" lon="14.8695352"></trkpt>
    <trkpt lat="62.4529897" lon="14.8698910"></trkpt>
    <trkpt lat="62.4529681" lon="14.8702778"></trkpt>
    <trkpt lat="62.4529295" lon="14.8706598"></trkpt>
    <trkpt lat="62.4528894" lon="14.8709125"></trkpt>
    <trkpt lat="62.4528271" lon="14.8711531"></trkpt>
    <trkpt lat="62.4527207" lon="14.8714747"></trkpt>
    <trkpt lat="62.4524963" lon="14.8720411"></trkpt>
    <trkpt lat="62.4519586" lon="14.8733623"></trkpt>
    <trkpt lat="62.4518231" lon="14.8736830"></trkpt>
    <trkpt lat="62.4514394" lon="14.8745986"></trkpt>
    <trkpt lat="62.4510743" lon="14.8754543"></trkpt>
    <trkpt lat="62.4508275" lon="14.8760658"></trkpt>
    <trkpt lat="62.4507003" lon="14.8764438"></trkpt>
    <trkpt lat="62.4506043" lon="14.8767731"></trkpt>
    <trkpt lat="62.4505208" lon="14.8771337"></trkpt>
    <trkpt lat="62.4504402" lon="14.8775428"></trkpt>
    <trkpt lat="62.4502470" lon="14.8787307"></trkpt>
    <trkpt lat="62.4500538" lon="14.8799185"></trkpt>
    <trkpt lat="62.4499262" lon="14.8807974"></trkpt>
    <trkpt lat="62.4496447" lon="14.8825877"></trkpt>
    <trkpt lat="62.4494579" lon="14.8837710"></trkpt>
    <trkpt lat="62.4492711" lon="14.8849543"></trkpt>
    <trkpt lat="62.4491099" lon="14.8859433"></trkpt>
    <trkpt lat="62.4489663" lon="14.8868995"></trkpt>
    <trkpt lat="62.4489103" lon="14.8872459"></trkpt>
    <trkpt lat="62.4487877" lon="14.8880044"></trkpt>
    <trkpt lat="62.4486417" lon="14.8889479"></trkpt>
    <trkpt lat="62.4484972" lon="14.8899116"></trkpt>
    <trkpt lat="62.4483728" lon="14.8907912"></trkpt>
    <trkpt lat="62.4483247" lon="14.8912888"></trkpt>
    <trkpt lat="62.4483110" lon="14.8915943"></trkpt>
    <trkpt lat="62.4483154" lon="14.8920177"></trkpt>
    <trkpt lat="62.4483244" lon="14.8924061"></trkpt>
    <trkpt lat="62.4483478" lon="14.8928070"></trkpt>
    <trkpt lat="62.4483854" lon="14.8931744"></trkpt>
    <trkpt lat="62.4484788" lon="14.8939190"></trkpt>
    <trkpt lat="62.4486158" lon="14.8948111"></trkpt>
    <trkpt lat="62.4487520" lon="14.8956532"></trkpt>
    <trkpt lat="62.4488471" lon="14.8963418"></trkpt>
    <trkpt lat="62.4488707" lon="14.8965128"></trkpt>
    <trkpt lat="62.4489923" lon="14.8973321"></trkpt>
    <trkpt lat="62.4491028" lon="14.8978892"></trkpt>
    <trkpt lat="62.4491729" lon="14.8981458"></trkpt>
    <trkpt lat="62.4492878" lon="14.8984407"></trkpt>
    <trkpt lat="62.4494547" lon="14.8988493"></trkpt>
    <trkpt lat="62.4496689" lon="14.8993160"></trkpt>
    <trkpt lat="62.4500952" lon="14.9002631"></trkpt>
    <trkpt lat="62.4502171" lon="14.9005084"></trkpt>
    <trkpt lat="62.4502417" lon="14.9005579"></trkpt>
    <trkpt lat="62.4502805" lon="14.9006202"></trkpt>
    <trkpt lat="62.4503280" lon="14.9006964"></trkpt>
    <trkpt lat="62.4504043" lon="14.9007770"></trkpt>
    <trkpt lat="62.4504783" lon="14.9008146"></trkpt>
    <trkpt lat="62.4506030" lon="14.9008592"></trkpt>
    <trkpt lat="62.4513075" lon="14.9009516"></trkpt>
    <trkpt lat="62.4521663" lon="14.9010842"></trkpt>
    <trkpt lat="62.4525448" lon="14.9011596"></trkpt>
    <trkpt lat="62.4529159" lon="14.9012206"></trkpt>
    <trkpt lat="62.4530879" lon="14.9012815"></trkpt>
    <trkpt lat="62.4532355" lon="14.9014027"></trkpt>
    <trkpt lat="62.4533488" lon="14.9015447"></trkpt>
    <trkpt lat="62.4534507" lon="14.9017512"></trkpt>
    <trkpt lat="62.4535612" lon="14.9020246"></trkpt>
    <trkpt lat="62.4536848" lon="14.9023714"></trkpt>
    <trkpt lat="62.4537999" lon="14.9027291"></trkpt>
    <trkpt lat="62.4539516" lon="14.9031071"></trkpt>
    <trkpt lat="62.4538899" lon="14.9032697"></trkpt>
    <trkpt lat="62.4538575" lon="14.9033790"></trkpt>
    <trkpt lat="62.4537717" lon="14.9036686"></trkpt>
    <trkpt lat="62.4535347" lon="14.9045731"></trkpt>
    <trkpt lat="62.4534109" lon="14.9050605"></trkpt>
    <trkpt lat="62.4532528" lon="14.9056827"></trkpt>
    <trkpt lat="62.4529880" lon="14.9066748"></trkpt>
    <trkpt lat="62.4527232" lon="14.9076669"></trkpt>
    <trkpt lat="62.4524808" lon="14.9084435"></trkpt>
    <trkpt lat="62.4524232" lon="14.9085846"></trkpt>
    <trkpt lat="62.4522656" lon="14.9089708"></trkpt>
    <trkpt lat="62.4520900" lon="14.9093538"></trkpt>
    <trkpt lat="62.4517214" lon="14.9100562"></trkpt>
    <trkpt lat="62.4515476" lon="14.9104268"></trkpt>
    <trkpt lat="62.4515183" lon="14.9104892"></trkpt>
    <trkpt lat="62.4514732" lon="14.9106008"></trkpt>
    <trkpt lat="62.4513848" lon="14.9108197"></trkpt>
    <trkpt lat="62.4512916" lon="14.9111109"></trkpt>
    <trkpt lat="62.4511567" lon="14.9116543"></trkpt>
    <trkpt lat="62.4510770" lon="14.9120488"></trkpt>
    <trkpt lat="62.4509949" lon="14.9124824"></trkpt>
    <trkpt lat="62.4509458" lon="14.9129350"></trkpt>
    <trkpt lat="62.4509066" lon="14.9135115"></trkpt>
    <trkpt lat="62.4508805" lon="14.9143384"></trkpt>
    <trkpt lat="62.4508664" lon="14.9148871"></trkpt>
    <trkpt lat="62.4508614" lon="14.9150803"></trkpt>
    <trkpt lat="62.4508542" lon="14.9153592"></trkpt>
    <trkpt lat="62.4508478" lon="14.9159041"></trkpt>
    <trkpt lat="62.4508435" lon="14.9162691"></trkpt>
    <trkpt lat="62.4508445" lon="14.9168553"></trkpt>
    <trkpt lat="62.4508451" lon="14.9177154"></trkpt>
    <trkpt lat="62.4508452" lon="14.9183610"></trkpt>
    <trkpt lat="62.4508545" lon="14.9199062"></trkpt>
    <trkpt lat="62.4508560" lon="14.9201837"></trkpt>
    <trkpt lat="62.4508564" lon="14.9202386"></trkpt>
    <trkpt lat="62.4508569" lon="14.9203248"></trkpt>
    <trkpt lat="62.4508816" lon="14.9208020"></trkpt>
    <trkpt lat="62.4509174" lon="14.9211892"></trkpt>
    <trkpt lat="62.4509861" lon="14.9216577"></trkpt>
    <trkpt lat="62.4510771" lon="14.9220686"></trkpt>
    <trkpt lat="62.4512532" lon="14.9227231"></trkpt>
    <trkpt lat="62.4513974" lon="14.9233106"></trkpt>
    <trkpt lat="62.4514806" lon="14.9237598"></trkpt>
    <trkpt lat="62.4515623" lon="14.9243082"></trkpt>
    <trkpt lat="62.4516446" lon="14.9250704"></trkpt>
    <trkpt lat="62.4517062" lon="14.9256899"></trkpt>
    <trkpt lat="62.4517410" lon="14.9262605"></trkpt>
    <trkpt lat="62.4517594" lon="14.9267833"></trkpt>
    <trkpt lat="62.4517631" lon="14.9274570"></trkpt>
    <trkpt lat="62.4517467" lon="14.9282111"></trkpt>
    <trkpt lat="62.4516834" lon="14.9296642"></trkpt>
    <trkpt lat="62.4516201" lon="14.9311172"></trkpt>
    <trkpt lat="62.4515567" lon="14.9323897"></trkpt>
    <trkpt lat="62.4515043" lon="14.9332898"></trkpt>
    <trkpt lat="62.4514495" lon="14.9346345"></trkpt>
    <trkpt lat="62.4513956" lon="14.9358489"></trkpt>
    <trkpt lat="62.4513388" lon="14.9369974"></trkpt>
    <trkpt lat="62.4512892" lon="14.9380720"></trkpt>
    <trkpt lat="62.4512476" lon="14.9391783"></trkpt>
    <trkpt lat="62.4512005" lon="14.9402320"></trkpt>
    <trkpt lat="62.4511533" lon="14.9412856"></trkpt>
    <trkpt lat="62.4510788" lon="14.9426726"></trkpt>
    <trkpt lat="62.4510328" lon="14.9432979"></trkpt>
    <trkpt lat="62.4509499" lon="14.9441046"></trkpt>
    <trkpt lat="62.4509000" lon="14.9444747"></trkpt>
    <trkpt lat="62.4507212" lon="14.9458418"></trkpt>
    <trkpt lat="62.4505920" lon="14.9467975"></trkpt>
    <trkpt lat="62.4504900" lon="14.9476159"></trkpt>
    <trkpt lat="62.4504751" lon="14.9477350"></trkpt>
    <trkpt lat="62.4502253" lon="14.9494663"></trkpt>
    <trkpt lat="62.4501517" lon="14.9500951"></trkpt>
    <trkpt lat="62.4501021" lon="14.9506834"></trkpt>
    <trkpt lat="62.4500868" lon="14.9510724"></trkpt>
    <trkpt lat="62.4500856" lon="14.9515845"></trkpt>
    <trkpt lat="62.4501209" lon="14.9520821"></trkpt>
    <trkpt lat="62.4501756" lon="14.9525256"></trkpt>
    <trkpt lat="62.4502516" lon="14.9529325"></trkpt>
    <trkpt lat="62.4503726" lon="14.9534282"></trkpt>
    <trkpt lat="62.4504870" lon="14.9537814"></trkpt>
    <trkpt lat="62.4506216" lon="14.9541213"></trkpt>
    <trkpt lat="62.4507718" lon="14.9543660"></trkpt>
    <trkpt lat="62.4508765" lon="14.9545009"></trkpt>
    <trkpt lat="62.4510098" lon="14.9546727"></trkpt>
    <trkpt lat="62.4512691" lon="14.9549540"></trkpt>
    <trkpt lat="62.4514245" lon="14.9550524"></trkpt>
    <trkpt lat="62.4516411" lon="14.9551142"></trkpt>
    <trkpt lat="62.4518490" lon="14.9551534"></trkpt>
    <trkpt lat="62.4521144" lon="14.9551390"></trkpt>
    <trkpt lat="62.4526000" lon="14.9550142"></trkpt>
    <trkpt lat="62.4529589" lon="14.9549464"></trkpt>
    <trkpt lat="62.4531698" lon="14.9549446"></trkpt>
    <trkpt lat="62.4534285" lon="14.9550407"></trkpt>
    <trkpt lat="62.4535535" lon="14.9551005"></trkpt>
    <trkpt lat="62.4537892" lon="14.9552133"></trkpt>
    <trkpt lat="62.4540819" lon="14.9553876"></trkpt>
    <trkpt lat="62.4545439" lon="14.9557555"></trkpt>
    <trkpt lat="62.4551610" lon="14.9562262"></trkpt>
    <trkpt lat="62.4557463" lon="14.9566630"></trkpt>
    <trkpt lat="62.4564507" lon="14.9572109"></trkpt>
    <trkpt lat="62.4566131" lon="14.9573372"></trkpt>
    <trkpt lat="62.4571039" lon="14.9577485"></trkpt>
    <trkpt lat="62.4573534" lon="14.9580159"></trkpt>
    <trkpt lat="62.4575683" lon="14.9583017"></trkpt>
    <trkpt lat="62.4578523" lon="14.9587497"></trkpt>
    <trkpt lat="62.4580820" lon="14.9591971"></trkpt>
    <trkpt lat="62.4583053" lon="14.9597513"></trkpt>
    <trkpt lat="62.4584342" lon="14.9601405"></trkpt>
    <trkpt lat="62.4585386" lon="14.9604556"></trkpt>
    <trkpt lat="62.4587675" lon="14.9612534"></trkpt>
    <trkpt lat="62.4588898" lon="14.9618217"></trkpt>
    <trkpt lat="62.4589287" lon="14.9620661"></trkpt>
    <trkpt lat="62.4590049" lon="14.9625458"></trkpt>
    <trkpt lat="62.4590257" lon="14.9627715"></trkpt>
    <trkpt lat="62.4590518" lon="14.9630544"></trkpt>
    <trkpt lat="62.4590619" lon="14.9637289"></trkpt>
    <trkpt lat="62.4590522" lon="14.9642029"></trkpt>
    <trkpt lat="62.4590163" lon="14.9646064"></trkpt>
    <trkpt lat="62.4589669" lon="14.9649531"></trkpt>
    <trkpt lat="62.4589258" lon="14.9651988"></trkpt>
    <trkpt lat="62.4589081" lon="14.9653045"></trkpt>
    <trkpt lat="62.4588537" lon="14.9655852"></trkpt>
    <trkpt lat="62.4588306" lon="14.9657039"></trkpt>
    <trkpt lat="62.4587047" lon="14.9662091"></trkpt>
    <trkpt lat="62.4585713" lon="14.9666511"></trkpt>
    <trkpt lat="62.4584078" lon="14.9670972"></trkpt>
    <trkpt lat="62.4581776" lon="14.9675210"></trkpt>
    <trkpt lat="62.4579256" lon="14.9678413"></trkpt>
    <trkpt lat="62.4576487" lon="14.9681143"></trkpt>
    <trkpt lat="62.4574510" lon="14.9682259"></trkpt>
    <trkpt lat="62.4572875" lon="14.9682833"></trkpt>
    <trkpt lat="62.4571548" lon="14.9683299"></trkpt>
    <trkpt lat="62.4568827" lon="14.9683541"></trkpt>
    <trkpt lat="62.4562912" lon="14.9682848"></trkpt>
    <trkpt lat="62.4556997" lon="14.9682154"></trkpt>
    <trkpt lat="62.4549867" lon="14.9681248"></trkpt>
    <trkpt lat="62.4546464" lon="14.9681103"></trkpt>
    <trkpt lat="62.4544522" lon="14.9681265"></trkpt>
    <trkpt lat="62.4541897" lon="14.9682032"></trkpt>
    <trkpt lat="62.4539916" lon="14.9682872"></trkpt>
    <trkpt lat="62.4537625" lon="14.9684300"></trkpt>
    <trkpt lat="62.4535049" lon="14.9686629"></trkpt>
    <trkpt lat="62.4532575" lon="14.9689071"></trkpt>
    <trkpt lat="62.4530326" lon="14.9692217"></trkpt>
    <trkpt lat="62.4528165" lon="14.9695546"></trkpt>
    <trkpt lat="62.4526297" lon="14.9699313"></trkpt>
    <trkpt lat="62.4524561" lon="14.9703869"></trkpt>
    <trkpt lat="62.4523113" lon="14.9708444"></trkpt>
    <trkpt lat="62.4521628" lon="14.9714705"></trkpt>
    <trkpt lat="62.4520239" lon="14.9721894"></trkpt>
    <trkpt lat="62.4520141" lon="14.9722403"></trkpt>
    <trkpt lat="62.4518842" lon="14.9730919"></trkpt>
    <trkpt lat="62.4517025" lon="14.9741935"></trkpt>
    <trkpt lat="62.4516033" lon="14.9747383"></trkpt>
    <trkpt lat="62.4514858" lon="14.9752762"></trkpt>
    <trkpt lat="62.4512678" lon="14.9760207"></trkpt>
    <trkpt lat="62.4510282" lon="14.9766899"></trkpt>
    <trkpt lat="62.4507404" lon="14.9773398"></trkpt>
    <trkpt lat="62.4503679" lon="14.9780675"></trkpt>
    <trkpt lat="62.4498889" lon="14.9789460"></trkpt>
    <trkpt lat="62.4492238" lon="14.9801008"></trkpt>
    <trkpt lat="62.4489961" lon="14.9804978"></trkpt>
    <trkpt lat="62.4484999" lon="14.9812936"></trkpt>
    <trkpt lat="62.4480412" lon="14.9820134"></trkpt>
    <trkpt lat="62.4477714" lon="14.9824123"></trkpt>
    <trkpt lat="62.4475305" lon="14.9827686"></trkpt>
    <trkpt lat="62.4469087" lon="14.9836538"></trkpt>
    <trkpt lat="62.4462168" lon="14.9845468"></trkpt>
    <trkpt lat="62.4459533" lon="14.9848835"></trkpt>
    <trkpt lat="62.4455564" lon="14.9853225"></trkpt>
    <trkpt lat="62.4451676" lon="14.9857177"></trkpt>
    <trkpt lat="62.4448929" lon="14.9859695"></trkpt>
    <trkpt lat="62.4446079" lon="14.9861799"></trkpt>
    <trkpt lat="62.4440985" lon="14.9865635"></trkpt>
    <trkpt lat="62.4440647" lon="14.9865802"></trkpt>
    <trkpt lat="62.4435879" lon="14.9868165"></trkpt>
    <trkpt lat="62.4431783" lon="14.9870024"></trkpt>
    <trkpt lat="62.4428491" lon="14.9870901"></trkpt>
    <trkpt lat="62.4425577" lon="14.9870922"></trkpt>
    <trkpt lat="62.4422631" lon="14.9870489"></trkpt>
    <trkpt lat="62.4418763" lon="14.9869387"></trkpt>
    <trkpt lat="62.4413425" lon="14.9867365"></trkpt>
    <trkpt lat="62.4410439" lon="14.9866345"></trkpt>
    <trkpt lat="62.4407516" lon="14.9865346"></trkpt>
    <trkpt lat="62.4404099" lon="14.9864410"></trkpt>
    <trkpt lat="62.4401184" lon="14.9863956"></trkpt>
    <trkpt lat="62.4397198" lon="14.9863567"></trkpt>
    <trkpt lat="62.4392432" lon="14.9863253"></trkpt>
    <trkpt lat="62.4383809" lon="14.9863380"></trkpt>
    <trkpt lat="62.4380851" lon="14.9863638"></trkpt>
    <trkpt lat="62.4374079" lon="14.9864205"></trkpt>
    <trkpt lat="62.4370848" lon="14.9865029"></trkpt>
    <trkpt lat="62.4366887" lon="14.9866283"></trkpt>
    <trkpt lat="62.4363408" lon="14.9867777"></trkpt>
    <trkpt lat="62.4360055" lon="14.9869790"></trkpt>
    <trkpt lat="62.4357502" lon="14.9871965"></trkpt>
    <trkpt lat="62.4354901" lon="14.9874312"></trkpt>
    <trkpt lat="62.4351660" lon="14.9877886"></trkpt>
    <trkpt lat="62.4348767" lon="14.9881716"></trkpt>
    <trkpt lat="62.4347292" lon="14.9883946"></trkpt>
    <trkpt lat="62.4345555" lon="14.9886572"></trkpt>
    <trkpt lat="62.4343543" lon="14.9889792"></trkpt>
    <trkpt lat="62.4340890" lon="14.9893833"></trkpt>
    <trkpt lat="62.4339202" lon="14.9896404"></trkpt>
    <trkpt lat="62.4336091" lon="14.9901306"></trkpt>
    <trkpt lat="62.4333347" lon="14.9904724"></trkpt>
    <trkpt lat="62.4330119" lon="14.9908155"></trkpt>
    <trkpt lat="62.4327018" lon="14.9910858"></trkpt>
    <trkpt lat="62.4324538" lon="14.9912557"></trkpt>
    <trkpt lat="62.4322073" lon="14.9913949"></trkpt>
    <trkpt lat="62.4316984" lon="14.9916121"></trkpt>
    <trkpt lat="62.4310268" lon="14.9918822"></trkpt>
    <trkpt lat="62.4307759" lon="14.9919979"></trkpt>
    <trkpt lat="62.4306546" lon="14.9920538"></trkpt>
    <trkpt lat="62.4304318" lon="14.9921566"></trkpt>
    <trkpt lat="62.4300071" lon="14.9923647"></trkpt>
    <trkpt lat="62.4296688" lon="14.9925923"></trkpt>
    <trkpt lat="62.4293318" lon="14.9928573"></trkpt>
    <trkpt lat="62.4289979" lon="14.9931671"></trkpt>
    <trkpt lat="62.4287410" lon="14.9934461"></trkpt>
    <trkpt lat="62.4283184" lon="14.9939561"></trkpt>
    <trkpt lat="62.4276521" lon="14.9947587"></trkpt>
    <trkpt lat="62.4275538" lon="14.9948770"></trkpt>
    <trkpt lat="62.4269300" lon="14.9955902"></trkpt>
    <trkpt lat="62.4263111" lon="14.9963548"></trkpt>
    <trkpt lat="62.4261348" lon="14.9965602"></trkpt>
    <trkpt lat="62.4255681" lon="14.9972205"></trkpt>
    <trkpt lat="62.4250558" lon="14.9976977"></trkpt>
    <trkpt lat="62.4246245" lon="14.9980372"></trkpt>
    <trkpt lat="62.4242551" lon="14.9982772"></trkpt>
    <trkpt lat="62.4237976" lon="14.9985394"></trkpt>
    <trkpt lat="62.4232171" lon="14.9988411"></trkpt>
    <trkpt lat="62.4225783" lon="14.9991920"></trkpt>
    <trkpt lat="62.4220358" lon="14.9994863"></trkpt>
    <trkpt lat="62.4218570" lon="14.9995827"></trkpt>
    <trkpt lat="62.4214084" lon="14.9998803"></trkpt>
    <trkpt lat="62.4210186" lon="15.0002292"></trkpt>
    <trkpt lat="62.4206536" lon="15.0006262"></trkpt>
    <trkpt lat="62.4204366" lon="15.0009162"></trkpt>
    <trkpt lat="62.4202804" lon="15.0011250"></trkpt>
    <trkpt lat="62.4200103" lon="15.0015910"></trkpt>
    <trkpt lat="62.4197915" lon="15.0020102"></trkpt>
    <trkpt lat="62.4194404" lon="15.0028261"></trkpt>
    <trkpt lat="62.4192627" lon="15.0033164"></trkpt>
    <trkpt lat="62.4190890" lon="15.0038574"></trkpt>
    <trkpt lat="62.4189551" lon="15.0043535"></trkpt>
    <trkpt lat="62.4189222" lon="15.0044755"></trkpt>
    <trkpt lat="62.4187871" lon="15.0050475"></trkpt>
    <trkpt lat="62.4186731" lon="15.0056177"></trkpt>
    <trkpt lat="62.4184845" lon="15.0066974"></trkpt>
    <trkpt lat="62.4182959" lon="15.0077771"></trkpt>
    <trkpt lat="62.4181334" lon="15.0086667"></trkpt>
    <trkpt lat="62.4179844" lon="15.0095094"></trkpt>
    <trkpt lat="62.4178419" lon="15.0102204"></trkpt>
    <trkpt lat="62.4176935" lon="15.0107635"></trkpt>
    <trkpt lat="62.4175313" lon="15.0112708"></trkpt>
    <trkpt lat="62.4173391" lon="15.0117611"></trkpt>
    <trkpt lat="62.4171036" lon="15.0122579"></trkpt>
    <trkpt lat="62.4168261" lon="15.0127098"></trkpt>
    <trkpt lat="62.4166267" lon="15.0129580"></trkpt>
    <trkpt lat="62.4165272" lon="15.0130819"></trkpt>
    <trkpt lat="62.4162751" lon="15.0133466"></trkpt>
    <trkpt lat="62.4159704" lon="15.0135908"></trkpt>
    <trkpt lat="62.4153557" lon="15.0140057"></trkpt>
    <trkpt lat="62.4145453" lon="15.0145171"></trkpt>
    <trkpt lat="62.4139722" lon="15.0148577"></trkpt>
    <trkpt lat="62.4133875" lon="15.0151934"></trkpt>
    <trkpt lat="62.4128215" lon="15.0154866"></trkpt>
    <trkpt lat="62.4124862" lon="15.0155980"></trkpt>
    <trkpt lat="62.4121891" lon="15.0156478"></trkpt>
    <trkpt lat="62.4119871" lon="15.0156688"></trkpt>
    <trkpt lat="62.4115327" lon="15.0156369"></trkpt>
    <trkpt lat="62.4108028" lon="15.0156015"></trkpt>
    <trkpt lat="62.4102230" lon="15.0155829"></trkpt>
    <trkpt lat="62.4098598" lon="15.0155923"></trkpt>
    <trkpt lat="62.4093215" lon="15.0156089"></trkpt>
    <trkpt lat="62.4087747" lon="15.0156746"></trkpt>
    <trkpt lat="62.4082279" lon="15.0157403"></trkpt>
    <trkpt lat="62.4077559" lon="15.0158580"></trkpt>
    <trkpt lat="62.4071195" lon="15.0160492"></trkpt>
    <trkpt lat="62.4064357" lon="15.0163042"></trkpt>
    <trkpt lat="62.4058914" lon="15.0165486"></trkpt>
    <trkpt lat="62.4054155" lon="15.0168410"></trkpt>
    <trkpt lat="62.4051357" lon="15.0170711"></trkpt>
    <trkpt lat="62.4050280" lon="15.0171596"></trkpt>
    <trkpt lat="62.4047744" lon="15.0174233"></trkpt>
    <trkpt lat="62.4047230" lon="15.0174872"></trkpt>
    <trkpt lat="62.4045286" lon="15.0177283"></trkpt>
    <trkpt lat="62.4042806" lon="15.0180780"></trkpt>
    <trkpt lat="62.4040410" lon="15.0184681"></trkpt>
    <trkpt lat="62.4038730" lon="15.0187754"></trkpt>
    <trkpt lat="62.4036466" lon="15.0192212"></trkpt>
    <trkpt lat="62.4034898" lon="15.0195682"></trkpt>
    <trkpt lat="62.4032911" lon="15.0200620"></trkpt>
    <trkpt lat="62.4030024" lon="15.0208521"></trkpt>
    <trkpt lat="62.4027737" lon="15.0214283"></trkpt>
    <trkpt lat="62.4024846" lon="15.0220742"></trkpt>
    <trkpt lat="62.4020560" lon="15.0228862"></trkpt>
    <trkpt lat="62.4016275" lon="15.0236981"></trkpt>
    <trkpt lat="62.4012967" lon="15.0244986"></trkpt>
    <trkpt lat="62.4010888" lon="15.0250721"></trkpt>
    <trkpt lat="62.4006156" lon="15.0264929"></trkpt>
    <trkpt lat="62.4003530" lon="15.0272093"></trkpt>
    <trkpt lat="62.4001468" lon="15.0276376"></trkpt>
    <trkpt lat="62.3999582" lon="15.0279514"></trkpt>
    <trkpt lat="62.3996830" lon="15.0283144"></trkpt>
    <trkpt lat="62.3994423" lon="15.0285665"></trkpt>
    <trkpt lat="62.3989482" lon="15.0289980"></trkpt>
    <trkpt lat="62.3984576" lon="15.0293906"></trkpt>
    <trkpt lat="62.3980591" lon="15.0297442"></trkpt>
    <trkpt lat="62.3978360" lon="15.0299803"></trkpt>
    <trkpt lat="62.3976579" lon="15.0301931"></trkpt>
    <trkpt lat="62.3974484" lon="15.0304950"></trkpt>
    <trkpt lat="62.3972942" lon="15.0307546"></trkpt>
    <trkpt lat="62.3970710" lon="15.0312356"></trkpt>
    <trkpt lat="62.3969279" lon="15.0315669"></trkpt>
    <trkpt lat="62.3964265" lon="15.0328343"></trkpt>
    <trkpt lat="62.3958575" lon="15.0342462"></trkpt>
    <trkpt lat="62.3956744" lon="15.0347033"></trkpt>
    <trkpt lat="62.3954710" lon="15.0351140"></trkpt>
    <trkpt lat="62.3953592" lon="15.0353084"></trkpt>
    <trkpt lat="62.3951491" lon="15.0356537"></trkpt>
    <trkpt lat="62.3949054" lon="15.0360223"></trkpt>
    <trkpt lat="62.3945633" lon="15.0365272"></trkpt>
    <trkpt lat="62.3940926" lon="15.0371946"></trkpt>
    <trkpt lat="62.3937304" lon="15.0377764"></trkpt>
    <trkpt lat="62.3936024" lon="15.0379912"></trkpt>
    <trkpt lat="62.3934435" lon="15.0382900"></trkpt>
    <trkpt lat="62.3931950" lon="15.0387790"></trkpt>
    <trkpt lat="62.3930145" lon="15.0391562"></trkpt>
    <trkpt lat="62.3927755" lon="15.0397322"></trkpt>
    <trkpt lat="62.3923755" lon="15.0408159"></trkpt>
    <trkpt lat="62.3919754" lon="15.0418997"></trkpt>
    <trkpt lat="62.3918259" lon="15.0422667"></trkpt>
    <trkpt lat="62.3917020" lon="15.0425597"></trkpt>
    <trkpt lat="62.3914432" lon="15.0431196"></trkpt>
    <trkpt lat="62.3909886" lon="15.0440534"></trkpt>
    <trkpt lat="62.3908076" lon="15.0444592"></trkpt>
    <trkpt lat="62.3906876" lon="15.0447606"></trkpt>
    <trkpt lat="62.3905550" lon="15.0451233"></trkpt>
    <trkpt lat="62.3902351" lon="15.0461319"></trkpt>
    <trkpt lat="62.3900204" lon="15.0468777"></trkpt>
    <trkpt lat="62.3897003" lon="15.0480235"></trkpt>
    <trkpt lat="62.3894432" lon="15.0490006"></trkpt>
    <trkpt lat="62.3891861" lon="15.0499777"></trkpt>
    <trkpt lat="62.3890696" lon="15.0504612"></trkpt>
    <trkpt lat="62.3889300" lon="15.0510845"></trkpt>
    <trkpt lat="62.3888329" lon="15.0515580"></trkpt>
    <trkpt lat="62.3887414" lon="15.0520515"></trkpt>
    <trkpt lat="62.3886851" lon="15.0524110"></trkpt>
    <trkpt lat="62.3886186" lon="15.0529084"></trkpt>
    <trkpt lat="62.3885780" lon="15.0532839"></trkpt>
    <trkpt lat="62.3885108" lon="15.0540468"></trkpt>
    <trkpt lat="62.3884813" lon="15.0544562"></trkpt>
    <trkpt lat="62.3884639" lon="15.0548516"></trkpt>
    <trkpt lat="62.3884577" lon="15.0554945"></trkpt>
    <trkpt lat="62.3884637" lon="15.0562234"></trkpt>
    <trkpt lat="62.3884684" lon="15.0565229"></trkpt>
    <trkpt lat="62.3884825" lon="15.0568603"></trkpt>
    <trkpt lat="62.3885068" lon="15.0572396"></trkpt>
    <trkpt lat="62.3885357" lon="15.0576309"></trkpt>
    <trkpt lat="62.3885730" lon="15.0580402"></trkpt>
    <trkpt lat="62.3886149" lon="15.0583855"></trkpt>
    <trkpt lat="62.3886722" lon="15.0588054"></trkpt>
    <trkpt lat="62.3888194" lon="15.0596970"></trkpt>
    <trkpt lat="62.3890154" lon="15.0607848"></trkpt>
    <trkpt lat="62.3891910" lon="15.0617369"></trkpt>
    <trkpt lat="62.3893201" lon="15.0624184"></trkpt>
    <trkpt lat="62.3894121" lon="15.0629106"></trkpt>
    <trkpt lat="62.3894846" lon="15.0632758"></trkpt>
    <trkpt lat="62.3897271" lon="15.0646372"></trkpt>
    <trkpt lat="62.3898637" lon="15.0655455"></trkpt>
    <trkpt lat="62.3900235" lon="15.0665716"></trkpt>
    <trkpt lat="62.3901303" lon="15.0673123"></trkpt>
    <trkpt lat="62.3901534" lon="15.0674399"></trkpt>
    <trkpt lat="62.3902564" lon="15.0680861"></trkpt>
    <trkpt lat="62.3904160" lon="15.0691682"></trkpt>
    <trkpt lat="62.3905063" lon="15.0697196"></trkpt>
    <trkpt lat="62.3905641" lon="15.0700944"></trkpt>
    <trkpt lat="62.3907561" lon="15.0712895"></trkpt>
    <trkpt lat="62.3908073" lon="15.0715849"></trkpt>
    <trkpt lat="62.3908224" lon="15.0716721"></trkpt>
    <trkpt lat="62.3909493" lon="15.0723390"></trkpt>
    <trkpt lat="62.3910053" lon="15.0725768"></trkpt>
    <trkpt lat="62.3910540" lon="15.0728043"></trkpt>
    <trkpt lat="62.3912480" lon="15.0736177"></trkpt>
    <trkpt lat="62.3913671" lon="15.0740434"></trkpt>
    <trkpt lat="62.3914749" lon="15.0744640"></trkpt>
    <trkpt lat="62.3916506" lon="15.0751224"></trkpt>
    <trkpt lat="62.3917329" lon="15.0754826"></trkpt>
    <trkpt lat="62.3917720" lon="15.0756929"></trkpt>
    <trkpt lat="62.3918446" lon="15.0761926"></trkpt>
    <trkpt lat="62.3918893" lon="15.0765665"></trkpt>
    <trkpt lat="62.3919068" lon="15.0767475"></trkpt>
    <trkpt lat="62.3919315" lon="15.0770611"></trkpt>
    <trkpt lat="62.3919418" lon="15.0772627"></trkpt>
    <trkpt lat="62.3919441" lon="15.0774815"></trkpt>
    <trkpt lat="62.3919456" lon="15.0778175"></trkpt>
    <trkpt lat="62.3919407" lon="15.0780880"></trkpt>
    <trkpt lat="62.3919327" lon="15.0783412"></trkpt>
    <trkpt lat="62.3919094" lon="15.0786720"></trkpt>
    <trkpt lat="62.3918668" lon="15.0790773"></trkpt>
    <trkpt lat="62.3918380" lon="15.0793490"></trkpt>
    <trkpt lat="62.3917426" lon="15.0800794"></trkpt>
    <trkpt lat="62.3916312" lon="15.0808442"></trkpt>
    <trkpt lat="62.3915503" lon="15.0813127"></trkpt>
    <trkpt lat="62.3913861" lon="15.0821860"></trkpt>
    <trkpt lat="62.3911778" lon="15.0831935"></trkpt>
    <trkpt lat="62.3910689" lon="15.0837050"></trkpt>
    <trkpt lat="62.3908782" lon="15.0846454"></trkpt>
    <trkpt lat="62.3907949" lon="15.0851053"></trkpt>
    <trkpt lat="62.3906579" lon="15.0859303"></trkpt>
    <trkpt lat="62.3906074" lon="15.0862938"></trkpt>
    <trkpt lat="62.3905448" lon="15.0867950"></trkpt>
    <trkpt lat="62.3904991" lon="15.0872273"></trkpt>
    <trkpt lat="62.3904597" lon="15.0876442"></trkpt>
    <trkpt lat="62.3904244" lon="15.0881162"></trkpt>
    <trkpt lat="62.3903801" lon="15.0888173"></trkpt>
    <trkpt lat="62.3903414" lon="15.0895443"></trkpt>
    <trkpt lat="62.3903284" lon="15.0899825"></trkpt>
    <trkpt lat="62.3903228" lon="15.0901697"></trkpt>
    <trkpt lat="62.3902856" lon="15.0910707"></trkpt>
    <trkpt lat="62.3902772" lon="15.0912517"></trkpt>
    <trkpt lat="62.3902209" lon="15.0924792"></trkpt>
    <trkpt lat="62.3901894" lon="15.0930103"></trkpt>
    <trkpt lat="62.3901233" lon="15.0937864"></trkpt>
    <trkpt lat="62.3900529" lon="15.0945217"></trkpt>
    <trkpt lat="62.3899089" lon="15.0961125"></trkpt>
    <trkpt lat="62.3898827" lon="15.0965006"></trkpt>
    <trkpt lat="62.3898575" lon="15.0969635"></trkpt>
    <trkpt lat="62.3898460" lon="15.0973266"></trkpt>
    <trkpt lat="62.3898515" lon="15.0987970"></trkpt>
    <trkpt lat="62.3898517" lon="15.0998159"></trkpt>
    <trkpt lat="62.3898299" lon="15.1006489"></trkpt>
    <trkpt lat="62.3898145" lon="15.1008998"></trkpt>
    <trkpt lat="62.3897858" lon="15.1012795"></trkpt>
    <trkpt lat="62.3897461" lon="15.1016528"></trkpt>
    <trkpt lat="62.3896489" lon="15.1024550"></trkpt>
    <trkpt lat="62.3896040" lon="15.1027966"></trkpt>
    <trkpt lat="62.3895532" lon="15.1030841"></trkpt>
    <trkpt lat="62.3894979" lon="15.1033748"></trkpt>
    <trkpt lat="62.3894198" lon="15.1037370"></trkpt>
    <trkpt lat="62.3893335" lon="15.1041092"></trkpt>
    <trkpt lat="62.3892651" lon="15.1043793"></trkpt>
    <trkpt lat="62.3891493" lon="15.1042396"></trkpt>
    <trkpt lat="62.3890505" lon="15.1041332"></trkpt>
    <trkpt lat="62.3889805" lon="15.1040729"></trkpt>
    <trkpt lat="62.3888434" lon="15.1040031"></trkpt>
    <trkpt lat="62.3887785" lon="15.1039857"></trkpt>
    <trkpt lat="62.3886450" lon="15.1039683"></trkpt>
    <trkpt lat="62.3885337" lon="15.1039589"></trkpt>
    <trkpt lat="62.3883892" lon="15.1039733"></trkpt>
    <trkpt lat="62.3883214" lon="15.1039543"></trkpt>
    <trkpt lat="62.3882631" lon="15.1039019"></trkpt>
    <trkpt lat="62.3881769" lon="15.1038114"></trkpt>
    <trkpt lat="62.3880014" lon="15.1036083"></trkpt>
    <trkpt lat="62.3878443" lon="15.1034495"></trkpt>
    <trkpt lat="62.3876880" lon="15.1033115"></trkpt>
    <trkpt lat="62.3874860" lon="15.1031178"></trkpt>
    <trkpt lat="62.3873761" lon="15.1030099"></trkpt>
    <trkpt lat="62.3872412" lon="15.1028591"></trkpt>
    <trkpt lat="62.3871715" lon="15.1027198"></trkpt>
    <trkpt lat="62.3870560" lon="15.1025715"></trkpt>
    <trkpt lat="62.3870141" lon="15.1025178"></trkpt>
    <trkpt lat="62.3866559" lon="15.1021463"></trkpt>
    <trkpt lat="62.3865422" lon="15.1020717"></trkpt>
    <trkpt lat="62.3859744" lon="15.1014708"></trkpt>
    <trkpt lat="62.3856006" lon="15.1010753"></trkpt>
    <trkpt lat="62.3854960" lon="15.1009566"></trkpt>
    <trkpt lat="62.3853893" lon="15.1007787"></trkpt>
    <trkpt lat="62.3852562" lon="15.1005482"></trkpt>
    <trkpt lat="62.3851906" lon="15.1004133"></trkpt>
    <trkpt lat="62.3851257" lon="15.1003212"></trkpt>
    <trkpt lat="62.3850239" lon="15.1002101"></trkpt>
    <trkpt lat="62.3849539" lon="15.1001514"></trkpt>
    <trkpt lat="62.3848602" lon="15.1001054"></trkpt>
    <trkpt lat="62.3848020" lon="15.1001102"></trkpt>
    <trkpt lat="62.3847062" lon="15.1001627"></trkpt>
    <trkpt lat="62.3845101" lon="15.1002391"></trkpt>
    <trkpt lat="62.3842808" lon="15.1003028"></trkpt>
    <trkpt lat="62.3842056" lon="15.1003172"></trkpt>
    <trkpt lat="62.3841437" lon="15.1003617"></trkpt>
    <trkpt lat="62.3841010" lon="15.1004110"></trkpt>
    <trkpt lat="62.3840803" lon="15.1004602"></trkpt>
    <trkpt lat="62.3840236" lon="15.1006238"></trkpt>
    <trkpt lat="62.3838490" lon="15.1013625"></trkpt>
    <trkpt lat="62.3838011" lon="15.1014975"></trkpt>
    <trkpt lat="62.3837628" lon="15.1015404"></trkpt>
    <trkpt lat="62.3833632" lon="15.1015566"></trkpt>
    <trkpt lat="62.3833072" lon="15.1015741"></trkpt>
    <trkpt lat="62.3830927" lon="15.1017379"></trkpt>
    <trkpt lat="62.3827474" lon="15.1018370"></trkpt>
    <trkpt lat="62.3826984" lon="15.1025779"></trkpt>
    <trkpt lat="62.3825188" lon="15.1028294"></trkpt>
    <trkpt lat="62.3824718" lon="15.1030792"></trkpt>
    <trkpt lat="62.3824343" lon="15.1034033"></trkpt>
    <trkpt lat="62.3823091" lon="15.1038490"></trkpt>
    <trkpt lat="62.3822684" lon="15.1044904"></trkpt>
    <trkpt lat="62.3822281" lon="15.1053132"></trkpt>
    <trkpt lat="62.3822907" lon="15.1059799"></trkpt>
    <trkpt lat="62.3823564" lon="15.1061705"></trkpt>
    <trkpt lat="62.3822777" lon="15.1064594"></trkpt>
    <trkpt lat="62.3822139" lon="15.1068264"></trkpt>
    <trkpt lat="62.3821991" lon="15.1072364"></trkpt>
    <trkpt lat="62.3821514" lon="15.1073123"></trkpt>
    <trkpt lat="62.3820323" lon="15.1076526"></trkpt>
    <trkpt lat="62.3819185" lon="15.1089202"></trkpt>
    <trkpt lat="62.3816972" lon="15.1087918"></trkpt>
    <trkpt lat="62.3815653" lon="15.1088835"></trkpt>
    <trkpt lat="62.3813031" lon="15.1089215"></trkpt>
    <trkpt lat="62.3810052" lon="15.1090835"></trkpt>
    <trkpt lat="62.3808368" lon="15.1091617"></trkpt>
    <trkpt lat="62.3806605" lon="15.1092888"></trkpt>
    <trkpt lat="62.3804059" lon="15.1094689"></trkpt>
    <trkpt lat="62.3803130" lon="15.1095235"></trkpt>
    <trkpt lat="62.3798593" lon="15.1097891"></trkpt>
    <trkpt lat="62.3796106" lon="15.1099157"></trkpt>
    <trkpt lat="62.3791658" lon="15.1101726"></trkpt>
    <trkpt lat="62.3787058" lon="15.1104481"></trkpt>
    <trkpt lat="62.3782457" lon="15.1107237"></trkpt>
    <trkpt lat="62.3774388" lon="15.1111808"></trkpt>
    <trkpt lat="62.3770913" lon="15.1113919"></trkpt>
    <trkpt lat="62.3768817" lon="15.1114940"></trkpt>
    <trkpt lat="62.3763267" lon="15.1116394"></trkpt>
    <trkpt lat="62.3760676" lon="15.1117008"></trkpt>
    <trkpt lat="62.3759628" lon="15.1117304"></trkpt>
    <trkpt lat="62.3758760" lon="15.1117549"></trkpt>
    <trkpt lat="62.3753253" lon="15.1118710"></trkpt>
    <trkpt lat="62.3750702" lon="15.1119410"></trkpt>
    <trkpt lat="62.3746008" lon="15.1120530"></trkpt>
    <trkpt lat="62.3741869" lon="15.1121553"></trkpt>
    <trkpt lat="62.3738499" lon="15.1122144"></trkpt>
    <trkpt lat="62.3735477" lon="15.1122780"></trkpt>
    <trkpt lat="62.3733486" lon="15.1123280"></trkpt>
    <trkpt lat="62.3728326" lon="15.1125006"></trkpt>
    <trkpt lat="62.3725103" lon="15.1125823"></trkpt>
    <trkpt lat="62.3722870" lon="15.1126505"></trkpt>
    <trkpt lat="62.3716825" lon="15.1128095"></trkpt>
    <trkpt lat="62.3712023" lon="15.1129185"></trkpt>
    <trkpt lat="62.3708337" lon="15.1130139"></trkpt>
    <trkpt lat="62.3702355" lon="15.1131978"></trkpt>
    <trkpt lat="62.3694477" lon="15.1134271"></trkpt>
    <trkpt lat="62.3689665" lon="15.1135815"></trkpt>
    <trkpt lat="62.3687084" lon="15.1136564"></trkpt>
    <trkpt lat="62.3681566" lon="15.1137995"></trkpt>
    <trkpt lat="62.3678206" lon="15.1139312"></trkpt>
    <trkpt lat="62.3675005" lon="15.1140336"></trkpt>
    <trkpt lat="62.3670794" lon="15.1141460"></trkpt>
    <trkpt lat="62.3663476" lon="15.1143608"></trkpt>
    <trkpt lat="62.3657485" lon="15.1145072"></trkpt>
    <trkpt lat="62.3653526" lon="15.1146222"></trkpt>
    <trkpt lat="62.3651905" lon="15.1146790"></trkpt>
    <trkpt lat="62.3650714" lon="15.1147341"></trkpt>
    <trkpt lat="62.3649471" lon="15.1148027"></trkpt>
    <trkpt lat="62.3647804" lon="15.1149591"></trkpt>
    <trkpt lat="62.3645040" lon="15.1152455"></trkpt>
    <trkpt lat="62.3641599" lon="15.1156239"></trkpt>
    <trkpt lat="62.3638445" lon="15.1159256"></trkpt>
    <trkpt lat="62.3635723" lon="15.1162233"></trkpt>
    <trkpt lat="62.3632293" lon="15.1165858"></trkpt>
    <trkpt lat="62.3629371" lon="15.1168629"></trkpt>
    <trkpt lat="62.3626702" lon="15.1171426"></trkpt>
    <trkpt lat="62.3622671" lon="15.1175496"></trkpt>
    <trkpt lat="62.3620281" lon="15.1178065"></trkpt>
    <trkpt lat="62.3618428" lon="15.1179638"></trkpt>
    <trkpt lat="62.3616841" lon="15.1181129"></trkpt>
    <trkpt lat="62.3614788" lon="15.1183359"></trkpt>
    <trkpt lat="62.3611644" lon="15.1186533"></trkpt>
    <trkpt lat="62.3604603" lon="15.1193318"></trkpt>
    <trkpt lat="62.3601241" lon="15.1196638"></trkpt>
    <trkpt lat="62.3597760" lon="15.1200211"></trkpt>
    <trkpt lat="62.3594547" lon="15.1203384"></trkpt>
    <trkpt lat="62.3590797" lon="15.1207465"></trkpt>
    <trkpt lat="62.3583883" lon="15.1214601"></trkpt>
    <trkpt lat="62.3576970" lon="15.1221737"></trkpt>
    <trkpt lat="62.3574216" lon="15.1224531"></trkpt>
    <trkpt lat="62.3570524" lon="15.1228106"></trkpt>
    <trkpt lat="62.3565964" lon="15.1233074"></trkpt>
    <trkpt lat="62.3563474" lon="15.1235600"></trkpt>
    <trkpt lat="62.3560393" lon="15.1238843"></trkpt>
    <trkpt lat="62.3558273" lon="15.1240943"></trkpt>
    <trkpt lat="62.3555331" lon="15.1243169"></trkpt>
    <trkpt lat="62.3553898" lon="15.1243762"></trkpt>
    <trkpt lat="62.3552414" lon="15.1244059"></trkpt>
    <trkpt lat="62.3550540" lon="15.1244668"></trkpt>
    <trkpt lat="62.3547802" lon="15.1245380"></trkpt>
    <trkpt lat="62.3545244" lon="15.1245958"></trkpt>
    <trkpt lat="62.3544273" lon="15.1246095"></trkpt>
    <trkpt lat="62.3542949" lon="15.1246426"></trkpt>
    <trkpt lat="62.3541296" lon="15.1246743"></trkpt>
    <trkpt lat="62.3540233" lon="15.1247024"></trkpt>
    <trkpt lat="62.3537948" lon="15.1247764"></trkpt>
    <trkpt lat="62.3533853" lon="15.1248480"></trkpt>
    <trkpt lat="62.3529758" lon="15.1249467"></trkpt>
    <trkpt lat="62.3524484" lon="15.1250576"></trkpt>
    <trkpt lat="62.3522567" lon="15.1251116"></trkpt>
    <trkpt lat="62.3517155" lon="15.1252494"></trkpt>
    <trkpt lat="62.3514366" lon="15.1252956"></trkpt>
    <trkpt lat="62.3511124" lon="15.1253728"></trkpt>
    <trkpt lat="62.3507975" lon="15.1254773"></trkpt>
    <trkpt lat="62.3501595" lon="15.1256320"></trkpt>
    <trkpt lat="62.3499910" lon="15.1256886"></trkpt>
    <trkpt lat="62.3497371" lon="15.1257984"></trkpt>
    <trkpt lat="62.3495949" lon="15.1258736"></trkpt>
    <trkpt lat="62.3494631" lon="15.1259646"></trkpt>
    <trkpt lat="62.3493039" lon="15.1260803"></trkpt>
    <trkpt lat="62.3491215" lon="15.1262341"></trkpt>
    <trkpt lat="62.3489011" lon="15.1263896"></trkpt>
    <trkpt lat="62.3483375" lon="15.1268565"></trkpt>
    <trkpt lat="62.3477738" lon="15.1273233"></trkpt>
    <trkpt lat="62.3473262" lon="15.1276671"></trkpt>
    <trkpt lat="62.3468786" lon="15.1280109"></trkpt>
    <trkpt lat="62.3466666" lon="15.1281846"></trkpt>
    <trkpt lat="62.3463713" lon="15.1284410"></trkpt>
    <trkpt lat="62.3461658" lon="15.1285560"></trkpt>
    <trkpt lat="62.3459741" lon="15.1286418"></trkpt>
    <trkpt lat="62.3455783" lon="15.1286976"></trkpt>
    <trkpt lat="62.3450628" lon="15.1287074"></trkpt>
    <trkpt lat="62.3445512" lon="15.1287023"></trkpt>
    <trkpt lat="62.3439985" lon="15.1287196"></trkpt>
    <trkpt lat="62.3434543" lon="15.1287279"></trkpt>
    <trkpt lat="62.3429595" lon="15.1287229"></trkpt>
    <trkpt lat="62.3424826" lon="15.1287701"></trkpt>
    <trkpt lat="62.3421625" lon="15.1288090"></trkpt>
    <trkpt lat="62.3418825" lon="15.1288505"></trkpt>
    <trkpt lat="62.3417077" lon="15.1289175"></trkpt>
    <trkpt lat="62.3415412" lon="15.1290071"></trkpt>
    <trkpt lat="62.3413674" lon="15.1291398"></trkpt>
    <trkpt lat="62.3412357" lon="15.1292545"></trkpt>
    <trkpt lat="62.3410289" lon="15.1295147"></trkpt>
    <trkpt lat="62.3407492" lon="15.1298942"></trkpt>
    <trkpt lat="62.3403343" lon="15.1304275"></trkpt>
    <trkpt lat="62.3399714" lon="15.1309026"></trkpt>
    <trkpt lat="62.3396321" lon="15.1313561"></trkpt>
    <trkpt lat="62.3391083" lon="15.1320228"></trkpt>
    <trkpt lat="62.3386994" lon="15.1325729"></trkpt>
    <trkpt lat="62.3386329" lon="15.1327013"></trkpt>
    <trkpt lat="62.3385127" lon="15.1329727"></trkpt>
    <trkpt lat="62.3382868" lon="15.1326820"></trkpt>
    <trkpt lat="62.3380205" lon="15.1323751"></trkpt>
    <trkpt lat="62.3376344" lon="15.1319664"></trkpt>
    <trkpt lat="62.3375019" lon="15.1318416"></trkpt>
    <trkpt lat="62.3373511" lon="15.1317120"></trkpt>
    <trkpt lat="62.3371237" lon="15.1315358"></trkpt>
    <trkpt lat="62.3369537" lon="15.1314201"></trkpt>
    <trkpt lat="62.3363815" lon="15.1311093"></trkpt>
    <trkpt lat="62.3358093" lon="15.1307986"></trkpt>
    <trkpt lat="62.3357650" lon="15.1307748"></trkpt>
    <trkpt lat="62.3355944" lon="15.1306834"></trkpt>
    <trkpt lat="62.3350921" lon="15.1303866"></trkpt>
    <trkpt lat="62.3345898" lon="15.1300897"></trkpt>
    <trkpt lat="62.3342290" lon="15.1298713"></trkpt>
    <trkpt lat="62.3338465" lon="15.1296763"></trkpt>
    <trkpt lat="62.3332798" lon="15.1293541"></trkpt>
    <trkpt lat="62.3327748" lon="15.1290751"></trkpt>
    <trkpt lat="62.3323214" lon="15.1288100"></trkpt>
    <trkpt lat="62.3316538" lon="15.1284342"></trkpt>
    <trkpt lat="62.3309861" lon="15.1280584"></trkpt>
    <trkpt lat="62.3303919" lon="15.1277244"></trkpt>
    <trkpt lat="62.3297978" lon="15.1273904"></trkpt>
    <trkpt lat="62.3293896" lon="15.1271550"></trkpt>
    <trkpt lat="62.3288984" lon="15.1268773"></trkpt>
    <trkpt lat="62.3284071" lon="15.1265996"></trkpt>
    <trkpt lat="62.3282325" lon="15.1265103"></trkpt>
    <trkpt lat="62.3280220" lon="15.1264277"></trkpt>
    <trkpt lat="62.3277678" lon="15.1263686"></trkpt>
    <trkpt lat="62.3274533" lon="15.1263044"></trkpt>
    <trkpt lat="62.3270485" lon="15.1262565"></trkpt>
    <trkpt lat="62.3267898" lon="15.1262333"></trkpt>
    <trkpt lat="62.3261864" lon="15.1261938"></trkpt>
    <trkpt lat="62.3257348" lon="15.1261480"></trkpt>
    <trkpt lat="62.3254760" lon="15.1261368"></trkpt>
    <trkpt lat="62.3248026" lon="15.1260868"></trkpt>
    <trkpt lat="62.3241292" lon="15.1260367"></trkpt>
    <trkpt lat="62.3234558" lon="15.1259867"></trkpt>
    <trkpt lat="62.3229946" lon="15.1259552"></trkpt>
    <trkpt lat="62.3225335" lon="15.1259237"></trkpt>
    <trkpt lat="62.3221849" lon="15.1259106"></trkpt>
    <trkpt lat="62.3217782" lon="15.1258707"></trkpt>
    <trkpt lat="62.3209232" lon="15.1258118"></trkpt>
    <trkpt lat="62.3203556" lon="15.1257547"></trkpt>
    <trkpt lat="62.3198901" lon="15.1257158"></trkpt>
    <trkpt lat="62.3194247" lon="15.1256769"></trkpt>
    <trkpt lat="62.3188684" lon="15.1256414"></trkpt>
    <trkpt lat="62.3183121" lon="15.1256059"></trkpt>
    <trkpt lat="62.3180580" lon="15.1255711"></trkpt>
    <trkpt lat="62.3175178" lon="15.1255267"></trkpt>
    <trkpt lat="62.3169776" lon="15.1254824"></trkpt>
    <trkpt lat="62.3163921" lon="15.1254283"></trkpt>
    <trkpt lat="62.3157049" lon="15.1253831"></trkpt>
    <trkpt lat="62.3151771" lon="15.1253569"></trkpt>
    <trkpt lat="62.3151274" lon="15.1263608"></trkpt>
    <trkpt lat="62.3150189" lon="15.1280608"></trkpt>
    <trkpt lat="62.3149735" lon="15.1290035"></trkpt>
    <trkpt lat="62.3148603" lon="15.1307600"></trkpt>
    <trkpt lat="62.3148299" lon="15.1312685"></trkpt>
    <trkpt lat="62.3147957" lon="15.1317975"></trkpt>
    <trkpt lat="62.3147340" lon="15.1329516"></trkpt>
    <trkpt lat="62.3146670" lon="15.1339431"></trkpt>
    <trkpt lat="62.3146001" lon="15.1349346"></trkpt>
    <trkpt lat="62.3145123" lon="15.1364755"></trkpt>
    <trkpt lat="62.3144549" lon="15.1373818"></trkpt>
    <trkpt lat="62.3144101" lon="15.1382266"></trkpt>
    <trkpt lat="62.3143496" lon="15.1391332"></trkpt>
    <trkpt lat="62.3143078" lon="15.1399057"></trkpt>
    <trkpt lat="62.3142478" lon="15.1406548"></trkpt>
    <trkpt lat="62.3141809" lon="15.1418813"></trkpt>
    <trkpt lat="62.3141214" lon="15.1426596"></trkpt>
    <trkpt lat="62.3140264" lon="15.1443426"></trkpt>
    <trkpt lat="62.3139580" lon="15.1453421"></trkpt>
    <trkpt lat="62.3138765" lon="15.1466371"></trkpt>
    <trkpt lat="62.3138231" lon="15.1475994"></trkpt>
    <trkpt lat="62.3137793" lon="15.1483158"></trkpt>
    <trkpt lat="62.3137498" lon="15.1488826"></trkpt>
    <trkpt lat="62.3136505" lon="15.1504985"></trkpt>
    <trkpt lat="62.3136068" lon="15.1514128"></trkpt>
    <trkpt lat="62.3135656" lon="15.1521019"></trkpt>
    <trkpt lat="62.3134897" lon="15.1532893"></trkpt>
    <trkpt lat="62.3134138" lon="15.1544766"></trkpt>
    <trkpt lat="62.3133483" lon="15.1555947"></trkpt>
    <trkpt lat="62.3132828" lon="15.1567128"></trkpt>
    <trkpt lat="62.3132228" lon="15.1576174"></trkpt>
    <trkpt lat="62.3131768" lon="15.1583645"></trkpt>
    <trkpt lat="62.3130982" lon="15.1597087"></trkpt>
    <trkpt lat="62.3130978" lon="15.1598309"></trkpt>
    <trkpt lat="62.3130756" lon="15.1600741"></trkpt>
    <trkpt lat="62.3129694" lon="15.1618866"></trkpt>
    <trkpt lat="62.3129217" lon="15.1624743"></trkpt>
    <trkpt lat="62.3128758" lon="15.1629847"></trkpt>
    <trkpt lat="62.3127714" lon="15.1639121"></trkpt>
    <trkpt lat="62.3126918" lon="15.1645226"></trkpt>
    <trkpt lat="62.3125389" lon="15.1655339"></trkpt>
    <trkpt lat="62.3123579" lon="15.1665740"></trkpt>
    <trkpt lat="62.3122759" lon="15.1669863"></trkpt>
    <trkpt lat="62.3121508" lon="15.1676665"></trkpt>
    <trkpt lat="62.3119313" lon="15.1687755"></trkpt>
    <trkpt lat="62.3118248" lon="15.1693472"></trkpt>
    <trkpt lat="62.3115984" lon="15.1704851"></trkpt>
    <trkpt lat="62.3115023" lon="15.1710197"></trkpt>
    <trkpt lat="62.3113908" lon="15.1716058"></trkpt>
    <trkpt lat="62.3112547" lon="15.1722930"></trkpt>
    <trkpt lat="62.3110281" lon="15.1734671"></trkpt>
    <trkpt lat="62.3109127" lon="15.1740330"></trkpt>
    <trkpt lat="62.3107882" lon="15.1746752"></trkpt>
    <trkpt lat="62.3107026" lon="15.1750940"></trkpt>
    <trkpt lat="62.3104724" lon="15.1762668"></trkpt>
    <trkpt lat="62.3103320" lon="15.1770125"></trkpt>
    <trkpt lat="62.3101027" lon="15.1781505"></trkpt>
    <trkpt lat="62.3098959" lon="15.1792364"></trkpt>
    <trkpt lat="62.3096705" lon="15.1803898"></trkpt>
    <trkpt lat="62.3095861" lon="15.1808369"></trkpt>
    <trkpt lat="62.3094931" lon="15.1812988"></trkpt>
    <trkpt lat="62.3093898" lon="15.1818465"></trkpt>
    <trkpt lat="62.3090783" lon="15.1833908"></trkpt>
    <trkpt lat="62.3089027" lon="15.1843232"></trkpt>
    <trkpt lat="62.3087271" lon="15.1852555"></trkpt>
    <trkpt lat="62.3084547" lon="15.1866274"></trkpt>
    <trkpt lat="62.3083238" lon="15.1874024"></trkpt>
    <trkpt lat="62.3082180" lon="15.1881387"></trkpt>
    <trkpt lat="62.3081292" lon="15.1888091"></trkpt>
    <trkpt lat="62.3080455" lon="15.1894829"></trkpt>
    <trkpt lat="62.3078628" lon="15.1911249"></trkpt>
    <trkpt lat="62.3077879" lon="15.1919378"></trkpt>
    <trkpt lat="62.3077407" lon="15.1924679"></trkpt>
    <trkpt lat="62.3076866" lon="15.1932319"></trkpt>
    <trkpt lat="62.3076366" lon="15.1943063"></trkpt>
    <trkpt lat="62.3076081" lon="15.1950030"></trkpt>
    <trkpt lat="62.3075782" lon="15.1958444"></trkpt>
    <trkpt lat="62.3075502" lon="15.1968063"></trkpt>
    <trkpt lat="62.3075375" lon="15.1975691"></trkpt>
    <trkpt lat="62.3075120" lon="15.1982815"></trkpt>
    <trkpt lat="62.3074747" lon="15.1990581"></trkpt>
    <trkpt lat="62.3074360" lon="15.1997556"></trkpt>
    <trkpt lat="62.3073918" lon="15.2004475"></trkpt>
    <trkpt lat="62.3073134" lon="15.2015378"></trkpt>
    <trkpt lat="62.3072301" lon="15.2026165"></trkpt>
    <trkpt lat="62.3071440" lon="15.2036341"></trkpt>
    <trkpt lat="62.3070702" lon="15.2044371"></trkpt>
    <trkpt lat="62.3069443" lon="15.2053547"></trkpt>
    <trkpt lat="62.3067772" lon="15.2065004"></trkpt>
    <trkpt lat="62.3065798" lon="15.2077809"></trkpt>
    <trkpt lat="62.3063820" lon="15.2090301"></trkpt>
    <trkpt lat="62.3062158" lon="15.2101341"></trkpt>
    <trkpt lat="62.3060496" lon="15.2112380"></trkpt>
    <trkpt lat="62.3059310" lon="15.2120787"></trkpt>
    <trkpt lat="62.3058563" lon="15.2125486"></trkpt>
    <trkpt lat="62.3056934" lon="15.2135820"></trkpt>
    <trkpt lat="62.3055305" lon="15.2146154"></trkpt>
    <trkpt lat="62.3053397" lon="15.2158875"></trkpt>
    <trkpt lat="62.3051489" lon="15.2171596"></trkpt>
    <trkpt lat="62.3050092" lon="15.2180580"></trkpt>
    <trkpt lat="62.3049217" lon="15.2186760"></trkpt>
    <trkpt lat="62.3047546" lon="15.2197620"></trkpt>
    <trkpt lat="62.3045875" lon="15.2208479"></trkpt>
    <trkpt lat="62.3044102" lon="15.2219514"></trkpt>
    <trkpt lat="62.3041668" lon="15.2235746"></trkpt>
    <trkpt lat="62.3039463" lon="15.2249893"></trkpt>
    <trkpt lat="62.3038514" lon="15.2255471"></trkpt>
    <trkpt lat="62.3036605" lon="15.2267410"></trkpt>
    <trkpt lat="62.3035552" lon="15.2273415"></trkpt>
    <trkpt lat="62.3033288" lon="15.2284718"></trkpt>
    <trkpt lat="62.3031025" lon="15.2296020"></trkpt>
    <trkpt lat="62.3028333" lon="15.2308462"></trkpt>
    <trkpt lat="62.3025348" lon="15.2320948"></trkpt>
    <trkpt lat="62.3023297" lon="15.2328824"></trkpt>
    <trkpt lat="62.3021072" lon="15.2337728"></trkpt>
    <trkpt lat="62.3018847" lon="15.2346633"></trkpt>
    <trkpt lat="62.3015158" lon="15.2363461"></trkpt>
    <trkpt lat="62.3012035" lon="15.2379215"></trkpt>
    <trkpt lat="62.3011742" lon="15.2380808"></trkpt>
    <trkpt lat="62.3010561" lon="15.2387392"></trkpt>
    <trkpt lat="62.3008918" lon="15.2397915"></trkpt>
    <trkpt lat="62.3007780" lon="15.2405767"></trkpt>
    <trkpt lat="62.3005582" lon="15.2422004"></trkpt>
    <trkpt lat="62.3004062" lon="15.2435108"></trkpt>
    <trkpt lat="62.3002541" lon="15.2448212"></trkpt>
    <trkpt lat="62.3001284" lon="15.2459858"></trkpt>
    <trkpt lat="62.3000542" lon="15.2465566"></trkpt>
    <trkpt lat="62.2999479" lon="15.2474419"></trkpt>
    <trkpt lat="62.2998542" lon="15.2483031"></trkpt>
    <trkpt lat="62.2997057" lon="15.2494669"></trkpt>
    <trkpt lat="62.2995888" lon="15.2505328"></trkpt>
    <trkpt lat="62.2994720" lon="15.2515988"></trkpt>
    <trkpt lat="62.2993754" lon="15.2524155"></trkpt>
    <trkpt lat="62.2992520" lon="15.2535290"></trkpt>
    <trkpt lat="62.2991346" lon="15.2545183"></trkpt>
    <trkpt lat="62.2990221" lon="15.2553989"></trkpt>
    <trkpt lat="62.2989441" lon="15.2560695"></trkpt>
    <trkpt lat="62.2988470" lon="15.2569594"></trkpt>
    <trkpt lat="62.2987318" lon="15.2579332"></trkpt>
    <trkpt lat="62.2986161" lon="15.2589780"></trkpt>
    <trkpt lat="62.2984906" lon="15.2599381"></trkpt>
    <trkpt lat="62.2983662" lon="15.2610316"></trkpt>
    <trkpt lat="62.2982853" lon="15.2619103"></trkpt>
    <trkpt lat="62.2981299" lon="15.2633765"></trkpt>
    <trkpt lat="62.2980534" lon="15.2642648"></trkpt>
    <trkpt lat="62.2979921" lon="15.2650581"></trkpt>
    <trkpt lat="62.2978979" lon="15.2664278"></trkpt>
    <trkpt lat="62.2977925" lon="15.2678930"></trkpt>
    <trkpt lat="62.2977122" lon="15.2690519"></trkpt>
    <trkpt lat="62.2976185" lon="15.2703417"></trkpt>
    <trkpt lat="62.2975152" lon="15.2716734"></trkpt>
    <trkpt lat="62.2974354" lon="15.2728215"></trkpt>
    <trkpt lat="62.2973555" lon="15.2739696"></trkpt>
    <trkpt lat="62.2973123" lon="15.2746856"></trkpt>
    <trkpt lat="62.2972324" lon="15.2757515"></trkpt>
    <trkpt lat="62.2971526" lon="15.2768174"></trkpt>
    <trkpt lat="62.2970540" lon="15.2782025"></trkpt>
    <trkpt lat="62.2969482" lon="15.2795807"></trkpt>
    <trkpt lat="62.2968587" lon="15.2808484"></trkpt>
    <trkpt lat="62.2967583" lon="15.2821890"></trkpt>
    <trkpt lat="62.2966706" lon="15.2834855"></trkpt>
    <trkpt lat="62.2965870" lon="15.2846423"></trkpt>
    <trkpt lat="62.2965164" lon="15.2857173"></trkpt>
    <trkpt lat="62.2964457" lon="15.2866435"></trkpt>
    <trkpt lat="62.2963834" lon="15.2874144"></trkpt>
    <trkpt lat="62.2963490" lon="15.2879020"></trkpt>
    <trkpt lat="62.2963029" lon="15.2887090"></trkpt>
    <trkpt lat="62.2962762" lon="15.2898521"></trkpt>
    <trkpt lat="62.2962685" lon="15.2906514"></trkpt>
    <trkpt lat="62.2962708" lon="15.2910602"></trkpt>
    <trkpt lat="62.2962892" lon="15.2918271"></trkpt>
    <trkpt lat="62.2963217" lon="15.2926345"></trkpt>
    <trkpt lat="62.2963892" lon="15.2934719"></trkpt>
    <trkpt lat="62.2964742" lon="15.2946119"></trkpt>
    <trkpt lat="62.2965637" lon="15.2955566"></trkpt>
    <trkpt lat="62.2966766" lon="15.2965399"></trkpt>
    <trkpt lat="62.2967861" lon="15.2977208"></trkpt>
    <trkpt lat="62.2969200" lon="15.2991035"></trkpt>
    <trkpt lat="62.2970539" lon="15.3004861"></trkpt>
    <trkpt lat="62.2971438" lon="15.3015087"></trkpt>
    <trkpt lat="62.2972570" lon="15.3026030"></trkpt>
    <trkpt lat="62.2973727" lon="15.3037664"></trkpt>
    <trkpt lat="62.2974792" lon="15.3049228"></trkpt>
    <trkpt lat="62.2975791" lon="15.3059202"></trkpt>
    <trkpt lat="62.2976790" lon="15.3069175"></trkpt>
    <trkpt lat="62.2977063" lon="15.3072804"></trkpt>
    <trkpt lat="62.2977487" lon="15.3077150"></trkpt>
    <trkpt lat="62.2977801" lon="15.3080937"></trkpt>
    <trkpt lat="62.2978264" lon="15.3089904"></trkpt>
    <trkpt lat="62.2978569" lon="15.3100621"></trkpt>
    <trkpt lat="62.2978570" lon="15.3107707"></trkpt>
    <trkpt lat="62.2978475" lon="15.3116567"></trkpt>
    <trkpt lat="62.2978015" lon="15.3125903"></trkpt>
    <trkpt lat="62.2976660" lon="15.3143110"></trkpt>
    <trkpt lat="62.2975304" lon="15.3160317"></trkpt>
    <trkpt lat="62.2973949" lon="15.3177524"></trkpt>
    <trkpt lat="62.2972873" lon="15.3191837"></trkpt>
    <trkpt lat="62.2971564" lon="15.3208187"></trkpt>
    <trkpt lat="62.2970542" lon="15.3222124"></trkpt>
    <trkpt lat="62.2969670" lon="15.3232338"></trkpt>
    <trkpt lat="62.2969330" lon="15.3237185"></trkpt>
    <trkpt lat="62.2968742" lon="15.3244133"></trkpt>
    <trkpt lat="62.2968394" lon="15.3248881"></trkpt>
    <trkpt lat="62.2967851" lon="15.3255063"></trkpt>
    <trkpt lat="62.2966718" lon="15.3266668"></trkpt>
    <trkpt lat="62.2966068" lon="15.3272026"></trkpt>
    <trkpt lat="62.2965382" lon="15.3277067"></trkpt>
    <trkpt lat="62.2964761" lon="15.3282082"></trkpt>
    <trkpt lat="62.2963939" lon="15.3287407"></trkpt>
    <trkpt lat="62.2963246" lon="15.3292162"></trkpt>
    <trkpt lat="62.2960648" lon="15.3305715"></trkpt>
    <trkpt lat="62.2959617" lon="15.3310241"></trkpt>
    <trkpt lat="62.2958621" lon="15.3314873"></trkpt>
    <trkpt lat="62.2957455" lon="15.3319248"></trkpt>
    <trkpt lat="62.2955637" lon="15.3328073"></trkpt>
    <trkpt lat="62.2953557" lon="15.3337294"></trkpt>
    <trkpt lat="62.2951478" lon="15.3346515"></trkpt>
    <trkpt lat="62.2949761" lon="15.3354361"></trkpt>
    <trkpt lat="62.2948031" lon="15.3361670"></trkpt>
    <trkpt lat="62.2945043" lon="15.3375675"></trkpt>
    <trkpt lat="62.2943331" lon="15.3383424"></trkpt>
    <trkpt lat="62.2941800" lon="15.3389984"></trkpt>
    <trkpt lat="62.2940415" lon="15.3396583"></trkpt>
    <trkpt lat="62.2938877" lon="15.3403130"></trkpt>
    <trkpt lat="62.2937308" lon="15.3409515"></trkpt>
    <trkpt lat="62.2936435" lon="15.3414192"></trkpt>
    <trkpt lat="62.2935489" lon="15.3418113"></trkpt>
    <trkpt lat="62.2934814" lon="15.3421320"></trkpt>
    <trkpt lat="62.2934269" lon="15.3424163"></trkpt>
    <trkpt lat="62.2933917" lon="15.3427088"></trkpt>
    <trkpt lat="62.2933774" lon="15.3429671"></trkpt>
    <trkpt lat="62.2933806" lon="15.3432233"></trkpt>
    <trkpt lat="62.2933714" lon="15.3437150"></trkpt>
    <trkpt lat="62.2933866" lon="15.3439973"></trkpt>
    <trkpt lat="62.2934070" lon="15.3442533"></trkpt>
    <trkpt lat="62.2934610" lon="15.3447489"></trkpt>
    <trkpt lat="62.2935019" lon="15.3449993"></trkpt>
    <trkpt lat="62.2935484" lon="15.3452563"></trkpt>
    <trkpt lat="62.2935942" lon="15.3454783"></trkpt>
    <trkpt lat="62.2934859" lon="15.3456858"></trkpt>
    <trkpt lat="62.2932707" lon="15.3460676"></trkpt>
    <trkpt lat="62.2930211" lon="15.3464856"></trkpt>
    <trkpt lat="62.2929255" lon="15.3466636"></trkpt>
    <trkpt lat="62.2928792" lon="15.3467745"></trkpt>
    <trkpt lat="62.2928347" lon="15.3469383"></trkpt>
    <trkpt lat="62.2928137" lon="15.3470587"></trkpt>
    <trkpt lat="62.2927850" lon="15.3473887"></trkpt>
    <trkpt lat="62.2927621" lon="15.3481108"></trkpt>
    <trkpt lat="62.2927395" lon="15.3483120"></trkpt>
    <trkpt lat="62.2927156" lon="15.3484692"></trkpt>
    <trkpt lat="62.2926849" lon="15.3486161"></trkpt>
    <trkpt lat="62.2925404" lon="15.3490390"></trkpt>
    <trkpt lat="62.2924322" lon="15.3494141"></trkpt>
    <trkpt lat="62.2923268" lon="15.3497978"></trkpt>
    <trkpt lat="62.2922712" lon="15.3499283"></trkpt>
    <trkpt lat="62.2922087" lon="15.3500163"></trkpt>
    <trkpt lat="62.2919644" lon="15.3502301"></trkpt>
    <trkpt lat="62.2916949" lon="15.3504253"></trkpt>
    <trkpt lat="62.2914526" lon="15.3506532"></trkpt>
    <trkpt lat="62.2913032" lon="15.3508498"></trkpt>
    <trkpt lat="62.2912411" lon="15.3508901"></trkpt>
    <trkpt lat="62.2910341" lon="15.3508971"></trkpt>
    <trkpt lat="62.2908226" lon="15.3508060"></trkpt>
    <trkpt lat="62.2905945" lon="15.3507853"></trkpt>
    <trkpt lat="62.2900273" lon="15.3508251"></trkpt>
    <trkpt lat="62.2898975" lon="15.3508427"></trkpt>
    <trkpt lat="62.2898359" lon="15.3509008"></trkpt>
    <trkpt lat="62.2897767" lon="15.3509958"></trkpt>
    <trkpt lat="62.2897358" lon="15.3511170"></trkpt>
    <trkpt lat="62.2896120" lon="15.3518628"></trkpt>
    <trkpt lat="62.2895366" lon="15.3523659"></trkpt>
    <trkpt lat="62.2895000" lon="15.3528533"></trkpt>
    <trkpt lat="62.2894945" lon="15.3529917"></trkpt>
    <trkpt lat="62.2894932" lon="15.3531505"></trkpt>
    <trkpt lat="62.2895190" lon="15.3534102"></trkpt>
    <trkpt lat="62.2895750" lon="15.3537046"></trkpt>
    <trkpt lat="62.2896161" lon="15.3538516"></trkpt>
    <trkpt lat="62.2896636" lon="15.3539763"></trkpt>
    <trkpt lat="62.2897165" lon="15.3541331"></trkpt>
    <trkpt lat="62.2898232" lon="15.3544055"></trkpt>
    <trkpt lat="62.2900548" lon="15.3549558"></trkpt>
    <trkpt lat="62.2901280" lon="15.3551408"></trkpt>
    <trkpt lat="62.2902143" lon="15.3553725"></trkpt>
    <trkpt lat="62.2902525" lon="15.3554477"></trkpt>
    <trkpt lat="62.2902927" lon="15.3555145"></trkpt>
    <trkpt lat="62.2903434" lon="15.3555746"></trkpt>
    <trkpt lat="62.2904734" lon="15.3556833"></trkpt>
    <trkpt lat="62.2905217" lon="15.3557531"></trkpt>
    <trkpt lat="62.2905689" lon="15.3558478"></trkpt>
    <trkpt lat="62.2906020" lon="15.3559717"></trkpt>
    <trkpt lat="62.2906150" lon="15.3562346"></trkpt>
    <trkpt lat="62.2905995" lon="15.3566047"></trkpt>
    <trkpt lat="62.2905871" lon="15.3567811"></trkpt>
    <trkpt lat="62.2905525" lon="15.3569731"></trkpt>
    <trkpt lat="62.2905259" lon="15.3571787"></trkpt>
    <trkpt lat="62.2904991" lon="15.3575523"></trkpt>
    <trkpt lat="62.2905041" lon="15.3577018"></trkpt>
    <trkpt lat="62.2905254" lon="15.3580558"></trkpt>
    <trkpt lat="62.2904993" lon="15.3584516"></trkpt>
    <trkpt lat="62.2904895" lon="15.3586695"></trkpt>
    <trkpt lat="62.2904718" lon="15.3589025"></trkpt>
    <trkpt lat="62.2904518" lon="15.3590768"></trkpt>
    <trkpt lat="62.2904231" lon="15.3592686"></trkpt>
    <trkpt lat="62.2903048" lon="15.3595909"></trkpt>
    <trkpt lat="62.2901590" lon="15.3599168"></trkpt>
    <trkpt lat="62.2899554" lon="15.3603212"></trkpt>
    <trkpt lat="62.2898334" lon="15.3605960"></trkpt>
    <trkpt lat="62.2897652" lon="15.3607286"></trkpt>
    <trkpt lat="62.2896999" lon="15.3608319"></trkpt>
    <trkpt lat="62.2896268" lon="15.3609355"></trkpt>
    <trkpt lat="62.2895277" lon="15.3610597"></trkpt>
    <trkpt lat="62.2894530" lon="15.3611687"></trkpt>
    <trkpt lat="62.2893661" lon="15.3612813"></trkpt>
    <trkpt lat="62.2892394" lon="15.3614242"></trkpt>
    <trkpt lat="62.2891497" lon="15.3615107"></trkpt>
    <trkpt lat="62.2890858" lon="15.3615988"></trkpt>
    <trkpt lat="62.2887626" lon="15.3621494"></trkpt>
    <trkpt lat="62.2885796" lon="15.3627384"></trkpt>
    <trkpt lat="62.2884709" lon="15.3631648"></trkpt>
    <trkpt lat="62.2883202" lon="15.3637147"></trkpt>
    <trkpt lat="62.2881356" lon="15.3641009"></trkpt>
    <trkpt lat="62.2878812" lon="15.3644550"></trkpt>
    <trkpt lat="62.2875120" lon="15.3647554"></trkpt>
    <trkpt lat="62.2872136" lon="15.3650424"></trkpt>
    <trkpt lat="62.2869831" lon="15.3653401"></trkpt>
    <trkpt lat="62.2868608" lon="15.3661984"></trkpt>
    <trkpt lat="62.2867461" lon="15.3666758"></trkpt>
    <trkpt lat="62.2865241" lon="15.3669870"></trkpt>
    <trkpt lat="62.2863519" lon="15.3673840"></trkpt>
    <trkpt lat="62.2859353" lon="15.3684032"></trkpt>
    <trkpt lat="62.2858116" lon="15.3687971"></trkpt>
    <trkpt lat="62.2856758" lon="15.3692293"></trkpt>
    <trkpt lat="62.2854563" lon="15.3698623"></trkpt>
    <trkpt lat="62.2853226" lon="15.3702137"></trkpt>
    <trkpt lat="62.2852128" lon="15.3710935"></trkpt>
    <trkpt lat="62.2852118" lon="15.3713858"></trkpt>
    <trkpt lat="62.2851829" lon="15.3716514"></trkpt>
    <trkpt lat="62.2850531" lon="15.3722951"></trkpt>
    <trkpt lat="62.2848935" lon="15.3731963"></trkpt>
    <trkpt lat="62.2848725" lon="15.3735745"></trkpt>
    <trkpt lat="62.2848535" lon="15.3742263"></trkpt>
    <trkpt lat="62.2848336" lon="15.3747413"></trkpt>
    <trkpt lat="62.2847837" lon="15.3751704"></trkpt>
    <trkpt lat="62.2847278" lon="15.3753979"></trkpt>
    <trkpt lat="62.2845891" lon="15.3757390"></trkpt>
    <trkpt lat="62.2839594" lon="15.3767926"></trkpt>
    <trkpt lat="62.2835739" lon="15.3774527"></trkpt>
    <trkpt lat="62.2831884" lon="15.3781128"></trkpt>
    <trkpt lat="62.2830522" lon="15.3783461"></trkpt>
    <trkpt lat="62.2825108" lon="15.3792742"></trkpt>
    <trkpt lat="62.2819693" lon="15.3802022"></trkpt>
    <trkpt lat="62.2816125" lon="15.3808727"></trkpt>
    <trkpt lat="62.2812557" lon="15.3815433"></trkpt>
    <trkpt lat="62.2807537" lon="15.3825637"></trkpt>
    <trkpt lat="62.2802517" lon="15.3835840"></trkpt>
    <trkpt lat="62.2799387" lon="15.3841833"></trkpt>
    <trkpt lat="62.2794894" lon="15.3850466"></trkpt>
    <trkpt lat="62.2790400" lon="15.3859100"></trkpt>
    <trkpt lat="62.2786852" lon="15.3866624"></trkpt>
    <trkpt lat="62.2783303" lon="15.3874147"></trkpt>
    <trkpt lat="62.2779136" lon="15.3881603"></trkpt>
    <trkpt lat="62.2774968" lon="15.3889060"></trkpt>
    <trkpt lat="62.2770277" lon="15.3895390"></trkpt>
    <trkpt lat="62.2765585" lon="15.3901720"></trkpt>
    <trkpt lat="62.2760694" lon="15.3907728"></trkpt>
    <trkpt lat="62.2755802" lon="15.3913736"></trkpt>
    <trkpt lat="62.2750145" lon="15.3921175"></trkpt>
    <trkpt lat="62.2744488" lon="15.3928613"></trkpt>
    <trkpt lat="62.2738831" lon="15.3936052"></trkpt>
    <trkpt lat="62.2735237" lon="15.3939700"></trkpt>
    <trkpt lat="62.2730545" lon="15.3938842"></trkpt>
    <trkpt lat="62.2728848" lon="15.3940129"></trkpt>
    <trkpt lat="62.2725898" lon="15.3956169"></trkpt>
    <trkpt lat="62.2725454" lon="15.3958583"></trkpt>
    <trkpt lat="62.2720761" lon="15.3974890"></trkpt>
    <trkpt lat="62.2718066" lon="15.3990126"></trkpt>
    <trkpt lat="62.2715670" lon="15.4003322"></trkpt>
    <trkpt lat="62.2713964" lon="15.4008847"></trkpt>
    <trkpt lat="62.2712025" lon="15.4015124"></trkpt>
    <trkpt lat="62.2707732" lon="15.4027784"></trkpt>
    <trkpt lat="62.2704188" lon="15.4038620"></trkpt>
    <trkpt lat="62.2700693" lon="15.4044843"></trkpt>
    <trkpt lat="62.2697149" lon="15.4051280"></trkpt>
    <trkpt lat="62.2695751" lon="15.4056537"></trkpt>
    <trkpt lat="62.2695502" lon="15.4062331"></trkpt>
    <trkpt lat="62.2696949" lon="15.4071665"></trkpt>
    <trkpt lat="62.2698896" lon="15.4081321"></trkpt>
    <trkpt lat="62.2698197" lon="15.4090011"></trkpt>
    <trkpt lat="62.2696051" lon="15.4100847"></trkpt>
    <trkpt lat="62.2694079" lon="15.4112058"></trkpt>
    <trkpt lat="62.2692107" lon="15.4123270"></trkpt>
    <trkpt lat="62.2691907" lon="15.4134750"></trkpt>
    <trkpt lat="62.2693005" lon="15.4138827"></trkpt>
    <trkpt lat="62.2694253" lon="15.4142153"></trkpt>
    <trkpt lat="62.2697349" lon="15.4146981"></trkpt>
    <trkpt lat="62.2703988" lon="15.4152667"></trkpt>
    <trkpt lat="62.2710977" lon="15.4161358"></trkpt>
    <trkpt lat="62.2715270" lon="15.4168975"></trkpt>
    <trkpt lat="62.2722109" lon="15.4178738"></trkpt>
    <trkpt lat="62.2726277" lon="15.4187000"></trkpt>
    <trkpt lat="62.2730445" lon="15.4195261"></trkpt>
    <trkpt lat="62.2731444" lon="15.4201913"></trkpt>
    <trkpt lat="62.2731494" lon="15.4208994"></trkpt>
    <trkpt lat="62.2729376" lon="15.4221854"></trkpt>
    <trkpt lat="62.2728636" lon="15.4240451"></trkpt>
    <trkpt lat="62.2727895" lon="15.4259047"></trkpt>
    <trkpt lat="62.2727155" lon="15.4277644"></trkpt>
    <trkpt lat="62.2728243" lon="15.4288190"></trkpt>
    <trkpt lat="62.2729331" lon="15.4298737"></trkpt>
    <trkpt lat="62.2727734" lon="15.4313543"></trkpt>
    <trkpt lat="62.2726136" lon="15.4328348"></trkpt>
    <trkpt lat="62.2724539" lon="15.4343154"></trkpt>
    <trkpt lat="62.2722942" lon="15.4357960"></trkpt>
    <trkpt lat="62.2716316" lon="15.4370908"></trkpt>
    <trkpt lat="62.2709691" lon="15.4383855"></trkpt>
    <trkpt lat="62.2703065" lon="15.4396803"></trkpt>
    <trkpt lat="62.2696440" lon="15.4409750"></trkpt>
    <trkpt lat="62.2689814" lon="15.4422698"></trkpt>
    <trkpt lat="62.2684901" lon="15.4438748"></trkpt>
    <trkpt lat="62.2679989" lon="15.4454798"></trkpt>
    <trkpt lat="62.2675076" lon="15.4470849"></trkpt>
    <trkpt lat="62.2670164" lon="15.4486899"></trkpt>
    <trkpt lat="62.2665251" lon="15.4502949"></trkpt>
    <trkpt lat="62.2663254" lon="15.4517540"></trkpt>
    <trkpt lat="62.2661256" lon="15.4532132"></trkpt>
    <trkpt lat="62.2659259" lon="15.4546723"></trkpt>
    <trkpt lat="62.2659848" lon="15.4557484"></trkpt>
    <trkpt lat="62.2660438" lon="15.4568245"></trkpt>
    <trkpt lat="62.2659345" lon="15.4584537"></trkpt>
    <trkpt lat="62.2658251" lon="15.4600828"></trkpt>
    <trkpt lat="62.2657157" lon="15.4617120"></trkpt>
    <trkpt lat="62.2656064" lon="15.4633412"></trkpt>
    <trkpt lat="62.2650896" lon="15.4647306"></trkpt>
    <trkpt lat="62.2645728" lon="15.4661200"></trkpt>
    <trkpt lat="62.2640560" lon="15.4675094"></trkpt>
    <trkpt lat="62.2635392" lon="15.4688988"></trkpt>
    <trkpt lat="62.2630224" lon="15.4702881"></trkpt>
    <trkpt lat="62.2625056" lon="15.4716775"></trkpt>
    <trkpt lat="62.2619888" lon="15.4730669"></trkpt>
    <trkpt lat="62.2614720" lon="15.4744563"></trkpt>
    <trkpt lat="62.2610270" lon="15.4754949"></trkpt>
    <trkpt lat="62.2607579" lon="15.4773266"></trkpt>
    <trkpt lat="62.2604887" lon="15.4791583"></trkpt>
    <trkpt lat="62.2600870" lon="15.4801140"></trkpt>
    <trkpt lat="62.2596853" lon="15.4810697"></trkpt>
    <trkpt lat="62.2593303" lon="15.4822427"></trkpt>
    <trkpt lat="62.2589752" lon="15.4834157"></trkpt>
    <trkpt lat="62.2587263" lon="15.4843318"></trkpt>
    <trkpt lat="62.2585050" lon="15.4844437"></trkpt>
    <trkpt lat="62.2577085" lon="15.4837389"></trkpt>
    <trkpt lat="62.2569120" lon="15.4830341"></trkpt>
    <trkpt lat="62.2561154" lon="15.4823294"></trkpt>
    <trkpt lat="62.2553189" lon="15.4816246"></trkpt>
    <trkpt lat="62.2545996" lon="15.4816675"></trkpt>
    <trkpt lat="62.2541501" lon="15.4817963"></trkpt>
    <trkpt lat="62.2537006" lon="15.4819250"></trkpt>
    <trkpt lat="62.2531611" lon="15.4825258"></trkpt>
    <trkpt lat="62.2527415" lon="15.4835558"></trkpt>
    <trkpt lat="62.2522320" lon="15.4844785"></trkpt>
    <trkpt lat="62.2517225" lon="15.4854011"></trkpt>
    <trkpt lat="62.2510082" lon="15.4860770"></trkpt>
    <trkpt lat="62.2502938" lon="15.4867529"></trkpt>
    <trkpt lat="62.2495794" lon="15.4874289"></trkpt>
    <trkpt lat="62.2488651" lon="15.4881048"></trkpt>
    <trkpt lat="62.2481857" lon="15.4884911"></trkpt>
    <trkpt lat="62.2475063" lon="15.4888773"></trkpt>
    <trkpt lat="62.2467769" lon="15.4886198"></trkpt>
    <trkpt lat="62.2460474" lon="15.4883623"></trkpt>
    <trkpt lat="62.2454345" lon="15.4879331"></trkpt>
    <trkpt lat="62.2448217" lon="15.4875040"></trkpt>
    <trkpt lat="62.2442088" lon="15.4870748"></trkpt>
    <trkpt lat="62.2436792" lon="15.4869461"></trkpt>
    <trkpt lat="62.2431495" lon="15.4868173"></trkpt>
    <trkpt lat="62.2423201" lon="15.4875469"></trkpt>
    <trkpt lat="62.2414906" lon="15.4882764"></trkpt>
    <trkpt lat="62.2408310" lon="15.4886627"></trkpt>
    <trkpt lat="62.2401713" lon="15.4890489"></trkpt>
    <trkpt lat="62.2395117" lon="15.4894352"></trkpt>
    <trkpt lat="62.2389587" lon="15.4905653"></trkpt>
    <trkpt lat="62.2384056" lon="15.4916954"></trkpt>
    <trkpt lat="62.2378526" lon="15.4928255"></trkpt>
    <trkpt lat="62.2375927" lon="15.4940271"></trkpt>
    <trkpt lat="62.2373128" lon="15.4951643"></trkpt>
    <trkpt lat="62.2370330" lon="15.4963016"></trkpt>
    <trkpt lat="62.2365332" lon="15.4971170"></trkpt>
    <trkpt lat="62.2358861" lon="15.4976294"></trkpt>
    <trkpt lat="62.2352390" lon="15.4981417"></trkpt>
    <trkpt lat="62.2345919" lon="15.4986541"></trkpt>
    <trkpt lat="62.2338347" lon="15.4991203"></trkpt>
    <trkpt lat="62.2330774" lon="15.4995865"></trkpt>
    <trkpt lat="62.2323202" lon="15.5000527"></trkpt>
    <trkpt lat="62.2315630" lon="15.5005189"></trkpt>
    <trkpt lat="62.2309407" lon="15.5014212"></trkpt>
    <trkpt lat="62.2303184" lon="15.5023235"></trkpt>
    <trkpt lat="62.2296962" lon="15.5032258"></trkpt>
    <trkpt lat="62.2290739" lon="15.5041281"></trkpt>
    <trkpt lat="62.2284516" lon="15.5050304"></trkpt>
    <trkpt lat="62.2278859" lon="15.5059055"></trkpt>
    <trkpt lat="62.2273202" lon="15.5067806"></trkpt>
    <trkpt lat="62.2267623" lon="15.5069825"></trkpt>
    <trkpt lat="62.2262044" lon="15.5071843"></trkpt>
    <trkpt lat="62.2254722" lon="15.5076701"></trkpt>
    <trkpt lat="62.2248466" lon="15.5085153"></trkpt>
    <trkpt lat="62.2245363" lon="15.5090045"></trkpt>
    <trkpt lat="62.2238263" lon="15.5093693"></trkpt>
    <trkpt lat="62.2231163" lon="15.5097341"></trkpt>
    <trkpt lat="62.2225563" lon="15.5100130"></trkpt>
    <trkpt lat="62.2219963" lon="15.5102920"></trkpt>
    <trkpt lat="62.2214523" lon="15.5113220"></trkpt>
    <trkpt lat="62.2209082" lon="15.5123520"></trkpt>
    <trkpt lat="62.2203642" lon="15.5133819"></trkpt>
    <trkpt lat="62.2198201" lon="15.5144119"></trkpt>
    <trkpt lat="62.2192761" lon="15.5154419"></trkpt>
    <trkpt lat="62.2188401" lon="15.5165289"></trkpt>
    <trkpt lat="62.2184581" lon="15.5171333"></trkpt>
    <trkpt lat="62.2178519" lon="15.5179398"></trkpt>
    <trkpt lat="62.2174713" lon="15.5184611"></trkpt>
    <trkpt lat="62.2170908" lon="15.5189824"></trkpt>
    <trkpt lat="62.2165157" lon="15.5199050"></trkpt>
    <trkpt lat="62.2160476" lon="15.5214929"></trkpt>
    <trkpt lat="62.2155795" lon="15.5230808"></trkpt>
    <trkpt lat="62.2151113" lon="15.5246686"></trkpt>
    <trkpt lat="62.2146432" lon="15.5262565"></trkpt>
    <trkpt lat="62.2141751" lon="15.5278444"></trkpt>
    <trkpt lat="62.2136416" lon="15.5289888"></trkpt>
    <trkpt lat="62.2131081" lon="15.5301332"></trkpt>
    <trkpt lat="62.2125746" lon="15.5312776"></trkpt>
    <trkpt lat="62.2119944" lon="15.5326831"></trkpt>
    <trkpt lat="62.2114142" lon="15.5340885"></trkpt>
    <trkpt lat="62.2108339" lon="15.5354940"></trkpt>
    <trkpt lat="62.2102537" lon="15.5368995"></trkpt>
    <trkpt lat="62.2097935" lon="15.5384015"></trkpt>
    <trkpt lat="62.2093333" lon="15.5399036"></trkpt>
    <trkpt lat="62.2088731" lon="15.5414056"></trkpt>
    <trkpt lat="62.2084129" lon="15.5429077"></trkpt>
    <trkpt lat="62.2079527" lon="15.5444097"></trkpt>
    <trkpt lat="62.2076125" lon="15.5459117"></trkpt>
    <trkpt lat="62.2069922" lon="15.5471563"></trkpt>
    <trkpt lat="62.2063718" lon="15.5484008"></trkpt>
    <trkpt lat="62.2057515" lon="15.5496453"></trkpt>
    <trkpt lat="62.2051311" lon="15.5508899"></trkpt>
    <trkpt lat="62.2045107" lon="15.5521345"></trkpt>
    <trkpt lat="62.2038904" lon="15.5533790"></trkpt>
    <trkpt lat="62.2036202" lon="15.5541729"></trkpt>
    <trkpt lat="62.2033500" lon="15.5549669"></trkpt>
    <trkpt lat="62.2028447" lon="15.5565279"></trkpt>
    <trkpt lat="62.2023394" lon="15.5580890"></trkpt>
    <trkpt lat="62.2018340" lon="15.5596501"></trkpt>
    <trkpt lat="62.2013287" lon="15.5612111"></trkpt>
    <trkpt lat="62.2010284" lon="15.5623269"></trkpt>
    <trkpt lat="62.2008683" lon="15.5634856"></trkpt>
    <trkpt lat="62.2007082" lon="15.5646443"></trkpt>
    <trkpt lat="62.2006959" lon="15.5647355"></trkpt>
    <trkpt lat="62.2005099" lon="15.5661142"></trkpt>
    <trkpt lat="62.2003238" lon="15.5674928"></trkpt>
    <trkpt lat="62.2001378" lon="15.5688715"></trkpt>
    <trkpt lat="62.1998996" lon="15.5706224"></trkpt>
    <trkpt lat="62.1996614" lon="15.5723734"></trkpt>
    <trkpt lat="62.1994233" lon="15.5741243"></trkpt>
    <trkpt lat="62.1991851" lon="15.5758753"></trkpt>
    <trkpt lat="62.1989469" lon="15.5776262"></trkpt>
    <trkpt lat="62.1987267" lon="15.5787635"></trkpt>
    <trkpt lat="62.1984365" lon="15.5797934"></trkpt>
    <trkpt lat="62.1979761" lon="15.5808985"></trkpt>
    <trkpt lat="62.1975157" lon="15.5820036"></trkpt>
    <trkpt lat="62.1972004" lon="15.5828082"></trkpt>
    <trkpt lat="62.1968852" lon="15.5836129"></trkpt>
    <trkpt lat="62.1965182" lon="15.5852294"></trkpt>
    <trkpt lat="62.1961512" lon="15.5868459"></trkpt>
    <trkpt lat="62.1957842" lon="15.5884624"></trkpt>
    <trkpt lat="62.1954172" lon="15.5900788"></trkpt>
    <trkpt lat="62.1950502" lon="15.5916953"></trkpt>
    <trkpt lat="62.1946832" lon="15.5933118"></trkpt>
    <trkpt lat="62.1944680" lon="15.5943740"></trkpt>
    <trkpt lat="62.1942528" lon="15.5954361"></trkpt>
    <trkpt lat="62.1941527" lon="15.5969489"></trkpt>
    <trkpt lat="62.1940526" lon="15.5984616"></trkpt>
    <trkpt lat="62.1939275" lon="15.5994701"></trkpt>
    <trkpt lat="62.1938024" lon="15.6004786"></trkpt>
    <trkpt lat="62.1934420" lon="15.6021094"></trkpt>
    <trkpt lat="62.1930396" lon="15.6036887"></trkpt>
    <trkpt lat="62.1926372" lon="15.6052680"></trkpt>
    <trkpt lat="62.1922348" lon="15.6068472"></trkpt>
    <trkpt lat="62.1918324" lon="15.6084265"></trkpt>
    <trkpt lat="62.1914300" lon="15.6100058"></trkpt>
    <trkpt lat="62.1911872" lon="15.6113148"></trkpt>
    <trkpt lat="62.1909445" lon="15.6126237"></trkpt>
    <trkpt lat="62.1908594" lon="15.6136322"></trkpt>
    <trkpt lat="62.1908532" lon="15.6151020"></trkpt>
    <trkpt lat="62.1908469" lon="15.6165719"></trkpt>
    <trkpt lat="62.1908406" lon="15.6180417"></trkpt>
    <trkpt lat="62.1908344" lon="15.6195116"></trkpt>
    <trkpt lat="62.1908293" lon="15.6199515"></trkpt>
    <trkpt lat="62.1907893" lon="15.6202948"></trkpt>
    <trkpt lat="62.1904389" lon="15.6215823"></trkpt>
    <trkpt lat="62.1901436" lon="15.6225586"></trkpt>
    <trkpt lat="62.1897582" lon="15.6235671"></trkpt>
    <trkpt lat="62.1894078" lon="15.6241679"></trkpt>
    <trkpt lat="62.1890724" lon="15.6246292"></trkpt>
    <trkpt lat="62.1886319" lon="15.6249189"></trkpt>
    <trkpt lat="62.1878010" lon="15.6252193"></trkpt>
    <trkpt lat="62.1874456" lon="15.6254017"></trkpt>
    <trkpt lat="62.1871002" lon="15.6257450"></trkpt>
    <trkpt lat="62.1866697" lon="15.6263459"></trkpt>
    <trkpt lat="62.1862842" lon="15.6270647"></trkpt>
    <trkpt lat="62.1859087" lon="15.6283092"></trkpt>
    <trkpt lat="62.1855508" lon="15.6297308"></trkpt>
    <trkpt lat="62.1851929" lon="15.6311524"></trkpt>
    <trkpt lat="62.1848674" lon="15.6326544"></trkpt>
    <trkpt lat="62.1847873" lon="15.6337326"></trkpt>
    <trkpt lat="62.1847072" lon="15.6348109"></trkpt>
    <trkpt lat="62.1846071" lon="15.6356156"></trkpt>
    <trkpt lat="62.1845120" lon="15.6360769"></trkpt>
    <trkpt lat="62.1843868" lon="15.6364739"></trkpt>
    <trkpt lat="62.1838874" lon="15.6371659"></trkpt>
    <trkpt lat="62.1833880" lon="15.6378579"></trkpt>
    <trkpt lat="62.1830776" lon="15.6369030"></trkpt>
    <trkpt lat="62.1829563" lon="15.6365940"></trkpt>
    <trkpt lat="62.1827973" lon="15.6362271"></trkpt>
    <trkpt lat="62.1824518" lon="15.6354546"></trkpt>
    <trkpt lat="62.1820926" lon="15.6346982"></trkpt>
    <trkpt lat="62.1817333" lon="15.6339419"></trkpt>
    <trkpt lat="62.1812577" lon="15.6329441"></trkpt>
    <trkpt lat="62.1810449" lon="15.6326330"></trkpt>
    <trkpt lat="62.1808296" lon="15.6323969"></trkpt>
    <trkpt lat="62.1806293" lon="15.6322843"></trkpt>
    <trkpt lat="62.1803741" lon="15.6321970"></trkpt>
    <trkpt lat="62.1801234" lon="15.6321405"></trkpt>
    <trkpt lat="62.1799050" lon="15.6321380"></trkpt>
    <trkpt lat="62.1795750" lon="15.6322560"></trkpt>
    <trkpt lat="62.1788755" lon="15.6323550"></trkpt>
    <trkpt lat="62.1781760" lon="15.6324540"></trkpt>
    <trkpt lat="62.1778970" lon="15.6325580"></trkpt>
    <trkpt lat="62.1774310" lon="15.6332395"></trkpt>
    <trkpt lat="62.1769650" lon="15.6339210"></trkpt>
    <trkpt lat="62.1763700" lon="15.6349110"></trkpt>
    <trkpt lat="62.1761200" lon="15.6352370"></trkpt>
    <trkpt lat="62.1758380" lon="15.6355180"></trkpt>
    <trkpt lat="62.1752412" lon="15.6361930"></trkpt>
    <trkpt lat="62.1747962" lon="15.6370147"></trkpt>
    <trkpt lat="62.1747430" lon="15.6371330"></trkpt>
    <trkpt lat="62.1744995" lon="15.6380975"></trkpt>
    <trkpt lat="62.1742560" lon="15.6390620"></trkpt>
    <trkpt lat="62.1739460" lon="15.6398110"></trkpt>
    <trkpt lat="62.1736360" lon="15.6405600"></trkpt>
    <trkpt lat="62.1732850" lon="15.6412270"></trkpt>
    <trkpt lat="62.1725860" lon="15.6420090"></trkpt>
    <trkpt lat="62.1721680" lon="15.6426080"></trkpt>
    <trkpt lat="62.1715215" lon="15.6437212"></trkpt>
    <trkpt lat="62.1708751" lon="15.6448343"></trkpt>
    <trkpt lat="62.1702286" lon="15.6459475"></trkpt>
    <trkpt lat="62.1698713" lon="15.6465628"></trkpt>
    <trkpt lat="62.1695140" lon="15.6471780"></trkpt>
    <trkpt lat="62.1689820" lon="15.6479030"></trkpt>
    <trkpt lat="62.1684500" lon="15.6486280"></trkpt>
    <trkpt lat="62.1680018" lon="15.6502920"></trkpt>
    <trkpt lat="62.1675535" lon="15.6519560"></trkpt>
    <trkpt lat="62.1671052" lon="15.6536200"></trkpt>
    <trkpt lat="62.1666570" lon="15.6552840"></trkpt>
    <trkpt lat="62.1662480" lon="15.6564725"></trkpt>
    <trkpt lat="62.1658390" lon="15.6576610"></trkpt>
    <trkpt lat="62.1655240" lon="15.6583310"></trkpt>
    <trkpt lat="62.1652670" lon="15.6585960"></trkpt>
    <trkpt lat="62.1650050" lon="15.6587710"></trkpt>
    <trkpt lat="62.1644563" lon="15.6588122"></trkpt>
    <trkpt lat="62.1639076" lon="15.6588534"></trkpt>
    <trkpt lat="62.1632730" lon="15.6589010"></trkpt>
    <trkpt lat="62.1626690" lon="15.6591195"></trkpt>
    <trkpt lat="62.1620650" lon="15.6593380"></trkpt>
    <trkpt lat="62.1613833" lon="15.6598490"></trkpt>
    <trkpt lat="62.1607017" lon="15.6603600"></trkpt>
    <trkpt lat="62.1600200" lon="15.6608710"></trkpt>
    <trkpt lat="62.1592235" lon="15.6613360"></trkpt>
    <trkpt lat="62.1584270" lon="15.6618010"></trkpt>
    <trkpt lat="62.1576640" lon="15.6621555"></trkpt>
    <trkpt lat="62.1569010" lon="15.6625100"></trkpt>
    <trkpt lat="62.1560665" lon="15.6629505"></trkpt>
    <trkpt lat="62.1552320" lon="15.6633910"></trkpt>
    <trkpt lat="62.1549490" lon="15.6634910"></trkpt>
    <trkpt lat="62.1543880" lon="15.6633310"></trkpt>
    <trkpt lat="62.1539870" lon="15.6630650"></trkpt>
    <trkpt lat="62.1534260" lon="15.6620485"></trkpt>
    <trkpt lat="62.1528650" lon="15.6610320"></trkpt>
    <trkpt lat="62.1527720" lon="15.6608100"></trkpt>
    <trkpt lat="62.1524980" lon="15.6605380"></trkpt>
    <trkpt lat="62.1523873" lon="15.6604760"></trkpt>
    <trkpt lat="62.1519521" lon="15.6602325"></trkpt>
    <trkpt lat="62.1515170" lon="15.6599890"></trkpt>
    <trkpt lat="62.1510490" lon="15.6598350"></trkpt>
    <trkpt lat="62.1505810" lon="15.6596810"></trkpt>
    <trkpt lat="62.1503290" lon="15.6597230"></trkpt>
    <trkpt lat="62.1497020" lon="15.6600410"></trkpt>
    <trkpt lat="62.1490750" lon="15.6603590"></trkpt>
    <trkpt lat="62.1482610" lon="15.6608700"></trkpt>
    <trkpt lat="62.1474470" lon="15.6613810"></trkpt>
    <trkpt lat="62.1473060" lon="15.6614170"></trkpt>
    <trkpt lat="62.1468380" lon="15.6611200"></trkpt>
    <trkpt lat="62.1461680" lon="15.6607900"></trkpt>
    <trkpt lat="62.1454980" lon="15.6604600"></trkpt>
    <trkpt lat="62.1453690" lon="15.6604830"></trkpt>
    <trkpt lat="62.1447032" lon="15.6608541"></trkpt>
    <trkpt lat="62.1440374" lon="15.6612253"></trkpt>
    <trkpt lat="62.1437717" lon="15.6614318"></trkpt>
    <trkpt lat="62.1434207" lon="15.6616116"></trkpt>
    <trkpt lat="62.1428622" lon="15.6617916"></trkpt>
    <trkpt lat="62.1427002" lon="15.6618462"></trkpt>
    <trkpt lat="62.1423140" lon="15.6618600"></trkpt>
    <trkpt lat="62.1420478" lon="15.6617724"></trkpt>
    <trkpt lat="62.1415147" lon="15.6611695"></trkpt>
    <trkpt lat="62.1413091" lon="15.6609937"></trkpt>
    <trkpt lat="62.1410863" lon="15.6608555"></trkpt>
    <trkpt lat="62.1403393" lon="15.6606295"></trkpt>
    <trkpt lat="62.1400154" lon="15.6604963"></trkpt>
    <trkpt lat="62.1397040" lon="15.6602537"></trkpt>
    <trkpt lat="62.1393864" lon="15.6599155"></trkpt>
    <trkpt lat="62.1390378" lon="15.6597199"></trkpt>
    <trkpt lat="62.1388872" lon="15.6596760"></trkpt>
    <trkpt lat="62.1386150" lon="15.6596979"></trkpt>
    <trkpt lat="62.1384543" lon="15.6597541"></trkpt>
    <trkpt lat="62.1383067" lon="15.6598057"></trkpt>
    <trkpt lat="62.1379752" lon="15.6599788"></trkpt>
    <trkpt lat="62.1375445" lon="15.6602810"></trkpt>
    <trkpt lat="62.1372948" lon="15.6605883"></trkpt>
    <trkpt lat="62.1369939" lon="15.6609472"></trkpt>
    <trkpt lat="62.1367862" lon="15.6610489"></trkpt>
    <trkpt lat="62.1366882" lon="15.6610640"></trkpt>
    <trkpt lat="62.1362361" lon="15.6611164"></trkpt>
    <trkpt lat="62.1357571" lon="15.6612339"></trkpt>
    <trkpt lat="62.1354319" lon="15.6613292"></trkpt>
    <trkpt lat="62.1350323" lon="15.6613480"></trkpt>
    <trkpt lat="62.1348502" lon="15.6613453"></trkpt>
    <trkpt lat="62.1346613" lon="15.6613083"></trkpt>
    <trkpt lat="62.1343130" lon="15.6612687"></trkpt>
    <trkpt lat="62.1340154" lon="15.6612739"></trkpt>
    <trkpt lat="62.1337416" lon="15.6614149"></trkpt>
    <trkpt lat="62.1334243" lon="15.6615639"></trkpt>
    <trkpt lat="62.1331389" lon="15.6617095"></trkpt>
    <trkpt lat="62.1328588" lon="15.6619380"></trkpt>
    <trkpt lat="62.1322932" lon="15.6622920"></trkpt>
    <trkpt lat="62.1321798" lon="15.6623523"></trkpt>
    <trkpt lat="62.1319284" lon="15.6624859"></trkpt>
    <trkpt lat="62.1317104" lon="15.6626645"></trkpt>
    <trkpt lat="62.1313227" lon="15.6630877"></trkpt>
    <trkpt lat="62.1310088" lon="15.6633575"></trkpt>
    <trkpt lat="62.1305547" lon="15.6636819"></trkpt>
    <trkpt lat="62.1304724" lon="15.6637352"></trkpt>
    <trkpt lat="62.1301643" lon="15.6639343"></trkpt>
    <trkpt lat="62.1298108" lon="15.6642330"></trkpt>
    <trkpt lat="62.1296313" lon="15.6643950"></trkpt>
    <trkpt lat="62.1290747" lon="15.6648973"></trkpt>
    <trkpt lat="62.1283178" lon="15.6656514"></trkpt>
    <trkpt lat="62.1277246" lon="15.6663975"></trkpt>
    <trkpt lat="62.1273957" lon="15.6669354"></trkpt>
    <trkpt lat="62.1270754" lon="15.6675788"></trkpt>
    <trkpt lat="62.1268212" lon="15.6682235"></trkpt>
    <trkpt lat="62.1264208" lon="15.6691979"></trkpt>
    <trkpt lat="62.1263468" lon="15.6693326"></trkpt>
    <trkpt lat="62.1258913" lon="15.6701613"></trkpt>
    <trkpt lat="62.1255968" lon="15.6705638"></trkpt>
    <trkpt lat="62.1252851" lon="15.6708745"></trkpt>
    <trkpt lat="62.1244925" lon="15.6713330"></trkpt>
    <trkpt lat="62.1240856" lon="15.6715822"></trkpt>
    <trkpt lat="62.1234953" lon="15.6722234"></trkpt>
    <trkpt lat="62.1229922" lon="15.6731967"></trkpt>
    <trkpt lat="62.1224890" lon="15.6741700"></trkpt>
    <trkpt lat="62.1220969" lon="15.6756088"></trkpt>
    <trkpt lat="62.1217047" lon="15.6770476"></trkpt>
    <trkpt lat="62.1215001" lon="15.6778453"></trkpt>
    <trkpt lat="62.1213124" lon="15.6782882"></trkpt>
    <trkpt lat="62.1207590" lon="15.6793200"></trkpt>
    <trkpt lat="62.1207117" lon="15.6794151"></trkpt>
    <trkpt lat="62.1201947" lon="15.6804538"></trkpt>
    <trkpt lat="62.1196777" lon="15.6814925"></trkpt>
    <trkpt lat="62.1191607" lon="15.6825312"></trkpt>
    <trkpt lat="62.1187152" lon="15.6834261"></trkpt>
    <trkpt lat="62.1186542" lon="15.6835411"></trkpt>
    <trkpt lat="62.1181193" lon="15.6846171"></trkpt>
    <trkpt lat="62.1175844" lon="15.6856931"></trkpt>
    <trkpt lat="62.1170496" lon="15.6867692"></trkpt>
    <trkpt lat="62.1165147" lon="15.6878452"></trkpt>
    <trkpt lat="62.1159798" lon="15.6889212"></trkpt>
    <trkpt lat="62.1156294" lon="15.6896251"></trkpt>
    <trkpt lat="62.1152790" lon="15.6903290"></trkpt>
    <trkpt lat="62.1148130" lon="15.6914265"></trkpt>
    <trkpt lat="62.1143470" lon="15.6925240"></trkpt>
    <trkpt lat="62.1140450" lon="15.6940355"></trkpt>
    <trkpt lat="62.1137430" lon="15.6955470"></trkpt>
    <trkpt lat="62.1136051" lon="15.6964201"></trkpt>
    <trkpt lat="62.1134071" lon="15.6976737"></trkpt>
    <trkpt lat="62.1132090" lon="15.6989274"></trkpt>
    <trkpt lat="62.1130110" lon="15.7001810"></trkpt>
    <trkpt lat="62.1127275" lon="15.7015455"></trkpt>
    <trkpt lat="62.1124440" lon="15.7029100"></trkpt>
    <trkpt lat="62.1123530" lon="15.7041986"></trkpt>
    <trkpt lat="62.1122355" lon="15.7058633"></trkpt>
    <trkpt lat="62.1121180" lon="15.7075280"></trkpt>
    <trkpt lat="62.1118610" lon="15.7087477"></trkpt>
    <trkpt lat="62.1116040" lon="15.7099673"></trkpt>
    <trkpt lat="62.1113470" lon="15.7111870"></trkpt>
    <trkpt lat="62.1110089" lon="15.7120798"></trkpt>
    <trkpt lat="62.1106708" lon="15.7129726"></trkpt>
    <trkpt lat="62.1104517" lon="15.7139505"></trkpt>
    <trkpt lat="62.1101003" lon="15.7155189"></trkpt>
    <trkpt lat="62.1097489" lon="15.7170873"></trkpt>
    <trkpt lat="62.1096244" lon="15.7180582"></trkpt>
    <trkpt lat="62.1095000" lon="15.7190290"></trkpt>
    <trkpt lat="62.1093490" lon="15.7196170"></trkpt>
    <trkpt lat="62.1090920" lon="15.7208450"></trkpt>
    <trkpt lat="62.1090160" lon="15.7214650"></trkpt>
    <trkpt lat="62.1089625" lon="15.7227640"></trkpt>
    <trkpt lat="62.1089090" lon="15.7240630"></trkpt>
    <trkpt lat="62.1084923" lon="15.7255827"></trkpt>
    <trkpt lat="62.1080757" lon="15.7271023"></trkpt>
    <trkpt lat="62.1076590" lon="15.7286220"></trkpt>
    <trkpt lat="62.1072390" lon="15.7296463"></trkpt>
    <trkpt lat="62.1068190" lon="15.7306707"></trkpt>
    <trkpt lat="62.1063990" lon="15.7316950"></trkpt>
    <trkpt lat="62.1058835" lon="15.7326880"></trkpt>
    <trkpt lat="62.1053680" lon="15.7336810"></trkpt>
    <trkpt lat="62.1049700" lon="15.7347400"></trkpt>
    <trkpt lat="62.1045720" lon="15.7357990"></trkpt>
    <trkpt lat="62.1040915" lon="15.7369645"></trkpt>
    <trkpt lat="62.1036110" lon="15.7381300"></trkpt>
    <trkpt lat="62.1034670" lon="15.7385620"></trkpt>
    <trkpt lat="62.1032440" lon="15.7398650"></trkpt>
    <trkpt lat="62.1030890" lon="15.7403260"></trkpt>
    <trkpt lat="62.1027550" lon="15.7409630"></trkpt>
    <trkpt lat="62.1023263" lon="15.7418823"></trkpt>
    <trkpt lat="62.1018977" lon="15.7428017"></trkpt>
    <trkpt lat="62.1014690" lon="15.7437210"></trkpt>
    <trkpt lat="62.1011540" lon="15.7450590"></trkpt>
    <trkpt lat="62.1008390" lon="15.7463970"></trkpt>
    <trkpt lat="62.1005613" lon="15.7476460"></trkpt>
    <trkpt lat="62.1002837" lon="15.7488950"></trkpt>
    <trkpt lat="62.1000060" lon="15.7501440"></trkpt>
    <trkpt lat="62.0997100" lon="15.7511475"></trkpt>
    <trkpt lat="62.0994140" lon="15.7521510"></trkpt>
    <trkpt lat="62.0993220" lon="15.7523720"></trkpt>
    <trkpt lat="62.0986964" lon="15.7532818"></trkpt>
    <trkpt lat="62.0980708" lon="15.7541916"></trkpt>
    <trkpt lat="62.0974452" lon="15.7551014"></trkpt>
    <trkpt lat="62.0968196" lon="15.7560112"></trkpt>
    <trkpt lat="62.0961940" lon="15.7569210"></trkpt>
    <trkpt lat="62.0955390" lon="15.7574603"></trkpt>
    <trkpt lat="62.0948840" lon="15.7579997"></trkpt>
    <trkpt lat="62.0942290" lon="15.7585390"></trkpt>
    <trkpt lat="62.0934740" lon="15.7592723"></trkpt>
    <trkpt lat="62.0927190" lon="15.7600057"></trkpt>
    <trkpt lat="62.0919640" lon="15.7607390"></trkpt>
    <trkpt lat="62.0913847" lon="15.7613567"></trkpt>
    <trkpt lat="62.0908053" lon="15.7619743"></trkpt>
    <trkpt lat="62.0902260" lon="15.7625920"></trkpt>
    <trkpt lat="62.0895660" lon="15.7633727"></trkpt>
    <trkpt lat="62.0889060" lon="15.7641533"></trkpt>
    <trkpt lat="62.0882460" lon="15.7649340"></trkpt>
    <trkpt lat="62.0875688" lon="15.7658573"></trkpt>
    <trkpt lat="62.0868917" lon="15.7667807"></trkpt>
    <trkpt lat="62.0862145" lon="15.7677040"></trkpt>
    <trkpt lat="62.0855373" lon="15.7686273"></trkpt>
    <trkpt lat="62.0848602" lon="15.7695507"></trkpt>
    <trkpt lat="62.0841830" lon="15.7704740"></trkpt>
    <trkpt lat="62.0833700" lon="15.7711425"></trkpt>
    <trkpt lat="62.0825570" lon="15.7718110"></trkpt>
    <trkpt lat="62.0818656" lon="15.7722759"></trkpt>
    <trkpt lat="62.0811742" lon="15.7727408"></trkpt>
    <trkpt lat="62.0804827" lon="15.7732056"></trkpt>
    <trkpt lat="62.0797913" lon="15.7736705"></trkpt>
    <trkpt lat="62.0790999" lon="15.7741354"></trkpt>
    <trkpt lat="62.0784066" lon="15.7746015"></trkpt>
    <trkpt lat="62.0776605" lon="15.7750725"></trkpt>
    <trkpt lat="62.0769145" lon="15.7755434"></trkpt>
    <trkpt lat="62.0761684" lon="15.7760144"></trkpt>
    <trkpt lat="62.0754223" lon="15.7764853"></trkpt>
    <trkpt lat="62.0746762" lon="15.7769563"></trkpt>
    <trkpt lat="62.0739302" lon="15.7774272"></trkpt>
    <trkpt lat="62.0731841" lon="15.7778982"></trkpt>
    <trkpt lat="62.0731124" lon="15.7779435"></trkpt>
    <trkpt lat="62.0726759" lon="15.7782228"></trkpt>
    <trkpt lat="62.0722394" lon="15.7785022"></trkpt>
    <trkpt lat="62.0713935" lon="15.7790386"></trkpt>
    <trkpt lat="62.0705476" lon="15.7795751"></trkpt>
    <trkpt lat="62.0697017" lon="15.7801115"></trkpt>
    <trkpt lat="62.0692213" lon="15.7805968"></trkpt>
    <trkpt lat="62.0684929" lon="15.7814419"></trkpt>
    <trkpt lat="62.0678569" lon="15.7821797"></trkpt>
    <trkpt lat="62.0675443" lon="15.7825322"></trkpt>
    <trkpt lat="62.0668348" lon="15.7834631"></trkpt>
    <trkpt lat="62.0666989" lon="15.7836413"></trkpt>
    <trkpt lat="62.0660296" lon="15.7847456"></trkpt>
    <trkpt lat="62.0655744" lon="15.7855019"></trkpt>
    <trkpt lat="62.0653972" lon="15.7858247"></trkpt>
    <trkpt lat="62.0647960" lon="15.7868890"></trkpt>
    <trkpt lat="62.0641948" lon="15.7879533"></trkpt>
    <trkpt lat="62.0640327" lon="15.7883099"></trkpt>
    <trkpt lat="62.0634725" lon="15.7897851"></trkpt>
    <trkpt lat="62.0629123" lon="15.7912603"></trkpt>
    <trkpt lat="62.0624226" lon="15.7925651"></trkpt>
    <trkpt lat="62.0619330" lon="15.7938698"></trkpt>
    <trkpt lat="62.0614433" lon="15.7951746"></trkpt>
    <trkpt lat="62.0609537" lon="15.7964794"></trkpt>
    <trkpt lat="62.0604640" lon="15.7977842"></trkpt>
    <trkpt lat="62.0599744" lon="15.7990889"></trkpt>
    <trkpt lat="62.0594847" lon="15.8003937"></trkpt>
    <trkpt lat="62.0590395" lon="15.8015560"></trkpt>
    <trkpt lat="62.0585944" lon="15.8027183"></trkpt>
    <trkpt lat="62.0580477" lon="15.8040171"></trkpt>
    <trkpt lat="62.0575010" lon="15.8053160"></trkpt>
    <trkpt lat="62.0569527" lon="15.8064027"></trkpt>
    <trkpt lat="62.0564043" lon="15.8074893"></trkpt>
    <trkpt lat="62.0558560" lon="15.8085760"></trkpt>
    <trkpt lat="62.0552292" lon="15.8098769"></trkpt>
    <trkpt lat="62.0546025" lon="15.8111777"></trkpt>
    <trkpt lat="62.0540812" lon="15.8122597"></trkpt>
    <trkpt lat="62.0535598" lon="15.8133417"></trkpt>
    <trkpt lat="62.0530385" lon="15.8144237"></trkpt>
    <trkpt lat="62.0525171" lon="15.8155057"></trkpt>
    <trkpt lat="62.0523320" lon="15.8158900"></trkpt>
    <trkpt lat="62.0517365" lon="15.8170993"></trkpt>
    <trkpt lat="62.0511410" lon="15.8183085"></trkpt>
    <trkpt lat="62.0505455" lon="15.8195177"></trkpt>
    <trkpt lat="62.0499500" lon="15.8207270"></trkpt>
    <trkpt lat="62.0495660" lon="15.8214712"></trkpt>
    <trkpt lat="62.0491285" lon="15.8221257"></trkpt>
    <trkpt lat="62.0486462" lon="15.8226682"></trkpt>
    <trkpt lat="62.0481428" lon="15.8230805"></trkpt>
    <trkpt lat="62.0478260" lon="15.8232736"></trkpt>
    <trkpt lat="62.0474537" lon="15.8234103"></trkpt>
    <trkpt lat="62.0470620" lon="15.8234566"></trkpt>
    <trkpt lat="62.0466140" lon="15.8234346"></trkpt>
    <trkpt lat="62.0458967" lon="15.8232288"></trkpt>
    <trkpt lat="62.0451674" lon="15.8229820"></trkpt>
    <trkpt lat="62.0443190" lon="15.8226075"></trkpt>
    <trkpt lat="62.0434706" lon="15.8222330"></trkpt>
    <trkpt lat="62.0428067" lon="15.8219755"></trkpt>
    <trkpt lat="62.0422140" lon="15.8218400"></trkpt>
    <trkpt lat="62.0416498" lon="15.8217502"></trkpt>
    <trkpt lat="62.0410714" lon="15.8217001"></trkpt>
    <trkpt lat="62.0404930" lon="15.8216500"></trkpt>
    <trkpt lat="62.0398059" lon="15.8216202"></trkpt>
    <trkpt lat="62.0391188" lon="15.8215904"></trkpt>
    <trkpt lat="62.0384317" lon="15.8215606"></trkpt>
    <trkpt lat="62.0375441" lon="15.8215312"></trkpt>
    <trkpt lat="62.0366565" lon="15.8215018"></trkpt>
    <trkpt lat="62.0357688" lon="15.8214724"></trkpt>
    <trkpt lat="62.0348812" lon="15.8214429"></trkpt>
    <trkpt lat="62.0339936" lon="15.8214135"></trkpt>
    <trkpt lat="62.0331060" lon="15.8213841"></trkpt>
    <trkpt lat="62.0322272" lon="15.8214819"></trkpt>
    <trkpt lat="62.0314732" lon="15.8216589"></trkpt>
    <trkpt lat="62.0309885" lon="15.8218051"></trkpt>
    <trkpt lat="62.0303247" lon="15.8219600"></trkpt>
    <trkpt lat="62.0296610" lon="15.8221149"></trkpt>
    <trkpt lat="62.0288986" lon="15.8224153"></trkpt>
    <trkpt lat="62.0281362" lon="15.8227157"></trkpt>
    <trkpt lat="62.0275998" lon="15.8229212"></trkpt>
    <trkpt lat="62.0271096" lon="15.8229411"></trkpt>
    <trkpt lat="62.0264390" lon="15.8228470"></trkpt>
    <trkpt lat="62.0258371" lon="15.8227588"></trkpt>
    <trkpt lat="62.0253162" lon="15.8228026"></trkpt>
    <trkpt lat="62.0250290" lon="15.8228910"></trkpt>
    <trkpt lat="62.0245930" lon="15.8233670"></trkpt>
    <trkpt lat="62.0244670" lon="15.8235890"></trkpt>
    <trkpt lat="62.0241640" lon="15.8243390"></trkpt>
    <trkpt lat="62.0238104" lon="15.8253648"></trkpt>
    <trkpt lat="62.0234568" lon="15.8263905"></trkpt>
    <trkpt lat="62.0229733" lon="15.8280019"></trkpt>
    <trkpt lat="62.0224899" lon="15.8296134"></trkpt>
    <trkpt lat="62.0220064" lon="15.8312248"></trkpt>
    <trkpt lat="62.0217796" lon="15.8320146"></trkpt>
    <trkpt lat="62.0214829" lon="15.8330047"></trkpt>
    <trkpt lat="62.0212262" lon="15.8337664"></trkpt>
    <trkpt lat="62.0209443" lon="15.8343458"></trkpt>
    <trkpt lat="62.0206855" lon="15.8347925"></trkpt>
    <trkpt lat="62.0200786" lon="15.8354723"></trkpt>
    <trkpt lat="62.0202497" lon="15.8364165"></trkpt>
    <trkpt lat="62.0204561" lon="15.8374250"></trkpt>
    <trkpt lat="62.0206373" lon="15.8384871"></trkpt>
    <trkpt lat="62.0207581" lon="15.8391523"></trkpt>
    <trkpt lat="62.0208286" lon="15.8399248"></trkpt>
    <trkpt lat="62.0207581" lon="15.8404076"></trkpt>
    <trkpt lat="62.0205366" lon="15.8419847"></trkpt>
    <trkpt lat="62.0202296" lon="15.8434760"></trkpt>
    <trkpt lat="62.0199628" lon="15.8445597"></trkpt>
    <trkpt lat="62.0198772" lon="15.8453214"></trkpt>
    <trkpt lat="62.0197262" lon="15.8467376"></trkpt>
    <trkpt lat="62.0196608" lon="15.8476710"></trkpt>
    <trkpt lat="62.0195450" lon="15.8487117"></trkpt>
    <trkpt lat="62.0194997" lon="15.8498382"></trkpt>
    <trkpt lat="62.0194846" lon="15.8508038"></trkpt>
    <trkpt lat="62.0195349" lon="15.8513617"></trkpt>
    <trkpt lat="62.0196155" lon="15.8519840"></trkpt>
    <trkpt lat="62.0195198" lon="15.8531213"></trkpt>
    <trkpt lat="62.0193688" lon="15.8537328"></trkpt>
    <trkpt lat="62.0193135" lon="15.8545804"></trkpt>
    <trkpt lat="62.0192329" lon="15.8553314"></trkpt>
    <trkpt lat="62.0190517" lon="15.8563721"></trkpt>
    <trkpt lat="62.0187094" lon="15.8573270"></trkpt>
    <trkpt lat="62.0183822" lon="15.8582497"></trkpt>
    <trkpt lat="62.0181909" lon="15.8586681"></trkpt>
    <trkpt lat="62.0180047" lon="15.8592474"></trkpt>
    <trkpt lat="62.0180953" lon="15.8599019"></trkpt>
    <trkpt lat="62.0182060" lon="15.8606851"></trkpt>
    <trkpt lat="62.0182815" lon="15.8613717"></trkpt>
    <trkpt lat="62.0182010" lon="15.8620691"></trkpt>
    <trkpt lat="62.0180701" lon="15.8628416"></trkpt>
    <trkpt lat="62.0179845" lon="15.8635497"></trkpt>
    <trkpt lat="62.0179417" lon="15.8643705"></trkpt>
    <trkpt lat="62.0179896" lon="15.8646762"></trkpt>
    <trkpt lat="62.0180928" lon="15.8651322"></trkpt>
    <trkpt lat="62.0180751" lon="15.8654863"></trkpt>
    <trkpt lat="62.0181053" lon="15.8663982"></trkpt>
    <trkpt lat="62.0181960" lon="15.8673745"></trkpt>
    <trkpt lat="62.0182765" lon="15.8681524"></trkpt>
    <trkpt lat="62.0183545" lon="15.8687693"></trkpt>
    <trkpt lat="62.0185357" lon="15.8691448"></trkpt>
    <trkpt lat="62.0187799" lon="15.8695471"></trkpt>
    <trkpt lat="62.0188806" lon="15.8700299"></trkpt>
    <trkpt lat="62.0189108" lon="15.8705395"></trkpt>
    <trkpt lat="62.0189032" lon="15.8713174"></trkpt>
    <trkpt lat="62.0188730" lon="15.8718163"></trkpt>
    <trkpt lat="62.0188831" lon="15.8722347"></trkpt>
    <trkpt lat="62.0190039" lon="15.8727336"></trkpt>
    <trkpt lat="62.0190819" lon="15.8730823"></trkpt>
    <trkpt lat="62.0191524" lon="15.8735543"></trkpt>
    <trkpt lat="62.0191322" lon="15.8740961"></trkpt>
    <trkpt lat="62.0190970" lon="15.8744663"></trkpt>
    <trkpt lat="62.0190014" lon="15.8749008"></trkpt>
    <trkpt lat="62.0189636" lon="15.8754748"></trkpt>
    <trkpt lat="62.0190190" lon="15.8763385"></trkpt>
    <trkpt lat="62.0191071" lon="15.8769500"></trkpt>
    <trkpt lat="62.0191624" lon="15.8772880"></trkpt>
    <trkpt lat="62.0191901" lon="15.8778083"></trkpt>
    <trkpt lat="62.0193260" lon="15.8786693"></trkpt>
    <trkpt lat="62.0194355" lon="15.8792835"></trkpt>
    <trkpt lat="62.0195060" lon="15.8799005"></trkpt>
    <trkpt lat="62.0195060" lon="15.8804288"></trkpt>
    <trkpt lat="62.0194330" lon="15.8811745"></trkpt>
    <trkpt lat="62.0193537" lon="15.8818343"></trkpt>
    <trkpt lat="62.0192518" lon="15.8830574"></trkpt>
    <trkpt lat="62.0191549" lon="15.8837306"></trkpt>
    <trkpt lat="62.0190366" lon="15.8844817"></trkpt>
    <trkpt lat="62.0189057" lon="15.8853722"></trkpt>
    <trkpt lat="62.0186238" lon="15.8866274"></trkpt>
    <trkpt lat="62.0185735" lon="15.8880651"></trkpt>
    <trkpt lat="62.0184678" lon="15.8890843"></trkpt>
    <trkpt lat="62.0182463" lon="15.8899104"></trkpt>
    <trkpt lat="62.0181078" lon="15.8908331"></trkpt>
    <trkpt lat="62.0179694" lon="15.8917558"></trkpt>
    <trkpt lat="62.0177832" lon="15.8924210"></trkpt>
    <trkpt lat="62.0173704" lon="15.8929682"></trkpt>
    <trkpt lat="62.0169878" lon="15.8935153"></trkpt>
    <trkpt lat="62.0166606" lon="15.8949315"></trkpt>
    <trkpt lat="62.0164340" lon="15.8964014"></trkpt>
    <trkpt lat="62.0162780" lon="15.8969056"></trkpt>
    <trkpt lat="62.0161622" lon="15.8978820"></trkpt>
    <trkpt lat="62.0159910" lon="15.8990407"></trkpt>
    <trkpt lat="62.0158853" lon="15.9001243"></trkpt>
    <trkpt lat="62.0156638" lon="15.9005213"></trkpt>
    <trkpt lat="62.0154524" lon="15.9012937"></trkpt>
    <trkpt lat="62.0153013" lon="15.9019160"></trkpt>
    <trkpt lat="62.0155329" lon="15.9027100"></trkpt>
    <trkpt lat="62.0158450" lon="15.9034073"></trkpt>
    <trkpt lat="62.0161773" lon="15.9040671"></trkpt>
    <trkpt lat="62.0165096" lon="15.9047270"></trkpt>
    <trkpt lat="62.0172093" lon="15.9057140"></trkpt>
    <trkpt lat="62.0177794" lon="15.9064463"></trkpt>
    <trkpt lat="62.0175566" lon="15.9065750"></trkpt>
    <trkpt lat="62.0173100" lon="15.9067011"></trkpt>
    <trkpt lat="62.0171048" lon="15.9068003"></trkpt>
    <trkpt lat="62.0164650" lon="15.9071106"></trkpt>
    <trkpt lat="62.0158253" lon="15.9074208"></trkpt>
    <trkpt lat="62.0151855" lon="15.9077311"></trkpt>
    <trkpt lat="62.0147642" lon="15.9079242"></trkpt>
    <trkpt lat="62.0147749" lon="15.9081025"></trkpt>
    <trkpt lat="62.0147869" lon="15.9085129"></trkpt>
    <trkpt lat="62.0147969" lon="15.9095590"></trkpt>
    <trkpt lat="62.0148129" lon="15.9100691"></trkpt>
    <trkpt lat="62.0148312" lon="15.9103476"></trkpt>
    <trkpt lat="62.0149064" lon="15.9110868"></trkpt>
    <trkpt lat="62.0150030" lon="15.9118623"></trkpt>
    <trkpt lat="62.0150204" lon="15.9120018"></trkpt>
    <trkpt lat="62.0150553" lon="15.9122258"></trkpt>
    <trkpt lat="62.0151673" lon="15.9126777"></trkpt>
    <trkpt lat="62.0156332" lon="15.9125001"></trkpt>
    <trkpt lat="62.0160991" lon="15.9123225"></trkpt>
    <trkpt lat="62.0162851" lon="15.9123445"></trkpt>
    <trkpt lat="62.0167818" lon="15.9125944"></trkpt>
    <trkpt lat="62.0176095" lon="15.9130942"></trkpt>
    <trkpt lat="62.0181095" lon="15.9134764"></trkpt>
    <trkpt lat="62.0186096" lon="15.9138586"></trkpt>
    <trkpt lat="62.0193131" lon="15.9146671"></trkpt>
    <trkpt lat="62.0198926" lon="15.9155577"></trkpt>
    <trkpt lat="62.0199821" lon="15.9156668"></trkpt>
    <trkpt lat="62.0201235" lon="15.9157697"></trkpt>
    <trkpt lat="62.0202994" lon="15.9159020"></trkpt>
    <trkpt lat="62.0205959" lon="15.9159902"></trkpt>
    <trkpt lat="62.0206319" lon="15.9160151"></trkpt>
    <trkpt lat="62.0207235" lon="15.9160784"></trkpt>
    <trkpt lat="62.0208753" lon="15.9162695"></trkpt>
    <trkpt lat="62.0209718" lon="15.9165120"></trkpt>
    <trkpt lat="62.0210406" lon="15.9167446"></trkpt>
    <trkpt lat="62.0212394" lon="15.9177169"></trkpt>
    <trkpt lat="62.0213803" lon="15.9183955"></trkpt>
    <trkpt lat="62.0214590" lon="15.9186544"></trkpt>
    <trkpt lat="62.0214889" lon="15.9187295"></trkpt>
    <trkpt lat="62.0215408" lon="15.9189078"></trkpt>
    <trkpt lat="62.0216245" lon="15.9191184"></trkpt>
    <trkpt lat="62.0218963" lon="15.9194992"></trkpt>
    <trkpt lat="62.0226311" lon="15.9205466"></trkpt>
    <trkpt lat="62.0231873" lon="15.9213929"></trkpt>
    <trkpt lat="62.0233276" lon="15.9216531"></trkpt>
    <trkpt lat="62.0234370" lon="15.9218623"></trkpt>
    <trkpt lat="62.0235528" lon="15.9219957"></trkpt>
    <trkpt lat="62.0237113" lon="15.9221338"></trkpt>
    <trkpt lat="62.0244707" lon="15.9227447"></trkpt>
    <trkpt lat="62.0245896" lon="15.9227782"></trkpt>
    <trkpt lat="62.0247582" lon="15.9227742"></trkpt>
    <trkpt lat="62.0249406" lon="15.9227487"></trkpt>
    <trkpt lat="62.0250834" lon="15.9227058"></trkpt>
    <trkpt lat="62.0254130" lon="15.9225539"></trkpt>
    <trkpt lat="62.0257577" lon="15.9224510"></trkpt>
    <trkpt lat="62.0259967" lon="15.9223799"></trkpt>
    <trkpt lat="62.0261918" lon="15.9222495"></trkpt>
    <trkpt lat="62.0263434" lon="15.9221801"></trkpt>
    <trkpt lat="62.0265068" lon="15.9221509"></trkpt>
    <trkpt lat="62.0267832" lon="15.9221375"></trkpt>
    <trkpt lat="62.0274092" lon="15.9221056"></trkpt>
    <trkpt lat="62.0275978" lon="15.9221104"></trkpt>
    <trkpt lat="62.0277607" lon="15.9221090"></trkpt>
    <trkpt lat="62.0277299" lon="15.9222338"></trkpt>
    <trkpt lat="62.0276934" lon="15.9224094"></trkpt>
    <trkpt lat="62.0276223" lon="15.9228963"></trkpt>
    <trkpt lat="62.0275965" lon="15.9232503"></trkpt>
    <trkpt lat="62.0275795" lon="15.9236808"></trkpt>
    <trkpt lat="62.0275386" lon="15.9243205"></trkpt>
    <trkpt lat="62.0275173" lon="15.9244412"></trkpt>
    <trkpt lat="62.0274934" lon="15.9246947"></trkpt>
    <trkpt lat="62.0274902" lon="15.9248784"></trkpt>
    <trkpt lat="62.0274984" lon="15.9252083"></trkpt>
    <trkpt lat="62.0276093" lon="15.9264931"></trkpt>
    <trkpt lat="62.0276657" lon="15.9270269"></trkpt>
    <trkpt lat="62.0276921" lon="15.9271905"></trkpt>
    <trkpt lat="62.0277167" lon="15.9272937"></trkpt>
    <trkpt lat="62.0277802" lon="15.9274600"></trkpt>
    <trkpt lat="62.0278330" lon="15.9275740"></trkpt>
    <trkpt lat="62.0279091" lon="15.9276947"></trkpt>
    <trkpt lat="62.0281041" lon="15.9279630"></trkpt>
    <trkpt lat="62.0283582" lon="15.9283037"></trkpt>
    <trkpt lat="62.0284483" lon="15.9284121"></trkpt>
    <trkpt lat="62.0283693" lon="15.9285577"></trkpt>
    <trkpt lat="62.0282930" lon="15.9286980"></trkpt>
    <trkpt lat="62.0281784" lon="15.9288702"></trkpt>
    <trkpt lat="62.0279642" lon="15.9293114"></trkpt>
    <trkpt lat="62.0278852" lon="15.9295562"></trkpt>
    <trkpt lat="62.0277928" lon="15.9298613"></trkpt>
    <trkpt lat="62.0277528" lon="15.9300055"></trkpt>
    <trkpt lat="62.0276987" lon="15.9302381"></trkpt>
    <trkpt lat="62.0276629" lon="15.9304292"></trkpt>
    <trkpt lat="62.0276132" lon="15.9307672"></trkpt>
    <trkpt lat="62.0275758" lon="15.9311306"></trkpt>
    <trkpt lat="62.0275113" lon="15.9317623"></trkpt>
    <trkpt lat="62.0274682" lon="15.9322773"></trkpt>
    <trkpt lat="62.0274301" lon="15.9328325"></trkpt>
    <trkpt lat="62.0274182" lon="15.9329841"></trkpt>
    <trkpt lat="62.0274081" lon="15.9333649"></trkpt>
    <trkpt lat="62.0274169" lon="15.9339758"></trkpt>
    <trkpt lat="62.0274298" lon="15.9342641"></trkpt>
    <trkpt lat="62.0275056" lon="15.9349729"></trkpt>
    <trkpt lat="62.0276717" lon="15.9363113"></trkpt>
    <trkpt lat="62.0277591" lon="15.9370261"></trkpt>
    <trkpt lat="62.0278220" lon="15.9376263"></trkpt>
    <trkpt lat="62.0278783" lon="15.9379555"></trkpt>
    <trkpt lat="62.0279362" lon="15.9382217"></trkpt>
    <trkpt lat="62.0280771" lon="15.9386341"></trkpt>
    <trkpt lat="62.0281765" lon="15.9388561"></trkpt>
    <trkpt lat="62.0285023" lon="15.9396527"></trkpt>
    <trkpt lat="62.0288153" lon="15.9404138"></trkpt>
    <trkpt lat="62.0289313" lon="15.9406773"></trkpt>
    <trkpt lat="62.0291144" lon="15.9410300"></trkpt>
    <trkpt lat="62.0293172" lon="15.9413841"></trkpt>
    <trkpt lat="62.0295855" lon="15.9418099"></trkpt>
    <trkpt lat="62.0297676" lon="15.9421170"></trkpt>
    <trkpt lat="62.0298471" lon="15.9422913"></trkpt>
    <trkpt lat="62.0298990" lon="15.9424254"></trkpt>
    <trkpt lat="62.0299478" lon="15.9425689"></trkpt>
    <trkpt lat="62.0300038" lon="15.9427674"></trkpt>
    <trkpt lat="62.0300494" lon="15.9429565"></trkpt>
    <trkpt lat="62.0300843" lon="15.9431852"></trkpt>
    <trkpt lat="62.0300980" lon="15.9433370"></trkpt>
    <trkpt lat="62.0301148" lon="15.9436096"></trkpt>
    <trkpt lat="62.0301230" lon="15.9437820"></trkpt>
    <trkpt lat="62.0301242" lon="15.9442259"></trkpt>
    <trkpt lat="62.0301028" lon="15.9447127"></trkpt>
    <trkpt lat="62.0300594" lon="15.9454825"></trkpt>
    <trkpt lat="62.0300374" lon="15.9458734"></trkpt>
    <trkpt lat="62.0299865" lon="15.9462073"></trkpt>
    <trkpt lat="62.0299522" lon="15.9464622"></trkpt>
    <trkpt lat="62.0298254" lon="15.9471454"></trkpt>
    <trkpt lat="62.0296198" lon="15.9482136"></trkpt>
    <trkpt lat="62.0293892" lon="15.9492550"></trkpt>
    <trkpt lat="62.0293213" lon="15.9496144"></trkpt>
    <trkpt lat="62.0292788" lon="15.9499859"></trkpt>
    <trkpt lat="62.0292600" lon="15.9502535"></trkpt>
    <trkpt lat="62.0292521" lon="15.9506719"></trkpt>
    <trkpt lat="62.0292521" lon="15.9508368"></trkpt>
    <trkpt lat="62.0292681" lon="15.9511627"></trkpt>
    <trkpt lat="62.0293040" lon="15.9516348"></trkpt>
    <trkpt lat="62.0293540" lon="15.9520291"></trkpt>
    <trkpt lat="62.0293952" lon="15.9525139"></trkpt>
    <trkpt lat="62.0294075" lon="15.9529102"></trkpt>
    <trkpt lat="62.0294156" lon="15.9532166"></trkpt>
    <trkpt lat="62.0294021" lon="15.9535190"></trkpt>
    <trkpt lat="62.0293556" lon="15.9539844"></trkpt>
    <trkpt lat="62.0291203" lon="15.9554532"></trkpt>
    <trkpt lat="62.0288851" lon="15.9569221"></trkpt>
    <trkpt lat="62.0287014" lon="15.9585704"></trkpt>
    <trkpt lat="62.0285177" lon="15.9602187"></trkpt>
    <trkpt lat="62.0283340" lon="15.9618670"></trkpt>
    <trkpt lat="62.0282890" lon="15.9635415"></trkpt>
    <trkpt lat="62.0282440" lon="15.9652160"></trkpt>
    <trkpt lat="62.0281316" lon="15.9664040"></trkpt>
    <trkpt lat="62.0280192" lon="15.9675919"></trkpt>
    <trkpt lat="62.0279941" lon="15.9681981"></trkpt>
    <trkpt lat="62.0280032" lon="15.9684965"></trkpt>
    <trkpt lat="62.0280205" lon="15.9687091"></trkpt>
    <trkpt lat="62.0280724" lon="15.9690973"></trkpt>
    <trkpt lat="62.0282057" lon="15.9696653"></trkpt>
    <trkpt lat="62.0284220" lon="15.9703850"></trkpt>
    <trkpt lat="62.0287321" lon="15.9715993"></trkpt>
    <trkpt lat="62.0290423" lon="15.9728135"></trkpt>
    <trkpt lat="62.0290735" lon="15.9730791"></trkpt>
    <trkpt lat="62.0290856" lon="15.9732903"></trkpt>
    <trkpt lat="62.0291049" lon="15.9736249"></trkpt>
    <trkpt lat="62.0290880" lon="15.9742810"></trkpt>
    <trkpt lat="62.0289585" lon="15.9757500"></trkpt>
    <trkpt lat="62.0288290" lon="15.9772190"></trkpt>
    <trkpt lat="62.0286730" lon="15.9783930"></trkpt>
    <trkpt lat="62.0283740" lon="15.9794685"></trkpt>
    <trkpt lat="62.0280750" lon="15.9805440"></trkpt>
    <trkpt lat="62.0280380" lon="15.9813600"></trkpt>
    <trkpt lat="62.0280740" lon="15.9819130"></trkpt>
    <trkpt lat="62.0282311" lon="15.9831624"></trkpt>
    <trkpt lat="62.0283881" lon="15.9844117"></trkpt>
    <trkpt lat="62.0283828" lon="15.9847963"></trkpt>
    <trkpt lat="62.0283433" lon="15.9852387"></trkpt>
    <trkpt lat="62.0282771" lon="15.9860247"></trkpt>
    <trkpt lat="62.0282545" lon="15.9864110"></trkpt>
    <trkpt lat="62.0282756" lon="15.9867695"></trkpt>
    <trkpt lat="62.0283375" lon="15.9871566"></trkpt>
    <trkpt lat="62.0285916" lon="15.9881866"></trkpt>
    <trkpt lat="62.0286510" lon="15.9884785"></trkpt>
    <trkpt lat="62.0286728" lon="15.9887237"></trkpt>
    <trkpt lat="62.0286775" lon="15.9891035"></trkpt>
    <trkpt lat="62.0286328" lon="15.9893909"></trkpt>
    <trkpt lat="62.0285913" lon="15.9896149"></trkpt>
    <trkpt lat="62.0285306" lon="15.9897872"></trkpt>
    <trkpt lat="62.0282919" lon="15.9903780"></trkpt>
    <trkpt lat="62.0282054" lon="15.9906167"></trkpt>
    <trkpt lat="62.0281360" lon="15.9909151"></trkpt>
    <trkpt lat="62.0280551" lon="15.9914240"></trkpt>
    <trkpt lat="62.0279702" lon="15.9921502"></trkpt>
    <trkpt lat="62.0279132" lon="15.9926718"></trkpt>
    <trkpt lat="62.0278661" lon="15.9931433"></trkpt>
    <trkpt lat="62.0277896" lon="15.9937294"></trkpt>
    <trkpt lat="62.0277069" lon="15.9941076"></trkpt>
    <trkpt lat="62.0273336" lon="15.9955090"></trkpt>
    <trkpt lat="62.0271886" lon="15.9962756"></trkpt>
    <trkpt lat="62.0270945" lon="15.9968662"></trkpt>
    <trkpt lat="62.0270368" lon="15.9972733"></trkpt>
    <trkpt lat="62.0269781" lon="15.9975113"></trkpt>
    <trkpt lat="62.0268989" lon="15.9977312"></trkpt>
    <trkpt lat="62.0268246" lon="15.9978479"></trkpt>
    <trkpt lat="62.0267133" lon="15.9979713"></trkpt>
    <trkpt lat="62.0266095" lon="15.9980330"></trkpt>
    <trkpt lat="62.0264642" lon="15.9980880"></trkpt>
    <trkpt lat="62.0262812" lon="15.9981134"></trkpt>
    <trkpt lat="62.0261818" lon="15.9981201"></trkpt>
    <trkpt lat="62.0259937" lon="15.9980852"></trkpt>
    <trkpt lat="62.0258547" lon="15.9980423"></trkpt>
    <trkpt lat="62.0256521" lon="15.9979807"></trkpt>
    <trkpt lat="62.0255018" lon="15.9979525"></trkpt>
    <trkpt lat="62.0253237" lon="15.9979096"></trkpt>
    <trkpt lat="62.0252249" lon="15.9978600"></trkpt>
    <trkpt lat="62.0251740" lon="15.9978305"></trkpt>
    <trkpt lat="62.0250740" lon="15.9977460"></trkpt>
    <trkpt lat="62.0249620" lon="15.9976307"></trkpt>
    <trkpt lat="62.0248915" lon="15.9975247"></trkpt>
    <trkpt lat="62.0246185" lon="15.9972283"></trkpt>
    <trkpt lat="62.0245141" lon="15.9971157"></trkpt>
    <trkpt lat="62.0242763" lon="15.9969588"></trkpt>
    <trkpt lat="62.0240812" lon="15.9968743"></trkpt>
    <trkpt lat="62.0238843" lon="15.9968273"></trkpt>
    <trkpt lat="62.0237365" lon="15.9968206"></trkpt>
    <trkpt lat="62.0234477" lon="15.9968462"></trkpt>
    <trkpt lat="62.0231897" lon="15.9969011"></trkpt>
    <trkpt lat="62.0226770" lon="15.9970218"></trkpt>
    <trkpt lat="62.0225311" lon="15.9970728"></trkpt>
    <trkpt lat="62.0222077" lon="15.9973048"></trkpt>
    <trkpt lat="62.0218711" lon="15.9976494"></trkpt>
    <trkpt lat="62.0214338" lon="15.9982462"></trkpt>
    <trkpt lat="62.0211954" lon="15.9985681"></trkpt>
    <trkpt lat="62.0210882" lon="15.9987210"></trkpt>
    <trkpt lat="62.0204183" lon="15.9996611"></trkpt>
    <trkpt lat="62.0201994" lon="16.0000420"></trkpt>
    <trkpt lat="62.0198647" lon="16.0007823"></trkpt>
    <trkpt lat="62.0195299" lon="16.0015225"></trkpt>
    <trkpt lat="62.0194125" lon="16.0018492"></trkpt>
    <trkpt lat="62.0193160" lon="16.0022682"></trkpt>
    <trkpt lat="62.0191977" lon="16.0031748"></trkpt>
    <trkpt lat="62.0191272" lon="16.0036093"></trkpt>
    <trkpt lat="62.0190186" lon="16.0040360"></trkpt>
    <trkpt lat="62.0188856" lon="16.0043335"></trkpt>
    <trkpt lat="62.0183998" lon="16.0051113"></trkpt>
    <trkpt lat="62.0180374" lon="16.0057551"></trkpt>
    <trkpt lat="62.0178043" lon="16.0063086"></trkpt>
    <trkpt lat="62.0175214" lon="16.0070425"></trkpt>
    <trkpt lat="62.0173442" lon="16.0074601"></trkpt>
    <trkpt lat="62.0171262" lon="16.0077828"></trkpt>
    <trkpt lat="62.0167946" lon="16.0081682"></trkpt>
    <trkpt lat="62.0166279" lon="16.0084319"></trkpt>
    <trkpt lat="62.0164240" lon="16.0088879"></trkpt>
    <trkpt lat="62.0162176" lon="16.0094351"></trkpt>
    <trkpt lat="62.0159352" lon="16.0102008"></trkpt>
    <trkpt lat="62.0156528" lon="16.0109664"></trkpt>
    <trkpt lat="62.0151379" lon="16.0122655"></trkpt>
    <trkpt lat="62.0146231" lon="16.0135647"></trkpt>
    <trkpt lat="62.0141082" lon="16.0148638"></trkpt>
    <trkpt lat="62.0137243" lon="16.0158321"></trkpt>
    <trkpt lat="62.0133404" lon="16.0168004"></trkpt>
    <trkpt lat="62.0129485" lon="16.0177782"></trkpt>
    <trkpt lat="62.0125567" lon="16.0187560"></trkpt>
    <trkpt lat="62.0123838" lon="16.0190588"></trkpt>
    <trkpt lat="62.0121698" lon="16.0193807"></trkpt>
    <trkpt lat="62.0116865" lon="16.0199869"></trkpt>
    <trkpt lat="62.0112144" lon="16.0205287"></trkpt>
    <trkpt lat="62.0107424" lon="16.0210705"></trkpt>
    <trkpt lat="62.0102993" lon="16.0216552"></trkpt>
    <trkpt lat="62.0098184" lon="16.0223687"></trkpt>
    <trkpt lat="62.0094634" lon="16.0228890"></trkpt>
    <trkpt lat="62.0092192" lon="16.0231519"></trkpt>
    <trkpt lat="62.0090011" lon="16.0234349"></trkpt>
    <trkpt lat="62.0088114" lon="16.0238492"></trkpt>
    <trkpt lat="62.0086200" lon="16.0244447"></trkpt>
    <trkpt lat="62.0082373" lon="16.0256410"></trkpt>
    <trkpt lat="62.0078519" lon="16.0267947"></trkpt>
    <trkpt lat="62.0074665" lon="16.0279484"></trkpt>
    <trkpt lat="62.0069638" lon="16.0293448"></trkpt>
    <trkpt lat="62.0064612" lon="16.0307412"></trkpt>
    <trkpt lat="62.0059586" lon="16.0321376"></trkpt>
    <trkpt lat="62.0054559" lon="16.0335340"></trkpt>
    <trkpt lat="62.0053141" lon="16.0339075"></trkpt>
    <trkpt lat="62.0051705" lon="16.0342026"></trkpt>
    <trkpt lat="62.0050069" lon="16.0344654"></trkpt>
    <trkpt lat="62.0048432" lon="16.0346693"></trkpt>
    <trkpt lat="62.0043396" lon="16.0352594"></trkpt>
    <trkpt lat="62.0041964" lon="16.0354776"></trkpt>
    <trkpt lat="62.0040601" lon="16.0357153"></trkpt>
    <trkpt lat="62.0038281" lon="16.0362421"></trkpt>
    <trkpt lat="62.0035306" lon="16.0371891"></trkpt>
    <trkpt lat="62.0032330" lon="16.0381362"></trkpt>
    <trkpt lat="62.0031167" lon="16.0386009"></trkpt>
    <trkpt lat="62.0027259" lon="16.0401210"></trkpt>
    <trkpt lat="62.0023351" lon="16.0416412"></trkpt>
    <trkpt lat="62.0022218" lon="16.0419863"></trkpt>
    <trkpt lat="62.0021027" lon="16.0422523"></trkpt>
    <trkpt lat="62.0018684" lon="16.0424979"></trkpt>
    <trkpt lat="62.0013202" lon="16.0427105"></trkpt>
    <trkpt lat="62.0009500" lon="16.0428607"></trkpt>
    <trkpt lat="62.0007338" lon="16.0430089"></trkpt>
    <trkpt lat="62.0002992" lon="16.0434739"></trkpt>
    <trkpt lat="61.9998646" lon="16.0439390"></trkpt>
    <trkpt lat="61.9994308" lon="16.0443765"></trkpt>
    <trkpt lat="61.9989969" lon="16.0448139"></trkpt>
    <trkpt lat="61.9988094" lon="16.0450441"></trkpt>
    <trkpt lat="61.9985978" lon="16.0453820"></trkpt>
    <trkpt lat="61.9980072" lon="16.0465644"></trkpt>
    <trkpt lat="61.9974840" lon="16.0475691"></trkpt>
    <trkpt lat="61.9969607" lon="16.0485738"></trkpt>
    <trkpt lat="61.9965740" lon="16.0493034"></trkpt>
    <trkpt lat="61.9961874" lon="16.0500330"></trkpt>
    <trkpt lat="61.9960458" lon="16.0502656"></trkpt>
    <trkpt lat="61.9959053" lon="16.0504407"></trkpt>
    <trkpt lat="61.9957190" lon="16.0505050"></trkpt>
    <trkpt lat="61.9955200" lon="16.0504782"></trkpt>
    <trkpt lat="61.9953361" lon="16.0504729"></trkpt>
    <trkpt lat="61.9949709" lon="16.0505104"></trkpt>
    <trkpt lat="61.9947643" lon="16.0505909"></trkpt>
    <trkpt lat="61.9945895" lon="16.0506974"></trkpt>
    <trkpt lat="61.9943714" lon="16.0508752"></trkpt>
    <trkpt lat="61.9941460" lon="16.0511160"></trkpt>
    <trkpt lat="61.9935677" lon="16.0518386"></trkpt>
    <trkpt lat="61.9929894" lon="16.0525612"></trkpt>
    <trkpt lat="61.9924111" lon="16.0532838"></trkpt>
    <trkpt lat="61.9921748" lon="16.0535413"></trkpt>
    <trkpt lat="61.9920514" lon="16.0536379"></trkpt>
    <trkpt lat="61.9919191" lon="16.0536960"></trkpt>
    <trkpt lat="61.9917768" lon="16.0536969"></trkpt>
    <trkpt lat="61.9916307" lon="16.0536325"></trkpt>
    <trkpt lat="61.9914896" lon="16.0535252"></trkpt>
    <trkpt lat="61.9913452" lon="16.0533839"></trkpt>
    <trkpt lat="61.9912327" lon="16.0531926"></trkpt>
    <trkpt lat="61.9911495" lon="16.0529190"></trkpt>
    <trkpt lat="61.9910357" lon="16.0523969"></trkpt>
    <trkpt lat="61.9908069" lon="16.0518622"></trkpt>
    <trkpt lat="61.9905575" lon="16.0514331"></trkpt>
    <trkpt lat="61.9902854" lon="16.0509825"></trkpt>
    <trkpt lat="61.9900289" lon="16.0505996"></trkpt>
    <trkpt lat="61.9898212" lon="16.0502810"></trkpt>
    <trkpt lat="61.9897337" lon="16.0501510"></trkpt>
    <trkpt lat="61.9896002" lon="16.0500115"></trkpt>
    <trkpt lat="61.9894268" lon="16.0498825"></trkpt>
    <trkpt lat="61.9892432" lon="16.0497606"></trkpt>
    <trkpt lat="61.9890509" lon="16.0496958"></trkpt>
    <trkpt lat="61.9886666" lon="16.0494918"></trkpt>
    <trkpt lat="61.9883044" lon="16.0492326"></trkpt>
    <trkpt lat="61.9881188" lon="16.0491425"></trkpt>
    <trkpt lat="61.9879752" lon="16.0490942"></trkpt>
    <trkpt lat="61.9878275" lon="16.0490958"></trkpt>
    <trkpt lat="61.9877081" lon="16.0491532"></trkpt>
    <trkpt lat="61.9875796" lon="16.0492927"></trkpt>
    <trkpt lat="61.9872277" lon="16.0498159"></trkpt>
    <trkpt lat="61.9870707" lon="16.0500061"></trkpt>
    <trkpt lat="61.9869153" lon="16.0501952"></trkpt>
    <trkpt lat="61.9866802" lon="16.0503977"></trkpt>
    <trkpt lat="61.9863955" lon="16.0505748"></trkpt>
    <trkpt lat="61.9861410" lon="16.0507303"></trkpt>
    <trkpt lat="61.9858766" lon="16.0508369"></trkpt>
    <trkpt lat="61.9853775" lon="16.0508376"></trkpt>
    <trkpt lat="61.9850063" lon="16.0507738"></trkpt>
    <trkpt lat="61.9847887" lon="16.0507701"></trkpt>
    <trkpt lat="61.9845284" lon="16.0508108"></trkpt>
    <trkpt lat="61.9842764" lon="16.0509288"></trkpt>
    <trkpt lat="61.9840545" lon="16.0510782"></trkpt>
    <trkpt lat="61.9838640" lon="16.0512190"></trkpt>
    <trkpt lat="61.9836632" lon="16.0513208"></trkpt>
    <trkpt lat="61.9835281" lon="16.0513151"></trkpt>
    <trkpt lat="61.9833996" lon="16.0512829"></trkpt>
    <trkpt lat="61.9832584" lon="16.0511756"></trkpt>
    <trkpt lat="61.9830967" lon="16.0509549"></trkpt>
    <trkpt lat="61.9829611" lon="16.0506284"></trkpt>
    <trkpt lat="61.9828166" lon="16.0501914"></trkpt>
    <trkpt lat="61.9827142" lon="16.0499632"></trkpt>
    <trkpt lat="61.9826035" lon="16.0497843"></trkpt>
    <trkpt lat="61.9824294" lon="16.0496789"></trkpt>
    <trkpt lat="61.9822077" lon="16.0496467"></trkpt>
    <trkpt lat="61.9816124" lon="16.0496847"></trkpt>
    <trkpt lat="61.9813811" lon="16.0497057"></trkpt>
    <trkpt lat="61.9811392" lon="16.0498023"></trkpt>
    <trkpt lat="61.9808762" lon="16.0499433"></trkpt>
    <trkpt lat="61.9807889" lon="16.0499525"></trkpt>
    <trkpt lat="61.9806932" lon="16.0499150"></trkpt>
    <trkpt lat="61.9800759" lon="16.0494248"></trkpt>
    <trkpt lat="61.9799523" lon="16.0493624"></trkpt>
    <trkpt lat="61.9797807" lon="16.0493130"></trkpt>
    <trkpt lat="61.9796272" lon="16.0493088"></trkpt>
    <trkpt lat="61.9794519" lon="16.0494458"></trkpt>
    <trkpt lat="61.9792668" lon="16.0496950"></trkpt>
    <trkpt lat="61.9787753" lon="16.0504085"></trkpt>
    <trkpt lat="61.9785908" lon="16.0506345"></trkpt>
    <trkpt lat="61.9784124" lon="16.0507089"></trkpt>
    <trkpt lat="61.9782083" lon="16.0507196"></trkpt>
    <trkpt lat="61.9780974" lon="16.0507411"></trkpt>
    <trkpt lat="61.9780225" lon="16.0507937"></trkpt>
    <trkpt lat="61.9778051" lon="16.0510898"></trkpt>
    <trkpt lat="61.9772750" lon="16.0519530"></trkpt>
    <trkpt lat="61.9771170" lon="16.0521465"></trkpt>
    <trkpt lat="61.9766292" lon="16.0526507"></trkpt>
    <trkpt lat="61.9759849" lon="16.0533046"></trkpt>
    <trkpt lat="61.9756519" lon="16.0536089"></trkpt>
    <trkpt lat="61.9754868" lon="16.0537196"></trkpt>
    <trkpt lat="61.9753894" lon="16.0537281"></trkpt>
    <trkpt lat="61.9752056" lon="16.0536816"></trkpt>
    <trkpt lat="61.9750070" lon="16.0536042"></trkpt>
    <trkpt lat="61.9747354" lon="16.0534897"></trkpt>
    <trkpt lat="61.9745986" lon="16.0534512"></trkpt>
    <trkpt lat="61.9745009" lon="16.0534422"></trkpt>
    <trkpt lat="61.9744264" lon="16.0534509"></trkpt>
    <trkpt lat="61.9743750" lon="16.0534569"></trkpt>
    <trkpt lat="61.9742110" lon="16.0535591"></trkpt>
    <trkpt lat="61.9741266" lon="16.0536031"></trkpt>
    <trkpt lat="61.9739884" lon="16.0536164"></trkpt>
    <trkpt lat="61.9735148" lon="16.0535048"></trkpt>
    <trkpt lat="61.9730411" lon="16.0533931"></trkpt>
    <trkpt lat="61.9727225" lon="16.0533610"></trkpt>
    <trkpt lat="61.9725738" lon="16.0533752"></trkpt>
    <trkpt lat="61.9724044" lon="16.0534035"></trkpt>
    <trkpt lat="61.9719579" lon="16.0535373"></trkpt>
    <trkpt lat="61.9715128" lon="16.0537224"></trkpt>
    <trkpt lat="61.9710677" lon="16.0539075"></trkpt>
    <trkpt lat="61.9709535" lon="16.0539463"></trkpt>
    <trkpt lat="61.9708143" lon="16.0539651"></trkpt>
    <trkpt lat="61.9706385" lon="16.0539856"></trkpt>
    <trkpt lat="61.9706446" lon="16.0543399"></trkpt>
    <trkpt lat="61.9706464" lon="16.0551197"></trkpt>
    <trkpt lat="61.9706390" lon="16.0552552"></trkpt>
    <trkpt lat="61.9706152" lon="16.0555118"></trkpt>
    <trkpt lat="61.9705791" lon="16.0557698"></trkpt>
    <trkpt lat="61.9705221" lon="16.0560757"></trkpt>
    <trkpt lat="61.9704308" lon="16.0564239"></trkpt>
    <trkpt lat="61.9701227" lon="16.0575693"></trkpt>
    <trkpt lat="61.9700921" lon="16.0577410"></trkpt>
    <trkpt lat="61.9700648" lon="16.0579413"></trkpt>
    <trkpt lat="61.9700323" lon="16.0583069"></trkpt>
    <trkpt lat="61.9700218" lon="16.0587531"></trkpt>
    <trkpt lat="61.9700345" lon="16.0591006"></trkpt>
    <trkpt lat="61.9700540" lon="16.0592750"></trkpt>
    <trkpt lat="61.9700994" lon="16.0594662"></trkpt>
    <trkpt lat="61.9706338" lon="16.0608082"></trkpt>
    <trkpt lat="61.9710351" lon="16.0619774"></trkpt>
    <trkpt lat="61.9713603" lon="16.0629909"></trkpt>
    <trkpt lat="61.9714680" lon="16.0634158"></trkpt>
    <trkpt lat="61.9714993" lon="16.0636018"></trkpt>
    <trkpt lat="61.9715214" lon="16.0638130"></trkpt>
    <trkpt lat="61.9715261" lon="16.0640030"></trkpt>
    <trkpt lat="61.9715143" lon="16.0642149"></trkpt>
    <trkpt lat="61.9714848" lon="16.0646552"></trkpt>
    <trkpt lat="61.9714357" lon="16.0651633"></trkpt>
    <trkpt lat="61.9714069" lon="16.0653628"></trkpt>
    <trkpt lat="61.9713344" lon="16.0659520"></trkpt>
    <trkpt lat="61.9713016" lon="16.0663297"></trkpt>
    <trkpt lat="61.9712712" lon="16.0669060"></trkpt>
    <trkpt lat="61.9712558" lon="16.0680070"></trkpt>
    <trkpt lat="61.9712172" lon="16.0686678"></trkpt>
    <trkpt lat="61.9711543" lon="16.0693261"></trkpt>
    <trkpt lat="61.9711080" lon="16.0697679"></trkpt>
    <trkpt lat="61.9711584" lon="16.0702246"></trkpt>
    <trkpt lat="61.9711684" lon="16.0709274"></trkpt>
    <trkpt lat="61.9710589" lon="16.0721867"></trkpt>
    <trkpt lat="61.9710476" lon="16.0736029"></trkpt>
    <trkpt lat="61.9710362" lon="16.0750191"></trkpt>
    <trkpt lat="61.9709152" lon="16.0766070"></trkpt>
    <trkpt lat="61.9710664" lon="16.0778515"></trkpt>
    <trkpt lat="61.9712177" lon="16.0790961"></trkpt>
    <trkpt lat="61.9711673" lon="16.0801046"></trkpt>
    <trkpt lat="61.9711169" lon="16.0811131"></trkpt>
    <trkpt lat="61.9711370" lon="16.0822503"></trkpt>
    <trkpt lat="61.9711572" lon="16.0833876"></trkpt>
    <trkpt lat="61.9711370" lon="16.0849326"></trkpt>
    <trkpt lat="61.9711673" lon="16.0859197"></trkpt>
    <trkpt lat="61.9711975" lon="16.0869067"></trkpt>
    <trkpt lat="61.9709555" lon="16.0881727"></trkpt>
    <trkpt lat="61.9707135" lon="16.0894387"></trkpt>
    <trkpt lat="61.9707337" lon="16.0901253"></trkpt>
    <trkpt lat="61.9705723" lon="16.0912626"></trkpt>
    <trkpt lat="61.9704110" lon="16.0923999"></trkpt>
    <trkpt lat="61.9705119" lon="16.0939877"></trkpt>
    <trkpt lat="61.9705800" lon="16.0951142"></trkpt>
    <trkpt lat="61.9706480" lon="16.0962407"></trkpt>
    <trkpt lat="61.9708017" lon="16.0972600"></trkpt>
    <trkpt lat="61.9709555" lon="16.0982793"></trkpt>
    <trkpt lat="61.9709354" lon="16.0993951"></trkpt>
    <trkpt lat="61.9710564" lon="16.1004250"></trkpt>
    <trkpt lat="61.9710362" lon="16.1014979"></trkpt>
    <trkpt lat="61.9708950" lon="16.1024206"></trkpt>
    <trkpt lat="61.9707539" lon="16.1033433"></trkpt>
    <trkpt lat="61.9708144" lon="16.1041587"></trkpt>
    <trkpt lat="61.9706732" lon="16.1050599"></trkpt>
    <trkpt lat="61.9707337" lon="16.1059611"></trkpt>
    <trkpt lat="61.9708144" lon="16.1067765"></trkpt>
    <trkpt lat="61.9711370" lon="16.1079782"></trkpt>
    <trkpt lat="61.9714597" lon="16.1091798"></trkpt>
    <trkpt lat="61.9719235" lon="16.1104243"></trkpt>
    <trkpt lat="61.9722462" lon="16.1114972"></trkpt>
    <trkpt lat="61.9724377" lon="16.1125701"></trkpt>
    <trkpt lat="61.9726293" lon="16.1136430"></trkpt>
    <trkpt lat="61.9726293" lon="16.1150592"></trkpt>
    <trkpt lat="61.9726293" lon="16.1163037"></trkpt>
    <trkpt lat="61.9727503" lon="16.1180632"></trkpt>
    <trkpt lat="61.9726293" lon="16.1193936"></trkpt>
    <trkpt lat="61.9727100" lon="16.1205523"></trkpt>
    <trkpt lat="61.9725789" lon="16.1214750"></trkpt>
    <trkpt lat="61.9724478" lon="16.1223977"></trkpt>
    <trkpt lat="61.9723470" lon="16.1232989"></trkpt>
    <trkpt lat="61.9723873" lon="16.1243718"></trkpt>
    <trkpt lat="61.9726629" lon="16.1255734"></trkpt>
    <trkpt lat="61.9729385" lon="16.1267751"></trkpt>
    <trkpt lat="61.9732141" lon="16.1279767"></trkpt>
    <trkpt lat="61.9732948" lon="16.1297362"></trkpt>
    <trkpt lat="61.9733754" lon="16.1314957"></trkpt>
    <trkpt lat="61.9735771" lon="16.1331265"></trkpt>
    <trkpt lat="61.9736578" lon="16.1341350"></trkpt>
    <trkpt lat="61.9739401" lon="16.1350148"></trkpt>
    <trkpt lat="61.9744442" lon="16.1357014"></trkpt>
    <trkpt lat="61.9746055" lon="16.1365168"></trkpt>
    <trkpt lat="61.9748071" lon="16.1375897"></trkpt>
    <trkpt lat="61.9749539" lon="16.1388960"></trkpt>
    <trkpt lat="61.9751008" lon="16.1402023"></trkpt>
    <trkpt lat="61.9753314" lon="16.1412375"></trkpt>
    <trkpt lat="61.9753516" lon="16.1422675"></trkpt>
    <trkpt lat="61.9749886" lon="16.1436837"></trkpt>
    <trkpt lat="61.9747400" lon="16.1437932"></trkpt>
    <trkpt lat="61.9748409" lon="16.1439227"></trkpt>
    <trkpt lat="61.9749833" lon="16.1444379"></trkpt>
    <trkpt lat="61.9748673" lon="16.1453177"></trkpt>
    <trkpt lat="61.9749127" lon="16.1459399"></trkpt>
    <trkpt lat="61.9750337" lon="16.1465300"></trkpt>
    <trkpt lat="61.9749379" lon="16.1476995"></trkpt>
    <trkpt lat="61.9749430" lon="16.1489547"></trkpt>
    <trkpt lat="61.9749329" lon="16.1506499"></trkpt>
    <trkpt lat="61.9750841" lon="16.1518783"></trkpt>
    <trkpt lat="61.9751007" lon="16.1524773"></trkpt>
    <trkpt lat="61.9750956" lon="16.1539525"></trkpt>
    <trkpt lat="61.9751813" lon="16.1554760"></trkpt>
    <trkpt lat="61.9752065" lon="16.1560821"></trkpt>
    <trkpt lat="61.9752973" lon="16.1565059"></trkpt>
    <trkpt lat="61.9753553" lon="16.1569941"></trkpt>
    <trkpt lat="61.9753830" lon="16.1576110"></trkpt>
    <trkpt lat="61.9754485" lon="16.1586302"></trkpt>
    <trkpt lat="61.9754611" lon="16.1590487"></trkpt>
    <trkpt lat="61.9754409" lon="16.1602181"></trkpt>
    <trkpt lat="61.9753905" lon="16.1613339"></trkpt>
    <trkpt lat="61.9751889" lon="16.1629754"></trkpt>
    <trkpt lat="61.9749873" lon="16.1641931"></trkpt>
    <trkpt lat="61.9748133" lon="16.1655289"></trkpt>
    <trkpt lat="61.9746924" lon="16.1659956"></trkpt>
    <trkpt lat="61.9746470" lon="16.1664355"></trkpt>
    <trkpt lat="61.9746419" lon="16.1670524"></trkpt>
    <trkpt lat="61.9746495" lon="16.1680984"></trkpt>
    <trkpt lat="61.9746520" lon="16.1693162"></trkpt>
    <trkpt lat="61.9747024" lon="16.1697882"></trkpt>
    <trkpt lat="61.9747831" lon="16.1700994"></trkpt>
    <trkpt lat="61.9749621" lon="16.1705714"></trkpt>
    <trkpt lat="61.9751435" lon="16.1710703"></trkpt>
    <trkpt lat="61.9752368" lon="16.1715478"></trkpt>
    <trkpt lat="61.9752973" lon="16.1722076"></trkpt>
    <trkpt lat="61.9753729" lon="16.1732590"></trkpt>
    <trkpt lat="61.9754687" lon="16.1748791"></trkpt>
    <trkpt lat="61.9754460" lon="16.1755925"></trkpt>
    <trkpt lat="61.9753880" lon="16.1762041"></trkpt>
    <trkpt lat="61.9754006" lon="16.1766064"></trkpt>
    <trkpt lat="61.9754788" lon="16.1772823"></trkpt>
    <trkpt lat="61.9755922" lon="16.1778563"></trkpt>
    <trkpt lat="61.9757484" lon="16.1785537"></trkpt>
    <trkpt lat="61.9757862" lon="16.1789668"></trkpt>
    <trkpt lat="61.9757308" lon="16.1798519"></trkpt>
    <trkpt lat="61.9756451" lon="16.1807531"></trkpt>
    <trkpt lat="61.9756375" lon="16.1818153"></trkpt>
    <trkpt lat="61.9756279" lon="16.1819421"></trkpt>
    <trkpt lat="61.9755594" lon="16.1828452"></trkpt>
    <trkpt lat="61.9755649" lon="16.1830934"></trkpt>
    <trkpt lat="61.9752743" lon="16.1846840"></trkpt>
    <trkpt lat="61.9749837" lon="16.1862745"></trkpt>
    <trkpt lat="61.9748425" lon="16.1876176"></trkpt>
    <trkpt lat="61.9746599" lon="16.1880594"></trkpt>
    <trkpt lat="61.9739533" lon="16.1891193"></trkpt>
    <trkpt lat="61.9738555" lon="16.1891270"></trkpt>
    <trkpt lat="61.9737696" lon="16.1890826"></trkpt>
    <trkpt lat="61.9737177" lon="16.1894465"></trkpt>
    <trkpt lat="61.9736967" lon="16.1898565"></trkpt>
    <trkpt lat="61.9737337" lon="16.1901597"></trkpt>
    <trkpt lat="61.9737501" lon="16.1904478"></trkpt>
    <trkpt lat="61.9737673" lon="16.1906987"></trkpt>
    <trkpt lat="61.9739059" lon="16.1911386"></trkpt>
    <trkpt lat="61.9740299" lon="16.1914111"></trkpt>
    <trkpt lat="61.9742633" lon="16.1921237"></trkpt>
    <trkpt lat="61.9744176" lon="16.1928070"></trkpt>
    <trkpt lat="61.9745764" lon="16.1937135"></trkpt>
    <trkpt lat="61.9747150" lon="16.1948991"></trkpt>
    <trkpt lat="61.9747024" lon="16.1953282"></trkpt>
    <trkpt lat="61.9746369" lon="16.1962938"></trkpt>
    <trkpt lat="61.9744882" lon="16.1975330"></trkpt>
    <trkpt lat="61.9744756" lon="16.1979514"></trkpt>
    <trkpt lat="61.9743546" lon="16.1982840"></trkpt>
    <trkpt lat="61.9741731" lon="16.1985362"></trkpt>
    <trkpt lat="61.9739538" lon="16.1991906"></trkpt>
    <trkpt lat="61.9738807" lon="16.1993247"></trkpt>
    <trkpt lat="61.9737471" lon="16.1994535"></trkpt>
    <trkpt lat="61.9736110" lon="16.1994535"></trkpt>
    <trkpt lat="61.9734951" lon="16.1994106"></trkpt>
    <trkpt lat="61.9733161" lon="16.1995715"></trkpt>
    <trkpt lat="61.9729380" lon="16.2000060"></trkpt>
    <trkpt lat="61.9726315" lon="16.2007405"></trkpt>
    <trkpt lat="61.9725011" lon="16.2012261"></trkpt>
    <trkpt lat="61.9724178" lon="16.2016168"></trkpt>
    <trkpt lat="61.9724121" lon="16.2019451"></trkpt>
    <trkpt lat="61.9724559" lon="16.2022340"></trkpt>
    <trkpt lat="61.9725307" lon="16.2026421"></trkpt>
    <trkpt lat="61.9726002" lon="16.2030476"></trkpt>
    <trkpt lat="61.9727572" lon="16.2036031"></trkpt>
    <trkpt lat="61.9727573" lon="16.2039699"></trkpt>
    <trkpt lat="61.9727660" lon="16.2042763"></trkpt>
    <trkpt lat="61.9727002" lon="16.2045960"></trkpt>
    <trkpt lat="61.9726645" lon="16.2052568"></trkpt>
    <trkpt lat="61.9726457" lon="16.2059932"></trkpt>
    <trkpt lat="61.9726083" lon="16.2065384"></trkpt>
    <trkpt lat="61.9724998" lon="16.2070704"></trkpt>
    <trkpt lat="61.9724125" lon="16.2076939"></trkpt>
    <trkpt lat="61.9724137" lon="16.2085032"></trkpt>
    <trkpt lat="61.9723910" lon="16.2092757"></trkpt>
    <trkpt lat="61.9724364" lon="16.2099677"></trkpt>
    <trkpt lat="61.9725035" lon="16.2108436"></trkpt>
    <trkpt lat="61.9726316" lon="16.2119672"></trkpt>
    <trkpt lat="61.9727716" lon="16.2125748"></trkpt>
    <trkpt lat="61.9728312" lon="16.2132723"></trkpt>
    <trkpt lat="61.9728608" lon="16.2137873"></trkpt>
    <trkpt lat="61.9728294" lon="16.2142366"></trkpt>
    <trkpt lat="61.9727548" lon="16.2146366"></trkpt>
    <trkpt lat="61.9726476" lon="16.2150264"></trkpt>
    <trkpt lat="61.9725040" lon="16.2153418"></trkpt>
    <trkpt lat="61.9723089" lon="16.2156731"></trkpt>
    <trkpt lat="61.9721769" lon="16.2160812"></trkpt>
    <trkpt lat="61.9719648" lon="16.2166107"></trkpt>
    <trkpt lat="61.9718493" lon="16.2169428"></trkpt>
    <trkpt lat="61.9717708" lon="16.2171015"></trkpt>
    <trkpt lat="61.9716879" lon="16.2173714"></trkpt>
    <trkpt lat="61.9715700" lon="16.2177675"></trkpt>
    <trkpt lat="61.9714834" lon="16.2181591"></trkpt>
    <trkpt lat="61.9713147" lon="16.2190229"></trkpt>
    <trkpt lat="61.9711760" lon="16.2198007"></trkpt>
    <trkpt lat="61.9711066" lon="16.2204549"></trkpt>
    <trkpt lat="61.9710722" lon="16.2209493"></trkpt>
    <trkpt lat="61.9710626" lon="16.2214529"></trkpt>
    <trkpt lat="61.9709491" lon="16.2219840"></trkpt>
    <trkpt lat="61.9708685" lon="16.2224507"></trkpt>
    <trkpt lat="61.9708307" lon="16.2229925"></trkpt>
    <trkpt lat="61.9708144" lon="16.2231703"></trkpt>
    <trkpt lat="61.9708002" lon="16.2237372"></trkpt>
    <trkpt lat="61.9707912" lon="16.2240424"></trkpt>
    <trkpt lat="61.9707375" lon="16.2246519"></trkpt>
    <trkpt lat="61.9705937" lon="16.2253851"></trkpt>
    <trkpt lat="61.9705629" lon="16.2256499"></trkpt>
    <trkpt lat="61.9705155" lon="16.2259786"></trkpt>
    <trkpt lat="61.9704800" lon="16.2263576"></trkpt>
    <trkpt lat="61.9704878" lon="16.2268227"></trkpt>
    <trkpt lat="61.9703744" lon="16.2277454"></trkpt>
    <trkpt lat="61.9702584" lon="16.2285340"></trkpt>
    <trkpt lat="61.9701878" lon="16.2295210"></trkpt>
    <trkpt lat="61.9701273" lon="16.2301272"></trkpt>
    <trkpt lat="61.9699030" lon="16.2309158"></trkpt>
    <trkpt lat="61.9698576" lon="16.2312216"></trkpt>
    <trkpt lat="61.9698301" lon="16.2315607"></trkpt>
    <trkpt lat="61.9698072" lon="16.2318438"></trkpt>
    <trkpt lat="61.9698122" lon="16.2335068"></trkpt>
    <trkpt lat="61.9697996" lon="16.2352019"></trkpt>
    <trkpt lat="61.9698248" lon="16.2371117"></trkpt>
    <trkpt lat="61.9697416" lon="16.2379539"></trkpt>
    <trkpt lat="61.9697215" lon="16.2389946"></trkpt>
    <trkpt lat="61.9697127" lon="16.2393099"></trkpt>
    <trkpt lat="61.9697063" lon="16.2395418"></trkpt>
    <trkpt lat="61.9696660" lon="16.2404591"></trkpt>
    <trkpt lat="61.9696030" lon="16.2410223"></trkpt>
    <trkpt lat="61.9695828" lon="16.2418860"></trkpt>
    <trkpt lat="61.9693988" lon="16.2428892"></trkpt>
    <trkpt lat="61.9692551" lon="16.2437689"></trkpt>
    <trkpt lat="61.9691517" lon="16.2444770"></trkpt>
    <trkpt lat="61.9691316" lon="16.2447882"></trkpt>
    <trkpt lat="61.9691264" lon="16.2452789"></trkpt>
    <trkpt lat="61.9688744" lon="16.2453836"></trkpt>
    <trkpt lat="61.9684257" lon="16.2451529"></trkpt>
    <trkpt lat="61.9681332" lon="16.2448686"></trkpt>
    <trkpt lat="61.9680545" lon="16.2448313"></trkpt>
    <trkpt lat="61.9677248" lon="16.2433669"></trkpt>
    <trkpt lat="61.9675480" lon="16.2429861"></trkpt>
    <trkpt lat="61.9673609" lon="16.2431860"></trkpt>
    <trkpt lat="61.9671921" lon="16.2434150"></trkpt>
    <trkpt lat="61.9670654" lon="16.2434949"></trkpt>
    <trkpt lat="61.9669431" lon="16.2434781"></trkpt>
    <trkpt lat="61.9668348" lon="16.2435973"></trkpt>
    <trkpt lat="61.9666617" lon="16.2436684"></trkpt>
    <trkpt lat="61.9664889" lon="16.2436783"></trkpt>
    <trkpt lat="61.9663917" lon="16.2436775"></trkpt>
    <trkpt lat="61.9663129" lon="16.2437550"></trkpt>
    <trkpt lat="61.9662474" lon="16.2438881"></trkpt>
    <trkpt lat="61.9661557" lon="16.2440576"></trkpt>
    <trkpt lat="61.9656338" lon="16.2439541"></trkpt>
    <trkpt lat="61.9651118" lon="16.2438506"></trkpt>
    <trkpt lat="61.9649371" lon="16.2437635"></trkpt>
    <trkpt lat="61.9647668" lon="16.2435836"></trkpt>
    <trkpt lat="61.9645705" lon="16.2434609"></trkpt>
    <trkpt lat="61.9643395" lon="16.2434489"></trkpt>
    <trkpt lat="61.9641849" lon="16.2435112"></trkpt>
    <trkpt lat="61.9640469" lon="16.2436662"></trkpt>
    <trkpt lat="61.9638656" lon="16.2439778"></trkpt>
    <trkpt lat="61.9638012" lon="16.2441579"></trkpt>
    <trkpt lat="61.9637779" lon="16.2442230"></trkpt>
    <trkpt lat="61.9635760" lon="16.2447567"></trkpt>
    <trkpt lat="61.9635448" lon="16.2449944"></trkpt>
    <trkpt lat="61.9635704" lon="16.2451974"></trkpt>
    <trkpt lat="61.9636219" lon="16.2453635"></trkpt>
    <trkpt lat="61.9637545" lon="16.2458022"></trkpt>
    <trkpt lat="61.9639807" lon="16.2469929"></trkpt>
    <trkpt lat="61.9640660" lon="16.2474108"></trkpt>
    <trkpt lat="61.9641434" lon="16.2479169"></trkpt>
    <trkpt lat="61.9642687" lon="16.2482852"></trkpt>
    <trkpt lat="61.9644189" lon="16.2486397"></trkpt>
    <trkpt lat="61.9646435" lon="16.2491035"></trkpt>
    <trkpt lat="61.9648876" lon="16.2496594"></trkpt>
    <trkpt lat="61.9649670" lon="16.2498401"></trkpt>
    <trkpt lat="61.9648989" lon="16.2502890"></trkpt>
    <trkpt lat="61.9648005" lon="16.2507196"></trkpt>
    <trkpt lat="61.9647077" lon="16.2509308"></trkpt>
    <trkpt lat="61.9646498" lon="16.2511209"></trkpt>
    <trkpt lat="61.9645464" lon="16.2513708"></trkpt>
    <trkpt lat="61.9642963" lon="16.2521150"></trkpt>
    <trkpt lat="61.9642558" lon="16.2524168"></trkpt>
    <trkpt lat="61.9642565" lon="16.2526586"></trkpt>
    <trkpt lat="61.9640507" lon="16.2531434"></trkpt>
    <trkpt lat="61.9639792" lon="16.2535130"></trkpt>
    <trkpt lat="61.9639508" lon="16.2536820"></trkpt>
    <trkpt lat="61.9639548" lon="16.2538372"></trkpt>
    <trkpt lat="61.9639953" lon="16.2541361"></trkpt>
    <trkpt lat="61.9640612" lon="16.2546739"></trkpt>
    <trkpt lat="61.9641085" lon="16.2553854"></trkpt>
    <trkpt lat="61.9641650" lon="16.2559122"></trkpt>
    <trkpt lat="61.9640747" lon="16.2564217"></trkpt>
    <trkpt lat="61.9639335" lon="16.2569082"></trkpt>
    <trkpt lat="61.9638176" lon="16.2572653"></trkpt>
    <trkpt lat="61.9637698" lon="16.2576765"></trkpt>
    <trkpt lat="61.9639398" lon="16.2587375"></trkpt>
    <trkpt lat="61.9641874" lon="16.2595295"></trkpt>
    <trkpt lat="61.9642994" lon="16.2598651"></trkpt>
    <trkpt lat="61.9644426" lon="16.2601443"></trkpt>
    <trkpt lat="61.9645951" lon="16.2606689"></trkpt>
    <trkpt lat="61.9646555" lon="16.2609931"></trkpt>
    <trkpt lat="61.9647371" lon="16.2612888"></trkpt>
    <trkpt lat="61.9648449" lon="16.2616732"></trkpt>
    <trkpt lat="61.9650410" lon="16.2621219"></trkpt>
    <trkpt lat="61.9652835" lon="16.2626099"></trkpt>
    <trkpt lat="61.9653402" lon="16.2628016"></trkpt>
    <trkpt lat="61.9654293" lon="16.2632234"></trkpt>
    <trkpt lat="61.9654708" lon="16.2634463"></trkpt>
    <trkpt lat="61.9654960" lon="16.2637404"></trkpt>
    <trkpt lat="61.9656191" lon="16.2644807"></trkpt>
    <trkpt lat="61.9657044" lon="16.2648837"></trkpt>
    <trkpt lat="61.9657904" lon="16.2651370"></trkpt>
    <trkpt lat="61.9658918" lon="16.2653017"></trkpt>
    <trkpt lat="61.9660172" lon="16.2655012"></trkpt>
    <trkpt lat="61.9661745" lon="16.2657470"></trkpt>
    <trkpt lat="61.9663080" lon="16.2659037"></trkpt>
    <trkpt lat="61.9663352" lon="16.2661304"></trkpt>
    <trkpt lat="61.9663508" lon="16.2664282"></trkpt>
    <trkpt lat="61.9663339" lon="16.2668299"></trkpt>
    <trkpt lat="61.9662517" lon="16.2679910"></trkpt>
    <trkpt lat="61.9661638" lon="16.2685378"></trkpt>
    <trkpt lat="61.9660247" lon="16.2690619"></trkpt>
    <trkpt lat="61.9659181" lon="16.2694655"></trkpt>
    <trkpt lat="61.9657630" lon="16.2700610"></trkpt>
    <trkpt lat="61.9657159" lon="16.2702419"></trkpt>
    <trkpt lat="61.9656493" lon="16.2705461"></trkpt>
    <trkpt lat="61.9655795" lon="16.2708279"></trkpt>
    <trkpt lat="61.9655063" lon="16.2712148"></trkpt>
    <trkpt lat="61.9654993" lon="16.2715119"></trkpt>
    <trkpt lat="61.9655360" lon="16.2718933"></trkpt>
    <trkpt lat="61.9656449" lon="16.2724133"></trkpt>
    <trkpt lat="61.9656448" lon="16.2727733"></trkpt>
    <trkpt lat="61.9655591" lon="16.2735129"></trkpt>
    <trkpt lat="61.9655440" lon="16.2740457"></trkpt>
    <trkpt lat="61.9655671" lon="16.2756014"></trkpt>
    <trkpt lat="61.9655490" lon="16.2760788"></trkpt>
    <trkpt lat="61.9654759" lon="16.2765455"></trkpt>
    <trkpt lat="61.9654437" lon="16.2770348"></trkpt>
    <trkpt lat="61.9654004" lon="16.2774151"></trkpt>
    <trkpt lat="61.9653221" lon="16.2778920"></trkpt>
    <trkpt lat="61.9652823" lon="16.2782481"></trkpt>
    <trkpt lat="61.9652666" lon="16.2790346"></trkpt>
    <trkpt lat="61.9652389" lon="16.2795228"></trkpt>
    <trkpt lat="61.9651991" lon="16.2798093"></trkpt>
    <trkpt lat="61.9651476" lon="16.2800433"></trkpt>
    <trkpt lat="61.9650876" lon="16.2803301"></trkpt>
    <trkpt lat="61.9650766" lon="16.2804152"></trkpt>
    <trkpt lat="61.9650635" lon="16.2806303"></trkpt>
    <trkpt lat="61.9650725" lon="16.2809014"></trkpt>
    <trkpt lat="61.9651154" lon="16.2815800"></trkpt>
    <trkpt lat="61.9651061" lon="16.2818538"></trkpt>
    <trkpt lat="61.9650517" lon="16.2826125"></trkpt>
    <trkpt lat="61.9649935" lon="16.2832753"></trkpt>
    <trkpt lat="61.9649770" lon="16.2838881"></trkpt>
    <trkpt lat="61.9649692" lon="16.2839535"></trkpt>
    <trkpt lat="61.9649501" lon="16.2840322"></trkpt>
    <trkpt lat="61.9649136" lon="16.2841254"></trkpt>
    <trkpt lat="61.9648458" lon="16.2841882"></trkpt>
    <trkpt lat="61.9645505" lon="16.2842139"></trkpt>
    <trkpt lat="61.9644874" lon="16.2842617"></trkpt>
    <trkpt lat="61.9644259" lon="16.2843553"></trkpt>
    <trkpt lat="61.9643741" lon="16.2844896"></trkpt>
    <trkpt lat="61.9641421" lon="16.2853559"></trkpt>
    <trkpt lat="61.9640545" lon="16.2855915"></trkpt>
    <trkpt lat="61.9639158" lon="16.2858042"></trkpt>
    <trkpt lat="61.9637734" lon="16.2860293"></trkpt>
    <trkpt lat="61.9636613" lon="16.2863102"></trkpt>
    <trkpt lat="61.9635958" lon="16.2865509"></trkpt>
    <trkpt lat="61.9635791" lon="16.2866502"></trkpt>
    <trkpt lat="61.9635643" lon="16.2868190"></trkpt>
    <trkpt lat="61.9635653" lon="16.2869708"></trkpt>
    <trkpt lat="61.9635665" lon="16.2871805"></trkpt>
    <trkpt lat="61.9634581" lon="16.2870392"></trkpt>
    <trkpt lat="61.9633887" lon="16.2869889"></trkpt>
    <trkpt lat="61.9633263" lon="16.2869624"></trkpt>
    <trkpt lat="61.9632142" lon="16.2869149"></trkpt>
    <trkpt lat="61.9630294" lon="16.2868570"></trkpt>
    <trkpt lat="61.9628094" lon="16.2867875"></trkpt>
    <trkpt lat="61.9626103" lon="16.2867071"></trkpt>
    <trkpt lat="61.9624573" lon="16.2866084"></trkpt>
    <trkpt lat="61.9623413" lon="16.2864960"></trkpt>
    <trkpt lat="61.9622580" lon="16.2863446"></trkpt>
    <trkpt lat="61.9621728" lon="16.2861478"></trkpt>
    <trkpt lat="61.9620832" lon="16.2858934"></trkpt>
    <trkpt lat="61.9618791" lon="16.2852191"></trkpt>
    <trkpt lat="61.9617301" lon="16.2848169"></trkpt>
    <trkpt lat="61.9615986" lon="16.2845209"></trkpt>
    <trkpt lat="61.9615296" lon="16.2844088"></trkpt>
    <trkpt lat="61.9614644" lon="16.2843370"></trkpt>
    <trkpt lat="61.9613861" lon="16.2842917"></trkpt>
    <trkpt lat="61.9612513" lon="16.2842291"></trkpt>
    <trkpt lat="61.9608228" lon="16.2841916"></trkpt>
    <trkpt lat="61.9607530" lon="16.2841705"></trkpt>
    <trkpt lat="61.9606271" lon="16.2840986"></trkpt>
    <trkpt lat="61.9604038" lon="16.2839302"></trkpt>
    <trkpt lat="61.9601787" lon="16.2837374"></trkpt>
    <trkpt lat="61.9600057" lon="16.2836676"></trkpt>
    <trkpt lat="61.9598311" lon="16.2836803"></trkpt>
    <trkpt lat="61.9595976" lon="16.2838284"></trkpt>
    <trkpt lat="61.9594948" lon="16.2838679"></trkpt>
    <trkpt lat="61.9593666" lon="16.2839062"></trkpt>
    <trkpt lat="61.9592716" lon="16.2839001"></trkpt>
    <trkpt lat="61.9591646" lon="16.2838644"></trkpt>
    <trkpt lat="61.9590636" lon="16.2837875"></trkpt>
    <trkpt lat="61.9589604" lon="16.2836799"></trkpt>
    <trkpt lat="61.9587308" lon="16.2834873"></trkpt>
    <trkpt lat="61.9586485" lon="16.2834423"></trkpt>
    <trkpt lat="61.9584744" lon="16.2834068"></trkpt>
    <trkpt lat="61.9584144" lon="16.2833956"></trkpt>
    <trkpt lat="61.9583066" lon="16.2834052"></trkpt>
    <trkpt lat="61.9582227" lon="16.2834145"></trkpt>
    <trkpt lat="61.9581280" lon="16.2834603"></trkpt>
    <trkpt lat="61.9580772" lon="16.2835027"></trkpt>
    <trkpt lat="61.9580531" lon="16.2835390"></trkpt>
    <trkpt lat="61.9580350" lon="16.2836105"></trkpt>
    <trkpt lat="61.9580276" lon="16.2836690"></trkpt>
    <trkpt lat="61.9580044" lon="16.2838790"></trkpt>
    <trkpt lat="61.9579994" lon="16.2842665"></trkpt>
    <trkpt lat="61.9580048" lon="16.2847050"></trkpt>
    <trkpt lat="61.9580086" lon="16.2850609"></trkpt>
    <trkpt lat="61.9579918" lon="16.2854905"></trkpt>
    <trkpt lat="61.9579603" lon="16.2858370"></trkpt>
    <trkpt lat="61.9579005" lon="16.2861419"></trkpt>
    <trkpt lat="61.9577978" lon="16.2863920"></trkpt>
    <trkpt lat="61.9576553" lon="16.2866618"></trkpt>
    <trkpt lat="61.9574445" lon="16.2869950"></trkpt>
    <trkpt lat="61.9573189" lon="16.2872879"></trkpt>
    <trkpt lat="61.9571505" lon="16.2878600"></trkpt>
    <trkpt lat="61.9569565" lon="16.2886175"></trkpt>
    <trkpt lat="61.9568619" lon="16.2889695"></trkpt>
    <trkpt lat="61.9567925" lon="16.2893080"></trkpt>
    <trkpt lat="61.9567686" lon="16.2895704"></trkpt>
    <trkpt lat="61.9567478" lon="16.2898220"></trkpt>
    <trkpt lat="61.9567487" lon="16.2906639"></trkpt>
    <trkpt lat="61.9567390" lon="16.2909820"></trkpt>
    <trkpt lat="61.9567141" lon="16.2913591"></trkpt>
    <trkpt lat="61.9566428" lon="16.2921015"></trkpt>
    <trkpt lat="61.9565795" lon="16.2925529"></trkpt>
    <trkpt lat="61.9564856" lon="16.2930021"></trkpt>
    <trkpt lat="61.9563802" lon="16.2934542"></trkpt>
    <trkpt lat="61.9562637" lon="16.2938227"></trkpt>
    <trkpt lat="61.9560978" lon="16.2941918"></trkpt>
    <trkpt lat="61.9560068" lon="16.2943818"></trkpt>
    <trkpt lat="61.9558859" lon="16.2945963"></trkpt>
    <trkpt lat="61.9556929" lon="16.2947818"></trkpt>
    <trkpt lat="61.9552494" lon="16.2952416"></trkpt>
    <trkpt lat="61.9549007" lon="16.2956275"></trkpt>
    <trkpt lat="61.9545720" lon="16.2960338"></trkpt>
    <trkpt lat="61.9543572" lon="16.2963290"></trkpt>
    <trkpt lat="61.9542338" lon="16.2965340"></trkpt>
    <trkpt lat="61.9541128" lon="16.2967453"></trkpt>
    <trkpt lat="61.9539444" lon="16.2971625"></trkpt>
    <trkpt lat="61.9537824" lon="16.2975028"></trkpt>
    <trkpt lat="61.9536234" lon="16.2978248"></trkpt>
    <trkpt lat="61.9535251" lon="16.2980396"></trkpt>
    <trkpt lat="61.9534447" lon="16.2982154"></trkpt>
    <trkpt lat="61.9531560" lon="16.2987375"></trkpt>
    <trkpt lat="61.9530144" lon="16.2991686"></trkpt>
    <trkpt lat="61.9528468" lon="16.2997049"></trkpt>
    <trkpt lat="61.9527158" lon="16.3001077"></trkpt>
    <trkpt lat="61.9526302" lon="16.3003459"></trkpt>
    <trkpt lat="61.9523598" lon="16.3009697"></trkpt>
    <trkpt lat="61.9520306" lon="16.3017199"></trkpt>
    <trkpt lat="61.9515917" lon="16.3026515"></trkpt>
    <trkpt lat="61.9514322" lon="16.3029890"></trkpt>
    <trkpt lat="61.9512206" lon="16.3034552"></trkpt>
    <trkpt lat="61.9511255" lon="16.3037252"></trkpt>
    <trkpt lat="61.9509881" lon="16.3040479"></trkpt>
    <trkpt lat="61.9506154" lon="16.3051841"></trkpt>
    <trkpt lat="61.9501395" lon="16.3065375"></trkpt>
    <trkpt lat="61.9497920" lon="16.3075223"></trkpt>
    <trkpt lat="61.9496109" lon="16.3080814"></trkpt>
    <trkpt lat="61.9493423" lon="16.3088535"></trkpt>
    <trkpt lat="61.9490737" lon="16.3096256"></trkpt>
    <trkpt lat="61.9489156" lon="16.3099705"></trkpt>
    <trkpt lat="61.9487563" lon="16.3102728"></trkpt>
    <trkpt lat="61.9485915" lon="16.3104878"></trkpt>
    <trkpt lat="61.9483450" lon="16.3107219"></trkpt>
    <trkpt lat="61.9479866" lon="16.3109535"></trkpt>
    <trkpt lat="61.9477321" lon="16.3111350"></trkpt>
    <trkpt lat="61.9476246" lon="16.3112205"></trkpt>
    <trkpt lat="61.9473461" lon="16.3114808"></trkpt>
    <trkpt lat="61.9470407" lon="16.3118840"></trkpt>
    <trkpt lat="61.9468278" lon="16.3122710"></trkpt>
    <trkpt lat="61.9466838" lon="16.3125406"></trkpt>
    <trkpt lat="61.9465429" lon="16.3127552"></trkpt>
    <trkpt lat="61.9463235" lon="16.3129880"></trkpt>
    <trkpt lat="61.9460039" lon="16.3131890"></trkpt>
    <trkpt lat="61.9456731" lon="16.3133017"></trkpt>
    <trkpt lat="61.9455173" lon="16.3133880"></trkpt>
    <trkpt lat="61.9453558" lon="16.3135384"></trkpt>
    <trkpt lat="61.9452095" lon="16.3138323"></trkpt>
    <trkpt lat="61.9450767" lon="16.3142271"></trkpt>
    <trkpt lat="61.9448737" lon="16.3150893"></trkpt>
    <trkpt lat="61.9447120" lon="16.3160894"></trkpt>
    <trkpt lat="61.9446302" lon="16.3167105"></trkpt>
    <trkpt lat="61.9445519" lon="16.3173820"></trkpt>
    <trkpt lat="61.9444390" lon="16.3179133"></trkpt>
    <trkpt lat="61.9442962" lon="16.3185010"></trkpt>
    <trkpt lat="61.9441519" lon="16.3190991"></trkpt>
    <trkpt lat="61.9440299" lon="16.3197102"></trkpt>
    <trkpt lat="61.9439145" lon="16.3203001"></trkpt>
    <trkpt lat="61.9437512" lon="16.3209211"></trkpt>
    <trkpt lat="61.9436393" lon="16.3213502"></trkpt>
    <trkpt lat="61.9435963" lon="16.3215865"></trkpt>
    <trkpt lat="61.9435429" lon="16.3220620"></trkpt>
    <trkpt lat="61.9435366" lon="16.3225421"></trkpt>
    <trkpt lat="61.9435585" lon="16.3229598"></trkpt>
    <trkpt lat="61.9435848" lon="16.3232293"></trkpt>
    <trkpt lat="61.9435913" lon="16.3235585"></trkpt>
    <trkpt lat="61.9435621" lon="16.3239204"></trkpt>
    <trkpt lat="61.9434934" lon="16.3242551"></trkpt>
    <trkpt lat="61.9433015" lon="16.3248650"></trkpt>
    <trkpt lat="61.9431760" lon="16.3252988"></trkpt>
    <trkpt lat="61.9430409" lon="16.3258837"></trkpt>
    <trkpt lat="61.9429273" lon="16.3265125"></trkpt>
    <trkpt lat="61.9428344" lon="16.3272050"></trkpt>
    <trkpt lat="61.9427629" lon="16.3277853"></trkpt>
    <trkpt lat="61.9426579" lon="16.3284340"></trkpt>
    <trkpt lat="61.9426146" lon="16.3290667"></trkpt>
    <trkpt lat="61.9425860" lon="16.3297398"></trkpt>
    <trkpt lat="61.9425382" lon="16.3305770"></trkpt>
    <trkpt lat="61.9424692" lon="16.3313028"></trkpt>
    <trkpt lat="61.9424144" lon="16.3318296"></trkpt>
    <trkpt lat="61.9423556" lon="16.3323658"></trkpt>
    <trkpt lat="61.9423160" lon="16.3327587"></trkpt>
    <trkpt lat="61.9423102" lon="16.3330567"></trkpt>
    <trkpt lat="61.9423272" lon="16.3333790"></trkpt>
    <trkpt lat="61.9423783" lon="16.3338050"></trkpt>
    <trkpt lat="61.9424555" lon="16.3342374"></trkpt>
    <trkpt lat="61.9424806" lon="16.3343780"></trkpt>
    <trkpt lat="61.9425537" lon="16.3347956"></trkpt>
    <trkpt lat="61.9425931" lon="16.3351744"></trkpt>
    <trkpt lat="61.9426211" lon="16.3355290"></trkpt>
    <trkpt lat="61.9426287" lon="16.3358199"></trkpt>
    <trkpt lat="61.9426341" lon="16.3360257"></trkpt>
    <trkpt lat="61.9426743" lon="16.3365618"></trkpt>
    <trkpt lat="61.9427145" lon="16.3369887"></trkpt>
    <trkpt lat="61.9427931" lon="16.3374063"></trkpt>
    <trkpt lat="61.9429075" lon="16.3377875"></trkpt>
    <trkpt lat="61.9430660" lon="16.3381764"></trkpt>
    <trkpt lat="61.9432389" lon="16.3385276"></trkpt>
    <trkpt lat="61.9434295" lon="16.3388091"></trkpt>
    <trkpt lat="61.9436249" lon="16.3390806"></trkpt>
    <trkpt lat="61.9438105" lon="16.3393460"></trkpt>
    <trkpt lat="61.9439491" lon="16.3396077"></trkpt>
    <trkpt lat="61.9441006" lon="16.3400545"></trkpt>
    <trkpt lat="61.9442999" lon="16.3407925"></trkpt>
    <trkpt lat="61.9444252" lon="16.3413040"></trkpt>
    <trkpt lat="61.9445122" lon="16.3418617"></trkpt>
    <trkpt lat="61.9445893" lon="16.3422944"></trkpt>
    <trkpt lat="61.9446987" lon="16.3428756"></trkpt>
    <trkpt lat="61.9448127" lon="16.3432459"></trkpt>
    <trkpt lat="61.9449363" lon="16.3435429"></trkpt>
    <trkpt lat="61.9450961" lon="16.3438760"></trkpt>
    <trkpt lat="61.9453049" lon="16.3442729"></trkpt>
    <trkpt lat="61.9455436" lon="16.3446406"></trkpt>
    <trkpt lat="61.9457741" lon="16.3449287"></trkpt>
    <trkpt lat="61.9460032" lon="16.3452396"></trkpt>
    <trkpt lat="61.9461586" lon="16.3454919"></trkpt>
    <trkpt lat="61.9462698" lon="16.3457417"></trkpt>
    <trkpt lat="61.9463406" lon="16.3460184"></trkpt>
    <trkpt lat="61.9463883" lon="16.3463606"></trkpt>
    <trkpt lat="61.9463964" lon="16.3466684"></trkpt>
    <trkpt lat="61.9463967" lon="16.3469985"></trkpt>
    <trkpt lat="61.9463641" lon="16.3473241"></trkpt>
    <trkpt lat="61.9462869" lon="16.3476406"></trkpt>
    <trkpt lat="61.9461805" lon="16.3480060"></trkpt>
    <trkpt lat="61.9460720" lon="16.3484384"></trkpt>
    <trkpt lat="61.9459764" lon="16.3489025"></trkpt>
    <trkpt lat="61.9459072" lon="16.3493511"></trkpt>
    <trkpt lat="61.9458639" lon="16.3498058"></trkpt>
    <trkpt lat="61.9458568" lon="16.3501335"></trkpt>
    <trkpt lat="61.9458810" lon="16.3504673"></trkpt>
    <trkpt lat="61.9459821" lon="16.3508251"></trkpt>
    <trkpt lat="61.9461136" lon="16.3512340"></trkpt>
    <trkpt lat="61.9461806" lon="16.3515888"></trkpt>
    <trkpt lat="61.9462384" lon="16.3520649"></trkpt>
    <trkpt lat="61.9463583" lon="16.3529831"></trkpt>
    <trkpt lat="61.9464763" lon="16.3544200"></trkpt>
    <trkpt lat="61.9465350" lon="16.3549818"></trkpt>
    <trkpt lat="61.9465766" lon="16.3554586"></trkpt>
    <trkpt lat="61.9465709" lon="16.3557652"></trkpt>
    <trkpt lat="61.9465458" lon="16.3559856"></trkpt>
    <trkpt lat="61.9465250" lon="16.3561402"></trkpt>
    <trkpt lat="61.9464478" lon="16.3565850"></trkpt>
    <trkpt lat="61.9464107" lon="16.3568342"></trkpt>
    <trkpt lat="61.9464135" lon="16.3570470"></trkpt>
    <trkpt lat="61.9462638" lon="16.3575708"></trkpt>
    <trkpt lat="61.9461579" lon="16.3577857"></trkpt>
    <trkpt lat="61.9460802" lon="16.3580471"></trkpt>
    <trkpt lat="61.9460099" lon="16.3583986"></trkpt>
    <trkpt lat="61.9459327" lon="16.3587354"></trkpt>
    <trkpt lat="61.9458336" lon="16.3592573"></trkpt>
    <trkpt lat="61.9457142" lon="16.3597089"></trkpt>
    <trkpt lat="61.9455899" lon="16.3600016"></trkpt>
    <trkpt lat="61.9454363" lon="16.3603578"></trkpt>
    <trkpt lat="61.9452423" lon="16.3608672"></trkpt>
    <trkpt lat="61.9451002" lon="16.3612586"></trkpt>
    <trkpt lat="61.9449253" lon="16.3617422"></trkpt>
    <trkpt lat="61.9447208" lon="16.3621945"></trkpt>
    <trkpt lat="61.9445621" lon="16.3625333"></trkpt>
    <trkpt lat="61.9444235" lon="16.3629151"></trkpt>
    <trkpt lat="61.9443402" lon="16.3632494"></trkpt>
    <trkpt lat="61.9442613" lon="16.3637125"></trkpt>
    <trkpt lat="61.9439139" lon="16.3650565"></trkpt>
    <trkpt lat="61.9436479" lon="16.3658413"></trkpt>
    <trkpt lat="61.9432951" lon="16.3670284"></trkpt>
    <trkpt lat="61.9432165" lon="16.3673595"></trkpt>
    <trkpt lat="61.9432079" lon="16.3674468"></trkpt>
    <trkpt lat="61.9431807" lon="16.3677210"></trkpt>
    <trkpt lat="61.9430975" lon="16.3681148"></trkpt>
    <trkpt lat="61.9429548" lon="16.3684613"></trkpt>
    <trkpt lat="61.9427667" lon="16.3687927"></trkpt>
    <trkpt lat="61.9425729" lon="16.3690586"></trkpt>
    <trkpt lat="61.9424226" lon="16.3693351"></trkpt>
    <trkpt lat="61.9423306" lon="16.3697056"></trkpt>
    <trkpt lat="61.9422397" lon="16.3702546"></trkpt>
    <trkpt lat="61.9421183" lon="16.3705407"></trkpt>
    <trkpt lat="61.9418743" lon="16.3709006"></trkpt>
    <trkpt lat="61.9416055" lon="16.3711575"></trkpt>
    <trkpt lat="61.9413551" lon="16.3712947"></trkpt>
    <trkpt lat="61.9410737" lon="16.3713599"></trkpt>
    <trkpt lat="61.9407829" lon="16.3713868"></trkpt>
    <trkpt lat="61.9405819" lon="16.3713322"></trkpt>
    <trkpt lat="61.9404420" lon="16.3711801"></trkpt>
    <trkpt lat="61.9403258" lon="16.3710000"></trkpt>
    <trkpt lat="61.9401533" lon="16.3709544"></trkpt>
    <trkpt lat="61.9395391" lon="16.3709572"></trkpt>
    <trkpt lat="61.9393327" lon="16.3708910"></trkpt>
    <trkpt lat="61.9390312" lon="16.3706320"></trkpt>
    <trkpt lat="61.9386448" lon="16.3702541"></trkpt>
    <trkpt lat="61.9379069" lon="16.3695608"></trkpt>
    <trkpt lat="61.9373699" lon="16.3690783"></trkpt>
    <trkpt lat="61.9371478" lon="16.3688510"></trkpt>
    <trkpt lat="61.9369130" lon="16.3687385"></trkpt>
    <trkpt lat="61.9366963" lon="16.3687304"></trkpt>
    <trkpt lat="61.9365404" lon="16.3687760"></trkpt>
    <trkpt lat="61.9364268" lon="16.3689637"></trkpt>
    <trkpt lat="61.9362980" lon="16.3692379"></trkpt>
    <trkpt lat="61.9360333" lon="16.3695176"></trkpt>
    <trkpt lat="61.9358968" lon="16.3696618"></trkpt>
    <trkpt lat="61.9356628" lon="16.3698890"></trkpt>
    <trkpt lat="61.9354822" lon="16.3699724"></trkpt>
    <trkpt lat="61.9353162" lon="16.3699742"></trkpt>
    <trkpt lat="61.9352017" lon="16.3699041"></trkpt>
    <trkpt lat="61.9350948" lon="16.3697671"></trkpt>
    <trkpt lat="61.9349491" lon="16.3695076"></trkpt>
    <trkpt lat="61.9347999" lon="16.3692971"></trkpt>
    <trkpt lat="61.9346801" lon="16.3691938"></trkpt>
    <trkpt lat="61.9345469" lon="16.3691481"></trkpt>
    <trkpt lat="61.9343637" lon="16.3691807"></trkpt>
    <trkpt lat="61.9342110" lon="16.3692534"></trkpt>
    <trkpt lat="61.9340898" lon="16.3694519"></trkpt>
    <trkpt lat="61.9339431" lon="16.3697644"></trkpt>
    <trkpt lat="61.9337264" lon="16.3702834"></trkpt>
    <trkpt lat="61.9335678" lon="16.3709458"></trkpt>
    <trkpt lat="61.9334829" lon="16.3714320"></trkpt>
    <trkpt lat="61.9334156" lon="16.3718511"></trkpt>
    <trkpt lat="61.9333290" lon="16.3721306"></trkpt>
    <trkpt lat="61.9332302" lon="16.3723057"></trkpt>
    <trkpt lat="61.9331246" lon="16.3723601"></trkpt>
    <trkpt lat="61.9330156" lon="16.3723336"></trkpt>
    <trkpt lat="61.9328491" lon="16.3722393"></trkpt>
    <trkpt lat="61.9326272" lon="16.3720672"></trkpt>
    <trkpt lat="61.9324576" lon="16.3720246"></trkpt>
    <trkpt lat="61.9322819" lon="16.3720261"></trkpt>
    <trkpt lat="61.9321280" lon="16.3720427"></trkpt>
    <trkpt lat="61.9319808" lon="16.3722180"></trkpt>
    <trkpt lat="61.9317808" lon="16.3726121"></trkpt>
    <trkpt lat="61.9316016" lon="16.3729980"></trkpt>
    <trkpt lat="61.9313573" lon="16.3735117"></trkpt>
    <trkpt lat="61.9310786" lon="16.3739379"></trkpt>
    <trkpt lat="61.9308752" lon="16.3742180"></trkpt>
    <trkpt lat="61.9307037" lon="16.3744116"></trkpt>
    <trkpt lat="61.9305349" lon="16.3744342"></trkpt>
    <trkpt lat="61.9302698" lon="16.3743432"></trkpt>
    <trkpt lat="61.9300008" lon="16.3742369"></trkpt>
    <trkpt lat="61.9296561" lon="16.3741541"></trkpt>
    <trkpt lat="61.9293874" lon="16.3741404"></trkpt>
    <trkpt lat="61.9291180" lon="16.3741354"></trkpt>
    <trkpt lat="61.9287584" lon="16.3742828"></trkpt>
    <trkpt lat="61.9285367" lon="16.3744461"></trkpt>
    <trkpt lat="61.9282898" lon="16.3746650"></trkpt>
    <trkpt lat="61.9280403" lon="16.3749656"></trkpt>
    <trkpt lat="61.9278902" lon="16.3752649"></trkpt>
    <trkpt lat="61.9277094" lon="16.3757121"></trkpt>
    <trkpt lat="61.9274731" lon="16.3763578"></trkpt>
    <trkpt lat="61.9272298" lon="16.3769734"></trkpt>
    <trkpt lat="61.9270638" lon="16.3773703"></trkpt>
    <trkpt lat="61.9267493" lon="16.3780683"></trkpt>
    <trkpt lat="61.9264444" lon="16.3785026"></trkpt>
    <trkpt lat="61.9260953" lon="16.3790826"></trkpt>
    <trkpt lat="61.9258769" lon="16.3794295"></trkpt>
    <trkpt lat="61.9252628" lon="16.3801100"></trkpt>
    <trkpt lat="61.9248755" lon="16.3810140"></trkpt>
    <trkpt lat="61.9246869" lon="16.3814413"></trkpt>
    <trkpt lat="61.9245341" lon="16.3819490"></trkpt>
    <trkpt lat="61.9244672" lon="16.3823157"></trkpt>
    <trkpt lat="61.9243576" lon="16.3830409"></trkpt>
    <trkpt lat="61.9242274" lon="16.3838392"></trkpt>
    <trkpt lat="61.9241062" lon="16.3844025"></trkpt>
    <trkpt lat="61.9239842" lon="16.3848492"></trkpt>
    <trkpt lat="61.9235760" lon="16.3859153"></trkpt>
    <trkpt lat="61.9233311" lon="16.3865107"></trkpt>
    <trkpt lat="61.9231154" lon="16.3871821"></trkpt>
    <trkpt lat="61.9229118" lon="16.3879747"></trkpt>
    <trkpt lat="61.9227401" lon="16.3885005"></trkpt>
    <trkpt lat="61.9225613" lon="16.3888972"></trkpt>
    <trkpt lat="61.9223370" lon="16.3893219"></trkpt>
    <trkpt lat="61.9221570" lon="16.3898106"></trkpt>
    <trkpt lat="61.9220377" lon="16.3903520"></trkpt>
    <trkpt lat="61.9218868" lon="16.3908598"></trkpt>
    <trkpt lat="61.9217856" lon="16.3912302"></trkpt>
    <trkpt lat="61.9217455" lon="16.3915399"></trkpt>
    <trkpt lat="61.9217291" lon="16.3919543"></trkpt>
    <trkpt lat="61.9217255" lon="16.3927966"></trkpt>
    <trkpt lat="61.9217078" lon="16.3932075"></trkpt>
    <trkpt lat="61.9216596" lon="16.3934711"></trkpt>
    <trkpt lat="61.9215416" lon="16.3938749"></trkpt>
    <trkpt lat="61.9214476" lon="16.3940608"></trkpt>
    <trkpt lat="61.9212018" lon="16.3945166"></trkpt>
    <trkpt lat="61.9209838" lon="16.3949040"></trkpt>
    <trkpt lat="61.9207688" lon="16.3952781"></trkpt>
    <trkpt lat="61.9205125" lon="16.3955386"></trkpt>
    <trkpt lat="61.9202826" lon="16.3957176"></trkpt>
    <trkpt lat="61.9200385" lon="16.3959749"></trkpt>
    <trkpt lat="61.9199135" lon="16.3961686"></trkpt>
    <trkpt lat="61.9198235" lon="16.3965084"></trkpt>
    <trkpt lat="61.9197098" lon="16.3970672"></trkpt>
    <trkpt lat="61.9195959" lon="16.3976034"></trkpt>
    <trkpt lat="61.9195309" lon="16.3980613"></trkpt>
    <trkpt lat="61.9195287" lon="16.3983462"></trkpt>
    <trkpt lat="61.9195415" lon="16.3987079"></trkpt>
    <trkpt lat="61.9195580" lon="16.3991879"></trkpt>
    <trkpt lat="61.9195567" lon="16.3996252"></trkpt>
    <trkpt lat="61.9194753" lon="16.4001759"></trkpt>
    <trkpt lat="61.9193491" lon="16.4006335"></trkpt>
    <trkpt lat="61.9191466" lon="16.4012959"></trkpt>
    <trkpt lat="61.9190704" lon="16.4016284"></trkpt>
    <trkpt lat="61.9187175" lon="16.4016590"></trkpt>
    <trkpt lat="61.9184180" lon="16.4018273"></trkpt>
    <trkpt lat="61.9182654" lon="16.4019233"></trkpt>
    <trkpt lat="61.9181369" lon="16.4022082"></trkpt>
    <trkpt lat="61.9179648" lon="16.4026738"></trkpt>
    <trkpt lat="61.9178819" lon="16.4029837"></trkpt>
    <trkpt lat="61.9177519" lon="16.4033628"></trkpt>
    <trkpt lat="61.9176007" lon="16.4036775"></trkpt>
    <trkpt lat="61.9173249" lon="16.4041998"></trkpt>
    <trkpt lat="61.9168182" lon="16.4048729"></trkpt>
    <trkpt lat="61.9161075" lon="16.4055649"></trkpt>
    <trkpt lat="61.9159025" lon="16.4057611"></trkpt>
    <trkpt lat="61.9157080" lon="16.4060743"></trkpt>
    <trkpt lat="61.9155695" lon="16.4063746"></trkpt>
    <trkpt lat="61.9154160" lon="16.4066108"></trkpt>
    <trkpt lat="61.9152630" lon="16.4067260"></trkpt>
    <trkpt lat="61.9150664" lon="16.4067430"></trkpt>
    <trkpt lat="61.9148122" lon="16.4067534"></trkpt>
    <trkpt lat="61.9145710" lon="16.4068305"></trkpt>
    <trkpt lat="61.9140625" lon="16.4071761"></trkpt>
    <trkpt lat="61.9136161" lon="16.4073269"></trkpt>
    <trkpt lat="61.9131722" lon="16.4074882"></trkpt>
    <trkpt lat="61.9129493" lon="16.4075470"></trkpt>
    <trkpt lat="61.9125887" lon="16.4076377"></trkpt>
    <trkpt lat="61.9121602" lon="16.4079725"></trkpt>
    <trkpt lat="61.9117316" lon="16.4083073"></trkpt>
    <trkpt lat="61.9112435" lon="16.4086467"></trkpt>
    <trkpt lat="61.9107554" lon="16.4089861"></trkpt>
    <trkpt lat="61.9103670" lon="16.4092387"></trkpt>
    <trkpt lat="61.9101584" lon="16.4094495"></trkpt>
    <trkpt lat="61.9098915" lon="16.4099162"></trkpt>
    <trkpt lat="61.9096650" lon="16.4105266"></trkpt>
    <trkpt lat="61.9094644" lon="16.4111119"></trkpt>
    <trkpt lat="61.9092443" lon="16.4116038"></trkpt>
    <trkpt lat="61.9089404" lon="16.4121530"></trkpt>
    <trkpt lat="61.9087288" lon="16.4124361"></trkpt>
    <trkpt lat="61.9086398" lon="16.4125972"></trkpt>
    <trkpt lat="61.9083946" lon="16.4131622"></trkpt>
    <trkpt lat="61.9081945" lon="16.4136425"></trkpt>
    <trkpt lat="61.9080478" lon="16.4141065"></trkpt>
    <trkpt lat="61.9079355" lon="16.4146049"></trkpt>
    <trkpt lat="61.9078103" lon="16.4152036"></trkpt>
    <trkpt lat="61.9076021" lon="16.4161093"></trkpt>
    <trkpt lat="61.9075025" lon="16.4166343"></trkpt>
    <trkpt lat="61.9074276" lon="16.4170886"></trkpt>
    <trkpt lat="61.9073805" lon="16.4177149"></trkpt>
    <trkpt lat="61.9073149" lon="16.4187145"></trkpt>
    <trkpt lat="61.9072678" lon="16.4194010"></trkpt>
    <trkpt lat="61.9072264" lon="16.4199954"></trkpt>
    <trkpt lat="61.9071990" lon="16.4206122"></trkpt>
    <trkpt lat="61.9072131" lon="16.4215696"></trkpt>
    <trkpt lat="61.9072272" lon="16.4225270"></trkpt>
    <trkpt lat="61.9071893" lon="16.4228459"></trkpt>
    <trkpt lat="61.9071227" lon="16.4231240"></trkpt>
    <trkpt lat="61.9069894" lon="16.4234915"></trkpt>
    <trkpt lat="61.9068302" lon="16.4238905"></trkpt>
    <trkpt lat="61.9064732" lon="16.4246086"></trkpt>
    <trkpt lat="61.9061162" lon="16.4253267"></trkpt>
    <trkpt lat="61.9058281" lon="16.4258802"></trkpt>
    <trkpt lat="61.9055378" lon="16.4263595"></trkpt>
    <trkpt lat="61.9053269" lon="16.4267310"></trkpt>
    <trkpt lat="61.9052041" lon="16.4270791"></trkpt>
    <trkpt lat="61.9050884" lon="16.4274963"></trkpt>
    <trkpt lat="61.9050121" lon="16.4278489"></trkpt>
    <trkpt lat="61.9049440" lon="16.4282466"></trkpt>
    <trkpt lat="61.9048997" lon="16.4286429"></trkpt>
    <trkpt lat="61.9048674" lon="16.4291238"></trkpt>
    <trkpt lat="61.9048693" lon="16.4298180"></trkpt>
    <trkpt lat="61.9048909" lon="16.4302656"></trkpt>
    <trkpt lat="61.9049273" lon="16.4306993"></trkpt>
    <trkpt lat="61.9049667" lon="16.4312956"></trkpt>
    <trkpt lat="61.9049763" lon="16.4315552"></trkpt>
    <trkpt lat="61.9049679" lon="16.4318615"></trkpt>
    <trkpt lat="61.9048715" lon="16.4323885"></trkpt>
    <trkpt lat="61.9046267" lon="16.4335004"></trkpt>
    <trkpt lat="61.9044942" lon="16.4341280"></trkpt>
    <trkpt lat="61.9043643" lon="16.4348117"></trkpt>
    <trkpt lat="61.9042795" lon="16.4353967"></trkpt>
    <trkpt lat="61.9042041" lon="16.4360108"></trkpt>
    <trkpt lat="61.9041595" lon="16.4365071"></trkpt>
    <trkpt lat="61.9041276" lon="16.4371258"></trkpt>
    <trkpt lat="61.9041494" lon="16.4375156"></trkpt>
    <trkpt lat="61.9041857" lon="16.4378160"></trkpt>
    <trkpt lat="61.9042334" lon="16.4382205"></trkpt>
    <trkpt lat="61.9043084" lon="16.4387832"></trkpt>
    <trkpt lat="61.9044114" lon="16.4394966"></trkpt>
    <trkpt lat="61.9046580" lon="16.4409792"></trkpt>
    <trkpt lat="61.9047435" lon="16.4414711"></trkpt>
    <trkpt lat="61.9047807" lon="16.4418333"></trkpt>
    <trkpt lat="61.9047921" lon="16.4422810"></trkpt>
    <trkpt lat="61.9047554" lon="16.4427942"></trkpt>
    <trkpt lat="61.9047214" lon="16.4438314"></trkpt>
    <trkpt lat="61.9046978" lon="16.4445027"></trkpt>
    <trkpt lat="61.9046714" lon="16.4451272"></trkpt>
    <trkpt lat="61.9046260" lon="16.4455127"></trkpt>
    <trkpt lat="61.9045440" lon="16.4459732"></trkpt>
    <trkpt lat="61.9044002" lon="16.4464620"></trkpt>
    <trkpt lat="61.9042372" lon="16.4468285"></trkpt>
    <trkpt lat="61.9039979" lon="16.4472043"></trkpt>
    <trkpt lat="61.9036893" lon="16.4475770"></trkpt>
    <trkpt lat="61.9035375" lon="16.4477113"></trkpt>
    <trkpt lat="61.9033688" lon="16.4478307"></trkpt>
    <trkpt lat="61.9031357" lon="16.4479349"></trkpt>
    <trkpt lat="61.9027620" lon="16.4480620"></trkpt>
    <trkpt lat="61.9025537" lon="16.4481500"></trkpt>
    <trkpt lat="61.9024206" lon="16.4482789"></trkpt>
    <trkpt lat="61.9022875" lon="16.4484850"></trkpt>
    <trkpt lat="61.9021588" lon="16.4488114"></trkpt>
    <trkpt lat="61.9018570" lon="16.4496530"></trkpt>
    <trkpt lat="61.9014713" lon="16.4506343"></trkpt>
    <trkpt lat="61.9011153" lon="16.4515156"></trkpt>
    <trkpt lat="61.9009949" lon="16.4519659"></trkpt>
    <trkpt lat="61.9008931" lon="16.4526478"></trkpt>
    <trkpt lat="61.9007645" lon="16.4536096"></trkpt>
    <trkpt lat="61.9007096" lon="16.4539656"></trkpt>
    <trkpt lat="61.9006394" lon="16.4542986"></trkpt>
    <trkpt lat="61.9004350" lon="16.4550414"></trkpt>
    <trkpt lat="61.9003647" lon="16.4552718"></trkpt>
    <trkpt lat="61.9003124" lon="16.4555047"></trkpt>
    <trkpt lat="61.9002636" lon="16.4557600"></trkpt>
    <trkpt lat="61.9002451" lon="16.4560467"></trkpt>
    <trkpt lat="61.9002499" lon="16.4566704"></trkpt>
    <trkpt lat="61.9002525" lon="16.4572456"></trkpt>
    <trkpt lat="61.9002482" lon="16.4581398"></trkpt>
    <trkpt lat="61.9002097" lon="16.4585872"></trkpt>
    <trkpt lat="61.9001653" lon="16.4588173"></trkpt>
    <trkpt lat="61.9000592" lon="16.4591649"></trkpt>
    <trkpt lat="61.8998889" lon="16.4596096"></trkpt>
    <trkpt lat="61.8996979" lon="16.4601473"></trkpt>
    <trkpt lat="61.8996206" lon="16.4604914"></trkpt>
    <trkpt lat="61.8995529" lon="16.4608347"></trkpt>
    <trkpt lat="61.8994730" lon="16.4611515"></trkpt>
    <trkpt lat="61.8993204" lon="16.4615633"></trkpt>
    <trkpt lat="61.8991483" lon="16.4618147"></trkpt>
    <trkpt lat="61.8989583" lon="16.4619406"></trkpt>
    <trkpt lat="61.8987688" lon="16.4619852"></trkpt>
    <trkpt lat="61.8985717" lon="16.4620443"></trkpt>
    <trkpt lat="61.8984230" lon="16.4620968"></trkpt>
    <trkpt lat="61.8981942" lon="16.4623506"></trkpt>
    <trkpt lat="61.8979149" lon="16.4627272"></trkpt>
    <trkpt lat="61.8977504" lon="16.4629627"></trkpt>
    <trkpt lat="61.8975632" lon="16.4633176"></trkpt>
    <trkpt lat="61.8973430" lon="16.4636524"></trkpt>
    <trkpt lat="61.8971860" lon="16.4638469"></trkpt>
    <trkpt lat="61.8970314" lon="16.4640039"></trkpt>
    <trkpt lat="61.8966096" lon="16.4644286"></trkpt>
    <trkpt lat="61.8962042" lon="16.4648452"></trkpt>
    <trkpt lat="61.8959954" lon="16.4651697"></trkpt>
    <trkpt lat="61.8958555" lon="16.4655656"></trkpt>
    <trkpt lat="61.8956462" lon="16.4665595"></trkpt>
    <trkpt lat="61.8954369" lon="16.4675535"></trkpt>
    <trkpt lat="61.8952487" lon="16.4685621"></trkpt>
    <trkpt lat="61.8951422" lon="16.4692896"></trkpt>
    <trkpt lat="61.8950866" lon="16.4698279"></trkpt>
    <trkpt lat="61.8950183" lon="16.4705041"></trkpt>
    <trkpt lat="61.8949601" lon="16.4709787"></trkpt>
    <trkpt lat="61.8948451" lon="16.4714423"></trkpt>
    <trkpt lat="61.8946671" lon="16.4719398"></trkpt>
    <trkpt lat="61.8944391" lon="16.4724424"></trkpt>
    <trkpt lat="61.8942609" lon="16.4727705"></trkpt>
    <trkpt lat="61.8939483" lon="16.4732819"></trkpt>
    <trkpt lat="61.8936808" lon="16.4736895"></trkpt>
    <trkpt lat="61.8934851" lon="16.4739780"></trkpt>
    <trkpt lat="61.8932464" lon="16.4744423"></trkpt>
    <trkpt lat="61.8931105" lon="16.4746285"></trkpt>
    <trkpt lat="61.8929921" lon="16.4747325"></trkpt>
    <trkpt lat="61.8927696" lon="16.4748622"></trkpt>
    <trkpt lat="61.8925675" lon="16.4749702"></trkpt>
    <trkpt lat="61.8922993" lon="16.4751863"></trkpt>
    <trkpt lat="61.8920962" lon="16.4753730"></trkpt>
    <trkpt lat="61.8919620" lon="16.4754434"></trkpt>
    <trkpt lat="61.8918477" lon="16.4754506"></trkpt>
    <trkpt lat="61.8917028" lon="16.4754362"></trkpt>
    <trkpt lat="61.8915090" lon="16.4753676"></trkpt>
    <trkpt lat="61.8912678" lon="16.4752706"></trkpt>
    <trkpt lat="61.8908056" lon="16.4750365"></trkpt>
    <trkpt lat="61.8905205" lon="16.4749436"></trkpt>
    <trkpt lat="61.8902898" lon="16.4749165"></trkpt>
    <trkpt lat="61.8897020" lon="16.4749977"></trkpt>
    <trkpt lat="61.8895123" lon="16.4749820"></trkpt>
    <trkpt lat="61.8893939" lon="16.4749229"></trkpt>
    <trkpt lat="61.8892524" lon="16.4747614"></trkpt>
    <trkpt lat="61.8890834" lon="16.4745427"></trkpt>
    <trkpt lat="61.8888499" lon="16.4742229"></trkpt>
    <trkpt lat="61.8886752" lon="16.4740307"></trkpt>
    <trkpt lat="61.8884935" lon="16.4739177"></trkpt>
    <trkpt lat="61.8884861" lon="16.4740808"></trkpt>
    <trkpt lat="61.8884820" lon="16.4741717"></trkpt>
    <trkpt lat="61.8884480" lon="16.4744372"></trkpt>
    <trkpt lat="61.8884229" lon="16.4745659"></trkpt>
    <trkpt lat="61.8883451" lon="16.4747796"></trkpt>
    <trkpt lat="61.8882504" lon="16.4749824"></trkpt>
    <trkpt lat="61.8880151" lon="16.4754048"></trkpt>
    <trkpt lat="61.8878052" lon="16.4758159"></trkpt>
    <trkpt lat="61.8874864" lon="16.4764067"></trkpt>
    <trkpt lat="61.8872606" lon="16.4768741"></trkpt>
    <trkpt lat="61.8869601" lon="16.4776079"></trkpt>
    <trkpt lat="61.8867344" lon="16.4780991"></trkpt>
    <trkpt lat="61.8865583" lon="16.4786008"></trkpt>
    <trkpt lat="61.8864261" lon="16.4791236"></trkpt>
    <trkpt lat="61.8863730" lon="16.4794992"></trkpt>
    <trkpt lat="61.8863300" lon="16.4801643"></trkpt>
    <trkpt lat="61.8862643" lon="16.4812158"></trkpt>
    <trkpt lat="61.8862036" lon="16.4816664"></trkpt>
    <trkpt lat="61.8861404" lon="16.4819400"></trkpt>
    <trkpt lat="61.8859811" lon="16.4823530"></trkpt>
    <trkpt lat="61.8858219" lon="16.4826481"></trkpt>
    <trkpt lat="61.8853517" lon="16.4834528"></trkpt>
    <trkpt lat="61.8848815" lon="16.4842539"></trkpt>
    <trkpt lat="61.8844113" lon="16.4850549"></trkpt>
    <trkpt lat="61.8839411" lon="16.4858560"></trkpt>
    <trkpt lat="61.8837364" lon="16.4862637"></trkpt>
    <trkpt lat="61.8836125" lon="16.4866392"></trkpt>
    <trkpt lat="61.8835139" lon="16.4870308"></trkpt>
    <trkpt lat="61.8834077" lon="16.4874707"></trkpt>
    <trkpt lat="61.8833066" lon="16.4877335"></trkpt>
    <trkpt lat="61.8831751" lon="16.4879535"></trkpt>
    <trkpt lat="61.8830310" lon="16.4881037"></trkpt>
    <trkpt lat="61.8829122" lon="16.4881627"></trkpt>
    <trkpt lat="61.8824899" lon="16.4881841"></trkpt>
    <trkpt lat="61.8822043" lon="16.4882056"></trkpt>
    <trkpt lat="61.8819010" lon="16.4883397"></trkpt>
    <trkpt lat="61.8815849" lon="16.4884953"></trkpt>
    <trkpt lat="61.8807961" lon="16.4889191"></trkpt>
    <trkpt lat="61.8806225" lon="16.4890891"></trkpt>
    <trkpt lat="61.8804901" lon="16.4892946"></trkpt>
    <trkpt lat="61.8803696" lon="16.4895129"></trkpt>
    <trkpt lat="61.8802626" lon="16.4897988"></trkpt>
    <trkpt lat="61.8800325" lon="16.4905123"></trkpt>
    <trkpt lat="61.8799550" lon="16.4907950"></trkpt>
    <trkpt lat="61.8799473" lon="16.4908310"></trkpt>
    <trkpt lat="61.8796406" lon="16.4922557"></trkpt>
    <trkpt lat="61.8794999" lon="16.4930373"></trkpt>
    <trkpt lat="61.8794080" lon="16.4935969"></trkpt>
    <trkpt lat="61.8792892" lon="16.4945732"></trkpt>
    <trkpt lat="61.8792765" lon="16.4949648"></trkpt>
    <trkpt lat="61.8792765" lon="16.4953242"></trkpt>
    <trkpt lat="61.8793120" lon="16.4957212"></trkpt>
    <trkpt lat="61.8793852" lon="16.4962201"></trkpt>
    <trkpt lat="61.8795875" lon="16.4976953"></trkpt>
    <trkpt lat="61.8796102" lon="16.4981513"></trkpt>
    <trkpt lat="61.8796103" lon="16.4985536"></trkpt>
    <trkpt lat="61.8795787" lon="16.4990766"></trkpt>
    <trkpt lat="61.8795100" lon="16.4989623"></trkpt>
    <trkpt lat="61.8794506" lon="16.4987665"></trkpt>
    <trkpt lat="61.8794000" lon="16.4985681"></trkpt>
    <trkpt lat="61.8791244" lon="16.4981416"></trkpt>
    <trkpt lat="61.8785833" lon="16.4974174"></trkpt>
    <trkpt lat="61.8783519" lon="16.4971223"></trkpt>
    <trkpt lat="61.8781990" lon="16.4969480"></trkpt>
    <trkpt lat="61.8779052" lon="16.4967020"></trkpt>
    <trkpt lat="61.8776869" lon="16.4964947"></trkpt>
    <trkpt lat="61.8774821" lon="16.4962238"></trkpt>
    <trkpt lat="61.8772520" lon="16.4956369"></trkpt>
    <trkpt lat="61.8768538" lon="16.4944509"></trkpt>
    <trkpt lat="61.8767375" lon="16.4939386"></trkpt>
    <trkpt lat="61.8766335" lon="16.4941497"></trkpt>
    <trkpt lat="61.8765617" lon="16.4943870"></trkpt>
    <trkpt lat="61.8764799" lon="16.4947173"></trkpt>
    <trkpt lat="61.8763832" lon="16.4950127"></trkpt>
    <trkpt lat="61.8762982" lon="16.4953548"></trkpt>
    <trkpt lat="61.8762490" lon="16.4956832"></trkpt>
    <trkpt lat="61.8761826" lon="16.4960200"></trkpt>
    <trkpt lat="61.8761187" lon="16.4964102"></trkpt>
    <trkpt lat="61.8760395" lon="16.4968085"></trkpt>
    <trkpt lat="61.8760145" lon="16.4971725"></trkpt>
    <trkpt lat="61.8759815" lon="16.4974254"></trkpt>
    <trkpt lat="61.8759184" lon="16.4976670"></trkpt>
    <trkpt lat="61.8758079" lon="16.4980011"></trkpt>
    <trkpt lat="61.8757805" lon="16.4983652"></trkpt>
    <trkpt lat="61.8757696" lon="16.4986548"></trkpt>
    <trkpt lat="61.8757631" lon="16.4988907"></trkpt>
    <trkpt lat="61.8757706" lon="16.4991705"></trkpt>
    <trkpt lat="61.8757626" lon="16.4994074"></trkpt>
    <trkpt lat="61.8757379" lon="16.4996868"></trkpt>
    <trkpt lat="61.8757124" lon="16.5000473"></trkpt>
    <trkpt lat="61.8756654" lon="16.5003166"></trkpt>
    <trkpt lat="61.8756368" lon="16.5006015"></trkpt>
    <trkpt lat="61.8756217" lon="16.5009162"></trkpt>
    <trkpt lat="61.8755711" lon="16.5011373"></trkpt>
    <trkpt lat="61.8755040" lon="16.5012918"></trkpt>
    <trkpt lat="61.8754362" lon="16.5015518"></trkpt>
    <trkpt lat="61.8753436" lon="16.5015783"></trkpt>
    <trkpt lat="61.8752392" lon="16.5015739"></trkpt>
    <trkpt lat="61.8750688" lon="16.5017452"></trkpt>
    <trkpt lat="61.8749803" lon="16.5017330"></trkpt>
    <trkpt lat="61.8749420" lon="16.5016991"></trkpt>
    <trkpt lat="61.8748957" lon="16.5015704"></trkpt>
    <trkpt lat="61.8748834" lon="16.5013359"></trkpt>
    <trkpt lat="61.8748631" lon="16.5011221"></trkpt>
    <trkpt lat="61.8748414" lon="16.5008894"></trkpt>
    <trkpt lat="61.8748210" lon="16.5006703"></trkpt>
    <trkpt lat="61.8748058" lon="16.5004690"></trkpt>
    <trkpt lat="61.8747788" lon="16.5002212"></trkpt>
    <trkpt lat="61.8747367" lon="16.5001152"></trkpt>
    <trkpt lat="61.8746892" lon="16.5000731"></trkpt>
    <trkpt lat="61.8746140" lon="16.5001099"></trkpt>
    <trkpt lat="61.8744942" lon="16.5001388"></trkpt>
    <trkpt lat="61.8742940" lon="16.5001542"></trkpt>
    <trkpt lat="61.8740629" lon="16.5000263"></trkpt>
    <trkpt lat="61.8738635" lon="16.5001318"></trkpt>
    <trkpt lat="61.8736609" lon="16.5003368"></trkpt>
    <trkpt lat="61.8735597" lon="16.5004844"></trkpt>
    <trkpt lat="61.8734761" lon="16.5006944"></trkpt>
    <trkpt lat="61.8734330" lon="16.5010462"></trkpt>
    <trkpt lat="61.8733702" lon="16.5014012"></trkpt>
    <trkpt lat="61.8733039" lon="16.5017425"></trkpt>
    <trkpt lat="61.8732538" lon="16.5020129"></trkpt>
    <trkpt lat="61.8731216" lon="16.5020226"></trkpt>
    <trkpt lat="61.8729441" lon="16.5020961"></trkpt>
    <trkpt lat="61.8728585" lon="16.5022843"></trkpt>
    <trkpt lat="61.8727018" lon="16.5026892"></trkpt>
    <trkpt lat="61.8725362" lon="16.5030057"></trkpt>
    <trkpt lat="61.8723690" lon="16.5032680"></trkpt>
    <trkpt lat="61.8722477" lon="16.5034659"></trkpt>
    <trkpt lat="61.8721440" lon="16.5035455"></trkpt>
    <trkpt lat="61.8719651" lon="16.5035490"></trkpt>
    <trkpt lat="61.8717936" lon="16.5035906"></trkpt>
    <trkpt lat="61.8716234" lon="16.5037028"></trkpt>
    <trkpt lat="61.8714952" lon="16.5038013"></trkpt>
    <trkpt lat="61.8713401" lon="16.5040507"></trkpt>
    <trkpt lat="61.8711761" lon="16.5043470"></trkpt>
    <trkpt lat="61.8709962" lon="16.5047542"></trkpt>
    <trkpt lat="61.8707938" lon="16.5051915"></trkpt>
    <trkpt lat="61.8704963" lon="16.5057140"></trkpt>
    <trkpt lat="61.8703558" lon="16.5058673"></trkpt>
    <trkpt lat="61.8701314" lon="16.5060348"></trkpt>
    <trkpt lat="61.8700476" lon="16.5061793"></trkpt>
    <trkpt lat="61.8699117" lon="16.5064973"></trkpt>
    <trkpt lat="61.8698741" lon="16.5066642"></trkpt>
    <trkpt lat="61.8698068" lon="16.5069099"></trkpt>
    <trkpt lat="61.8697345" lon="16.5072050"></trkpt>
    <trkpt lat="61.8696823" lon="16.5074839"></trkpt>
    <trkpt lat="61.8696745" lon="16.5077185"></trkpt>
    <trkpt lat="61.8696579" lon="16.5079435"></trkpt>
    <trkpt lat="61.8696032" lon="16.5082975"></trkpt>
    <trkpt lat="61.8695470" lon="16.5086684"></trkpt>
    <trkpt lat="61.8694416" lon="16.5090206"></trkpt>
    <trkpt lat="61.8693457" lon="16.5094471"></trkpt>
    <trkpt lat="61.8692680" lon="16.5098401"></trkpt>
    <trkpt lat="61.8691689" lon="16.5102550"></trkpt>
    <trkpt lat="61.8690557" lon="16.5108228"></trkpt>
    <trkpt lat="61.8690446" lon="16.5108716"></trkpt>
    <trkpt lat="61.8690247" lon="16.5109162"></trkpt>
    <trkpt lat="61.8689959" lon="16.5109641"></trkpt>
    <trkpt lat="61.8687942" lon="16.5109921"></trkpt>
    <trkpt lat="61.8687115" lon="16.5111573"></trkpt>
    <trkpt lat="61.8686282" lon="16.5113911"></trkpt>
    <trkpt lat="61.8685734" lon="16.5116404"></trkpt>
    <trkpt lat="61.8685065" lon="16.5118867"></trkpt>
    <trkpt lat="61.8684305" lon="16.5121264"></trkpt>
    <trkpt lat="61.8683518" lon="16.5121051"></trkpt>
    <trkpt lat="61.8682502" lon="16.5120960"></trkpt>
    <trkpt lat="61.8681514" lon="16.5121236"></trkpt>
    <trkpt lat="61.8680520" lon="16.5122588"></trkpt>
    <trkpt lat="61.8679069" lon="16.5125547"></trkpt>
    <trkpt lat="61.8678139" lon="16.5129322"></trkpt>
    <trkpt lat="61.8677580" lon="16.5133948"></trkpt>
    <trkpt lat="61.8676979" lon="16.5137833"></trkpt>
    <trkpt lat="61.8676570" lon="16.5141174"></trkpt>
    <trkpt lat="61.8675757" lon="16.5143666"></trkpt>
    <trkpt lat="61.8674790" lon="16.5146702"></trkpt>
    <trkpt lat="61.8672858" lon="16.5153673"></trkpt>
    <trkpt lat="61.8672029" lon="16.5157861"></trkpt>
    <trkpt lat="61.8671657" lon="16.5161502"></trkpt>
    <trkpt lat="61.8670859" lon="16.5169253"></trkpt>
    <trkpt lat="61.8670522" lon="16.5176233"></trkpt>
    <trkpt lat="61.8670777" lon="16.5180731"></trkpt>
    <trkpt lat="61.8670632" lon="16.5182647"></trkpt>
    <trkpt lat="61.8670290" lon="16.5184246"></trkpt>
    <trkpt lat="61.8669654" lon="16.5186421"></trkpt>
    <trkpt lat="61.8669037" lon="16.5188050"></trkpt>
    <trkpt lat="61.8668079" lon="16.5189663"></trkpt>
    <trkpt lat="61.8666954" lon="16.5191160"></trkpt>
    <trkpt lat="61.8666171" lon="16.5192662"></trkpt>
    <trkpt lat="61.8665434" lon="16.5194207"></trkpt>
    <trkpt lat="61.8664383" lon="16.5197056"></trkpt>
    <trkpt lat="61.8663300" lon="16.5201377"></trkpt>
    <trkpt lat="61.8662184" lon="16.5206657"></trkpt>
    <trkpt lat="61.8661669" lon="16.5209995"></trkpt>
    <trkpt lat="61.8661440" lon="16.5213151"></trkpt>
    <trkpt lat="61.8661238" lon="16.5217029"></trkpt>
    <trkpt lat="61.8661074" lon="16.5220456"></trkpt>
    <trkpt lat="61.8660868" lon="16.5224864"></trkpt>
    <trkpt lat="61.8659952" lon="16.5231237"></trkpt>
    <trkpt lat="61.8658950" lon="16.5238520"></trkpt>
    <trkpt lat="61.8658779" lon="16.5242465"></trkpt>
    <trkpt lat="61.8658468" lon="16.5248297"></trkpt>
    <trkpt lat="61.8658058" lon="16.5253643"></trkpt>
    <trkpt lat="61.8657415" lon="16.5258683"></trkpt>
    <trkpt lat="61.8657120" lon="16.5260241"></trkpt>
    <trkpt lat="61.8656631" lon="16.5262827"></trkpt>
    <trkpt lat="61.8655602" lon="16.5268866"></trkpt>
    <trkpt lat="61.8655316" lon="16.5271415"></trkpt>
    <trkpt lat="61.8655259" lon="16.5282825"></trkpt>
    <trkpt lat="61.8654755" lon="16.5294007"></trkpt>
    <trkpt lat="61.8655144" lon="16.5298786"></trkpt>
    <trkpt lat="61.8655289" lon="16.5301949"></trkpt>
    <trkpt lat="61.8655924" lon="16.5305659"></trkpt>
    <trkpt lat="61.8656897" lon="16.5309644"></trkpt>
    <trkpt lat="61.8657558" lon="16.5314157"></trkpt>
    <trkpt lat="61.8657855" lon="16.5318248"></trkpt>
    <trkpt lat="61.8657817" lon="16.5323047"></trkpt>
    <trkpt lat="61.8658041" lon="16.5327940"></trkpt>
    <trkpt lat="61.8658507" lon="16.5333635"></trkpt>
    <trkpt lat="61.8658864" lon="16.5339207"></trkpt>
    <trkpt lat="61.8659780" lon="16.5342909"></trkpt>
    <trkpt lat="61.8660224" lon="16.5346645"></trkpt>
    <trkpt lat="61.8660476" lon="16.5350414"></trkpt>
    <trkpt lat="61.8660614" lon="16.5354317"></trkpt>
    <trkpt lat="61.8660667" lon="16.5362209"></trkpt>
    <trkpt lat="61.8659770" lon="16.5371886"></trkpt>
    <trkpt lat="61.8659263" lon="16.5379298"></trkpt>
    <trkpt lat="61.8659276" lon="16.5384378"></trkpt>
    <trkpt lat="61.8658836" lon="16.5388564"></trkpt>
    <trkpt lat="61.8658194" lon="16.5393697"></trkpt>
    <trkpt lat="61.8657953" lon="16.5397066"></trkpt>
    <trkpt lat="61.8657374" lon="16.5399472"></trkpt>
    <trkpt lat="61.8656693" lon="16.5401558"></trkpt>
    <trkpt lat="61.8655344" lon="16.5404997"></trkpt>
    <trkpt lat="61.8654801" lon="16.5407121"></trkpt>
    <trkpt lat="61.8654743" lon="16.5409184"></trkpt>
    <trkpt lat="61.8654915" lon="16.5411005"></trkpt>
    <trkpt lat="61.8655402" lon="16.5412886"></trkpt>
    <trkpt lat="61.8656203" lon="16.5415193"></trkpt>
    <trkpt lat="61.8657290" lon="16.5417499"></trkpt>
    <trkpt lat="61.8657691" lon="16.5418834"></trkpt>
    <trkpt lat="61.8657834" lon="16.5420291"></trkpt>
    <trkpt lat="61.8657748" lon="16.5421808"></trkpt>
    <trkpt lat="61.8657434" lon="16.5423204"></trkpt>
    <trkpt lat="61.8656833" lon="16.5425085"></trkpt>
    <trkpt lat="61.8655573" lon="16.5427938"></trkpt>
    <trkpt lat="61.8654915" lon="16.5430001"></trkpt>
    <trkpt lat="61.8654543" lon="16.5431822"></trkpt>
    <trkpt lat="61.8654486" lon="16.5433946"></trkpt>
    <trkpt lat="61.8655058" lon="16.5437163"></trkpt>
    <trkpt lat="61.8656665" lon="16.5444964"></trkpt>
    <trkpt lat="61.8658329" lon="16.5450730"></trkpt>
    <trkpt lat="61.8659607" lon="16.5453719"></trkpt>
    <trkpt lat="61.8658081" lon="16.5457957"></trkpt>
    <trkpt lat="61.8653123" lon="16.5473789"></trkpt>
    <trkpt lat="61.8648756" lon="16.5488654"></trkpt>
    <trkpt lat="61.8645399" lon="16.5500131"></trkpt>
    <trkpt lat="61.8642043" lon="16.5511609"></trkpt>
    <trkpt lat="61.8641609" lon="16.5513225"></trkpt>
    <trkpt lat="61.8640282" lon="16.5517304"></trkpt>
    <trkpt lat="61.8638011" lon="16.5525014"></trkpt>
    <trkpt lat="61.8636956" lon="16.5528586"></trkpt>
    <trkpt lat="61.8635978" lon="16.5531898"></trkpt>
    <trkpt lat="61.8633925" lon="16.5538811"></trkpt>
    <trkpt lat="61.8632167" lon="16.5545815"></trkpt>
    <trkpt lat="61.8629365" lon="16.5545801"></trkpt>
    <trkpt lat="61.8622352" lon="16.5546881"></trkpt>
    <trkpt lat="61.8615339" lon="16.5547962"></trkpt>
    <trkpt lat="61.8613728" lon="16.5566140"></trkpt>
    <trkpt lat="61.8612922" lon="16.5568053"></trkpt>
    <trkpt lat="61.8613608" lon="16.5571021"></trkpt>
    <trkpt lat="61.8613695" lon="16.5571401"></trkpt>
    <trkpt lat="61.8613772" lon="16.5572599"></trkpt>
    <trkpt lat="61.8613578" lon="16.5576090"></trkpt>
    <trkpt lat="61.8613383" lon="16.5580550"></trkpt>
    <trkpt lat="61.8613182" lon="16.5583822"></trkpt>
    <trkpt lat="61.8612294" lon="16.5586534"></trkpt>
    <trkpt lat="61.8612144" lon="16.5591679"></trkpt>
    <trkpt lat="61.8611959" lon="16.5596180"></trkpt>
    <trkpt lat="61.8611523" lon="16.5600502"></trkpt>
    <trkpt lat="61.8611794" lon="16.5605795"></trkpt>
    <trkpt lat="61.8612205" lon="16.5609972"></trkpt>
    <trkpt lat="61.8613574" lon="16.5612887"></trkpt>
    <trkpt lat="61.8613837" lon="16.5616074"></trkpt>
    <trkpt lat="61.8613040" lon="16.5620274"></trkpt>
    <trkpt lat="61.8612269" lon="16.5622609"></trkpt>
    <trkpt lat="61.8612526" lon="16.5624905"></trkpt>
    <trkpt lat="61.8612728" lon="16.5627120"></trkpt>
    <trkpt lat="61.8612322" lon="16.5628782"></trkpt>
    <trkpt lat="61.8614499" lon="16.5629784"></trkpt>
    <trkpt lat="61.8613646" lon="16.5634748"></trkpt>
    <trkpt lat="61.8612509" lon="16.5639191"></trkpt>
    <trkpt lat="61.8611560" lon="16.5641658"></trkpt>
    <trkpt lat="61.8610814" lon="16.5643965"></trkpt>
    <trkpt lat="61.8609777" lon="16.5644769"></trkpt>
    <trkpt lat="61.8608509" lon="16.5644967"></trkpt>
    <trkpt lat="61.8607373" lon="16.5645145"></trkpt>
    <trkpt lat="61.8602440" lon="16.5644716"></trkpt>
    <trkpt lat="61.8597324" lon="16.5643177"></trkpt>
    <trkpt lat="61.8597051" lon="16.5645467"></trkpt>
    <trkpt lat="61.8597051" lon="16.5647559"></trkpt>
    <trkpt lat="61.8598746" lon="16.5655552"></trkpt>
    <trkpt lat="61.8600492" lon="16.5666402"></trkpt>
    <trkpt lat="61.8601977" lon="16.5675747"></trkpt>
    <trkpt lat="61.8603462" lon="16.5685092"></trkpt>
    <trkpt lat="61.8603628" lon="16.5690941"></trkpt>
    <trkpt lat="61.8603948" lon="16.5698459"></trkpt>
    <trkpt lat="61.8604842" lon="16.5704325"></trkpt>
    <trkpt lat="61.8606284" lon="16.5711486"></trkpt>
    <trkpt lat="61.8608106" lon="16.5718756"></trkpt>
    <trkpt lat="61.8609016" lon="16.5723288"></trkpt>
    <trkpt lat="61.8609307" lon="16.5725968"></trkpt>
    <trkpt lat="61.8609742" lon="16.5727955"></trkpt>
    <trkpt lat="61.8610218" lon="16.5728549"></trkpt>
    <trkpt lat="61.8611138" lon="16.5729440"></trkpt>
    <trkpt lat="61.8610412" lon="16.5734518"></trkpt>
    <trkpt lat="61.8610191" lon="16.5735724"></trkpt>
    <trkpt lat="61.8607441" lon="16.5750724"></trkpt>
    <trkpt lat="61.8604691" lon="16.5765724"></trkpt>
    <trkpt lat="61.8601591" lon="16.5782994"></trkpt>
    <trkpt lat="61.8598441" lon="16.5800133"></trkpt>
    <trkpt lat="61.8595177" lon="16.5817058"></trkpt>
    <trkpt lat="61.8593495" lon="16.5825587"></trkpt>
    <trkpt lat="61.8592786" lon="16.5829852"></trkpt>
    <trkpt lat="61.8592214" lon="16.5834320"></trkpt>
    <trkpt lat="61.8591966" lon="16.5837791"></trkpt>
    <trkpt lat="61.8591863" lon="16.5844738"></trkpt>
    <trkpt lat="61.8591914" lon="16.5851766"></trkpt>
    <trkpt lat="61.8592172" lon="16.5865685"></trkpt>
    <trkpt lat="61.8592331" lon="16.5878588"></trkpt>
    <trkpt lat="61.8592171" lon="16.5883513"></trkpt>
    <trkpt lat="61.8591800" lon="16.5887761"></trkpt>
    <trkpt lat="61.8591121" lon="16.5891344"></trkpt>
    <trkpt lat="61.8590143" lon="16.5895379"></trkpt>
    <trkpt lat="61.8589034" lon="16.5899337"></trkpt>
    <trkpt lat="61.8585770" lon="16.5909235"></trkpt>
    <trkpt lat="61.8584349" lon="16.5913725"></trkpt>
    <trkpt lat="61.8583125" lon="16.5918784"></trkpt>
    <trkpt lat="61.8582362" lon="16.5923059"></trkpt>
    <trkpt lat="61.8581659" lon="16.5928090"></trkpt>
    <trkpt lat="61.8580254" lon="16.5941127"></trkpt>
    <trkpt lat="61.8579655" lon="16.5945616"></trkpt>
    <trkpt lat="61.8578799" lon="16.5949710"></trkpt>
    <trkpt lat="61.8577770" lon="16.5953341"></trkpt>
    <trkpt lat="61.8576598" lon="16.5956898"></trkpt>
    <trkpt lat="61.8571892" lon="16.5970282"></trkpt>
    <trkpt lat="61.8569374" lon="16.5978033"></trkpt>
    <trkpt lat="61.8567978" lon="16.5983516"></trkpt>
    <trkpt lat="61.8567085" lon="16.5988601"></trkpt>
    <trkpt lat="61.8565705" lon="16.5999598"></trkpt>
    <trkpt lat="61.8565030" lon="16.6003418"></trkpt>
    <trkpt lat="61.8564111" lon="16.6006760"></trkpt>
    <trkpt lat="61.8562416" lon="16.6010998"></trkpt>
    <trkpt lat="61.8561070" lon="16.6014039"></trkpt>
    <trkpt lat="61.8559253" lon="16.6019769"></trkpt>
    <trkpt lat="61.8558190" lon="16.6024516"></trkpt>
    <trkpt lat="61.8557730" lon="16.6027772"></trkpt>
    <trkpt lat="61.8557406" lon="16.6031329"></trkpt>
    <trkpt lat="61.8557364" lon="16.6035095"></trkpt>
    <trkpt lat="61.8557507" lon="16.6038518"></trkpt>
    <trkpt lat="61.8558367" lon="16.6045169"></trkpt>
    <trkpt lat="61.8559869" lon="16.6051483"></trkpt>
    <trkpt lat="61.8561808" lon="16.6057507"></trkpt>
    <trkpt lat="61.8562930" lon="16.6062212"></trkpt>
    <trkpt lat="61.8563883" lon="16.6067378"></trkpt>
    <trkpt lat="61.8565605" lon="16.6077731"></trkpt>
    <trkpt lat="61.8565992" lon="16.6082168"></trkpt>
    <trkpt lat="61.8566085" lon="16.6087173"></trkpt>
    <trkpt lat="61.8565904" lon="16.6096225"></trkpt>
    <trkpt lat="61.8565422" lon="16.6110919"></trkpt>
    <trkpt lat="61.8564940" lon="16.6125613"></trkpt>
    <trkpt lat="61.8564805" lon="16.6129860"></trkpt>
    <trkpt lat="61.8564655" lon="16.6137604"></trkpt>
    <trkpt lat="61.8564607" lon="16.6139587"></trkpt>
    <trkpt lat="61.8564549" lon="16.6141455"></trkpt>
    <trkpt lat="61.8564072" lon="16.6158752"></trkpt>
    <trkpt lat="61.8563975" lon="16.6162250"></trkpt>
    <trkpt lat="61.8563634" lon="16.6167279"></trkpt>
    <trkpt lat="61.8563538" lon="16.6168696"></trkpt>
    <trkpt lat="61.8563276" lon="16.6170375"></trkpt>
    <trkpt lat="61.8562627" lon="16.6173470"></trkpt>
    <trkpt lat="61.8561708" lon="16.6176275"></trkpt>
    <trkpt lat="61.8558097" lon="16.6185325"></trkpt>
    <trkpt lat="61.8552254" lon="16.6199607"></trkpt>
    <trkpt lat="61.8551611" lon="16.6201587"></trkpt>
    <trkpt lat="61.8551156" lon="16.6202937"></trkpt>
    <trkpt lat="61.8548145" lon="16.6211345"></trkpt>
    <trkpt lat="61.8546080" lon="16.6218984"></trkpt>
    <trkpt lat="61.8544680" lon="16.6227030"></trkpt>
    <trkpt lat="61.8542787" lon="16.6245165"></trkpt>
    <trkpt lat="61.8540895" lon="16.6263300"></trkpt>
    <trkpt lat="61.8540190" lon="16.6270060"></trkpt>
    <trkpt lat="61.8538892" lon="16.6281369"></trkpt>
    <trkpt lat="61.8537593" lon="16.6292679"></trkpt>
    <trkpt lat="61.8536020" lon="16.6306687"></trkpt>
    <trkpt lat="61.8534448" lon="16.6320695"></trkpt>
    <trkpt lat="61.8532875" lon="16.6334704"></trkpt>
    <trkpt lat="61.8531302" lon="16.6348712"></trkpt>
    <trkpt lat="61.8531183" lon="16.6349852"></trkpt>
    <trkpt lat="61.8530616" lon="16.6355270"></trkpt>
    <trkpt lat="61.8529751" lon="16.6363940"></trkpt>
    <trkpt lat="61.8529648" lon="16.6371305"></trkpt>
    <trkpt lat="61.8529879" lon="16.6378227"></trkpt>
    <trkpt lat="61.8530184" lon="16.6384209"></trkpt>
    <trkpt lat="61.8531170" lon="16.6390140"></trkpt>
    <trkpt lat="61.8531766" lon="16.6393689"></trkpt>
    <trkpt lat="61.8532295" lon="16.6396844"></trkpt>
    <trkpt lat="61.8533637" lon="16.6403381"></trkpt>
    <trkpt lat="61.8533933" lon="16.6404313"></trkpt>
    <trkpt lat="61.8537615" lon="16.6416959"></trkpt>
    <trkpt lat="61.8539430" lon="16.6422987"></trkpt>
    <trkpt lat="61.8543335" lon="16.6436298"></trkpt>
    <trkpt lat="61.8547241" lon="16.6449610"></trkpt>
    <trkpt lat="61.8549988" lon="16.6458563"></trkpt>
    <trkpt lat="61.8552735" lon="16.6467516"></trkpt>
    <trkpt lat="61.8552950" lon="16.6468485"></trkpt>
    <trkpt lat="61.8554378" lon="16.6468191"></trkpt>
    <trkpt lat="61.8555723" lon="16.6469229"></trkpt>
    <trkpt lat="61.8556880" lon="16.6470313"></trkpt>
    <trkpt lat="61.8563033" lon="16.6476080"></trkpt>
    <trkpt lat="61.8566650" lon="16.6479242"></trkpt>
    <trkpt lat="61.8569226" lon="16.6480861"></trkpt>
    <trkpt lat="61.8571761" lon="16.6482262"></trkpt>
    <trkpt lat="61.8574291" lon="16.6483909"></trkpt>
    <trkpt lat="61.8575582" lon="16.6485304"></trkpt>
    <trkpt lat="61.8576810" lon="16.6487055"></trkpt>
    <trkpt lat="61.8579099" lon="16.6491526"></trkpt>
    <trkpt lat="61.8581337" lon="16.6497592"></trkpt>
    <trkpt lat="61.8582374" lon="16.6499723"></trkpt>
    <trkpt lat="61.8583145" lon="16.6501064"></trkpt>
    <trkpt lat="61.8582924" lon="16.6502512"></trkpt>
    <trkpt lat="61.8582813" lon="16.6503836"></trkpt>
    <trkpt lat="61.8582636" lon="16.6505166"></trkpt>
    <trkpt lat="61.8582471" lon="16.6506353"></trkpt>
    <trkpt lat="61.8582256" lon="16.6507192"></trkpt>
    <trkpt lat="61.8582169" lon="16.6508362"></trkpt>
    <trkpt lat="61.8582056" lon="16.6509815"></trkpt>
    <trkpt lat="61.8581939" lon="16.6511064"></trkpt>
    <trkpt lat="61.8581765" lon="16.6511800"></trkpt>
    <trkpt lat="61.8581552" lon="16.6512670"></trkpt>
    <trkpt lat="61.8581194" lon="16.6513709"></trkpt>
    <trkpt lat="61.8580904" lon="16.6514747"></trkpt>
    <trkpt lat="61.8580734" lon="16.6515532"></trkpt>
    <trkpt lat="61.8580509" lon="16.6516265"></trkpt>
    <trkpt lat="61.8580322" lon="16.6516997"></trkpt>
    <trkpt lat="61.8580084" lon="16.6517544"></trkpt>
    <trkpt lat="61.8579747" lon="16.6517888"></trkpt>
    <trkpt lat="61.8579381" lon="16.6518427"></trkpt>
    <trkpt lat="61.8579056" lon="16.6518863"></trkpt>
    <trkpt lat="61.8578673" lon="16.6519225"></trkpt>
    <trkpt lat="61.8578473" lon="16.6520054"></trkpt>
    <trkpt lat="61.8578178" lon="16.6521157"></trkpt>
    <trkpt lat="61.8577831" lon="16.6522049"></trkpt>
    <trkpt lat="61.8577510" lon="16.6523108"></trkpt>
    <trkpt lat="61.8577219" lon="16.6524078"></trkpt>
    <trkpt lat="61.8576896" lon="16.6525112"></trkpt>
    <trkpt lat="61.8576633" lon="16.6526021"></trkpt>
    <trkpt lat="61.8576184" lon="16.6526833"></trkpt>
    <trkpt lat="61.8575793" lon="16.6527317"></trkpt>
    <trkpt lat="61.8575427" lon="16.6527943"></trkpt>
    <trkpt lat="61.8575144" lon="16.6528676"></trkpt>
    <trkpt lat="61.8574911" lon="16.6529682"></trkpt>
    <trkpt lat="61.8574498" lon="16.6531146"></trkpt>
    <trkpt lat="61.8574165" lon="16.6532496"></trkpt>
    <trkpt lat="61.8573844" lon="16.6534065"></trkpt>
    <trkpt lat="61.8573599" lon="16.6535044"></trkpt>
    <trkpt lat="61.8573516" lon="16.6536007"></trkpt>
    <trkpt lat="61.8573829" lon="16.6535965"></trkpt>
    <trkpt lat="61.8573999" lon="16.6536900"></trkpt>
    <trkpt lat="61.8574282" lon="16.6538094"></trkpt>
    <trkpt lat="61.8574539" lon="16.6539304"></trkpt>
    <trkpt lat="61.8574663" lon="16.6540034"></trkpt>
    <trkpt lat="61.8574910" lon="16.6541090"></trkpt>
    <trkpt lat="61.8575094" lon="16.6541909"></trkpt>
    <trkpt lat="61.8575340" lon="16.6543114"></trkpt>
    <trkpt lat="61.8575416" lon="16.6544045"></trkpt>
    <trkpt lat="61.8575448" lon="16.6544825"></trkpt>
    <trkpt lat="61.8575396" lon="16.6545695"></trkpt>
    <trkpt lat="61.8575298" lon="16.6546313"></trkpt>
    <trkpt lat="61.8575118" lon="16.6547181"></trkpt>
    <trkpt lat="61.8574969" lon="16.6547745"></trkpt>
    <trkpt lat="61.8574869" lon="16.6548314"></trkpt>
    <trkpt lat="61.8574766" lon="16.6548918"></trkpt>
    <trkpt lat="61.8574642" lon="16.6549486"></trkpt>
    <trkpt lat="61.8574473" lon="16.6549943"></trkpt>
    <trkpt lat="61.8574299" lon="16.6550565"></trkpt>
    <trkpt lat="61.8574145" lon="16.6551026"></trkpt>
    <trkpt lat="61.8573988" lon="16.6551497"></trkpt>
    <trkpt lat="61.8573771" lon="16.6552191"></trkpt>
    <trkpt lat="61.8573583" lon="16.6552724"></trkpt>
    <trkpt lat="61.8573418" lon="16.6553323"></trkpt>
    <trkpt lat="61.8573254" lon="16.6553887"></trkpt>
    <trkpt lat="61.8573104" lon="16.6554232"></trkpt>
    <trkpt lat="61.8572911" lon="16.6554788"></trkpt>
    <trkpt lat="61.8572592" lon="16.6555352"></trkpt>
    <trkpt lat="61.8572321" lon="16.6555953"></trkpt>
    <trkpt lat="61.8572117" lon="16.6556280"></trkpt>
    <trkpt lat="61.8571893" lon="16.6556589"></trkpt>
    <trkpt lat="61.8571507" lon="16.6557078"></trkpt>
    <trkpt lat="61.8571106" lon="16.6557543"></trkpt>
    <trkpt lat="61.8570669" lon="16.6558068"></trkpt>
    <trkpt lat="61.8570331" lon="16.6558449"></trkpt>
    <trkpt lat="61.8570074" lon="16.6558887"></trkpt>
    <trkpt lat="61.8569875" lon="16.6559415"></trkpt>
    <trkpt lat="61.8569749" lon="16.6560252"></trkpt>
    <trkpt lat="61.8569651" lon="16.6561315"></trkpt>
    <trkpt lat="61.8569505" lon="16.6562193"></trkpt>
    <trkpt lat="61.8569427" lon="16.6563115"></trkpt>
    <trkpt lat="61.8569374" lon="16.6563630"></trkpt>
    <trkpt lat="61.8569261" lon="16.6564709"></trkpt>
    <trkpt lat="61.8569049" lon="16.6565855"></trkpt>
    <trkpt lat="61.8568691" lon="16.6567069"></trkpt>
    <trkpt lat="61.8568292" lon="16.6568281"></trkpt>
    <trkpt lat="61.8568159" lon="16.6569773"></trkpt>
    <trkpt lat="61.8567987" lon="16.6571005"></trkpt>
    <trkpt lat="61.8567642" lon="16.6572374"></trkpt>
    <trkpt lat="61.8567278" lon="16.6573682"></trkpt>
    <trkpt lat="61.8566776" lon="16.6574886"></trkpt>
    <trkpt lat="61.8566293" lon="16.6576510"></trkpt>
    <trkpt lat="61.8565846" lon="16.6578073"></trkpt>
    <trkpt lat="61.8565323" lon="16.6579640"></trkpt>
    <trkpt lat="61.8564776" lon="16.6580987"></trkpt>
    <trkpt lat="61.8564362" lon="16.6581726"></trkpt>
    <trkpt lat="61.8563800" lon="16.6582390"></trkpt>
    <trkpt lat="61.8563333" lon="16.6582600"></trkpt>
    <trkpt lat="61.8562959" lon="16.6582824"></trkpt>
    <trkpt lat="61.8562442" lon="16.6582948"></trkpt>
    <trkpt lat="61.8561908" lon="16.6582962"></trkpt>
    <trkpt lat="61.8561402" lon="16.6582913"></trkpt>
    <trkpt lat="61.8561079" lon="16.6583181"></trkpt>
    <trkpt lat="61.8560693" lon="16.6583575"></trkpt>
    <trkpt lat="61.8560264" lon="16.6583924"></trkpt>
    <trkpt lat="61.8559949" lon="16.6584085"></trkpt>
    <trkpt lat="61.8559664" lon="16.6584349"></trkpt>
    <trkpt lat="61.8559575" lon="16.6584851"></trkpt>
    <trkpt lat="61.8559519" lon="16.6585579"></trkpt>
    <trkpt lat="61.8559488" lon="16.6586175"></trkpt>
    <trkpt lat="61.8559384" lon="16.6587330"></trkpt>
    <trkpt lat="61.8559279" lon="16.6588078"></trkpt>
    <trkpt lat="61.8559115" lon="16.6589367"></trkpt>
    <trkpt lat="61.8558980" lon="16.6590111"></trkpt>
    <trkpt lat="61.8558862" lon="16.6591050"></trkpt>
    <trkpt lat="61.8558855" lon="16.6591923"></trkpt>
    <trkpt lat="61.8558810" lon="16.6593069"></trkpt>
    <trkpt lat="61.8558591" lon="16.6594005"></trkpt>
    <trkpt lat="61.8558411" lon="16.6595182"></trkpt>
    <trkpt lat="61.8558166" lon="16.6596426"></trkpt>
    <trkpt lat="61.8557994" lon="16.6597672"></trkpt>
    <trkpt lat="61.8557902" lon="16.6599588"></trkpt>
    <trkpt lat="61.8557833" lon="16.6601002"></trkpt>
    <trkpt lat="61.8557666" lon="16.6602574"></trkpt>
    <trkpt lat="61.8557515" lon="16.6604464"></trkpt>
    <trkpt lat="61.8557411" lon="16.6606290"></trkpt>
    <trkpt lat="61.8557291" lon="16.6608126"></trkpt>
    <trkpt lat="61.8557223" lon="16.6609792"></trkpt>
    <trkpt lat="61.8557107" lon="16.6611276"></trkpt>
    <trkpt lat="61.8556998" lon="16.6612646"></trkpt>
    <trkpt lat="61.8556971" lon="16.6612713"></trkpt>
    <trkpt lat="61.8556728" lon="16.6613311"></trkpt>
    <trkpt lat="61.8555788" lon="16.6614716"></trkpt>
    <trkpt lat="61.8555089" lon="16.6615777"></trkpt>
    <trkpt lat="61.8554067" lon="16.6617387"></trkpt>
    <trkpt lat="61.8553554" lon="16.6619380"></trkpt>
    <trkpt lat="61.8553229" lon="16.6620926"></trkpt>
    <trkpt lat="61.8552891" lon="16.6623673"></trkpt>
    <trkpt lat="61.8552177" lon="16.6625016"></trkpt>
    <trkpt lat="61.8551249" lon="16.6625897"></trkpt>
    <trkpt lat="61.8550411" lon="16.6626651"></trkpt>
    <trkpt lat="61.8549482" lon="16.6628227"></trkpt>
    <trkpt lat="61.8547584" lon="16.6632079"></trkpt>
    <trkpt lat="61.8545951" lon="16.6630768"></trkpt>
    <trkpt lat="61.8544427" lon="16.6629819"></trkpt>
    <trkpt lat="61.8542697" lon="16.6628912"></trkpt>
    <trkpt lat="61.8541062" lon="16.6627608"></trkpt>
    <trkpt lat="61.8539319" lon="16.6626113"></trkpt>
    <trkpt lat="61.8537533" lon="16.6624568"></trkpt>
    <trkpt lat="61.8536845" lon="16.6623939"></trkpt>
    <trkpt lat="61.8535980" lon="16.6623149"></trkpt>
    <trkpt lat="61.8534430" lon="16.6622231"></trkpt>
    <trkpt lat="61.8532720" lon="16.6621224"></trkpt>
    <trkpt lat="61.8531958" lon="16.6622167"></trkpt>
    <trkpt lat="61.8531253" lon="16.6623467"></trkpt>
    <trkpt lat="61.8530660" lon="16.6624563"></trkpt>
    <trkpt lat="61.8530310" lon="16.6625507"></trkpt>
    <trkpt lat="61.8529762" lon="16.6626507"></trkpt>
    <trkpt lat="61.8529092" lon="16.6627589"></trkpt>
    <trkpt lat="61.8528361" lon="16.6628654"></trkpt>
    <trkpt lat="61.8527638" lon="16.6629515"></trkpt>
    <trkpt lat="61.8527041" lon="16.6630619"></trkpt>
    <trkpt lat="61.8525977" lon="16.6632661"></trkpt>
    <trkpt lat="61.8526391" lon="16.6635729"></trkpt>
    <trkpt lat="61.8526657" lon="16.6638562"></trkpt>
    <trkpt lat="61.8525792" lon="16.6641604"></trkpt>
    <trkpt lat="61.8525033" lon="16.6645484"></trkpt>
    <trkpt lat="61.8524109" lon="16.6647721"></trkpt>
    <trkpt lat="61.8523315" lon="16.6648744"></trkpt>
    <trkpt lat="61.8522854" lon="16.6650815"></trkpt>
    <trkpt lat="61.8522419" lon="16.6652807"></trkpt>
    <trkpt lat="61.8522071" lon="16.6654261"></trkpt>
    <trkpt lat="61.8521489" lon="16.6655907"></trkpt>
    <trkpt lat="61.8521175" lon="16.6657267"></trkpt>
    <trkpt lat="61.8520786" lon="16.6658829"></trkpt>
    <trkpt lat="61.8520499" lon="16.6660418"></trkpt>
    <trkpt lat="61.8520265" lon="16.6661792"></trkpt>
    <trkpt lat="61.8520005" lon="16.6663504"></trkpt>
    <trkpt lat="61.8519680" lon="16.6665171"></trkpt>
    <trkpt lat="61.8519371" lon="16.6666893"></trkpt>
    <trkpt lat="61.8519055" lon="16.6668299"></trkpt>
    <trkpt lat="61.8518694" lon="16.6670004"></trkpt>
    <trkpt lat="61.8518382" lon="16.6671794"></trkpt>
    <trkpt lat="61.8517893" lon="16.6673932"></trkpt>
    <trkpt lat="61.8517489" lon="16.6675695"></trkpt>
    <trkpt lat="61.8517271" lon="16.6676653"></trkpt>
    <trkpt lat="61.8516890" lon="16.6678293"></trkpt>
    <trkpt lat="61.8516467" lon="16.6679045"></trkpt>
    <trkpt lat="61.8516354" lon="16.6680405"></trkpt>
    <trkpt lat="61.8516119" lon="16.6682585"></trkpt>
    <trkpt lat="61.8515854" lon="16.6685065"></trkpt>
    <trkpt lat="61.8515280" lon="16.6687533"></trkpt>
    <trkpt lat="61.8514756" lon="16.6689344"></trkpt>
    <trkpt lat="61.8514253" lon="16.6691472"></trkpt>
    <trkpt lat="61.8513474" lon="16.6693164"></trkpt>
    <trkpt lat="61.8512397" lon="16.6695000"></trkpt>
    <trkpt lat="61.8511660" lon="16.6697620"></trkpt>
    <trkpt lat="61.8511312" lon="16.6698997"></trkpt>
    <trkpt lat="61.8510584" lon="16.6699892"></trkpt>
    <trkpt lat="61.8509914" lon="16.6701552"></trkpt>
    <trkpt lat="61.8509136" lon="16.6703105"></trkpt>
    <trkpt lat="61.8508885" lon="16.6705509"></trkpt>
    <trkpt lat="61.8507914" lon="16.6707770"></trkpt>
    <trkpt lat="61.8507484" lon="16.6708638"></trkpt>
    <trkpt lat="61.8507168" lon="16.6710566"></trkpt>
    <trkpt lat="61.8506725" lon="16.6712237"></trkpt>
    <trkpt lat="61.8506030" lon="16.6714199"></trkpt>
    <trkpt lat="61.8505632" lon="16.6716096"></trkpt>
    <trkpt lat="61.8505196" lon="16.6718163"></trkpt>
    <trkpt lat="61.8504492" lon="16.6718886"></trkpt>
    <trkpt lat="61.8503906" lon="16.6720214"></trkpt>
    <trkpt lat="61.8503527" lon="16.6721071"></trkpt>
    <trkpt lat="61.8502782" lon="16.6721929"></trkpt>
    <trkpt lat="61.8502227" lon="16.6724097"></trkpt>
    <trkpt lat="61.8501537" lon="16.6725888"></trkpt>
    <trkpt lat="61.8501151" lon="16.6726676"></trkpt>
    <trkpt lat="61.8500695" lon="16.6728468"></trkpt>
    <trkpt lat="61.8500475" lon="16.6730274"></trkpt>
    <trkpt lat="61.8499691" lon="16.6731634"></trkpt>
    <trkpt lat="61.8499026" lon="16.6734594"></trkpt>
    <trkpt lat="61.8498367" lon="16.6735954"></trkpt>
    <trkpt lat="61.8497828" lon="16.6737857"></trkpt>
    <trkpt lat="61.8497177" lon="16.6738888"></trkpt>
    <trkpt lat="61.8496390" lon="16.6740687"></trkpt>
    <trkpt lat="61.8495516" lon="16.6742863"></trkpt>
    <trkpt lat="61.8494378" lon="16.6747880"></trkpt>
    <trkpt lat="61.8492947" lon="16.6751406"></trkpt>
    <trkpt lat="61.8491876" lon="16.6755328"></trkpt>
    <trkpt lat="61.8490698" lon="16.6758201"></trkpt>
    <trkpt lat="61.8489568" lon="16.6761847"></trkpt>
    <trkpt lat="61.8488123" lon="16.6764339"></trkpt>
    <trkpt lat="61.8488481" lon="16.6768897"></trkpt>
    <trkpt lat="61.8488550" lon="16.6773789"></trkpt>
    <trkpt lat="61.8488860" lon="16.6778877"></trkpt>
    <trkpt lat="61.8489102" lon="16.6783315"></trkpt>
    <trkpt lat="61.8489320" lon="16.6788037"></trkpt>
    <trkpt lat="61.8489468" lon="16.6792735"></trkpt>
    <trkpt lat="61.8489755" lon="16.6797895"></trkpt>
    <trkpt lat="61.8489939" lon="16.6802788"></trkpt>
    <trkpt lat="61.8490112" lon="16.6807193"></trkpt>
    <trkpt lat="61.8490398" lon="16.6811721"></trkpt>
    <trkpt lat="61.8490123" lon="16.6816589"></trkpt>
    <trkpt lat="61.8489911" lon="16.6821773"></trkpt>
    <trkpt lat="61.8489313" lon="16.6826397"></trkpt>
    <trkpt lat="61.8488649" lon="16.6830827"></trkpt>
    <trkpt lat="61.8487707" lon="16.6835476"></trkpt>
    <trkpt lat="61.8487156" lon="16.6840141"></trkpt>
    <trkpt lat="61.8486341" lon="16.6844814"></trkpt>
    <trkpt lat="61.8485940" lon="16.6849532"></trkpt>
    <trkpt lat="61.8485676" lon="16.6854278"></trkpt>
    <trkpt lat="61.8485595" lon="16.6859020"></trkpt>
    <trkpt lat="61.8486181" lon="16.6863547"></trkpt>
    <trkpt lat="61.8486558" lon="16.6868196"></trkpt>
    <trkpt lat="61.8486754" lon="16.6873040"></trkpt>
    <trkpt lat="61.8486947" lon="16.6878249"></trkpt>
    <trkpt lat="61.8487257" lon="16.6882411"></trkpt>
    <trkpt lat="61.8487717" lon="16.6887449"></trkpt>
    <trkpt lat="61.8488245" lon="16.6892390"></trkpt>
    <trkpt lat="61.8488854" lon="16.6896818"></trkpt>
    <trkpt lat="61.8489291" lon="16.6901272"></trkpt>
    <trkpt lat="61.8489164" lon="16.6906699"></trkpt>
    <trkpt lat="61.8489094" lon="16.6911537"></trkpt>
    <trkpt lat="61.8488727" lon="16.6915748"></trkpt>
    <trkpt lat="61.8487624" lon="16.6920738"></trkpt>
    <trkpt lat="61.8486648" lon="16.6926359"></trkpt>
    <trkpt lat="61.8485969" lon="16.6931628"></trkpt>
    <trkpt lat="61.8485372" lon="16.6936228"></trkpt>
    <trkpt lat="61.8484802" lon="16.6941350"></trkpt>
    <trkpt lat="61.8482805" lon="16.6951525"></trkpt>
    <trkpt lat="61.8480618" lon="16.6962597"></trkpt>
    <trkpt lat="61.8479201" lon="16.6970408"></trkpt>
    <trkpt lat="61.8477500" lon="16.6977360"></trkpt>
    <trkpt lat="61.8475678" lon="16.6986373"></trkpt>
    <trkpt lat="61.8474625" lon="16.6990063"></trkpt>
    <trkpt lat="61.8473734" lon="16.6992724"></trkpt>
    <trkpt lat="61.8473207" lon="16.6995556"></trkpt>
    <trkpt lat="61.8472802" lon="16.6999247"></trkpt>
    <trkpt lat="61.8472236" lon="16.7004225"></trkpt>
    <trkpt lat="61.8471669" lon="16.7009719"></trkpt>
    <trkpt lat="61.8470616" lon="16.7014096"></trkpt>
    <trkpt lat="61.8469441" lon="16.7016585"></trkpt>
    <trkpt lat="61.8468429" lon="16.7018645"></trkpt>
    <trkpt lat="61.8467740" lon="16.7021563"></trkpt>
    <trkpt lat="61.8466835" lon="16.7026945"></trkpt>
    <trkpt lat="61.8465643" lon="16.7032141"></trkpt>
    <trkpt lat="61.8465200" lon="16.7035750"></trkpt>
    <trkpt lat="61.8464417" lon="16.7038926"></trkpt>
    <trkpt lat="61.8463123" lon="16.7043834"></trkpt>
    <trkpt lat="61.8462238" lon="16.7046432"></trkpt>
    <trkpt lat="61.8461761" lon="16.7048164"></trkpt>
    <trkpt lat="61.8461693" lon="16.7049608"></trkpt>
    <trkpt lat="61.8461795" lon="16.7053000"></trkpt>
    <trkpt lat="61.8461931" lon="16.7056537"></trkpt>
    <trkpt lat="61.8461931" lon="16.7059784"></trkpt>
    <trkpt lat="61.8461761" lon="16.7063177"></trkpt>
    <trkpt lat="61.8461829" lon="16.7066352"></trkpt>
    <trkpt lat="61.8461999" lon="16.7069817"></trkpt>
    <trkpt lat="61.8462476" lon="16.7072920"></trkpt>
    <trkpt lat="61.8462816" lon="16.7075807"></trkpt>
    <trkpt lat="61.8462851" lon="16.7078117"></trkpt>
    <trkpt lat="61.8462544" lon="16.7081076"></trkpt>
    <trkpt lat="61.8462169" lon="16.7083891"></trkpt>
    <trkpt lat="61.8461488" lon="16.7087355"></trkpt>
    <trkpt lat="61.8461080" lon="16.7088943"></trkpt>
    <trkpt lat="61.8460194" lon="16.7091108"></trkpt>
    <trkpt lat="61.8458707" lon="16.7094690"></trkpt>
    <trkpt lat="61.8457379" lon="16.7096783"></trkpt>
    <trkpt lat="61.8456289" lon="16.7098587"></trkpt>
    <trkpt lat="61.8455608" lon="16.7100319"></trkpt>
    <trkpt lat="61.8454382" lon="16.7103351"></trkpt>
    <trkpt lat="61.8453020" lon="16.7106959"></trkpt>
    <trkpt lat="61.8451930" lon="16.7109413"></trkpt>
    <trkpt lat="61.8450023" lon="16.7112372"></trkpt>
    <trkpt lat="61.8448252" lon="16.7114538"></trkpt>
    <trkpt lat="61.8447502" lon="16.7115187"></trkpt>
    <trkpt lat="61.8447040" lon="16.7115816"></trkpt>
    <trkpt lat="61.8446647" lon="16.7116877"></trkpt>
    <trkpt lat="61.8445936" lon="16.7118074"></trkpt>
    <trkpt lat="61.8444948" lon="16.7119518"></trkpt>
    <trkpt lat="61.8443211" lon="16.7123054"></trkpt>
    <trkpt lat="61.8441474" lon="16.7126735"></trkpt>
    <trkpt lat="61.8440589" lon="16.7129261"></trkpt>
    <trkpt lat="61.8439942" lon="16.7133520"></trkpt>
    <trkpt lat="61.8439601" lon="16.7136984"></trkpt>
    <trkpt lat="61.8439398" lon="16.7140448"></trkpt>
    <trkpt lat="61.8438908" lon="16.7143250"></trkpt>
    <trkpt lat="61.8438200" lon="16.7144806"></trkpt>
    <trkpt lat="61.8436858" lon="16.7146093"></trkpt>
    <trkpt lat="61.8435364" lon="16.7147810"></trkpt>
    <trkpt lat="61.8433517" lon="16.7152852"></trkpt>
    <trkpt lat="61.8432555" lon="16.7156822"></trkpt>
    <trkpt lat="61.8431517" lon="16.7162615"></trkpt>
    <trkpt lat="61.8430605" lon="16.7166317"></trkpt>
    <trkpt lat="61.8429669" lon="16.7170126"></trkpt>
    <trkpt lat="61.8428099" lon="16.7174685"></trkpt>
    <trkpt lat="61.8427112" lon="16.7178333"></trkpt>
    <trkpt lat="61.8426454" lon="16.7180747"></trkpt>
    <trkpt lat="61.8425619" lon="16.7186219"></trkpt>
    <trkpt lat="61.8424935" lon="16.7189223"></trkpt>
    <trkpt lat="61.8423619" lon="16.7194695"></trkpt>
    <trkpt lat="61.8422960" lon="16.7196519"></trkpt>
    <trkpt lat="61.8422631" lon="16.7198772"></trkpt>
    <trkpt lat="61.8422707" lon="16.7201668"></trkpt>
    <trkpt lat="61.8422555" lon="16.7205263"></trkpt>
    <trkpt lat="61.8422024" lon="16.7209286"></trkpt>
    <trkpt lat="61.8421391" lon="16.7211753"></trkpt>
    <trkpt lat="61.8420302" lon="16.7212934"></trkpt>
    <trkpt lat="61.8419290" lon="16.7214221"></trkpt>
    <trkpt lat="61.8418682" lon="16.7216099"></trkpt>
    <trkpt lat="61.8417822" lon="16.7219532"></trkpt>
    <trkpt lat="61.8417037" lon="16.7223662"></trkpt>
    <trkpt lat="61.8415493" lon="16.7229563"></trkpt>
    <trkpt lat="61.8414227" lon="16.7233801"></trkpt>
    <trkpt lat="61.8413113" lon="16.7237503"></trkpt>
    <trkpt lat="61.8412556" lon="16.7239541"></trkpt>
    <trkpt lat="61.8412252" lon="16.7241472"></trkpt>
    <trkpt lat="61.8411290" lon="16.7245335"></trkpt>
    <trkpt lat="61.8409822" lon="16.7250699"></trkpt>
    <trkpt lat="61.8408505" lon="16.7255366"></trkpt>
    <trkpt lat="61.8408075" lon="16.7257566"></trkpt>
    <trkpt lat="61.8407451" lon="16.7260417"></trkpt>
    <trkpt lat="61.8405468" lon="16.7266095"></trkpt>
    <trkpt lat="61.8404404" lon="16.7270333"></trkpt>
    <trkpt lat="61.8402961" lon="16.7275644"></trkpt>
    <trkpt lat="61.8401619" lon="16.7281545"></trkpt>
    <trkpt lat="61.8400278" lon="16.7288250"></trkpt>
    <trkpt lat="61.8399619" lon="16.7289752"></trkpt>
    <trkpt lat="61.8398556" lon="16.7292220"></trkpt>
    <trkpt lat="61.8397594" lon="16.7296940"></trkpt>
    <trkpt lat="61.8396455" lon="16.7301339"></trkpt>
    <trkpt lat="61.8395012" lon="16.7306918"></trkpt>
    <trkpt lat="61.8392683" lon="16.7317003"></trkpt>
    <trkpt lat="61.8391442" lon="16.7319846"></trkpt>
    <trkpt lat="61.8389847" lon="16.7326445"></trkpt>
    <trkpt lat="61.8388126" lon="16.7333311"></trkpt>
    <trkpt lat="61.8386404" lon="16.7339158"></trkpt>
    <trkpt lat="61.8385139" lon="16.7342214"></trkpt>
    <trkpt lat="61.8384324" lon="16.7340507"></trkpt>
    <trkpt lat="61.8383239" lon="16.7340660"></trkpt>
    <trkpt lat="61.8382277" lon="16.7340178"></trkpt>
    <trkpt lat="61.8379922" lon="16.7338032"></trkpt>
    <trkpt lat="61.8376808" lon="16.7337066"></trkpt>
    <trkpt lat="61.8375796" lon="16.7336798"></trkpt>
    <trkpt lat="61.8375239" lon="16.7337656"></trkpt>
    <trkpt lat="61.8374125" lon="16.7338515"></trkpt>
    <trkpt lat="61.8372580" lon="16.7338944"></trkpt>
    <trkpt lat="61.8371108" lon="16.7339115"></trkpt>
    <trkpt lat="61.8370023" lon="16.7343396"></trkpt>
    <trkpt lat="61.8369441" lon="16.7347259"></trkpt>
    <trkpt lat="61.8367871" lon="16.7359060"></trkpt>
    <trkpt lat="61.8367212" lon="16.7365176"></trkpt>
    <trkpt lat="61.8367061" lon="16.7370004"></trkpt>
    <trkpt lat="61.8366731" lon="16.7374993"></trkpt>
    <trkpt lat="61.8366200" lon="16.7377407"></trkpt>
    <trkpt lat="61.8364515" lon="16.7380947"></trkpt>
    <trkpt lat="61.8360503" lon="16.7387331"></trkpt>
    <trkpt lat="61.8359844" lon="16.7388833"></trkpt>
    <trkpt lat="61.8359515" lon="16.7392963"></trkpt>
    <trkpt lat="61.8359211" lon="16.7398060"></trkpt>
    <trkpt lat="61.8358756" lon="16.7400420"></trkpt>
    <trkpt lat="61.8358199" lon="16.7404873"></trkpt>
    <trkpt lat="61.8357667" lon="16.7410130"></trkpt>
    <trkpt lat="61.8357135" lon="16.7414260"></trkpt>
    <trkpt lat="61.8356300" lon="16.7418874"></trkpt>
    <trkpt lat="61.8354806" lon="16.7423648"></trkpt>
    <trkpt lat="61.8352071" lon="16.7430568"></trkpt>
    <trkpt lat="61.8348552" lon="16.7438346"></trkpt>
    <trkpt lat="61.8347032" lon="16.7441941"></trkpt>
    <trkpt lat="61.8346349" lon="16.7445320"></trkpt>
    <trkpt lat="61.8345361" lon="16.7451328"></trkpt>
    <trkpt lat="61.8344804" lon="16.7453528"></trkpt>
    <trkpt lat="61.8343817" lon="16.7454869"></trkpt>
    <trkpt lat="61.8339866" lon="16.7459107"></trkpt>
    <trkpt lat="61.8337689" lon="16.7461896"></trkpt>
    <trkpt lat="61.8335536" lon="16.7465061"></trkpt>
    <trkpt lat="61.8334118" lon="16.7468334"></trkpt>
    <trkpt lat="61.8332268" lon="16.7473535"></trkpt>
    <trkpt lat="61.8331078" lon="16.7477264"></trkpt>
    <trkpt lat="61.8329854" lon="16.7479703"></trkpt>
    <trkpt lat="61.8328305" lon="16.7482226"></trkpt>
    <trkpt lat="61.8324688" lon="16.7489225"></trkpt>
    <trkpt lat="61.8324115" lon="16.7491023"></trkpt>
    <trkpt lat="61.8323355" lon="16.7494376"></trkpt>
    <trkpt lat="61.8322659" lon="16.7498024"></trkpt>
    <trkpt lat="61.8322165" lon="16.7499472"></trkpt>
    <trkpt lat="61.8319784" lon="16.7503443"></trkpt>
    <trkpt lat="61.8319518" lon="16.7509210"></trkpt>
    <trkpt lat="61.8318987" lon="16.7516694"></trkpt>
    <trkpt lat="61.8318645" lon="16.7519295"></trkpt>
    <trkpt lat="61.8318113" lon="16.7522273"></trkpt>
    <trkpt lat="61.8316443" lon="16.7527754"></trkpt>
    <trkpt lat="61.8316077" lon="16.7529516"></trkpt>
    <trkpt lat="61.8315920" lon="16.7530876"></trkpt>
    <trkpt lat="61.8316037" lon="16.7532460"></trkpt>
    <trkpt lat="61.8316253" lon="16.7533972"></trkpt>
    <trkpt lat="61.8316838" lon="16.7535505"></trkpt>
    <trkpt lat="61.8319240" lon="16.7539305"></trkpt>
    <trkpt lat="61.8321418" lon="16.7543221"></trkpt>
    <trkpt lat="61.8322774" lon="16.7546673"></trkpt>
    <trkpt lat="61.8323581" lon="16.7550857"></trkpt>
    <trkpt lat="61.8323995" lon="16.7555328"></trkpt>
    <trkpt lat="61.8324306" lon="16.7563113"></trkpt>
    <trkpt lat="61.8324150" lon="16.7566082"></trkpt>
    <trkpt lat="61.8323127" lon="16.7570204"></trkpt>
    <trkpt lat="61.8321004" lon="16.7577737"></trkpt>
    <trkpt lat="61.8319873" lon="16.7583185"></trkpt>
    <trkpt lat="61.8320051" lon="16.7585126"></trkpt>
    <trkpt lat="61.8320336" lon="16.7586006"></trkpt>
    <trkpt lat="61.8321190" lon="16.7587128"></trkpt>
    <trkpt lat="61.8322937" lon="16.7587745"></trkpt>
    <trkpt lat="61.8324862" lon="16.7587692"></trkpt>
    <trkpt lat="61.8326864" lon="16.7587362"></trkpt>
    <trkpt lat="61.8330888" lon="16.7587048"></trkpt>
    <trkpt lat="61.8332927" lon="16.7587504"></trkpt>
    <trkpt lat="61.8335142" lon="16.7588892"></trkpt>
    <trkpt lat="61.8336231" lon="16.7590293"></trkpt>
    <trkpt lat="61.8337687" lon="16.7592680"></trkpt>
    <trkpt lat="61.8338811" lon="16.7595917"></trkpt>
    <trkpt lat="61.8342203" lon="16.7605723"></trkpt>
    <trkpt lat="61.8344625" lon="16.7613199"></trkpt>
    <trkpt lat="61.8346259" lon="16.7617276"></trkpt>
    <trkpt lat="61.8347461" lon="16.7620039"></trkpt>
    <trkpt lat="61.8350057" lon="16.7624304"></trkpt>
    <trkpt lat="61.8352132" lon="16.7627457"></trkpt>
    <trkpt lat="61.8353243" lon="16.7630194"></trkpt>
    <trkpt lat="61.8353206" lon="16.7634406"></trkpt>
    <trkpt lat="61.8352652" lon="16.7640880"></trkpt>
    <trkpt lat="61.8352171" lon="16.7644957"></trkpt>
    <trkpt lat="61.8351572" lon="16.7649290"></trkpt>
    <trkpt lat="61.8349677" lon="16.7651609"></trkpt>
    <trkpt lat="61.8344613" lon="16.7657617"></trkpt>
    <trkpt lat="61.8343106" lon="16.7660138"></trkpt>
    <trkpt lat="61.8341777" lon="16.7662954"></trkpt>
    <trkpt lat="61.8336636" lon="16.7678323"></trkpt>
    <trkpt lat="61.8335231" lon="16.7682534"></trkpt>
    <trkpt lat="61.8334168" lon="16.7684627"></trkpt>
    <trkpt lat="61.8333066" lon="16.7685914"></trkpt>
    <trkpt lat="61.8331458" lon="16.7687443"></trkpt>
    <trkpt lat="61.8328131" lon="16.7690239"></trkpt>
    <trkpt lat="61.8327356" lon="16.7691386"></trkpt>
    <trkpt lat="61.8326419" lon="16.7693317"></trkpt>
    <trkpt lat="61.8325856" lon="16.7695099"></trkpt>
    <trkpt lat="61.8325427" lon="16.7696456"></trkpt>
    <trkpt lat="61.8323558" lon="16.7704758"></trkpt>
    <trkpt lat="61.8322709" lon="16.7708954"></trkpt>
    <trkpt lat="61.8321722" lon="16.7713621"></trkpt>
    <trkpt lat="61.8320633" lon="16.7717940"></trkpt>
    <trkpt lat="61.8319215" lon="16.7721695"></trkpt>
    <trkpt lat="61.8317113" lon="16.7725879"></trkpt>
    <trkpt lat="61.8316585" lon="16.7726982"></trkpt>
    <trkpt lat="61.8315772" lon="16.7727366"></trkpt>
    <trkpt lat="61.8314754" lon="16.7727524"></trkpt>
    <trkpt lat="61.8313809" lon="16.7727170"></trkpt>
    <trkpt lat="61.8311921" lon="16.7724752"></trkpt>
    <trkpt lat="61.8310880" lon="16.7723992"></trkpt>
    <trkpt lat="61.8310047" lon="16.7723948"></trkpt>
    <trkpt lat="61.8309022" lon="16.7724377"></trkpt>
    <trkpt lat="61.8306401" lon="16.7726925"></trkpt>
    <trkpt lat="61.8304372" lon="16.7728579"></trkpt>
    <trkpt lat="61.8302159" lon="16.7729902"></trkpt>
    <trkpt lat="61.8300560" lon="16.7730205"></trkpt>
    <trkpt lat="61.8299474" lon="16.7728990"></trkpt>
    <trkpt lat="61.8298499" lon="16.7728481"></trkpt>
    <trkpt lat="61.8297562" lon="16.7728776"></trkpt>
    <trkpt lat="61.8294460" lon="16.7732558"></trkpt>
    <trkpt lat="61.8292510" lon="16.7735428"></trkpt>
    <trkpt lat="61.8291294" lon="16.7736957"></trkpt>
    <trkpt lat="61.8289813" lon="16.7737493"></trkpt>
    <trkpt lat="61.8288353" lon="16.7737162"></trkpt>
    <trkpt lat="61.8285922" lon="16.7736089"></trkpt>
    <trkpt lat="61.8283659" lon="16.7735213"></trkpt>
    <trkpt lat="61.8280692" lon="16.7734453"></trkpt>
    <trkpt lat="61.8278248" lon="16.7734399"></trkpt>
    <trkpt lat="61.8276858" lon="16.7734489"></trkpt>
    <trkpt lat="61.8274524" lon="16.7734808"></trkpt>
    <trkpt lat="61.8274308" lon="16.7742891"></trkpt>
    <trkpt lat="61.8273983" lon="16.7745838"></trkpt>
    <trkpt lat="61.8273426" lon="16.7750880"></trkpt>
    <trkpt lat="61.8272345" lon="16.7758100"></trkpt>
    <trkpt lat="61.8270946" lon="16.7767177"></trkpt>
    <trkpt lat="61.8269545" lon="16.7774348"></trkpt>
    <trkpt lat="61.8268290" lon="16.7779609"></trkpt>
    <trkpt lat="61.8267104" lon="16.7783178"></trkpt>
    <trkpt lat="61.8265476" lon="16.7787281"></trkpt>
    <trkpt lat="61.8264438" lon="16.7789526"></trkpt>
    <trkpt lat="61.8260239" lon="16.7787280"></trkpt>
    <trkpt lat="61.8256252" lon="16.7784300"></trkpt>
    <trkpt lat="61.8254638" lon="16.7782953"></trkpt>
    <trkpt lat="61.8253386" lon="16.7781008"></trkpt>
    <trkpt lat="61.8252019" lon="16.7778509"></trkpt>
    <trkpt lat="61.8251048" lon="16.7776779"></trkpt>
    <trkpt lat="61.8249578" lon="16.7774942"></trkpt>
    <trkpt lat="61.8248180" lon="16.7773014"></trkpt>
    <trkpt lat="61.8247090" lon="16.7770451"></trkpt>
    <trkpt lat="61.8246238" lon="16.7767420"></trkpt>
    <trkpt lat="61.8244960" lon="16.7760672"></trkpt>
    <trkpt lat="61.8244431" lon="16.7757821"></trkpt>
    <trkpt lat="61.8244125" lon="16.7756810"></trkpt>
    <trkpt lat="61.8243494" lon="16.7755439"></trkpt>
    <trkpt lat="61.8242489" lon="16.7753995"></trkpt>
    <trkpt lat="61.8241671" lon="16.7752552"></trkpt>
    <trkpt lat="61.8240904" lon="16.7750856"></trkpt>
    <trkpt lat="61.8240137" lon="16.7749629"></trkpt>
    <trkpt lat="61.8239030" lon="16.7748799"></trkpt>
    <trkpt lat="61.8237854" lon="16.7748041"></trkpt>
    <trkpt lat="61.8236712" lon="16.7747680"></trkpt>
    <trkpt lat="61.8235673" lon="16.7747861"></trkpt>
    <trkpt lat="61.8234242" lon="16.7748113"></trkpt>
    <trkpt lat="61.8233236" lon="16.7748546"></trkpt>
    <trkpt lat="61.8231822" lon="16.7750062"></trkpt>
    <trkpt lat="61.8230237" lon="16.7752335"></trkpt>
    <trkpt lat="61.8229266" lon="16.7754645"></trkpt>
    <trkpt lat="61.8228874" lon="16.7755980"></trkpt>
    <trkpt lat="61.8228414" lon="16.7756919"></trkpt>
    <trkpt lat="61.8228141" lon="16.7758254"></trkpt>
    <trkpt lat="61.8227664" lon="16.7758976"></trkpt>
    <trkpt lat="61.8227085" lon="16.7759445"></trkpt>
    <trkpt lat="61.8226505" lon="16.7760275"></trkpt>
    <trkpt lat="61.8226096" lon="16.7761538"></trkpt>
    <trkpt lat="61.8225636" lon="16.7764064"></trkpt>
    <trkpt lat="61.8224784" lon="16.7767492"></trkpt>
    <trkpt lat="61.8224103" lon="16.7770127"></trkpt>
    <trkpt lat="61.8223677" lon="16.7772508"></trkpt>
    <trkpt lat="61.8223438" lon="16.7774240"></trkpt>
    <trkpt lat="61.8222876" lon="16.7775540"></trkpt>
    <trkpt lat="61.8222467" lon="16.7776550"></trkpt>
    <trkpt lat="61.8222313" lon="16.7777994"></trkpt>
    <trkpt lat="61.8222347" lon="16.7779798"></trkpt>
    <trkpt lat="61.8222398" lon="16.7781855"></trkpt>
    <trkpt lat="61.8222058" lon="16.7784273"></trkpt>
    <trkpt lat="61.8221240" lon="16.7787412"></trkpt>
    <trkpt lat="61.8220643" lon="16.7789830"></trkpt>
    <trkpt lat="61.8220388" lon="16.7791129"></trkpt>
    <trkpt lat="61.8219928" lon="16.7791635"></trkpt>
    <trkpt lat="61.8219161" lon="16.7791743"></trkpt>
    <trkpt lat="61.8217968" lon="16.7792176"></trkpt>
    <trkpt lat="61.8214915" lon="16.7792850"></trkpt>
    <trkpt lat="61.8213587" lon="16.7789130"></trkpt>
    <trkpt lat="61.8211588" lon="16.7783890"></trkpt>
    <trkpt lat="61.8208355" lon="16.7775446"></trkpt>
    <trkpt lat="61.8208173" lon="16.7774750"></trkpt>
    <trkpt lat="61.8207400" lon="16.7773399"></trkpt>
    <trkpt lat="61.8204827" lon="16.7770656"></trkpt>
    <trkpt lat="61.8203225" lon="16.7769393"></trkpt>
    <trkpt lat="61.8201555" lon="16.7768347"></trkpt>
    <trkpt lat="61.8200311" lon="16.7767445"></trkpt>
    <trkpt lat="61.8197822" lon="16.7764774"></trkpt>
    <trkpt lat="61.8196237" lon="16.7763403"></trkpt>
    <trkpt lat="61.8195300" lon="16.7762753"></trkpt>
    <trkpt lat="61.8194533" lon="16.7762320"></trkpt>
    <trkpt lat="61.8193988" lon="16.7760985"></trkpt>
    <trkpt lat="61.8193340" lon="16.7757340"></trkpt>
    <trkpt lat="61.8192744" lon="16.7752613"></trkpt>
    <trkpt lat="61.8192028" lon="16.7747669"></trkpt>
    <trkpt lat="61.8191466" lon="16.7745756"></trkpt>
    <trkpt lat="61.8191261" lon="16.7744313"></trkpt>
    <trkpt lat="61.8191397" lon="16.7743591"></trkpt>
    <trkpt lat="61.8191943" lon="16.7742689"></trkpt>
    <trkpt lat="61.8192386" lon="16.7740812"></trkpt>
    <trkpt lat="61.8192727" lon="16.7738250"></trkpt>
    <trkpt lat="61.8192727" lon="16.7735977"></trkpt>
    <trkpt lat="61.8192556" lon="16.7732981"></trkpt>
    <trkpt lat="61.8192539" lon="16.7728398"></trkpt>
    <trkpt lat="61.8192573" lon="16.7726594"></trkpt>
    <trkpt lat="61.8192403" lon="16.7725619"></trkpt>
    <trkpt lat="61.8191704" lon="16.7724284"></trkpt>
    <trkpt lat="61.8190665" lon="16.7722949"></trkpt>
    <trkpt lat="61.8190239" lon="16.7721036"></trkpt>
    <trkpt lat="61.8190153" lon="16.7719376"></trkpt>
    <trkpt lat="61.8190136" lon="16.7717680"></trkpt>
    <trkpt lat="61.8190051" lon="16.7716634"></trkpt>
    <trkpt lat="61.8189659" lon="16.7715443"></trkpt>
    <trkpt lat="61.8189063" lon="16.7714360"></trkpt>
    <trkpt lat="61.8188739" lon="16.7712448"></trkpt>
    <trkpt lat="61.8188500" lon="16.7710607"></trkpt>
    <trkpt lat="61.8188057" lon="16.7709019"></trkpt>
    <trkpt lat="61.8187358" lon="16.7708298"></trkpt>
    <trkpt lat="61.8186711" lon="16.7707720"></trkpt>
    <trkpt lat="61.8186199" lon="16.7707684"></trkpt>
    <trkpt lat="61.8185637" lon="16.7707937"></trkpt>
    <trkpt lat="61.8185177" lon="16.7708586"></trkpt>
    <trkpt lat="61.8184563" lon="16.7709380"></trkpt>
    <trkpt lat="61.8183899" lon="16.7710066"></trkpt>
    <trkpt lat="61.8182109" lon="16.7711221"></trkpt>
    <trkpt lat="61.8179212" lon="16.7712845"></trkpt>
    <trkpt lat="61.8176826" lon="16.7713927"></trkpt>
    <trkpt lat="61.8174559" lon="16.7715226"></trkpt>
    <trkpt lat="61.8173042" lon="16.7717031"></trkpt>
    <trkpt lat="61.8171730" lon="16.7719196"></trkpt>
    <trkpt lat="61.8170315" lon="16.7720242"></trkpt>
    <trkpt lat="61.8169582" lon="16.7720675"></trkpt>
    <trkpt lat="61.8168321" lon="16.7722155"></trkpt>
    <trkpt lat="61.8166906" lon="16.7725259"></trkpt>
    <trkpt lat="61.8165492" lon="16.7728434"></trkpt>
    <trkpt lat="61.8163890" lon="16.7732404"></trkpt>
    <trkpt lat="61.8162560" lon="16.7734100"></trkpt>
    <trkpt lat="61.8161418" lon="16.7736013"></trkpt>
    <trkpt lat="61.8159901" lon="16.7739730"></trkpt>
    <trkpt lat="61.8158896" lon="16.7743411"></trkpt>
    <trkpt lat="61.8158061" lon="16.7747452"></trkpt>
    <trkpt lat="61.8157345" lon="16.7750592"></trkpt>
    <trkpt lat="61.8156833" lon="16.7752288"></trkpt>
    <trkpt lat="61.8156169" lon="16.7752902"></trkpt>
    <trkpt lat="61.8155316" lon="16.7752757"></trkpt>
    <trkpt lat="61.8154464" lon="16.7751891"></trkpt>
    <trkpt lat="61.8153591" lon="16.7751846"></trkpt>
    <trkpt lat="61.8152981" lon="16.7752108"></trkpt>
    <trkpt lat="61.8152095" lon="16.7753623"></trkpt>
    <trkpt lat="61.8151226" lon="16.7754128"></trkpt>
    <trkpt lat="61.8149572" lon="16.7753948"></trkpt>
    <trkpt lat="61.8148055" lon="16.7753118"></trkpt>
    <trkpt lat="61.8146964" lon="16.7751999"></trkpt>
    <trkpt lat="61.8146266" lon="16.7751711"></trkpt>
    <trkpt lat="61.8145345" lon="16.7752468"></trkpt>
    <trkpt lat="61.8143573" lon="16.7754670"></trkpt>
    <trkpt lat="61.8141510" lon="16.7756149"></trkpt>
    <trkpt lat="61.8138612" lon="16.7758387"></trkpt>
    <trkpt lat="61.8137146" lon="16.7759758"></trkpt>
    <trkpt lat="61.8136056" lon="16.7761129"></trkpt>
    <trkpt lat="61.8134385" lon="16.7762392"></trkpt>
    <trkpt lat="61.8133413" lon="16.7762104"></trkpt>
    <trkpt lat="61.8132646" lon="16.7761743"></trkpt>
    <trkpt lat="61.8132135" lon="16.7761996"></trkpt>
    <trkpt lat="61.8131163" lon="16.7762862"></trkpt>
    <trkpt lat="61.8129305" lon="16.7764449"></trkpt>
    <trkpt lat="61.8128675" lon="16.7764630"></trkpt>
    <trkpt lat="61.8127686" lon="16.7765279"></trkpt>
    <trkpt lat="61.8126476" lon="16.7767012"></trkpt>
    <trkpt lat="61.8125419" lon="16.7768600"></trkpt>
    <trkpt lat="61.8124863" lon="16.7769395"></trkpt>
    <trkpt lat="61.8123367" lon="16.7768720"></trkpt>
    <trkpt lat="61.8121204" lon="16.7767505"></trkpt>
    <trkpt lat="61.8118357" lon="16.7765362"></trkpt>
    <trkpt lat="61.8116832" lon="16.7763978"></trkpt>
    <trkpt lat="61.8114353" lon="16.7761982"></trkpt>
    <trkpt lat="61.8111039" lon="16.7759943"></trkpt>
    <trkpt lat="61.8108460" lon="16.7757980"></trkpt>
    <trkpt lat="61.8107320" lon="16.7756317"></trkpt>
    <trkpt lat="61.8106984" lon="16.7754847"></trkpt>
    <trkpt lat="61.8106959" lon="16.7751146"></trkpt>
    <trkpt lat="61.8106676" lon="16.7747563"></trkpt>
    <trkpt lat="61.8105940" lon="16.7743785"></trkpt>
    <trkpt lat="61.8104968" lon="16.7740781"></trkpt>
    <trkpt lat="61.8104085" lon="16.7739258"></trkpt>
    <trkpt lat="61.8102998" lon="16.7738003"></trkpt>
    <trkpt lat="61.8101384" lon="16.7737091"></trkpt>
    <trkpt lat="61.8099692" lon="16.7736737"></trkpt>
    <trkpt lat="61.8098470" lon="16.7737037"></trkpt>
    <trkpt lat="61.8097057" lon="16.7738722"></trkpt>
    <trkpt lat="61.8095530" lon="16.7740524"></trkpt>
    <trkpt lat="61.8093408" lon="16.7741833"></trkpt>
    <trkpt lat="61.8091171" lon="16.7742455"></trkpt>
    <trkpt lat="61.8090310" lon="16.7742348"></trkpt>
    <trkpt lat="61.8089397" lon="16.7741812"></trkpt>
    <trkpt lat="61.8088738" lon="16.7740846"></trkpt>
    <trkpt lat="61.8088206" lon="16.7738539"></trkpt>
    <trkpt lat="61.8087927" lon="16.7736286"></trkpt>
    <trkpt lat="61.8087877" lon="16.7732639"></trkpt>
    <trkpt lat="61.8087902" lon="16.7730546"></trkpt>
    <trkpt lat="61.8087674" lon="16.7728293"></trkpt>
    <trkpt lat="61.8086787" lon="16.7725450"></trkpt>
    <trkpt lat="61.8085906" lon="16.7723058"></trkpt>
    <trkpt lat="61.8084943" lon="16.7719946"></trkpt>
    <trkpt lat="61.8084056" lon="16.7718605"></trkpt>
    <trkpt lat="61.8083557" lon="16.7718050"></trkpt>
    <trkpt lat="61.8081801" lon="16.7716781"></trkpt>
    <trkpt lat="61.8080660" lon="16.7716835"></trkpt>
    <trkpt lat="61.8080255" lon="16.7717532"></trkpt>
    <trkpt lat="61.8078825" lon="16.7717817"></trkpt>
    <trkpt lat="61.8077041" lon="16.7717946"></trkpt>
    <trkpt lat="61.8075156" lon="16.7717045"></trkpt>
    <trkpt lat="61.8074081" lon="16.7715457"></trkpt>
    <trkpt lat="61.8073230" lon="16.7712753"></trkpt>
    <trkpt lat="61.8072642" lon="16.7710350"></trkpt>
    <trkpt lat="61.8071932" lon="16.7709577"></trkpt>
    <trkpt lat="61.8071374" lon="16.7709459"></trkpt>
    <trkpt lat="61.8070556" lon="16.7709928"></trkpt>
    <trkpt lat="61.8069703" lon="16.7711768"></trkpt>
    <trkpt lat="61.8069055" lon="16.7715918"></trkpt>
    <trkpt lat="61.8068186" lon="16.7719780"></trkpt>
    <trkpt lat="61.8067384" lon="16.7722811"></trkpt>
    <trkpt lat="61.8066157" lon="16.7724796"></trkpt>
    <trkpt lat="61.8065151" lon="16.7726167"></trkpt>
    <trkpt lat="61.8064656" lon="16.7726456"></trkpt>
    <trkpt lat="61.8064196" lon="16.7726420"></trkpt>
    <trkpt lat="61.8062508" lon="16.7725987"></trkpt>
    <trkpt lat="61.8060974" lon="16.7725518"></trkpt>
    <trkpt lat="61.8060036" lon="16.7725554"></trkpt>
    <trkpt lat="61.8059235" lon="16.7726420"></trkpt>
    <trkpt lat="61.8058246" lon="16.7729054"></trkpt>
    <trkpt lat="61.8056933" lon="16.7733204"></trkpt>
    <trkpt lat="61.8056711" lon="16.7734936"></trkpt>
    <trkpt lat="61.8056814" lon="16.7737138"></trkpt>
    <trkpt lat="61.8057223" lon="16.7738762"></trkpt>
    <trkpt lat="61.8057240" lon="16.7740458"></trkpt>
    <trkpt lat="61.8056780" lon="16.7742190"></trkpt>
    <trkpt lat="61.8055995" lon="16.7744247"></trkpt>
    <trkpt lat="61.8054427" lon="16.7746268"></trkpt>
    <trkpt lat="61.8052551" lon="16.7749660"></trkpt>
    <trkpt lat="61.8052142" lon="16.7751284"></trkpt>
    <trkpt lat="61.8051630" lon="16.7752258"></trkpt>
    <trkpt lat="61.8050522" lon="16.7753449"></trkpt>
    <trkpt lat="61.8049772" lon="16.7755434"></trkpt>
    <trkpt lat="61.8048459" lon="16.7758790"></trkpt>
    <trkpt lat="61.8047300" lon="16.7761858"></trkpt>
    <trkpt lat="61.8045271" lon="16.7764961"></trkpt>
    <trkpt lat="61.8043207" lon="16.7767559"></trkpt>
    <trkpt lat="61.8041264" lon="16.7770374"></trkpt>
    <trkpt lat="61.8040258" lon="16.7772503"></trkpt>
    <trkpt lat="61.8038655" lon="16.7776401"></trkpt>
    <trkpt lat="61.8037615" lon="16.7780370"></trkpt>
    <trkpt lat="61.8037069" lon="16.7783835"></trkpt>
    <trkpt lat="61.8036217" lon="16.7785928"></trkpt>
    <trkpt lat="61.8034750" lon="16.7787696"></trkpt>
    <trkpt lat="61.8032789" lon="16.7788815"></trkpt>
    <trkpt lat="61.8030811" lon="16.7789320"></trkpt>
    <trkpt lat="61.8028867" lon="16.7790150"></trkpt>
    <trkpt lat="61.8028066" lon="16.7791124"></trkpt>
    <trkpt lat="61.8027162" lon="16.7793073"></trkpt>
    <trkpt lat="61.8026787" lon="16.7795635"></trkpt>
    <trkpt lat="61.8025935" lon="16.7799172"></trkpt>
    <trkpt lat="61.8024588" lon="16.7803827"></trkpt>
    <trkpt lat="61.8023650" lon="16.7805595"></trkpt>
    <trkpt lat="61.8021927" lon="16.7807364"></trkpt>
    <trkpt lat="61.8019864" lon="16.7809782"></trkpt>
    <trkpt lat="61.8020347" lon="16.7813681"></trkpt>
    <trkpt lat="61.8020688" lon="16.7820429"></trkpt>
    <trkpt lat="61.8020875" lon="16.7826492"></trkpt>
    <trkpt lat="61.8021370" lon="16.7830678"></trkpt>
    <trkpt lat="61.8022103" lon="16.7832771"></trkpt>
    <trkpt lat="61.8022802" lon="16.7834576"></trkpt>
    <trkpt lat="61.8023228" lon="16.7837066"></trkpt>
    <trkpt lat="61.8023433" lon="16.7840963"></trkpt>
    <trkpt lat="61.8023996" lon="16.7846773"></trkpt>
    <trkpt lat="61.8024797" lon="16.7856156"></trkpt>
    <trkpt lat="61.8025428" lon="16.7864528"></trkpt>
    <trkpt lat="61.8025476" lon="16.7870983"></trkpt>
    <trkpt lat="61.8025479" lon="16.7878061"></trkpt>
    <trkpt lat="61.8025820" lon="16.7883763"></trkpt>
    <trkpt lat="61.8026246" lon="16.7887660"></trkpt>
    <trkpt lat="61.8026997" lon="16.7890547"></trkpt>
    <trkpt lat="61.8028395" lon="16.7895635"></trkpt>
    <trkpt lat="61.8029657" lon="16.7900255"></trkpt>
    <trkpt lat="61.8030867" lon="16.7908482"></trkpt>
    <trkpt lat="61.8032044" lon="16.7917035"></trkpt>
    <trkpt lat="61.8032573" lon="16.7923639"></trkpt>
    <trkpt lat="61.8032607" lon="16.7928908"></trkpt>
    <trkpt lat="61.8032521" lon="16.7933960"></trkpt>
    <trkpt lat="61.8032061" lon="16.7939878"></trkpt>
    <trkpt lat="61.8031311" lon="16.7944786"></trkpt>
    <trkpt lat="61.8030816" lon="16.7947637"></trkpt>
    <trkpt lat="61.8030237" lon="16.7949117"></trkpt>
    <trkpt lat="61.8030117" lon="16.7950596"></trkpt>
    <trkpt lat="61.8030261" lon="16.7951380"></trkpt>
    <trkpt lat="61.8030475" lon="16.7952545"></trkpt>
    <trkpt lat="61.8031157" lon="16.7956154"></trkpt>
    <trkpt lat="61.8031652" lon="16.7962974"></trkpt>
    <trkpt lat="61.8032027" lon="16.7968207"></trkpt>
    <trkpt lat="61.8032300" lon="16.7970481"></trkpt>
    <trkpt lat="61.8033016" lon="16.7972935"></trkpt>
    <trkpt lat="61.8033698" lon="16.7975533"></trkpt>
    <trkpt lat="61.8034278" lon="16.7979972"></trkpt>
    <trkpt lat="61.8034653" lon="16.7984086"></trkpt>
    <trkpt lat="61.8034414" lon="16.7987369"></trkpt>
    <trkpt lat="61.8034414" lon="16.7990762"></trkpt>
    <trkpt lat="61.8034602" lon="16.7993252"></trkpt>
    <trkpt lat="61.8035096" lon="16.7998304"></trkpt>
    <trkpt lat="61.8035778" lon="16.8006315"></trkpt>
    <trkpt lat="61.8036835" lon="16.8017394"></trkpt>
    <trkpt lat="61.8037262" lon="16.8019632"></trkpt>
    <trkpt lat="61.8037841" lon="16.8020750"></trkpt>
    <trkpt lat="61.8038711" lon="16.8021977"></trkpt>
    <trkpt lat="61.8039649" lon="16.8022952"></trkpt>
    <trkpt lat="61.8040126" lon="16.8023601"></trkpt>
    <trkpt lat="61.8040331" lon="16.8024539"></trkpt>
    <trkpt lat="61.8040433" lon="16.8026560"></trkpt>
    <trkpt lat="61.8040314" lon="16.8029519"></trkpt>
    <trkpt lat="61.8039990" lon="16.8032370"></trkpt>
    <trkpt lat="61.8040263" lon="16.8035510"></trkpt>
    <trkpt lat="61.8041098" lon="16.8039768"></trkpt>
    <trkpt lat="61.8042070" lon="16.8042222"></trkpt>
    <trkpt lat="61.8042888" lon="16.8045687"></trkpt>
    <trkpt lat="61.8043673" lon="16.8049765"></trkpt>
    <trkpt lat="61.8044065" lon="16.8053012"></trkpt>
    <trkpt lat="61.8044201" lon="16.8055972"></trkpt>
    <trkpt lat="61.8044014" lon="16.8058353"></trkpt>
    <trkpt lat="61.8043946" lon="16.8059941"></trkpt>
    <trkpt lat="61.8044048" lon="16.8061240"></trkpt>
    <trkpt lat="61.8044099" lon="16.8062070"></trkpt>
    <trkpt lat="61.8044082" lon="16.8062972"></trkpt>
    <trkpt lat="61.8043792" lon="16.8063802"></trkpt>
    <trkpt lat="61.8043264" lon="16.8064885"></trkpt>
    <trkpt lat="61.8043042" lon="16.8066148"></trkpt>
    <trkpt lat="61.8043042" lon="16.8067303"></trkpt>
    <trkpt lat="61.8043400" lon="16.8067989"></trkpt>
    <trkpt lat="61.8044150" lon="16.8068169"></trkpt>
    <trkpt lat="61.8044986" lon="16.8067844"></trkpt>
    <trkpt lat="61.8045668" lon="16.8068241"></trkpt>
    <trkpt lat="61.8046162" lon="16.8068783"></trkpt>
    <trkpt lat="61.8047015" lon="16.8068097"></trkpt>
    <trkpt lat="61.8047884" lon="16.8067375"></trkpt>
    <trkpt lat="61.8049061" lon="16.8067736"></trkpt>
    <trkpt lat="61.8049709" lon="16.8068566"></trkpt>
    <trkpt lat="61.8050271" lon="16.8070226"></trkpt>
    <trkpt lat="61.8050663" lon="16.8071417"></trkpt>
    <trkpt lat="61.8051141" lon="16.8071994"></trkpt>
    <trkpt lat="61.8051840" lon="16.8071309"></trkpt>
    <trkpt lat="61.8052692" lon="16.8070154"></trkpt>
    <trkpt lat="61.8053494" lon="16.8068133"></trkpt>
    <trkpt lat="61.8054193" lon="16.8067339"></trkpt>
    <trkpt lat="61.8054517" lon="16.8066906"></trkpt>
    <trkpt lat="61.8055045" lon="16.8065679"></trkpt>
    <trkpt lat="61.8055506" lon="16.8065138"></trkpt>
    <trkpt lat="61.8056068" lon="16.8065354"></trkpt>
    <trkpt lat="61.8056409" lon="16.8066617"></trkpt>
    <trkpt lat="61.8056375" lon="16.8068494"></trkpt>
    <trkpt lat="61.8056358" lon="16.8070623"></trkpt>
    <trkpt lat="61.8056716" lon="16.8073005"></trkpt>
    <trkpt lat="61.8057211" lon="16.8074881"></trkpt>
    <trkpt lat="61.8057893" lon="16.8076253"></trkpt>
    <trkpt lat="61.8058489" lon="16.8077335"></trkpt>
    <trkpt lat="61.8059137" lon="16.8079500"></trkpt>
    <trkpt lat="61.8059751" lon="16.8080330"></trkpt>
    <trkpt lat="61.8060194" lon="16.8081341"></trkpt>
    <trkpt lat="61.8060535" lon="16.8082748"></trkpt>
    <trkpt lat="61.8060979" lon="16.8083795"></trkpt>
    <trkpt lat="61.8061405" lon="16.8084444"></trkpt>
    <trkpt lat="61.8062070" lon="16.8084733"></trkpt>
    <trkpt lat="61.8062871" lon="16.8084408"></trkpt>
    <trkpt lat="61.8063349" lon="16.8084300"></trkpt>
    <trkpt lat="61.8063707" lon="16.8084481"></trkpt>
    <trkpt lat="61.8064286" lon="16.8084950"></trkpt>
    <trkpt lat="61.8065642" lon="16.8088846"></trkpt>
    <trkpt lat="61.8064292" lon="16.8091649"></trkpt>
    <trkpt lat="61.8063053" lon="16.8094017"></trkpt>
    <trkpt lat="61.8061486" lon="16.8097095"></trkpt>
    <trkpt lat="61.8060741" lon="16.8098559"></trkpt>
    <trkpt lat="61.8058803" lon="16.8101807"></trkpt>
    <trkpt lat="61.8056953" lon="16.8104213"></trkpt>
    <trkpt lat="61.8054629" lon="16.8106109"></trkpt>
    <trkpt lat="61.8051619" lon="16.8108006"></trkpt>
    <trkpt lat="61.8048247" lon="16.8109661"></trkpt>
    <trkpt lat="61.8045976" lon="16.8111297"></trkpt>
    <trkpt lat="61.8043960" lon="16.8113050"></trkpt>
    <trkpt lat="61.8041321" lon="16.8116720"></trkpt>
    <trkpt lat="61.8038888" lon="16.8119429"></trkpt>
    <trkpt lat="61.8036270" lon="16.8121277"></trkpt>
    <trkpt lat="61.8032336" lon="16.8123163"></trkpt>
    <trkpt lat="61.8029230" lon="16.8124525"></trkpt>
    <trkpt lat="61.8026837" lon="16.8125746"></trkpt>
    <trkpt lat="61.8024640" lon="16.8127460"></trkpt>
    <trkpt lat="61.8020995" lon="16.8131625"></trkpt>
    <trkpt lat="61.8014528" lon="16.8139385"></trkpt>
    <trkpt lat="61.8011621" lon="16.8142142"></trkpt>
    <trkpt lat="61.8007900" lon="16.8144722"></trkpt>
    <trkpt lat="61.8004040" lon="16.8147316"></trkpt>
    <trkpt lat="61.8000777" lon="16.8150100"></trkpt>
    <trkpt lat="61.7997910" lon="16.8153901"></trkpt>
    <trkpt lat="61.7995413" lon="16.8158319"></trkpt>
    <trkpt lat="61.7992339" lon="16.8165209"></trkpt>
    <trkpt lat="61.7988454" lon="16.8174854"></trkpt>
    <trkpt lat="61.7985792" lon="16.8180559"></trkpt>
    <trkpt lat="61.7984201" lon="16.8183437"></trkpt>
    <trkpt lat="61.7981926" lon="16.8185964"></trkpt>
    <trkpt lat="61.7979568" lon="16.8187850"></trkpt>
    <trkpt lat="61.7976678" lon="16.8188914"></trkpt>
    <trkpt lat="61.7974387" lon="16.8189298"></trkpt>
    <trkpt lat="61.7971597" lon="16.8188670"></trkpt>
    <trkpt lat="61.7969372" lon="16.8187691"></trkpt>
    <trkpt lat="61.7967724" lon="16.8187576"></trkpt>
    <trkpt lat="61.7966171" lon="16.8188501"></trkpt>
    <trkpt lat="61.7964597" lon="16.8190210"></trkpt>
    <trkpt lat="61.7960470" lon="16.8196019"></trkpt>
    <trkpt lat="61.7956343" lon="16.8201829"></trkpt>
    <trkpt lat="61.7953385" lon="16.8205099"></trkpt>
    <trkpt lat="61.7951776" lon="16.8209021"></trkpt>
    <trkpt lat="61.7950975" lon="16.8213247"></trkpt>
    <trkpt lat="61.7950398" lon="16.8216439"></trkpt>
    <trkpt lat="61.7950004" lon="16.8219931"></trkpt>
    <trkpt lat="61.7949101" lon="16.8228907"></trkpt>
    <trkpt lat="61.7948469" lon="16.8234619"></trkpt>
    <trkpt lat="61.7948135" lon="16.8236884"></trkpt>
    <trkpt lat="61.7943638" lon="16.8235227"></trkpt>
    <trkpt lat="61.7941730" lon="16.8234559"></trkpt>
    <trkpt lat="61.7940125" lon="16.8233204"></trkpt>
    <trkpt lat="61.7939770" lon="16.8232798"></trkpt>
    <trkpt lat="61.7938480" lon="16.8230350"></trkpt>
    <trkpt lat="61.7937159" lon="16.8226629"></trkpt>
    <trkpt lat="61.7936325" lon="16.8222335"></trkpt>
    <trkpt lat="61.7935532" lon="16.8218441"></trkpt>
    <trkpt lat="61.7935293" lon="16.8215801"></trkpt>
    <trkpt lat="61.7935034" lon="16.8212201"></trkpt>
    <trkpt lat="61.7934694" lon="16.8207996"></trkpt>
    <trkpt lat="61.7934192" lon="16.8205013"></trkpt>
    <trkpt lat="61.7933484" lon="16.8202575"></trkpt>
    <trkpt lat="61.7931506" lon="16.8198605"></trkpt>
    <trkpt lat="61.7930213" lon="16.8195655"></trkpt>
    <trkpt lat="61.7927476" lon="16.8187565"></trkpt>
    <trkpt lat="61.7922556" lon="16.8175431"></trkpt>
    <trkpt lat="61.7920670" lon="16.8170949"></trkpt>
    <trkpt lat="61.7919056" lon="16.8167867"></trkpt>
    <trkpt lat="61.7914509" lon="16.8160810"></trkpt>
    <trkpt lat="61.7910537" lon="16.8155100"></trkpt>
    <trkpt lat="61.7909193" lon="16.8152471"></trkpt>
    <trkpt lat="61.7907291" lon="16.8146409"></trkpt>
    <trkpt lat="61.7906175" lon="16.8143244"></trkpt>
    <trkpt lat="61.7900435" lon="16.8133344"></trkpt>
    <trkpt lat="61.7897300" lon="16.8128546"></trkpt>
    <trkpt lat="61.7896234" lon="16.8126295"></trkpt>
    <trkpt lat="61.7894399" lon="16.8125621"></trkpt>
    <trkpt lat="61.7892985" lon="16.8125076"></trkpt>
    <trkpt lat="61.7889712" lon="16.8123897"></trkpt>
    <trkpt lat="61.7887725" lon="16.8123403"></trkpt>
    <trkpt lat="61.7887086" lon="16.8123242"></trkpt>
    <trkpt lat="61.7885208" lon="16.8123070"></trkpt>
    <trkpt lat="61.7882616" lon="16.8124060"></trkpt>
    <trkpt lat="61.7880191" lon="16.8125428"></trkpt>
    <trkpt lat="61.7879101" lon="16.8132259"></trkpt>
    <trkpt lat="61.7877985" lon="16.8138749"></trkpt>
    <trkpt lat="61.7876276" lon="16.8146306"></trkpt>
    <trkpt lat="61.7875170" lon="16.8151195"></trkpt>
    <trkpt lat="61.7874485" lon="16.8155486"></trkpt>
    <trkpt lat="61.7873927" lon="16.8161012"></trkpt>
    <trkpt lat="61.7873826" lon="16.8167664"></trkpt>
    <trkpt lat="61.7874080" lon="16.8173243"></trkpt>
    <trkpt lat="61.7874291" lon="16.8177403"></trkpt>
    <trkpt lat="61.7874308" lon="16.8181826"></trkpt>
    <trkpt lat="61.7874054" lon="16.8185044"></trkpt>
    <trkpt lat="61.7873454" lon="16.8188293"></trkpt>
    <trkpt lat="61.7872440" lon="16.8192906"></trkpt>
    <trkpt lat="61.7871781" lon="16.8195964"></trkpt>
    <trkpt lat="61.7871400" lon="16.8199021"></trkpt>
    <trkpt lat="61.7871324" lon="16.8203259"></trkpt>
    <trkpt lat="61.7871239" lon="16.8209828"></trkpt>
    <trkpt lat="61.7871011" lon="16.8214173"></trkpt>
    <trkpt lat="61.7870377" lon="16.8222488"></trkpt>
    <trkpt lat="61.7870082" lon="16.8226326"></trkpt>
    <trkpt lat="61.7869921" lon="16.8230481"></trkpt>
    <trkpt lat="61.7869752" lon="16.8237377"></trkpt>
    <trkpt lat="61.7869701" lon="16.8245906"></trkpt>
    <trkpt lat="61.7869346" lon="16.8254650"></trkpt>
    <trkpt lat="61.7869210" lon="16.8260146"></trkpt>
    <trkpt lat="61.7869549" lon="16.8266828"></trkpt>
    <trkpt lat="61.7869667" lon="16.8270660"></trkpt>
    <trkpt lat="61.7869540" lon="16.8273933"></trkpt>
    <trkpt lat="61.7869042" lon="16.8276966"></trkpt>
    <trkpt lat="61.7868069" lon="16.8280692"></trkpt>
    <trkpt lat="61.7867562" lon="16.8283374"></trkpt>
    <trkpt lat="61.7867241" lon="16.8286998"></trkpt>
    <trkpt lat="61.7867156" lon="16.8292923"></trkpt>
    <trkpt lat="61.7868180" lon="16.8305398"></trkpt>
    <trkpt lat="61.7868535" lon="16.8315215"></trkpt>
    <trkpt lat="61.7868890" lon="16.8325032"></trkpt>
    <trkpt lat="61.7867748" lon="16.8335063"></trkpt>
    <trkpt lat="61.7866979" lon="16.8341203"></trkpt>
    <trkpt lat="61.7865726" lon="16.8349153"></trkpt>
    <trkpt lat="61.7865277" lon="16.8350076"></trkpt>
    <trkpt lat="61.7864838" lon="16.8350894"></trkpt>
    <trkpt lat="61.7864444" lon="16.8351645"></trkpt>
    <trkpt lat="61.7863985" lon="16.8352415"></trkpt>
    <trkpt lat="61.7863571" lon="16.8353139"></trkpt>
    <trkpt lat="61.7863085" lon="16.8353850"></trkpt>
    <trkpt lat="61.7862631" lon="16.8354395"></trkpt>
    <trkpt lat="61.7862142" lon="16.8354777"></trkpt>
    <trkpt lat="61.7861605" lon="16.8354963"></trkpt>
    <trkpt lat="61.7861057" lon="16.8355290"></trkpt>
    <trkpt lat="61.7860530" lon="16.8355585"></trkpt>
    <trkpt lat="61.7860045" lon="16.8355869"></trkpt>
    <trkpt lat="61.7859625" lon="16.8356324"></trkpt>
    <trkpt lat="61.7859238" lon="16.8356900"></trkpt>
    <trkpt lat="61.7858936" lon="16.8357464"></trkpt>
    <trkpt lat="61.7858646" lon="16.8358076"></trkpt>
    <trkpt lat="61.7858378" lon="16.8358692"></trkpt>
    <trkpt lat="61.7858149" lon="16.8359415"></trkpt>
    <trkpt lat="61.7857952" lon="16.8360264"></trkpt>
    <trkpt lat="61.7857685" lon="16.8361120"></trkpt>
    <trkpt lat="61.7857396" lon="16.8361738"></trkpt>
    <trkpt lat="61.7857024" lon="16.8362467"></trkpt>
    <trkpt lat="61.7856658" lon="16.8363040"></trkpt>
    <trkpt lat="61.7856263" lon="16.8363771"></trkpt>
    <trkpt lat="61.7855962" lon="16.8364363"></trkpt>
    <trkpt lat="61.7855719" lon="16.8365036"></trkpt>
    <trkpt lat="61.7855491" lon="16.8365810"></trkpt>
    <trkpt lat="61.7855193" lon="16.8366683"></trkpt>
    <trkpt lat="61.7854896" lon="16.8367465"></trkpt>
    <trkpt lat="61.7854523" lon="16.8368109"></trkpt>
    <trkpt lat="61.7854101" lon="16.8368938"></trkpt>
    <trkpt lat="61.7853731" lon="16.8369652"></trkpt>
    <trkpt lat="61.7853322" lon="16.8370416"></trkpt>
    <trkpt lat="61.7852879" lon="16.8371043"></trkpt>
    <trkpt lat="61.7852438" lon="16.8371611"></trkpt>
    <trkpt lat="61.7851878" lon="16.8372160"></trkpt>
    <trkpt lat="61.7851383" lon="16.8372743"></trkpt>
    <trkpt lat="61.7850902" lon="16.8373405"></trkpt>
    <trkpt lat="61.7850463" lon="16.8373979"></trkpt>
    <trkpt lat="61.7850210" lon="16.8374294"></trkpt>
    <trkpt lat="61.7849934" lon="16.8374781"></trkpt>
    <trkpt lat="61.7849536" lon="16.8375508"></trkpt>
    <trkpt lat="61.7849124" lon="16.8376160"></trkpt>
    <trkpt lat="61.7848675" lon="16.8376837"></trkpt>
    <trkpt lat="61.7848283" lon="16.8377466"></trkpt>
    <trkpt lat="61.7847737" lon="16.8378162"></trkpt>
    <trkpt lat="61.7847377" lon="16.8378524"></trkpt>
    <trkpt lat="61.7846857" lon="16.8378750"></trkpt>
    <trkpt lat="61.7846357" lon="16.8378698"></trkpt>
    <trkpt lat="61.7845879" lon="16.8378429"></trkpt>
    <trkpt lat="61.7845393" lon="16.8377845"></trkpt>
    <trkpt lat="61.7844989" lon="16.8377045"></trkpt>
    <trkpt lat="61.7844657" lon="16.8376116"></trkpt>
    <trkpt lat="61.7844358" lon="16.8375246"></trkpt>
    <trkpt lat="61.7844165" lon="16.8374340"></trkpt>
    <trkpt lat="61.7843887" lon="16.8373522"></trkpt>
    <trkpt lat="61.7843795" lon="16.8373070"></trkpt>
    <trkpt lat="61.7843752" lon="16.8372466"></trkpt>
    <trkpt lat="61.7843720" lon="16.8371796"></trkpt>
    <trkpt lat="61.7843668" lon="16.8371403"></trkpt>
    <trkpt lat="61.7843616" lon="16.8371049"></trkpt>
    <trkpt lat="61.7843500" lon="16.8370749"></trkpt>
    <trkpt lat="61.7843316" lon="16.8370467"></trkpt>
    <trkpt lat="61.7842966" lon="16.8370207"></trkpt>
    <trkpt lat="61.7842496" lon="16.8370164"></trkpt>
    <trkpt lat="61.7841972" lon="16.8370096"></trkpt>
    <trkpt lat="61.7841569" lon="16.8370037"></trkpt>
    <trkpt lat="61.7841140" lon="16.8369908"></trkpt>
    <trkpt lat="61.7840745" lon="16.8369838"></trkpt>
    <trkpt lat="61.7840478" lon="16.8369908"></trkpt>
    <trkpt lat="61.7840206" lon="16.8370166"></trkpt>
    <trkpt lat="61.7839851" lon="16.8370613"></trkpt>
    <trkpt lat="61.7839419" lon="16.8371123"></trkpt>
    <trkpt lat="61.7838887" lon="16.8371769"></trkpt>
    <trkpt lat="61.7838411" lon="16.8372397"></trkpt>
    <trkpt lat="61.7837975" lon="16.8372910"></trkpt>
    <trkpt lat="61.7837584" lon="16.8373506"></trkpt>
    <trkpt lat="61.7837380" lon="16.8373884"></trkpt>
    <trkpt lat="61.7837085" lon="16.8374414"></trkpt>
    <trkpt lat="61.7836827" lon="16.8375030"></trkpt>
    <trkpt lat="61.7836527" lon="16.8375682"></trkpt>
    <trkpt lat="61.7836276" lon="16.8376288"></trkpt>
    <trkpt lat="61.7836026" lon="16.8376722"></trkpt>
    <trkpt lat="61.7835723" lon="16.8377062"></trkpt>
    <trkpt lat="61.7835404" lon="16.8377305"></trkpt>
    <trkpt lat="61.7835702" lon="16.8386605"></trkpt>
    <trkpt lat="61.7836075" lon="16.8397408"></trkpt>
    <trkpt lat="61.7836267" lon="16.8400937"></trkpt>
    <trkpt lat="61.7836333" lon="16.8402142"></trkpt>
    <trkpt lat="61.7836711" lon="16.8406608"></trkpt>
    <trkpt lat="61.7833708" lon="16.8402132"></trkpt>
    <trkpt lat="61.7832495" lon="16.8399705"></trkpt>
    <trkpt lat="61.7830998" lon="16.8396004"></trkpt>
    <trkpt lat="61.7830107" lon="16.8394354"></trkpt>
    <trkpt lat="61.7829118" lon="16.8393120"></trkpt>
    <trkpt lat="61.7826712" lon="16.8391873"></trkpt>
    <trkpt lat="61.7823639" lon="16.8390867"></trkpt>
    <trkpt lat="61.7822324" lon="16.8390532"></trkpt>
    <trkpt lat="61.7820621" lon="16.8390599"></trkpt>
    <trkpt lat="61.7817120" lon="16.8392101"></trkpt>
    <trkpt lat="61.7812732" lon="16.8394300"></trkpt>
    <trkpt lat="61.7808699" lon="16.8396553"></trkpt>
    <trkpt lat="61.7806775" lon="16.8397506"></trkpt>
    <trkpt lat="61.7804438" lon="16.8397412"></trkpt>
    <trkpt lat="61.7801267" lon="16.8396500"></trkpt>
    <trkpt lat="61.7796498" lon="16.8395830"></trkpt>
    <trkpt lat="61.7791729" lon="16.8395159"></trkpt>
    <trkpt lat="61.7790664" lon="16.8395212"></trkpt>
    <trkpt lat="61.7789700" lon="16.8396017"></trkpt>
    <trkpt lat="61.7788538" lon="16.8397935"></trkpt>
    <trkpt lat="61.7788716" lon="16.8399812"></trkpt>
    <trkpt lat="61.7788716" lon="16.8401958"></trkpt>
    <trkpt lat="61.7788533" lon="16.8416509"></trkpt>
    <trkpt lat="61.7788457" lon="16.8428579"></trkpt>
    <trkpt lat="61.7788158" lon="16.8435861"></trkpt>
    <trkpt lat="61.7787625" lon="16.8439938"></trkpt>
    <trkpt lat="61.7786605" lon="16.8446711"></trkpt>
    <trkpt lat="61.7785575" lon="16.8452250"></trkpt>
    <trkpt lat="61.7784500" lon="16.8457010"></trkpt>
    <trkpt lat="61.7783002" lon="16.8459912"></trkpt>
    <trkpt lat="61.7781005" lon="16.8465482"></trkpt>
    <trkpt lat="61.7779960" lon="16.8468964"></trkpt>
    <trkpt lat="61.7778707" lon="16.8474693"></trkpt>
    <trkpt lat="61.7777591" lon="16.8481113"></trkpt>
    <trkpt lat="61.7777171" lon="16.8484749"></trkpt>
    <trkpt lat="61.7776712" lon="16.8488070"></trkpt>
    <trkpt lat="61.7775294" lon="16.8483868"></trkpt>
    <trkpt lat="61.7773141" lon="16.8483945"></trkpt>
    <trkpt lat="61.7771466" lon="16.8483849"></trkpt>
    <trkpt lat="61.7770214" lon="16.8485361"></trkpt>
    <trkpt lat="61.7768421" lon="16.8488113"></trkpt>
    <trkpt lat="61.7766896" lon="16.8490673"></trkpt>
    <trkpt lat="61.7763591" lon="16.8493354"></trkpt>
    <trkpt lat="61.7760892" lon="16.8495313"></trkpt>
    <trkpt lat="61.7756031" lon="16.8498454"></trkpt>
    <trkpt lat="61.7753375" lon="16.8500004"></trkpt>
    <trkpt lat="61.7752717" lon="16.8500342"></trkpt>
    <trkpt lat="61.7752006" lon="16.8500986"></trkpt>
    <trkpt lat="61.7751017" lon="16.8503078"></trkpt>
    <trkpt lat="61.7748226" lon="16.8508496"></trkpt>
    <trkpt lat="61.7744116" lon="16.8520727"></trkpt>
    <trkpt lat="61.7743507" lon="16.8523463"></trkpt>
    <trkpt lat="61.7742924" lon="16.8525233"></trkpt>
    <trkpt lat="61.7742339" lon="16.8525899"></trkpt>
    <trkpt lat="61.7741934" lon="16.8526360"></trkpt>
    <trkpt lat="61.7740869" lon="16.8526789"></trkpt>
    <trkpt lat="61.7739913" lon="16.8526400"></trkpt>
    <trkpt lat="61.7735905" lon="16.8520070"></trkpt>
    <trkpt lat="61.7731896" lon="16.8513740"></trkpt>
    <trkpt lat="61.7725879" lon="16.8504011"></trkpt>
    <trkpt lat="61.7719861" lon="16.8494281"></trkpt>
    <trkpt lat="61.7717104" lon="16.8490405"></trkpt>
    <trkpt lat="61.7715244" lon="16.8488281"></trkpt>
    <trkpt lat="61.7714152" lon="16.8488863"></trkpt>
    <trkpt lat="61.7709610" lon="16.8488648"></trkpt>
    <trkpt lat="61.7707250" lon="16.8488594"></trkpt>
    <trkpt lat="61.7706067" lon="16.8488742"></trkpt>
    <trkpt lat="61.7704950" lon="16.8489278"></trkpt>
    <trkpt lat="61.7703774" lon="16.8490311"></trkpt>
    <trkpt lat="61.7702759" lon="16.8491759"></trkpt>
    <trkpt lat="61.7701516" lon="16.8494495"></trkpt>
    <trkpt lat="61.7699864" lon="16.8499060"></trkpt>
    <trkpt lat="61.7694893" lon="16.8511286"></trkpt>
    <trkpt lat="61.7693265" lon="16.8515427"></trkpt>
    <trkpt lat="61.7691006" lon="16.8520202"></trkpt>
    <trkpt lat="61.7689667" lon="16.8522562"></trkpt>
    <trkpt lat="61.7688219" lon="16.8524375"></trkpt>
    <trkpt lat="61.7686798" lon="16.8525502"></trkpt>
    <trkpt lat="61.7684768" lon="16.8526038"></trkpt>
    <trkpt lat="61.7682967" lon="16.8526038"></trkpt>
    <trkpt lat="61.7680860" lon="16.8525555"></trkpt>
    <trkpt lat="61.7677942" lon="16.8525054"></trkpt>
    <trkpt lat="61.7675385" lon="16.8525172"></trkpt>
    <trkpt lat="61.7673858" lon="16.8525746"></trkpt>
    <trkpt lat="61.7672119" lon="16.8526466"></trkpt>
    <trkpt lat="61.7670178" lon="16.8527780"></trkpt>
    <trkpt lat="61.7667018" lon="16.8530301"></trkpt>
    <trkpt lat="61.7663757" lon="16.8533118"></trkpt>
    <trkpt lat="61.7662358" lon="16.8534536"></trkpt>
    <trkpt lat="61.7660849" lon="16.8536575"></trkpt>
    <trkpt lat="61.7658141" lon="16.8539991"></trkpt>
    <trkpt lat="61.7653710" lon="16.8544645"></trkpt>
    <trkpt lat="61.7649280" lon="16.8549300"></trkpt>
    <trkpt lat="61.7644568" lon="16.8554372"></trkpt>
    <trkpt lat="61.7643520" lon="16.8555800"></trkpt>
    <trkpt lat="61.7642226" lon="16.8558348"></trkpt>
    <trkpt lat="61.7641019" lon="16.8562411"></trkpt>
    <trkpt lat="61.7639738" lon="16.8565801"></trkpt>
    <trkpt lat="61.7638952" lon="16.8567214"></trkpt>
    <trkpt lat="61.7634970" lon="16.8572682"></trkpt>
    <trkpt lat="61.7628328" lon="16.8582080"></trkpt>
    <trkpt lat="61.7623669" lon="16.8589389"></trkpt>
    <trkpt lat="61.7621622" lon="16.8593553"></trkpt>
    <trkpt lat="61.7620601" lon="16.8595247"></trkpt>
    <trkpt lat="61.7619940" lon="16.8596354"></trkpt>
    <trkpt lat="61.7612499" lon="16.8604971"></trkpt>
    <trkpt lat="61.7610535" lon="16.8607532"></trkpt>
    <trkpt lat="61.7609098" lon="16.8608731"></trkpt>
    <trkpt lat="61.7607144" lon="16.8609433"></trkpt>
    <trkpt lat="61.7604831" lon="16.8609983"></trkpt>
    <trkpt lat="61.7596068" lon="16.8611410"></trkpt>
    <trkpt lat="61.7594703" lon="16.8611330"></trkpt>
    <trkpt lat="61.7594242" lon="16.8611267"></trkpt>
    <trkpt lat="61.7592236" lon="16.8611278"></trkpt>
    <trkpt lat="61.7590281" lon="16.8611814"></trkpt>
    <trkpt lat="61.7588429" lon="16.8613263"></trkpt>
    <trkpt lat="61.7586779" lon="16.8615301"></trkpt>
    <trkpt lat="61.7585586" lon="16.8617715"></trkpt>
    <trkpt lat="61.7584012" lon="16.8622275"></trkpt>
    <trkpt lat="61.7582387" lon="16.8625977"></trkpt>
    <trkpt lat="61.7580706" lon="16.8628947"></trkpt>
    <trkpt lat="61.7576092" lon="16.8635632"></trkpt>
    <trkpt lat="61.7573807" lon="16.8638422"></trkpt>
    <trkpt lat="61.7569062" lon="16.8643072"></trkpt>
    <trkpt lat="61.7573507" lon="16.8655756"></trkpt>
    <trkpt lat="61.7572064" lon="16.8658202"></trkpt>
    <trkpt lat="61.7567810" lon="16.8665417"></trkpt>
    <trkpt lat="61.7567621" lon="16.8665737"></trkpt>
    <trkpt lat="61.7567056" lon="16.8666799"></trkpt>
    <trkpt lat="61.7561271" lon="16.8677661"></trkpt>
    <trkpt lat="61.7560595" lon="16.8678931"></trkpt>
    <trkpt lat="61.7559812" lon="16.8680215"></trkpt>
    <trkpt lat="61.7558748" lon="16.8682252"></trkpt>
    <trkpt lat="61.7558273" lon="16.8683172"></trkpt>
    <trkpt lat="61.7557797" lon="16.8683782"></trkpt>
    <trkpt lat="61.7557568" lon="16.8684075"></trkpt>
    <trkpt lat="61.7561357" lon="16.8699716"></trkpt>
    <trkpt lat="61.7563561" lon="16.8708526"></trkpt>
    <trkpt lat="61.7565765" lon="16.8717337"></trkpt>
    <trkpt lat="61.7567230" lon="16.8723338"></trkpt>
    <trkpt lat="61.7568571" lon="16.8730252"></trkpt>
    <trkpt lat="61.7569113" lon="16.8733979"></trkpt>
    <trkpt lat="61.7569506" lon="16.8736588"></trkpt>
    <trkpt lat="61.7569937" lon="16.8742317"></trkpt>
    <trkpt lat="61.7570958" lon="16.8755765"></trkpt>
    <trkpt lat="61.7571206" lon="16.8759192"></trkpt>
    <trkpt lat="61.7572054" lon="16.8771319"></trkpt>
    <trkpt lat="61.7572277" lon="16.8782273"></trkpt>
    <trkpt lat="61.7571462" lon="16.8794582"></trkpt>
    <trkpt lat="61.7570321" lon="16.8802409"></trkpt>
    <trkpt lat="61.7569052" lon="16.8809758"></trkpt>
    <trkpt lat="61.7567440" lon="16.8819682"></trkpt>
    <trkpt lat="61.7566283" lon="16.8828803"></trkpt>
    <trkpt lat="61.7565904" lon="16.8832020"></trkpt>
    <trkpt lat="61.7564912" lon="16.8846014"></trkpt>
    <trkpt lat="61.7563919" lon="16.8860007"></trkpt>
    <trkpt lat="61.7562052" lon="16.8871962"></trkpt>
    <trkpt lat="61.7559943" lon="16.8881724"></trkpt>
    <trkpt lat="61.7557107" lon="16.8889598"></trkpt>
    <trkpt lat="61.7554131" lon="16.8896574"></trkpt>
    <trkpt lat="61.7548123" lon="16.8908857"></trkpt>
    <trkpt lat="61.7542115" lon="16.8921140"></trkpt>
    <trkpt lat="61.7538348" lon="16.8931201"></trkpt>
    <trkpt lat="61.7534984" lon="16.8942253"></trkpt>
    <trkpt lat="61.7531001" lon="16.8957293"></trkpt>
    <trkpt lat="61.7527019" lon="16.8972334"></trkpt>
    <trkpt lat="61.7523810" lon="16.8984952"></trkpt>
    <trkpt lat="61.7520600" lon="16.8997571"></trkpt>
    <trkpt lat="61.7517428" lon="16.9010149"></trkpt>
    <trkpt lat="61.7514256" lon="16.9022728"></trkpt>
    <trkpt lat="61.7511083" lon="16.9035306"></trkpt>
    <trkpt lat="61.7507911" lon="16.9047884"></trkpt>
    <trkpt lat="61.7506203" lon="16.9054635"></trkpt>
    <trkpt lat="61.7505316" lon="16.9057212"></trkpt>
    <trkpt lat="61.7504327" lon="16.9060218"></trkpt>
    <trkpt lat="61.7501256" lon="16.9069005"></trkpt>
    <trkpt lat="61.7496052" lon="16.9082123"></trkpt>
    <trkpt lat="61.7490847" lon="16.9095241"></trkpt>
    <trkpt lat="61.7485643" lon="16.9108359"></trkpt>
    <trkpt lat="61.7480439" lon="16.9121477"></trkpt>
    <trkpt lat="61.7477057" lon="16.9132000"></trkpt>
    <trkpt lat="61.7473676" lon="16.9142523"></trkpt>
    <trkpt lat="61.7470294" lon="16.9153046"></trkpt>
    <trkpt lat="61.7468057" lon="16.9158436"></trkpt>
    <trkpt lat="61.7467666" lon="16.9159378"></trkpt>
    <trkpt lat="61.7465007" lon="16.9165786"></trkpt>
    <trkpt lat="61.7461415" lon="16.9171704"></trkpt>
    <trkpt lat="61.7457823" lon="16.9177622"></trkpt>
    <trkpt lat="61.7453357" lon="16.9183761"></trkpt>
    <trkpt lat="61.7448044" lon="16.9190386"></trkpt>
    <trkpt lat="61.7442484" lon="16.9195757"></trkpt>
    <trkpt lat="61.7438145" lon="16.9199006"></trkpt>
    <trkpt lat="61.7433806" lon="16.9202255"></trkpt>
    <trkpt lat="61.7425870" lon="16.9208198"></trkpt>
    <trkpt lat="61.7417934" lon="16.9214141"></trkpt>
    <trkpt lat="61.7413559" lon="16.9217720"></trkpt>
    <trkpt lat="61.7408283" lon="16.9222793"></trkpt>
    <trkpt lat="61.7404651" lon="16.9226935"></trkpt>
    <trkpt lat="61.7402110" lon="16.9230738"></trkpt>
    <trkpt lat="61.7398583" lon="16.9237339"></trkpt>
    <trkpt lat="61.7395925" lon="16.9242810"></trkpt>
    <trkpt lat="61.7392690" lon="16.9251041"></trkpt>
    <trkpt lat="61.7388434" lon="16.9262465"></trkpt>
    <trkpt lat="61.7384179" lon="16.9273888"></trkpt>
    <trkpt lat="61.7379923" lon="16.9285312"></trkpt>
    <trkpt lat="61.7375667" lon="16.9296736"></trkpt>
    <trkpt lat="61.7372052" lon="16.9306677"></trkpt>
    <trkpt lat="61.7370203" lon="16.9312410"></trkpt>
    <trkpt lat="61.7368626" lon="16.9320312"></trkpt>
    <trkpt lat="61.7367503" lon="16.9330675"></trkpt>
    <trkpt lat="61.7365939" lon="16.9345098"></trkpt>
    <trkpt lat="61.7364380" lon="16.9358381"></trkpt>
    <trkpt lat="61.7362920" lon="16.9368554"></trkpt>
    <trkpt lat="61.7362736" lon="16.9369834"></trkpt>
    <trkpt lat="61.7359916" lon="16.9385806"></trkpt>
    <trkpt lat="61.7359507" lon="16.9387868"></trkpt>
    <trkpt lat="61.7358639" lon="16.9392238"></trkpt>
    <trkpt lat="61.7357908" lon="16.9394931"></trkpt>
    <trkpt lat="61.7355347" lon="16.9404369"></trkpt>
    <trkpt lat="61.7352533" lon="16.9412016"></trkpt>
    <trkpt lat="61.7350776" lon="16.9416790"></trkpt>
    <trkpt lat="61.7348370" lon="16.9426846"></trkpt>
    <trkpt lat="61.7347668" lon="16.9430752"></trkpt>
    <trkpt lat="61.7346870" lon="16.9435189"></trkpt>
    <trkpt lat="61.7345885" lon="16.9442434"></trkpt>
    <trkpt lat="61.7344670" lon="16.9454544"></trkpt>
    <trkpt lat="61.7343455" lon="16.9466654"></trkpt>
    <trkpt lat="61.7342409" lon="16.9476324"></trkpt>
    <trkpt lat="61.7340533" lon="16.9494373"></trkpt>
    <trkpt lat="61.7338658" lon="16.9512423"></trkpt>
    <trkpt lat="61.7336782" lon="16.9530472"></trkpt>
    <trkpt lat="61.7335647" lon="16.9540920"></trkpt>
    <trkpt lat="61.7334941" lon="16.9547413"></trkpt>
    <trkpt lat="61.7333898" lon="16.9564241"></trkpt>
    <trkpt lat="61.7332927" lon="16.9563894"></trkpt>
    <trkpt lat="61.7331933" lon="16.9564573"></trkpt>
    <trkpt lat="61.7331489" lon="16.9565828"></trkpt>
    <trkpt lat="61.7330750" lon="16.9568660"></trkpt>
    <trkpt lat="61.7326880" lon="16.9567220"></trkpt>
    <trkpt lat="61.7325571" lon="16.9566225"></trkpt>
    <trkpt lat="61.7324658" lon="16.9569042"></trkpt>
    <trkpt lat="61.7322773" lon="16.9574861"></trkpt>
    <trkpt lat="61.7321661" lon="16.9573451"></trkpt>
    <trkpt lat="61.7320579" lon="16.9573090"></trkpt>
    <trkpt lat="61.7319260" lon="16.9573397"></trkpt>
    <trkpt lat="61.7317937" lon="16.9574458"></trkpt>
    <trkpt lat="61.7315538" lon="16.9576831"></trkpt>
    <trkpt lat="61.7312322" lon="16.9579742"></trkpt>
    <trkpt lat="61.7309212" lon="16.9583027"></trkpt>
    <trkpt lat="61.7307840" lon="16.9584985"></trkpt>
    <trkpt lat="61.7306555" lon="16.9587413"></trkpt>
    <trkpt lat="61.7304270" lon="16.9592387"></trkpt>
    <trkpt lat="61.7301181" lon="16.9600395"></trkpt>
    <trkpt lat="61.7299951" lon="16.9602982"></trkpt>
    <trkpt lat="61.7298706" lon="16.9604565"></trkpt>
    <trkpt lat="61.7297308" lon="16.9605959"></trkpt>
    <trkpt lat="61.7294615" lon="16.9609715"></trkpt>
    <trkpt lat="61.7292720" lon="16.9613163"></trkpt>
    <trkpt lat="61.7290321" lon="16.9616876"></trkpt>
    <trkpt lat="61.7287715" lon="16.9621156"></trkpt>
    <trkpt lat="61.7282786" lon="16.9629095"></trkpt>
    <trkpt lat="61.7279597" lon="16.9634218"></trkpt>
    <trkpt lat="61.7279317" lon="16.9635210"></trkpt>
    <trkpt lat="61.7279095" lon="16.9636454"></trkpt>
    <trkpt lat="61.7274935" lon="16.9635406"></trkpt>
    <trkpt lat="61.7268762" lon="16.9635483"></trkpt>
    <trkpt lat="61.7265090" lon="16.9635528"></trkpt>
    <trkpt lat="61.7262960" lon="16.9635780"></trkpt>
    <trkpt lat="61.7257968" lon="16.9636736"></trkpt>
    <trkpt lat="61.7254874" lon="16.9637525"></trkpt>
    <trkpt lat="61.7253176" lon="16.9637031"></trkpt>
    <trkpt lat="61.7251440" lon="16.9634518"></trkpt>
    <trkpt lat="61.7249473" lon="16.9631694"></trkpt>
    <trkpt lat="61.7247680" lon="16.9630286"></trkpt>
    <trkpt lat="61.7246098" lon="16.9629669"></trkpt>
    <trkpt lat="61.7243700" lon="16.9629508"></trkpt>
    <trkpt lat="61.7240890" lon="16.9630092"></trkpt>
    <trkpt lat="61.7234695" lon="16.9632892"></trkpt>
    <trkpt lat="61.7230089" lon="16.9633904"></trkpt>
    <trkpt lat="61.7226103" lon="16.9635507"></trkpt>
    <trkpt lat="61.7223451" lon="16.9637451"></trkpt>
    <trkpt lat="61.7221417" lon="16.9639889"></trkpt>
    <trkpt lat="61.7218886" lon="16.9643042"></trkpt>
    <trkpt lat="61.7217448" lon="16.9645074"></trkpt>
    <trkpt lat="61.7214266" lon="16.9648987"></trkpt>
    <trkpt lat="61.7210785" lon="16.9653063"></trkpt>
    <trkpt lat="61.7207648" lon="16.9656453"></trkpt>
    <trkpt lat="61.7201499" lon="16.9664187"></trkpt>
    <trkpt lat="61.7195350" lon="16.9671920"></trkpt>
    <trkpt lat="61.7189201" lon="16.9679654"></trkpt>
    <trkpt lat="61.7183930" lon="16.9686681"></trkpt>
    <trkpt lat="61.7180886" lon="16.9690419"></trkpt>
    <trkpt lat="61.7173799" lon="16.9681075"></trkpt>
    <trkpt lat="61.7171048" lon="16.9679412"></trkpt>
    <trkpt lat="61.7166394" lon="16.9676523"></trkpt>
    <trkpt lat="61.7161740" lon="16.9673634"></trkpt>
    <trkpt lat="61.7161264" lon="16.9673194"></trkpt>
    <trkpt lat="61.7157450" lon="16.9670861"></trkpt>
    <trkpt lat="61.7155318" lon="16.9668588"></trkpt>
    <trkpt lat="61.7151926" lon="16.9662917"></trkpt>
    <trkpt lat="61.7149218" lon="16.9658347"></trkpt>
    <trkpt lat="61.7146139" lon="16.9652240"></trkpt>
    <trkpt lat="61.7143286" lon="16.9646785"></trkpt>
    <trkpt lat="61.7141861" lon="16.9644706"></trkpt>
    <trkpt lat="61.7139113" lon="16.9641587"></trkpt>
    <trkpt lat="61.7136209" lon="16.9638328"></trkpt>
    <trkpt lat="61.7134340" lon="16.9635955"></trkpt>
    <trkpt lat="61.7132188" lon="16.9632892"></trkpt>
    <trkpt lat="61.7129810" lon="16.9628858"></trkpt>
    <trkpt lat="61.7132167" lon="16.9620875"></trkpt>
    <trkpt lat="61.7135231" lon="16.9611337"></trkpt>
    <trkpt lat="61.7136316" lon="16.9606859"></trkpt>
    <trkpt lat="61.7137032" lon="16.9603858"></trkpt>
    <trkpt lat="61.7137641" lon="16.9601301"></trkpt>
    <trkpt lat="61.7138174" lon="16.9598264"></trkpt>
    <trkpt lat="61.7138388" lon="16.9596585"></trkpt>
    <trkpt lat="61.7138828" lon="16.9593070"></trkpt>
    <trkpt lat="61.7139629" lon="16.9585234"></trkpt>
    <trkpt lat="61.7140206" lon="16.9578939"></trkpt>
    <trkpt lat="61.7140318" lon="16.9576202"></trkpt>
    <trkpt lat="61.7140021" lon="16.9573231"></trkpt>
    <trkpt lat="61.7139523" lon="16.9570357"></trkpt>
    <trkpt lat="61.7139320" lon="16.9569200"></trkpt>
    <trkpt lat="61.7137655" lon="16.9559722"></trkpt>
    <trkpt lat="61.7137348" lon="16.9556801"></trkpt>
    <trkpt lat="61.7137357" lon="16.9554336"></trkpt>
    <trkpt lat="61.7137719" lon="16.9552152"></trkpt>
    <trkpt lat="61.7142877" lon="16.9536745"></trkpt>
    <trkpt lat="61.7145918" lon="16.9528244"></trkpt>
    <trkpt lat="61.7146891" lon="16.9525023"></trkpt>
    <trkpt lat="61.7147501" lon="16.9521473"></trkpt>
    <trkpt lat="61.7148042" lon="16.9517452"></trkpt>
    <trkpt lat="61.7148709" lon="16.9510661"></trkpt>
    <trkpt lat="61.7148709" lon="16.9507838"></trkpt>
    <trkpt lat="61.7148345" lon="16.9504917"></trkpt>
    <trkpt lat="61.7145552" lon="16.9489305"></trkpt>
    <trkpt lat="61.7143069" lon="16.9476487"></trkpt>
    <trkpt lat="61.7142811" lon="16.9473796"></trkpt>
    <trkpt lat="61.7142030" lon="16.9470173"></trkpt>
    <trkpt lat="61.7141935" lon="16.9468090"></trkpt>
    <trkpt lat="61.7142096" lon="16.9465660"></trkpt>
    <trkpt lat="61.7142900" lon="16.9460624"></trkpt>
    <trkpt lat="61.7143377" lon="16.9456858"></trkpt>
    <trkpt lat="61.7143645" lon="16.9452839"></trkpt>
    <trkpt lat="61.7144009" lon="16.9450512"></trkpt>
    <trkpt lat="61.7144779" lon="16.9448071"></trkpt>
    <trkpt lat="61.7145899" lon="16.9445290"></trkpt>
    <trkpt lat="61.7146007" lon="16.9443679"></trkpt>
    <trkpt lat="61.7145890" lon="16.9442227"></trkpt>
    <trkpt lat="61.7145343" lon="16.9440879"></trkpt>
    <trkpt lat="61.7144705" lon="16.9439943"></trkpt>
    <trkpt lat="61.7142749" lon="16.9436750"></trkpt>
    <trkpt lat="61.7141956" lon="16.9435269"></trkpt>
    <trkpt lat="61.7141250" lon="16.9435453"></trkpt>
    <trkpt lat="61.7139271" lon="16.9434868"></trkpt>
    <trkpt lat="61.7135883" lon="16.9433051"></trkpt>
    <trkpt lat="61.7134447" lon="16.9431633"></trkpt>
    <trkpt lat="61.7133014" lon="16.9429256"></trkpt>
    <trkpt lat="61.7131746" lon="16.9427094"></trkpt>
    <trkpt lat="61.7128815" lon="16.9420553"></trkpt>
    <trkpt lat="61.7127531" lon="16.9417229"></trkpt>
    <trkpt lat="61.7126613" lon="16.9415520"></trkpt>
    <trkpt lat="61.7125095" lon="16.9414432"></trkpt>
    <trkpt lat="61.7125399" lon="16.9402174"></trkpt>
    <trkpt lat="61.7126550" lon="16.9392288"></trkpt>
    <trkpt lat="61.7130194" lon="16.9375119"></trkpt>
    <trkpt lat="61.7132914" lon="16.9365769"></trkpt>
    <trkpt lat="61.7133609" lon="16.9364134"></trkpt>
    <trkpt lat="61.7132533" lon="16.9361544"></trkpt>
    <trkpt lat="61.7132126" lon="16.9358700"></trkpt>
    <trkpt lat="61.7131795" lon="16.9356930"></trkpt>
    <trkpt lat="61.7130448" lon="16.9352210"></trkpt>
    <trkpt lat="61.7129762" lon="16.9350493"></trkpt>
    <trkpt lat="61.7129177" lon="16.9347489"></trkpt>
    <trkpt lat="61.7128414" lon="16.9344485"></trkpt>
    <trkpt lat="61.7127601" lon="16.9342875"></trkpt>
    <trkpt lat="61.7125542" lon="16.9340676"></trkpt>
    <trkpt lat="61.7124067" lon="16.9338262"></trkpt>
    <trkpt lat="61.7123559" lon="16.9336384"></trkpt>
    <trkpt lat="61.7122923" lon="16.9331986"></trkpt>
    <trkpt lat="61.7121728" lon="16.9327694"></trkpt>
    <trkpt lat="61.7120178" lon="16.9323134"></trkpt>
    <trkpt lat="61.7119517" lon="16.9321364"></trkpt>
    <trkpt lat="61.7117941" lon="16.9315410"></trkpt>
    <trkpt lat="61.7116644" lon="16.9309348"></trkpt>
    <trkpt lat="61.7114941" lon="16.9304573"></trkpt>
    <trkpt lat="61.7113314" lon="16.9299048"></trkpt>
    <trkpt lat="61.7112780" lon="16.9295186"></trkpt>
    <trkpt lat="61.7112424" lon="16.9290465"></trkpt>
    <trkpt lat="61.7111865" lon="16.9286603"></trkpt>
    <trkpt lat="61.7111229" lon="16.9283545"></trkpt>
    <trkpt lat="61.7109475" lon="16.9279039"></trkpt>
    <trkpt lat="61.7107060" lon="16.9273728"></trkpt>
    <trkpt lat="61.7105534" lon="16.9270992"></trkpt>
    <trkpt lat="61.7101644" lon="16.9259512"></trkpt>
    <trkpt lat="61.7099890" lon="16.9254309"></trkpt>
    <trkpt lat="61.7098797" lon="16.9250715"></trkpt>
    <trkpt lat="61.7097449" lon="16.9248730"></trkpt>
    <trkpt lat="61.7095009" lon="16.9245779"></trkpt>
    <trkpt lat="61.7093814" lon="16.9242507"></trkpt>
    <trkpt lat="61.7091563" lon="16.9238413"></trkpt>
    <trkpt lat="61.7094202" lon="16.9232927"></trkpt>
    <trkpt lat="61.7096931" lon="16.9227558"></trkpt>
    <trkpt lat="61.7098126" lon="16.9226198"></trkpt>
    <trkpt lat="61.7099578" lon="16.9225074"></trkpt>
    <trkpt lat="61.7102137" lon="16.9223829"></trkpt>
    <trkpt lat="61.7105644" lon="16.9221511"></trkpt>
    <trkpt lat="61.7107423" lon="16.9220667"></trkpt>
    <trkpt lat="61.7108941" lon="16.9220585"></trkpt>
    <trkpt lat="61.7108807" lon="16.9218709"></trkpt>
    <trkpt lat="61.7108389" lon="16.9213262"></trkpt>
    <trkpt lat="61.7107606" lon="16.9211221"></trkpt>
    <trkpt lat="61.7106178" lon="16.9210630"></trkpt>
    <trkpt lat="61.7104958" lon="16.9208714"></trkpt>
    <trkpt lat="61.7104104" lon="16.9204369"></trkpt>
    <trkpt lat="61.7103532" lon="16.9201972"></trkpt>
    <trkpt lat="61.7102077" lon="16.9198304"></trkpt>
    <trkpt lat="61.7098220" lon="16.9188251"></trkpt>
    <trkpt lat="61.7097600" lon="16.9186609"></trkpt>
    <trkpt lat="61.7097491" lon="16.9186335"></trkpt>
    <trkpt lat="61.7096555" lon="16.9184217"></trkpt>
    <trkpt lat="61.7096063" lon="16.9182138"></trkpt>
    <trkpt lat="61.7096101" lon="16.9181500"></trkpt>
    <trkpt lat="61.7096488" lon="16.9180245"></trkpt>
    <trkpt lat="61.7097274" lon="16.9178462"></trkpt>
    <trkpt lat="61.7098031" lon="16.9176895"></trkpt>
    <trkpt lat="61.7098730" lon="16.9175083"></trkpt>
    <trkpt lat="61.7099154" lon="16.9173266"></trkpt>
    <trkpt lat="61.7099354" lon="16.9172171"></trkpt>
    <trkpt lat="61.7099422" lon="16.9170075"></trkpt>
    <trkpt lat="61.7099461" lon="16.9167972"></trkpt>
    <trkpt lat="61.7099402" lon="16.9166333"></trkpt>
    <trkpt lat="61.7099378" lon="16.9165165"></trkpt>
    <trkpt lat="61.7099288" lon="16.9163845"></trkpt>
    <trkpt lat="61.7099054" lon="16.9162606"></trkpt>
    <trkpt lat="61.7098746" lon="16.9161750"></trkpt>
    <trkpt lat="61.7098483" lon="16.9160980"></trkpt>
    <trkpt lat="61.7098177" lon="16.9160399"></trkpt>
    <trkpt lat="61.7097627" lon="16.9160019"></trkpt>
    <trkpt lat="61.7097057" lon="16.9159709"></trkpt>
    <trkpt lat="61.7096441" lon="16.9159316"></trkpt>
    <trkpt lat="61.7095889" lon="16.9158997"></trkpt>
    <trkpt lat="61.7095242" lon="16.9158464"></trkpt>
    <trkpt lat="61.7094656" lon="16.9158309"></trkpt>
    <trkpt lat="61.7094094" lon="16.9158078"></trkpt>
    <trkpt lat="61.7093701" lon="16.9157631"></trkpt>
    <trkpt lat="61.7093267" lon="16.9157126"></trkpt>
    <trkpt lat="61.7093003" lon="16.9156430"></trkpt>
    <trkpt lat="61.7092750" lon="16.9155664"></trkpt>
    <trkpt lat="61.7092574" lon="16.9154974"></trkpt>
    <trkpt lat="61.7092346" lon="16.9154180"></trkpt>
    <trkpt lat="61.7092218" lon="16.9153533"></trkpt>
    <trkpt lat="61.7092069" lon="16.9152585"></trkpt>
    <trkpt lat="61.7092025" lon="16.9151894"></trkpt>
    <trkpt lat="61.7091944" lon="16.9151219"></trkpt>
    <trkpt lat="61.7091824" lon="16.9150437"></trkpt>
    <trkpt lat="61.7091419" lon="16.9149133"></trkpt>
    <trkpt lat="61.7091135" lon="16.9147761"></trkpt>
    <trkpt lat="61.7090673" lon="16.9145750"></trkpt>
    <trkpt lat="61.7090406" lon="16.9144279"></trkpt>
    <trkpt lat="61.7090335" lon="16.9143399"></trkpt>
    <trkpt lat="61.7090510" lon="16.9142376"></trkpt>
    <trkpt lat="61.7091113" lon="16.9141248"></trkpt>
    <trkpt lat="61.7091598" lon="16.9140213"></trkpt>
    <trkpt lat="61.7091919" lon="16.9139717"></trkpt>
    <trkpt lat="61.7092094" lon="16.9138220"></trkpt>
    <trkpt lat="61.7092152" lon="16.9137259"></trkpt>
    <trkpt lat="61.7092189" lon="16.9136688"></trkpt>
    <trkpt lat="61.7092102" lon="16.9136028"></trkpt>
    <trkpt lat="61.7091857" lon="16.9135150"></trkpt>
    <trkpt lat="61.7091623" lon="16.9134647"></trkpt>
    <trkpt lat="61.7091555" lon="16.9134167"></trkpt>
    <trkpt lat="61.7091349" lon="16.9132823"></trkpt>
    <trkpt lat="61.7091181" lon="16.9132174"></trkpt>
    <trkpt lat="61.7090729" lon="16.9131055"></trkpt>
    <trkpt lat="61.7090423" lon="16.9129941"></trkpt>
    <trkpt lat="61.7089997" lon="16.9128647"></trkpt>
    <trkpt lat="61.7089522" lon="16.9127535"></trkpt>
    <trkpt lat="61.7089445" lon="16.9127135"></trkpt>
    <trkpt lat="61.7089229" lon="16.9126073"></trkpt>
    <trkpt lat="61.7089175" lon="16.9125752"></trkpt>
    <trkpt lat="61.7089153" lon="16.9125444"></trkpt>
    <trkpt lat="61.7089235" lon="16.9125018"></trkpt>
    <trkpt lat="61.7089379" lon="16.9124440"></trkpt>
    <trkpt lat="61.7089706" lon="16.9123367"></trkpt>
    <trkpt lat="61.7090058" lon="16.9122047"></trkpt>
    <trkpt lat="61.7090071" lon="16.9121044"></trkpt>
    <trkpt lat="61.7089835" lon="16.9119460"></trkpt>
    <trkpt lat="61.7089622" lon="16.9118084"></trkpt>
    <trkpt lat="61.7089533" lon="16.9116627"></trkpt>
    <trkpt lat="61.7089478" lon="16.9115464"></trkpt>
    <trkpt lat="61.7089423" lon="16.9114633"></trkpt>
    <trkpt lat="61.7089089" lon="16.9113935"></trkpt>
    <trkpt lat="61.7088669" lon="16.9113340"></trkpt>
    <trkpt lat="61.7088168" lon="16.9112806"></trkpt>
    <trkpt lat="61.7087763" lon="16.9112121"></trkpt>
    <trkpt lat="61.7087433" lon="16.9111123"></trkpt>
    <trkpt lat="61.7087075" lon="16.9110008"></trkpt>
    <trkpt lat="61.7086719" lon="16.9109207"></trkpt>
    <trkpt lat="61.7086359" lon="16.9108667"></trkpt>
    <trkpt lat="61.7085926" lon="16.9107935"></trkpt>
    <trkpt lat="61.7086538" lon="16.9106685"></trkpt>
    <trkpt lat="61.7087946" lon="16.9102402"></trkpt>
    <trkpt lat="61.7089039" lon="16.9097532"></trkpt>
    <trkpt lat="61.7089355" lon="16.9095428"></trkpt>
    <trkpt lat="61.7089616" lon="16.9093433"></trkpt>
    <trkpt lat="61.7089658" lon="16.9091469"></trkpt>
    <trkpt lat="61.7089975" lon="16.9088173"></trkpt>
    <trkpt lat="61.7089735" lon="16.9085115"></trkpt>
    <trkpt lat="61.7089355" lon="16.9081648"></trkpt>
    <trkpt lat="61.7088425" lon="16.9083489"></trkpt>
    <trkpt lat="61.7087869" lon="16.9084280"></trkpt>
    <trkpt lat="61.7087231" lon="16.9084894"></trkpt>
    <trkpt lat="61.7084697" lon="16.9087907"></trkpt>
    <trkpt lat="61.7083314" lon="16.9090774"></trkpt>
    <trkpt lat="61.7081304" lon="16.9091658"></trkpt>
    <trkpt lat="61.7080493" lon="16.9092319"></trkpt>
    <trkpt lat="61.7077738" lon="16.9094338"></trkpt>
    <trkpt lat="61.7074852" lon="16.9095976"></trkpt>
    <trkpt lat="61.7072147" lon="16.9096431"></trkpt>
    <trkpt lat="61.7070797" lon="16.9095698"></trkpt>
    <trkpt lat="61.7069666" lon="16.9095658"></trkpt>
    <trkpt lat="61.7067517" lon="16.9096394"></trkpt>
    <trkpt lat="61.7066640" lon="16.9096774"></trkpt>
    <trkpt lat="61.7065890" lon="16.9097552"></trkpt>
    <trkpt lat="61.7063954" lon="16.9100411"></trkpt>
    <trkpt lat="61.7062861" lon="16.9101754"></trkpt>
    <trkpt lat="61.7062081" lon="16.9101985"></trkpt>
    <trkpt lat="61.7061169" lon="16.9102256"></trkpt>
    <trkpt lat="61.7060088" lon="16.9102933"></trkpt>
    <trkpt lat="61.7058406" lon="16.9103387"></trkpt>
    <trkpt lat="61.7057342" lon="16.9104437"></trkpt>
    <trkpt lat="61.7056309" lon="16.9104697"></trkpt>
    <trkpt lat="61.7055524" lon="16.9104482"></trkpt>
    <trkpt lat="61.7055049" lon="16.9103883"></trkpt>
    <trkpt lat="61.7054535" lon="16.9102812"></trkpt>
    <trkpt lat="61.7053966" lon="16.9102635"></trkpt>
    <trkpt lat="61.7053399" lon="16.9102693"></trkpt>
    <trkpt lat="61.7052259" lon="16.9103346"></trkpt>
    <trkpt lat="61.7051738" lon="16.9104445"></trkpt>
    <trkpt lat="61.7051411" lon="16.9106258"></trkpt>
    <trkpt lat="61.7051274" lon="16.9108030"></trkpt>
    <trkpt lat="61.7051010" lon="16.9109710"></trkpt>
    <trkpt lat="61.7050709" lon="16.9112457"></trkpt>
    <trkpt lat="61.7050289" lon="16.9114529"></trkpt>
    <trkpt lat="61.7049872" lon="16.9115759"></trkpt>
    <trkpt lat="61.7049033" lon="16.9117012"></trkpt>
    <trkpt lat="61.7048740" lon="16.9118399"></trkpt>
    <trkpt lat="61.7048586" lon="16.9120271"></trkpt>
    <trkpt lat="61.7048290" lon="16.9122423"></trkpt>
    <trkpt lat="61.7047932" lon="16.9125073"></trkpt>
    <trkpt lat="61.7047336" lon="16.9125586"></trkpt>
    <trkpt lat="61.7047061" lon="16.9125826"></trkpt>
    <trkpt lat="61.7046826" lon="16.9125891"></trkpt>
    <trkpt lat="61.7046533" lon="16.9125803"></trkpt>
    <trkpt lat="61.7046251" lon="16.9125745"></trkpt>
    <trkpt lat="61.7045901" lon="16.9125707"></trkpt>
    <trkpt lat="61.7045607" lon="16.9125635"></trkpt>
    <trkpt lat="61.7045344" lon="16.9125305"></trkpt>
    <trkpt lat="61.7044840" lon="16.9125365"></trkpt>
    <trkpt lat="61.7044540" lon="16.9125162"></trkpt>
    <trkpt lat="61.7044185" lon="16.9124892"></trkpt>
    <trkpt lat="61.7043827" lon="16.9124595"></trkpt>
    <trkpt lat="61.7043352" lon="16.9124336"></trkpt>
    <trkpt lat="61.7042929" lon="16.9123988"></trkpt>
    <trkpt lat="61.7042627" lon="16.9123756"></trkpt>
    <trkpt lat="61.7042441" lon="16.9123773"></trkpt>
    <trkpt lat="61.7042306" lon="16.9124032"></trkpt>
    <trkpt lat="61.7042068" lon="16.9124148"></trkpt>
    <trkpt lat="61.7041755" lon="16.9124109"></trkpt>
    <trkpt lat="61.7041375" lon="16.9123981"></trkpt>
    <trkpt lat="61.7041245" lon="16.9123720"></trkpt>
    <trkpt lat="61.7040884" lon="16.9122903"></trkpt>
    <trkpt lat="61.7040471" lon="16.9122274"></trkpt>
    <trkpt lat="61.7039969" lon="16.9121877"></trkpt>
    <trkpt lat="61.7039477" lon="16.9121836"></trkpt>
    <trkpt lat="61.7038895" lon="16.9122256"></trkpt>
    <trkpt lat="61.7038123" lon="16.9122225"></trkpt>
    <trkpt lat="61.7037366" lon="16.9122146"></trkpt>
    <trkpt lat="61.7036622" lon="16.9122503"></trkpt>
    <trkpt lat="61.7035908" lon="16.9122503"></trkpt>
    <trkpt lat="61.7035474" lon="16.9122347"></trkpt>
    <trkpt lat="61.7034996" lon="16.9121602"></trkpt>
    <trkpt lat="61.7034560" lon="16.9120703"></trkpt>
    <trkpt lat="61.7034045" lon="16.9120113"></trkpt>
    <trkpt lat="61.7033670" lon="16.9119756"></trkpt>
    <trkpt lat="61.7033081" lon="16.9119073"></trkpt>
    <trkpt lat="61.7032448" lon="16.9118514"></trkpt>
    <trkpt lat="61.7031640" lon="16.9118762"></trkpt>
    <trkpt lat="61.7030933" lon="16.9119057"></trkpt>
    <trkpt lat="61.7030330" lon="16.9119772"></trkpt>
    <trkpt lat="61.7029697" lon="16.9120206"></trkpt>
    <trkpt lat="61.7028802" lon="16.9120239"></trkpt>
    <trkpt lat="61.7027852" lon="16.9120037"></trkpt>
    <trkpt lat="61.7027065" lon="16.9119478"></trkpt>
    <trkpt lat="61.7026244" lon="16.9118889"></trkpt>
    <trkpt lat="61.7025795" lon="16.9118423"></trkpt>
    <trkpt lat="61.7025228" lon="16.9117631"></trkpt>
    <trkpt lat="61.7024492" lon="16.9116948"></trkpt>
    <trkpt lat="61.7023910" lon="16.9116280"></trkpt>
    <trkpt lat="61.7022998" lon="16.9116684"></trkpt>
    <trkpt lat="61.7022186" lon="16.9116955"></trkpt>
    <trkpt lat="61.7021688" lon="16.9117047"></trkpt>
    <trkpt lat="61.7021090" lon="16.9117200"></trkpt>
    <trkpt lat="61.7020699" lon="16.9117088"></trkpt>
    <trkpt lat="61.7020312" lon="16.9116639"></trkpt>
    <trkpt lat="61.7020003" lon="16.9116049"></trkpt>
    <trkpt lat="61.7019575" lon="16.9115473"></trkpt>
    <trkpt lat="61.7018952" lon="16.9114800"></trkpt>
    <trkpt lat="61.7018276" lon="16.9114445"></trkpt>
    <trkpt lat="61.7017904" lon="16.9114221"></trkpt>
    <trkpt lat="61.7017266" lon="16.9114272"></trkpt>
    <trkpt lat="61.7016518" lon="16.9114526"></trkpt>
    <trkpt lat="61.7015827" lon="16.9114914"></trkpt>
    <trkpt lat="61.7015182" lon="16.9115184"></trkpt>
    <trkpt lat="61.7014622" lon="16.9115507"></trkpt>
    <trkpt lat="61.7014115" lon="16.9115913"></trkpt>
    <trkpt lat="61.7013656" lon="16.9116300"></trkpt>
    <trkpt lat="61.7013049" lon="16.9116576"></trkpt>
    <trkpt lat="61.7012525" lon="16.9116950"></trkpt>
    <trkpt lat="61.7012098" lon="16.9117246"></trkpt>
    <trkpt lat="61.7011763" lon="16.9117488"></trkpt>
    <trkpt lat="61.7011433" lon="16.9117805"></trkpt>
    <trkpt lat="61.7010999" lon="16.9118520"></trkpt>
    <trkpt lat="61.7010282" lon="16.9119686"></trkpt>
    <trkpt lat="61.7010017" lon="16.9120277"></trkpt>
    <trkpt lat="61.7009476" lon="16.9121441"></trkpt>
    <trkpt lat="61.7009052" lon="16.9122379"></trkpt>
    <trkpt lat="61.7008590" lon="16.9123078"></trkpt>
    <trkpt lat="61.7008263" lon="16.9123555"></trkpt>
    <trkpt lat="61.7007892" lon="16.9123795"></trkpt>
    <trkpt lat="61.7007140" lon="16.9124185"></trkpt>
    <trkpt lat="61.7006817" lon="16.9124395"></trkpt>
    <trkpt lat="61.7006233" lon="16.9124810"></trkpt>
    <trkpt lat="61.7005607" lon="16.9124953"></trkpt>
    <trkpt lat="61.7004944" lon="16.9125197"></trkpt>
    <trkpt lat="61.7004341" lon="16.9125112"></trkpt>
    <trkpt lat="61.7003692" lon="16.9124968"></trkpt>
    <trkpt lat="61.7002914" lon="16.9124981"></trkpt>
    <trkpt lat="61.7002093" lon="16.9125051"></trkpt>
    <trkpt lat="61.7001490" lon="16.9125311"></trkpt>
    <trkpt lat="61.7000800" lon="16.9125738"></trkpt>
    <trkpt lat="61.7000294" lon="16.9125921"></trkpt>
    <trkpt lat="61.6999751" lon="16.9126108"></trkpt>
    <trkpt lat="61.6999410" lon="16.9126297"></trkpt>
    <trkpt lat="61.6999083" lon="16.9126687"></trkpt>
    <trkpt lat="61.6998773" lon="16.9127180"></trkpt>
    <trkpt lat="61.6998592" lon="16.9127685"></trkpt>
    <trkpt lat="61.6998447" lon="16.9128290"></trkpt>
    <trkpt lat="61.6998168" lon="16.9129030"></trkpt>
    <trkpt lat="61.6997921" lon="16.9129833"></trkpt>
    <trkpt lat="61.6997656" lon="16.9130458"></trkpt>
    <trkpt lat="61.6997387" lon="16.9131071"></trkpt>
    <trkpt lat="61.6997118" lon="16.9131581"></trkpt>
    <trkpt lat="61.6996951" lon="16.9132099"></trkpt>
    <trkpt lat="61.6996669" lon="16.9132965"></trkpt>
    <trkpt lat="61.6996337" lon="16.9133629"></trkpt>
    <trkpt lat="61.6995917" lon="16.9134344"></trkpt>
    <trkpt lat="61.6995521" lon="16.9134908"></trkpt>
    <trkpt lat="61.6995089" lon="16.9135484"></trkpt>
    <trkpt lat="61.6994721" lon="16.9136081"></trkpt>
    <trkpt lat="61.6994328" lon="16.9136621"></trkpt>
    <trkpt lat="61.6993961" lon="16.9137106"></trkpt>
    <trkpt lat="61.6993445" lon="16.9137502"></trkpt>
    <trkpt lat="61.6993120" lon="16.9137728"></trkpt>
    <trkpt lat="61.6992670" lon="16.9137829"></trkpt>
    <trkpt lat="61.6992385" lon="16.9137903"></trkpt>
    <trkpt lat="61.6992109" lon="16.9138098"></trkpt>
    <trkpt lat="61.6991817" lon="16.9138622"></trkpt>
    <trkpt lat="61.6991448" lon="16.9139748"></trkpt>
    <trkpt lat="61.6991111" lon="16.9140845"></trkpt>
    <trkpt lat="61.6990615" lon="16.9141803"></trkpt>
    <trkpt lat="61.6990064" lon="16.9142726"></trkpt>
    <trkpt lat="61.6989627" lon="16.9143427"></trkpt>
    <trkpt lat="61.6989243" lon="16.9144208"></trkpt>
    <trkpt lat="61.6988814" lon="16.9145162"></trkpt>
    <trkpt lat="61.6988354" lon="16.9145951"></trkpt>
    <trkpt lat="61.6987894" lon="16.9146565"></trkpt>
    <trkpt lat="61.6987386" lon="16.9147116"></trkpt>
    <trkpt lat="61.6986839" lon="16.9147809"></trkpt>
    <trkpt lat="61.6986731" lon="16.9148108"></trkpt>
    <trkpt lat="61.6986448" lon="16.9148888"></trkpt>
    <trkpt lat="61.6986070" lon="16.9150379"></trkpt>
    <trkpt lat="61.6985534" lon="16.9151778"></trkpt>
    <trkpt lat="61.6984952" lon="16.9152436"></trkpt>
    <trkpt lat="61.6984331" lon="16.9152831"></trkpt>
    <trkpt lat="61.6983446" lon="16.9153095"></trkpt>
    <trkpt lat="61.6982794" lon="16.9153318"></trkpt>
    <trkpt lat="61.6982110" lon="16.9153729"></trkpt>
    <trkpt lat="61.6981663" lon="16.9153700"></trkpt>
    <trkpt lat="61.6979802" lon="16.9153189"></trkpt>
    <trkpt lat="61.6979369" lon="16.9153275"></trkpt>
    <trkpt lat="61.6978249" lon="16.9153663"></trkpt>
    <trkpt lat="61.6977270" lon="16.9154095"></trkpt>
    <trkpt lat="61.6976795" lon="16.9154541"></trkpt>
    <trkpt lat="61.6975815" lon="16.9156077"></trkpt>
    <trkpt lat="61.6974923" lon="16.9157313"></trkpt>
    <trkpt lat="61.6974104" lon="16.9158348"></trkpt>
    <trkpt lat="61.6973206" lon="16.9160037"></trkpt>
    <trkpt lat="61.6972743" lon="16.9161114"></trkpt>
    <trkpt lat="61.6972266" lon="16.9162148"></trkpt>
    <trkpt lat="61.6971604" lon="16.9163018"></trkpt>
    <trkpt lat="61.6970897" lon="16.9164294"></trkpt>
    <trkpt lat="61.6970225" lon="16.9165518"></trkpt>
    <trkpt lat="61.6969687" lon="16.9166408"></trkpt>
    <trkpt lat="61.6969561" lon="16.9166694"></trkpt>
    <trkpt lat="61.6969321" lon="16.9167670"></trkpt>
    <trkpt lat="61.6969146" lon="16.9168203"></trkpt>
    <trkpt lat="61.6968892" lon="16.9168900"></trkpt>
    <trkpt lat="61.6968566" lon="16.9169302"></trkpt>
    <trkpt lat="61.6968249" lon="16.9169606"></trkpt>
    <trkpt lat="61.6967822" lon="16.9169786"></trkpt>
    <trkpt lat="61.6967411" lon="16.9170011"></trkpt>
    <trkpt lat="61.6967071" lon="16.9170269"></trkpt>
    <trkpt lat="61.6966774" lon="16.9170494"></trkpt>
    <trkpt lat="61.6966456" lon="16.9170595"></trkpt>
    <trkpt lat="61.6965997" lon="16.9170583"></trkpt>
    <trkpt lat="61.6965588" lon="16.9170729"></trkpt>
    <trkpt lat="61.6965163" lon="16.9171007"></trkpt>
    <trkpt lat="61.6964637" lon="16.9171206"></trkpt>
    <trkpt lat="61.6964235" lon="16.9171401"></trkpt>
    <trkpt lat="61.6963645" lon="16.9171664"></trkpt>
    <trkpt lat="61.6963205" lon="16.9171755"></trkpt>
    <trkpt lat="61.6962865" lon="16.9171868"></trkpt>
    <trkpt lat="61.6962479" lon="16.9172132"></trkpt>
    <trkpt lat="61.6962218" lon="16.9172349"></trkpt>
    <trkpt lat="61.6961907" lon="16.9172666"></trkpt>
    <trkpt lat="61.6961609" lon="16.9172880"></trkpt>
    <trkpt lat="61.6961401" lon="16.9173090"></trkpt>
    <trkpt lat="61.6961239" lon="16.9173420"></trkpt>
    <trkpt lat="61.6961049" lon="16.9173941"></trkpt>
    <trkpt lat="61.6960955" lon="16.9174253"></trkpt>
    <trkpt lat="61.6960752" lon="16.9174643"></trkpt>
    <trkpt lat="61.6960503" lon="16.9174973"></trkpt>
    <trkpt lat="61.6960240" lon="16.9175395"></trkpt>
    <trkpt lat="61.6959933" lon="16.9175827"></trkpt>
    <trkpt lat="61.6959660" lon="16.9176227"></trkpt>
    <trkpt lat="61.6959391" lon="16.9176520"></trkpt>
    <trkpt lat="61.6959108" lon="16.9176716"></trkpt>
    <trkpt lat="61.6958722" lon="16.9176830"></trkpt>
    <trkpt lat="61.6958476" lon="16.9176821"></trkpt>
    <trkpt lat="61.6958332" lon="16.9176816"></trkpt>
    <trkpt lat="61.6958002" lon="16.9176861"></trkpt>
    <trkpt lat="61.6957467" lon="16.9176904"></trkpt>
    <trkpt lat="61.6957043" lon="16.9176893"></trkpt>
    <trkpt lat="61.6956601" lon="16.9176942"></trkpt>
    <trkpt lat="61.6956231" lon="16.9177262"></trkpt>
    <trkpt lat="61.6955841" lon="16.9177653"></trkpt>
    <trkpt lat="61.6955422" lon="16.9178280"></trkpt>
    <trkpt lat="61.6955065" lon="16.9178773"></trkpt>
    <trkpt lat="61.6954663" lon="16.9179342"></trkpt>
    <trkpt lat="61.6954333" lon="16.9179782"></trkpt>
    <trkpt lat="61.6954010" lon="16.9180235"></trkpt>
    <trkpt lat="61.6953696" lon="16.9180638"></trkpt>
    <trkpt lat="61.6953389" lon="16.9181188"></trkpt>
    <trkpt lat="61.6953082" lon="16.9181583"></trkpt>
    <trkpt lat="61.6952726" lon="16.9181869"></trkpt>
    <trkpt lat="61.6952360" lon="16.9182093"></trkpt>
    <trkpt lat="61.6951995" lon="16.9182439"></trkpt>
    <trkpt lat="61.6951672" lon="16.9182928"></trkpt>
    <trkpt lat="61.6951451" lon="16.9183242"></trkpt>
    <trkpt lat="61.6951230" lon="16.9183470"></trkpt>
    <trkpt lat="61.6951019" lon="16.9183939"></trkpt>
    <trkpt lat="61.6950854" lon="16.9184181"></trkpt>
    <trkpt lat="61.6950665" lon="16.9184609"></trkpt>
    <trkpt lat="61.6950484" lon="16.9185092"></trkpt>
    <trkpt lat="61.6950311" lon="16.9185626"></trkpt>
    <trkpt lat="61.6950155" lon="16.9186096"></trkpt>
    <trkpt lat="61.6950073" lon="16.9186542"></trkpt>
    <trkpt lat="61.6949968" lon="16.9186993"></trkpt>
    <trkpt lat="61.6949814" lon="16.9187397"></trkpt>
    <trkpt lat="61.6949677" lon="16.9187862"></trkpt>
    <trkpt lat="61.6949567" lon="16.9188270"></trkpt>
    <trkpt lat="61.6949401" lon="16.9188707"></trkpt>
    <trkpt lat="61.6949281" lon="16.9189154"></trkpt>
    <trkpt lat="61.6949145" lon="16.9189493"></trkpt>
    <trkpt lat="61.6948997" lon="16.9189847"></trkpt>
    <trkpt lat="61.6948826" lon="16.9190085"></trkpt>
    <trkpt lat="61.6948639" lon="16.9190394"></trkpt>
    <trkpt lat="61.6948413" lon="16.9190584"></trkpt>
    <trkpt lat="61.6948236" lon="16.9190730"></trkpt>
    <trkpt lat="61.6948054" lon="16.9190787"></trkpt>
    <trkpt lat="61.6947885" lon="16.9190873"></trkpt>
    <trkpt lat="61.6947752" lon="16.9191096"></trkpt>
    <trkpt lat="61.6947716" lon="16.9191391"></trkpt>
    <trkpt lat="61.6947619" lon="16.9191890"></trkpt>
    <trkpt lat="61.6947544" lon="16.9192248"></trkpt>
    <trkpt lat="61.6947475" lon="16.9192852"></trkpt>
    <trkpt lat="61.6947371" lon="16.9193437"></trkpt>
    <trkpt lat="61.6947328" lon="16.9193793"></trkpt>
    <trkpt lat="61.6947206" lon="16.9194197"></trkpt>
    <trkpt lat="61.6947058" lon="16.9194677"></trkpt>
    <trkpt lat="61.6946812" lon="16.9195239"></trkpt>
    <trkpt lat="61.6946658" lon="16.9195752"></trkpt>
    <trkpt lat="61.6946415" lon="16.9196215"></trkpt>
    <trkpt lat="61.6946191" lon="16.9196633"></trkpt>
    <trkpt lat="61.6945966" lon="16.9197099"></trkpt>
    <trkpt lat="61.6945689" lon="16.9197735"></trkpt>
    <trkpt lat="61.6945609" lon="16.9197937"></trkpt>
    <trkpt lat="61.6945468" lon="16.9198126"></trkpt>
    <trkpt lat="61.6945395" lon="16.9198307"></trkpt>
    <trkpt lat="61.6945262" lon="16.9198395"></trkpt>
    <trkpt lat="61.6945120" lon="16.9198511"></trkpt>
    <trkpt lat="61.6944946" lon="16.9198772"></trkpt>
    <trkpt lat="61.6944686" lon="16.9199144"></trkpt>
    <trkpt lat="61.6944465" lon="16.9199456"></trkpt>
    <trkpt lat="61.6944190" lon="16.9200002"></trkpt>
    <trkpt lat="61.6943896" lon="16.9200372"></trkpt>
    <trkpt lat="61.6943624" lon="16.9200545"></trkpt>
    <trkpt lat="61.6943289" lon="16.9200839"></trkpt>
    <trkpt lat="61.6943046" lon="16.9201143"></trkpt>
    <trkpt lat="61.6942681" lon="16.9201569"></trkpt>
    <trkpt lat="61.6942400" lon="16.9201903"></trkpt>
    <trkpt lat="61.6942066" lon="16.9202116"></trkpt>
    <trkpt lat="61.6941861" lon="16.9202322"></trkpt>
    <trkpt lat="61.6941692" lon="16.9202586"></trkpt>
    <trkpt lat="61.6941559" lon="16.9202313"></trkpt>
    <trkpt lat="61.6941195" lon="16.9201899"></trkpt>
    <trkpt lat="61.6940771" lon="16.9201252"></trkpt>
    <trkpt lat="61.6940539" lon="16.9200613"></trkpt>
    <trkpt lat="61.6940360" lon="16.9199916"></trkpt>
    <trkpt lat="61.6940026" lon="16.9199294"></trkpt>
    <trkpt lat="61.6939312" lon="16.9198107"></trkpt>
    <trkpt lat="61.6938596" lon="16.9196827"></trkpt>
    <trkpt lat="61.6937946" lon="16.9196034"></trkpt>
    <trkpt lat="61.6936843" lon="16.9194495"></trkpt>
    <trkpt lat="61.6936458" lon="16.9194312"></trkpt>
    <trkpt lat="61.6936049" lon="16.9194469"></trkpt>
    <trkpt lat="61.6935626" lon="16.9194377"></trkpt>
    <trkpt lat="61.6933720" lon="16.9193781"></trkpt>
    <trkpt lat="61.6932830" lon="16.9192686"></trkpt>
    <trkpt lat="61.6932286" lon="16.9192304"></trkpt>
    <trkpt lat="61.6931575" lon="16.9192921"></trkpt>
    <trkpt lat="61.6931054" lon="16.9193592"></trkpt>
    <trkpt lat="61.6930703" lon="16.9194270"></trkpt>
    <trkpt lat="61.6930433" lon="16.9195111"></trkpt>
    <trkpt lat="61.6929843" lon="16.9196570"></trkpt>
    <trkpt lat="61.6929565" lon="16.9197255"></trkpt>
    <trkpt lat="61.6929236" lon="16.9197795"></trkpt>
    <trkpt lat="61.6928643" lon="16.9198985"></trkpt>
    <trkpt lat="61.6927800" lon="16.9200825"></trkpt>
    <trkpt lat="61.6927448" lon="16.9201602"></trkpt>
    <trkpt lat="61.6926978" lon="16.9202358"></trkpt>
    <trkpt lat="61.6926634" lon="16.9203051"></trkpt>
    <trkpt lat="61.6926216" lon="16.9203564"></trkpt>
    <trkpt lat="61.6925892" lon="16.9204393"></trkpt>
    <trkpt lat="61.6925540" lon="16.9205332"></trkpt>
    <trkpt lat="61.6925163" lon="16.9205987"></trkpt>
    <trkpt lat="61.6924682" lon="16.9206555"></trkpt>
    <trkpt lat="61.6923442" lon="16.9207981"></trkpt>
    <trkpt lat="61.6922410" lon="16.9208994"></trkpt>
    <trkpt lat="61.6921923" lon="16.9209776"></trkpt>
    <trkpt lat="61.6922112" lon="16.9214669"></trkpt>
    <trkpt lat="61.6922092" lon="16.9217061"></trkpt>
    <trkpt lat="61.6922237" lon="16.9218005"></trkpt>
    <trkpt lat="61.6922494" lon="16.9218767"></trkpt>
    <trkpt lat="61.6922819" lon="16.9219836"></trkpt>
    <trkpt lat="61.6922959" lon="16.9220485"></trkpt>
    <trkpt lat="61.6923052" lon="16.9221031"></trkpt>
    <trkpt lat="61.6923250" lon="16.9222644"></trkpt>
    <trkpt lat="61.6923551" lon="16.9224105"></trkpt>
    <trkpt lat="61.6923781" lon="16.9225275"></trkpt>
    <trkpt lat="61.6924009" lon="16.9226684"></trkpt>
    <trkpt lat="61.6924284" lon="16.9228933"></trkpt>
    <trkpt lat="61.6924307" lon="16.9230336"></trkpt>
    <trkpt lat="61.6924370" lon="16.9231756"></trkpt>
    <trkpt lat="61.6924466" lon="16.9233852"></trkpt>
    <trkpt lat="61.6924812" lon="16.9233922"></trkpt>
    <trkpt lat="61.6924713" lon="16.9236363"></trkpt>
    <trkpt lat="61.6923382" lon="16.9235553"></trkpt>
    <trkpt lat="61.6918875" lon="16.9234744"></trkpt>
    <trkpt lat="61.6914469" lon="16.9232329"></trkpt>
    <trkpt lat="61.6911491" lon="16.9228677"></trkpt>
    <trkpt lat="61.6908566" lon="16.9224835"></trkpt>
    <trkpt lat="61.6905306" lon="16.9221499"></trkpt>
    <trkpt lat="61.6901949" lon="16.9219578"></trkpt>
    <trkpt lat="61.6896964" lon="16.9220000"></trkpt>
    <trkpt lat="61.6893893" lon="16.9220184"></trkpt>
    <trkpt lat="61.6890873" lon="16.9218971"></trkpt>
    <trkpt lat="61.6887721" lon="16.9216916"></trkpt>
    <trkpt lat="61.6883536" lon="16.9216140"></trkpt>
    <trkpt lat="61.6877130" lon="16.9218461"></trkpt>
    <trkpt lat="61.6872383" lon="16.9220349"></trkpt>
    <trkpt lat="61.6872377" lon="16.9220354"></trkpt>
    <trkpt lat="61.6871062" lon="16.9221531"></trkpt>
    <trkpt lat="61.6867341" lon="16.9224861"></trkpt>
    <trkpt lat="61.6862271" lon="16.9230740"></trkpt>
    <trkpt lat="61.6858504" lon="16.9233834"></trkpt>
    <trkpt lat="61.6852525" lon="16.9236905"></trkpt>
    <trkpt lat="61.6846546" lon="16.9239976"></trkpt>
    <trkpt lat="61.6839240" lon="16.9243729"></trkpt>
    <trkpt lat="61.6835868" lon="16.9245461"></trkpt>
    <trkpt lat="61.6832052" lon="16.9246416"></trkpt>
    <trkpt lat="61.6828194" lon="16.9247382"></trkpt>
    <trkpt lat="61.6823494" lon="16.9247686"></trkpt>
    <trkpt lat="61.6822843" lon="16.9247867"></trkpt>
    <trkpt lat="61.6819849" lon="16.9248697"></trkpt>
    <trkpt lat="61.6815078" lon="16.9253292"></trkpt>
    <trkpt lat="61.6812297" lon="16.9255207"></trkpt>
    <trkpt lat="61.6809165" lon="16.9254839"></trkpt>
    <trkpt lat="61.6804057" lon="16.9252873"></trkpt>
    <trkpt lat="61.6800651" lon="16.9249405"></trkpt>
    <trkpt lat="61.6796030" lon="16.9242922"></trkpt>
    <trkpt lat="61.6794010" lon="16.9240367"></trkpt>
    <trkpt lat="61.6790698" lon="16.9237903"></trkpt>
    <trkpt lat="61.6786081" lon="16.9237587"></trkpt>
    <trkpt lat="61.6781464" lon="16.9237272"></trkpt>
    <trkpt lat="61.6776787" lon="16.9236387"></trkpt>
    <trkpt lat="61.6770275" lon="16.9238368"></trkpt>
    <trkpt lat="61.6767053" lon="16.9240380"></trkpt>
    <trkpt lat="61.6764075" lon="16.9241821"></trkpt>
    <trkpt lat="61.6761741" lon="16.9242209"></trkpt>
    <trkpt lat="61.6756640" lon="16.9240558"></trkpt>
    <trkpt lat="61.6751423" lon="16.9240052"></trkpt>
    <trkpt lat="61.6748221" lon="16.9238604"></trkpt>
    <trkpt lat="61.6745546" lon="16.9236640"></trkpt>
    <trkpt lat="61.6743583" lon="16.9235144"></trkpt>
    <trkpt lat="61.6741661" lon="16.9233057"></trkpt>
    <trkpt lat="61.6739648" lon="16.9229790"></trkpt>
    <trkpt lat="61.6737489" lon="16.9225113"></trkpt>
    <trkpt lat="61.6735145" lon="16.9219121"></trkpt>
    <trkpt lat="61.6733251" lon="16.9214947"></trkpt>
    <trkpt lat="61.6731118" lon="16.9212630"></trkpt>
    <trkpt lat="61.6728035" lon="16.9212626"></trkpt>
    <trkpt lat="61.6721558" lon="16.9217303"></trkpt>
    <trkpt lat="61.6718919" lon="16.9219578"></trkpt>
    <trkpt lat="61.6715141" lon="16.9225770"></trkpt>
    <trkpt lat="61.6713096" lon="16.9229039"></trkpt>
    <trkpt lat="61.6710823" lon="16.9231205"></trkpt>
    <trkpt lat="61.6706014" lon="16.9232784"></trkpt>
    <trkpt lat="61.6698468" lon="16.9232216"></trkpt>
    <trkpt lat="61.6695939" lon="16.9235042"></trkpt>
    <trkpt lat="61.6693197" lon="16.9237950"></trkpt>
    <trkpt lat="61.6690356" lon="16.9241221"></trkpt>
    <trkpt lat="61.6685258" lon="16.9244539"></trkpt>
    <trkpt lat="61.6683084" lon="16.9244539"></trkpt>
    <trkpt lat="61.6675286" lon="16.9248962"></trkpt>
    <trkpt lat="61.6669677" lon="16.9252901"></trkpt>
    <trkpt lat="61.6665996" lon="16.9258008"></trkpt>
    <trkpt lat="61.6663129" lon="16.9260033"></trkpt>
    <trkpt lat="61.6659040" lon="16.9260774"></trkpt>
    <trkpt lat="61.6654500" lon="16.9263670"></trkpt>
    <trkpt lat="61.6648735" lon="16.9266232"></trkpt>
    <trkpt lat="61.6642701" lon="16.9267060"></trkpt>
    <trkpt lat="61.6637326" lon="16.9266533"></trkpt>
    <trkpt lat="61.6632081" lon="16.9265049"></trkpt>
    <trkpt lat="61.6625165" lon="16.9261390"></trkpt>
    <trkpt lat="61.6621003" lon="16.9257391"></trkpt>
    <trkpt lat="61.6617768" lon="16.9256769"></trkpt>
    <trkpt lat="61.6614515" lon="16.9258410"></trkpt>
    <trkpt lat="61.6611510" lon="16.9258566"></trkpt>
    <trkpt lat="61.6608054" lon="16.9256309"></trkpt>
    <trkpt lat="61.6605672" lon="16.9255811"></trkpt>
    <trkpt lat="61.6603498" lon="16.9257120"></trkpt>
    <trkpt lat="61.6600872" lon="16.9261178"></trkpt>
    <trkpt lat="61.6598114" lon="16.9264230"></trkpt>
    <trkpt lat="61.6593193" lon="16.9267034"></trkpt>
    <trkpt lat="61.6590025" lon="16.9267034"></trkpt>
    <trkpt lat="61.6586521" lon="16.9263091"></trkpt>
    <trkpt lat="61.6581577" lon="16.9254901"></trkpt>
    <trkpt lat="61.6578841" lon="16.9251464"></trkpt>
    <trkpt lat="61.6575674" lon="16.9250584"></trkpt>
    <trkpt lat="61.6571785" lon="16.9252879"></trkpt>
    <trkpt lat="61.6568665" lon="16.9256216"></trkpt>
    <trkpt lat="61.6565209" lon="16.9258036"></trkpt>
    <trkpt lat="61.6561225" lon="16.9257732"></trkpt>
    <trkpt lat="61.6555608" lon="16.9255811"></trkpt>
    <trkpt lat="61.6551492" lon="16.9255990"></trkpt>
    <trkpt lat="61.6548861" lon="16.9256262"></trkpt>
    <trkpt lat="61.6542503" lon="16.9257833"></trkpt>
    <trkpt lat="61.6540247" lon="16.9257732"></trkpt>
    <trkpt lat="61.6536415" lon="16.9263783"></trkpt>
    <trkpt lat="61.6530216" lon="16.9271669"></trkpt>
    <trkpt lat="61.6524370" lon="16.9278924"></trkpt>
    <trkpt lat="61.6518523" lon="16.9286178"></trkpt>
    <trkpt lat="61.6512677" lon="16.9293432"></trkpt>
    <trkpt lat="61.6506830" lon="16.9300687"></trkpt>
    <trkpt lat="61.6501036" lon="16.9308168"></trkpt>
    <trkpt lat="61.6496178" lon="16.9316059"></trkpt>
    <trkpt lat="61.6491319" lon="16.9323950"></trkpt>
    <trkpt lat="61.6485302" lon="16.9333710"></trkpt>
    <trkpt lat="61.6479286" lon="16.9343469"></trkpt>
    <trkpt lat="61.6473269" lon="16.9353229"></trkpt>
    <trkpt lat="61.6467972" lon="16.9361844"></trkpt>
    <trkpt lat="61.6462675" lon="16.9370460"></trkpt>
    <trkpt lat="61.6458943" lon="16.9376528"></trkpt>
    <trkpt lat="61.6455212" lon="16.9382597"></trkpt>
    <trkpt lat="61.6449150" lon="16.9392452"></trkpt>
    <trkpt lat="61.6443088" lon="16.9402307"></trkpt>
    <trkpt lat="61.6437025" lon="16.9412162"></trkpt>
    <trkpt lat="61.6430963" lon="16.9422017"></trkpt>
    <trkpt lat="61.6428199" lon="16.9427043"></trkpt>
    <trkpt lat="61.6425541" lon="16.9433060"></trkpt>
    <trkpt lat="61.6419657" lon="16.9447325"></trkpt>
    <trkpt lat="61.6415407" lon="16.9457627"></trkpt>
    <trkpt lat="61.6412311" lon="16.9465134"></trkpt>
    <trkpt lat="61.6409214" lon="16.9472641"></trkpt>
    <trkpt lat="61.6407662" lon="16.9477147"></trkpt>
    <trkpt lat="61.6406511" lon="16.9482839"></trkpt>
    <trkpt lat="61.6405853" lon="16.9487768"></trkpt>
    <trkpt lat="61.6405555" lon="16.9492730"></trkpt>
    <trkpt lat="61.6405071" lon="16.9505133"></trkpt>
    <trkpt lat="61.6404674" lon="16.9518409"></trkpt>
    <trkpt lat="61.6404276" lon="16.9531685"></trkpt>
    <trkpt lat="61.6404632" lon="16.9536919"></trkpt>
    <trkpt lat="61.6405570" lon="16.9541808"></trkpt>
    <trkpt lat="61.6406620" lon="16.9545153"></trkpt>
    <trkpt lat="61.6408696" lon="16.9550277"></trkpt>
    <trkpt lat="61.6413372" lon="16.9559878"></trkpt>
    <trkpt lat="61.6417016" lon="16.9566369"></trkpt>
    <trkpt lat="61.6418953" lon="16.9569320"></trkpt>
    <trkpt lat="61.6420932" lon="16.9571519"></trkpt>
    <trkpt lat="61.6423309" lon="16.9573155"></trkpt>
    <trkpt lat="61.6424989" lon="16.9573921"></trkpt>
    <trkpt lat="61.6425973" lon="16.9574225"></trkpt>
    <trkpt lat="61.6425215" lon="16.9578643"></trkpt>
    <trkpt lat="61.6424909" lon="16.9579770"></trkpt>
    <trkpt lat="61.6424068" lon="16.9582077"></trkpt>
    <trkpt lat="61.6422947" lon="16.9582667"></trkpt>
    <trkpt lat="61.6422208" lon="16.9583579"></trkpt>
    <trkpt lat="61.6421800" lon="16.9587387"></trkpt>
    <trkpt lat="61.6420807" lon="16.9590231"></trkpt>
    <trkpt lat="61.6418284" lon="16.9595380"></trkpt>
    <trkpt lat="61.6415889" lon="16.9598545"></trkpt>
    <trkpt lat="61.6413112" lon="16.9602408"></trkpt>
    <trkpt lat="61.6410181" lon="16.9605412"></trkpt>
    <trkpt lat="61.6406894" lon="16.9609435"></trkpt>
    <trkpt lat="61.6403837" lon="16.9611903"></trkpt>
    <trkpt lat="61.6401824" lon="16.9611527"></trkpt>
    <trkpt lat="61.6400040" lon="16.9612010"></trkpt>
    <trkpt lat="61.6397492" lon="16.9614156"></trkpt>
    <trkpt lat="61.6395632" lon="16.9615443"></trkpt>
    <trkpt lat="61.6391300" lon="16.9615443"></trkpt>
    <trkpt lat="61.6386305" lon="16.9615738"></trkpt>
    <trkpt lat="61.6381310" lon="16.9616033"></trkpt>
    <trkpt lat="61.6378074" lon="16.9615926"></trkpt>
    <trkpt lat="61.6376443" lon="16.9615604"></trkpt>
    <trkpt lat="61.6374991" lon="16.9614370"></trkpt>
    <trkpt lat="61.6372289" lon="16.9613834"></trkpt>
    <trkpt lat="61.6367294" lon="16.9614531"></trkpt>
    <trkpt lat="61.6364415" lon="16.9620432"></trkpt>
    <trkpt lat="61.6360988" lon="16.9622238"></trkpt>
    <trkpt lat="61.6356743" lon="16.9626058"></trkpt>
    <trkpt lat="61.6352615" lon="16.9628523"></trkpt>
    <trkpt lat="61.6349981" lon="16.9630742"></trkpt>
    <trkpt lat="61.6349893" lon="16.9642018"></trkpt>
    <trkpt lat="61.6352469" lon="16.9643805"></trkpt>
    <trkpt lat="61.6353289" lon="16.9646886"></trkpt>
    <trkpt lat="61.6353494" lon="16.9653541"></trkpt>
    <trkpt lat="61.6353345" lon="16.9663096"></trkpt>
    <trkpt lat="61.6351922" lon="16.9662873"></trkpt>
    <trkpt lat="61.6349837" lon="16.9663227"></trkpt>
    <trkpt lat="61.6346776" lon="16.9664430"></trkpt>
    <trkpt lat="61.6345954" lon="16.9665105"></trkpt>
    <trkpt lat="61.6345398" lon="16.9665562"></trkpt>
    <trkpt lat="61.6343952" lon="16.9667898"></trkpt>
    <trkpt lat="61.6342852" lon="16.9671020"></trkpt>
    <trkpt lat="61.6342506" lon="16.9672004"></trkpt>
    <trkpt lat="61.6341520" lon="16.9675709"></trkpt>
    <trkpt lat="61.6340622" lon="16.9679082"></trkpt>
    <trkpt lat="61.6339075" lon="16.9687081"></trkpt>
    <trkpt lat="61.6338594" lon="16.9690625"></trkpt>
    <trkpt lat="61.6337797" lon="16.9696495"></trkpt>
    <trkpt lat="61.6336966" lon="16.9701349"></trkpt>
    <trkpt lat="61.6336755" lon="16.9702582"></trkpt>
    <trkpt lat="61.6335410" lon="16.9708245"></trkpt>
    <trkpt lat="61.6335010" lon="16.9709493"></trkpt>
    <trkpt lat="61.6333459" lon="16.9714333"></trkpt>
    <trkpt lat="61.6332856" lon="16.9715778"></trkpt>
    <trkpt lat="61.6331509" lon="16.9719004"></trkpt>
    <trkpt lat="61.6331081" lon="16.9719625"></trkpt>
    <trkpt lat="61.6329020" lon="16.9722614"></trkpt>
    <trkpt lat="61.6326598" lon="16.9724879"></trkpt>
    <trkpt lat="61.6323235" lon="16.9727569"></trkpt>
    <trkpt lat="61.6319805" lon="16.9731038"></trkpt>
    <trkpt lat="61.6316005" lon="16.9736276"></trkpt>
    <trkpt lat="61.6315068" lon="16.9738009"></trkpt>
    <trkpt lat="61.6312372" lon="16.9743000"></trkpt>
    <trkpt lat="61.6310354" lon="16.9748592"></trkpt>
    <trkpt lat="61.6309722" lon="16.9750056"></trkpt>
    <trkpt lat="61.6309009" lon="16.9751706"></trkpt>
    <trkpt lat="61.6307789" lon="16.9753600"></trkpt>
    <trkpt lat="61.6307596" lon="16.9753901"></trkpt>
    <trkpt lat="61.6304334" lon="16.9756591"></trkpt>
    <trkpt lat="61.6301865" lon="16.9758111"></trkpt>
    <trkpt lat="61.6301576" lon="16.9758289"></trkpt>
    <trkpt lat="61.6299827" lon="16.9760200"></trkpt>
    <trkpt lat="61.6298784" lon="16.9762466"></trkpt>
    <trkpt lat="61.6298678" lon="16.9763718"></trkpt>
    <trkpt lat="61.6298515" lon="16.9765651"></trkpt>
    <trkpt lat="61.6298824" lon="16.9767300"></trkpt>
    <trkpt lat="61.6299323" lon="16.9769969"></trkpt>
    <trkpt lat="61.6300217" lon="16.9773225"></trkpt>
    <trkpt lat="61.6300937" lon="16.9775844"></trkpt>
    <trkpt lat="61.6302095" lon="16.9780607"></trkpt>
    <trkpt lat="61.6302417" lon="16.9781931"></trkpt>
    <trkpt lat="61.6302735" lon="16.9785226"></trkpt>
    <trkpt lat="61.6302820" lon="16.9786107"></trkpt>
    <trkpt lat="61.6302787" lon="16.9789859"></trkpt>
    <trkpt lat="61.6302686" lon="16.9790346"></trkpt>
    <trkpt lat="61.6301676" lon="16.9795212"></trkpt>
    <trkpt lat="61.6301273" lon="16.9797150"></trkpt>
    <trkpt lat="61.6300096" lon="16.9803166"></trkpt>
    <trkpt lat="61.6300096" lon="16.9807529"></trkpt>
    <trkpt lat="61.6300096" lon="16.9808829"></trkpt>
    <trkpt lat="61.6300451" lon="16.9812773"></trkpt>
    <trkpt lat="61.6300701" lon="16.9815554"></trkpt>
    <trkpt lat="61.6301000" lon="16.9816882"></trkpt>
    <trkpt lat="61.6301879" lon="16.9820792"></trkpt>
    <trkpt lat="61.6303291" lon="16.9825888"></trkpt>
    <trkpt lat="61.6305377" lon="16.9835444"></trkpt>
    <trkpt lat="61.6306554" lon="16.9841248"></trkpt>
    <trkpt lat="61.6306587" lon="16.9845778"></trkpt>
    <trkpt lat="61.6306557" lon="16.9846238"></trkpt>
    <trkpt lat="61.6306285" lon="16.9850379"></trkpt>
    <trkpt lat="61.6305511" lon="16.9853989"></trkpt>
    <trkpt lat="61.6304132" lon="16.9856396"></trkpt>
    <trkpt lat="61.6301475" lon="16.9858590"></trkpt>
    <trkpt lat="61.6299491" lon="16.9861634"></trkpt>
    <trkpt lat="61.6297439" lon="16.9865456"></trkpt>
    <trkpt lat="61.6294546" lon="16.9871331"></trkpt>
    <trkpt lat="61.6292158" lon="16.9875507"></trkpt>
    <trkpt lat="61.6290477" lon="16.9878126"></trkpt>
    <trkpt lat="61.6289003" lon="16.9879656"></trkpt>
    <trkpt lat="61.6287091" lon="16.9880890"></trkpt>
    <trkpt lat="61.6285356" lon="16.9882162"></trkpt>
    <trkpt lat="61.6284107" lon="16.9883610"></trkpt>
    <trkpt lat="61.6283063" lon="16.9885235"></trkpt>
    <trkpt lat="61.6281889" lon="16.9887419"></trkpt>
    <trkpt lat="61.6280998" lon="16.9889688"></trkpt>
    <trkpt lat="61.6280054" lon="16.9891388"></trkpt>
    <trkpt lat="61.6278959" lon="16.9893228"></trkpt>
    <trkpt lat="61.6273810" lon="16.9899880"></trkpt>
    <trkpt lat="61.6268634" lon="16.9906033"></trkpt>
    <trkpt lat="61.6267129" lon="16.9908286"></trkpt>
    <trkpt lat="61.6265880" lon="16.9910647"></trkpt>
    <trkpt lat="61.6264453" lon="16.9913007"></trkpt>
    <trkpt lat="61.6263051" lon="16.9914294"></trkpt>
    <trkpt lat="61.6261701" lon="16.9915276"></trkpt>
    <trkpt lat="61.6260452" lon="16.9915491"></trkpt>
    <trkpt lat="61.6258999" lon="16.9915437"></trkpt>
    <trkpt lat="61.6257672" lon="16.9914724"></trkpt>
    <trkpt lat="61.6256398" lon="16.9913452"></trkpt>
    <trkpt lat="61.6254944" lon="16.9911237"></trkpt>
    <trkpt lat="61.6253517" lon="16.9908892"></trkpt>
    <trkpt lat="61.6251860" lon="16.9905352"></trkpt>
    <trkpt lat="61.6250407" lon="16.9903153"></trkpt>
    <trkpt lat="61.6248903" lon="16.9901060"></trkpt>
    <trkpt lat="61.6247858" lon="16.9899988"></trkpt>
    <trkpt lat="61.6246633" lon="16.9899274"></trkpt>
    <trkpt lat="61.6245232" lon="16.9899290"></trkpt>
    <trkpt lat="61.6243779" lon="16.9899827"></trkpt>
    <trkpt lat="61.6241433" lon="16.9901543"></trkpt>
    <trkpt lat="61.6239469" lon="16.9903083"></trkpt>
    <trkpt lat="61.6237329" lon="16.9904494"></trkpt>
    <trkpt lat="61.6235390" lon="16.9904907"></trkpt>
    <trkpt lat="61.6233606" lon="16.9904547"></trkpt>
    <trkpt lat="61.6231822" lon="16.9903528"></trkpt>
    <trkpt lat="61.6230649" lon="16.9902562"></trkpt>
    <trkpt lat="61.6229398" lon="16.9901366"></trkpt>
    <trkpt lat="61.6227819" lon="16.9900899"></trkpt>
    <trkpt lat="61.6225575" lon="16.9900417"></trkpt>
    <trkpt lat="61.6224326" lon="16.9900417"></trkpt>
    <trkpt lat="61.6223510" lon="16.9900739"></trkpt>
    <trkpt lat="61.6221190" lon="16.9902723"></trkpt>
    <trkpt lat="61.6219276" lon="16.9904853"></trkpt>
    <trkpt lat="61.6218180" lon="16.9907160"></trkpt>
    <trkpt lat="61.6217187" lon="16.9910073"></trkpt>
    <trkpt lat="61.6216472" lon="16.9912953"></trkpt>
    <trkpt lat="61.6216013" lon="16.9916279"></trkpt>
    <trkpt lat="61.6215732" lon="16.9919873"></trkpt>
    <trkpt lat="61.6215606" lon="16.9923215"></trkpt>
    <trkpt lat="61.6215681" lon="16.9927598"></trkpt>
    <trkpt lat="61.6215656" lon="16.9930763"></trkpt>
    <trkpt lat="61.6215453" lon="16.9933891"></trkpt>
    <trkpt lat="61.6214789" lon="16.9937791"></trkpt>
    <trkpt lat="61.6213948" lon="16.9943048"></trkpt>
    <trkpt lat="61.6213209" lon="16.9948305"></trkpt>
    <trkpt lat="61.6212802" lon="16.9952596"></trkpt>
    <trkpt lat="61.6212700" lon="16.9957961"></trkpt>
    <trkpt lat="61.6212955" lon="16.9962360"></trkpt>
    <trkpt lat="61.6213209" lon="16.9966866"></trkpt>
    <trkpt lat="61.6213209" lon="16.9971265"></trkpt>
    <trkpt lat="61.6212802" lon="16.9976522"></trkpt>
    <trkpt lat="61.6212598" lon="16.9981993"></trkpt>
    <trkpt lat="61.6212241" lon="16.9998891"></trkpt>
    <trkpt lat="61.6211884" lon="17.0015789"></trkpt>
    <trkpt lat="61.6211578" lon="17.0022119"></trkpt>
    <trkpt lat="61.6211170" lon="17.0027698"></trkpt>
    <trkpt lat="61.6209997" lon="17.0033277"></trkpt>
    <trkpt lat="61.6208722" lon="17.0037783"></trkpt>
    <trkpt lat="61.6207702" lon="17.0040036"></trkpt>
    <trkpt lat="61.6205407" lon="17.0043684"></trkpt>
    <trkpt lat="61.6203317" lon="17.0047225"></trkpt>
    <trkpt lat="61.6201736" lon="17.0050980"></trkpt>
    <trkpt lat="61.6200461" lon="17.0054949"></trkpt>
    <trkpt lat="61.6199237" lon="17.0059026"></trkpt>
    <trkpt lat="61.6195667" lon="17.0067180"></trkpt>
    <trkpt lat="61.6192072" lon="17.0075280"></trkpt>
    <trkpt lat="61.6188477" lon="17.0083381"></trkpt>
    <trkpt lat="61.6189446" lon="17.0084990"></trkpt>
    <trkpt lat="61.6192455" lon="17.0089925"></trkpt>
    <trkpt lat="61.6197965" lon="17.0098057"></trkpt>
    <trkpt lat="61.6203014" lon="17.0106962"></trkpt>
    <trkpt lat="61.6206836" lon="17.0116103"></trkpt>
    <trkpt lat="61.6208825" lon="17.0118571"></trkpt>
    <trkpt lat="61.6210558" lon="17.0118571"></trkpt>
    <trkpt lat="61.6214128" lon="17.0117927"></trkpt>
    <trkpt lat="61.6219743" lon="17.0117245"></trkpt>
    <trkpt lat="61.6220525" lon="17.0125337"></trkpt>
    <trkpt lat="61.6220737" lon="17.0128127"></trkpt>
    <trkpt lat="61.6221018" lon="17.0131840"></trkpt>
    <trkpt lat="61.6221754" lon="17.0140693"></trkpt>
    <trkpt lat="61.6221955" lon="17.0145290"></trkpt>
    <trkpt lat="61.6221930" lon="17.0146703"></trkpt>
    <trkpt lat="61.6221898" lon="17.0148506"></trkpt>
    <trkpt lat="61.6221713" lon="17.0154060"></trkpt>
    <trkpt lat="61.6222595" lon="17.0161572"></trkpt>
    <trkpt lat="61.6224584" lon="17.0163396"></trkpt>
    <trkpt lat="61.6223687" lon="17.0169801"></trkpt>
    <trkpt lat="61.6223001" lon="17.0175581"></trkpt>
    <trkpt lat="61.6222484" lon="17.0178164"></trkpt>
    <trkpt lat="61.6222284" lon="17.0180637"></trkpt>
    <trkpt lat="61.6222439" lon="17.0186378"></trkpt>
    <trkpt lat="61.6222677" lon="17.0188817"></trkpt>
    <trkpt lat="61.6222820" lon="17.0190829"></trkpt>
    <trkpt lat="61.6222785" lon="17.0193026"></trkpt>
    <trkpt lat="61.6222745" lon="17.0195551"></trkpt>
    <trkpt lat="61.6222617" lon="17.0199306"></trkpt>
    <trkpt lat="61.6222423" lon="17.0201785"></trkpt>
    <trkpt lat="61.6222184" lon="17.0204831"></trkpt>
    <trkpt lat="61.6221672" lon="17.0208371"></trkpt>
    <trkpt lat="61.6220755" lon="17.0212609"></trkpt>
    <trkpt lat="61.6219760" lon="17.0216041"></trkpt>
    <trkpt lat="61.6218500" lon="17.0219119"></trkpt>
    <trkpt lat="61.6216471" lon="17.0223713"></trkpt>
    <trkpt lat="61.6215565" lon="17.0225431"></trkpt>
    <trkpt lat="61.6213821" lon="17.0230044"></trkpt>
    <trkpt lat="61.6212444" lon="17.0234888"></trkpt>
    <trkpt lat="61.6211091" lon="17.0240235"></trkpt>
    <trkpt lat="61.6210327" lon="17.0244152"></trkpt>
    <trkpt lat="61.6209893" lon="17.0247424"></trkpt>
    <trkpt lat="61.6209312" lon="17.0255802"></trkpt>
    <trkpt lat="61.6208912" lon="17.0260566"></trkpt>
    <trkpt lat="61.6208147" lon="17.0270117"></trkpt>
    <trkpt lat="61.6207560" lon="17.0276472"></trkpt>
    <trkpt lat="61.6206987" lon="17.0281220"></trkpt>
    <trkpt lat="61.6206400" lon="17.0286048"></trkpt>
    <trkpt lat="61.6205611" lon="17.0290893"></trkpt>
    <trkpt lat="61.6204297" lon="17.0296938"></trkpt>
    <trkpt lat="61.6202360" lon="17.0305709"></trkpt>
    <trkpt lat="61.6200613" lon="17.0313289"></trkpt>
    <trkpt lat="61.6199209" lon="17.0318932"></trkpt>
    <trkpt lat="61.6198164" lon="17.0324027"></trkpt>
    <trkpt lat="61.6197476" lon="17.0328186"></trkpt>
    <trkpt lat="61.6196978" lon="17.0333147"></trkpt>
    <trkpt lat="61.6196991" lon="17.0337065"></trkpt>
    <trkpt lat="61.6197182" lon="17.0341328"></trkpt>
    <trkpt lat="61.6197489" lon="17.0344975"></trkpt>
    <trkpt lat="61.6198121" lon="17.0349119"></trkpt>
    <trkpt lat="61.6198834" lon="17.0352452"></trkpt>
    <trkpt lat="61.6199751" lon="17.0355808"></trkpt>
    <trkpt lat="61.6200650" lon="17.0358762"></trkpt>
    <trkpt lat="61.6201734" lon="17.0361685"></trkpt>
    <trkpt lat="61.6203378" lon="17.0364877"></trkpt>
    <trkpt lat="61.6204847" lon="17.0367604"></trkpt>
    <trkpt lat="61.6206478" lon="17.0371305"></trkpt>
    <trkpt lat="61.6207803" lon="17.0375355"></trkpt>
    <trkpt lat="61.6209230" lon="17.0380461"></trkpt>
    <trkpt lat="61.6209983" lon="17.0385575"></trkpt>
    <trkpt lat="61.6211168" lon="17.0393443"></trkpt>
    <trkpt lat="61.6211603" lon="17.0397430"></trkpt>
    <trkpt lat="61.6212189" lon="17.0402445"></trkpt>
    <trkpt lat="61.6212430" lon="17.0405540"></trkpt>
    <trkpt lat="61.6212596" lon="17.0408946"></trkpt>
    <trkpt lat="61.6212583" lon="17.0411790"></trkpt>
    <trkpt lat="61.6212494" lon="17.0413721"></trkpt>
    <trkpt lat="61.6212239" lon="17.0417316"></trkpt>
    <trkpt lat="61.6211374" lon="17.0421033"></trkpt>
    <trkpt lat="61.6210761" lon="17.0424021"></trkpt>
    <trkpt lat="61.6209946" lon="17.0427363"></trkpt>
    <trkpt lat="61.6208797" lon="17.0430834"></trkpt>
    <trkpt lat="61.6206885" lon="17.0436360"></trkpt>
    <trkpt lat="61.6202227" lon="17.0448484"></trkpt>
    <trkpt lat="61.6199293" lon="17.0456332"></trkpt>
    <trkpt lat="61.6196359" lon="17.0464180"></trkpt>
    <trkpt lat="61.6195031" lon="17.0467734"></trkpt>
    <trkpt lat="61.6194456" lon="17.0469018"></trkpt>
    <trkpt lat="61.6192123" lon="17.0474463"></trkpt>
    <trkpt lat="61.6191179" lon="17.0476180"></trkpt>
    <trkpt lat="61.6189802" lon="17.0478433"></trkpt>
    <trkpt lat="61.6188553" lon="17.0480096"></trkpt>
    <trkpt lat="61.6186322" lon="17.0482591"></trkpt>
    <trkpt lat="61.6185162" lon="17.0483851"></trkpt>
    <trkpt lat="61.6184040" lon="17.0484924"></trkpt>
    <trkpt lat="61.6182918" lon="17.0485567"></trkpt>
    <trkpt lat="61.6181616" lon="17.0485763"></trkpt>
    <trkpt lat="61.6181028" lon="17.0485706"></trkpt>
    <trkpt lat="61.6180519" lon="17.0485656"></trkpt>
    <trkpt lat="61.6179244" lon="17.0484905"></trkpt>
    <trkpt lat="61.6177867" lon="17.0483993"></trkpt>
    <trkpt lat="61.6176771" lon="17.0483725"></trkpt>
    <trkpt lat="61.6175446" lon="17.0484065"></trkpt>
    <trkpt lat="61.6174195" lon="17.0484905"></trkpt>
    <trkpt lat="61.6173100" lon="17.0486587"></trkpt>
    <trkpt lat="61.6172283" lon="17.0488982"></trkpt>
    <trkpt lat="61.6171518" lon="17.0492951"></trkpt>
    <trkpt lat="61.6170280" lon="17.0497574"></trkpt>
    <trkpt lat="61.6166761" lon="17.0497814"></trkpt>
    <trkpt lat="61.6160826" lon="17.0498040"></trkpt>
    <trkpt lat="61.6154890" lon="17.0498265"></trkpt>
    <trkpt lat="61.6150071" lon="17.0498448"></trkpt>
    <trkpt lat="61.6145252" lon="17.0498631"></trkpt>
    <trkpt lat="61.6139997" lon="17.0501596"></trkpt>
    <trkpt lat="61.6133310" lon="17.0503481"></trkpt>
    <trkpt lat="61.6130306" lon="17.0503153"></trkpt>
    <trkpt lat="61.6128775" lon="17.0501226"></trkpt>
    <trkpt lat="61.6128056" lon="17.0499042"></trkpt>
    <trkpt lat="61.6127379" lon="17.0497326"></trkpt>
    <trkpt lat="61.6126940" lon="17.0496855"></trkpt>
    <trkpt lat="61.6125496" lon="17.0496525"></trkpt>
    <trkpt lat="61.6124447" lon="17.0496601"></trkpt>
    <trkpt lat="61.6123343" lon="17.0496333"></trkpt>
    <trkpt lat="61.6122272" lon="17.0495528"></trkpt>
    <trkpt lat="61.6121935" lon="17.0495003"></trkpt>
    <trkpt lat="61.6120781" lon="17.0495608"></trkpt>
    <trkpt lat="61.6120118" lon="17.0496372"></trkpt>
    <trkpt lat="61.6119531" lon="17.0496333"></trkpt>
    <trkpt lat="61.6118727" lon="17.0495206"></trkpt>
    <trkpt lat="61.6116233" lon="17.0490858"></trkpt>
    <trkpt lat="61.6115755" lon="17.0491187"></trkpt>
    <trkpt lat="61.6112148" lon="17.0493596"></trkpt>
    <trkpt lat="61.6109711" lon="17.0496225"></trkpt>
    <trkpt lat="61.6107619" lon="17.0498627"></trkpt>
    <trkpt lat="61.6106588" lon="17.0499282"></trkpt>
    <trkpt lat="61.6105287" lon="17.0499765"></trkpt>
    <trkpt lat="61.6104012" lon="17.0499497"></trkpt>
    <trkpt lat="61.6101818" lon="17.0498531"></trkpt>
    <trkpt lat="61.6096870" lon="17.0494749"></trkpt>
    <trkpt lat="61.6091922" lon="17.0490967"></trkpt>
    <trkpt lat="61.6085979" lon="17.0485549"></trkpt>
    <trkpt lat="61.6080027" lon="17.0479372"></trkpt>
    <trkpt lat="61.6075593" lon="17.0476050"></trkpt>
    <trkpt lat="61.6071158" lon="17.0472728"></trkpt>
    <trkpt lat="61.6068738" lon="17.0471098"></trkpt>
    <trkpt lat="61.6067209" lon="17.0470409"></trkpt>
    <trkpt lat="61.6066012" lon="17.0470615"></trkpt>
    <trkpt lat="61.6060996" lon="17.0472905"></trkpt>
    <trkpt lat="61.6055980" lon="17.0475196"></trkpt>
    <trkpt lat="61.6051427" lon="17.0477154"></trkpt>
    <trkpt lat="61.6046873" lon="17.0479112"></trkpt>
    <trkpt lat="61.6042766" lon="17.0480453"></trkpt>
    <trkpt lat="61.6039934" lon="17.0480775"></trkpt>
    <trkpt lat="61.6037919" lon="17.0480614"></trkpt>
    <trkpt lat="61.6036669" lon="17.0480024"></trkpt>
    <trkpt lat="61.6033657" lon="17.0479381"></trkpt>
    <trkpt lat="61.6030902" lon="17.0478576"></trkpt>
    <trkpt lat="61.6029831" lon="17.0478040"></trkpt>
    <trkpt lat="61.6028989" lon="17.0477235"></trkpt>
    <trkpt lat="61.6026106" lon="17.0472783"></trkpt>
    <trkpt lat="61.6025060" lon="17.0470262"></trkpt>
    <trkpt lat="61.6023376" lon="17.0467150"></trkpt>
    <trkpt lat="61.6022304" lon="17.0464575"></trkpt>
    <trkpt lat="61.6021692" lon="17.0461678"></trkpt>
    <trkpt lat="61.6021411" lon="17.0460498"></trkpt>
    <trkpt lat="61.6019166" lon="17.0458889"></trkpt>
    <trkpt lat="61.6018273" lon="17.0458031"></trkpt>
    <trkpt lat="61.6017750" lon="17.0457253"></trkpt>
    <trkpt lat="61.6016947" lon="17.0456716"></trkpt>
    <trkpt lat="61.6014902" lon="17.0456040"></trkpt>
    <trkpt lat="61.6015138" lon="17.0451857"></trkpt>
    <trkpt lat="61.6016120" lon="17.0443166"></trkpt>
    <trkpt lat="61.6016924" lon="17.0433993"></trkpt>
    <trkpt lat="61.6016873" lon="17.0424230"></trkpt>
    <trkpt lat="61.6016056" lon="17.0417256"></trkpt>
    <trkpt lat="61.6013811" lon="17.0400734"></trkpt>
    <trkpt lat="61.6010953" lon="17.0384319"></trkpt>
    <trkpt lat="61.6009525" lon="17.0379169"></trkpt>
    <trkpt lat="61.6007588" lon="17.0375398"></trkpt>
    <trkpt lat="61.6002178" lon="17.0370846"></trkpt>
    <trkpt lat="61.5996768" lon="17.0366294"></trkpt>
    <trkpt lat="61.5991514" lon="17.0363381"></trkpt>
    <trkpt lat="61.5987942" lon="17.0358875"></trkpt>
    <trkpt lat="61.5985184" lon="17.0354063"></trkpt>
    <trkpt lat="61.5983859" lon="17.0349327"></trkpt>
    <trkpt lat="61.5981920" lon="17.0335486"></trkpt>
    <trkpt lat="61.5980746" lon="17.0324007"></trkpt>
    <trkpt lat="61.5980193" lon="17.0314184"></trkpt>
    <trkpt lat="61.5978697" lon="17.0314606"></trkpt>
    <trkpt lat="61.5976865" lon="17.0315230"></trkpt>
    <trkpt lat="61.5976304" lon="17.0311965"></trkpt>
    <trkpt lat="61.5974773" lon="17.0307137"></trkpt>
    <trkpt lat="61.5974313" lon="17.0304991"></trkpt>
    <trkpt lat="61.5974007" lon="17.0300378"></trkpt>
    <trkpt lat="61.5973701" lon="17.0297910"></trkpt>
    <trkpt lat="61.5972884" lon="17.0295657"></trkpt>
    <trkpt lat="61.5967577" lon="17.0287074"></trkpt>
    <trkpt lat="61.5966914" lon="17.0284929"></trkpt>
    <trkpt lat="61.5966658" lon="17.0282783"></trkpt>
    <trkpt lat="61.5966709" lon="17.0269694"></trkpt>
    <trkpt lat="61.5966811" lon="17.0264222"></trkpt>
    <trkpt lat="61.5966505" lon="17.0260574"></trkpt>
    <trkpt lat="61.5965485" lon="17.0255210"></trkpt>
    <trkpt lat="61.5964668" lon="17.0252957"></trkpt>
    <trkpt lat="61.5960483" lon="17.0247914"></trkpt>
    <trkpt lat="61.5959003" lon="17.0246734"></trkpt>
    <trkpt lat="61.5958135" lon="17.0246841"></trkpt>
    <trkpt lat="61.5957064" lon="17.0248236"></trkpt>
    <trkpt lat="61.5953491" lon="17.0256390"></trkpt>
    <trkpt lat="61.5950276" lon="17.0262934"></trkpt>
    <trkpt lat="61.5948387" lon="17.0266046"></trkpt>
    <trkpt lat="61.5946754" lon="17.0267441"></trkpt>
    <trkpt lat="61.5942416" lon="17.0267655"></trkpt>
    <trkpt lat="61.5938129" lon="17.0267762"></trkpt>
    <trkpt lat="61.5930932" lon="17.0266046"></trkpt>
    <trkpt lat="61.5927666" lon="17.0264544"></trkpt>
    <trkpt lat="61.5925726" lon="17.0264007"></trkpt>
    <trkpt lat="61.5923838" lon="17.0264651"></trkpt>
    <trkpt lat="61.5922000" lon="17.0266260"></trkpt>
    <trkpt lat="61.5918580" lon="17.0270230"></trkpt>
    <trkpt lat="61.5917418" lon="17.0272556"></trkpt>
    <trkpt lat="61.5913775" lon="17.0279844"></trkpt>
    <trkpt lat="61.5913204" lon="17.0280988"></trkpt>
    <trkpt lat="61.5910510" lon="17.0277435"></trkpt>
    <trkpt lat="61.5910182" lon="17.0277002"></trkpt>
    <trkpt lat="61.5908535" lon="17.0274848"></trkpt>
    <trkpt lat="61.5907328" lon="17.0273580"></trkpt>
    <trkpt lat="61.5904026" lon="17.0270106"></trkpt>
    <trkpt lat="61.5900662" lon="17.0266936"></trkpt>
    <trkpt lat="61.5900047" lon="17.0266356"></trkpt>
    <trkpt lat="61.5896586" lon="17.0263746"></trkpt>
    <trkpt lat="61.5894171" lon="17.0262225"></trkpt>
    <trkpt lat="61.5891553" lon="17.0260678"></trkpt>
    <trkpt lat="61.5889305" lon="17.0259530"></trkpt>
    <trkpt lat="61.5885864" lon="17.0258401"></trkpt>
    <trkpt lat="61.5885292" lon="17.0262741"></trkpt>
    <trkpt lat="61.5881101" lon="17.0268613"></trkpt>
    <trkpt lat="61.5881258" lon="17.0271316"></trkpt>
    <trkpt lat="61.5879828" lon="17.0275546"></trkpt>
    <trkpt lat="61.5877868" lon="17.0280889"></trkpt>
    <trkpt lat="61.5876650" lon="17.0285564"></trkpt>
    <trkpt lat="61.5875538" lon="17.0290684"></trkpt>
    <trkpt lat="61.5874585" lon="17.0293578"></trkpt>
    <trkpt lat="61.5872095" lon="17.0296583"></trkpt>
    <trkpt lat="61.5868918" lon="17.0299143"></trkpt>
    <trkpt lat="61.5864151" lon="17.0295804"></trkpt>
    <trkpt lat="61.5860179" lon="17.0294023"></trkpt>
    <trkpt lat="61.5856524" lon="17.0294357"></trkpt>
    <trkpt lat="61.5853452" lon="17.0296806"></trkpt>
    <trkpt lat="61.5851863" lon="17.0297474"></trkpt>
    <trkpt lat="61.5849056" lon="17.0297585"></trkpt>
    <trkpt lat="61.5847467" lon="17.0298475"></trkpt>
    <trkpt lat="61.5841746" lon="17.0303818"></trkpt>
    <trkpt lat="61.5834596" lon="17.0308493"></trkpt>
    <trkpt lat="61.5826015" lon="17.0311610"></trkpt>
    <trkpt lat="61.5820188" lon="17.0316062"></trkpt>
    <trkpt lat="61.5818493" lon="17.0317175"></trkpt>
    <trkpt lat="61.5817221" lon="17.0316952"></trkpt>
    <trkpt lat="61.5810581" lon="17.0312963"></trkpt>
    <trkpt lat="61.5806759" lon="17.0309886"></trkpt>
    <trkpt lat="61.5803899" lon="17.0306131"></trkpt>
    <trkpt lat="61.5801653" lon="17.0304092"></trkpt>
    <trkpt lat="61.5799304" lon="17.0305809"></trkpt>
    <trkpt lat="61.5797006" lon="17.0311710"></trkpt>
    <trkpt lat="61.5796087" lon="17.0318147"></trkpt>
    <trkpt lat="61.5793687" lon="17.0320615"></trkpt>
    <trkpt lat="61.5792870" lon="17.0324906"></trkpt>
    <trkpt lat="61.5791032" lon="17.0329627"></trkpt>
    <trkpt lat="61.5787764" lon="17.0329412"></trkpt>
    <trkpt lat="61.5786844" lon="17.0332094"></trkpt>
    <trkpt lat="61.5784444" lon="17.0337244"></trkpt>
    <trkpt lat="61.5782198" lon="17.0341643"></trkpt>
    <trkpt lat="61.5781383" lon="17.0345260"></trkpt>
    <trkpt lat="61.5779183" lon="17.0343560"></trkpt>
    <trkpt lat="61.5773193" lon="17.0334660"></trkpt>
    <trkpt lat="61.5767552" lon="17.0326461"></trkpt>
    <trkpt lat="61.5765439" lon="17.0322579"></trkpt>
    <trkpt lat="61.5763474" lon="17.0318170"></trkpt>
    <trkpt lat="61.5760159" lon="17.0309988"></trkpt>
    <trkpt lat="61.5756845" lon="17.0301805"></trkpt>
    <trkpt lat="61.5751226" lon="17.0288857"></trkpt>
    <trkpt lat="61.5745433" lon="17.0281473"></trkpt>
    <trkpt lat="61.5743666" lon="17.0284486"></trkpt>
    <trkpt lat="61.5743086" lon="17.0286356"></trkpt>
    <trkpt lat="61.5742621" lon="17.0289202"></trkpt>
    <trkpt lat="61.5742467" lon="17.0295462"></trkpt>
    <trkpt lat="61.5740880" lon="17.0304325"></trkpt>
    <trkpt lat="61.5738964" lon="17.0308675"></trkpt>
    <trkpt lat="61.5738519" lon="17.0314326"></trkpt>
    <trkpt lat="61.5737319" lon="17.0316847"></trkpt>
    <trkpt lat="61.5735887" lon="17.0316847"></trkpt>
    <trkpt lat="61.5734455" lon="17.0313025"></trkpt>
    <trkpt lat="61.5733642" lon="17.0308797"></trkpt>
    <trkpt lat="61.5733177" lon="17.0300341"></trkpt>
    <trkpt lat="61.5732558" lon="17.0292373"></trkpt>
    <trkpt lat="61.5731590" lon="17.0289039"></trkpt>
    <trkpt lat="61.5730492" lon="17.0287693"></trkpt>
    <trkpt lat="61.5728909" lon="17.0289409"></trkpt>
    <trkpt lat="61.5725512" lon="17.0294398"></trkpt>
    <trkpt lat="61.5724312" lon="17.0296276"></trkpt>
    <trkpt lat="61.5723367" lon="17.0297724"></trkpt>
    <trkpt lat="61.5722218" lon="17.0298475"></trkpt>
    <trkpt lat="61.5720915" lon="17.0298690"></trkpt>
    <trkpt lat="61.5719741" lon="17.0298207"></trkpt>
    <trkpt lat="61.5718311" lon="17.0296598"></trkpt>
    <trkpt lat="61.5717213" lon="17.0295686"></trkpt>
    <trkpt lat="61.5716063" lon="17.0295471"></trkpt>
    <trkpt lat="61.5714812" lon="17.0295471"></trkpt>
    <trkpt lat="61.5711747" lon="17.0297563"></trkpt>
    <trkpt lat="61.5707968" lon="17.0300460"></trkpt>
    <trkpt lat="61.5705363" lon="17.0302177"></trkpt>
    <trkpt lat="61.5703396" lon="17.0302928"></trkpt>
    <trkpt lat="61.5702222" lon="17.0303249"></trkpt>
    <trkpt lat="61.5699617" lon="17.0303679"></trkpt>
    <trkpt lat="61.5698314" lon="17.0304537"></trkpt>
    <trkpt lat="61.5696603" lon="17.0306254"></trkpt>
    <trkpt lat="61.5694892" lon="17.0307916"></trkpt>
    <trkpt lat="61.5693640" lon="17.0308399"></trkpt>
    <trkpt lat="61.5692517" lon="17.0308507"></trkpt>
    <trkpt lat="61.5691240" lon="17.0307970"></trkpt>
    <trkpt lat="61.5689664" lon="17.0306895"></trkpt>
    <trkpt lat="61.5687663" lon="17.0305214"></trkpt>
    <trkpt lat="61.5685951" lon="17.0302692"></trkpt>
    <trkpt lat="61.5684795" lon="17.0300357"></trkpt>
    <trkpt lat="61.5683350" lon="17.0298442"></trkpt>
    <trkpt lat="61.5682379" lon="17.0297895"></trkpt>
    <trkpt lat="61.5682391" lon="17.0299006"></trkpt>
    <trkpt lat="61.5680482" lon="17.0299050"></trkpt>
    <trkpt lat="61.5679014" lon="17.0298442"></trkpt>
    <trkpt lat="61.5677947" lon="17.0296995"></trkpt>
    <trkpt lat="61.5677057" lon="17.0294893"></trkpt>
    <trkpt lat="61.5676702" lon="17.0292838"></trkpt>
    <trkpt lat="61.5676368" lon="17.0289710"></trkpt>
    <trkpt lat="61.5675590" lon="17.0285647"></trkpt>
    <trkpt lat="61.5674300" lon="17.0281397"></trkpt>
    <trkpt lat="61.5672699" lon="17.0277241"></trkpt>
    <trkpt lat="61.5670654" lon="17.0272104"></trkpt>
    <trkpt lat="61.5668519" lon="17.0265285"></trkpt>
    <trkpt lat="61.5667007" lon="17.0260849"></trkpt>
    <trkpt lat="61.5666162" lon="17.0258794"></trkpt>
    <trkpt lat="61.5665628" lon="17.0258140"></trkpt>
    <trkpt lat="61.5663939" lon="17.0257440"></trkpt>
    <trkpt lat="61.5662515" lon="17.0256926"></trkpt>
    <trkpt lat="61.5661448" lon="17.0255479"></trkpt>
    <trkpt lat="61.5660959" lon="17.0252583"></trkpt>
    <trkpt lat="61.5660425" lon="17.0249968"></trkpt>
    <trkpt lat="61.5659314" lon="17.0247773"></trkpt>
    <trkpt lat="61.5657334" lon="17.0246045"></trkpt>
    <trkpt lat="61.5655911" lon="17.0244597"></trkpt>
    <trkpt lat="61.5654599" lon="17.0242823"></trkpt>
    <trkpt lat="61.5653665" lon="17.0241282"></trkpt>
    <trkpt lat="61.5652265" lon="17.0238480"></trkpt>
    <trkpt lat="61.5651464" lon="17.0236939"></trkpt>
    <trkpt lat="61.5652087" lon="17.0234277"></trkpt>
    <trkpt lat="61.5652691" lon="17.0231168"></trkpt>
    <trkpt lat="61.5647945" lon="17.0227936"></trkpt>
    <trkpt lat="61.5644015" lon="17.0224919"></trkpt>
    <trkpt lat="61.5639509" lon="17.0220818"></trkpt>
    <trkpt lat="61.5635618" lon="17.0216762"></trkpt>
    <trkpt lat="61.5631713" lon="17.0211062"></trkpt>
    <trkpt lat="61.5625597" lon="17.0201472"></trkpt>
    <trkpt lat="61.5620674" lon="17.0194468"></trkpt>
    <trkpt lat="61.5615478" lon="17.0186716"></trkpt>
    <trkpt lat="61.5609335" lon="17.0178522"></trkpt>
    <trkpt lat="61.5604044" lon="17.0172186"></trkpt>
    <trkpt lat="61.5596127" lon="17.0163703"></trkpt>
    <trkpt lat="61.5590542" lon="17.0157260"></trkpt>
    <trkpt lat="61.5586647" lon="17.0152509"></trkpt>
    <trkpt lat="61.5582752" lon="17.0147758"></trkpt>
    <trkpt lat="61.5578472" lon="17.0141392"></trkpt>
    <trkpt lat="61.5575639" lon="17.0137173"></trkpt>
    <trkpt lat="61.5574396" lon="17.0139638"></trkpt>
    <trkpt lat="61.5573129" lon="17.0140974"></trkpt>
    <trkpt lat="61.5565254" lon="17.0146922"></trkpt>
    <trkpt lat="61.5562766" lon="17.0148745"></trkpt>
    <trkpt lat="61.5560228" lon="17.0150497"></trkpt>
    <trkpt lat="61.5558231" lon="17.0151326"></trkpt>
    <trkpt lat="61.5555851" lon="17.0151639"></trkpt>
    <trkpt lat="61.5551763" lon="17.0150784"></trkpt>
    <trkpt lat="61.5545493" lon="17.0148860"></trkpt>
    <trkpt lat="61.5539412" lon="17.0146714"></trkpt>
    <trkpt lat="61.5532411" lon="17.0144281"></trkpt>
    <trkpt lat="61.5525802" lon="17.0141343"></trkpt>
    <trkpt lat="61.5519516" lon="17.0136445"></trkpt>
    <trkpt lat="61.5517467" lon="17.0134454"></trkpt>
    <trkpt lat="61.5513753" lon="17.0130739"></trkpt>
    <trkpt lat="61.5513520" lon="17.0130506"></trkpt>
    <trkpt lat="61.5511694" lon="17.0128765"></trkpt>
    <trkpt lat="61.5507701" lon="17.0125130"></trkpt>
    <trkpt lat="61.5505174" lon="17.0122494"></trkpt>
    <trkpt lat="61.5502985" lon="17.0120252"></trkpt>
    <trkpt lat="61.5501646" lon="17.0118881"></trkpt>
    <trkpt lat="61.5498230" lon="17.0116652"></trkpt>
    <trkpt lat="61.5496598" lon="17.0114573"></trkpt>
    <trkpt lat="61.5492818" lon="17.0102026"></trkpt>
    <trkpt lat="61.5492545" lon="17.0101119"></trkpt>
    <trkpt lat="61.5490018" lon="17.0093422"></trkpt>
    <trkpt lat="61.5488206" lon="17.0087904"></trkpt>
    <trkpt lat="61.5485091" lon="17.0079189"></trkpt>
    <trkpt lat="61.5483955" lon="17.0075647"></trkpt>
    <trkpt lat="61.5483092" lon="17.0072970"></trkpt>
    <trkpt lat="61.5481750" lon="17.0070075"></trkpt>
    <trkpt lat="61.5480652" lon="17.0067920"></trkpt>
    <trkpt lat="61.5479528" lon="17.0065779"></trkpt>
    <trkpt lat="61.5478232" lon="17.0063325"></trkpt>
    <trkpt lat="61.5476990" lon="17.0061114"></trkpt>
    <trkpt lat="61.5476282" lon="17.0059751"></trkpt>
    <trkpt lat="61.5475960" lon="17.0058785"></trkpt>
    <trkpt lat="61.5475510" lon="17.0057099"></trkpt>
    <trkpt lat="61.5474752" lon="17.0057781"></trkpt>
    <trkpt lat="61.5474140" lon="17.0058188"></trkpt>
    <trkpt lat="61.5473560" lon="17.0058456"></trkpt>
    <trkpt lat="61.5470192" lon="17.0058946"></trkpt>
    <trkpt lat="61.5467739" lon="17.0058946"></trkpt>
    <trkpt lat="61.5466847" lon="17.0058637"></trkpt>
    <trkpt lat="61.5464662" lon="17.0057881"></trkpt>
    <trkpt lat="61.5462992" lon="17.0057095"></trkpt>
    <trkpt lat="61.5461322" lon="17.0055987"></trkpt>
    <trkpt lat="61.5458431" lon="17.0053729"></trkpt>
    <trkpt lat="61.5456795" lon="17.0052226"></trkpt>
    <trkpt lat="61.5455526" lon="17.0051447"></trkpt>
    <trkpt lat="61.5454996" lon="17.0051137"></trkpt>
    <trkpt lat="61.5453890" lon="17.0050878"></trkpt>
    <trkpt lat="61.5451977" lon="17.0050581"></trkpt>
    <trkpt lat="61.5450447" lon="17.0050405"></trkpt>
    <trkpt lat="61.5450083" lon="17.0050257"></trkpt>
    <trkpt lat="61.5449549" lon="17.0049978"></trkpt>
    <trkpt lat="61.5449168" lon="17.0049699"></trkpt>
    <trkpt lat="61.5448097" lon="17.0048331"></trkpt>
    <trkpt lat="61.5447113" lon="17.0046894"></trkpt>
    <trkpt lat="61.5445759" lon="17.0044386"></trkpt>
    <trkpt lat="61.5443950" lon="17.0040039"></trkpt>
    <trkpt lat="61.5442950" lon="17.0037402"></trkpt>
    <trkpt lat="61.5441984" lon="17.0034667"></trkpt>
    <trkpt lat="61.5440964" lon="17.0032839"></trkpt>
    <trkpt lat="61.5439442" lon="17.0035696"></trkpt>
    <trkpt lat="61.5436084" lon="17.0040979"></trkpt>
    <trkpt lat="61.5433549" lon="17.0044241"></trkpt>
    <trkpt lat="61.5433043" lon="17.0044764"></trkpt>
    <trkpt lat="61.5429990" lon="17.0048537"></trkpt>
    <trkpt lat="61.5428965" lon="17.0049804"></trkpt>
    <trkpt lat="61.5426239" lon="17.0052276"></trkpt>
    <trkpt lat="61.5423512" lon="17.0054627"></trkpt>
    <trkpt lat="61.5422612" lon="17.0055449"></trkpt>
    <trkpt lat="61.5419381" lon="17.0056634"></trkpt>
    <trkpt lat="61.5415080" lon="17.0056251"></trkpt>
    <trkpt lat="61.5409883" lon="17.0059680"></trkpt>
    <trkpt lat="61.5404496" lon="17.0065437"></trkpt>
    <trkpt lat="61.5399109" lon="17.0071195"></trkpt>
    <trkpt lat="61.5396453" lon="17.0074982"></trkpt>
    <trkpt lat="61.5395139" lon="17.0078967"></trkpt>
    <trkpt lat="61.5393194" lon="17.0087567"></trkpt>
    <trkpt lat="61.5392237" lon="17.0090614"></trkpt>
    <trkpt lat="61.5390773" lon="17.0092947"></trkpt>
    <trkpt lat="61.5388929" lon="17.0094659"></trkpt>
    <trkpt lat="61.5380585" lon="17.0095603"></trkpt>
    <trkpt lat="61.5379266" lon="17.0097191"></trkpt>
    <trkpt lat="61.5376188" lon="17.0103488"></trkpt>
    <trkpt lat="61.5374531" lon="17.0105253"></trkpt>
    <trkpt lat="61.5373040" lon="17.0105677"></trkpt>
    <trkpt lat="61.5367799" lon="17.0103153"></trkpt>
    <trkpt lat="61.5362558" lon="17.0100629"></trkpt>
    <trkpt lat="61.5358738" lon="17.0104338"></trkpt>
    <trkpt lat="61.5356157" lon="17.0106206"></trkpt>
    <trkpt lat="61.5351639" lon="17.0104651"></trkpt>
    <trkpt lat="61.5348083" lon="17.0105929"></trkpt>
    <trkpt lat="61.5344541" lon="17.0108542"></trkpt>
    <trkpt lat="61.5341385" lon="17.0112724"></trkpt>
    <trkpt lat="61.5335730" lon="17.0121760"></trkpt>
    <trkpt lat="61.5331022" lon="17.0124839"></trkpt>
    <trkpt lat="61.5322063" lon="17.0124410"></trkpt>
    <trkpt lat="61.5316735" lon="17.0120271"></trkpt>
    <trkpt lat="61.5308282" lon="17.0117221"></trkpt>
    <trkpt lat="61.5305746" lon="17.0117361"></trkpt>
    <trkpt lat="61.5299554" lon="17.0122030"></trkpt>
    <trkpt lat="61.5293362" lon="17.0126699"></trkpt>
    <trkpt lat="61.5287513" lon="17.0125440"></trkpt>
    <trkpt lat="61.5282907" lon="17.0122425"></trkpt>
    <trkpt lat="61.5279943" lon="17.0122006"></trkpt>
    <trkpt lat="61.5277232" lon="17.0126942"></trkpt>
    <trkpt lat="61.5275288" lon="17.0128229"></trkpt>
    <trkpt lat="61.5269864" lon="17.0128862"></trkpt>
    <trkpt lat="61.5266491" lon="17.0131984"></trkpt>
    <trkpt lat="61.5263217" lon="17.0133057"></trkpt>
    <trkpt lat="61.5260813" lon="17.0136812"></trkpt>
    <trkpt lat="61.5257335" lon="17.0138958"></trkpt>
    <trkpt lat="61.5249406" lon="17.0146468"></trkpt>
    <trkpt lat="61.5242705" lon="17.0147756"></trkpt>
    <trkpt lat="61.5234725" lon="17.0153013"></trkpt>
    <trkpt lat="61.5227666" lon="17.0161381"></trkpt>
    <trkpt lat="61.5223369" lon="17.0160523"></trkpt>
    <trkpt lat="61.5217076" lon="17.0164814"></trkpt>
    <trkpt lat="61.5213444" lon="17.0169106"></trkpt>
    <trkpt lat="61.5210679" lon="17.0176176"></trkpt>
    <trkpt lat="61.5209246" lon="17.0177142"></trkpt>
    <trkpt lat="61.5200872" lon="17.0175157"></trkpt>
    <trkpt lat="61.5192555" lon="17.0170565"></trkpt>
    <trkpt lat="61.5190550" lon="17.0168543"></trkpt>
    <trkpt lat="61.5183737" lon="17.0157519"></trkpt>
    <trkpt lat="61.5178112" lon="17.0155571"></trkpt>
    <trkpt lat="61.5175792" lon="17.0155856"></trkpt>
    <trkpt lat="61.5174648" lon="17.0156902"></trkpt>
    <trkpt lat="61.5171420" lon="17.0162154"></trkpt>
    <trkpt lat="61.5168682" lon="17.0164659"></trkpt>
    <trkpt lat="61.5163097" lon="17.0175157"></trkpt>
    <trkpt lat="61.5161726" lon="17.0176018"></trkpt>
    <trkpt lat="61.5154184" lon="17.0178097"></trkpt>
    <trkpt lat="61.5147596" lon="17.0170458"></trkpt>
    <trkpt lat="61.5146115" lon="17.0169696"></trkpt>
    <trkpt lat="61.5141763" lon="17.0171375"></trkpt>
    <trkpt lat="61.5136725" lon="17.0169675"></trkpt>
    <trkpt lat="61.5135090" lon="17.0170023"></trkpt>
    <trkpt lat="61.5128829" lon="17.0177283"></trkpt>
    <trkpt lat="61.5122245" lon="17.0179256"></trkpt>
    <trkpt lat="61.5117627" lon="17.0180639"></trkpt>
    <trkpt lat="61.5114702" lon="17.0178888"></trkpt>
    <trkpt lat="61.5112223" lon="17.0179953"></trkpt>
    <trkpt lat="61.5105712" lon="17.0184989"></trkpt>
    <trkpt lat="61.5101141" lon="17.0186877"></trkpt>
    <trkpt lat="61.5096571" lon="17.0188766"></trkpt>
    <trkpt lat="61.5092073" lon="17.0188530"></trkpt>
    <trkpt lat="61.5087576" lon="17.0188294"></trkpt>
    <trkpt lat="61.5082479" lon="17.0186666"></trkpt>
    <trkpt lat="61.5077381" lon="17.0185038"></trkpt>
    <trkpt lat="61.5075242" lon="17.0183145"></trkpt>
    <trkpt lat="61.5071173" lon="17.0173043"></trkpt>
    <trkpt lat="61.5069197" lon="17.0170769"></trkpt>
    <trkpt lat="61.5061239" lon="17.0163103"></trkpt>
    <trkpt lat="61.5056939" lon="17.0168033"></trkpt>
    <trkpt lat="61.5050424" lon="17.0173024"></trkpt>
    <trkpt lat="61.5043910" lon="17.0178016"></trkpt>
    <trkpt lat="61.5039991" lon="17.0182379"></trkpt>
    <trkpt lat="61.5035180" lon="17.0188944"></trkpt>
    <trkpt lat="61.5031291" lon="17.0196942"></trkpt>
    <trkpt lat="61.5028853" lon="17.0205085"></trkpt>
    <trkpt lat="61.5026403" lon="17.0216255"></trkpt>
    <trkpt lat="61.5024471" lon="17.0228548"></trkpt>
    <trkpt lat="61.5022538" lon="17.0240841"></trkpt>
    <trkpt lat="61.5020606" lon="17.0253134"></trkpt>
    <trkpt lat="61.5017310" lon="17.0269034"></trkpt>
    <trkpt lat="61.5014110" lon="17.0279947"></trkpt>
    <trkpt lat="61.5010909" lon="17.0290860"></trkpt>
    <trkpt lat="61.5007709" lon="17.0301773"></trkpt>
    <trkpt lat="61.5003801" lon="17.0309669"></trkpt>
    <trkpt lat="61.4999894" lon="17.0317566"></trkpt>
    <trkpt lat="61.4997340" lon="17.0320753"></trkpt>
    <trkpt lat="61.4991155" lon="17.0323789"></trkpt>
    <trkpt lat="61.4983897" lon="17.0324749"></trkpt>
    <trkpt lat="61.4976639" lon="17.0325709"></trkpt>
    <trkpt lat="61.4972184" lon="17.0329451"></trkpt>
    <trkpt lat="61.4967730" lon="17.0333193"></trkpt>
    <trkpt lat="61.4961273" lon="17.0339426"></trkpt>
    <trkpt lat="61.4954815" lon="17.0345659"></trkpt>
    <trkpt lat="61.4950301" lon="17.0355224"></trkpt>
    <trkpt lat="61.4945788" lon="17.0364789"></trkpt>
    <trkpt lat="61.4943832" lon="17.0367294"></trkpt>
    <trkpt lat="61.4939595" lon="17.0369848"></trkpt>
    <trkpt lat="61.4934808" lon="17.0371787"></trkpt>
    <trkpt lat="61.4930022" lon="17.0373726"></trkpt>
    <trkpt lat="61.4924766" lon="17.0374821"></trkpt>
    <trkpt lat="61.4919510" lon="17.0375915"></trkpt>
    <trkpt lat="61.4912034" lon="17.0378501"></trkpt>
    <trkpt lat="61.4905531" lon="17.0377211"></trkpt>
    <trkpt lat="61.4899029" lon="17.0375920"></trkpt>
    <trkpt lat="61.4895058" lon="17.0376226"></trkpt>
    <trkpt lat="61.4886658" lon="17.0378822"></trkpt>
    <trkpt lat="61.4878257" lon="17.0381418"></trkpt>
    <trkpt lat="61.4872254" lon="17.0382711"></trkpt>
    <trkpt lat="61.4866252" lon="17.0384004"></trkpt>
    <trkpt lat="61.4861664" lon="17.0387279"></trkpt>
    <trkpt lat="61.4855789" lon="17.0394105"></trkpt>
    <trkpt lat="61.4850996" lon="17.0397684"></trkpt>
    <trkpt lat="61.4846202" lon="17.0401264"></trkpt>
    <trkpt lat="61.4841632" lon="17.0407431"></trkpt>
    <trkpt lat="61.4836601" lon="17.0417154"></trkpt>
    <trkpt lat="61.4831571" lon="17.0426877"></trkpt>
    <trkpt lat="61.4826540" lon="17.0436600"></trkpt>
    <trkpt lat="61.4824448" lon="17.0443260"></trkpt>
    <trkpt lat="61.4824032" lon="17.0444584"></trkpt>
    <trkpt lat="61.4821384" lon="17.0460367"></trkpt>
    <trkpt lat="61.4818205" lon="17.0470319"></trkpt>
    <trkpt lat="61.4815026" lon="17.0480271"></trkpt>
    <trkpt lat="61.4812685" lon="17.0485840"></trkpt>
    <trkpt lat="61.4806041" lon="17.0496686"></trkpt>
    <trkpt lat="61.4801788" lon="17.0507207"></trkpt>
    <trkpt lat="61.4797534" lon="17.0517728"></trkpt>
    <trkpt lat="61.4793756" lon="17.0530512"></trkpt>
    <trkpt lat="61.4792202" lon="17.0537318"></trkpt>
    <trkpt lat="61.4797353" lon="17.0546690"></trkpt>
    <trkpt lat="61.4802503" lon="17.0556062"></trkpt>
    <trkpt lat="61.4804541" lon="17.0557485"></trkpt>
    <trkpt lat="61.4813372" lon="17.0561042"></trkpt>
    <trkpt lat="61.4822203" lon="17.0564599"></trkpt>
    <trkpt lat="61.4829268" lon="17.0570005"></trkpt>
    <trkpt lat="61.4833207" lon="17.0575127"></trkpt>
    <trkpt lat="61.4836196" lon="17.0586225"></trkpt>
    <trkpt lat="61.4838098" lon="17.0604153"></trkpt>
    <trkpt lat="61.4840085" lon="17.0619451"></trkpt>
    <trkpt lat="61.4842072" lon="17.0634749"></trkpt>
    <trkpt lat="61.4844336" lon="17.0651813"></trkpt>
    <trkpt lat="61.4846600" lon="17.0668878"></trkpt>
    <trkpt lat="61.4846113" lon="17.0674724"></trkpt>
    <trkpt lat="61.4842785" lon="17.0684399"></trkpt>
    <trkpt lat="61.4839457" lon="17.0694074"></trkpt>
    <trkpt lat="61.4837826" lon="17.0701472"></trkpt>
    <trkpt lat="61.4836535" lon="17.0715558"></trkpt>
    <trkpt lat="61.4835245" lon="17.0729644"></trkpt>
    <trkpt lat="61.4833479" lon="17.0739319"></trkpt>
    <trkpt lat="61.4830015" lon="17.0748567"></trkpt>
    <trkpt lat="61.4826550" lon="17.0757815"></trkpt>
    <trkpt lat="61.4824241" lon="17.0764076"></trkpt>
    <trkpt lat="61.4823154" lon="17.0772613"></trkpt>
    <trkpt lat="61.4823154" lon="17.0787694"></trkpt>
    <trkpt lat="61.4821931" lon="17.0797085"></trkpt>
    <trkpt lat="61.4818897" lon="17.0808657"></trkpt>
    <trkpt lat="61.4815863" lon="17.0820229"></trkpt>
    <trkpt lat="61.4812829" lon="17.0831801"></trkpt>
    <trkpt lat="61.4810111" lon="17.0846883"></trkpt>
    <trkpt lat="61.4808753" lon="17.0854851"></trkpt>
    <trkpt lat="61.4804133" lon="17.0868794"></trkpt>
    <trkpt lat="61.4801619" lon="17.0883876"></trkpt>
    <trkpt lat="61.4799106" lon="17.0898958"></trkpt>
    <trkpt lat="61.4797068" lon="17.0905787"></trkpt>
    <trkpt lat="61.4792041" lon="17.0918592"></trkpt>
    <trkpt lat="61.4789731" lon="17.0931682"></trkpt>
    <trkpt lat="61.4787014" lon="17.0945626"></trkpt>
    <trkpt lat="61.4782177" lon="17.0957577"></trkpt>
    <trkpt lat="61.4777339" lon="17.0969529"></trkpt>
    <trkpt lat="61.4772502" lon="17.0981480"></trkpt>
    <trkpt lat="61.4767664" lon="17.0993432"></trkpt>
    <trkpt lat="61.4762827" lon="17.1005383"></trkpt>
    <trkpt lat="61.4754946" lon="17.1014205"></trkpt>
    <trkpt lat="61.4750325" lon="17.1020180"></trkpt>
    <trkpt lat="61.4745705" lon="17.1026156"></trkpt>
    <trkpt lat="61.4741153" lon="17.1030709"></trkpt>
    <trkpt lat="61.4736601" lon="17.1035262"></trkpt>
    <trkpt lat="61.4729126" lon="17.1039815"></trkpt>
    <trkpt lat="61.4721924" lon="17.1043514"></trkpt>
    <trkpt lat="61.4714721" lon="17.1050344"></trkpt>
    <trkpt lat="61.4709285" lon="17.1057458"></trkpt>
    <trkpt lat="61.4703848" lon="17.1064572"></trkpt>
    <trkpt lat="61.4696373" lon="17.1069409"></trkpt>
    <trkpt lat="61.4689305" lon="17.1072540"></trkpt>
    <trkpt lat="61.4682509" lon="17.1072540"></trkpt>
    <trkpt lat="61.4679247" lon="17.1073678"></trkpt>
    <trkpt lat="61.4672859" lon="17.1077946"></trkpt>
    <trkpt lat="61.4666471" lon="17.1082215"></trkpt>
    <trkpt lat="61.4660827" lon="17.1086847"></trkpt>
    <trkpt lat="61.4659212" lon="17.1089047"></trkpt>
    <trkpt lat="61.4656855" lon="17.1092373"></trkpt>
    <trkpt lat="61.4653523" lon="17.1097469"></trkpt>
    <trkpt lat="61.4651422" lon="17.1100312"></trkpt>
    <trkpt lat="61.4649961" lon="17.1102029"></trkpt>
    <trkpt lat="61.4649077" lon="17.1103276"></trkpt>
    <trkpt lat="61.4647296" lon="17.1106267"></trkpt>
    <trkpt lat="61.4645733" lon="17.1109432"></trkpt>
    <trkpt lat="61.4644913" lon="17.1111470"></trkpt>
    <trkpt lat="61.4644068" lon="17.1113616"></trkpt>
    <trkpt lat="61.4642607" lon="17.1117961"></trkpt>
    <trkpt lat="61.4640224" lon="17.1125632"></trkpt>
    <trkpt lat="61.4638917" lon="17.1129709"></trkpt>
    <trkpt lat="61.4638404" lon="17.1131909"></trkpt>
    <trkpt lat="61.4637840" lon="17.1134484"></trkpt>
    <trkpt lat="61.4637482" lon="17.1136307"></trkpt>
    <trkpt lat="61.4637225" lon="17.1137649"></trkpt>
    <trkpt lat="61.4636661" lon="17.1139097"></trkpt>
    <trkpt lat="61.4635739" lon="17.1140706"></trkpt>
    <trkpt lat="61.4634329" lon="17.1142852"></trkpt>
    <trkpt lat="61.4631818" lon="17.1146500"></trkpt>
    <trkpt lat="61.4630998" lon="17.1148002"></trkpt>
    <trkpt lat="61.4630255" lon="17.1149826"></trkpt>
    <trkpt lat="61.4629358" lon="17.1152454"></trkpt>
    <trkpt lat="61.4627948" lon="17.1157282"></trkpt>
    <trkpt lat="61.4626693" lon="17.1161306"></trkpt>
    <trkpt lat="61.4625411" lon="17.1165275"></trkpt>
    <trkpt lat="61.4624027" lon="17.1169460"></trkpt>
    <trkpt lat="61.4622951" lon="17.1172571"></trkpt>
    <trkpt lat="61.4621926" lon="17.1174931"></trkpt>
    <trkpt lat="61.4621080" lon="17.1177131"></trkpt>
    <trkpt lat="61.4620311" lon="17.1179866"></trkpt>
    <trkpt lat="61.4619696" lon="17.1182495"></trkpt>
    <trkpt lat="61.4619184" lon="17.1185767"></trkpt>
    <trkpt lat="61.4618748" lon="17.1187699"></trkpt>
    <trkpt lat="61.4618235" lon="17.1189254"></trkpt>
    <trkpt lat="61.4617646" lon="17.1190542"></trkpt>
    <trkpt lat="61.4616339" lon="17.1192687"></trkpt>
    <trkpt lat="61.4612341" lon="17.1198213"></trkpt>
    <trkpt lat="61.4611085" lon="17.1199608"></trkpt>
    <trkpt lat="61.4609496" lon="17.1201217"></trkpt>
    <trkpt lat="61.4609139" lon="17.1201608"></trkpt>
    <trkpt lat="61.4608368" lon="17.1202451"></trkpt>
    <trkpt lat="61.4607471" lon="17.1203792"></trkpt>
    <trkpt lat="61.4606087" lon="17.1206045"></trkpt>
    <trkpt lat="61.4605549" lon="17.1206581"></trkpt>
    <trkpt lat="61.4604985" lon="17.1206742"></trkpt>
    <trkpt lat="61.4603934" lon="17.1206528"></trkpt>
    <trkpt lat="61.4602294" lon="17.1206259"></trkpt>
    <trkpt lat="61.4600987" lon="17.1206420"></trkpt>
    <trkpt lat="61.4599603" lon="17.1206903"></trkpt>
    <trkpt lat="61.4598501" lon="17.1207440"></trkpt>
    <trkpt lat="61.4597963" lon="17.1208030"></trkpt>
    <trkpt lat="61.4597322" lon="17.1209532"></trkpt>
    <trkpt lat="61.4596553" lon="17.1210819"></trkpt>
    <trkpt lat="61.4595759" lon="17.1211677"></trkpt>
    <trkpt lat="61.4594708" lon="17.1212053"></trkpt>
    <trkpt lat="61.4593381" lon="17.1212474"></trkpt>
    <trkpt lat="61.4594458" lon="17.1223888"></trkpt>
    <trkpt lat="61.4595536" lon="17.1235302"></trkpt>
    <trkpt lat="61.4595726" lon="17.1237318"></trkpt>
    <trkpt lat="61.4596526" lon="17.1242133"></trkpt>
    <trkpt lat="61.4597289" lon="17.1245811"></trkpt>
    <trkpt lat="61.4598116" lon="17.1248136"></trkpt>
    <trkpt lat="61.4598662" lon="17.1249670"></trkpt>
    <trkpt lat="61.4598763" lon="17.1249956"></trkpt>
    <trkpt lat="61.4600413" lon="17.1254593"></trkpt>
    <trkpt lat="61.4600559" lon="17.1255285"></trkpt>
    <trkpt lat="61.4601035" lon="17.1257549"></trkpt>
    <trkpt lat="61.4601405" lon="17.1260343"></trkpt>
    <trkpt lat="61.4601505" lon="17.1265360"></trkpt>
    <trkpt lat="61.4599014" lon="17.1267682"></trkpt>
    <trkpt lat="61.4597216" lon="17.1269332"></trkpt>
    <trkpt lat="61.4594400" lon="17.1270847"></trkpt>
    <trkpt lat="61.4593866" lon="17.1271022"></trkpt>
    <trkpt lat="61.4592807" lon="17.1271370"></trkpt>
    <trkpt lat="61.4589143" lon="17.1272089"></trkpt>
    <trkpt lat="61.4588277" lon="17.1272310"></trkpt>
    <trkpt lat="61.4588192" lon="17.1272283"></trkpt>
    <trkpt lat="61.4587789" lon="17.1272409"></trkpt>
    <trkpt lat="61.4587246" lon="17.1272623"></trkpt>
    <trkpt lat="61.4586323" lon="17.1272979"></trkpt>
    <trkpt lat="61.4585532" lon="17.1273690"></trkpt>
    <trkpt lat="61.4581585" lon="17.1275246"></trkpt>
    <trkpt lat="61.4580124" lon="17.1274388"></trkpt>
    <trkpt lat="61.4578146" lon="17.1272765"></trkpt>
    <trkpt lat="61.4576715" lon="17.1270472"></trkpt>
    <trkpt lat="61.4575638" lon="17.1268487"></trkpt>
    <trkpt lat="61.4574712" lon="17.1266488"></trkpt>
    <trkpt lat="61.4573947" lon="17.1265375"></trkpt>
    <trkpt lat="61.4572277" lon="17.1263860"></trkpt>
    <trkpt lat="61.4568201" lon="17.1261392"></trkpt>
    <trkpt lat="61.4566458" lon="17.1260641"></trkpt>
    <trkpt lat="61.4564074" lon="17.1259997"></trkpt>
    <trkpt lat="61.4563009" lon="17.1259753"></trkpt>
    <trkpt lat="61.4562028" lon="17.1259528"></trkpt>
    <trkpt lat="61.4560537" lon="17.1258764"></trkpt>
    <trkpt lat="61.4559102" lon="17.1257423"></trkpt>
    <trkpt lat="61.4557717" lon="17.1255545"></trkpt>
    <trkpt lat="61.4556769" lon="17.1253507"></trkpt>
    <trkpt lat="61.4555641" lon="17.1250395"></trkpt>
    <trkpt lat="61.4553821" lon="17.1243314"></trkpt>
    <trkpt lat="61.4552210" lon="17.1235388"></trkpt>
    <trkpt lat="61.4551107" lon="17.1231582"></trkpt>
    <trkpt lat="61.4549749" lon="17.1227773"></trkpt>
    <trkpt lat="61.4548031" lon="17.1224340"></trkpt>
    <trkpt lat="61.4545904" lon="17.1221014"></trkpt>
    <trkpt lat="61.4543417" lon="17.1217688"></trkpt>
    <trkpt lat="61.4541213" lon="17.1215972"></trkpt>
    <trkpt lat="61.4539392" lon="17.1214738"></trkpt>
    <trkpt lat="61.4538316" lon="17.1214255"></trkpt>
    <trkpt lat="61.4536701" lon="17.1214255"></trkpt>
    <trkpt lat="61.4531241" lon="17.1214201"></trkpt>
    <trkpt lat="61.4528780" lon="17.1213987"></trkpt>
    <trkpt lat="61.4526165" lon="17.1213611"></trkpt>
    <trkpt lat="61.4523319" lon="17.1212538"></trkpt>
    <trkpt lat="61.4520422" lon="17.1211251"></trkpt>
    <trkpt lat="61.4517807" lon="17.1209212"></trkpt>
    <trkpt lat="61.4514859" lon="17.1205886"></trkpt>
    <trkpt lat="61.4513654" lon="17.1204009"></trkpt>
    <trkpt lat="61.4512731" lon="17.1201863"></trkpt>
    <trkpt lat="61.4511629" lon="17.1198001"></trkpt>
    <trkpt lat="61.4510757" lon="17.1194299"></trkpt>
    <trkpt lat="61.4509911" lon="17.1191349"></trkpt>
    <trkpt lat="61.4508834" lon="17.1188452"></trkpt>
    <trkpt lat="61.4506604" lon="17.1183410"></trkpt>
    <trkpt lat="61.4504656" lon="17.1179815"></trkpt>
    <trkpt lat="61.4501476" lon="17.1175148"></trkpt>
    <trkpt lat="61.4499836" lon="17.1172305"></trkpt>
    <trkpt lat="61.4498477" lon="17.1169677"></trkpt>
    <trkpt lat="61.4497426" lon="17.1166297"></trkpt>
    <trkpt lat="61.4496118" lon="17.1162220"></trkpt>
    <trkpt lat="61.4494990" lon="17.1159592"></trkpt>
    <trkpt lat="61.4493324" lon="17.1157607"></trkpt>
    <trkpt lat="61.4490990" lon="17.1156051"></trkpt>
    <trkpt lat="61.4487632" lon="17.1154495"></trkpt>
    <trkpt lat="61.4485017" lon="17.1153208"></trkpt>
    <trkpt lat="61.4483068" lon="17.1151706"></trkpt>
    <trkpt lat="61.4481376" lon="17.1149882"></trkpt>
    <trkpt lat="61.4479658" lon="17.1147736"></trkpt>
    <trkpt lat="61.4477658" lon="17.1144571"></trkpt>
    <trkpt lat="61.4473884" lon="17.1137899"></trkpt>
    <trkpt lat="61.4470110" lon="17.1131227"></trkpt>
    <trkpt lat="61.4466729" lon="17.1134205"></trkpt>
    <trkpt lat="61.4462421" lon="17.1138238"></trkpt>
    <trkpt lat="61.4458112" lon="17.1142270"></trkpt>
    <trkpt lat="61.4454012" lon="17.1147324"></trkpt>
    <trkpt lat="61.4451626" lon="17.1151083"></trkpt>
    <trkpt lat="61.4449445" lon="17.1156100"></trkpt>
    <trkpt lat="61.4447607" lon="17.1162881"></trkpt>
    <trkpt lat="61.4446668" lon="17.1170214"></trkpt>
    <trkpt lat="61.4446511" lon="17.1183053"></trkpt>
    <trkpt lat="61.4446353" lon="17.1195893"></trkpt>
    <trkpt lat="61.4445612" lon="17.1202561"></trkpt>
    <trkpt lat="61.4444684" lon="17.1209138"></trkpt>
    <trkpt lat="61.4441701" lon="17.1217378"></trkpt>
    <trkpt lat="61.4438629" lon="17.1226712"></trkpt>
    <trkpt lat="61.4435096" lon="17.1236850"></trkpt>
    <trkpt lat="61.4431044" lon="17.1243138"></trkpt>
    <trkpt lat="61.4426536" lon="17.1250279"></trkpt>
    <trkpt lat="61.4422027" lon="17.1257419"></trkpt>
    <trkpt lat="61.4417166" lon="17.1264365"></trkpt>
    <trkpt lat="61.4410149" lon="17.1271730"></trkpt>
    <trkpt lat="61.4403830" lon="17.1279867"></trkpt>
    <trkpt lat="61.4401665" lon="17.1280360"></trkpt>
    <trkpt lat="61.4398076" lon="17.1285394"></trkpt>
    <trkpt lat="61.4394711" lon="17.1288745"></trkpt>
    <trkpt lat="61.4390153" lon="17.1290665"></trkpt>
    <trkpt lat="61.4385596" lon="17.1292586"></trkpt>
    <trkpt lat="61.4381719" lon="17.1291932"></trkpt>
    <trkpt lat="61.4378224" lon="17.1292546"></trkpt>
    <trkpt lat="61.4374236" lon="17.1291590"></trkpt>
    <trkpt lat="61.4369687" lon="17.1291998"></trkpt>
    <trkpt lat="61.4365158" lon="17.1296063"></trkpt>
    <trkpt lat="61.4360630" lon="17.1300127"></trkpt>
    <trkpt lat="61.4358479" lon="17.1301966"></trkpt>
    <trkpt lat="61.4356842" lon="17.1302966"></trkpt>
    <trkpt lat="61.4353079" lon="17.1306103"></trkpt>
    <trkpt lat="61.4349745" lon="17.1308095"></trkpt>
    <trkpt lat="61.4346208" lon="17.1308522"></trkpt>
    <trkpt lat="61.4342058" lon="17.1313217"></trkpt>
    <trkpt lat="61.4339880" lon="17.1313928"></trkpt>
    <trkpt lat="61.4337499" lon="17.1312648"></trkpt>
    <trkpt lat="61.4332601" lon="17.1309944"></trkpt>
    <trkpt lat="61.4327328" lon="17.1306316"></trkpt>
    <trkpt lat="61.4322055" lon="17.1302688"></trkpt>
    <trkpt lat="61.4317564" lon="17.1303542"></trkpt>
    <trkpt lat="61.4313346" lon="17.1301834"></trkpt>
    <trkpt lat="61.4306169" lon="17.1298133"></trkpt>
    <trkpt lat="61.4302455" lon="17.1298479"></trkpt>
    <trkpt lat="61.4298989" lon="17.1301407"></trkpt>
    <trkpt lat="61.4296948" lon="17.1303969"></trkpt>
    <trkpt lat="61.4294770" lon="17.1308522"></trkpt>
    <trkpt lat="61.4287285" lon="17.1316774"></trkpt>
    <trkpt lat="61.4283407" lon="17.1323746"></trkpt>
    <trkpt lat="61.4282658" lon="17.1328725"></trkpt>
    <trkpt lat="61.4282862" lon="17.1333847"></trkpt>
    <trkpt lat="61.4284700" lon="17.1351206"></trkpt>
    <trkpt lat="61.4283883" lon="17.1361592"></trkpt>
    <trkpt lat="61.4281365" lon="17.1371979"></trkpt>
    <trkpt lat="61.4278235" lon="17.1377954"></trkpt>
    <trkpt lat="61.4271975" lon="17.1385495"></trkpt>
    <trkpt lat="61.4269185" lon="17.1391471"></trkpt>
    <trkpt lat="61.4267075" lon="17.1399012"></trkpt>
    <trkpt lat="61.4264625" lon="17.1407691"></trkpt>
    <trkpt lat="61.4261427" lon="17.1412102"></trkpt>
    <trkpt lat="61.4257276" lon="17.1414663"></trkpt>
    <trkpt lat="61.4255716" lon="17.1415089"></trkpt>
    <trkpt lat="61.4254527" lon="17.1415145"></trkpt>
    <trkpt lat="61.4252688" lon="17.1414167"></trkpt>
    <trkpt lat="61.4251404" lon="17.1412866"></trkpt>
    <trkpt lat="61.4250277" lon="17.1410102"></trkpt>
    <trkpt lat="61.4249304" lon="17.1406443"></trkpt>
    <trkpt lat="61.4247749" lon="17.1404491"></trkpt>
    <trkpt lat="61.4246932" lon="17.1402703"></trkpt>
    <trkpt lat="61.4245921" lon="17.1398231"></trkpt>
    <trkpt lat="61.4244754" lon="17.1395710"></trkpt>
    <trkpt lat="61.4242304" lon="17.1392214"></trkpt>
    <trkpt lat="61.4237209" lon="17.1388799"></trkpt>
    <trkpt lat="61.4234918" lon="17.1387113"></trkpt>
    <trkpt lat="61.4236047" lon="17.1394187"></trkpt>
    <trkpt lat="61.4236332" lon="17.1396754"></trkpt>
    <trkpt lat="61.4236086" lon="17.1399256"></trkpt>
    <trkpt lat="61.4235450" lon="17.1400539"></trkpt>
    <trkpt lat="61.4234267" lon="17.1400377"></trkpt>
    <trkpt lat="61.4231903" lon="17.1398842"></trkpt>
    <trkpt lat="61.4229539" lon="17.1397958"></trkpt>
    <trkpt lat="61.4228363" lon="17.1398356"></trkpt>
    <trkpt lat="61.4227421" lon="17.1399568"></trkpt>
    <trkpt lat="61.4222565" lon="17.1413023"></trkpt>
    <trkpt lat="61.4220195" lon="17.1420307"></trkpt>
    <trkpt lat="61.4219564" lon="17.1424109"></trkpt>
    <trkpt lat="61.4219445" lon="17.1438470"></trkpt>
    <trkpt lat="61.4219375" lon="17.1450784"></trkpt>
    <trkpt lat="61.4219304" lon="17.1463098"></trkpt>
    <trkpt lat="61.4218578" lon="17.1471992"></trkpt>
    <trkpt lat="61.4215581" lon="17.1479540"></trkpt>
    <trkpt lat="61.4212584" lon="17.1487087"></trkpt>
    <trkpt lat="61.4212066" lon="17.1489511"></trkpt>
    <trkpt lat="61.4210594" lon="17.1501960"></trkpt>
    <trkpt lat="61.4209121" lon="17.1514408"></trkpt>
    <trkpt lat="61.4208963" lon="17.1527714"></trkpt>
    <trkpt lat="61.4208806" lon="17.1541021"></trkpt>
    <trkpt lat="61.4208902" lon="17.1555858"></trkpt>
    <trkpt lat="61.4208787" lon="17.1570346"></trkpt>
    <trkpt lat="61.4211559" lon="17.1583967"></trkpt>
    <trkpt lat="61.4213110" lon="17.1591778"></trkpt>
    <trkpt lat="61.4214765" lon="17.1600115"></trkpt>
    <trkpt lat="61.4216113" lon="17.1603786"></trkpt>
    <trkpt lat="61.4218284" lon="17.1607386"></trkpt>
    <trkpt lat="61.4224893" lon="17.1617801"></trkpt>
    <trkpt lat="61.4231502" lon="17.1628216"></trkpt>
    <trkpt lat="61.4226917" lon="17.1640581"></trkpt>
    <trkpt lat="61.4226510" lon="17.1641920"></trkpt>
    <trkpt lat="61.4224926" lon="17.1647134"></trkpt>
    <trkpt lat="61.4224380" lon="17.1651057"></trkpt>
    <trkpt lat="61.4223464" lon="17.1663576"></trkpt>
    <trkpt lat="61.4222708" lon="17.1677134"></trkpt>
    <trkpt lat="61.4222130" lon="17.1681547"></trkpt>
    <trkpt lat="61.4221239" lon="17.1686976"></trkpt>
    <trkpt lat="61.4220303" lon="17.1694175"></trkpt>
    <trkpt lat="61.4219446" lon="17.1703951"></trkpt>
    <trkpt lat="61.4218610" lon="17.1719951"></trkpt>
    <trkpt lat="61.4218202" lon="17.1725935"></trkpt>
    <trkpt lat="61.4217187" lon="17.1738328"></trkpt>
    <trkpt lat="61.4217539" lon="17.1748518"></trkpt>
    <trkpt lat="61.4217970" lon="17.1754915"></trkpt>
    <trkpt lat="61.4218607" lon="17.1758292"></trkpt>
    <trkpt lat="61.4219259" lon="17.1759713"></trkpt>
    <trkpt lat="61.4220708" lon="17.1761874"></trkpt>
    <trkpt lat="61.4222564" lon="17.1763999"></trkpt>
    <trkpt lat="61.4225165" lon="17.1766112"></trkpt>
    <trkpt lat="61.4227946" lon="17.1767015"></trkpt>
    <trkpt lat="61.4227710" lon="17.1768532"></trkpt>
    <trkpt lat="61.4227239" lon="17.1770195"></trkpt>
    <trkpt lat="61.4226737" lon="17.1771305"></trkpt>
    <trkpt lat="61.4226177" lon="17.1772722"></trkpt>
    <trkpt lat="61.4225883" lon="17.1774879"></trkpt>
    <trkpt lat="61.4225499" lon="17.1777405"></trkpt>
    <trkpt lat="61.4224763" lon="17.1779623"></trkpt>
    <trkpt lat="61.4224232" lon="17.1782088"></trkpt>
  </trkseg></trk>
</gpx>
