<?xml version="1.0" encoding="UTF-8"?>
<gpx version="1.1" creator="pilegrimsleden-osm-extractor 1.0" xmlns="http://www.topografix.com/GPX/1/1">
  <trk><name>Pilgrimsvägen Skåne Blekinge</name><trkseg>
    <trkpt lat="56.0662070" lon="14.3332170"></trkpt>
    <trkpt lat="56.0662000" lon="14.3334070"></trkpt>
    <trkpt lat="56.0665720" lon="14.3332750"></trkpt>
    <trkpt lat="56.0665720" lon="14.3332750"></trkpt>
    <trkpt lat="56.0665710" lon="14.3333250"></trkpt>
    <trkpt lat="56.0667050" lon="14.3333380"></trkpt>
    <trkpt lat="56.0668070" lon="14.3332840"></trkpt>
    <trkpt lat="56.0669280" lon="14.3332210"></trkpt>
    <trkpt lat="56.0666580" lon="14.3336820"></trkpt>
    <trkpt lat="56.0662930" lon="14.3340360"></trkpt>
    <trkpt lat="56.0659450" lon="14.3342400"></trkpt>
    <trkpt lat="56.0655980" lon="14.3344440"></trkpt>
    <trkpt lat="56.0651730" lon="14.3345620"></trkpt>
    <trkpt lat="56.0648820" lon="14.3345130"></trkpt>
    <trkpt lat="56.0645920" lon="14.3344650"></trkpt>
    <trkpt lat="56.0645920" lon="14.3344650"></trkpt>
    <trkpt lat="56.0645070" lon="14.3352330"></trkpt>
    <trkpt lat="56.0644220" lon="14.3360020"></trkpt>
    <trkpt lat="56.0643370" lon="14.3367700"></trkpt>
    <trkpt lat="56.0642520" lon="14.3375360"></trkpt>
    <trkpt lat="56.0641680" lon="14.3383020"></trkpt>
    <trkpt lat="56.0640830" lon="14.3390680"></trkpt>
    <trkpt lat="56.0640230" lon="14.3398570"></trkpt>
    <trkpt lat="56.0639630" lon="14.3406460"></trkpt>
    <trkpt lat="56.0639030" lon="14.3414360"></trkpt>
    <trkpt lat="56.0638430" lon="14.3422250"></trkpt>
    <trkpt lat="56.0637840" lon="14.3430140"></trkpt>
    <trkpt lat="56.0637240" lon="14.3438040"></trkpt>
    <trkpt lat="56.0636640" lon="14.3445930"></trkpt>
    <trkpt lat="56.0636100" lon="14.3453780"></trkpt>
    <trkpt lat="56.0635560" lon="14.3461630"></trkpt>
    <trkpt lat="56.0635020" lon="14.3469470"></trkpt>
    <trkpt lat="56.0634480" lon="14.3477320"></trkpt>
    <trkpt lat="56.0633940" lon="14.3485170"></trkpt>
    <trkpt lat="56.0633400" lon="14.3493020"></trkpt>
    <trkpt lat="56.0632860" lon="14.3500860"></trkpt>
    <trkpt lat="56.0635440" lon="14.3502040"></trkpt>
    <trkpt lat="56.0638020" lon="14.3503220"></trkpt>
    <trkpt lat="56.0640950" lon="14.3506230"></trkpt>
    <trkpt lat="56.0643170" lon="14.3509450"></trkpt>
    <trkpt lat="56.0644420" lon="14.3515450"></trkpt>
    <trkpt lat="56.0644480" lon="14.3520930"></trkpt>
    <trkpt lat="56.0645780" lon="14.3527040"></trkpt>
    <trkpt lat="56.0647070" lon="14.3533160"></trkpt>
    <trkpt lat="56.0648360" lon="14.3539270"></trkpt>
    <trkpt lat="56.0649660" lon="14.3545390"></trkpt>
    <trkpt lat="56.0650950" lon="14.3551500"></trkpt>
    <trkpt lat="56.0651250" lon="14.3556280"></trkpt>
    <trkpt lat="56.0651550" lon="14.3561050"></trkpt>
    <trkpt lat="56.0650860" lon="14.3568370"></trkpt>
    <trkpt lat="56.0650170" lon="14.3575680"></trkpt>
    <trkpt lat="56.0649480" lon="14.3582990"></trkpt>
    <trkpt lat="56.0648800" lon="14.3590310"></trkpt>
    <trkpt lat="56.0648110" lon="14.3597620"></trkpt>
    <trkpt lat="56.0647420" lon="14.3604930"></trkpt>
    <trkpt lat="56.0643680" lon="14.3606430"></trkpt>
    <trkpt lat="56.0639930" lon="14.3607940"></trkpt>
    <trkpt lat="56.0640150" lon="14.3613370"></trkpt>
    <trkpt lat="56.0640370" lon="14.3618810"></trkpt>
    <trkpt lat="56.0640590" lon="14.3624240"></trkpt>
    <trkpt lat="56.0640980" lon="14.3632020"></trkpt>
    <trkpt lat="56.0641370" lon="14.3639800"></trkpt>
    <trkpt lat="56.0640590" lon="14.3644150"></trkpt>
    <trkpt lat="56.0639810" lon="14.3648490"></trkpt>
    <trkpt lat="56.0639960" lon="14.3653340"></trkpt>
    <trkpt lat="56.0639960" lon="14.3653340"></trkpt>
    <trkpt lat="56.0635940" lon="14.3656430"></trkpt>
    <trkpt lat="56.0631930" lon="14.3659520"></trkpt>
    <trkpt lat="56.0627910" lon="14.3662600"></trkpt>
    <trkpt lat="56.0623890" lon="14.3665690"></trkpt>
    <trkpt lat="56.0619880" lon="14.3668780"></trkpt>
    <trkpt lat="56.0615860" lon="14.3671870"></trkpt>
    <trkpt lat="56.0611850" lon="14.3674950"></trkpt>
    <trkpt lat="56.0607830" lon="14.3678040"></trkpt>
    <trkpt lat="56.0605110" lon="14.3681680"></trkpt>
    <trkpt lat="56.0602380" lon="14.3685310"></trkpt>
    <trkpt lat="56.0599530" lon="14.3689130"></trkpt>
    <trkpt lat="56.0596670" lon="14.3692940"></trkpt>
    <trkpt lat="56.0593810" lon="14.3696750"></trkpt>
    <trkpt lat="56.0590340" lon="14.3701390"></trkpt>
    <trkpt lat="56.0586860" lon="14.3706020"></trkpt>
    <trkpt lat="56.0583390" lon="14.3710660"></trkpt>
    <trkpt lat="56.0580970" lon="14.3714710"></trkpt>
    <trkpt lat="56.0578550" lon="14.3718760"></trkpt>
    <trkpt lat="56.0576140" lon="14.3722810"></trkpt>
    <trkpt lat="56.0574870" lon="14.3724680"></trkpt>
    <trkpt lat="56.0572660" lon="14.3727940"></trkpt>
    <trkpt lat="56.0570450" lon="14.3731200"></trkpt>
    <trkpt lat="56.0568590" lon="14.3733580"></trkpt>
    <trkpt lat="56.0566730" lon="14.3735960"></trkpt>
    <trkpt lat="56.0563590" lon="14.3739250"></trkpt>
    <trkpt lat="56.0562990" lon="14.3739870"></trkpt>
    <trkpt lat="56.0560700" lon="14.3741640"></trkpt>
    <trkpt lat="56.0558400" lon="14.3743410"></trkpt>
    <trkpt lat="56.0556100" lon="14.3745270"></trkpt>
    <trkpt lat="56.0553790" lon="14.3747120"></trkpt>
    <trkpt lat="56.0551940" lon="14.3749510"></trkpt>
    <trkpt lat="56.0550080" lon="14.3751910"></trkpt>
    <trkpt lat="56.0547980" lon="14.3755410"></trkpt>
    <trkpt lat="56.0545880" lon="14.3758920"></trkpt>
    <trkpt lat="56.0544140" lon="14.3762430"></trkpt>
    <trkpt lat="56.0543460" lon="14.3763790"></trkpt>
    <trkpt lat="56.0541030" lon="14.3768660"></trkpt>
    <trkpt lat="56.0538610" lon="14.3773530"></trkpt>
    <trkpt lat="56.0537140" lon="14.3777590"></trkpt>
    <trkpt lat="56.0536510" lon="14.3781230"></trkpt>
    <trkpt lat="56.0536090" lon="14.3785460"></trkpt>
    <trkpt lat="56.0535670" lon="14.3789680"></trkpt>
    <trkpt lat="56.0534950" lon="14.3794350"></trkpt>
    <trkpt lat="56.0534230" lon="14.3799020"></trkpt>
    <trkpt lat="56.0533300" lon="14.3803070"></trkpt>
    <trkpt lat="56.0532370" lon="14.3807120"></trkpt>
    <trkpt lat="56.0530830" lon="14.3811600"></trkpt>
    <trkpt lat="56.0527590" lon="14.3816960"></trkpt>
    <trkpt lat="56.0524360" lon="14.3822310"></trkpt>
    <trkpt lat="56.0521130" lon="14.3827670"></trkpt>
    <trkpt lat="56.0519610" lon="14.3830640"></trkpt>
    <trkpt lat="56.0518080" lon="14.3833620"></trkpt>
    <trkpt lat="56.0516140" lon="14.3838870"></trkpt>
    <trkpt lat="56.0514030" lon="14.3845940"></trkpt>
    <trkpt lat="56.0511920" lon="14.3853010"></trkpt>
    <trkpt lat="56.0511380" lon="14.3854790"></trkpt>
    <trkpt lat="56.0509570" lon="14.3860000"></trkpt>
    <trkpt lat="56.0507750" lon="14.3865210"></trkpt>
    <trkpt lat="56.0505870" lon="14.3869560"></trkpt>
    <trkpt lat="56.0504000" lon="14.3873900"></trkpt>
    <trkpt lat="56.0502130" lon="14.3878250"></trkpt>
    <trkpt lat="56.0499580" lon="14.3883710"></trkpt>
    <trkpt lat="56.0497030" lon="14.3889170"></trkpt>
    <trkpt lat="56.0494480" lon="14.3894630"></trkpt>
    <trkpt lat="56.0491940" lon="14.3900090"></trkpt>
    <trkpt lat="56.0489390" lon="14.3905550"></trkpt>
    <trkpt lat="56.0487660" lon="14.3909270"></trkpt>
    <trkpt lat="56.0486840" lon="14.3911020"></trkpt>
    <trkpt lat="56.0484860" lon="14.3915210"></trkpt>
    <trkpt lat="56.0483450" lon="14.3918230"></trkpt>
    <trkpt lat="56.0480810" lon="14.3923890"></trkpt>
    <trkpt lat="56.0478180" lon="14.3929550"></trkpt>
    <trkpt lat="56.0475540" lon="14.3935210"></trkpt>
    <trkpt lat="56.0472910" lon="14.3940870"></trkpt>
    <trkpt lat="56.0470270" lon="14.3946530"></trkpt>
    <trkpt lat="56.0467640" lon="14.3952200"></trkpt>
    <trkpt lat="56.0466550" lon="14.3955010"></trkpt>
    <trkpt lat="56.0466170" lon="14.3958930"></trkpt>
    <trkpt lat="56.0466580" lon="14.3966910"></trkpt>
    <trkpt lat="56.0467000" lon="14.3974890"></trkpt>
    <trkpt lat="56.0467410" lon="14.3982870"></trkpt>
    <trkpt lat="56.0467820" lon="14.3990850"></trkpt>
    <trkpt lat="56.0468230" lon="14.3998820"></trkpt>
    <trkpt lat="56.0468650" lon="14.4006800"></trkpt>
    <trkpt lat="56.0469060" lon="14.4014780"></trkpt>
    <trkpt lat="56.0469470" lon="14.4022760"></trkpt>
    <trkpt lat="56.0469890" lon="14.4030740"></trkpt>
    <trkpt lat="56.0470300" lon="14.4038720"></trkpt>
    <trkpt lat="56.0470710" lon="14.4046700"></trkpt>
    <trkpt lat="56.0471120" lon="14.4054670"></trkpt>
    <trkpt lat="56.0471540" lon="14.4062650"></trkpt>
    <trkpt lat="56.0471950" lon="14.4070630"></trkpt>
    <trkpt lat="56.0475120" lon="14.4076130"></trkpt>
    <trkpt lat="56.0477330" lon="14.4081780"></trkpt>
    <trkpt lat="56.0477360" lon="14.4081900"></trkpt>
    <trkpt lat="56.0478520" lon="14.4086550"></trkpt>
    <trkpt lat="56.0479410" lon="14.4092780"></trkpt>
    <trkpt lat="56.0480300" lon="14.4099010"></trkpt>
    <trkpt lat="56.0481180" lon="14.4105230"></trkpt>
    <trkpt lat="56.0482150" lon="14.4112220"></trkpt>
    <trkpt lat="56.0483110" lon="14.4119200"></trkpt>
    <trkpt lat="56.0483830" lon="14.4123050"></trkpt>
    <trkpt lat="56.0484550" lon="14.4126910"></trkpt>
    <trkpt lat="56.0485430" lon="14.4132200"></trkpt>
    <trkpt lat="56.0486310" lon="14.4137400"></trkpt>
    <trkpt lat="56.0486430" lon="14.4139210"></trkpt>
    <trkpt lat="56.0486550" lon="14.4140790"></trkpt>
    <trkpt lat="56.0486570" lon="14.4145970"></trkpt>
    <trkpt lat="56.0486590" lon="14.4151160"></trkpt>
    <trkpt lat="56.0486300" lon="14.4156990"></trkpt>
    <trkpt lat="56.0486010" lon="14.4162820"></trkpt>
    <trkpt lat="56.0485780" lon="14.4169880"></trkpt>
    <trkpt lat="56.0485540" lon="14.4176940"></trkpt>
    <trkpt lat="56.0485420" lon="14.4184810"></trkpt>
    <trkpt lat="56.0485300" lon="14.4192670"></trkpt>
    <trkpt lat="56.0485180" lon="14.4200540"></trkpt>
    <trkpt lat="56.0485060" lon="14.4208400"></trkpt>
    <trkpt lat="56.0484990" lon="14.4212820"></trkpt>
    <trkpt lat="56.0484940" lon="14.4216270"></trkpt>
    <trkpt lat="56.0484890" lon="14.4221170"></trkpt>
    <trkpt lat="56.0484840" lon="14.4226070"></trkpt>
    <trkpt lat="56.0484770" lon="14.4232400"></trkpt>
    <trkpt lat="56.0484700" lon="14.4238730"></trkpt>
    <trkpt lat="56.0484630" lon="14.4245060"></trkpt>
    <trkpt lat="56.0484600" lon="14.4251280"></trkpt>
    <trkpt lat="56.0484560" lon="14.4257510"></trkpt>
    <trkpt lat="56.0484540" lon="14.4261430"></trkpt>
    <trkpt lat="56.0484520" lon="14.4263730"></trkpt>
    <trkpt lat="56.0484490" lon="14.4269950"></trkpt>
    <trkpt lat="56.0484350" lon="14.4273560"></trkpt>
    <trkpt lat="56.0484080" lon="14.4280790"></trkpt>
    <trkpt lat="56.0483970" lon="14.4284040"></trkpt>
    <trkpt lat="56.0483860" lon="14.4287050"></trkpt>
    <trkpt lat="56.0483640" lon="14.4293320"></trkpt>
    <trkpt lat="56.0483420" lon="14.4299590"></trkpt>
    <trkpt lat="56.0483420" lon="14.4299590"></trkpt>
    <trkpt lat="56.0482670" lon="14.4299500"></trkpt>
    <trkpt lat="56.0482790" lon="14.4304990"></trkpt>
    <trkpt lat="56.0482580" lon="14.4308480"></trkpt>
    <trkpt lat="56.0482370" lon="14.4310220"></trkpt>
    <trkpt lat="56.0482010" lon="14.4311780"></trkpt>
    <trkpt lat="56.0481580" lon="14.4313090"></trkpt>
    <trkpt lat="56.0481300" lon="14.4313620"></trkpt>
    <trkpt lat="56.0481040" lon="14.4313860"></trkpt>
    <trkpt lat="56.0480760" lon="14.4314230"></trkpt>
    <trkpt lat="56.0480530" lon="14.4314710"></trkpt>
    <trkpt lat="56.0480290" lon="14.4315480"></trkpt>
    <trkpt lat="56.0480100" lon="14.4316270"></trkpt>
    <trkpt lat="56.0479150" lon="14.4319650"></trkpt>
    <trkpt lat="56.0477990" lon="14.4322730"></trkpt>
    <trkpt lat="56.0477270" lon="14.4324610"></trkpt>
    <trkpt lat="56.0476020" lon="14.4326660"></trkpt>
    <trkpt lat="56.0475060" lon="14.4328070"></trkpt>
    <trkpt lat="56.0474510" lon="14.4329050"></trkpt>
    <trkpt lat="56.0474230" lon="14.4329990"></trkpt>
    <trkpt lat="56.0473960" lon="14.4331230"></trkpt>
    <trkpt lat="56.0473650" lon="14.4332980"></trkpt>
    <trkpt lat="56.0473650" lon="14.4332980"></trkpt>
    <trkpt lat="56.0473470" lon="14.4334020"></trkpt>
    <trkpt lat="56.0473210" lon="14.4335470"></trkpt>
    <trkpt lat="56.0473040" lon="14.4336310"></trkpt>
    <trkpt lat="56.0472850" lon="14.4336860"></trkpt>
    <trkpt lat="56.0472450" lon="14.4337420"></trkpt>
    <trkpt lat="56.0471960" lon="14.4337760"></trkpt>
    <trkpt lat="56.0471500" lon="14.4337760"></trkpt>
    <trkpt lat="56.0471110" lon="14.4337610"></trkpt>
    <trkpt lat="56.0470730" lon="14.4337220"></trkpt>
    <trkpt lat="56.0470400" lon="14.4336720"></trkpt>
    <trkpt lat="56.0469990" lon="14.4335860"></trkpt>
    <trkpt lat="56.0469460" lon="14.4334780"></trkpt>
    <trkpt lat="56.0469230" lon="14.4334280"></trkpt>
    <trkpt lat="56.0468950" lon="14.4333790"></trkpt>
    <trkpt lat="56.0468580" lon="14.4333510"></trkpt>
    <trkpt lat="56.0468140" lon="14.4333320"></trkpt>
    <trkpt lat="56.0467780" lon="14.4333340"></trkpt>
    <trkpt lat="56.0467340" lon="14.4333630"></trkpt>
    <trkpt lat="56.0466990" lon="14.4333970"></trkpt>
    <trkpt lat="56.0466760" lon="14.4334490"></trkpt>
    <trkpt lat="56.0466590" lon="14.4335180"></trkpt>
    <trkpt lat="56.0466540" lon="14.4335860"></trkpt>
    <trkpt lat="56.0466570" lon="14.4336600"></trkpt>
    <trkpt lat="56.0466730" lon="14.4337430"></trkpt>
    <trkpt lat="56.0467010" lon="14.4338090"></trkpt>
    <trkpt lat="56.0467390" lon="14.4338500"></trkpt>
    <trkpt lat="56.0468670" lon="14.4339190"></trkpt>
    <trkpt lat="56.0469940" lon="14.4339780"></trkpt>
    <trkpt lat="56.0470460" lon="14.4340010"></trkpt>
    <trkpt lat="56.0471000" lon="14.4340240"></trkpt>
    <trkpt lat="56.0471380" lon="14.4340550"></trkpt>
    <trkpt lat="56.0471670" lon="14.4340980"></trkpt>
    <trkpt lat="56.0471860" lon="14.4341640"></trkpt>
    <trkpt lat="56.0471980" lon="14.4342430"></trkpt>
    <trkpt lat="56.0471920" lon="14.4343240"></trkpt>
    <trkpt lat="56.0471770" lon="14.4343970"></trkpt>
    <trkpt lat="56.0471420" lon="14.4344500"></trkpt>
    <trkpt lat="56.0468640" lon="14.4348250"></trkpt>
    <trkpt lat="56.0465810" lon="14.4352550"></trkpt>
    <trkpt lat="56.0464310" lon="14.4354410"></trkpt>
    <trkpt lat="56.0463270" lon="14.4355470"></trkpt>
    <trkpt lat="56.0460630" lon="14.4357570"></trkpt>
    <trkpt lat="56.0459830" lon="14.4358250"></trkpt>
    <trkpt lat="56.0458960" lon="14.4359290"></trkpt>
    <trkpt lat="56.0458500" lon="14.4360060"></trkpt>
    <trkpt lat="56.0456860" lon="14.4363590"></trkpt>
    <trkpt lat="56.0455920" lon="14.4365240"></trkpt>
    <trkpt lat="56.0454870" lon="14.4366550"></trkpt>
    <trkpt lat="56.0451720" lon="14.4368850"></trkpt>
    <trkpt lat="56.0451720" lon="14.4368850"></trkpt>
    <trkpt lat="56.0451840" lon="14.4369800"></trkpt>
    <trkpt lat="56.0451850" lon="14.4370830"></trkpt>
    <trkpt lat="56.0451680" lon="14.4372230"></trkpt>
    <trkpt lat="56.0451440" lon="14.4373820"></trkpt>
    <trkpt lat="56.0451000" lon="14.4375970"></trkpt>
    <trkpt lat="56.0449800" lon="14.4380760"></trkpt>
    <trkpt lat="56.0449150" lon="14.4383580"></trkpt>
    <trkpt lat="56.0448880" lon="14.4385020"></trkpt>
    <trkpt lat="56.0448790" lon="14.4386830"></trkpt>
    <trkpt lat="56.0448870" lon="14.4388750"></trkpt>
    <trkpt lat="56.0449170" lon="14.4390210"></trkpt>
    <trkpt lat="56.0449510" lon="14.4391490"></trkpt>
    <trkpt lat="56.0449880" lon="14.4392310"></trkpt>
    <trkpt lat="56.0450610" lon="14.4393440"></trkpt>
    <trkpt lat="56.0451360" lon="14.4394000"></trkpt>
    <trkpt lat="56.0452520" lon="14.4394570"></trkpt>
    <trkpt lat="56.0452520" lon="14.4394570"></trkpt>
    <trkpt lat="56.0452090" lon="14.4397710"></trkpt>
    <trkpt lat="56.0451680" lon="14.4401640"></trkpt>
    <trkpt lat="56.0451320" lon="14.4406780"></trkpt>
    <trkpt lat="56.0451000" lon="14.4413350"></trkpt>
    <trkpt lat="56.0450680" lon="14.4419910"></trkpt>
    <trkpt lat="56.0450350" lon="14.4426470"></trkpt>
    <trkpt lat="56.0450030" lon="14.4433040"></trkpt>
    <trkpt lat="56.0449680" lon="14.4440290"></trkpt>
    <trkpt lat="56.0449340" lon="14.4447540"></trkpt>
    <trkpt lat="56.0448990" lon="14.4454790"></trkpt>
    <trkpt lat="56.0448640" lon="14.4462050"></trkpt>
    <trkpt lat="56.0448280" lon="14.4469370"></trkpt>
    <trkpt lat="56.0447910" lon="14.4476690"></trkpt>
    <trkpt lat="56.0447550" lon="14.4484010"></trkpt>
    <trkpt lat="56.0447190" lon="14.4491330"></trkpt>
    <trkpt lat="56.0446850" lon="14.4498400"></trkpt>
    <trkpt lat="56.0446510" lon="14.4505460"></trkpt>
    <trkpt lat="56.0446480" lon="14.4506180"></trkpt>
    <trkpt lat="56.0446180" lon="14.4512520"></trkpt>
    <trkpt lat="56.0445840" lon="14.4519580"></trkpt>
    <trkpt lat="56.0445500" lon="14.4526650"></trkpt>
    <trkpt lat="56.0445040" lon="14.4533650"></trkpt>
    <trkpt lat="56.0444570" lon="14.4540660"></trkpt>
    <trkpt lat="56.0444570" lon="14.4540660"></trkpt>
    <trkpt lat="56.0443460" lon="14.4540200"></trkpt>
    <trkpt lat="56.0443460" lon="14.4540200"></trkpt>
    <trkpt lat="56.0443430" lon="14.4541040"></trkpt>
    <trkpt lat="56.0443450" lon="14.4542120"></trkpt>
    <trkpt lat="56.0443510" lon="14.4543350"></trkpt>
    <trkpt lat="56.0443480" lon="14.4544530"></trkpt>
    <trkpt lat="56.0443060" lon="14.4549650"></trkpt>
    <trkpt lat="56.0442640" lon="14.4554770"></trkpt>
    <trkpt lat="56.0442000" lon="14.4561530"></trkpt>
    <trkpt lat="56.0441350" lon="14.4568290"></trkpt>
    <trkpt lat="56.0440710" lon="14.4575060"></trkpt>
    <trkpt lat="56.0440060" lon="14.4581820"></trkpt>
    <trkpt lat="56.0439370" lon="14.4588610"></trkpt>
    <trkpt lat="56.0438680" lon="14.4595400"></trkpt>
    <trkpt lat="56.0437980" lon="14.4602190"></trkpt>
    <trkpt lat="56.0437290" lon="14.4608980"></trkpt>
    <trkpt lat="56.0436600" lon="14.4615770"></trkpt>
    <trkpt lat="56.0435910" lon="14.4622560"></trkpt>
    <trkpt lat="56.0435210" lon="14.4629350"></trkpt>
    <trkpt lat="56.0434650" lon="14.4635860"></trkpt>
    <trkpt lat="56.0434090" lon="14.4642370"></trkpt>
    <trkpt lat="56.0433530" lon="14.4648880"></trkpt>
    <trkpt lat="56.0433530" lon="14.4648880"></trkpt>
    <trkpt lat="56.0434450" lon="14.4648930"></trkpt>
    <trkpt lat="56.0434850" lon="14.4642480"></trkpt>
    <trkpt lat="56.0435250" lon="14.4636170"></trkpt>
    <trkpt lat="56.0434850" lon="14.4642480"></trkpt>
    <trkpt lat="56.0434450" lon="14.4648930"></trkpt>
    <trkpt lat="56.0434310" lon="14.4655160"></trkpt>
    <trkpt lat="56.0434170" lon="14.4661580"></trkpt>
    <trkpt lat="56.0434010" lon="14.4667290"></trkpt>
    <trkpt lat="56.0433850" lon="14.4673000"></trkpt>
    <trkpt lat="56.0433690" lon="14.4678490"></trkpt>
    <trkpt lat="56.0433570" lon="14.4685190"></trkpt>
    <trkpt lat="56.0433530" lon="14.4691370"></trkpt>
    <trkpt lat="56.0433510" lon="14.4694660"></trkpt>
    <trkpt lat="56.0433490" lon="14.4697540"></trkpt>
    <trkpt lat="56.0433470" lon="14.4701060"></trkpt>
    <trkpt lat="56.0433860" lon="14.4705500"></trkpt>
    <trkpt lat="56.0434240" lon="14.4709950"></trkpt>
    <trkpt lat="56.0435290" lon="14.4717500"></trkpt>
    <trkpt lat="56.0436580" lon="14.4724050"></trkpt>
    <trkpt lat="56.0436580" lon="14.4724050"></trkpt>
    <trkpt lat="56.0436110" lon="14.4724450"></trkpt>
    <trkpt lat="56.0437650" lon="14.4730390"></trkpt>
    <trkpt lat="56.0439190" lon="14.4736340"></trkpt>
    <trkpt lat="56.0439510" lon="14.4736060"></trkpt>
    <trkpt lat="56.0439990" lon="14.4735540"></trkpt>
    <trkpt lat="56.0439990" lon="14.4735540"></trkpt>
    <trkpt lat="56.0440240" lon="14.4735260"></trkpt>
    <trkpt lat="56.0440600" lon="14.4734990"></trkpt>
    <trkpt lat="56.0440900" lon="14.4734950"></trkpt>
    <trkpt lat="56.0441100" lon="14.4735020"></trkpt>
    <trkpt lat="56.0441270" lon="14.4735160"></trkpt>
    <trkpt lat="56.0441860" lon="14.4736960"></trkpt>
    <trkpt lat="56.0443010" lon="14.4740510"></trkpt>
    <trkpt lat="56.0444170" lon="14.4744070"></trkpt>
    <trkpt lat="56.0444790" lon="14.4746430"></trkpt>
    <trkpt lat="56.0445990" lon="14.4749460"></trkpt>
    <trkpt lat="56.0448140" lon="14.4754060"></trkpt>
    <trkpt lat="56.0448480" lon="14.4754810"></trkpt>
    <trkpt lat="56.0451180" lon="14.4759810"></trkpt>
    <trkpt lat="56.0453070" lon="14.4765300"></trkpt>
    <trkpt lat="56.0455300" lon="14.4769630"></trkpt>
    <trkpt lat="56.0457520" lon="14.4773970"></trkpt>
    <trkpt lat="56.0460460" lon="14.4778730"></trkpt>
    <trkpt lat="56.0463410" lon="14.4783490"></trkpt>
    <trkpt lat="56.0466350" lon="14.4788240"></trkpt>
    <trkpt lat="56.0465670" lon="14.4790380"></trkpt>
    <trkpt lat="56.0464520" lon="14.4792120"></trkpt>
    <trkpt lat="56.0464450" lon="14.4792340"></trkpt>
    <trkpt lat="56.0462560" lon="14.4797880"></trkpt>
    <trkpt lat="56.0460600" lon="14.4803640"></trkpt>
    <trkpt lat="56.0459020" lon="14.4809530"></trkpt>
    <trkpt lat="56.0457430" lon="14.4815410"></trkpt>
    <trkpt lat="56.0455840" lon="14.4821300"></trkpt>
    <trkpt lat="56.0454160" lon="14.4828250"></trkpt>
    <trkpt lat="56.0452490" lon="14.4835210"></trkpt>
    <trkpt lat="56.0450810" lon="14.4842170"></trkpt>
    <trkpt lat="56.0449130" lon="14.4849130"></trkpt>
    <trkpt lat="56.0447460" lon="14.4856090"></trkpt>
    <trkpt lat="56.0445900" lon="14.4861810"></trkpt>
    <trkpt lat="56.0444340" lon="14.4867530"></trkpt>
    <trkpt lat="56.0442780" lon="14.4873240"></trkpt>
    <trkpt lat="56.0441400" lon="14.4878870"></trkpt>
    <trkpt lat="56.0440030" lon="14.4884500"></trkpt>
    <trkpt lat="56.0439640" lon="14.4885710"></trkpt>
    <trkpt lat="56.0439140" lon="14.4888290"></trkpt>
    <trkpt lat="56.0438160" lon="14.4893090"></trkpt>
    <trkpt lat="56.0437180" lon="14.4897890"></trkpt>
    <trkpt lat="56.0436530" lon="14.4902380"></trkpt>
    <trkpt lat="56.0435870" lon="14.4906860"></trkpt>
    <trkpt lat="56.0435140" lon="14.4913100"></trkpt>
    <trkpt lat="56.0434870" lon="14.4917460"></trkpt>
    <trkpt lat="56.0434590" lon="14.4921820"></trkpt>
    <trkpt lat="56.0434540" lon="14.4927590"></trkpt>
    <trkpt lat="56.0434490" lon="14.4933370"></trkpt>
    <trkpt lat="56.0434700" lon="14.4941360"></trkpt>
    <trkpt lat="56.0434920" lon="14.4949350"></trkpt>
    <trkpt lat="56.0434640" lon="14.4955360"></trkpt>
    <trkpt lat="56.0434370" lon="14.4961370"></trkpt>
    <trkpt lat="56.0434090" lon="14.4967380"></trkpt>
    <trkpt lat="56.0433830" lon="14.4973180"></trkpt>
    <trkpt lat="56.0433390" lon="14.4978690"></trkpt>
    <trkpt lat="56.0432940" lon="14.4984200"></trkpt>
    <trkpt lat="56.0432500" lon="14.4989700"></trkpt>
    <trkpt lat="56.0431460" lon="14.4996780"></trkpt>
    <trkpt lat="56.0430430" lon="14.5003860"></trkpt>
    <trkpt lat="56.0429390" lon="14.5010930"></trkpt>
    <trkpt lat="56.0428950" lon="14.5015310"></trkpt>
    <trkpt lat="56.0428510" lon="14.5019680"></trkpt>
    <trkpt lat="56.0428520" lon="14.5022100"></trkpt>
    <trkpt lat="56.0428550" lon="14.5026780"></trkpt>
    <trkpt lat="56.0428810" lon="14.5033130"></trkpt>
    <trkpt lat="56.0428970" lon="14.5037190"></trkpt>
    <trkpt lat="56.0429490" lon="14.5041430"></trkpt>
    <trkpt lat="56.0430010" lon="14.5045670"></trkpt>
    <trkpt lat="56.0430870" lon="14.5052830"></trkpt>
    <trkpt lat="56.0431730" lon="14.5060000"></trkpt>
    <trkpt lat="56.0432590" lon="14.5067170"></trkpt>
    <trkpt lat="56.0433230" lon="14.5072980"></trkpt>
    <trkpt lat="56.0433870" lon="14.5078790"></trkpt>
    <trkpt lat="56.0434510" lon="14.5084600"></trkpt>
    <trkpt lat="56.0435130" lon="14.5089120"></trkpt>
    <trkpt lat="56.0435750" lon="14.5093630"></trkpt>
    <trkpt lat="56.0436260" lon="14.5096580"></trkpt>
    <trkpt lat="56.0437520" lon="14.5103900"></trkpt>
    <trkpt lat="56.0438360" lon="14.5107730"></trkpt>
    <trkpt lat="56.0439210" lon="14.5111550"></trkpt>
    <trkpt lat="56.0440260" lon="14.5118690"></trkpt>
    <trkpt lat="56.0440470" lon="14.5119200"></trkpt>
    <trkpt lat="56.0440720" lon="14.5123030"></trkpt>
    <trkpt lat="56.0440630" lon="14.5127450"></trkpt>
    <trkpt lat="56.0440530" lon="14.5131860"></trkpt>
    <trkpt lat="56.0440340" lon="14.5138330"></trkpt>
    <trkpt lat="56.0440140" lon="14.5144800"></trkpt>
    <trkpt lat="56.0440110" lon="14.5151350"></trkpt>
    <trkpt lat="56.0440080" lon="14.5157890"></trkpt>
    <trkpt lat="56.0440050" lon="14.5164420"></trkpt>
    <trkpt lat="56.0439820" lon="14.5168590"></trkpt>
    <trkpt lat="56.0439720" lon="14.5170400"></trkpt>
    <trkpt lat="56.0439190" lon="14.5175400"></trkpt>
    <trkpt lat="56.0438660" lon="14.5180400"></trkpt>
    <trkpt lat="56.0437630" lon="14.5187350"></trkpt>
    <trkpt lat="56.0436850" lon="14.5192590"></trkpt>
    <trkpt lat="56.0435710" lon="14.5200220"></trkpt>
    <trkpt lat="56.0435410" lon="14.5204830"></trkpt>
    <trkpt lat="56.0435300" lon="14.5209640"></trkpt>
    <trkpt lat="56.0435370" lon="14.5216070"></trkpt>
    <trkpt lat="56.0435710" lon="14.5222460"></trkpt>
    <trkpt lat="56.0436900" lon="14.5229340"></trkpt>
    <trkpt lat="56.0438030" lon="14.5234420"></trkpt>
    <trkpt lat="56.0439110" lon="14.5239240"></trkpt>
    <trkpt lat="56.0440190" lon="14.5244070"></trkpt>
    <trkpt lat="56.0441530" lon="14.5249920"></trkpt>
    <trkpt lat="56.0442870" lon="14.5255770"></trkpt>
    <trkpt lat="56.0444210" lon="14.5261620"></trkpt>
    <trkpt lat="56.0445550" lon="14.5267480"></trkpt>
    <trkpt lat="56.0446120" lon="14.5269950"></trkpt>
    <trkpt lat="56.0447100" lon="14.5273810"></trkpt>
    <trkpt lat="56.0448090" lon="14.5277670"></trkpt>
    <trkpt lat="56.0449520" lon="14.5281730"></trkpt>
    <trkpt lat="56.0451020" lon="14.5284930"></trkpt>
    <trkpt lat="56.0452510" lon="14.5288120"></trkpt>
    <trkpt lat="56.0454780" lon="14.5291380"></trkpt>
    <trkpt lat="56.0457050" lon="14.5294630"></trkpt>
    <trkpt lat="56.0458160" lon="14.5295420"></trkpt>
    <trkpt lat="56.0460810" lon="14.5299110"></trkpt>
    <trkpt lat="56.0462640" lon="14.5301620"></trkpt>
    <trkpt lat="56.0464470" lon="14.5304130"></trkpt>
    <trkpt lat="56.0466970" lon="14.5306120"></trkpt>
    <trkpt lat="56.0470220" lon="14.5307220"></trkpt>
    <trkpt lat="56.0473480" lon="14.5308320"></trkpt>
    <trkpt lat="56.0477280" lon="14.5309510"></trkpt>
    <trkpt lat="56.0481080" lon="14.5310710"></trkpt>
    <trkpt lat="56.0484880" lon="14.5311900"></trkpt>
    <trkpt lat="56.0488680" lon="14.5313090"></trkpt>
    <trkpt lat="56.0492960" lon="14.5314520"></trkpt>
    <trkpt lat="56.0497250" lon="14.5315950"></trkpt>
    <trkpt lat="56.0500220" lon="14.5316310"></trkpt>
    <trkpt lat="56.0503200" lon="14.5316660"></trkpt>
    <trkpt lat="56.0507420" lon="14.5316600"></trkpt>
    <trkpt lat="56.0511630" lon="14.5316530"></trkpt>
    <trkpt lat="56.0515050" lon="14.5316900"></trkpt>
    <trkpt lat="56.0518470" lon="14.5317270"></trkpt>
    <trkpt lat="56.0521890" lon="14.5317630"></trkpt>
    <trkpt lat="56.0525310" lon="14.5318000"></trkpt>
    <trkpt lat="56.0526310" lon="14.5318110"></trkpt>
    <trkpt lat="56.0529420" lon="14.5318440"></trkpt>
    <trkpt lat="56.0531870" lon="14.5318720"></trkpt>
    <trkpt lat="56.0534310" lon="14.5319000"></trkpt>
    <trkpt lat="56.0538030" lon="14.5319420"></trkpt>
    <trkpt lat="56.0541750" lon="14.5319850"></trkpt>
    <trkpt lat="56.0543620" lon="14.5320060"></trkpt>
    <trkpt lat="56.0544710" lon="14.5320310"></trkpt>
    <trkpt lat="56.0548230" lon="14.5321100"></trkpt>
    <trkpt lat="56.0551900" lon="14.5323300"></trkpt>
    <trkpt lat="56.0555570" lon="14.5325490"></trkpt>
    <trkpt lat="56.0559580" lon="14.5328270"></trkpt>
    <trkpt lat="56.0562940" lon="14.5330600"></trkpt>
    <trkpt lat="56.0566100" lon="14.5332730"></trkpt>
    <trkpt lat="56.0569260" lon="14.5334870"></trkpt>
    <trkpt lat="56.0572630" lon="14.5337500"></trkpt>
    <trkpt lat="56.0576000" lon="14.5340140"></trkpt>
    <trkpt lat="56.0578090" lon="14.5342000"></trkpt>
    <trkpt lat="56.0580820" lon="14.5344450"></trkpt>
    <trkpt lat="56.0583550" lon="14.5346900"></trkpt>
    <trkpt lat="56.0586290" lon="14.5349340"></trkpt>
    <trkpt lat="56.0588160" lon="14.5350130"></trkpt>
    <trkpt lat="56.0590450" lon="14.5350260"></trkpt>
    <trkpt lat="56.0592610" lon="14.5351750"></trkpt>
    <trkpt lat="56.0593630" lon="14.5353240"></trkpt>
    <trkpt lat="56.0597030" lon="14.5354980"></trkpt>
    <trkpt lat="56.0600600" lon="14.5356790"></trkpt>
    <trkpt lat="56.0604170" lon="14.5358610"></trkpt>
    <trkpt lat="56.0607730" lon="14.5360420"></trkpt>
    <trkpt lat="56.0611090" lon="14.5362780"></trkpt>
    <trkpt lat="56.0613060" lon="14.5364820"></trkpt>
    <trkpt lat="56.0615560" lon="14.5368380"></trkpt>
    <trkpt lat="56.0618800" lon="14.5373280"></trkpt>
    <trkpt lat="56.0621700" lon="14.5375930"></trkpt>
    <trkpt lat="56.0623110" lon="14.5377390"></trkpt>
    <trkpt lat="56.0626800" lon="14.5379610"></trkpt>
    <trkpt lat="56.0629540" lon="14.5381020"></trkpt>
    <trkpt lat="56.0629960" lon="14.5381670"></trkpt>
    <trkpt lat="56.0630980" lon="14.5383380"></trkpt>
    <trkpt lat="56.0631130" lon="14.5383630"></trkpt>
    <trkpt lat="56.0632070" lon="14.5386580"></trkpt>
    <trkpt lat="56.0632260" lon="14.5391200"></trkpt>
    <trkpt lat="56.0632380" lon="14.5397430"></trkpt>
    <trkpt lat="56.0632440" lon="14.5401050"></trkpt>
    <trkpt lat="56.0632090" lon="14.5402090"></trkpt>
    <trkpt lat="56.0632060" lon="14.5405580"></trkpt>
    <trkpt lat="56.0632260" lon="14.5406600"></trkpt>
    <trkpt lat="56.0632470" lon="14.5407620"></trkpt>
    <trkpt lat="56.0632180" lon="14.5412470"></trkpt>
    <trkpt lat="56.0631750" lon="14.5419880"></trkpt>
    <trkpt lat="56.0631660" lon="14.5421300"></trkpt>
    <trkpt lat="56.0631330" lon="14.5426070"></trkpt>
    <trkpt lat="56.0631000" lon="14.5430850"></trkpt>
    <trkpt lat="56.0630490" lon="14.5438420"></trkpt>
    <trkpt lat="56.0630540" lon="14.5444550"></trkpt>
    <trkpt lat="56.0630550" lon="14.5446500"></trkpt>
    <trkpt lat="56.0630550" lon="14.5447230"></trkpt>
    <trkpt lat="56.0630480" lon="14.5447730"></trkpt>
    <trkpt lat="56.0630390" lon="14.5448250"></trkpt>
    <trkpt lat="56.0630340" lon="14.5448680"></trkpt>
    <trkpt lat="56.0630300" lon="14.5449170"></trkpt>
    <trkpt lat="56.0630350" lon="14.5449640"></trkpt>
    <trkpt lat="56.0630430" lon="14.5450160"></trkpt>
    <trkpt lat="56.0630520" lon="14.5450980"></trkpt>
    <trkpt lat="56.0630560" lon="14.5451480"></trkpt>
    <trkpt lat="56.0630690" lon="14.5456230"></trkpt>
    <trkpt lat="56.0630820" lon="14.5460970"></trkpt>
    <trkpt lat="56.0630980" lon="14.5466570"></trkpt>
    <trkpt lat="56.0631120" lon="14.5471540"></trkpt>
    <trkpt lat="56.0631130" lon="14.5472180"></trkpt>
    <trkpt lat="56.0631290" lon="14.5477780"></trkpt>
    <trkpt lat="56.0631260" lon="14.5479920"></trkpt>
    <trkpt lat="56.0631210" lon="14.5483060"></trkpt>
    <trkpt lat="56.0630890" lon="14.5487220"></trkpt>
    <trkpt lat="56.0630570" lon="14.5491390"></trkpt>
    <trkpt lat="56.0630110" lon="14.5494350"></trkpt>
    <trkpt lat="56.0629150" lon="14.5499480"></trkpt>
    <trkpt lat="56.0629130" lon="14.5499530"></trkpt>
    <trkpt lat="56.0627940" lon="14.5504400"></trkpt>
    <trkpt lat="56.0626730" lon="14.5509320"></trkpt>
    <trkpt lat="56.0626530" lon="14.5509990"></trkpt>
    <trkpt lat="56.0626530" lon="14.5509990"></trkpt>
    <trkpt lat="56.0625940" lon="14.5509730"></trkpt>
    <trkpt lat="56.0622250" lon="14.5510560"></trkpt>
    <trkpt lat="56.0618570" lon="14.5511400"></trkpt>
    <trkpt lat="56.0615640" lon="14.5511770"></trkpt>
    <trkpt lat="56.0612700" lon="14.5512150"></trkpt>
    <trkpt lat="56.0610210" lon="14.5512950"></trkpt>
    <trkpt lat="56.0607710" lon="14.5513740"></trkpt>
    <trkpt lat="56.0603610" lon="14.5513370"></trkpt>
    <trkpt lat="56.0600320" lon="14.5514710"></trkpt>
    <trkpt lat="56.0597710" lon="14.5516290"></trkpt>
    <trkpt lat="56.0595100" lon="14.5517870"></trkpt>
    <trkpt lat="56.0592800" lon="14.5518760"></trkpt>
    <trkpt lat="56.0590490" lon="14.5519640"></trkpt>
    <trkpt lat="56.0587400" lon="14.5518320"></trkpt>
    <trkpt lat="56.0586750" lon="14.5517930"></trkpt>
    <trkpt lat="56.0586350" lon="14.5517690"></trkpt>
    <trkpt lat="56.0585560" lon="14.5517540"></trkpt>
    <trkpt lat="56.0584550" lon="14.5517950"></trkpt>
    <trkpt lat="56.0582200" lon="14.5519700"></trkpt>
    <trkpt lat="56.0578350" lon="14.5522610"></trkpt>
    <trkpt lat="56.0574510" lon="14.5525520"></trkpt>
    <trkpt lat="56.0574340" lon="14.5525650"></trkpt>
    <trkpt lat="56.0570670" lon="14.5528420"></trkpt>
    <trkpt lat="56.0566830" lon="14.5531330"></trkpt>
    <trkpt lat="56.0563720" lon="14.5534040"></trkpt>
    <trkpt lat="56.0560620" lon="14.5536740"></trkpt>
    <trkpt lat="56.0557510" lon="14.5539450"></trkpt>
    <trkpt lat="56.0553480" lon="14.5541600"></trkpt>
    <trkpt lat="56.0551920" lon="14.5542150"></trkpt>
    <trkpt lat="56.0551920" lon="14.5542150"></trkpt>
    <trkpt lat="56.0548800" lon="14.5544970"></trkpt>
    <trkpt lat="56.0545680" lon="14.5547780"></trkpt>
    <trkpt lat="56.0544420" lon="14.5552000"></trkpt>
    <trkpt lat="56.0543880" lon="14.5556560"></trkpt>
    <trkpt lat="56.0543310" lon="14.5557480"></trkpt>
    <trkpt lat="56.0541070" lon="14.5558950"></trkpt>
    <trkpt lat="56.0538820" lon="14.5560420"></trkpt>
    <trkpt lat="56.0536900" lon="14.5565360"></trkpt>
    <trkpt lat="56.0536530" lon="14.5569380"></trkpt>
    <trkpt lat="56.0536160" lon="14.5573410"></trkpt>
    <trkpt lat="56.0534030" lon="14.5576410"></trkpt>
    <trkpt lat="56.0531420" lon="14.5578240"></trkpt>
    <trkpt lat="56.0529420" lon="14.5578180"></trkpt>
    <trkpt lat="56.0526330" lon="14.5577840"></trkpt>
    <trkpt lat="56.0523240" lon="14.5577510"></trkpt>
    <trkpt lat="56.0519630" lon="14.5576170"></trkpt>
    <trkpt lat="56.0516010" lon="14.5574830"></trkpt>
    <trkpt lat="56.0512400" lon="14.5573490"></trkpt>
    <trkpt lat="56.0508280" lon="14.5570650"></trkpt>
    <trkpt lat="56.0504170" lon="14.5567810"></trkpt>
    <trkpt lat="56.0504170" lon="14.5567810"></trkpt>
    <trkpt lat="56.0504020" lon="14.5567880"></trkpt>
    <trkpt lat="56.0503730" lon="14.5567920"></trkpt>
    <trkpt lat="56.0501990" lon="14.5567860"></trkpt>
    <trkpt lat="56.0498270" lon="14.5566980"></trkpt>
    <trkpt lat="56.0498270" lon="14.5566980"></trkpt>
    <trkpt lat="56.0497880" lon="14.5569070"></trkpt>
    <trkpt lat="56.0497680" lon="14.5569450"></trkpt>
    <trkpt lat="56.0497510" lon="14.5569540"></trkpt>
    <trkpt lat="56.0497180" lon="14.5569490"></trkpt>
    <trkpt lat="56.0496880" lon="14.5569270"></trkpt>
    <trkpt lat="56.0496610" lon="14.5568710"></trkpt>
    <trkpt lat="56.0496340" lon="14.5567990"></trkpt>
    <trkpt lat="56.0496030" lon="14.5567020"></trkpt>
    <trkpt lat="56.0496030" lon="14.5567020"></trkpt>
    <trkpt lat="56.0495350" lon="14.5567030"></trkpt>
    <trkpt lat="56.0494360" lon="14.5567270"></trkpt>
    <trkpt lat="56.0493390" lon="14.5568000"></trkpt>
    <trkpt lat="56.0490220" lon="14.5570190"></trkpt>
    <trkpt lat="56.0487060" lon="14.5572380"></trkpt>
    <trkpt lat="56.0483720" lon="14.5574680"></trkpt>
    <trkpt lat="56.0481160" lon="14.5576450"></trkpt>
    <trkpt lat="56.0480390" lon="14.5576990"></trkpt>
    <trkpt lat="56.0477050" lon="14.5579290"></trkpt>
    <trkpt lat="56.0477050" lon="14.5579290"></trkpt>
    <trkpt lat="56.0475630" lon="14.5581920"></trkpt>
    <trkpt lat="56.0476680" lon="14.5583910"></trkpt>
    <trkpt lat="56.0478590" lon="14.5587530"></trkpt>
    <trkpt lat="56.0480140" lon="14.5590580"></trkpt>
    <trkpt lat="56.0481160" lon="14.5593560"></trkpt>
    <trkpt lat="56.0481730" lon="14.5595290"></trkpt>
    <trkpt lat="56.0481930" lon="14.5595940"></trkpt>
    <trkpt lat="56.0482130" lon="14.5596770"></trkpt>
    <trkpt lat="56.0483010" lon="14.5601220"></trkpt>
    <trkpt lat="56.0483420" lon="14.5603370"></trkpt>
    <trkpt lat="56.0483780" lon="14.5605150"></trkpt>
    <trkpt lat="56.0484010" lon="14.5606650"></trkpt>
    <trkpt lat="56.0484020" lon="14.5607310"></trkpt>
    <trkpt lat="56.0484000" lon="14.5607960"></trkpt>
    <trkpt lat="56.0483950" lon="14.5608590"></trkpt>
    <trkpt lat="56.0483840" lon="14.5609700"></trkpt>
    <trkpt lat="56.0483370" lon="14.5612730"></trkpt>
    <trkpt lat="56.0483260" lon="14.5613370"></trkpt>
    <trkpt lat="56.0483200" lon="14.5613750"></trkpt>
    <trkpt lat="56.0483120" lon="14.5614120"></trkpt>
    <trkpt lat="56.0482910" lon="14.5614990"></trkpt>
    <trkpt lat="56.0482580" lon="14.5616020"></trkpt>
    <trkpt lat="56.0481840" lon="14.5618060"></trkpt>
    <trkpt lat="56.0481200" lon="14.5620000"></trkpt>
    <trkpt lat="56.0481030" lon="14.5620700"></trkpt>
    <trkpt lat="56.0480880" lon="14.5621580"></trkpt>
    <trkpt lat="56.0480360" lon="14.5625910"></trkpt>
    <trkpt lat="56.0480260" lon="14.5627230"></trkpt>
    <trkpt lat="56.0480210" lon="14.5629540"></trkpt>
    <trkpt lat="56.0479980" lon="14.5632540"></trkpt>
    <trkpt lat="56.0479630" lon="14.5634540"></trkpt>
    <trkpt lat="56.0479490" lon="14.5635270"></trkpt>
    <trkpt lat="56.0479420" lon="14.5636090"></trkpt>
    <trkpt lat="56.0479410" lon="14.5637210"></trkpt>
    <trkpt lat="56.0479600" lon="14.5641720"></trkpt>
    <trkpt lat="56.0479800" lon="14.5646220"></trkpt>
    <trkpt lat="56.0480360" lon="14.5645870"></trkpt>
    <trkpt lat="56.0480640" lon="14.5645880"></trkpt>
    <trkpt lat="56.0480890" lon="14.5645990"></trkpt>
    <trkpt lat="56.0481110" lon="14.5646080"></trkpt>
    <trkpt lat="56.0481280" lon="14.5646180"></trkpt>
    <trkpt lat="56.0481440" lon="14.5646400"></trkpt>
    <trkpt lat="56.0481560" lon="14.5646620"></trkpt>
    <trkpt lat="56.0481820" lon="14.5647200"></trkpt>
    <trkpt lat="56.0482350" lon="14.5648220"></trkpt>
    <trkpt lat="56.0483050" lon="14.5650040"></trkpt>
    <trkpt lat="56.0484340" lon="14.5653790"></trkpt>
    <trkpt lat="56.0485620" lon="14.5657540"></trkpt>
    <trkpt lat="56.0487060" lon="14.5661590"></trkpt>
    <trkpt lat="56.0487440" lon="14.5662330"></trkpt>
    <trkpt lat="56.0487930" lon="14.5662900"></trkpt>
    <trkpt lat="56.0488430" lon="14.5663370"></trkpt>
    <trkpt lat="56.0491070" lon="14.5665910"></trkpt>
    <trkpt lat="56.0493710" lon="14.5668450"></trkpt>
    <trkpt lat="56.0494480" lon="14.5669200"></trkpt>
    <trkpt lat="56.0494950" lon="14.5669550"></trkpt>
    <trkpt lat="56.0495080" lon="14.5670860"></trkpt>
    <trkpt lat="56.0495170" lon="14.5672310"></trkpt>
    <trkpt lat="56.0495140" lon="14.5674560"></trkpt>
    <trkpt lat="56.0495280" lon="14.5677490"></trkpt>
    <trkpt lat="56.0495400" lon="14.5680170"></trkpt>
    <trkpt lat="56.0495540" lon="14.5683040"></trkpt>
    <trkpt lat="56.0495680" lon="14.5686070"></trkpt>
    <trkpt lat="56.0495730" lon="14.5687190"></trkpt>
    <trkpt lat="56.0495860" lon="14.5689180"></trkpt>
    <trkpt lat="56.0496380" lon="14.5696870"></trkpt>
    <trkpt lat="56.0496420" lon="14.5697500"></trkpt>
    <trkpt lat="56.0496460" lon="14.5698730"></trkpt>
    <trkpt lat="56.0496700" lon="14.5705000"></trkpt>
    <trkpt lat="56.0496930" lon="14.5711270"></trkpt>
    <trkpt lat="56.0497230" lon="14.5713150"></trkpt>
    <trkpt lat="56.0497580" lon="14.5714240"></trkpt>
    <trkpt lat="56.0496740" lon="14.5714280"></trkpt>
    <trkpt lat="56.0496740" lon="14.5714280"></trkpt>
    <trkpt lat="56.0496780" lon="14.5716930"></trkpt>
    <trkpt lat="56.0496830" lon="14.5716920"></trkpt>
    <trkpt lat="56.0498710" lon="14.5716800"></trkpt>
    <trkpt lat="56.0498820" lon="14.5716780"></trkpt>
    <trkpt lat="56.0498820" lon="14.5716780"></trkpt>
    <trkpt lat="56.0498830" lon="14.5717660"></trkpt>
    <trkpt lat="56.0496100" lon="14.5723390"></trkpt>
    <trkpt lat="56.0495700" lon="14.5724580"></trkpt>
    <trkpt lat="56.0495460" lon="14.5726240"></trkpt>
    <trkpt lat="56.0495460" lon="14.5726240"></trkpt>
    <trkpt lat="56.0498780" lon="14.5726110"></trkpt>
    <trkpt lat="56.0499330" lon="14.5726080"></trkpt>
    <trkpt lat="56.0503190" lon="14.5725920"></trkpt>
    <trkpt lat="56.0503240" lon="14.5725920"></trkpt>
    <trkpt lat="56.0506940" lon="14.5725430"></trkpt>
    <trkpt lat="56.0510630" lon="14.5724940"></trkpt>
    <trkpt lat="56.0510400" lon="14.5729760"></trkpt>
    <trkpt lat="56.0510170" lon="14.5734590"></trkpt>
    <trkpt lat="56.0509960" lon="14.5741590"></trkpt>
    <trkpt lat="56.0509730" lon="14.5748900"></trkpt>
    <trkpt lat="56.0509450" lon="14.5754860"></trkpt>
    <trkpt lat="56.0509180" lon="14.5760830"></trkpt>
    <trkpt lat="56.0508890" lon="14.5762580"></trkpt>
    <trkpt lat="56.0508040" lon="14.5767770"></trkpt>
    <trkpt lat="56.0507190" lon="14.5772960"></trkpt>
    <trkpt lat="56.0509710" lon="14.5774320"></trkpt>
    <trkpt lat="56.0509340" lon="14.5776480"></trkpt>
    <trkpt lat="56.0508110" lon="14.5784090"></trkpt>
    <trkpt lat="56.0506890" lon="14.5791700"></trkpt>
    <trkpt lat="56.0505970" lon="14.5796810"></trkpt>
    <trkpt lat="56.0505060" lon="14.5801910"></trkpt>
    <trkpt lat="56.0504140" lon="14.5807020"></trkpt>
    <trkpt lat="56.0502950" lon="14.5813450"></trkpt>
    <trkpt lat="56.0502880" lon="14.5813830"></trkpt>
    <trkpt lat="56.0501620" lon="14.5820650"></trkpt>
    <trkpt lat="56.0501210" lon="14.5823360"></trkpt>
    <trkpt lat="56.0501210" lon="14.5823360"></trkpt>
    <trkpt lat="56.0501540" lon="14.5823380"></trkpt>
    <trkpt lat="56.0502550" lon="14.5823060"></trkpt>
    <trkpt lat="56.0502600" lon="14.5823090"></trkpt>
    <trkpt lat="56.0505430" lon="14.5824720"></trkpt>
    <trkpt lat="56.0507410" lon="14.5825170"></trkpt>
    <trkpt lat="56.0510650" lon="14.5826660"></trkpt>
    <trkpt lat="56.0513890" lon="14.5828160"></trkpt>
    <trkpt lat="56.0514110" lon="14.5828280"></trkpt>
    <trkpt lat="56.0514340" lon="14.5828410"></trkpt>
    <trkpt lat="56.0514570" lon="14.5828530"></trkpt>
    <trkpt lat="56.0514790" lon="14.5828660"></trkpt>
    <trkpt lat="56.0515020" lon="14.5828780"></trkpt>
    <trkpt lat="56.0515020" lon="14.5828780"></trkpt>
    <trkpt lat="56.0515010" lon="14.5829570"></trkpt>
    <trkpt lat="56.0515210" lon="14.5830090"></trkpt>
    <trkpt lat="56.0515210" lon="14.5830820"></trkpt>
    <trkpt lat="56.0515000" lon="14.5831500"></trkpt>
    <trkpt lat="56.0514840" lon="14.5832120"></trkpt>
    <trkpt lat="56.0515010" lon="14.5832990"></trkpt>
    <trkpt lat="56.0515010" lon="14.5832990"></trkpt>
    <trkpt lat="56.0515370" lon="14.5833300"></trkpt>
    <trkpt lat="56.0515540" lon="14.5834030"></trkpt>
    <trkpt lat="56.0515540" lon="14.5834750"></trkpt>
    <trkpt lat="56.0515800" lon="14.5835320"></trkpt>
    <trkpt lat="56.0515920" lon="14.5836150"></trkpt>
    <trkpt lat="56.0516000" lon="14.5836800"></trkpt>
    <trkpt lat="56.0516190" lon="14.5837400"></trkpt>
    <trkpt lat="56.0516500" lon="14.5838110"></trkpt>
    <trkpt lat="56.0516560" lon="14.5838870"></trkpt>
    <trkpt lat="56.0516730" lon="14.5839620"></trkpt>
    <trkpt lat="56.0517050" lon="14.5840100"></trkpt>
    <trkpt lat="56.0517120" lon="14.5840880"></trkpt>
    <trkpt lat="56.0517550" lon="14.5840700"></trkpt>
    <trkpt lat="56.0517900" lon="14.5840610"></trkpt>
    <trkpt lat="56.0518280" lon="14.5840580"></trkpt>
    <trkpt lat="56.0518740" lon="14.5840780"></trkpt>
    <trkpt lat="56.0519160" lon="14.5840390"></trkpt>
    <trkpt lat="56.0519580" lon="14.5840310"></trkpt>
    <trkpt lat="56.0519580" lon="14.5840310"></trkpt>
    <trkpt lat="56.0519630" lon="14.5841130"></trkpt>
    <trkpt lat="56.0519720" lon="14.5841520"></trkpt>
    <trkpt lat="56.0519820" lon="14.5841910"></trkpt>
    <trkpt lat="56.0519910" lon="14.5842300"></trkpt>
    <trkpt lat="56.0520000" lon="14.5842700"></trkpt>
    <trkpt lat="56.0520120" lon="14.5842990"></trkpt>
    <trkpt lat="56.0520240" lon="14.5843280"></trkpt>
    <trkpt lat="56.0520350" lon="14.5843580"></trkpt>
    <trkpt lat="56.0520470" lon="14.5843870"></trkpt>
    <trkpt lat="56.0520590" lon="14.5844160"></trkpt>
    <trkpt lat="56.0523490" lon="14.5847360"></trkpt>
    <trkpt lat="56.0525030" lon="14.5849060"></trkpt>
    <trkpt lat="56.0526970" lon="14.5851710"></trkpt>
    <trkpt lat="56.0528540" lon="14.5854070"></trkpt>
    <trkpt lat="56.0528540" lon="14.5854070"></trkpt>
    <trkpt lat="56.0529270" lon="14.5850800"></trkpt>
    <trkpt lat="56.0529570" lon="14.5848390"></trkpt>
    <trkpt lat="56.0529270" lon="14.5850800"></trkpt>
    <trkpt lat="56.0528540" lon="14.5854070"></trkpt>
    <trkpt lat="56.0528540" lon="14.5854070"></trkpt>
    <trkpt lat="56.0526460" lon="14.5857630"></trkpt>
    <trkpt lat="56.0524250" lon="14.5861400"></trkpt>
    <trkpt lat="56.0524070" lon="14.5861710"></trkpt>
    <trkpt lat="56.0523890" lon="14.5862020"></trkpt>
    <trkpt lat="56.0523710" lon="14.5862330"></trkpt>
    <trkpt lat="56.0523530" lon="14.5862640"></trkpt>
    <trkpt lat="56.0523350" lon="14.5862950"></trkpt>
    <trkpt lat="56.0523170" lon="14.5863260"></trkpt>
    <trkpt lat="56.0522990" lon="14.5863570"></trkpt>
    <trkpt lat="56.0522810" lon="14.5863880"></trkpt>
    <trkpt lat="56.0522630" lon="14.5864190"></trkpt>
    <trkpt lat="56.0522450" lon="14.5864500"></trkpt>
    <trkpt lat="56.0522270" lon="14.5864820"></trkpt>
    <trkpt lat="56.0522320" lon="14.5865850"></trkpt>
    <trkpt lat="56.0522130" lon="14.5866600"></trkpt>
    <trkpt lat="56.0521710" lon="14.5866860"></trkpt>
    <trkpt lat="56.0521470" lon="14.5867510"></trkpt>
    <trkpt lat="56.0521130" lon="14.5868290"></trkpt>
    <trkpt lat="56.0521130" lon="14.5868290"></trkpt>
    <trkpt lat="56.0521230" lon="14.5869000"></trkpt>
    <trkpt lat="56.0521600" lon="14.5869330"></trkpt>
    <trkpt lat="56.0521970" lon="14.5870030"></trkpt>
    <trkpt lat="56.0522320" lon="14.5871010"></trkpt>
    <trkpt lat="56.0522490" lon="14.5871700"></trkpt>
    <trkpt lat="56.0522760" lon="14.5872100"></trkpt>
    <trkpt lat="56.0523110" lon="14.5872550"></trkpt>
    <trkpt lat="56.0523420" lon="14.5873140"></trkpt>
    <trkpt lat="56.0523810" lon="14.5873540"></trkpt>
    <trkpt lat="56.0524060" lon="14.5874550"></trkpt>
    <trkpt lat="56.0524460" lon="14.5875040"></trkpt>
    <trkpt lat="56.0524260" lon="14.5876210"></trkpt>
    <trkpt lat="56.0524410" lon="14.5876530"></trkpt>
    <trkpt lat="56.0522500" lon="14.5879760"></trkpt>
    <trkpt lat="56.0520590" lon="14.5882990"></trkpt>
    <trkpt lat="56.0520590" lon="14.5882990"></trkpt>
    <trkpt lat="56.0519470" lon="14.5884850"></trkpt>
    <trkpt lat="56.0519470" lon="14.5884850"></trkpt>
    <trkpt lat="56.0517580" lon="14.5888210"></trkpt>
    <trkpt lat="56.0515700" lon="14.5891570"></trkpt>
    <trkpt lat="56.0515700" lon="14.5891570"></trkpt>
    <trkpt lat="56.0518300" lon="14.5892940"></trkpt>
    <trkpt lat="56.0520900" lon="14.5894310"></trkpt>
    <trkpt lat="56.0521260" lon="14.5894170"></trkpt>
    <trkpt lat="56.0521800" lon="14.5893870"></trkpt>
    <trkpt lat="56.0522290" lon="14.5893750"></trkpt>
    <trkpt lat="56.0522740" lon="14.5893880"></trkpt>
    <trkpt lat="56.0522990" lon="14.5894060"></trkpt>
    <trkpt lat="56.0523110" lon="14.5894520"></trkpt>
    <trkpt lat="56.0523220" lon="14.5894990"></trkpt>
    <trkpt lat="56.0523380" lon="14.5895230"></trkpt>
    <trkpt lat="56.0523560" lon="14.5895420"></trkpt>
    <trkpt lat="56.0523570" lon="14.5896350"></trkpt>
    <trkpt lat="56.0523550" lon="14.5897110"></trkpt>
    <trkpt lat="56.0523580" lon="14.5897470"></trkpt>
    <trkpt lat="56.0523600" lon="14.5897690"></trkpt>
    <trkpt lat="56.0523600" lon="14.5897690"></trkpt>
    <trkpt lat="56.0523650" lon="14.5898010"></trkpt>
    <trkpt lat="56.0523830" lon="14.5898410"></trkpt>
    <trkpt lat="56.0524090" lon="14.5898810"></trkpt>
    <trkpt lat="56.0524250" lon="14.5898990"></trkpt>
    <trkpt lat="56.0524560" lon="14.5899340"></trkpt>
    <trkpt lat="56.0524920" lon="14.5899750"></trkpt>
    <trkpt lat="56.0525720" lon="14.5900900"></trkpt>
    <trkpt lat="56.0527450" lon="14.5903740"></trkpt>
    <trkpt lat="56.0529180" lon="14.5906570"></trkpt>
    <trkpt lat="56.0531300" lon="14.5909570"></trkpt>
    <trkpt lat="56.0531770" lon="14.5910230"></trkpt>
    <trkpt lat="56.0532790" lon="14.5911470"></trkpt>
    <trkpt lat="56.0534760" lon="14.5913370"></trkpt>
    <trkpt lat="56.0536960" lon="14.5914800"></trkpt>
    <trkpt lat="56.0539170" lon="14.5916230"></trkpt>
    <trkpt lat="56.0542610" lon="14.5917800"></trkpt>
    <trkpt lat="56.0546050" lon="14.5919360"></trkpt>
    <trkpt lat="56.0549930" lon="14.5920940"></trkpt>
    <trkpt lat="56.0553800" lon="14.5922510"></trkpt>
    <trkpt lat="56.0554680" lon="14.5922860"></trkpt>
    <trkpt lat="56.0557760" lon="14.5924860"></trkpt>
    <trkpt lat="56.0560850" lon="14.5926850"></trkpt>
    <trkpt lat="56.0563000" lon="14.5928880"></trkpt>
    <trkpt lat="56.0565160" lon="14.5930920"></trkpt>
    <trkpt lat="56.0565500" lon="14.5931880"></trkpt>
    <trkpt lat="56.0566100" lon="14.5932700"></trkpt>
    <trkpt lat="56.0567290" lon="14.5933850"></trkpt>
    <trkpt lat="56.0570730" lon="14.5937540"></trkpt>
    <trkpt lat="56.0572380" lon="14.5940710"></trkpt>
    <trkpt lat="56.0574020" lon="14.5943880"></trkpt>
    <trkpt lat="56.0576400" lon="14.5947870"></trkpt>
    <trkpt lat="56.0578780" lon="14.5951850"></trkpt>
    <trkpt lat="56.0580430" lon="14.5954010"></trkpt>
    <trkpt lat="56.0581050" lon="14.5954810"></trkpt>
    <trkpt lat="56.0583320" lon="14.5957770"></trkpt>
    <trkpt lat="56.0584940" lon="14.5959990"></trkpt>
    <trkpt lat="56.0585880" lon="14.5963470"></trkpt>
    <trkpt lat="56.0586540" lon="14.5967860"></trkpt>
    <trkpt lat="56.0587210" lon="14.5972260"></trkpt>
    <trkpt lat="56.0586920" lon="14.5974440"></trkpt>
    <trkpt lat="56.0587000" lon="14.5976300"></trkpt>
    <trkpt lat="56.0587200" lon="14.5980660"></trkpt>
    <trkpt lat="56.0587660" lon="14.5988420"></trkpt>
    <trkpt lat="56.0588120" lon="14.5996170"></trkpt>
    <trkpt lat="56.0588580" lon="14.6003920"></trkpt>
    <trkpt lat="56.0588960" lon="14.6011160"></trkpt>
    <trkpt lat="56.0589330" lon="14.6018390"></trkpt>
    <trkpt lat="56.0589670" lon="14.6026290"></trkpt>
    <trkpt lat="56.0590010" lon="14.6034180"></trkpt>
    <trkpt lat="56.0590340" lon="14.6042080"></trkpt>
    <trkpt lat="56.0590680" lon="14.6049970"></trkpt>
    <trkpt lat="56.0591010" lon="14.6057860"></trkpt>
    <trkpt lat="56.0591350" lon="14.6065760"></trkpt>
    <trkpt lat="56.0591690" lon="14.6073650"></trkpt>
    <trkpt lat="56.0592020" lon="14.6081550"></trkpt>
    <trkpt lat="56.0592360" lon="14.6089440"></trkpt>
    <trkpt lat="56.0592700" lon="14.6097330"></trkpt>
    <trkpt lat="56.0593030" lon="14.6105230"></trkpt>
    <trkpt lat="56.0593370" lon="14.6113120"></trkpt>
    <trkpt lat="56.0593700" lon="14.6121020"></trkpt>
    <trkpt lat="56.0594040" lon="14.6128910"></trkpt>
    <trkpt lat="56.0594370" lon="14.6136810"></trkpt>
    <trkpt lat="56.0594140" lon="14.6142260"></trkpt>
    <trkpt lat="56.0593900" lon="14.6147720"></trkpt>
    <trkpt lat="56.0593660" lon="14.6153180"></trkpt>
    <trkpt lat="56.0593030" lon="14.6160460"></trkpt>
    <trkpt lat="56.0592490" lon="14.6166610"></trkpt>
    <trkpt lat="56.0592400" lon="14.6167750"></trkpt>
    <trkpt lat="56.0591340" lon="14.6174920"></trkpt>
    <trkpt lat="56.0590180" lon="14.6181880"></trkpt>
    <trkpt lat="56.0588870" lon="14.6188850"></trkpt>
    <trkpt lat="56.0587560" lon="14.6195820"></trkpt>
    <trkpt lat="56.0586250" lon="14.6202790"></trkpt>
    <trkpt lat="56.0585040" lon="14.6209300"></trkpt>
    <trkpt lat="56.0584950" lon="14.6209750"></trkpt>
    <trkpt lat="56.0584720" lon="14.6210920"></trkpt>
    <trkpt lat="56.0584540" lon="14.6211850"></trkpt>
    <trkpt lat="56.0584420" lon="14.6212410"></trkpt>
    <trkpt lat="56.0584250" lon="14.6213400"></trkpt>
    <trkpt lat="56.0583070" lon="14.6219570"></trkpt>
    <trkpt lat="56.0581660" lon="14.6226980"></trkpt>
    <trkpt lat="56.0581370" lon="14.6228700"></trkpt>
    <trkpt lat="56.0579920" lon="14.6236240"></trkpt>
    <trkpt lat="56.0578460" lon="14.6243780"></trkpt>
    <trkpt lat="56.0577010" lon="14.6251330"></trkpt>
    <trkpt lat="56.0575550" lon="14.6258870"></trkpt>
    <trkpt lat="56.0574100" lon="14.6266420"></trkpt>
    <trkpt lat="56.0572650" lon="14.6273960"></trkpt>
    <trkpt lat="56.0571190" lon="14.6281500"></trkpt>
    <trkpt lat="56.0569740" lon="14.6289050"></trkpt>
    <trkpt lat="56.0568280" lon="14.6296590"></trkpt>
    <trkpt lat="56.0566830" lon="14.6304130"></trkpt>
    <trkpt lat="56.0565370" lon="14.6311680"></trkpt>
    <trkpt lat="56.0563920" lon="14.6319220"></trkpt>
    <trkpt lat="56.0562460" lon="14.6326760"></trkpt>
    <trkpt lat="56.0561010" lon="14.6334310"></trkpt>
    <trkpt lat="56.0559550" lon="14.6341850"></trkpt>
    <trkpt lat="56.0558100" lon="14.6349390"></trkpt>
    <trkpt lat="56.0556640" lon="14.6356940"></trkpt>
    <trkpt lat="56.0555190" lon="14.6364480"></trkpt>
    <trkpt lat="56.0553730" lon="14.6372020"></trkpt>
    <trkpt lat="56.0553270" lon="14.6373060"></trkpt>
    <trkpt lat="56.0551640" lon="14.6375620"></trkpt>
    <trkpt lat="56.0551270" lon="14.6376360"></trkpt>
    <trkpt lat="56.0551150" lon="14.6377300"></trkpt>
    <trkpt lat="56.0551570" lon="14.6378470"></trkpt>
    <trkpt lat="56.0552190" lon="14.6380000"></trkpt>
    <trkpt lat="56.0550680" lon="14.6387320"></trkpt>
    <trkpt lat="56.0549180" lon="14.6394650"></trkpt>
    <trkpt lat="56.0547680" lon="14.6401980"></trkpt>
    <trkpt lat="56.0546170" lon="14.6409310"></trkpt>
    <trkpt lat="56.0544670" lon="14.6416640"></trkpt>
    <trkpt lat="56.0543170" lon="14.6423970"></trkpt>
    <trkpt lat="56.0541660" lon="14.6431290"></trkpt>
    <trkpt lat="56.0540160" lon="14.6438620"></trkpt>
    <trkpt lat="56.0538660" lon="14.6445950"></trkpt>
    <trkpt lat="56.0537150" lon="14.6453280"></trkpt>
    <trkpt lat="56.0535650" lon="14.6460610"></trkpt>
    <trkpt lat="56.0533270" lon="14.6467310"></trkpt>
    <trkpt lat="56.0530900" lon="14.6474010"></trkpt>
    <trkpt lat="56.0528530" lon="14.6480720"></trkpt>
    <trkpt lat="56.0526150" lon="14.6487420"></trkpt>
    <trkpt lat="56.0523780" lon="14.6494120"></trkpt>
    <trkpt lat="56.0521400" lon="14.6500830"></trkpt>
    <trkpt lat="56.0519030" lon="14.6507530"></trkpt>
    <trkpt lat="56.0517500" lon="14.6511860"></trkpt>
    <trkpt lat="56.0516670" lon="14.6513100"></trkpt>
    <trkpt lat="56.0514200" lon="14.6519560"></trkpt>
    <trkpt lat="56.0511720" lon="14.6526010"></trkpt>
    <trkpt lat="56.0509250" lon="14.6532470"></trkpt>
    <trkpt lat="56.0506770" lon="14.6538920"></trkpt>
    <trkpt lat="56.0504300" lon="14.6545380"></trkpt>
    <trkpt lat="56.0501820" lon="14.6551830"></trkpt>
    <trkpt lat="56.0499350" lon="14.6558280"></trkpt>
    <trkpt lat="56.0496870" lon="14.6564740"></trkpt>
    <trkpt lat="56.0495870" lon="14.6568670"></trkpt>
    <trkpt lat="56.0494180" lon="14.6575290"></trkpt>
    <trkpt lat="56.0492490" lon="14.6581900"></trkpt>
    <trkpt lat="56.0490800" lon="14.6588510"></trkpt>
    <trkpt lat="56.0489100" lon="14.6595130"></trkpt>
    <trkpt lat="56.0487410" lon="14.6601740"></trkpt>
    <trkpt lat="56.0485720" lon="14.6608360"></trkpt>
    <trkpt lat="56.0484030" lon="14.6614970"></trkpt>
    <trkpt lat="56.0482340" lon="14.6621590"></trkpt>
    <trkpt lat="56.0480650" lon="14.6628200"></trkpt>
    <trkpt lat="56.0478970" lon="14.6634660"></trkpt>
    <trkpt lat="56.0477300" lon="14.6641110"></trkpt>
    <trkpt lat="56.0475620" lon="14.6647560"></trkpt>
    <trkpt lat="56.0473950" lon="14.6654010"></trkpt>
    <trkpt lat="56.0472270" lon="14.6660460"></trkpt>
    <trkpt lat="56.0471120" lon="14.6664010"></trkpt>
    <trkpt lat="56.0469980" lon="14.6667550"></trkpt>
    <trkpt lat="56.0468420" lon="14.6671740"></trkpt>
    <trkpt lat="56.0466860" lon="14.6675920"></trkpt>
    <trkpt lat="56.0465530" lon="14.6678850"></trkpt>
    <trkpt lat="56.0462730" lon="14.6680420"></trkpt>
    <trkpt lat="56.0460040" lon="14.6681380"></trkpt>
    <trkpt lat="56.0457360" lon="14.6682330"></trkpt>
    <trkpt lat="56.0457030" lon="14.6686340"></trkpt>
    <trkpt lat="56.0456700" lon="14.6690340"></trkpt>
    <trkpt lat="56.0456580" lon="14.6691770"></trkpt>
    <trkpt lat="56.0455460" lon="14.6694970"></trkpt>
    <trkpt lat="56.0453660" lon="14.6697210"></trkpt>
    <trkpt lat="56.0452580" lon="14.6698560"></trkpt>
    <trkpt lat="56.0452580" lon="14.6698560"></trkpt>
    <trkpt lat="56.0452730" lon="14.6700210"></trkpt>
    <trkpt lat="56.0453100" lon="14.6704490"></trkpt>
    <trkpt lat="56.0453210" lon="14.6705750"></trkpt>
    <trkpt lat="56.0453030" lon="14.6709580"></trkpt>
    <trkpt lat="56.0452260" lon="14.6715240"></trkpt>
    <trkpt lat="56.0451490" lon="14.6720900"></trkpt>
    <trkpt lat="56.0455410" lon="14.6720820"></trkpt>
    <trkpt lat="56.0459330" lon="14.6720750"></trkpt>
    <trkpt lat="56.0463250" lon="14.6720670"></trkpt>
    <trkpt lat="56.0467260" lon="14.6720620"></trkpt>
    <trkpt lat="56.0471270" lon="14.6720560"></trkpt>
    <trkpt lat="56.0475280" lon="14.6720500"></trkpt>
    <trkpt lat="56.0478520" lon="14.6720390"></trkpt>
    <trkpt lat="56.0481760" lon="14.6720280"></trkpt>
    <trkpt lat="56.0485000" lon="14.6720170"></trkpt>
    <trkpt lat="56.0489430" lon="14.6719430"></trkpt>
    <trkpt lat="56.0489460" lon="14.6719880"></trkpt>
    <trkpt lat="56.0489900" lon="14.6725910"></trkpt>
    <trkpt lat="56.0490290" lon="14.6732240"></trkpt>
    <trkpt lat="56.0490590" lon="14.6736960"></trkpt>
    <trkpt lat="56.0490880" lon="14.6741680"></trkpt>
    <trkpt lat="56.0491050" lon="14.6744350"></trkpt>
    <trkpt lat="56.0491560" lon="14.6751770"></trkpt>
    <trkpt lat="56.0491890" lon="14.6757750"></trkpt>
    <trkpt lat="56.0492200" lon="14.6762300"></trkpt>
    <trkpt lat="56.0492510" lon="14.6766860"></trkpt>
    <trkpt lat="56.0492880" lon="14.6773200"></trkpt>
    <trkpt lat="56.0493250" lon="14.6779540"></trkpt>
    <trkpt lat="56.0493500" lon="14.6784000"></trkpt>
    <trkpt lat="56.0493760" lon="14.6788460"></trkpt>
    <trkpt lat="56.0494980" lon="14.6788120"></trkpt>
    <trkpt lat="56.0494980" lon="14.6788120"></trkpt>
    <trkpt lat="56.0495030" lon="14.6789080"></trkpt>
    <trkpt lat="56.0495420" lon="14.6790180"></trkpt>
    <trkpt lat="56.0495730" lon="14.6791400"></trkpt>
    <trkpt lat="56.0495990" lon="14.6792730"></trkpt>
    <trkpt lat="56.0496310" lon="14.6798840"></trkpt>
    <trkpt lat="56.0495280" lon="14.6799010"></trkpt>
    <trkpt lat="56.0494690" lon="14.6799200"></trkpt>
    <trkpt lat="56.0494690" lon="14.6799200"></trkpt>
    <trkpt lat="56.0495100" lon="14.6804530"></trkpt>
    <trkpt lat="56.0495510" lon="14.6809860"></trkpt>
    <trkpt lat="56.0495920" lon="14.6815190"></trkpt>
    <trkpt lat="56.0496490" lon="14.6823050"></trkpt>
    <trkpt lat="56.0496490" lon="14.6823050"></trkpt>
    <trkpt lat="56.0500080" lon="14.6823080"></trkpt>
    <trkpt lat="56.0503670" lon="14.6823100"></trkpt>
    <trkpt lat="56.0507270" lon="14.6823120"></trkpt>
    <trkpt lat="56.0507270" lon="14.6823120"></trkpt>
    <trkpt lat="56.0506760" lon="14.6815540"></trkpt>
    <trkpt lat="56.0506260" lon="14.6807950"></trkpt>
    <trkpt lat="56.0505750" lon="14.6800360"></trkpt>
    <trkpt lat="56.0505250" lon="14.6792780"></trkpt>
    <trkpt lat="56.0504740" lon="14.6785190"></trkpt>
    <trkpt lat="56.0504540" lon="14.6782190"></trkpt>
    <trkpt lat="56.0504740" lon="14.6785190"></trkpt>
    <trkpt lat="56.0505250" lon="14.6792780"></trkpt>
    <trkpt lat="56.0505750" lon="14.6800360"></trkpt>
    <trkpt lat="56.0506260" lon="14.6807950"></trkpt>
    <trkpt lat="56.0506760" lon="14.6815540"></trkpt>
    <trkpt lat="56.0507270" lon="14.6823120"></trkpt>
    <trkpt lat="56.0503670" lon="14.6823100"></trkpt>
    <trkpt lat="56.0500080" lon="14.6823080"></trkpt>
    <trkpt lat="56.0496490" lon="14.6823050"></trkpt>
    <trkpt lat="56.0496490" lon="14.6823050"></trkpt>
    <trkpt lat="56.0496440" lon="14.6826600"></trkpt>
    <trkpt lat="56.0496440" lon="14.6826600"></trkpt>
    <trkpt lat="56.0496900" lon="14.6826600"></trkpt>
    <trkpt lat="56.0497550" lon="14.6827090"></trkpt>
    <trkpt lat="56.0497870" lon="14.6828080"></trkpt>
    <trkpt lat="56.0498300" lon="14.6828790"></trkpt>
    <trkpt lat="56.0501320" lon="14.6830350"></trkpt>
    <trkpt lat="56.0504340" lon="14.6831920"></trkpt>
    <trkpt lat="56.0505000" lon="14.6832610"></trkpt>
    <trkpt lat="56.0505550" lon="14.6833830"></trkpt>
    <trkpt lat="56.0508560" lon="14.6835410"></trkpt>
    <trkpt lat="56.0511560" lon="14.6836990"></trkpt>
    <trkpt lat="56.0514560" lon="14.6838570"></trkpt>
    <trkpt lat="56.0517020" lon="14.6839350"></trkpt>
    <trkpt lat="56.0519470" lon="14.6840120"></trkpt>
    <trkpt lat="56.0521750" lon="14.6841840"></trkpt>
    <trkpt lat="56.0524320" lon="14.6844270"></trkpt>
    <trkpt lat="56.0527130" lon="14.6847500"></trkpt>
    <trkpt lat="56.0529950" lon="14.6850730"></trkpt>
    <trkpt lat="56.0532770" lon="14.6853960"></trkpt>
    <trkpt lat="56.0536340" lon="14.6857180"></trkpt>
    <trkpt lat="56.0539770" lon="14.6860050"></trkpt>
    <trkpt lat="56.0543200" lon="14.6862920"></trkpt>
    <trkpt lat="56.0546630" lon="14.6865790"></trkpt>
    <trkpt lat="56.0550060" lon="14.6868660"></trkpt>
    <trkpt lat="56.0552420" lon="14.6871130"></trkpt>
    <trkpt lat="56.0555790" lon="14.6875670"></trkpt>
    <trkpt lat="56.0559160" lon="14.6880210"></trkpt>
    <trkpt lat="56.0562520" lon="14.6884750"></trkpt>
    <trkpt lat="56.0565890" lon="14.6889290"></trkpt>
    <trkpt lat="56.0569250" lon="14.6893830"></trkpt>
    <trkpt lat="56.0572620" lon="14.6898370"></trkpt>
    <trkpt lat="56.0575980" lon="14.6902910"></trkpt>
    <trkpt lat="56.0579350" lon="14.6907450"></trkpt>
    <trkpt lat="56.0582710" lon="14.6911990"></trkpt>
    <trkpt lat="56.0586080" lon="14.6916530"></trkpt>
    <trkpt lat="56.0589450" lon="14.6921070"></trkpt>
    <trkpt lat="56.0591750" lon="14.6923430"></trkpt>
    <trkpt lat="56.0594060" lon="14.6925790"></trkpt>
    <trkpt lat="56.0596150" lon="14.6927240"></trkpt>
    <trkpt lat="56.0598250" lon="14.6928690"></trkpt>
    <trkpt lat="56.0600860" lon="14.6929760"></trkpt>
    <trkpt lat="56.0603460" lon="14.6930840"></trkpt>
    <trkpt lat="56.0606500" lon="14.6931660"></trkpt>
    <trkpt lat="56.0609540" lon="14.6932480"></trkpt>
    <trkpt lat="56.0612570" lon="14.6933300"></trkpt>
    <trkpt lat="56.0613550" lon="14.6934020"></trkpt>
    <trkpt lat="56.0614060" lon="14.6934510"></trkpt>
    <trkpt lat="56.0616930" lon="14.6935150"></trkpt>
    <trkpt lat="56.0621210" lon="14.6936350"></trkpt>
    <trkpt lat="56.0624450" lon="14.6937170"></trkpt>
    <trkpt lat="56.0626640" lon="14.6937830"></trkpt>
    <trkpt lat="56.0629210" lon="14.6938340"></trkpt>
    <trkpt lat="56.0630970" lon="14.6938580"></trkpt>
    <trkpt lat="56.0632820" lon="14.6938490"></trkpt>
    <trkpt lat="56.0636680" lon="14.6938290"></trkpt>
    <trkpt lat="56.0639430" lon="14.6938330"></trkpt>
    <trkpt lat="56.0641910" lon="14.6938560"></trkpt>
    <trkpt lat="56.0642350" lon="14.6938600"></trkpt>
    <trkpt lat="56.0646090" lon="14.6939670"></trkpt>
    <trkpt lat="56.0649410" lon="14.6941730"></trkpt>
    <trkpt lat="56.0652730" lon="14.6943780"></trkpt>
    <trkpt lat="56.0656050" lon="14.6945840"></trkpt>
    <trkpt lat="56.0656550" lon="14.6946180"></trkpt>
    <trkpt lat="56.0659140" lon="14.6947990"></trkpt>
    <trkpt lat="56.0661390" lon="14.6949500"></trkpt>
    <trkpt lat="56.0664860" lon="14.6951830"></trkpt>
    <trkpt lat="56.0668320" lon="14.6954160"></trkpt>
    <trkpt lat="56.0669350" lon="14.6954880"></trkpt>
    <trkpt lat="56.0670860" lon="14.6955870"></trkpt>
    <trkpt lat="56.0672130" lon="14.6956700"></trkpt>
    <trkpt lat="56.0672820" lon="14.6950360"></trkpt>
    <trkpt lat="56.0673520" lon="14.6944020"></trkpt>
    <trkpt lat="56.0674210" lon="14.6937680"></trkpt>
    <trkpt lat="56.0678050" lon="14.6939590"></trkpt>
    <trkpt lat="56.0681900" lon="14.6941510"></trkpt>
    <trkpt lat="56.0685740" lon="14.6943420"></trkpt>
    <trkpt lat="56.0689590" lon="14.6945340"></trkpt>
    <trkpt lat="56.0693430" lon="14.6947250"></trkpt>
    <trkpt lat="56.0697270" lon="14.6949170"></trkpt>
    <trkpt lat="56.0701120" lon="14.6951080"></trkpt>
    <trkpt lat="56.0701660" lon="14.6949210"></trkpt>
    <trkpt lat="56.0704990" lon="14.6944360"></trkpt>
    <trkpt lat="56.0708310" lon="14.6939500"></trkpt>
    <trkpt lat="56.0708860" lon="14.6938750"></trkpt>
    <trkpt lat="56.0709260" lon="14.6937940"></trkpt>
    <trkpt lat="56.0709460" lon="14.6936870"></trkpt>
    <trkpt lat="56.0709510" lon="14.6935730"></trkpt>
    <trkpt lat="56.0709450" lon="14.6934050"></trkpt>
    <trkpt lat="56.0709400" lon="14.6929690"></trkpt>
    <trkpt lat="56.0709340" lon="14.6925340"></trkpt>
    <trkpt lat="56.0709430" lon="14.6919040"></trkpt>
    <trkpt lat="56.0709510" lon="14.6913200"></trkpt>
    <trkpt lat="56.0709590" lon="14.6907350"></trkpt>
    <trkpt lat="56.0709580" lon="14.6901240"></trkpt>
    <trkpt lat="56.0709580" lon="14.6895140"></trkpt>
    <trkpt lat="56.0709570" lon="14.6889030"></trkpt>
    <trkpt lat="56.0709560" lon="14.6882930"></trkpt>
    <trkpt lat="56.0709590" lon="14.6875260"></trkpt>
    <trkpt lat="56.0709630" lon="14.6867590"></trkpt>
    <trkpt lat="56.0709660" lon="14.6859920"></trkpt>
    <trkpt lat="56.0709690" lon="14.6854770"></trkpt>
    <trkpt lat="56.0709720" lon="14.6849620"></trkpt>
    <trkpt lat="56.0709740" lon="14.6845430"></trkpt>
    <trkpt lat="56.0709780" lon="14.6840700"></trkpt>
    <trkpt lat="56.0709870" lon="14.6838950"></trkpt>
    <trkpt lat="56.0710210" lon="14.6836700"></trkpt>
    <trkpt lat="56.0711240" lon="14.6830810"></trkpt>
    <trkpt lat="56.0712270" lon="14.6824910"></trkpt>
    <trkpt lat="56.0713480" lon="14.6818350"></trkpt>
    <trkpt lat="56.0714680" lon="14.6811780"></trkpt>
    <trkpt lat="56.0715710" lon="14.6806060"></trkpt>
    <trkpt lat="56.0716730" lon="14.6800330"></trkpt>
    <trkpt lat="56.0718120" lon="14.6793040"></trkpt>
    <trkpt lat="56.0718940" lon="14.6788370"></trkpt>
    <trkpt lat="56.0719770" lon="14.6783710"></trkpt>
    <trkpt lat="56.0720730" lon="14.6778270"></trkpt>
    <trkpt lat="56.0721690" lon="14.6772820"></trkpt>
    <trkpt lat="56.0722660" lon="14.6767650"></trkpt>
    <trkpt lat="56.0723630" lon="14.6762470"></trkpt>
    <trkpt lat="56.0724770" lon="14.6755930"></trkpt>
    <trkpt lat="56.0725910" lon="14.6749380"></trkpt>
    <trkpt lat="56.0726860" lon="14.6743400"></trkpt>
    <trkpt lat="56.0727050" lon="14.6742300"></trkpt>
    <trkpt lat="56.0727910" lon="14.6741900"></trkpt>
    <trkpt lat="56.0728500" lon="14.6741940"></trkpt>
    <trkpt lat="56.0729130" lon="14.6742310"></trkpt>
    <trkpt lat="56.0732840" lon="14.6745660"></trkpt>
    <trkpt lat="56.0736550" lon="14.6749000"></trkpt>
    <trkpt lat="56.0740260" lon="14.6752350"></trkpt>
    <trkpt lat="56.0743970" lon="14.6755690"></trkpt>
    <trkpt lat="56.0747580" lon="14.6758660"></trkpt>
    <trkpt lat="56.0751180" lon="14.6761630"></trkpt>
    <trkpt lat="56.0754790" lon="14.6764590"></trkpt>
    <trkpt lat="56.0758400" lon="14.6767560"></trkpt>
    <trkpt lat="56.0759470" lon="14.6768290"></trkpt>
    <trkpt lat="56.0759360" lon="14.6761500"></trkpt>
    <trkpt lat="56.0759280" lon="14.6754480"></trkpt>
    <trkpt lat="56.0759200" lon="14.6747460"></trkpt>
    <trkpt lat="56.0759130" lon="14.6740440"></trkpt>
    <trkpt lat="56.0759080" lon="14.6734460"></trkpt>
    <trkpt lat="56.0759040" lon="14.6728480"></trkpt>
    <trkpt lat="56.0758910" lon="14.6722490"></trkpt>
    <trkpt lat="56.0758870" lon="14.6716420"></trkpt>
    <trkpt lat="56.0758760" lon="14.6709100"></trkpt>
    <trkpt lat="56.0758640" lon="14.6701790"></trkpt>
    <trkpt lat="56.0758520" lon="14.6694470"></trkpt>
    <trkpt lat="56.0758410" lon="14.6687150"></trkpt>
    <trkpt lat="56.0758290" lon="14.6679840"></trkpt>
    <trkpt lat="56.0758190" lon="14.6673020"></trkpt>
    <trkpt lat="56.0758080" lon="14.6666210"></trkpt>
    <trkpt lat="56.0757970" lon="14.6659390"></trkpt>
    <trkpt lat="56.0757870" lon="14.6654020"></trkpt>
    <trkpt lat="56.0757770" lon="14.6648640"></trkpt>
    <trkpt lat="56.0757660" lon="14.6643270"></trkpt>
    <trkpt lat="56.0757470" lon="14.6635830"></trkpt>
    <trkpt lat="56.0757270" lon="14.6628390"></trkpt>
    <trkpt lat="56.0757080" lon="14.6620960"></trkpt>
    <trkpt lat="56.0756880" lon="14.6613520"></trkpt>
    <trkpt lat="56.0756690" lon="14.6606090"></trkpt>
    <trkpt lat="56.0756380" lon="14.6599360"></trkpt>
    <trkpt lat="56.0756070" lon="14.6592630"></trkpt>
    <trkpt lat="56.0755760" lon="14.6585900"></trkpt>
    <trkpt lat="56.0755960" lon="14.6583380"></trkpt>
    <trkpt lat="56.0756700" lon="14.6582160"></trkpt>
    <trkpt lat="56.0757740" lon="14.6581910"></trkpt>
    <trkpt lat="56.0761670" lon="14.6583500"></trkpt>
    <trkpt lat="56.0765590" lon="14.6585090"></trkpt>
    <trkpt lat="56.0766760" lon="14.6584050"></trkpt>
    <trkpt lat="56.0767600" lon="14.6582240"></trkpt>
    <trkpt lat="56.0767700" lon="14.6578870"></trkpt>
    <trkpt lat="56.0767320" lon="14.6572130"></trkpt>
    <trkpt lat="56.0766940" lon="14.6565400"></trkpt>
    <trkpt lat="56.0766560" lon="14.6558660"></trkpt>
    <trkpt lat="56.0766560" lon="14.6558660"></trkpt>
    <trkpt lat="56.0770290" lon="14.6558440"></trkpt>
    <trkpt lat="56.0774010" lon="14.6558210"></trkpt>
    <trkpt lat="56.0775400" lon="14.6558190"></trkpt>
    <trkpt lat="56.0778810" lon="14.6558650"></trkpt>
    <trkpt lat="56.0782210" lon="14.6559120"></trkpt>
    <trkpt lat="56.0785620" lon="14.6559590"></trkpt>
    <trkpt lat="56.0788970" lon="14.6560050"></trkpt>
    <trkpt lat="56.0792310" lon="14.6560510"></trkpt>
    <trkpt lat="56.0795660" lon="14.6560970"></trkpt>
    <trkpt lat="56.0799120" lon="14.6561390"></trkpt>
    <trkpt lat="56.0802580" lon="14.6561800"></trkpt>
    <trkpt lat="56.0806030" lon="14.6562220"></trkpt>
    <trkpt lat="56.0809600" lon="14.6562650"></trkpt>
    <trkpt lat="56.0813170" lon="14.6563080"></trkpt>
    <trkpt lat="56.0816740" lon="14.6563520"></trkpt>
    <trkpt lat="56.0820310" lon="14.6563950"></trkpt>
    <trkpt lat="56.0823870" lon="14.6564380"></trkpt>
    <trkpt lat="56.0827420" lon="14.6564810"></trkpt>
    <trkpt lat="56.0831860" lon="14.6565410"></trkpt>
    <trkpt lat="56.0834990" lon="14.6565840"></trkpt>
    <trkpt lat="56.0838120" lon="14.6566260"></trkpt>
    <trkpt lat="56.0841250" lon="14.6566680"></trkpt>
    <trkpt lat="56.0844750" lon="14.6567140"></trkpt>
    <trkpt lat="56.0848250" lon="14.6567600"></trkpt>
    <trkpt lat="56.0851740" lon="14.6568050"></trkpt>
    <trkpt lat="56.0855240" lon="14.6568510"></trkpt>
    <trkpt lat="56.0859290" lon="14.6569090"></trkpt>
    <trkpt lat="56.0863330" lon="14.6569680"></trkpt>
    <trkpt lat="56.0865090" lon="14.6563230"></trkpt>
    <trkpt lat="56.0866850" lon="14.6556790"></trkpt>
    <trkpt lat="56.0868220" lon="14.6551800"></trkpt>
    <trkpt lat="56.0868610" lon="14.6550350"></trkpt>
    <trkpt lat="56.0870370" lon="14.6543900"></trkpt>
    <trkpt lat="56.0872130" lon="14.6537460"></trkpt>
    <trkpt lat="56.0873890" lon="14.6531020"></trkpt>
    <trkpt lat="56.0875650" lon="14.6524570"></trkpt>
    <trkpt lat="56.0877410" lon="14.6518130"></trkpt>
    <trkpt lat="56.0879140" lon="14.6511800"></trkpt>
    <trkpt lat="56.0880870" lon="14.6505460"></trkpt>
    <trkpt lat="56.0882600" lon="14.6499130"></trkpt>
    <trkpt lat="56.0883880" lon="14.6493920"></trkpt>
    <trkpt lat="56.0885150" lon="14.6488710"></trkpt>
    <trkpt lat="56.0885150" lon="14.6488710"></trkpt>
    <trkpt lat="56.0885360" lon="14.6488030"></trkpt>
    <trkpt lat="56.0885360" lon="14.6488030"></trkpt>
    <trkpt lat="56.0885360" lon="14.6488030"></trkpt>
    <trkpt lat="56.0885360" lon="14.6488030"></trkpt>
    <trkpt lat="56.0885360" lon="14.6488030"></trkpt>
    <trkpt lat="56.0885800" lon="14.6486600"></trkpt>
    <trkpt lat="56.0890030" lon="14.6485470"></trkpt>
    <trkpt lat="56.0892520" lon="14.6485320"></trkpt>
    <trkpt lat="56.0893650" lon="14.6485650"></trkpt>
    <trkpt lat="56.0893970" lon="14.6485910"></trkpt>
    <trkpt lat="56.0894130" lon="14.6486040"></trkpt>
    <trkpt lat="56.0894630" lon="14.6486870"></trkpt>
    <trkpt lat="56.0894850" lon="14.6488440"></trkpt>
    <trkpt lat="56.0894870" lon="14.6490150"></trkpt>
    <trkpt lat="56.0894620" lon="14.6493150"></trkpt>
    <trkpt lat="56.0894230" lon="14.6495070"></trkpt>
    <trkpt lat="56.0894230" lon="14.6495070"></trkpt>
    <trkpt lat="56.0898020" lon="14.6497900"></trkpt>
    <trkpt lat="56.0901100" lon="14.6500780"></trkpt>
    <trkpt lat="56.0904530" lon="14.6504490"></trkpt>
    <trkpt lat="56.0907960" lon="14.6508210"></trkpt>
    <trkpt lat="56.0908350" lon="14.6507170"></trkpt>
    <trkpt lat="56.0908960" lon="14.6504820"></trkpt>
    <trkpt lat="56.0908960" lon="14.6504820"></trkpt>
    <trkpt lat="56.0907910" lon="14.6503520"></trkpt>
    <trkpt lat="56.0906910" lon="14.6502260"></trkpt>
    <trkpt lat="56.0906860" lon="14.6500350"></trkpt>
    <trkpt lat="56.0906910" lon="14.6497480"></trkpt>
    <trkpt lat="56.0907000" lon="14.6492450"></trkpt>
    <trkpt lat="56.0907080" lon="14.6487410"></trkpt>
    <trkpt lat="56.0907320" lon="14.6486410"></trkpt>
    <trkpt lat="56.0908340" lon="14.6484960"></trkpt>
    <trkpt lat="56.0909630" lon="14.6483740"></trkpt>
    <trkpt lat="56.0910730" lon="14.6483940"></trkpt>
    <trkpt lat="56.0911540" lon="14.6484450"></trkpt>
    <trkpt lat="56.0912210" lon="14.6485100"></trkpt>
    <trkpt lat="56.0913300" lon="14.6486080"></trkpt>
    <trkpt lat="56.0914350" lon="14.6487680"></trkpt>
    <trkpt lat="56.0915130" lon="14.6488850"></trkpt>
    <trkpt lat="56.0915130" lon="14.6488850"></trkpt>
    <trkpt lat="56.0916570" lon="14.6484850"></trkpt>
    <trkpt lat="56.0917740" lon="14.6481830"></trkpt>
    <trkpt lat="56.0918690" lon="14.6479840"></trkpt>
    <trkpt lat="56.0919680" lon="14.6477990"></trkpt>
    <trkpt lat="56.0921280" lon="14.6475450"></trkpt>
    <trkpt lat="56.0922780" lon="14.6473060"></trkpt>
    <trkpt lat="56.0923760" lon="14.6471420"></trkpt>
    <trkpt lat="56.0924440" lon="14.6470240"></trkpt>
    <trkpt lat="56.0925100" lon="14.6468850"></trkpt>
    <trkpt lat="56.0925760" lon="14.6467410"></trkpt>
    <trkpt lat="56.0926340" lon="14.6465930"></trkpt>
    <trkpt lat="56.0927240" lon="14.6463310"></trkpt>
    <trkpt lat="56.0927800" lon="14.6461180"></trkpt>
    <trkpt lat="56.0928250" lon="14.6458940"></trkpt>
    <trkpt lat="56.0928940" lon="14.6455520"></trkpt>
    <trkpt lat="56.0929620" lon="14.6452300"></trkpt>
    <trkpt lat="56.0930240" lon="14.6449480"></trkpt>
    <trkpt lat="56.0930810" lon="14.6447320"></trkpt>
    <trkpt lat="56.0931380" lon="14.6445280"></trkpt>
    <trkpt lat="56.0931940" lon="14.6443880"></trkpt>
    <trkpt lat="56.0934330" lon="14.6437440"></trkpt>
    <trkpt lat="56.0936730" lon="14.6431010"></trkpt>
    <trkpt lat="56.0939120" lon="14.6424570"></trkpt>
    <trkpt lat="56.0941510" lon="14.6418140"></trkpt>
    <trkpt lat="56.0943900" lon="14.6411700"></trkpt>
    <trkpt lat="56.0946290" lon="14.6405270"></trkpt>
    <trkpt lat="56.0948680" lon="14.6398830"></trkpt>
    <trkpt lat="56.0951080" lon="14.6392400"></trkpt>
    <trkpt lat="56.0953470" lon="14.6385960"></trkpt>
    <trkpt lat="56.0955860" lon="14.6379520"></trkpt>
    <trkpt lat="56.0958020" lon="14.6373770"></trkpt>
    <trkpt lat="56.0960170" lon="14.6368010"></trkpt>
    <trkpt lat="56.0962330" lon="14.6362250"></trkpt>
    <trkpt lat="56.0964490" lon="14.6356490"></trkpt>
    <trkpt lat="56.0966400" lon="14.6351390"></trkpt>
    <trkpt lat="56.0968690" lon="14.6345170"></trkpt>
    <trkpt lat="56.0970980" lon="14.6338950"></trkpt>
    <trkpt lat="56.0973280" lon="14.6332720"></trkpt>
    <trkpt lat="56.0975570" lon="14.6326500"></trkpt>
    <trkpt lat="56.0977860" lon="14.6320280"></trkpt>
    <trkpt lat="56.0980170" lon="14.6314220"></trkpt>
    <trkpt lat="56.0982480" lon="14.6308160"></trkpt>
    <trkpt lat="56.0984800" lon="14.6302100"></trkpt>
    <trkpt lat="56.0987110" lon="14.6296040"></trkpt>
    <trkpt lat="56.0989420" lon="14.6289970"></trkpt>
    <trkpt lat="56.0991730" lon="14.6283910"></trkpt>
    <trkpt lat="56.0994040" lon="14.6277850"></trkpt>
    <trkpt lat="56.0996350" lon="14.6271790"></trkpt>
    <trkpt lat="56.0998660" lon="14.6265730"></trkpt>
    <trkpt lat="56.1000970" lon="14.6259670"></trkpt>
    <trkpt lat="56.1003280" lon="14.6253610"></trkpt>
    <trkpt lat="56.1004820" lon="14.6248170"></trkpt>
    <trkpt lat="56.1006360" lon="14.6243190"></trkpt>
    <trkpt lat="56.1006630" lon="14.6237570"></trkpt>
    <trkpt lat="56.1007090" lon="14.6233410"></trkpt>
    <trkpt lat="56.1007700" lon="14.6225940"></trkpt>
    <trkpt lat="56.1008310" lon="14.6218470"></trkpt>
    <trkpt lat="56.1008930" lon="14.6211000"></trkpt>
    <trkpt lat="56.1009540" lon="14.6203530"></trkpt>
    <trkpt lat="56.1010160" lon="14.6196060"></trkpt>
    <trkpt lat="56.1010770" lon="14.6188590"></trkpt>
    <trkpt lat="56.1011370" lon="14.6182080"></trkpt>
    <trkpt lat="56.1011970" lon="14.6175580"></trkpt>
    <trkpt lat="56.1014880" lon="14.6176660"></trkpt>
    <trkpt lat="56.1018070" lon="14.6177810"></trkpt>
    <trkpt lat="56.1020350" lon="14.6178430"></trkpt>
    <trkpt lat="56.1021520" lon="14.6178740"></trkpt>
    <trkpt lat="56.1025230" lon="14.6179740"></trkpt>
    <trkpt lat="56.1028300" lon="14.6180950"></trkpt>
    <trkpt lat="56.1030690" lon="14.6182080"></trkpt>
    <trkpt lat="56.1033080" lon="14.6183210"></trkpt>
    <trkpt lat="56.1033910" lon="14.6183600"></trkpt>
    <trkpt lat="56.1038150" lon="14.6185800"></trkpt>
    <trkpt lat="56.1039470" lon="14.6186490"></trkpt>
    <trkpt lat="56.1041210" lon="14.6187400"></trkpt>
    <trkpt lat="56.1044860" lon="14.6189120"></trkpt>
    <trkpt lat="56.1047310" lon="14.6190420"></trkpt>
    <trkpt lat="56.1048990" lon="14.6191260"></trkpt>
    <trkpt lat="56.1048990" lon="14.6191260"></trkpt>
    <trkpt lat="56.1048910" lon="14.6192980"></trkpt>
    <trkpt lat="56.1048940" lon="14.6193600"></trkpt>
    <trkpt lat="56.1049050" lon="14.6194140"></trkpt>
    <trkpt lat="56.1049290" lon="14.6194470"></trkpt>
    <trkpt lat="56.1052200" lon="14.6195320"></trkpt>
    <trkpt lat="56.1052410" lon="14.6195280"></trkpt>
    <trkpt lat="56.1052580" lon="14.6194970"></trkpt>
    <trkpt lat="56.1052960" lon="14.6193260"></trkpt>
    <trkpt lat="56.1052960" lon="14.6193260"></trkpt>
    <trkpt lat="56.1053580" lon="14.6193570"></trkpt>
    <trkpt lat="56.1056710" lon="14.6195000"></trkpt>
    <trkpt lat="56.1058980" lon="14.6195580"></trkpt>
    <trkpt lat="56.1061940" lon="14.6196080"></trkpt>
    <trkpt lat="56.1062240" lon="14.6196130"></trkpt>
    <trkpt lat="56.1066340" lon="14.6196560"></trkpt>
    <trkpt lat="56.1069090" lon="14.6196900"></trkpt>
    <trkpt lat="56.1069610" lon="14.6196970"></trkpt>
    <trkpt lat="56.1072160" lon="14.6197320"></trkpt>
    <trkpt lat="56.1072300" lon="14.6199270"></trkpt>
    <trkpt lat="56.1072420" lon="14.6200580"></trkpt>
    <trkpt lat="56.1072870" lon="14.6204900"></trkpt>
    <trkpt lat="56.1073420" lon="14.6210040"></trkpt>
    <trkpt lat="56.1073970" lon="14.6215180"></trkpt>
    <trkpt lat="56.1074570" lon="14.6220670"></trkpt>
    <trkpt lat="56.1075180" lon="14.6226160"></trkpt>
    <trkpt lat="56.1075790" lon="14.6231580"></trkpt>
    <trkpt lat="56.1076390" lon="14.6237000"></trkpt>
    <trkpt lat="56.1076770" lon="14.6241370"></trkpt>
    <trkpt lat="56.1077140" lon="14.6245730"></trkpt>
    <trkpt lat="56.1077730" lon="14.6253620"></trkpt>
    <trkpt lat="56.1078310" lon="14.6261500"></trkpt>
    <trkpt lat="56.1078770" lon="14.6268080"></trkpt>
    <trkpt lat="56.1079220" lon="14.6274660"></trkpt>
    <trkpt lat="56.1079630" lon="14.6280790"></trkpt>
    <trkpt lat="56.1080040" lon="14.6286920"></trkpt>
    <trkpt lat="56.1080180" lon="14.6289490"></trkpt>
    <trkpt lat="56.1078630" lon="14.6295140"></trkpt>
    <trkpt lat="56.1078430" lon="14.6301880"></trkpt>
    <trkpt lat="56.1077760" lon="14.6302760"></trkpt>
    <trkpt lat="56.1078430" lon="14.6301880"></trkpt>
    <trkpt lat="56.1078630" lon="14.6295140"></trkpt>
    <trkpt lat="56.1080180" lon="14.6289490"></trkpt>
    <trkpt lat="56.1080040" lon="14.6286920"></trkpt>
    <trkpt lat="56.1079630" lon="14.6280790"></trkpt>
    <trkpt lat="56.1079220" lon="14.6274660"></trkpt>
    <trkpt lat="56.1078770" lon="14.6268080"></trkpt>
    <trkpt lat="56.1078310" lon="14.6261500"></trkpt>
    <trkpt lat="56.1077730" lon="14.6253620"></trkpt>
    <trkpt lat="56.1077140" lon="14.6245730"></trkpt>
    <trkpt lat="56.1076770" lon="14.6241370"></trkpt>
    <trkpt lat="56.1076390" lon="14.6237000"></trkpt>
    <trkpt lat="56.1075790" lon="14.6231580"></trkpt>
    <trkpt lat="56.1075180" lon="14.6226160"></trkpt>
    <trkpt lat="56.1074570" lon="14.6220670"></trkpt>
    <trkpt lat="56.1073970" lon="14.6215180"></trkpt>
    <trkpt lat="56.1073420" lon="14.6210040"></trkpt>
    <trkpt lat="56.1072870" lon="14.6204900"></trkpt>
    <trkpt lat="56.1072420" lon="14.6200580"></trkpt>
    <trkpt lat="56.1072300" lon="14.6199270"></trkpt>
    <trkpt lat="56.1072160" lon="14.6197320"></trkpt>
    <trkpt lat="56.1076100" lon="14.6198080"></trkpt>
    <trkpt lat="56.1077590" lon="14.6198290"></trkpt>
    <trkpt lat="56.1079660" lon="14.6198570"></trkpt>
    <trkpt lat="56.1083510" lon="14.6199020"></trkpt>
    <trkpt lat="56.1086250" lon="14.6199110"></trkpt>
    <trkpt lat="56.1089010" lon="14.6199610"></trkpt>
    <trkpt lat="56.1091880" lon="14.6200020"></trkpt>
    <trkpt lat="56.1093630" lon="14.6200680"></trkpt>
    <trkpt lat="56.1095640" lon="14.6201430"></trkpt>
    <trkpt lat="56.1098970" lon="14.6203570"></trkpt>
    <trkpt lat="56.1101900" lon="14.6205220"></trkpt>
    <trkpt lat="56.1104180" lon="14.6206440"></trkpt>
    <trkpt lat="56.1104380" lon="14.6206570"></trkpt>
    <trkpt lat="56.1105680" lon="14.6207310"></trkpt>
    <trkpt lat="56.1109250" lon="14.6209000"></trkpt>
    <trkpt lat="56.1110820" lon="14.6209270"></trkpt>
    <trkpt lat="56.1112560" lon="14.6209560"></trkpt>
    <trkpt lat="56.1115720" lon="14.6209920"></trkpt>
    <trkpt lat="56.1118480" lon="14.6209850"></trkpt>
    <trkpt lat="56.1120480" lon="14.6209810"></trkpt>
    <trkpt lat="56.1124360" lon="14.6208550"></trkpt>
    <trkpt lat="56.1126400" lon="14.6207940"></trkpt>
    <trkpt lat="56.1128510" lon="14.6207700"></trkpt>
    <trkpt lat="56.1130590" lon="14.6208300"></trkpt>
    <trkpt lat="56.1133710" lon="14.6209400"></trkpt>
    <trkpt lat="56.1136300" lon="14.6209730"></trkpt>
    <trkpt lat="56.1138900" lon="14.6209660"></trkpt>
    <trkpt lat="56.1141250" lon="14.6209530"></trkpt>
    <trkpt lat="56.1143590" lon="14.6209400"></trkpt>
    <trkpt lat="56.1146840" lon="14.6208480"></trkpt>
    <trkpt lat="56.1150110" lon="14.6207530"></trkpt>
    <trkpt lat="56.1152870" lon="14.6207420"></trkpt>
    <trkpt lat="56.1155640" lon="14.6208190"></trkpt>
    <trkpt lat="56.1158840" lon="14.6210560"></trkpt>
    <trkpt lat="56.1160810" lon="14.6212600"></trkpt>
    <trkpt lat="56.1162770" lon="14.6214640"></trkpt>
    <trkpt lat="56.1165000" lon="14.6217720"></trkpt>
    <trkpt lat="56.1166960" lon="14.6221030"></trkpt>
    <trkpt lat="56.1170170" lon="14.6225800"></trkpt>
    <trkpt lat="56.1172320" lon="14.6229180"></trkpt>
    <trkpt lat="56.1174290" lon="14.6232380"></trkpt>
    <trkpt lat="56.1176200" lon="14.6235650"></trkpt>
    <trkpt lat="56.1178110" lon="14.6238920"></trkpt>
    <trkpt lat="56.1179790" lon="14.6242260"></trkpt>
    <trkpt lat="56.1181470" lon="14.6245600"></trkpt>
    <trkpt lat="56.1183400" lon="14.6249630"></trkpt>
    <trkpt lat="56.1185330" lon="14.6253660"></trkpt>
    <trkpt lat="56.1187120" lon="14.6256880"></trkpt>
    <trkpt lat="56.1188910" lon="14.6260090"></trkpt>
    <trkpt lat="56.1191390" lon="14.6263270"></trkpt>
    <trkpt lat="56.1194540" lon="14.6266000"></trkpt>
    <trkpt lat="56.1197380" lon="14.6267680"></trkpt>
    <trkpt lat="56.1200530" lon="14.6269140"></trkpt>
    <trkpt lat="56.1203680" lon="14.6270610"></trkpt>
    <trkpt lat="56.1206820" lon="14.6272070"></trkpt>
    <trkpt lat="56.1209380" lon="14.6273160"></trkpt>
    <trkpt lat="56.1211940" lon="14.6274260"></trkpt>
    <trkpt lat="56.1214280" lon="14.6275010"></trkpt>
    <trkpt lat="56.1216620" lon="14.6275770"></trkpt>
    <trkpt lat="56.1220800" lon="14.6277100"></trkpt>
    <trkpt lat="56.1224550" lon="14.6279390"></trkpt>
    <trkpt lat="56.1228500" lon="14.6281190"></trkpt>
    <trkpt lat="56.1231460" lon="14.6282080"></trkpt>
    <trkpt lat="56.1234830" lon="14.6282200"></trkpt>
    <trkpt lat="56.1238090" lon="14.6281160"></trkpt>
    <trkpt lat="56.1242180" lon="14.6280000"></trkpt>
    <trkpt lat="56.1244550" lon="14.6278700"></trkpt>
    <trkpt lat="56.1246920" lon="14.6277400"></trkpt>
    <trkpt lat="56.1249280" lon="14.6275980"></trkpt>
    <trkpt lat="56.1251640" lon="14.6274550"></trkpt>
    <trkpt lat="56.1255240" lon="14.6272160"></trkpt>
    <trkpt lat="56.1259130" lon="14.6269980"></trkpt>
    <trkpt lat="56.1262140" lon="14.6268710"></trkpt>
    <trkpt lat="56.1264930" lon="14.6268460"></trkpt>
    <trkpt lat="56.1267720" lon="14.6268210"></trkpt>
    <trkpt lat="56.1270470" lon="14.6267970"></trkpt>
    <trkpt lat="56.1273210" lon="14.6267740"></trkpt>
    <trkpt lat="56.1275500" lon="14.6267790"></trkpt>
    <trkpt lat="56.1277790" lon="14.6267840"></trkpt>
    <trkpt lat="56.1280630" lon="14.6269380"></trkpt>
    <trkpt lat="56.1283480" lon="14.6270920"></trkpt>
    <trkpt lat="56.1285820" lon="14.6271900"></trkpt>
    <trkpt lat="56.1288170" lon="14.6272880"></trkpt>
    <trkpt lat="56.1292320" lon="14.6274470"></trkpt>
    <trkpt lat="56.1295030" lon="14.6275800"></trkpt>
    <trkpt lat="56.1297180" lon="14.6276630"></trkpt>
    <trkpt lat="56.1298770" lon="14.6277090"></trkpt>
    <trkpt lat="56.1300740" lon="14.6277110"></trkpt>
    <trkpt lat="56.1302540" lon="14.6277080"></trkpt>
    <trkpt lat="56.1304080" lon="14.6278020"></trkpt>
    <trkpt lat="56.1304540" lon="14.6278880"></trkpt>
    <trkpt lat="56.1304710" lon="14.6280030"></trkpt>
    <trkpt lat="56.1304560" lon="14.6282090"></trkpt>
    <trkpt lat="56.1303870" lon="14.6286560"></trkpt>
    <trkpt lat="56.1303220" lon="14.6290810"></trkpt>
    <trkpt lat="56.1302440" lon="14.6295040"></trkpt>
    <trkpt lat="56.1301640" lon="14.6299370"></trkpt>
    <trkpt lat="56.1300970" lon="14.6303420"></trkpt>
    <trkpt lat="56.1300300" lon="14.6307470"></trkpt>
    <trkpt lat="56.1299550" lon="14.6313170"></trkpt>
    <trkpt lat="56.1298800" lon="14.6318870"></trkpt>
    <trkpt lat="56.1298300" lon="14.6325550"></trkpt>
    <trkpt lat="56.1297790" lon="14.6332220"></trkpt>
    <trkpt lat="56.1298330" lon="14.6336890"></trkpt>
    <trkpt lat="56.1299720" lon="14.6340790"></trkpt>
    <trkpt lat="56.1301110" lon="14.6344690"></trkpt>
    <trkpt lat="56.1303860" lon="14.6350240"></trkpt>
    <trkpt lat="56.1304680" lon="14.6351580"></trkpt>
    <trkpt lat="56.1307280" lon="14.6354050"></trkpt>
    <trkpt lat="56.1310510" lon="14.6356120"></trkpt>
    <trkpt lat="56.1313750" lon="14.6358190"></trkpt>
    <trkpt lat="56.1316980" lon="14.6360260"></trkpt>
    <trkpt lat="56.1319630" lon="14.6361910"></trkpt>
    <trkpt lat="56.1322270" lon="14.6363560"></trkpt>
    <trkpt lat="56.1324600" lon="14.6364940"></trkpt>
    <trkpt lat="56.1326920" lon="14.6366330"></trkpt>
    <trkpt lat="56.1329560" lon="14.6367930"></trkpt>
    <trkpt lat="56.1332210" lon="14.6369520"></trkpt>
    <trkpt lat="56.1334620" lon="14.6370560"></trkpt>
    <trkpt lat="56.1337580" lon="14.6371210"></trkpt>
    <trkpt lat="56.1340000" lon="14.6371330"></trkpt>
    <trkpt lat="56.1343290" lon="14.6371040"></trkpt>
    <trkpt lat="56.1345600" lon="14.6370630"></trkpt>
    <trkpt lat="56.1347910" lon="14.6370210"></trkpt>
    <trkpt lat="56.1350160" lon="14.6369750"></trkpt>
    <trkpt lat="56.1352400" lon="14.6369290"></trkpt>
    <trkpt lat="56.1353500" lon="14.6368940"></trkpt>
    <trkpt lat="56.1355340" lon="14.6368280"></trkpt>
    <trkpt lat="56.1358430" lon="14.6366990"></trkpt>
    <trkpt lat="56.1361520" lon="14.6365710"></trkpt>
    <trkpt lat="56.1364040" lon="14.6365270"></trkpt>
    <trkpt lat="56.1366710" lon="14.6365510"></trkpt>
    <trkpt lat="56.1370370" lon="14.6365850"></trkpt>
    <trkpt lat="56.1374040" lon="14.6366450"></trkpt>
    <trkpt lat="56.1377570" lon="14.6366710"></trkpt>
    <trkpt lat="56.1381040" lon="14.6366510"></trkpt>
    <trkpt lat="56.1384500" lon="14.6366310"></trkpt>
    <trkpt lat="56.1386080" lon="14.6366710"></trkpt>
    <trkpt lat="56.1388840" lon="14.6367880"></trkpt>
    <trkpt lat="56.1389990" lon="14.6368750"></trkpt>
    <trkpt lat="56.1391000" lon="14.6369530"></trkpt>
    <trkpt lat="56.1392350" lon="14.6370850"></trkpt>
    <trkpt lat="56.1394460" lon="14.6373120"></trkpt>
    <trkpt lat="56.1396630" lon="14.6375010"></trkpt>
    <trkpt lat="56.1397620" lon="14.6375710"></trkpt>
    <trkpt lat="56.1398810" lon="14.6376200"></trkpt>
    <trkpt lat="56.1400190" lon="14.6376400"></trkpt>
    <trkpt lat="56.1402830" lon="14.6376400"></trkpt>
    <trkpt lat="56.1405460" lon="14.6376400"></trkpt>
    <trkpt lat="56.1408310" lon="14.6376370"></trkpt>
    <trkpt lat="56.1411160" lon="14.6376340"></trkpt>
    <trkpt lat="56.1411990" lon="14.6376330"></trkpt>
    <trkpt lat="56.1412590" lon="14.6376410"></trkpt>
    <trkpt lat="56.1416180" lon="14.6376290"></trkpt>
    <trkpt lat="56.1420060" lon="14.6376270"></trkpt>
    <trkpt lat="56.1423940" lon="14.6376260"></trkpt>
    <trkpt lat="56.1427820" lon="14.6376240"></trkpt>
    <trkpt lat="56.1429810" lon="14.6376560"></trkpt>
    <trkpt lat="56.1433930" lon="14.6377380"></trkpt>
    <trkpt lat="56.1438160" lon="14.6378730"></trkpt>
    <trkpt lat="56.1442390" lon="14.6380080"></trkpt>
    <trkpt lat="56.1446180" lon="14.6382000"></trkpt>
    <trkpt lat="56.1448730" lon="14.6384140"></trkpt>
    <trkpt lat="56.1451730" lon="14.6386480"></trkpt>
    <trkpt lat="56.1454720" lon="14.6388830"></trkpt>
    <trkpt lat="56.1457160" lon="14.6392720"></trkpt>
    <trkpt lat="56.1458660" lon="14.6398070"></trkpt>
    <trkpt lat="56.1460170" lon="14.6403420"></trkpt>
    <trkpt lat="56.1461680" lon="14.6409110"></trkpt>
    <trkpt lat="56.1463190" lon="14.6414810"></trkpt>
    <trkpt lat="56.1464090" lon="14.6418440"></trkpt>
    <trkpt lat="56.1464320" lon="14.6419670"></trkpt>
    <trkpt lat="56.1466160" lon="14.6417930"></trkpt>
    <trkpt lat="56.1467150" lon="14.6417280"></trkpt>
    <trkpt lat="56.1467660" lon="14.6417070"></trkpt>
    <trkpt lat="56.1468000" lon="14.6416930"></trkpt>
    <trkpt lat="56.1470380" lon="14.6416890"></trkpt>
    <trkpt lat="56.1472010" lon="14.6416830"></trkpt>
    <trkpt lat="56.1474870" lon="14.6416720"></trkpt>
    <trkpt lat="56.1477730" lon="14.6416620"></trkpt>
    <trkpt lat="56.1480660" lon="14.6416400"></trkpt>
    <trkpt lat="56.1482190" lon="14.6416400"></trkpt>
    <trkpt lat="56.1483900" lon="14.6416230"></trkpt>
    <trkpt lat="56.1487420" lon="14.6415540"></trkpt>
    <trkpt lat="56.1489170" lon="14.6415040"></trkpt>
    <trkpt lat="56.1490740" lon="14.6414470"></trkpt>
    <trkpt lat="56.1492670" lon="14.6413700"></trkpt>
    <trkpt lat="56.1496510" lon="14.6411540"></trkpt>
    <trkpt lat="56.1500350" lon="14.6409390"></trkpt>
    <trkpt lat="56.1504200" lon="14.6407230"></trkpt>
    <trkpt lat="56.1507570" lon="14.6405320"></trkpt>
    <trkpt lat="56.1510940" lon="14.6403400"></trkpt>
    <trkpt lat="56.1514320" lon="14.6401490"></trkpt>
    <trkpt lat="56.1517090" lon="14.6399920"></trkpt>
    <trkpt lat="56.1519860" lon="14.6398350"></trkpt>
    <trkpt lat="56.1522330" lon="14.6397050"></trkpt>
    <trkpt lat="56.1526210" lon="14.6394700"></trkpt>
    <trkpt lat="56.1529420" lon="14.6392970"></trkpt>
    <trkpt lat="56.1532630" lon="14.6391240"></trkpt>
    <trkpt lat="56.1534460" lon="14.6390440"></trkpt>
    <trkpt lat="56.1536250" lon="14.6389940"></trkpt>
    <trkpt lat="56.1537870" lon="14.6389630"></trkpt>
    <trkpt lat="56.1540170" lon="14.6389460"></trkpt>
    <trkpt lat="56.1542810" lon="14.6389430"></trkpt>
    <trkpt lat="56.1543880" lon="14.6389500"></trkpt>
    <trkpt lat="56.1546700" lon="14.6389910"></trkpt>
    <trkpt lat="56.1547940" lon="14.6390040"></trkpt>
    <trkpt lat="56.1549080" lon="14.6390110"></trkpt>
    <trkpt lat="56.1550660" lon="14.6390080"></trkpt>
    <trkpt lat="56.1551380" lon="14.6389990"></trkpt>
    <trkpt lat="56.1552500" lon="14.6389820"></trkpt>
    <trkpt lat="56.1555130" lon="14.6389030"></trkpt>
    <trkpt lat="56.1558380" lon="14.6387560"></trkpt>
    <trkpt lat="56.1561620" lon="14.6386100"></trkpt>
    <trkpt lat="56.1564540" lon="14.6385160"></trkpt>
    <trkpt lat="56.1567460" lon="14.6384220"></trkpt>
    <trkpt lat="56.1570080" lon="14.6384000"></trkpt>
    <trkpt lat="56.1572690" lon="14.6383780"></trkpt>
    <trkpt lat="56.1575280" lon="14.6383580"></trkpt>
    <trkpt lat="56.1577860" lon="14.6383380"></trkpt>
    <trkpt lat="56.1581830" lon="14.6383630"></trkpt>
    <trkpt lat="56.1583540" lon="14.6383730"></trkpt>
    <trkpt lat="56.1584300" lon="14.6383780"></trkpt>
    <trkpt lat="56.1584930" lon="14.6383810"></trkpt>
    <trkpt lat="56.1587430" lon="14.6384290"></trkpt>
    <trkpt lat="56.1589930" lon="14.6384760"></trkpt>
    <trkpt lat="56.1591770" lon="14.6385100"></trkpt>
    <trkpt lat="56.1594020" lon="14.6385530"></trkpt>
    <trkpt lat="56.1596270" lon="14.6385950"></trkpt>
    <trkpt lat="56.1598990" lon="14.6386530"></trkpt>
    <trkpt lat="56.1602110" lon="14.6387480"></trkpt>
    <trkpt lat="56.1605230" lon="14.6388430"></trkpt>
    <trkpt lat="56.1608350" lon="14.6389380"></trkpt>
    <trkpt lat="56.1612580" lon="14.6390230"></trkpt>
    <trkpt lat="56.1616800" lon="14.6391090"></trkpt>
    <trkpt lat="56.1620760" lon="14.6391820"></trkpt>
    <trkpt lat="56.1624720" lon="14.6392560"></trkpt>
    <trkpt lat="56.1628680" lon="14.6393300"></trkpt>
    <trkpt lat="56.1633030" lon="14.6393360"></trkpt>
    <trkpt lat="56.1637280" lon="14.6393410"></trkpt>
    <trkpt lat="56.1641520" lon="14.6393460"></trkpt>
    <trkpt lat="56.1643860" lon="14.6393450"></trkpt>
    <trkpt lat="56.1646200" lon="14.6393440"></trkpt>
    <trkpt lat="56.1646990" lon="14.6393470"></trkpt>
    <trkpt lat="56.1649110" lon="14.6393540"></trkpt>
    <trkpt lat="56.1651230" lon="14.6393620"></trkpt>
    <trkpt lat="56.1654300" lon="14.6393730"></trkpt>
    <trkpt lat="56.1657060" lon="14.6393620"></trkpt>
    <trkpt lat="56.1659820" lon="14.6393510"></trkpt>
    <trkpt lat="56.1662120" lon="14.6392630"></trkpt>
    <trkpt lat="56.1662900" lon="14.6392130"></trkpt>
    <trkpt lat="56.1665620" lon="14.6390420"></trkpt>
    <trkpt lat="56.1668940" lon="14.6387640"></trkpt>
    <trkpt lat="56.1672300" lon="14.6384560"></trkpt>
    <trkpt lat="56.1674480" lon="14.6382600"></trkpt>
    <trkpt lat="56.1676670" lon="14.6380630"></trkpt>
    <trkpt lat="56.1678620" lon="14.6379240"></trkpt>
    <trkpt lat="56.1680780" lon="14.6378170"></trkpt>
    <trkpt lat="56.1681360" lon="14.6378120"></trkpt>
    <trkpt lat="56.1683210" lon="14.6377930"></trkpt>
    <trkpt lat="56.1686690" lon="14.6379610"></trkpt>
    <trkpt lat="56.1690180" lon="14.6381280"></trkpt>
    <trkpt lat="56.1694330" lon="14.6383290"></trkpt>
    <trkpt lat="56.1698480" lon="14.6385300"></trkpt>
    <trkpt lat="56.1702630" lon="14.6387310"></trkpt>
    <trkpt lat="56.1705860" lon="14.6389520"></trkpt>
    <trkpt lat="56.1709080" lon="14.6391730"></trkpt>
    <trkpt lat="56.1712310" lon="14.6393930"></trkpt>
    <trkpt lat="56.1716100" lon="14.6396780"></trkpt>
    <trkpt lat="56.1719880" lon="14.6399640"></trkpt>
    <trkpt lat="56.1723660" lon="14.6402490"></trkpt>
    <trkpt lat="56.1727210" lon="14.6405020"></trkpt>
    <trkpt lat="56.1730760" lon="14.6407550"></trkpt>
    <trkpt lat="56.1731580" lon="14.6403640"></trkpt>
    <trkpt lat="56.1732780" lon="14.6397820"></trkpt>
    <trkpt lat="56.1733990" lon="14.6392000"></trkpt>
    <trkpt lat="56.1735190" lon="14.6386180"></trkpt>
    <trkpt lat="56.1736400" lon="14.6380360"></trkpt>
    <trkpt lat="56.1736400" lon="14.6380360"></trkpt>
    <trkpt lat="56.1737720" lon="14.6385250"></trkpt>
    <trkpt lat="56.1739050" lon="14.6390150"></trkpt>
    <trkpt lat="56.1740380" lon="14.6395040"></trkpt>
    <trkpt lat="56.1741870" lon="14.6398570"></trkpt>
    <trkpt lat="56.1744210" lon="14.6404100"></trkpt>
    <trkpt lat="56.1747670" lon="14.6402950"></trkpt>
    <trkpt lat="56.1749320" lon="14.6402980"></trkpt>
    <trkpt lat="56.1751050" lon="14.6403540"></trkpt>
    <trkpt lat="56.1751940" lon="14.6404210"></trkpt>
    <trkpt lat="56.1752860" lon="14.6405550"></trkpt>
    <trkpt lat="56.1753740" lon="14.6407430"></trkpt>
    <trkpt lat="56.1755230" lon="14.6410220"></trkpt>
    <trkpt lat="56.1756390" lon="14.6411350"></trkpt>
    <trkpt lat="56.1757570" lon="14.6411960"></trkpt>
    <trkpt lat="56.1759020" lon="14.6412680"></trkpt>
    <trkpt lat="56.1762200" lon="14.6414170"></trkpt>
    <trkpt lat="56.1765380" lon="14.6415660"></trkpt>
    <trkpt lat="56.1768570" lon="14.6417140"></trkpt>
    <trkpt lat="56.1769760" lon="14.6418650"></trkpt>
    <trkpt lat="56.1772330" lon="14.6423080"></trkpt>
    <trkpt lat="56.1774900" lon="14.6427520"></trkpt>
    <trkpt lat="56.1777470" lon="14.6431950"></trkpt>
    <trkpt lat="56.1780030" lon="14.6434950"></trkpt>
    <trkpt lat="56.1781050" lon="14.6437960"></trkpt>
    <trkpt lat="56.1783020" lon="14.6442250"></trkpt>
    <trkpt lat="56.1785470" lon="14.6445200"></trkpt>
    <trkpt lat="56.1787920" lon="14.6448150"></trkpt>
    <trkpt lat="56.1790010" lon="14.6450300"></trkpt>
    <trkpt lat="56.1792100" lon="14.6452440"></trkpt>
    <trkpt lat="56.1795440" lon="14.6457590"></trkpt>
    <trkpt lat="56.1797950" lon="14.6461950"></trkpt>
    <trkpt lat="56.1800450" lon="14.6466300"></trkpt>
    <trkpt lat="56.1802950" lon="14.6470660"></trkpt>
    <trkpt lat="56.1805460" lon="14.6475010"></trkpt>
    <trkpt lat="56.1807620" lon="14.6477870"></trkpt>
    <trkpt lat="56.1810900" lon="14.6479230"></trkpt>
    <trkpt lat="56.1814180" lon="14.6480590"></trkpt>
    <trkpt lat="56.1817700" lon="14.6481790"></trkpt>
    <trkpt lat="56.1821230" lon="14.6483000"></trkpt>
    <trkpt lat="56.1824760" lon="14.6484200"></trkpt>
    <trkpt lat="56.1827740" lon="14.6485030"></trkpt>
    <trkpt lat="56.1830720" lon="14.6485870"></trkpt>
    <trkpt lat="56.1833700" lon="14.6486700"></trkpt>
    <trkpt lat="56.1837640" lon="14.6488710"></trkpt>
    <trkpt lat="56.1841580" lon="14.6490710"></trkpt>
    <trkpt lat="56.1845520" lon="14.6492710"></trkpt>
    <trkpt lat="56.1851020" lon="14.6494210"></trkpt>
    <trkpt lat="56.1853650" lon="14.6495280"></trkpt>
    <trkpt lat="56.1859680" lon="14.6498985"></trkpt>
    <trkpt lat="56.1865710" lon="14.6502690"></trkpt>
    <trkpt lat="56.1873470" lon="14.6509120"></trkpt>
    <trkpt lat="56.1878190" lon="14.6514060"></trkpt>
    <trkpt lat="56.1880870" lon="14.6518030"></trkpt>
    <trkpt lat="56.1885230" lon="14.6524790"></trkpt>
    <trkpt lat="56.1888930" lon="14.6527580"></trkpt>
    <trkpt lat="56.1893590" lon="14.6531760"></trkpt>
    <trkpt lat="56.1897710" lon="14.6534440"></trkpt>
    <trkpt lat="56.1903495" lon="14.6531225"></trkpt>
    <trkpt lat="56.1909280" lon="14.6528010"></trkpt>
    <trkpt lat="56.1913720" lon="14.6534125"></trkpt>
    <trkpt lat="56.1918160" lon="14.6540240"></trkpt>
    <trkpt lat="56.1924145" lon="14.6549195"></trkpt>
    <trkpt lat="56.1930130" lon="14.6558150"></trkpt>
    <trkpt lat="56.1937420" lon="14.6561880"></trkpt>
    <trkpt lat="56.1944710" lon="14.6565610"></trkpt>
    <trkpt lat="56.1952830" lon="14.6566120"></trkpt>
    <trkpt lat="56.1959220" lon="14.6568755"></trkpt>
    <trkpt lat="56.1965610" lon="14.6571390"></trkpt>
    <trkpt lat="56.1970020" lon="14.6567210"></trkpt>
    <trkpt lat="56.1975040" lon="14.6564440"></trkpt>
    <trkpt lat="56.1981130" lon="14.6566820"></trkpt>
    <trkpt lat="56.1987220" lon="14.6569200"></trkpt>
    <trkpt lat="56.1990050" lon="14.6575640"></trkpt>
    <trkpt lat="56.1990760" lon="14.6589380"></trkpt>
    <trkpt lat="56.1989550" lon="14.6591660"></trkpt>
    <trkpt lat="56.1986600" lon="14.6592350"></trkpt>
    <trkpt lat="56.1983650" lon="14.6593050"></trkpt>
    <trkpt lat="56.1981250" lon="14.6592950"></trkpt>
    <trkpt lat="56.1978840" lon="14.6592840"></trkpt>
    <trkpt lat="56.1976390" lon="14.6591250"></trkpt>
    <trkpt lat="56.1973470" lon="14.6592970"></trkpt>
    <trkpt lat="56.1970910" lon="14.6595520"></trkpt>
    <trkpt lat="56.1967000" lon="14.6596800"></trkpt>
    <trkpt lat="56.1964050" lon="14.6601520"></trkpt>
    <trkpt lat="56.1961340" lon="14.6602400"></trkpt>
    <trkpt lat="56.1958100" lon="14.6606010"></trkpt>
    <trkpt lat="56.1957700" lon="14.6610760"></trkpt>
    <trkpt lat="56.1957300" lon="14.6615500"></trkpt>
    <trkpt lat="56.1955510" lon="14.6619260"></trkpt>
    <trkpt lat="56.1953720" lon="14.6623010"></trkpt>
    <trkpt lat="56.1950480" lon="14.6625870"></trkpt>
    <trkpt lat="56.1947240" lon="14.6628720"></trkpt>
    <trkpt lat="56.1944000" lon="14.6631580"></trkpt>
    <trkpt lat="56.1940760" lon="14.6634430"></trkpt>
    <trkpt lat="56.1937080" lon="14.6633590"></trkpt>
    <trkpt lat="56.1935000" lon="14.6636010"></trkpt>
    <trkpt lat="56.1932910" lon="14.6638430"></trkpt>
    <trkpt lat="56.1928790" lon="14.6641210"></trkpt>
    <trkpt lat="56.1927120" lon="14.6643920"></trkpt>
    <trkpt lat="56.1925440" lon="14.6646630"></trkpt>
    <trkpt lat="56.1923670" lon="14.6651130"></trkpt>
    <trkpt lat="56.1921890" lon="14.6655620"></trkpt>
    <trkpt lat="56.1922050" lon="14.6661920"></trkpt>
    <trkpt lat="56.1922210" lon="14.6668210"></trkpt>
    <trkpt lat="56.1922370" lon="14.6674510"></trkpt>
    <trkpt lat="56.1921730" lon="14.6681090"></trkpt>
    <trkpt lat="56.1921090" lon="14.6687670"></trkpt>
    <trkpt lat="56.1920460" lon="14.6694250"></trkpt>
    <trkpt lat="56.1919350" lon="14.6700570"></trkpt>
    <trkpt lat="56.1918240" lon="14.6706900"></trkpt>
    <trkpt lat="56.1917130" lon="14.6713220"></trkpt>
    <trkpt lat="56.1916020" lon="14.6719550"></trkpt>
    <trkpt lat="56.1914060" lon="14.6723620"></trkpt>
    <trkpt lat="56.1912100" lon="14.6727690"></trkpt>
    <trkpt lat="56.1910430" lon="14.6731160"></trkpt>
    <trkpt lat="56.1908860" lon="14.6735010"></trkpt>
    <trkpt lat="56.1907290" lon="14.6738870"></trkpt>
    <trkpt lat="56.1907690" lon="14.6746390"></trkpt>
    <trkpt lat="56.1908090" lon="14.6753900"></trkpt>
    <trkpt lat="56.1908490" lon="14.6761420"></trkpt>
    <trkpt lat="56.1908880" lon="14.6768940"></trkpt>
    <trkpt lat="56.1909280" lon="14.6776450"></trkpt>
    <trkpt lat="56.1909680" lon="14.6783970"></trkpt>
    <trkpt lat="56.1910780" lon="14.6785270"></trkpt>
    <trkpt lat="56.1911070" lon="14.6787720"></trkpt>
    <trkpt lat="56.1911040" lon="14.6789390"></trkpt>
    <trkpt lat="56.1910790" lon="14.6791980"></trkpt>
    <trkpt lat="56.1910180" lon="14.6797170"></trkpt>
    <trkpt lat="56.1909730" lon="14.6801150"></trkpt>
    <trkpt lat="56.1909660" lon="14.6803480"></trkpt>
    <trkpt lat="56.1910050" lon="14.6807800"></trkpt>
    <trkpt lat="56.1910690" lon="14.6811590"></trkpt>
    <trkpt lat="56.1911920" lon="14.6816480"></trkpt>
    <trkpt lat="56.1913140" lon="14.6821380"></trkpt>
    <trkpt lat="56.1914730" lon="14.6827730"></trkpt>
    <trkpt lat="56.1916330" lon="14.6834090"></trkpt>
    <trkpt lat="56.1917920" lon="14.6840450"></trkpt>
    <trkpt lat="56.1919510" lon="14.6846800"></trkpt>
    <trkpt lat="56.1921100" lon="14.6853160"></trkpt>
    <trkpt lat="56.1922700" lon="14.6859520"></trkpt>
    <trkpt lat="56.1924150" lon="14.6866340"></trkpt>
    <trkpt lat="56.1925140" lon="14.6872800"></trkpt>
    <trkpt lat="56.1925660" lon="14.6880380"></trkpt>
    <trkpt lat="56.1925780" lon="14.6886570"></trkpt>
    <trkpt lat="56.1925880" lon="14.6892080"></trkpt>
    <trkpt lat="56.1925980" lon="14.6897600"></trkpt>
    <trkpt lat="56.1926080" lon="14.6903110"></trkpt>
    <trkpt lat="56.1926080" lon="14.6908910"></trkpt>
    <trkpt lat="56.1925720" lon="14.6913590"></trkpt>
    <trkpt lat="56.1924940" lon="14.6919530"></trkpt>
    <trkpt lat="56.1924170" lon="14.6925470"></trkpt>
    <trkpt lat="56.1923300" lon="14.6932860"></trkpt>
    <trkpt lat="56.1922430" lon="14.6940250"></trkpt>
    <trkpt lat="56.1921560" lon="14.6947650"></trkpt>
    <trkpt lat="56.1920700" lon="14.6955040"></trkpt>
    <trkpt lat="56.1919830" lon="14.6962430"></trkpt>
    <trkpt lat="56.1919740" lon="14.6963200"></trkpt>
    <trkpt lat="56.1918960" lon="14.6969830"></trkpt>
    <trkpt lat="56.1918310" lon="14.6975790"></trkpt>
    <trkpt lat="56.1917650" lon="14.6981750"></trkpt>
    <trkpt lat="56.1917000" lon="14.6987710"></trkpt>
    <trkpt lat="56.1916350" lon="14.6993670"></trkpt>
    <trkpt lat="56.1914990" lon="14.7001060"></trkpt>
    <trkpt lat="56.1913750" lon="14.7006810"></trkpt>
    <trkpt lat="56.1912500" lon="14.7012550"></trkpt>
    <trkpt lat="56.1911260" lon="14.7018300"></trkpt>
    <trkpt lat="56.1910210" lon="14.7023430"></trkpt>
    <trkpt lat="56.1909160" lon="14.7028560"></trkpt>
    <trkpt lat="56.1907520" lon="14.7036020"></trkpt>
    <trkpt lat="56.1905870" lon="14.7043480"></trkpt>
    <trkpt lat="56.1904230" lon="14.7050950"></trkpt>
    <trkpt lat="56.1902590" lon="14.7058410"></trkpt>
    <trkpt lat="56.1900940" lon="14.7065870"></trkpt>
    <trkpt lat="56.1899530" lon="14.7072180"></trkpt>
    <trkpt lat="56.1898110" lon="14.7078490"></trkpt>
    <trkpt lat="56.1896700" lon="14.7084800"></trkpt>
    <trkpt lat="56.1895280" lon="14.7091110"></trkpt>
    <trkpt lat="56.1893870" lon="14.7097420"></trkpt>
    <trkpt lat="56.1892940" lon="14.7102310"></trkpt>
    <trkpt lat="56.1892530" lon="14.7105770"></trkpt>
    <trkpt lat="56.1892450" lon="14.7107910"></trkpt>
    <trkpt lat="56.1892460" lon="14.7109770"></trkpt>
    <trkpt lat="56.1892590" lon="14.7111650"></trkpt>
    <trkpt lat="56.1892880" lon="14.7114120"></trkpt>
    <trkpt lat="56.1893250" lon="14.7116170"></trkpt>
    <trkpt lat="56.1893880" lon="14.7118880"></trkpt>
    <trkpt lat="56.1895460" lon="14.7124520"></trkpt>
    <trkpt lat="56.1897050" lon="14.7130150"></trkpt>
    <trkpt lat="56.1898630" lon="14.7135790"></trkpt>
    <trkpt lat="56.1899950" lon="14.7140760"></trkpt>
    <trkpt lat="56.1901320" lon="14.7145910"></trkpt>
    <trkpt lat="56.1902140" lon="14.7149340"></trkpt>
    <trkpt lat="56.1903410" lon="14.7155750"></trkpt>
    <trkpt lat="56.1904450" lon="14.7161480"></trkpt>
    <trkpt lat="56.1905500" lon="14.7167200"></trkpt>
    <trkpt lat="56.1906010" lon="14.7170260"></trkpt>
    <trkpt lat="56.1906500" lon="14.7173140"></trkpt>
    <trkpt lat="56.1907500" lon="14.7179070"></trkpt>
    <trkpt lat="56.1908500" lon="14.7185010"></trkpt>
    <trkpt lat="56.1909500" lon="14.7190940"></trkpt>
    <trkpt lat="56.1910720" lon="14.7197950"></trkpt>
    <trkpt lat="56.1911930" lon="14.7204970"></trkpt>
    <trkpt lat="56.1913040" lon="14.7211380"></trkpt>
    <trkpt lat="56.1914160" lon="14.7217790"></trkpt>
    <trkpt lat="56.1914920" lon="14.7222190"></trkpt>
    <trkpt lat="56.1915270" lon="14.7224200"></trkpt>
    <trkpt lat="56.1916380" lon="14.7230600"></trkpt>
    <trkpt lat="56.1917490" lon="14.7236990"></trkpt>
    <trkpt lat="56.1918600" lon="14.7243390"></trkpt>
    <trkpt lat="56.1919710" lon="14.7249790"></trkpt>
    <trkpt lat="56.1920820" lon="14.7256180"></trkpt>
    <trkpt lat="56.1921740" lon="14.7261750"></trkpt>
    <trkpt lat="56.1922360" lon="14.7266070"></trkpt>
    <trkpt lat="56.1922850" lon="14.7270760"></trkpt>
    <trkpt lat="56.1923240" lon="14.7276800"></trkpt>
    <trkpt lat="56.1923330" lon="14.7281560"></trkpt>
    <trkpt lat="56.1923170" lon="14.7289030"></trkpt>
    <trkpt lat="56.1923040" lon="14.7295470"></trkpt>
    <trkpt lat="56.1922910" lon="14.7301910"></trkpt>
    <trkpt lat="56.1922830" lon="14.7305330"></trkpt>
    <trkpt lat="56.1922770" lon="14.7308350"></trkpt>
    <trkpt lat="56.1922640" lon="14.7314790"></trkpt>
    <trkpt lat="56.1922520" lon="14.7318920"></trkpt>
    <trkpt lat="56.1922400" lon="14.7323050"></trkpt>
    <trkpt lat="56.1922270" lon="14.7329870"></trkpt>
    <trkpt lat="56.1922150" lon="14.7336690"></trkpt>
    <trkpt lat="56.1921990" lon="14.7343890"></trkpt>
    <trkpt lat="56.1921830" lon="14.7351090"></trkpt>
    <trkpt lat="56.1921670" lon="14.7358280"></trkpt>
    <trkpt lat="56.1921460" lon="14.7365430"></trkpt>
    <trkpt lat="56.1921440" lon="14.7367750"></trkpt>
    <trkpt lat="56.1921410" lon="14.7372340"></trkpt>
    <trkpt lat="56.1921390" lon="14.7376930"></trkpt>
    <trkpt lat="56.1921640" lon="14.7383580"></trkpt>
    <trkpt lat="56.1922320" lon="14.7390500"></trkpt>
    <trkpt lat="56.1922760" lon="14.7395020"></trkpt>
    <trkpt lat="56.1922990" lon="14.7397420"></trkpt>
    <trkpt lat="56.1923960" lon="14.7404320"></trkpt>
    <trkpt lat="56.1924940" lon="14.7411230"></trkpt>
    <trkpt lat="56.1925280" lon="14.7414990"></trkpt>
    <trkpt lat="56.1925490" lon="14.7418910"></trkpt>
    <trkpt lat="56.1925530" lon="14.7419670"></trkpt>
    <trkpt lat="56.1925610" lon="14.7423530"></trkpt>
    <trkpt lat="56.1925520" lon="14.7428490"></trkpt>
    <trkpt lat="56.1925520" lon="14.7428490"></trkpt>
    <trkpt lat="56.1925490" lon="14.7429230"></trkpt>
    <trkpt lat="56.1925400" lon="14.7431480"></trkpt>
    <trkpt lat="56.1925150" lon="14.7439230"></trkpt>
    <trkpt lat="56.1924890" lon="14.7446980"></trkpt>
    <trkpt lat="56.1924920" lon="14.7447310"></trkpt>
    <trkpt lat="56.1924980" lon="14.7448030"></trkpt>
    <trkpt lat="56.1925970" lon="14.7453560"></trkpt>
    <trkpt lat="56.1926080" lon="14.7454200"></trkpt>
    <trkpt lat="56.1923740" lon="14.7458240"></trkpt>
    <trkpt lat="56.1923740" lon="14.7458240"></trkpt>
    <trkpt lat="56.1924120" lon="14.7458950"></trkpt>
    <trkpt lat="56.1924110" lon="14.7459590"></trkpt>
    <trkpt lat="56.1924280" lon="14.7460360"></trkpt>
    <trkpt lat="56.1925330" lon="14.7462780"></trkpt>
    <trkpt lat="56.1925920" lon="14.7464100"></trkpt>
    <trkpt lat="56.1927970" lon="14.7468310"></trkpt>
    <trkpt lat="56.1929570" lon="14.7471490"></trkpt>
    <trkpt lat="56.1930160" lon="14.7472490"></trkpt>
    <trkpt lat="56.1931560" lon="14.7474430"></trkpt>
    <trkpt lat="56.1932410" lon="14.7475320"></trkpt>
    <trkpt lat="56.1936470" lon="14.7478760"></trkpt>
    <trkpt lat="56.1937770" lon="14.7479670"></trkpt>
    <trkpt lat="56.1938130" lon="14.7479940"></trkpt>
    <trkpt lat="56.1938460" lon="14.7480060"></trkpt>
    <trkpt lat="56.1938800" lon="14.7480030"></trkpt>
    <trkpt lat="56.1938840" lon="14.7480300"></trkpt>
    <trkpt lat="56.1938960" lon="14.7481270"></trkpt>
    <trkpt lat="56.1939210" lon="14.7482450"></trkpt>
    <trkpt lat="56.1939210" lon="14.7482450"></trkpt>
    <trkpt lat="56.1938960" lon="14.7482990"></trkpt>
    <trkpt lat="56.1938820" lon="14.7483380"></trkpt>
    <trkpt lat="56.1938720" lon="14.7484600"></trkpt>
    <trkpt lat="56.1938160" lon="14.7490670"></trkpt>
    <trkpt lat="56.1937890" lon="14.7495340"></trkpt>
    <trkpt lat="56.1938110" lon="14.7498490"></trkpt>
    <trkpt lat="56.1937390" lon="14.7498550"></trkpt>
    <trkpt lat="56.1937390" lon="14.7498550"></trkpt>
    <trkpt lat="56.1936930" lon="14.7499220"></trkpt>
    <trkpt lat="56.1936900" lon="14.7498910"></trkpt>
    <trkpt lat="56.1936710" lon="14.7497420"></trkpt>
    <trkpt lat="56.1936700" lon="14.7496190"></trkpt>
    <trkpt lat="56.1936820" lon="14.7493600"></trkpt>
    <trkpt lat="56.1937080" lon="14.7490510"></trkpt>
    <trkpt lat="56.1935820" lon="14.7489510"></trkpt>
    <trkpt lat="56.1933840" lon="14.7487730"></trkpt>
    <trkpt lat="56.1932690" lon="14.7486490"></trkpt>
    <trkpt lat="56.1932390" lon="14.7486400"></trkpt>
    <trkpt lat="56.1931110" lon="14.7485990"></trkpt>
    <trkpt lat="56.1927980" lon="14.7485840"></trkpt>
    <trkpt lat="56.1926520" lon="14.7486900"></trkpt>
    <trkpt lat="56.1925790" lon="14.7488860"></trkpt>
    <trkpt lat="56.1924180" lon="14.7489700"></trkpt>
    <trkpt lat="56.1922410" lon="14.7488970"></trkpt>
    <trkpt lat="56.1921530" lon="14.7487080"></trkpt>
    <trkpt lat="56.1921030" lon="14.7484880"></trkpt>
    <trkpt lat="56.1921010" lon="14.7483270"></trkpt>
    <trkpt lat="56.1920990" lon="14.7481550"></trkpt>
    <trkpt lat="56.1920980" lon="14.7480040"></trkpt>
    <trkpt lat="56.1920980" lon="14.7480040"></trkpt>
    <trkpt lat="56.1919970" lon="14.7480710"></trkpt>
    <trkpt lat="56.1919390" lon="14.7481310"></trkpt>
    <trkpt lat="56.1918630" lon="14.7482680"></trkpt>
    <trkpt lat="56.1918260" lon="14.7483290"></trkpt>
    <trkpt lat="56.1917830" lon="14.7483710"></trkpt>
    <trkpt lat="56.1917200" lon="14.7484040"></trkpt>
    <trkpt lat="56.1916620" lon="14.7484410"></trkpt>
    <trkpt lat="56.1916230" lon="14.7485010"></trkpt>
    <trkpt lat="56.1916060" lon="14.7485550"></trkpt>
    <trkpt lat="56.1916020" lon="14.7487380"></trkpt>
    <trkpt lat="56.1916020" lon="14.7487380"></trkpt>
    <trkpt lat="56.1916060" lon="14.7488940"></trkpt>
    <trkpt lat="56.1916000" lon="14.7489520"></trkpt>
    <trkpt lat="56.1914880" lon="14.7492090"></trkpt>
    <trkpt lat="56.1913780" lon="14.7495090"></trkpt>
    <trkpt lat="56.1913490" lon="14.7496760"></trkpt>
    <trkpt lat="56.1913540" lon="14.7498670"></trkpt>
    <trkpt lat="56.1913860" lon="14.7500600"></trkpt>
    <trkpt lat="56.1913910" lon="14.7502300"></trkpt>
    <trkpt lat="56.1913610" lon="14.7503990"></trkpt>
    <trkpt lat="56.1913090" lon="14.7505440"></trkpt>
    <trkpt lat="56.1912180" lon="14.7506700"></trkpt>
    <trkpt lat="56.1911370" lon="14.7507200"></trkpt>
    <trkpt lat="56.1910160" lon="14.7507040"></trkpt>
    <trkpt lat="56.1909290" lon="14.7507520"></trkpt>
    <trkpt lat="56.1908410" lon="14.7507620"></trkpt>
    <trkpt lat="56.1907350" lon="14.7507210"></trkpt>
    <trkpt lat="56.1906060" lon="14.7506290"></trkpt>
    <trkpt lat="56.1903880" lon="14.7504780"></trkpt>
    <trkpt lat="56.1901610" lon="14.7502730"></trkpt>
    <trkpt lat="56.1899800" lon="14.7501320"></trkpt>
    <trkpt lat="56.1897960" lon="14.7500410"></trkpt>
    <trkpt lat="56.1896080" lon="14.7499700"></trkpt>
    <trkpt lat="56.1893240" lon="14.7498870"></trkpt>
    <trkpt lat="56.1890820" lon="14.7498020"></trkpt>
    <trkpt lat="56.1888810" lon="14.7496930"></trkpt>
    <trkpt lat="56.1887240" lon="14.7495860"></trkpt>
    <trkpt lat="56.1884850" lon="14.7495160"></trkpt>
    <trkpt lat="56.1882710" lon="14.7494700"></trkpt>
    <trkpt lat="56.1881480" lon="14.7494580"></trkpt>
    <trkpt lat="56.1879580" lon="14.7494700"></trkpt>
    <trkpt lat="56.1876560" lon="14.7495050"></trkpt>
    <trkpt lat="56.1874860" lon="14.7494530"></trkpt>
    <trkpt lat="56.1873870" lon="14.7493110"></trkpt>
    <trkpt lat="56.1873510" lon="14.7491600"></trkpt>
    <trkpt lat="56.1873460" lon="14.7489300"></trkpt>
    <trkpt lat="56.1873070" lon="14.7487770"></trkpt>
    <trkpt lat="56.1871620" lon="14.7484650"></trkpt>
    <trkpt lat="56.1870570" lon="14.7483340"></trkpt>
    <trkpt lat="56.1867760" lon="14.7481870"></trkpt>
    <trkpt lat="56.1867100" lon="14.7482250"></trkpt>
    <trkpt lat="56.1866050" lon="14.7482630"></trkpt>
    <trkpt lat="56.1865690" lon="14.7482220"></trkpt>
    <trkpt lat="56.1865170" lon="14.7481980"></trkpt>
    <trkpt lat="56.1864550" lon="14.7482560"></trkpt>
    <trkpt lat="56.1864170" lon="14.7482220"></trkpt>
    <trkpt lat="56.1863060" lon="14.7481990"></trkpt>
    <trkpt lat="56.1861720" lon="14.7482280"></trkpt>
    <trkpt lat="56.1859740" lon="14.7482430"></trkpt>
    <trkpt lat="56.1858130" lon="14.7483310"></trkpt>
    <trkpt lat="56.1856200" lon="14.7483040"></trkpt>
    <trkpt lat="56.1854030" lon="14.7482780"></trkpt>
    <trkpt lat="56.1851990" lon="14.7482980"></trkpt>
    <trkpt lat="56.1850560" lon="14.7484360"></trkpt>
    <trkpt lat="56.1848430" lon="14.7485710"></trkpt>
    <trkpt lat="56.1846780" lon="14.7488060"></trkpt>
    <trkpt lat="56.1845660" lon="14.7490020"></trkpt>
    <trkpt lat="56.1844530" lon="14.7491420"></trkpt>
    <trkpt lat="56.1842640" lon="14.7492480"></trkpt>
    <trkpt lat="56.1840770" lon="14.7492270"></trkpt>
    <trkpt lat="56.1838710" lon="14.7491310"></trkpt>
    <trkpt lat="56.1836720" lon="14.7489870"></trkpt>
    <trkpt lat="56.1834690" lon="14.7487790"></trkpt>
    <trkpt lat="56.1832900" lon="14.7486290"></trkpt>
    <trkpt lat="56.1831430" lon="14.7485500"></trkpt>
    <trkpt lat="56.1829240" lon="14.7484920"></trkpt>
    <trkpt lat="56.1827120" lon="14.7484790"></trkpt>
    <trkpt lat="56.1824360" lon="14.7485700"></trkpt>
    <trkpt lat="56.1821800" lon="14.7487260"></trkpt>
    <trkpt lat="56.1820350" lon="14.7488650"></trkpt>
    <trkpt lat="56.1819370" lon="14.7490980"></trkpt>
    <trkpt lat="56.1818890" lon="14.7493530"></trkpt>
    <trkpt lat="56.1818340" lon="14.7494620"></trkpt>
    <trkpt lat="56.1815230" lon="14.7495730"></trkpt>
    <trkpt lat="56.1813420" lon="14.7495600"></trkpt>
    <trkpt lat="56.1811320" lon="14.7493950"></trkpt>
    <trkpt lat="56.1807450" lon="14.7492700"></trkpt>
    <trkpt lat="56.1805360" lon="14.7492490"></trkpt>
    <trkpt lat="56.1803270" lon="14.7492270"></trkpt>
    <trkpt lat="56.1802020" lon="14.7492700"></trkpt>
    <trkpt lat="56.1799980" lon="14.7494310"></trkpt>
    <trkpt lat="56.1798690" lon="14.7495140"></trkpt>
    <trkpt lat="56.1797450" lon="14.7495450"></trkpt>
    <trkpt lat="56.1795630" lon="14.7495130"></trkpt>
    <trkpt lat="56.1793250" lon="14.7493920"></trkpt>
    <trkpt lat="56.1792110" lon="14.7492580"></trkpt>
    <trkpt lat="56.1790470" lon="14.7491950"></trkpt>
    <trkpt lat="56.1787310" lon="14.7491990"></trkpt>
    <trkpt lat="56.1785240" lon="14.7493510"></trkpt>
    <trkpt lat="56.1783860" lon="14.7494010"></trkpt>
    <trkpt lat="56.1782410" lon="14.7493790"></trkpt>
    <trkpt lat="56.1780900" lon="14.7493680"></trkpt>
    <trkpt lat="56.1778600" lon="14.7492960"></trkpt>
    <trkpt lat="56.1775720" lon="14.7490280"></trkpt>
    <trkpt lat="56.1774270" lon="14.7488150"></trkpt>
    <trkpt lat="56.1772560" lon="14.7485880"></trkpt>
    <trkpt lat="56.1770140" lon="14.7483780"></trkpt>
    <trkpt lat="56.1767620" lon="14.7482360"></trkpt>
    <trkpt lat="56.1765140" lon="14.7481880"></trkpt>
    <trkpt lat="56.1762700" lon="14.7481890"></trkpt>
    <trkpt lat="56.1760260" lon="14.7481910"></trkpt>
    <trkpt lat="56.1757510" lon="14.7483010"></trkpt>
    <trkpt lat="56.1755270" lon="14.7484900"></trkpt>
    <trkpt lat="56.1752690" lon="14.7485960"></trkpt>
    <trkpt lat="56.1750610" lon="14.7487350"></trkpt>
    <trkpt lat="56.1748450" lon="14.7489120"></trkpt>
    <trkpt lat="56.1746400" lon="14.7492070"></trkpt>
    <trkpt lat="56.1744700" lon="14.7493900"></trkpt>
    <trkpt lat="56.1742220" lon="14.7495750"></trkpt>
    <trkpt lat="56.1738320" lon="14.7497960"></trkpt>
    <trkpt lat="56.1736350" lon="14.7499230"></trkpt>
    <trkpt lat="56.1734540" lon="14.7499740"></trkpt>
    <trkpt lat="56.1732250" lon="14.7498590"></trkpt>
    <trkpt lat="56.1728560" lon="14.7498560"></trkpt>
    <trkpt lat="56.1727340" lon="14.7499180"></trkpt>
    <trkpt lat="56.1727340" lon="14.7499180"></trkpt>
    <trkpt lat="56.1725040" lon="14.7497060"></trkpt>
    <trkpt lat="56.1723820" lon="14.7495800"></trkpt>
    <trkpt lat="56.1722230" lon="14.7494620"></trkpt>
    <trkpt lat="56.1719310" lon="14.7493360"></trkpt>
    <trkpt lat="56.1716020" lon="14.7492450"></trkpt>
    <trkpt lat="56.1713180" lon="14.7492260"></trkpt>
    <trkpt lat="56.1709370" lon="14.7491320"></trkpt>
    <trkpt lat="56.1705250" lon="14.7490170"></trkpt>
    <trkpt lat="56.1703510" lon="14.7489440"></trkpt>
    <trkpt lat="56.1701160" lon="14.7488450"></trkpt>
    <trkpt lat="56.1698800" lon="14.7487460"></trkpt>
    <trkpt lat="56.1695090" lon="14.7485660"></trkpt>
    <trkpt lat="56.1691380" lon="14.7483850"></trkpt>
    <trkpt lat="56.1687680" lon="14.7482050"></trkpt>
    <trkpt lat="56.1683970" lon="14.7480250"></trkpt>
    <trkpt lat="56.1680260" lon="14.7478450"></trkpt>
    <trkpt lat="56.1676900" lon="14.7476640"></trkpt>
    <trkpt lat="56.1673530" lon="14.7474830"></trkpt>
    <trkpt lat="56.1673530" lon="14.7474830"></trkpt>
    <trkpt lat="56.1671220" lon="14.7476530"></trkpt>
    <trkpt lat="56.1668850" lon="14.7477210"></trkpt>
    <trkpt lat="56.1666480" lon="14.7477880"></trkpt>
    <trkpt lat="56.1662170" lon="14.7478840"></trkpt>
    <trkpt lat="56.1660380" lon="14.7479240"></trkpt>
    <trkpt lat="56.1658340" lon="14.7479790"></trkpt>
    <trkpt lat="56.1657200" lon="14.7480100"></trkpt>
    <trkpt lat="56.1654300" lon="14.7480840"></trkpt>
    <trkpt lat="56.1653670" lon="14.7481000"></trkpt>
    <trkpt lat="56.1652200" lon="14.7481080"></trkpt>
    <trkpt lat="56.1651150" lon="14.7481130"></trkpt>
    <trkpt lat="56.1647630" lon="14.7479400"></trkpt>
    <trkpt lat="56.1644740" lon="14.7478900"></trkpt>
    <trkpt lat="56.1643050" lon="14.7484910"></trkpt>
    <trkpt lat="56.1641360" lon="14.7490920"></trkpt>
    <trkpt lat="56.1639670" lon="14.7496920"></trkpt>
    <trkpt lat="56.1638680" lon="14.7500440"></trkpt>
    <trkpt lat="56.1637660" lon="14.7504060"></trkpt>
    <trkpt lat="56.1636980" lon="14.7506730"></trkpt>
    <trkpt lat="56.1636740" lon="14.7507690"></trkpt>
    <trkpt lat="56.1636280" lon="14.7510730"></trkpt>
    <trkpt lat="56.1636200" lon="14.7511280"></trkpt>
    <trkpt lat="56.1636140" lon="14.7511880"></trkpt>
    <trkpt lat="56.1635610" lon="14.7517730"></trkpt>
    <trkpt lat="56.1634900" lon="14.7525030"></trkpt>
    <trkpt lat="56.1634660" lon="14.7527450"></trkpt>
    <trkpt lat="56.1629860" lon="14.7524450"></trkpt>
    <trkpt lat="56.1626780" lon="14.7522570"></trkpt>
    <trkpt lat="56.1620300" lon="14.7521870"></trkpt>
    <trkpt lat="56.1625470" lon="14.7520850"></trkpt>
    <trkpt lat="56.1630080" lon="14.7523985"></trkpt>
    <trkpt lat="56.1634690" lon="14.7527120"></trkpt>
    <trkpt lat="56.1634500" lon="14.7528970"></trkpt>
    <trkpt lat="56.1634170" lon="14.7532370"></trkpt>
    <trkpt lat="56.1633560" lon="14.7537420"></trkpt>
    <trkpt lat="56.1632960" lon="14.7542470"></trkpt>
    <trkpt lat="56.1632180" lon="14.7549890"></trkpt>
    <trkpt lat="56.1632150" lon="14.7553550"></trkpt>
    <trkpt lat="56.1632330" lon="14.7556040"></trkpt>
    <trkpt lat="56.1633010" lon="14.7560010"></trkpt>
    <trkpt lat="56.1634230" lon="14.7564450"></trkpt>
    <trkpt lat="56.1635650" lon="14.7568370"></trkpt>
    <trkpt lat="56.1636690" lon="14.7570590"></trkpt>
    <trkpt lat="56.1637460" lon="14.7571630"></trkpt>
    <trkpt lat="56.1639610" lon="14.7572910"></trkpt>
    <trkpt lat="56.1643450" lon="14.7575050"></trkpt>
    <trkpt lat="56.1647280" lon="14.7577190"></trkpt>
    <trkpt lat="56.1651120" lon="14.7579320"></trkpt>
    <trkpt lat="56.1654960" lon="14.7581460"></trkpt>
    <trkpt lat="56.1658790" lon="14.7583600"></trkpt>
    <trkpt lat="56.1661960" lon="14.7585450"></trkpt>
    <trkpt lat="56.1662840" lon="14.7585980"></trkpt>
    <trkpt lat="56.1663460" lon="14.7586550"></trkpt>
    <trkpt lat="56.1664150" lon="14.7587300"></trkpt>
    <trkpt lat="56.1664790" lon="14.7588390"></trkpt>
    <trkpt lat="56.1665120" lon="14.7589250"></trkpt>
    <trkpt lat="56.1665430" lon="14.7590360"></trkpt>
    <trkpt lat="56.1665760" lon="14.7591860"></trkpt>
    <trkpt lat="56.1666940" lon="14.7591490"></trkpt>
    <trkpt lat="56.1670820" lon="14.7590390"></trkpt>
    <trkpt lat="56.1673930" lon="14.7589500"></trkpt>
    <trkpt lat="56.1676820" lon="14.7589060"></trkpt>
    <trkpt lat="56.1679940" lon="14.7588610"></trkpt>
    <trkpt lat="56.1680630" lon="14.7588580"></trkpt>
    <trkpt lat="56.1682370" lon="14.7588550"></trkpt>
    <trkpt lat="56.1684770" lon="14.7588500"></trkpt>
    <trkpt lat="56.1688890" lon="14.7588850"></trkpt>
    <trkpt lat="56.1689920" lon="14.7589110"></trkpt>
    <trkpt lat="56.1691280" lon="14.7589360"></trkpt>
    <trkpt lat="56.1692310" lon="14.7589330"></trkpt>
    <trkpt lat="56.1693030" lon="14.7588980"></trkpt>
    <trkpt lat="56.1693790" lon="14.7588390"></trkpt>
    <trkpt lat="56.1694770" lon="14.7587290"></trkpt>
    <trkpt lat="56.1695350" lon="14.7586630"></trkpt>
    <trkpt lat="56.1695890" lon="14.7585860"></trkpt>
    <trkpt lat="56.1698150" lon="14.7582380"></trkpt>
    <trkpt lat="56.1698830" lon="14.7581510"></trkpt>
    <trkpt lat="56.1700040" lon="14.7580480"></trkpt>
    <trkpt lat="56.1701070" lon="14.7579830"></trkpt>
    <trkpt lat="56.1702610" lon="14.7579190"></trkpt>
    <trkpt lat="56.1705650" lon="14.7577930"></trkpt>
    <trkpt lat="56.1708680" lon="14.7576670"></trkpt>
    <trkpt lat="56.1710860" lon="14.7575520"></trkpt>
    <trkpt lat="56.1712160" lon="14.7574560"></trkpt>
    <trkpt lat="56.1713910" lon="14.7572940"></trkpt>
    <trkpt lat="56.1713910" lon="14.7572940"></trkpt>
    <trkpt lat="56.1713750" lon="14.7572310"></trkpt>
    <trkpt lat="56.1713830" lon="14.7571090"></trkpt>
    <trkpt lat="56.1714450" lon="14.7567670"></trkpt>
    <trkpt lat="56.1716480" lon="14.7568220"></trkpt>
    <trkpt lat="56.1716790" lon="14.7568640"></trkpt>
    <trkpt lat="56.1717680" lon="14.7566920"></trkpt>
    <trkpt lat="56.1718300" lon="14.7565360"></trkpt>
    <trkpt lat="56.1719030" lon="14.7563750"></trkpt>
    <trkpt lat="56.1719880" lon="14.7561730"></trkpt>
    <trkpt lat="56.1720250" lon="14.7560660"></trkpt>
    <trkpt lat="56.1720640" lon="14.7559610"></trkpt>
    <trkpt lat="56.1721060" lon="14.7558510"></trkpt>
    <trkpt lat="56.1722020" lon="14.7555250"></trkpt>
    <trkpt lat="56.1722140" lon="14.7554820"></trkpt>
    <trkpt lat="56.1722590" lon="14.7552890"></trkpt>
    <trkpt lat="56.1723350" lon="14.7549650"></trkpt>
    <trkpt lat="56.1723960" lon="14.7547950"></trkpt>
    <trkpt lat="56.1724370" lon="14.7547110"></trkpt>
    <trkpt lat="56.1725150" lon="14.7545910"></trkpt>
    <trkpt lat="56.1726030" lon="14.7544830"></trkpt>
    <trkpt lat="56.1726880" lon="14.7543930"></trkpt>
    <trkpt lat="56.1728230" lon="14.7542590"></trkpt>
    <trkpt lat="56.1729640" lon="14.7541090"></trkpt>
    <trkpt lat="56.1730500" lon="14.7539910"></trkpt>
    <trkpt lat="56.1731170" lon="14.7538730"></trkpt>
    <trkpt lat="56.1731740" lon="14.7537590"></trkpt>
    <trkpt lat="56.1732230" lon="14.7536260"></trkpt>
    <trkpt lat="56.1732680" lon="14.7534810"></trkpt>
    <trkpt lat="56.1732890" lon="14.7533900"></trkpt>
    <trkpt lat="56.1733010" lon="14.7533250"></trkpt>
    <trkpt lat="56.1733220" lon="14.7531680"></trkpt>
    <trkpt lat="56.1733380" lon="14.7530000"></trkpt>
    <trkpt lat="56.1733530" lon="14.7528460"></trkpt>
    <trkpt lat="56.1733630" lon="14.7526330"></trkpt>
    <trkpt lat="56.1733770" lon="14.7521230"></trkpt>
    <trkpt lat="56.1733790" lon="14.7520170"></trkpt>
    <trkpt lat="56.1734010" lon="14.7519380"></trkpt>
    <trkpt lat="56.1734330" lon="14.7518520"></trkpt>
    <trkpt lat="56.1734780" lon="14.7517710"></trkpt>
    <trkpt lat="56.1735400" lon="14.7517150"></trkpt>
    <trkpt lat="56.1736330" lon="14.7516480"></trkpt>
    <trkpt lat="56.1737460" lon="14.7515920"></trkpt>
    <trkpt lat="56.1739530" lon="14.7515100"></trkpt>
    <trkpt lat="56.1743040" lon="14.7513970"></trkpt>
    <trkpt lat="56.1746040" lon="14.7513340"></trkpt>
    <trkpt lat="56.1747150" lon="14.7513110"></trkpt>
    <trkpt lat="56.1749060" lon="14.7512830"></trkpt>
    <trkpt lat="56.1752310" lon="14.7512460"></trkpt>
    <trkpt lat="56.1756480" lon="14.7512120"></trkpt>
    <trkpt lat="56.1757410" lon="14.7512140"></trkpt>
    <trkpt lat="56.1757920" lon="14.7512180"></trkpt>
    <trkpt lat="56.1759370" lon="14.7512500"></trkpt>
    <trkpt lat="56.1760300" lon="14.7512910"></trkpt>
    <trkpt lat="56.1761370" lon="14.7513410"></trkpt>
    <trkpt lat="56.1762590" lon="14.7514110"></trkpt>
    <trkpt lat="56.1762950" lon="14.7514320"></trkpt>
    <trkpt lat="56.1765170" lon="14.7516630"></trkpt>
    <trkpt lat="56.1767060" lon="14.7519160"></trkpt>
    <trkpt lat="56.1768680" lon="14.7521560"></trkpt>
    <trkpt lat="56.1769820" lon="14.7523070"></trkpt>
    <trkpt lat="56.1770500" lon="14.7523860"></trkpt>
    <trkpt lat="56.1771630" lon="14.7524850"></trkpt>
    <trkpt lat="56.1773210" lon="14.7525690"></trkpt>
    <trkpt lat="56.1774760" lon="14.7525880"></trkpt>
    <trkpt lat="56.1775800" lon="14.7525770"></trkpt>
    <trkpt lat="56.1777470" lon="14.7525220"></trkpt>
    <trkpt lat="56.1779250" lon="14.7524160"></trkpt>
    <trkpt lat="56.1782500" lon="14.7522190"></trkpt>
    <trkpt lat="56.1786360" lon="14.7519990"></trkpt>
    <trkpt lat="56.1790220" lon="14.7517790"></trkpt>
    <trkpt lat="56.1793250" lon="14.7515810"></trkpt>
    <trkpt lat="56.1796060" lon="14.7514150"></trkpt>
    <trkpt lat="56.1798880" lon="14.7512480"></trkpt>
    <trkpt lat="56.1801760" lon="14.7511200"></trkpt>
    <trkpt lat="56.1805190" lon="14.7510030"></trkpt>
    <trkpt lat="56.1808630" lon="14.7508860"></trkpt>
    <trkpt lat="56.1811460" lon="14.7508250"></trkpt>
    <trkpt lat="56.1814260" lon="14.7507580"></trkpt>
    <trkpt lat="56.1817060" lon="14.7506900"></trkpt>
    <trkpt lat="56.1819730" lon="14.7506640"></trkpt>
    <trkpt lat="56.1822690" lon="14.7507070"></trkpt>
    <trkpt lat="56.1825410" lon="14.7507700"></trkpt>
    <trkpt lat="56.1828130" lon="14.7508330"></trkpt>
    <trkpt lat="56.1831800" lon="14.7509110"></trkpt>
    <trkpt lat="56.1835470" lon="14.7509890"></trkpt>
    <trkpt lat="56.1839130" lon="14.7510670"></trkpt>
    <trkpt lat="56.1842800" lon="14.7511460"></trkpt>
    <trkpt lat="56.1846470" lon="14.7512240"></trkpt>
    <trkpt lat="56.1848990" lon="14.7512770"></trkpt>
    <trkpt lat="56.1849830" lon="14.7512950"></trkpt>
    <trkpt lat="56.1853190" lon="14.7513650"></trkpt>
    <trkpt lat="56.1856550" lon="14.7514360"></trkpt>
    <trkpt lat="56.1859920" lon="14.7515070"></trkpt>
    <trkpt lat="56.1861030" lon="14.7515350"></trkpt>
    <trkpt lat="56.1863500" lon="14.7516040"></trkpt>
    <trkpt lat="56.1864790" lon="14.7516430"></trkpt>
    <trkpt lat="56.1865460" lon="14.7516720"></trkpt>
    <trkpt lat="56.1867010" lon="14.7517580"></trkpt>
    <trkpt lat="56.1868050" lon="14.7518220"></trkpt>
    <trkpt lat="56.1869340" lon="14.7518990"></trkpt>
    <trkpt lat="56.1870950" lon="14.7519920"></trkpt>
    <trkpt lat="56.1872040" lon="14.7520570"></trkpt>
    <trkpt lat="56.1875280" lon="14.7522430"></trkpt>
    <trkpt lat="56.1876190" lon="14.7522940"></trkpt>
    <trkpt lat="56.1879250" lon="14.7524730"></trkpt>
    <trkpt lat="56.1881910" lon="14.7526400"></trkpt>
    <trkpt lat="56.1884480" lon="14.7527890"></trkpt>
    <trkpt lat="56.1884940" lon="14.7528150"></trkpt>
    <trkpt lat="56.1887960" lon="14.7529900"></trkpt>
    <trkpt lat="56.1891320" lon="14.7531870"></trkpt>
    <trkpt lat="56.1895140" lon="14.7534150"></trkpt>
    <trkpt lat="56.1897890" lon="14.7535720"></trkpt>
    <trkpt lat="56.1897890" lon="14.7535720"></trkpt>
    <trkpt lat="56.1897750" lon="14.7536470"></trkpt>
    <trkpt lat="56.1900510" lon="14.7538110"></trkpt>
    <trkpt lat="56.1903270" lon="14.7539750"></trkpt>
    <trkpt lat="56.1904870" lon="14.7540920"></trkpt>
    <trkpt lat="56.1906230" lon="14.7542140"></trkpt>
    <trkpt lat="56.1907190" lon="14.7543290"></trkpt>
    <trkpt lat="56.1908660" lon="14.7545420"></trkpt>
    <trkpt lat="56.1909880" lon="14.7547470"></trkpt>
    <trkpt lat="56.1910600" lon="14.7549110"></trkpt>
    <trkpt lat="56.1910950" lon="14.7550100"></trkpt>
    <trkpt lat="56.1910950" lon="14.7550100"></trkpt>
    <trkpt lat="56.1911060" lon="14.7550420"></trkpt>
    <trkpt lat="56.1911200" lon="14.7550850"></trkpt>
    <trkpt lat="56.1911370" lon="14.7550980"></trkpt>
    <trkpt lat="56.1911500" lon="14.7550800"></trkpt>
    <trkpt lat="56.1911720" lon="14.7550500"></trkpt>
    <trkpt lat="56.1912110" lon="14.7549990"></trkpt>
    <trkpt lat="56.1912110" lon="14.7549990"></trkpt>
    <trkpt lat="56.1912890" lon="14.7552030"></trkpt>
    <trkpt lat="56.1913580" lon="14.7553750"></trkpt>
    <trkpt lat="56.1913920" lon="14.7554420"></trkpt>
    <trkpt lat="56.1914200" lon="14.7554680"></trkpt>
    <trkpt lat="56.1914600" lon="14.7554910"></trkpt>
    <trkpt lat="56.1915040" lon="14.7554900"></trkpt>
    <trkpt lat="56.1915370" lon="14.7554840"></trkpt>
    <trkpt lat="56.1915740" lon="14.7554570"></trkpt>
    <trkpt lat="56.1917930" lon="14.7552330"></trkpt>
    <trkpt lat="56.1920130" lon="14.7550090"></trkpt>
    <trkpt lat="56.1922730" lon="14.7547690"></trkpt>
    <trkpt lat="56.1925640" lon="14.7545390"></trkpt>
    <trkpt lat="56.1928050" lon="14.7543700"></trkpt>
    <trkpt lat="56.1931220" lon="14.7541890"></trkpt>
    <trkpt lat="56.1932380" lon="14.7541200"></trkpt>
    <trkpt lat="56.1932940" lon="14.7540510"></trkpt>
    <trkpt lat="56.1933990" lon="14.7539660"></trkpt>
    <trkpt lat="56.1934220" lon="14.7539510"></trkpt>
    <trkpt lat="56.1934550" lon="14.7539270"></trkpt>
    <trkpt lat="56.1935590" lon="14.7538680"></trkpt>
    <trkpt lat="56.1937060" lon="14.7537880"></trkpt>
    <trkpt lat="56.1937850" lon="14.7537450"></trkpt>
    <trkpt lat="56.1938310" lon="14.7537180"></trkpt>
    <trkpt lat="56.1938920" lon="14.7536820"></trkpt>
    <trkpt lat="56.1939010" lon="14.7536640"></trkpt>
    <trkpt lat="56.1939100" lon="14.7536460"></trkpt>
    <trkpt lat="56.1939100" lon="14.7536460"></trkpt>
    <trkpt lat="56.1939230" lon="14.7536160"></trkpt>
    <trkpt lat="56.1939310" lon="14.7535010"></trkpt>
    <trkpt lat="56.1939350" lon="14.7534650"></trkpt>
    <trkpt lat="56.1940070" lon="14.7534330"></trkpt>
    <trkpt lat="56.1940820" lon="14.7534080"></trkpt>
    <trkpt lat="56.1940820" lon="14.7534080"></trkpt>
    <trkpt lat="56.1941140" lon="14.7535520"></trkpt>
    <trkpt lat="56.1941760" lon="14.7538100"></trkpt>
    <trkpt lat="56.1942110" lon="14.7539390"></trkpt>
    <trkpt lat="56.1942680" lon="14.7540820"></trkpt>
    <trkpt lat="56.1943600" lon="14.7542830"></trkpt>
    <trkpt lat="56.1944390" lon="14.7544140"></trkpt>
    <trkpt lat="56.1944410" lon="14.7544170"></trkpt>
    <trkpt lat="56.1944790" lon="14.7544830"></trkpt>
    <trkpt lat="56.1944960" lon="14.7545060"></trkpt>
    <trkpt lat="56.1945160" lon="14.7545790"></trkpt>
    <trkpt lat="56.1945450" lon="14.7546950"></trkpt>
    <trkpt lat="56.1945640" lon="14.7547670"></trkpt>
    <trkpt lat="56.1945650" lon="14.7548440"></trkpt>
    <trkpt lat="56.1945650" lon="14.7548440"></trkpt>
    <trkpt lat="56.1945630" lon="14.7549060"></trkpt>
    <trkpt lat="56.1945720" lon="14.7549440"></trkpt>
    <trkpt lat="56.1945870" lon="14.7550280"></trkpt>
    <trkpt lat="56.1946110" lon="14.7551250"></trkpt>
    <trkpt lat="56.1946510" lon="14.7553150"></trkpt>
    <trkpt lat="56.1946860" lon="14.7554350"></trkpt>
    <trkpt lat="56.1946980" lon="14.7554950"></trkpt>
    <trkpt lat="56.1946980" lon="14.7554950"></trkpt>
    <trkpt lat="56.1947500" lon="14.7557500"></trkpt>
    <trkpt lat="56.1947500" lon="14.7557500"></trkpt>
    <trkpt lat="56.1947670" lon="14.7558770"></trkpt>
    <trkpt lat="56.1947850" lon="14.7560080"></trkpt>
    <trkpt lat="56.1948510" lon="14.7565050"></trkpt>
    <trkpt lat="56.1949170" lon="14.7570020"></trkpt>
    <trkpt lat="56.1949170" lon="14.7570020"></trkpt>
    <trkpt lat="56.1948860" lon="14.7570160"></trkpt>
    <trkpt lat="56.1948860" lon="14.7570160"></trkpt>
    <trkpt lat="56.1948900" lon="14.7570440"></trkpt>
    <trkpt lat="56.1949050" lon="14.7571540"></trkpt>
    <trkpt lat="56.1948610" lon="14.7571720"></trkpt>
    <trkpt lat="56.1949040" lon="14.7574520"></trkpt>
    <trkpt lat="56.1949850" lon="14.7580430"></trkpt>
    <trkpt lat="56.1950670" lon="14.7586350"></trkpt>
    <trkpt lat="56.1951420" lon="14.7592500"></trkpt>
    <trkpt lat="56.1951420" lon="14.7592500"></trkpt>
    <trkpt lat="56.1951860" lon="14.7592260"></trkpt>
    <trkpt lat="56.1951860" lon="14.7592260"></trkpt>
    <trkpt lat="56.1952710" lon="14.7598550"></trkpt>
    <trkpt lat="56.1953570" lon="14.7604840"></trkpt>
    <trkpt lat="56.1954490" lon="14.7610780"></trkpt>
    <trkpt lat="56.1955290" lon="14.7615960"></trkpt>
    <trkpt lat="56.1955400" lon="14.7616710"></trkpt>
    <trkpt lat="56.1956250" lon="14.7622010"></trkpt>
    <trkpt lat="56.1957100" lon="14.7627310"></trkpt>
    <trkpt lat="56.1957950" lon="14.7632610"></trkpt>
    <trkpt lat="56.1958890" lon="14.7638410"></trkpt>
    <trkpt lat="56.1959840" lon="14.7644210"></trkpt>
    <trkpt lat="56.1960940" lon="14.7651000"></trkpt>
    <trkpt lat="56.1962040" lon="14.7657800"></trkpt>
    <trkpt lat="56.1962130" lon="14.7658330"></trkpt>
    <trkpt lat="56.1962210" lon="14.7658890"></trkpt>
    <trkpt lat="56.1962920" lon="14.7663360"></trkpt>
    <trkpt lat="56.1962920" lon="14.7663360"></trkpt>
    <trkpt lat="56.1962570" lon="14.7663560"></trkpt>
    <trkpt lat="56.1962570" lon="14.7663560"></trkpt>
    <trkpt lat="56.1962960" lon="14.7666110"></trkpt>
    <trkpt lat="56.1963560" lon="14.7670290"></trkpt>
    <trkpt lat="56.1964170" lon="14.7674460"></trkpt>
    <trkpt lat="56.1964520" lon="14.7676940"></trkpt>
    <trkpt lat="56.1964540" lon="14.7677090"></trkpt>
    <trkpt lat="56.1964800" lon="14.7678340"></trkpt>
    <trkpt lat="56.1965390" lon="14.7681150"></trkpt>
    <trkpt lat="56.1966240" lon="14.7686320"></trkpt>
    <trkpt lat="56.1966980" lon="14.7691030"></trkpt>
    <trkpt lat="56.1967720" lon="14.7695750"></trkpt>
    <trkpt lat="56.1968650" lon="14.7701350"></trkpt>
    <trkpt lat="56.1969580" lon="14.7706960"></trkpt>
    <trkpt lat="56.1970470" lon="14.7712630"></trkpt>
    <trkpt lat="56.1971260" lon="14.7716690"></trkpt>
    <trkpt lat="56.1972560" lon="14.7722610"></trkpt>
    <trkpt lat="56.1972780" lon="14.7723680"></trkpt>
    <trkpt lat="56.1972740" lon="14.7724530"></trkpt>
    <trkpt lat="56.1972640" lon="14.7725310"></trkpt>
    <trkpt lat="56.1972930" lon="14.7726240"></trkpt>
    <trkpt lat="56.1973200" lon="14.7727330"></trkpt>
    <trkpt lat="56.1973520" lon="14.7727700"></trkpt>
    <trkpt lat="56.1973830" lon="14.7728320"></trkpt>
    <trkpt lat="56.1974480" lon="14.7730140"></trkpt>
    <trkpt lat="56.1974820" lon="14.7731080"></trkpt>
    <trkpt lat="56.1974990" lon="14.7731540"></trkpt>
    <trkpt lat="56.1975680" lon="14.7733170"></trkpt>
    <trkpt lat="56.1975800" lon="14.7733460"></trkpt>
    <trkpt lat="56.1976710" lon="14.7734820"></trkpt>
    <trkpt lat="56.1977350" lon="14.7736150"></trkpt>
    <trkpt lat="56.1979260" lon="14.7739980"></trkpt>
    <trkpt lat="56.1981220" lon="14.7743590"></trkpt>
    <trkpt lat="56.1983190" lon="14.7747200"></trkpt>
    <trkpt lat="56.1985730" lon="14.7751870"></trkpt>
    <trkpt lat="56.1987260" lon="14.7755170"></trkpt>
    <trkpt lat="56.1988830" lon="14.7758230"></trkpt>
    <trkpt lat="56.1990390" lon="14.7761300"></trkpt>
    <trkpt lat="56.1991650" lon="14.7763550"></trkpt>
    <trkpt lat="56.1994540" lon="14.7768930"></trkpt>
    <trkpt lat="56.1997010" lon="14.7773480"></trkpt>
    <trkpt lat="56.1999480" lon="14.7778020"></trkpt>
    <trkpt lat="56.2002170" lon="14.7783070"></trkpt>
    <trkpt lat="56.2004870" lon="14.7788120"></trkpt>
    <trkpt lat="56.2007570" lon="14.7793170"></trkpt>
    <trkpt lat="56.2010270" lon="14.7798210"></trkpt>
    <trkpt lat="56.2012960" lon="14.7803260"></trkpt>
    <trkpt lat="56.2015660" lon="14.7808310"></trkpt>
    <trkpt lat="56.2018360" lon="14.7813360"></trkpt>
    <trkpt lat="56.2020370" lon="14.7818290"></trkpt>
    <trkpt lat="56.2022140" lon="14.7823800"></trkpt>
    <trkpt lat="56.2023630" lon="14.7830070"></trkpt>
    <trkpt lat="56.2025110" lon="14.7836330"></trkpt>
    <trkpt lat="56.2026600" lon="14.7842590"></trkpt>
    <trkpt lat="56.2028080" lon="14.7848860"></trkpt>
    <trkpt lat="56.2029570" lon="14.7855120"></trkpt>
    <trkpt lat="56.2030220" lon="14.7858680"></trkpt>
    <trkpt lat="56.2030410" lon="14.7860270"></trkpt>
    <trkpt lat="56.2030550" lon="14.7861880"></trkpt>
    <trkpt lat="56.2030670" lon="14.7864860"></trkpt>
    <trkpt lat="56.2030750" lon="14.7866190"></trkpt>
    <trkpt lat="56.2030900" lon="14.7867370"></trkpt>
    <trkpt lat="56.2031160" lon="14.7870170"></trkpt>
    <trkpt lat="56.2031240" lon="14.7871510"></trkpt>
    <trkpt lat="56.2031040" lon="14.7876340"></trkpt>
    <trkpt lat="56.2030910" lon="14.7878470"></trkpt>
    <trkpt lat="56.2030480" lon="14.7883330"></trkpt>
    <trkpt lat="56.2030050" lon="14.7888180"></trkpt>
    <trkpt lat="56.2029700" lon="14.7891470"></trkpt>
    <trkpt lat="56.2028950" lon="14.7897410"></trkpt>
    <trkpt lat="56.2028530" lon="14.7902400"></trkpt>
    <trkpt lat="56.2028380" lon="14.7909280"></trkpt>
    <trkpt lat="56.2028630" lon="14.7914450"></trkpt>
    <trkpt lat="56.2029130" lon="14.7918810"></trkpt>
    <trkpt lat="56.2030530" lon="14.7924870"></trkpt>
    <trkpt lat="56.2032190" lon="14.7930730"></trkpt>
    <trkpt lat="56.2034140" lon="14.7936070"></trkpt>
    <trkpt lat="56.2036080" lon="14.7941410"></trkpt>
    <trkpt lat="56.2038030" lon="14.7946750"></trkpt>
    <trkpt lat="56.2039620" lon="14.7951380"></trkpt>
    <trkpt lat="56.2041220" lon="14.7956000"></trkpt>
    <trkpt lat="56.2041750" lon="14.7957650"></trkpt>
    <trkpt lat="56.2042230" lon="14.7959160"></trkpt>
    <trkpt lat="56.2042710" lon="14.7960050"></trkpt>
    <trkpt lat="56.2043120" lon="14.7960830"></trkpt>
    <trkpt lat="56.2044990" lon="14.7965910"></trkpt>
    <trkpt lat="56.2046850" lon="14.7970990"></trkpt>
    <trkpt lat="56.2047950" lon="14.7975720"></trkpt>
    <trkpt lat="56.2048190" lon="14.7976830"></trkpt>
    <trkpt lat="56.2048340" lon="14.7977760"></trkpt>
    <trkpt lat="56.2048760" lon="14.7980490"></trkpt>
    <trkpt lat="56.2048790" lon="14.7981090"></trkpt>
    <trkpt lat="56.2049120" lon="14.7984510"></trkpt>
    <trkpt lat="56.2049200" lon="14.7987320"></trkpt>
    <trkpt lat="56.2048920" lon="14.7992630"></trkpt>
    <trkpt lat="56.2048660" lon="14.7995310"></trkpt>
    <trkpt lat="56.2048160" lon="14.7998820"></trkpt>
    <trkpt lat="56.2047380" lon="14.8005140"></trkpt>
    <trkpt lat="56.2046760" lon="14.8009050"></trkpt>
    <trkpt lat="56.2046150" lon="14.8012950"></trkpt>
    <trkpt lat="56.2045290" lon="14.8016440"></trkpt>
    <trkpt lat="56.2044850" lon="14.8019310"></trkpt>
    <trkpt lat="56.2044370" lon="14.8022420"></trkpt>
    <trkpt lat="56.2043660" lon="14.8027380"></trkpt>
    <trkpt lat="56.2042770" lon="14.8033350"></trkpt>
    <trkpt lat="56.2041870" lon="14.8039320"></trkpt>
    <trkpt lat="56.2041320" lon="14.8043020"></trkpt>
    <trkpt lat="56.2040730" lon="14.8047340"></trkpt>
    <trkpt lat="56.2040130" lon="14.8051650"></trkpt>
    <trkpt lat="56.2038960" lon="14.8056150"></trkpt>
    <trkpt lat="56.2037770" lon="14.8060340"></trkpt>
    <trkpt lat="56.2035950" lon="14.8065400"></trkpt>
    <trkpt lat="56.2034140" lon="14.8070460"></trkpt>
    <trkpt lat="56.2032160" lon="14.8075980"></trkpt>
    <trkpt lat="56.2032120" lon="14.8076100"></trkpt>
    <trkpt lat="56.2031400" lon="14.8078350"></trkpt>
    <trkpt lat="56.2030460" lon="14.8081310"></trkpt>
    <trkpt lat="56.2029940" lon="14.8082800"></trkpt>
    <trkpt lat="56.2029680" lon="14.8083600"></trkpt>
    <trkpt lat="56.2028130" lon="14.8088430"></trkpt>
    <trkpt lat="56.2026530" lon="14.8093460"></trkpt>
    <trkpt lat="56.2025550" lon="14.8096470"></trkpt>
    <trkpt lat="56.2024110" lon="14.8100610"></trkpt>
    <trkpt lat="56.2023230" lon="14.8102570"></trkpt>
    <trkpt lat="56.2022650" lon="14.8103560"></trkpt>
    <trkpt lat="56.2021630" lon="14.8105140"></trkpt>
    <trkpt lat="56.2020320" lon="14.8106750"></trkpt>
    <trkpt lat="56.2019540" lon="14.8107490"></trkpt>
    <trkpt lat="56.2018140" lon="14.8108400"></trkpt>
    <trkpt lat="56.2016080" lon="14.8109280"></trkpt>
    <trkpt lat="56.2015280" lon="14.8109700"></trkpt>
    <trkpt lat="56.2014900" lon="14.8110050"></trkpt>
    <trkpt lat="56.2014360" lon="14.8110800"></trkpt>
    <trkpt lat="56.2013970" lon="14.8111720"></trkpt>
    <trkpt lat="56.2013730" lon="14.8112670"></trkpt>
    <trkpt lat="56.2013560" lon="14.8114060"></trkpt>
    <trkpt lat="56.2013620" lon="14.8115200"></trkpt>
    <trkpt lat="56.2013980" lon="14.8118300"></trkpt>
    <trkpt lat="56.2014250" lon="14.8120430"></trkpt>
    <trkpt lat="56.2014380" lon="14.8121560"></trkpt>
    <trkpt lat="56.2014460" lon="14.8122700"></trkpt>
    <trkpt lat="56.2014460" lon="14.8123880"></trkpt>
    <trkpt lat="56.2014330" lon="14.8125370"></trkpt>
    <trkpt lat="56.2014150" lon="14.8126430"></trkpt>
    <trkpt lat="56.2013720" lon="14.8127770"></trkpt>
    <trkpt lat="56.2012330" lon="14.8131810"></trkpt>
    <trkpt lat="56.2010950" lon="14.8135840"></trkpt>
    <trkpt lat="56.2010040" lon="14.8138640"></trkpt>
    <trkpt lat="56.2008530" lon="14.8142860"></trkpt>
    <trkpt lat="56.2007010" lon="14.8147080"></trkpt>
    <trkpt lat="56.2006120" lon="14.8149750"></trkpt>
    <trkpt lat="56.2005600" lon="14.8151830"></trkpt>
    <trkpt lat="56.2005310" lon="14.8154070"></trkpt>
    <trkpt lat="56.2005180" lon="14.8156800"></trkpt>
    <trkpt lat="56.2005140" lon="14.8158530"></trkpt>
    <trkpt lat="56.2005210" lon="14.8160670"></trkpt>
    <trkpt lat="56.2005460" lon="14.8162920"></trkpt>
    <trkpt lat="56.2005750" lon="14.8164500"></trkpt>
    <trkpt lat="56.2006830" lon="14.8169860"></trkpt>
    <trkpt lat="56.2007910" lon="14.8175230"></trkpt>
    <trkpt lat="56.2009000" lon="14.8180600"></trkpt>
    <trkpt lat="56.2009160" lon="14.8182220"></trkpt>
    <trkpt lat="56.2009140" lon="14.8183650"></trkpt>
    <trkpt lat="56.2009080" lon="14.8184510"></trkpt>
    <trkpt lat="56.2009220" lon="14.8185800"></trkpt>
    <trkpt lat="56.2009390" lon="14.8187050"></trkpt>
    <trkpt lat="56.2009810" lon="14.8187640"></trkpt>
    <trkpt lat="56.2010250" lon="14.8188120"></trkpt>
    <trkpt lat="56.2010410" lon="14.8188620"></trkpt>
    <trkpt lat="56.2010540" lon="14.8189190"></trkpt>
    <trkpt lat="56.2010670" lon="14.8190470"></trkpt>
    <trkpt lat="56.2010860" lon="14.8192210"></trkpt>
    <trkpt lat="56.2010980" lon="14.8192980"></trkpt>
    <trkpt lat="56.2011110" lon="14.8193780"></trkpt>
    <trkpt lat="56.2011610" lon="14.8195400"></trkpt>
    <trkpt lat="56.2012510" lon="14.8197730"></trkpt>
    <trkpt lat="56.2013140" lon="14.8199790"></trkpt>
    <trkpt lat="56.2013520" lon="14.8202130"></trkpt>
    <trkpt lat="56.2013940" lon="14.8205530"></trkpt>
    <trkpt lat="56.2014400" lon="14.8209120"></trkpt>
    <trkpt lat="56.2014760" lon="14.8214340"></trkpt>
    <trkpt lat="56.2014820" lon="14.8218270"></trkpt>
    <trkpt lat="56.2014930" lon="14.8222330"></trkpt>
    <trkpt lat="56.2014950" lon="14.8230020"></trkpt>
    <trkpt lat="56.2014980" lon="14.8237710"></trkpt>
    <trkpt lat="56.2015010" lon="14.8242620"></trkpt>
    <trkpt lat="56.2015050" lon="14.8247530"></trkpt>
    <trkpt lat="56.2015070" lon="14.8252720"></trkpt>
    <trkpt lat="56.2014990" lon="14.8256740"></trkpt>
    <trkpt lat="56.2014870" lon="14.8260270"></trkpt>
    <trkpt lat="56.2014760" lon="14.8263100"></trkpt>
    <trkpt lat="56.2014620" lon="14.8264790"></trkpt>
    <trkpt lat="56.2014410" lon="14.8265700"></trkpt>
    <trkpt lat="56.2014130" lon="14.8267250"></trkpt>
    <trkpt lat="56.2014960" lon="14.8267780"></trkpt>
    <trkpt lat="56.2014610" lon="14.8269910"></trkpt>
    <trkpt lat="56.2014570" lon="14.8270170"></trkpt>
    <trkpt lat="56.2014570" lon="14.8270170"></trkpt>
    <trkpt lat="56.2015320" lon="14.8270450"></trkpt>
    <trkpt lat="56.2017390" lon="14.8271290"></trkpt>
    <trkpt lat="56.2017870" lon="14.8271630"></trkpt>
    <trkpt lat="56.2018590" lon="14.8272430"></trkpt>
    <trkpt lat="56.2018880" lon="14.8272940"></trkpt>
    <trkpt lat="56.2019450" lon="14.8273600"></trkpt>
    <trkpt lat="56.2020300" lon="14.8274720"></trkpt>
    <trkpt lat="56.2020540" lon="14.8275100"></trkpt>
    <trkpt lat="56.2021370" lon="14.8276380"></trkpt>
    <trkpt lat="56.2022100" lon="14.8277650"></trkpt>
    <trkpt lat="56.2023130" lon="14.8279500"></trkpt>
    <trkpt lat="56.2024120" lon="14.8281420"></trkpt>
    <trkpt lat="56.2025370" lon="14.8284160"></trkpt>
    <trkpt lat="56.2026120" lon="14.8285730"></trkpt>
    <trkpt lat="56.2026540" lon="14.8286730"></trkpt>
    <trkpt lat="56.2027080" lon="14.8288900"></trkpt>
    <trkpt lat="56.2027880" lon="14.8291100"></trkpt>
    <trkpt lat="56.2028740" lon="14.8293070"></trkpt>
    <trkpt lat="56.2029100" lon="14.8293860"></trkpt>
    <trkpt lat="56.2029430" lon="14.8294540"></trkpt>
    <trkpt lat="56.2031210" lon="14.8297880"></trkpt>
    <trkpt lat="56.2031340" lon="14.8298140"></trkpt>
    <trkpt lat="56.2031700" lon="14.8298620"></trkpt>
    <trkpt lat="56.2032260" lon="14.8299150"></trkpt>
    <trkpt lat="56.2032550" lon="14.8299700"></trkpt>
    <trkpt lat="56.2033540" lon="14.8301730"></trkpt>
    <trkpt lat="56.2034660" lon="14.8304190"></trkpt>
    <trkpt lat="56.2035710" lon="14.8306460"></trkpt>
    <trkpt lat="56.2036860" lon="14.8308840"></trkpt>
    <trkpt lat="56.2038290" lon="14.8311470"></trkpt>
    <trkpt lat="56.2039450" lon="14.8313490"></trkpt>
    <trkpt lat="56.2040430" lon="14.8315080"></trkpt>
    <trkpt lat="56.2041850" lon="14.8317060"></trkpt>
    <trkpt lat="56.2042790" lon="14.8318530"></trkpt>
    <trkpt lat="56.2043490" lon="14.8319530"></trkpt>
    <trkpt lat="56.2043590" lon="14.8319670"></trkpt>
    <trkpt lat="56.2044970" lon="14.8321560"></trkpt>
    <trkpt lat="56.2046150" lon="14.8323310"></trkpt>
    <trkpt lat="56.2047000" lon="14.8324560"></trkpt>
    <trkpt lat="56.2047900" lon="14.8325870"></trkpt>
    <trkpt lat="56.2048690" lon="14.8327010"></trkpt>
    <trkpt lat="56.2049610" lon="14.8328400"></trkpt>
    <trkpt lat="56.2049980" lon="14.8327760"></trkpt>
    <trkpt lat="56.2049980" lon="14.8327760"></trkpt>
    <trkpt lat="56.2050240" lon="14.8327260"></trkpt>
    <trkpt lat="56.2050240" lon="14.8327260"></trkpt>
    <trkpt lat="56.2050820" lon="14.8328240"></trkpt>
    <trkpt lat="56.2051280" lon="14.8329050"></trkpt>
    <trkpt lat="56.2052110" lon="14.8330800"></trkpt>
    <trkpt lat="56.2052630" lon="14.8331800"></trkpt>
    <trkpt lat="56.2053150" lon="14.8332530"></trkpt>
    <trkpt lat="56.2053220" lon="14.8332680"></trkpt>
    <trkpt lat="56.2053300" lon="14.8332870"></trkpt>
    <trkpt lat="56.2053330" lon="14.8333120"></trkpt>
    <trkpt lat="56.2053490" lon="14.8334260"></trkpt>
    <trkpt lat="56.2053710" lon="14.8336580"></trkpt>
    <trkpt lat="56.2053710" lon="14.8336580"></trkpt>
    <trkpt lat="56.2053240" lon="14.8336730"></trkpt>
    <trkpt lat="56.2053240" lon="14.8336730"></trkpt>
    <trkpt lat="56.2052700" lon="14.8334240"></trkpt>
    <trkpt lat="56.2052350" lon="14.8333090"></trkpt>
    <trkpt lat="56.2052350" lon="14.8333090"></trkpt>
    <trkpt lat="56.2052030" lon="14.8333400"></trkpt>
    <trkpt lat="56.2051860" lon="14.8333560"></trkpt>
    <trkpt lat="56.2051860" lon="14.8333560"></trkpt>
    <trkpt lat="56.2051580" lon="14.8332680"></trkpt>
    <trkpt lat="56.2050970" lon="14.8331120"></trkpt>
    <trkpt lat="56.2050130" lon="14.8329300"></trkpt>
    <trkpt lat="56.2049610" lon="14.8328400"></trkpt>
    <trkpt lat="56.2049410" lon="14.8328570"></trkpt>
    <trkpt lat="56.2046960" lon="14.8330200"></trkpt>
    <trkpt lat="56.2044500" lon="14.8331820"></trkpt>
    <trkpt lat="56.2041410" lon="14.8333710"></trkpt>
    <trkpt lat="56.2037640" lon="14.8335880"></trkpt>
    <trkpt lat="56.2033870" lon="14.8338040"></trkpt>
    <trkpt lat="56.2032710" lon="14.8338570"></trkpt>
    <trkpt lat="56.2029650" lon="14.8339960"></trkpt>
    <trkpt lat="56.2027000" lon="14.8341190"></trkpt>
    <trkpt lat="56.2024350" lon="14.8342430"></trkpt>
    <trkpt lat="56.2020870" lon="14.8344050"></trkpt>
    <trkpt lat="56.2017400" lon="14.8345670"></trkpt>
    <trkpt lat="56.2015780" lon="14.8346420"></trkpt>
    <trkpt lat="56.2013450" lon="14.8347370"></trkpt>
    <trkpt lat="56.2011110" lon="14.8348310"></trkpt>
    <trkpt lat="56.2007500" lon="14.8349630"></trkpt>
    <trkpt lat="56.2005040" lon="14.8350590"></trkpt>
    <trkpt lat="56.2002580" lon="14.8351560"></trkpt>
    <trkpt lat="56.1999750" lon="14.8352630"></trkpt>
    <trkpt lat="56.1999330" lon="14.8352550"></trkpt>
    <trkpt lat="56.1998770" lon="14.8353280"></trkpt>
    <trkpt lat="56.1998100" lon="14.8354090"></trkpt>
    <trkpt lat="56.1997160" lon="14.8355720"></trkpt>
    <trkpt lat="56.1996640" lon="14.8356510"></trkpt>
    <trkpt lat="56.1996420" lon="14.8356640"></trkpt>
    <trkpt lat="56.1996220" lon="14.8356660"></trkpt>
    <trkpt lat="56.1995910" lon="14.8356400"></trkpt>
    <trkpt lat="56.1995290" lon="14.8355880"></trkpt>
    <trkpt lat="56.1994800" lon="14.8355420"></trkpt>
    <trkpt lat="56.1994590" lon="14.8355330"></trkpt>
    <trkpt lat="56.1994310" lon="14.8355320"></trkpt>
    <trkpt lat="56.1993670" lon="14.8355520"></trkpt>
    <trkpt lat="56.1991020" lon="14.8356700"></trkpt>
    <trkpt lat="56.1988370" lon="14.8357890"></trkpt>
    <trkpt lat="56.1984690" lon="14.8359900"></trkpt>
    <trkpt lat="56.1982130" lon="14.8361240"></trkpt>
    <trkpt lat="56.1981880" lon="14.8361370"></trkpt>
    <trkpt lat="56.1979570" lon="14.8362580"></trkpt>
    <trkpt lat="56.1977080" lon="14.8363910"></trkpt>
    <trkpt lat="56.1975970" lon="14.8364470"></trkpt>
    <trkpt lat="56.1972650" lon="14.8366260"></trkpt>
    <trkpt lat="56.1969940" lon="14.8367690"></trkpt>
    <trkpt lat="56.1967220" lon="14.8369130"></trkpt>
    <trkpt lat="56.1963200" lon="14.8371290"></trkpt>
    <trkpt lat="56.1959170" lon="14.8373450"></trkpt>
    <trkpt lat="56.1955750" lon="14.8375220"></trkpt>
    <trkpt lat="56.1952340" lon="14.8377000"></trkpt>
    <trkpt lat="56.1948390" lon="14.8379090"></trkpt>
    <trkpt lat="56.1944450" lon="14.8381170"></trkpt>
    <trkpt lat="56.1940500" lon="14.8383260"></trkpt>
    <trkpt lat="56.1936550" lon="14.8385340"></trkpt>
    <trkpt lat="56.1932610" lon="14.8387430"></trkpt>
    <trkpt lat="56.1928660" lon="14.8389510"></trkpt>
    <trkpt lat="56.1925720" lon="14.8391100"></trkpt>
    <trkpt lat="56.1921870" lon="14.8393160"></trkpt>
    <trkpt lat="56.1918160" lon="14.8395900"></trkpt>
    <trkpt lat="56.1917120" lon="14.8396850"></trkpt>
    <trkpt lat="56.1915470" lon="14.8398390"></trkpt>
    <trkpt lat="56.1912480" lon="14.8401620"></trkpt>
    <trkpt lat="56.1910690" lon="14.8403890"></trkpt>
    <trkpt lat="56.1908100" lon="14.8407830"></trkpt>
    <trkpt lat="56.1905980" lon="14.8411450"></trkpt>
    <trkpt lat="56.1904360" lon="14.8414740"></trkpt>
    <trkpt lat="56.1902880" lon="14.8418120"></trkpt>
    <trkpt lat="56.1900600" lon="14.8423850"></trkpt>
    <trkpt lat="56.1898900" lon="14.8428450"></trkpt>
    <trkpt lat="56.1897200" lon="14.8433060"></trkpt>
    <trkpt lat="56.1895500" lon="14.8437660"></trkpt>
    <trkpt lat="56.1894310" lon="14.8440900"></trkpt>
    <trkpt lat="56.1893240" lon="14.8443560"></trkpt>
    <trkpt lat="56.1892560" lon="14.8445450"></trkpt>
    <trkpt lat="56.1892370" lon="14.8446340"></trkpt>
    <trkpt lat="56.1892280" lon="14.8447540"></trkpt>
    <trkpt lat="56.1892280" lon="14.8449810"></trkpt>
    <trkpt lat="56.1892230" lon="14.8451220"></trkpt>
    <trkpt lat="56.1892130" lon="14.8452330"></trkpt>
    <trkpt lat="56.1891940" lon="14.8453240"></trkpt>
    <trkpt lat="56.1891630" lon="14.8454100"></trkpt>
    <trkpt lat="56.1891170" lon="14.8454770"></trkpt>
    <trkpt lat="56.1888610" lon="14.8457460"></trkpt>
    <trkpt lat="56.1888510" lon="14.8457570"></trkpt>
    <trkpt lat="56.1884780" lon="14.8461380"></trkpt>
    <trkpt lat="56.1883310" lon="14.8463050"></trkpt>
    <trkpt lat="56.1881650" lon="14.8463960"></trkpt>
    <trkpt lat="56.1880160" lon="14.8465260"></trkpt>
    <trkpt lat="56.1879750" lon="14.8465620"></trkpt>
    <trkpt lat="56.1880000" lon="14.8466790"></trkpt>
    <trkpt lat="56.1879360" lon="14.8467300"></trkpt>
    <trkpt lat="56.1877880" lon="14.8468470"></trkpt>
    <trkpt lat="56.1875910" lon="14.8470020"></trkpt>
    <trkpt lat="56.1875390" lon="14.8470440"></trkpt>
    <trkpt lat="56.1874260" lon="14.8471310"></trkpt>
    <trkpt lat="56.1874260" lon="14.8471310"></trkpt>
    <trkpt lat="56.1874070" lon="14.8470420"></trkpt>
    <trkpt lat="56.1874070" lon="14.8470420"></trkpt>
    <trkpt lat="56.1872590" lon="14.8471550"></trkpt>
    <trkpt lat="56.1870710" lon="14.8472590"></trkpt>
    <trkpt lat="56.1869930" lon="14.8472990"></trkpt>
    <trkpt lat="56.1867500" lon="14.8474010"></trkpt>
    <trkpt lat="56.1864580" lon="14.8475570"></trkpt>
    <trkpt lat="56.1864330" lon="14.8475700"></trkpt>
    <trkpt lat="56.1863590" lon="14.8475770"></trkpt>
    <trkpt lat="56.1859710" lon="14.8476170"></trkpt>
    <trkpt lat="56.1855830" lon="14.8476580"></trkpt>
    <trkpt lat="56.1851950" lon="14.8476790"></trkpt>
    <trkpt lat="56.1850660" lon="14.8476860"></trkpt>
    <trkpt lat="56.1850570" lon="14.8481490"></trkpt>
    <trkpt lat="56.1850620" lon="14.8482720"></trkpt>
    <trkpt lat="56.1850670" lon="14.8483320"></trkpt>
    <trkpt lat="56.1850730" lon="14.8484030"></trkpt>
    <trkpt lat="56.1850830" lon="14.8485110"></trkpt>
    <trkpt lat="56.1851200" lon="14.8487350"></trkpt>
    <trkpt lat="56.1851400" lon="14.8488560"></trkpt>
    <trkpt lat="56.1852620" lon="14.8493660"></trkpt>
    <trkpt lat="56.1852620" lon="14.8493660"></trkpt>
    <trkpt lat="56.1851660" lon="14.8494440"></trkpt>
    <trkpt lat="56.1851580" lon="14.8494740"></trkpt>
    <trkpt lat="56.1851430" lon="14.8495030"></trkpt>
    <trkpt lat="56.1851610" lon="14.8495810"></trkpt>
    <trkpt lat="56.1851610" lon="14.8495810"></trkpt>
    <trkpt lat="56.1850910" lon="14.8496390"></trkpt>
    <trkpt lat="56.1849480" lon="14.8497580"></trkpt>
    <trkpt lat="56.1847340" lon="14.8499340"></trkpt>
    <trkpt lat="56.1846520" lon="14.8500020"></trkpt>
    <trkpt lat="56.1842690" lon="14.8502690"></trkpt>
    <trkpt lat="56.1839360" lon="14.8504910"></trkpt>
    <trkpt lat="56.1837730" lon="14.8506000"></trkpt>
    <trkpt lat="56.1836440" lon="14.8507010"></trkpt>
    <trkpt lat="56.1832660" lon="14.8509530"></trkpt>
    <trkpt lat="56.1829880" lon="14.8511420"></trkpt>
    <trkpt lat="56.1828120" lon="14.8512610"></trkpt>
    <trkpt lat="56.1827090" lon="14.8513310"></trkpt>
    <trkpt lat="56.1823450" lon="14.8515800"></trkpt>
    <trkpt lat="56.1823450" lon="14.8515800"></trkpt>
    <trkpt lat="56.1823320" lon="14.8515160"></trkpt>
    <trkpt lat="56.1821480" lon="14.8516450"></trkpt>
    <trkpt lat="56.1820250" lon="14.8517110"></trkpt>
    <trkpt lat="56.1819050" lon="14.8517520"></trkpt>
    <trkpt lat="56.1818770" lon="14.8517820"></trkpt>
    <trkpt lat="56.1818770" lon="14.8517820"></trkpt>
    <trkpt lat="56.1817770" lon="14.8518480"></trkpt>
    <trkpt lat="56.1817770" lon="14.8518480"></trkpt>
    <trkpt lat="56.1817600" lon="14.8518560"></trkpt>
    <trkpt lat="56.1815900" lon="14.8520140"></trkpt>
    <trkpt lat="56.1814940" lon="14.8520130"></trkpt>
    <trkpt lat="56.1811060" lon="14.8522010"></trkpt>
    <trkpt lat="56.1810560" lon="14.8522160"></trkpt>
    <trkpt lat="56.1810190" lon="14.8522060"></trkpt>
    <trkpt lat="56.1809900" lon="14.8521880"></trkpt>
    <trkpt lat="56.1809450" lon="14.8522210"></trkpt>
    <trkpt lat="56.1808790" lon="14.8522700"></trkpt>
    <trkpt lat="56.1807860" lon="14.8523260"></trkpt>
    <trkpt lat="56.1807860" lon="14.8523260"></trkpt>
    <trkpt lat="56.1807820" lon="14.8523680"></trkpt>
    <trkpt lat="56.1807570" lon="14.8524270"></trkpt>
    <trkpt lat="56.1807980" lon="14.8526130"></trkpt>
    <trkpt lat="56.1807980" lon="14.8526130"></trkpt>
    <trkpt lat="56.1806440" lon="14.8527350"></trkpt>
    <trkpt lat="56.1805370" lon="14.8528210"></trkpt>
    <trkpt lat="56.1803710" lon="14.8529700"></trkpt>
    <trkpt lat="56.1801990" lon="14.8530970"></trkpt>
    <trkpt lat="56.1799410" lon="14.8533570"></trkpt>
    <trkpt lat="56.1797480" lon="14.8535820"></trkpt>
    <trkpt lat="56.1795560" lon="14.8538070"></trkpt>
    <trkpt lat="56.1795210" lon="14.8538460"></trkpt>
    <trkpt lat="56.1795210" lon="14.8538460"></trkpt>
    <trkpt lat="56.1794540" lon="14.8536780"></trkpt>
    <trkpt lat="56.1791600" lon="14.8540310"></trkpt>
    <trkpt lat="56.1791630" lon="14.8541750"></trkpt>
    <trkpt lat="56.1791630" lon="14.8541750"></trkpt>
    <trkpt lat="56.1789050" lon="14.8544830"></trkpt>
    <trkpt lat="56.1786480" lon="14.8547920"></trkpt>
    <trkpt lat="56.1785780" lon="14.8548320"></trkpt>
    <trkpt lat="56.1785780" lon="14.8548320"></trkpt>
    <trkpt lat="56.1784880" lon="14.8549000"></trkpt>
    <trkpt lat="56.1784880" lon="14.8549000"></trkpt>
    <trkpt lat="56.1784660" lon="14.8549300"></trkpt>
    <trkpt lat="56.1783780" lon="14.8550530"></trkpt>
    <trkpt lat="56.1783630" lon="14.8550660"></trkpt>
    <trkpt lat="56.1783410" lon="14.8550640"></trkpt>
    <trkpt lat="56.1783160" lon="14.8550370"></trkpt>
    <trkpt lat="56.1782810" lon="14.8550780"></trkpt>
    <trkpt lat="56.1782810" lon="14.8550780"></trkpt>
    <trkpt lat="56.1783240" lon="14.8552470"></trkpt>
    <trkpt lat="56.1783240" lon="14.8552470"></trkpt>
    <trkpt lat="56.1782100" lon="14.8554010"></trkpt>
    <trkpt lat="56.1780340" lon="14.8556410"></trkpt>
    <trkpt lat="56.1778610" lon="14.8558950"></trkpt>
    <trkpt lat="56.1777950" lon="14.8559380"></trkpt>
    <trkpt lat="56.1776670" lon="14.8562280"></trkpt>
    <trkpt lat="56.1775990" lon="14.8564280"></trkpt>
    <trkpt lat="56.1775010" lon="14.8566060"></trkpt>
    <trkpt lat="56.1774750" lon="14.8566790"></trkpt>
    <trkpt lat="56.1774440" lon="14.8567370"></trkpt>
    <trkpt lat="56.1774210" lon="14.8567810"></trkpt>
    <trkpt lat="56.1774100" lon="14.8567950"></trkpt>
    <trkpt lat="56.1773810" lon="14.8568310"></trkpt>
    <trkpt lat="56.1773450" lon="14.8568590"></trkpt>
    <trkpt lat="56.1772970" lon="14.8568790"></trkpt>
    <trkpt lat="56.1772210" lon="14.8568500"></trkpt>
    <trkpt lat="56.1769410" lon="14.8567050"></trkpt>
    <trkpt lat="56.1767950" lon="14.8566090"></trkpt>
    <trkpt lat="56.1767480" lon="14.8565690"></trkpt>
    <trkpt lat="56.1766070" lon="14.8564490"></trkpt>
    <trkpt lat="56.1765880" lon="14.8564230"></trkpt>
    <trkpt lat="56.1764810" lon="14.8563140"></trkpt>
    <trkpt lat="56.1764710" lon="14.8563470"></trkpt>
    <trkpt lat="56.1764480" lon="14.8563570"></trkpt>
    <trkpt lat="56.1764280" lon="14.8564140"></trkpt>
    <trkpt lat="56.1764060" lon="14.8564680"></trkpt>
    <trkpt lat="56.1763720" lon="14.8565510"></trkpt>
    <trkpt lat="56.1763690" lon="14.8565560"></trkpt>
    <trkpt lat="56.1763690" lon="14.8565560"></trkpt>
    <trkpt lat="56.1764010" lon="14.8565920"></trkpt>
    <trkpt lat="56.1764310" lon="14.8566130"></trkpt>
    <trkpt lat="56.1764880" lon="14.8566520"></trkpt>
    <trkpt lat="56.1763100" lon="14.8573360"></trkpt>
    <trkpt lat="56.1762520" lon="14.8575010"></trkpt>
    <trkpt lat="56.1761940" lon="14.8576140"></trkpt>
    <trkpt lat="56.1761410" lon="14.8577170"></trkpt>
    <trkpt lat="56.1760820" lon="14.8578030"></trkpt>
    <trkpt lat="56.1760030" lon="14.8579000"></trkpt>
    <trkpt lat="56.1758910" lon="14.8579980"></trkpt>
    <trkpt lat="56.1757370" lon="14.8581030"></trkpt>
    <trkpt lat="56.1755950" lon="14.8582000"></trkpt>
    <trkpt lat="56.1753510" lon="14.8583660"></trkpt>
    <trkpt lat="56.1753030" lon="14.8584010"></trkpt>
    <trkpt lat="56.1751490" lon="14.8585120"></trkpt>
    <trkpt lat="56.1748230" lon="14.8587460"></trkpt>
    <trkpt lat="56.1747800" lon="14.8587800"></trkpt>
    <trkpt lat="56.1743810" lon="14.8590750"></trkpt>
    <trkpt lat="56.1739820" lon="14.8593700"></trkpt>
    <trkpt lat="56.1737670" lon="14.8595300"></trkpt>
    <trkpt lat="56.1735530" lon="14.8596910"></trkpt>
    <trkpt lat="56.1733450" lon="14.8598460"></trkpt>
    <trkpt lat="56.1731370" lon="14.8600010"></trkpt>
    <trkpt lat="56.1731370" lon="14.8600010"></trkpt>
    <trkpt lat="56.1728440" lon="14.8602170"></trkpt>
    <trkpt lat="56.1725500" lon="14.8604320"></trkpt>
    <trkpt lat="56.1722560" lon="14.8606470"></trkpt>
    <trkpt lat="56.1718550" lon="14.8609430"></trkpt>
    <trkpt lat="56.1714540" lon="14.8612400"></trkpt>
    <trkpt lat="56.1714110" lon="14.8612710"></trkpt>
    <trkpt lat="56.1713130" lon="14.8616920"></trkpt>
    <trkpt lat="56.1712660" lon="14.8613780"></trkpt>
    <trkpt lat="56.1711670" lon="14.8614510"></trkpt>
    <trkpt lat="56.1708800" lon="14.8616620"></trkpt>
    <trkpt lat="56.1705930" lon="14.8618730"></trkpt>
    <trkpt lat="56.1702990" lon="14.8620920"></trkpt>
    <trkpt lat="56.1700060" lon="14.8623120"></trkpt>
    <trkpt lat="56.1697130" lon="14.8625310"></trkpt>
    <trkpt lat="56.1697130" lon="14.8625310"></trkpt>
    <trkpt lat="56.1694710" lon="14.8627100"></trkpt>
    <trkpt lat="56.1692300" lon="14.8628890"></trkpt>
    <trkpt lat="56.1688910" lon="14.8631400"></trkpt>
    <trkpt lat="56.1688500" lon="14.8631700"></trkpt>
    <trkpt lat="56.1684390" lon="14.8634680"></trkpt>
    <trkpt lat="56.1680280" lon="14.8637660"></trkpt>
    <trkpt lat="56.1679210" lon="14.8637450"></trkpt>
    <trkpt lat="56.1678890" lon="14.8638440"></trkpt>
    <trkpt lat="56.1678460" lon="14.8639000"></trkpt>
    <trkpt lat="56.1677650" lon="14.8639620"></trkpt>
    <trkpt lat="56.1676600" lon="14.8640410"></trkpt>
    <trkpt lat="56.1675160" lon="14.8641480"></trkpt>
    <trkpt lat="56.1671590" lon="14.8644130"></trkpt>
    <trkpt lat="56.1669060" lon="14.8646060"></trkpt>
    <trkpt lat="56.1666520" lon="14.8648000"></trkpt>
    <trkpt lat="56.1663210" lon="14.8650520"></trkpt>
    <trkpt lat="56.1659840" lon="14.8653010"></trkpt>
    <trkpt lat="56.1656470" lon="14.8655500"></trkpt>
    <trkpt lat="56.1654000" lon="14.8657330"></trkpt>
    <trkpt lat="56.1653110" lon="14.8657990"></trkpt>
    <trkpt lat="56.1653000" lon="14.8658410"></trkpt>
    <trkpt lat="56.1652890" lon="14.8658870"></trkpt>
    <trkpt lat="56.1652670" lon="14.8659210"></trkpt>
    <trkpt lat="56.1652380" lon="14.8659840"></trkpt>
    <trkpt lat="56.1652080" lon="14.8660660"></trkpt>
    <trkpt lat="56.1651750" lon="14.8661970"></trkpt>
    <trkpt lat="56.1651530" lon="14.8662980"></trkpt>
    <trkpt lat="56.1651470" lon="14.8663760"></trkpt>
    <trkpt lat="56.1651420" lon="14.8665620"></trkpt>
    <trkpt lat="56.1651550" lon="14.8667360"></trkpt>
    <trkpt lat="56.1651680" lon="14.8668360"></trkpt>
    <trkpt lat="56.1651760" lon="14.8668940"></trkpt>
    <trkpt lat="56.1652850" lon="14.8674420"></trkpt>
    <trkpt lat="56.1653780" lon="14.8679120"></trkpt>
    <trkpt lat="56.1654190" lon="14.8681260"></trkpt>
    <trkpt lat="56.1654440" lon="14.8682520"></trkpt>
    <trkpt lat="56.1654520" lon="14.8682740"></trkpt>
    <trkpt lat="56.1654850" lon="14.8683560"></trkpt>
    <trkpt lat="56.1655560" lon="14.8685400"></trkpt>
    <trkpt lat="56.1656480" lon="14.8687730"></trkpt>
    <trkpt lat="56.1656970" lon="14.8688560"></trkpt>
    <trkpt lat="56.1657410" lon="14.8689660"></trkpt>
    <trkpt lat="56.1657410" lon="14.8689660"></trkpt>
    <trkpt lat="56.1657990" lon="14.8692050"></trkpt>
    <trkpt lat="56.1658280" lon="14.8692780"></trkpt>
    <trkpt lat="56.1660120" lon="14.8694050"></trkpt>
    <trkpt lat="56.1660130" lon="14.8694280"></trkpt>
    <trkpt lat="56.1660130" lon="14.8694510"></trkpt>
    <trkpt lat="56.1660190" lon="14.8694730"></trkpt>
    <trkpt lat="56.1660240" lon="14.8694940"></trkpt>
    <trkpt lat="56.1660330" lon="14.8695120"></trkpt>
    <trkpt lat="56.1660430" lon="14.8695300"></trkpt>
    <trkpt lat="56.1660550" lon="14.8695400"></trkpt>
    <trkpt lat="56.1660670" lon="14.8695500"></trkpt>
    <trkpt lat="56.1660800" lon="14.8695520"></trkpt>
    <trkpt lat="56.1660920" lon="14.8695540"></trkpt>
    <trkpt lat="56.1661050" lon="14.8695490"></trkpt>
    <trkpt lat="56.1662140" lon="14.8699950"></trkpt>
    <trkpt lat="56.1663240" lon="14.8704410"></trkpt>
    <trkpt lat="56.1663380" lon="14.8704390"></trkpt>
    <trkpt lat="56.1663530" lon="14.8704370"></trkpt>
    <trkpt lat="56.1663760" lon="14.8704520"></trkpt>
    <trkpt lat="56.1663870" lon="14.8704660"></trkpt>
    <trkpt lat="56.1663980" lon="14.8704810"></trkpt>
    <trkpt lat="56.1664070" lon="14.8705020"></trkpt>
    <trkpt lat="56.1664150" lon="14.8705230"></trkpt>
    <trkpt lat="56.1664260" lon="14.8705590"></trkpt>
    <trkpt lat="56.1664310" lon="14.8705830"></trkpt>
    <trkpt lat="56.1664360" lon="14.8706070"></trkpt>
    <trkpt lat="56.1664370" lon="14.8706440"></trkpt>
    <trkpt lat="56.1664380" lon="14.8706800"></trkpt>
    <trkpt lat="56.1664320" lon="14.8707080"></trkpt>
    <trkpt lat="56.1664260" lon="14.8707360"></trkpt>
    <trkpt lat="56.1664080" lon="14.8707620"></trkpt>
    <trkpt lat="56.1665640" lon="14.8713820"></trkpt>
    <trkpt lat="56.1665730" lon="14.8714340"></trkpt>
    <trkpt lat="56.1666160" lon="14.8714210"></trkpt>
    <trkpt lat="56.1667190" lon="14.8713540"></trkpt>
    <trkpt lat="56.1667850" lon="14.8713010"></trkpt>
    <trkpt lat="56.1667850" lon="14.8713010"></trkpt>
    <trkpt lat="56.1668070" lon="14.8713840"></trkpt>
    <trkpt lat="56.1668070" lon="14.8713840"></trkpt>
    <trkpt lat="56.1667240" lon="14.8714400"></trkpt>
    <trkpt lat="56.1666570" lon="14.8714860"></trkpt>
    <trkpt lat="56.1666170" lon="14.8715060"></trkpt>
    <trkpt lat="56.1665880" lon="14.8715170"></trkpt>
    <trkpt lat="56.1665550" lon="14.8715190"></trkpt>
    <trkpt lat="56.1665100" lon="14.8715010"></trkpt>
    <trkpt lat="56.1665100" lon="14.8715010"></trkpt>
    <trkpt lat="56.1664930" lon="14.8716380"></trkpt>
    <trkpt lat="56.1664870" lon="14.8717280"></trkpt>
    <trkpt lat="56.1664830" lon="14.8718360"></trkpt>
    <trkpt lat="56.1664880" lon="14.8719380"></trkpt>
    <trkpt lat="56.1664930" lon="14.8720200"></trkpt>
    <trkpt lat="56.1665010" lon="14.8721490"></trkpt>
    <trkpt lat="56.1665220" lon="14.8722980"></trkpt>
    <trkpt lat="56.1665610" lon="14.8724460"></trkpt>
    <trkpt lat="56.1666010" lon="14.8725830"></trkpt>
    <trkpt lat="56.1666610" lon="14.8727700"></trkpt>
    <trkpt lat="56.1667330" lon="14.8729730"></trkpt>
    <trkpt lat="56.1666520" lon="14.8730640"></trkpt>
    <trkpt lat="56.1666520" lon="14.8730640"></trkpt>
    <trkpt lat="56.1666480" lon="14.8729230"></trkpt>
    <trkpt lat="56.1666220" lon="14.8729970"></trkpt>
    <trkpt lat="56.1665840" lon="14.8730510"></trkpt>
    <trkpt lat="56.1664130" lon="14.8731710"></trkpt>
    <trkpt lat="56.1661900" lon="14.8733180"></trkpt>
    <trkpt lat="56.1659800" lon="14.8734770"></trkpt>
    <trkpt lat="56.1658620" lon="14.8735850"></trkpt>
    <trkpt lat="56.1657770" lon="14.8736970"></trkpt>
    <trkpt lat="56.1657170" lon="14.8738020"></trkpt>
    <trkpt lat="56.1656080" lon="14.8741460"></trkpt>
    <trkpt lat="56.1655060" lon="14.8744650"></trkpt>
    <trkpt lat="56.1653210" lon="14.8749380"></trkpt>
    <trkpt lat="56.1651510" lon="14.8753660"></trkpt>
    <trkpt lat="56.1650870" lon="14.8754910"></trkpt>
    <trkpt lat="56.1650170" lon="14.8755940"></trkpt>
    <trkpt lat="56.1648440" lon="14.8757540"></trkpt>
    <trkpt lat="56.1646620" lon="14.8759150"></trkpt>
    <trkpt lat="56.1643200" lon="14.8762040"></trkpt>
    <trkpt lat="56.1641270" lon="14.8763660"></trkpt>
    <trkpt lat="56.1639070" lon="14.8765650"></trkpt>
    <trkpt lat="56.1636810" lon="14.8767600"></trkpt>
    <trkpt lat="56.1634540" lon="14.8769550"></trkpt>
    <trkpt lat="56.1633920" lon="14.8770330"></trkpt>
    <trkpt lat="56.1633130" lon="14.8771460"></trkpt>
    <trkpt lat="56.1632410" lon="14.8772650"></trkpt>
    <trkpt lat="56.1631670" lon="14.8774120"></trkpt>
    <trkpt lat="56.1631670" lon="14.8774120"></trkpt>
    <trkpt lat="56.1630110" lon="14.8772250"></trkpt>
    <trkpt lat="56.1630040" lon="14.8772160"></trkpt>
    <trkpt lat="56.1630040" lon="14.8772160"></trkpt>
    <trkpt lat="56.1627990" lon="14.8772410"></trkpt>
    <trkpt lat="56.1625640" lon="14.8771160"></trkpt>
    <trkpt lat="56.1624370" lon="14.8770810"></trkpt>
    <trkpt lat="56.1623610" lon="14.8770430"></trkpt>
    <trkpt lat="56.1622730" lon="14.8770220"></trkpt>
    <trkpt lat="56.1622310" lon="14.8769780"></trkpt>
    <trkpt lat="56.1621790" lon="14.8769070"></trkpt>
    <trkpt lat="56.1620630" lon="14.8767560"></trkpt>
    <trkpt lat="56.1619640" lon="14.8765340"></trkpt>
    <trkpt lat="56.1619460" lon="14.8764930"></trkpt>
    <trkpt lat="56.1619110" lon="14.8764120"></trkpt>
    <trkpt lat="56.1618820" lon="14.8764020"></trkpt>
    <trkpt lat="56.1618530" lon="14.8764070"></trkpt>
    <trkpt lat="56.1618080" lon="14.8764470"></trkpt>
    <trkpt lat="56.1617550" lon="14.8765460"></trkpt>
    <trkpt lat="56.1616990" lon="14.8768270"></trkpt>
    <trkpt lat="56.1616460" lon="14.8771550"></trkpt>
    <trkpt lat="56.1616020" lon="14.8772670"></trkpt>
    <trkpt lat="56.1615340" lon="14.8774140"></trkpt>
    <trkpt lat="56.1614220" lon="14.8776140"></trkpt>
    <trkpt lat="56.1613180" lon="14.8778510"></trkpt>
    <trkpt lat="56.1612820" lon="14.8779470"></trkpt>
    <trkpt lat="56.1612160" lon="14.8781560"></trkpt>
    <trkpt lat="56.1612130" lon="14.8782340"></trkpt>
    <trkpt lat="56.1612030" lon="14.8783860"></trkpt>
    <trkpt lat="56.1611760" lon="14.8785410"></trkpt>
    <trkpt lat="56.1611370" lon="14.8786480"></trkpt>
    <trkpt lat="56.1610060" lon="14.8789300"></trkpt>
    <trkpt lat="56.1608600" lon="14.8791320"></trkpt>
    <trkpt lat="56.1607810" lon="14.8792430"></trkpt>
    <trkpt lat="56.1607360" lon="14.8792540"></trkpt>
    <trkpt lat="56.1606430" lon="14.8792460"></trkpt>
    <trkpt lat="56.1604540" lon="14.8792500"></trkpt>
    <trkpt lat="56.1603080" lon="14.8790880"></trkpt>
    <trkpt lat="56.1601650" lon="14.8788870"></trkpt>
    <trkpt lat="56.1599990" lon="14.8786580"></trkpt>
    <trkpt lat="56.1598000" lon="14.8783930"></trkpt>
    <trkpt lat="56.1596700" lon="14.8782510"></trkpt>
    <trkpt lat="56.1595030" lon="14.8781970"></trkpt>
    <trkpt lat="56.1593300" lon="14.8781650"></trkpt>
    <trkpt lat="56.1591330" lon="14.8781440"></trkpt>
    <trkpt lat="56.1589590" lon="14.8782190"></trkpt>
    <trkpt lat="56.1587620" lon="14.8783370"></trkpt>
    <trkpt lat="56.1585590" lon="14.8783370"></trkpt>
    <trkpt lat="56.1583800" lon="14.8783800"></trkpt>
    <trkpt lat="56.1582120" lon="14.8784870"></trkpt>
    <trkpt lat="56.1580930" lon="14.8784760"></trkpt>
    <trkpt lat="56.1579970" lon="14.8783260"></trkpt>
    <trkpt lat="56.1578720" lon="14.8781010"></trkpt>
    <trkpt lat="56.1577520" lon="14.8780580"></trkpt>
    <trkpt lat="56.1576330" lon="14.8782080"></trkpt>
    <trkpt lat="56.1575280" lon="14.8784010"></trkpt>
    <trkpt lat="56.1574370" lon="14.8788090"></trkpt>
    <trkpt lat="56.1573460" lon="14.8792160"></trkpt>
    <trkpt lat="56.1572550" lon="14.8793570"></trkpt>
    <trkpt lat="56.1570430" lon="14.8794770"></trkpt>
    <trkpt lat="56.1569000" lon="14.8796670"></trkpt>
    <trkpt lat="56.1567150" lon="14.8801500"></trkpt>
    <trkpt lat="56.1565890" lon="14.8807040"></trkpt>
    <trkpt lat="56.1564860" lon="14.8811260"></trkpt>
    <trkpt lat="56.1564960" lon="14.8812280"></trkpt>
    <trkpt lat="56.1564960" lon="14.8812280"></trkpt>
    <trkpt lat="56.1564590" lon="14.8812690"></trkpt>
    <trkpt lat="56.1563540" lon="14.8813730"></trkpt>
    <trkpt lat="56.1563110" lon="14.8814480"></trkpt>
    <trkpt lat="56.1562810" lon="14.8815490"></trkpt>
    <trkpt lat="56.1562530" lon="14.8817380"></trkpt>
    <trkpt lat="56.1562620" lon="14.8821750"></trkpt>
    <trkpt lat="56.1562340" lon="14.8825100"></trkpt>
    <trkpt lat="56.1562330" lon="14.8826160"></trkpt>
    <trkpt lat="56.1562600" lon="14.8827720"></trkpt>
    <trkpt lat="56.1563080" lon="14.8829250"></trkpt>
    <trkpt lat="56.1563450" lon="14.8830430"></trkpt>
    <trkpt lat="56.1564100" lon="14.8831700"></trkpt>
    <trkpt lat="56.1564760" lon="14.8832610"></trkpt>
    <trkpt lat="56.1566450" lon="14.8834040"></trkpt>
    <trkpt lat="56.1567150" lon="14.8834870"></trkpt>
    <trkpt lat="56.1568100" lon="14.8836360"></trkpt>
    <trkpt lat="56.1568580" lon="14.8837280"></trkpt>
    <trkpt lat="56.1569370" lon="14.8838760"></trkpt>
    <trkpt lat="56.1570200" lon="14.8840230"></trkpt>
    <trkpt lat="56.1571360" lon="14.8842820"></trkpt>
    <trkpt lat="56.1572520" lon="14.8845250"></trkpt>
    <trkpt lat="56.1573170" lon="14.8846430"></trkpt>
    <trkpt lat="56.1573800" lon="14.8847070"></trkpt>
    <trkpt lat="56.1574540" lon="14.8847570"></trkpt>
    <trkpt lat="56.1577320" lon="14.8848730"></trkpt>
    <trkpt lat="56.1580100" lon="14.8849890"></trkpt>
    <trkpt lat="56.1583650" lon="14.8851190"></trkpt>
    <trkpt lat="56.1584130" lon="14.8851360"></trkpt>
    <trkpt lat="56.1586000" lon="14.8852060"></trkpt>
    <trkpt lat="56.1587370" lon="14.8852680"></trkpt>
    <trkpt lat="56.1588170" lon="14.8853060"></trkpt>
    <trkpt lat="56.1588830" lon="14.8853510"></trkpt>
    <trkpt lat="56.1589160" lon="14.8853770"></trkpt>
    <trkpt lat="56.1589760" lon="14.8854450"></trkpt>
    <trkpt lat="56.1590640" lon="14.8855460"></trkpt>
    <trkpt lat="56.1592150" lon="14.8857330"></trkpt>
    <trkpt lat="56.1593040" lon="14.8858460"></trkpt>
    <trkpt lat="56.1593640" lon="14.8859480"></trkpt>
    <trkpt lat="56.1593830" lon="14.8859880"></trkpt>
    <trkpt lat="56.1593980" lon="14.8860940"></trkpt>
    <trkpt lat="56.1593970" lon="14.8861960"></trkpt>
    <trkpt lat="56.1593970" lon="14.8861960"></trkpt>
    <trkpt lat="56.1593990" lon="14.8863110"></trkpt>
    <trkpt lat="56.1593990" lon="14.8863110"></trkpt>
    <trkpt lat="56.1594280" lon="14.8863130"></trkpt>
    <trkpt lat="56.1594280" lon="14.8863130"></trkpt>
    <trkpt lat="56.1594650" lon="14.8869710"></trkpt>
    <trkpt lat="56.1595030" lon="14.8876300"></trkpt>
    <trkpt lat="56.1595400" lon="14.8882880"></trkpt>
    <trkpt lat="56.1595770" lon="14.8889470"></trkpt>
    <trkpt lat="56.1595950" lon="14.8893340"></trkpt>
    <trkpt lat="56.1596070" lon="14.8895860"></trkpt>
    <trkpt lat="56.1596160" lon="14.8897320"></trkpt>
    <trkpt lat="56.1596610" lon="14.8905030"></trkpt>
    <trkpt lat="56.1596740" lon="14.8906750"></trkpt>
    <trkpt lat="56.1596820" lon="14.8907950"></trkpt>
    <trkpt lat="56.1597090" lon="14.8911540"></trkpt>
    <trkpt lat="56.1597160" lon="14.8912450"></trkpt>
    <trkpt lat="56.1597280" lon="14.8913910"></trkpt>
    <trkpt lat="56.1597560" lon="14.8916870"></trkpt>
    <trkpt lat="56.1598520" lon="14.8923370"></trkpt>
    <trkpt lat="56.1599470" lon="14.8929870"></trkpt>
    <trkpt lat="56.1600420" lon="14.8936360"></trkpt>
    <trkpt lat="56.1601370" lon="14.8942860"></trkpt>
    <trkpt lat="56.1602320" lon="14.8949360"></trkpt>
    <trkpt lat="56.1603330" lon="14.8956200"></trkpt>
    <trkpt lat="56.1603840" lon="14.8959780"></trkpt>
    <trkpt lat="56.1604330" lon="14.8962890"></trkpt>
    <trkpt lat="56.1604640" lon="14.8965180"></trkpt>
    <trkpt lat="56.1604660" lon="14.8966950"></trkpt>
    <trkpt lat="56.1605100" lon="14.8969370"></trkpt>
    <trkpt lat="56.1605660" lon="14.8971230"></trkpt>
    <trkpt lat="56.1606160" lon="14.8972490"></trkpt>
    <trkpt lat="56.1607720" lon="14.8975190"></trkpt>
    <trkpt lat="56.1609970" lon="14.8978470"></trkpt>
    <trkpt lat="56.1611000" lon="14.8979760"></trkpt>
    <trkpt lat="56.1611000" lon="14.8979760"></trkpt>
    <trkpt lat="56.1612250" lon="14.8980910"></trkpt>
    <trkpt lat="56.1613060" lon="14.8981340"></trkpt>
    <trkpt lat="56.1613810" lon="14.8981530"></trkpt>
    <trkpt lat="56.1614980" lon="14.8981760"></trkpt>
    <trkpt lat="56.1617020" lon="14.8981800"></trkpt>
    <trkpt lat="56.1619070" lon="14.8981970"></trkpt>
    <trkpt lat="56.1619110" lon="14.8981970"></trkpt>
    <trkpt lat="56.1621180" lon="14.8982080"></trkpt>
    <trkpt lat="56.1621180" lon="14.8982080"></trkpt>
    <trkpt lat="56.1621120" lon="14.8980380"></trkpt>
    <trkpt lat="56.1624740" lon="14.8979810"></trkpt>
    <trkpt lat="56.1624840" lon="14.8982210"></trkpt>
    <trkpt lat="56.1624840" lon="14.8982210"></trkpt>
    <trkpt lat="56.1627390" lon="14.8982220"></trkpt>
    <trkpt lat="56.1629930" lon="14.8982240"></trkpt>
    <trkpt lat="56.1631240" lon="14.8982080"></trkpt>
    <trkpt lat="56.1631280" lon="14.8982910"></trkpt>
    <trkpt lat="56.1631310" lon="14.8984000"></trkpt>
    <trkpt lat="56.1631240" lon="14.8984330"></trkpt>
    <trkpt lat="56.1630950" lon="14.8984670"></trkpt>
    <trkpt lat="56.1630720" lon="14.8984970"></trkpt>
    <trkpt lat="56.1630550" lon="14.8985410"></trkpt>
    <trkpt lat="56.1630420" lon="14.8986040"></trkpt>
    <trkpt lat="56.1630370" lon="14.8987370"></trkpt>
    <trkpt lat="56.1630450" lon="14.8990530"></trkpt>
    <trkpt lat="56.1630460" lon="14.8993240"></trkpt>
    <trkpt lat="56.1630440" lon="14.8996970"></trkpt>
    <trkpt lat="56.1630540" lon="14.8999750"></trkpt>
    <trkpt lat="56.1630790" lon="14.9002410"></trkpt>
    <trkpt lat="56.1631220" lon="14.9005110"></trkpt>
    <trkpt lat="56.1631470" lon="14.9006380"></trkpt>
    <trkpt lat="56.1631970" lon="14.9008440"></trkpt>
    <trkpt lat="56.1632740" lon="14.9011240"></trkpt>
    <trkpt lat="56.1634070" lon="14.9015670"></trkpt>
    <trkpt lat="56.1635200" lon="14.9019430"></trkpt>
    <trkpt lat="56.1636270" lon="14.9023270"></trkpt>
    <trkpt lat="56.1636720" lon="14.9025320"></trkpt>
    <trkpt lat="56.1637060" lon="14.9027450"></trkpt>
    <trkpt lat="56.1637300" lon="14.9029600"></trkpt>
    <trkpt lat="56.1637390" lon="14.9030770"></trkpt>
    <trkpt lat="56.1637430" lon="14.9031500"></trkpt>
    <trkpt lat="56.1637450" lon="14.9033480"></trkpt>
    <trkpt lat="56.1637380" lon="14.9035170"></trkpt>
    <trkpt lat="56.1637210" lon="14.9037160"></trkpt>
    <trkpt lat="56.1636920" lon="14.9039100"></trkpt>
    <trkpt lat="56.1636540" lon="14.9041300"></trkpt>
    <trkpt lat="56.1636320" lon="14.9042720"></trkpt>
    <trkpt lat="56.1636020" lon="14.9045040"></trkpt>
    <trkpt lat="56.1635890" lon="14.9046670"></trkpt>
    <trkpt lat="56.1635840" lon="14.9048340"></trkpt>
    <trkpt lat="56.1635920" lon="14.9050620"></trkpt>
    <trkpt lat="56.1636000" lon="14.9053220"></trkpt>
    <trkpt lat="56.1636100" lon="14.9056260"></trkpt>
    <trkpt lat="56.1636190" lon="14.9058480"></trkpt>
    <trkpt lat="56.1636330" lon="14.9060640"></trkpt>
    <trkpt lat="56.1636520" lon="14.9062530"></trkpt>
    <trkpt lat="56.1636750" lon="14.9064400"></trkpt>
    <trkpt lat="56.1637040" lon="14.9065950"></trkpt>
    <trkpt lat="56.1637060" lon="14.9066040"></trkpt>
    <trkpt lat="56.1637340" lon="14.9067200"></trkpt>
    <trkpt lat="56.1637860" lon="14.9068840"></trkpt>
    <trkpt lat="56.1638730" lon="14.9071080"></trkpt>
    <trkpt lat="56.1639590" lon="14.9073420"></trkpt>
    <trkpt lat="56.1640050" lon="14.9074890"></trkpt>
    <trkpt lat="56.1640640" lon="14.9077010"></trkpt>
    <trkpt lat="56.1641390" lon="14.9079400"></trkpt>
    <trkpt lat="56.1642130" lon="14.9081130"></trkpt>
    <trkpt lat="56.1642840" lon="14.9082480"></trkpt>
    <trkpt lat="56.1643740" lon="14.9083760"></trkpt>
    <trkpt lat="56.1645340" lon="14.9085790"></trkpt>
    <trkpt lat="56.1647130" lon="14.9088150"></trkpt>
    <trkpt lat="56.1648790" lon="14.9090720"></trkpt>
    <trkpt lat="56.1649500" lon="14.9092060"></trkpt>
    <trkpt lat="56.1650500" lon="14.9094120"></trkpt>
    <trkpt lat="56.1651280" lon="14.9095830"></trkpt>
    <trkpt lat="56.1652140" lon="14.9097630"></trkpt>
    <trkpt lat="56.1652940" lon="14.9098820"></trkpt>
    <trkpt lat="56.1653650" lon="14.9099620"></trkpt>
    <trkpt lat="56.1654720" lon="14.9100410"></trkpt>
    <trkpt lat="56.1654540" lon="14.9100970"></trkpt>
    <trkpt lat="56.1656220" lon="14.9102270"></trkpt>
    <trkpt lat="56.1657620" lon="14.9103410"></trkpt>
    <trkpt lat="56.1658710" lon="14.9104620"></trkpt>
    <trkpt lat="56.1659690" lon="14.9106020"></trkpt>
    <trkpt lat="56.1660570" lon="14.9107550"></trkpt>
    <trkpt lat="56.1661340" lon="14.9108930"></trkpt>
    <trkpt lat="56.1661990" lon="14.9110320"></trkpt>
    <trkpt lat="56.1662930" lon="14.9112380"></trkpt>
    <trkpt lat="56.1663380" lon="14.9113670"></trkpt>
    <trkpt lat="56.1664000" lon="14.9116280"></trkpt>
    <trkpt lat="56.1664550" lon="14.9119480"></trkpt>
    <trkpt lat="56.1665200" lon="14.9122610"></trkpt>
    <trkpt lat="56.1665820" lon="14.9125350"></trkpt>
    <trkpt lat="56.1666210" lon="14.9126560"></trkpt>
    <trkpt lat="56.1667000" lon="14.9128610"></trkpt>
    <trkpt lat="56.1669140" lon="14.9132670"></trkpt>
    <trkpt lat="56.1670330" lon="14.9135000"></trkpt>
    <trkpt lat="56.1671060" lon="14.9137140"></trkpt>
    <trkpt lat="56.1672460" lon="14.9141010"></trkpt>
    <trkpt lat="56.1673870" lon="14.9144870"></trkpt>
    <trkpt lat="56.1675100" lon="14.9148240"></trkpt>
    <trkpt lat="56.1676330" lon="14.9151610"></trkpt>
    <trkpt lat="56.1677310" lon="14.9154450"></trkpt>
    <trkpt lat="56.1677980" lon="14.9156380"></trkpt>
    <trkpt lat="56.1678320" lon="14.9157880"></trkpt>
    <trkpt lat="56.1678570" lon="14.9159000"></trkpt>
    <trkpt lat="56.1678730" lon="14.9160280"></trkpt>
    <trkpt lat="56.1678790" lon="14.9161130"></trkpt>
    <trkpt lat="56.1678790" lon="14.9162060"></trkpt>
    <trkpt lat="56.1678750" lon="14.9162630"></trkpt>
    <trkpt lat="56.1678640" lon="14.9163210"></trkpt>
    <trkpt lat="56.1678140" lon="14.9164810"></trkpt>
    <trkpt lat="56.1677600" lon="14.9166150"></trkpt>
    <trkpt lat="56.1675510" lon="14.9171070"></trkpt>
    <trkpt lat="56.1673420" lon="14.9176000"></trkpt>
    <trkpt lat="56.1671870" lon="14.9180290"></trkpt>
    <trkpt lat="56.1671390" lon="14.9181880"></trkpt>
    <trkpt lat="56.1671260" lon="14.9182500"></trkpt>
    <trkpt lat="56.1670410" lon="14.9186530"></trkpt>
    <trkpt lat="56.1669210" lon="14.9192470"></trkpt>
    <trkpt lat="56.1668890" lon="14.9194170"></trkpt>
    <trkpt lat="56.1668490" lon="14.9195830"></trkpt>
    <trkpt lat="56.1668060" lon="14.9197230"></trkpt>
    <trkpt lat="56.1667630" lon="14.9198310"></trkpt>
    <trkpt lat="56.1667000" lon="14.9199450"></trkpt>
    <trkpt lat="56.1666100" lon="14.9201060"></trkpt>
    <trkpt lat="56.1664640" lon="14.9203840"></trkpt>
    <trkpt lat="56.1663500" lon="14.9206330"></trkpt>
    <trkpt lat="56.1662990" lon="14.9207510"></trkpt>
    <trkpt lat="56.1662650" lon="14.9208320"></trkpt>
    <trkpt lat="56.1662350" lon="14.9209030"></trkpt>
    <trkpt lat="56.1661580" lon="14.9211170"></trkpt>
    <trkpt lat="56.1660500" lon="14.9214170"></trkpt>
    <trkpt lat="56.1659050" lon="14.9218230"></trkpt>
    <trkpt lat="56.1657950" lon="14.9222650"></trkpt>
    <trkpt lat="56.1656400" lon="14.9230140"></trkpt>
    <trkpt lat="56.1656030" lon="14.9232220"></trkpt>
    <trkpt lat="56.1655990" lon="14.9234090"></trkpt>
    <trkpt lat="56.1656030" lon="14.9235600"></trkpt>
    <trkpt lat="56.1656220" lon="14.9237470"></trkpt>
    <trkpt lat="56.1656660" lon="14.9240290"></trkpt>
    <trkpt lat="56.1656980" lon="14.9241890"></trkpt>
    <trkpt lat="56.1657620" lon="14.9243540"></trkpt>
    <trkpt lat="56.1658230" lon="14.9245290"></trkpt>
    <trkpt lat="56.1658840" lon="14.9246640"></trkpt>
    <trkpt lat="56.1660330" lon="14.9249560"></trkpt>
    <trkpt lat="56.1661590" lon="14.9251390"></trkpt>
    <trkpt lat="56.1663260" lon="14.9253400"></trkpt>
    <trkpt lat="56.1664410" lon="14.9254850"></trkpt>
    <trkpt lat="56.1665630" lon="14.9256750"></trkpt>
    <trkpt lat="56.1666180" lon="14.9257690"></trkpt>
    <trkpt lat="56.1666460" lon="14.9258370"></trkpt>
    <trkpt lat="56.1666680" lon="14.9259980"></trkpt>
    <trkpt lat="56.1666610" lon="14.9261590"></trkpt>
    <trkpt lat="56.1666300" lon="14.9263590"></trkpt>
    <trkpt lat="56.1665170" lon="14.9268470"></trkpt>
    <trkpt lat="56.1664030" lon="14.9272620"></trkpt>
    <trkpt lat="56.1663670" lon="14.9273340"></trkpt>
    <trkpt lat="56.1663110" lon="14.9274120"></trkpt>
    <trkpt lat="56.1662510" lon="14.9274570"></trkpt>
    <trkpt lat="56.1661790" lon="14.9274880"></trkpt>
    <trkpt lat="56.1661080" lon="14.9274990"></trkpt>
    <trkpt lat="56.1660450" lon="14.9274940"></trkpt>
    <trkpt lat="56.1658380" lon="14.9274320"></trkpt>
    <trkpt lat="56.1656300" lon="14.9273260"></trkpt>
    <trkpt lat="56.1654640" lon="14.9271850"></trkpt>
    <trkpt lat="56.1653850" lon="14.9271400"></trkpt>
    <trkpt lat="56.1653120" lon="14.9271170"></trkpt>
    <trkpt lat="56.1652550" lon="14.9271020"></trkpt>
    <trkpt lat="56.1651780" lon="14.9270970"></trkpt>
    <trkpt lat="56.1649930" lon="14.9271440"></trkpt>
    <trkpt lat="56.1648810" lon="14.9271850"></trkpt>
    <trkpt lat="56.1648040" lon="14.9272270"></trkpt>
    <trkpt lat="56.1647550" lon="14.9272540"></trkpt>
    <trkpt lat="56.1647020" lon="14.9273290"></trkpt>
    <trkpt lat="56.1646390" lon="14.9274390"></trkpt>
    <trkpt lat="56.1645660" lon="14.9276240"></trkpt>
    <trkpt lat="56.1645010" lon="14.9277790"></trkpt>
    <trkpt lat="56.1644510" lon="14.9278740"></trkpt>
    <trkpt lat="56.1643260" lon="14.9280110"></trkpt>
    <trkpt lat="56.1642640" lon="14.9280720"></trkpt>
    <trkpt lat="56.1641310" lon="14.9281960"></trkpt>
    <trkpt lat="56.1639640" lon="14.9283430"></trkpt>
    <trkpt lat="56.1637430" lon="14.9285320"></trkpt>
    <trkpt lat="56.1635390" lon="14.9287970"></trkpt>
    <trkpt lat="56.1634650" lon="14.9289250"></trkpt>
    <trkpt lat="56.1633210" lon="14.9291040"></trkpt>
    <trkpt lat="56.1631990" lon="14.9291980"></trkpt>
    <trkpt lat="56.1630800" lon="14.9292830"></trkpt>
    <trkpt lat="56.1629110" lon="14.9293100"></trkpt>
    <trkpt lat="56.1626510" lon="14.9291640"></trkpt>
    <trkpt lat="56.1625070" lon="14.9290800"></trkpt>
    <trkpt lat="56.1623680" lon="14.9290250"></trkpt>
    <trkpt lat="56.1622860" lon="14.9290250"></trkpt>
    <trkpt lat="56.1621360" lon="14.9290490"></trkpt>
    <trkpt lat="56.1620210" lon="14.9290940"></trkpt>
    <trkpt lat="56.1618250" lon="14.9291960"></trkpt>
    <trkpt lat="56.1615360" lon="14.9294050"></trkpt>
    <trkpt lat="56.1612670" lon="14.9295170"></trkpt>
    <trkpt lat="56.1609980" lon="14.9296300"></trkpt>
    <trkpt lat="56.1607050" lon="14.9297170"></trkpt>
    <trkpt lat="56.1605460" lon="14.9297270"></trkpt>
    <trkpt lat="56.1604450" lon="14.9297080"></trkpt>
    <trkpt lat="56.1603380" lon="14.9296720"></trkpt>
    <trkpt lat="56.1602690" lon="14.9296330"></trkpt>
    <trkpt lat="56.1601690" lon="14.9295640"></trkpt>
    <trkpt lat="56.1600930" lon="14.9297440"></trkpt>
    <trkpt lat="56.1600200" lon="14.9299040"></trkpt>
    <trkpt lat="56.1599480" lon="14.9300940"></trkpt>
    <trkpt lat="56.1598610" lon="14.9304240"></trkpt>
    <trkpt lat="56.1598010" lon="14.9306270"></trkpt>
    <trkpt lat="56.1597090" lon="14.9310200"></trkpt>
    <trkpt lat="56.1599080" lon="14.9312490"></trkpt>
    <trkpt lat="56.1599840" lon="14.9313730"></trkpt>
    <trkpt lat="56.1600020" lon="14.9314130"></trkpt>
    <trkpt lat="56.1600160" lon="14.9314810"></trkpt>
    <trkpt lat="56.1600230" lon="14.9315850"></trkpt>
    <trkpt lat="56.1600190" lon="14.9316890"></trkpt>
    <trkpt lat="56.1600080" lon="14.9321810"></trkpt>
    <trkpt lat="56.1600060" lon="14.9324140"></trkpt>
    <trkpt lat="56.1600060" lon="14.9326190"></trkpt>
    <trkpt lat="56.1600360" lon="14.9327790"></trkpt>
    <trkpt lat="56.1600820" lon="14.9328920"></trkpt>
    <trkpt lat="56.1602370" lon="14.9332800"></trkpt>
    <trkpt lat="56.1602720" lon="14.9334000"></trkpt>
    <trkpt lat="56.1602940" lon="14.9335150"></trkpt>
    <trkpt lat="56.1603890" lon="14.9340260"></trkpt>
    <trkpt lat="56.1605190" lon="14.9342880"></trkpt>
    <trkpt lat="56.1605780" lon="14.9344560"></trkpt>
    <trkpt lat="56.1606260" lon="14.9348430"></trkpt>
    <trkpt lat="56.1606630" lon="14.9350060"></trkpt>
    <trkpt lat="56.1608050" lon="14.9354200"></trkpt>
    <trkpt lat="56.1609490" lon="14.9357710"></trkpt>
    <trkpt lat="56.1610090" lon="14.9362240"></trkpt>
    <trkpt lat="56.1610700" lon="14.9366780"></trkpt>
    <trkpt lat="56.1611290" lon="14.9369550"></trkpt>
    <trkpt lat="56.1611450" lon="14.9370890"></trkpt>
    <trkpt lat="56.1611480" lon="14.9372210"></trkpt>
    <trkpt lat="56.1611240" lon="14.9373710"></trkpt>
    <trkpt lat="56.1610590" lon="14.9376300"></trkpt>
    <trkpt lat="56.1609230" lon="14.9379810"></trkpt>
    <trkpt lat="56.1607870" lon="14.9383330"></trkpt>
    <trkpt lat="56.1606220" lon="14.9388420"></trkpt>
    <trkpt lat="56.1605660" lon="14.9390950"></trkpt>
    <trkpt lat="56.1605230" lon="14.9393680"></trkpt>
    <trkpt lat="56.1604840" lon="14.9396560"></trkpt>
    <trkpt lat="56.1604750" lon="14.9399240"></trkpt>
    <trkpt lat="56.1604900" lon="14.9401780"></trkpt>
    <trkpt lat="56.1606080" lon="14.9404760"></trkpt>
    <trkpt lat="56.1606740" lon="14.9406920"></trkpt>
    <trkpt lat="56.1607280" lon="14.9410120"></trkpt>
    <trkpt lat="56.1607760" lon="14.9413120"></trkpt>
    <trkpt lat="56.1607960" lon="14.9416050"></trkpt>
    <trkpt lat="56.1607700" lon="14.9418380"></trkpt>
    <trkpt lat="56.1607560" lon="14.9419920"></trkpt>
    <trkpt lat="56.1607560" lon="14.9421480"></trkpt>
    <trkpt lat="56.1607710" lon="14.9422730"></trkpt>
    <trkpt lat="56.1608190" lon="14.9424420"></trkpt>
    <trkpt lat="56.1609330" lon="14.9428300"></trkpt>
    <trkpt lat="56.1609800" lon="14.9430680"></trkpt>
    <trkpt lat="56.1609970" lon="14.9432440"></trkpt>
    <trkpt lat="56.1609910" lon="14.9433510"></trkpt>
    <trkpt lat="56.1609780" lon="14.9434250"></trkpt>
    <trkpt lat="56.1609620" lon="14.9434940"></trkpt>
    <trkpt lat="56.1608990" lon="14.9436940"></trkpt>
    <trkpt lat="56.1608400" lon="14.9439130"></trkpt>
    <trkpt lat="56.1607620" lon="14.9442970"></trkpt>
    <trkpt lat="56.1607180" lon="14.9444630"></trkpt>
    <trkpt lat="56.1606370" lon="14.9447090"></trkpt>
    <trkpt lat="56.1605730" lon="14.9449720"></trkpt>
    <trkpt lat="56.1605610" lon="14.9451840"></trkpt>
    <trkpt lat="56.1605770" lon="14.9454270"></trkpt>
    <trkpt lat="56.1606760" lon="14.9459260"></trkpt>
    <trkpt lat="56.1607100" lon="14.9461940"></trkpt>
    <trkpt lat="56.1607810" lon="14.9464720"></trkpt>
    <trkpt lat="56.1608320" lon="14.9466840"></trkpt>
    <trkpt lat="56.1608580" lon="14.9468450"></trkpt>
    <trkpt lat="56.1608820" lon="14.9472240"></trkpt>
    <trkpt lat="56.1608880" lon="14.9474410"></trkpt>
    <trkpt lat="56.1608760" lon="14.9476630"></trkpt>
    <trkpt lat="56.1608300" lon="14.9480530"></trkpt>
    <trkpt lat="56.1607550" lon="14.9485020"></trkpt>
    <trkpt lat="56.1606960" lon="14.9488910"></trkpt>
    <trkpt lat="56.1606740" lon="14.9491380"></trkpt>
    <trkpt lat="56.1606660" lon="14.9493640"></trkpt>
    <trkpt lat="56.1606580" lon="14.9495660"></trkpt>
    <trkpt lat="56.1606370" lon="14.9497160"></trkpt>
    <trkpt lat="56.1605850" lon="14.9499060"></trkpt>
    <trkpt lat="56.1605020" lon="14.9501290"></trkpt>
    <trkpt lat="56.1604780" lon="14.9502130"></trkpt>
    <trkpt lat="56.1604640" lon="14.9503140"></trkpt>
    <trkpt lat="56.1604510" lon="14.9505040"></trkpt>
    <trkpt lat="56.1604570" lon="14.9509350"></trkpt>
    <trkpt lat="56.1604810" lon="14.9511680"></trkpt>
    <trkpt lat="56.1605070" lon="14.9513600"></trkpt>
    <trkpt lat="56.1605370" lon="14.9515690"></trkpt>
    <trkpt lat="56.1605750" lon="14.9517140"></trkpt>
    <trkpt lat="56.1606440" lon="14.9518640"></trkpt>
    <trkpt lat="56.1607050" lon="14.9519700"></trkpt>
    <trkpt lat="56.1609290" lon="14.9522720"></trkpt>
    <trkpt lat="56.1611640" lon="14.9526100"></trkpt>
    <trkpt lat="56.1613980" lon="14.9529490"></trkpt>
    <trkpt lat="56.1615830" lon="14.9532740"></trkpt>
    <trkpt lat="56.1616870" lon="14.9535070"></trkpt>
    <trkpt lat="56.1618460" lon="14.9539300"></trkpt>
    <trkpt lat="56.1619390" lon="14.9541200"></trkpt>
    <trkpt lat="56.1620540" lon="14.9542800"></trkpt>
    <trkpt lat="56.1621380" lon="14.9544180"></trkpt>
    <trkpt lat="56.1621690" lon="14.9544930"></trkpt>
    <trkpt lat="56.1622040" lon="14.9546590"></trkpt>
    <trkpt lat="56.1622450" lon="14.9548960"></trkpt>
    <trkpt lat="56.1622970" lon="14.9550950"></trkpt>
    <trkpt lat="56.1623620" lon="14.9552980"></trkpt>
    <trkpt lat="56.1624160" lon="14.9554570"></trkpt>
    <trkpt lat="56.1625150" lon="14.9556720"></trkpt>
    <trkpt lat="56.1627180" lon="14.9559490"></trkpt>
    <trkpt lat="56.1629480" lon="14.9562230"></trkpt>
    <trkpt lat="56.1631780" lon="14.9564980"></trkpt>
    <trkpt lat="56.1634440" lon="14.9568750"></trkpt>
    <trkpt lat="56.1635380" lon="14.9570350"></trkpt>
    <trkpt lat="56.1636260" lon="14.9571800"></trkpt>
    <trkpt lat="56.1636550" lon="14.9572600"></trkpt>
    <trkpt lat="56.1636810" lon="14.9573880"></trkpt>
    <trkpt lat="56.1637030" lon="14.9576050"></trkpt>
    <trkpt lat="56.1637110" lon="14.9578040"></trkpt>
    <trkpt lat="56.1637100" lon="14.9580680"></trkpt>
    <trkpt lat="56.1636990" lon="14.9582150"></trkpt>
    <trkpt lat="56.1636960" lon="14.9582560"></trkpt>
    <trkpt lat="56.1636350" lon="14.9587270"></trkpt>
    <trkpt lat="56.1636050" lon="14.9589420"></trkpt>
    <trkpt lat="56.1635980" lon="14.9592250"></trkpt>
    <trkpt lat="56.1636060" lon="14.9594390"></trkpt>
    <trkpt lat="56.1636340" lon="14.9596260"></trkpt>
    <trkpt lat="56.1636670" lon="14.9598740"></trkpt>
    <trkpt lat="56.1636880" lon="14.9601820"></trkpt>
    <trkpt lat="56.1637130" lon="14.9604280"></trkpt>
    <trkpt lat="56.1637360" lon="14.9605610"></trkpt>
    <trkpt lat="56.1637850" lon="14.9607580"></trkpt>
    <trkpt lat="56.1639450" lon="14.9613460"></trkpt>
    <trkpt lat="56.1640910" lon="14.9618930"></trkpt>
    <trkpt lat="56.1641290" lon="14.9620080"></trkpt>
    <trkpt lat="56.1642070" lon="14.9621930"></trkpt>
    <trkpt lat="56.1643120" lon="14.9623380"></trkpt>
    <trkpt lat="56.1643940" lon="14.9624350"></trkpt>
    <trkpt lat="56.1644940" lon="14.9625340"></trkpt>
    <trkpt lat="56.1646030" lon="14.9626150"></trkpt>
    <trkpt lat="56.1648040" lon="14.9627490"></trkpt>
    <trkpt lat="56.1649730" lon="14.9628760"></trkpt>
    <trkpt lat="56.1650610" lon="14.9629390"></trkpt>
    <trkpt lat="56.1652050" lon="14.9630520"></trkpt>
    <trkpt lat="56.1653510" lon="14.9632010"></trkpt>
    <trkpt lat="56.1656210" lon="14.9633940"></trkpt>
    <trkpt lat="56.1658490" lon="14.9635620"></trkpt>
    <trkpt lat="56.1660770" lon="14.9637300"></trkpt>
    <trkpt lat="56.1661530" lon="14.9637500"></trkpt>
    <trkpt lat="56.1662160" lon="14.9637410"></trkpt>
    <trkpt lat="56.1662940" lon="14.9636980"></trkpt>
    <trkpt lat="56.1665000" lon="14.9635240"></trkpt>
    <trkpt lat="56.1666170" lon="14.9634350"></trkpt>
    <trkpt lat="56.1666870" lon="14.9633760"></trkpt>
    <trkpt lat="56.1667470" lon="14.9633740"></trkpt>
    <trkpt lat="56.1667730" lon="14.9634020"></trkpt>
    <trkpt lat="56.1669090" lon="14.9636900"></trkpt>
    <trkpt lat="56.1669830" lon="14.9639030"></trkpt>
    <trkpt lat="56.1671110" lon="14.9642640"></trkpt>
    <trkpt lat="56.1672400" lon="14.9646240"></trkpt>
    <trkpt lat="56.1673570" lon="14.9649880"></trkpt>
    <trkpt lat="56.1674310" lon="14.9652180"></trkpt>
    <trkpt lat="56.1674560" lon="14.9653600"></trkpt>
    <trkpt lat="56.1674760" lon="14.9654820"></trkpt>
    <trkpt lat="56.1674970" lon="14.9657250"></trkpt>
    <trkpt lat="56.1675180" lon="14.9659840"></trkpt>
    <trkpt lat="56.1675190" lon="14.9660040"></trkpt>
    <trkpt lat="56.1675500" lon="14.9659970"></trkpt>
    <trkpt lat="56.1676240" lon="14.9659220"></trkpt>
    <trkpt lat="56.1677320" lon="14.9658130"></trkpt>
    <trkpt lat="56.1677690" lon="14.9657780"></trkpt>
    <trkpt lat="56.1677840" lon="14.9658410"></trkpt>
    <trkpt lat="56.1678010" lon="14.9659490"></trkpt>
    <trkpt lat="56.1678160" lon="14.9660570"></trkpt>
    <trkpt lat="56.1678160" lon="14.9661640"></trkpt>
    <trkpt lat="56.1678100" lon="14.9663410"></trkpt>
    <trkpt lat="56.1678070" lon="14.9665060"></trkpt>
    <trkpt lat="56.1678070" lon="14.9665060"></trkpt>
    <trkpt lat="56.1680500" lon="14.9665040"></trkpt>
    <trkpt lat="56.1683270" lon="14.9664990"></trkpt>
    <trkpt lat="56.1686040" lon="14.9664940"></trkpt>
    <trkpt lat="56.1686590" lon="14.9664950"></trkpt>
    <trkpt lat="56.1687000" lon="14.9664960"></trkpt>
    <trkpt lat="56.1689740" lon="14.9665000"></trkpt>
    <trkpt lat="56.1692470" lon="14.9665050"></trkpt>
    <trkpt lat="56.1694990" lon="14.9665170"></trkpt>
    <trkpt lat="56.1697240" lon="14.9665940"></trkpt>
    <trkpt lat="56.1698510" lon="14.9666780"></trkpt>
    <trkpt lat="56.1701740" lon="14.9669700"></trkpt>
    <trkpt lat="56.1703080" lon="14.9671000"></trkpt>
    <trkpt lat="56.1704870" lon="14.9672740"></trkpt>
    <trkpt lat="56.1707130" lon="14.9674840"></trkpt>
    <trkpt lat="56.1709380" lon="14.9676940"></trkpt>
    <trkpt lat="56.1710800" lon="14.9677950"></trkpt>
    <trkpt lat="56.1711860" lon="14.9678520"></trkpt>
    <trkpt lat="56.1713000" lon="14.9678770"></trkpt>
    <trkpt lat="56.1714430" lon="14.9678930"></trkpt>
    <trkpt lat="56.1715920" lon="14.9678800"></trkpt>
    <trkpt lat="56.1717090" lon="14.9678530"></trkpt>
    <trkpt lat="56.1718310" lon="14.9678090"></trkpt>
    <trkpt lat="56.1720650" lon="14.9677150"></trkpt>
    <trkpt lat="56.1722990" lon="14.9676210"></trkpt>
    <trkpt lat="56.1724450" lon="14.9675710"></trkpt>
    <trkpt lat="56.1725940" lon="14.9675340"></trkpt>
    <trkpt lat="56.1727170" lon="14.9675190"></trkpt>
    <trkpt lat="56.1730560" lon="14.9674790"></trkpt>
    <trkpt lat="56.1733130" lon="14.9674460"></trkpt>
    <trkpt lat="56.1734360" lon="14.9674080"></trkpt>
    <trkpt lat="56.1735300" lon="14.9673540"></trkpt>
    <trkpt lat="56.1736720" lon="14.9672600"></trkpt>
    <trkpt lat="56.1737350" lon="14.9672180"></trkpt>
    <trkpt lat="56.1738520" lon="14.9671100"></trkpt>
    <trkpt lat="56.1739410" lon="14.9670070"></trkpt>
    <trkpt lat="56.1740630" lon="14.9668360"></trkpt>
    <trkpt lat="56.1743260" lon="14.9664370"></trkpt>
    <trkpt lat="56.1745660" lon="14.9660690"></trkpt>
    <trkpt lat="56.1748060" lon="14.9657020"></trkpt>
    <trkpt lat="56.1748060" lon="14.9657020"></trkpt>
    <trkpt lat="56.1748600" lon="14.9658650"></trkpt>
    <trkpt lat="56.1748680" lon="14.9660560"></trkpt>
    <trkpt lat="56.1748740" lon="14.9662750"></trkpt>
    <trkpt lat="56.1748750" lon="14.9664480"></trkpt>
    <trkpt lat="56.1748950" lon="14.9665830"></trkpt>
    <trkpt lat="56.1749030" lon="14.9666500"></trkpt>
    <trkpt lat="56.1749090" lon="14.9667920"></trkpt>
    <trkpt lat="56.1749070" lon="14.9669870"></trkpt>
    <trkpt lat="56.1749190" lon="14.9671890"></trkpt>
    <trkpt lat="56.1749800" lon="14.9671760"></trkpt>
    <trkpt lat="56.1750710" lon="14.9671570"></trkpt>
    <trkpt lat="56.1751590" lon="14.9671290"></trkpt>
    <trkpt lat="56.1752420" lon="14.9670870"></trkpt>
    <trkpt lat="56.1753450" lon="14.9670280"></trkpt>
    <trkpt lat="56.1754680" lon="14.9669550"></trkpt>
    <trkpt lat="56.1756030" lon="14.9668640"></trkpt>
    <trkpt lat="56.1757220" lon="14.9668030"></trkpt>
    <trkpt lat="56.1758440" lon="14.9667480"></trkpt>
    <trkpt lat="56.1760040" lon="14.9666960"></trkpt>
    <trkpt lat="56.1761640" lon="14.9665940"></trkpt>
    <trkpt lat="56.1763550" lon="14.9664630"></trkpt>
    <trkpt lat="56.1764700" lon="14.9663820"></trkpt>
    <trkpt lat="56.1765510" lon="14.9663270"></trkpt>
    <trkpt lat="56.1766610" lon="14.9662460"></trkpt>
    <trkpt lat="56.1767710" lon="14.9661780"></trkpt>
    <trkpt lat="56.1769120" lon="14.9660740"></trkpt>
    <trkpt lat="56.1771190" lon="14.9659380"></trkpt>
    <trkpt lat="56.1771990" lon="14.9658800"></trkpt>
    <trkpt lat="56.1773530" lon="14.9657940"></trkpt>
    <trkpt lat="56.1775290" lon="14.9656980"></trkpt>
    <trkpt lat="56.1777000" lon="14.9656090"></trkpt>
    <trkpt lat="56.1779450" lon="14.9654920"></trkpt>
    <trkpt lat="56.1781890" lon="14.9653740"></trkpt>
    <trkpt lat="56.1782400" lon="14.9653560"></trkpt>
    <trkpt lat="56.1782870" lon="14.9653680"></trkpt>
    <trkpt lat="56.1783220" lon="14.9654050"></trkpt>
    <trkpt lat="56.1783450" lon="14.9654600"></trkpt>
    <trkpt lat="56.1783720" lon="14.9657070"></trkpt>
    <trkpt lat="56.1783960" lon="14.9659240"></trkpt>
    <trkpt lat="56.1783960" lon="14.9659240"></trkpt>
    <trkpt lat="56.1787110" lon="14.9658230"></trkpt>
    <trkpt lat="56.1790260" lon="14.9657220"></trkpt>
    <trkpt lat="56.1794590" lon="14.9655880"></trkpt>
    <trkpt lat="56.1795670" lon="14.9655680"></trkpt>
    <trkpt lat="56.1796130" lon="14.9655640"></trkpt>
    <trkpt lat="56.1796710" lon="14.9655580"></trkpt>
    <trkpt lat="56.1797570" lon="14.9655600"></trkpt>
    <trkpt lat="56.1798290" lon="14.9655680"></trkpt>
    <trkpt lat="56.1799110" lon="14.9655600"></trkpt>
    <trkpt lat="56.1800000" lon="14.9655390"></trkpt>
    <trkpt lat="56.1800980" lon="14.9654990"></trkpt>
    <trkpt lat="56.1802270" lon="14.9654230"></trkpt>
    <trkpt lat="56.1803790" lon="14.9653320"></trkpt>
    <trkpt lat="56.1805100" lon="14.9652620"></trkpt>
    <trkpt lat="56.1806020" lon="14.9652430"></trkpt>
    <trkpt lat="56.1807010" lon="14.9652350"></trkpt>
    <trkpt lat="56.1807910" lon="14.9652240"></trkpt>
    <trkpt lat="56.1810540" lon="14.9652100"></trkpt>
    <trkpt lat="56.1811870" lon="14.9651840"></trkpt>
    <trkpt lat="56.1812920" lon="14.9651510"></trkpt>
    <trkpt lat="56.1814130" lon="14.9650830"></trkpt>
    <trkpt lat="56.1816780" lon="14.9649160"></trkpt>
    <trkpt lat="56.1820190" lon="14.9646800"></trkpt>
    <trkpt lat="56.1821610" lon="14.9645560"></trkpt>
    <trkpt lat="56.1822840" lon="14.9644250"></trkpt>
    <trkpt lat="56.1823280" lon="14.9643580"></trkpt>
    <trkpt lat="56.1823850" lon="14.9642480"></trkpt>
    <trkpt lat="56.1824530" lon="14.9640630"></trkpt>
    <trkpt lat="56.1824800" lon="14.9639100"></trkpt>
    <trkpt lat="56.1825070" lon="14.9637300"></trkpt>
    <trkpt lat="56.1825190" lon="14.9635240"></trkpt>
    <trkpt lat="56.1825100" lon="14.9633120"></trkpt>
    <trkpt lat="56.1824930" lon="14.9631350"></trkpt>
    <trkpt lat="56.1824930" lon="14.9631350"></trkpt>
    <trkpt lat="56.1828180" lon="14.9630090"></trkpt>
    <trkpt lat="56.1831790" lon="14.9627390"></trkpt>
    <trkpt lat="56.1834580" lon="14.9625450"></trkpt>
    <trkpt lat="56.1834930" lon="14.9625150"></trkpt>
    <trkpt lat="56.1836090" lon="14.9623810"></trkpt>
    <trkpt lat="56.1837970" lon="14.9621370"></trkpt>
    <trkpt lat="56.1840290" lon="14.9618630"></trkpt>
    <trkpt lat="56.1841080" lon="14.9617800"></trkpt>
    <trkpt lat="56.1842320" lon="14.9616940"></trkpt>
    <trkpt lat="56.1844660" lon="14.9616090"></trkpt>
    <trkpt lat="56.1848450" lon="14.9614180"></trkpt>
    <trkpt lat="56.1851510" lon="14.9612010"></trkpt>
    <trkpt lat="56.1854210" lon="14.9609920"></trkpt>
    <trkpt lat="56.1857500" lon="14.9607660"></trkpt>
    <trkpt lat="56.1860620" lon="14.9606080"></trkpt>
    <trkpt lat="56.1864960" lon="14.9604230"></trkpt>
    <trkpt lat="56.1866900" lon="14.9603270"></trkpt>
    <trkpt lat="56.1868440" lon="14.9602030"></trkpt>
    <trkpt lat="56.1872090" lon="14.9598340"></trkpt>
    <trkpt lat="56.1875740" lon="14.9594660"></trkpt>
    <trkpt lat="56.1878080" lon="14.9591790"></trkpt>
    <trkpt lat="56.1880420" lon="14.9588920"></trkpt>
    <trkpt lat="56.1884350" lon="14.9585240"></trkpt>
    <trkpt lat="56.1888280" lon="14.9581570"></trkpt>
    <trkpt lat="56.1892200" lon="14.9577890"></trkpt>
    <trkpt lat="56.1894620" lon="14.9574860"></trkpt>
    <trkpt lat="56.1896670" lon="14.9571690"></trkpt>
    <trkpt lat="56.1897740" lon="14.9569820"></trkpt>
    <trkpt lat="56.1898900" lon="14.9566710"></trkpt>
    <trkpt lat="56.1901010" lon="14.9559730"></trkpt>
    <trkpt lat="56.1902480" lon="14.9555600"></trkpt>
    <trkpt lat="56.1903960" lon="14.9551470"></trkpt>
    <trkpt lat="56.1906420" lon="14.9546080"></trkpt>
    <trkpt lat="56.1908690" lon="14.9540490"></trkpt>
    <trkpt lat="56.1910950" lon="14.9534900"></trkpt>
    <trkpt lat="56.1913010" lon="14.9529320"></trkpt>
    <trkpt lat="56.1915290" lon="14.9523310"></trkpt>
    <trkpt lat="56.1917780" lon="14.9518620"></trkpt>
    <trkpt lat="56.1920090" lon="14.9514780"></trkpt>
    <trkpt lat="56.1922390" lon="14.9510940"></trkpt>
    <trkpt lat="56.1924380" lon="14.9507630"></trkpt>
    <trkpt lat="56.1926360" lon="14.9504320"></trkpt>
    <trkpt lat="56.1928450" lon="14.9500640"></trkpt>
    <trkpt lat="56.1930540" lon="14.9496970"></trkpt>
    <trkpt lat="56.1932320" lon="14.9494260"></trkpt>
    <trkpt lat="56.1933690" lon="14.9492760"></trkpt>
    <trkpt lat="56.1934690" lon="14.9492330"></trkpt>
    <trkpt lat="56.1935490" lon="14.9492170"></trkpt>
    <trkpt lat="56.1936540" lon="14.9492410"></trkpt>
    <trkpt lat="56.1938560" lon="14.9493070"></trkpt>
    <trkpt lat="56.1941770" lon="14.9494070"></trkpt>
    <trkpt lat="56.1942630" lon="14.9494300"></trkpt>
    <trkpt lat="56.1944730" lon="14.9495370"></trkpt>
    <trkpt lat="56.1945930" lon="14.9495990"></trkpt>
    <trkpt lat="56.1947440" lon="14.9497000"></trkpt>
    <trkpt lat="56.1950050" lon="14.9498650"></trkpt>
    <trkpt lat="56.1951090" lon="14.9499130"></trkpt>
    <trkpt lat="56.1952240" lon="14.9499400"></trkpt>
    <trkpt lat="56.1953830" lon="14.9499570"></trkpt>
    <trkpt lat="56.1955150" lon="14.9499770"></trkpt>
    <trkpt lat="56.1956540" lon="14.9499880"></trkpt>
    <trkpt lat="56.1959780" lon="14.9500040"></trkpt>
    <trkpt lat="56.1961360" lon="14.9500230"></trkpt>
    <trkpt lat="56.1962990" lon="14.9500670"></trkpt>
    <trkpt lat="56.1963540" lon="14.9500760"></trkpt>
    <trkpt lat="56.1967360" lon="14.9501420"></trkpt>
    <trkpt lat="56.1970080" lon="14.9501990"></trkpt>
    <trkpt lat="56.1972790" lon="14.9502550"></trkpt>
    <trkpt lat="56.1974880" lon="14.9503330"></trkpt>
    <trkpt lat="56.1975660" lon="14.9503730"></trkpt>
    <trkpt lat="56.1976600" lon="14.9504480"></trkpt>
    <trkpt lat="56.1977270" lon="14.9505300"></trkpt>
    <trkpt lat="56.1977830" lon="14.9506130"></trkpt>
    <trkpt lat="56.1978450" lon="14.9507470"></trkpt>
    <trkpt lat="56.1979750" lon="14.9510720"></trkpt>
    <trkpt lat="56.1981190" lon="14.9513630"></trkpt>
    <trkpt lat="56.1982590" lon="14.9515950"></trkpt>
    <trkpt lat="56.1983090" lon="14.9516430"></trkpt>
    <trkpt lat="56.1984350" lon="14.9513500"></trkpt>
    <trkpt lat="56.1985790" lon="14.9509630"></trkpt>
    <trkpt lat="56.1985790" lon="14.9509630"></trkpt>
    <trkpt lat="56.1986250" lon="14.9509910"></trkpt>
    <trkpt lat="56.1987310" lon="14.9510260"></trkpt>
    <trkpt lat="56.1990240" lon="14.9510620"></trkpt>
    <trkpt lat="56.1994250" lon="14.9510330"></trkpt>
    <trkpt lat="56.1998600" lon="14.9509800"></trkpt>
    <trkpt lat="56.1999820" lon="14.9509880"></trkpt>
    <trkpt lat="56.2000980" lon="14.9510310"></trkpt>
    <trkpt lat="56.2001830" lon="14.9510820"></trkpt>
    <trkpt lat="56.2003550" lon="14.9512410"></trkpt>
    <trkpt lat="56.2004890" lon="14.9513370"></trkpt>
    <trkpt lat="56.2005880" lon="14.9513960"></trkpt>
    <trkpt lat="56.2006900" lon="14.9514230"></trkpt>
    <trkpt lat="56.2007440" lon="14.9514360"></trkpt>
    <trkpt lat="56.2008290" lon="14.9514220"></trkpt>
    <trkpt lat="56.2009010" lon="14.9513910"></trkpt>
    <trkpt lat="56.2009760" lon="14.9513590"></trkpt>
    <trkpt lat="56.2011490" lon="14.9512020"></trkpt>
    <trkpt lat="56.2012610" lon="14.9510270"></trkpt>
    <trkpt lat="56.2014080" lon="14.9507480"></trkpt>
    <trkpt lat="56.2016240" lon="14.9503250"></trkpt>
    <trkpt lat="56.2017490" lon="14.9500870"></trkpt>
    <trkpt lat="56.2019220" lon="14.9496070"></trkpt>
    <trkpt lat="56.2020950" lon="14.9491270"></trkpt>
    <trkpt lat="56.2022450" lon="14.9487720"></trkpt>
    <trkpt lat="56.2024000" lon="14.9484520"></trkpt>
    <trkpt lat="56.2025240" lon="14.9482030"></trkpt>
    <trkpt lat="56.2026740" lon="14.9478970"></trkpt>
    <trkpt lat="56.2029240" lon="14.9474280"></trkpt>
    <trkpt lat="56.2029950" lon="14.9472750"></trkpt>
    <trkpt lat="56.2029970" lon="14.9472080"></trkpt>
    <trkpt lat="56.2029970" lon="14.9472080"></trkpt>
    <trkpt lat="56.2033940" lon="14.9472680"></trkpt>
    <trkpt lat="56.2034290" lon="14.9472710"></trkpt>
    <trkpt lat="56.2034290" lon="14.9472710"></trkpt>
    <trkpt lat="56.2034360" lon="14.9472160"></trkpt>
    <trkpt lat="56.2034360" lon="14.9472160"></trkpt>
    <trkpt lat="56.2036490" lon="14.9472210"></trkpt>
    <trkpt lat="56.2037630" lon="14.9472150"></trkpt>
    <trkpt lat="56.2039180" lon="14.9472300"></trkpt>
    <trkpt lat="56.2043070" lon="14.9472530"></trkpt>
    <trkpt lat="56.2046960" lon="14.9472760"></trkpt>
    <trkpt lat="56.2048530" lon="14.9472630"></trkpt>
    <trkpt lat="56.2049610" lon="14.9472800"></trkpt>
    <trkpt lat="56.2050700" lon="14.9473330"></trkpt>
    <trkpt lat="56.2053100" lon="14.9473580"></trkpt>
    <trkpt lat="56.2053320" lon="14.9473610"></trkpt>
    <trkpt lat="56.2053320" lon="14.9473610"></trkpt>
    <trkpt lat="56.2053520" lon="14.9472630"></trkpt>
    <trkpt lat="56.2053770" lon="14.9472390"></trkpt>
    <trkpt lat="56.2054070" lon="14.9472340"></trkpt>
    <trkpt lat="56.2056310" lon="14.9472920"></trkpt>
    <trkpt lat="56.2058540" lon="14.9473510"></trkpt>
    <trkpt lat="56.2058370" lon="14.9475420"></trkpt>
    <trkpt lat="56.2058140" lon="14.9476450"></trkpt>
    <trkpt lat="56.2058140" lon="14.9476450"></trkpt>
    <trkpt lat="56.2060570" lon="14.9478780"></trkpt>
    <trkpt lat="56.2061240" lon="14.9479540"></trkpt>
    <trkpt lat="56.2060570" lon="14.9478780"></trkpt>
    <trkpt lat="56.2058140" lon="14.9476450"></trkpt>
    <trkpt lat="56.2058140" lon="14.9476450"></trkpt>
    <trkpt lat="56.2058370" lon="14.9475420"></trkpt>
    <trkpt lat="56.2058480" lon="14.9474240"></trkpt>
    <trkpt lat="56.2058370" lon="14.9475420"></trkpt>
    <trkpt lat="56.2058140" lon="14.9476450"></trkpt>
    <trkpt lat="56.2058140" lon="14.9476450"></trkpt>
    <trkpt lat="56.2060570" lon="14.9478780"></trkpt>
    <trkpt lat="56.2062830" lon="14.9481350"></trkpt>
    <trkpt lat="56.2063460" lon="14.9482020"></trkpt>
    <trkpt lat="56.2064500" lon="14.9482810"></trkpt>
    <trkpt lat="56.2067480" lon="14.9483880"></trkpt>
    <trkpt lat="56.2067480" lon="14.9483880"></trkpt>
    <trkpt lat="56.2067860" lon="14.9483580"></trkpt>
    <trkpt lat="56.2068270" lon="14.9483480"></trkpt>
    <trkpt lat="56.2068690" lon="14.9483490"></trkpt>
    <trkpt lat="56.2069180" lon="14.9483500"></trkpt>
    <trkpt lat="56.2069890" lon="14.9483670"></trkpt>
    <trkpt lat="56.2072670" lon="14.9484590"></trkpt>
    <trkpt lat="56.2075450" lon="14.9485510"></trkpt>
    <trkpt lat="56.2075880" lon="14.9485690"></trkpt>
    <trkpt lat="56.2076010" lon="14.9485770"></trkpt>
    <trkpt lat="56.2076400" lon="14.9486050"></trkpt>
    <trkpt lat="56.2076820" lon="14.9486350"></trkpt>
    <trkpt lat="56.2077550" lon="14.9486970"></trkpt>
    <trkpt lat="56.2077770" lon="14.9487230"></trkpt>
    <trkpt lat="56.2078210" lon="14.9487760"></trkpt>
    <trkpt lat="56.2078150" lon="14.9488720"></trkpt>
    <trkpt lat="56.2078150" lon="14.9488720"></trkpt>
    <trkpt lat="56.2077350" lon="14.9488430"></trkpt>
    <trkpt lat="56.2077350" lon="14.9488430"></trkpt>
    <trkpt lat="56.2077240" lon="14.9489340"></trkpt>
    <trkpt lat="56.2077460" lon="14.9489840"></trkpt>
    <trkpt lat="56.2077870" lon="14.9489960"></trkpt>
    <trkpt lat="56.2079150" lon="14.9490240"></trkpt>
    <trkpt lat="56.2080000" lon="14.9490530"></trkpt>
    <trkpt lat="56.2082430" lon="14.9491540"></trkpt>
    <trkpt lat="56.2084860" lon="14.9492560"></trkpt>
    <trkpt lat="56.2088910" lon="14.9494250"></trkpt>
    <trkpt lat="56.2092960" lon="14.9495940"></trkpt>
    <trkpt lat="56.2097010" lon="14.9497630"></trkpt>
    <trkpt lat="56.2101060" lon="14.9499320"></trkpt>
    <trkpt lat="56.2104150" lon="14.9499960"></trkpt>
    <trkpt lat="56.2104910" lon="14.9500010"></trkpt>
    <trkpt lat="56.2107590" lon="14.9500050"></trkpt>
    <trkpt lat="56.2109770" lon="14.9499880"></trkpt>
    <trkpt lat="56.2112570" lon="14.9499480"></trkpt>
    <trkpt lat="56.2115370" lon="14.9499080"></trkpt>
    <trkpt lat="56.2117700" lon="14.9499060"></trkpt>
    <trkpt lat="56.2119810" lon="14.9499400"></trkpt>
    <trkpt lat="56.2122710" lon="14.9499920"></trkpt>
    <trkpt lat="56.2125600" lon="14.9500430"></trkpt>
    <trkpt lat="56.2128550" lon="14.9500720"></trkpt>
    <trkpt lat="56.2131490" lon="14.9501000"></trkpt>
    <trkpt lat="56.2132770" lon="14.9501080"></trkpt>
    <trkpt lat="56.2133410" lon="14.9500820"></trkpt>
    <trkpt lat="56.2133890" lon="14.9499900"></trkpt>
    <trkpt lat="56.2137250" lon="14.9497860"></trkpt>
    <trkpt lat="56.2138900" lon="14.9496300"></trkpt>
    <trkpt lat="56.2139010" lon="14.9496650"></trkpt>
    <trkpt lat="56.2139990" lon="14.9497480"></trkpt>
    <trkpt lat="56.2142990" lon="14.9499170"></trkpt>
    <trkpt lat="56.2146000" lon="14.9500860"></trkpt>
    <trkpt lat="56.2149000" lon="14.9502550"></trkpt>
    <trkpt lat="56.2151470" lon="14.9503160"></trkpt>
    <trkpt lat="56.2155280" lon="14.9502530"></trkpt>
    <trkpt lat="56.2156500" lon="14.9502890"></trkpt>
    <trkpt lat="56.2157570" lon="14.9503700"></trkpt>
    <trkpt lat="56.2158150" lon="14.9504410"></trkpt>
    <trkpt lat="56.2159700" lon="14.9507100"></trkpt>
    <trkpt lat="56.2161320" lon="14.9510650"></trkpt>
    <trkpt lat="56.2162940" lon="14.9514210"></trkpt>
    <trkpt lat="56.2165440" lon="14.9518840"></trkpt>
    <trkpt lat="56.2167950" lon="14.9522980"></trkpt>
    <trkpt lat="56.2170460" lon="14.9527130"></trkpt>
    <trkpt lat="56.2170560" lon="14.9527260"></trkpt>
    <trkpt lat="56.2173900" lon="14.9531760"></trkpt>
    <trkpt lat="56.2176170" lon="14.9534310"></trkpt>
    <trkpt lat="56.2177150" lon="14.9535010"></trkpt>
    <trkpt lat="56.2178550" lon="14.9535750"></trkpt>
    <trkpt lat="56.2182470" lon="14.9535850"></trkpt>
    <trkpt lat="56.2184210" lon="14.9536490"></trkpt>
    <trkpt lat="56.2185770" lon="14.9537670"></trkpt>
    <trkpt lat="56.2186800" lon="14.9538910"></trkpt>
    <trkpt lat="56.2188150" lon="14.9541020"></trkpt>
    <trkpt lat="56.2189770" lon="14.9544040"></trkpt>
    <trkpt lat="56.2191390" lon="14.9547060"></trkpt>
    <trkpt lat="56.2192780" lon="14.9550000"></trkpt>
    <trkpt lat="56.2194330" lon="14.9554990"></trkpt>
    <trkpt lat="56.2194930" lon="14.9558930"></trkpt>
    <trkpt lat="56.2195710" lon="14.9561600"></trkpt>
    <trkpt lat="56.2196790" lon="14.9563950"></trkpt>
    <trkpt lat="56.2197700" lon="14.9565420"></trkpt>
    <trkpt lat="56.2200190" lon="14.9568660"></trkpt>
    <trkpt lat="56.2201540" lon="14.9571010"></trkpt>
    <trkpt lat="56.2202720" lon="14.9574630"></trkpt>
    <trkpt lat="56.2203890" lon="14.9578250"></trkpt>
    <trkpt lat="56.2205340" lon="14.9581900"></trkpt>
    <trkpt lat="56.2205960" lon="14.9583030"></trkpt>
    <trkpt lat="56.2207160" lon="14.9585240"></trkpt>
    <trkpt lat="56.2210140" lon="14.9588420"></trkpt>
    <trkpt lat="56.2213520" lon="14.9591320"></trkpt>
    <trkpt lat="56.2215770" lon="14.9593600"></trkpt>
    <trkpt lat="56.2218600" lon="14.9597500"></trkpt>
    <trkpt lat="56.2221420" lon="14.9601410"></trkpt>
    <trkpt lat="56.2224600" lon="14.9604800"></trkpt>
    <trkpt lat="56.2227780" lon="14.9608190"></trkpt>
    <trkpt lat="56.2230440" lon="14.9611810"></trkpt>
    <trkpt lat="56.2233110" lon="14.9615440"></trkpt>
    <trkpt lat="56.2235770" lon="14.9619060"></trkpt>
    <trkpt lat="56.2238100" lon="14.9621750"></trkpt>
    <trkpt lat="56.2240420" lon="14.9624450"></trkpt>
    <trkpt lat="56.2243320" lon="14.9628200"></trkpt>
    <trkpt lat="56.2246210" lon="14.9631960"></trkpt>
    <trkpt lat="56.2246940" lon="14.9633360"></trkpt>
    <trkpt lat="56.2247340" lon="14.9635550"></trkpt>
    <trkpt lat="56.2247440" lon="14.9635780"></trkpt>
    <trkpt lat="56.2247460" lon="14.9636250"></trkpt>
    <trkpt lat="56.2246950" lon="14.9638510"></trkpt>
    <trkpt lat="56.2246750" lon="14.9643120"></trkpt>
    <trkpt lat="56.2247060" lon="14.9646590"></trkpt>
    <trkpt lat="56.2247970" lon="14.9652530"></trkpt>
    <trkpt lat="56.2248470" lon="14.9657190"></trkpt>
    <trkpt lat="56.2248900" lon="14.9663030"></trkpt>
    <trkpt lat="56.2249330" lon="14.9668870"></trkpt>
    <trkpt lat="56.2249720" lon="14.9670620"></trkpt>
    <trkpt lat="56.2250290" lon="14.9672250"></trkpt>
    <trkpt lat="56.2251660" lon="14.9675520"></trkpt>
    <trkpt lat="56.2253020" lon="14.9678800"></trkpt>
    <trkpt lat="56.2253640" lon="14.9681740"></trkpt>
    <trkpt lat="56.2253650" lon="14.9684930"></trkpt>
    <trkpt lat="56.2252850" lon="14.9690320"></trkpt>
    <trkpt lat="56.2252040" lon="14.9695700"></trkpt>
    <trkpt lat="56.2251960" lon="14.9699190"></trkpt>
    <trkpt lat="56.2252110" lon="14.9700260"></trkpt>
    <trkpt lat="56.2252740" lon="14.9702360"></trkpt>
    <trkpt lat="56.2254430" lon="14.9707070"></trkpt>
    <trkpt lat="56.2254840" lon="14.9708810"></trkpt>
    <trkpt lat="56.2255020" lon="14.9711000"></trkpt>
    <trkpt lat="56.2254820" lon="14.9715320"></trkpt>
    <trkpt lat="56.2254480" lon="14.9717630"></trkpt>
    <trkpt lat="56.2253880" lon="14.9719930"></trkpt>
    <trkpt lat="56.2253230" lon="14.9721460"></trkpt>
    <trkpt lat="56.2251520" lon="14.9724510"></trkpt>
    <trkpt lat="56.2250770" lon="14.9726470"></trkpt>
    <trkpt lat="56.2250410" lon="14.9728250"></trkpt>
    <trkpt lat="56.2249620" lon="14.9733930"></trkpt>
    <trkpt lat="56.2249420" lon="14.9737100"></trkpt>
    <trkpt lat="56.2249510" lon="14.9739330"></trkpt>
    <trkpt lat="56.2250080" lon="14.9742680"></trkpt>
    <trkpt lat="56.2251330" lon="14.9747440"></trkpt>
    <trkpt lat="56.2252580" lon="14.9752210"></trkpt>
    <trkpt lat="56.2253590" lon="14.9756940"></trkpt>
    <trkpt lat="56.2254340" lon="14.9761170"></trkpt>
    <trkpt lat="56.2255080" lon="14.9765400"></trkpt>
    <trkpt lat="56.2256000" lon="14.9767720"></trkpt>
    <trkpt lat="56.2256890" lon="14.9769070"></trkpt>
    <trkpt lat="56.2259320" lon="14.9771760"></trkpt>
    <trkpt lat="56.2261740" lon="14.9774450"></trkpt>
    <trkpt lat="56.2262800" lon="14.9775230"></trkpt>
    <trkpt lat="56.2264020" lon="14.9775590"></trkpt>
    <trkpt lat="56.2265190" lon="14.9775550"></trkpt>
    <trkpt lat="56.2268590" lon="14.9774680"></trkpt>
    <trkpt lat="56.2272090" lon="14.9774680"></trkpt>
    <trkpt lat="56.2274520" lon="14.9773770"></trkpt>
    <trkpt lat="56.2275710" lon="14.9772750"></trkpt>
    <trkpt lat="56.2276740" lon="14.9771480"></trkpt>
    <trkpt lat="56.2277320" lon="14.9770490"></trkpt>
    <trkpt lat="56.2279700" lon="14.9765110"></trkpt>
    <trkpt lat="56.2280930" lon="14.9763820"></trkpt>
    <trkpt lat="56.2282130" lon="14.9763280"></trkpt>
    <trkpt lat="56.2283180" lon="14.9763330"></trkpt>
    <trkpt lat="56.2283740" lon="14.9763630"></trkpt>
    <trkpt lat="56.2284460" lon="14.9764010"></trkpt>
    <trkpt lat="56.2287920" lon="14.9767600"></trkpt>
    <trkpt lat="56.2289440" lon="14.9769560"></trkpt>
    <trkpt lat="56.2292150" lon="14.9774380"></trkpt>
    <trkpt lat="56.2293950" lon="14.9778550"></trkpt>
    <trkpt lat="56.2295740" lon="14.9782720"></trkpt>
    <trkpt lat="56.2297130" lon="14.9786620"></trkpt>
    <trkpt lat="56.2298510" lon="14.9790530"></trkpt>
    <trkpt lat="56.2299670" lon="14.9794480"></trkpt>
    <trkpt lat="56.2300320" lon="14.9798420"></trkpt>
    <trkpt lat="56.2300360" lon="14.9803010"></trkpt>
    <trkpt lat="56.2300390" lon="14.9807610"></trkpt>
    <trkpt lat="56.2300280" lon="14.9808770"></trkpt>
    <trkpt lat="56.2300280" lon="14.9808770"></trkpt>
    <trkpt lat="56.2300190" lon="14.9809790"></trkpt>
    <trkpt lat="56.2299870" lon="14.9810920"></trkpt>
    <trkpt lat="56.2298540" lon="14.9814250"></trkpt>
    <trkpt lat="56.2297210" lon="14.9817570"></trkpt>
    <trkpt lat="56.2296520" lon="14.9820500"></trkpt>
    <trkpt lat="56.2296210" lon="14.9822970"></trkpt>
    <trkpt lat="56.2296090" lon="14.9827770"></trkpt>
    <trkpt lat="56.2296750" lon="14.9832790"></trkpt>
    <trkpt lat="56.2297400" lon="14.9837820"></trkpt>
    <trkpt lat="56.2297500" lon="14.9840370"></trkpt>
    <trkpt lat="56.2297250" lon="14.9842370"></trkpt>
    <trkpt lat="56.2296400" lon="14.9844760"></trkpt>
    <trkpt lat="56.2295470" lon="14.9846250"></trkpt>
    <trkpt lat="56.2293000" lon="14.9849600"></trkpt>
    <trkpt lat="56.2290540" lon="14.9852960"></trkpt>
    <trkpt lat="56.2288070" lon="14.9856310"></trkpt>
    <trkpt lat="56.2287270" lon="14.9858020"></trkpt>
    <trkpt lat="56.2286860" lon="14.9859420"></trkpt>
    <trkpt lat="56.2286480" lon="14.9863200"></trkpt>
    <trkpt lat="56.2286520" lon="14.9868530"></trkpt>
    <trkpt lat="56.2286330" lon="14.9871230"></trkpt>
    <trkpt lat="56.2286020" lon="14.9873380"></trkpt>
    <trkpt lat="56.2285610" lon="14.9874970"></trkpt>
    <trkpt lat="56.2283340" lon="14.9881660"></trkpt>
    <trkpt lat="56.2282390" lon="14.9885290"></trkpt>
    <trkpt lat="56.2281990" lon="14.9890360"></trkpt>
    <trkpt lat="56.2281960" lon="14.9896660"></trkpt>
    <trkpt lat="56.2281820" lon="14.9898400"></trkpt>
    <trkpt lat="56.2281450" lon="14.9900840"></trkpt>
    <trkpt lat="56.2280630" lon="14.9903980"></trkpt>
    <trkpt lat="56.2280000" lon="14.9905510"></trkpt>
    <trkpt lat="56.2279340" lon="14.9906560"></trkpt>
    <trkpt lat="56.2277340" lon="14.9908260"></trkpt>
    <trkpt lat="56.2274620" lon="14.9909580"></trkpt>
    <trkpt lat="56.2273570" lon="14.9910350"></trkpt>
    <trkpt lat="56.2272890" lon="14.9911120"></trkpt>
    <trkpt lat="56.2271850" lon="14.9912870"></trkpt>
    <trkpt lat="56.2269840" lon="14.9917870"></trkpt>
    <trkpt lat="56.2267830" lon="14.9922860"></trkpt>
    <trkpt lat="56.2266570" lon="14.9926520"></trkpt>
    <trkpt lat="56.2265940" lon="14.9929200"></trkpt>
    <trkpt lat="56.2264750" lon="14.9934250"></trkpt>
    <trkpt lat="56.2263610" lon="14.9939120"></trkpt>
    <trkpt lat="56.2262830" lon="14.9941610"></trkpt>
    <trkpt lat="56.2261750" lon="14.9943940"></trkpt>
    <trkpt lat="56.2259910" lon="14.9946160"></trkpt>
    <trkpt lat="56.2255930" lon="14.9949580"></trkpt>
    <trkpt lat="56.2254650" lon="14.9951510"></trkpt>
    <trkpt lat="56.2252700" lon="14.9955710"></trkpt>
    <trkpt lat="56.2250750" lon="14.9959900"></trkpt>
    <trkpt lat="56.2248920" lon="14.9963440"></trkpt>
    <trkpt lat="56.2247190" lon="14.9966220"></trkpt>
    <trkpt lat="56.2243680" lon="14.9971030"></trkpt>
    <trkpt lat="56.2240160" lon="14.9975830"></trkpt>
    <trkpt lat="56.2236880" lon="14.9981280"></trkpt>
    <trkpt lat="56.2235520" lon="14.9982790"></trkpt>
    <trkpt lat="56.2233200" lon="14.9984600"></trkpt>
    <trkpt lat="56.2232120" lon="14.9985700"></trkpt>
    <trkpt lat="56.2229000" lon="14.9990950"></trkpt>
    <trkpt lat="56.2227990" lon="14.9992090"></trkpt>
    <trkpt lat="56.2227210" lon="14.9992430"></trkpt>
    <trkpt lat="56.2225800" lon="14.9992080"></trkpt>
    <trkpt lat="56.2222930" lon="14.9990670"></trkpt>
    <trkpt lat="56.2220060" lon="14.9989270"></trkpt>
    <trkpt lat="56.2217310" lon="14.9988930"></trkpt>
    <trkpt lat="56.2215790" lon="14.9989040"></trkpt>
    <trkpt lat="56.2214780" lon="14.9989560"></trkpt>
    <trkpt lat="56.2214010" lon="14.9990360"></trkpt>
    <trkpt lat="56.2211630" lon="14.9993590"></trkpt>
    <trkpt lat="56.2209250" lon="14.9996810"></trkpt>
    <trkpt lat="56.2207000" lon="14.9999080"></trkpt>
    <trkpt lat="56.2204480" lon="15.0001030"></trkpt>
    <trkpt lat="56.2201310" lon="15.0002540"></trkpt>
    <trkpt lat="56.2198130" lon="15.0004050"></trkpt>
    <trkpt lat="56.2194960" lon="15.0005560"></trkpt>
    <trkpt lat="56.2192590" lon="15.0006190"></trkpt>
    <trkpt lat="56.2189640" lon="15.0005920"></trkpt>
    <trkpt lat="56.2186690" lon="15.0005650"></trkpt>
    <trkpt lat="56.2182270" lon="15.0004800"></trkpt>
    <trkpt lat="56.2179910" lon="15.0004160"></trkpt>
    <trkpt lat="56.2177540" lon="15.0003520"></trkpt>
    <trkpt lat="56.2175400" lon="15.0003150"></trkpt>
    <trkpt lat="56.2172260" lon="15.0003150"></trkpt>
    <trkpt lat="56.2169150" lon="15.0002540"></trkpt>
    <trkpt lat="56.2168230" lon="15.0001990"></trkpt>
    <trkpt lat="56.2167240" lon="15.0000950"></trkpt>
    <trkpt lat="56.2165080" lon="14.9997140"></trkpt>
    <trkpt lat="56.2163580" lon="14.9995410"></trkpt>
    <trkpt lat="56.2162570" lon="14.9994820"></trkpt>
    <trkpt lat="56.2161260" lon="14.9994650"></trkpt>
    <trkpt lat="56.2160310" lon="14.9995050"></trkpt>
    <trkpt lat="56.2159350" lon="14.9995830"></trkpt>
    <trkpt lat="56.2158320" lon="14.9997090"></trkpt>
    <trkpt lat="56.2155100" lon="15.0002410"></trkpt>
    <trkpt lat="56.2151880" lon="15.0007730"></trkpt>
    <trkpt lat="56.2151280" lon="15.0009130"></trkpt>
    <trkpt lat="56.2149660" lon="15.0014000"></trkpt>
    <trkpt lat="56.2148030" lon="15.0018860"></trkpt>
    <trkpt lat="56.2146640" lon="15.0021790"></trkpt>
    <trkpt lat="56.2144910" lon="15.0024360"></trkpt>
    <trkpt lat="56.2142720" lon="15.0026950"></trkpt>
    <trkpt lat="56.2140520" lon="15.0029540"></trkpt>
    <trkpt lat="56.2138780" lon="15.0031760"></trkpt>
    <trkpt lat="56.2137990" lon="15.0034060"></trkpt>
    <trkpt lat="56.2137180" lon="15.0038360"></trkpt>
    <trkpt lat="56.2137180" lon="15.0038360"></trkpt>
    <trkpt lat="56.2136160" lon="15.0039350"></trkpt>
    <trkpt lat="56.2135190" lon="15.0041060"></trkpt>
    <trkpt lat="56.2134170" lon="15.0042810"></trkpt>
    <trkpt lat="56.2132410" lon="15.0046180"></trkpt>
    <trkpt lat="56.2130220" lon="15.0050890"></trkpt>
    <trkpt lat="56.2128070" lon="15.0055110"></trkpt>
    <trkpt lat="56.2126020" lon="15.0057950"></trkpt>
    <trkpt lat="56.2124110" lon="15.0061580"></trkpt>
    <trkpt lat="56.2122440" lon="15.0065120"></trkpt>
    <trkpt lat="56.2122110" lon="15.0066040"></trkpt>
    <trkpt lat="56.2121230" lon="15.0067890"></trkpt>
    <trkpt lat="56.2118100" lon="15.0073600"></trkpt>
    <trkpt lat="56.2115620" lon="15.0078170"></trkpt>
    <trkpt lat="56.2113150" lon="15.0082730"></trkpt>
    <trkpt lat="56.2112970" lon="15.0083090"></trkpt>
    <trkpt lat="56.2112490" lon="15.0085000"></trkpt>
    <trkpt lat="56.2111590" lon="15.0088990"></trkpt>
    <trkpt lat="56.2111490" lon="15.0089410"></trkpt>
    <trkpt lat="56.2111350" lon="15.0089680"></trkpt>
    <trkpt lat="56.2111020" lon="15.0090280"></trkpt>
    <trkpt lat="56.2109810" lon="15.0091520"></trkpt>
    <trkpt lat="56.2108840" lon="15.0092460"></trkpt>
    <trkpt lat="56.2107990" lon="15.0093200"></trkpt>
    <trkpt lat="56.2107590" lon="15.0093460"></trkpt>
    <trkpt lat="56.2107280" lon="15.0093640"></trkpt>
    <trkpt lat="56.2106830" lon="15.0093680"></trkpt>
    <trkpt lat="56.2106440" lon="15.0093550"></trkpt>
    <trkpt lat="56.2106150" lon="15.0093410"></trkpt>
    <trkpt lat="56.2105580" lon="15.0093010"></trkpt>
    <trkpt lat="56.2103130" lon="15.0088890"></trkpt>
    <trkpt lat="56.2102590" lon="15.0088420"></trkpt>
    <trkpt lat="56.2101560" lon="15.0088150"></trkpt>
    <trkpt lat="56.2100150" lon="15.0088550"></trkpt>
    <trkpt lat="56.2099150" lon="15.0088740"></trkpt>
    <trkpt lat="56.2096980" lon="15.0090370"></trkpt>
    <trkpt lat="56.2093750" lon="15.0091620"></trkpt>
    <trkpt lat="56.2091030" lon="15.0093220"></trkpt>
    <trkpt lat="56.2088430" lon="15.0095730"></trkpt>
    <trkpt lat="56.2086780" lon="15.0097830"></trkpt>
    <trkpt lat="56.2084080" lon="15.0101270"></trkpt>
    <trkpt lat="56.2081380" lon="15.0104120"></trkpt>
    <trkpt lat="56.2080400" lon="15.0104870"></trkpt>
    <trkpt lat="56.2078570" lon="15.0105530"></trkpt>
    <trkpt lat="56.2075180" lon="15.0105280"></trkpt>
    <trkpt lat="56.2070880" lon="15.0103780"></trkpt>
    <trkpt lat="56.2069970" lon="15.0103710"></trkpt>
    <trkpt lat="56.2069970" lon="15.0103710"></trkpt>
    <trkpt lat="56.2070030" lon="15.0098560"></trkpt>
    <trkpt lat="56.2069970" lon="15.0103710"></trkpt>
    <trkpt lat="56.2069500" lon="15.0108930"></trkpt>
    <trkpt lat="56.2069030" lon="15.0114150"></trkpt>
    <trkpt lat="56.2068530" lon="15.0119740"></trkpt>
    <trkpt lat="56.2068020" lon="15.0125330"></trkpt>
    <trkpt lat="56.2067520" lon="15.0130930"></trkpt>
    <trkpt lat="56.2067240" lon="15.0135090"></trkpt>
    <trkpt lat="56.2066950" lon="15.0139260"></trkpt>
    <trkpt lat="56.2066930" lon="15.0143940"></trkpt>
    <trkpt lat="56.2067120" lon="15.0146810"></trkpt>
    <trkpt lat="56.2067480" lon="15.0149290"></trkpt>
    <trkpt lat="56.2068080" lon="15.0151960"></trkpt>
    <trkpt lat="56.2068760" lon="15.0154210"></trkpt>
    <trkpt lat="56.2069330" lon="15.0155700"></trkpt>
    <trkpt lat="56.2071630" lon="15.0161680"></trkpt>
    <trkpt lat="56.2073930" lon="15.0167650"></trkpt>
    <trkpt lat="56.2076230" lon="15.0173630"></trkpt>
    <trkpt lat="56.2078530" lon="15.0179600"></trkpt>
    <trkpt lat="56.2080190" lon="15.0184150"></trkpt>
    <trkpt lat="56.2080380" lon="15.0184770"></trkpt>
    <trkpt lat="56.2081130" lon="15.0187270"></trkpt>
    <trkpt lat="56.2081800" lon="15.0190390"></trkpt>
    <trkpt lat="56.2082150" lon="15.0193030"></trkpt>
    <trkpt lat="56.2082430" lon="15.0197500"></trkpt>
    <trkpt lat="56.2082490" lon="15.0202020"></trkpt>
    <trkpt lat="56.2082910" lon="15.0207680"></trkpt>
    <trkpt lat="56.2083330" lon="15.0213340"></trkpt>
    <trkpt lat="56.2084430" lon="15.0220430"></trkpt>
    <trkpt lat="56.2085710" lon="15.0225510"></trkpt>
    <trkpt lat="56.2086980" lon="15.0230580"></trkpt>
    <trkpt lat="56.2087180" lon="15.0231400"></trkpt>
    <trkpt lat="56.2087760" lon="15.0234930"></trkpt>
    <trkpt lat="56.2087990" lon="15.0238120"></trkpt>
    <trkpt lat="56.2087960" lon="15.0241470"></trkpt>
    <trkpt lat="56.2087710" lon="15.0243700"></trkpt>
    <trkpt lat="56.2087060" lon="15.0246740"></trkpt>
    <trkpt lat="56.2086120" lon="15.0250050"></trkpt>
    <trkpt lat="56.2085320" lon="15.0252640"></trkpt>
    <trkpt lat="56.2084000" lon="15.0255890"></trkpt>
    <trkpt lat="56.2081660" lon="15.0260150"></trkpt>
    <trkpt lat="56.2079320" lon="15.0264400"></trkpt>
    <trkpt lat="56.2077520" lon="15.0268570"></trkpt>
    <trkpt lat="56.2076600" lon="15.0271540"></trkpt>
    <trkpt lat="56.2075800" lon="15.0274730"></trkpt>
    <trkpt lat="56.2074550" lon="15.0280280"></trkpt>
    <trkpt lat="56.2076100" lon="15.0282400"></trkpt>
    <trkpt lat="56.2077630" lon="15.0285620"></trkpt>
    <trkpt lat="56.2079520" lon="15.0289270"></trkpt>
    <trkpt lat="56.2081850" lon="15.0293760"></trkpt>
    <trkpt lat="56.2084180" lon="15.0298260"></trkpt>
    <trkpt lat="56.2086510" lon="15.0302750"></trkpt>
    <trkpt lat="56.2088840" lon="15.0307250"></trkpt>
    <trkpt lat="56.2090450" lon="15.0310180"></trkpt>
    <trkpt lat="56.2092060" lon="15.0313110"></trkpt>
    <trkpt lat="56.2093040" lon="15.0314500"></trkpt>
    <trkpt lat="56.2094690" lon="15.0316110"></trkpt>
    <trkpt lat="56.2096410" lon="15.0316890"></trkpt>
    <trkpt lat="56.2097840" lon="15.0316750"></trkpt>
    <trkpt lat="56.2099780" lon="15.0315540"></trkpt>
    <trkpt lat="56.2101190" lon="15.0314140"></trkpt>
    <trkpt lat="56.2104410" lon="15.0310320"></trkpt>
    <trkpt lat="56.2108120" lon="15.0305800"></trkpt>
    <trkpt lat="56.2111500" lon="15.0302780"></trkpt>
    <trkpt lat="56.2113880" lon="15.0300900"></trkpt>
    <trkpt lat="56.2116920" lon="15.0298990"></trkpt>
    <trkpt lat="56.2119200" lon="15.0298110"></trkpt>
    <trkpt lat="56.2121470" lon="15.0297220"></trkpt>
    <trkpt lat="56.2124400" lon="15.0295690"></trkpt>
    <trkpt lat="56.2125980" lon="15.0295130"></trkpt>
    <trkpt lat="56.2127140" lon="15.0295220"></trkpt>
    <trkpt lat="56.2128710" lon="15.0295860"></trkpt>
    <trkpt lat="56.2132890" lon="15.0298300"></trkpt>
    <trkpt lat="56.2133950" lon="15.0298440"></trkpt>
    <trkpt lat="56.2133950" lon="15.0298440"></trkpt>
    <trkpt lat="56.2134290" lon="15.0301410"></trkpt>
    <trkpt lat="56.2134770" lon="15.0303880"></trkpt>
    <trkpt lat="56.2135770" lon="15.0307770"></trkpt>
    <trkpt lat="56.2136760" lon="15.0311670"></trkpt>
    <trkpt lat="56.2137940" lon="15.0315670"></trkpt>
    <trkpt lat="56.2139110" lon="15.0319670"></trkpt>
    <trkpt lat="56.2139950" lon="15.0323410"></trkpt>
    <trkpt lat="56.2140580" lon="15.0328290"></trkpt>
    <trkpt lat="56.2141140" lon="15.0334840"></trkpt>
    <trkpt lat="56.2141700" lon="15.0341400"></trkpt>
    <trkpt lat="56.2142310" lon="15.0346620"></trkpt>
    <trkpt lat="56.2142760" lon="15.0348890"></trkpt>
    <trkpt lat="56.2143670" lon="15.0352230"></trkpt>
    <trkpt lat="56.2144750" lon="15.0355190"></trkpt>
    <trkpt lat="56.2146040" lon="15.0357630"></trkpt>
    <trkpt lat="56.2148920" lon="15.0361180"></trkpt>
    <trkpt lat="56.2150920" lon="15.0362980"></trkpt>
    <trkpt lat="56.2153280" lon="15.0364540"></trkpt>
    <trkpt lat="56.2156990" lon="15.0365680"></trkpt>
    <trkpt lat="56.2161130" lon="15.0365780"></trkpt>
    <trkpt lat="56.2165260" lon="15.0365880"></trkpt>
    <trkpt lat="56.2165650" lon="15.0370330"></trkpt>
    <trkpt lat="56.2166040" lon="15.0374790"></trkpt>
    <trkpt lat="56.2166060" lon="15.0377680"></trkpt>
    <trkpt lat="56.2165950" lon="15.0379920"></trkpt>
    <trkpt lat="56.2165380" lon="15.0383580"></trkpt>
    <trkpt lat="56.2164900" lon="15.0388430"></trkpt>
    <trkpt lat="56.2164890" lon="15.0390110"></trkpt>
    <trkpt lat="56.2165180" lon="15.0391780"></trkpt>
    <trkpt lat="56.2166040" lon="15.0394380"></trkpt>
    <trkpt lat="56.2166340" lon="15.0395010"></trkpt>
    <trkpt lat="56.2167070" lon="15.0396410"></trkpt>
    <trkpt lat="56.2168060" lon="15.0397790"></trkpt>
    <trkpt lat="56.2170960" lon="15.0400950"></trkpt>
    <trkpt lat="56.2171860" lon="15.0402270"></trkpt>
    <trkpt lat="56.2172660" lon="15.0403770"></trkpt>
    <trkpt lat="56.2173130" lon="15.0405300"></trkpt>
    <trkpt lat="56.2174220" lon="15.0410240"></trkpt>
    <trkpt lat="56.2175110" lon="15.0415450"></trkpt>
    <trkpt lat="56.2175870" lon="15.0420020"></trkpt>
    <trkpt lat="56.2176630" lon="15.0424600"></trkpt>
    <trkpt lat="56.2177550" lon="15.0429650"></trkpt>
    <trkpt lat="56.2178470" lon="15.0434700"></trkpt>
    <trkpt lat="56.2179260" lon="15.0439490"></trkpt>
    <trkpt lat="56.2179880" lon="15.0441930"></trkpt>
    <trkpt lat="56.2180400" lon="15.0443130"></trkpt>
    <trkpt lat="56.2180400" lon="15.0443130"></trkpt>
    <trkpt lat="56.2180290" lon="15.0443450"></trkpt>
    <trkpt lat="56.2179870" lon="15.0445240"></trkpt>
    <trkpt lat="56.2178020" lon="15.0450790"></trkpt>
    <trkpt lat="56.2176180" lon="15.0456350"></trkpt>
    <trkpt lat="56.2175180" lon="15.0459940"></trkpt>
    <trkpt lat="56.2173780" lon="15.0466320"></trkpt>
    <trkpt lat="56.2173200" lon="15.0468340"></trkpt>
    <trkpt lat="56.2170360" lon="15.0470650"></trkpt>
    <trkpt lat="56.2167530" lon="15.0472960"></trkpt>
    <trkpt lat="56.2164690" lon="15.0475270"></trkpt>
    <trkpt lat="56.2163770" lon="15.0476200"></trkpt>
    <trkpt lat="56.2162860" lon="15.0477100"></trkpt>
    <trkpt lat="56.2161670" lon="15.0479170"></trkpt>
    <trkpt lat="56.2161010" lon="15.0480560"></trkpt>
    <trkpt lat="56.2160590" lon="15.0480660"></trkpt>
    <trkpt lat="56.2159450" lon="15.0480940"></trkpt>
    <trkpt lat="56.2157860" lon="15.0481240"></trkpt>
    <trkpt lat="56.2154380" lon="15.0481080"></trkpt>
    <trkpt lat="56.2151110" lon="15.0481400"></trkpt>
    <trkpt lat="56.2149280" lon="15.0482390"></trkpt>
    <trkpt lat="56.2146980" lon="15.0485000"></trkpt>
    <trkpt lat="56.2144740" lon="15.0487920"></trkpt>
    <trkpt lat="56.2142640" lon="15.0490330"></trkpt>
    <trkpt lat="56.2141040" lon="15.0492120"></trkpt>
    <trkpt lat="56.2137960" lon="15.0495740"></trkpt>
    <trkpt lat="56.2136020" lon="15.0498560"></trkpt>
    <trkpt lat="56.2134310" lon="15.0503590"></trkpt>
    <trkpt lat="56.2133400" lon="15.0505490"></trkpt>
    <trkpt lat="56.2132130" lon="15.0507230"></trkpt>
    <trkpt lat="56.2129060" lon="15.0512550"></trkpt>
    <trkpt lat="56.2127280" lon="15.0516880"></trkpt>
    <trkpt lat="56.2125840" lon="15.0520610"></trkpt>
    <trkpt lat="56.2123650" lon="15.0526200"></trkpt>
    <trkpt lat="56.2122340" lon="15.0530750"></trkpt>
    <trkpt lat="56.2121470" lon="15.0534210"></trkpt>
    <trkpt lat="56.2121240" lon="15.0535880"></trkpt>
    <trkpt lat="56.2121240" lon="15.0537240"></trkpt>
    <trkpt lat="56.2121500" lon="15.0539240"></trkpt>
    <trkpt lat="56.2121820" lon="15.0540480"></trkpt>
    <trkpt lat="56.2121950" lon="15.0541990"></trkpt>
    <trkpt lat="56.2121900" lon="15.0542990"></trkpt>
    <trkpt lat="56.2121180" lon="15.0547240"></trkpt>
    <trkpt lat="56.2120810" lon="15.0549190"></trkpt>
    <trkpt lat="56.2120340" lon="15.0550690"></trkpt>
    <trkpt lat="56.2119830" lon="15.0551950"></trkpt>
    <trkpt lat="56.2119010" lon="15.0553220"></trkpt>
    <trkpt lat="56.2116910" lon="15.0556680"></trkpt>
    <trkpt lat="56.2114800" lon="15.0560130"></trkpt>
    <trkpt lat="56.2112230" lon="15.0564440"></trkpt>
    <trkpt lat="56.2109660" lon="15.0568740"></trkpt>
    <trkpt lat="56.2107120" lon="15.0572560"></trkpt>
    <trkpt lat="56.2106140" lon="15.0573620"></trkpt>
    <trkpt lat="56.2105390" lon="15.0574170"></trkpt>
    <trkpt lat="56.2104480" lon="15.0574450"></trkpt>
    <trkpt lat="56.2103690" lon="15.0574470"></trkpt>
    <trkpt lat="56.2102600" lon="15.0573960"></trkpt>
    <trkpt lat="56.2100200" lon="15.0572290"></trkpt>
    <trkpt lat="56.2097790" lon="15.0570630"></trkpt>
    <trkpt lat="56.2096810" lon="15.0570150"></trkpt>
    <trkpt lat="56.2096190" lon="15.0570050"></trkpt>
    <trkpt lat="56.2095850" lon="15.0570350"></trkpt>
    <trkpt lat="56.2095850" lon="15.0570350"></trkpt>
    <trkpt lat="56.2094010" lon="15.0563800"></trkpt>
    <trkpt lat="56.2092830" lon="15.0559140"></trkpt>
    <trkpt lat="56.2091650" lon="15.0554470"></trkpt>
    <trkpt lat="56.2090200" lon="15.0548930"></trkpt>
    <trkpt lat="56.2088740" lon="15.0543380"></trkpt>
    <trkpt lat="56.2087130" lon="15.0537170"></trkpt>
    <trkpt lat="56.2085510" lon="15.0530970"></trkpt>
    <trkpt lat="56.2083900" lon="15.0524760"></trkpt>
    <trkpt lat="56.2082280" lon="15.0518560"></trkpt>
    <trkpt lat="56.2081030" lon="15.0513860"></trkpt>
    <trkpt lat="56.2081030" lon="15.0513860"></trkpt>
    <trkpt lat="56.2080620" lon="15.0514230"></trkpt>
    <trkpt lat="56.2079530" lon="15.0515340"></trkpt>
    <trkpt lat="56.2079000" lon="15.0516320"></trkpt>
    <trkpt lat="56.2078740" lon="15.0517600"></trkpt>
    <trkpt lat="56.2078760" lon="15.0519040"></trkpt>
    <trkpt lat="56.2080310" lon="15.0525100"></trkpt>
    <trkpt lat="56.2080640" lon="15.0526720"></trkpt>
    <trkpt lat="56.2080820" lon="15.0528470"></trkpt>
    <trkpt lat="56.2080880" lon="15.0529920"></trkpt>
    <trkpt lat="56.2080760" lon="15.0531990"></trkpt>
    <trkpt lat="56.2080530" lon="15.0533550"></trkpt>
    <trkpt lat="56.2079700" lon="15.0536850"></trkpt>
    <trkpt lat="56.2079230" lon="15.0538120"></trkpt>
    <trkpt lat="56.2078700" lon="15.0538710"></trkpt>
    <trkpt lat="56.2078700" lon="15.0538710"></trkpt>
    <trkpt lat="56.2078290" lon="15.0538850"></trkpt>
    <trkpt lat="56.2077580" lon="15.0538780"></trkpt>
    <trkpt lat="56.2075830" lon="15.0538120"></trkpt>
    <trkpt lat="56.2072410" lon="15.0536140"></trkpt>
    <trkpt lat="56.2070870" lon="15.0534860"></trkpt>
    <trkpt lat="56.2068140" lon="15.0531880"></trkpt>
    <trkpt lat="56.2065410" lon="15.0528890"></trkpt>
    <trkpt lat="56.2063900" lon="15.0526840"></trkpt>
    <trkpt lat="56.2063210" lon="15.0525050"></trkpt>
    <trkpt lat="56.2062920" lon="15.0523620"></trkpt>
    <trkpt lat="56.2062870" lon="15.0521120"></trkpt>
    <trkpt lat="56.2063150" lon="15.0516020"></trkpt>
    <trkpt lat="56.2063420" lon="15.0510920"></trkpt>
    <trkpt lat="56.2063070" lon="15.0505700"></trkpt>
    <trkpt lat="56.2062270" lon="15.0502960"></trkpt>
    <trkpt lat="56.2061390" lon="15.0501660"></trkpt>
    <trkpt lat="56.2058850" lon="15.0499190"></trkpt>
    <trkpt lat="56.2054560" lon="15.0497940"></trkpt>
    <trkpt lat="56.2050910" lon="15.0498570"></trkpt>
    <trkpt lat="56.2047250" lon="15.0500130"></trkpt>
    <trkpt lat="56.2044530" lon="15.0501970"></trkpt>
    <trkpt lat="56.2041800" lon="15.0503800"></trkpt>
    <trkpt lat="56.2038390" lon="15.0505800"></trkpt>
    <trkpt lat="56.2034980" lon="15.0507800"></trkpt>
    <trkpt lat="56.2032960" lon="15.0508550"></trkpt>
    <trkpt lat="56.2030600" lon="15.0507980"></trkpt>
    <trkpt lat="56.2029660" lon="15.0509470"></trkpt>
    <trkpt lat="56.2029360" lon="15.0513380"></trkpt>
    <trkpt lat="56.2028520" lon="15.0516090"></trkpt>
    <trkpt lat="56.2027590" lon="15.0519440"></trkpt>
    <trkpt lat="56.2026410" lon="15.0523500"></trkpt>
    <trkpt lat="56.2024690" lon="15.0528550"></trkpt>
    <trkpt lat="56.2022870" lon="15.0532360"></trkpt>
    <trkpt lat="56.2021050" lon="15.0536160"></trkpt>
    <trkpt lat="56.2019210" lon="15.0539730"></trkpt>
    <trkpt lat="56.2017370" lon="15.0543290"></trkpt>
    <trkpt lat="56.2015530" lon="15.0546710"></trkpt>
    <trkpt lat="56.2013700" lon="15.0550130"></trkpt>
    <trkpt lat="56.2011720" lon="15.0553890"></trkpt>
    <trkpt lat="56.2009120" lon="15.0557100"></trkpt>
    <trkpt lat="56.2006030" lon="15.0558610"></trkpt>
    <trkpt lat="56.2002550" lon="15.0559890"></trkpt>
    <trkpt lat="56.1999630" lon="15.0560610"></trkpt>
    <trkpt lat="56.1996320" lon="15.0561990"></trkpt>
    <trkpt lat="56.1995270" lon="15.0562630"></trkpt>
    <trkpt lat="56.1992980" lon="15.0564850"></trkpt>
    <trkpt lat="56.1991030" lon="15.0566740"></trkpt>
    <trkpt lat="56.1990090" lon="15.0568310"></trkpt>
    <trkpt lat="56.1988670" lon="15.0573690"></trkpt>
    <trkpt lat="56.1986100" lon="15.0577730"></trkpt>
    <trkpt lat="56.1983180" lon="15.0578630"></trkpt>
    <trkpt lat="56.1980410" lon="15.0577370"></trkpt>
    <trkpt lat="56.1979490" lon="15.0577420"></trkpt>
    <trkpt lat="56.1976200" lon="15.0579210"></trkpt>
    <trkpt lat="56.1975680" lon="15.0579480"></trkpt>
    <trkpt lat="56.1973340" lon="15.0582160"></trkpt>
    <trkpt lat="56.1970280" lon="15.0585720"></trkpt>
    <trkpt lat="56.1968480" lon="15.0587480"></trkpt>
    <trkpt lat="56.1966660" lon="15.0592310"></trkpt>
    <trkpt lat="56.1965340" lon="15.0596090"></trkpt>
    <trkpt lat="56.1964020" lon="15.0599870"></trkpt>
    <trkpt lat="56.1960960" lon="15.0605010"></trkpt>
    <trkpt lat="56.1959990" lon="15.0610970"></trkpt>
    <trkpt lat="56.1957910" lon="15.0614710"></trkpt>
    <trkpt lat="56.1954120" lon="15.0617960"></trkpt>
    <trkpt lat="56.1954120" lon="15.0617960"></trkpt>
    <trkpt lat="56.1952460" lon="15.0622600"></trkpt>
    <trkpt lat="56.1949100" lon="15.0627380"></trkpt>
    <trkpt lat="56.1946520" lon="15.0630940"></trkpt>
    <trkpt lat="56.1943340" lon="15.0632900"></trkpt>
    <trkpt lat="56.1943340" lon="15.0632900"></trkpt>
    <trkpt lat="56.1943790" lon="15.0632940"></trkpt>
    <trkpt lat="56.1944240" lon="15.0633480"></trkpt>
    <trkpt lat="56.1944830" lon="15.0634800"></trkpt>
    <trkpt lat="56.1945810" lon="15.0635590"></trkpt>
    <trkpt lat="56.1946940" lon="15.0635510"></trkpt>
    <trkpt lat="56.1948670" lon="15.0636100"></trkpt>
    <trkpt lat="56.1949700" lon="15.0636870"></trkpt>
    <trkpt lat="56.1948670" lon="15.0636100"></trkpt>
    <trkpt lat="56.1946940" lon="15.0635510"></trkpt>
    <trkpt lat="56.1945810" lon="15.0635590"></trkpt>
    <trkpt lat="56.1944830" lon="15.0634800"></trkpt>
    <trkpt lat="56.1944240" lon="15.0633480"></trkpt>
    <trkpt lat="56.1943790" lon="15.0632940"></trkpt>
    <trkpt lat="56.1943340" lon="15.0632900"></trkpt>
    <trkpt lat="56.1942760" lon="15.0633320"></trkpt>
    <trkpt lat="56.1940830" lon="15.0633490"></trkpt>
    <trkpt lat="56.1938020" lon="15.0634950"></trkpt>
    <trkpt lat="56.1937430" lon="15.0635670"></trkpt>
    <trkpt lat="56.1936560" lon="15.0637490"></trkpt>
    <trkpt lat="56.1935740" lon="15.0638710"></trkpt>
    <trkpt lat="56.1934830" lon="15.0639670"></trkpt>
    <trkpt lat="56.1932510" lon="15.0641280"></trkpt>
    <trkpt lat="56.1929070" lon="15.0643000"></trkpt>
    <trkpt lat="56.1925450" lon="15.0642080"></trkpt>
    <trkpt lat="56.1922100" lon="15.0640470"></trkpt>
    <trkpt lat="56.1919150" lon="15.0639450"></trkpt>
    <trkpt lat="56.1916190" lon="15.0638430"></trkpt>
    <trkpt lat="56.1913300" lon="15.0639340"></trkpt>
    <trkpt lat="56.1911860" lon="15.0640070"></trkpt>
    <trkpt lat="56.1910700" lon="15.0641150"></trkpt>
    <trkpt lat="56.1909300" lon="15.0643080"></trkpt>
    <trkpt lat="56.1906870" lon="15.0645770"></trkpt>
    <trkpt lat="56.1903910" lon="15.0648220"></trkpt>
    <trkpt lat="56.1900940" lon="15.0650670"></trkpt>
    <trkpt lat="56.1897980" lon="15.0653120"></trkpt>
    <trkpt lat="56.1895440" lon="15.0656400"></trkpt>
    <trkpt lat="56.1893310" lon="15.0658280"></trkpt>
    <trkpt lat="56.1891670" lon="15.0660240"></trkpt>
    <trkpt lat="56.1889960" lon="15.0661890"></trkpt>
    <trkpt lat="56.1887710" lon="15.0666200"></trkpt>
    <trkpt lat="56.1884960" lon="15.0670570"></trkpt>
    <trkpt lat="56.1883840" lon="15.0671920"></trkpt>
    <trkpt lat="56.1882590" lon="15.0673440"></trkpt>
    <trkpt lat="56.1879890" lon="15.0676270"></trkpt>
    <trkpt lat="56.1878620" lon="15.0677980"></trkpt>
    <trkpt lat="56.1878140" lon="15.0678930"></trkpt>
    <trkpt lat="56.1877640" lon="15.0680390"></trkpt>
    <trkpt lat="56.1877560" lon="15.0681520"></trkpt>
    <trkpt lat="56.1878150" lon="15.0688280"></trkpt>
    <trkpt lat="56.1878740" lon="15.0695040"></trkpt>
    <trkpt lat="56.1878820" lon="15.0697760"></trkpt>
    <trkpt lat="56.1878720" lon="15.0699510"></trkpt>
    <trkpt lat="56.1878340" lon="15.0702130"></trkpt>
    <trkpt lat="56.1877380" lon="15.0706220"></trkpt>
    <trkpt lat="56.1876120" lon="15.0709840"></trkpt>
    <trkpt lat="56.1874990" lon="15.0711030"></trkpt>
    <trkpt lat="56.1873050" lon="15.0711570"></trkpt>
    <trkpt lat="56.1871440" lon="15.0712440"></trkpt>
    <trkpt lat="56.1870420" lon="15.0713420"></trkpt>
    <trkpt lat="56.1868610" lon="15.0715380"></trkpt>
    <trkpt lat="56.1867750" lon="15.0716770"></trkpt>
    <trkpt lat="56.1867180" lon="15.0718460"></trkpt>
    <trkpt lat="56.1866750" lon="15.0721060"></trkpt>
    <trkpt lat="56.1865790" lon="15.0728720"></trkpt>
    <trkpt lat="56.1864840" lon="15.0736380"></trkpt>
    <trkpt lat="56.1864190" lon="15.0741520"></trkpt>
    <trkpt lat="56.1863540" lon="15.0746660"></trkpt>
    <trkpt lat="56.1863040" lon="15.0750800"></trkpt>
    <trkpt lat="56.1862450" lon="15.0756780"></trkpt>
    <trkpt lat="56.1861810" lon="15.0761510"></trkpt>
    <trkpt lat="56.1861810" lon="15.0761510"></trkpt>
    <trkpt lat="56.1865060" lon="15.0763600"></trkpt>
    <trkpt lat="56.1868310" lon="15.0765700"></trkpt>
    <trkpt lat="56.1870410" lon="15.0768010"></trkpt>
    <trkpt lat="56.1872510" lon="15.0770330"></trkpt>
    <trkpt lat="56.1874520" lon="15.0773300"></trkpt>
    <trkpt lat="56.1876520" lon="15.0776280"></trkpt>
    <trkpt lat="56.1877900" lon="15.0778130"></trkpt>
    <trkpt lat="56.1880630" lon="15.0783140"></trkpt>
    <trkpt lat="56.1883360" lon="15.0788150"></trkpt>
    <trkpt lat="56.1886100" lon="15.0793160"></trkpt>
    <trkpt lat="56.1888830" lon="15.0798170"></trkpt>
    <trkpt lat="56.1891560" lon="15.0803180"></trkpt>
    <trkpt lat="56.1894330" lon="15.0806980"></trkpt>
    <trkpt lat="56.1897100" lon="15.0810770"></trkpt>
    <trkpt lat="56.1899870" lon="15.0814570"></trkpt>
    <trkpt lat="56.1903010" lon="15.0817280"></trkpt>
    <trkpt lat="56.1906140" lon="15.0820000"></trkpt>
    <trkpt lat="56.1909960" lon="15.0822770"></trkpt>
    <trkpt lat="56.1913770" lon="15.0825540"></trkpt>
    <trkpt lat="56.1917020" lon="15.0827280"></trkpt>
    <trkpt lat="56.1920630" lon="15.0829620"></trkpt>
    <trkpt lat="56.1923970" lon="15.0831790"></trkpt>
    <trkpt lat="56.1927370" lon="15.0834900"></trkpt>
    <trkpt lat="56.1930770" lon="15.0838020"></trkpt>
    <trkpt lat="56.1934180" lon="15.0841140"></trkpt>
    <trkpt lat="56.1937580" lon="15.0844260"></trkpt>
    <trkpt lat="56.1940990" lon="15.0847380"></trkpt>
    <trkpt lat="56.1944190" lon="15.0850550"></trkpt>
    <trkpt lat="56.1944310" lon="15.0850670"></trkpt>
    <trkpt lat="56.1947640" lon="15.0853960"></trkpt>
    <trkpt lat="56.1950960" lon="15.0857250"></trkpt>
    <trkpt lat="56.1955200" lon="15.0859700"></trkpt>
    <trkpt lat="56.1959440" lon="15.0862160"></trkpt>
    <trkpt lat="56.1959850" lon="15.0862400"></trkpt>
    <trkpt lat="56.1964150" lon="15.0864260"></trkpt>
    <trkpt lat="56.1968440" lon="15.0866120"></trkpt>
    <trkpt lat="56.1972740" lon="15.0867980"></trkpt>
    <trkpt lat="56.1976680" lon="15.0870130"></trkpt>
    <trkpt lat="56.1980620" lon="15.0872270"></trkpt>
    <trkpt lat="56.1984320" lon="15.0875700"></trkpt>
    <trkpt lat="56.1988020" lon="15.0879140"></trkpt>
    <trkpt lat="56.1990460" lon="15.0881830"></trkpt>
    <trkpt lat="56.1992890" lon="15.0884520"></trkpt>
    <trkpt lat="56.1994970" lon="15.0886820"></trkpt>
    <trkpt lat="56.1997040" lon="15.0889110"></trkpt>
    <trkpt lat="56.2000500" lon="15.0892960"></trkpt>
    <trkpt lat="56.2003960" lon="15.0896810"></trkpt>
    <trkpt lat="56.2007420" lon="15.0900660"></trkpt>
    <trkpt lat="56.2010870" lon="15.0904510"></trkpt>
    <trkpt lat="56.2014330" lon="15.0908360"></trkpt>
    <trkpt lat="56.2017790" lon="15.0912210"></trkpt>
    <trkpt lat="56.2021250" lon="15.0916060"></trkpt>
    <trkpt lat="56.2021740" lon="15.0916770"></trkpt>
    <trkpt lat="56.2024570" lon="15.0920860"></trkpt>
    <trkpt lat="56.2027400" lon="15.0924950"></trkpt>
    <trkpt lat="56.2030240" lon="15.0929040"></trkpt>
    <trkpt lat="56.2033070" lon="15.0933130"></trkpt>
    <trkpt lat="56.2036300" lon="15.0937740"></trkpt>
    <trkpt lat="56.2039530" lon="15.0942360"></trkpt>
    <trkpt lat="56.2042760" lon="15.0946970"></trkpt>
    <trkpt lat="56.2045350" lon="15.0951160"></trkpt>
    <trkpt lat="56.2047940" lon="15.0955350"></trkpt>
    <trkpt lat="56.2050520" lon="15.0959540"></trkpt>
    <trkpt lat="56.2052890" lon="15.0963870"></trkpt>
    <trkpt lat="56.2055260" lon="15.0968200"></trkpt>
    <trkpt lat="56.2057630" lon="15.0972530"></trkpt>
    <trkpt lat="56.2059850" lon="15.0976300"></trkpt>
    <trkpt lat="56.2062520" lon="15.0978980"></trkpt>
    <trkpt lat="56.2066120" lon="15.0981680"></trkpt>
    <trkpt lat="56.2069460" lon="15.0983420"></trkpt>
    <trkpt lat="56.2072810" lon="15.0985150"></trkpt>
    <trkpt lat="56.2076830" lon="15.0987210"></trkpt>
    <trkpt lat="56.2080860" lon="15.0989260"></trkpt>
    <trkpt lat="56.2084880" lon="15.0991310"></trkpt>
    <trkpt lat="56.2088900" lon="15.0993370"></trkpt>
    <trkpt lat="56.2092600" lon="15.0995120"></trkpt>
    <trkpt lat="56.2096290" lon="15.0996880"></trkpt>
    <trkpt lat="56.2099990" lon="15.0998630"></trkpt>
    <trkpt lat="56.2103690" lon="15.1000380"></trkpt>
    <trkpt lat="56.2106360" lon="15.1001100"></trkpt>
    <trkpt lat="56.2109040" lon="15.1001820"></trkpt>
    <trkpt lat="56.2111720" lon="15.1001620"></trkpt>
    <trkpt lat="56.2114390" lon="15.1001410"></trkpt>
    <trkpt lat="56.2117070" lon="15.1000280"></trkpt>
    <trkpt lat="56.2119740" lon="15.0999150"></trkpt>
    <trkpt lat="56.2122520" lon="15.0996610"></trkpt>
    <trkpt lat="56.2125300" lon="15.0994080"></trkpt>
    <trkpt lat="56.2127730" lon="15.0991500"></trkpt>
    <trkpt lat="56.2130150" lon="15.0988920"></trkpt>
    <trkpt lat="56.2131440" lon="15.0987630"></trkpt>
    <trkpt lat="56.2134970" lon="15.0984000"></trkpt>
    <trkpt lat="56.2138510" lon="15.0980370"></trkpt>
    <trkpt lat="56.2138510" lon="15.0980370"></trkpt>
    <trkpt lat="56.2142610" lon="15.0981030"></trkpt>
    <trkpt lat="56.2143500" lon="15.0982420"></trkpt>
    <trkpt lat="56.2144610" lon="15.0987300"></trkpt>
    <trkpt lat="56.2145710" lon="15.0992190"></trkpt>
    <trkpt lat="56.2146780" lon="15.0995190"></trkpt>
    <trkpt lat="56.2148160" lon="15.0996910"></trkpt>
    <trkpt lat="56.2152030" lon="15.0999700"></trkpt>
    <trkpt lat="56.2155410" lon="15.1001660"></trkpt>
    <trkpt lat="56.2158800" lon="15.1003630"></trkpt>
    <trkpt lat="56.2162180" lon="15.1005600"></trkpt>
    <trkpt lat="56.2166160" lon="15.1008320"></trkpt>
    <trkpt lat="56.2170130" lon="15.1011040"></trkpt>
    <trkpt lat="56.2170400" lon="15.1013610"></trkpt>
    <trkpt lat="56.2171250" lon="15.1019000"></trkpt>
    <trkpt lat="56.2172130" lon="15.1021900"></trkpt>
    <trkpt lat="56.2176540" lon="15.1020560"></trkpt>
    <trkpt lat="56.2180940" lon="15.1019210"></trkpt>
    <trkpt lat="56.2185350" lon="15.1017870"></trkpt>
    <trkpt lat="56.2189750" lon="15.1016520"></trkpt>
    <trkpt lat="56.2194160" lon="15.1015180"></trkpt>
    <trkpt lat="56.2197340" lon="15.1014320"></trkpt>
    <trkpt lat="56.2200520" lon="15.1013450"></trkpt>
    <trkpt lat="56.2204270" lon="15.1011780"></trkpt>
    <trkpt lat="56.2208010" lon="15.1010100"></trkpt>
    <trkpt lat="56.2211750" lon="15.1008430"></trkpt>
    <trkpt lat="56.2214510" lon="15.1007190"></trkpt>
    <trkpt lat="56.2217260" lon="15.1005960"></trkpt>
    <trkpt lat="56.2220560" lon="15.1004530"></trkpt>
    <trkpt lat="56.2223860" lon="15.1003100"></trkpt>
    <trkpt lat="56.2227160" lon="15.1001680"></trkpt>
    <trkpt lat="56.2231210" lon="15.1000450"></trkpt>
    <trkpt lat="56.2235250" lon="15.0999230"></trkpt>
    <trkpt lat="56.2239290" lon="15.0998000"></trkpt>
    <trkpt lat="56.2242940" lon="15.0995580"></trkpt>
    <trkpt lat="56.2242940" lon="15.0995580"></trkpt>
    <trkpt lat="56.2244830" lon="15.1001060"></trkpt>
    <trkpt lat="56.2245900" lon="15.1004500"></trkpt>
    <trkpt lat="56.2246730" lon="15.1005780"></trkpt>
    <trkpt lat="56.2250250" lon="15.1007820"></trkpt>
    <trkpt lat="56.2251980" lon="15.1009860"></trkpt>
    <trkpt lat="56.2252150" lon="15.1011030"></trkpt>
    <trkpt lat="56.2252150" lon="15.1011030"></trkpt>
    <trkpt lat="56.2253100" lon="15.1011780"></trkpt>
    <trkpt lat="56.2255150" lon="15.1016360"></trkpt>
    <trkpt lat="56.2257200" lon="15.1020940"></trkpt>
    <trkpt lat="56.2259250" lon="15.1025510"></trkpt>
    <trkpt lat="56.2260920" lon="15.1031520"></trkpt>
    <trkpt lat="56.2262560" lon="15.1037640"></trkpt>
    <trkpt lat="56.2264200" lon="15.1043750"></trkpt>
    <trkpt lat="56.2265840" lon="15.1049870"></trkpt>
    <trkpt lat="56.2267480" lon="15.1055980"></trkpt>
    <trkpt lat="56.2268570" lon="15.1061140"></trkpt>
    <trkpt lat="56.2269660" lon="15.1066300"></trkpt>
    <trkpt lat="56.2270120" lon="15.1069250"></trkpt>
    <trkpt lat="56.2270470" lon="15.1072350"></trkpt>
    <trkpt lat="56.2270790" lon="15.1080360"></trkpt>
    <trkpt lat="56.2270890" lon="15.1085370"></trkpt>
    <trkpt lat="56.2271000" lon="15.1090380"></trkpt>
    <trkpt lat="56.2271060" lon="15.1094170"></trkpt>
    <trkpt lat="56.2270980" lon="15.1095660"></trkpt>
    <trkpt lat="56.2270770" lon="15.1096530"></trkpt>
    <trkpt lat="56.2271020" lon="15.1097540"></trkpt>
    <trkpt lat="56.2271020" lon="15.1102370"></trkpt>
    <trkpt lat="56.2271610" lon="15.1105300"></trkpt>
    <trkpt lat="56.2272650" lon="15.1108550"></trkpt>
    <trkpt lat="56.2273690" lon="15.1110630"></trkpt>
    <trkpt lat="56.2274860" lon="15.1111930"></trkpt>
    <trkpt lat="56.2276060" lon="15.1116340"></trkpt>
    <trkpt lat="56.2276650" lon="15.1120820"></trkpt>
    <trkpt lat="56.2277240" lon="15.1125300"></trkpt>
    <trkpt lat="56.2277730" lon="15.1129990"></trkpt>
    <trkpt lat="56.2278540" lon="15.1136930"></trkpt>
    <trkpt lat="56.2279020" lon="15.1141000"></trkpt>
    <trkpt lat="56.2279360" lon="15.1143870"></trkpt>
    <trkpt lat="56.2279630" lon="15.1146040"></trkpt>
    <trkpt lat="56.2279580" lon="15.1147700"></trkpt>
    <trkpt lat="56.2279710" lon="15.1148820"></trkpt>
    <trkpt lat="56.2279950" lon="15.1150190"></trkpt>
    <trkpt lat="56.2279990" lon="15.1151060"></trkpt>
    <trkpt lat="56.2279920" lon="15.1152310"></trkpt>
    <trkpt lat="56.2279460" lon="15.1153400"></trkpt>
    <trkpt lat="56.2277480" lon="15.1156210"></trkpt>
    <trkpt lat="56.2275490" lon="15.1159020"></trkpt>
    <trkpt lat="56.2272390" lon="15.1163400"></trkpt>
    <trkpt lat="56.2270130" lon="15.1166560"></trkpt>
    <trkpt lat="56.2267870" lon="15.1169730"></trkpt>
    <trkpt lat="56.2266990" lon="15.1171080"></trkpt>
    <trkpt lat="56.2266720" lon="15.1174720"></trkpt>
    <trkpt lat="56.2265930" lon="15.1174880"></trkpt>
    <trkpt lat="56.2264510" lon="15.1175560"></trkpt>
    <trkpt lat="56.2263580" lon="15.1176440"></trkpt>
    <trkpt lat="56.2261610" lon="15.1179310"></trkpt>
    <trkpt lat="56.2260590" lon="15.1180790"></trkpt>
    <trkpt lat="56.2259640" lon="15.1182180"></trkpt>
    <trkpt lat="56.2257540" lon="15.1184740"></trkpt>
    <trkpt lat="56.2255100" lon="15.1187070"></trkpt>
    <trkpt lat="56.2252240" lon="15.1189650"></trkpt>
    <trkpt lat="56.2251350" lon="15.1190300"></trkpt>
    <trkpt lat="56.2250460" lon="15.1190720"></trkpt>
    <trkpt lat="56.2250460" lon="15.1192370"></trkpt>
    <trkpt lat="56.2250930" lon="15.1195050"></trkpt>
    <trkpt lat="56.2251370" lon="15.1196710"></trkpt>
    <trkpt lat="56.2251260" lon="15.1200790"></trkpt>
    <trkpt lat="56.2251150" lon="15.1204870"></trkpt>
    <trkpt lat="56.2250990" lon="15.1204780"></trkpt>
    <trkpt lat="56.2247410" lon="15.1207660"></trkpt>
    <trkpt lat="56.2244130" lon="15.1212950"></trkpt>
    <trkpt lat="56.2240850" lon="15.1218240"></trkpt>
    <trkpt lat="56.2237570" lon="15.1223530"></trkpt>
    <trkpt lat="56.2234290" lon="15.1228810"></trkpt>
    <trkpt lat="56.2231000" lon="15.1234100"></trkpt>
    <trkpt lat="56.2231000" lon="15.1234100"></trkpt>
    <trkpt lat="56.2231820" lon="15.1237390"></trkpt>
    <trkpt lat="56.2232760" lon="15.1241130"></trkpt>
    <trkpt lat="56.2233690" lon="15.1244870"></trkpt>
    <trkpt lat="56.2233690" lon="15.1244870"></trkpt>
    <trkpt lat="56.2232350" lon="15.1246210"></trkpt>
    <trkpt lat="56.2231720" lon="15.1244780"></trkpt>
    <trkpt lat="56.2231220" lon="15.1243020"></trkpt>
    <trkpt lat="56.2229740" lon="15.1237790"></trkpt>
    <trkpt lat="56.2229010" lon="15.1235200"></trkpt>
    <trkpt lat="56.2228420" lon="15.1233790"></trkpt>
    <trkpt lat="56.2227530" lon="15.1232440"></trkpt>
    <trkpt lat="56.2225140" lon="15.1230230"></trkpt>
    <trkpt lat="56.2224350" lon="15.1229640"></trkpt>
    <trkpt lat="56.2223270" lon="15.1229220"></trkpt>
    <trkpt lat="56.2220720" lon="15.1228390"></trkpt>
    <trkpt lat="56.2219620" lon="15.1228720"></trkpt>
    <trkpt lat="56.2218370" lon="15.1229770"></trkpt>
    <trkpt lat="56.2216190" lon="15.1230450"></trkpt>
    <trkpt lat="56.2214940" lon="15.1230760"></trkpt>
    <trkpt lat="56.2214020" lon="15.1231500"></trkpt>
    <trkpt lat="56.2213800" lon="15.1232290"></trkpt>
    <trkpt lat="56.2212520" lon="15.1231920"></trkpt>
    <trkpt lat="56.2210910" lon="15.1232540"></trkpt>
    <trkpt lat="56.2209120" lon="15.1234820"></trkpt>
    <trkpt lat="56.2207210" lon="15.1239080"></trkpt>
    <trkpt lat="56.2205400" lon="15.1242400"></trkpt>
    <trkpt lat="56.2203580" lon="15.1245720"></trkpt>
    <trkpt lat="56.2202310" lon="15.1246860"></trkpt>
    <trkpt lat="56.2200120" lon="15.1246860"></trkpt>
    <trkpt lat="56.2198210" lon="15.1246650"></trkpt>
    <trkpt lat="56.2197570" lon="15.1246620"></trkpt>
    <trkpt lat="56.2196340" lon="15.1246560"></trkpt>
    <trkpt lat="56.2194060" lon="15.1246450"></trkpt>
    <trkpt lat="56.2192900" lon="15.1246140"></trkpt>
    <trkpt lat="56.2191520" lon="15.1247280"></trkpt>
    <trkpt lat="56.2189850" lon="15.1250180"></trkpt>
    <trkpt lat="56.2189150" lon="15.1253190"></trkpt>
    <trkpt lat="56.2189560" lon="15.1256510"></trkpt>
    <trkpt lat="56.2192370" lon="15.1262380"></trkpt>
    <trkpt lat="56.2194740" lon="15.1266390"></trkpt>
    <trkpt lat="56.2196150" lon="15.1270890"></trkpt>
    <trkpt lat="56.2196600" lon="15.1275820"></trkpt>
    <trkpt lat="56.2196860" lon="15.1281420"></trkpt>
    <trkpt lat="56.2197120" lon="15.1287020"></trkpt>
    <trkpt lat="56.2196770" lon="15.1291020"></trkpt>
    <trkpt lat="56.2196420" lon="15.1295020"></trkpt>
    <trkpt lat="56.2196190" lon="15.1300200"></trkpt>
    <trkpt lat="56.2195790" lon="15.1305810"></trkpt>
    <trkpt lat="56.2196370" lon="15.1310370"></trkpt>
    <trkpt lat="56.2197870" lon="15.1317120"></trkpt>
    <trkpt lat="56.2198560" lon="15.1322830"></trkpt>
    <trkpt lat="56.2198560" lon="15.1325320"></trkpt>
    <trkpt lat="56.2197870" lon="15.1332790"></trkpt>
    <trkpt lat="56.2198330" lon="15.1333930"></trkpt>
    <trkpt lat="56.2199420" lon="15.1335070"></trkpt>
    <trkpt lat="56.2201160" lon="15.1336210"></trkpt>
    <trkpt lat="56.2202250" lon="15.1337250"></trkpt>
    <trkpt lat="56.2204330" lon="15.1340260"></trkpt>
    <trkpt lat="56.2203070" lon="15.1352870"></trkpt>
    <trkpt lat="56.2202710" lon="15.1356520"></trkpt>
    <trkpt lat="56.2202120" lon="15.1363710"></trkpt>
    <trkpt lat="56.2202000" lon="15.1367460"></trkpt>
    <trkpt lat="56.2202000" lon="15.1372080"></trkpt>
    <trkpt lat="56.2201700" lon="15.1378190"></trkpt>
    <trkpt lat="56.2201640" lon="15.1383560"></trkpt>
    <trkpt lat="56.2201580" lon="15.1388060"></trkpt>
    <trkpt lat="56.2201520" lon="15.1392140"></trkpt>
    <trkpt lat="56.2200360" lon="15.1407550"></trkpt>
    <trkpt lat="56.2200140" lon="15.1407510"></trkpt>
    <trkpt lat="56.2199850" lon="15.1407720"></trkpt>
    <trkpt lat="56.2199250" lon="15.1408970"></trkpt>
    <trkpt lat="56.2199050" lon="15.1409300"></trkpt>
    <trkpt lat="56.2198760" lon="15.1409520"></trkpt>
    <trkpt lat="56.2198350" lon="15.1409550"></trkpt>
    <trkpt lat="56.2197490" lon="15.1409410"></trkpt>
    <trkpt lat="56.2195790" lon="15.1408930"></trkpt>
    <trkpt lat="56.2193510" lon="15.1408730"></trkpt>
    <trkpt lat="56.2193150" lon="15.1408460"></trkpt>
    <trkpt lat="56.2192240" lon="15.1406890"></trkpt>
    <trkpt lat="56.2191440" lon="15.1405270"></trkpt>
    <trkpt lat="56.2191290" lon="15.1404400"></trkpt>
    <trkpt lat="56.2191350" lon="15.1402820"></trkpt>
    <trkpt lat="56.2191320" lon="15.1401900"></trkpt>
    <trkpt lat="56.2190990" lon="15.1398950"></trkpt>
    <trkpt lat="56.2190910" lon="15.1397620"></trkpt>
    <trkpt lat="56.2190930" lon="15.1396700"></trkpt>
    <trkpt lat="56.2190960" lon="15.1394500"></trkpt>
    <trkpt lat="56.2190690" lon="15.1392030"></trkpt>
    <trkpt lat="56.2189380" lon="15.1388330"></trkpt>
    <trkpt lat="56.2187050" lon="15.1383340"></trkpt>
    <trkpt lat="56.2185830" lon="15.1380070"></trkpt>
    <trkpt lat="56.2183890" lon="15.1378670"></trkpt>
    <trkpt lat="56.2181210" lon="15.1377390"></trkpt>
    <trkpt lat="56.2179120" lon="15.1377280"></trkpt>
    <trkpt lat="56.2177420" lon="15.1377600"></trkpt>
    <trkpt lat="56.2176320" lon="15.1379210"></trkpt>
    <trkpt lat="56.2176050" lon="15.1383390"></trkpt>
    <trkpt lat="56.2175540" lon="15.1384680"></trkpt>
    <trkpt lat="56.2173480" lon="15.1385590"></trkpt>
    <trkpt lat="56.2172230" lon="15.1386500"></trkpt>
    <trkpt lat="56.2170890" lon="15.1389350"></trkpt>
    <trkpt lat="56.2169600" lon="15.1393480"></trkpt>
    <trkpt lat="56.2168890" lon="15.1397230"></trkpt>
    <trkpt lat="56.2168950" lon="15.1400880"></trkpt>
    <trkpt lat="56.2168860" lon="15.1402490"></trkpt>
    <trkpt lat="56.2168530" lon="15.1403240"></trkpt>
    <trkpt lat="56.2168320" lon="15.1405010"></trkpt>
    <trkpt lat="56.2167220" lon="15.1404260"></trkpt>
    <trkpt lat="56.2164740" lon="15.1401310"></trkpt>
    <trkpt lat="56.2162800" lon="15.1400450"></trkpt>
    <trkpt lat="56.2159670" lon="15.1400510"></trkpt>
    <trkpt lat="56.2159670" lon="15.1400510"></trkpt>
    <trkpt lat="56.2157940" lon="15.1400350"></trkpt>
    <trkpt lat="56.2156540" lon="15.1399840"></trkpt>
    <trkpt lat="56.2155300" lon="15.1398980"></trkpt>
    <trkpt lat="56.2153830" lon="15.1398820"></trkpt>
    <trkpt lat="56.2153830" lon="15.1398820"></trkpt>
    <trkpt lat="56.2153880" lon="15.1399980"></trkpt>
    <trkpt lat="56.2153420" lon="15.1402540"></trkpt>
    <trkpt lat="56.2152460" lon="15.1406340"></trkpt>
    <trkpt lat="56.2152170" lon="15.1411020"></trkpt>
    <trkpt lat="56.2151880" lon="15.1415700"></trkpt>
    <trkpt lat="56.2150420" lon="15.1423290"></trkpt>
    <trkpt lat="56.2148160" lon="15.1424960"></trkpt>
    <trkpt lat="56.2146580" lon="15.1426810"></trkpt>
    <trkpt lat="56.2144210" lon="15.1430630"></trkpt>
    <trkpt lat="56.2141500" lon="15.1433230"></trkpt>
    <trkpt lat="56.2138790" lon="15.1435830"></trkpt>
    <trkpt lat="56.2136450" lon="15.1438970"></trkpt>
    <trkpt lat="56.2134100" lon="15.1442110"></trkpt>
    <trkpt lat="56.2132580" lon="15.1445270"></trkpt>
    <trkpt lat="56.2131060" lon="15.1448440"></trkpt>
    <trkpt lat="56.2131620" lon="15.1452880"></trkpt>
    <trkpt lat="56.2129170" lon="15.1458060"></trkpt>
    <trkpt lat="56.2129170" lon="15.1458060"></trkpt>
    <trkpt lat="56.2127750" lon="15.1461780"></trkpt>
    <trkpt lat="56.2126980" lon="15.1466890"></trkpt>
    <trkpt lat="56.2126200" lon="15.1472010"></trkpt>
    <trkpt lat="56.2126720" lon="15.1478060"></trkpt>
    <trkpt lat="56.2127620" lon="15.1484800"></trkpt>
    <trkpt lat="56.2126330" lon="15.1492250"></trkpt>
    <trkpt lat="56.2126330" lon="15.1497830"></trkpt>
    <trkpt lat="56.2126330" lon="15.1503410"></trkpt>
    <trkpt lat="56.2125730" lon="15.1508990"></trkpt>
    <trkpt lat="56.2125120" lon="15.1514580"></trkpt>
    <trkpt lat="56.2124520" lon="15.1520160"></trkpt>
    <trkpt lat="56.2124390" lon="15.1525160"></trkpt>
    <trkpt lat="56.2124260" lon="15.1530160"></trkpt>
    <trkpt lat="56.2124070" lon="15.1537490"></trkpt>
    <trkpt lat="56.2123870" lon="15.1544810"></trkpt>
    <trkpt lat="56.2122580" lon="15.1549350"></trkpt>
    <trkpt lat="56.2121280" lon="15.1553890"></trkpt>
    <trkpt lat="56.2118760" lon="15.1557260"></trkpt>
    <trkpt lat="56.2116240" lon="15.1560630"></trkpt>
    <trkpt lat="56.2114880" lon="15.1564820"></trkpt>
    <trkpt lat="56.2113520" lon="15.1569000"></trkpt>
    <trkpt lat="56.2112810" lon="15.1574120"></trkpt>
    <trkpt lat="56.2112100" lon="15.1579240"></trkpt>
    <trkpt lat="56.2112360" lon="15.1585750"></trkpt>
    <trkpt lat="56.2114560" lon="15.1590870"></trkpt>
    <trkpt lat="56.2114300" lon="15.1595980"></trkpt>
    <trkpt lat="56.2112230" lon="15.1602960"></trkpt>
    <trkpt lat="56.2112260" lon="15.1607720"></trkpt>
    <trkpt lat="56.2111560" lon="15.1609800"></trkpt>
    <trkpt lat="56.2110690" lon="15.1611270"></trkpt>
    <trkpt lat="56.2109250" lon="15.1612030"></trkpt>
    <trkpt lat="56.2106580" lon="15.1613570"></trkpt>
    <trkpt lat="56.2103900" lon="15.1615110"></trkpt>
    <trkpt lat="56.2103900" lon="15.1615110"></trkpt>
    <trkpt lat="56.2102680" lon="15.1622180"></trkpt>
    <trkpt lat="56.2101470" lon="15.1629260"></trkpt>
    <trkpt lat="56.2100250" lon="15.1636330"></trkpt>
    <trkpt lat="56.2099030" lon="15.1643400"></trkpt>
    <trkpt lat="56.2097820" lon="15.1650470"></trkpt>
    <trkpt lat="56.2096740" lon="15.1655510"></trkpt>
    <trkpt lat="56.2095660" lon="15.1660550"></trkpt>
    <trkpt lat="56.2094580" lon="15.1665590"></trkpt>
    <trkpt lat="56.2093870" lon="15.1669660"></trkpt>
    <trkpt lat="56.2093160" lon="15.1673730"></trkpt>
    <trkpt lat="56.2093350" lon="15.1677910"></trkpt>
    <trkpt lat="56.2093550" lon="15.1682100"></trkpt>
    <trkpt lat="56.2093100" lon="15.1686750"></trkpt>
    <trkpt lat="56.2092640" lon="15.1691400"></trkpt>
    <trkpt lat="56.2091280" lon="15.1695360"></trkpt>
    <trkpt lat="56.2089930" lon="15.1699310"></trkpt>
    <trkpt lat="56.2088240" lon="15.1705590"></trkpt>
    <trkpt lat="56.2086040" lon="15.1711410"></trkpt>
    <trkpt lat="56.2082680" lon="15.1713730"></trkpt>
    <trkpt lat="56.2081780" lon="15.1718390"></trkpt>
    <trkpt lat="56.2081390" lon="15.1723150"></trkpt>
    <trkpt lat="56.2081000" lon="15.1727920"></trkpt>
    <trkpt lat="56.2079900" lon="15.1731760"></trkpt>
    <trkpt lat="56.2078800" lon="15.1735600"></trkpt>
    <trkpt lat="56.2076290" lon="15.1739590"></trkpt>
    <trkpt lat="56.2076290" lon="15.1739590"></trkpt>
    <trkpt lat="56.2076300" lon="15.1743710"></trkpt>
    <trkpt lat="56.2077930" lon="15.1750790"></trkpt>
    <trkpt lat="56.2079550" lon="15.1757880"></trkpt>
    <trkpt lat="56.2079740" lon="15.1764220"></trkpt>
    <trkpt lat="56.2079930" lon="15.1770570"></trkpt>
    <trkpt lat="56.2080120" lon="15.1776920"></trkpt>
    <trkpt lat="56.2080220" lon="15.1784100"></trkpt>
    <trkpt lat="56.2080320" lon="15.1791280"></trkpt>
    <trkpt lat="56.2080320" lon="15.1791280"></trkpt>
    <trkpt lat="56.2079480" lon="15.1792790"></trkpt>
    <trkpt lat="56.2077050" lon="15.1797300"></trkpt>
    <trkpt lat="56.2075570" lon="15.1799650"></trkpt>
    <trkpt lat="56.2074210" lon="15.1801180"></trkpt>
    <trkpt lat="56.2071810" lon="15.1803290"></trkpt>
    <trkpt lat="56.2070820" lon="15.1804660"></trkpt>
    <trkpt lat="56.2069000" lon="15.1807990"></trkpt>
    <trkpt lat="56.2067840" lon="15.1811050"></trkpt>
    <trkpt lat="56.2067240" lon="15.1813720"></trkpt>
    <trkpt lat="56.2066510" lon="15.1818610"></trkpt>
    <trkpt lat="56.2065770" lon="15.1823490"></trkpt>
    <trkpt lat="56.2064390" lon="15.1829250"></trkpt>
    <trkpt lat="56.2063790" lon="15.1830660"></trkpt>
    <trkpt lat="56.2061940" lon="15.1833300"></trkpt>
    <trkpt lat="56.2060080" lon="15.1835930"></trkpt>
    <trkpt lat="56.2057440" lon="15.1837780"></trkpt>
    <trkpt lat="56.2054790" lon="15.1839630"></trkpt>
    <trkpt lat="56.2052000" lon="15.1840820"></trkpt>
    <trkpt lat="56.2051080" lon="15.1841910"></trkpt>
    <trkpt lat="56.2050590" lon="15.1844910"></trkpt>
    <trkpt lat="56.2049470" lon="15.1848350"></trkpt>
    <trkpt lat="56.2048820" lon="15.1851150"></trkpt>
    <trkpt lat="56.2048080" lon="15.1856260"></trkpt>
    <trkpt lat="56.2047730" lon="15.1861530"></trkpt>
    <trkpt lat="56.2047010" lon="15.1865130"></trkpt>
    <trkpt lat="56.2046190" lon="15.1867600"></trkpt>
    <trkpt lat="56.2044610" lon="15.1871290"></trkpt>
    <trkpt lat="56.2043820" lon="15.1872590"></trkpt>
    <trkpt lat="56.2040130" lon="15.1876340"></trkpt>
    <trkpt lat="56.2036430" lon="15.1880080"></trkpt>
    <trkpt lat="56.2035150" lon="15.1881830"></trkpt>
    <trkpt lat="56.2034740" lon="15.1882680"></trkpt>
    <trkpt lat="56.2034170" lon="15.1884660"></trkpt>
    <trkpt lat="56.2033660" lon="15.1887740"></trkpt>
    <trkpt lat="56.2032960" lon="15.1890310"></trkpt>
    <trkpt lat="56.2030910" lon="15.1895800"></trkpt>
    <trkpt lat="56.2030050" lon="15.1898790"></trkpt>
    <trkpt lat="56.2029150" lon="15.1901170"></trkpt>
    <trkpt lat="56.2028410" lon="15.1902330"></trkpt>
    <trkpt lat="56.2026250" lon="15.1904590"></trkpt>
    <trkpt lat="56.2025610" lon="15.1905700"></trkpt>
    <trkpt lat="56.2025110" lon="15.1907540"></trkpt>
    <trkpt lat="56.2024850" lon="15.1909570"></trkpt>
    <trkpt lat="56.2024260" lon="15.1915720"></trkpt>
    <trkpt lat="56.2023660" lon="15.1921870"></trkpt>
    <trkpt lat="56.2022880" lon="15.1925960"></trkpt>
    <trkpt lat="56.2022100" lon="15.1930050"></trkpt>
    <trkpt lat="56.2021880" lon="15.1934700"></trkpt>
    <trkpt lat="56.2021660" lon="15.1939350"></trkpt>
    <trkpt lat="56.2021310" lon="15.1941840"></trkpt>
    <trkpt lat="56.2020590" lon="15.1944220"></trkpt>
    <trkpt lat="56.2017990" lon="15.1950550"></trkpt>
    <trkpt lat="56.2017450" lon="15.1952550"></trkpt>
    <trkpt lat="56.2016610" lon="15.1956930"></trkpt>
    <trkpt lat="56.2016060" lon="15.1960970"></trkpt>
    <trkpt lat="56.2015500" lon="15.1965000"></trkpt>
    <trkpt lat="56.2014510" lon="15.1969780"></trkpt>
    <trkpt lat="56.2013520" lon="15.1974560"></trkpt>
    <trkpt lat="56.2013420" lon="15.1980670"></trkpt>
    <trkpt lat="56.2013270" lon="15.1982730"></trkpt>
    <trkpt lat="56.2012300" lon="15.1988530"></trkpt>
    <trkpt lat="56.2012180" lon="15.1990750"></trkpt>
    <trkpt lat="56.2012880" lon="15.1997340"></trkpt>
    <trkpt lat="56.2012860" lon="15.1998620"></trkpt>
    <trkpt lat="56.2012400" lon="15.2000840"></trkpt>
    <trkpt lat="56.2011930" lon="15.2001760"></trkpt>
    <trkpt lat="56.2010350" lon="15.2003860"></trkpt>
    <trkpt lat="56.2009790" lon="15.2005280"></trkpt>
    <trkpt lat="56.2009300" lon="15.2007670"></trkpt>
    <trkpt lat="56.2008750" lon="15.2012520"></trkpt>
    <trkpt lat="56.2007660" lon="15.2017910"></trkpt>
    <trkpt lat="56.2007090" lon="15.2022760"></trkpt>
    <trkpt lat="56.2006470" lon="15.2026250"></trkpt>
    <trkpt lat="56.2004490" lon="15.2031030"></trkpt>
    <trkpt lat="56.2002220" lon="15.2034910"></trkpt>
    <trkpt lat="56.1999560" lon="15.2037860"></trkpt>
    <trkpt lat="56.1996900" lon="15.2040810"></trkpt>
    <trkpt lat="56.1995860" lon="15.2042560"></trkpt>
    <trkpt lat="56.1994300" lon="15.2045680"></trkpt>
    <trkpt lat="56.1992740" lon="15.2048790"></trkpt>
    <trkpt lat="56.1990310" lon="15.2052610"></trkpt>
    <trkpt lat="56.1989330" lon="15.2054700"></trkpt>
    <trkpt lat="56.1988360" lon="15.2057570"></trkpt>
    <trkpt lat="56.1988100" lon="15.2059760"></trkpt>
    <trkpt lat="56.1988210" lon="15.2062150"></trkpt>
    <trkpt lat="56.1988530" lon="15.2064480"></trkpt>
    <trkpt lat="56.1988910" lon="15.2065940"></trkpt>
    <trkpt lat="56.1990000" lon="15.2069250"></trkpt>
    <trkpt lat="56.1991280" lon="15.2072140"></trkpt>
    <trkpt lat="56.1992940" lon="15.2075090"></trkpt>
    <trkpt lat="56.1993290" lon="15.2076020"></trkpt>
    <trkpt lat="56.1993570" lon="15.2077500"></trkpt>
    <trkpt lat="56.1993460" lon="15.2079550"></trkpt>
    <trkpt lat="56.1993130" lon="15.2081710"></trkpt>
    <trkpt lat="56.1992240" lon="15.2085500"></trkpt>
    <trkpt lat="56.1991340" lon="15.2089300"></trkpt>
    <trkpt lat="56.1991340" lon="15.2089300"></trkpt>
    <trkpt lat="56.1990800" lon="15.2091720"></trkpt>
    <trkpt lat="56.1990090" lon="15.2096040"></trkpt>
    <trkpt lat="56.1989310" lon="15.2100590"></trkpt>
    <trkpt lat="56.1988490" lon="15.2103610"></trkpt>
    <trkpt lat="56.1988490" lon="15.2103610"></trkpt>
    <trkpt lat="56.1987990" lon="15.2104860"></trkpt>
    <trkpt lat="56.1987310" lon="15.2106890"></trkpt>
    <trkpt lat="56.1987310" lon="15.2106890"></trkpt>
    <trkpt lat="56.1988340" lon="15.2110390"></trkpt>
    <trkpt lat="56.1988290" lon="15.2112570"></trkpt>
    <trkpt lat="56.1987520" lon="15.2117670"></trkpt>
    <trkpt lat="56.1986460" lon="15.2121720"></trkpt>
    <trkpt lat="56.1986200" lon="15.2123540"></trkpt>
    <trkpt lat="56.1986320" lon="15.2125720"></trkpt>
    <trkpt lat="56.1988210" lon="15.2131700"></trkpt>
    <trkpt lat="56.1988500" lon="15.2132880"></trkpt>
    <trkpt lat="56.1988590" lon="15.2134050"></trkpt>
    <trkpt lat="56.1988370" lon="15.2135330"></trkpt>
    <trkpt lat="56.1986740" lon="15.2141400"></trkpt>
    <trkpt lat="56.1984600" lon="15.2146180"></trkpt>
    <trkpt lat="56.1984290" lon="15.2147100"></trkpt>
    <trkpt lat="56.1984140" lon="15.2148600"></trkpt>
    <trkpt lat="56.1984690" lon="15.2155220"></trkpt>
    <trkpt lat="56.1984720" lon="15.2160470"></trkpt>
    <trkpt lat="56.1984540" lon="15.2164080"></trkpt>
    <trkpt lat="56.1984840" lon="15.2168320"></trkpt>
    <trkpt lat="56.1984540" lon="15.2173970"></trkpt>
    <trkpt lat="56.1984230" lon="15.2179610"></trkpt>
    <trkpt lat="56.1984580" lon="15.2181410"></trkpt>
    <trkpt lat="56.1984920" lon="15.2182340"></trkpt>
    <trkpt lat="56.1985610" lon="15.2183600"></trkpt>
    <trkpt lat="56.1987170" lon="15.2185760"></trkpt>
    <trkpt lat="56.1988710" lon="15.2187020"></trkpt>
    <trkpt lat="56.1989350" lon="15.2188020"></trkpt>
    <trkpt lat="56.1989930" lon="15.2189630"></trkpt>
    <trkpt lat="56.1991980" lon="15.2194040"></trkpt>
    <trkpt lat="56.1991840" lon="15.2199140"></trkpt>
    <trkpt lat="56.1991000" lon="15.2204040"></trkpt>
    <trkpt lat="56.1990290" lon="15.2210440"></trkpt>
    <trkpt lat="56.1990290" lon="15.2210440"></trkpt>
    <trkpt lat="56.1988030" lon="15.2212050"></trkpt>
    <trkpt lat="56.1987250" lon="15.2213100"></trkpt>
    <trkpt lat="56.1985950" lon="15.2215770"></trkpt>
    <trkpt lat="56.1984810" lon="15.2217290"></trkpt>
    <trkpt lat="56.1983800" lon="15.2217880"></trkpt>
    <trkpt lat="56.1982730" lon="15.2218150"></trkpt>
    <trkpt lat="56.1981470" lon="15.2218150"></trkpt>
    <trkpt lat="56.1977460" lon="15.2217300"></trkpt>
    <trkpt lat="56.1974040" lon="15.2215780"></trkpt>
    <trkpt lat="56.1970610" lon="15.2214260"></trkpt>
    <trkpt lat="56.1969220" lon="15.2213640"></trkpt>
    <trkpt lat="56.1968100" lon="15.2213990"></trkpt>
    <trkpt lat="56.1964520" lon="15.2217540"></trkpt>
    <trkpt lat="56.1964980" lon="15.2220410"></trkpt>
    <trkpt lat="56.1965030" lon="15.2223270"></trkpt>
    <trkpt lat="56.1964850" lon="15.2225600"></trkpt>
    <trkpt lat="56.1963710" lon="15.2231350"></trkpt>
    <trkpt lat="56.1963680" lon="15.2236120"></trkpt>
    <trkpt lat="56.1963640" lon="15.2240890"></trkpt>
    <trkpt lat="56.1963090" lon="15.2244460"></trkpt>
    <trkpt lat="56.1962470" lon="15.2245770"></trkpt>
    <trkpt lat="56.1961720" lon="15.2246620"></trkpt>
    <trkpt lat="56.1957580" lon="15.2249250"></trkpt>
    <trkpt lat="56.1955460" lon="15.2251360"></trkpt>
    <trkpt lat="56.1953390" lon="15.2253130"></trkpt>
    <trkpt lat="56.1951320" lon="15.2254900"></trkpt>
    <trkpt lat="56.1950210" lon="15.2256250"></trkpt>
    <trkpt lat="56.1949640" lon="15.2257280"></trkpt>
    <trkpt lat="56.1948920" lon="15.2259650"></trkpt>
    <trkpt lat="56.1948560" lon="15.2262630"></trkpt>
    <trkpt lat="56.1948470" lon="15.2265210"></trkpt>
    <trkpt lat="56.1948530" lon="15.2267140"></trkpt>
    <trkpt lat="56.1948940" lon="15.2269770"></trkpt>
    <trkpt lat="56.1950580" lon="15.2277110"></trkpt>
    <trkpt lat="56.1952220" lon="15.2284450"></trkpt>
    <trkpt lat="56.1953090" lon="15.2286870"></trkpt>
    <trkpt lat="56.1953860" lon="15.2288220"></trkpt>
    <trkpt lat="56.1955600" lon="15.2290470"></trkpt>
    <trkpt lat="56.1955600" lon="15.2290470"></trkpt>
    <trkpt lat="56.1954640" lon="15.2292140"></trkpt>
    <trkpt lat="56.1952950" lon="15.2294230"></trkpt>
    <trkpt lat="56.1952380" lon="15.2295420"></trkpt>
    <trkpt lat="56.1951550" lon="15.2298450"></trkpt>
    <trkpt lat="56.1951180" lon="15.2300430"></trkpt>
    <trkpt lat="56.1950680" lon="15.2304830"></trkpt>
    <trkpt lat="56.1950330" lon="15.2306290"></trkpt>
    <trkpt lat="56.1948940" lon="15.2309490"></trkpt>
    <trkpt lat="56.1947540" lon="15.2312680"></trkpt>
    <trkpt lat="56.1947400" lon="15.2314260"></trkpt>
    <trkpt lat="56.1947620" lon="15.2316420"></trkpt>
    <trkpt lat="56.1948170" lon="15.2318230"></trkpt>
    <trkpt lat="56.1950180" lon="15.2321730"></trkpt>
    <trkpt lat="56.1952190" lon="15.2325240"></trkpt>
    <trkpt lat="56.1952420" lon="15.2326340"></trkpt>
    <trkpt lat="56.1952410" lon="15.2330410"></trkpt>
    <trkpt lat="56.1953150" lon="15.2336180"></trkpt>
    <trkpt lat="56.1953090" lon="15.2336940"></trkpt>
    <trkpt lat="56.1952790" lon="15.2337960"></trkpt>
    <trkpt lat="56.1951910" lon="15.2339760"></trkpt>
    <trkpt lat="56.1950160" lon="15.2341850"></trkpt>
    <trkpt lat="56.1949570" lon="15.2343610"></trkpt>
    <trkpt lat="56.1949490" lon="15.2345040"></trkpt>
    <trkpt lat="56.1950200" lon="15.2350840"></trkpt>
    <trkpt lat="56.1950790" lon="15.2353290"></trkpt>
    <trkpt lat="56.1950940" lon="15.2354920"></trkpt>
    <trkpt lat="56.1950630" lon="15.2358390"></trkpt>
    <trkpt lat="56.1950790" lon="15.2360390"></trkpt>
    <trkpt lat="56.1951370" lon="15.2362860"></trkpt>
    <trkpt lat="56.1951450" lon="15.2365520"></trkpt>
    <trkpt lat="56.1951310" lon="15.2366920"></trkpt>
    <trkpt lat="56.1951020" lon="15.2368250"></trkpt>
    <trkpt lat="56.1949910" lon="15.2371160"></trkpt>
    <trkpt lat="56.1948930" lon="15.2374400"></trkpt>
    <trkpt lat="56.1947510" lon="15.2378110"></trkpt>
    <trkpt lat="56.1946480" lon="15.2380330"></trkpt>
    <trkpt lat="56.1945600" lon="15.2383060"></trkpt>
    <trkpt lat="56.1945170" lon="15.2385100"></trkpt>
    <trkpt lat="56.1944170" lon="15.2392710"></trkpt>
    <trkpt lat="56.1944320" lon="15.2394190"></trkpt>
    <trkpt lat="56.1945220" lon="15.2398000"></trkpt>
    <trkpt lat="56.1946110" lon="15.2401820"></trkpt>
    <trkpt lat="56.1947340" lon="15.2405780"></trkpt>
    <trkpt lat="56.1947670" lon="15.2408140"></trkpt>
    <trkpt lat="56.1948030" lon="15.2413080"></trkpt>
    <trkpt lat="56.1947470" lon="15.2419480"></trkpt>
    <trkpt lat="56.1947470" lon="15.2419480"></trkpt>
    <trkpt lat="56.1948340" lon="15.2423100"></trkpt>
    <trkpt lat="56.1948380" lon="15.2426060"></trkpt>
    <trkpt lat="56.1948790" lon="15.2431240"></trkpt>
    <trkpt lat="56.1949140" lon="15.2432450"></trkpt>
    <trkpt lat="56.1949720" lon="15.2433650"></trkpt>
    <trkpt lat="56.1950490" lon="15.2434560"></trkpt>
    <trkpt lat="56.1952790" lon="15.2438330"></trkpt>
    <trkpt lat="56.1953460" lon="15.2439140"></trkpt>
    <trkpt lat="56.1954490" lon="15.2439760"></trkpt>
    <trkpt lat="56.1955630" lon="15.2440230"></trkpt>
    <trkpt lat="56.1957020" lon="15.2440550"></trkpt>
    <trkpt lat="56.1960990" lon="15.2442050"></trkpt>
    <trkpt lat="56.1964950" lon="15.2443550"></trkpt>
    <trkpt lat="56.1965540" lon="15.2443550"></trkpt>
    <trkpt lat="56.1965910" lon="15.2442810"></trkpt>
    <trkpt lat="56.1966440" lon="15.2440820"></trkpt>
    <trkpt lat="56.1966800" lon="15.2438680"></trkpt>
    <trkpt lat="56.1967120" lon="15.2438200"></trkpt>
    <trkpt lat="56.1967860" lon="15.2437650"></trkpt>
    <trkpt lat="56.1968480" lon="15.2437820"></trkpt>
    <trkpt lat="56.1968740" lon="15.2438360"></trkpt>
    <trkpt lat="56.1969210" lon="15.2439450"></trkpt>
    <trkpt lat="56.1970020" lon="15.2440560"></trkpt>
    <trkpt lat="56.1970620" lon="15.2441450"></trkpt>
    <trkpt lat="56.1972090" lon="15.2442990"></trkpt>
    <trkpt lat="56.1972500" lon="15.2443350"></trkpt>
    <trkpt lat="56.1972500" lon="15.2443350"></trkpt>
    <trkpt lat="56.1973340" lon="15.2445130"></trkpt>
    <trkpt lat="56.1973860" lon="15.2447410"></trkpt>
    <trkpt lat="56.1974830" lon="15.2451580"></trkpt>
    <trkpt lat="56.1975170" lon="15.2452460"></trkpt>
    <trkpt lat="56.1975590" lon="15.2453680"></trkpt>
    <trkpt lat="56.1976170" lon="15.2456220"></trkpt>
    <trkpt lat="56.1976840" lon="15.2459980"></trkpt>
    <trkpt lat="56.1977510" lon="15.2463890"></trkpt>
    <trkpt lat="56.1978180" lon="15.2467810"></trkpt>
    <trkpt lat="56.1978410" lon="15.2468660"></trkpt>
    <trkpt lat="56.1979400" lon="15.2472300"></trkpt>
    <trkpt lat="56.1980380" lon="15.2475940"></trkpt>
    <trkpt lat="56.1981240" lon="15.2478300"></trkpt>
    <trkpt lat="56.1981360" lon="15.2479170"></trkpt>
    <trkpt lat="56.1981360" lon="15.2479170"></trkpt>
    <trkpt lat="56.1980060" lon="15.2479950"></trkpt>
    <trkpt lat="56.1978780" lon="15.2481970"></trkpt>
    <trkpt lat="56.1978160" lon="15.2482600"></trkpt>
    <trkpt lat="56.1976470" lon="15.2483680"></trkpt>
    <trkpt lat="56.1973870" lon="15.2484910"></trkpt>
    <trkpt lat="56.1971570" lon="15.2485430"></trkpt>
    <trkpt lat="56.1969270" lon="15.2485940"></trkpt>
    <trkpt lat="56.1967430" lon="15.2487600"></trkpt>
    <trkpt lat="56.1965420" lon="15.2490010"></trkpt>
    <trkpt lat="56.1964430" lon="15.2492050"></trkpt>
    <trkpt lat="56.1962820" lon="15.2496500"></trkpt>
    <trkpt lat="56.1960810" lon="15.2500400"></trkpt>
    <trkpt lat="56.1959730" lon="15.2501370"></trkpt>
    <trkpt lat="56.1958570" lon="15.2501610"></trkpt>
    <trkpt lat="56.1957460" lon="15.2501180"></trkpt>
    <trkpt lat="56.1956590" lon="15.2500130"></trkpt>
    <trkpt lat="56.1955190" lon="15.2497490"></trkpt>
    <trkpt lat="56.1954520" lon="15.2496840"></trkpt>
    <trkpt lat="56.1951870" lon="15.2496160"></trkpt>
    <trkpt lat="56.1950750" lon="15.2495630"></trkpt>
    <trkpt lat="56.1946930" lon="15.2491470"></trkpt>
    <trkpt lat="56.1945930" lon="15.2490830"></trkpt>
    <trkpt lat="56.1945230" lon="15.2490870"></trkpt>
    <trkpt lat="56.1944570" lon="15.2491290"></trkpt>
    <trkpt lat="56.1943190" lon="15.2493040"></trkpt>
    <trkpt lat="56.1940490" lon="15.2497140"></trkpt>
    <trkpt lat="56.1939330" lon="15.2497930"></trkpt>
    <trkpt lat="56.1935900" lon="15.2498840"></trkpt>
    <trkpt lat="56.1935170" lon="15.2499400"></trkpt>
    <trkpt lat="56.1934270" lon="15.2500710"></trkpt>
    <trkpt lat="56.1933400" lon="15.2502560"></trkpt>
    <trkpt lat="56.1932600" lon="15.2503480"></trkpt>
    <trkpt lat="56.1931650" lon="15.2503590"></trkpt>
    <trkpt lat="56.1929140" lon="15.2501610"></trkpt>
    <trkpt lat="56.1927020" lon="15.2500580"></trkpt>
    <trkpt lat="56.1924420" lon="15.2498370"></trkpt>
    <trkpt lat="56.1923230" lon="15.2498010"></trkpt>
    <trkpt lat="56.1922490" lon="15.2498430"></trkpt>
    <trkpt lat="56.1919620" lon="15.2501660"></trkpt>
    <trkpt lat="56.1915910" lon="15.2503950"></trkpt>
    <trkpt lat="56.1912160" lon="15.2507040"></trkpt>
    <trkpt lat="56.1909640" lon="15.2509820"></trkpt>
    <trkpt lat="56.1909110" lon="15.2511090"></trkpt>
    <trkpt lat="56.1908960" lon="15.2512600"></trkpt>
    <trkpt lat="56.1909280" lon="15.2514730"></trkpt>
    <trkpt lat="56.1910950" lon="15.2520690"></trkpt>
    <trkpt lat="56.1911920" lon="15.2525600"></trkpt>
    <trkpt lat="56.1912880" lon="15.2530510"></trkpt>
    <trkpt lat="56.1913090" lon="15.2532500"></trkpt>
    <trkpt lat="56.1913090" lon="15.2535510"></trkpt>
    <trkpt lat="56.1912080" lon="15.2541980"></trkpt>
    <trkpt lat="56.1911390" lon="15.2548720"></trkpt>
    <trkpt lat="56.1910530" lon="15.2551860"></trkpt>
    <trkpt lat="56.1909880" lon="15.2553600"></trkpt>
    <trkpt lat="56.1906930" lon="15.2559210"></trkpt>
    <trkpt lat="56.1903980" lon="15.2564820"></trkpt>
    <trkpt lat="56.1901190" lon="15.2570430"></trkpt>
    <trkpt lat="56.1900760" lon="15.2571790"></trkpt>
    <trkpt lat="56.1899400" lon="15.2577890"></trkpt>
    <trkpt lat="56.1898800" lon="15.2581410"></trkpt>
    <trkpt lat="56.1898640" lon="15.2583370"></trkpt>
    <trkpt lat="56.1898660" lon="15.2585810"></trkpt>
    <trkpt lat="56.1898880" lon="15.2589940"></trkpt>
    <trkpt lat="56.1898350" lon="15.2592790"></trkpt>
    <trkpt lat="56.1898350" lon="15.2592790"></trkpt>
    <trkpt lat="56.1898540" lon="15.2595950"></trkpt>
    <trkpt lat="56.1898250" lon="15.2598420"></trkpt>
    <trkpt lat="56.1898220" lon="15.2601620"></trkpt>
    <trkpt lat="56.1897970" lon="15.2603210"></trkpt>
    <trkpt lat="56.1897060" lon="15.2604910"></trkpt>
    <trkpt lat="56.1896210" lon="15.2605760"></trkpt>
    <trkpt lat="56.1894670" lon="15.2606610"></trkpt>
    <trkpt lat="56.1893580" lon="15.2607590"></trkpt>
    <trkpt lat="56.1893090" lon="15.2608510"></trkpt>
    <trkpt lat="56.1892380" lon="15.2610860"></trkpt>
    <trkpt lat="56.1892000" lon="15.2613900"></trkpt>
    <trkpt lat="56.1891110" lon="15.2618410"></trkpt>
    <trkpt lat="56.1890800" lon="15.2621560"></trkpt>
    <trkpt lat="56.1889950" lon="15.2627620"></trkpt>
    <trkpt lat="56.1889100" lon="15.2633680"></trkpt>
    <trkpt lat="56.1888250" lon="15.2639740"></trkpt>
    <trkpt lat="56.1888250" lon="15.2639740"></trkpt>
    <trkpt lat="56.1888600" lon="15.2641440"></trkpt>
    <trkpt lat="56.1888870" lon="15.2645540"></trkpt>
    <trkpt lat="56.1889130" lon="15.2649640"></trkpt>
    <trkpt lat="56.1889470" lon="15.2651440"></trkpt>
    <trkpt lat="56.1889810" lon="15.2652510"></trkpt>
    <trkpt lat="56.1889540" lon="15.2653370"></trkpt>
    <trkpt lat="56.1889170" lon="15.2654610"></trkpt>
    <trkpt lat="56.1888170" lon="15.2660060"></trkpt>
    <trkpt lat="56.1886500" lon="15.2666760"></trkpt>
    <trkpt lat="56.1884830" lon="15.2673460"></trkpt>
    <trkpt lat="56.1883920" lon="15.2677610"></trkpt>
    <trkpt lat="56.1883010" lon="15.2681760"></trkpt>
    <trkpt lat="56.1881390" lon="15.2689110"></trkpt>
    <trkpt lat="56.1879760" lon="15.2696460"></trkpt>
    <trkpt lat="56.1878340" lon="15.2702880"></trkpt>
    <trkpt lat="56.1877970" lon="15.2704920"></trkpt>
    <trkpt lat="56.1877790" lon="15.2706220"></trkpt>
    <trkpt lat="56.1877780" lon="15.2706860"></trkpt>
    <trkpt lat="56.1877820" lon="15.2707260"></trkpt>
    <trkpt lat="56.1877950" lon="15.2708040"></trkpt>
    <trkpt lat="56.1877950" lon="15.2708040"></trkpt>
    <trkpt lat="56.1878650" lon="15.2709720"></trkpt>
    <trkpt lat="56.1881160" lon="15.2710650"></trkpt>
    <trkpt lat="56.1883690" lon="15.2713280"></trkpt>
    <trkpt lat="56.1884240" lon="15.2714080"></trkpt>
    <trkpt lat="56.1885010" lon="15.2716990"></trkpt>
    <trkpt lat="56.1885600" lon="15.2718010"></trkpt>
    <trkpt lat="56.1888890" lon="15.2720160"></trkpt>
    <trkpt lat="56.1892170" lon="15.2722310"></trkpt>
    <trkpt lat="56.1892760" lon="15.2722930"></trkpt>
    <trkpt lat="56.1893880" lon="15.2725820"></trkpt>
    <trkpt lat="56.1894690" lon="15.2727290"></trkpt>
    <trkpt lat="56.1896450" lon="15.2732550"></trkpt>
    <trkpt lat="56.1896810" lon="15.2733400"></trkpt>
    <trkpt lat="56.1897390" lon="15.2733920"></trkpt>
    <trkpt lat="56.1899410" lon="15.2733910"></trkpt>
    <trkpt lat="56.1900900" lon="15.2734240"></trkpt>
    <trkpt lat="56.1904900" lon="15.2735970"></trkpt>
    <trkpt lat="56.1908890" lon="15.2737700"></trkpt>
    <trkpt lat="56.1911540" lon="15.2737950"></trkpt>
    <trkpt lat="56.1913890" lon="15.2738890"></trkpt>
    <trkpt lat="56.1914890" lon="15.2738630"></trkpt>
    <trkpt lat="56.1915270" lon="15.2738290"></trkpt>
    <trkpt lat="56.1918950" lon="15.2733740"></trkpt>
    <trkpt lat="56.1919810" lon="15.2733360"></trkpt>
    <trkpt lat="56.1921310" lon="15.2733460"></trkpt>
    <trkpt lat="56.1922220" lon="15.2736940"></trkpt>
    <trkpt lat="56.1922730" lon="15.2739840"></trkpt>
    <trkpt lat="56.1923980" lon="15.2744550"></trkpt>
    <trkpt lat="56.1924690" lon="15.2745890"></trkpt>
    <trkpt lat="56.1925330" lon="15.2746330"></trkpt>
    <trkpt lat="56.1926110" lon="15.2746410"></trkpt>
    <trkpt lat="56.1927930" lon="15.2745750"></trkpt>
    <trkpt lat="56.1930430" lon="15.2745490"></trkpt>
    <trkpt lat="56.1930590" lon="15.2746800"></trkpt>
    <trkpt lat="56.1931780" lon="15.2751950"></trkpt>
    <trkpt lat="56.1932880" lon="15.2757270"></trkpt>
    <trkpt lat="56.1934220" lon="15.2758570"></trkpt>
    <trkpt lat="56.1936620" lon="15.2760530"></trkpt>
    <trkpt lat="56.1939010" lon="15.2762500"></trkpt>
    <trkpt lat="56.1940960" lon="15.2764100"></trkpt>
    <trkpt lat="56.1943270" lon="15.2765780"></trkpt>
    <trkpt lat="56.1945580" lon="15.2767460"></trkpt>
    <trkpt lat="56.1946770" lon="15.2772580"></trkpt>
    <trkpt lat="56.1947970" lon="15.2777700"></trkpt>
    <trkpt lat="56.1949550" lon="15.2783110"></trkpt>
    <trkpt lat="56.1951120" lon="15.2786190"></trkpt>
    <trkpt lat="56.1952690" lon="15.2789270"></trkpt>
    <trkpt lat="56.1951940" lon="15.2791430"></trkpt>
    <trkpt lat="56.1950280" lon="15.2795190"></trkpt>
    <trkpt lat="56.1949420" lon="15.2796520"></trkpt>
    <trkpt lat="56.1948290" lon="15.2797420"></trkpt>
    <trkpt lat="56.1947200" lon="15.2798290"></trkpt>
    <trkpt lat="56.1945160" lon="15.2799670"></trkpt>
    <trkpt lat="56.1942760" lon="15.2801300"></trkpt>
    <trkpt lat="56.1940880" lon="15.2802180"></trkpt>
    <trkpt lat="56.1939230" lon="15.2802950"></trkpt>
    <trkpt lat="56.1939230" lon="15.2803100"></trkpt>
    <trkpt lat="56.1937480" lon="15.2805240"></trkpt>
    <trkpt lat="56.1936850" lon="15.2806450"></trkpt>
    <trkpt lat="56.1936090" lon="15.2808800"></trkpt>
    <trkpt lat="56.1934440" lon="15.2811710"></trkpt>
    <trkpt lat="56.1933400" lon="15.2815220"></trkpt>
    <trkpt lat="56.1932810" lon="15.2816580"></trkpt>
    <trkpt lat="56.1931640" lon="15.2817550"></trkpt>
    <trkpt lat="56.1929400" lon="15.2818440"></trkpt>
    <trkpt lat="56.1927160" lon="15.2819320"></trkpt>
    <trkpt lat="56.1926100" lon="15.2819900"></trkpt>
    <trkpt lat="56.1924800" lon="15.2821090"></trkpt>
    <trkpt lat="56.1924380" lon="15.2822560"></trkpt>
    <trkpt lat="56.1924370" lon="15.2823620"></trkpt>
    <trkpt lat="56.1924640" lon="15.2824790"></trkpt>
    <trkpt lat="56.1925170" lon="15.2825780"></trkpt>
    <trkpt lat="56.1926320" lon="15.2826420"></trkpt>
    <trkpt lat="56.1929900" lon="15.2827630"></trkpt>
    <trkpt lat="56.1932200" lon="15.2829430"></trkpt>
    <trkpt lat="56.1932820" lon="15.2829920"></trkpt>
    <trkpt lat="56.1933650" lon="15.2831160"></trkpt>
    <trkpt lat="56.1934840" lon="15.2832950"></trkpt>
    <trkpt lat="56.1935790" lon="15.2834130"></trkpt>
    <trkpt lat="56.1937000" lon="15.2835110"></trkpt>
    <trkpt lat="56.1938200" lon="15.2835610"></trkpt>
    <trkpt lat="56.1940990" lon="15.2835570"></trkpt>
    <trkpt lat="56.1943510" lon="15.2836030"></trkpt>
    <trkpt lat="56.1944880" lon="15.2836450"></trkpt>
    <trkpt lat="56.1945990" lon="15.2837340"></trkpt>
    <trkpt lat="56.1947550" lon="15.2839810"></trkpt>
    <trkpt lat="56.1948610" lon="15.2842440"></trkpt>
    <trkpt lat="56.1949500" lon="15.2845210"></trkpt>
    <trkpt lat="56.1949500" lon="15.2845210"></trkpt>
    <trkpt lat="56.1950530" lon="15.2848300"></trkpt>
    <trkpt lat="56.1951250" lon="15.2850390"></trkpt>
    <trkpt lat="56.1952160" lon="15.2852230"></trkpt>
    <trkpt lat="56.1952160" lon="15.2852230"></trkpt>
    <trkpt lat="56.1952650" lon="15.2852640"></trkpt>
    <trkpt lat="56.1953490" lon="15.2853710"></trkpt>
    <trkpt lat="56.1955660" lon="15.2856700"></trkpt>
    <trkpt lat="56.1957250" lon="15.2859580"></trkpt>
    <trkpt lat="56.1958500" lon="15.2861950"></trkpt>
    <trkpt lat="56.1959650" lon="15.2864180"></trkpt>
    <trkpt lat="56.1960420" lon="15.2866710"></trkpt>
    <trkpt lat="56.1961100" lon="15.2868630"></trkpt>
    <trkpt lat="56.1961580" lon="15.2870120"></trkpt>
    <trkpt lat="56.1961580" lon="15.2870120"></trkpt>
    <trkpt lat="56.1961750" lon="15.2870830"></trkpt>
    <trkpt lat="56.1962260" lon="15.2872780"></trkpt>
    <trkpt lat="56.1962690" lon="15.2874540"></trkpt>
    <trkpt lat="56.1962600" lon="15.2875760"></trkpt>
    <trkpt lat="56.1962900" lon="15.2877790"></trkpt>
    <trkpt lat="56.1963180" lon="15.2880430"></trkpt>
    <trkpt lat="56.1963290" lon="15.2883880"></trkpt>
    <trkpt lat="56.1963850" lon="15.2884650"></trkpt>
    <trkpt lat="56.1964300" lon="15.2885810"></trkpt>
    <trkpt lat="56.1964640" lon="15.2887790"></trkpt>
    <trkpt lat="56.1964750" lon="15.2889540"></trkpt>
    <trkpt lat="56.1964680" lon="15.2890920"></trkpt>
    <trkpt lat="56.1965230" lon="15.2891310"></trkpt>
    <trkpt lat="56.1965680" lon="15.2891840"></trkpt>
    <trkpt lat="56.1966200" lon="15.2892670"></trkpt>
    <trkpt lat="56.1966740" lon="15.2893680"></trkpt>
    <trkpt lat="56.1966740" lon="15.2893680"></trkpt>
    <trkpt lat="56.1966950" lon="15.2893320"></trkpt>
    <trkpt lat="56.1968590" lon="15.2890510"></trkpt>
    <trkpt lat="56.1968590" lon="15.2890510"></trkpt>
    <trkpt lat="56.1969010" lon="15.2888800"></trkpt>
    <trkpt lat="56.1970400" lon="15.2886480"></trkpt>
    <trkpt lat="56.1971300" lon="15.2885100"></trkpt>
    <trkpt lat="56.1972280" lon="15.2883820"></trkpt>
    <trkpt lat="56.1973380" lon="15.2882500"></trkpt>
    <trkpt lat="56.1974470" lon="15.2881410"></trkpt>
    <trkpt lat="56.1976590" lon="15.2879180"></trkpt>
    <trkpt lat="56.1978090" lon="15.2877500"></trkpt>
    <trkpt lat="56.1979500" lon="15.2876020"></trkpt>
    <trkpt lat="56.1980700" lon="15.2874840"></trkpt>
    <trkpt lat="56.1981160" lon="15.2874270"></trkpt>
    <trkpt lat="56.1981730" lon="15.2873090"></trkpt>
    <trkpt lat="56.1982780" lon="15.2872030"></trkpt>
    <trkpt lat="56.1984790" lon="15.2870100"></trkpt>
    <trkpt lat="56.1985750" lon="15.2869190"></trkpt>
    <trkpt lat="56.1986460" lon="15.2868550"></trkpt>
    <trkpt lat="56.1986890" lon="15.2867980"></trkpt>
    <trkpt lat="56.1987290" lon="15.2867250"></trkpt>
    <trkpt lat="56.1987540" lon="15.2867680"></trkpt>
    <trkpt lat="56.1987820" lon="15.2868280"></trkpt>
    <trkpt lat="56.1988370" lon="15.2868250"></trkpt>
    <trkpt lat="56.1990120" lon="15.2867100"></trkpt>
    <trkpt lat="56.1992690" lon="15.2865390"></trkpt>
    <trkpt lat="56.1993600" lon="15.2864780"></trkpt>
    <trkpt lat="56.1995100" lon="15.2863160"></trkpt>
    <trkpt lat="56.1996350" lon="15.2861420"></trkpt>
    <trkpt lat="56.1998360" lon="15.2858380"></trkpt>
    <trkpt lat="56.1999180" lon="15.2856990"></trkpt>
    <trkpt lat="56.1999560" lon="15.2856020"></trkpt>
    <trkpt lat="56.1999740" lon="15.2855710"></trkpt>
    <trkpt lat="56.2000500" lon="15.2854850"></trkpt>
    <trkpt lat="56.2000840" lon="15.2854490"></trkpt>
    <trkpt lat="56.2001560" lon="15.2854750"></trkpt>
    <trkpt lat="56.2002010" lon="15.2854530"></trkpt>
    <trkpt lat="56.2004820" lon="15.2852350"></trkpt>
    <trkpt lat="56.2007170" lon="15.2850680"></trkpt>
    <trkpt lat="56.2009520" lon="15.2849010"></trkpt>
    <trkpt lat="56.2010250" lon="15.2848620"></trkpt>
    <trkpt lat="56.2010250" lon="15.2848620"></trkpt>
    <trkpt lat="56.2011770" lon="15.2848070"></trkpt>
    <trkpt lat="56.2013560" lon="15.2847260"></trkpt>
    <trkpt lat="56.2016160" lon="15.2845900"></trkpt>
    <trkpt lat="56.2018430" lon="15.2844350"></trkpt>
    <trkpt lat="56.2021220" lon="15.2842330"></trkpt>
    <trkpt lat="56.2022880" lon="15.2840940"></trkpt>
    <trkpt lat="56.2025620" lon="15.2837350"></trkpt>
    <trkpt lat="56.2028360" lon="15.2833760"></trkpt>
    <trkpt lat="56.2031550" lon="15.2829810"></trkpt>
    <trkpt lat="56.2034740" lon="15.2825860"></trkpt>
    <trkpt lat="56.2035650" lon="15.2824770"></trkpt>
    <trkpt lat="56.2037370" lon="15.2823280"></trkpt>
    <trkpt lat="56.2039890" lon="15.2821520"></trkpt>
    <trkpt lat="56.2042260" lon="15.2820320"></trkpt>
    <trkpt lat="56.2042440" lon="15.2820230"></trkpt>
    <trkpt lat="56.2042440" lon="15.2820230"></trkpt>
    <trkpt lat="56.2043600" lon="15.2820250"></trkpt>
    <trkpt lat="56.2045780" lon="15.2819500"></trkpt>
    <trkpt lat="56.2048640" lon="15.2818000"></trkpt>
    <trkpt lat="56.2051500" lon="15.2816500"></trkpt>
    <trkpt lat="56.2052040" lon="15.2815630"></trkpt>
    <trkpt lat="56.2052040" lon="15.2815630"></trkpt>
    <trkpt lat="56.2055720" lon="15.2813310"></trkpt>
    <trkpt lat="56.2059340" lon="15.2810760"></trkpt>
    <trkpt lat="56.2062950" lon="15.2808210"></trkpt>
    <trkpt lat="56.2066710" lon="15.2806870"></trkpt>
    <trkpt lat="56.2067360" lon="15.2806540"></trkpt>
    <trkpt lat="56.2071280" lon="15.2805020"></trkpt>
    <trkpt lat="56.2075200" lon="15.2803500"></trkpt>
    <trkpt lat="56.2076850" lon="15.2802720"></trkpt>
    <trkpt lat="56.2078710" lon="15.2801320"></trkpt>
    <trkpt lat="56.2079480" lon="15.2800680"></trkpt>
    <trkpt lat="56.2080690" lon="15.2799170"></trkpt>
    <trkpt lat="56.2081770" lon="15.2797460"></trkpt>
    <trkpt lat="56.2082910" lon="15.2795640"></trkpt>
    <trkpt lat="56.2082910" lon="15.2795640"></trkpt>
    <trkpt lat="56.2083740" lon="15.2794300"></trkpt>
    <trkpt lat="56.2084810" lon="15.2792410"></trkpt>
    <trkpt lat="56.2086330" lon="15.2789500"></trkpt>
    <trkpt lat="56.2087860" lon="15.2786480"></trkpt>
    <trkpt lat="56.2089290" lon="15.2783310"></trkpt>
    <trkpt lat="56.2090830" lon="15.2779910"></trkpt>
    <trkpt lat="56.2090830" lon="15.2779910"></trkpt>
    <trkpt lat="56.2092050" lon="15.2776220"></trkpt>
    <trkpt lat="56.2092750" lon="15.2773530"></trkpt>
    <trkpt lat="56.2092750" lon="15.2773530"></trkpt>
    <trkpt lat="56.2093360" lon="15.2770760"></trkpt>
    <trkpt lat="56.2093510" lon="15.2769620"></trkpt>
    <trkpt lat="56.2093590" lon="15.2768350"></trkpt>
    <trkpt lat="56.2093290" lon="15.2767200"></trkpt>
    <trkpt lat="56.2093290" lon="15.2767200"></trkpt>
    <trkpt lat="56.2093910" lon="15.2765810"></trkpt>
    <trkpt lat="56.2094910" lon="15.2761940"></trkpt>
    <trkpt lat="56.2095910" lon="15.2758080"></trkpt>
    <trkpt lat="56.2095910" lon="15.2758080"></trkpt>
    <trkpt lat="56.2096980" lon="15.2759030"></trkpt>
    <trkpt lat="56.2097280" lon="15.2759300"></trkpt>
    <trkpt lat="56.2098340" lon="15.2760640"></trkpt>
    <trkpt lat="56.2098820" lon="15.2762320"></trkpt>
    <trkpt lat="56.2099190" lon="15.2762690"></trkpt>
    <trkpt lat="56.2099730" lon="15.2763300"></trkpt>
    <trkpt lat="56.2100440" lon="15.2763160"></trkpt>
    <trkpt lat="56.2102710" lon="15.2765420"></trkpt>
    <trkpt lat="56.2105050" lon="15.2767800"></trkpt>
    <trkpt lat="56.2107410" lon="15.2770240"></trkpt>
    <trkpt lat="56.2109770" lon="15.2772690"></trkpt>
    <trkpt lat="56.2110160" lon="15.2771760"></trkpt>
    <trkpt lat="56.2110160" lon="15.2771760"></trkpt>
    <trkpt lat="56.2110710" lon="15.2772260"></trkpt>
    <trkpt lat="56.2110710" lon="15.2772260"></trkpt>
    <trkpt lat="56.2110320" lon="15.2773390"></trkpt>
    <trkpt lat="56.2109720" lon="15.2775240"></trkpt>
    <trkpt lat="56.2109720" lon="15.2775240"></trkpt>
    <trkpt lat="56.2112800" lon="15.2778030"></trkpt>
    <trkpt lat="56.2113240" lon="15.2776960"></trkpt>
    <trkpt lat="56.2113660" lon="15.2777330"></trkpt>
    <trkpt lat="56.2113300" lon="15.2778490"></trkpt>
    <trkpt lat="56.2114120" lon="15.2779480"></trkpt>
    <trkpt lat="56.2116700" lon="15.2780290"></trkpt>
    <trkpt lat="56.2116480" lon="15.2782110"></trkpt>
    <trkpt lat="56.2116190" lon="15.2783310"></trkpt>
    <trkpt lat="56.2116360" lon="15.2787310"></trkpt>
    <trkpt lat="56.2116850" lon="15.2788580"></trkpt>
    <trkpt lat="56.2116480" lon="15.2790130"></trkpt>
    <trkpt lat="56.2115430" lon="15.2791070"></trkpt>
    <trkpt lat="56.2115020" lon="15.2791240"></trkpt>
    <trkpt lat="56.2114520" lon="15.2790900"></trkpt>
    <trkpt lat="56.2114520" lon="15.2790900"></trkpt>
    <trkpt lat="56.2114300" lon="15.2792990"></trkpt>
    <trkpt lat="56.2114140" lon="15.2793700"></trkpt>
    <trkpt lat="56.2114140" lon="15.2793700"></trkpt>
    <trkpt lat="56.2115540" lon="15.2795090"></trkpt>
    <trkpt lat="56.2115880" lon="15.2795580"></trkpt>
    <trkpt lat="56.2116180" lon="15.2797180"></trkpt>
    <trkpt lat="56.2116330" lon="15.2798890"></trkpt>
    <trkpt lat="56.2116460" lon="15.2800320"></trkpt>
    <trkpt lat="56.2116460" lon="15.2800320"></trkpt>
    <trkpt lat="56.2115880" lon="15.2800790"></trkpt>
    <trkpt lat="56.2115510" lon="15.2801390"></trkpt>
    <trkpt lat="56.2114390" lon="15.2802120"></trkpt>
    <trkpt lat="56.2114500" lon="15.2803280"></trkpt>
    <trkpt lat="56.2114630" lon="15.2804600"></trkpt>
    <trkpt lat="56.2113980" lon="15.2804880"></trkpt>
    <trkpt lat="56.2113570" lon="15.2805050"></trkpt>
    <trkpt lat="56.2112110" lon="15.2805620"></trkpt>
    <trkpt lat="56.2110680" lon="15.2806150"></trkpt>
    <trkpt lat="56.2110070" lon="15.2806370"></trkpt>
    <trkpt lat="56.2109970" lon="15.2806410"></trkpt>
    <trkpt lat="56.2109300" lon="15.2806680"></trkpt>
    <trkpt lat="56.2109070" lon="15.2806880"></trkpt>
    <trkpt lat="56.2108840" lon="15.2807100"></trkpt>
    <trkpt lat="56.2108200" lon="15.2807740"></trkpt>
    <trkpt lat="56.2107500" lon="15.2808690"></trkpt>
    <trkpt lat="56.2106700" lon="15.2810240"></trkpt>
    <trkpt lat="56.2105330" lon="15.2814350"></trkpt>
    <trkpt lat="56.2103960" lon="15.2818470"></trkpt>
    <trkpt lat="56.2103590" lon="15.2818020"></trkpt>
    <trkpt lat="56.2103590" lon="15.2818020"></trkpt>
    <trkpt lat="56.2102820" lon="15.2820130"></trkpt>
    <trkpt lat="56.2101870" lon="15.2822090"></trkpt>
    <trkpt lat="56.2101060" lon="15.2823300"></trkpt>
    <trkpt lat="56.2100090" lon="15.2824460"></trkpt>
    <trkpt lat="56.2099860" lon="15.2824690"></trkpt>
    <trkpt lat="56.2099010" lon="15.2825510"></trkpt>
    <trkpt lat="56.2097770" lon="15.2826300"></trkpt>
    <trkpt lat="56.2096430" lon="15.2826730"></trkpt>
    <trkpt lat="56.2095510" lon="15.2826720"></trkpt>
    <trkpt lat="56.2095230" lon="15.2826360"></trkpt>
    <trkpt lat="56.2094940" lon="15.2825890"></trkpt>
    <trkpt lat="56.2094500" lon="15.2825050"></trkpt>
    <trkpt lat="56.2094500" lon="15.2825050"></trkpt>
    <trkpt lat="56.2094040" lon="15.2825220"></trkpt>
    <trkpt lat="56.2093830" lon="15.2824800"></trkpt>
    <trkpt lat="56.2093570" lon="15.2824610"></trkpt>
    <trkpt lat="56.2092890" lon="15.2824750"></trkpt>
    <trkpt lat="56.2091190" lon="15.2823380"></trkpt>
    <trkpt lat="56.2088740" lon="15.2820470"></trkpt>
    <trkpt lat="56.2088120" lon="15.2819210"></trkpt>
    <trkpt lat="56.2086130" lon="15.2816330"></trkpt>
    <trkpt lat="56.2084170" lon="15.2813230"></trkpt>
    <trkpt lat="56.2083800" lon="15.2812550"></trkpt>
    <trkpt lat="56.2083670" lon="15.2812300"></trkpt>
    <trkpt lat="56.2082880" lon="15.2813540"></trkpt>
    <trkpt lat="56.2082430" lon="15.2813040"></trkpt>
    <trkpt lat="56.2082340" lon="15.2813390"></trkpt>
    <trkpt lat="56.2082220" lon="15.2813700"></trkpt>
    <trkpt lat="56.2082060" lon="15.2813960"></trkpt>
    <trkpt lat="56.2081890" lon="15.2814170"></trkpt>
    <trkpt lat="56.2081690" lon="15.2814310"></trkpt>
    <trkpt lat="56.2081480" lon="15.2814390"></trkpt>
    <trkpt lat="56.2081270" lon="15.2814400"></trkpt>
    <trkpt lat="56.2081060" lon="15.2814340"></trkpt>
    <trkpt lat="56.2080860" lon="15.2814210"></trkpt>
    <trkpt lat="56.2080680" lon="15.2814010"></trkpt>
    <trkpt lat="56.2080540" lon="15.2813790"></trkpt>
    <trkpt lat="56.2080410" lon="15.2813530"></trkpt>
    <trkpt lat="56.2080390" lon="15.2813460"></trkpt>
    <trkpt lat="56.2080320" lon="15.2813240"></trkpt>
    <trkpt lat="56.2080250" lon="15.2812920"></trkpt>
    <trkpt lat="56.2080210" lon="15.2812590"></trkpt>
    <trkpt lat="56.2080200" lon="15.2812250"></trkpt>
    <trkpt lat="56.2080230" lon="15.2811910"></trkpt>
    <trkpt lat="56.2080280" lon="15.2811580"></trkpt>
    <trkpt lat="56.2080370" lon="15.2811280"></trkpt>
    <trkpt lat="56.2080480" lon="15.2811000"></trkpt>
    <trkpt lat="56.2080610" lon="15.2810760"></trkpt>
    <trkpt lat="56.2080770" lon="15.2810570"></trkpt>
    <trkpt lat="56.2080940" lon="15.2810420"></trkpt>
    <trkpt lat="56.2081120" lon="15.2810320"></trkpt>
    <trkpt lat="56.2081300" lon="15.2810280"></trkpt>
    <trkpt lat="56.2081490" lon="15.2810290"></trkpt>
    <trkpt lat="56.2081680" lon="15.2810360"></trkpt>
    <trkpt lat="56.2081850" lon="15.2810490"></trkpt>
    <trkpt lat="56.2082170" lon="15.2809290"></trkpt>
    <trkpt lat="56.2082170" lon="15.2809290"></trkpt>
    <trkpt lat="56.2081990" lon="15.2809020"></trkpt>
    <trkpt lat="56.2081690" lon="15.2808950"></trkpt>
    <trkpt lat="56.2081460" lon="15.2809050"></trkpt>
    <trkpt lat="56.2081220" lon="15.2809120"></trkpt>
    <trkpt lat="56.2081030" lon="15.2809300"></trkpt>
    <trkpt lat="56.2080620" lon="15.2808400"></trkpt>
    <trkpt lat="56.2080210" lon="15.2807630"></trkpt>
    <trkpt lat="56.2078880" lon="15.2809420"></trkpt>
    <trkpt lat="56.2078320" lon="15.2809380"></trkpt>
    <trkpt lat="56.2075420" lon="15.2809270"></trkpt>
    <trkpt lat="56.2074280" lon="15.2809430"></trkpt>
    <trkpt lat="56.2071550" lon="15.2810440"></trkpt>
    <trkpt lat="56.2068000" lon="15.2812130"></trkpt>
    <trkpt lat="56.2066410" lon="15.2812920"></trkpt>
    <trkpt lat="56.2064030" lon="15.2814100"></trkpt>
    <trkpt lat="56.2062410" lon="15.2815440"></trkpt>
    <trkpt lat="56.2061350" lon="15.2816490"></trkpt>
    <trkpt lat="56.2060280" lon="15.2817490"></trkpt>
    <trkpt lat="56.2059010" lon="15.2818580"></trkpt>
    <trkpt lat="56.2058290" lon="15.2819250"></trkpt>
    <trkpt lat="56.2057070" lon="15.2820520"></trkpt>
    <trkpt lat="56.2055400" lon="15.2822090"></trkpt>
    <trkpt lat="56.2053190" lon="15.2823570"></trkpt>
    <trkpt lat="56.2051980" lon="15.2824210"></trkpt>
    <trkpt lat="56.2050900" lon="15.2824610"></trkpt>
    <trkpt lat="56.2049570" lon="15.2825000"></trkpt>
    <trkpt lat="56.2047080" lon="15.2825420"></trkpt>
    <trkpt lat="56.2044590" lon="15.2825830"></trkpt>
    <trkpt lat="56.2042150" lon="15.2826520"></trkpt>
    <trkpt lat="56.2039630" lon="15.2828290"></trkpt>
    <trkpt lat="56.2036870" lon="15.2830960"></trkpt>
    <trkpt lat="56.2035050" lon="15.2833120"></trkpt>
    <trkpt lat="56.2032670" lon="15.2836350"></trkpt>
    <trkpt lat="56.2030210" lon="15.2839950"></trkpt>
    <trkpt lat="56.2029110" lon="15.2841500"></trkpt>
    <trkpt lat="56.2026290" lon="15.2844920"></trkpt>
    <trkpt lat="56.2024380" lon="15.2847090"></trkpt>
    <trkpt lat="56.2022010" lon="15.2849300"></trkpt>
    <trkpt lat="56.2020570" lon="15.2850510"></trkpt>
    <trkpt lat="56.2018000" lon="15.2852330"></trkpt>
    <trkpt lat="56.2016270" lon="15.2853370"></trkpt>
    <trkpt lat="56.2012870" lon="15.2855440"></trkpt>
    <trkpt lat="56.2010820" lon="15.2856640"></trkpt>
    <trkpt lat="56.2009570" lon="15.2857280"></trkpt>
    <trkpt lat="56.2007420" lon="15.2858310"></trkpt>
    <trkpt lat="56.2005610" lon="15.2859280"></trkpt>
    <trkpt lat="56.2003650" lon="15.2860460"></trkpt>
    <trkpt lat="56.2002750" lon="15.2860940"></trkpt>
    <trkpt lat="56.2002260" lon="15.2861460"></trkpt>
    <trkpt lat="56.2002260" lon="15.2861460"></trkpt>
    <trkpt lat="56.2001760" lon="15.2861920"></trkpt>
    <trkpt lat="56.2001620" lon="15.2862500"></trkpt>
    <trkpt lat="56.2001360" lon="15.2863220"></trkpt>
    <trkpt lat="56.2000990" lon="15.2863790"></trkpt>
    <trkpt lat="56.1999740" lon="15.2865250"></trkpt>
    <trkpt lat="56.1996520" lon="15.2869110"></trkpt>
    <trkpt lat="56.1994150" lon="15.2872090"></trkpt>
    <trkpt lat="56.1991770" lon="15.2875080"></trkpt>
    <trkpt lat="56.1990720" lon="15.2876540"></trkpt>
    <trkpt lat="56.1990710" lon="15.2876550"></trkpt>
    <trkpt lat="56.1990030" lon="15.2877830"></trkpt>
    <trkpt lat="56.1989070" lon="15.2880110"></trkpt>
    <trkpt lat="56.1988320" lon="15.2882550"></trkpt>
    <trkpt lat="56.1984440" lon="15.2882600"></trkpt>
    <trkpt lat="56.1984400" lon="15.2882900"></trkpt>
    <trkpt lat="56.1984290" lon="15.2883160"></trkpt>
    <trkpt lat="56.1984140" lon="15.2883320"></trkpt>
    <trkpt lat="56.1983970" lon="15.2883370"></trkpt>
    <trkpt lat="56.1983840" lon="15.2883330"></trkpt>
    <trkpt lat="56.1983730" lon="15.2883220"></trkpt>
    <trkpt lat="56.1983640" lon="15.2883070"></trkpt>
    <trkpt lat="56.1983570" lon="15.2882870"></trkpt>
    <trkpt lat="56.1983120" lon="15.2883130"></trkpt>
    <trkpt lat="56.1982530" lon="15.2883470"></trkpt>
    <trkpt lat="56.1981470" lon="15.2884260"></trkpt>
    <trkpt lat="56.1979380" lon="15.2886030"></trkpt>
    <trkpt lat="56.1979380" lon="15.2886040"></trkpt>
    <trkpt lat="56.1977690" lon="15.2887470"></trkpt>
    <trkpt lat="56.1976260" lon="15.2888690"></trkpt>
    <trkpt lat="56.1974710" lon="15.2890370"></trkpt>
    <trkpt lat="56.1973200" lon="15.2892350"></trkpt>
    <trkpt lat="56.1972320" lon="15.2893710"></trkpt>
    <trkpt lat="56.1971480" lon="15.2895370"></trkpt>
    <trkpt lat="56.1971130" lon="15.2896030"></trkpt>
    <trkpt lat="56.1970840" lon="15.2896900"></trkpt>
    <trkpt lat="56.1970140" lon="15.2897770"></trkpt>
    <trkpt lat="56.1969300" lon="15.2899000"></trkpt>
    <trkpt lat="56.1967980" lon="15.2901700"></trkpt>
    <trkpt lat="56.1966760" lon="15.2904240"></trkpt>
    <trkpt lat="56.1964750" lon="15.2908470"></trkpt>
    <trkpt lat="56.1964750" lon="15.2908470"></trkpt>
    <trkpt lat="56.1963070" lon="15.2910540"></trkpt>
    <trkpt lat="56.1962280" lon="15.2911720"></trkpt>
    <trkpt lat="56.1962020" lon="15.2912290"></trkpt>
    <trkpt lat="56.1961980" lon="15.2912980"></trkpt>
    <trkpt lat="56.1962080" lon="15.2914180"></trkpt>
    <trkpt lat="56.1962080" lon="15.2914180"></trkpt>
    <trkpt lat="56.1958970" lon="15.2915070"></trkpt>
    <trkpt lat="56.1958970" lon="15.2915070"></trkpt>
    <trkpt lat="56.1956060" lon="15.2917270"></trkpt>
    <trkpt lat="56.1952540" lon="15.2920100"></trkpt>
    <trkpt lat="56.1950360" lon="15.2922070"></trkpt>
    <trkpt lat="56.1947650" lon="15.2924440"></trkpt>
    <trkpt lat="56.1944940" lon="15.2926800"></trkpt>
    <trkpt lat="56.1941410" lon="15.2930000"></trkpt>
    <trkpt lat="56.1942970" lon="15.2935380"></trkpt>
    <trkpt lat="56.1944530" lon="15.2940750"></trkpt>
    <trkpt lat="56.1942370" lon="15.2942840"></trkpt>
    <trkpt lat="56.1941410" lon="15.2943650"></trkpt>
    <trkpt lat="56.1940680" lon="15.2944250"></trkpt>
    <trkpt lat="56.1939140" lon="15.2945600"></trkpt>
    <trkpt lat="56.1937920" lon="15.2946510"></trkpt>
    <trkpt lat="56.1937200" lon="15.2946910"></trkpt>
    <trkpt lat="56.1936620" lon="15.2947200"></trkpt>
    <trkpt lat="56.1935710" lon="15.2947340"></trkpt>
    <trkpt lat="56.1934910" lon="15.2947390"></trkpt>
    <trkpt lat="56.1934060" lon="15.2947340"></trkpt>
    <trkpt lat="56.1932390" lon="15.2947010"></trkpt>
    <trkpt lat="56.1931400" lon="15.2946690"></trkpt>
    <trkpt lat="56.1930290" lon="15.2946430"></trkpt>
    <trkpt lat="56.1928740" lon="15.2946080"></trkpt>
    <trkpt lat="56.1927790" lon="15.2945900"></trkpt>
    <trkpt lat="56.1924860" lon="15.2945890"></trkpt>
    <trkpt lat="56.1922200" lon="15.2946090"></trkpt>
    <trkpt lat="56.1918890" lon="15.2946960"></trkpt>
    <trkpt lat="56.1915590" lon="15.2947830"></trkpt>
    <trkpt lat="56.1913980" lon="15.2948250"></trkpt>
    <trkpt lat="56.1912120" lon="15.2948640"></trkpt>
    <trkpt lat="56.1910910" lon="15.2948900"></trkpt>
    <trkpt lat="56.1907850" lon="15.2949550"></trkpt>
    <trkpt lat="56.1907850" lon="15.2949550"></trkpt>
    <trkpt lat="56.1907530" lon="15.2952090"></trkpt>
    <trkpt lat="56.1907370" lon="15.2958460"></trkpt>
    <trkpt lat="56.1907970" lon="15.2963030"></trkpt>
    <trkpt lat="56.1908510" lon="15.2967240"></trkpt>
    <trkpt lat="56.1908560" lon="15.2967610"></trkpt>
    <trkpt lat="56.1908920" lon="15.2972130"></trkpt>
    <trkpt lat="56.1909230" lon="15.2973760"></trkpt>
    <trkpt lat="56.1910860" lon="15.2979660"></trkpt>
    <trkpt lat="56.1911710" lon="15.2986140"></trkpt>
    <trkpt lat="56.1912440" lon="15.2988110"></trkpt>
    <trkpt lat="56.1914380" lon="15.2991460"></trkpt>
    <trkpt lat="56.1914820" lon="15.2992210"></trkpt>
    <trkpt lat="56.1916820" lon="15.2994290"></trkpt>
    <trkpt lat="56.1917530" lon="15.2995180"></trkpt>
    <trkpt lat="56.1918550" lon="15.2996450"></trkpt>
    <trkpt lat="56.1919310" lon="15.2996800"></trkpt>
    <trkpt lat="56.1920590" lon="15.2996890"></trkpt>
    <trkpt lat="56.1922110" lon="15.2997000"></trkpt>
    <trkpt lat="56.1924120" lon="15.2995490"></trkpt>
    <trkpt lat="56.1924640" lon="15.2995320"></trkpt>
    <trkpt lat="56.1927980" lon="15.2996270"></trkpt>
    <trkpt lat="56.1927340" lon="15.3000750"></trkpt>
    <trkpt lat="56.1927130" lon="15.3005000"></trkpt>
    <trkpt lat="56.1926920" lon="15.3009240"></trkpt>
    <trkpt lat="56.1926960" lon="15.3010470"></trkpt>
    <trkpt lat="56.1927190" lon="15.3011620"></trkpt>
    <trkpt lat="56.1928070" lon="15.3014840"></trkpt>
    <trkpt lat="56.1928700" lon="15.3019960"></trkpt>
    <trkpt lat="56.1930240" lon="15.3024540"></trkpt>
    <trkpt lat="56.1930730" lon="15.3025350"></trkpt>
    <trkpt lat="56.1933260" lon="15.3026860"></trkpt>
    <trkpt lat="56.1935790" lon="15.3028370"></trkpt>
    <trkpt lat="56.1938910" lon="15.3032110"></trkpt>
    <trkpt lat="56.1939460" lon="15.3033140"></trkpt>
    <trkpt lat="56.1939800" lon="15.3034400"></trkpt>
    <trkpt lat="56.1940200" lon="15.3037010"></trkpt>
    <trkpt lat="56.1941040" lon="15.3039590"></trkpt>
    <trkpt lat="56.1941770" lon="15.3041200"></trkpt>
    <trkpt lat="56.1943090" lon="15.3043150"></trkpt>
    <trkpt lat="56.1944880" lon="15.3049140"></trkpt>
    <trkpt lat="56.1945910" lon="15.3056400"></trkpt>
    <trkpt lat="56.1946090" lon="15.3060380"></trkpt>
    <trkpt lat="56.1946380" lon="15.3061240"></trkpt>
    <trkpt lat="56.1946670" lon="15.3061640"></trkpt>
    <trkpt lat="56.1947380" lon="15.3062200"></trkpt>
    <trkpt lat="56.1951210" lon="15.3065310"></trkpt>
    <trkpt lat="56.1953460" lon="15.3067140"></trkpt>
    <trkpt lat="56.1956440" lon="15.3069560"></trkpt>
    <trkpt lat="56.1959420" lon="15.3071980"></trkpt>
    <trkpt lat="56.1963110" lon="15.3074940"></trkpt>
    <trkpt lat="56.1966800" lon="15.3077910"></trkpt>
    <trkpt lat="56.1969210" lon="15.3079930"></trkpt>
    <trkpt lat="56.1972620" lon="15.3082630"></trkpt>
    <trkpt lat="56.1974800" lon="15.3084420"></trkpt>
    <trkpt lat="56.1976500" lon="15.3085780"></trkpt>
    <trkpt lat="56.1976720" lon="15.3085950"></trkpt>
    <trkpt lat="56.1976540" lon="15.3086740"></trkpt>
    <trkpt lat="56.1976540" lon="15.3086740"></trkpt>
    <trkpt lat="56.1978530" lon="15.3088310"></trkpt>
    <trkpt lat="56.1977530" lon="15.3094270"></trkpt>
    <trkpt lat="56.1977530" lon="15.3094270"></trkpt>
    <trkpt lat="56.1979180" lon="15.3095210"></trkpt>
    <trkpt lat="56.1979800" lon="15.3095780"></trkpt>
    <trkpt lat="56.1980260" lon="15.3096550"></trkpt>
    <trkpt lat="56.1980490" lon="15.3097470"></trkpt>
    <trkpt lat="56.1980850" lon="15.3099470"></trkpt>
    <trkpt lat="56.1981150" lon="15.3101200"></trkpt>
    <trkpt lat="56.1981810" lon="15.3103990"></trkpt>
    <trkpt lat="56.1983390" lon="15.3108980"></trkpt>
    <trkpt lat="56.1985060" lon="15.3114490"></trkpt>
    <trkpt lat="56.1985720" lon="15.3115750"></trkpt>
    <trkpt lat="56.1987030" lon="15.3117620"></trkpt>
    <trkpt lat="56.1988760" lon="15.3119440"></trkpt>
    <trkpt lat="56.1990930" lon="15.3122000"></trkpt>
    <trkpt lat="56.1992900" lon="15.3124130"></trkpt>
    <trkpt lat="56.1992900" lon="15.3124130"></trkpt>
    <trkpt lat="56.1997230" lon="15.3125060"></trkpt>
    <trkpt lat="56.2000760" lon="15.3126350"></trkpt>
    <trkpt lat="56.2004290" lon="15.3127650"></trkpt>
    <trkpt lat="56.2006300" lon="15.3128610"></trkpt>
    <trkpt lat="56.2007570" lon="15.3129190"></trkpt>
    <trkpt lat="56.2008410" lon="15.3128950"></trkpt>
    <trkpt lat="56.2008810" lon="15.3127800"></trkpt>
    <trkpt lat="56.2008730" lon="15.3125410"></trkpt>
    <trkpt lat="56.2008590" lon="15.3122850"></trkpt>
    <trkpt lat="56.2008680" lon="15.3121400"></trkpt>
    <trkpt lat="56.2008870" lon="15.3120340"></trkpt>
    <trkpt lat="56.2009420" lon="15.3119080"></trkpt>
    <trkpt lat="56.2009900" lon="15.3118810"></trkpt>
    <trkpt lat="56.2010410" lon="15.3118780"></trkpt>
    <trkpt lat="56.2011020" lon="15.3119290"></trkpt>
    <trkpt lat="56.2011550" lon="15.3120530"></trkpt>
    <trkpt lat="56.2012060" lon="15.3122970"></trkpt>
    <trkpt lat="56.2012150" lon="15.3126130"></trkpt>
    <trkpt lat="56.2012140" lon="15.3128010"></trkpt>
    <trkpt lat="56.2012650" lon="15.3129540"></trkpt>
    <trkpt lat="56.2013370" lon="15.3130500"></trkpt>
    <trkpt lat="56.2014280" lon="15.3131020"></trkpt>
    <trkpt lat="56.2015350" lon="15.3131510"></trkpt>
    <trkpt lat="56.2016240" lon="15.3132380"></trkpt>
    <trkpt lat="56.2016950" lon="15.3133830"></trkpt>
    <trkpt lat="56.2017140" lon="15.3135030"></trkpt>
    <trkpt lat="56.2017310" lon="15.3137830"></trkpt>
    <trkpt lat="56.2017180" lon="15.3140080"></trkpt>
    <trkpt lat="56.2017180" lon="15.3143610"></trkpt>
    <trkpt lat="56.2017430" lon="15.3146280"></trkpt>
    <trkpt lat="56.2017890" lon="15.3148660"></trkpt>
    <trkpt lat="56.2019190" lon="15.3152930"></trkpt>
    <trkpt lat="56.2020970" lon="15.3159060"></trkpt>
    <trkpt lat="56.2022430" lon="15.3163310"></trkpt>
    <trkpt lat="56.2023850" lon="15.3167800"></trkpt>
    <trkpt lat="56.2025270" lon="15.3172290"></trkpt>
    <trkpt lat="56.2025770" lon="15.3173600"></trkpt>
    <trkpt lat="56.2026460" lon="15.3174470"></trkpt>
    <trkpt lat="56.2027180" lon="15.3175460"></trkpt>
    <trkpt lat="56.2027840" lon="15.3176490"></trkpt>
    <trkpt lat="56.2028670" lon="15.3178230"></trkpt>
    <trkpt lat="56.2029080" lon="15.3179700"></trkpt>
    <trkpt lat="56.2029080" lon="15.3179700"></trkpt>
    <trkpt lat="56.2029670" lon="15.3185580"></trkpt>
    <trkpt lat="56.2030130" lon="15.3192280"></trkpt>
    <trkpt lat="56.2030520" lon="15.3195580"></trkpt>
    <trkpt lat="56.2030950" lon="15.3197690"></trkpt>
    <trkpt lat="56.2032490" lon="15.3202040"></trkpt>
    <trkpt lat="56.2034990" lon="15.3208150"></trkpt>
    <trkpt lat="56.2036210" lon="15.3209460"></trkpt>
    <trkpt lat="56.2037280" lon="15.3209920"></trkpt>
    <trkpt lat="56.2037250" lon="15.3211020"></trkpt>
    <trkpt lat="56.2037280" lon="15.3212630"></trkpt>
    <trkpt lat="56.2037590" lon="15.3214430"></trkpt>
    <trkpt lat="56.2039540" lon="15.3220730"></trkpt>
    <trkpt lat="56.2040760" lon="15.3224690"></trkpt>
    <trkpt lat="56.2041980" lon="15.3228650"></trkpt>
    <trkpt lat="56.2042250" lon="15.3229870"></trkpt>
    <trkpt lat="56.2042450" lon="15.3231340"></trkpt>
    <trkpt lat="56.2042480" lon="15.3232150"></trkpt>
    <trkpt lat="56.2042450" lon="15.3233060"></trkpt>
    <trkpt lat="56.2042400" lon="15.3234410"></trkpt>
    <trkpt lat="56.2042090" lon="15.3236170"></trkpt>
    <trkpt lat="56.2042040" lon="15.3236870"></trkpt>
    <trkpt lat="56.2042140" lon="15.3237550"></trkpt>
    <trkpt lat="56.2042700" lon="15.3239500"></trkpt>
    <trkpt lat="56.2043210" lon="15.3240820"></trkpt>
    <trkpt lat="56.2044920" lon="15.3243860"></trkpt>
    <trkpt lat="56.2047160" lon="15.3247260"></trkpt>
    <trkpt lat="56.2049410" lon="15.3250670"></trkpt>
    <trkpt lat="56.2049990" lon="15.3251930"></trkpt>
    <trkpt lat="56.2050160" lon="15.3252580"></trkpt>
    <trkpt lat="56.2050290" lon="15.3253460"></trkpt>
    <trkpt lat="56.2050470" lon="15.3255040"></trkpt>
    <trkpt lat="56.2050850" lon="15.3261720"></trkpt>
    <trkpt lat="56.2051230" lon="15.3268400"></trkpt>
    <trkpt lat="56.2051610" lon="15.3275090"></trkpt>
    <trkpt lat="56.2051990" lon="15.3281770"></trkpt>
    <trkpt lat="56.2052360" lon="15.3287960"></trkpt>
    <trkpt lat="56.2052730" lon="15.3294160"></trkpt>
    <trkpt lat="56.2053110" lon="15.3300360"></trkpt>
    <trkpt lat="56.2053480" lon="15.3306550"></trkpt>
    <trkpt lat="56.2053540" lon="15.3307800"></trkpt>
    <trkpt lat="56.2053440" lon="15.3308690"></trkpt>
    <trkpt lat="56.2053330" lon="15.3310620"></trkpt>
    <trkpt lat="56.2053190" lon="15.3311670"></trkpt>
    <trkpt lat="56.2052760" lon="15.3312630"></trkpt>
    <trkpt lat="56.2051520" lon="15.3314980"></trkpt>
    <trkpt lat="56.2050740" lon="15.3317470"></trkpt>
    <trkpt lat="56.2050200" lon="15.3319200"></trkpt>
    <trkpt lat="56.2049350" lon="15.3320560"></trkpt>
    <trkpt lat="56.2048700" lon="15.3321280"></trkpt>
    <trkpt lat="56.2047350" lon="15.3321850"></trkpt>
    <trkpt lat="56.2045740" lon="15.3322600"></trkpt>
    <trkpt lat="56.2044660" lon="15.3323070"></trkpt>
    <trkpt lat="56.2043920" lon="15.3323120"></trkpt>
    <trkpt lat="56.2042550" lon="15.3327610"></trkpt>
    <trkpt lat="56.2042820" lon="15.3329000"></trkpt>
    <trkpt lat="56.2043950" lon="15.3332500"></trkpt>
    <trkpt lat="56.2045070" lon="15.3336000"></trkpt>
    <trkpt lat="56.2046590" lon="15.3339590"></trkpt>
    <trkpt lat="56.2049500" lon="15.3345320"></trkpt>
    <trkpt lat="56.2050310" lon="15.3347630"></trkpt>
    <trkpt lat="56.2051160" lon="15.3350980"></trkpt>
    <trkpt lat="56.2051750" lon="15.3352410"></trkpt>
    <trkpt lat="56.2053920" lon="15.3356380"></trkpt>
    <trkpt lat="56.2055380" lon="15.3358940"></trkpt>
    <trkpt lat="56.2055830" lon="15.3360350"></trkpt>
    <trkpt lat="56.2056130" lon="15.3362520"></trkpt>
    <trkpt lat="56.2056630" lon="15.3370180"></trkpt>
    <trkpt lat="56.2057230" lon="15.3374880"></trkpt>
    <trkpt lat="56.2057280" lon="15.3376630"></trkpt>
    <trkpt lat="56.2056980" lon="15.3382230"></trkpt>
    <trkpt lat="56.2056540" lon="15.3386010"></trkpt>
    <trkpt lat="56.2056490" lon="15.3387590"></trkpt>
    <trkpt lat="56.2056780" lon="15.3389430"></trkpt>
    <trkpt lat="56.2058790" lon="15.3395490"></trkpt>
    <trkpt lat="56.2059720" lon="15.3400030"></trkpt>
    <trkpt lat="56.2060310" lon="15.3403630"></trkpt>
    <trkpt lat="56.2060690" lon="15.3407540"></trkpt>
    <trkpt lat="56.2060570" lon="15.3410540"></trkpt>
    <trkpt lat="56.2060670" lon="15.3412130"></trkpt>
    <trkpt lat="56.2061770" lon="15.3418400"></trkpt>
    <trkpt lat="56.2061770" lon="15.3418400"></trkpt>
    <trkpt lat="56.2065100" lon="15.3420030"></trkpt>
    <trkpt lat="56.2069130" lon="15.3423290"></trkpt>
    <trkpt lat="56.2069980" lon="15.3423890"></trkpt>
    <trkpt lat="56.2071950" lon="15.3427240"></trkpt>
    <trkpt lat="56.2073040" lon="15.3429890"></trkpt>
    <trkpt lat="56.2073630" lon="15.3431800"></trkpt>
    <trkpt lat="56.2075130" lon="15.3438260"></trkpt>
    <trkpt lat="56.2076630" lon="15.3444720"></trkpt>
    <trkpt lat="56.2078130" lon="15.3451180"></trkpt>
    <trkpt lat="56.2079110" lon="15.3454810"></trkpt>
    <trkpt lat="56.2080150" lon="15.3457860"></trkpt>
    <trkpt lat="56.2081180" lon="15.3460200"></trkpt>
    <trkpt lat="56.2082940" lon="15.3463250"></trkpt>
    <trkpt lat="56.2084700" lon="15.3466300"></trkpt>
    <trkpt lat="56.2087900" lon="15.3470700"></trkpt>
    <trkpt lat="56.2090380" lon="15.3473560"></trkpt>
    <trkpt lat="56.2093410" lon="15.3476740"></trkpt>
    <trkpt lat="56.2096440" lon="15.3479920"></trkpt>
    <trkpt lat="56.2099470" lon="15.3483100"></trkpt>
    <trkpt lat="56.2102790" lon="15.3486590"></trkpt>
    <trkpt lat="56.2105210" lon="15.3489510"></trkpt>
    <trkpt lat="56.2107630" lon="15.3492430"></trkpt>
    <trkpt lat="56.2110500" lon="15.3495870"></trkpt>
    <trkpt lat="56.2113360" lon="15.3499320"></trkpt>
    <trkpt lat="56.2116220" lon="15.3502770"></trkpt>
    <trkpt lat="56.2119200" lon="15.3507960"></trkpt>
    <trkpt lat="56.2120770" lon="15.3511320"></trkpt>
    <trkpt lat="56.2122340" lon="15.3514680"></trkpt>
    <trkpt lat="56.2124250" lon="15.3518770"></trkpt>
    <trkpt lat="56.2126170" lon="15.3522870"></trkpt>
    <trkpt lat="56.2128100" lon="15.3526440"></trkpt>
    <trkpt lat="56.2129240" lon="15.3528120"></trkpt>
    <trkpt lat="56.2132640" lon="15.3531290"></trkpt>
    <trkpt lat="56.2136230" lon="15.3533650"></trkpt>
    <trkpt lat="56.2139830" lon="15.3536020"></trkpt>
    <trkpt lat="56.2143420" lon="15.3538380"></trkpt>
    <trkpt lat="56.2145190" lon="15.3539980"></trkpt>
    <trkpt lat="56.2146480" lon="15.3541140"></trkpt>
    <trkpt lat="56.2149670" lon="15.3544900"></trkpt>
    <trkpt lat="56.2152850" lon="15.3548650"></trkpt>
    <trkpt lat="56.2156040" lon="15.3552410"></trkpt>
    <trkpt lat="56.2159220" lon="15.3556170"></trkpt>
    <trkpt lat="56.2161600" lon="15.3559430"></trkpt>
    <trkpt lat="56.2162780" lon="15.3561590"></trkpt>
    <trkpt lat="56.2163910" lon="15.3564410"></trkpt>
    <trkpt lat="56.2165230" lon="15.3569050"></trkpt>
    <trkpt lat="56.2166730" lon="15.3574480"></trkpt>
    <trkpt lat="56.2168240" lon="15.3579920"></trkpt>
    <trkpt lat="56.2169630" lon="15.3586130"></trkpt>
    <trkpt lat="56.2170110" lon="15.3591680"></trkpt>
    <trkpt lat="56.2170160" lon="15.3595160"></trkpt>
    <trkpt lat="56.2170670" lon="15.3599290"></trkpt>
    <trkpt lat="56.2171170" lon="15.3603420"></trkpt>
    <trkpt lat="56.2171830" lon="15.3609040"></trkpt>
    <trkpt lat="56.2172350" lon="15.3613240"></trkpt>
    <trkpt lat="56.2172860" lon="15.3617450"></trkpt>
    <trkpt lat="56.2173420" lon="15.3621310"></trkpt>
    <trkpt lat="56.2173910" lon="15.3623310"></trkpt>
    <trkpt lat="56.2174830" lon="15.3625680"></trkpt>
    <trkpt lat="56.2175710" lon="15.3627540"></trkpt>
    <trkpt lat="56.2176230" lon="15.3628400"></trkpt>
    <trkpt lat="56.2177950" lon="15.3631060"></trkpt>
    <trkpt lat="56.2179990" lon="15.3634640"></trkpt>
    <trkpt lat="56.2181100" lon="15.3637150"></trkpt>
    <trkpt lat="56.2182160" lon="15.3640330"></trkpt>
    <trkpt lat="56.2182410" lon="15.3641440"></trkpt>
    <trkpt lat="56.2183380" lon="15.3646450"></trkpt>
    <trkpt lat="56.2184410" lon="15.3652280"></trkpt>
    <trkpt lat="56.2185000" lon="15.3656470"></trkpt>
    <trkpt lat="56.2185590" lon="15.3660660"></trkpt>
    <trkpt lat="56.2185910" lon="15.3663730"></trkpt>
    <trkpt lat="56.2186170" lon="15.3666180"></trkpt>
    <trkpt lat="56.2186350" lon="15.3668150"></trkpt>
    <trkpt lat="56.2186740" lon="15.3671680"></trkpt>
    <trkpt lat="56.2187960" lon="15.3677430"></trkpt>
    <trkpt lat="56.2189100" lon="15.3681980"></trkpt>
    <trkpt lat="56.2190240" lon="15.3686530"></trkpt>
    <trkpt lat="56.2191750" lon="15.3692270"></trkpt>
    <trkpt lat="56.2193260" lon="15.3698020"></trkpt>
    <trkpt lat="56.2194760" lon="15.3703770"></trkpt>
    <trkpt lat="56.2196270" lon="15.3709510"></trkpt>
    <trkpt lat="56.2197620" lon="15.3715530"></trkpt>
    <trkpt lat="56.2198960" lon="15.3721540"></trkpt>
    <trkpt lat="56.2199580" lon="15.3724310"></trkpt>
    <trkpt lat="56.2200310" lon="15.3727550"></trkpt>
    <trkpt lat="56.2201750" lon="15.3734060"></trkpt>
    <trkpt lat="56.2203190" lon="15.3740570"></trkpt>
    <trkpt lat="56.2204800" lon="15.3747440"></trkpt>
    <trkpt lat="56.2206410" lon="15.3754300"></trkpt>
    <trkpt lat="56.2207860" lon="15.3761260"></trkpt>
    <trkpt lat="56.2209310" lon="15.3768230"></trkpt>
    <trkpt lat="56.2210760" lon="15.3775190"></trkpt>
    <trkpt lat="56.2212210" lon="15.3782160"></trkpt>
    <trkpt lat="56.2213660" lon="15.3789120"></trkpt>
    <trkpt lat="56.2215080" lon="15.3795930"></trkpt>
    <trkpt lat="56.2216510" lon="15.3802750"></trkpt>
    <trkpt lat="56.2217830" lon="15.3808890"></trkpt>
    <trkpt lat="56.2219140" lon="15.3815030"></trkpt>
    <trkpt lat="56.2220460" lon="15.3821170"></trkpt>
    <trkpt lat="56.2221780" lon="15.3827320"></trkpt>
    <trkpt lat="56.2223100" lon="15.3833460"></trkpt>
    <trkpt lat="56.2223830" lon="15.3837290"></trkpt>
    <trkpt lat="56.2224220" lon="15.3842040"></trkpt>
    <trkpt lat="56.2224440" lon="15.3845960"></trkpt>
    <trkpt lat="56.2224510" lon="15.3851790"></trkpt>
    <trkpt lat="56.2224200" lon="15.3857490"></trkpt>
    <trkpt lat="56.2223340" lon="15.3862340"></trkpt>
    <trkpt lat="56.2222300" lon="15.3870150"></trkpt>
    <trkpt lat="56.2221260" lon="15.3877960"></trkpt>
    <trkpt lat="56.2220220" lon="15.3885760"></trkpt>
    <trkpt lat="56.2219180" lon="15.3893570"></trkpt>
    <trkpt lat="56.2218140" lon="15.3901370"></trkpt>
    <trkpt lat="56.2217100" lon="15.3909180"></trkpt>
    <trkpt lat="56.2216060" lon="15.3916980"></trkpt>
    <trkpt lat="56.2215090" lon="15.3921010"></trkpt>
    <trkpt lat="56.2214260" lon="15.3924250"></trkpt>
    <trkpt lat="56.2212420" lon="15.3930650"></trkpt>
    <trkpt lat="56.2210590" lon="15.3937050"></trkpt>
    <trkpt lat="56.2209000" lon="15.3942700"></trkpt>
    <trkpt lat="56.2207420" lon="15.3948360"></trkpt>
    <trkpt lat="56.2205830" lon="15.3954020"></trkpt>
    <trkpt lat="56.2204290" lon="15.3959130"></trkpt>
    <trkpt lat="56.2202750" lon="15.3964230"></trkpt>
    <trkpt lat="56.2201210" lon="15.3969340"></trkpt>
    <trkpt lat="56.2199780" lon="15.3975130"></trkpt>
    <trkpt lat="56.2199280" lon="15.3978750"></trkpt>
    <trkpt lat="56.2199220" lon="15.3982540"></trkpt>
    <trkpt lat="56.2199850" lon="15.3988080"></trkpt>
    <trkpt lat="56.2200480" lon="15.3993630"></trkpt>
    <trkpt lat="56.2200730" lon="15.3997640"></trkpt>
    <trkpt lat="56.2200670" lon="15.4000630"></trkpt>
    <trkpt lat="56.2200470" lon="15.4003520"></trkpt>
    <trkpt lat="56.2200290" lon="15.4005660"></trkpt>
    <trkpt lat="56.2199760" lon="15.4008760"></trkpt>
    <trkpt lat="56.2198870" lon="15.4011640"></trkpt>
    <trkpt lat="56.2197620" lon="15.4014130"></trkpt>
    <trkpt lat="56.2195970" lon="15.4017030"></trkpt>
    <trkpt lat="56.2194330" lon="15.4019930"></trkpt>
    <trkpt lat="56.2196310" lon="15.4023510"></trkpt>
    <trkpt lat="56.2198030" lon="15.4026930"></trkpt>
    <trkpt lat="56.2199750" lon="15.4030350"></trkpt>
    <trkpt lat="56.2201420" lon="15.4033680"></trkpt>
    <trkpt lat="56.2202060" lon="15.4034930"></trkpt>
    <trkpt lat="56.2202830" lon="15.4036460"></trkpt>
    <trkpt lat="56.2205620" lon="15.4041390"></trkpt>
    <trkpt lat="56.2208410" lon="15.4046320"></trkpt>
    <trkpt lat="56.2211520" lon="15.4050700"></trkpt>
    <trkpt lat="56.2214280" lon="15.4053730"></trkpt>
    <trkpt lat="56.2215960" lon="15.4055170"></trkpt>
    <trkpt lat="56.2215450" lon="15.4059970"></trkpt>
    <trkpt lat="56.2214780" lon="15.4065270"></trkpt>
    <trkpt lat="56.2214210" lon="15.4069750"></trkpt>
    <trkpt lat="56.2214100" lon="15.4070580"></trkpt>
    <trkpt lat="56.2213300" lon="15.4077890"></trkpt>
    <trkpt lat="56.2213150" lon="15.4079240"></trkpt>
    <trkpt lat="56.2213150" lon="15.4079240"></trkpt>
    <trkpt lat="56.2216450" lon="15.4080240"></trkpt>
    <trkpt lat="56.2219740" lon="15.4081240"></trkpt>
    <trkpt lat="56.2222910" lon="15.4082370"></trkpt>
    <trkpt lat="56.2226070" lon="15.4083500"></trkpt>
    <trkpt lat="56.2229240" lon="15.4084630"></trkpt>
    <trkpt lat="56.2232460" lon="15.4085740"></trkpt>
    <trkpt lat="56.2235690" lon="15.4086850"></trkpt>
    <trkpt lat="56.2238920" lon="15.4087960"></trkpt>
    <trkpt lat="56.2241390" lon="15.4088900"></trkpt>
    <trkpt lat="56.2243860" lon="15.4089850"></trkpt>
    <trkpt lat="56.2244670" lon="15.4089980"></trkpt>
    <trkpt lat="56.2245290" lon="15.4089820"></trkpt>
    <trkpt lat="56.2246400" lon="15.4088940"></trkpt>
    <trkpt lat="56.2247040" lon="15.4088760"></trkpt>
    <trkpt lat="56.2247810" lon="15.4088820"></trkpt>
    <trkpt lat="56.2248910" lon="15.4088980"></trkpt>
    <trkpt lat="56.2250620" lon="15.4089570"></trkpt>
    <trkpt lat="56.2253940" lon="15.4090630"></trkpt>
    <trkpt lat="56.2255180" lon="15.4091190"></trkpt>
    <trkpt lat="56.2254410" lon="15.4096530"></trkpt>
    <trkpt lat="56.2253630" lon="15.4101860"></trkpt>
    <trkpt lat="56.2252730" lon="15.4107420"></trkpt>
    <trkpt lat="56.2251830" lon="15.4112970"></trkpt>
    <trkpt lat="56.2250930" lon="15.4118530"></trkpt>
    <trkpt lat="56.2250480" lon="15.4120260"></trkpt>
    <trkpt lat="56.2250040" lon="15.4121260"></trkpt>
    <trkpt lat="56.2248410" lon="15.4124370"></trkpt>
    <trkpt lat="56.2246770" lon="15.4127470"></trkpt>
    <trkpt lat="56.2245950" lon="15.4129170"></trkpt>
    <trkpt lat="56.2245370" lon="15.4131500"></trkpt>
    <trkpt lat="56.2244520" lon="15.4135050"></trkpt>
    <trkpt lat="56.2243410" lon="15.4141560"></trkpt>
    <trkpt lat="56.2243410" lon="15.4141560"></trkpt>
    <trkpt lat="56.2244020" lon="15.4142960"></trkpt>
    <trkpt lat="56.2244020" lon="15.4142960"></trkpt>
    <trkpt lat="56.2245400" lon="15.4142100"></trkpt>
    <trkpt lat="56.2246040" lon="15.4141550"></trkpt>
    <trkpt lat="56.2246250" lon="15.4140960"></trkpt>
    <trkpt lat="56.2246330" lon="15.4140280"></trkpt>
    <trkpt lat="56.2246390" lon="15.4139480"></trkpt>
    <trkpt lat="56.2246530" lon="15.4137100"></trkpt>
    <trkpt lat="56.2246840" lon="15.4134360"></trkpt>
    <trkpt lat="56.2246880" lon="15.4134070"></trkpt>
    <trkpt lat="56.2246840" lon="15.4134360"></trkpt>
    <trkpt lat="56.2246530" lon="15.4137100"></trkpt>
    <trkpt lat="56.2246390" lon="15.4139480"></trkpt>
    <trkpt lat="56.2246330" lon="15.4140280"></trkpt>
    <trkpt lat="56.2246250" lon="15.4140960"></trkpt>
    <trkpt lat="56.2246040" lon="15.4141550"></trkpt>
    <trkpt lat="56.2245400" lon="15.4142100"></trkpt>
    <trkpt lat="56.2244020" lon="15.4142960"></trkpt>
    <trkpt lat="56.2244020" lon="15.4142960"></trkpt>
    <trkpt lat="56.2243410" lon="15.4141560"></trkpt>
    <trkpt lat="56.2242740" lon="15.4140530"></trkpt>
    <trkpt lat="56.2242160" lon="15.4139830"></trkpt>
    <trkpt lat="56.2241090" lon="15.4138710"></trkpt>
    <trkpt lat="56.2240140" lon="15.4138080"></trkpt>
    <trkpt lat="56.2238950" lon="15.4137410"></trkpt>
    <trkpt lat="56.2236650" lon="15.4136410"></trkpt>
    <trkpt lat="56.2234060" lon="15.4135310"></trkpt>
    <trkpt lat="56.2232090" lon="15.4134800"></trkpt>
    <trkpt lat="56.2229980" lon="15.4134790"></trkpt>
    <trkpt lat="56.2228270" lon="15.4134790"></trkpt>
    <trkpt lat="56.2224490" lon="15.4134880"></trkpt>
    <trkpt lat="56.2220950" lon="15.4135100"></trkpt>
    <trkpt lat="56.2218070" lon="15.4135520"></trkpt>
    <trkpt lat="56.2216730" lon="15.4135640"></trkpt>
    <trkpt lat="56.2213710" lon="15.4135930"></trkpt>
    <trkpt lat="56.2210680" lon="15.4136210"></trkpt>
    <trkpt lat="56.2209020" lon="15.4136190"></trkpt>
    <trkpt lat="56.2207600" lon="15.4135860"></trkpt>
    <trkpt lat="56.2205950" lon="15.4134990"></trkpt>
    <trkpt lat="56.2204270" lon="15.4133730"></trkpt>
    <trkpt lat="56.2203070" lon="15.4132750"></trkpt>
    <trkpt lat="56.2202940" lon="15.4132640"></trkpt>
    <trkpt lat="56.2201130" lon="15.4131050"></trkpt>
    <trkpt lat="56.2199860" lon="15.4130120"></trkpt>
    <trkpt lat="56.2199040" lon="15.4129630"></trkpt>
    <trkpt lat="56.2197490" lon="15.4128840"></trkpt>
    <trkpt lat="56.2195150" lon="15.4127980"></trkpt>
    <trkpt lat="56.2192770" lon="15.4127250"></trkpt>
    <trkpt lat="56.2190400" lon="15.4126530"></trkpt>
    <trkpt lat="56.2189210" lon="15.4125970"></trkpt>
    <trkpt lat="56.2187860" lon="15.4125360"></trkpt>
    <trkpt lat="56.2186540" lon="15.4124660"></trkpt>
    <trkpt lat="56.2186230" lon="15.4124490"></trkpt>
    <trkpt lat="56.2184740" lon="15.4123590"></trkpt>
    <trkpt lat="56.2181180" lon="15.4121290"></trkpt>
    <trkpt lat="56.2181180" lon="15.4121290"></trkpt>
    <trkpt lat="56.2181330" lon="15.4120620"></trkpt>
    <trkpt lat="56.2178390" lon="15.4118440"></trkpt>
    <trkpt lat="56.2176750" lon="15.4117150"></trkpt>
    <trkpt lat="56.2175750" lon="15.4116340"></trkpt>
    <trkpt lat="56.2172900" lon="15.4114020"></trkpt>
    <trkpt lat="56.2172440" lon="15.4113530"></trkpt>
    <trkpt lat="56.2171750" lon="15.4112960"></trkpt>
    <trkpt lat="56.2170450" lon="15.4111850"></trkpt>
    <trkpt lat="56.2168650" lon="15.4110500"></trkpt>
    <trkpt lat="56.2166130" lon="15.4108520"></trkpt>
    <trkpt lat="56.2163500" lon="15.4106490"></trkpt>
    <trkpt lat="56.2161510" lon="15.4104920"></trkpt>
    <trkpt lat="56.2159370" lon="15.4103380"></trkpt>
    <trkpt lat="56.2158590" lon="15.4102770"></trkpt>
    <trkpt lat="56.2157760" lon="15.4102120"></trkpt>
    <trkpt lat="56.2155140" lon="15.4099990"></trkpt>
    <trkpt lat="56.2152800" lon="15.4098140"></trkpt>
    <trkpt lat="56.2150260" lon="15.4096230"></trkpt>
    <trkpt lat="56.2148030" lon="15.4094530"></trkpt>
    <trkpt lat="56.2145310" lon="15.4092540"></trkpt>
    <trkpt lat="56.2143180" lon="15.4091170"></trkpt>
    <trkpt lat="56.2141410" lon="15.4090350"></trkpt>
    <trkpt lat="56.2140680" lon="15.4090130"></trkpt>
    <trkpt lat="56.2139090" lon="15.4089460"></trkpt>
    <trkpt lat="56.2137040" lon="15.4088860"></trkpt>
    <trkpt lat="56.2135610" lon="15.4088490"></trkpt>
    <trkpt lat="56.2133340" lon="15.4087720"></trkpt>
    <trkpt lat="56.2131730" lon="15.4086960"></trkpt>
    <trkpt lat="56.2129920" lon="15.4085900"></trkpt>
    <trkpt lat="56.2127860" lon="15.4084270"></trkpt>
    <trkpt lat="56.2125710" lon="15.4082180"></trkpt>
    <trkpt lat="56.2123910" lon="15.4080030"></trkpt>
    <trkpt lat="56.2121930" lon="15.4077320"></trkpt>
    <trkpt lat="56.2119870" lon="15.4074410"></trkpt>
    <trkpt lat="56.2116830" lon="15.4070320"></trkpt>
    <trkpt lat="56.2114140" lon="15.4066640"></trkpt>
    <trkpt lat="56.2111340" lon="15.4062990"></trkpt>
    <trkpt lat="56.2108640" lon="15.4059710"></trkpt>
    <trkpt lat="56.2107180" lon="15.4058020"></trkpt>
    <trkpt lat="56.2105180" lon="15.4055750"></trkpt>
    <trkpt lat="56.2103450" lon="15.4053920"></trkpt>
    <trkpt lat="56.2101630" lon="15.4052000"></trkpt>
    <trkpt lat="56.2099330" lon="15.4049730"></trkpt>
    <trkpt lat="56.2096340" lon="15.4046990"></trkpt>
    <trkpt lat="56.2094360" lon="15.4045230"></trkpt>
    <trkpt lat="56.2091760" lon="15.4043090"></trkpt>
    <trkpt lat="56.2090440" lon="15.4041910"></trkpt>
    <trkpt lat="56.2087900" lon="15.4039760"></trkpt>
    <trkpt lat="56.2084030" lon="15.4036470"></trkpt>
    <trkpt lat="56.2081090" lon="15.4033950"></trkpt>
    <trkpt lat="56.2079570" lon="15.4032800"></trkpt>
    <trkpt lat="56.2079020" lon="15.4032410"></trkpt>
    <trkpt lat="56.2079020" lon="15.4032410"></trkpt>
    <trkpt lat="56.2078840" lon="15.4033150"></trkpt>
    <trkpt lat="56.2078840" lon="15.4033150"></trkpt>
    <trkpt lat="56.2079970" lon="15.4033980"></trkpt>
    <trkpt lat="56.2082090" lon="15.4035690"></trkpt>
    <trkpt lat="56.2085910" lon="15.4038930"></trkpt>
    <trkpt lat="56.2088800" lon="15.4041380"></trkpt>
    <trkpt lat="56.2090950" lon="15.4043310"></trkpt>
    <trkpt lat="56.2090950" lon="15.4043310"></trkpt>
    <trkpt lat="56.2090720" lon="15.4044270"></trkpt>
    <trkpt lat="56.2090670" lon="15.4044510"></trkpt>
    <trkpt lat="56.2090720" lon="15.4044270"></trkpt>
    <trkpt lat="56.2090950" lon="15.4043310"></trkpt>
    <trkpt lat="56.2090950" lon="15.4043310"></trkpt>
    <trkpt lat="56.2088800" lon="15.4041380"></trkpt>
    <trkpt lat="56.2085910" lon="15.4038930"></trkpt>
    <trkpt lat="56.2082090" lon="15.4035690"></trkpt>
    <trkpt lat="56.2079970" lon="15.4033980"></trkpt>
    <trkpt lat="56.2078840" lon="15.4033150"></trkpt>
    <trkpt lat="56.2078840" lon="15.4033150"></trkpt>
    <trkpt lat="56.2079020" lon="15.4032410"></trkpt>
    <trkpt lat="56.2079020" lon="15.4032410"></trkpt>
    <trkpt lat="56.2077950" lon="15.4031650"></trkpt>
    <trkpt lat="56.2075940" lon="15.4030550"></trkpt>
    <trkpt lat="56.2074390" lon="15.4029950"></trkpt>
    <trkpt lat="56.2073000" lon="15.4029530"></trkpt>
    <trkpt lat="56.2071790" lon="15.4029310"></trkpt>
    <trkpt lat="56.2070520" lon="15.4029180"></trkpt>
    <trkpt lat="56.2069580" lon="15.4029120"></trkpt>
    <trkpt lat="56.2067120" lon="15.4029040"></trkpt>
    <trkpt lat="56.2064540" lon="15.4028970"></trkpt>
    <trkpt lat="56.2062750" lon="15.4029000"></trkpt>
    <trkpt lat="56.2060300" lon="15.4029050"></trkpt>
    <trkpt lat="56.2058380" lon="15.4029180"></trkpt>
    <trkpt lat="56.2056500" lon="15.4029490"></trkpt>
    <trkpt lat="56.2054650" lon="15.4029990"></trkpt>
    <trkpt lat="56.2052270" lon="15.4030630"></trkpt>
    <trkpt lat="56.2049920" lon="15.4031340"></trkpt>
    <trkpt lat="56.2047400" lon="15.4032100"></trkpt>
    <trkpt lat="56.2044840" lon="15.4032740"></trkpt>
    <trkpt lat="56.2043050" lon="15.4033030"></trkpt>
    <trkpt lat="56.2041400" lon="15.4033190"></trkpt>
    <trkpt lat="56.2039050" lon="15.4033260"></trkpt>
    <trkpt lat="56.2035970" lon="15.4033120"></trkpt>
    <trkpt lat="56.2033680" lon="15.4033020"></trkpt>
    <trkpt lat="56.2031390" lon="15.4032920"></trkpt>
    <trkpt lat="56.2028850" lon="15.4032890"></trkpt>
    <trkpt lat="56.2026310" lon="15.4032850"></trkpt>
    <trkpt lat="56.2023580" lon="15.4032810"></trkpt>
    <trkpt lat="56.2021290" lon="15.4032640"></trkpt>
    <trkpt lat="56.2020080" lon="15.4032550"></trkpt>
    <trkpt lat="56.2019730" lon="15.4032500"></trkpt>
    <trkpt lat="56.2019300" lon="15.4032430"></trkpt>
    <trkpt lat="56.2019190" lon="15.4032590"></trkpt>
    <trkpt lat="56.2018960" lon="15.4032590"></trkpt>
    <trkpt lat="56.2015780" lon="15.4032360"></trkpt>
    <trkpt lat="56.2011960" lon="15.4032080"></trkpt>
    <trkpt lat="56.2008700" lon="15.4031830"></trkpt>
    <trkpt lat="56.2008110" lon="15.4031460"></trkpt>
    <trkpt lat="56.2007720" lon="15.4031310"></trkpt>
    <trkpt lat="56.2006880" lon="15.4031270"></trkpt>
    <trkpt lat="56.2006060" lon="15.4031600"></trkpt>
    <trkpt lat="56.2005000" lon="15.4031530"></trkpt>
    <trkpt lat="56.2003080" lon="15.4031330"></trkpt>
    <trkpt lat="56.2000950" lon="15.4031180"></trkpt>
    <trkpt lat="56.1999010" lon="15.4030960"></trkpt>
    <trkpt lat="56.1998380" lon="15.4030830"></trkpt>
    <trkpt lat="56.1998050" lon="15.4030510"></trkpt>
    <trkpt lat="56.1997790" lon="15.4030170"></trkpt>
    <trkpt lat="56.1997170" lon="15.4029160"></trkpt>
    <trkpt lat="56.1997010" lon="15.4028760"></trkpt>
    <trkpt lat="56.1996970" lon="15.4027950"></trkpt>
    <trkpt lat="56.1996860" lon="15.4027360"></trkpt>
    <trkpt lat="56.1996800" lon="15.4027140"></trkpt>
    <trkpt lat="56.1996280" lon="15.4027120"></trkpt>
    <trkpt lat="56.1994880" lon="15.4027100"></trkpt>
    <trkpt lat="56.1994460" lon="15.4027090"></trkpt>
    <trkpt lat="56.1994340" lon="15.4027760"></trkpt>
    <trkpt lat="56.1993980" lon="15.4028580"></trkpt>
    <trkpt lat="56.1993440" lon="15.4029490"></trkpt>
    <trkpt lat="56.1992910" lon="15.4029820"></trkpt>
    <trkpt lat="56.1992870" lon="15.4030790"></trkpt>
    <trkpt lat="56.1992870" lon="15.4030790"></trkpt>
    <trkpt lat="56.1992230" lon="15.4031050"></trkpt>
    <trkpt lat="56.1991570" lon="15.4030940"></trkpt>
    <trkpt lat="56.1990730" lon="15.4030800"></trkpt>
    <trkpt lat="56.1989930" lon="15.4030780"></trkpt>
    <trkpt lat="56.1989930" lon="15.4030780"></trkpt>
    <trkpt lat="56.1989960" lon="15.4029780"></trkpt>
    <trkpt lat="56.1989960" lon="15.4029780"></trkpt>
    <trkpt lat="56.1987670" lon="15.4029690"></trkpt>
    <trkpt lat="56.1985960" lon="15.4029350"></trkpt>
    <trkpt lat="56.1983890" lon="15.4029210"></trkpt>
    <trkpt lat="56.1982840" lon="15.4029310"></trkpt>
    <trkpt lat="56.1982480" lon="15.4029580"></trkpt>
    <trkpt lat="56.1982140" lon="15.4029900"></trkpt>
    <trkpt lat="56.1981970" lon="15.4029620"></trkpt>
    <trkpt lat="56.1981750" lon="15.4029330"></trkpt>
    <trkpt lat="56.1981540" lon="15.4029190"></trkpt>
    <trkpt lat="56.1981110" lon="15.4028900"></trkpt>
    <trkpt lat="56.1980370" lon="15.4028310"></trkpt>
    <trkpt lat="56.1979310" lon="15.4027420"></trkpt>
    <trkpt lat="56.1978650" lon="15.4026840"></trkpt>
    <trkpt lat="56.1978090" lon="15.4026230"></trkpt>
    <trkpt lat="56.1977860" lon="15.4025750"></trkpt>
    <trkpt lat="56.1977670" lon="15.4025130"></trkpt>
    <trkpt lat="56.1977590" lon="15.4024420"></trkpt>
    <trkpt lat="56.1977610" lon="15.4024000"></trkpt>
    <trkpt lat="56.1977730" lon="15.4023360"></trkpt>
    <trkpt lat="56.1978120" lon="15.4022260"></trkpt>
    <trkpt lat="56.1978360" lon="15.4021330"></trkpt>
    <trkpt lat="56.1978560" lon="15.4020820"></trkpt>
    <trkpt lat="56.1978560" lon="15.4020820"></trkpt>
    <trkpt lat="56.1977770" lon="15.4019520"></trkpt>
    <trkpt lat="56.1976010" lon="15.4016800"></trkpt>
    <trkpt lat="56.1975230" lon="15.4016000"></trkpt>
    <trkpt lat="56.1974850" lon="15.4015610"></trkpt>
    <trkpt lat="56.1973890" lon="15.4014940"></trkpt>
    <trkpt lat="56.1972780" lon="15.4014560"></trkpt>
    <trkpt lat="56.1969720" lon="15.4013730"></trkpt>
    <trkpt lat="56.1967420" lon="15.4012840"></trkpt>
    <trkpt lat="56.1965130" lon="15.4011950"></trkpt>
    <trkpt lat="56.1963680" lon="15.4011280"></trkpt>
    <trkpt lat="56.1962340" lon="15.4010710"></trkpt>
    <trkpt lat="56.1960670" lon="15.4010180"></trkpt>
    <trkpt lat="56.1959980" lon="15.4010110"></trkpt>
    <trkpt lat="56.1958790" lon="15.4010190"></trkpt>
    <trkpt lat="56.1955370" lon="15.4010750"></trkpt>
    <trkpt lat="56.1953850" lon="15.4010730"></trkpt>
    <trkpt lat="56.1952460" lon="15.4010400"></trkpt>
    <trkpt lat="56.1951450" lon="15.4009600"></trkpt>
    <trkpt lat="56.1949490" lon="15.4008300"></trkpt>
    <trkpt lat="56.1948260" lon="15.4007550"></trkpt>
    <trkpt lat="56.1947280" lon="15.4006960"></trkpt>
    <trkpt lat="56.1946170" lon="15.4006330"></trkpt>
    <trkpt lat="56.1945140" lon="15.4005720"></trkpt>
    <trkpt lat="56.1944090" lon="15.4005070"></trkpt>
    <trkpt lat="56.1943260" lon="15.4004450"></trkpt>
    <trkpt lat="56.1939610" lon="15.4001110"></trkpt>
    <trkpt lat="56.1936730" lon="15.3998440"></trkpt>
    <trkpt lat="56.1934670" lon="15.3996600"></trkpt>
    <trkpt lat="56.1933120" lon="15.3995240"></trkpt>
    <trkpt lat="56.1931540" lon="15.3994140"></trkpt>
    <trkpt lat="56.1929710" lon="15.3993000"></trkpt>
    <trkpt lat="56.1928330" lon="15.3992270"></trkpt>
    <trkpt lat="56.1926710" lon="15.3991670"></trkpt>
    <trkpt lat="56.1925150" lon="15.3991230"></trkpt>
    <trkpt lat="56.1924200" lon="15.3990860"></trkpt>
    <trkpt lat="56.1923250" lon="15.3990650"></trkpt>
    <trkpt lat="56.1922390" lon="15.3990680"></trkpt>
    <trkpt lat="56.1921650" lon="15.3991090"></trkpt>
    <trkpt lat="56.1920920" lon="15.3991870"></trkpt>
    <trkpt lat="56.1920060" lon="15.3993360"></trkpt>
    <trkpt lat="56.1919140" lon="15.3996030"></trkpt>
    <trkpt lat="56.1918680" lon="15.3997850"></trkpt>
    <trkpt lat="56.1918410" lon="15.4000320"></trkpt>
    <trkpt lat="56.1918000" lon="15.4007650"></trkpt>
    <trkpt lat="56.1917660" lon="15.4014740"></trkpt>
    <trkpt lat="56.1917330" lon="15.4021820"></trkpt>
    <trkpt lat="56.1916990" lon="15.4028910"></trkpt>
    <trkpt lat="56.1916670" lon="15.4036720"></trkpt>
    <trkpt lat="56.1916360" lon="15.4044520"></trkpt>
    <trkpt lat="56.1916040" lon="15.4052330"></trkpt>
    <trkpt lat="56.1915720" lon="15.4060130"></trkpt>
    <trkpt lat="56.1915400" lon="15.4067940"></trkpt>
    <trkpt lat="56.1915080" lon="15.4075750"></trkpt>
    <trkpt lat="56.1914770" lon="15.4083550"></trkpt>
    <trkpt lat="56.1914450" lon="15.4091360"></trkpt>
    <trkpt lat="56.1914130" lon="15.4099170"></trkpt>
    <trkpt lat="56.1913810" lon="15.4106970"></trkpt>
    <trkpt lat="56.1913490" lon="15.4114780"></trkpt>
    <trkpt lat="56.1913180" lon="15.4122580"></trkpt>
    <trkpt lat="56.1912970" lon="15.4123190"></trkpt>
    <trkpt lat="56.1912970" lon="15.4123190"></trkpt>
    <trkpt lat="56.1912910" lon="15.4125560"></trkpt>
    <trkpt lat="56.1913080" lon="15.4129490"></trkpt>
    <trkpt lat="56.1912780" lon="15.4136120"></trkpt>
    <trkpt lat="56.1912700" lon="15.4138070"></trkpt>
    <trkpt lat="56.1909415" lon="15.4144670"></trkpt>
    <trkpt lat="56.1906130" lon="15.4151270"></trkpt>
    <trkpt lat="56.1899320" lon="15.4161790"></trkpt>
    <trkpt lat="56.1897470" lon="15.4170265"></trkpt>
    <trkpt lat="56.1895620" lon="15.4178740"></trkpt>
    <trkpt lat="56.1892160" lon="15.4182600"></trkpt>
    <trkpt lat="56.1890720" lon="15.4189470"></trkpt>
    <trkpt lat="56.1890600" lon="15.4198480"></trkpt>
    <trkpt lat="56.1889890" lon="15.4209210"></trkpt>
    <trkpt lat="56.1886900" lon="15.4216720"></trkpt>
    <trkpt lat="56.1884990" lon="15.4224010"></trkpt>
    <trkpt lat="56.1886010" lon="15.4237840"></trkpt>
    <trkpt lat="56.1884480" lon="15.4239820"></trkpt>
    <trkpt lat="56.1882170" lon="15.4241150"></trkpt>
    <trkpt lat="56.1879860" lon="15.4242480"></trkpt>
    <trkpt lat="56.1878410" lon="15.4243690"></trkpt>
    <trkpt lat="56.1876760" lon="15.4246580"></trkpt>
    <trkpt lat="56.1876150" lon="15.4248150"></trkpt>
    <trkpt lat="56.1875000" lon="15.4253220"></trkpt>
    <trkpt lat="56.1874940" lon="15.4254300"></trkpt>
    <trkpt lat="56.1875160" lon="15.4255390"></trkpt>
    <trkpt lat="56.1875730" lon="15.4256360"></trkpt>
    <trkpt lat="56.1877090" lon="15.4257860"></trkpt>
    <trkpt lat="56.1877090" lon="15.4257860"></trkpt>
    <trkpt lat="56.1877790" lon="15.4257840"></trkpt>
    <trkpt lat="56.1878930" lon="15.4258300"></trkpt>
    <trkpt lat="56.1883010" lon="15.4261500"></trkpt>
    <trkpt lat="56.1887080" lon="15.4264710"></trkpt>
    <trkpt lat="56.1891160" lon="15.4267910"></trkpt>
    <trkpt lat="56.1895230" lon="15.4271120"></trkpt>
    <trkpt lat="56.1895790" lon="15.4271670"></trkpt>
    <trkpt lat="56.1896270" lon="15.4272520"></trkpt>
    <trkpt lat="56.1896510" lon="15.4273610"></trkpt>
    <trkpt lat="56.1896340" lon="15.4275980"></trkpt>
    <trkpt lat="56.1896150" lon="15.4276780"></trkpt>
    <trkpt lat="56.1894860" lon="15.4282280"></trkpt>
    <trkpt lat="56.1894420" lon="15.4286320"></trkpt>
    <trkpt lat="56.1894340" lon="15.4288400"></trkpt>
    <trkpt lat="56.1894810" lon="15.4290860"></trkpt>
    <trkpt lat="56.1895330" lon="15.4292320"></trkpt>
    <trkpt lat="56.1898020" lon="15.4296630"></trkpt>
    <trkpt lat="56.1901460" lon="15.4301500"></trkpt>
    <trkpt lat="56.1904900" lon="15.4306370"></trkpt>
    <trkpt lat="56.1907370" lon="15.4310300"></trkpt>
    <trkpt lat="56.1908530" lon="15.4311790"></trkpt>
    <trkpt lat="56.1909930" lon="15.4313150"></trkpt>
    <trkpt lat="56.1910470" lon="15.4313960"></trkpt>
    <trkpt lat="56.1910970" lon="15.4315260"></trkpt>
    <trkpt lat="56.1911220" lon="15.4316870"></trkpt>
    <trkpt lat="56.1911220" lon="15.4316870"></trkpt>
    <trkpt lat="56.1913010" lon="15.4316860"></trkpt>
    <trkpt lat="56.1913540" lon="15.4317020"></trkpt>
    <trkpt lat="56.1915720" lon="15.4317670"></trkpt>
    <trkpt lat="56.1918400" lon="15.4317600"></trkpt>
    <trkpt lat="56.1920070" lon="15.4317480"></trkpt>
    <trkpt lat="56.1921840" lon="15.4316800"></trkpt>
    <trkpt lat="56.1922550" lon="15.4316520"></trkpt>
    <trkpt lat="56.1923350" lon="15.4316020"></trkpt>
    <trkpt lat="56.1925310" lon="15.4314780"></trkpt>
    <trkpt lat="56.1927230" lon="15.4313570"></trkpt>
    <trkpt lat="56.1928500" lon="15.4313190"></trkpt>
    <trkpt lat="56.1929320" lon="15.4313160"></trkpt>
    <trkpt lat="56.1931760" lon="15.4313760"></trkpt>
    <trkpt lat="56.1932980" lon="15.4314660"></trkpt>
    <trkpt lat="56.1934090" lon="15.4316240"></trkpt>
    <trkpt lat="56.1936540" lon="15.4321400"></trkpt>
    <trkpt lat="56.1938980" lon="15.4326560"></trkpt>
    <trkpt lat="56.1939910" lon="15.4329210"></trkpt>
    <trkpt lat="56.1941020" lon="15.4330630"></trkpt>
    <trkpt lat="56.1942000" lon="15.4331470"></trkpt>
    <trkpt lat="56.1942570" lon="15.4331910"></trkpt>
    <trkpt lat="56.1943450" lon="15.4332420"></trkpt>
    <trkpt lat="56.1945260" lon="15.4334110"></trkpt>
    <trkpt lat="56.1946250" lon="15.4334940"></trkpt>
    <trkpt lat="56.1947410" lon="15.4335540"></trkpt>
    <trkpt lat="56.1950270" lon="15.4337210"></trkpt>
    <trkpt lat="56.1952570" lon="15.4338550"></trkpt>
    <trkpt lat="56.1952680" lon="15.4338620"></trkpt>
    <trkpt lat="56.1955170" lon="15.4340160"></trkpt>
    <trkpt lat="56.1956960" lon="15.4341160"></trkpt>
    <trkpt lat="56.1957840" lon="15.4341760"></trkpt>
    <trkpt lat="56.1958150" lon="15.4342110"></trkpt>
    <trkpt lat="56.1958360" lon="15.4342540"></trkpt>
    <trkpt lat="56.1958360" lon="15.4342540"></trkpt>
    <trkpt lat="56.1957280" lon="15.4344040"></trkpt>
    <trkpt lat="56.1956250" lon="15.4345630"></trkpt>
    <trkpt lat="56.1955910" lon="15.4346020"></trkpt>
    <trkpt lat="56.1955320" lon="15.4346510"></trkpt>
    <trkpt lat="56.1954740" lon="15.4346390"></trkpt>
    <trkpt lat="56.1954020" lon="15.4346210"></trkpt>
    <trkpt lat="56.1951710" lon="15.4345230"></trkpt>
    <trkpt lat="56.1949400" lon="15.4344260"></trkpt>
    <trkpt lat="56.1946100" lon="15.4343240"></trkpt>
    <trkpt lat="56.1942790" lon="15.4342220"></trkpt>
    <trkpt lat="56.1938400" lon="15.4340710"></trkpt>
    <trkpt lat="56.1934000" lon="15.4339200"></trkpt>
    <trkpt lat="56.1929600" lon="15.4337690"></trkpt>
    <trkpt lat="56.1925380" lon="15.4336100"></trkpt>
    <trkpt lat="56.1920950" lon="15.4335130"></trkpt>
    <trkpt lat="56.1918250" lon="15.4335150"></trkpt>
    <trkpt lat="56.1916220" lon="15.4335160"></trkpt>
    <trkpt lat="56.1915540" lon="15.4335160"></trkpt>
    <trkpt lat="56.1912190" lon="15.4335160"></trkpt>
    <trkpt lat="56.1910840" lon="15.4335230"></trkpt>
    <trkpt lat="56.1909290" lon="15.4335820"></trkpt>
    <trkpt lat="56.1906630" lon="15.4337290"></trkpt>
    <trkpt lat="56.1905310" lon="15.4337870"></trkpt>
    <trkpt lat="56.1903930" lon="15.4338140"></trkpt>
    <trkpt lat="56.1902110" lon="15.4338160"></trkpt>
    <trkpt lat="56.1901320" lon="15.4337980"></trkpt>
    <trkpt lat="56.1900280" lon="15.4337700"></trkpt>
    <trkpt lat="56.1898120" lon="15.4336960"></trkpt>
    <trkpt lat="56.1897250" lon="15.4336610"></trkpt>
    <trkpt lat="56.1896290" lon="15.4336370"></trkpt>
    <trkpt lat="56.1895350" lon="15.4336600"></trkpt>
    <trkpt lat="56.1894360" lon="15.4336960"></trkpt>
    <trkpt lat="56.1893130" lon="15.4337770"></trkpt>
    <trkpt lat="56.1892270" lon="15.4338690"></trkpt>
    <trkpt lat="56.1891840" lon="15.4339320"></trkpt>
    <trkpt lat="56.1891110" lon="15.4340780"></trkpt>
    <trkpt lat="56.1890510" lon="15.4342340"></trkpt>
    <trkpt lat="56.1889330" lon="15.4345480"></trkpt>
    <trkpt lat="56.1888590" lon="15.4347370"></trkpt>
    <trkpt lat="56.1887410" lon="15.4349680"></trkpt>
    <trkpt lat="56.1886320" lon="15.4351620"></trkpt>
    <trkpt lat="56.1885130" lon="15.4353120"></trkpt>
    <trkpt lat="56.1884720" lon="15.4353580"></trkpt>
    <trkpt lat="56.1882830" lon="15.4355120"></trkpt>
    <trkpt lat="56.1881710" lon="15.4355940"></trkpt>
    <trkpt lat="56.1881080" lon="15.4356690"></trkpt>
    <trkpt lat="56.1880990" lon="15.4356940"></trkpt>
    <trkpt lat="56.1880750" lon="15.4357560"></trkpt>
    <trkpt lat="56.1880550" lon="15.4358940"></trkpt>
    <trkpt lat="56.1880360" lon="15.4365130"></trkpt>
    <trkpt lat="56.1880170" lon="15.4371330"></trkpt>
    <trkpt lat="56.1879980" lon="15.4377520"></trkpt>
    <trkpt lat="56.1879780" lon="15.4378930"></trkpt>
    <trkpt lat="56.1879290" lon="15.4380960"></trkpt>
    <trkpt lat="56.1878050" lon="15.4383670"></trkpt>
    <trkpt lat="56.1875310" lon="15.4389840"></trkpt>
    <trkpt lat="56.1873760" lon="15.4393520"></trkpt>
    <trkpt lat="56.1872200" lon="15.4397190"></trkpt>
    <trkpt lat="56.1871440" lon="15.4399030"></trkpt>
    <trkpt lat="56.1871190" lon="15.4399820"></trkpt>
    <trkpt lat="56.1870970" lon="15.4400870"></trkpt>
    <trkpt lat="56.1870740" lon="15.4402070"></trkpt>
    <trkpt lat="56.1870700" lon="15.4403310"></trkpt>
    <trkpt lat="56.1870700" lon="15.4403310"></trkpt>
    <trkpt lat="56.1869060" lon="15.4404550"></trkpt>
    <trkpt lat="56.1867770" lon="15.4405530"></trkpt>
    <trkpt lat="56.1864840" lon="15.4407760"></trkpt>
    <trkpt lat="56.1861910" lon="15.4409990"></trkpt>
    <trkpt lat="56.1858180" lon="15.4412150"></trkpt>
    <trkpt lat="56.1854720" lon="15.4415790"></trkpt>
    <trkpt lat="56.1852900" lon="15.4416440"></trkpt>
    <trkpt lat="56.1851610" lon="15.4416150"></trkpt>
    <trkpt lat="56.1848920" lon="15.4414970"></trkpt>
    <trkpt lat="56.1846990" lon="15.4414660"></trkpt>
    <trkpt lat="56.1845920" lon="15.4414840"></trkpt>
    <trkpt lat="56.1844740" lon="15.4415470"></trkpt>
    <trkpt lat="56.1843860" lon="15.4416570"></trkpt>
    <trkpt lat="56.1841160" lon="15.4422510"></trkpt>
    <trkpt lat="56.1839390" lon="15.4425830"></trkpt>
    <trkpt lat="56.1837620" lon="15.4429140"></trkpt>
    <trkpt lat="56.1836060" lon="15.4431390"></trkpt>
    <trkpt lat="56.1834850" lon="15.4433760"></trkpt>
    <trkpt lat="56.1833860" lon="15.4435000"></trkpt>
    <trkpt lat="56.1832100" lon="15.4435860"></trkpt>
    <trkpt lat="56.1829050" lon="15.4438760"></trkpt>
    <trkpt lat="56.1826990" lon="15.4442090"></trkpt>
    <trkpt lat="56.1824920" lon="15.4445410"></trkpt>
    <trkpt lat="56.1824510" lon="15.4446440"></trkpt>
    <trkpt lat="56.1824040" lon="15.4448830"></trkpt>
    <trkpt lat="56.1823650" lon="15.4452380"></trkpt>
    <trkpt lat="56.1823410" lon="15.4452980"></trkpt>
    <trkpt lat="56.1822830" lon="15.4453530"></trkpt>
    <trkpt lat="56.1821350" lon="15.4454130"></trkpt>
    <trkpt lat="56.1820730" lon="15.4454740"></trkpt>
    <trkpt lat="56.1819300" lon="15.4457370"></trkpt>
    <trkpt lat="56.1818230" lon="15.4458780"></trkpt>
    <trkpt lat="56.1815700" lon="15.4460690"></trkpt>
    <trkpt lat="56.1813990" lon="15.4464520"></trkpt>
    <trkpt lat="56.1813150" lon="15.4467360"></trkpt>
    <trkpt lat="56.1811260" lon="15.4469750"></trkpt>
    <trkpt lat="56.1809280" lon="15.4470610"></trkpt>
    <trkpt lat="56.1806050" lon="15.4473200"></trkpt>
    <trkpt lat="56.1803700" lon="15.4473680"></trkpt>
    <trkpt lat="56.1801350" lon="15.4474160"></trkpt>
    <trkpt lat="56.1798670" lon="15.4473950"></trkpt>
    <trkpt lat="56.1795610" lon="15.4473140"></trkpt>
    <trkpt lat="56.1794130" lon="15.4471900"></trkpt>
    <trkpt lat="56.1793020" lon="15.4471840"></trkpt>
    <trkpt lat="56.1791270" lon="15.4472500"></trkpt>
    <trkpt lat="56.1788570" lon="15.4474480"></trkpt>
    <trkpt lat="56.1786170" lon="15.4476830"></trkpt>
    <trkpt lat="56.1784920" lon="15.4478620"></trkpt>
    <trkpt lat="56.1782740" lon="15.4483470"></trkpt>
    <trkpt lat="56.1781600" lon="15.4485300"></trkpt>
    <trkpt lat="56.1781970" lon="15.4488920"></trkpt>
    <trkpt lat="56.1781970" lon="15.4490670"></trkpt>
    <trkpt lat="56.1781710" lon="15.4496770"></trkpt>
    <trkpt lat="56.1781450" lon="15.4502880"></trkpt>
    <trkpt lat="56.1781190" lon="15.4508980"></trkpt>
    <trkpt lat="56.1781260" lon="15.4512000"></trkpt>
    <trkpt lat="56.1781690" lon="15.4514130"></trkpt>
    <trkpt lat="56.1783110" lon="15.4516270"></trkpt>
    <trkpt lat="56.1785740" lon="15.4521000"></trkpt>
    <trkpt lat="56.1788370" lon="15.4525730"></trkpt>
    <trkpt lat="56.1789570" lon="15.4527510"></trkpt>
    <trkpt lat="56.1790920" lon="15.4530360"></trkpt>
    <trkpt lat="56.1793910" lon="15.4534840"></trkpt>
    <trkpt lat="56.1795070" lon="15.4535510"></trkpt>
    <trkpt lat="56.1797480" lon="15.4535930"></trkpt>
    <trkpt lat="56.1801100" lon="15.4536060"></trkpt>
    <trkpt lat="56.1804710" lon="15.4536190"></trkpt>
    <trkpt lat="56.1802420" lon="15.4538830"></trkpt>
    <trkpt lat="56.1799900" lon="15.4541140"></trkpt>
    <trkpt lat="56.1797000" lon="15.4543360"></trkpt>
    <trkpt lat="56.1794190" lon="15.4545220"></trkpt>
    <trkpt lat="56.1791380" lon="15.4547080"></trkpt>
    <trkpt lat="56.1788570" lon="15.4548940"></trkpt>
    <trkpt lat="56.1785180" lon="15.4551110"></trkpt>
    <trkpt lat="56.1781780" lon="15.4553280"></trkpt>
    <trkpt lat="56.1778640" lon="15.4555210"></trkpt>
    <trkpt lat="56.1775510" lon="15.4557130"></trkpt>
    <trkpt lat="56.1773170" lon="15.4558680"></trkpt>
    <trkpt lat="56.1770840" lon="15.4560230"></trkpt>
    <trkpt lat="56.1768070" lon="15.4561730"></trkpt>
    <trkpt lat="56.1765300" lon="15.4563230"></trkpt>
    <trkpt lat="56.1761230" lon="15.4565390"></trkpt>
    <trkpt lat="56.1757150" lon="15.4567550"></trkpt>
    <trkpt lat="56.1752880" lon="15.4569990"></trkpt>
    <trkpt lat="56.1749240" lon="15.4572670"></trkpt>
    <trkpt lat="56.1745590" lon="15.4575340"></trkpt>
    <trkpt lat="56.1743500" lon="15.4576700"></trkpt>
    <trkpt lat="56.1739760" lon="15.4578520"></trkpt>
    <trkpt lat="56.1736300" lon="15.4579970"></trkpt>
    <trkpt lat="56.1732840" lon="15.4581410"></trkpt>
    <trkpt lat="56.1730710" lon="15.4582440"></trkpt>
    <trkpt lat="56.1729810" lon="15.4583020"></trkpt>
    <trkpt lat="56.1728650" lon="15.4583970"></trkpt>
    <trkpt lat="56.1727990" lon="15.4584760"></trkpt>
    <trkpt lat="56.1727520" lon="15.4585600"></trkpt>
    <trkpt lat="56.1727010" lon="15.4586690"></trkpt>
    <trkpt lat="56.1725970" lon="15.4589910"></trkpt>
    <trkpt lat="56.1725560" lon="15.4591810"></trkpt>
    <trkpt lat="56.1725180" lon="15.4594280"></trkpt>
    <trkpt lat="56.1725040" lon="15.4596030"></trkpt>
    <trkpt lat="56.1725030" lon="15.4598970"></trkpt>
    <trkpt lat="56.1725050" lon="15.4605040"></trkpt>
    <trkpt lat="56.1724960" lon="15.4607620"></trkpt>
    <trkpt lat="56.1724790" lon="15.4609440"></trkpt>
    <trkpt lat="56.1724510" lon="15.4611490"></trkpt>
    <trkpt lat="56.1723480" lon="15.4616650"></trkpt>
    <trkpt lat="56.1723110" lon="15.4618340"></trkpt>
    <trkpt lat="56.1722670" lon="15.4620420"></trkpt>
    <trkpt lat="56.1722600" lon="15.4620890"></trkpt>
    <trkpt lat="56.1723510" lon="15.4620620"></trkpt>
    <trkpt lat="56.1727340" lon="15.4620890"></trkpt>
    <trkpt lat="56.1731780" lon="15.4621930"></trkpt>
    <trkpt lat="56.1736220" lon="15.4622960"></trkpt>
    <trkpt lat="56.1740670" lon="15.4624000"></trkpt>
    <trkpt lat="56.1745110" lon="15.4625040"></trkpt>
    <trkpt lat="56.1749550" lon="15.4626070"></trkpt>
    <trkpt lat="56.1753990" lon="15.4627110"></trkpt>
    <trkpt lat="56.1756260" lon="15.4627890"></trkpt>
    <trkpt lat="56.1760440" lon="15.4628930"></trkpt>
    <trkpt lat="56.1764610" lon="15.4629980"></trkpt>
    <trkpt lat="56.1767680" lon="15.4630590"></trkpt>
    <trkpt lat="56.1770740" lon="15.4631210"></trkpt>
    <trkpt lat="56.1773810" lon="15.4631820"></trkpt>
    <trkpt lat="56.1775120" lon="15.4632330"></trkpt>
    <trkpt lat="56.1775750" lon="15.4632830"></trkpt>
    <trkpt lat="56.1776660" lon="15.4633900"></trkpt>
    <trkpt lat="56.1776920" lon="15.4634940"></trkpt>
    <trkpt lat="56.1777240" lon="15.4637640"></trkpt>
    <trkpt lat="56.1777180" lon="15.4640650"></trkpt>
    <trkpt lat="56.1777180" lon="15.4640650"></trkpt>
    <trkpt lat="56.1777160" lon="15.4641930"></trkpt>
    <trkpt lat="56.1777100" lon="15.4645890"></trkpt>
    <trkpt lat="56.1777070" lon="15.4648160"></trkpt>
    <trkpt lat="56.1777010" lon="15.4653030"></trkpt>
    <trkpt lat="56.1776940" lon="15.4657910"></trkpt>
    <trkpt lat="56.1777160" lon="15.4667330"></trkpt>
    <trkpt lat="56.1777570" lon="15.4672050"></trkpt>
    <trkpt lat="56.1776920" lon="15.4677090"></trkpt>
    <trkpt lat="56.1776680" lon="15.4682030"></trkpt>
    <trkpt lat="56.1776980" lon="15.4687500"></trkpt>
    <trkpt lat="56.1776740" lon="15.4693830"></trkpt>
    <trkpt lat="56.1776500" lon="15.4698440"></trkpt>
    <trkpt lat="56.1776500" lon="15.4703920"></trkpt>
    <trkpt lat="56.1777160" lon="15.4708210"></trkpt>
    <trkpt lat="56.1779940" lon="15.4718850"></trkpt>
    <trkpt lat="56.1778350" lon="15.4720800"></trkpt>
    <trkpt lat="56.1775080" lon="15.4724770"></trkpt>
    <trkpt lat="56.1771810" lon="15.4728750"></trkpt>
    <trkpt lat="56.1770450" lon="15.4730840"></trkpt>
    <trkpt lat="56.1768750" lon="15.4734160"></trkpt>
    <trkpt lat="56.1768160" lon="15.4736190"></trkpt>
    <trkpt lat="56.1767870" lon="15.4737590"></trkpt>
    <trkpt lat="56.1767800" lon="15.4738720"></trkpt>
    <trkpt lat="56.1767760" lon="15.4739760"></trkpt>
    <trkpt lat="56.1767260" lon="15.4744150"></trkpt>
    <trkpt lat="56.1767070" lon="15.4749480"></trkpt>
    <trkpt lat="56.1766950" lon="15.4753110"></trkpt>
    <trkpt lat="56.1766890" lon="15.4754810"></trkpt>
    <trkpt lat="56.1766870" lon="15.4755160"></trkpt>
    <trkpt lat="56.1766790" lon="15.4757370"></trkpt>
    <trkpt lat="56.1766400" lon="15.4760270"></trkpt>
    <trkpt lat="56.1765840" lon="15.4762480"></trkpt>
    <trkpt lat="56.1764100" lon="15.4769390"></trkpt>
    <trkpt lat="56.1762490" lon="15.4775250"></trkpt>
    <trkpt lat="56.1760870" lon="15.4781100"></trkpt>
    <trkpt lat="56.1759550" lon="15.4785910"></trkpt>
    <trkpt lat="56.1758220" lon="15.4790720"></trkpt>
    <trkpt lat="56.1756950" lon="15.4797220"></trkpt>
    <trkpt lat="56.1756700" lon="15.4800920"></trkpt>
    <trkpt lat="56.1756700" lon="15.4802330"></trkpt>
    <trkpt lat="56.1756700" lon="15.4806880"></trkpt>
    <trkpt lat="56.1756980" lon="15.4809640"></trkpt>
    <trkpt lat="56.1757120" lon="15.4811000"></trkpt>
    <trkpt lat="56.1757690" lon="15.4814380"></trkpt>
    <trkpt lat="56.1759230" lon="15.4820150"></trkpt>
    <trkpt lat="56.1761170" lon="15.4825380"></trkpt>
    <trkpt lat="56.1763110" lon="15.4830620"></trkpt>
    <trkpt lat="56.1763840" lon="15.4832910"></trkpt>
    <trkpt lat="56.1764410" lon="15.4835880"></trkpt>
    <trkpt lat="56.1764570" lon="15.4837620"></trkpt>
    <trkpt lat="56.1764700" lon="15.4842920"></trkpt>
    <trkpt lat="56.1764200" lon="15.4849210"></trkpt>
    <trkpt lat="56.1763690" lon="15.4855490"></trkpt>
    <trkpt lat="56.1763190" lon="15.4861780"></trkpt>
    <trkpt lat="56.1762680" lon="15.4868070"></trkpt>
    <trkpt lat="56.1762630" lon="15.4868740"></trkpt>
    <trkpt lat="56.1762630" lon="15.4873650"></trkpt>
    <trkpt lat="56.1762780" lon="15.4877110"></trkpt>
    <trkpt lat="56.1763500" lon="15.4882990"></trkpt>
    <trkpt lat="56.1763680" lon="15.4884500"></trkpt>
    <trkpt lat="56.1764430" lon="15.4888620"></trkpt>
    <trkpt lat="56.1765180" lon="15.4892740"></trkpt>
    <trkpt lat="56.1765660" lon="15.4894370"></trkpt>
    <trkpt lat="56.1766070" lon="15.4895760"></trkpt>
    <trkpt lat="56.1766880" lon="15.4898540"></trkpt>
    <trkpt lat="56.1767150" lon="15.4899460"></trkpt>
    <trkpt lat="56.1768630" lon="15.4904270"></trkpt>
    <trkpt lat="56.1770100" lon="15.4909080"></trkpt>
    <trkpt lat="56.1770350" lon="15.4910040"></trkpt>
    <trkpt lat="56.1771860" lon="15.4916580"></trkpt>
    <trkpt lat="56.1773360" lon="15.4923120"></trkpt>
    <trkpt lat="56.1774870" lon="15.4929650"></trkpt>
    <trkpt lat="56.1776370" lon="15.4936190"></trkpt>
    <trkpt lat="56.1777610" lon="15.4939480"></trkpt>
    <trkpt lat="56.1778460" lon="15.4941150"></trkpt>
    <trkpt lat="56.1779620" lon="15.4942240"></trkpt>
    <trkpt lat="56.1781480" lon="15.4943800"></trkpt>
    <trkpt lat="56.1782810" lon="15.4944020"></trkpt>
    <trkpt lat="56.1785590" lon="15.4943900"></trkpt>
    <trkpt lat="56.1789330" lon="15.4943180"></trkpt>
    <trkpt lat="56.1791800" lon="15.4943150"></trkpt>
    <trkpt lat="56.1794270" lon="15.4943120"></trkpt>
    <trkpt lat="56.1795870" lon="15.4943440"></trkpt>
    <trkpt lat="56.1797250" lon="15.4944110"></trkpt>
    <trkpt lat="56.1799040" lon="15.4945540"></trkpt>
    <trkpt lat="56.1802750" lon="15.4949460"></trkpt>
    <trkpt lat="56.1805370" lon="15.4952840"></trkpt>
    <trkpt lat="56.1806150" lon="15.4954140"></trkpt>
    <trkpt lat="56.1808290" lon="15.4958690"></trkpt>
    <trkpt lat="56.1810890" lon="15.4964820"></trkpt>
    <trkpt lat="56.1813500" lon="15.4970960"></trkpt>
    <trkpt lat="56.1816100" lon="15.4977090"></trkpt>
    <trkpt lat="56.1816990" lon="15.4979000"></trkpt>
    <trkpt lat="56.1818640" lon="15.4981340"></trkpt>
    <trkpt lat="56.1819950" lon="15.4982580"></trkpt>
    <trkpt lat="56.1821330" lon="15.4983870"></trkpt>
    <trkpt lat="56.1824680" lon="15.4985510"></trkpt>
    <trkpt lat="56.1827440" lon="15.4986060"></trkpt>
    <trkpt lat="56.1830490" lon="15.4986070"></trkpt>
    <trkpt lat="56.1833550" lon="15.4986070"></trkpt>
    <trkpt lat="56.1836600" lon="15.4986080"></trkpt>
    <trkpt lat="56.1838380" lon="15.4986390"></trkpt>
    <trkpt lat="56.1839850" lon="15.4987060"></trkpt>
    <trkpt lat="56.1841770" lon="15.4988720"></trkpt>
    <trkpt lat="56.1843080" lon="15.4990290"></trkpt>
    <trkpt lat="56.1845300" lon="15.4992940"></trkpt>
    <trkpt lat="56.1847510" lon="15.4995590"></trkpt>
    <trkpt lat="56.1848520" lon="15.4997170"></trkpt>
    <trkpt lat="56.1849110" lon="15.4998570"></trkpt>
    <trkpt lat="56.1849680" lon="15.5000560"></trkpt>
    <trkpt lat="56.1850400" lon="15.5003180"></trkpt>
    <trkpt lat="56.1850400" lon="15.5003180"></trkpt>
    <trkpt lat="56.1849410" lon="15.5004250"></trkpt>
    <trkpt lat="56.1848720" lon="15.5005300"></trkpt>
    <trkpt lat="56.1847790" lon="15.5007030"></trkpt>
    <trkpt lat="56.1846210" lon="15.5010960"></trkpt>
    <trkpt lat="56.1845470" lon="15.5014070"></trkpt>
    <trkpt lat="56.1844760" lon="15.5018160"></trkpt>
    <trkpt lat="56.1844040" lon="15.5022240"></trkpt>
    <trkpt lat="56.1843070" lon="15.5029980"></trkpt>
    <trkpt lat="56.1842100" lon="15.5037710"></trkpt>
    <trkpt lat="56.1841910" lon="15.5040270"></trkpt>
    <trkpt lat="56.1841880" lon="15.5042280"></trkpt>
    <trkpt lat="56.1842240" lon="15.5044050"></trkpt>
    <trkpt lat="56.1842460" lon="15.5044920"></trkpt>
    <trkpt lat="56.1842950" lon="15.5046700"></trkpt>
    <trkpt lat="56.1843550" lon="15.5048110"></trkpt>
    <trkpt lat="56.1844390" lon="15.5049420"></trkpt>
    <trkpt lat="56.1846860" lon="15.5052710"></trkpt>
    <trkpt lat="56.1847810" lon="15.5054590"></trkpt>
    <trkpt lat="56.1848290" lon="15.5055540"></trkpt>
    <trkpt lat="56.1848730" lon="15.5056620"></trkpt>
    <trkpt lat="56.1849100" lon="15.5057500"></trkpt>
    <trkpt lat="56.1849700" lon="15.5059010"></trkpt>
    <trkpt lat="56.1850290" lon="15.5060850"></trkpt>
    <trkpt lat="56.1851440" lon="15.5065490"></trkpt>
    <trkpt lat="56.1853640" lon="15.5070850"></trkpt>
    <trkpt lat="56.1856010" lon="15.5075410"></trkpt>
    <trkpt lat="56.1856270" lon="15.5075910"></trkpt>
    <trkpt lat="56.1858900" lon="15.5080960"></trkpt>
    <trkpt lat="56.1861310" lon="15.5085570"></trkpt>
    <trkpt lat="56.1863720" lon="15.5090180"></trkpt>
    <trkpt lat="56.1866130" lon="15.5094790"></trkpt>
    <trkpt lat="56.1866540" lon="15.5095470"></trkpt>
    <trkpt lat="56.1866540" lon="15.5095470"></trkpt>
    <trkpt lat="56.1866260" lon="15.5095960"></trkpt>
    <trkpt lat="56.1866260" lon="15.5095960"></trkpt>
    <trkpt lat="56.1868410" lon="15.5100000"></trkpt>
    <trkpt lat="56.1870000" lon="15.5106070"></trkpt>
    <trkpt lat="56.1871490" lon="15.5111910"></trkpt>
    <trkpt lat="56.1872990" lon="15.5117750"></trkpt>
    <trkpt lat="56.1874490" lon="15.5123580"></trkpt>
    <trkpt lat="56.1876320" lon="15.5130400"></trkpt>
    <trkpt lat="56.1878160" lon="15.5137210"></trkpt>
    <trkpt lat="56.1880060" lon="15.5143970"></trkpt>
    <trkpt lat="56.1881960" lon="15.5150730"></trkpt>
    <trkpt lat="56.1883110" lon="15.5155070"></trkpt>
    <trkpt lat="56.1883340" lon="15.5154890"></trkpt>
    <trkpt lat="56.1883600" lon="15.5154620"></trkpt>
    <trkpt lat="56.1884650" lon="15.5158860"></trkpt>
    <trkpt lat="56.1885700" lon="15.5163100"></trkpt>
    <trkpt lat="56.1886850" lon="15.5169370"></trkpt>
    <trkpt lat="56.1886010" lon="15.5169440"></trkpt>
    <trkpt lat="56.1886010" lon="15.5169440"></trkpt>
    <trkpt lat="56.1886090" lon="15.5172000"></trkpt>
    <trkpt lat="56.1886210" lon="15.5176180"></trkpt>
    <trkpt lat="56.1885880" lon="15.5182070"></trkpt>
    <trkpt lat="56.1885790" lon="15.5183690"></trkpt>
    <trkpt lat="56.1885030" lon="15.5191600"></trkpt>
    <trkpt lat="56.1884260" lon="15.5199500"></trkpt>
    <trkpt lat="56.1883500" lon="15.5207410"></trkpt>
    <trkpt lat="56.1882730" lon="15.5215310"></trkpt>
    <trkpt lat="56.1882680" lon="15.5215480"></trkpt>
    <trkpt lat="56.1882310" lon="15.5219170"></trkpt>
    <trkpt lat="56.1881870" lon="15.5224490"></trkpt>
    <trkpt lat="56.1881430" lon="15.5229800"></trkpt>
    <trkpt lat="56.1880990" lon="15.5235120"></trkpt>
    <trkpt lat="56.1880710" lon="15.5239310"></trkpt>
    <trkpt lat="56.1880540" lon="15.5241220"></trkpt>
    <trkpt lat="56.1880280" lon="15.5244020"></trkpt>
    <trkpt lat="56.1879920" lon="15.5245770"></trkpt>
    <trkpt lat="56.1879300" lon="15.5249460"></trkpt>
    <trkpt lat="56.1878380" lon="15.5253840"></trkpt>
    <trkpt lat="56.1877330" lon="15.5258850"></trkpt>
    <trkpt lat="56.1876840" lon="15.5261780"></trkpt>
    <trkpt lat="56.1876750" lon="15.5263030"></trkpt>
    <trkpt lat="56.1876960" lon="15.5269600"></trkpt>
    <trkpt lat="56.1877460" lon="15.5273910"></trkpt>
    <trkpt lat="56.1877550" lon="15.5274710"></trkpt>
    <trkpt lat="56.1877730" lon="15.5276070"></trkpt>
    <trkpt lat="56.1877730" lon="15.5276070"></trkpt>
    <trkpt lat="56.1880690" lon="15.5277100"></trkpt>
    <trkpt lat="56.1883660" lon="15.5278130"></trkpt>
    <trkpt lat="56.1884480" lon="15.5278870"></trkpt>
    <trkpt lat="56.1885020" lon="15.5280020"></trkpt>
    <trkpt lat="56.1885960" lon="15.5284040"></trkpt>
    <trkpt lat="56.1887240" lon="15.5289520"></trkpt>
    <trkpt lat="56.1887800" lon="15.5292670"></trkpt>
    <trkpt lat="56.1888060" lon="15.5295670"></trkpt>
    <trkpt lat="56.1888440" lon="15.5299650"></trkpt>
    <trkpt lat="56.1888670" lon="15.5305920"></trkpt>
    <trkpt lat="56.1888540" lon="15.5308660"></trkpt>
    <trkpt lat="56.1888540" lon="15.5308660"></trkpt>
    <trkpt lat="56.1886730" lon="15.5308280"></trkpt>
    <trkpt lat="56.1886730" lon="15.5308280"></trkpt>
    <trkpt lat="56.1886690" lon="15.5308810"></trkpt>
    <trkpt lat="56.1886540" lon="15.5310360"></trkpt>
    <trkpt lat="56.1886080" lon="15.5315240"></trkpt>
    <trkpt lat="56.1885920" lon="15.5317000"></trkpt>
    <trkpt lat="56.1885760" lon="15.5318070"></trkpt>
    <trkpt lat="56.1885470" lon="15.5320040"></trkpt>
    <trkpt lat="56.1885040" lon="15.5322180"></trkpt>
    <trkpt lat="56.1884430" lon="15.5325230"></trkpt>
    <trkpt lat="56.1883970" lon="15.5327520"></trkpt>
    <trkpt lat="56.1883750" lon="15.5328380"></trkpt>
    <trkpt lat="56.1882830" lon="15.5331950"></trkpt>
    <trkpt lat="56.1882440" lon="15.5333480"></trkpt>
    <trkpt lat="56.1881390" lon="15.5336400"></trkpt>
    <trkpt lat="56.1879700" lon="15.5339900"></trkpt>
    <trkpt lat="56.1878160" lon="15.5342280"></trkpt>
    <trkpt lat="56.1877570" lon="15.5343200"></trkpt>
    <trkpt lat="56.1876890" lon="15.5344410"></trkpt>
    <trkpt lat="56.1876550" lon="15.5345010"></trkpt>
    <trkpt lat="56.1873760" lon="15.5349930"></trkpt>
    <trkpt lat="56.1872020" lon="15.5352520"></trkpt>
    <trkpt lat="56.1870290" lon="15.5355100"></trkpt>
    <trkpt lat="56.1869520" lon="15.5356370"></trkpt>
    <trkpt lat="56.1868540" lon="15.5357970"></trkpt>
    <trkpt lat="56.1867610" lon="15.5359400"></trkpt>
    <trkpt lat="56.1866920" lon="15.5360470"></trkpt>
    <trkpt lat="56.1863580" lon="15.5365740"></trkpt>
    <trkpt lat="56.1861870" lon="15.5368110"></trkpt>
    <trkpt lat="56.1860740" lon="15.5369810"></trkpt>
    <trkpt lat="56.1858340" lon="15.5373400"></trkpt>
    <trkpt lat="56.1855950" lon="15.5377000"></trkpt>
    <trkpt lat="56.1852680" lon="15.5381900"></trkpt>
    <trkpt lat="56.1850940" lon="15.5384510"></trkpt>
    <trkpt lat="56.1850690" lon="15.5384890"></trkpt>
    <trkpt lat="56.1850520" lon="15.5385140"></trkpt>
    <trkpt lat="56.1850030" lon="15.5385880"></trkpt>
    <trkpt lat="56.1849450" lon="15.5386420"></trkpt>
    <trkpt lat="56.1849450" lon="15.5386420"></trkpt>
    <trkpt lat="56.1849980" lon="15.5388830"></trkpt>
    <trkpt lat="56.1850180" lon="15.5389770"></trkpt>
    <trkpt lat="56.1851260" lon="15.5391790"></trkpt>
    <trkpt lat="56.1852330" lon="15.5393660"></trkpt>
    <trkpt lat="56.1853270" lon="15.5394880"></trkpt>
    <trkpt lat="56.1854260" lon="15.5395790"></trkpt>
    <trkpt lat="56.1854500" lon="15.5396000"></trkpt>
    <trkpt lat="56.1855660" lon="15.5397060"></trkpt>
    <trkpt lat="56.1856520" lon="15.5398440"></trkpt>
    <trkpt lat="56.1857710" lon="15.5401050"></trkpt>
    <trkpt lat="56.1859840" lon="15.5404720"></trkpt>
    <trkpt lat="56.1861010" lon="15.5406190"></trkpt>
    <trkpt lat="56.1861600" lon="15.5406690"></trkpt>
    <trkpt lat="56.1863290" lon="15.5408100"></trkpt>
    <trkpt lat="56.1864270" lon="15.5409200"></trkpt>
    <trkpt lat="56.1866340" lon="15.5412730"></trkpt>
    <trkpt lat="56.1866990" lon="15.5413510"></trkpt>
    <trkpt lat="56.1867650" lon="15.5413800"></trkpt>
    <trkpt lat="56.1868250" lon="15.5413630"></trkpt>
    <trkpt lat="56.1871060" lon="15.5410250"></trkpt>
    <trkpt lat="56.1871750" lon="15.5409980"></trkpt>
    <trkpt lat="56.1872640" lon="15.5410100"></trkpt>
    <trkpt lat="56.1873060" lon="15.5410400"></trkpt>
    <trkpt lat="56.1873550" lon="15.5410740"></trkpt>
    <trkpt lat="56.1874970" lon="15.5412420"></trkpt>
    <trkpt lat="56.1876510" lon="15.5413640"></trkpt>
    <trkpt lat="56.1879430" lon="15.5413530"></trkpt>
    <trkpt lat="56.1880710" lon="15.5413870"></trkpt>
    <trkpt lat="56.1883400" lon="15.5416020"></trkpt>
    <trkpt lat="56.1885520" lon="15.5416410"></trkpt>
    <trkpt lat="56.1887460" lon="15.5417010"></trkpt>
    <trkpt lat="56.1889480" lon="15.5417640"></trkpt>
    <trkpt lat="56.1893530" lon="15.5416550"></trkpt>
    <trkpt lat="56.1894350" lon="15.5416500"></trkpt>
    <trkpt lat="56.1894870" lon="15.5416470"></trkpt>
    <trkpt lat="56.1898240" lon="15.5417140"></trkpt>
    <trkpt lat="56.1901600" lon="15.5417820"></trkpt>
    <trkpt lat="56.1902640" lon="15.5417750"></trkpt>
    <trkpt lat="56.1903280" lon="15.5417300"></trkpt>
    <trkpt lat="56.1906640" lon="15.5413800"></trkpt>
    <trkpt lat="56.1910250" lon="15.5410040"></trkpt>
    <trkpt lat="56.1913360" lon="15.5407190"></trkpt>
    <trkpt lat="56.1916460" lon="15.5404330"></trkpt>
    <trkpt lat="56.1919600" lon="15.5402120"></trkpt>
    <trkpt lat="56.1922750" lon="15.5399900"></trkpt>
    <trkpt lat="56.1922750" lon="15.5399900"></trkpt>
    <trkpt lat="56.1924120" lon="15.5399960"></trkpt>
    <trkpt lat="56.1925670" lon="15.5400730"></trkpt>
    <trkpt lat="56.1927190" lon="15.5400930"></trkpt>
    <trkpt lat="56.1929420" lon="15.5400150"></trkpt>
    <trkpt lat="56.1929690" lon="15.5399860"></trkpt>
    <trkpt lat="56.1930090" lon="15.5399100"></trkpt>
    <trkpt lat="56.1934120" lon="15.5399410"></trkpt>
    <trkpt lat="56.1936470" lon="15.5398970"></trkpt>
    <trkpt lat="56.1937180" lon="15.5398550"></trkpt>
    <trkpt lat="56.1937480" lon="15.5397870"></trkpt>
    <trkpt lat="56.1937480" lon="15.5397870"></trkpt>
    <trkpt lat="56.1939580" lon="15.5398420"></trkpt>
    <trkpt lat="56.1941060" lon="15.5397870"></trkpt>
    <trkpt lat="56.1943750" lon="15.5395650"></trkpt>
    <trkpt lat="56.1945510" lon="15.5394490"></trkpt>
    <trkpt lat="56.1949710" lon="15.5392900"></trkpt>
    <trkpt lat="56.1953770" lon="15.5390800"></trkpt>
    <trkpt lat="56.1955540" lon="15.5390610"></trkpt>
    <trkpt lat="56.1957680" lon="15.5390810"></trkpt>
    <trkpt lat="56.1959380" lon="15.5390530"></trkpt>
    <trkpt lat="56.1961570" lon="15.5389160"></trkpt>
    <trkpt lat="56.1962510" lon="15.5387940"></trkpt>
    <trkpt lat="56.1963230" lon="15.5386120"></trkpt>
    <trkpt lat="56.1963580" lon="15.5384650"></trkpt>
    <trkpt lat="56.1964050" lon="15.5378110"></trkpt>
    <trkpt lat="56.1963750" lon="15.5373370"></trkpt>
    <trkpt lat="56.1963840" lon="15.5371310"></trkpt>
    <trkpt lat="56.1964420" lon="15.5368650"></trkpt>
    <trkpt lat="56.1965150" lon="15.5366630"></trkpt>
    <trkpt lat="56.1966150" lon="15.5364580"></trkpt>
    <trkpt lat="56.1967830" lon="15.5362480"></trkpt>
    <trkpt lat="56.1969330" lon="15.5361410"></trkpt>
    <trkpt lat="56.1970460" lon="15.5360900"></trkpt>
    <trkpt lat="56.1972240" lon="15.5360570"></trkpt>
    <trkpt lat="56.1973490" lon="15.5360680"></trkpt>
    <trkpt lat="56.1975810" lon="15.5361400"></trkpt>
    <trkpt lat="56.1978130" lon="15.5362120"></trkpt>
    <trkpt lat="56.1978620" lon="15.5362480"></trkpt>
    <trkpt lat="56.1979630" lon="15.5363210"></trkpt>
    <trkpt lat="56.1981510" lon="15.5365950"></trkpt>
    <trkpt lat="56.1983650" lon="15.5367970"></trkpt>
    <trkpt lat="56.1985790" lon="15.5369990"></trkpt>
    <trkpt lat="56.1989200" lon="15.5371290"></trkpt>
    <trkpt lat="56.1992600" lon="15.5372600"></trkpt>
    <trkpt lat="56.1993840" lon="15.5372810"></trkpt>
    <trkpt lat="56.1995260" lon="15.5372560"></trkpt>
    <trkpt lat="56.1997490" lon="15.5371600"></trkpt>
    <trkpt lat="56.1999710" lon="15.5370640"></trkpt>
    <trkpt lat="56.2000740" lon="15.5369690"></trkpt>
    <trkpt lat="56.2002750" lon="15.5367390"></trkpt>
    <trkpt lat="56.2004750" lon="15.5365090"></trkpt>
    <trkpt lat="56.2005270" lon="15.5363930"></trkpt>
    <trkpt lat="56.2007520" lon="15.5363170"></trkpt>
    <trkpt lat="56.2009760" lon="15.5362400"></trkpt>
    <trkpt lat="56.2009560" lon="15.5360980"></trkpt>
    <trkpt lat="56.2009500" lon="15.5359890"></trkpt>
    <trkpt lat="56.2009440" lon="15.5358690"></trkpt>
    <trkpt lat="56.2009440" lon="15.5358690"></trkpt>
    <trkpt lat="56.2010630" lon="15.5359150"></trkpt>
    <trkpt lat="56.2011930" lon="15.5358760"></trkpt>
    <trkpt lat="56.2012050" lon="15.5359730"></trkpt>
    <trkpt lat="56.2012170" lon="15.5360540"></trkpt>
    <trkpt lat="56.2011860" lon="15.5360900"></trkpt>
    <trkpt lat="56.2011560" lon="15.5362130"></trkpt>
    <trkpt lat="56.2012040" lon="15.5365550"></trkpt>
    <trkpt lat="56.2012720" lon="15.5366910"></trkpt>
    <trkpt lat="56.2012020" lon="15.5367310"></trkpt>
    <trkpt lat="56.2012020" lon="15.5367310"></trkpt>
    <trkpt lat="56.2011410" lon="15.5367570"></trkpt>
    <trkpt lat="56.2011690" lon="15.5369030"></trkpt>
    <trkpt lat="56.2012450" lon="15.5372850"></trkpt>
    <trkpt lat="56.2012580" lon="15.5373500"></trkpt>
    <trkpt lat="56.2012590" lon="15.5374060"></trkpt>
    <trkpt lat="56.2012440" lon="15.5374600"></trkpt>
    <trkpt lat="56.2012330" lon="15.5374760"></trkpt>
    <trkpt lat="56.2012450" lon="15.5375510"></trkpt>
    <trkpt lat="56.2013060" lon="15.5374660"></trkpt>
    <trkpt lat="56.2013390" lon="15.5373420"></trkpt>
    <trkpt lat="56.2013390" lon="15.5373420"></trkpt>
    <trkpt lat="56.2013820" lon="15.5374170"></trkpt>
    <trkpt lat="56.2014150" lon="15.5374490"></trkpt>
    <trkpt lat="56.2014900" lon="15.5374490"></trkpt>
    <trkpt lat="56.2015420" lon="15.5374230"></trkpt>
    <trkpt lat="56.2017970" lon="15.5372750"></trkpt>
    <trkpt lat="56.2019800" lon="15.5372210"></trkpt>
    <trkpt lat="56.2021060" lon="15.5371910"></trkpt>
    <trkpt lat="56.2025340" lon="15.5371180"></trkpt>
    <trkpt lat="56.2026360" lon="15.5371120"></trkpt>
    <trkpt lat="56.2027370" lon="15.5371200"></trkpt>
    <trkpt lat="56.2028220" lon="15.5371330"></trkpt>
    <trkpt lat="56.2029840" lon="15.5372030"></trkpt>
    <trkpt lat="56.2031310" lon="15.5372930"></trkpt>
    <trkpt lat="56.2031310" lon="15.5372930"></trkpt>
    <trkpt lat="56.2031520" lon="15.5371800"></trkpt>
    <trkpt lat="56.2031970" lon="15.5370380"></trkpt>
    <trkpt lat="56.2032170" lon="15.5370070"></trkpt>
    <trkpt lat="56.2032740" lon="15.5369810"></trkpt>
    <trkpt lat="56.2034730" lon="15.5369930"></trkpt>
    <trkpt lat="56.2035130" lon="15.5369720"></trkpt>
    <trkpt lat="56.2035760" lon="15.5370260"></trkpt>
    <trkpt lat="56.2037830" lon="15.5372010"></trkpt>
    <trkpt lat="56.2039180" lon="15.5372820"></trkpt>
    <trkpt lat="56.2040480" lon="15.5373570"></trkpt>
    <trkpt lat="56.2042410" lon="15.5373610"></trkpt>
    <trkpt lat="56.2044750" lon="15.5373970"></trkpt>
    <trkpt lat="56.2046550" lon="15.5375020"></trkpt>
    <trkpt lat="56.2047060" lon="15.5375330"></trkpt>
    <trkpt lat="56.2048000" lon="15.5376170"></trkpt>
    <trkpt lat="56.2050550" lon="15.5378690"></trkpt>
    <trkpt lat="56.2052840" lon="15.5380840"></trkpt>
    <trkpt lat="56.2054960" lon="15.5383790"></trkpt>
    <trkpt lat="56.2056210" lon="15.5386670"></trkpt>
    <trkpt lat="56.2056510" lon="15.5387460"></trkpt>
    <trkpt lat="56.2055030" lon="15.5389540"></trkpt>
    <trkpt lat="56.2055030" lon="15.5389540"></trkpt>
    <trkpt lat="56.2055660" lon="15.5391030"></trkpt>
    <trkpt lat="56.2056510" lon="15.5393380"></trkpt>
    <trkpt lat="56.2057590" lon="15.5395970"></trkpt>
    <trkpt lat="56.2058660" lon="15.5398250"></trkpt>
    <trkpt lat="56.2058660" lon="15.5398250"></trkpt>
    <trkpt lat="56.2058470" lon="15.5398740"></trkpt>
    <trkpt lat="56.2056430" lon="15.5405070"></trkpt>
    <trkpt lat="56.2054380" lon="15.5411400"></trkpt>
    <trkpt lat="56.2053490" lon="15.5415160"></trkpt>
    <trkpt lat="56.2053230" lon="15.5416440"></trkpt>
    <trkpt lat="56.2053190" lon="15.5416810"></trkpt>
    <trkpt lat="56.2053190" lon="15.5416810"></trkpt>
    <trkpt lat="56.2053350" lon="15.5417040"></trkpt>
    <trkpt lat="56.2054290" lon="15.5419780"></trkpt>
    <trkpt lat="56.2056250" lon="15.5426900"></trkpt>
    <trkpt lat="56.2058220" lon="15.5434020"></trkpt>
    <trkpt lat="56.2060180" lon="15.5441130"></trkpt>
    <trkpt lat="56.2062150" lon="15.5448250"></trkpt>
    <trkpt lat="56.2064110" lon="15.5455370"></trkpt>
    <trkpt lat="56.2064490" lon="15.5457920"></trkpt>
    <trkpt lat="56.2064500" lon="15.5461140"></trkpt>
    <trkpt lat="56.2064110" lon="15.5463010"></trkpt>
    <trkpt lat="56.2062470" lon="15.5466050"></trkpt>
    <trkpt lat="56.2060830" lon="15.5469080"></trkpt>
    <trkpt lat="56.2059130" lon="15.5472610"></trkpt>
    <trkpt lat="56.2057670" lon="15.5476230"></trkpt>
    <trkpt lat="56.2056010" lon="15.5481690"></trkpt>
    <trkpt lat="56.2054560" lon="15.5488330"></trkpt>
    <trkpt lat="56.2053940" lon="15.5492940"></trkpt>
    <trkpt lat="56.2053560" lon="15.5497680"></trkpt>
    <trkpt lat="56.2053530" lon="15.5503890"></trkpt>
    <trkpt lat="56.2053490" lon="15.5510100"></trkpt>
    <trkpt lat="56.2053740" lon="15.5514090"></trkpt>
    <trkpt lat="56.2053640" lon="15.5517120"></trkpt>
    <trkpt lat="56.2053290" lon="15.5519230"></trkpt>
    <trkpt lat="56.2052890" lon="15.5520770"></trkpt>
    <trkpt lat="56.2052150" lon="15.5523700"></trkpt>
    <trkpt lat="56.2051490" lon="15.5527300"></trkpt>
    <trkpt lat="56.2051330" lon="15.5531440"></trkpt>
    <trkpt lat="56.2051480" lon="15.5534300"></trkpt>
    <trkpt lat="56.2051800" lon="15.5536750"></trkpt>
    <trkpt lat="56.2052150" lon="15.5537820"></trkpt>
    <trkpt lat="56.2054370" lon="15.5540900"></trkpt>
    <trkpt lat="56.2054800" lon="15.5541900"></trkpt>
    <trkpt lat="56.2055140" lon="15.5543340"></trkpt>
    <trkpt lat="56.2055650" lon="15.5550060"></trkpt>
    <trkpt lat="56.2055640" lon="15.5554910"></trkpt>
    <trkpt lat="56.2055760" lon="15.5556800"></trkpt>
    <trkpt lat="56.2055990" lon="15.5558250"></trkpt>
    <trkpt lat="56.2056780" lon="15.5561010"></trkpt>
    <trkpt lat="56.2057090" lon="15.5562100"></trkpt>
    <trkpt lat="56.2058820" lon="15.5565950"></trkpt>
    <trkpt lat="56.2059090" lon="15.5567080"></trkpt>
    <trkpt lat="56.2059230" lon="15.5569280"></trkpt>
    <trkpt lat="56.2059250" lon="15.5575490"></trkpt>
    <trkpt lat="56.2059260" lon="15.5581710"></trkpt>
    <trkpt lat="56.2059650" lon="15.5586100"></trkpt>
    <trkpt lat="56.2060110" lon="15.5587640"></trkpt>
    <trkpt lat="56.2061180" lon="15.5590000"></trkpt>
    <trkpt lat="56.2062890" lon="15.5593170"></trkpt>
    <trkpt lat="56.2064590" lon="15.5596350"></trkpt>
    <trkpt lat="56.2065610" lon="15.5598590"></trkpt>
    <trkpt lat="56.2066920" lon="15.5602010"></trkpt>
    <trkpt lat="56.2068220" lon="15.5605430"></trkpt>
    <trkpt lat="56.2070330" lon="15.5611550"></trkpt>
    <trkpt lat="56.2070680" lon="15.5613170"></trkpt>
    <trkpt lat="56.2071120" lon="15.5618240"></trkpt>
    <trkpt lat="56.2071560" lon="15.5623310"></trkpt>
    <trkpt lat="56.2072630" lon="15.5630890"></trkpt>
    <trkpt lat="56.2073870" lon="15.5636450"></trkpt>
    <trkpt lat="56.2075100" lon="15.5642010"></trkpt>
    <trkpt lat="56.2076740" lon="15.5647710"></trkpt>
    <trkpt lat="56.2078380" lon="15.5653410"></trkpt>
    <trkpt lat="56.2079870" lon="15.5659150"></trkpt>
    <trkpt lat="56.2080760" lon="15.5663070"></trkpt>
    <trkpt lat="56.2081650" lon="15.5666990"></trkpt>
    <trkpt lat="56.2082600" lon="15.5671460"></trkpt>
    <trkpt lat="56.2083540" lon="15.5675930"></trkpt>
    <trkpt lat="56.2084410" lon="15.5680880"></trkpt>
    <trkpt lat="56.2085270" lon="15.5685830"></trkpt>
    <trkpt lat="56.2086690" lon="15.5692350"></trkpt>
    <trkpt lat="56.2088110" lon="15.5698870"></trkpt>
    <trkpt lat="56.2088800" lon="15.5703950"></trkpt>
    <trkpt lat="56.2089410" lon="15.5706170"></trkpt>
    <trkpt lat="56.2089410" lon="15.5706170"></trkpt>
    <trkpt lat="56.2090120" lon="15.5704080"></trkpt>
    <trkpt lat="56.2090710" lon="15.5703070"></trkpt>
    <trkpt lat="56.2091330" lon="15.5701520"></trkpt>
    <trkpt lat="56.2092040" lon="15.5700190"></trkpt>
    <trkpt lat="56.2092570" lon="15.5699790"></trkpt>
    <trkpt lat="56.2094510" lon="15.5699000"></trkpt>
    <trkpt lat="56.2097510" lon="15.5698020"></trkpt>
    <trkpt lat="56.2101160" lon="15.5697270"></trkpt>
    <trkpt lat="56.2104180" lon="15.5696010"></trkpt>
    <trkpt lat="56.2105250" lon="15.5696210"></trkpt>
    <trkpt lat="56.2106260" lon="15.5696570"></trkpt>
    <trkpt lat="56.2107020" lon="15.5697210"></trkpt>
    <trkpt lat="56.2107270" lon="15.5697610"></trkpt>
    <trkpt lat="56.2106580" lon="15.5700180"></trkpt>
    <trkpt lat="56.2106260" lon="15.5701280"></trkpt>
    <trkpt lat="56.2105910" lon="15.5702740"></trkpt>
    <trkpt lat="56.2105620" lon="15.5704680"></trkpt>
    <trkpt lat="56.2105500" lon="15.5706400"></trkpt>
    <trkpt lat="56.2105530" lon="15.5708630"></trkpt>
    <trkpt lat="56.2105800" lon="15.5711260"></trkpt>
    <trkpt lat="56.2106370" lon="15.5714050"></trkpt>
    <trkpt lat="56.2106570" lon="15.5716570"></trkpt>
    <trkpt lat="56.2106510" lon="15.5718940"></trkpt>
    <trkpt lat="56.2106260" lon="15.5720720"></trkpt>
    <trkpt lat="56.2105920" lon="15.5722170"></trkpt>
    <trkpt lat="56.2105720" lon="15.5723470"></trkpt>
    <trkpt lat="56.2105590" lon="15.5724520"></trkpt>
    <trkpt lat="56.2105370" lon="15.5725650"></trkpt>
    <trkpt lat="56.2105220" lon="15.5727570"></trkpt>
    <trkpt lat="56.2105300" lon="15.5729440"></trkpt>
    <trkpt lat="56.2105930" lon="15.5731430"></trkpt>
    <trkpt lat="56.2106750" lon="15.5733820"></trkpt>
    <trkpt lat="56.2107200" lon="15.5734980"></trkpt>
    <trkpt lat="56.2107570" lon="15.5736220"></trkpt>
    <trkpt lat="56.2107800" lon="15.5737930"></trkpt>
    <trkpt lat="56.2108000" lon="15.5740610"></trkpt>
    <trkpt lat="56.2108290" lon="15.5742140"></trkpt>
    <trkpt lat="56.2109150" lon="15.5744530"></trkpt>
    <trkpt lat="56.2112290" lon="15.5750080"></trkpt>
    <trkpt lat="56.2114090" lon="15.5753470"></trkpt>
    <trkpt lat="56.2115890" lon="15.5756860"></trkpt>
    <trkpt lat="56.2116480" lon="15.5758020"></trkpt>
    <trkpt lat="56.2118620" lon="15.5762620"></trkpt>
    <trkpt lat="56.2119120" lon="15.5763920"></trkpt>
    <trkpt lat="56.2119350" lon="15.5764500"></trkpt>
    <trkpt lat="56.2121650" lon="15.5770260"></trkpt>
    <trkpt lat="56.2122670" lon="15.5773470"></trkpt>
    <trkpt lat="56.2124370" lon="15.5779430"></trkpt>
    <trkpt lat="56.2125410" lon="15.5784020"></trkpt>
    <trkpt lat="56.2126510" lon="15.5789720"></trkpt>
    <trkpt lat="56.2127510" lon="15.5797040"></trkpt>
    <trkpt lat="56.2128150" lon="15.5804550"></trkpt>
    <trkpt lat="56.2128300" lon="15.5809150"></trkpt>
    <trkpt lat="56.2128340" lon="15.5813570"></trkpt>
    <trkpt lat="56.2128280" lon="15.5818450"></trkpt>
    <trkpt lat="56.2128210" lon="15.5823330"></trkpt>
    <trkpt lat="56.2128120" lon="15.5828500"></trkpt>
    <trkpt lat="56.2128030" lon="15.5833670"></trkpt>
    <trkpt lat="56.2128000" lon="15.5838570"></trkpt>
    <trkpt lat="56.2127970" lon="15.5843470"></trkpt>
    <trkpt lat="56.2127860" lon="15.5850980"></trkpt>
    <trkpt lat="56.2127750" lon="15.5858500"></trkpt>
    <trkpt lat="56.2127590" lon="15.5864820"></trkpt>
    <trkpt lat="56.2127430" lon="15.5871140"></trkpt>
    <trkpt lat="56.2127310" lon="15.5877310"></trkpt>
    <trkpt lat="56.2127190" lon="15.5883580"></trkpt>
    <trkpt lat="56.2127070" lon="15.5890380"></trkpt>
    <trkpt lat="56.2127050" lon="15.5893530"></trkpt>
    <trkpt lat="56.2127210" lon="15.5896380"></trkpt>
    <trkpt lat="56.2127640" lon="15.5902420"></trkpt>
    <trkpt lat="56.2127980" lon="15.5906980"></trkpt>
    <trkpt lat="56.2128330" lon="15.5911550"></trkpt>
    <trkpt lat="56.2128610" lon="15.5915340"></trkpt>
    <trkpt lat="56.2128800" lon="15.5918350"></trkpt>
    <trkpt lat="56.2128730" lon="15.5921070"></trkpt>
    <trkpt lat="56.2128590" lon="15.5922840"></trkpt>
    <trkpt lat="56.2128280" lon="15.5924820"></trkpt>
    <trkpt lat="56.2126990" lon="15.5928860"></trkpt>
    <trkpt lat="56.2125260" lon="15.5933800"></trkpt>
    <trkpt lat="56.2123490" lon="15.5938360"></trkpt>
    <trkpt lat="56.2120990" lon="15.5943410"></trkpt>
    <trkpt lat="56.2120230" lon="15.5944910"></trkpt>
    <trkpt lat="56.2119170" lon="15.5946940"></trkpt>
    <trkpt lat="56.2117650" lon="15.5950140"></trkpt>
    <trkpt lat="56.2116630" lon="15.5952410"></trkpt>
    <trkpt lat="56.2115450" lon="15.5955290"></trkpt>
    <trkpt lat="56.2114330" lon="15.5958350"></trkpt>
    <trkpt lat="56.2114330" lon="15.5958350"></trkpt>
    <trkpt lat="56.2113020" lon="15.5962270"></trkpt>
    <trkpt lat="56.2113020" lon="15.5962270"></trkpt>
    <trkpt lat="56.2111750" lon="15.5966450"></trkpt>
    <trkpt lat="56.2109870" lon="15.5972630"></trkpt>
    <trkpt lat="56.2108620" lon="15.5976780"></trkpt>
    <trkpt lat="56.2107360" lon="15.5980940"></trkpt>
    <trkpt lat="56.2105970" lon="15.5985220"></trkpt>
    <trkpt lat="56.2104600" lon="15.5989140"></trkpt>
    <trkpt lat="56.2102890" lon="15.5993420"></trkpt>
    <trkpt lat="56.2101450" lon="15.5996500"></trkpt>
    <trkpt lat="56.2099840" lon="15.5999630"></trkpt>
    <trkpt lat="56.2098860" lon="15.6001310"></trkpt>
    <trkpt lat="56.2095920" lon="15.6005590"></trkpt>
    <trkpt lat="56.2095450" lon="15.6006330"></trkpt>
    <trkpt lat="56.2095170" lon="15.6006770"></trkpt>
    <trkpt lat="56.2094460" lon="15.6007980"></trkpt>
    <trkpt lat="56.2093750" lon="15.6009150"></trkpt>
    <trkpt lat="56.2091630" lon="15.6012540"></trkpt>
    <trkpt lat="56.2090990" lon="15.6013600"></trkpt>
    <trkpt lat="56.2089030" lon="15.6015880"></trkpt>
    <trkpt lat="56.2087330" lon="15.6017660"></trkpt>
    <trkpt lat="56.2083730" lon="15.6021200"></trkpt>
    <trkpt lat="56.2083310" lon="15.6021560"></trkpt>
    <trkpt lat="56.2081270" lon="15.6023310"></trkpt>
    <trkpt lat="56.2077720" lon="15.6025840"></trkpt>
    <trkpt lat="56.2075350" lon="15.6027130"></trkpt>
    <trkpt lat="56.2072990" lon="15.6028410"></trkpt>
    <trkpt lat="56.2069060" lon="15.6029860"></trkpt>
    <trkpt lat="56.2067950" lon="15.6030260"></trkpt>
    <trkpt lat="56.2064010" lon="15.6031910"></trkpt>
    <trkpt lat="56.2060080" lon="15.6033600"></trkpt>
    <trkpt lat="56.2057540" lon="15.6034940"></trkpt>
    <trkpt lat="56.2055010" lon="15.6036290"></trkpt>
    <trkpt lat="56.2054160" lon="15.6036720"></trkpt>
    <trkpt lat="56.2052340" lon="15.6037580"></trkpt>
    <trkpt lat="56.2049940" lon="15.6038370"></trkpt>
    <trkpt lat="56.2047050" lon="15.6039820"></trkpt>
    <trkpt lat="56.2045390" lon="15.6041130"></trkpt>
    <trkpt lat="56.2042390" lon="15.6042640"></trkpt>
    <trkpt lat="56.2039380" lon="15.6044140"></trkpt>
    <trkpt lat="56.2036370" lon="15.6045650"></trkpt>
    <trkpt lat="56.2034150" lon="15.6046810"></trkpt>
    <trkpt lat="56.2031940" lon="15.6047970"></trkpt>
    <trkpt lat="56.2028020" lon="15.6050060"></trkpt>
    <trkpt lat="56.2024110" lon="15.6052150"></trkpt>
    <trkpt lat="56.2021670" lon="15.6053460"></trkpt>
    <trkpt lat="56.2019230" lon="15.6054770"></trkpt>
    <trkpt lat="56.2017200" lon="15.6056070"></trkpt>
    <trkpt lat="56.2014580" lon="15.6058020"></trkpt>
    <trkpt lat="56.2012450" lon="15.6060040"></trkpt>
    <trkpt lat="56.2010320" lon="15.6062050"></trkpt>
    <trkpt lat="56.2009240" lon="15.6062820"></trkpt>
    <trkpt lat="56.2006640" lon="15.6065590"></trkpt>
    <trkpt lat="56.2004850" lon="15.6068110"></trkpt>
    <trkpt lat="56.2003920" lon="15.6069200"></trkpt>
    <trkpt lat="56.2003370" lon="15.6069630"></trkpt>
    <trkpt lat="56.2003370" lon="15.6069630"></trkpt>
    <trkpt lat="56.2003110" lon="15.6068740"></trkpt>
    <trkpt lat="56.2002980" lon="15.6068050"></trkpt>
    <trkpt lat="56.2002980" lon="15.6068050"></trkpt>
    <trkpt lat="56.2002170" lon="15.6067800"></trkpt>
    <trkpt lat="56.2001030" lon="15.6067850"></trkpt>
    <trkpt lat="56.1999240" lon="15.6066730"></trkpt>
    <trkpt lat="56.1997720" lon="15.6071800"></trkpt>
    <trkpt lat="56.1997180" lon="15.6072300"></trkpt>
    <trkpt lat="56.1994080" lon="15.6073950"></trkpt>
    <trkpt lat="56.1993300" lon="15.6074660"></trkpt>
    <trkpt lat="56.1992980" lon="15.6071400"></trkpt>
    <trkpt lat="56.1992680" lon="15.6068240"></trkpt>
    <trkpt lat="56.1992320" lon="15.6066280"></trkpt>
    <trkpt lat="56.1991890" lon="15.6065400"></trkpt>
    <trkpt lat="56.1991910" lon="15.6064810"></trkpt>
    <trkpt lat="56.1992180" lon="15.6064110"></trkpt>
    <trkpt lat="56.1991200" lon="15.6061320"></trkpt>
    <trkpt lat="56.1990860" lon="15.6059580"></trkpt>
    <trkpt lat="56.1990500" lon="15.6056850"></trkpt>
    <trkpt lat="56.1991330" lon="15.6055140"></trkpt>
    <trkpt lat="56.1992160" lon="15.6052900"></trkpt>
    <trkpt lat="56.1992160" lon="15.6052900"></trkpt>
    <trkpt lat="56.1993270" lon="15.6053430"></trkpt>
    <trkpt lat="56.1995280" lon="15.6053200"></trkpt>
    <trkpt lat="56.1997120" lon="15.6053510"></trkpt>
    <trkpt lat="56.1999330" lon="15.6053880"></trkpt>
    <trkpt lat="56.1999360" lon="15.6053890"></trkpt>
    <trkpt lat="56.1999330" lon="15.6053880"></trkpt>
    <trkpt lat="56.1997120" lon="15.6053510"></trkpt>
    <trkpt lat="56.1995280" lon="15.6053200"></trkpt>
    <trkpt lat="56.1993270" lon="15.6053430"></trkpt>
    <trkpt lat="56.1992160" lon="15.6052900"></trkpt>
    <trkpt lat="56.1992160" lon="15.6052900"></trkpt>
    <trkpt lat="56.1991330" lon="15.6055140"></trkpt>
    <trkpt lat="56.1990500" lon="15.6056850"></trkpt>
    <trkpt lat="56.1989380" lon="15.6058380"></trkpt>
    <trkpt lat="56.1988700" lon="15.6059040"></trkpt>
    <trkpt lat="56.1986840" lon="15.6060000"></trkpt>
    <trkpt lat="56.1985550" lon="15.6061540"></trkpt>
    <trkpt lat="56.1984370" lon="15.6061900"></trkpt>
    <trkpt lat="56.1982970" lon="15.6061480"></trkpt>
    <trkpt lat="56.1980680" lon="15.6060320"></trkpt>
    <trkpt lat="56.1977010" lon="15.6060530"></trkpt>
    <trkpt lat="56.1972680" lon="15.6061480"></trkpt>
    <trkpt lat="56.1971990" lon="15.6061510"></trkpt>
    <trkpt lat="56.1968560" lon="15.6061670"></trkpt>
    <trkpt lat="56.1966070" lon="15.6062130"></trkpt>
    <trkpt lat="56.1965050" lon="15.6062670"></trkpt>
    <trkpt lat="56.1963160" lon="15.6064690"></trkpt>
    <trkpt lat="56.1961110" lon="15.6065870"></trkpt>
    <trkpt lat="56.1958890" lon="15.6067560"></trkpt>
    <trkpt lat="56.1956990" lon="15.6068400"></trkpt>
    <trkpt lat="56.1955050" lon="15.6069870"></trkpt>
    <trkpt lat="56.1951870" lon="15.6073450"></trkpt>
    <trkpt lat="56.1948950" lon="15.6077480"></trkpt>
    <trkpt lat="56.1946740" lon="15.6079590"></trkpt>
    <trkpt lat="56.1945490" lon="15.6081130"></trkpt>
    <trkpt lat="56.1944220" lon="15.6084130"></trkpt>
    <trkpt lat="56.1942740" lon="15.6089440"></trkpt>
    <trkpt lat="56.1942420" lon="15.6091930"></trkpt>
    <trkpt lat="56.1942400" lon="15.6095110"></trkpt>
    <trkpt lat="56.1942620" lon="15.6098610"></trkpt>
    <trkpt lat="56.1942340" lon="15.6102480"></trkpt>
    <trkpt lat="56.1941210" lon="15.6108010"></trkpt>
    <trkpt lat="56.1940660" lon="15.6110370"></trkpt>
    <trkpt lat="56.1940660" lon="15.6110370"></trkpt>
    <trkpt lat="56.1939780" lon="15.6110930"></trkpt>
    <trkpt lat="56.1938560" lon="15.6112230"></trkpt>
    <trkpt lat="56.1937490" lon="15.6113440"></trkpt>
    <trkpt lat="56.1936520" lon="15.6114500"></trkpt>
    <trkpt lat="56.1936110" lon="15.6114900"></trkpt>
    <trkpt lat="56.1935720" lon="15.6115120"></trkpt>
    <trkpt lat="56.1935150" lon="15.6115390"></trkpt>
    <trkpt lat="56.1934590" lon="15.6115450"></trkpt>
    <trkpt lat="56.1934030" lon="15.6115410"></trkpt>
    <trkpt lat="56.1933560" lon="15.6115300"></trkpt>
    <trkpt lat="56.1933100" lon="15.6115050"></trkpt>
    <trkpt lat="56.1932800" lon="15.6114780"></trkpt>
    <trkpt lat="56.1932270" lon="15.6114230"></trkpt>
    <trkpt lat="56.1931740" lon="15.6113590"></trkpt>
    <trkpt lat="56.1931680" lon="15.6113530"></trkpt>
    <trkpt lat="56.1929730" lon="15.6110560"></trkpt>
    <trkpt lat="56.1926730" lon="15.6106160"></trkpt>
    <trkpt lat="56.1926130" lon="15.6106570"></trkpt>
    <trkpt lat="56.1926130" lon="15.6106570"></trkpt>
    <trkpt lat="56.1925280" lon="15.6103330"></trkpt>
    <trkpt lat="56.1924640" lon="15.6099470"></trkpt>
    <trkpt lat="56.1924300" lon="15.6098350"></trkpt>
    <trkpt lat="56.1923380" lon="15.6096610"></trkpt>
    <trkpt lat="56.1922700" lon="15.6095830"></trkpt>
    <trkpt lat="56.1920560" lon="15.6094150"></trkpt>
    <trkpt lat="56.1918300" lon="15.6093230"></trkpt>
    <trkpt lat="56.1916060" lon="15.6093210"></trkpt>
    <trkpt lat="56.1913190" lon="15.6094390"></trkpt>
    <trkpt lat="56.1910640" lon="15.6096560"></trkpt>
    <trkpt lat="56.1908080" lon="15.6098720"></trkpt>
    <trkpt lat="56.1906520" lon="15.6100600"></trkpt>
    <trkpt lat="56.1905260" lon="15.6102650"></trkpt>
    <trkpt lat="56.1903370" lon="15.6106320"></trkpt>
    <trkpt lat="56.1900860" lon="15.6111770"></trkpt>
    <trkpt lat="56.1899090" lon="15.6115630"></trkpt>
    <trkpt lat="56.1897320" lon="15.6119480"></trkpt>
    <trkpt lat="56.1896930" lon="15.6120180"></trkpt>
    <trkpt lat="56.1896370" lon="15.6121200"></trkpt>
    <trkpt lat="56.1896370" lon="15.6121200"></trkpt>
    <trkpt lat="56.1895260" lon="15.6124800"></trkpt>
    <trkpt lat="56.1894150" lon="15.6128410"></trkpt>
    <trkpt lat="56.1893320" lon="15.6130850"></trkpt>
    <trkpt lat="56.1892470" lon="15.6133910"></trkpt>
    <trkpt lat="56.1892450" lon="15.6134870"></trkpt>
    <trkpt lat="56.1892710" lon="15.6135600"></trkpt>
    <trkpt lat="56.1893800" lon="15.6136660"></trkpt>
    <trkpt lat="56.1893800" lon="15.6136660"></trkpt>
    <trkpt lat="56.1893140" lon="15.6137720"></trkpt>
    <trkpt lat="56.1893140" lon="15.6137720"></trkpt>
    <trkpt lat="56.1892740" lon="15.6137850"></trkpt>
    <trkpt lat="56.1892280" lon="15.6137790"></trkpt>
    <trkpt lat="56.1891960" lon="15.6137550"></trkpt>
    <trkpt lat="56.1891170" lon="15.6136130"></trkpt>
    <trkpt lat="56.1890130" lon="15.6134250"></trkpt>
    <trkpt lat="56.1888640" lon="15.6131020"></trkpt>
    <trkpt lat="56.1888390" lon="15.6130470"></trkpt>
    <trkpt lat="56.1888020" lon="15.6129960"></trkpt>
    <trkpt lat="56.1888020" lon="15.6129960"></trkpt>
    <trkpt lat="56.1887830" lon="15.6128770"></trkpt>
    <trkpt lat="56.1887880" lon="15.6127750"></trkpt>
    <trkpt lat="56.1887930" lon="15.6126330"></trkpt>
    <trkpt lat="56.1887760" lon="15.6123580"></trkpt>
    <trkpt lat="56.1887450" lon="15.6120070"></trkpt>
    <trkpt lat="56.1887060" lon="15.6114910"></trkpt>
    <trkpt lat="56.1887020" lon="15.6114220"></trkpt>
    <trkpt lat="56.1886710" lon="15.6110100"></trkpt>
    <trkpt lat="56.1886470" lon="15.6107080"></trkpt>
    <trkpt lat="56.1886340" lon="15.6105350"></trkpt>
    <trkpt lat="56.1886220" lon="15.6103590"></trkpt>
    <trkpt lat="56.1885920" lon="15.6100640"></trkpt>
    <trkpt lat="56.1885430" lon="15.6094970"></trkpt>
    <trkpt lat="56.1884950" lon="15.6089290"></trkpt>
    <trkpt lat="56.1884460" lon="15.6083620"></trkpt>
    <trkpt lat="56.1883950" lon="15.6075820"></trkpt>
    <trkpt lat="56.1883450" lon="15.6068010"></trkpt>
    <trkpt lat="56.1882940" lon="15.6060210"></trkpt>
    <trkpt lat="56.1882450" lon="15.6055840"></trkpt>
    <trkpt lat="56.1881970" lon="15.6051460"></trkpt>
    <trkpt lat="56.1880770" lon="15.6043920"></trkpt>
    <trkpt lat="56.1879850" lon="15.6040530"></trkpt>
    <trkpt lat="56.1877300" lon="15.6034400"></trkpt>
    <trkpt lat="56.1875900" lon="15.6031450"></trkpt>
    <trkpt lat="56.1874340" lon="15.6029060"></trkpt>
    <trkpt lat="56.1870720" lon="15.6025220"></trkpt>
    <trkpt lat="56.1868870" lon="15.6023940"></trkpt>
    <trkpt lat="56.1867820" lon="15.6023550"></trkpt>
    <trkpt lat="56.1865080" lon="15.6022560"></trkpt>
    <trkpt lat="56.1862330" lon="15.6021570"></trkpt>
    <trkpt lat="56.1859460" lon="15.6020410"></trkpt>
    <trkpt lat="56.1856380" lon="15.6019100"></trkpt>
    <trkpt lat="56.1854940" lon="15.6018550"></trkpt>
    <trkpt lat="56.1853250" lon="15.6017910"></trkpt>
    <trkpt lat="56.1849440" lon="15.6016520"></trkpt>
    <trkpt lat="56.1848300" lon="15.6016040"></trkpt>
    <trkpt lat="56.1847020" lon="15.6014850"></trkpt>
    <trkpt lat="56.1844290" lon="15.6014020"></trkpt>
    <trkpt lat="56.1842980" lon="15.6013840"></trkpt>
    <trkpt lat="56.1841320" lon="15.6013230"></trkpt>
    <trkpt lat="56.1839420" lon="15.6012450"></trkpt>
    <trkpt lat="56.1837400" lon="15.6011600"></trkpt>
    <trkpt lat="56.1835820" lon="15.6010860"></trkpt>
    <trkpt lat="56.1832690" lon="15.6009520"></trkpt>
    <trkpt lat="56.1829710" lon="15.6008300"></trkpt>
    <trkpt lat="56.1828010" lon="15.6007690"></trkpt>
    <trkpt lat="56.1825320" lon="15.6006570"></trkpt>
    <trkpt lat="56.1823650" lon="15.6005720"></trkpt>
    <trkpt lat="56.1821980" lon="15.6004470"></trkpt>
    <trkpt lat="56.1821810" lon="15.6002640"></trkpt>
    <trkpt lat="56.1821580" lon="15.6000770"></trkpt>
    <trkpt lat="56.1821490" lon="15.5999520"></trkpt>
    <trkpt lat="56.1821160" lon="15.5995510"></trkpt>
    <trkpt lat="56.1820880" lon="15.5991700"></trkpt>
    <trkpt lat="56.1820880" lon="15.5991700"></trkpt>
    <trkpt lat="56.1820480" lon="15.5986320"></trkpt>
    <trkpt lat="56.1819990" lon="15.5980090"></trkpt>
    <trkpt lat="56.1819780" lon="15.5978070"></trkpt>
    <trkpt lat="56.1819490" lon="15.5976980"></trkpt>
    <trkpt lat="56.1817570" lon="15.5972610"></trkpt>
    <trkpt lat="56.1815650" lon="15.5968240"></trkpt>
    <trkpt lat="56.1813740" lon="15.5963860"></trkpt>
    <trkpt lat="56.1812010" lon="15.5959980"></trkpt>
    <trkpt lat="56.1809420" lon="15.5954040"></trkpt>
    <trkpt lat="56.1808870" lon="15.5952610"></trkpt>
    <trkpt lat="56.1808310" lon="15.5951010"></trkpt>
    <trkpt lat="56.1807960" lon="15.5949570"></trkpt>
    <trkpt lat="56.1807720" lon="15.5947980"></trkpt>
    <trkpt lat="56.1807550" lon="15.5945300"></trkpt>
    <trkpt lat="56.1807480" lon="15.5942100"></trkpt>
    <trkpt lat="56.1807540" lon="15.5940280"></trkpt>
    <trkpt lat="56.1807620" lon="15.5939490"></trkpt>
    <trkpt lat="56.1807620" lon="15.5937400"></trkpt>
    <trkpt lat="56.1807380" lon="15.5932060"></trkpt>
    <trkpt lat="56.1807010" lon="15.5929490"></trkpt>
    <trkpt lat="56.1806630" lon="15.5927520"></trkpt>
    <trkpt lat="56.1806300" lon="15.5925820"></trkpt>
    <trkpt lat="56.1805200" lon="15.5920220"></trkpt>
    <trkpt lat="56.1804830" lon="15.5918220"></trkpt>
    <trkpt lat="56.1804520" lon="15.5916480"></trkpt>
    <trkpt lat="56.1803480" lon="15.5910890"></trkpt>
    <trkpt lat="56.1803140" lon="15.5908950"></trkpt>
    <trkpt lat="56.1803040" lon="15.5908130"></trkpt>
    <trkpt lat="56.1803050" lon="15.5907580"></trkpt>
    <trkpt lat="56.1803050" lon="15.5907150"></trkpt>
    <trkpt lat="56.1803150" lon="15.5906270"></trkpt>
    <trkpt lat="56.1803280" lon="15.5905590"></trkpt>
    <trkpt lat="56.1803280" lon="15.5905270"></trkpt>
    <trkpt lat="56.1803190" lon="15.5904980"></trkpt>
    <trkpt lat="56.1802900" lon="15.5904530"></trkpt>
    <trkpt lat="56.1802500" lon="15.5904030"></trkpt>
    <trkpt lat="56.1802160" lon="15.5903740"></trkpt>
    <trkpt lat="56.1801930" lon="15.5903730"></trkpt>
    <trkpt lat="56.1801620" lon="15.5903800"></trkpt>
    <trkpt lat="56.1801010" lon="15.5904190"></trkpt>
    <trkpt lat="56.1800660" lon="15.5904280"></trkpt>
    <trkpt lat="56.1800170" lon="15.5904240"></trkpt>
    <trkpt lat="56.1799750" lon="15.5904180"></trkpt>
    <trkpt lat="56.1799280" lon="15.5904020"></trkpt>
    <trkpt lat="56.1795590" lon="15.5902820"></trkpt>
    <trkpt lat="56.1791900" lon="15.5901630"></trkpt>
    <trkpt lat="56.1791010" lon="15.5901410"></trkpt>
    <trkpt lat="56.1790600" lon="15.5901320"></trkpt>
    <trkpt lat="56.1789980" lon="15.5901230"></trkpt>
    <trkpt lat="56.1788080" lon="15.5901450"></trkpt>
    <trkpt lat="56.1785150" lon="15.5901720"></trkpt>
    <trkpt lat="56.1782790" lon="15.5901910"></trkpt>
    <trkpt lat="56.1780690" lon="15.5902100"></trkpt>
    <trkpt lat="56.1777690" lon="15.5902660"></trkpt>
    <trkpt lat="56.1774950" lon="15.5903450"></trkpt>
    <trkpt lat="56.1774950" lon="15.5903450"></trkpt>
    <trkpt lat="56.1775100" lon="15.5904720"></trkpt>
    <trkpt lat="56.1775200" lon="15.5905590"></trkpt>
    <trkpt lat="56.1773070" lon="15.5906480"></trkpt>
    <trkpt lat="56.1771640" lon="15.5907110"></trkpt>
    <trkpt lat="56.1770460" lon="15.5907320"></trkpt>
    <trkpt lat="56.1769270" lon="15.5907270"></trkpt>
    <trkpt lat="56.1768640" lon="15.5907270"></trkpt>
    <trkpt lat="56.1768710" lon="15.5906270"></trkpt>
    <trkpt lat="56.1768710" lon="15.5906270"></trkpt>
    <trkpt lat="56.1768270" lon="15.5906210"></trkpt>
    <trkpt lat="56.1768270" lon="15.5906210"></trkpt>
    <trkpt lat="56.1768380" lon="15.5905380"></trkpt>
    <trkpt lat="56.1768380" lon="15.5905380"></trkpt>
    <trkpt lat="56.1765790" lon="15.5904800"></trkpt>
    <trkpt lat="56.1765020" lon="15.5904620"></trkpt>
    <trkpt lat="56.1763070" lon="15.5904190"></trkpt>
    <trkpt lat="56.1760010" lon="15.5903200"></trkpt>
    <trkpt lat="56.1756940" lon="15.5902200"></trkpt>
    <trkpt lat="56.1755910" lon="15.5901840"></trkpt>
    <trkpt lat="56.1753310" lon="15.5900920"></trkpt>
    <trkpt lat="56.1752030" lon="15.5900130"></trkpt>
    <trkpt lat="56.1751350" lon="15.5899490"></trkpt>
    <trkpt lat="56.1750140" lon="15.5898380"></trkpt>
    <trkpt lat="56.1749580" lon="15.5897340"></trkpt>
    <trkpt lat="56.1748540" lon="15.5894960"></trkpt>
    <trkpt lat="56.1747800" lon="15.5892910"></trkpt>
    <trkpt lat="56.1747800" lon="15.5892910"></trkpt>
    <trkpt lat="56.1747170" lon="15.5893550"></trkpt>
    <trkpt lat="56.1747170" lon="15.5893550"></trkpt>
    <trkpt lat="56.1746260" lon="15.5891350"></trkpt>
    <trkpt lat="56.1745300" lon="15.5889750"></trkpt>
    <trkpt lat="56.1744310" lon="15.5889020"></trkpt>
    <trkpt lat="56.1742080" lon="15.5888540"></trkpt>
    <trkpt lat="56.1738160" lon="15.5887650"></trkpt>
    <trkpt lat="56.1738370" lon="15.5885230"></trkpt>
    <trkpt lat="56.1738530" lon="15.5883440"></trkpt>
    <trkpt lat="56.1738530" lon="15.5883440"></trkpt>
    <trkpt lat="56.1737460" lon="15.5883090"></trkpt>
    <trkpt lat="56.1737880" lon="15.5878390"></trkpt>
    <trkpt lat="56.1738310" lon="15.5873680"></trkpt>
    <trkpt lat="56.1739430" lon="15.5874020"></trkpt>
    <trkpt lat="56.1739430" lon="15.5874020"></trkpt>
    <trkpt lat="56.1739510" lon="15.5873130"></trkpt>
    <trkpt lat="56.1739910" lon="15.5868830"></trkpt>
    <trkpt lat="56.1740600" lon="15.5861840"></trkpt>
    <trkpt lat="56.1740840" lon="15.5859380"></trkpt>
    <trkpt lat="56.1740840" lon="15.5859380"></trkpt>
    <trkpt lat="56.1740440" lon="15.5859280"></trkpt>
    <trkpt lat="56.1740440" lon="15.5859280"></trkpt>
    <trkpt lat="56.1740360" lon="15.5859710"></trkpt>
    <trkpt lat="56.1740260" lon="15.5859980"></trkpt>
    <trkpt lat="56.1740090" lon="15.5860320"></trkpt>
    <trkpt lat="56.1739920" lon="15.5860500"></trkpt>
    <trkpt lat="56.1739790" lon="15.5860570"></trkpt>
    <trkpt lat="56.1739600" lon="15.5860600"></trkpt>
    <trkpt lat="56.1739220" lon="15.5860500"></trkpt>
    <trkpt lat="56.1738070" lon="15.5860190"></trkpt>
    <trkpt lat="56.1735050" lon="15.5859400"></trkpt>
    <trkpt lat="56.1732030" lon="15.5858610"></trkpt>
    <trkpt lat="56.1729000" lon="15.5857830"></trkpt>
    <trkpt lat="56.1728230" lon="15.5857680"></trkpt>
    <trkpt lat="56.1726770" lon="15.5857390"></trkpt>
    <trkpt lat="56.1724660" lon="15.5856790"></trkpt>
    <trkpt lat="56.1721420" lon="15.5856360"></trkpt>
    <trkpt lat="56.1720640" lon="15.5856360"></trkpt>
    <trkpt lat="56.1717660" lon="15.5858210"></trkpt>
    <trkpt lat="56.1716850" lon="15.5858700"></trkpt>
    <trkpt lat="56.1716110" lon="15.5859370"></trkpt>
    <trkpt lat="56.1715740" lon="15.5859710"></trkpt>
    <trkpt lat="56.1712710" lon="15.5862150"></trkpt>
    <trkpt lat="56.1711020" lon="15.5863580"></trkpt>
    <trkpt lat="56.1711020" lon="15.5863580"></trkpt>
    <trkpt lat="56.1710850" lon="15.5862810"></trkpt>
    <trkpt lat="56.1710580" lon="15.5863020"></trkpt>
    <trkpt lat="56.1707580" lon="15.5865570"></trkpt>
    <trkpt lat="56.1704860" lon="15.5867690"></trkpt>
    <trkpt lat="56.1703920" lon="15.5868020"></trkpt>
    <trkpt lat="56.1702890" lon="15.5867620"></trkpt>
    <trkpt lat="56.1702890" lon="15.5867620"></trkpt>
    <trkpt lat="56.1702120" lon="15.5866220"></trkpt>
    <trkpt lat="56.1702120" lon="15.5866220"></trkpt>
    <trkpt lat="56.1700410" lon="15.5862660"></trkpt>
    <trkpt lat="56.1700410" lon="15.5862660"></trkpt>
    <trkpt lat="56.1700030" lon="15.5861880"></trkpt>
    <trkpt lat="56.1698180" lon="15.5858190"></trkpt>
    <trkpt lat="56.1696340" lon="15.5854500"></trkpt>
    <trkpt lat="56.1695180" lon="15.5852380"></trkpt>
    <trkpt lat="56.1692740" lon="15.5847520"></trkpt>
    <trkpt lat="56.1690130" lon="15.5842730"></trkpt>
    <trkpt lat="56.1689620" lon="15.5841900"></trkpt>
    <trkpt lat="56.1686940" lon="15.5837380"></trkpt>
    <trkpt lat="56.1684950" lon="15.5834590"></trkpt>
    <trkpt lat="56.1682650" lon="15.5832560"></trkpt>
    <trkpt lat="56.1680350" lon="15.5830520"></trkpt>
    <trkpt lat="56.1677020" lon="15.5827810"></trkpt>
    <trkpt lat="56.1673700" lon="15.5825100"></trkpt>
    <trkpt lat="56.1671140" lon="15.5823510"></trkpt>
    <trkpt lat="56.1668220" lon="15.5821400"></trkpt>
    <trkpt lat="56.1665300" lon="15.5819290"></trkpt>
    <trkpt lat="56.1662380" lon="15.5817180"></trkpt>
    <trkpt lat="56.1661040" lon="15.5816480"></trkpt>
    <trkpt lat="56.1660020" lon="15.5815600"></trkpt>
    <trkpt lat="56.1656930" lon="15.5812890"></trkpt>
    <trkpt lat="56.1653270" lon="15.5809740"></trkpt>
    <trkpt lat="56.1649590" lon="15.5807400"></trkpt>
    <trkpt lat="56.1648140" lon="15.5806790"></trkpt>
    <trkpt lat="56.1646480" lon="15.5806360"></trkpt>
    <trkpt lat="56.1643540" lon="15.5806020"></trkpt>
    <trkpt lat="56.1640760" lon="15.5806300"></trkpt>
    <trkpt lat="56.1638590" lon="15.5807110"></trkpt>
    <trkpt lat="56.1637020" lon="15.5808020"></trkpt>
    <trkpt lat="56.1634850" lon="15.5809840"></trkpt>
    <trkpt lat="56.1632690" lon="15.5811650"></trkpt>
    <trkpt lat="56.1631440" lon="15.5812550"></trkpt>
    <trkpt lat="56.1629670" lon="15.5813070"></trkpt>
    <trkpt lat="56.1628980" lon="15.5812850"></trkpt>
    <trkpt lat="56.1628980" lon="15.5812850"></trkpt>
    <trkpt lat="56.1628650" lon="15.5814540"></trkpt>
    <trkpt lat="56.1628640" lon="15.5815640"></trkpt>
    <trkpt lat="56.1628330" lon="15.5816290"></trkpt>
    <trkpt lat="56.1627840" lon="15.5817020"></trkpt>
    <trkpt lat="56.1627370" lon="15.5817920"></trkpt>
    <trkpt lat="56.1626690" lon="15.5819530"></trkpt>
    <trkpt lat="56.1626140" lon="15.5821300"></trkpt>
    <trkpt lat="56.1626140" lon="15.5821300"></trkpt>
    <trkpt lat="56.1624790" lon="15.5822480"></trkpt>
    <trkpt lat="56.1624790" lon="15.5822480"></trkpt>
    <trkpt lat="56.1624230" lon="15.5824160"></trkpt>
    <trkpt lat="56.1622040" lon="15.5830790"></trkpt>
    <trkpt lat="56.1622040" lon="15.5830790"></trkpt>
    <trkpt lat="56.1619990" lon="15.5832850"></trkpt>
    <trkpt lat="56.1619660" lon="15.5833180"></trkpt>
    <trkpt lat="56.1616740" lon="15.5836130"></trkpt>
    <trkpt lat="56.1614160" lon="15.5838570"></trkpt>
    <trkpt lat="56.1611570" lon="15.5841010"></trkpt>
    <trkpt lat="56.1607950" lon="15.5845010"></trkpt>
    <trkpt lat="56.1607950" lon="15.5845010"></trkpt>
    <trkpt lat="56.1608550" lon="15.5846810"></trkpt>
    <trkpt lat="56.1608550" lon="15.5846810"></trkpt>
    <trkpt lat="56.1608670" lon="15.5847800"></trkpt>
    <trkpt lat="56.1608620" lon="15.5848790"></trkpt>
    <trkpt lat="56.1608390" lon="15.5849850"></trkpt>
    <trkpt lat="56.1608730" lon="15.5850890"></trkpt>
    <trkpt lat="56.1608410" lon="15.5851620"></trkpt>
    <trkpt lat="56.1608700" lon="15.5852390"></trkpt>
    <trkpt lat="56.1608680" lon="15.5853420"></trkpt>
    <trkpt lat="56.1608760" lon="15.5854430"></trkpt>
    <trkpt lat="56.1608640" lon="15.5855350"></trkpt>
    <trkpt lat="56.1608910" lon="15.5856550"></trkpt>
    <trkpt lat="56.1608740" lon="15.5857910"></trkpt>
    <trkpt lat="56.1608540" lon="15.5859520"></trkpt>
    <trkpt lat="56.1608680" lon="15.5860620"></trkpt>
    <trkpt lat="56.1608780" lon="15.5861720"></trkpt>
    <trkpt lat="56.1608650" lon="15.5862810"></trkpt>
    <trkpt lat="56.1608750" lon="15.5863740"></trkpt>
    <trkpt lat="56.1608730" lon="15.5864700"></trkpt>
    <trkpt lat="56.1608950" lon="15.5865900"></trkpt>
    <trkpt lat="56.1609200" lon="15.5867080"></trkpt>
    <trkpt lat="56.1609330" lon="15.5868640"></trkpt>
    <trkpt lat="56.1609260" lon="15.5868920"></trkpt>
    <trkpt lat="56.1609070" lon="15.5869750"></trkpt>
    <trkpt lat="56.1608830" lon="15.5870860"></trkpt>
    <trkpt lat="56.1609350" lon="15.5871970"></trkpt>
    <trkpt lat="56.1609770" lon="15.5872440"></trkpt>
    <trkpt lat="56.1610070" lon="15.5872780"></trkpt>
    <trkpt lat="56.1610260" lon="15.5873680"></trkpt>
    <trkpt lat="56.1610790" lon="15.5873900"></trkpt>
    <trkpt lat="56.1610930" lon="15.5874880"></trkpt>
    <trkpt lat="56.1611480" lon="15.5875040"></trkpt>
    <trkpt lat="56.1612140" lon="15.5876020"></trkpt>
    <trkpt lat="56.1611910" lon="15.5876910"></trkpt>
  </trkseg></trk>
</gpx>
