osm_id,osm_url,name,lat,lon,tourism,amenity,building,route_distance_m,note:osm_route_relation,relation_status,proposal_note
way/911488706,https://www.openstreetmap.org/way/911488706,,59.9240852,10.8348370,,shelter,yes,1.8,1200009,missing,Proposed: add as member of relation 1200009 (Romeriksleden). Do not modify existing members of relation 1200009 (Romeriksleden). Research aid only. Existing OSM object: way/911488706.
way/622692244,https://www.openstreetmap.org/way/622692244,,59.9178725,10.8533007,picnic_site,,,1001.5,1200009,missing,Proposed: add as member of relation 1200009 (Romeriksleden). Do not modify existing members of relation 1200009 (Romeriksleden). Research aid only. Existing OSM object: way/622692244.
node/12557119310,https://www.openstreetmap.org/node/12557119310,Quality Hotel™ Hasle Linie,59.9276639,10.7969428,hotel,,,1005.4,1200009,missing,Proposed: add as member of relation 1200009 (Romeriksleden). Do not modify existing members of relation 1200009 (Romeriksleden). Research aid only. Existing OSM object: node/12557119310.
way/622692201,https://www.openstreetmap.org/way/622692201,,59.9193497,10.8566098,picnic_site,,,1009.3,1200009,missing,Proposed: add as member of relation 1200009 (Romeriksleden). Do not modify existing members of relation 1200009 (Romeriksleden). Research aid only. Existing OSM object: way/622692201.
way/622692219,https://www.openstreetmap.org/way/622692219,,59.9183005,10.8546776,picnic_site,,,1012.8,1200009,missing,Proposed: add as member of relation 1200009 (Romeriksleden). Do not modify existing members of relation 1200009 (Romeriksleden). Research aid only. Existing OSM object: way/622692219.
way/622692211,https://www.openstreetmap.org/way/622692211,,59.9187585,10.8557215,picnic_site,,,1016.2,1200009,missing,Proposed: add as member of relation 1200009 (Romeriksleden). Do not modify existing members of relation 1200009 (Romeriksleden). Research aid only. Existing OSM object: way/622692211.
node/3718110092,https://www.openstreetmap.org/node/3718110092,Møyrud,60.7379435,11.1360299,chalet,,,1017.4,1200009,missing,Proposed: add as member of relation 1200009 (Romeriksleden). Do not modify existing members of relation 1200009 (Romeriksleden). Research aid only. Existing OSM object: node/3718110092.
way/935285787,https://www.openstreetmap.org/way/935285787,,60.1487728,11.1520951,,shelter,yes,102.3,1200009,missing,Proposed: add as member of relation 1200009 (Romeriksleden). Do not modify existing members of relation 1200009 (Romeriksleden). Research aid only. Existing OSM object: way/935285787.
way/622708293,https://www.openstreetmap.org/way/622708293,,59.9197415,10.8575818,picnic_site,,,1025.7,1200009,missing,Proposed: add as member of relation 1200009 (Romeriksleden). Do not modify existing members of relation 1200009 (Romeriksleden). Research aid only. Existing OSM object: way/622708293.
node/3123089878,https://www.openstreetmap.org/node/3123089878,Best Western Leto Arena,60.2500720,11.1807220,hotel,,,103.0,1200009,missing,Proposed: add as member of relation 1200009 (Romeriksleden). Do not modify existing members of relation 1200009 (Romeriksleden). Research aid only. Existing OSM object: node/3123089878.
node/9272283203,https://www.openstreetmap.org/node/9272283203,,60.7928480,11.0430500,,,,104.4,1200009,missing,Proposed: add as member of relation 1200009 (Romeriksleden). Do not modify existing members of relation 1200009 (Romeriksleden). Research aid only. Existing OSM object: node/9272283203.
way/622692234,https://www.openstreetmap.org/way/622692234,,59.9176614,10.8539893,picnic_site,,,1043.3,1200009,missing,Proposed: add as member of relation 1200009 (Romeriksleden). Do not modify existing members of relation 1200009 (Romeriksleden). Research aid only. Existing OSM object: way/622692234.
way/89482111,https://www.openstreetmap.org/way/89482111,Quality Hotel Olavsgaard,59.9793831,10.9983475,hotel,,,1047.7,1200009,missing,Proposed: add as member of relation 1200009 (Romeriksleden). Do not modify existing members of relation 1200009 (Romeriksleden). Research aid only. Existing OSM object: way/89482111.
way/936671584,https://www.openstreetmap.org/way/936671584,,60.1724893,11.1712244,,shelter,yes,105.4,1200009,missing,Proposed: add as member of relation 1200009 (Romeriksleden). Do not modify existing members of relation 1200009 (Romeriksleden). Research aid only. Existing OSM object: way/936671584.
way/622708294,https://www.openstreetmap.org/way/622708294,,59.9194568,10.8578532,picnic_site,,,1056.6,1200009,missing,Proposed: add as member of relation 1200009 (Romeriksleden). Do not modify existing members of relation 1200009 (Romeriksleden). Research aid only. Existing OSM object: way/622708294.
way/622692217,https://www.openstreetmap.org/way/622692217,,59.9180644,10.8553347,picnic_site,,,1056.8,1200009,missing,Proposed: add as member of relation 1200009 (Romeriksleden). Do not modify existing members of relation 1200009 (Romeriksleden). Research aid only. Existing OSM object: way/622692217.
node/356345433,https://www.openstreetmap.org/node/356345433,Scandic Helsfyr,59.9156064,10.8049863,hotel,,,106.7,1200009,missing,Proposed: add as member of relation 1200009 (Romeriksleden). Do not modify existing members of relation 1200009 (Romeriksleden). Research aid only. Existing OSM object: node/356345433.
node/3566976493,https://www.openstreetmap.org/node/3566976493,Comfort Hotel Grand Central,59.9106410,10.7507000,hotel,,,1063.0,1200009,missing,Proposed: add as member of relation 1200009 (Romeriksleden). Do not modify existing members of relation 1200009 (Romeriksleden). Research aid only. Existing OSM object: node/3566976493.
way/622692212,https://www.openstreetmap.org/way/622692212,,59.9184853,10.8563776,picnic_site,,,1063.6,1200009,missing,Proposed: add as member of relation 1200009 (Romeriksleden). Do not modify existing members of relation 1200009 (Romeriksleden). Research aid only. Existing OSM object: way/622692212.
way/622692199,https://www.openstreetmap.org/way/622692199,,59.9189952,10.8572977,picnic_site,,,1064.0,1200009,missing,Proposed: add as member of relation 1200009 (Romeriksleden). Do not modify existing members of relation 1200009 (Romeriksleden). Research aid only. Existing OSM object: way/622692199.
way/622708295,https://www.openstreetmap.org/way/622708295,,59.9194819,10.8582976,picnic_site,,,1074.9,1200009,missing,Proposed: add as member of relation 1200009 (Romeriksleden). Do not modify existing members of relation 1200009 (Romeriksleden). Research aid only. Existing OSM object: way/622708295.
way/1543158035,https://www.openstreetmap.org/way/1543158035,,60.7945420,11.0682915,,shelter,,108.4,1200009,missing,Proposed: add as member of relation 1200009 (Romeriksleden). Do not modify existing members of relation 1200009 (Romeriksleden). Research aid only. Existing OSM object: way/1543158035.
way/98520866,https://www.openstreetmap.org/way/98520866,Quality Hotel Olavsgaard,59.9793350,10.9991703,hotel,,yes,1091.1,1200009,missing,Proposed: add as member of relation 1200009 (Romeriksleden). Do not modify existing members of relation 1200009 (Romeriksleden). Research aid only. Existing OSM object: way/98520866.
node/842924350,https://www.openstreetmap.org/node/842924350,Comfort Hotel Boersparken,59.9093690,10.7474280,hotel,,,1095.0,1200009,missing,Proposed: add as member of relation 1200009 (Romeriksleden). Do not modify existing members of relation 1200009 (Romeriksleden). Research aid only. Existing OSM object: node/842924350.
way/622692206,https://www.openstreetmap.org/way/622692206,,59.9182592,10.8568726,picnic_site,,,1100.9,1200009,missing,Proposed: add as member of relation 1200009 (Romeriksleden). Do not modify existing members of relation 1200009 (Romeriksleden). Research aid only. Existing OSM object: way/622692206.
way/585505467,https://www.openstreetmap.org/way/585505467,,60.7991790,11.0968659,,shelter,yes,1101.9,1200009,missing,Proposed: add as member of relation 1200009 (Romeriksleden). Do not modify existing members of relation 1200009 (Romeriksleden). Research aid only. Existing OSM object: way/585505467.
node/6836659089,https://www.openstreetmap.org/node/6836659089,,59.9028447,10.7430986,guest_house,,,1102.7,1200009,missing,Proposed: add as member of relation 1200009 (Romeriksleden). Do not modify existing members of relation 1200009 (Romeriksleden). Research aid only. Existing OSM object: node/6836659089.
node/7243562963,https://www.openstreetmap.org/node/7243562963,,60.0021568,10.9851119,,shelter,,1105.8,1200009,missing,Proposed: add as member of relation 1200009 (Romeriksleden). Do not modify existing members of relation 1200009 (Romeriksleden). Research aid only. Existing OSM object: node/7243562963.
node/6817579807,https://www.openstreetmap.org/node/6817579807,Amerikalinjen,59.9107333,10.7496017,hotel,,,1110.7,1200009,missing,Proposed: add as member of relation 1200009 (Romeriksleden). Do not modify existing members of relation 1200009 (Romeriksleden). Research aid only. Existing OSM object: node/6817579807.
node/9858669906,https://www.openstreetmap.org/node/9858669906,,59.9706400,10.9243750,picnic_site,,,1112.6,1200009,missing,Proposed: add as member of relation 1200009 (Romeriksleden). Do not modify existing members of relation 1200009 (Romeriksleden). Research aid only. Existing OSM object: node/9858669906.
node/6235965895,https://www.openstreetmap.org/node/6235965895,Thon Hotel Spectrum,59.9140173,10.7557581,hotel,,,1123.8,1200009,missing,Proposed: add as member of relation 1200009 (Romeriksleden). Do not modify existing members of relation 1200009 (Romeriksleden). Research aid only. Existing OSM object: node/6235965895.
node/6817579806,https://www.openstreetmap.org/node/6817579806,Scandic Byporten,59.9118823,10.7515141,hotel,,,1126.8,1200009,missing,Proposed: add as member of relation 1200009 (Romeriksleden). Do not modify existing members of relation 1200009 (Romeriksleden). Research aid only. Existing OSM object: node/6817579806.
node/12560193252,https://www.openstreetmap.org/node/12560193252,Home Hotel Bastion,59.9081820,10.7451358,hotel,,,1128.6,1200009,missing,Proposed: add as member of relation 1200009 (Romeriksleden). Do not modify existing members of relation 1200009 (Romeriksleden). Research aid only. Existing OSM object: node/12560193252.
way/544833785,https://www.openstreetmap.org/way/544833785,,60.2485842,11.2023193,,shelter,,1131.9,1200009,missing,Proposed: add as member of relation 1200009 (Romeriksleden). Do not modify existing members of relation 1200009 (Romeriksleden). Research aid only. Existing OSM object: way/544833785.
node/5865065935,https://www.openstreetmap.org/node/5865065935,Comfort Hotel Xpress Central Station,59.9106862,10.7487686,hotel,,,1138.3,1200009,missing,Proposed: add as member of relation 1200009 (Romeriksleden). Do not modify existing members of relation 1200009 (Romeriksleden). Research aid only. Existing OSM object: node/5865065935.
way/102746817,https://www.openstreetmap.org/way/102746817,,59.9917439,11.1101400,,shelter,yes,1139.0,1200009,missing,Proposed: add as member of relation 1200009 (Romeriksleden). Do not modify existing members of relation 1200009 (Romeriksleden). Research aid only. Existing OSM object: way/102746817.
way/286882949,https://www.openstreetmap.org/way/286882949,,59.9208371,10.7807209,,shelter,roof,1145.0,1200009,missing,Proposed: add as member of relation 1200009 (Romeriksleden). Do not modify existing members of relation 1200009 (Romeriksleden). Research aid only. Existing OSM object: way/286882949.
way/932211252,https://www.openstreetmap.org/way/932211252,Quality Airport Hotel Gardermoen,60.1637344,11.1616013,hotel,,hotel,115.4,1200009,missing,Proposed: add as member of relation 1200009 (Romeriksleden). Do not modify existing members of relation 1200009 (Romeriksleden). Research aid only. Existing OSM object: way/932211252.
way/232396283,https://www.openstreetmap.org/way/232396283,,61.1027884,10.4984883,,shelter,yes,1153.8,1200009,missing,Proposed: add as member of relation 1200009 (Romeriksleden). Do not modify existing members of relation 1200009 (Romeriksleden). Research aid only. Existing OSM object: way/232396283.
way/286882950,https://www.openstreetmap.org/way/286882950,,59.9209287,10.7804245,,shelter,roof,1163.0,1200009,missing,Proposed: add as member of relation 1200009 (Romeriksleden). Do not modify existing members of relation 1200009 (Romeriksleden). Research aid only. Existing OSM object: way/286882950.
way/533027231,https://www.openstreetmap.org/way/533027231,,59.9239399,10.8797947,,shelter,roof,1171.2,1200009,missing,Proposed: add as member of relation 1200009 (Romeriksleden). Do not modify existing members of relation 1200009 (Romeriksleden). Research aid only. Existing OSM object: way/533027231.
node/6800398119,https://www.openstreetmap.org/node/6800398119,Lier gård,60.9207857,10.9353420,guest_house,,,1171.2,1200009,missing,Proposed: add as member of relation 1200009 (Romeriksleden). Do not modify existing members of relation 1200009 (Romeriksleden). Research aid only. Existing OSM object: node/6800398119.
node/667447334,https://www.openstreetmap.org/node/667447334,Citybox Oslo,59.9103470,10.7472430,hotel,,,1173.0,1200009,missing,Proposed: add as member of relation 1200009 (Romeriksleden). Do not modify existing members of relation 1200009 (Romeriksleden). Research aid only. Existing OSM object: node/667447334.
node/679406857,https://www.openstreetmap.org/node/679406857,Thon Hotel Terminus,59.9133630,10.7528010,hotel,,,1178.2,1200009,missing,Proposed: add as member of relation 1200009 (Romeriksleden). Do not modify existing members of relation 1200009 (Romeriksleden). Research aid only. Existing OSM object: node/679406857.
way/316003123,https://www.openstreetmap.org/way/316003123,Josefkoia,60.5562550,11.2935198,,shelter,cabin,1194.6,1200009,missing,Proposed: add as member of relation 1200009 (Romeriksleden). Do not modify existing members of relation 1200009 (Romeriksleden). Research aid only. Existing OSM object: way/316003123.
way/1414028323,https://www.openstreetmap.org/way/1414028323,,60.3247324,11.2448499,guest_house,,yes,12.9,1200009,missing,Proposed: add as member of relation 1200009 (Romeriksleden). Do not modify existing members of relation 1200009 (Romeriksleden). Research aid only. Existing OSM object: way/1414028323.
way/1414028326,https://www.openstreetmap.org/way/1414028326,,60.3245634,11.2447219,guest_house,,yes,12.9,1200009,missing,Proposed: add as member of relation 1200009 (Romeriksleden). Do not modify existing members of relation 1200009 (Romeriksleden). Research aid only. Existing OSM object: way/1414028326.
node/376577902,https://www.openstreetmap.org/node/376577902,Scandic Oslo City,59.9119370,10.7492140,hotel,,,1227.2,1200009,missing,Proposed: add as member of relation 1200009 (Romeriksleden). Do not modify existing members of relation 1200009 (Romeriksleden). Research aid only. Existing OSM object: node/376577902.
node/1857875111,https://www.openstreetmap.org/node/1857875111,Birkebeineren Hotel & Apartments,61.1204615,10.4783233,hotel,,,1229.2,1200009,missing,Proposed: add as member of relation 1200009 (Romeriksleden). Do not modify existing members of relation 1200009 (Romeriksleden). Research aid only. Existing OSM object: node/1857875111.
node/9549423817,https://www.openstreetmap.org/node/9549423817,Clarion Hotel The Hub,59.9124689,10.7500425,hotel,,,1231.5,1200009,missing,Proposed: add as member of relation 1200009 (Romeriksleden). Do not modify existing members of relation 1200009 (Romeriksleden). Research aid only. Existing OSM object: node/9549423817.
way/819704341,https://www.openstreetmap.org/way/819704341,Hagehuset,59.9181748,10.7728965,,shelter,civic,1245.9,1200009,missing,Proposed: add as member of relation 1200009 (Romeriksleden). Do not modify existing members of relation 1200009 (Romeriksleden). Research aid only. Existing OSM object: way/819704341.
way/1044492393,https://www.openstreetmap.org/way/1044492393,Raknehuken,60.1464675,11.1359491,,shelter,yes,125.5,1200009,missing,Proposed: add as member of relation 1200009 (Romeriksleden). Do not modify existing members of relation 1200009 (Romeriksleden). Research aid only. Existing OSM object: way/1044492393.
way/955049810,https://www.openstreetmap.org/way/955049810,Radisson RED Oslo Økern,59.9304048,10.7993380,hotel,,hotel,1250.3,1200009,missing,Proposed: add as member of relation 1200009 (Romeriksleden). Do not modify existing members of relation 1200009 (Romeriksleden). Research aid only. Existing OSM object: way/955049810.
node/836596664,https://www.openstreetmap.org/node/836596664,Thon Hotel Astoria,59.9111520,10.7467970,hotel,,,1252.4,1200009,missing,Proposed: add as member of relation 1200009 (Romeriksleden). Do not modify existing members of relation 1200009 (Romeriksleden). Research aid only. Existing OSM object: node/836596664.
node/13641108001,https://www.openstreetmap.org/node/13641108001,Hobo Hotel,59.9112809,10.7469561,hotel,,,1256.2,1200009,missing,Proposed: add as member of relation 1200009 (Romeriksleden). Do not modify existing members of relation 1200009 (Romeriksleden). Research aid only. Existing OSM object: node/13641108001.
way/622740834,https://www.openstreetmap.org/way/622740834,,59.9188145,10.8614226,picnic_site,,,1260.4,1200009,missing,Proposed: add as member of relation 1200009 (Romeriksleden). Do not modify existing members of relation 1200009 (Romeriksleden). Research aid only. Existing OSM object: way/622740834.
way/938568708,https://www.openstreetmap.org/way/938568708,,59.9139601,10.7516756,,shelter,,1269.5,1200009,missing,Proposed: add as member of relation 1200009 (Romeriksleden). Do not modify existing members of relation 1200009 (Romeriksleden). Research aid only. Existing OSM object: way/938568708.
way/1125840637,https://www.openstreetmap.org/way/1125840637,,59.9141403,10.7518723,,shelter,,1275.9,1200009,missing,Proposed: add as member of relation 1200009 (Romeriksleden). Do not modify existing members of relation 1200009 (Romeriksleden). Research aid only. Existing OSM object: way/1125840637.
way/707911531,https://www.openstreetmap.org/way/707911531,Pilgrimsstuggua,60.9024771,10.7239352,hostel,,religious,128.6,1200009,missing,Proposed: add as member of relation 1200009 (Romeriksleden). Do not modify existing members of relation 1200009 (Romeriksleden). Research aid only. Existing OSM object: way/707911531.
way/938568697,https://www.openstreetmap.org/way/938568697,,59.9137764,10.7510582,,shelter,,1280.3,1200009,missing,Proposed: add as member of relation 1200009 (Romeriksleden). Do not modify existing members of relation 1200009 (Romeriksleden). Research aid only. Existing OSM object: way/938568697.
way/1125840636,https://www.openstreetmap.org/way/1125840636,,59.9139528,10.7512488,,shelter,,1286.0,1200009,missing,Proposed: add as member of relation 1200009 (Romeriksleden). Do not modify existing members of relation 1200009 (Romeriksleden). Research aid only. Existing OSM object: way/1125840636.
node/9535901071,https://www.openstreetmap.org/node/9535901071,,59.9284712,10.7899433,picnic_site,,,1287.5,1200009,missing,Proposed: add as member of relation 1200009 (Romeriksleden). Do not modify existing members of relation 1200009 (Romeriksleden). Research aid only. Existing OSM object: node/9535901071.
node/9535901072,https://www.openstreetmap.org/node/9535901072,,59.9285339,10.7898642,picnic_site,,,1295.7,1200009,missing,Proposed: add as member of relation 1200009 (Romeriksleden). Do not modify existing members of relation 1200009 (Romeriksleden). Research aid only. Existing OSM object: node/9535901072.
way/936897461,https://www.openstreetmap.org/way/936897461,,60.1554069,11.1815924,,shelter,yes,1297.3,1200009,missing,Proposed: add as member of relation 1200009 (Romeriksleden). Do not modify existing members of relation 1200009 (Romeriksleden). Research aid only. Existing OSM object: way/936897461.
node/4897170464,https://www.openstreetmap.org/node/4897170464,,59.9492528,10.8704157,picnic_site,,,1299.7,1200009,missing,Proposed: add as member of relation 1200009 (Romeriksleden). Do not modify existing members of relation 1200009 (Romeriksleden). Research aid only. Existing OSM object: node/4897170464.
node/7900561406,https://www.openstreetmap.org/node/7900561406,,61.0349065,10.5219189,,shelter,,13.9,1200009,missing,Proposed: add as member of relation 1200009 (Romeriksleden). Do not modify existing members of relation 1200009 (Romeriksleden). Research aid only. Existing OSM object: node/7900561406.
node/6646674801,https://www.openstreetmap.org/node/6646674801,,60.4231775,11.2907058,picnic_site,,,130.1,1200009,missing,Proposed: add as member of relation 1200009 (Romeriksleden). Do not modify existing members of relation 1200009 (Romeriksleden). Research aid only. Existing OSM object: node/6646674801.
node/9219867890,https://www.openstreetmap.org/node/9219867890,,59.9007270,10.8052881,picnic_site,,,1301.1,1200009,missing,Proposed: add as member of relation 1200009 (Romeriksleden). Do not modify existing members of relation 1200009 (Romeriksleden). Research aid only. Existing OSM object: node/9219867890.
node/9720730168,https://www.openstreetmap.org/node/9720730168,,59.9277251,10.7878526,picnic_site,,,1301.6,1200009,missing,Proposed: add as member of relation 1200009 (Romeriksleden). Do not modify existing members of relation 1200009 (Romeriksleden). Research aid only. Existing OSM object: node/9720730168.
node/9535901073,https://www.openstreetmap.org/node/9535901073,,59.9285448,10.7895785,picnic_site,,,1306.5,1200009,missing,Proposed: add as member of relation 1200009 (Romeriksleden). Do not modify existing members of relation 1200009 (Romeriksleden). Research aid only. Existing OSM object: node/9535901073.
node/4738519186,https://www.openstreetmap.org/node/4738519186,Home Hotel Folketeateret,59.9139807,10.7505941,hotel,,,1314.7,1200009,missing,Proposed: add as member of relation 1200009 (Romeriksleden). Do not modify existing members of relation 1200009 (Romeriksleden). Research aid only. Existing OSM object: node/4738519186.
way/924140596,https://www.openstreetmap.org/way/924140596,,60.2545494,11.2095262,,shelter,yes,1318.5,1200009,missing,Proposed: add as member of relation 1200009 (Romeriksleden). Do not modify existing members of relation 1200009 (Romeriksleden). Research aid only. Existing OSM object: way/924140596.
way/936524992,https://www.openstreetmap.org/way/936524992,,60.1844235,11.1291901,,shelter,yes,1318.6,1200009,missing,Proposed: add as member of relation 1200009 (Romeriksleden). Do not modify existing members of relation 1200009 (Romeriksleden). Research aid only. Existing OSM object: way/936524992.
way/1126111621,https://www.openstreetmap.org/way/1126111621,,59.9170263,10.7584032,,shelter,,1340.7,1200009,missing,Proposed: add as member of relation 1200009 (Romeriksleden). Do not modify existing members of relation 1200009 (Romeriksleden). Research aid only. Existing OSM object: way/1126111621.
node/6817579801,https://www.openstreetmap.org/node/6817579801,Bob W. ZSentralen,59.9114708,10.7451841,hotel,,,1342.0,1200009,missing,Proposed: add as member of relation 1200009 (Romeriksleden). Do not modify existing members of relation 1200009 (Romeriksleden). Research aid only. Existing OSM object: node/6817579801.
node/4736654304,https://www.openstreetmap.org/node/4736654304,Comfort Hotel Karl Johan,59.9117035,10.7454904,hotel,,,1347.4,1200009,missing,Proposed: add as member of relation 1200009 (Romeriksleden). Do not modify existing members of relation 1200009 (Romeriksleden). Research aid only. Existing OSM object: node/4736654304.
way/1126111625,https://www.openstreetmap.org/way/1126111625,,59.9170602,10.7581311,,shelter,,1350.2,1200009,missing,Proposed: add as member of relation 1200009 (Romeriksleden). Do not modify existing members of relation 1200009 (Romeriksleden). Research aid only. Existing OSM object: way/1126111625.
node/475861369,https://www.openstreetmap.org/node/475861369,Anker Hostel,59.9170480,10.7576500,hostel,,,1360.0,1200009,missing,Proposed: add as member of relation 1200009 (Romeriksleden). Do not modify existing members of relation 1200009 (Romeriksleden). Research aid only. Existing OSM object: node/475861369.
node/9424855650,https://www.openstreetmap.org/node/9424855650,,59.9217511,10.7766592,picnic_site,,,1366.1,1200009,missing,Proposed: add as member of relation 1200009 (Romeriksleden). Do not modify existing members of relation 1200009 (Romeriksleden). Research aid only. Existing OSM object: node/9424855650.
way/970717370,https://www.openstreetmap.org/way/970717370,,60.2479164,11.2064383,,shelter,yes,1370.0,1200009,missing,Proposed: add as member of relation 1200009 (Romeriksleden). Do not modify existing members of relation 1200009 (Romeriksleden). Research aid only. Existing OSM object: way/970717370.
node/11489086938,https://www.openstreetmap.org/node/11489086938,,59.9424539,10.8469037,picnic_site,,,1374.0,1200009,missing,Proposed: add as member of relation 1200009 (Romeriksleden). Do not modify existing members of relation 1200009 (Romeriksleden). Research aid only. Existing OSM object: node/11489086938.
way/444287714,https://www.openstreetmap.org/way/444287714,,60.1136470,11.1880970,picnic_site,,roof,138.5,1200009,missing,Proposed: add as member of relation 1200009 (Romeriksleden). Do not modify existing members of relation 1200009 (Romeriksleden). Research aid only. Existing OSM object: way/444287714.
way/233882200,https://www.openstreetmap.org/way/233882200,Lysthus,59.9191763,10.7710779,,shelter,yes,1390.4,1200009,missing,Proposed: add as member of relation 1200009 (Romeriksleden). Do not modify existing members of relation 1200009 (Romeriksleden). Research aid only. Existing OSM object: way/233882200.
node/311268459,https://www.openstreetmap.org/node/311268459,Att Kvadraturen,59.9094670,10.7408580,hotel,,,1406.5,1200009,missing,Proposed: add as member of relation 1200009 (Romeriksleden). Do not modify existing members of relation 1200009 (Romeriksleden). Research aid only. Existing OSM object: node/311268459.
node/475861368,https://www.openstreetmap.org/node/475861368,Anker Hotel,59.9175930,10.7580350,hotel,,,1406.7,1200009,missing,Proposed: add as member of relation 1200009 (Romeriksleden). Do not modify existing members of relation 1200009 (Romeriksleden). Research aid only. Existing OSM object: node/475861368.
node/2785921067,https://www.openstreetmap.org/node/2785921067,K7 Hotel Oslo,59.9099470,10.7414060,hotel,,,1407.3,1200009,missing,Proposed: add as member of relation 1200009 (Romeriksleden). Do not modify existing members of relation 1200009 (Romeriksleden). Research aid only. Existing OSM object: node/2785921067.
way/1528620612,https://www.openstreetmap.org/way/1528620612,,59.9101734,10.8301173,,shelter,yes,1412.5,1200009,missing,Proposed: add as member of relation 1200009 (Romeriksleden). Do not modify existing members of relation 1200009 (Romeriksleden). Research aid only. Existing OSM object: way/1528620612.
way/1528620610,https://www.openstreetmap.org/way/1528620610,,59.9105561,10.8317821,,shelter,yes,1418.0,1200009,missing,Proposed: add as member of relation 1200009 (Romeriksleden). Do not modify existing members of relation 1200009 (Romeriksleden). Research aid only. Existing OSM object: way/1528620610.
way/316003443,https://www.openstreetmap.org/way/316003443,Knappkoia,60.5187168,11.3325582,,shelter,hut,1421.6,1200009,missing,Proposed: add as member of relation 1200009 (Romeriksleden). Do not modify existing members of relation 1200009 (Romeriksleden). Research aid only. Existing OSM object: way/316003443.
way/1528620611,https://www.openstreetmap.org/way/1528620611,,59.9104039,10.8314201,,shelter,yes,1424.5,1200009,missing,Proposed: add as member of relation 1200009 (Romeriksleden). Do not modify existing members of relation 1200009 (Romeriksleden). Research aid only. Existing OSM object: way/1528620611.
node/9429420537,https://www.openstreetmap.org/node/9429420537,,59.9291005,10.7875788,picnic_site,,,1425.0,1200009,missing,Proposed: add as member of relation 1200009 (Romeriksleden). Do not modify existing members of relation 1200009 (Romeriksleden). Research aid only. Existing OSM object: node/9429420537.
way/1528620613,https://www.openstreetmap.org/way/1528620613,,59.9100254,10.8301817,,shelter,yes,1428.4,1200009,missing,Proposed: add as member of relation 1200009 (Romeriksleden). Do not modify existing members of relation 1200009 (Romeriksleden). Research aid only. Existing OSM object: way/1528620613.
node/33245456,https://www.openstreetmap.org/node/33245456,Thon Hotell Linne,59.9394772,10.8291547,hotel,,,1432.9,1200009,missing,Proposed: add as member of relation 1200009 (Romeriksleden). Do not modify existing members of relation 1200009 (Romeriksleden). Research aid only. Existing OSM object: node/33245456.
node/9720730152,https://www.openstreetmap.org/node/9720730152,,59.9297272,10.7888755,picnic_site,,,1434.4,1200009,missing,Proposed: add as member of relation 1200009 (Romeriksleden). Do not modify existing members of relation 1200009 (Romeriksleden). Research aid only. Existing OSM object: node/9720730152.
way/819704339,https://www.openstreetmap.org/way/819704339,Piknikplen,59.9193652,10.7700564,picnic_site,,,1435.1,1200009,missing,Proposed: add as member of relation 1200009 (Romeriksleden). Do not modify existing members of relation 1200009 (Romeriksleden). Research aid only. Existing OSM object: way/819704339.
node/9720730151,https://www.openstreetmap.org/node/9720730151,,59.9297546,10.7888047,picnic_site,,,1439.2,1200009,missing,Proposed: add as member of relation 1200009 (Romeriksleden). Do not modify existing members of relation 1200009 (Romeriksleden). Research aid only. Existing OSM object: node/9720730151.
way/1076352805,https://www.openstreetmap.org/way/1076352805,,60.2811856,11.1751707,,shelter,yes,144.3,1200009,missing,Proposed: add as member of relation 1200009 (Romeriksleden). Do not modify existing members of relation 1200009 (Romeriksleden). Research aid only. Existing OSM object: way/1076352805.
way/923978014,https://www.openstreetmap.org/way/923978014,,60.2542966,11.2118919,,shelter,yes,1451.7,1200009,missing,Proposed: add as member of relation 1200009 (Romeriksleden). Do not modify existing members of relation 1200009 (Romeriksleden). Research aid only. Existing OSM object: way/923978014.
way/545725232,https://www.openstreetmap.org/way/545725232,,60.2454136,11.2054613,,shelter,,1454.1,1200009,missing,Proposed: add as member of relation 1200009 (Romeriksleden). Do not modify existing members of relation 1200009 (Romeriksleden). Research aid only. Existing OSM object: way/545725232.
node/3108302194,https://www.openstreetmap.org/node/3108302194,Gjestehus Fokhol,60.7225249,11.1536556,guest_house,,,1467.9,1200009,missing,Proposed: add as member of relation 1200009 (Romeriksleden). Do not modify existing members of relation 1200009 (Romeriksleden). Research aid only. Existing OSM object: node/3108302194.
way/936524945,https://www.openstreetmap.org/way/936524945,Bergmoen,60.1747283,11.1404837,,shelter,yes,1475.4,1200009,missing,Proposed: add as member of relation 1200009 (Romeriksleden). Do not modify existing members of relation 1200009 (Romeriksleden). Research aid only. Existing OSM object: way/936524945.
way/501349677,https://www.openstreetmap.org/way/501349677,Huskebråtan,60.3146768,11.2641451,picnic_site,,roof,1486.6,1200009,missing,Proposed: add as member of relation 1200009 (Romeriksleden). Do not modify existing members of relation 1200009 (Romeriksleden). Research aid only. Existing OSM object: way/501349677.
node/1363026029,https://www.openstreetmap.org/node/1363026029,First Hotel Millennium,59.9112850,10.7411740,hotel,,,1501.5,1200009,missing,Proposed: add as member of relation 1200009 (Romeriksleden). Do not modify existing members of relation 1200009 (Romeriksleden). Research aid only. Existing OSM object: node/1363026029.
node/7139926018,https://www.openstreetmap.org/node/7139926018,,59.9253643,10.7797979,picnic_site,,,1510.4,1200009,missing,Proposed: add as member of relation 1200009 (Romeriksleden). Do not modify existing members of relation 1200009 (Romeriksleden). Research aid only. Existing OSM object: node/7139926018.
node/667383136,https://www.openstreetmap.org/node/667383136,"Radisson RED Oslo City Centre, A Verified Net Zero Hotel",59.9111483,10.7407086,hotel,,,1513.6,1200009,missing,Proposed: add as member of relation 1200009 (Romeriksleden). Do not modify existing members of relation 1200009 (Romeriksleden). Research aid only. Existing OSM object: node/667383136.
way/868172155,https://www.openstreetmap.org/way/868172155,,59.9561241,10.8770406,,shelter,yes,1543.0,1200009,missing,Proposed: add as member of relation 1200009 (Romeriksleden). Do not modify existing members of relation 1200009 (Romeriksleden). Research aid only. Existing OSM object: way/868172155.
way/112243882,https://www.openstreetmap.org/way/112243882,Comfort Hotel Xpress,59.9164310,10.7495678,hotel,,school,1550.1,1200009,missing,Proposed: add as member of relation 1200009 (Romeriksleden). Do not modify existing members of relation 1200009 (Romeriksleden). Research aid only. Existing OSM object: way/112243882.
way/1161703357,https://www.openstreetmap.org/way/1161703357,,60.0102547,11.0307764,,shelter,yes,1559.7,1200009,missing,Proposed: add as member of relation 1200009 (Romeriksleden). Do not modify existing members of relation 1200009 (Romeriksleden). Research aid only. Existing OSM object: way/1161703357.
node/4041291900,https://www.openstreetmap.org/node/4041291900,,59.9201786,10.8783625,picnic_site,,,1570.5,1200009,missing,Proposed: add as member of relation 1200009 (Romeriksleden). Do not modify existing members of relation 1200009 (Romeriksleden). Research aid only. Existing OSM object: node/4041291900.
node/13416254702,https://www.openstreetmap.org/node/13416254702,Lily country club,60.0768093,11.1586261,hotel,,,158.9,1200009,missing,Proposed: add as member of relation 1200009 (Romeriksleden). Do not modify existing members of relation 1200009 (Romeriksleden). Research aid only. Existing OSM object: node/13416254702.
way/975789169,https://www.openstreetmap.org/way/975789169,,60.2517555,11.2134235,,shelter,yes,1596.6,1200009,missing,Proposed: add as member of relation 1200009 (Romeriksleden). Do not modify existing members of relation 1200009 (Romeriksleden). Research aid only. Existing OSM object: way/975789169.
node/8988290929,https://www.openstreetmap.org/node/8988290929,,59.9057578,10.7698609,,shelter,,16.0,1200009,missing,Proposed: add as member of relation 1200009 (Romeriksleden). Do not modify existing members of relation 1200009 (Romeriksleden). Research aid only. Existing OSM object: node/8988290929.
node/6131103886,https://www.openstreetmap.org/node/6131103886,,60.9944634,10.6434667,,shelter,,16.8,1200009,missing,Proposed: add as member of relation 1200009 (Romeriksleden). Do not modify existing members of relation 1200009 (Romeriksleden). Research aid only. Existing OSM object: node/6131103886.
way/1384564176,https://www.openstreetmap.org/way/1384564176,Vilberg barnehage grillstua,60.3323336,11.2575809,,shelter,yes,160.3,1200009,missing,Proposed: add as member of relation 1200009 (Romeriksleden). Do not modify existing members of relation 1200009 (Romeriksleden). Research aid only. Existing OSM object: way/1384564176.
way/561345916,https://www.openstreetmap.org/way/561345916,Røyslimoen Messenlivegen,61.1007471,10.5068176,,shelter,yes,1608.9,1200009,missing,Proposed: add as member of relation 1200009 (Romeriksleden). Do not modify existing members of relation 1200009 (Romeriksleden). Research aid only. Existing OSM object: way/561345916.
node/6759752968,https://www.openstreetmap.org/node/6759752968,Røyslimoen Messenlivegen,61.1007529,10.5068307,,shelter,yes,1609.5,1200009,missing,Proposed: add as member of relation 1200009 (Romeriksleden). Do not modify existing members of relation 1200009 (Romeriksleden). Research aid only. Existing OSM object: node/6759752968.
way/840248027,https://www.openstreetmap.org/way/840248027,,60.1517814,11.1957688,,shelter,yes,1628.1,1200009,missing,Proposed: add as member of relation 1200009 (Romeriksleden). Do not modify existing members of relation 1200009 (Romeriksleden). Research aid only. Existing OSM object: way/840248027.
way/560571763,https://www.openstreetmap.org/way/560571763,Tiriltunga,61.1033342,10.5073603,,shelter,yes,1633.3,1200009,missing,Proposed: add as member of relation 1200009 (Romeriksleden). Do not modify existing members of relation 1200009 (Romeriksleden). Research aid only. Existing OSM object: way/560571763.
node/14097715653,https://www.openstreetmap.org/node/14097715653,,60.1346057,11.2063173,,shelter,,1642.2,1200009,missing,Proposed: add as member of relation 1200009 (Romeriksleden). Do not modify existing members of relation 1200009 (Romeriksleden). Research aid only. Existing OSM object: node/14097715653.
node/6812447356,https://www.openstreetmap.org/node/6812447356,Bjerknes B&B,60.3903006,11.2424818,apartment,,,1645.1,1200009,missing,Proposed: add as member of relation 1200009 (Romeriksleden). Do not modify existing members of relation 1200009 (Romeriksleden). Research aid only. Existing OSM object: node/6812447356.
node/3685379779,https://www.openstreetmap.org/node/3685379779,Fremmingvangen,60.4264976,11.3228352,chalet,,,1649.2,1200009,missing,Proposed: add as member of relation 1200009 (Romeriksleden). Do not modify existing members of relation 1200009 (Romeriksleden). Research aid only. Existing OSM object: node/3685379779.
way/231268948,https://www.openstreetmap.org/way/231268948,,61.0958422,10.5062276,,shelter,,1659.2,1200009,missing,Proposed: add as member of relation 1200009 (Romeriksleden). Do not modify existing members of relation 1200009 (Romeriksleden). Research aid only. Existing OSM object: way/231268948.
node/2385414243,https://www.openstreetmap.org/node/2385414243,,60.6619859,11.1383409,,shelter,,1677.2,1200009,missing,Proposed: add as member of relation 1200009 (Romeriksleden). Do not modify existing members of relation 1200009 (Romeriksleden). Research aid only. Existing OSM object: node/2385414243.
node/441003836,https://www.openstreetmap.org/node/441003836,Home Hotel Astoria,60.7932827,11.0748947,hotel,,,169.0,1200009,missing,Proposed: add as member of relation 1200009 (Romeriksleden). Do not modify existing members of relation 1200009 (Romeriksleden). Research aid only. Existing OSM object: node/441003836.
way/220272809,https://www.openstreetmap.org/way/220272809,Storenga Camping,60.3967486,11.2442103,camp_site,,,1693.8,1200009,missing,Proposed: add as member of relation 1200009 (Romeriksleden). Do not modify existing members of relation 1200009 (Romeriksleden). Research aid only. Existing OSM object: way/220272809.
way/935171656,https://www.openstreetmap.org/way/935171656,,60.1491216,11.1503044,,shelter,yes,170.8,1200009,missing,Proposed: add as member of relation 1200009 (Romeriksleden). Do not modify existing members of relation 1200009 (Romeriksleden). Research aid only. Existing OSM object: way/935171656.
node/864946066,https://www.openstreetmap.org/node/864946066,P-Hotels Oslo,59.9143950,10.7418960,hotel,,,1701.2,1200009,missing,Proposed: add as member of relation 1200009 (Romeriksleden). Do not modify existing members of relation 1200009 (Romeriksleden). Research aid only. Existing OSM object: node/864946066.
way/1298201382,https://www.openstreetmap.org/way/1298201382,Thon Hotel Snø,59.9476393,10.9536349,hotel,,yes,1707.8,1200009,missing,Proposed: add as member of relation 1200009 (Romeriksleden). Do not modify existing members of relation 1200009 (Romeriksleden). Research aid only. Existing OSM object: way/1298201382.
node/12809625228,https://www.openstreetmap.org/node/12809625228,,59.9647778,10.9367127,,shelter,,172.8,1200009,missing,Proposed: add as member of relation 1200009 (Romeriksleden). Do not modify existing members of relation 1200009 (Romeriksleden). Research aid only. Existing OSM object: node/12809625228.
way/305170131,https://www.openstreetmap.org/way/305170131,,59.9108247,10.7358905,,shelter,roof,1721.9,1200009,missing,Proposed: add as member of relation 1200009 (Romeriksleden). Do not modify existing members of relation 1200009 (Romeriksleden). Research aid only. Existing OSM object: way/305170131.
node/1884362795,https://www.openstreetmap.org/node/1884362795,Scandic Grensen,59.9143770,10.7412730,hotel,,,1723.8,1200009,missing,Proposed: add as member of relation 1200009 (Romeriksleden). Do not modify existing members of relation 1200009 (Romeriksleden). Research aid only. Existing OSM object: node/1884362795.
node/5015490124,https://www.openstreetmap.org/node/5015490124,Scandic Karl Johan,59.9141673,10.7408032,hotel,,,1725.8,1200009,missing,Proposed: add as member of relation 1200009 (Romeriksleden). Do not modify existing members of relation 1200009 (Romeriksleden). Research aid only. Existing OSM object: node/5015490124.
way/305170133,https://www.openstreetmap.org/way/305170133,,59.9109741,10.7356254,,shelter,roof,1742.9,1200009,missing,Proposed: add as member of relation 1200009 (Romeriksleden). Do not modify existing members of relation 1200009 (Romeriksleden). Research aid only. Existing OSM object: way/305170133.
node/307505492,https://www.openstreetmap.org/node/307505492,Grand Hotel,59.9137334,10.7394776,hotel,,,1746.7,1200009,missing,Proposed: add as member of relation 1200009 (Romeriksleden). Do not modify existing members of relation 1200009 (Romeriksleden). Research aid only. Existing OSM object: node/307505492.
node/9309679717,https://www.openstreetmap.org/node/9309679717,Aso House,59.9684373,10.9982071,apartment,,,1773.2,1200009,missing,Proposed: add as member of relation 1200009 (Romeriksleden). Do not modify existing members of relation 1200009 (Romeriksleden). Research aid only. Existing OSM object: node/9309679717.
node/441543679,https://www.openstreetmap.org/node/441543679,Thon Hotel Cecil,59.9128370,10.7373750,hotel,,,1774.4,1200009,missing,Proposed: add as member of relation 1200009 (Romeriksleden). Do not modify existing members of relation 1200009 (Romeriksleden). Research aid only. Existing OSM object: node/441543679.
node/1884426647,https://www.openstreetmap.org/node/1884426647,Scandic Victoria,59.9125960,10.7369480,hotel,,,1777.7,1200009,missing,Proposed: add as member of relation 1200009 (Romeriksleden). Do not modify existing members of relation 1200009 (Romeriksleden). Research aid only. Existing OSM object: node/1884426647.
node/1437766224,https://www.openstreetmap.org/node/1437766224,Hotell Bondeheimen,59.9147106,10.7403548,hotel,,,1786.1,1200009,missing,Proposed: add as member of relation 1200009 (Romeriksleden). Do not modify existing members of relation 1200009 (Romeriksleden). Research aid only. Existing OSM object: node/1437766224.
way/701744323,https://www.openstreetmap.org/way/701744323,,60.1715974,11.1689951,,shelter,yes,18.9,1200009,missing,Proposed: add as member of relation 1200009 (Romeriksleden). Do not modify existing members of relation 1200009 (Romeriksleden). Research aid only. Existing OSM object: way/701744323.
node/6767271832,https://www.openstreetmap.org/node/6767271832,Hotel Verdandi,59.9124161,10.7362027,hotel,,,1800.3,1200009,missing,Proposed: add as member of relation 1200009 (Romeriksleden). Do not modify existing members of relation 1200009 (Romeriksleden). Research aid only. Existing OSM object: node/6767271832.
node/2785848162,https://www.openstreetmap.org/node/2785848162,Karl Johan hotell,59.9140450,10.7386260,hotel,,,1805.2,1200009,missing,Proposed: add as member of relation 1200009 (Romeriksleden). Do not modify existing members of relation 1200009 (Romeriksleden). Research aid only. Existing OSM object: node/2785848162.
way/219133522,https://www.openstreetmap.org/way/219133522,,59.9592965,10.8764870,,shelter,roof,1812.0,1200009,missing,Proposed: add as member of relation 1200009 (Romeriksleden). Do not modify existing members of relation 1200009 (Romeriksleden). Research aid only. Existing OSM object: way/219133522.
way/228288274,https://www.openstreetmap.org/way/228288274,,59.9576206,10.9183866,picnic_site,,,182.0,1200009,missing,Proposed: add as member of relation 1200009 (Romeriksleden). Do not modify existing members of relation 1200009 (Romeriksleden). Research aid only. Existing OSM object: way/228288274.
node/6812447361,https://www.openstreetmap.org/node/6812447361,Smakfulle Rom konferansegård,60.0351987,11.1874509,guest_house,,,1826.6,1200009,missing,Proposed: add as member of relation 1200009 (Romeriksleden). Do not modify existing members of relation 1200009 (Romeriksleden). Research aid only. Existing OSM object: node/6812447361.
node/9105254448,https://www.openstreetmap.org/node/9105254448,,60.2483087,11.2157178,,shelter,,1834.8,1200009,missing,Proposed: add as member of relation 1200009 (Romeriksleden). Do not modify existing members of relation 1200009 (Romeriksleden). Research aid only. Existing OSM object: node/9105254448.
way/219528798,https://www.openstreetmap.org/way/219528798,,59.9614939,10.8807630,,shelter,roof,1836.1,1200009,missing,Proposed: add as member of relation 1200009 (Romeriksleden). Do not modify existing members of relation 1200009 (Romeriksleden). Research aid only. Existing OSM object: way/219528798.
node/10911645404,https://www.openstreetmap.org/node/10911645404,Sveen gård,60.7618556,11.0810525,chalet,,,184.3,1200009,missing,Proposed: add as member of relation 1200009 (Romeriksleden). Do not modify existing members of relation 1200009 (Romeriksleden). Research aid only. Existing OSM object: node/10911645404.
node/1929813126,https://www.openstreetmap.org/node/1929813126,Hotel Bristol,59.9151620,10.7397120,hotel,,,1847.1,1200009,missing,Proposed: add as member of relation 1200009 (Romeriksleden). Do not modify existing members of relation 1200009 (Romeriksleden). Research aid only. Existing OSM object: node/1929813126.
node/12669709321,https://www.openstreetmap.org/node/12669709321,Forenom Apartments,59.9289309,10.7769546,apartment,,,1852.2,1200009,missing,Proposed: add as member of relation 1200009 (Romeriksleden). Do not modify existing members of relation 1200009 (Romeriksleden). Research aid only. Existing OSM object: node/12669709321.
node/376571925,https://www.openstreetmap.org/node/376571925,Thon Hotel Rosenkrantz,59.9156730,10.7405000,hotel,parking,,1858.4,1200009,missing,Proposed: add as member of relation 1200009 (Romeriksleden). Do not modify existing members of relation 1200009 (Romeriksleden). Research aid only. Existing OSM object: node/376571925.
node/6621211944,https://www.openstreetmap.org/node/6621211944,,60.3614442,11.2444770,,shelter,,1864.1,1200009,missing,Proposed: add as member of relation 1200009 (Romeriksleden). Do not modify existing members of relation 1200009 (Romeriksleden). Research aid only. Existing OSM object: node/6621211944.
way/232301767,https://www.openstreetmap.org/way/232301767,,61.1021487,10.5118130,,shelter,yes,1868.4,1200009,missing,Proposed: add as member of relation 1200009 (Romeriksleden). Do not modify existing members of relation 1200009 (Romeriksleden). Research aid only. Existing OSM object: way/232301767.
node/441543677,https://www.openstreetmap.org/node/441543677,Hotel Christiania Teater,59.9135420,10.7359174,hotel,,,1886.4,1200009,missing,Proposed: add as member of relation 1200009 (Romeriksleden). Do not modify existing members of relation 1200009 (Romeriksleden). Research aid only. Existing OSM object: node/441543677.
node/60753744,https://www.openstreetmap.org/node/60753744,MediInn Hotel Oslo,59.9170003,10.7420746,hotel,,,1892.8,1200009,missing,Proposed: add as member of relation 1200009 (Romeriksleden). Do not modify existing members of relation 1200009 (Romeriksleden). Research aid only. Existing OSM object: node/60753744.
way/219528794,https://www.openstreetmap.org/way/219528794,,59.9581192,10.8718246,,shelter,transportation,1906.2,1200009,missing,Proposed: add as member of relation 1200009 (Romeriksleden). Do not modify existing members of relation 1200009 (Romeriksleden). Research aid only. Existing OSM object: way/219528794.
way/219528806,https://www.openstreetmap.org/way/219528806,,59.9582250,10.8716437,,shelter,transportation,1921.6,1200009,missing,Proposed: add as member of relation 1200009 (Romeriksleden). Do not modify existing members of relation 1200009 (Romeriksleden). Research aid only. Existing OSM object: way/219528806.
node/6836659091,https://www.openstreetmap.org/node/6836659091,,59.9556950,10.8667410,guest_house,,,1922.4,1200009,missing,Proposed: add as member of relation 1200009 (Romeriksleden). Do not modify existing members of relation 1200009 (Romeriksleden). Research aid only. Existing OSM object: node/6836659091.
way/231765221,https://www.openstreetmap.org/way/231765221,,61.1044035,10.5126393,,shelter,yes,1927.3,1200009,missing,Proposed: add as member of relation 1200009 (Romeriksleden). Do not modify existing members of relation 1200009 (Romeriksleden). Research aid only. Existing OSM object: way/231765221.
node/7131583954,https://www.openstreetmap.org/node/7131583954,Sofienbergparken,59.9231358,10.7629364,picnic_site,,,1928.0,1200009,missing,Proposed: add as member of relation 1200009 (Romeriksleden). Do not modify existing members of relation 1200009 (Romeriksleden). Research aid only. Existing OSM object: node/7131583954.
way/1411955711,https://www.openstreetmap.org/way/1411955711,,59.9203330,10.7482909,,shelter,yes,1937.2,1200009,missing,Proposed: add as member of relation 1200009 (Romeriksleden). Do not modify existing members of relation 1200009 (Romeriksleden). Research aid only. Existing OSM object: way/1411955711.
way/882777273,https://www.openstreetmap.org/way/882777273,,59.9228209,10.7591229,,shelter,,1938.8,1200009,missing,Proposed: add as member of relation 1200009 (Romeriksleden). Do not modify existing members of relation 1200009 (Romeriksleden). Research aid only. Existing OSM object: way/882777273.
node/9871186538,https://www.openstreetmap.org/node/9871186538,,59.9617080,10.8782204,picnic_site,,,1941.8,1200009,missing,Proposed: add as member of relation 1200009 (Romeriksleden). Do not modify existing members of relation 1200009 (Romeriksleden). Research aid only. Existing OSM object: node/9871186538.
way/882777274,https://www.openstreetmap.org/way/882777274,,59.9228706,10.7591208,,shelter,,1944.1,1200009,missing,Proposed: add as member of relation 1200009 (Romeriksleden). Do not modify existing members of relation 1200009 (Romeriksleden). Research aid only. Existing OSM object: way/882777274.
node/9435349090,https://www.openstreetmap.org/node/9435349090,,59.9528322,10.8609802,picnic_site,,,1946.3,1200009,missing,Proposed: add as member of relation 1200009 (Romeriksleden). Do not modify existing members of relation 1200009 (Romeriksleden). Research aid only. Existing OSM object: node/9435349090.
way/882777275,https://www.openstreetmap.org/way/882777275,,59.9229965,10.7593138,,shelter,,1955.0,1200009,missing,Proposed: add as member of relation 1200009 (Romeriksleden). Do not modify existing members of relation 1200009 (Romeriksleden). Research aid only. Existing OSM object: way/882777275.
way/810171232,https://www.openstreetmap.org/way/810171232,,59.9144221,10.7356146,,shelter,roof,1960.3,1200009,missing,Proposed: add as member of relation 1200009 (Romeriksleden). Do not modify existing members of relation 1200009 (Romeriksleden). Research aid only. Existing OSM object: way/810171232.
way/232396284,https://www.openstreetmap.org/way/232396284,,61.0996220,10.5131504,,shelter,yes,1962.5,1200009,missing,Proposed: add as member of relation 1200009 (Romeriksleden). Do not modify existing members of relation 1200009 (Romeriksleden). Research aid only. Existing OSM object: way/232396284.
way/550283732,https://www.openstreetmap.org/way/550283732,,61.1023273,10.5135743,,shelter,,1963.0,1200009,missing,Proposed: add as member of relation 1200009 (Romeriksleden). Do not modify existing members of relation 1200009 (Romeriksleden). Research aid only. Existing OSM object: way/550283732.
way/550283715,https://www.openstreetmap.org/way/550283715,,61.1027045,10.5136640,,shelter,,1968.4,1200009,missing,Proposed: add as member of relation 1200009 (Romeriksleden). Do not modify existing members of relation 1200009 (Romeriksleden). Research aid only. Existing OSM object: way/550283715.
node/6812447357,https://www.openstreetmap.org/node/6812447357,Aaraastunet,59.9893057,10.9768411,guest_house,,,197.4,1200009,missing,Proposed: add as member of relation 1200009 (Romeriksleden). Do not modify existing members of relation 1200009 (Romeriksleden). Research aid only. Existing OSM object: node/6812447357.
node/9801834619,https://www.openstreetmap.org/node/9801834619,,59.9307509,10.7770613,picnic_site,,,1971.6,1200009,missing,Proposed: add as member of relation 1200009 (Romeriksleden). Do not modify existing members of relation 1200009 (Romeriksleden). Research aid only. Existing OSM object: node/9801834619.
node/9801834618,https://www.openstreetmap.org/node/9801834618,,59.9307318,10.7770270,picnic_site,,,1971.7,1200009,missing,Proposed: add as member of relation 1200009 (Romeriksleden). Do not modify existing members of relation 1200009 (Romeriksleden). Research aid only. Existing OSM object: node/9801834618.
way/911448766,https://www.openstreetmap.org/way/911448766,,59.9287901,10.8470635,,shelter,yes,2.6,1200009,missing,Proposed: add as member of relation 1200009 (Romeriksleden). Do not modify existing members of relation 1200009 (Romeriksleden). Research aid only. Existing OSM object: way/911448766.
way/936671586,https://www.openstreetmap.org/way/936671586,,60.1730860,11.1697262,,shelter,yes,20.1,1200009,missing,Proposed: add as member of relation 1200009 (Romeriksleden). Do not modify existing members of relation 1200009 (Romeriksleden). Research aid only. Existing OSM object: way/936671586.
way/1414028325,https://www.openstreetmap.org/way/1414028325,,60.3245925,11.2449028,guest_house,,yes,20.7,1200009,missing,Proposed: add as member of relation 1200009 (Romeriksleden). Do not modify existing members of relation 1200009 (Romeriksleden). Research aid only. Existing OSM object: way/1414028325.
way/923151299,https://www.openstreetmap.org/way/923151299,,60.2551449,11.1890867,,shelter,yes,203.4,1200009,missing,Proposed: add as member of relation 1200009 (Romeriksleden). Do not modify existing members of relation 1200009 (Romeriksleden). Research aid only. Existing OSM object: way/923151299.
node/6808271322,https://www.openstreetmap.org/node/6808271322,Suttestad gård,61.1037506,10.4677927,guest_house,,,203.4,1200009,missing,Proposed: add as member of relation 1200009 (Romeriksleden). Do not modify existing members of relation 1200009 (Romeriksleden). Research aid only. Existing OSM object: node/6808271322.
node/10857479543,https://www.openstreetmap.org/node/10857479543,,60.7692937,11.0743944,,shelter,,206.3,1200009,missing,Proposed: add as member of relation 1200009 (Romeriksleden). Do not modify existing members of relation 1200009 (Romeriksleden). Research aid only. Existing OSM object: node/10857479543.
way/923151300,https://www.openstreetmap.org/way/923151300,,60.2549552,11.1889996,,shelter,yes,208.0,1200009,missing,Proposed: add as member of relation 1200009 (Romeriksleden). Do not modify existing members of relation 1200009 (Romeriksleden). Research aid only. Existing OSM object: way/923151300.
node/4802937315,https://www.openstreetmap.org/node/4802937315,,60.2376516,11.1710716,picnic_site,,,21.7,1200009,missing,Proposed: add as member of relation 1200009 (Romeriksleden). Do not modify existing members of relation 1200009 (Romeriksleden). Research aid only. Existing OSM object: node/4802937315.
node/13746493201,https://www.openstreetmap.org/node/13746493201,Nedre Berg Gård,61.0335190,10.5176985,hotel,,,211.6,1200009,missing,Proposed: add as member of relation 1200009 (Romeriksleden). Do not modify existing members of relation 1200009 (Romeriksleden). Research aid only. Existing OSM object: node/13746493201.
way/137055507,https://www.openstreetmap.org/way/137055507,Scandic Gardermoen,60.1668250,11.1575222,hotel,,hotel,232.8,1200009,missing,Proposed: add as member of relation 1200009 (Romeriksleden). Do not modify existing members of relation 1200009 (Romeriksleden). Research aid only. Existing OSM object: way/137055507.
way/643331125,https://www.openstreetmap.org/way/643331125,,60.8072853,11.0280695,,shelter,yes,233.5,1200009,missing,Proposed: add as member of relation 1200009 (Romeriksleden). Do not modify existing members of relation 1200009 (Romeriksleden). Research aid only. Existing OSM object: way/643331125.
way/1017589652,https://www.openstreetmap.org/way/1017589652,,60.0393600,11.1279606,,shelter,,234.3,1200009,missing,Proposed: add as member of relation 1200009 (Romeriksleden). Do not modify existing members of relation 1200009 (Romeriksleden). Research aid only. Existing OSM object: way/1017589652.
way/561767823,https://www.openstreetmap.org/way/561767823,,61.1126423,10.4681181,,shelter,yes,249.5,1200009,missing,Proposed: add as member of relation 1200009 (Romeriksleden). Do not modify existing members of relation 1200009 (Romeriksleden). Research aid only. Existing OSM object: way/561767823.
way/911607671,https://www.openstreetmap.org/way/911607671,,59.9185807,10.8162365,,shelter,yes,251.6,1200009,missing,Proposed: add as member of relation 1200009 (Romeriksleden). Do not modify existing members of relation 1200009 (Romeriksleden). Research aid only. Existing OSM object: way/911607671.
node/12809626449,https://www.openstreetmap.org/node/12809626449,,59.9606578,10.9397818,,shelter,,251.9,1200009,missing,Proposed: add as member of relation 1200009 (Romeriksleden). Do not modify existing members of relation 1200009 (Romeriksleden). Research aid only. Existing OSM object: node/12809626449.
way/983731491,https://www.openstreetmap.org/way/983731491,,60.7707680,11.0809076,,shelter,yes,26.7,1200009,missing,Proposed: add as member of relation 1200009 (Romeriksleden). Do not modify existing members of relation 1200009 (Romeriksleden). Research aid only. Existing OSM object: way/983731491.
way/1295053473,https://www.openstreetmap.org/way/1295053473,,60.6168534,11.2560695,,shelter,yes,265.9,1200009,missing,Proposed: add as member of relation 1200009 (Romeriksleden). Do not modify existing members of relation 1200009 (Romeriksleden). Research aid only. Existing OSM object: way/1295053473.
way/808690974,https://www.openstreetmap.org/way/808690974,,61.1142010,10.4617161,,shelter,yes,270.7,1200009,missing,Proposed: add as member of relation 1200009 (Romeriksleden). Do not modify existing members of relation 1200009 (Romeriksleden). Research aid only. Existing OSM object: way/808690974.
node/9016053357,https://www.openstreetmap.org/node/9016053357,,60.9113145,10.9161973,,shelter,,281.3,1200009,missing,Proposed: add as member of relation 1200009 (Romeriksleden). Do not modify existing members of relation 1200009 (Romeriksleden). Research aid only. Existing OSM object: node/9016053357.
node/13014202904,https://www.openstreetmap.org/node/13014202904,,59.9510035,10.9183475,picnic_site,,,281.8,1200009,missing,Proposed: add as member of relation 1200009 (Romeriksleden). Do not modify existing members of relation 1200009 (Romeriksleden). Research aid only. Existing OSM object: node/13014202904.
way/124373775,https://www.openstreetmap.org/way/124373775,First Hotel Breiseth,61.1144950,10.4635337,hotel,,hotel,281.9,1200009,missing,Proposed: add as member of relation 1200009 (Romeriksleden). Do not modify existing members of relation 1200009 (Romeriksleden). Research aid only. Existing OSM object: way/124373775.
node/5455662077,https://www.openstreetmap.org/node/5455662077,MOXY Oslo X,59.9839566,10.9754001,hotel,,,290.7,1200009,missing,Proposed: add as member of relation 1200009 (Romeriksleden). Do not modify existing members of relation 1200009 (Romeriksleden). Research aid only. Existing OSM object: node/5455662077.
way/136363816,https://www.openstreetmap.org/way/136363816,Thon Hotel Oslo Airport,60.1647263,11.1540906,hotel,,hotel,295.1,1200009,missing,Proposed: add as member of relation 1200009 (Romeriksleden). Do not modify existing members of relation 1200009 (Romeriksleden). Research aid only. Existing OSM object: way/136363816.
way/911488709,https://www.openstreetmap.org/way/911488709,,59.9239371,10.8357974,,shelter,yes,30.4,1200009,missing,Proposed: add as member of relation 1200009 (Romeriksleden). Do not modify existing members of relation 1200009 (Romeriksleden). Research aid only. Existing OSM object: way/911488709.
node/4417569393,https://www.openstreetmap.org/node/4417569393,,60.1234776,11.1769967,picnic_site,,,30.8,1200009,missing,Proposed: add as member of relation 1200009 (Romeriksleden). Do not modify existing members of relation 1200009 (Romeriksleden). Research aid only. Existing OSM object: node/4417569393.
node/8018787776,https://www.openstreetmap.org/node/8018787776,Ullereng gård pilegrimsherberge,59.9991920,11.0821916,guest_house,,,300.0,1200009,missing,Proposed: add as member of relation 1200009 (Romeriksleden). Do not modify existing members of relation 1200009 (Romeriksleden). Research aid only. Existing OSM object: node/8018787776.
node/6808271336,https://www.openstreetmap.org/node/6808271336,Lillehammer Vandrerhjem,61.1145019,10.4615405,hostel,,,305.2,1200009,missing,Proposed: add as member of relation 1200009 (Romeriksleden). Do not modify existing members of relation 1200009 (Romeriksleden). Research aid only. Existing OSM object: node/6808271336.
node/12202323101,https://www.openstreetmap.org/node/12202323101,,59.9660428,10.9364440,,shelter,,306.2,1200009,missing,Proposed: add as member of relation 1200009 (Romeriksleden). Do not modify existing members of relation 1200009 (Romeriksleden). Research aid only. Existing OSM object: node/12202323101.
way/751244262,https://www.openstreetmap.org/way/751244262,Brøttum Camping,61.0244555,10.5535485,camp_site,,,306.2,1200009,missing,Proposed: add as member of relation 1200009 (Romeriksleden). Do not modify existing members of relation 1200009 (Romeriksleden). Research aid only. Existing OSM object: way/751244262.
way/1414028324,https://www.openstreetmap.org/way/1414028324,,60.3245547,11.2450779,guest_house,,yes,31.2,1200009,missing,Proposed: add as member of relation 1200009 (Romeriksleden). Do not modify existing members of relation 1200009 (Romeriksleden). Research aid only. Existing OSM object: way/1414028324.
node/9858643343,https://www.openstreetmap.org/node/9858643343,,59.9660930,10.9364713,picnic_site,,,310.9,1200009,missing,Proposed: add as member of relation 1200009 (Romeriksleden). Do not modify existing members of relation 1200009 (Romeriksleden). Research aid only. Existing OSM object: node/9858643343.
way/935154764,https://www.openstreetmap.org/way/935154764,,60.1522694,11.1318729,,shelter,yes,314.4,1200009,missing,Proposed: add as member of relation 1200009 (Romeriksleden). Do not modify existing members of relation 1200009 (Romeriksleden). Research aid only. Existing OSM object: way/935154764.
node/6808271337,https://www.openstreetmap.org/node/6808271337,Stasjonen hotell Lillehammer,61.1146218,10.4615204,hotel,,,318.0,1200009,missing,Proposed: add as member of relation 1200009 (Romeriksleden). Do not modify existing members of relation 1200009 (Romeriksleden). Research aid only. Existing OSM object: node/6808271337.
way/911536374,https://www.openstreetmap.org/way/911536374,,59.9243863,10.8256714,,shelter,yes,32.5,1200009,missing,Proposed: add as member of relation 1200009 (Romeriksleden). Do not modify existing members of relation 1200009 (Romeriksleden). Research aid only. Existing OSM object: way/911536374.
way/751244243,https://www.openstreetmap.org/way/751244243,,61.0265019,10.5488418,,shelter,yes,323.4,1200009,missing,Proposed: add as member of relation 1200009 (Romeriksleden). Do not modify existing members of relation 1200009 (Romeriksleden). Research aid only. Existing OSM object: way/751244243.
way/934465398,https://www.openstreetmap.org/way/934465398,,60.1656479,11.1556135,,shelter,yes,333.1,1200009,missing,Proposed: add as member of relation 1200009 (Romeriksleden). Do not modify existing members of relation 1200009 (Romeriksleden). Research aid only. Existing OSM object: way/934465398.
way/932646724,https://www.openstreetmap.org/way/932646724,,60.1646261,11.1638074,,shelter,yes,34.5,1200009,missing,Proposed: add as member of relation 1200009 (Romeriksleden). Do not modify existing members of relation 1200009 (Romeriksleden). Research aid only. Existing OSM object: way/932646724.
way/242691681,https://www.openstreetmap.org/way/242691681,,59.9451332,10.8965889,,shelter,,34.6,1200009,missing,Proposed: add as member of relation 1200009 (Romeriksleden). Do not modify existing members of relation 1200009 (Romeriksleden). Research aid only. Existing OSM object: way/242691681.
way/612709893,https://www.openstreetmap.org/way/612709893,KONGSVEGEN PILEGRIMSHERBERGE,60.8694684,10.9579662,hostel,,garage,34.7,1200009,missing,Proposed: add as member of relation 1200009 (Romeriksleden). Do not modify existing members of relation 1200009 (Romeriksleden). Research aid only. Existing OSM object: way/612709893.
way/700729698,https://www.openstreetmap.org/way/700729698,,60.3306645,11.2477348,,shelter,yes,342.6,1200009,missing,Proposed: add as member of relation 1200009 (Romeriksleden). Do not modify existing members of relation 1200009 (Romeriksleden). Research aid only. Existing OSM object: way/700729698.
way/1497462643,https://www.openstreetmap.org/way/1497462643,,59.9518977,10.9142252,picnic_site,,,35.6,1200009,missing,Proposed: add as member of relation 1200009 (Romeriksleden). Do not modify existing members of relation 1200009 (Romeriksleden). Research aid only. Existing OSM object: way/1497462643.
way/911536373,https://www.openstreetmap.org/way/911536373,,59.9245673,10.8256935,,shelter,yes,36.6,1200009,missing,Proposed: add as member of relation 1200009 (Romeriksleden). Do not modify existing members of relation 1200009 (Romeriksleden). Research aid only. Existing OSM object: way/911536373.
node/1931260548,https://www.openstreetmap.org/node/1931260548,Gubbero gapahuk,59.9677547,10.9418157,,shelter,,373.4,1200009,missing,Proposed: add as member of relation 1200009 (Romeriksleden). Do not modify existing members of relation 1200009 (Romeriksleden). Research aid only. Existing OSM object: node/1931260548.
way/1044471846,https://www.openstreetmap.org/way/1044471846,,60.1483180,11.1285227,,shelter,yes,374.5,1200009,missing,Proposed: add as member of relation 1200009 (Romeriksleden). Do not modify existing members of relation 1200009 (Romeriksleden). Research aid only. Existing OSM object: way/1044471846.
node/3679537727,https://www.openstreetmap.org/node/3679537727,"Radisson Blue Hotel & Conference Center, Oslo Alna",59.9300620,10.8684450,hotel,,,403.2,1200009,missing,Proposed: add as member of relation 1200009 (Romeriksleden). Do not modify existing members of relation 1200009 (Romeriksleden). Research aid only. Existing OSM object: node/3679537727.
way/700729697,https://www.openstreetmap.org/way/700729697,,60.3313038,11.2476355,,shelter,yes,411.7,1200009,missing,Proposed: add as member of relation 1200009 (Romeriksleden). Do not modify existing members of relation 1200009 (Romeriksleden). Research aid only. Existing OSM object: way/700729697.
way/1295053475,https://www.openstreetmap.org/way/1295053475,,60.6151471,11.2605404,,shelter,yes,415.4,1200009,missing,Proposed: add as member of relation 1200009 (Romeriksleden). Do not modify existing members of relation 1200009 (Romeriksleden). Research aid only. Existing OSM object: way/1295053475.
way/730256679,https://www.openstreetmap.org/way/730256679,,61.1072961,10.4585462,,shelter,yes,416.4,1200009,missing,Proposed: add as member of relation 1200009 (Romeriksleden). Do not modify existing members of relation 1200009 (Romeriksleden). Research aid only. Existing OSM object: way/730256679.
node/937852318,https://www.openstreetmap.org/node/937852318,Kjerringfred,59.9587306,10.9449784,,shelter,,420.8,1200009,missing,Proposed: add as member of relation 1200009 (Romeriksleden). Do not modify existing members of relation 1200009 (Romeriksleden). Research aid only. Existing OSM object: node/937852318.
node/2603431290,https://www.openstreetmap.org/node/2603431290,,60.6778214,11.1543129,,shelter,,434.1,1200009,missing,Proposed: add as member of relation 1200009 (Romeriksleden). Do not modify existing members of relation 1200009 (Romeriksleden). Research aid only. Existing OSM object: node/2603431290.
node/2785465804,https://www.openstreetmap.org/node/2785465804,Pilegrimssenter Oslo,59.9063300,10.7695950,information,,,44.4,1200009,missing,Proposed: add as member of relation 1200009 (Romeriksleden). Do not modify existing members of relation 1200009 (Romeriksleden). Research aid only. Existing OSM object: node/2785465804.
node/6131059416,https://www.openstreetmap.org/node/6131059416,,60.9169685,10.8383507,,shelter,,44.5,1200009,missing,Proposed: add as member of relation 1200009 (Romeriksleden). Do not modify existing members of relation 1200009 (Romeriksleden). Research aid only. Existing OSM object: node/6131059416.
way/935171617,https://www.openstreetmap.org/way/935171617,,60.1509267,11.1422428,,shelter,yes,44.8,1200009,missing,Proposed: add as member of relation 1200009 (Romeriksleden). Do not modify existing members of relation 1200009 (Romeriksleden). Research aid only. Existing OSM object: way/935171617.
way/560574245,https://www.openstreetmap.org/way/560574245,,61.0815899,10.4818155,,shelter,,451.0,1200009,missing,Proposed: add as member of relation 1200009 (Romeriksleden). Do not modify existing members of relation 1200009 (Romeriksleden). Research aid only. Existing OSM object: way/560574245.
way/1071121148,https://www.openstreetmap.org/way/1071121148,,59.9805998,10.9705630,,shelter,yes,47.1,1200009,missing,Proposed: add as member of relation 1200009 (Romeriksleden). Do not modify existing members of relation 1200009 (Romeriksleden). Research aid only. Existing OSM object: way/1071121148.
way/1452634303,https://www.openstreetmap.org/way/1452634303,,59.9600185,10.9156294,picnic_site,,,483.3,1200009,missing,Proposed: add as member of relation 1200009 (Romeriksleden). Do not modify existing members of relation 1200009 (Romeriksleden). Research aid only. Existing OSM object: way/1452634303.
way/877601302,https://www.openstreetmap.org/way/877601302,,59.9076498,10.7811437,,shelter,yes,5.7,1200009,missing,Proposed: add as member of relation 1200009 (Romeriksleden). Do not modify existing members of relation 1200009 (Romeriksleden). Research aid only. Existing OSM object: way/877601302.
way/231158240,https://www.openstreetmap.org/way/231158240,,61.0999513,10.4850165,,shelter,house,500.2,1200009,missing,Proposed: add as member of relation 1200009 (Romeriksleden). Do not modify existing members of relation 1200009 (Romeriksleden). Research aid only. Existing OSM object: way/231158240.
way/1202849573,https://www.openstreetmap.org/way/1202849573,Ulven torg,59.9255224,10.8118166,,shelter,yes,502.9,1200009,missing,Proposed: add as member of relation 1200009 (Romeriksleden). Do not modify existing members of relation 1200009 (Romeriksleden). Research aid only. Existing OSM object: way/1202849573.
node/6800398116,https://www.openstreetmap.org/node/6800398116,Fjetre gård,60.7623510,11.0900009,chalet,,,506.1,1200009,missing,Proposed: add as member of relation 1200009 (Romeriksleden). Do not modify existing members of relation 1200009 (Romeriksleden). Research aid only. Existing OSM object: node/6800398116.
way/1526140842,https://www.openstreetmap.org/way/1526140842,,60.7943945,11.0834661,,shelter,yes,508.4,1200009,missing,Proposed: add as member of relation 1200009 (Romeriksleden). Do not modify existing members of relation 1200009 (Romeriksleden). Research aid only. Existing OSM object: way/1526140842.
way/932646730,https://www.openstreetmap.org/way/932646730,,60.1644368,11.1642794,,shelter,yes,51.0,1200009,missing,Proposed: add as member of relation 1200009 (Romeriksleden). Do not modify existing members of relation 1200009 (Romeriksleden). Research aid only. Existing OSM object: way/932646730.
way/153674479,https://www.openstreetmap.org/way/153674479,Tangenodden Camping,60.6142931,11.2600930,camp_site,,,512.9,1200009,missing,Proposed: add as member of relation 1200009 (Romeriksleden). Do not modify existing members of relation 1200009 (Romeriksleden). Research aid only. Existing OSM object: way/153674479.
way/936262921,https://www.openstreetmap.org/way/936262921,,60.1480279,11.1693038,,shelter,yes,514.6,1200009,missing,Proposed: add as member of relation 1200009 (Romeriksleden). Do not modify existing members of relation 1200009 (Romeriksleden). Research aid only. Existing OSM object: way/936262921.
way/1202849572,https://www.openstreetmap.org/way/1202849572,Ulven torg,59.9256881,10.8117707,,shelter,yes,519.7,1200009,missing,Proposed: add as member of relation 1200009 (Romeriksleden). Do not modify existing members of relation 1200009 (Romeriksleden). Research aid only. Existing OSM object: way/1202849572.
way/1161701106,https://www.openstreetmap.org/way/1161701106,,59.9880319,11.0283527,,shelter,yes,543.7,1200009,missing,Proposed: add as member of relation 1200009 (Romeriksleden). Do not modify existing members of relation 1200009 (Romeriksleden). Research aid only. Existing OSM object: way/1161701106.
way/1418688605,https://www.openstreetmap.org/way/1418688605,,60.9316786,10.6965713,,shelter,yes,547.1,1200009,missing,Proposed: add as member of relation 1200009 (Romeriksleden). Do not modify existing members of relation 1200009 (Romeriksleden). Research aid only. Existing OSM object: way/1418688605.
node/11125572579,https://www.openstreetmap.org/node/11125572579,,60.7866950,11.1155717,,shelter,,556.5,1200009,missing,Proposed: add as member of relation 1200009 (Romeriksleden). Do not modify existing members of relation 1200009 (Romeriksleden). Research aid only. Existing OSM object: node/11125572579.
node/9833914329,https://www.openstreetmap.org/node/9833914329,,60.3413894,11.2999863,,shelter,,558.2,1200009,missing,Proposed: add as member of relation 1200009 (Romeriksleden). Do not modify existing members of relation 1200009 (Romeriksleden). Research aid only. Existing OSM object: node/9833914329.
way/911656847,https://www.openstreetmap.org/way/911656847,,59.9161430,10.8203363,,shelter,yes,570.9,1200009,missing,Proposed: add as member of relation 1200009 (Romeriksleden). Do not modify existing members of relation 1200009 (Romeriksleden). Research aid only. Existing OSM object: way/911656847.
way/232396287,https://www.openstreetmap.org/way/232396287,Bakkalykkja,61.1023133,10.4876814,,shelter,yes,571.6,1200009,missing,Proposed: add as member of relation 1200009 (Romeriksleden). Do not modify existing members of relation 1200009 (Romeriksleden). Research aid only. Existing OSM object: way/232396287.
node/6808271332,https://www.openstreetmap.org/node/6808271332,Scandic Victoria Lillehammer,61.1170984,10.4642804,hotel,,,572.1,1200009,missing,Proposed: add as member of relation 1200009 (Romeriksleden). Do not modify existing members of relation 1200009 (Romeriksleden). Research aid only. Existing OSM object: node/6808271332.
node/6836659192,https://www.openstreetmap.org/node/6836659192,,59.9634430,10.9224510,guest_house,,,575.5,1200009,missing,Proposed: add as member of relation 1200009 (Romeriksleden). Do not modify existing members of relation 1200009 (Romeriksleden). Research aid only. Existing OSM object: node/6836659192.
way/123984863,https://www.openstreetmap.org/way/123984863,Aksjemøllen - by Classic Norway Hotels,61.1171441,10.4622778,hotel,,hotel,581.3,1200009,missing,Proposed: add as member of relation 1200009 (Romeriksleden). Do not modify existing members of relation 1200009 (Romeriksleden). Research aid only. Existing OSM object: way/123984863.
way/727490344,https://www.openstreetmap.org/way/727490344,Clarion Hotel Oslo,59.9077032,10.7570047,hotel,,hotel,590.6,1200009,missing,Proposed: add as member of relation 1200009 (Romeriksleden). Do not modify existing members of relation 1200009 (Romeriksleden). Research aid only. Existing OSM object: way/727490344.
way/1528708948,https://www.openstreetmap.org/way/1528708948,,59.9516514,10.9262292,picnic_site,,,591.4,1200009,missing,Proposed: add as member of relation 1200009 (Romeriksleden). Do not modify existing members of relation 1200009 (Romeriksleden). Research aid only. Existing OSM object: way/1528708948.
way/38498761,https://www.openstreetmap.org/way/38498761,Lillehammer Camping,61.1013680,10.4624966,camp_site,,,592.0,1200009,missing,Proposed: add as member of relation 1200009 (Romeriksleden). Do not modify existing members of relation 1200009 (Romeriksleden). Research aid only. Existing OSM object: way/38498761.
node/6808271314,https://www.openstreetmap.org/node/6808271314,Øvergaard,61.1159835,10.4710007,guest_house,,,595.2,1200009,missing,Proposed: add as member of relation 1200009 (Romeriksleden). Do not modify existing members of relation 1200009 (Romeriksleden). Research aid only. Existing OSM object: node/6808271314.
node/849994019,https://www.openstreetmap.org/node/849994019,Lysjøhimet,60.4573465,11.2934226,wilderness_hut,,,6.7,1200009,missing,Proposed: add as member of relation 1200009 (Romeriksleden). Do not modify existing members of relation 1200009 (Romeriksleden). Research aid only. Existing OSM object: node/849994019.
way/370747016,https://www.openstreetmap.org/way/370747016,Steinvik Camping og Hyttegrend,60.9157834,10.7010312,camp_site,,,6.9,1200009,missing,Proposed: add as member of relation 1200009 (Romeriksleden). Do not modify existing members of relation 1200009 (Romeriksleden). Research aid only. Existing OSM object: way/370747016.
way/557789196,https://www.openstreetmap.org/way/557789196,,61.1175181,10.4640297,,shelter,yes,618.2,1200009,missing,Proposed: add as member of relation 1200009 (Romeriksleden). Do not modify existing members of relation 1200009 (Romeriksleden). Research aid only. Existing OSM object: way/557789196.
way/865719379,https://www.openstreetmap.org/way/865719379,,59.9080502,10.7568265,,shelter,,628.3,1200009,missing,Proposed: add as member of relation 1200009 (Romeriksleden). Do not modify existing members of relation 1200009 (Romeriksleden). Research aid only. Existing OSM object: way/865719379.
way/865719381,https://www.openstreetmap.org/way/865719381,,59.9079991,10.7566552,,shelter,,628.8,1200009,missing,Proposed: add as member of relation 1200009 (Romeriksleden). Do not modify existing members of relation 1200009 (Romeriksleden). Research aid only. Existing OSM object: way/865719381.
way/865719380,https://www.openstreetmap.org/way/865719380,,59.9081297,10.7569021,,shelter,,633.4,1200009,missing,Proposed: add as member of relation 1200009 (Romeriksleden). Do not modify existing members of relation 1200009 (Romeriksleden). Research aid only. Existing OSM object: way/865719380.
way/547519220,https://www.openstreetmap.org/way/547519220,,59.9081909,10.7570341,,shelter,,635.3,1200009,missing,Proposed: add as member of relation 1200009 (Romeriksleden). Do not modify existing members of relation 1200009 (Romeriksleden). Research aid only. Existing OSM object: way/547519220.
way/170773841,https://www.openstreetmap.org/way/170773841,,59.9324042,10.8352534,,shelter,yes,649.0,1200009,missing,Proposed: add as member of relation 1200009 (Romeriksleden). Do not modify existing members of relation 1200009 (Romeriksleden). Research aid only. Existing OSM object: way/170773841.
node/619018831,https://www.openstreetmap.org/node/619018831,Quality Hotel 33,59.9289019,10.8186699,hotel,,,649.5,1200009,missing,Proposed: add as member of relation 1200009 (Romeriksleden). Do not modify existing members of relation 1200009 (Romeriksleden). Research aid only. Existing OSM object: node/619018831.
way/1119704486,https://www.openstreetmap.org/way/1119704486,,59.9964762,11.0447543,,shelter,yes,65.1,1200009,missing,Proposed: add as member of relation 1200009 (Romeriksleden). Do not modify existing members of relation 1200009 (Romeriksleden). Research aid only. Existing OSM object: way/1119704486.
node/12973405290,https://www.openstreetmap.org/node/12973405290,Unterstand,60.8185112,11.0066236,,shelter,,652.5,1200009,missing,Proposed: add as member of relation 1200009 (Romeriksleden). Do not modify existing members of relation 1200009 (Romeriksleden). Research aid only. Existing OSM object: node/12973405290.
way/690696766,https://www.openstreetmap.org/way/690696766,Hamar Vandrerhjem Vikingskipet,60.7947589,11.0987401,hostel,,,652.6,1200009,missing,Proposed: add as member of relation 1200009 (Romeriksleden). Do not modify existing members of relation 1200009 (Romeriksleden). Research aid only. Existing OSM object: way/690696766.
way/975789145,https://www.openstreetmap.org/way/975789145,,60.2589264,11.1978273,,shelter,yes,657.2,1200009,missing,Proposed: add as member of relation 1200009 (Romeriksleden). Do not modify existing members of relation 1200009 (Romeriksleden). Research aid only. Existing OSM object: way/975789145.
way/446724919,https://www.openstreetmap.org/way/446724919,Gapahuk,60.3966837,11.2636314,,shelter,,660.2,1200009,missing,Proposed: add as member of relation 1200009 (Romeriksleden). Do not modify existing members of relation 1200009 (Romeriksleden). Research aid only. Existing OSM object: way/446724919.
way/911883009,https://www.openstreetmap.org/way/911883009,,59.9244943,10.8428607,,shelter,yes,68.7,1200009,missing,Proposed: add as member of relation 1200009 (Romeriksleden). Do not modify existing members of relation 1200009 (Romeriksleden). Research aid only. Existing OSM object: way/911883009.
way/624637559,https://www.openstreetmap.org/way/624637559,,61.1041209,10.4892741,,shelter,yes,688.6,1200009,missing,Proposed: add as member of relation 1200009 (Romeriksleden). Do not modify existing members of relation 1200009 (Romeriksleden). Research aid only. Existing OSM object: way/624637559.
way/315143759,https://www.openstreetmap.org/way/315143759,,60.8181531,11.0201371,,shelter,yes,69.8,1200009,missing,Proposed: add as member of relation 1200009 (Romeriksleden). Do not modify existing members of relation 1200009 (Romeriksleden). Research aid only. Existing OSM object: way/315143759.
node/9753009740,https://www.openstreetmap.org/node/9753009740,,59.9233711,10.7945245,picnic_site,,,698.7,1200009,missing,Proposed: add as member of relation 1200009 (Romeriksleden). Do not modify existing members of relation 1200009 (Romeriksleden). Research aid only. Existing OSM object: node/9753009740.
node/9753009739,https://www.openstreetmap.org/node/9753009739,,59.9233549,10.7944547,picnic_site,,,700.5,1200009,missing,Proposed: add as member of relation 1200009 (Romeriksleden). Do not modify existing members of relation 1200009 (Romeriksleden). Research aid only. Existing OSM object: node/9753009739.
way/111439490,https://www.openstreetmap.org/way/111439490,Super Stay Hotel,59.9138543,10.7773960,hotel,,,704.4,1200009,missing,Proposed: add as member of relation 1200009 (Romeriksleden). Do not modify existing members of relation 1200009 (Romeriksleden). Research aid only. Existing OSM object: way/111439490.
node/9753009738,https://www.openstreetmap.org/node/9753009738,,59.9234312,10.7944900,picnic_site,,,704.5,1200009,missing,Proposed: add as member of relation 1200009 (Romeriksleden). Do not modify existing members of relation 1200009 (Romeriksleden). Research aid only. Existing OSM object: node/9753009738.
node/9753009737,https://www.openstreetmap.org/node/9753009737,,59.9234064,10.7944007,picnic_site,,,706.5,1200009,missing,Proposed: add as member of relation 1200009 (Romeriksleden). Do not modify existing members of relation 1200009 (Romeriksleden). Research aid only. Existing OSM object: node/9753009737.
node/9753009736,https://www.openstreetmap.org/node/9753009736,,59.9234767,10.7945193,picnic_site,,,706.6,1200009,missing,Proposed: add as member of relation 1200009 (Romeriksleden). Do not modify existing members of relation 1200009 (Romeriksleden). Research aid only. Existing OSM object: node/9753009736.
node/8022275414,https://www.openstreetmap.org/node/8022275414,,59.9065637,10.8020795,picnic_site,,,707.5,1200009,missing,Proposed: add as member of relation 1200009 (Romeriksleden). Do not modify existing members of relation 1200009 (Romeriksleden). Research aid only. Existing OSM object: node/8022275414.
node/11679542531,https://www.openstreetmap.org/node/11679542531,,59.9257553,10.8641803,picnic_site,,,711.2,1200009,missing,Proposed: add as member of relation 1200009 (Romeriksleden). Do not modify existing members of relation 1200009 (Romeriksleden). Research aid only. Existing OSM object: node/11679542531.
node/12657032506,https://www.openstreetmap.org/node/12657032506,,59.9734909,10.9429217,,shelter,,718.9,1200009,missing,Proposed: add as member of relation 1200009 (Romeriksleden). Do not modify existing members of relation 1200009 (Romeriksleden). Research aid only. Existing OSM object: node/12657032506.
way/1526140833,https://www.openstreetmap.org/way/1526140833,,60.7934818,11.0719966,,shelter,yes,72.3,1200009,missing,Proposed: add as member of relation 1200009 (Romeriksleden). Do not modify existing members of relation 1200009 (Romeriksleden). Research aid only. Existing OSM object: way/1526140833.
way/315143760,https://www.openstreetmap.org/way/315143760,,60.8181277,11.0202241,,shelter,yes,72.5,1200009,missing,Proposed: add as member of relation 1200009 (Romeriksleden). Do not modify existing members of relation 1200009 (Romeriksleden). Research aid only. Existing OSM object: way/315143760.
way/891721028,https://www.openstreetmap.org/way/891721028,,60.2540586,11.1982308,,shelter,yes,720.1,1200009,missing,Proposed: add as member of relation 1200009 (Romeriksleden). Do not modify existing members of relation 1200009 (Romeriksleden). Research aid only. Existing OSM object: way/891721028.
way/936312085,https://www.openstreetmap.org/way/936312085,,60.1498615,11.1699393,,shelter,yes,721.5,1200009,missing,Proposed: add as member of relation 1200009 (Romeriksleden). Do not modify existing members of relation 1200009 (Romeriksleden). Research aid only. Existing OSM object: way/936312085.
way/544380819,https://www.openstreetmap.org/way/544380819,,60.2509433,11.1963260,,shelter,,729.8,1200009,missing,Proposed: add as member of relation 1200009 (Romeriksleden). Do not modify existing members of relation 1200009 (Romeriksleden). Research aid only. Existing OSM object: way/544380819.
node/441003980,https://www.openstreetmap.org/node/441003980,Scandic Hamar,60.7961871,11.0859509,hotel,,,730.2,1200009,missing,Proposed: add as member of relation 1200009 (Romeriksleden). Do not modify existing members of relation 1200009 (Romeriksleden). Research aid only. Existing OSM object: node/441003980.
way/446882331,https://www.openstreetmap.org/way/446882331,Gapahuk,60.2736897,11.1633248,,shelter,,732.3,1200009,missing,Proposed: add as member of relation 1200009 (Romeriksleden). Do not modify existing members of relation 1200009 (Romeriksleden). Research aid only. Existing OSM object: way/446882331.
node/3748046384,https://www.openstreetmap.org/node/3748046384,,59.9076340,10.8045949,picnic_site,,,743.9,1200009,missing,Proposed: add as member of relation 1200009 (Romeriksleden). Do not modify existing members of relation 1200009 (Romeriksleden). Research aid only. Existing OSM object: node/3748046384.
way/316003310,https://www.openstreetmap.org/way/316003310,Digeraugkoia,60.4624695,11.3188256,,shelter,hut,760.4,1200009,missing,Proposed: add as member of relation 1200009 (Romeriksleden). Do not modify existing members of relation 1200009 (Romeriksleden). Research aid only. Existing OSM object: way/316003310.
way/633194945,https://www.openstreetmap.org/way/633194945,,60.8066675,11.0483892,,shelter,yes,763.4,1200009,missing,Proposed: add as member of relation 1200009 (Romeriksleden). Do not modify existing members of relation 1200009 (Romeriksleden). Research aid only. Existing OSM object: way/633194945.
node/3622500140,https://www.openstreetmap.org/node/3622500140,,60.3476474,11.3021345,picnic_site,,,766.9,1200009,missing,Proposed: add as member of relation 1200009 (Romeriksleden). Do not modify existing members of relation 1200009 (Romeriksleden). Research aid only. Existing OSM object: node/3622500140.
way/691496378,https://www.openstreetmap.org/way/691496378,,60.7462859,11.0865561,chalet,,cabin,772.9,1200009,missing,Proposed: add as member of relation 1200009 (Romeriksleden). Do not modify existing members of relation 1200009 (Romeriksleden). Research aid only. Existing OSM object: way/691496378.
way/923986098,https://www.openstreetmap.org/way/923986098,,60.2484594,11.1951269,,shelter,yes,792.4,1200009,missing,Proposed: add as member of relation 1200009 (Romeriksleden). Do not modify existing members of relation 1200009 (Romeriksleden). Research aid only. Existing OSM object: way/923986098.
way/1323516024,https://www.openstreetmap.org/way/1323516024,,59.9234897,10.7925667,,shelter,,792.7,1200009,missing,Proposed: add as member of relation 1200009 (Romeriksleden). Do not modify existing members of relation 1200009 (Romeriksleden). Research aid only. Existing OSM object: way/1323516024.
way/850862475,https://www.openstreetmap.org/way/850862475,,59.9172317,10.8410025,picnic_site,,,793.1,1200009,missing,Proposed: add as member of relation 1200009 (Romeriksleden). Do not modify existing members of relation 1200009 (Romeriksleden). Research aid only. Existing OSM object: way/850862475.
way/1551400385,https://www.openstreetmap.org/way/1551400385,,60.0245900,11.1024263,picnic_site,,,8.7,1200009,missing,Proposed: add as member of relation 1200009 (Romeriksleden). Do not modify existing members of relation 1200009 (Romeriksleden). Research aid only. Existing OSM object: way/1551400385.
way/701423153,https://www.openstreetmap.org/way/701423153,,60.1669103,11.1831635,,shelter,yes,800.1,1200009,missing,Proposed: add as member of relation 1200009 (Romeriksleden). Do not modify existing members of relation 1200009 (Romeriksleden). Research aid only. Existing OSM object: way/701423153.
way/911996818,https://www.openstreetmap.org/way/911996818,,59.9256570,10.8436639,,shelter,yes,81.0,1200009,missing,Proposed: add as member of relation 1200009 (Romeriksleden). Do not modify existing members of relation 1200009 (Romeriksleden). Research aid only. Existing OSM object: way/911996818.
way/933526007,https://www.openstreetmap.org/way/933526007,,60.1652713,11.1434174,,shelter,yes,817.0,1200009,missing,Proposed: add as member of relation 1200009 (Romeriksleden). Do not modify existing members of relation 1200009 (Romeriksleden). Research aid only. Existing OSM object: way/933526007.
way/850862467,https://www.openstreetmap.org/way/850862467,,59.9170068,10.8410272,picnic_site,,,818.0,1200009,missing,Proposed: add as member of relation 1200009 (Romeriksleden). Do not modify existing members of relation 1200009 (Romeriksleden). Research aid only. Existing OSM object: way/850862467.
node/6808271331,https://www.openstreetmap.org/node/6808271331,Clarion Collection Hotel Lillehammer,61.1194005,10.4627831,hotel,,,828.6,1200009,missing,Proposed: add as member of relation 1200009 (Romeriksleden). Do not modify existing members of relation 1200009 (Romeriksleden). Research aid only. Existing OSM object: node/6808271331.
node/255177782,https://www.openstreetmap.org/node/255177782,Thon Hotel Gardermoen,60.1675954,11.1461127,hotel,,,832.6,1200009,missing,Proposed: add as member of relation 1200009 (Romeriksleden). Do not modify existing members of relation 1200009 (Romeriksleden). Research aid only. Existing OSM object: node/255177782.
node/4764690321,https://www.openstreetmap.org/node/4764690321,,60.2346565,11.1641927,picnic_site,,,84.3,1200009,missing,Proposed: add as member of relation 1200009 (Romeriksleden). Do not modify existing members of relation 1200009 (Romeriksleden). Research aid only. Existing OSM object: node/4764690321.
way/622708335,https://www.openstreetmap.org/way/622708335,,59.9202231,10.8541222,picnic_site,,,840.6,1200009,missing,Proposed: add as member of relation 1200009 (Romeriksleden). Do not modify existing members of relation 1200009 (Romeriksleden). Research aid only. Existing OSM object: way/622708335.
node/9272283205,https://www.openstreetmap.org/node/9272283205,,60.7927090,11.0428511,,,,85.6,1200009,missing,Proposed: add as member of relation 1200009 (Romeriksleden). Do not modify existing members of relation 1200009 (Romeriksleden). Research aid only. Existing OSM object: node/9272283205.
way/850862466,https://www.openstreetmap.org/way/850862466,,59.9166265,10.8404497,picnic_site,,,854.3,1200009,missing,Proposed: add as member of relation 1200009 (Romeriksleden). Do not modify existing members of relation 1200009 (Romeriksleden). Research aid only. Existing OSM object: way/850862466.
node/9272283207,https://www.openstreetmap.org/node/9272283207,,60.7927463,11.0427937,,,,87.1,1200009,missing,Proposed: add as member of relation 1200009 (Romeriksleden). Do not modify existing members of relation 1200009 (Romeriksleden). Research aid only. Existing OSM object: node/9272283207.
way/622708318,https://www.openstreetmap.org/way/622708318,,59.9194271,10.8534571,picnic_site,,,874.5,1200009,missing,Proposed: add as member of relation 1200009 (Romeriksleden). Do not modify existing members of relation 1200009 (Romeriksleden). Research aid only. Existing OSM object: way/622708318.
way/622708328,https://www.openstreetmap.org/way/622708328,,59.9196924,10.8540843,picnic_site,,,878.5,1200009,missing,Proposed: add as member of relation 1200009 (Romeriksleden). Do not modify existing members of relation 1200009 (Romeriksleden). Research aid only. Existing OSM object: way/622708328.
node/9272283206,https://www.openstreetmap.org/node/9272283206,,60.7927509,11.0428190,,,,88.3,1200009,missing,Proposed: add as member of relation 1200009 (Romeriksleden). Do not modify existing members of relation 1200009 (Romeriksleden). Research aid only. Existing OSM object: node/9272283206.
way/8874969,https://www.openstreetmap.org/way/8874969,Thon Hotel Opera,59.9097336,10.7535252,hotel,,hotel,886.7,1200009,missing,Proposed: add as member of relation 1200009 (Romeriksleden). Do not modify existing members of relation 1200009 (Romeriksleden). Research aid only. Existing OSM object: way/8874969.
node/9272283208,https://www.openstreetmap.org/node/9272283208,,60.7927806,11.0427674,,,,89.5,1200009,missing,Proposed: add as member of relation 1200009 (Romeriksleden). Do not modify existing members of relation 1200009 (Romeriksleden). Research aid only. Existing OSM object: node/9272283208.
way/622692281,https://www.openstreetmap.org/way/622692281,,59.9190384,10.8531143,picnic_site,,,893.7,1200009,missing,Proposed: add as member of relation 1200009 (Romeriksleden). Do not modify existing members of relation 1200009 (Romeriksleden). Research aid only. Existing OSM object: way/622692281.
way/850862472,https://www.openstreetmap.org/way/850862472,,59.9161957,10.8395644,picnic_site,,,893.7,1200009,missing,Proposed: add as member of relation 1200009 (Romeriksleden). Do not modify existing members of relation 1200009 (Romeriksleden). Research aid only. Existing OSM object: way/850862472.
way/622732593,https://www.openstreetmap.org/way/622732593,,59.9201917,10.8553196,picnic_site,,,894.7,1200009,missing,Proposed: add as member of relation 1200009 (Romeriksleden). Do not modify existing members of relation 1200009 (Romeriksleden). Research aid only. Existing OSM object: way/622732593.
node/996327225,https://www.openstreetmap.org/node/996327225,,59.9346134,10.8974251,,shelter,,898.7,1200009,missing,Proposed: add as member of relation 1200009 (Romeriksleden). Do not modify existing members of relation 1200009 (Romeriksleden). Research aid only. Existing OSM object: node/996327225.
node/9272283209,https://www.openstreetmap.org/node/9272283209,,60.7927852,11.0427927,,,,90.7,1200009,missing,Proposed: add as member of relation 1200009 (Romeriksleden). Do not modify existing members of relation 1200009 (Romeriksleden). Research aid only. Existing OSM object: node/9272283209.
way/622692267,https://www.openstreetmap.org/way/622692267,,59.9186588,10.8525951,picnic_site,,,908.1,1200009,missing,Proposed: add as member of relation 1200009 (Romeriksleden). Do not modify existing members of relation 1200009 (Romeriksleden). Research aid only. Existing OSM object: way/622692267.
node/9272283202,https://www.openstreetmap.org/node/9272283202,,60.7927990,11.0427821,,,,91.7,1200009,missing,Proposed: add as member of relation 1200009 (Romeriksleden). Do not modify existing members of relation 1200009 (Romeriksleden). Research aid only. Existing OSM object: node/9272283202.
way/98811698,https://www.openstreetmap.org/way/98811698,Pilegrimssenter Hamar,60.7927736,11.0428631,information,,office,91.7,1200009,missing,Proposed: add as member of relation 1200009 (Romeriksleden). Do not modify existing members of relation 1200009 (Romeriksleden). Research aid only. Existing OSM object: way/98811698.
node/6800398120,https://www.openstreetmap.org/node/6800398120,Staur gård,60.7263187,11.1069202,guest_house,,,926.6,1200009,missing,Proposed: add as member of relation 1200009 (Romeriksleden). Do not modify existing members of relation 1200009 (Romeriksleden). Research aid only. Existing OSM object: node/6800398120.
way/123984864,https://www.openstreetmap.org/way/123984864,Scandic Lillehammer Hotel,61.1172918,10.4769789,hotel,,hotel,927.8,1200009,missing,Proposed: add as member of relation 1200009 (Romeriksleden). Do not modify existing members of relation 1200009 (Romeriksleden). Research aid only. Existing OSM object: way/123984864.
way/107809889,https://www.openstreetmap.org/way/107809889,,59.9696210,10.9266771,,shelter,,942.3,1200009,missing,Proposed: add as member of relation 1200009 (Romeriksleden). Do not modify existing members of relation 1200009 (Romeriksleden). Research aid only. Existing OSM object: way/107809889.
node/9858651781,https://www.openstreetmap.org/node/9858651781,,59.9696207,10.9263778,picnic_site,,,953.7,1200009,missing,Proposed: add as member of relation 1200009 (Romeriksleden). Do not modify existing members of relation 1200009 (Romeriksleden). Research aid only. Existing OSM object: node/9858651781.
way/622692254,https://www.openstreetmap.org/way/622692254,,59.9180796,10.8524545,picnic_site,,,955.3,1200009,missing,Proposed: add as member of relation 1200009 (Romeriksleden). Do not modify existing members of relation 1200009 (Romeriksleden). Research aid only. Existing OSM object: way/622692254.
node/6763239301,https://www.openstreetmap.org/node/6763239301,Wood hotel,60.8773845,10.9299667,hotel,,,964.3,1200009,missing,Proposed: add as member of relation 1200009 (Romeriksleden). Do not modify existing members of relation 1200009 (Romeriksleden). Research aid only. Existing OSM object: node/6763239301.
way/935019022,https://www.openstreetmap.org/way/935019022,,60.1596448,11.1330801,,shelter,yes,968.2,1200009,missing,Proposed: add as member of relation 1200009 (Romeriksleden). Do not modify existing members of relation 1200009 (Romeriksleden). Research aid only. Existing OSM object: way/935019022.
way/1509499373,https://www.openstreetmap.org/way/1509499373,"Radisson Blu Plaza Hotel, Oslo",59.9123688,10.7561176,hotel,,hotel,970.1,1200009,missing,Proposed: add as member of relation 1200009 (Romeriksleden). Do not modify existing members of relation 1200009 (Romeriksleden). Research aid only. Existing OSM object: way/1509499373.
way/1117498074,https://www.openstreetmap.org/way/1117498074,,60.0039725,11.0325756,,shelter,yes,973.3,1200009,missing,Proposed: add as member of relation 1200009 (Romeriksleden). Do not modify existing members of relation 1200009 (Romeriksleden). Research aid only. Existing OSM object: way/1117498074.
way/1117498073,https://www.openstreetmap.org/way/1117498073,,60.0040096,11.0325041,,shelter,yes,979.1,1200009,missing,Proposed: add as member of relation 1200009 (Romeriksleden). Do not modify existing members of relation 1200009 (Romeriksleden). Research aid only. Existing OSM object: way/1117498073.
node/6817579802,https://www.openstreetmap.org/node/6817579802,Forenom Aparthotel Oslo,59.9138482,10.7600141,apartment,,,982.2,1200009,missing,Proposed: add as member of relation 1200009 (Romeriksleden). Do not modify existing members of relation 1200009 (Romeriksleden). Research aid only. Existing OSM object: node/6817579802.
node/9272283204,https://www.openstreetmap.org/node/9272283204,,60.7927580,11.0431190,,,,99.1,1200009,missing,Proposed: add as member of relation 1200009 (Romeriksleden). Do not modify existing members of relation 1200009 (Romeriksleden). Research aid only. Existing OSM object: node/9272283204.
way/633194933,https://www.openstreetmap.org/way/633194933,,60.8153277,11.0468683,,shelter,yes,990.5,1200009,missing,Proposed: add as member of relation 1200009 (Romeriksleden). Do not modify existing members of relation 1200009 (Romeriksleden). Research aid only. Existing OSM object: way/633194933.
way/850862473,https://www.openstreetmap.org/way/850862473,,59.9151518,10.8376137,picnic_site,,,997.0,1200009,missing,Proposed: add as member of relation 1200009 (Romeriksleden). Do not modify existing members of relation 1200009 (Romeriksleden). Research aid only. Existing OSM object: way/850862473.
way/935019012,https://www.openstreetmap.org/way/935019012,,60.1599920,11.1337310,,shelter,yes,998.5,1200009,missing,Proposed: add as member of relation 1200009 (Romeriksleden). Do not modify existing members of relation 1200009 (Romeriksleden). Research aid only. Existing OSM object: way/935019012.
