osm_id,osm_url,name,lat,lon,tourism,amenity,building,route_distance_m,note:osm_route_relation,relation_status,proposal_note
node/4692454892,https://www.openstreetmap.org/node/4692454892,,60.1474276,15.3844232,,shelter,,2.1,1151161,missing,Proposed: add as member of relation 1151161 (Romboleden). Do not modify existing members of relation 1151161 (Romboleden). Research aid only. Existing OSM object: node/4692454892.
node/6684063785,https://www.openstreetmap.org/node/6684063785,,62.1067000,13.2486471,picnic_site,,,2.1,1151161,missing,Proposed: add as member of relation 1151161 (Romboleden). Do not modify existing members of relation 1151161 (Romboleden). Research aid only. Existing OSM object: node/6684063785.
node/4692454774,https://www.openstreetmap.org/node/4692454774,,60.1432805,15.4010475,,shelter,,2.9,1151161,missing,Proposed: add as member of relation 1151161 (Romboleden). Do not modify existing members of relation 1151161 (Romboleden). Research aid only. Existing OSM object: node/4692454774.
node/4692454786,https://www.openstreetmap.org/node/4692454786,,60.1457554,15.3915778,,shelter,,3.0,1151161,missing,Proposed: add as member of relation 1151161 (Romboleden). Do not modify existing members of relation 1151161 (Romboleden). Research aid only. Existing OSM object: node/4692454786.
node/4693776024,https://www.openstreetmap.org/node/4693776024,,60.2734390,14.9808578,,shelter,,3.4,1151161,missing,Proposed: add as member of relation 1151161 (Romboleden). Do not modify existing members of relation 1151161 (Romboleden). Research aid only. Existing OSM object: node/4693776024.
node/12162376888,https://www.openstreetmap.org/node/12162376888,,62.1212181,13.1959051,,shelter,,4.3,1151161,missing,Proposed: add as member of relation 1151161 (Romboleden). Do not modify existing members of relation 1151161 (Romboleden). Research aid only. Existing OSM object: node/12162376888.
node/4692454765,https://www.openstreetmap.org/node/4692454765,,60.1408431,15.4076468,,shelter,,4.5,1151161,missing,Proposed: add as member of relation 1151161 (Romboleden). Do not modify existing members of relation 1151161 (Romboleden). Research aid only. Existing OSM object: node/4692454765.
node/12994948844,https://www.openstreetmap.org/node/12994948844,Norgesvilda,62.5143047,13.0017436,,shelter,,4.5,1151161,missing,Proposed: add as member of relation 1151161 (Romboleden). Do not modify existing members of relation 1151161 (Romboleden). Research aid only. Existing OSM object: node/12994948844.
node/6499787088,https://www.openstreetmap.org/node/6499787088,,60.4577865,14.7184342,,shelter,,5.0,1151161,missing,Proposed: add as member of relation 1151161 (Romboleden). Do not modify existing members of relation 1151161 (Romboleden). Research aid only. Existing OSM object: node/6499787088.
node/1890223679,https://www.openstreetmap.org/node/1890223679,Vedbodåsen,62.5648720,12.6374502,,shelter,,5.2,1151161,missing,Proposed: add as member of relation 1151161 (Romboleden). Do not modify existing members of relation 1151161 (Romboleden). Research aid only. Existing OSM object: node/1890223679.
node/339314753,https://www.openstreetmap.org/node/339314753,Fjällstuga Fältjägaren,62.8181663,12.4459583,alpine_hut,,,5.4,1151161,missing,Proposed: add as member of relation 1151161 (Romboleden). Do not modify existing members of relation 1151161 (Romboleden). Research aid only. Existing OSM object: node/339314753.
way/949154611,https://www.openstreetmap.org/way/949154611,Fagervallen,62.4880497,13.1023466,,shelter,,5.6,1151161,missing,Proposed: add as member of relation 1151161 (Romboleden). Do not modify existing members of relation 1151161 (Romboleden). Research aid only. Existing OSM object: way/949154611.
way/991435956,https://www.openstreetmap.org/way/991435956,,60.7228799,14.8768787,,shelter,shelter,6.4,1151161,missing,Proposed: add as member of relation 1151161 (Romboleden). Do not modify existing members of relation 1151161 (Romboleden). Research aid only. Existing OSM object: way/991435956.
node/7760980723,https://www.openstreetmap.org/node/7760980723,,60.7952742,14.6668391,,shelter,,7.2,1151161,missing,Proposed: add as member of relation 1151161 (Romboleden). Do not modify existing members of relation 1151161 (Romboleden). Research aid only. Existing OSM object: node/7760980723.
node/6499786382,https://www.openstreetmap.org/node/6499786382,,60.4605358,14.7014102,,shelter,,7.3,1151161,missing,Proposed: add as member of relation 1151161 (Romboleden). Do not modify existing members of relation 1151161 (Romboleden). Research aid only. Existing OSM object: node/6499786382.
node/4680694042,https://www.openstreetmap.org/node/4680694042,,60.9167040,14.6057216,,shelter,,7.4,1151161,missing,Proposed: add as member of relation 1151161 (Romboleden). Do not modify existing members of relation 1151161 (Romboleden). Research aid only. Existing OSM object: node/4680694042.
node/4764278577,https://www.openstreetmap.org/node/4764278577,Vasslan,61.1221138,14.0607546,,shelter,,7.6,1151161,missing,Proposed: add as member of relation 1151161 (Romboleden). Do not modify existing members of relation 1151161 (Romboleden). Research aid only. Existing OSM object: node/4764278577.
node/4693776030,https://www.openstreetmap.org/node/4693776030,,60.2730932,14.9807083,,shelter,,8.2,1151161,missing,Proposed: add as member of relation 1151161 (Romboleden). Do not modify existing members of relation 1151161 (Romboleden). Research aid only. Existing OSM object: node/4693776030.
node/504702337,https://www.openstreetmap.org/node/504702337,,62.1548581,13.1821659,picnic_site,,,8.4,1151161,missing,Proposed: add as member of relation 1151161 (Romboleden). Do not modify existing members of relation 1151161 (Romboleden). Research aid only. Existing OSM object: node/504702337.
node/4693984817,https://www.openstreetmap.org/node/4693984817,Norrvik,60.2108945,15.1078018,,shelter,,8.4,1151161,missing,Proposed: add as member of relation 1151161 (Romboleden). Do not modify existing members of relation 1151161 (Romboleden). Research aid only. Existing OSM object: node/4693984817.
node/1885624483,https://www.openstreetmap.org/node/1885624483,Sveån,62.7246146,12.3692365,,shelter,,8.9,1151161,missing,Proposed: add as member of relation 1151161 (Romboleden). Do not modify existing members of relation 1151161 (Romboleden). Research aid only. Existing OSM object: node/1885624483.
node/500856407,https://www.openstreetmap.org/node/500856407,Svaletjakke,62.7665489,12.3517440,,shelter,,9.0,1151161,missing,Proposed: add as member of relation 1151161 (Romboleden). Do not modify existing members of relation 1151161 (Romboleden). Research aid only. Existing OSM object: node/500856407.
node/4680694017,https://www.openstreetmap.org/node/4680694017,,60.9088775,14.6140210,,shelter,,9.6,1151161,missing,Proposed: add as member of relation 1151161 (Romboleden). Do not modify existing members of relation 1151161 (Romboleden). Research aid only. Existing OSM object: node/4680694017.
node/6812119150,https://www.openstreetmap.org/node/6812119150,,61.9689885,13.3248568,,shelter,,10.0,1151161,missing,Proposed: add as member of relation 1151161 (Romboleden). Do not modify existing members of relation 1151161 (Romboleden). Research aid only. Existing OSM object: node/6812119150.
node/6817493694,https://www.openstreetmap.org/node/6817493694,,61.3168752,14.1120872,,shelter,,10.6,1151161,missing,Proposed: add as member of relation 1151161 (Romboleden). Do not modify existing members of relation 1151161 (Romboleden). Research aid only. Existing OSM object: node/6817493694.
node/1492713027,https://www.openstreetmap.org/node/1492713027,,62.8181085,12.4457087,picnic_site,,,10.9,1151161,missing,Proposed: add as member of relation 1151161 (Romboleden). Do not modify existing members of relation 1151161 (Romboleden). Research aid only. Existing OSM object: node/1492713027.
node/7125728892,https://www.openstreetmap.org/node/7125728892,,59.9059600,15.4829100,,shelter,,11.0,1151161,missing,Proposed: add as member of relation 1151161 (Romboleden). Do not modify existing members of relation 1151161 (Romboleden). Research aid only. Existing OSM object: node/7125728892.
node/4704311939,https://www.openstreetmap.org/node/4704311939,,60.4580250,14.7388808,,shelter,,11.2,1151161,missing,Proposed: add as member of relation 1151161 (Romboleden). Do not modify existing members of relation 1151161 (Romboleden). Research aid only. Existing OSM object: node/4704311939.
node/6812263454,https://www.openstreetmap.org/node/6812263454,,61.5236894,14.0269095,,shelter,,11.2,1151161,missing,Proposed: add as member of relation 1151161 (Romboleden). Do not modify existing members of relation 1151161 (Romboleden). Research aid only. Existing OSM object: node/6812263454.
node/504697796,https://www.openstreetmap.org/node/504697796,Själastugan,62.1212510,13.1961515,,shelter,,11.3,1151161,missing,Proposed: add as member of relation 1151161 (Romboleden). Do not modify existing members of relation 1151161 (Romboleden). Research aid only. Existing OSM object: node/504697796.
node/2383589248,https://www.openstreetmap.org/node/2383589248,Pilgrimskapellet,60.8144290,14.6537920,,shelter,,11.7,1151161,missing,Proposed: add as member of relation 1151161 (Romboleden). Do not modify existing members of relation 1151161 (Romboleden). Research aid only. Existing OSM object: node/2383589248.
node/9864445041,https://www.openstreetmap.org/node/9864445041,,60.8248843,14.6394163,,shelter,,12.0,1151161,missing,Proposed: add as member of relation 1151161 (Romboleden). Do not modify existing members of relation 1151161 (Romboleden). Research aid only. Existing OSM object: node/9864445041.
node/2383634956,https://www.openstreetmap.org/node/2383634956,Lilla Kollsjön,60.7738010,14.6892140,,shelter,,12.2,1151161,missing,Proposed: add as member of relation 1151161 (Romboleden). Do not modify existing members of relation 1151161 (Romboleden). Research aid only. Existing OSM object: node/2383634956.
node/6812303602,https://www.openstreetmap.org/node/6812303602,,61.4438016,14.0960479,,shelter,,12.5,1151161,missing,Proposed: add as member of relation 1151161 (Romboleden). Do not modify existing members of relation 1151161 (Romboleden). Research aid only. Existing OSM object: node/6812303602.
node/2154993457,https://www.openstreetmap.org/node/2154993457,Hökberg,61.0749151,14.3087420,picnic_site,,,13.1,1151161,missing,Proposed: add as member of relation 1151161 (Romboleden). Do not modify existing members of relation 1151161 (Romboleden). Research aid only. Existing OSM object: node/2154993457.
node/6817493758,https://www.openstreetmap.org/node/6817493758,,61.3079475,14.1024972,,shelter,,13.3,1151161,missing,Proposed: add as member of relation 1151161 (Romboleden). Do not modify existing members of relation 1151161 (Romboleden). Research aid only. Existing OSM object: node/6817493758.
node/6811946558,https://www.openstreetmap.org/node/6811946558,,61.7975728,13.6862273,,shelter,,13.6,1151161,missing,Proposed: add as member of relation 1151161 (Romboleden). Do not modify existing members of relation 1151161 (Romboleden). Research aid only. Existing OSM object: node/6811946558.
node/2140631030,https://www.openstreetmap.org/node/2140631030,Korskällan.stuga,61.6208708,13.9758131,,shelter,,13.7,1151161,missing,Proposed: add as member of relation 1151161 (Romboleden). Do not modify existing members of relation 1151161 (Romboleden). Research aid only. Existing OSM object: node/2140631030.
node/7125241096,https://www.openstreetmap.org/node/7125241096,Borgfors Vindskydd,59.9069150,15.5046230,,shelter,,13.8,1151161,missing,Proposed: add as member of relation 1151161 (Romboleden). Do not modify existing members of relation 1151161 (Romboleden). Research aid only. Existing OSM object: node/7125241096.
node/603111189,https://www.openstreetmap.org/node/603111189,,62.7044773,12.3894264,,shelter,,14.4,1151161,missing,Proposed: add as member of relation 1151161 (Romboleden). Do not modify existing members of relation 1151161 (Romboleden). Research aid only. Existing OSM object: node/603111189.
node/2154970676,https://www.openstreetmap.org/node/2154970676,Läde,61.0506605,14.3556245,picnic_site,,,14.4,1151161,missing,Proposed: add as member of relation 1151161 (Romboleden). Do not modify existing members of relation 1151161 (Romboleden). Research aid only. Existing OSM object: node/2154970676.
node/620486997,https://www.openstreetmap.org/node/620486997,,61.0749595,14.3101051,picnic_site,,,14.9,1151161,missing,Proposed: add as member of relation 1151161 (Romboleden). Do not modify existing members of relation 1151161 (Romboleden). Research aid only. Existing OSM object: node/620486997.
node/2154993458,https://www.openstreetmap.org/node/2154993458,Prästskogskojan,61.0844478,14.2801924,wilderness_hut,,,14.9,1151161,missing,Proposed: add as member of relation 1151161 (Romboleden). Do not modify existing members of relation 1151161 (Romboleden). Research aid only. Existing OSM object: node/2154993458.
node/1775814640,https://www.openstreetmap.org/node/1775814640,,61.2309199,14.0367737,,shelter,,15.2,1151161,missing,Proposed: add as member of relation 1151161 (Romboleden). Do not modify existing members of relation 1151161 (Romboleden). Research aid only. Existing OSM object: node/1775814640.
way/293172533,https://www.openstreetmap.org/way/293172533,,59.9442755,15.4698520,camp_site,,,15.6,1151161,missing,Proposed: add as member of relation 1151161 (Romboleden). Do not modify existing members of relation 1151161 (Romboleden). Research aid only. Existing OSM object: way/293172533.
node/4062228453,https://www.openstreetmap.org/node/4062228453,,61.2354081,14.0341700,,shelter,,18.1,1151161,missing,Proposed: add as member of relation 1151161 (Romboleden). Do not modify existing members of relation 1151161 (Romboleden). Research aid only. Existing OSM object: node/4062228453.
node/6812388878,https://www.openstreetmap.org/node/6812388878,,61.3493020,14.1292936,,shelter,,18.1,1151161,missing,Proposed: add as member of relation 1151161 (Romboleden). Do not modify existing members of relation 1151161 (Romboleden). Research aid only. Existing OSM object: node/6812388878.
node/6812388880,https://www.openstreetmap.org/node/6812388880,,61.3297688,14.1210109,,shelter,,19.5,1151161,missing,Proposed: add as member of relation 1151161 (Romboleden). Do not modify existing members of relation 1151161 (Romboleden). Research aid only. Existing OSM object: node/6812388880.
node/11955827196,https://www.openstreetmap.org/node/11955827196,,63.0446150,11.6589413,,shelter,,20.1,1151161,missing,Proposed: add as member of relation 1151161 (Romboleden). Do not modify existing members of relation 1151161 (Romboleden). Research aid only. Existing OSM object: node/11955827196.
node/6812359739,https://www.openstreetmap.org/node/6812359739,,61.3924170,14.1300368,,shelter,,20.8,1151161,missing,Proposed: add as member of relation 1151161 (Romboleden). Do not modify existing members of relation 1151161 (Romboleden). Research aid only. Existing OSM object: node/6812359739.
node/2155010592,https://www.openstreetmap.org/node/2155010592,,61.0969009,14.2448984,picnic_site,,,21.0,1151161,missing,Proposed: add as member of relation 1151161 (Romboleden). Do not modify existing members of relation 1151161 (Romboleden). Research aid only. Existing OSM object: node/2155010592.
node/4061701021,https://www.openstreetmap.org/node/4061701021,,61.2308898,14.0371732,,shelter,,21.1,1151161,missing,Proposed: add as member of relation 1151161 (Romboleden). Do not modify existing members of relation 1151161 (Romboleden). Research aid only. Existing OSM object: node/4061701021.
node/6327958360,https://www.openstreetmap.org/node/6327958360,,62.6209861,12.4714109,,shelter,,22.4,1151161,missing,Proposed: add as member of relation 1151161 (Romboleden). Do not modify existing members of relation 1151161 (Romboleden). Research aid only. Existing OSM object: node/6327958360.
node/4693984822,https://www.openstreetmap.org/node/4693984822,,60.2274442,15.0652652,,shelter,,22.5,1151161,missing,Proposed: add as member of relation 1151161 (Romboleden). Do not modify existing members of relation 1151161 (Romboleden). Research aid only. Existing OSM object: node/4693984822.
node/3686255735,https://www.openstreetmap.org/node/3686255735,,60.4562288,14.7281556,,shelter,,24.2,1151161,missing,Proposed: add as member of relation 1151161 (Romboleden). Do not modify existing members of relation 1151161 (Romboleden). Research aid only. Existing OSM object: node/3686255735.
node/11094395178,https://www.openstreetmap.org/node/11094395178,Hotel Bishop Arms Mora,61.0051323,14.5403047,hotel,,,24.9,1151161,missing,Proposed: add as member of relation 1151161 (Romboleden). Do not modify existing members of relation 1151161 (Romboleden). Research aid only. Existing OSM object: node/11094395178.
node/4693775426,https://www.openstreetmap.org/node/4693775426,,60.2347771,15.0264917,,shelter,,25.4,1151161,missing,Proposed: add as member of relation 1151161 (Romboleden). Do not modify existing members of relation 1151161 (Romboleden). Research aid only. Existing OSM object: node/4693775426.
node/9892377649,https://www.openstreetmap.org/node/9892377649,Baggå Skola,59.8961432,15.5741930,guest_house,,,25.4,1151161,missing,Proposed: add as member of relation 1151161 (Romboleden). Do not modify existing members of relation 1151161 (Romboleden). Research aid only. Existing OSM object: node/9892377649.
node/4693984259,https://www.openstreetmap.org/node/4693984259,,60.1820052,15.1536557,,shelter,,26.7,1151161,missing,Proposed: add as member of relation 1151161 (Romboleden). Do not modify existing members of relation 1151161 (Romboleden). Research aid only. Existing OSM object: node/4693984259.
node/6812263429,https://www.openstreetmap.org/node/6812263429,,61.5349280,14.0176277,,shelter,,27.4,1151161,missing,Proposed: add as member of relation 1151161 (Romboleden). Do not modify existing members of relation 1151161 (Romboleden). Research aid only. Existing OSM object: node/6812263429.
node/4704311940,https://www.openstreetmap.org/node/4704311940,,60.4570953,14.7395084,,shelter,,28.2,1151161,missing,Proposed: add as member of relation 1151161 (Romboleden). Do not modify existing members of relation 1151161 (Romboleden). Research aid only. Existing OSM object: node/4704311940.
node/1355280313,https://www.openstreetmap.org/node/1355280313,Væktarstua hotell,62.9087256,11.8931650,hotel,,,28.5,1151161,missing,Proposed: add as member of relation 1151161 (Romboleden). Do not modify existing members of relation 1151161 (Romboleden). Research aid only. Existing OSM object: node/1355280313.
way/234727771,https://www.openstreetmap.org/way/234727771,Eldris,61.0166377,14.4115889,wilderness_hut,,,28.6,1151161,missing,Proposed: add as member of relation 1151161 (Romboleden). Do not modify existing members of relation 1151161 (Romboleden). Research aid only. Existing OSM object: way/234727771.
node/8986350015,https://www.openstreetmap.org/node/8986350015,,61.2153474,14.0349754,,shelter,,29.4,1151161,missing,Proposed: add as member of relation 1151161 (Romboleden). Do not modify existing members of relation 1151161 (Romboleden). Research aid only. Existing OSM object: node/8986350015.
node/448653293,https://www.openstreetmap.org/node/448653293,,60.4562593,14.7292177,,shelter,,30.1,1151161,missing,Proposed: add as member of relation 1151161 (Romboleden). Do not modify existing members of relation 1151161 (Romboleden). Research aid only. Existing OSM object: node/448653293.
node/4693984799,https://www.openstreetmap.org/node/4693984799,Lekombergsvägen,60.1944444,15.1384179,,shelter,,30.8,1151161,missing,Proposed: add as member of relation 1151161 (Romboleden). Do not modify existing members of relation 1151161 (Romboleden). Research aid only. Existing OSM object: node/4693984799.
node/4680693937,https://www.openstreetmap.org/node/4680693937,,60.8862041,14.5448527,,shelter,,31.2,1151161,missing,Proposed: add as member of relation 1151161 (Romboleden). Do not modify existing members of relation 1151161 (Romboleden). Research aid only. Existing OSM object: node/4680693937.
node/9864425136,https://www.openstreetmap.org/node/9864425136,,60.8343101,14.6275905,,shelter,,31.6,1151161,missing,Proposed: add as member of relation 1151161 (Romboleden). Do not modify existing members of relation 1151161 (Romboleden). Research aid only. Existing OSM object: node/9864425136.
way/76808093,https://www.openstreetmap.org/way/76808093,Grangärde Hotell & Konferenscenter,60.2600039,14.9773684,hotel,,yes,32.3,1151161,missing,Proposed: add as member of relation 1151161 (Romboleden). Do not modify existing members of relation 1151161 (Romboleden). Research aid only. Existing OSM object: way/76808093.
way/343743457,https://www.openstreetmap.org/way/343743457,Olandersgården,60.7846197,14.7778992,hostel,,hotel,32.4,1151161,missing,Proposed: add as member of relation 1151161 (Romboleden). Do not modify existing members of relation 1151161 (Romboleden). Research aid only. Existing OSM object: way/343743457.
node/4706313810,https://www.openstreetmap.org/node/4706313810,,60.4537746,14.4965883,,shelter,,32.6,1151161,missing,Proposed: add as member of relation 1151161 (Romboleden). Do not modify existing members of relation 1151161 (Romboleden). Research aid only. Existing OSM object: node/4706313810.
node/4693984791,https://www.openstreetmap.org/node/4693984791,,60.1888160,15.1451075,,shelter,,33.9,1151161,missing,Proposed: add as member of relation 1151161 (Romboleden). Do not modify existing members of relation 1151161 (Romboleden). Research aid only. Existing OSM object: node/4693984791.
node/1809680576,https://www.openstreetmap.org/node/1809680576,Länsmansgården,60.4577508,14.7200648,hostel,,,35.3,1151161,missing,Proposed: add as member of relation 1151161 (Romboleden). Do not modify existing members of relation 1151161 (Romboleden). Research aid only. Existing OSM object: node/1809680576.
way/292749748,https://www.openstreetmap.org/way/292749748,Villa Sjöhästen,60.2620607,14.9783196,hostel,,yes,35.4,1151161,missing,Proposed: add as member of relation 1151161 (Romboleden). Do not modify existing members of relation 1151161 (Romboleden). Research aid only. Existing OSM object: way/292749748.
node/9831647755,https://www.openstreetmap.org/node/9831647755,,61.0508752,14.3560302,,shelter,,35.6,1151161,missing,Proposed: add as member of relation 1151161 (Romboleden). Do not modify existing members of relation 1151161 (Romboleden). Research aid only. Existing OSM object: node/9831647755.
node/7125248155,https://www.openstreetmap.org/node/7125248155,Vindskydd Funäsdalssjön,62.5261211,12.5753096,,shelter,,35.9,1151161,missing,Proposed: add as member of relation 1151161 (Romboleden). Do not modify existing members of relation 1151161 (Romboleden). Research aid only. Existing OSM object: node/7125248155.
node/4693984278,https://www.openstreetmap.org/node/4693984278,,60.1856077,15.1509346,,shelter,,36.3,1151161,missing,Proposed: add as member of relation 1151161 (Romboleden). Do not modify existing members of relation 1151161 (Romboleden). Research aid only. Existing OSM object: node/4693984278.
node/2891947342,https://www.openstreetmap.org/node/2891947342,,60.3471143,14.9192710,picnic_site,,,38.1,1151161,missing,Proposed: add as member of relation 1151161 (Romboleden). Do not modify existing members of relation 1151161 (Romboleden). Research aid only. Existing OSM object: node/2891947342.
node/3613407826,https://www.openstreetmap.org/node/3613407826,,60.4807336,14.7166589,,shelter,,38.4,1151161,missing,Proposed: add as member of relation 1151161 (Romboleden). Do not modify existing members of relation 1151161 (Romboleden). Research aid only. Existing OSM object: node/3613407826.
way/182239677,https://www.openstreetmap.org/way/182239677,Älvdalens Hotell,61.2287541,14.0376495,hotel,,yes,40.5,1151161,missing,Proposed: add as member of relation 1151161 (Romboleden). Do not modify existing members of relation 1151161 (Romboleden). Research aid only. Existing OSM object: way/182239677.
node/9686456657,https://www.openstreetmap.org/node/9686456657,,61.9030940,12.7691489,,shelter,,41.3,1151161,missing,Proposed: add as member of relation 1151161 (Romboleden). Do not modify existing members of relation 1151161 (Romboleden). Research aid only. Existing OSM object: node/9686456657.
node/6812242234,https://www.openstreetmap.org/node/6812242234,,61.5542799,13.9941441,,shelter,,43.1,1151161,missing,Proposed: add as member of relation 1151161 (Romboleden). Do not modify existing members of relation 1151161 (Romboleden). Research aid only. Existing OSM object: node/6812242234.
node/5882915453,https://www.openstreetmap.org/node/5882915453,Salåkojan,60.3877564,14.8113452,wilderness_hut,,,43.3,1151161,missing,Proposed: add as member of relation 1151161 (Romboleden). Do not modify existing members of relation 1151161 (Romboleden). Research aid only. Existing OSM object: node/5882915453.
node/4680694046,https://www.openstreetmap.org/node/4680694046,,60.9155283,14.6172241,,shelter,,43.7,1151161,missing,Proposed: add as member of relation 1151161 (Romboleden). Do not modify existing members of relation 1151161 (Romboleden). Research aid only. Existing OSM object: node/4680694046.
node/12312248942,https://www.openstreetmap.org/node/12312248942,Värmestuga,62.7039547,12.3896378,wilderness_hut,,,44.7,1151161,missing,Proposed: add as member of relation 1151161 (Romboleden). Do not modify existing members of relation 1151161 (Romboleden). Research aid only. Existing OSM object: node/12312248942.
node/11962220692,https://www.openstreetmap.org/node/11962220692,,63.2184647,11.0392401,,shelter,,48.6,1151161,missing,Proposed: add as member of relation 1151161 (Romboleden). Do not modify existing members of relation 1151161 (Romboleden). Research aid only. Existing OSM object: node/11962220692.
node/11962197705,https://www.openstreetmap.org/node/11962197705,,63.2190916,11.0401374,,shelter,,48.8,1151161,missing,Proposed: add as member of relation 1151161 (Romboleden). Do not modify existing members of relation 1151161 (Romboleden). Research aid only. Existing OSM object: node/11962197705.
node/4693775425,https://www.openstreetmap.org/node/4693775425,,60.2350006,15.0260540,,shelter,,48.8,1151161,missing,Proposed: add as member of relation 1151161 (Romboleden). Do not modify existing members of relation 1151161 (Romboleden). Research aid only. Existing OSM object: node/4693775425.
node/3221760913,https://www.openstreetmap.org/node/3221760913,,60.1365932,15.4067812,,shelter,,51.9,1151161,missing,Proposed: add as member of relation 1151161 (Romboleden). Do not modify existing members of relation 1151161 (Romboleden). Research aid only. Existing OSM object: node/3221760913.
node/3613407750,https://www.openstreetmap.org/node/3613407750,,60.4816322,14.7157373,,shelter,,54.8,1151161,missing,Proposed: add as member of relation 1151161 (Romboleden). Do not modify existing members of relation 1151161 (Romboleden). Research aid only. Existing OSM object: node/3613407750.
node/9401862874,https://www.openstreetmap.org/node/9401862874,,62.5535496,12.5472859,,shelter,,58.1,1151161,missing,Proposed: add as member of relation 1151161 (Romboleden). Do not modify existing members of relation 1151161 (Romboleden). Research aid only. Existing OSM object: node/9401862874.
node/4706313806,https://www.openstreetmap.org/node/4706313806,,60.4540531,14.4966698,,shelter,,58.4,1151161,missing,Proposed: add as member of relation 1151161 (Romboleden). Do not modify existing members of relation 1151161 (Romboleden). Research aid only. Existing OSM object: node/4706313806.
node/7125225408,https://www.openstreetmap.org/node/7125225408,Sången stugan,60.5950805,14.7465062,wilderness_hut,,,59.4,1151161,missing,Proposed: add as member of relation 1151161 (Romboleden). Do not modify existing members of relation 1151161 (Romboleden). Research aid only. Existing OSM object: node/7125225408.
node/4693775435,https://www.openstreetmap.org/node/4693775435,,60.2382874,15.0160491,,shelter,,59.7,1151161,missing,Proposed: add as member of relation 1151161 (Romboleden). Do not modify existing members of relation 1151161 (Romboleden). Research aid only. Existing OSM object: node/4693775435.
way/725371085,https://www.openstreetmap.org/way/725371085,,61.8193553,13.5623773,,shelter,yes,60.3,1151161,missing,Proposed: add as member of relation 1151161 (Romboleden). Do not modify existing members of relation 1151161 (Romboleden). Research aid only. Existing OSM object: way/725371085.
node/7125728782,https://www.openstreetmap.org/node/7125728782,,61.0848212,14.2784071,,shelter,,63.8,1151161,missing,Proposed: add as member of relation 1151161 (Romboleden). Do not modify existing members of relation 1151161 (Romboleden). Research aid only. Existing OSM object: node/7125728782.
node/4692454904,https://www.openstreetmap.org/node/4692454904,,60.1477638,15.3782251,,shelter,,64.8,1151161,missing,Proposed: add as member of relation 1151161 (Romboleden). Do not modify existing members of relation 1151161 (Romboleden). Research aid only. Existing OSM object: node/4692454904.
way/548325378,https://www.openstreetmap.org/way/548325378,,62.7035877,12.3876893,camp_site,,,66.8,1151161,missing,Proposed: add as member of relation 1151161 (Romboleden). Do not modify existing members of relation 1151161 (Romboleden). Research aid only. Existing OSM object: way/548325378.
node/7868155885,https://www.openstreetmap.org/node/7868155885,Foldsjøhuken,63.3455487,10.7764744,,shelter,,67.3,1151161,missing,Proposed: add as member of relation 1151161 (Romboleden). Do not modify existing members of relation 1151161 (Romboleden). Research aid only. Existing OSM object: node/7868155885.
node/4692298305,https://www.openstreetmap.org/node/4692298305,,60.1513036,15.1902783,,shelter,,68.2,1151161,missing,Proposed: add as member of relation 1151161 (Romboleden). Do not modify existing members of relation 1151161 (Romboleden). Research aid only. Existing OSM object: node/4692298305.
node/7125728548,https://www.openstreetmap.org/node/7125728548,,59.8956370,15.5731255,,shelter,,68.3,1151161,missing,Proposed: add as member of relation 1151161 (Romboleden). Do not modify existing members of relation 1151161 (Romboleden). Research aid only. Existing OSM object: node/7125728548.
node/7125728637,https://www.openstreetmap.org/node/7125728637,,62.6006985,12.5281048,,shelter,,70.9,1151161,missing,Proposed: add as member of relation 1151161 (Romboleden). Do not modify existing members of relation 1151161 (Romboleden). Research aid only. Existing OSM object: node/7125728637.
node/317448846,https://www.openstreetmap.org/node/317448846,Bruksvallarnas fjällhotell,62.6408066,12.4234158,hotel,,,73.7,1151161,missing,Proposed: add as member of relation 1151161 (Romboleden). Do not modify existing members of relation 1151161 (Romboleden). Research aid only. Existing OSM object: node/317448846.
node/480438587,https://www.openstreetmap.org/node/480438587,,61.7751437,12.9455456,camp_site,,,75.9,1151161,missing,Proposed: add as member of relation 1151161 (Romboleden). Do not modify existing members of relation 1151161 (Romboleden). Research aid only. Existing OSM object: node/480438587.
node/3780571958,https://www.openstreetmap.org/node/3780571958,,59.9310047,15.4435894,picnic_site,,,77.1,1151161,missing,Proposed: add as member of relation 1151161 (Romboleden). Do not modify existing members of relation 1151161 (Romboleden). Research aid only. Existing OSM object: node/3780571958.
way/763461266,https://www.openstreetmap.org/way/763461266,Nedre Rändfallet,62.4573790,13.1197064,wilderness_hut,,yes,78.2,1151161,missing,Proposed: add as member of relation 1151161 (Romboleden). Do not modify existing members of relation 1151161 (Romboleden). Research aid only. Existing OSM object: way/763461266.
node/3663316821,https://www.openstreetmap.org/node/3663316821,Stugudal Camping,62.8959330,11.8847890,camp_site,,,79.5,1151161,missing,Proposed: add as member of relation 1151161 (Romboleden). Do not modify existing members of relation 1151161 (Romboleden). Research aid only. Existing OSM object: node/3663316821.
node/4689369505,https://www.openstreetmap.org/node/4689369505,,60.1538633,15.1917027,,shelter,,81.7,1151161,missing,Proposed: add as member of relation 1151161 (Romboleden). Do not modify existing members of relation 1151161 (Romboleden). Research aid only. Existing OSM object: node/4689369505.
node/7868155985,https://www.openstreetmap.org/node/7868155985,,63.3455388,10.7758408,picnic_site,,,89.1,1151161,missing,Proposed: add as member of relation 1151161 (Romboleden). Do not modify existing members of relation 1151161 (Romboleden). Research aid only. Existing OSM object: node/7868155985.
node/7133977058,https://www.openstreetmap.org/node/7133977058,Lilla Fruhågntjärnen,62.1932593,13.0999008,,shelter,,89.5,1151161,missing,Proposed: add as member of relation 1151161 (Romboleden). Do not modify existing members of relation 1151161 (Romboleden). Research aid only. Existing OSM object: node/7133977058.
node/4692454907,https://www.openstreetmap.org/node/4692454907,,60.1480932,15.3731912,,shelter,,95.0,1151161,missing,Proposed: add as member of relation 1151161 (Romboleden). Do not modify existing members of relation 1151161 (Romboleden). Research aid only. Existing OSM object: node/4692454907.
node/5739848265,https://www.openstreetmap.org/node/5739848265,Wanbo herrgård,60.1174385,15.4843456,hotel,restaurant,,95.3,1151161,missing,Proposed: add as member of relation 1151161 (Romboleden). Do not modify existing members of relation 1151161 (Romboleden). Research aid only. Existing OSM object: node/5739848265.
node/3599510681,https://www.openstreetmap.org/node/3599510681,,59.9082769,15.5230902,,shelter,,101.9,1151161,missing,Proposed: add as member of relation 1151161 (Romboleden). Do not modify existing members of relation 1151161 (Romboleden). Research aid only. Existing OSM object: node/3599510681.
node/480438590,https://www.openstreetmap.org/node/480438590,,61.7846900,12.9332100,,shelter,,103.7,1151161,missing,Proposed: add as member of relation 1151161 (Romboleden). Do not modify existing members of relation 1151161 (Romboleden). Research aid only. Existing OSM object: node/480438590.
way/241592388,https://www.openstreetmap.org/way/241592388,Best Western Mora Hotell & Spa,61.0055783,14.5416700,hotel,,yes,106.7,1151161,missing,Proposed: add as member of relation 1151161 (Romboleden). Do not modify existing members of relation 1151161 (Romboleden). Research aid only. Existing OSM object: way/241592388.
node/4692454909,https://www.openstreetmap.org/node/4692454909,,60.1479811,15.3730732,,shelter,,107.7,1151161,missing,Proposed: add as member of relation 1151161 (Romboleden). Do not modify existing members of relation 1151161 (Romboleden). Research aid only. Existing OSM object: node/4692454909.
way/200675346,https://www.openstreetmap.org/way/200675346,Hotell Mora Parken,61.0101703,14.5258522,hotel,,yes,107.8,1151161,missing,Proposed: add as member of relation 1151161 (Romboleden). Do not modify existing members of relation 1151161 (Romboleden). Research aid only. Existing OSM object: way/200675346.
node/454970928,https://www.openstreetmap.org/node/454970928,Fjällgården,62.7014108,12.3890590,hotel,,,110.6,1151161,missing,Proposed: add as member of relation 1151161 (Romboleden). Do not modify existing members of relation 1151161 (Romboleden). Research aid only. Existing OSM object: node/454970928.
node/3600575308,https://www.openstreetmap.org/node/3600575308,,59.9184021,15.4668014,,shelter,,115.5,1151161,missing,Proposed: add as member of relation 1151161 (Romboleden). Do not modify existing members of relation 1151161 (Romboleden). Research aid only. Existing OSM object: node/3600575308.
node/842928244,https://www.openstreetmap.org/node/842928244,Caravan Club Sollerön,60.9003915,14.5840092,camp_site,,,122.7,1151161,missing,Proposed: add as member of relation 1151161 (Romboleden). Do not modify existing members of relation 1151161 (Romboleden). Research aid only. Existing OSM object: node/842928244.
node/2114275830,https://www.openstreetmap.org/node/2114275830,,60.4820797,14.7112990,,shelter,,123.1,1151161,missing,Proposed: add as member of relation 1151161 (Romboleden). Do not modify existing members of relation 1151161 (Romboleden). Research aid only. Existing OSM object: node/2114275830.
node/7578387114,https://www.openstreetmap.org/node/7578387114,,60.1630096,15.1777741,,shelter,,124.5,1151161,missing,Proposed: add as member of relation 1151161 (Romboleden). Do not modify existing members of relation 1151161 (Romboleden). Research aid only. Existing OSM object: node/7578387114.
node/450705612,https://www.openstreetmap.org/node/450705612,,60.8541463,14.5759608,,shelter,,124.8,1151161,missing,Proposed: add as member of relation 1151161 (Romboleden). Do not modify existing members of relation 1151161 (Romboleden). Research aid only. Existing OSM object: node/450705612.
node/3221760922,https://www.openstreetmap.org/node/3221760922,,60.1366291,15.4052802,,shelter,,132.1,1151161,missing,Proposed: add as member of relation 1151161 (Romboleden). Do not modify existing members of relation 1151161 (Romboleden). Research aid only. Existing OSM object: node/3221760922.
node/11813572343,https://www.openstreetmap.org/node/11813572343,,60.1403449,15.4036046,,shelter,,132.7,1151161,missing,Proposed: add as member of relation 1151161 (Romboleden). Do not modify existing members of relation 1151161 (Romboleden). Research aid only. Existing OSM object: node/11813572343.
way/447222678,https://www.openstreetmap.org/way/447222678,Skogsstationen Flyktan,61.3879279,13.4771050,,shelter,yes,138.5,1151161,missing,Proposed: add as member of relation 1151161 (Romboleden). Do not modify existing members of relation 1151161 (Romboleden). Research aid only. Existing OSM object: way/447222678.
node/7125728396,https://www.openstreetmap.org/node/7125728396,Fruhågna,62.2034328,13.0900429,,shelter,,142.1,1151161,missing,Proposed: add as member of relation 1151161 (Romboleden). Do not modify existing members of relation 1151161 (Romboleden). Research aid only. Existing OSM object: node/7125728396.
node/13072140738,https://www.openstreetmap.org/node/13072140738,,62.5291962,12.5684800,picnic_site,,,144.0,1151161,missing,Proposed: add as member of relation 1151161 (Romboleden). Do not modify existing members of relation 1151161 (Romboleden). Research aid only. Existing OSM object: node/13072140738.
node/13624799245,https://www.openstreetmap.org/node/13624799245,,62.1294211,13.1940200,,shelter,,147.0,1151161,missing,Proposed: add as member of relation 1151161 (Romboleden). Do not modify existing members of relation 1151161 (Romboleden). Research aid only. Existing OSM object: node/13624799245.
node/317449697,https://www.openstreetmap.org/node/317449697,Bruksvallarnas stugby,62.6432233,12.4240139,chalet,,,148.5,1151161,missing,Proposed: add as member of relation 1151161 (Romboleden). Do not modify existing members of relation 1151161 (Romboleden). Research aid only. Existing OSM object: node/317449697.
node/451689902,https://www.openstreetmap.org/node/451689902,Läde slogbod,61.0072909,14.4429986,,shelter,,148.6,1151161,missing,Proposed: add as member of relation 1151161 (Romboleden). Do not modify existing members of relation 1151161 (Romboleden). Research aid only. Existing OSM object: node/451689902.
node/2338589448,https://www.openstreetmap.org/node/2338589448,Snöå Bruk,60.5374234,14.4480358,guest_house,,,161.5,1151161,missing,Proposed: add as member of relation 1151161 (Romboleden). Do not modify existing members of relation 1151161 (Romboleden). Research aid only. Existing OSM object: node/2338589448.
node/13416772010,https://www.openstreetmap.org/node/13416772010,,61.9007524,12.7684426,,shelter,,161.7,1151161,missing,Proposed: add as member of relation 1151161 (Romboleden). Do not modify existing members of relation 1151161 (Romboleden). Research aid only. Existing OSM object: node/13416772010.
node/7020811291,https://www.openstreetmap.org/node/7020811291,,61.1166018,14.1778348,hostel,,,162.9,1151161,missing,Proposed: add as member of relation 1151161 (Romboleden). Do not modify existing members of relation 1151161 (Romboleden). Research aid only. Existing OSM object: node/7020811291.
node/4693984243,https://www.openstreetmap.org/node/4693984243,,60.1679468,15.1656840,,shelter,,168.8,1151161,missing,Proposed: add as member of relation 1151161 (Romboleden). Do not modify existing members of relation 1151161 (Romboleden). Research aid only. Existing OSM object: node/4693984243.
node/7125248173,https://www.openstreetmap.org/node/7125248173,Byvägen2 Vindskydd,61.8038310,12.9085739,,shelter,,171.8,1151161,missing,Proposed: add as member of relation 1151161 (Romboleden). Do not modify existing members of relation 1151161 (Romboleden). Research aid only. Existing OSM object: node/7125248173.
node/4693984241,https://www.openstreetmap.org/node/4693984241,,60.1675426,15.1656603,,shelter,,173.0,1151161,missing,Proposed: add as member of relation 1151161 (Romboleden). Do not modify existing members of relation 1151161 (Romboleden). Research aid only. Existing OSM object: node/4693984241.
node/5882906516,https://www.openstreetmap.org/node/5882906516,,60.4438341,14.7700636,,shelter,,173.2,1151161,missing,Proposed: add as member of relation 1151161 (Romboleden). Do not modify existing members of relation 1151161 (Romboleden). Research aid only. Existing OSM object: node/5882906516.
node/8805325946,https://www.openstreetmap.org/node/8805325946,,62.5516673,12.5442906,,shelter,,174.7,1151161,missing,Proposed: add as member of relation 1151161 (Romboleden). Do not modify existing members of relation 1151161 (Romboleden). Research aid only. Existing OSM object: node/8805325946.
node/1906494178,https://www.openstreetmap.org/node/1906494178,Sörens palats,60.4641314,14.6864446,chalet,,,180.7,1151161,missing,Proposed: add as member of relation 1151161 (Romboleden). Do not modify existing members of relation 1151161 (Romboleden). Research aid only. Existing OSM object: node/1906494178.
node/3009140403,https://www.openstreetmap.org/node/3009140403,Snipheden S,61.2832501,13.8717030,,shelter,,181.5,1151161,missing,Proposed: add as member of relation 1151161 (Romboleden). Do not modify existing members of relation 1151161 (Romboleden). Research aid only. Existing OSM object: node/3009140403.
way/508279464,https://www.openstreetmap.org/way/508279464,,62.6407290,12.4190711,chalet,,yes,182.2,1151161,missing,Proposed: add as member of relation 1151161 (Romboleden). Do not modify existing members of relation 1151161 (Romboleden). Research aid only. Existing OSM object: way/508279464.
node/4075590489,https://www.openstreetmap.org/node/4075590489,,61.2431923,14.0286819,,shelter,,182.3,1151161,missing,Proposed: add as member of relation 1151161 (Romboleden). Do not modify existing members of relation 1151161 (Romboleden). Research aid only. Existing OSM object: node/4075590489.
node/6564829393,https://www.openstreetmap.org/node/6564829393,,60.1452974,15.2047553,,shelter,,186.0,1151161,missing,Proposed: add as member of relation 1151161 (Romboleden). Do not modify existing members of relation 1151161 (Romboleden). Research aid only. Existing OSM object: node/6564829393.
way/508279446,https://www.openstreetmap.org/way/508279446,11,62.6419569,12.4175575,chalet,,yes,189.3,1151161,missing,Proposed: add as member of relation 1151161 (Romboleden). Do not modify existing members of relation 1151161 (Romboleden). Research aid only. Existing OSM object: way/508279446.
way/508279445,https://www.openstreetmap.org/way/508279445,10,62.6416975,12.4176517,chalet,,yes,189.6,1151161,missing,Proposed: add as member of relation 1151161 (Romboleden). Do not modify existing members of relation 1151161 (Romboleden). Research aid only. Existing OSM object: way/508279445.
node/8409692221,https://www.openstreetmap.org/node/8409692221,Hattkalles Vandrarhem,60.1396748,15.4127478,hostel,,,193.3,1151161,missing,Proposed: add as member of relation 1151161 (Romboleden). Do not modify existing members of relation 1151161 (Romboleden). Research aid only. Existing OSM object: node/8409692221.
node/7112257582,https://www.openstreetmap.org/node/7112257582,,62.2857456,13.1123121,,shelter,,193.6,1151161,missing,Proposed: add as member of relation 1151161 (Romboleden). Do not modify existing members of relation 1151161 (Romboleden). Research aid only. Existing OSM object: node/7112257582.
way/508279463,https://www.openstreetmap.org/way/508279463,,62.6405662,12.4190678,chalet,,yes,194.8,1151161,missing,Proposed: add as member of relation 1151161 (Romboleden). Do not modify existing members of relation 1151161 (Romboleden). Research aid only. Existing OSM object: way/508279463.
way/508279465,https://www.openstreetmap.org/way/508279465,,62.6407692,12.4186213,chalet,,yes,195.2,1151161,missing,Proposed: add as member of relation 1151161 (Romboleden). Do not modify existing members of relation 1151161 (Romboleden). Research aid only. Existing OSM object: way/508279465.
node/1615754522,https://www.openstreetmap.org/node/1615754522,,62.5567456,12.6558075,,shelter,,201.9,1151161,missing,Proposed: add as member of relation 1151161 (Romboleden). Do not modify existing members of relation 1151161 (Romboleden). Research aid only. Existing OSM object: node/1615754522.
way/508279462,https://www.openstreetmap.org/way/508279462,,62.6404405,12.4190239,chalet,,yes,205.7,1151161,missing,Proposed: add as member of relation 1151161 (Romboleden). Do not modify existing members of relation 1151161 (Romboleden). Research aid only. Existing OSM object: way/508279462.
way/508279467,https://www.openstreetmap.org/way/508279467,,62.6408408,12.4181196,chalet,,yes,210.0,1151161,missing,Proposed: add as member of relation 1151161 (Romboleden). Do not modify existing members of relation 1151161 (Romboleden). Research aid only. Existing OSM object: way/508279467.
node/9686456658,https://www.openstreetmap.org/node/9686456658,,61.9024997,12.7648190,,shelter,,211.1,1151161,missing,Proposed: add as member of relation 1151161 (Romboleden). Do not modify existing members of relation 1151161 (Romboleden). Research aid only. Existing OSM object: node/9686456658.
node/12913447100,https://www.openstreetmap.org/node/12913447100,HEIM Hotell,61.0027863,14.5368125,hotel,,,211.4,1151161,missing,Proposed: add as member of relation 1151161 (Romboleden). Do not modify existing members of relation 1151161 (Romboleden). Research aid only. Existing OSM object: node/12913447100.
way/981496669,https://www.openstreetmap.org/way/981496669,1,62.6403554,12.4188983,chalet,,yes,216.6,1151161,missing,Proposed: add as member of relation 1151161 (Romboleden). Do not modify existing members of relation 1151161 (Romboleden). Research aid only. Existing OSM object: way/981496669.
node/480438585,https://www.openstreetmap.org/node/480438585,,61.7621200,12.9568200,camp_site,,,221.8,1151161,missing,Proposed: add as member of relation 1151161 (Romboleden). Do not modify existing members of relation 1151161 (Romboleden). Research aid only. Existing OSM object: node/480438585.
node/2409602513,https://www.openstreetmap.org/node/2409602513,Slogbod,60.4644134,14.6806395,,shelter,,226.4,1151161,missing,Proposed: add as member of relation 1151161 (Romboleden). Do not modify existing members of relation 1151161 (Romboleden). Research aid only. Existing OSM object: node/2409602513.
node/3663316369,https://www.openstreetmap.org/node/3663316369,Selbu Camping,63.2513070,11.0880740,camp_site,,,236.2,1151161,missing,Proposed: add as member of relation 1151161 (Romboleden). Do not modify existing members of relation 1151161 (Romboleden). Research aid only. Existing OSM object: node/3663316369.
node/7125234181,https://www.openstreetmap.org/node/7125234181,Byvägen3 Vindskydd,61.8024402,12.9119242,,shelter,,236.7,1151161,missing,Proposed: add as member of relation 1151161 (Romboleden). Do not modify existing members of relation 1151161 (Romboleden). Research aid only. Existing OSM object: node/7125234181.
node/4693984813,https://www.openstreetmap.org/node/4693984813,Brunnsvik,60.2035528,15.1297174,,shelter,,238.2,1151161,missing,Proposed: add as member of relation 1151161 (Romboleden). Do not modify existing members of relation 1151161 (Romboleden). Research aid only. Existing OSM object: node/4693984813.
node/3780557006,https://www.openstreetmap.org/node/3780557006,,59.9155196,15.4611933,picnic_site,,,244.9,1151161,missing,Proposed: add as member of relation 1151161 (Romboleden). Do not modify existing members of relation 1151161 (Romboleden). Research aid only. Existing OSM object: node/3780557006.
node/3932119135,https://www.openstreetmap.org/node/3932119135,,62.6619651,12.4231120,,shelter,,245.0,1151161,missing,Proposed: add as member of relation 1151161 (Romboleden). Do not modify existing members of relation 1151161 (Romboleden). Research aid only. Existing OSM object: node/3932119135.
node/9876747515,https://www.openstreetmap.org/node/9876747515,,61.2622679,14.0562965,,shelter,,246.3,1151161,missing,Proposed: add as member of relation 1151161 (Romboleden). Do not modify existing members of relation 1151161 (Romboleden). Research aid only. Existing OSM object: node/9876747515.
node/4786447042,https://www.openstreetmap.org/node/4786447042,,61.0028529,14.5359985,,shelter,,255.6,1151161,missing,Proposed: add as member of relation 1151161 (Romboleden). Do not modify existing members of relation 1151161 (Romboleden). Research aid only. Existing OSM object: node/4786447042.
node/4443957454,https://www.openstreetmap.org/node/4443957454,,61.3875197,13.4802629,,shelter,,257.1,1151161,missing,Proposed: add as member of relation 1151161 (Romboleden). Do not modify existing members of relation 1151161 (Romboleden). Research aid only. Existing OSM object: node/4443957454.
node/142622334,https://www.openstreetmap.org/node/142622334,Grand Hotel Elektra,60.1509811,15.1866278,hotel,restaurant,,259.1,1151161,missing,Proposed: add as member of relation 1151161 (Romboleden). Do not modify existing members of relation 1151161 (Romboleden). Research aid only. Existing OSM object: node/142622334.
node/3599508793,https://www.openstreetmap.org/node/3599508793,,59.9080756,15.5262565,,shelter,,261.1,1151161,missing,Proposed: add as member of relation 1151161 (Romboleden). Do not modify existing members of relation 1151161 (Romboleden). Research aid only. Existing OSM object: node/3599508793.
node/12914022242,https://www.openstreetmap.org/node/12914022242,Saxvikens vandrarhem,60.9998113,14.5391770,guest_house,,,266.8,1151161,missing,Proposed: add as member of relation 1151161 (Romboleden). Do not modify existing members of relation 1151161 (Romboleden). Research aid only. Existing OSM object: node/12914022242.
node/4786447047,https://www.openstreetmap.org/node/4786447047,,61.0029524,14.5357895,,shelter,,267.8,1151161,missing,Proposed: add as member of relation 1151161 (Romboleden). Do not modify existing members of relation 1151161 (Romboleden). Research aid only. Existing OSM object: node/4786447047.
node/5469549147,https://www.openstreetmap.org/node/5469549147,Ravinen,61.9737671,13.1587252,picnic_site,,,276.0,1151161,missing,Proposed: add as member of relation 1151161 (Romboleden). Do not modify existing members of relation 1151161 (Romboleden). Research aid only. Existing OSM object: node/5469549147.
node/4444032832,https://www.openstreetmap.org/node/4444032832,,61.3899065,13.4649896,,shelter,,281.9,1151161,missing,Proposed: add as member of relation 1151161 (Romboleden). Do not modify existing members of relation 1151161 (Romboleden). Research aid only. Existing OSM object: node/4444032832.
way/493293846,https://www.openstreetmap.org/way/493293846,Doff,62.6449339,12.4138422,chalet,,yes,284.1,1151161,missing,Proposed: add as member of relation 1151161 (Romboleden). Do not modify existing members of relation 1151161 (Romboleden). Research aid only. Existing OSM object: way/493293846.
node/7125728638,https://www.openstreetmap.org/node/7125728638,,62.6031017,12.5051022,,shelter,,294.5,1151161,missing,Proposed: add as member of relation 1151161 (Romboleden). Do not modify existing members of relation 1151161 (Romboleden). Research aid only. Existing OSM object: node/7125728638.
node/9266878113,https://www.openstreetmap.org/node/9266878113,Målkullorna Hostel,61.0078503,14.5456851,hostel,,,294.9,1151161,missing,Proposed: add as member of relation 1151161 (Romboleden). Do not modify existing members of relation 1151161 (Romboleden). Research aid only. Existing OSM object: node/9266878113.
node/480438589,https://www.openstreetmap.org/node/480438589,,61.7839300,12.9252500,camp_site,,,295.9,1151161,missing,Proposed: add as member of relation 1151161 (Romboleden). Do not modify existing members of relation 1151161 (Romboleden). Research aid only. Existing OSM object: node/480438589.
node/4692297730,https://www.openstreetmap.org/node/4692297730,,60.1497096,15.2080190,,shelter,,302.3,1151161,missing,Proposed: add as member of relation 1151161 (Romboleden). Do not modify existing members of relation 1151161 (Romboleden). Research aid only. Existing OSM object: node/4692297730.
node/317449738,https://www.openstreetmap.org/node/317449738,Hotell Bruksvallsliden,62.6396660,12.4179236,hotel,,,304.8,1151161,missing,Proposed: add as member of relation 1151161 (Romboleden). Do not modify existing members of relation 1151161 (Romboleden). Research aid only. Existing OSM object: node/317449738.
node/2148121839,https://www.openstreetmap.org/node/2148121839,Gruvgården,62.6984463,12.3876539,alpine_hut,,,313.2,1151161,missing,Proposed: add as member of relation 1151161 (Romboleden). Do not modify existing members of relation 1151161 (Romboleden). Research aid only. Existing OSM object: node/2148121839.
node/4692297734,https://www.openstreetmap.org/node/4692297734,,60.1497413,15.2070954,,shelter,,315.9,1151161,missing,Proposed: add as member of relation 1151161 (Romboleden). Do not modify existing members of relation 1151161 (Romboleden). Research aid only. Existing OSM object: node/4692297734.
node/346318568,https://www.openstreetmap.org/node/346318568,Stadshotellet,60.1501333,15.1862754,hotel,,,321.5,1151161,missing,Proposed: add as member of relation 1151161 (Romboleden). Do not modify existing members of relation 1151161 (Romboleden). Research aid only. Existing OSM object: node/346318568.
node/250402372,https://www.openstreetmap.org/node/250402372,Fridhemsgatan Hotel,61.0026051,14.5347467,hotel,,,322.9,1151161,missing,Proposed: add as member of relation 1151161 (Romboleden). Do not modify existing members of relation 1151161 (Romboleden). Research aid only. Existing OSM object: node/250402372.
node/7125728507,https://www.openstreetmap.org/node/7125728507,,60.4974228,14.6858937,,shelter,,325.6,1151161,missing,Proposed: add as member of relation 1151161 (Romboleden). Do not modify existing members of relation 1151161 (Romboleden). Research aid only. Existing OSM object: node/7125728507.
node/4396688891,https://www.openstreetmap.org/node/4396688891,,63.1856369,11.1916453,chalet,,,326.2,1151161,missing,Proposed: add as member of relation 1151161 (Romboleden). Do not modify existing members of relation 1151161 (Romboleden). Research aid only. Existing OSM object: node/4396688891.
node/4560909247,https://www.openstreetmap.org/node/4560909247,Strådalsvallen,62.1488351,13.1903130,,shelter,,327.8,1151161,missing,Proposed: add as member of relation 1151161 (Romboleden). Do not modify existing members of relation 1151161 (Romboleden). Research aid only. Existing OSM object: node/4560909247.
way/493293844,https://www.openstreetmap.org/way/493293844,Dole,62.6447020,12.4130247,chalet,,yes,328.8,1151161,missing,Proposed: add as member of relation 1151161 (Romboleden). Do not modify existing members of relation 1151161 (Romboleden). Research aid only. Existing OSM object: way/493293844.
node/2219340243,https://www.openstreetmap.org/node/2219340243,,60.7143346,14.8878631,,shelter,,330.3,1151161,missing,Proposed: add as member of relation 1151161 (Romboleden). Do not modify existing members of relation 1151161 (Romboleden). Research aid only. Existing OSM object: node/2219340243.
way/531058031,https://www.openstreetmap.org/way/531058031,,62.6391444,12.4184621,chalet,,yes,331.2,1151161,missing,Proposed: add as member of relation 1151161 (Romboleden). Do not modify existing members of relation 1151161 (Romboleden). Research aid only. Existing OSM object: way/531058031.
way/312805059,https://www.openstreetmap.org/way/312805059,Tre Björnar,61.2182173,14.0497138,hostel,,hotel,334.6,1151161,missing,Proposed: add as member of relation 1151161 (Romboleden). Do not modify existing members of relation 1151161 (Romboleden). Research aid only. Existing OSM object: way/312805059.
way/1414729986,https://www.openstreetmap.org/way/1414729986,,62.1861639,12.3889962,chalet,,,336.3,1151161,missing,Proposed: add as member of relation 1151161 (Romboleden). Do not modify existing members of relation 1151161 (Romboleden). Research aid only. Existing OSM object: way/1414729986.
node/8366671115,https://www.openstreetmap.org/node/8366671115,Mora Vandrarhem & Gästhem,60.9676293,14.5363736,hostel,,,343.5,1151161,missing,Proposed: add as member of relation 1151161 (Romboleden). Do not modify existing members of relation 1151161 (Romboleden). Research aid only. Existing OSM object: node/8366671115.
way/531058030,https://www.openstreetmap.org/way/531058030,,62.6390219,12.4183748,chalet,,yes,344.9,1151161,missing,Proposed: add as member of relation 1151161 (Romboleden). Do not modify existing members of relation 1151161 (Romboleden). Research aid only. Existing OSM object: way/531058030.
node/3692299656,https://www.openstreetmap.org/node/3692299656,,60.5406740,14.4498450,,shelter,,346.3,1151161,missing,Proposed: add as member of relation 1151161 (Romboleden). Do not modify existing members of relation 1151161 (Romboleden). Research aid only. Existing OSM object: node/3692299656.
node/4692297736,https://www.openstreetmap.org/node/4692297736,,60.1504062,15.2035782,,shelter,,347.2,1151161,missing,Proposed: add as member of relation 1151161 (Romboleden). Do not modify existing members of relation 1151161 (Romboleden). Research aid only. Existing OSM object: node/4692297736.
node/11663783249,https://www.openstreetmap.org/node/11663783249,,63.2088018,10.9896482,,shelter,,350.5,1151161,missing,Proposed: add as member of relation 1151161 (Romboleden). Do not modify existing members of relation 1151161 (Romboleden). Research aid only. Existing OSM object: node/11663783249.
node/3692299648,https://www.openstreetmap.org/node/3692299648,,60.5412360,14.4503490,,shelter,,355.3,1151161,missing,Proposed: add as member of relation 1151161 (Romboleden). Do not modify existing members of relation 1151161 (Romboleden). Research aid only. Existing OSM object: node/3692299648.
way/531058029,https://www.openstreetmap.org/way/531058029,,62.6389198,12.4182796,chalet,,yes,357.1,1151161,missing,Proposed: add as member of relation 1151161 (Romboleden). Do not modify existing members of relation 1151161 (Romboleden). Research aid only. Existing OSM object: way/531058029.
node/3008827723,https://www.openstreetmap.org/node/3008827723,Snipheden N,61.2834726,13.8678025,,shelter,,357.2,1151161,missing,Proposed: add as member of relation 1151161 (Romboleden). Do not modify existing members of relation 1151161 (Romboleden). Research aid only. Existing OSM object: node/3008827723.
way/232880749,https://www.openstreetmap.org/way/232880749,Nyhammars herrgård,60.2861714,14.9710325,guest_house,,,360.3,1151161,missing,Proposed: add as member of relation 1151161 (Romboleden). Do not modify existing members of relation 1151161 (Romboleden). Research aid only. Existing OSM object: way/232880749.
way/835507762,https://www.openstreetmap.org/way/835507762,,60.1514624,15.1819610,,shelter,yes,361.2,1151161,missing,Proposed: add as member of relation 1151161 (Romboleden). Do not modify existing members of relation 1151161 (Romboleden). Research aid only. Existing OSM object: way/835507762.
node/938733983,https://www.openstreetmap.org/node/938733983,vindskydd,61.7764800,12.9338700,,shelter,,365.4,1151161,missing,Proposed: add as member of relation 1151161 (Romboleden). Do not modify existing members of relation 1151161 (Romboleden). Research aid only. Existing OSM object: node/938733983.
node/2155010587,https://www.openstreetmap.org/node/2155010587,Axikojan,61.1168955,14.0915552,wilderness_hut,,,365.5,1151161,missing,Proposed: add as member of relation 1151161 (Romboleden). Do not modify existing members of relation 1151161 (Romboleden). Research aid only. Existing OSM object: node/2155010587.
way/284532265,https://www.openstreetmap.org/way/284532265,Rossa Camping,60.2597694,14.9850305,camp_site,,,366.1,1151161,missing,Proposed: add as member of relation 1151161 (Romboleden). Do not modify existing members of relation 1151161 (Romboleden). Research aid only. Existing OSM object: way/284532265.
node/7125241107,https://www.openstreetmap.org/node/7125241107,Byvägen1 Vindskydd,61.8199516,12.8909973,,shelter,,369.9,1151161,missing,Proposed: add as member of relation 1151161 (Romboleden). Do not modify existing members of relation 1151161 (Romboleden). Research aid only. Existing OSM object: node/7125241107.
way/531058028,https://www.openstreetmap.org/way/531058028,,62.6388448,12.4180283,chalet,,yes,371.2,1151161,missing,Proposed: add as member of relation 1151161 (Romboleden). Do not modify existing members of relation 1151161 (Romboleden). Research aid only. Existing OSM object: way/531058028.
way/531058027,https://www.openstreetmap.org/way/531058027,,62.6388864,12.4177779,chalet,,yes,375.0,1151161,missing,Proposed: add as member of relation 1151161 (Romboleden). Do not modify existing members of relation 1151161 (Romboleden). Research aid only. Existing OSM object: way/531058027.
way/731743529,https://www.openstreetmap.org/way/731743529,,63.2806713,11.0685005,,shelter,,376.0,1151161,missing,Proposed: add as member of relation 1151161 (Romboleden). Do not modify existing members of relation 1151161 (Romboleden). Research aid only. Existing OSM object: way/731743529.
way/531058026,https://www.openstreetmap.org/way/531058026,,62.6389279,12.4175249,chalet,,yes,379.3,1151161,missing,Proposed: add as member of relation 1151161 (Romboleden). Do not modify existing members of relation 1151161 (Romboleden). Research aid only. Existing OSM object: way/531058026.
node/7141533295,https://www.openstreetmap.org/node/7141533295,,62.2142151,12.3516583,,shelter,,383.3,1151161,missing,Proposed: add as member of relation 1151161 (Romboleden). Do not modify existing members of relation 1151161 (Romboleden). Research aid only. Existing OSM object: node/7141533295.
node/7141513540,https://www.openstreetmap.org/node/7141513540,,62.1669521,12.4163639,,shelter,,383.5,1151161,missing,Proposed: add as member of relation 1151161 (Romboleden). Do not modify existing members of relation 1151161 (Romboleden). Research aid only. Existing OSM object: node/7141513540.
node/6690880352,https://www.openstreetmap.org/node/6690880352,Kolarkoja,60.4940742,14.6891809,wilderness_hut,,,384.5,1151161,missing,Proposed: add as member of relation 1151161 (Romboleden). Do not modify existing members of relation 1151161 (Romboleden). Research aid only. Existing OSM object: node/6690880352.
node/4066975766,https://www.openstreetmap.org/node/4066975766,,60.1505181,15.1842329,,shelter,,386.7,1151161,missing,Proposed: add as member of relation 1151161 (Romboleden). Do not modify existing members of relation 1151161 (Romboleden). Research aid only. Existing OSM object: node/4066975766.
node/5882915452,https://www.openstreetmap.org/node/5882915452,,60.4128235,14.8174660,wilderness_hut,shelter,,393.9,1151161,missing,Proposed: add as member of relation 1151161 (Romboleden). Do not modify existing members of relation 1151161 (Romboleden). Research aid only. Existing OSM object: node/5882915452.
node/346318562,https://www.openstreetmap.org/node/346318562,X Hotell,60.1490188,15.1864511,hotel,,,399.0,1151161,missing,Proposed: add as member of relation 1151161 (Romboleden). Do not modify existing members of relation 1151161 (Romboleden). Research aid only. Existing OSM object: node/346318562.
node/3611753058,https://www.openstreetmap.org/node/3611753058,,61.7576407,12.9588836,,shelter,,400.6,1151161,missing,Proposed: add as member of relation 1151161 (Romboleden). Do not modify existing members of relation 1151161 (Romboleden). Research aid only. Existing OSM object: node/3611753058.
node/4077358411,https://www.openstreetmap.org/node/4077358411,Vandrarstugan,62.1861557,12.3904389,,shelter,,401.7,1151161,missing,Proposed: add as member of relation 1151161 (Romboleden). Do not modify existing members of relation 1151161 (Romboleden). Research aid only. Existing OSM object: node/4077358411.
node/4077358390,https://www.openstreetmap.org/node/4077358390,Raststuga,62.1856890,12.3911480,wilderness_hut,,,402.1,1151161,missing,Proposed: add as member of relation 1151161 (Romboleden). Do not modify existing members of relation 1151161 (Romboleden). Research aid only. Existing OSM object: node/4077358390.
node/3915013997,https://www.openstreetmap.org/node/3915013997,Hedarfjorden S,61.7580290,12.9581598,camp_site,,,407.4,1151161,missing,Proposed: add as member of relation 1151161 (Romboleden). Do not modify existing members of relation 1151161 (Romboleden). Research aid only. Existing OSM object: node/3915013997.
node/7323747876,https://www.openstreetmap.org/node/7323747876,Slogbod,60.8245996,14.2543482,,shelter,,417.0,1151161,missing,Proposed: add as member of relation 1151161 (Romboleden). Do not modify existing members of relation 1151161 (Romboleden). Research aid only. Existing OSM object: node/7323747876.
node/1440521355,https://www.openstreetmap.org/node/1440521355,Hävlingestugorna,62.1861817,12.3908125,alpine_hut,,,418.6,1151161,missing,Proposed: add as member of relation 1151161 (Romboleden). Do not modify existing members of relation 1151161 (Romboleden). Research aid only. Existing OSM object: node/1440521355.
node/3663315618,https://www.openstreetmap.org/node/3663315618,Marienborg Gjestgiveri & Camping,63.2250030,11.0323010,camp_site,,,424.7,1151161,missing,Proposed: add as member of relation 1151161 (Romboleden). Do not modify existing members of relation 1151161 (Romboleden). Research aid only. Existing OSM object: node/3663315618.
node/12162410547,https://www.openstreetmap.org/node/12162410547,,62.4353244,12.6789629,,shelter,,425.7,1151161,missing,Proposed: add as member of relation 1151161 (Romboleden). Do not modify existing members of relation 1151161 (Romboleden). Research aid only. Existing OSM object: node/12162410547.
node/4689369508,https://www.openstreetmap.org/node/4689369508,,60.1584782,15.1915463,,shelter,,430.9,1151161,missing,Proposed: add as member of relation 1151161 (Romboleden). Do not modify existing members of relation 1151161 (Romboleden). Research aid only. Existing OSM object: node/4689369508.
way/764437612,https://www.openstreetmap.org/way/764437612,,62.1680819,12.4158845,,shelter,yes,431.3,1151161,missing,Proposed: add as member of relation 1151161 (Romboleden). Do not modify existing members of relation 1151161 (Romboleden). Research aid only. Existing OSM object: way/764437612.
node/4693775993,https://www.openstreetmap.org/node/4693775993,,60.2860268,14.9691762,,shelter,,447.7,1151161,missing,Proposed: add as member of relation 1151161 (Romboleden). Do not modify existing members of relation 1151161 (Romboleden). Research aid only. Existing OSM object: node/4693775993.
node/4062574289,https://www.openstreetmap.org/node/4062574289,,61.0087566,14.5490355,,shelter,,475.7,1151161,missing,Proposed: add as member of relation 1151161 (Romboleden). Do not modify existing members of relation 1151161 (Romboleden). Research aid only. Existing OSM object: node/4062574289.
node/874339772,https://www.openstreetmap.org/node/874339772,Ormsjön,59.8967240,15.5249979,,shelter,,479.7,1151161,missing,Proposed: add as member of relation 1151161 (Romboleden). Do not modify existing members of relation 1151161 (Romboleden). Research aid only. Existing OSM object: node/874339772.
node/4706313580,https://www.openstreetmap.org/node/4706313580,,60.4605701,14.4966232,,shelter,,484.2,1151161,missing,Proposed: add as member of relation 1151161 (Romboleden). Do not modify existing members of relation 1151161 (Romboleden). Research aid only. Existing OSM object: node/4706313580.
node/2000546378,https://www.openstreetmap.org/node/2000546378,,60.3417853,14.9188875,,shelter,,494.8,1151161,missing,Proposed: add as member of relation 1151161 (Romboleden). Do not modify existing members of relation 1151161 (Romboleden). Research aid only. Existing OSM object: node/2000546378.
node/4706313579,https://www.openstreetmap.org/node/4706313579,,60.4604709,14.4969960,,shelter,,498.0,1151161,missing,Proposed: add as member of relation 1151161 (Romboleden). Do not modify existing members of relation 1151161 (Romboleden). Research aid only. Existing OSM object: node/4706313579.
node/3053187544,https://www.openstreetmap.org/node/3053187544,,62.4837413,13.0917707,,shelter,,501.6,1151161,missing,Proposed: add as member of relation 1151161 (Romboleden). Do not modify existing members of relation 1151161 (Romboleden). Research aid only. Existing OSM object: node/3053187544.
way/308769960,https://www.openstreetmap.org/way/308769960,Älvdalens Camping,61.2288969,14.0284619,camp_site,,,501.6,1151161,missing,Proposed: add as member of relation 1151161 (Romboleden). Do not modify existing members of relation 1151161 (Romboleden). Research aid only. Existing OSM object: way/308769960.
node/9833914341,https://www.openstreetmap.org/node/9833914341,Kistafossen gapahuk,63.0472184,11.6835685,,shelter,,504.1,1151161,missing,Proposed: add as member of relation 1151161 (Romboleden). Do not modify existing members of relation 1151161 (Romboleden). Research aid only. Existing OSM object: node/9833914341.
node/452591735,https://www.openstreetmap.org/node/452591735,Hotell Funäsdalen,62.5450137,12.5440922,hotel,,,506.3,1151161,missing,Proposed: add as member of relation 1151161 (Romboleden). Do not modify existing members of relation 1151161 (Romboleden). Research aid only. Existing OSM object: node/452591735.
way/160985715,https://www.openstreetmap.org/way/160985715,,60.1385401,15.4180592,,shelter,roof,513.1,1151161,missing,Proposed: add as member of relation 1151161 (Romboleden). Do not modify existing members of relation 1151161 (Romboleden). Research aid only. Existing OSM object: way/160985715.
node/4018084721,https://www.openstreetmap.org/node/4018084721,,61.0087594,14.5497463,,shelter,,513.9,1151161,missing,Proposed: add as member of relation 1151161 (Romboleden). Do not modify existing members of relation 1151161 (Romboleden). Research aid only. Existing OSM object: node/4018084721.
node/4061700891,https://www.openstreetmap.org/node/4061700891,,61.0139324,14.5398606,,shelter,,528.7,1151161,missing,Proposed: add as member of relation 1151161 (Romboleden). Do not modify existing members of relation 1151161 (Romboleden). Research aid only. Existing OSM object: node/4061700891.
node/7685098302,https://www.openstreetmap.org/node/7685098302,,60.2631417,14.9892300,picnic_site,,,531.1,1151161,missing,Proposed: add as member of relation 1151161 (Romboleden). Do not modify existing members of relation 1151161 (Romboleden). Research aid only. Existing OSM object: node/7685098302.
node/2023666143,https://www.openstreetmap.org/node/2023666143,,60.4736254,14.7118107,,shelter,,534.3,1151161,missing,Proposed: add as member of relation 1151161 (Romboleden). Do not modify existing members of relation 1151161 (Romboleden). Research aid only. Existing OSM object: node/2023666143.
node/5000646346,https://www.openstreetmap.org/node/5000646346,,60.1394028,15.3115699,,shelter,,539.5,1151161,missing,Proposed: add as member of relation 1151161 (Romboleden). Do not modify existing members of relation 1151161 (Romboleden). Research aid only. Existing OSM object: node/5000646346.
node/938734304,https://www.openstreetmap.org/node/938734304,vindskydd,61.7869261,12.9155957,,shelter,,540.1,1151161,missing,Proposed: add as member of relation 1151161 (Romboleden). Do not modify existing members of relation 1151161 (Romboleden). Research aid only. Existing OSM object: node/938734304.
node/3694032569,https://www.openstreetmap.org/node/3694032569,Langmyrbua,62.4180421,12.0514933,wilderness_hut,,,540.2,1151161,missing,Proposed: add as member of relation 1151161 (Romboleden). Do not modify existing members of relation 1151161 (Romboleden). Research aid only. Existing OSM object: node/3694032569.
node/5000646347,https://www.openstreetmap.org/node/5000646347,,60.1392452,15.3109503,,shelter,,542.0,1151161,missing,Proposed: add as member of relation 1151161 (Romboleden). Do not modify existing members of relation 1151161 (Romboleden). Research aid only. Existing OSM object: node/5000646347.
node/14067141872,https://www.openstreetmap.org/node/14067141872,,60.0741962,15.5616203,picnic_site,,,542.6,1151161,missing,Proposed: add as member of relation 1151161 (Romboleden). Do not modify existing members of relation 1151161 (Romboleden). Research aid only. Existing OSM object: node/14067141872.
node/14067141861,https://www.openstreetmap.org/node/14067141861,,60.0742205,15.5616995,picnic_site,,,547.0,1151161,missing,Proposed: add as member of relation 1151161 (Romboleden). Do not modify existing members of relation 1151161 (Romboleden). Research aid only. Existing OSM object: node/14067141861.
node/1780988778,https://www.openstreetmap.org/node/1780988778,,60.7572331,14.4147005,,shelter,,547.6,1151161,missing,Proposed: add as member of relation 1151161 (Romboleden). Do not modify existing members of relation 1151161 (Romboleden). Research aid only. Existing OSM object: node/1780988778.
node/14067141869,https://www.openstreetmap.org/node/14067141869,,60.0742991,15.5614793,picnic_site,,,549.2,1151161,missing,Proposed: add as member of relation 1151161 (Romboleden). Do not modify existing members of relation 1151161 (Romboleden). Research aid only. Existing OSM object: node/14067141869.
node/4706313800,https://www.openstreetmap.org/node/4706313800,,60.4491144,14.5131576,,shelter,,551.3,1151161,missing,Proposed: add as member of relation 1151161 (Romboleden). Do not modify existing members of relation 1151161 (Romboleden). Research aid only. Existing OSM object: node/4706313800.
node/7125728616,https://www.openstreetmap.org/node/7125728616,Sömlingan Norr,62.1031364,13.2136813,,shelter,,551.8,1151161,missing,Proposed: add as member of relation 1151161 (Romboleden). Do not modify existing members of relation 1151161 (Romboleden). Research aid only. Existing OSM object: node/7125728616.
node/4062574290,https://www.openstreetmap.org/node/4062574290,,60.9987635,14.5336031,,shelter,,556.5,1151161,missing,Proposed: add as member of relation 1151161 (Romboleden). Do not modify existing members of relation 1151161 (Romboleden). Research aid only. Existing OSM object: node/4062574290.
node/2691721024,https://www.openstreetmap.org/node/2691721024,Grillkåtan,62.1570683,13.1942411,,shelter,,561.4,1151161,missing,Proposed: add as member of relation 1151161 (Romboleden). Do not modify existing members of relation 1151161 (Romboleden). Research aid only. Existing OSM object: node/2691721024.
node/5509203287,https://www.openstreetmap.org/node/5509203287,Slogbod Porfyrdammen,61.2460301,14.0476701,,shelter,,561.7,1151161,missing,Proposed: add as member of relation 1151161 (Romboleden). Do not modify existing members of relation 1151161 (Romboleden). Research aid only. Existing OSM object: node/5509203287.
node/13072106444,https://www.openstreetmap.org/node/13072106444,,62.5206839,12.5927139,picnic_site,,,564.5,1151161,missing,Proposed: add as member of relation 1151161 (Romboleden). Do not modify existing members of relation 1151161 (Romboleden). Research aid only. Existing OSM object: node/13072106444.
node/7156791959,https://www.openstreetmap.org/node/7156791959,,60.1417018,15.2013980,,shelter,,569.9,1151161,missing,Proposed: add as member of relation 1151161 (Romboleden). Do not modify existing members of relation 1151161 (Romboleden). Research aid only. Existing OSM object: node/7156791959.
node/9402458672,https://www.openstreetmap.org/node/9402458672,,62.7048987,12.3752606,,shelter,,573.1,1151161,missing,Proposed: add as member of relation 1151161 (Romboleden). Do not modify existing members of relation 1151161 (Romboleden). Research aid only. Existing OSM object: node/9402458672.
node/7125728894,https://www.openstreetmap.org/node/7125728894,,59.9017700,15.4709800,,shelter,,575.8,1151161,missing,Proposed: add as member of relation 1151161 (Romboleden). Do not modify existing members of relation 1151161 (Romboleden). Research aid only. Existing OSM object: node/7125728894.
node/5485379655,https://www.openstreetmap.org/node/5485379655,Slogbod,61.1701195,13.9681882,,shelter,,581.4,1151161,missing,Proposed: add as member of relation 1151161 (Romboleden). Do not modify existing members of relation 1151161 (Romboleden). Research aid only. Existing OSM object: node/5485379655.
way/1308614367,https://www.openstreetmap.org/way/1308614367,,61.1035554,14.2369392,,shelter,,585.6,1151161,missing,Proposed: add as member of relation 1151161 (Romboleden). Do not modify existing members of relation 1151161 (Romboleden). Research aid only. Existing OSM object: way/1308614367.
node/1909645447,https://www.openstreetmap.org/node/1909645447,Kärringsfors,60.4625526,14.6263843,camp_site,,,587.8,1151161,missing,Proposed: add as member of relation 1151161 (Romboleden). Do not modify existing members of relation 1151161 (Romboleden). Research aid only. Existing OSM object: node/1909645447.
node/12118595673,https://www.openstreetmap.org/node/12118595673,,61.1032736,14.2379057,,shelter,,588.4,1151161,missing,Proposed: add as member of relation 1151161 (Romboleden). Do not modify existing members of relation 1151161 (Romboleden). Research aid only. Existing OSM object: node/12118595673.
node/874339575,https://www.openstreetmap.org/node/874339575,Matkullen,59.8991205,15.5935809,,shelter,,594.1,1151161,missing,Proposed: add as member of relation 1151161 (Romboleden). Do not modify existing members of relation 1151161 (Romboleden). Research aid only. Existing OSM object: node/874339575.
node/4061700892,https://www.openstreetmap.org/node/4061700892,,61.0146498,14.5390135,,shelter,,594.2,1151161,missing,Proposed: add as member of relation 1151161 (Romboleden). Do not modify existing members of relation 1151161 (Romboleden). Research aid only. Existing OSM object: node/4061700892.
node/4692454913,https://www.openstreetmap.org/node/4692454913,,60.1499516,15.3609593,,shelter,,614.1,1151161,missing,Proposed: add as member of relation 1151161 (Romboleden). Do not modify existing members of relation 1151161 (Romboleden). Research aid only. Existing OSM object: node/4692454913.
node/4692454912,https://www.openstreetmap.org/node/4692454912,,60.1498475,15.3610988,,shelter,,614.2,1151161,missing,Proposed: add as member of relation 1151161 (Romboleden). Do not modify existing members of relation 1151161 (Romboleden). Research aid only. Existing OSM object: node/4692454912.
node/3664347209,https://www.openstreetmap.org/node/3664347209,,62.7100820,12.3982061,,shelter,,641.2,1151161,missing,Proposed: add as member of relation 1151161 (Romboleden). Do not modify existing members of relation 1151161 (Romboleden). Research aid only. Existing OSM object: node/3664347209.
node/6327958354,https://www.openstreetmap.org/node/6327958354,,62.6373585,12.4440658,,shelter,,660.3,1151161,missing,Proposed: add as member of relation 1151161 (Romboleden). Do not modify existing members of relation 1151161 (Romboleden). Research aid only. Existing OSM object: node/6327958354.
node/4680693914,https://www.openstreetmap.org/node/4680693914,,60.8876836,14.5329647,,shelter,,660.8,1151161,missing,Proposed: add as member of relation 1151161 (Romboleden). Do not modify existing members of relation 1151161 (Romboleden). Research aid only. Existing OSM object: node/4680693914.
node/431825816,https://www.openstreetmap.org/node/431825816,Nås Camping,60.4472388,14.4969753,camp_site,,,661.0,1151161,missing,Proposed: add as member of relation 1151161 (Romboleden). Do not modify existing members of relation 1151161 (Romboleden). Research aid only. Existing OSM object: node/431825816.
node/4706313414,https://www.openstreetmap.org/node/4706313414,,60.5264061,14.4451148,,shelter,,662.9,1151161,missing,Proposed: add as member of relation 1151161 (Romboleden). Do not modify existing members of relation 1151161 (Romboleden). Research aid only. Existing OSM object: node/4706313414.
way/708416655,https://www.openstreetmap.org/way/708416655,Rändhån,62.4589733,13.1393806,,shelter,,666.3,1151161,missing,Proposed: add as member of relation 1151161 (Romboleden). Do not modify existing members of relation 1151161 (Romboleden). Research aid only. Existing OSM object: way/708416655.
node/13191475874,https://www.openstreetmap.org/node/13191475874,,62.6336363,12.4477214,,shelter,,671.4,1151161,missing,Proposed: add as member of relation 1151161 (Romboleden). Do not modify existing members of relation 1151161 (Romboleden). Research aid only. Existing OSM object: node/13191475874.
node/1440553965,https://www.openstreetmap.org/node/1440553965,,62.1586672,12.4343818,,shelter,,676.1,1151161,missing,Proposed: add as member of relation 1151161 (Romboleden). Do not modify existing members of relation 1151161 (Romboleden). Research aid only. Existing OSM object: node/1440553965.
node/4764218415,https://www.openstreetmap.org/node/4764218415,,61.1092970,13.8403520,,shelter,,676.8,1151161,missing,Proposed: add as member of relation 1151161 (Romboleden). Do not modify existing members of relation 1151161 (Romboleden). Research aid only. Existing OSM object: node/4764218415.
node/5717980760,https://www.openstreetmap.org/node/5717980760,Camp Eggen,63.2317686,11.0294404,camp_site,,,688.5,1151161,missing,Proposed: add as member of relation 1151161 (Romboleden). Do not modify existing members of relation 1151161 (Romboleden). Research aid only. Existing OSM object: node/5717980760.
node/3663315954,https://www.openstreetmap.org/node/3663315954,Moheim Camping,62.9145560,11.8895360,camp_site,,,697.4,1151161,missing,Proposed: add as member of relation 1151161 (Romboleden). Do not modify existing members of relation 1151161 (Romboleden). Research aid only. Existing OSM object: node/3663315954.
node/4693775421,https://www.openstreetmap.org/node/4693775421,,60.2358097,14.9886205,,shelter,,705.5,1151161,missing,Proposed: add as member of relation 1151161 (Romboleden). Do not modify existing members of relation 1151161 (Romboleden). Research aid only. Existing OSM object: node/4693775421.
node/11134256645,https://www.openstreetmap.org/node/11134256645,,60.9941688,14.1926630,,shelter,,705.7,1151161,missing,Proposed: add as member of relation 1151161 (Romboleden). Do not modify existing members of relation 1151161 (Romboleden). Research aid only. Existing OSM object: node/11134256645.
node/8805024691,https://www.openstreetmap.org/node/8805024691,,62.1447724,12.9586959,,shelter,,709.5,1151161,missing,Proposed: add as member of relation 1151161 (Romboleden). Do not modify existing members of relation 1151161 (Romboleden). Research aid only. Existing OSM object: node/8805024691.
node/7141513541,https://www.openstreetmap.org/node/7141513541,,62.1589062,12.4348873,,shelter,,713.0,1151161,missing,Proposed: add as member of relation 1151161 (Romboleden). Do not modify existing members of relation 1151161 (Romboleden). Research aid only. Existing OSM object: node/7141513541.
node/5717981232,https://www.openstreetmap.org/node/5717981232,Selbusjøen Hotel & Gjestegård,63.2326070,11.0293362,hotel,,,736.1,1151161,missing,Proposed: add as member of relation 1151161 (Romboleden). Do not modify existing members of relation 1151161 (Romboleden). Research aid only. Existing OSM object: node/5717981232.
node/1871539193,https://www.openstreetmap.org/node/1871539193,Gruvstugan,62.7049553,12.4102533,,shelter,,738.1,1151161,missing,Proposed: add as member of relation 1151161 (Romboleden). Do not modify existing members of relation 1151161 (Romboleden). Research aid only. Existing OSM object: node/1871539193.
node/2023666140,https://www.openstreetmap.org/node/2023666140,,60.4678462,14.7135868,,shelter,,742.4,1151161,missing,Proposed: add as member of relation 1151161 (Romboleden). Do not modify existing members of relation 1151161 (Romboleden). Research aid only. Existing OSM object: node/2023666140.
node/3700361764,https://www.openstreetmap.org/node/3700361764,Folden Gård,63.3690605,10.7827292,guest_house,,,744.8,1151161,missing,Proposed: add as member of relation 1151161 (Romboleden). Do not modify existing members of relation 1151161 (Romboleden). Research aid only. Existing OSM object: node/3700361764.
node/4692455098,https://www.openstreetmap.org/node/4692455098,,60.1540079,15.2303869,,shelter,,760.2,1151161,missing,Proposed: add as member of relation 1151161 (Romboleden). Do not modify existing members of relation 1151161 (Romboleden). Research aid only. Existing OSM object: node/4692455098.
way/1249184785,https://www.openstreetmap.org/way/1249184785,,62.5738713,12.5529618,,shelter,yes,768.1,1151161,missing,Proposed: add as member of relation 1151161 (Romboleden). Do not modify existing members of relation 1151161 (Romboleden). Research aid only. Existing OSM object: way/1249184785.
node/2000546372,https://www.openstreetmap.org/node/2000546372,,60.3552579,14.8436895,,shelter,,802.3,1151161,missing,Proposed: add as member of relation 1151161 (Romboleden). Do not modify existing members of relation 1151161 (Romboleden). Research aid only. Existing OSM object: node/2000546372.
node/3663315619,https://www.openstreetmap.org/node/3663315619,Marienborg Gjestgiveri & Camping,63.2282480,11.0250400,camp_site,,,807.0,1151161,missing,Proposed: add as member of relation 1151161 (Romboleden). Do not modify existing members of relation 1151161 (Romboleden). Research aid only. Existing OSM object: node/3663315619.
node/12694659577,https://www.openstreetmap.org/node/12694659577,,60.9521256,14.0525601,,shelter,,811.0,1151161,missing,Proposed: add as member of relation 1151161 (Romboleden). Do not modify existing members of relation 1151161 (Romboleden). Research aid only. Existing OSM object: node/12694659577.
way/460814630,https://www.openstreetmap.org/way/460814630,Knappgården,61.7317764,12.9848874,guest_house,,yes,814.2,1151161,missing,Proposed: add as member of relation 1151161 (Romboleden). Do not modify existing members of relation 1151161 (Romboleden). Research aid only. Existing OSM object: way/460814630.
node/9833909285,https://www.openstreetmap.org/node/9833909285,,63.0361664,11.6930939,,shelter,,816.2,1151161,missing,Proposed: add as member of relation 1151161 (Romboleden). Do not modify existing members of relation 1151161 (Romboleden). Research aid only. Existing OSM object: node/9833909285.
node/4930543676,https://www.openstreetmap.org/node/4930543676,,60.3542604,14.8462683,,shelter,,819.7,1151161,missing,Proposed: add as member of relation 1151161 (Romboleden). Do not modify existing members of relation 1151161 (Romboleden). Research aid only. Existing OSM object: node/4930543676.
node/4692297704,https://www.openstreetmap.org/node/4692297704,,60.1393143,15.1977582,,shelter,,825.7,1151161,missing,Proposed: add as member of relation 1151161 (Romboleden). Do not modify existing members of relation 1151161 (Romboleden). Research aid only. Existing OSM object: node/4692297704.
node/1855190492,https://www.openstreetmap.org/node/1855190492,nature camp,60.3553128,14.8427415,camp_site,,,827.9,1151161,missing,Proposed: add as member of relation 1151161 (Romboleden). Do not modify existing members of relation 1151161 (Romboleden). Research aid only. Existing OSM object: node/1855190492.
node/14002868124,https://www.openstreetmap.org/node/14002868124,Lilltrappåsen,62.6732905,12.4456642,,shelter,,842.1,1151161,missing,Proposed: add as member of relation 1151161 (Romboleden). Do not modify existing members of relation 1151161 (Romboleden). Research aid only. Existing OSM object: node/14002868124.
node/7141533294,https://www.openstreetmap.org/node/7141533294,,62.2229863,12.3502636,,shelter,,846.6,1151161,missing,Proposed: add as member of relation 1151161 (Romboleden). Do not modify existing members of relation 1151161 (Romboleden). Research aid only. Existing OSM object: node/7141533294.
node/359173537,https://www.openstreetmap.org/node/359173537,Hemmeråsen,61.9087573,12.7804417,,shelter,,854.9,1151161,missing,Proposed: add as member of relation 1151161 (Romboleden). Do not modify existing members of relation 1151161 (Romboleden). Research aid only. Existing OSM object: node/359173537.
node/4692297692,https://www.openstreetmap.org/node/4692297692,,60.1385367,15.1978105,,shelter,,857.2,1151161,missing,Proposed: add as member of relation 1151161 (Romboleden). Do not modify existing members of relation 1151161 (Romboleden). Research aid only. Existing OSM object: node/4692297692.
node/6327724659,https://www.openstreetmap.org/node/6327724659,,62.4423679,12.6810790,,shelter,,862.4,1151161,missing,Proposed: add as member of relation 1151161 (Romboleden). Do not modify existing members of relation 1151161 (Romboleden). Research aid only. Existing OSM object: node/6327724659.
node/1356401793,https://www.openstreetmap.org/node/1356401793,Græslihytta,63.0700194,11.4722582,wilderness_hut,,,863.1,1151161,missing,Proposed: add as member of relation 1151161 (Romboleden). Do not modify existing members of relation 1151161 (Romboleden). Research aid only. Existing OSM object: node/1356401793.
node/2401366944,https://www.openstreetmap.org/node/2401366944,,60.9809306,14.5664040,hostel,,,869.4,1151161,missing,Proposed: add as member of relation 1151161 (Romboleden). Do not modify existing members of relation 1151161 (Romboleden). Research aid only. Existing OSM object: node/2401366944.
node/7141533296,https://www.openstreetmap.org/node/7141533296,,62.2175159,12.3584604,,shelter,,877.0,1151161,missing,Proposed: add as member of relation 1151161 (Romboleden). Do not modify existing members of relation 1151161 (Romboleden). Research aid only. Existing OSM object: node/7141533296.
node/3663315237,https://www.openstreetmap.org/node/3663315237,Græslifoss Fiskecamp,63.0592640,11.4455880,camp_site,,,880.5,1151161,missing,Proposed: add as member of relation 1151161 (Romboleden). Do not modify existing members of relation 1151161 (Romboleden). Research aid only. Existing OSM object: node/3663315237.
node/6811946914,https://www.openstreetmap.org/node/6811946914,,61.9128899,13.5213670,,shelter,,889.4,1151161,missing,Proposed: add as member of relation 1151161 (Romboleden). Do not modify existing members of relation 1151161 (Romboleden). Research aid only. Existing OSM object: node/6811946914.
node/4056661243,https://www.openstreetmap.org/node/4056661243,,61.8243917,13.3286757,,shelter,,917.7,1151161,missing,Proposed: add as member of relation 1151161 (Romboleden). Do not modify existing members of relation 1151161 (Romboleden). Research aid only. Existing OSM object: node/4056661243.
node/5720750806,https://www.openstreetmap.org/node/5720750806,,63.2350425,11.0283767,picnic_site,,,928.0,1151161,missing,Proposed: add as member of relation 1151161 (Romboleden). Do not modify existing members of relation 1151161 (Romboleden). Research aid only. Existing OSM object: node/5720750806.
node/8564365085,https://www.openstreetmap.org/node/8564365085,Windshield,60.8838213,14.5282380,wilderness_hut,,,930.9,1151161,missing,Proposed: add as member of relation 1151161 (Romboleden). Do not modify existing members of relation 1151161 (Romboleden). Research aid only. Existing OSM object: node/8564365085.
node/4692454937,https://www.openstreetmap.org/node/4692454937,,60.1732145,15.3254337,,shelter,,931.8,1151161,missing,Proposed: add as member of relation 1151161 (Romboleden). Do not modify existing members of relation 1151161 (Romboleden). Research aid only. Existing OSM object: node/4692454937.
node/7125728351,https://www.openstreetmap.org/node/7125728351,,62.5716019,12.6488686,,shelter,,935.3,1151161,missing,Proposed: add as member of relation 1151161 (Romboleden). Do not modify existing members of relation 1151161 (Romboleden). Research aid only. Existing OSM object: node/7125728351.
node/474607917,https://www.openstreetmap.org/node/474607917,Eriksgårdens Fjällhotell,62.5507391,12.5284919,hotel,,,949.7,1151161,missing,Proposed: add as member of relation 1151161 (Romboleden). Do not modify existing members of relation 1151161 (Romboleden). Research aid only. Existing OSM object: node/474607917.
way/400538284,https://www.openstreetmap.org/way/400538284,Kristinebergs Bed & Breakfast,61.0101031,14.5575263,hotel,,yes,951.7,1151161,missing,Proposed: add as member of relation 1151161 (Romboleden). Do not modify existing members of relation 1151161 (Romboleden). Research aid only. Existing OSM object: way/400538284.
node/9591811974,https://www.openstreetmap.org/node/9591811974,,61.2602845,14.0198290,,shelter,,962.0,1151161,missing,Proposed: add as member of relation 1151161 (Romboleden). Do not modify existing members of relation 1151161 (Romboleden). Research aid only. Existing OSM object: node/9591811974.
node/475866104,https://www.openstreetmap.org/node/475866104,Skogshalla,61.6942000,13.0765400,hotel,,,963.8,1151161,missing,Proposed: add as member of relation 1151161 (Romboleden). Do not modify existing members of relation 1151161 (Romboleden). Research aid only. Existing OSM object: node/475866104.
node/2431149445,https://www.openstreetmap.org/node/2431149445,,61.9085257,12.7832786,,shelter,,965.6,1151161,missing,Proposed: add as member of relation 1151161 (Romboleden). Do not modify existing members of relation 1151161 (Romboleden). Research aid only. Existing OSM object: node/2431149445.
node/4706116224,https://www.openstreetmap.org/node/4706116224,,61.2565432,14.0653241,,shelter,,996.6,1151161,missing,Proposed: add as member of relation 1151161 (Romboleden). Do not modify existing members of relation 1151161 (Romboleden). Research aid only. Existing OSM object: node/4706116224.
node/13956071196,https://www.openstreetmap.org/node/13956071196,,60.8238437,14.3356132,,shelter,,998.5,1151161,missing,Proposed: add as member of relation 1151161 (Romboleden). Do not modify existing members of relation 1151161 (Romboleden). Research aid only. Existing OSM object: node/13956071196.
way/1245919741,https://www.openstreetmap.org/way/1245919741,,61.8798449,12.8235363,,shelter,yes,1009.3,1151161,missing,Proposed: add as member of relation 1151161 (Romboleden). Do not modify existing members of relation 1151161 (Romboleden). Research aid only. Existing OSM object: way/1245919741.
node/4692298303,https://www.openstreetmap.org/node/4692298303,,60.1440770,15.1793330,,shelter,,1015.3,1151161,missing,Proposed: add as member of relation 1151161 (Romboleden). Do not modify existing members of relation 1151161 (Romboleden). Research aid only. Existing OSM object: node/4692298303.
node/347398081,https://www.openstreetmap.org/node/347398081,Vindskydd,60.1321090,15.2094035,,shelter,,1023.5,1151161,missing,Proposed: add as member of relation 1151161 (Romboleden). Do not modify existing members of relation 1151161 (Romboleden). Research aid only. Existing OSM object: node/347398081.
node/1356459307,https://www.openstreetmap.org/node/1356459307,STF Tännäskröket,62.4144846,12.7137482,hostel,,,1025.0,1151161,missing,Proposed: add as member of relation 1151161 (Romboleden). Do not modify existing members of relation 1151161 (Romboleden). Research aid only. Existing OSM object: node/1356459307.
node/7125728617,https://www.openstreetmap.org/node/7125728617,Sömlingan Mitt,62.0992756,13.2073689,,shelter,,1048.2,1151161,missing,Proposed: add as member of relation 1151161 (Romboleden). Do not modify existing members of relation 1151161 (Romboleden). Research aid only. Existing OSM object: node/7125728617.
node/12159524313,https://www.openstreetmap.org/node/12159524313,,61.0844567,14.3151494,,shelter,,1049.9,1151161,missing,Proposed: add as member of relation 1151161 (Romboleden). Do not modify existing members of relation 1151161 (Romboleden). Research aid only. Existing OSM object: node/12159524313.
node/449593214,https://www.openstreetmap.org/node/449593214,Ljøsnåvollen,62.4943166,11.9836987,,shelter,,1051.3,1151161,missing,Proposed: add as member of relation 1151161 (Romboleden). Do not modify existing members of relation 1151161 (Romboleden). Research aid only. Existing OSM object: node/449593214.
way/1108109719,https://www.openstreetmap.org/way/1108109719,,60.1399191,15.1852077,picnic_site,,,1053.7,1151161,missing,Proposed: add as member of relation 1151161 (Romboleden). Do not modify existing members of relation 1151161 (Romboleden). Research aid only. Existing OSM object: way/1108109719.
node/12189451899,https://www.openstreetmap.org/node/12189451899,Kronstugan,62.1821521,12.4112876,chalet,,,1070.9,1151161,missing,Proposed: add as member of relation 1151161 (Romboleden). Do not modify existing members of relation 1151161 (Romboleden). Research aid only. Existing OSM object: node/12189451899.
node/616453191,https://www.openstreetmap.org/node/616453191,,60.1597103,15.2069255,picnic_site,,,1079.5,1151161,missing,Proposed: add as member of relation 1151161 (Romboleden). Do not modify existing members of relation 1151161 (Romboleden). Research aid only. Existing OSM object: node/616453191.
node/13049741548,https://www.openstreetmap.org/node/13049741548,,60.4698070,14.4661477,,shelter,,1080.9,1151161,missing,Proposed: add as member of relation 1151161 (Romboleden). Do not modify existing members of relation 1151161 (Romboleden). Research aid only. Existing OSM object: node/13049741548.
node/1356402166,https://www.openstreetmap.org/node/1356402166,Ljøsnåvollen,62.4946057,11.9840143,alpine_hut,,,1082.6,1151161,missing,Proposed: add as member of relation 1151161 (Romboleden). Do not modify existing members of relation 1151161 (Romboleden). Research aid only. Existing OSM object: node/1356402166.
node/4340665272,https://www.openstreetmap.org/node/4340665272,,60.1617730,15.2036680,,shelter,,1093.1,1151161,missing,Proposed: add as member of relation 1151161 (Romboleden). Do not modify existing members of relation 1151161 (Romboleden). Research aid only. Existing OSM object: node/4340665272.
node/2691754565,https://www.openstreetmap.org/node/2691754565,,62.1108590,13.2712900,,shelter,,1094.9,1151161,missing,Proposed: add as member of relation 1151161 (Romboleden). Do not modify existing members of relation 1151161 (Romboleden). Research aid only. Existing OSM object: node/2691754565.
node/501819717,https://www.openstreetmap.org/node/501819717,Hävlingen,62.1832668,12.4109076,,shelter,,1121.0,1151161,missing,Proposed: add as member of relation 1151161 (Romboleden). Do not modify existing members of relation 1151161 (Romboleden). Research aid only. Existing OSM object: node/501819717.
node/7125728645,https://www.openstreetmap.org/node/7125728645,,62.5458419,12.5298053,,shelter,,1125.4,1151161,missing,Proposed: add as member of relation 1151161 (Romboleden). Do not modify existing members of relation 1151161 (Romboleden). Research aid only. Existing OSM object: node/7125728645.
node/7125728508,https://www.openstreetmap.org/node/7125728508,,60.4799080,14.6443462,,shelter,,1127.6,1151161,missing,Proposed: add as member of relation 1151161 (Romboleden). Do not modify existing members of relation 1151161 (Romboleden). Research aid only. Existing OSM object: node/7125728508.
node/10746863526,https://www.openstreetmap.org/node/10746863526,,60.9968928,14.5709422,,shelter,,1134.0,1151161,missing,Proposed: add as member of relation 1151161 (Romboleden). Do not modify existing members of relation 1151161 (Romboleden). Research aid only. Existing OSM object: node/10746863526.
node/346318573,https://www.openstreetmap.org/node/346318573,Backgården,60.1418854,15.1791630,hotel,,,1141.0,1151161,missing,Proposed: add as member of relation 1151161 (Romboleden). Do not modify existing members of relation 1151161 (Romboleden). Research aid only. Existing OSM object: node/346318573.
node/13774227041,https://www.openstreetmap.org/node/13774227041,,63.3750270,10.7805165,picnic_site,,,1148.5,1151161,missing,Proposed: add as member of relation 1151161 (Romboleden). Do not modify existing members of relation 1151161 (Romboleden). Research aid only. Existing OSM object: node/13774227041.
node/9888628262,https://www.openstreetmap.org/node/9888628262,,63.1169740,11.3383013,,shelter,,1149.0,1151161,missing,Proposed: add as member of relation 1151161 (Romboleden). Do not modify existing members of relation 1151161 (Romboleden). Research aid only. Existing OSM object: node/9888628262.
node/4706313406,https://www.openstreetmap.org/node/4706313406,,60.5352047,14.4282267,,shelter,,1152.8,1151161,missing,Proposed: add as member of relation 1151161 (Romboleden). Do not modify existing members of relation 1151161 (Romboleden). Research aid only. Existing OSM object: node/4706313406.
way/848877137,https://www.openstreetmap.org/way/848877137,,59.9388988,15.4315539,camp_site,,yes,1157.1,1151161,missing,Proposed: add as member of relation 1151161 (Romboleden). Do not modify existing members of relation 1151161 (Romboleden). Research aid only. Existing OSM object: way/848877137.
node/261652479,https://www.openstreetmap.org/node/261652479,Hotell Kung Gösta,61.0106656,14.5615299,hotel,,,1175.9,1151161,missing,Proposed: add as member of relation 1151161 (Romboleden). Do not modify existing members of relation 1151161 (Romboleden). Research aid only. Existing OSM object: node/261652479.
node/5902529441,https://www.openstreetmap.org/node/5902529441,,60.4428326,14.5307245,,shelter,,1179.1,1151161,missing,Proposed: add as member of relation 1151161 (Romboleden). Do not modify existing members of relation 1151161 (Romboleden). Research aid only. Existing OSM object: node/5902529441.
node/893113240,https://www.openstreetmap.org/node/893113240,,61.8296807,12.8424694,camp_site,,,1182.6,1151161,missing,Proposed: add as member of relation 1151161 (Romboleden). Do not modify existing members of relation 1151161 (Romboleden). Research aid only. Existing OSM object: node/893113240.
node/7125728433,https://www.openstreetmap.org/node/7125728433,,60.9932613,14.2039490,,shelter,,1201.1,1151161,missing,Proposed: add as member of relation 1151161 (Romboleden). Do not modify existing members of relation 1151161 (Romboleden). Research aid only. Existing OSM object: node/7125728433.
node/462355364,https://www.openstreetmap.org/node/462355364,Funäsdalen Fjällcamping,62.5568221,12.5687403,camp_site,,,1203.4,1151161,missing,Proposed: add as member of relation 1151161 (Romboleden). Do not modify existing members of relation 1151161 (Romboleden). Research aid only. Existing OSM object: node/462355364.
node/4692298184,https://www.openstreetmap.org/node/4692298184,,60.1411460,15.1786238,,shelter,,1212.9,1151161,missing,Proposed: add as member of relation 1151161 (Romboleden). Do not modify existing members of relation 1151161 (Romboleden). Research aid only. Existing OSM object: node/4692298184.
way/219685507,https://www.openstreetmap.org/way/219685507,Lofsdalsfjällen Camping,62.1113611,13.2733572,camp_site,,,1215.9,1151161,missing,Proposed: add as member of relation 1151161 (Romboleden). Do not modify existing members of relation 1151161 (Romboleden). Research aid only. Existing OSM object: way/219685507.
node/1842867372,https://www.openstreetmap.org/node/1842867372,Kløfthåbua,62.3174177,12.1735795,wilderness_hut,,,1223.8,1151161,missing,Proposed: add as member of relation 1151161 (Romboleden). Do not modify existing members of relation 1151161 (Romboleden). Research aid only. Existing OSM object: node/1842867372.
node/7125728890,https://www.openstreetmap.org/node/7125728890,,59.9541701,15.4586626,,shelter,,1231.0,1151161,missing,Proposed: add as member of relation 1151161 (Romboleden). Do not modify existing members of relation 1151161 (Romboleden). Research aid only. Existing OSM object: node/7125728890.
node/3608899314,https://www.openstreetmap.org/node/3608899314,,60.4919875,14.6730331,,shelter,,1245.7,1151161,missing,Proposed: add as member of relation 1151161 (Romboleden). Do not modify existing members of relation 1151161 (Romboleden). Research aid only. Existing OSM object: node/3608899314.
node/3390290597,https://www.openstreetmap.org/node/3390290597,,61.3416203,13.5655833,,shelter,,1257.1,1151161,missing,Proposed: add as member of relation 1151161 (Romboleden). Do not modify existing members of relation 1151161 (Romboleden). Research aid only. Existing OSM object: node/3390290597.
node/938734058,https://www.openstreetmap.org/node/938734058,vindskydd,61.7840700,12.9031200,,shelter,,1262.7,1151161,missing,Proposed: add as member of relation 1151161 (Romboleden). Do not modify existing members of relation 1151161 (Romboleden). Research aid only. Existing OSM object: node/938734058.
node/475243230,https://www.openstreetmap.org/node/475243230,Utsikten,60.1318176,15.2293030,,shelter,,1277.2,1151161,missing,Proposed: add as member of relation 1151161 (Romboleden). Do not modify existing members of relation 1151161 (Romboleden). Research aid only. Existing OSM object: node/475243230.
way/839713865,https://www.openstreetmap.org/way/839713865,Funäsdalens Fjällcamping,62.5574397,12.5698450,camp_site,,,1283.9,1151161,missing,Proposed: add as member of relation 1151161 (Romboleden). Do not modify existing members of relation 1151161 (Romboleden). Research aid only. Existing OSM object: way/839713865.
node/449593216,https://www.openstreetmap.org/node/449593216,Muggsjølia,62.4481817,12.0521991,wilderness_hut,,,1285.4,1151161,missing,Proposed: add as member of relation 1151161 (Romboleden). Do not modify existing members of relation 1151161 (Romboleden). Research aid only. Existing OSM object: node/449593216.
node/4692454943,https://www.openstreetmap.org/node/4692454943,,60.1762163,15.3225628,,shelter,,1298.7,1151161,missing,Proposed: add as member of relation 1151161 (Romboleden). Do not modify existing members of relation 1151161 (Romboleden). Research aid only. Existing OSM object: node/4692454943.
way/1421212402,https://www.openstreetmap.org/way/1421212402,,60.7508324,14.8682395,,shelter,yes,1309.0,1151161,missing,Proposed: add as member of relation 1151161 (Romboleden). Do not modify existing members of relation 1151161 (Romboleden). Research aid only. Existing OSM object: way/1421212402.
node/9686456659,https://www.openstreetmap.org/node/9686456659,,61.8961095,12.7485857,,shelter,,1311.0,1151161,missing,Proposed: add as member of relation 1151161 (Romboleden). Do not modify existing members of relation 1151161 (Romboleden). Research aid only. Existing OSM object: node/9686456659.
node/7125728784,https://www.openstreetmap.org/node/7125728784,,61.1941534,13.7690717,,shelter,,1334.0,1151161,missing,Proposed: add as member of relation 1151161 (Romboleden). Do not modify existing members of relation 1151161 (Romboleden). Research aid only. Existing OSM object: node/7125728784.
node/4693775671,https://www.openstreetmap.org/node/4693775671,,60.2891170,15.0044279,,shelter,,1336.8,1151161,missing,Proposed: add as member of relation 1151161 (Romboleden). Do not modify existing members of relation 1151161 (Romboleden). Research aid only. Existing OSM object: node/4693775671.
way/978710301,https://www.openstreetmap.org/way/978710301,Nya Malingsbo camping,59.9401225,15.4294375,camp_site,,,1337.1,1151161,missing,Proposed: add as member of relation 1151161 (Romboleden). Do not modify existing members of relation 1151161 (Romboleden). Research aid only. Existing OSM object: way/978710301.
node/4980157129,https://www.openstreetmap.org/node/4980157129,,62.5664384,11.8297018,picnic_site,,,1345.7,1151161,missing,Proposed: add as member of relation 1151161 (Romboleden). Do not modify existing members of relation 1151161 (Romboleden). Research aid only. Existing OSM object: node/4980157129.
way/1462685159,https://www.openstreetmap.org/way/1462685159,,61.8958170,12.7481957,,shelter,,1346.3,1151161,missing,Proposed: add as member of relation 1151161 (Romboleden). Do not modify existing members of relation 1151161 (Romboleden). Research aid only. Existing OSM object: way/1462685159.
node/7125728642,https://www.openstreetmap.org/node/7125728642,,62.5639496,12.5734288,,shelter,,1349.5,1151161,missing,Proposed: add as member of relation 1151161 (Romboleden). Do not modify existing members of relation 1151161 (Romboleden). Research aid only. Existing OSM object: node/7125728642.
node/7125728644,https://www.openstreetmap.org/node/7125728644,,62.5479931,12.5812072,,shelter,,1352.3,1151161,missing,Proposed: add as member of relation 1151161 (Romboleden). Do not modify existing members of relation 1151161 (Romboleden). Research aid only. Existing OSM object: node/7125728644.
node/4693775670,https://www.openstreetmap.org/node/4693775670,,60.2892516,15.0046101,,shelter,,1352.5,1151161,missing,Proposed: add as member of relation 1151161 (Romboleden). Do not modify existing members of relation 1151161 (Romboleden). Research aid only. Existing OSM object: node/4693775670.
way/539624515,https://www.openstreetmap.org/way/539624515,Walles fjällhotell,62.6497793,12.3930791,hotel,,yes,1365.0,1151161,missing,Proposed: add as member of relation 1151161 (Romboleden). Do not modify existing members of relation 1151161 (Romboleden). Research aid only. Existing OSM object: way/539624515.
node/10788533142,https://www.openstreetmap.org/node/10788533142,Slogbod Gryveldammen,61.3136194,13.6065352,,shelter,,1375.4,1151161,missing,Proposed: add as member of relation 1151161 (Romboleden). Do not modify existing members of relation 1151161 (Romboleden). Research aid only. Existing OSM object: node/10788533142.
node/603110001,https://www.openstreetmap.org/node/603110001,Järvåsflon,62.6024064,12.4649775,,shelter,,1382.8,1151161,missing,Proposed: add as member of relation 1151161 (Romboleden). Do not modify existing members of relation 1151161 (Romboleden). Research aid only. Existing OSM object: node/603110001.
node/10732747523,https://www.openstreetmap.org/node/10732747523,Slogbod,61.2448598,13.8865900,,shelter,,1390.1,1151161,missing,Proposed: add as member of relation 1151161 (Romboleden). Do not modify existing members of relation 1151161 (Romboleden). Research aid only. Existing OSM object: node/10732747523.
node/9999965023,https://www.openstreetmap.org/node/9999965023,,60.8666533,14.3405519,,shelter,,1403.7,1151161,missing,Proposed: add as member of relation 1151161 (Romboleden). Do not modify existing members of relation 1151161 (Romboleden). Research aid only. Existing OSM object: node/9999965023.
node/5540075268,https://www.openstreetmap.org/node/5540075268,,61.8876270,12.8218955,,shelter,,1405.7,1151161,missing,Proposed: add as member of relation 1151161 (Romboleden). Do not modify existing members of relation 1151161 (Romboleden). Research aid only. Existing OSM object: node/5540075268.
node/3611742185,https://www.openstreetmap.org/node/3611742185,,61.3746042,13.5238163,,shelter,,1406.6,1151161,missing,Proposed: add as member of relation 1151161 (Romboleden). Do not modify existing members of relation 1151161 (Romboleden). Research aid only. Existing OSM object: node/3611742185.
node/2978964580,https://www.openstreetmap.org/node/2978964580,,61.0192171,14.5084837,picnic_site,,,1417.4,1151161,missing,Proposed: add as member of relation 1151161 (Romboleden). Do not modify existing members of relation 1151161 (Romboleden). Research aid only. Existing OSM object: node/2978964580.
node/6743761906,https://www.openstreetmap.org/node/6743761906,,60.8406388,14.1909791,,shelter,,1451.4,1151161,missing,Proposed: add as member of relation 1151161 (Romboleden). Do not modify existing members of relation 1151161 (Romboleden). Research aid only. Existing OSM object: node/6743761906.
way/801288638,https://www.openstreetmap.org/way/801288638,Fjällbäcken Lodge,62.6370554,12.3946649,hotel,,yes,1470.6,1151161,missing,Proposed: add as member of relation 1151161 (Romboleden). Do not modify existing members of relation 1151161 (Romboleden). Research aid only. Existing OSM object: way/801288638.
node/504697801,https://www.openstreetmap.org/node/504697801,Stenrutsstugan,62.0743298,13.2309246,,shelter,,1488.9,1151161,missing,Proposed: add as member of relation 1151161 (Romboleden). Do not modify existing members of relation 1151161 (Romboleden). Research aid only. Existing OSM object: node/504697801.
node/1856616840,https://www.openstreetmap.org/node/1856616840,,62.1059595,12.9826432,,shelter,,1489.3,1151161,missing,Proposed: add as member of relation 1151161 (Romboleden). Do not modify existing members of relation 1151161 (Romboleden). Research aid only. Existing OSM object: node/1856616840.
node/10788533141,https://www.openstreetmap.org/node/10788533141,Slogbod Fabbtjärn,61.3061420,13.5523975,lean_to,shelter,,1497.7,1151161,missing,Proposed: add as member of relation 1151161 (Romboleden). Do not modify existing members of relation 1151161 (Romboleden). Research aid only. Existing OSM object: node/10788533141.
node/504707868,https://www.openstreetmap.org/node/504707868,Storrassenstugan,62.2855270,13.0745124,,shelter,,1511.0,1151161,missing,Proposed: add as member of relation 1151161 (Romboleden). Do not modify existing members of relation 1151161 (Romboleden). Research aid only. Existing OSM object: node/504707868.
node/603111169,https://www.openstreetmap.org/node/603111169,,62.7038082,12.4326850,,shelter,,1511.8,1151161,missing,Proposed: add as member of relation 1151161 (Romboleden). Do not modify existing members of relation 1151161 (Romboleden). Research aid only. Existing OSM object: node/603111169.
node/5000646345,https://www.openstreetmap.org/node/5000646345,,60.1416476,15.3348058,,shelter,,1512.1,1151161,missing,Proposed: add as member of relation 1151161 (Romboleden). Do not modify existing members of relation 1151161 (Romboleden). Research aid only. Existing OSM object: node/5000646345.
node/7141513542,https://www.openstreetmap.org/node/7141513542,,62.1520534,12.4628305,,shelter,,1524.3,1151161,missing,Proposed: add as member of relation 1151161 (Romboleden). Do not modify existing members of relation 1151161 (Romboleden). Research aid only. Existing OSM object: node/7141513542.
way/562056112,https://www.openstreetmap.org/way/562056112,,60.4920326,14.4668461,picnic_site,,,1528.0,1151161,missing,Proposed: add as member of relation 1151161 (Romboleden). Do not modify existing members of relation 1151161 (Romboleden). Research aid only. Existing OSM object: way/562056112.
node/4692296684,https://www.openstreetmap.org/node/4692296684,,60.1275417,15.2087413,,shelter,,1528.8,1151161,missing,Proposed: add as member of relation 1151161 (Romboleden). Do not modify existing members of relation 1151161 (Romboleden). Research aid only. Existing OSM object: node/4692296684.
node/4056657682,https://www.openstreetmap.org/node/4056657682,,61.6478361,13.1533826,,shelter,,1557.4,1151161,missing,Proposed: add as member of relation 1151161 (Romboleden). Do not modify existing members of relation 1151161 (Romboleden). Research aid only. Existing OSM object: node/4056657682.
node/4692296676,https://www.openstreetmap.org/node/4692296676,,60.1274768,15.2059589,,shelter,,1569.7,1151161,missing,Proposed: add as member of relation 1151161 (Romboleden). Do not modify existing members of relation 1151161 (Romboleden). Research aid only. Existing OSM object: node/4692296676.
node/4959868180,https://www.openstreetmap.org/node/4959868180,,63.1920588,11.0887698,,shelter,,1573.4,1151161,missing,Proposed: add as member of relation 1151161 (Romboleden). Do not modify existing members of relation 1151161 (Romboleden). Research aid only. Existing OSM object: node/4959868180.
node/4692296675,https://www.openstreetmap.org/node/4692296675,,60.1273699,15.2060367,,shelter,,1580.0,1151161,missing,Proposed: add as member of relation 1151161 (Romboleden). Do not modify existing members of relation 1151161 (Romboleden). Research aid only. Existing OSM object: node/4692296675.
node/7757097985,https://www.openstreetmap.org/node/7757097985,,61.1292328,14.1843364,picnic_site,,,1584.1,1151161,missing,Proposed: add as member of relation 1151161 (Romboleden). Do not modify existing members of relation 1151161 (Romboleden). Research aid only. Existing OSM object: node/7757097985.
node/7125241128,https://www.openstreetmap.org/node/7125241128,Sången Vindskydd,60.5865560,14.7762120,,shelter,,1597.7,1151161,missing,Proposed: add as member of relation 1151161 (Romboleden). Do not modify existing members of relation 1151161 (Romboleden). Research aid only. Existing OSM object: node/7125241128.
node/7757083086,https://www.openstreetmap.org/node/7757083086,,61.1295134,14.1834333,picnic_site,,,1600.1,1151161,missing,Proposed: add as member of relation 1151161 (Romboleden). Do not modify existing members of relation 1151161 (Romboleden). Research aid only. Existing OSM object: node/7757083086.
node/5233844349,https://www.openstreetmap.org/node/5233844349,,60.1771216,15.2947135,picnic_site,,,1604.7,1151161,missing,Proposed: add as member of relation 1151161 (Romboleden). Do not modify existing members of relation 1151161 (Romboleden). Research aid only. Existing OSM object: node/5233844349.
node/4959940084,https://www.openstreetmap.org/node/4959940084,,62.2815353,12.8656792,picnic_site,,,1624.0,1151161,missing,Proposed: add as member of relation 1151161 (Romboleden). Do not modify existing members of relation 1151161 (Romboleden). Research aid only. Existing OSM object: node/4959940084.
node/7125248160,https://www.openstreetmap.org/node/7125248160,Rändingsvallen Vindskydd,62.2815415,12.8658163,,shelter,,1630.8,1151161,missing,Proposed: add as member of relation 1151161 (Romboleden). Do not modify existing members of relation 1151161 (Romboleden). Research aid only. Existing OSM object: node/7125248160.
node/2155017907,https://www.openstreetmap.org/node/2155017907,Sundetkojorna,61.1178038,13.8803021,wilderness_hut,,yes,1637.1,1151161,missing,Proposed: add as member of relation 1151161 (Romboleden). Do not modify existing members of relation 1151161 (Romboleden). Research aid only. Existing OSM object: node/2155017907.
node/10810808200,https://www.openstreetmap.org/node/10810808200,Sundetkojorna,61.1179696,13.8801393,wilderness_hut,,yes,1639.7,1151161,missing,Proposed: add as member of relation 1151161 (Romboleden). Do not modify existing members of relation 1151161 (Romboleden). Research aid only. Existing OSM object: node/10810808200.
way/1382973481,https://www.openstreetmap.org/way/1382973481,Camping Renen säsongs- och veckoplatser,61.8923134,12.8208892,camp_site,,,1644.2,1151161,missing,Proposed: add as member of relation 1151161 (Romboleden). Do not modify existing members of relation 1151161 (Romboleden). Research aid only. Existing OSM object: way/1382973481.
node/475897530,https://www.openstreetmap.org/node/475897530,,61.7019100,13.0816900,camp_site,,,1658.7,1151161,missing,Proposed: add as member of relation 1151161 (Romboleden). Do not modify existing members of relation 1151161 (Romboleden). Research aid only. Existing OSM object: node/475897530.
node/6564829392,https://www.openstreetmap.org/node/6564829392,,60.1311630,15.1903644,,shelter,,1671.3,1151161,missing,Proposed: add as member of relation 1151161 (Romboleden). Do not modify existing members of relation 1151161 (Romboleden). Research aid only. Existing OSM object: node/6564829392.
node/7125728824,https://www.openstreetmap.org/node/7125728824,,62.4312687,12.6379681,,shelter,,1672.4,1151161,missing,Proposed: add as member of relation 1151161 (Romboleden). Do not modify existing members of relation 1151161 (Romboleden). Research aid only. Existing OSM object: node/7125728824.
node/12574514217,https://www.openstreetmap.org/node/12574514217,Axi fäbod,60.9074903,14.2339226,,shelter,,1677.2,1151161,missing,Proposed: add as member of relation 1151161 (Romboleden). Do not modify existing members of relation 1151161 (Romboleden). Research aid only. Existing OSM object: node/12574514217.
node/3611719398,https://www.openstreetmap.org/node/3611719398,,61.3907444,13.5077987,,shelter,,1677.3,1151161,missing,Proposed: add as member of relation 1151161 (Romboleden). Do not modify existing members of relation 1151161 (Romboleden). Research aid only. Existing OSM object: node/3611719398.
way/788055778,https://www.openstreetmap.org/way/788055778,Camping Renen,61.8912504,12.8233283,camp_site,,,1687.1,1151161,missing,Proposed: add as member of relation 1151161 (Romboleden). Do not modify existing members of relation 1151161 (Romboleden). Research aid only. Existing OSM object: way/788055778.
node/475897532,https://www.openstreetmap.org/node/475897532,,61.7014800,13.0830800,camp_site,,,1693.7,1151161,missing,Proposed: add as member of relation 1151161 (Romboleden). Do not modify existing members of relation 1151161 (Romboleden). Research aid only. Existing OSM object: node/475897532.
node/8904282546,https://www.openstreetmap.org/node/8904282546,Fiskebäcksstugan,62.0160898,12.5753532,wilderness_hut,,,1701.7,1151161,missing,Proposed: add as member of relation 1151161 (Romboleden). Do not modify existing members of relation 1151161 (Romboleden). Research aid only. Existing OSM object: node/8904282546.
node/10788533139,https://www.openstreetmap.org/node/10788533139,,61.3945821,13.4260225,wilderness_hut,shelter,,1730.7,1151161,missing,Proposed: add as member of relation 1151161 (Romboleden). Do not modify existing members of relation 1151161 (Romboleden). Research aid only. Existing OSM object: node/10788533139.
node/7141533289,https://www.openstreetmap.org/node/7141533289,,62.2362434,12.3524308,,shelter,,1733.1,1151161,missing,Proposed: add as member of relation 1151161 (Romboleden). Do not modify existing members of relation 1151161 (Romboleden). Research aid only. Existing OSM object: node/7141533289.
node/4330776253,https://www.openstreetmap.org/node/4330776253,Sörmons Stugby,62.5384559,12.5994694,cabin,,,1735.4,1151161,missing,Proposed: add as member of relation 1151161 (Romboleden). Do not modify existing members of relation 1151161 (Romboleden). Research aid only. Existing OSM object: node/4330776253.
node/4692454972,https://www.openstreetmap.org/node/4692454972,,60.1770336,15.2887021,,shelter,,1737.8,1151161,missing,Proposed: add as member of relation 1151161 (Romboleden). Do not modify existing members of relation 1151161 (Romboleden). Research aid only. Existing OSM object: node/4692454972.
way/1244955781,https://www.openstreetmap.org/way/1244955781,,61.8898169,12.8265324,,shelter,,1742.1,1151161,missing,Proposed: add as member of relation 1151161 (Romboleden). Do not modify existing members of relation 1151161 (Romboleden). Research aid only. Existing OSM object: way/1244955781.
node/4692296658,https://www.openstreetmap.org/node/4692296658,,60.1318184,15.1874267,,shelter,,1746.0,1151161,missing,Proposed: add as member of relation 1151161 (Romboleden). Do not modify existing members of relation 1151161 (Romboleden). Research aid only. Existing OSM object: node/4692296658.
node/9776989876,https://www.openstreetmap.org/node/9776989876,,61.8835397,12.8354192,,shelter,,1755.3,1151161,missing,Proposed: add as member of relation 1151161 (Romboleden). Do not modify existing members of relation 1151161 (Romboleden). Research aid only. Existing OSM object: node/9776989876.
node/11791902280,https://www.openstreetmap.org/node/11791902280,,59.9799940,15.4500561,,shelter,,1760.1,1151161,missing,Proposed: add as member of relation 1151161 (Romboleden). Do not modify existing members of relation 1151161 (Romboleden). Research aid only. Existing OSM object: node/11791902280.
node/2978964582,https://www.openstreetmap.org/node/2978964582,,61.0206340,14.4880598,picnic_site,,,1766.9,1151161,missing,Proposed: add as member of relation 1151161 (Romboleden). Do not modify existing members of relation 1151161 (Romboleden). Research aid only. Existing OSM object: node/2978964582.
node/7141533288,https://www.openstreetmap.org/node/7141533288,Våndsjöstugorna,62.2433743,12.3442018,,shelter,,1799.8,1151161,missing,Proposed: add as member of relation 1151161 (Romboleden). Do not modify existing members of relation 1151161 (Romboleden). Research aid only. Existing OSM object: node/7141533288.
node/616802566,https://www.openstreetmap.org/node/616802566,Biskopsnäset,60.1692963,15.2090709,,shelter,,1808.0,1151161,missing,Proposed: add as member of relation 1151161 (Romboleden). Do not modify existing members of relation 1151161 (Romboleden). Research aid only. Existing OSM object: node/616802566.
node/7133919665,https://www.openstreetmap.org/node/7133919665,Stråhåarna,62.1702056,13.0953095,,shelter,,1809.7,1151161,missing,Proposed: add as member of relation 1151161 (Romboleden). Do not modify existing members of relation 1151161 (Romboleden). Research aid only. Existing OSM object: node/7133919665.
node/2101119594,https://www.openstreetmap.org/node/2101119594,,61.8995391,12.8149355,,shelter,,1816.8,1151161,missing,Proposed: add as member of relation 1151161 (Romboleden). Do not modify existing members of relation 1151161 (Romboleden). Research aid only. Existing OSM object: node/2101119594.
node/1811395710,https://www.openstreetmap.org/node/1811395710,koja,60.4183928,14.7402164,,shelter,,1822.4,1151161,missing,Proposed: add as member of relation 1151161 (Romboleden). Do not modify existing members of relation 1151161 (Romboleden). Research aid only. Existing OSM object: node/1811395710.
node/4689369517,https://www.openstreetmap.org/node/4689369517,,60.1735732,15.2021219,,shelter,,1835.6,1151161,missing,Proposed: add as member of relation 1151161 (Romboleden). Do not modify existing members of relation 1151161 (Romboleden). Research aid only. Existing OSM object: node/4689369517.
node/12073942233,https://www.openstreetmap.org/node/12073942233,,61.9524593,12.6594722,,shelter,,1835.8,1151161,missing,Proposed: add as member of relation 1151161 (Romboleden). Do not modify existing members of relation 1151161 (Romboleden). Research aid only. Existing OSM object: node/12073942233.
node/7125728671,https://www.openstreetmap.org/node/7125728671,,62.3987263,13.1759655,,shelter,,1839.1,1151161,missing,Proposed: add as member of relation 1151161 (Romboleden). Do not modify existing members of relation 1151161 (Romboleden). Research aid only. Existing OSM object: node/7125728671.
way/1012687084,https://www.openstreetmap.org/way/1012687084,Møllerbua,62.3330407,12.2226372,wilderness_hut,,cabin,1847.5,1151161,missing,Proposed: add as member of relation 1151161 (Romboleden). Do not modify existing members of relation 1151161 (Romboleden). Research aid only. Existing OSM object: way/1012687084.
node/7125728792,https://www.openstreetmap.org/node/7125728792,,60.3367616,14.8923111,,shelter,,1848.9,1151161,missing,Proposed: add as member of relation 1151161 (Romboleden). Do not modify existing members of relation 1151161 (Romboleden). Research aid only. Existing OSM object: node/7125728792.
node/7125728889,https://www.openstreetmap.org/node/7125728889,,59.9694000,15.4529600,,shelter,,1854.2,1151161,missing,Proposed: add as member of relation 1151161 (Romboleden). Do not modify existing members of relation 1151161 (Romboleden). Research aid only. Existing OSM object: node/7125728889.
node/9556741651,https://www.openstreetmap.org/node/9556741651,,60.8769062,14.5093399,,shelter,,1855.6,1151161,missing,Proposed: add as member of relation 1151161 (Romboleden). Do not modify existing members of relation 1151161 (Romboleden). Research aid only. Existing OSM object: node/9556741651.
node/7151582348,https://www.openstreetmap.org/node/7151582348,,62.7216998,12.3272771,,shelter,,1869.8,1151161,missing,Proposed: add as member of relation 1151161 (Romboleden). Do not modify existing members of relation 1151161 (Romboleden). Research aid only. Existing OSM object: node/7151582348.
node/1071388177,https://www.openstreetmap.org/node/1071388177,,61.9205730,12.7876208,,shelter,,1881.6,1151161,missing,Proposed: add as member of relation 1151161 (Romboleden). Do not modify existing members of relation 1151161 (Romboleden). Research aid only. Existing OSM object: node/1071388177.
node/7156791969,https://www.openstreetmap.org/node/7156791969,,60.1475680,15.1502122,,shelter,,1886.6,1151161,missing,Proposed: add as member of relation 1151161 (Romboleden). Do not modify existing members of relation 1151161 (Romboleden). Research aid only. Existing OSM object: node/7156791969.
node/4689369516,https://www.openstreetmap.org/node/4689369516,,60.1741425,15.2022634,,shelter,,1888.9,1151161,missing,Proposed: add as member of relation 1151161 (Romboleden). Do not modify existing members of relation 1151161 (Romboleden). Research aid only. Existing OSM object: node/4689369516.
node/7125728665,https://www.openstreetmap.org/node/7125728665,,62.2335041,13.1052518,,shelter,,1912.2,1151161,missing,Proposed: add as member of relation 1151161 (Romboleden). Do not modify existing members of relation 1151161 (Romboleden). Research aid only. Existing OSM object: node/7125728665.
node/1823195471,https://www.openstreetmap.org/node/1823195471,Kapplakojan,60.4300517,14.7290335,wilderness_hut,shelter,,1918.2,1151161,missing,Proposed: add as member of relation 1151161 (Romboleden). Do not modify existing members of relation 1151161 (Romboleden). Research aid only. Existing OSM object: node/1823195471.
node/5509204142,https://www.openstreetmap.org/node/5509204142,Slogbod,61.2704429,14.1318727,,shelter,,1925.1,1151161,missing,Proposed: add as member of relation 1151161 (Romboleden). Do not modify existing members of relation 1151161 (Romboleden). Research aid only. Existing OSM object: node/5509204142.
way/1499465630,https://www.openstreetmap.org/way/1499465630,,61.1329983,14.1734596,,shelter,yes,1930.2,1151161,missing,Proposed: add as member of relation 1151161 (Romboleden). Do not modify existing members of relation 1151161 (Romboleden). Research aid only. Existing OSM object: way/1499465630.
node/11989941607,https://www.openstreetmap.org/node/11989941607,,59.9827704,15.4471812,,shelter,,1944.2,1151161,missing,Proposed: add as member of relation 1151161 (Romboleden). Do not modify existing members of relation 1151161 (Romboleden). Research aid only. Existing OSM object: node/11989941607.
node/3700328146,https://www.openstreetmap.org/node/3700328146,,63.2987454,10.9374167,picnic_site,,,1947.2,1151161,missing,Proposed: add as member of relation 1151161 (Romboleden). Do not modify existing members of relation 1151161 (Romboleden). Research aid only. Existing OSM object: node/3700328146.
node/5777536553,https://www.openstreetmap.org/node/5777536553,Idre Fjäll Ski Appartements,61.8890930,12.8323576,apartment,,,1955.1,1151161,missing,Proposed: add as member of relation 1151161 (Romboleden). Do not modify existing members of relation 1151161 (Romboleden). Research aid only. Existing OSM object: node/5777536553.
node/8931971296,https://www.openstreetmap.org/node/8931971296,,62.6915084,12.4496813,,shelter,,1964.7,1151161,missing,Proposed: add as member of relation 1151161 (Romboleden). Do not modify existing members of relation 1151161 (Romboleden). Research aid only. Existing OSM object: node/8931971296.
node/8726210963,https://www.openstreetmap.org/node/8726210963,,61.1322337,13.9352405,,shelter,,1972.4,1151161,missing,Proposed: add as member of relation 1151161 (Romboleden). Do not modify existing members of relation 1151161 (Romboleden). Research aid only. Existing OSM object: node/8726210963.
node/414980627,https://www.openstreetmap.org/node/414980627,Mullekojan,60.1234356,15.2173918,,shelter,,1974.2,1151161,missing,Proposed: add as member of relation 1151161 (Romboleden). Do not modify existing members of relation 1151161 (Romboleden). Research aid only. Existing OSM object: node/414980627.
node/11813696485,https://www.openstreetmap.org/node/11813696485,,60.1626876,15.4031994,,shelter,,1978.0,1151161,missing,Proposed: add as member of relation 1151161 (Romboleden). Do not modify existing members of relation 1151161 (Romboleden). Research aid only. Existing OSM object: node/11813696485.
node/1071388189,https://www.openstreetmap.org/node/1071388189,,61.9277848,12.7804165,,shelter,,1998.3,1151161,missing,Proposed: add as member of relation 1151161 (Romboleden). Do not modify existing members of relation 1151161 (Romboleden). Research aid only. Existing OSM object: node/1071388189.
