<?xml version="1.0" encoding="UTF-8"?>
<gpx version="1.1" creator="pilegrimsleden-osm-extractor 1.0" xmlns="http://www.topografix.com/GPX/1/1">
  <trk><name>Hedemora Pilgrimsled</name><trkseg>
    <trkpt lat="60.2449879" lon="15.7905081"></trkpt>
    <trkpt lat="60.2445190" lon="15.7911694"></trkpt>
    <trkpt lat="60.2440502" lon="15.7918306"></trkpt>
    <trkpt lat="60.2437159" lon="15.7929758"></trkpt>
    <trkpt lat="60.2431450" lon="15.7940407"></trkpt>
    <trkpt lat="60.2423754" lon="15.7949467"></trkpt>
    <trkpt lat="60.2424777" lon="15.7952600"></trkpt>
    <trkpt lat="60.2425097" lon="15.7958501"></trkpt>
    <trkpt lat="60.2424831" lon="15.7967299"></trkpt>
    <trkpt lat="60.2424032" lon="15.7981461"></trkpt>
    <trkpt lat="60.2423553" lon="15.7993262"></trkpt>
    <trkpt lat="60.2423180" lon="15.7999270"></trkpt>
    <trkpt lat="60.2422328" lon="15.8005279"></trkpt>
    <trkpt lat="60.2419612" lon="15.8016437"></trkpt>
    <trkpt lat="60.2416817" lon="15.8025771"></trkpt>
    <trkpt lat="60.2414021" lon="15.8035105"></trkpt>
    <trkpt lat="60.2410985" lon="15.8046048"></trkpt>
    <trkpt lat="60.2409867" lon="15.8051735"></trkpt>
    <trkpt lat="60.2409281" lon="15.8058494"></trkpt>
    <trkpt lat="60.2408163" lon="15.8065467"></trkpt>
    <trkpt lat="60.2406565" lon="15.8071797"></trkpt>
    <trkpt lat="60.2404435" lon="15.8076518"></trkpt>
    <trkpt lat="60.2399589" lon="15.8084457"></trkpt>
    <trkpt lat="60.2397619" lon="15.8088105"></trkpt>
    <trkpt lat="60.2393811" lon="15.8095079"></trkpt>
    <trkpt lat="60.2390003" lon="15.8102053"></trkpt>
    <trkpt lat="60.2385556" lon="15.8109509"></trkpt>
    <trkpt lat="60.2381109" lon="15.8116966"></trkpt>
    <trkpt lat="60.2378180" lon="15.8122652"></trkpt>
    <trkpt lat="60.2376582" lon="15.8128231"></trkpt>
    <trkpt lat="60.2375357" lon="15.8134025"></trkpt>
    <trkpt lat="60.2373866" lon="15.8138960"></trkpt>
    <trkpt lat="60.2372375" lon="15.8142500"></trkpt>
    <trkpt lat="60.2370031" lon="15.8146470"></trkpt>
    <trkpt lat="60.2366623" lon="15.8150976"></trkpt>
    <trkpt lat="60.2361243" lon="15.8156770"></trkpt>
    <trkpt lat="60.2359592" lon="15.8159023"></trkpt>
    <trkpt lat="60.2358474" lon="15.8161169"></trkpt>
    <trkpt lat="60.2357782" lon="15.8164173"></trkpt>
    <trkpt lat="60.2357409" lon="15.8169644"></trkpt>
    <trkpt lat="60.2357196" lon="15.8175974"></trkpt>
    <trkpt lat="60.2356876" lon="15.8179622"></trkpt>
    <trkpt lat="60.2356077" lon="15.8183592"></trkpt>
    <trkpt lat="60.2354692" lon="15.8186596"></trkpt>
    <trkpt lat="60.2353094" lon="15.8189815"></trkpt>
    <trkpt lat="60.2352349" lon="15.8192497"></trkpt>
    <trkpt lat="60.2351869" lon="15.8196896"></trkpt>
    <trkpt lat="60.2351017" lon="15.8206981"></trkpt>
    <trkpt lat="60.2349419" lon="15.8217710"></trkpt>
    <trkpt lat="60.2348407" lon="15.8223396"></trkpt>
    <trkpt lat="60.2348141" lon="15.8227044"></trkpt>
    <trkpt lat="60.2348194" lon="15.8233588"></trkpt>
    <trkpt lat="60.2348301" lon="15.8239918"></trkpt>
    <trkpt lat="60.2347981" lon="15.8246677"></trkpt>
    <trkpt lat="60.2347182" lon="15.8253973"></trkpt>
    <trkpt lat="60.2346117" lon="15.8261161"></trkpt>
    <trkpt lat="60.2345584" lon="15.8267491"></trkpt>
    <trkpt lat="60.2345531" lon="15.8274465"></trkpt>
    <trkpt lat="60.2345904" lon="15.8283907"></trkpt>
    <trkpt lat="60.2346490" lon="15.8290666"></trkpt>
    <trkpt lat="60.2348194" lon="15.8300644"></trkpt>
    <trkpt lat="60.2348833" lon="15.8305471"></trkpt>
    <trkpt lat="60.2349260" lon="15.8311265"></trkpt>
    <trkpt lat="60.2349419" lon="15.8316951"></trkpt>
    <trkpt lat="60.2349313" lon="15.8321457"></trkpt>
    <trkpt lat="60.2349473" lon="15.8324783"></trkpt>
    <trkpt lat="60.2349899" lon="15.8326500"></trkpt>
    <trkpt lat="60.2351124" lon="15.8329182"></trkpt>
    <trkpt lat="60.2353574" lon="15.8332723"></trkpt>
    <trkpt lat="60.2357568" lon="15.8338087"></trkpt>
    <trkpt lat="60.2361297" lon="15.8343452"></trkpt>
    <trkpt lat="60.2364918" lon="15.8350103"></trkpt>
    <trkpt lat="60.2370031" lon="15.8360510"></trkpt>
    <trkpt lat="60.2371629" lon="15.8364587"></trkpt>
    <trkpt lat="60.2372375" lon="15.8369844"></trkpt>
    <trkpt lat="60.2372268" lon="15.8375102"></trkpt>
    <trkpt lat="60.2371523" lon="15.8379179"></trkpt>
    <trkpt lat="60.2369818" lon="15.8381861"></trkpt>
    <trkpt lat="60.2368487" lon="15.8383685"></trkpt>
    <trkpt lat="60.2367794" lon="15.8385938"></trkpt>
    <trkpt lat="60.2367794" lon="15.8390980"></trkpt>
    <trkpt lat="60.2368540" lon="15.8399349"></trkpt>
    <trkpt lat="60.2370404" lon="15.8410721"></trkpt>
    <trkpt lat="60.2372428" lon="15.8421879"></trkpt>
    <trkpt lat="60.2373202" lon="15.8425811"></trkpt>
    <trkpt lat="60.2366694" lon="15.8433335"></trkpt>
    <trkpt lat="60.2364415" lon="15.8436392"></trkpt>
    <trkpt lat="60.2359938" lon="15.8441145"></trkpt>
    <trkpt lat="60.2357533" lon="15.8444828"></trkpt>
    <trkpt lat="60.2362562" lon="15.8454502"></trkpt>
    <trkpt lat="60.2367591" lon="15.8464177"></trkpt>
    <trkpt lat="60.2371994" lon="15.8472545"></trkpt>
    <trkpt lat="60.2376396" lon="15.8480914"></trkpt>
    <trkpt lat="60.2380799" lon="15.8489282"></trkpt>
    <trkpt lat="60.2384740" lon="15.8499260"></trkpt>
    <trkpt lat="60.2388681" lon="15.8509238"></trkpt>
    <trkpt lat="60.2394113" lon="15.8518465"></trkpt>
    <trkpt lat="60.2399439" lon="15.8523400"></trkpt>
    <trkpt lat="60.2402102" lon="15.8526190"></trkpt>
    <trkpt lat="60.2406468" lon="15.8528550"></trkpt>
    <trkpt lat="60.2412965" lon="15.8530910"></trkpt>
    <trkpt lat="60.2413817" lon="15.8534129"></trkpt>
    <trkpt lat="60.2416586" lon="15.8541639"></trkpt>
    <trkpt lat="60.2420527" lon="15.8549149"></trkpt>
    <trkpt lat="60.2423083" lon="15.8555157"></trkpt>
    <trkpt lat="60.2425213" lon="15.8557518"></trkpt>
    <trkpt lat="60.2427130" lon="15.8559664"></trkpt>
    <trkpt lat="60.2427982" lon="15.8562453"></trkpt>
    <trkpt lat="60.2428834" lon="15.8566959"></trkpt>
    <trkpt lat="60.2429793" lon="15.8569320"></trkpt>
    <trkpt lat="60.2433626" lon="15.8574255"></trkpt>
    <trkpt lat="60.2436502" lon="15.8579190"></trkpt>
    <trkpt lat="60.2440811" lon="15.8583359"></trkpt>
    <trkpt lat="60.2444425" lon="15.8599890"></trkpt>
    <trkpt lat="60.2448040" lon="15.8616420"></trkpt>
    <trkpt lat="60.2451654" lon="15.8632951"></trkpt>
    <trkpt lat="60.2455268" lon="15.8649481"></trkpt>
    <trkpt lat="60.2458883" lon="15.8666012"></trkpt>
    <trkpt lat="60.2462497" lon="15.8682542"></trkpt>
    <trkpt lat="60.2466112" lon="15.8699073"></trkpt>
    <trkpt lat="60.2469726" lon="15.8715603"></trkpt>
    <trkpt lat="60.2473340" lon="15.8732134"></trkpt>
    <trkpt lat="60.2476955" lon="15.8748664"></trkpt>
    <trkpt lat="60.2480569" lon="15.8765195"></trkpt>
    <trkpt lat="60.2486319" lon="15.8772920"></trkpt>
    <trkpt lat="60.2489301" lon="15.8775244"></trkpt>
    <trkpt lat="60.2496541" lon="15.8785794"></trkpt>
    <trkpt lat="60.2499736" lon="15.8787511"></trkpt>
    <trkpt lat="60.2502291" lon="15.8787511"></trkpt>
    <trkpt lat="60.2508074" lon="15.8799540"></trkpt>
    <trkpt lat="60.2509138" lon="15.8802758"></trkpt>
    <trkpt lat="60.2510203" lon="15.8803831"></trkpt>
    <trkpt lat="60.2511374" lon="15.8805119"></trkpt>
    <trkpt lat="60.2513078" lon="15.8810054"></trkpt>
    <trkpt lat="60.2515207" lon="15.8813272"></trkpt>
    <trkpt lat="60.2517550" lon="15.8815418"></trkpt>
    <trkpt lat="60.2520318" lon="15.8816920"></trkpt>
    <trkpt lat="60.2523831" lon="15.8819710"></trkpt>
    <trkpt lat="60.2528692" lon="15.8824510"></trkpt>
    <trkpt lat="60.2529329" lon="15.8825163"></trkpt>
    <trkpt lat="60.2531271" lon="15.8827287"></trkpt>
    <trkpt lat="60.2531909" lon="15.8829003"></trkpt>
    <trkpt lat="60.2532761" lon="15.8832651"></trkpt>
    <trkpt lat="60.2533293" lon="15.8835011"></trkpt>
    <trkpt lat="60.2534039" lon="15.8835655"></trkpt>
    <trkpt lat="60.2535210" lon="15.8834797"></trkpt>
    <trkpt lat="60.2538191" lon="15.8832007"></trkpt>
    <trkpt lat="60.2542553" lon="15.8831617"></trkpt>
    <trkpt lat="60.2542755" lon="15.8833954"></trkpt>
    <trkpt lat="60.2544592" lon="15.8841382"></trkpt>
    <trkpt lat="60.2547096" lon="15.8849191"></trkpt>
    <trkpt lat="60.2549600" lon="15.8856999"></trkpt>
    <trkpt lat="60.2550854" lon="15.8859083"></trkpt>
    <trkpt lat="60.2553288" lon="15.8862846"></trkpt>
    <trkpt lat="60.2556600" lon="15.8866732"></trkpt>
    <trkpt lat="60.2560566" lon="15.8871528"></trkpt>
    <trkpt lat="60.2562613" lon="15.8876088"></trkpt>
    <trkpt lat="60.2563631" lon="15.8880924"></trkpt>
    <trkpt lat="60.2563596" lon="15.8883791"></trkpt>
    <trkpt lat="60.2563576" lon="15.8885476"></trkpt>
    <trkpt lat="60.2563118" lon="15.8890097"></trkpt>
    <trkpt lat="60.2562473" lon="15.8894021"></trkpt>
    <trkpt lat="60.2561621" lon="15.8900558"></trkpt>
    <trkpt lat="60.2561428" lon="15.8906620"></trkpt>
    <trkpt lat="60.2561833" lon="15.8914022"></trkpt>
    <trkpt lat="60.2561802" lon="15.8918840"></trkpt>
    <trkpt lat="60.2560917" lon="15.8923668"></trkpt>
    <trkpt lat="60.2560570" lon="15.8928603"></trkpt>
    <trkpt lat="60.2561200" lon="15.8935152"></trkpt>
    <trkpt lat="60.2562963" lon="15.8944734"></trkpt>
    <trkpt lat="60.2564726" lon="15.8954316"></trkpt>
    <trkpt lat="60.2566473" lon="15.8965278"></trkpt>
    <trkpt lat="60.2567182" lon="15.8973094"></trkpt>
    <trkpt lat="60.2567278" lon="15.8986202"></trkpt>
    <trkpt lat="60.2567374" lon="15.8999310"></trkpt>
    <trkpt lat="60.2567055" lon="15.9003816"></trkpt>
    <trkpt lat="60.2565874" lon="15.9008110"></trkpt>
    <trkpt lat="60.2563419" lon="15.9012339"></trkpt>
    <trkpt lat="60.2559373" lon="15.9019249"></trkpt>
    <trkpt lat="60.2555328" lon="15.9026158"></trkpt>
    <trkpt lat="60.2550028" lon="15.9037312"></trkpt>
    <trkpt lat="60.2546535" lon="15.9048492"></trkpt>
    <trkpt lat="60.2547692" lon="15.9049696"></trkpt>
    <trkpt lat="60.2553579" lon="15.9052419"></trkpt>
    <trkpt lat="60.2554378" lon="15.9052902"></trkpt>
    <trkpt lat="60.2554710" lon="15.9054270"></trkpt>
    <trkpt lat="60.2555162" lon="15.9055746"></trkpt>
    <trkpt lat="60.2555695" lon="15.9057382"></trkpt>
    <trkpt lat="60.2556507" lon="15.9057569"></trkpt>
    <trkpt lat="60.2558769" lon="15.9058427"></trkpt>
    <trkpt lat="60.2559780" lon="15.9058749"></trkpt>
    <trkpt lat="60.2561271" lon="15.9060358"></trkpt>
    <trkpt lat="60.2562201" lon="15.9061482"></trkpt>
    <trkpt lat="60.2563079" lon="15.9061804"></trkpt>
    <trkpt lat="60.2564440" lon="15.9061928"></trkpt>
    <trkpt lat="60.2567155" lon="15.9061177"></trkpt>
    <trkpt lat="60.2569364" lon="15.9061231"></trkpt>
    <trkpt lat="60.2575615" lon="15.9063309"></trkpt>
    <trkpt lat="60.2581872" lon="15.9066568"></trkpt>
    <trkpt lat="60.2589962" lon="15.9067856"></trkpt>
    <trkpt lat="60.2595710" lon="15.9070216"></trkpt>
    <trkpt lat="60.2596455" lon="15.9071396"></trkpt>
    <trkpt lat="60.2596721" lon="15.9073005"></trkpt>
    <trkpt lat="60.2595550" lon="15.9083520"></trkpt>
    <trkpt lat="60.2595763" lon="15.9087918"></trkpt>
    <trkpt lat="60.2596296" lon="15.9094034"></trkpt>
    <trkpt lat="60.2598478" lon="15.9101651"></trkpt>
    <trkpt lat="60.2601829" lon="15.9109149"></trkpt>
    <trkpt lat="60.2599337" lon="15.9118287"></trkpt>
    <trkpt lat="60.2600172" lon="15.9126942"></trkpt>
    <trkpt lat="60.2599695" lon="15.9131028"></trkpt>
    <trkpt lat="60.2600291" lon="15.9135115"></trkpt>
    <trkpt lat="60.2599934" lon="15.9137399"></trkpt>
    <trkpt lat="60.2605658" lon="15.9136678"></trkpt>
    <trkpt lat="60.2611800" lon="15.9139323"></trkpt>
    <trkpt lat="60.2619790" lon="15.9144371"></trkpt>
    <trkpt lat="60.2623963" lon="15.9148338"></trkpt>
    <trkpt lat="60.2628912" lon="15.9156031"></trkpt>
    <trkpt lat="60.2632029" lon="15.9162744"></trkpt>
    <trkpt lat="60.2635146" lon="15.9169458"></trkpt>
    <trkpt lat="60.2641638" lon="15.9170746"></trkpt>
    <trkpt lat="60.2648130" lon="15.9172033"></trkpt>
    <trkpt lat="60.2656325" lon="15.9179328"></trkpt>
    <trkpt lat="60.2664520" lon="15.9186624"></trkpt>
    <trkpt lat="60.2662813" lon="15.9203833"></trkpt>
    <trkpt lat="60.2661107" lon="15.9221041"></trkpt>
    <trkpt lat="60.2659401" lon="15.9238250"></trkpt>
    <trkpt lat="60.2657694" lon="15.9255459"></trkpt>
    <trkpt lat="60.2659822" lon="15.9265973"></trkpt>
    <trkpt lat="60.2663441" lon="15.9274771"></trkpt>
    <trkpt lat="60.2666899" lon="15.9282174"></trkpt>
    <trkpt lat="60.2670358" lon="15.9289576"></trkpt>
    <trkpt lat="60.2673232" lon="15.9304168"></trkpt>
    <trkpt lat="60.2674083" lon="15.9311892"></trkpt>
    <trkpt lat="60.2673870" lon="15.9316613"></trkpt>
    <trkpt lat="60.2675867" lon="15.9322630"></trkpt>
    <trkpt lat="60.2679113" lon="15.9320994"></trkpt>
    <trkpt lat="60.2682093" lon="15.9322711"></trkpt>
    <trkpt lat="60.2686988" lon="15.9321853"></trkpt>
    <trkpt lat="60.2688904" lon="15.9325715"></trkpt>
    <trkpt lat="60.2693905" lon="15.9329792"></trkpt>
    <trkpt lat="60.2698907" lon="15.9333869"></trkpt>
    <trkpt lat="60.2701673" lon="15.9339019"></trkpt>
    <trkpt lat="60.2706355" lon="15.9344598"></trkpt>
    <trkpt lat="60.2707207" lon="15.9352752"></trkpt>
    <trkpt lat="60.2704653" lon="15.9360476"></trkpt>
    <trkpt lat="60.2702950" lon="15.9368630"></trkpt>
    <trkpt lat="60.2700396" lon="15.9377213"></trkpt>
    <trkpt lat="60.2701886" lon="15.9388371"></trkpt>
    <trkpt lat="60.2698481" lon="15.9400388"></trkpt>
    <trkpt lat="60.2693373" lon="15.9403392"></trkpt>
    <trkpt lat="60.2687627" lon="15.9404679"></trkpt>
    <trkpt lat="60.2682306" lon="15.9408542"></trkpt>
    <trkpt lat="60.2680710" lon="15.9412833"></trkpt>
    <trkpt lat="60.2678630" lon="15.9430189"></trkpt>
    <trkpt lat="60.2676550" lon="15.9447544"></trkpt>
    <trkpt lat="60.2676119" lon="15.9452582"></trkpt>
    <trkpt lat="60.2675900" lon="15.9466539"></trkpt>
    <trkpt lat="60.2676197" lon="15.9469182"></trkpt>
    <trkpt lat="60.2677081" lon="15.9471724"></trkpt>
    <trkpt lat="60.2678878" lon="15.9476035"></trkpt>
    <trkpt lat="60.2680141" lon="15.9478011"></trkpt>
    <trkpt lat="60.2683119" lon="15.9482022"></trkpt>
    <trkpt lat="60.2684621" lon="15.9491214"></trkpt>
    <trkpt lat="60.2686021" lon="15.9498181"></trkpt>
    <trkpt lat="60.2687492" lon="15.9504440"></trkpt>
    <trkpt lat="60.2690790" lon="15.9512344"></trkpt>
    <trkpt lat="60.2691826" lon="15.9514826"></trkpt>
    <trkpt lat="60.2692199" lon="15.9514933"></trkpt>
    <trkpt lat="60.2693369" lon="15.9519654"></trkpt>
    <trkpt lat="60.2693954" lon="15.9523624"></trkpt>
    <trkpt lat="60.2695125" lon="15.9530597"></trkpt>
    <trkpt lat="60.2696136" lon="15.9535318"></trkpt>
    <trkpt lat="60.2697466" lon="15.9538751"></trkpt>
    <trkpt lat="60.2698371" lon="15.9541541"></trkpt>
    <trkpt lat="60.2699914" lon="15.9548514"></trkpt>
    <trkpt lat="60.2700552" lon="15.9555971"></trkpt>
    <trkpt lat="60.2700685" lon="15.9558814"></trkpt>
    <trkpt lat="60.2700453" lon="15.9561533"></trkpt>
    <trkpt lat="60.2700126" lon="15.9565359"></trkpt>
    <trkpt lat="60.2698956" lon="15.9572332"></trkpt>
    <trkpt lat="60.2697147" lon="15.9579199"></trkpt>
    <trkpt lat="60.2695513" lon="15.9587815"></trkpt>
    <trkpt lat="60.2694932" lon="15.9592022"></trkpt>
    <trkpt lat="60.2694833" lon="15.9595771"></trkpt>
    <trkpt lat="60.2695178" lon="15.9599262"></trkpt>
    <trkpt lat="60.2696242" lon="15.9603768"></trkpt>
    <trkpt lat="60.2697040" lon="15.9608703"></trkpt>
    <trkpt lat="60.2697200" lon="15.9616321"></trkpt>
    <trkpt lat="60.2697147" lon="15.9628122"></trkpt>
    <trkpt lat="60.2697519" lon="15.9643572"></trkpt>
    <trkpt lat="60.2697982" lon="15.9649259"></trkpt>
    <trkpt lat="60.2698690" lon="15.9662347"></trkpt>
    <trkpt lat="60.2699648" lon="15.9671574"></trkpt>
    <trkpt lat="60.2701084" lon="15.9681337"></trkpt>
    <trkpt lat="60.2703638" lon="15.9693783"></trkpt>
    <trkpt lat="60.2705962" lon="15.9703396"></trkpt>
    <trkpt lat="60.2706241" lon="15.9705596"></trkpt>
    <trkpt lat="60.2706264" lon="15.9707325"></trkpt>
    <trkpt lat="60.2706056" lon="15.9709393"></trkpt>
    <trkpt lat="60.2705494" lon="15.9712610"></trkpt>
    <trkpt lat="60.2708421" lon="15.9715685"></trkpt>
    <trkpt lat="60.2714249" lon="15.9722199"></trkpt>
    <trkpt lat="60.2716374" lon="15.9724594"></trkpt>
    <trkpt lat="60.2718811" lon="15.9727273"></trkpt>
    <trkpt lat="60.2721681" lon="15.9730227"></trkpt>
    <trkpt lat="60.2721410" lon="15.9732368"></trkpt>
    <trkpt lat="60.2721258" lon="15.9733665"></trkpt>
    <trkpt lat="60.2721204" lon="15.9735082"></trkpt>
    <trkpt lat="60.2721421" lon="15.9736686"></trkpt>
    <trkpt lat="60.2721708" lon="15.9737864"></trkpt>
    <trkpt lat="60.2722791" lon="15.9742572"></trkpt>
    <trkpt lat="60.2724944" lon="15.9750835"></trkpt>
    <trkpt lat="60.2726206" lon="15.9755664"></trkpt>
    <trkpt lat="60.2727680" lon="15.9760249"></trkpt>
    <trkpt lat="60.2730623" lon="15.9769461"></trkpt>
    <trkpt lat="60.2731400" lon="15.9772201"></trkpt>
    <trkpt lat="60.2734264" lon="15.9783649"></trkpt>
    <trkpt lat="60.2735491" lon="15.9788083"></trkpt>
    <trkpt lat="60.2736998" lon="15.9793530"></trkpt>
    <trkpt lat="60.2738551" lon="15.9798703"></trkpt>
    <trkpt lat="60.2740044" lon="15.9796340"></trkpt>
    <trkpt lat="60.2740162" lon="15.9797160"></trkpt>
    <trkpt lat="60.2738207" lon="15.9800996"></trkpt>
    <trkpt lat="60.2737689" lon="15.9802444"></trkpt>
    <trkpt lat="60.2738141" lon="15.9803812"></trkpt>
    <trkpt lat="60.2739710" lon="15.9807138"></trkpt>
    <trkpt lat="60.2743527" lon="15.9811318"></trkpt>
    <trkpt lat="60.2745753" lon="15.9821520"></trkpt>
    <trkpt lat="60.2748774" lon="15.9837530"></trkpt>
    <trkpt lat="60.2749184" lon="15.9840349"></trkpt>
    <trkpt lat="60.2749325" lon="15.9840999"></trkpt>
    <trkpt lat="60.2752143" lon="15.9854382"></trkpt>
    <trkpt lat="60.2752802" lon="15.9857086"></trkpt>
    <trkpt lat="60.2753866" lon="15.9859540"></trkpt>
    <trkpt lat="60.2754291" lon="15.9860519"></trkpt>
    <trkpt lat="60.2758043" lon="15.9863672"></trkpt>
    <trkpt lat="60.2758651" lon="15.9864412"></trkpt>
    <trkpt lat="60.2762815" lon="15.9876529"></trkpt>
    <trkpt lat="60.2766979" lon="15.9888647"></trkpt>
    <trkpt lat="60.2771143" lon="15.9900764"></trkpt>
    <trkpt lat="60.2775307" lon="15.9912881"></trkpt>
    <trkpt lat="60.2775234" lon="15.9913771"></trkpt>
    <trkpt lat="60.2774939" lon="15.9914750"></trkpt>
    <trkpt lat="60.2774623" lon="15.9918008"></trkpt>
    <trkpt lat="60.2775686" lon="15.9927128"></trkpt>
    <trkpt lat="60.2777533" lon="15.9933700"></trkpt>
    <trkpt lat="60.2778186" lon="15.9936021"></trkpt>
    <trkpt lat="60.2776870" lon="15.9938227"></trkpt>
    <trkpt lat="60.2774885" lon="15.9944648"></trkpt>
    <trkpt lat="60.2773796" lon="15.9952388"></trkpt>
    <trkpt lat="60.2772572" lon="15.9959576"></trkpt>
    <trkpt lat="60.2772140" lon="15.9963807"></trkpt>
    <trkpt lat="60.2771502" lon="15.9971210"></trkpt>
    <trkpt lat="60.2770769" lon="15.9981289"></trkpt>
    <trkpt lat="60.2770182" lon="15.9981540"></trkpt>
    <trkpt lat="60.2769194" lon="15.9981549"></trkpt>
    <trkpt lat="60.2763906" lon="15.9984556"></trkpt>
    <trkpt lat="60.2760002" lon="15.9986997"></trkpt>
    <trkpt lat="60.2757055" lon="15.9988943"></trkpt>
    <trkpt lat="60.2753005" lon="15.9990364"></trkpt>
    <trkpt lat="60.2751726" lon="15.9990355"></trkpt>
    <trkpt lat="60.2750302" lon="15.9989373"></trkpt>
    <trkpt lat="60.2748508" lon="15.9986820"></trkpt>
    <trkpt lat="60.2746673" lon="15.9983782"></trkpt>
    <trkpt lat="60.2745681" lon="15.9980872"></trkpt>
    <trkpt lat="60.2743779" lon="15.9964549"></trkpt>
    <trkpt lat="60.2743132" lon="15.9965003"></trkpt>
    <trkpt lat="60.2742942" lon="15.9963546"></trkpt>
    <trkpt lat="60.2741476" lon="15.9964159"></trkpt>
    <trkpt lat="60.2736953" lon="15.9969954"></trkpt>
    <trkpt lat="60.2730017" lon="15.9978841"></trkpt>
    <trkpt lat="60.2728070" lon="15.9979930"></trkpt>
    <trkpt lat="60.2727628" lon="15.9988252"></trkpt>
    <trkpt lat="60.2727140" lon="15.9988759"></trkpt>
    <trkpt lat="60.2720729" lon="15.9985834"></trkpt>
    <trkpt lat="60.2714317" lon="15.9982910"></trkpt>
    <trkpt lat="60.2713273" lon="15.9985436"></trkpt>
    <trkpt lat="60.2707953" lon="15.9988440"></trkpt>
    <trkpt lat="60.2702899" lon="15.9989983"></trkpt>
    <trkpt lat="60.2700123" lon="15.9989179"></trkpt>
    <trkpt lat="60.2699621" lon="15.9996858"></trkpt>
    <trkpt lat="60.2699257" lon="16.0007264"></trkpt>
    <trkpt lat="60.2698893" lon="16.0017669"></trkpt>
    <trkpt lat="60.2698755" lon="16.0021949"></trkpt>
    <trkpt lat="60.2698947" lon="16.0026133"></trkpt>
    <trkpt lat="60.2699298" lon="16.0030137"></trkpt>
    <trkpt lat="60.2700080" lon="16.0036137"></trkpt>
    <trkpt lat="60.2700528" lon="16.0039267"></trkpt>
    <trkpt lat="60.2701693" lon="16.0049139"></trkpt>
    <trkpt lat="60.2703050" lon="16.0058492"></trkpt>
    <trkpt lat="60.2698974" lon="16.0064058"></trkpt>
    <trkpt lat="60.2694898" lon="16.0069624"></trkpt>
    <trkpt lat="60.2699468" lon="16.0085144"></trkpt>
    <trkpt lat="60.2704038" lon="16.0100663"></trkpt>
    <trkpt lat="60.2708608" lon="16.0116183"></trkpt>
    <trkpt lat="60.2713178" lon="16.0131703"></trkpt>
    <trkpt lat="60.2714715" lon="16.0136777"></trkpt>
    <trkpt lat="60.2718978" lon="16.0150852"></trkpt>
    <trkpt lat="60.2722447" lon="16.0165303"></trkpt>
    <trkpt lat="60.2722641" lon="16.0167028"></trkpt>
    <trkpt lat="60.2722569" lon="16.0168938"></trkpt>
    <trkpt lat="60.2722448" lon="16.0170095"></trkpt>
    <trkpt lat="60.2722569" lon="16.0168938"></trkpt>
    <trkpt lat="60.2722110" lon="16.0168590"></trkpt>
    <trkpt lat="60.2720080" lon="16.0167650"></trkpt>
    <trkpt lat="60.2716240" lon="16.0174650"></trkpt>
    <trkpt lat="60.2714666" lon="16.0176760"></trkpt>
    <trkpt lat="60.2713155" lon="16.0177624"></trkpt>
    <trkpt lat="60.2710190" lon="16.0178641"></trkpt>
    <trkpt lat="60.2709005" lon="16.0178555"></trkpt>
    <trkpt lat="60.2706139" lon="16.0177250"></trkpt>
    <trkpt lat="60.2702590" lon="16.0173160"></trkpt>
    <trkpt lat="60.2694533" lon="16.0170118"></trkpt>
    <trkpt lat="60.2693135" lon="16.0170539"></trkpt>
    <trkpt lat="60.2686867" lon="16.0177883"></trkpt>
    <trkpt lat="60.2684495" lon="16.0178526"></trkpt>
    <trkpt lat="60.2681362" lon="16.0175767"></trkpt>
    <trkpt lat="60.2679509" lon="16.0172918"></trkpt>
    <trkpt lat="60.2678194" lon="16.0171641"></trkpt>
    <trkpt lat="60.2670431" lon="16.0167559"></trkpt>
    <trkpt lat="60.2664515" lon="16.0161302"></trkpt>
    <trkpt lat="60.2662041" lon="16.0159622"></trkpt>
    <trkpt lat="60.2655600" lon="16.0157437"></trkpt>
    <trkpt lat="60.2649070" lon="16.0156027"></trkpt>
    <trkpt lat="60.2643240" lon="16.0153441"></trkpt>
    <trkpt lat="60.2636983" lon="16.0149484"></trkpt>
    <trkpt lat="60.2630725" lon="16.0145527"></trkpt>
    <trkpt lat="60.2625672" lon="16.0142470"></trkpt>
    <trkpt lat="60.2622407" lon="16.0142000"></trkpt>
    <trkpt lat="60.2621397" lon="16.0142784"></trkpt>
    <trkpt lat="60.2620775" lon="16.0144743"></trkpt>
    <trkpt lat="60.2619064" lon="16.0152265"></trkpt>
    <trkpt lat="60.2615722" lon="16.0161904"></trkpt>
    <trkpt lat="60.2613117" lon="16.0168721"></trkpt>
    <trkpt lat="60.2612068" lon="16.0170680"></trkpt>
    <trkpt lat="60.2610863" lon="16.0171934"></trkpt>
    <trkpt lat="60.2606451" lon="16.0173697"></trkpt>
    <trkpt lat="60.2602039" lon="16.0175460"></trkpt>
    <trkpt lat="60.2600679" lon="16.0174833"></trkpt>
    <trkpt lat="60.2599490" lon="16.0173675"></trkpt>
    <trkpt lat="60.2598316" lon="16.0177272"></trkpt>
    <trkpt lat="60.2593526" lon="16.0187679"></trkpt>
    <trkpt lat="60.2592490" lon="16.0190289"></trkpt>
    <trkpt lat="60.2589002" lon="16.0198300"></trkpt>
    <trkpt lat="60.2587299" lon="16.0202055"></trkpt>
    <trkpt lat="60.2585672" lon="16.0205775"></trkpt>
    <trkpt lat="60.2583254" lon="16.0211175"></trkpt>
    <trkpt lat="60.2583633" lon="16.0212753"></trkpt>
    <trkpt lat="60.2582694" lon="16.0228423"></trkpt>
    <trkpt lat="60.2581885" lon="16.0239834"></trkpt>
    <trkpt lat="60.2580876" lon="16.0244431"></trkpt>
    <trkpt lat="60.2579279" lon="16.0247220"></trkpt>
    <trkpt lat="60.2577682" lon="16.0248937"></trkpt>
    <trkpt lat="60.2573637" lon="16.0252370"></trkpt>
    <trkpt lat="60.2568847" lon="16.0259236"></trkpt>
    <trkpt lat="60.2566079" lon="16.0261382"></trkpt>
    <trkpt lat="60.2562838" lon="16.0262858"></trkpt>
    <trkpt lat="60.2559748" lon="16.0264741"></trkpt>
    <trkpt lat="60.2553837" lon="16.0270180"></trkpt>
    <trkpt lat="60.2550804" lon="16.0271969"></trkpt>
    <trkpt lat="60.2549343" lon="16.0272127"></trkpt>
    <trkpt lat="60.2547925" lon="16.0271931"></trkpt>
    <trkpt lat="60.2543653" lon="16.0273831"></trkpt>
    <trkpt lat="60.2537478" lon="16.0276406"></trkpt>
    <trkpt lat="60.2530717" lon="16.0277050"></trkpt>
    <trkpt lat="60.2525766" lon="16.0276084"></trkpt>
    <trkpt lat="60.2520869" lon="16.0274260"></trkpt>
    <trkpt lat="60.2512926" lon="16.0270788"></trkpt>
    <trkpt lat="60.2506538" lon="16.0268428"></trkpt>
    <trkpt lat="60.2499936" lon="16.0268428"></trkpt>
    <trkpt lat="60.2492989" lon="16.0270508"></trkpt>
    <trkpt lat="60.2486413" lon="16.0271432"></trkpt>
    <trkpt lat="60.2479918" lon="16.0270359"></trkpt>
    <trkpt lat="60.2472013" lon="16.0268523"></trkpt>
    <trkpt lat="60.2469608" lon="16.0267772"></trkpt>
    <trkpt lat="60.2468863" lon="16.0267847"></trkpt>
    <trkpt lat="60.2468331" lon="16.0267965"></trkpt>
    <trkpt lat="60.2467909" lon="16.0268165"></trkpt>
    <trkpt lat="60.2467573" lon="16.0268523"></trkpt>
    <trkpt lat="60.2467290" lon="16.0268882"></trkpt>
    <trkpt lat="60.2467129" lon="16.0269312"></trkpt>
    <trkpt lat="60.2466980" lon="16.0269891"></trkpt>
    <trkpt lat="60.2466906" lon="16.0270476"></trkpt>
    <trkpt lat="60.2466877" lon="16.0272131"></trkpt>
    <trkpt lat="60.2466840" lon="16.0274206"></trkpt>
    <trkpt lat="60.2466757" lon="16.0287590"></trkpt>
    <trkpt lat="60.2466674" lon="16.0300974"></trkpt>
    <trkpt lat="60.2466712" lon="16.0301685"></trkpt>
    <trkpt lat="60.2466396" lon="16.0310020"></trkpt>
    <trkpt lat="60.2465727" lon="16.0317161"></trkpt>
    <trkpt lat="60.2466309" lon="16.0318050"></trkpt>
    <trkpt lat="60.2467402" lon="16.0320509"></trkpt>
    <trkpt lat="60.2468108" lon="16.0323178"></trkpt>
    <trkpt lat="60.2469252" lon="16.0328570"></trkpt>
    <trkpt lat="60.2473897" lon="16.0338708"></trkpt>
    <trkpt lat="60.2475090" lon="16.0341728"></trkpt>
    <trkpt lat="60.2476480" lon="16.0346653"></trkpt>
    <trkpt lat="60.2477894" lon="16.0353063"></trkpt>
    <trkpt lat="60.2480083" lon="16.0362761"></trkpt>
    <trkpt lat="60.2482272" lon="16.0372460"></trkpt>
    <trkpt lat="60.2485682" lon="16.0383602"></trkpt>
    <trkpt lat="60.2488716" lon="16.0392894"></trkpt>
    <trkpt lat="60.2491751" lon="16.0402185"></trkpt>
    <trkpt lat="60.2494760" lon="16.0411562"></trkpt>
    <trkpt lat="60.2497770" lon="16.0420939"></trkpt>
    <trkpt lat="60.2502705" lon="16.0433870"></trkpt>
    <trkpt lat="60.2507129" lon="16.0445100"></trkpt>
    <trkpt lat="60.2509608" lon="16.0456271"></trkpt>
    <trkpt lat="60.2511608" lon="16.0466045"></trkpt>
    <trkpt lat="60.2514211" lon="16.0479298"></trkpt>
    <trkpt lat="60.2516266" lon="16.0488920"></trkpt>
    <trkpt lat="60.2518321" lon="16.0498542"></trkpt>
    <trkpt lat="60.2520294" lon="16.0508192"></trkpt>
    <trkpt lat="60.2522266" lon="16.0517842"></trkpt>
    <trkpt lat="60.2524787" lon="16.0527505"></trkpt>
    <trkpt lat="60.2526924" lon="16.0533248"></trkpt>
    <trkpt lat="60.2528045" lon="16.0535361"></trkpt>
    <trkpt lat="60.2528958" lon="16.0537419"></trkpt>
    <trkpt lat="60.2529827" lon="16.0540022"></trkpt>
    <trkpt lat="60.2531113" lon="16.0543890"></trkpt>
    <trkpt lat="60.2533053" lon="16.0551765"></trkpt>
    <trkpt lat="60.2533633" lon="16.0554629"></trkpt>
    <trkpt lat="60.2534323" lon="16.0557461"></trkpt>
    <trkpt lat="60.2534677" lon="16.0560799"></trkpt>
    <trkpt lat="60.2535055" lon="16.0563420"></trkpt>
    <trkpt lat="60.2535633" lon="16.0567646"></trkpt>
    <trkpt lat="60.2536465" lon="16.0571581"></trkpt>
    <trkpt lat="60.2537983" lon="16.0576099"></trkpt>
    <trkpt lat="60.2542286" lon="16.0588560"></trkpt>
    <trkpt lat="60.2543262" lon="16.0592786"></trkpt>
    <trkpt lat="60.2543695" lon="16.0598447"></trkpt>
    <trkpt lat="60.2543841" lon="16.0606705"></trkpt>
    <trkpt lat="60.2544672" lon="16.0612753"></trkpt>
    <trkpt lat="60.2546263" lon="16.0619384"></trkpt>
    <trkpt lat="60.2548071" lon="16.0625068"></trkpt>
    <trkpt lat="60.2550240" lon="16.0630897"></trkpt>
    <trkpt lat="60.2552212" lon="16.0638143"></trkpt>
    <trkpt lat="60.2552734" lon="16.0646564"></trkpt>
    <trkpt lat="60.2552156" lon="16.0659900"></trkpt>
    <trkpt lat="60.2550493" lon="16.0665875"></trkpt>
    <trkpt lat="60.2548758" lon="16.0669956"></trkpt>
    <trkpt lat="60.2548269" lon="16.0673753"></trkpt>
    <trkpt lat="60.2548694" lon="16.0677841"></trkpt>
    <trkpt lat="60.2550312" lon="16.0685404"></trkpt>
    <trkpt lat="60.2552590" lon="16.0691452"></trkpt>
    <trkpt lat="60.2554873" lon="16.0699548"></trkpt>
    <trkpt lat="60.2557155" lon="16.0707643"></trkpt>
    <trkpt lat="60.2559100" lon="16.0715212"></trkpt>
    <trkpt lat="60.2560598" lon="16.0721923"></trkpt>
    <trkpt lat="60.2561823" lon="16.0728146"></trkpt>
    <trkpt lat="60.2562786" lon="16.0736198"></trkpt>
    <trkpt lat="60.2563494" lon="16.0741567"></trkpt>
    <trkpt lat="60.2565125" lon="16.0747071"></trkpt>
    <trkpt lat="60.2566710" lon="16.0751090"></trkpt>
    <trkpt lat="60.2569666" lon="16.0754469"></trkpt>
    <trkpt lat="60.2571891" lon="16.0756743"></trkpt>
    <trkpt lat="60.2574839" lon="16.0764229"></trkpt>
    <trkpt lat="60.2577242" lon="16.0770206"></trkpt>
    <trkpt lat="60.2578290" lon="16.0774689"></trkpt>
    <trkpt lat="60.2579159" lon="16.0778811"></trkpt>
    <trkpt lat="60.2579594" lon="16.0783809"></trkpt>
    <trkpt lat="60.2579798" lon="16.0788035"></trkpt>
    <trkpt lat="60.2579441" lon="16.0799061"></trkpt>
    <trkpt lat="60.2579977" lon="16.0803441"></trkpt>
    <trkpt lat="60.2580770" lon="16.0806790"></trkpt>
    <trkpt lat="60.2582431" lon="16.0810088"></trkpt>
    <trkpt lat="60.2584494" lon="16.0813714"></trkpt>
    <trkpt lat="60.2584988" lon="16.0815807"></trkpt>
    <trkpt lat="60.2585371" lon="16.0818332"></trkpt>
    <trkpt lat="60.2585269" lon="16.0820857"></trkpt>
    <trkpt lat="60.2584680" lon="16.0823752"></trkpt>
    <trkpt lat="60.2584031" lon="16.0829303"></trkpt>
    <trkpt lat="60.2586086" lon="16.0844922"></trkpt>
    <trkpt lat="60.2587133" lon="16.0848487"></trkpt>
    <trkpt lat="60.2590508" lon="16.0853888"></trkpt>
    <trkpt lat="60.2592195" lon="16.0857392"></trkpt>
    <trkpt lat="60.2593588" lon="16.0860582"></trkpt>
    <trkpt lat="60.2595109" lon="16.0866718"></trkpt>
    <trkpt lat="60.2595978" lon="16.0871098"></trkpt>
    <trkpt lat="60.2597236" lon="16.0876283"></trkpt>
    <trkpt lat="60.2597786" lon="16.0878401"></trkpt>
    <trkpt lat="60.2599013" lon="16.0880481"></trkpt>
    <trkpt lat="60.2600547" lon="16.0882601"></trkpt>
    <trkpt lat="60.2602836" lon="16.0884405"></trkpt>
    <trkpt lat="60.2603837" lon="16.0885164"></trkpt>
    <trkpt lat="60.2605380" lon="16.0886970"></trkpt>
    <trkpt lat="60.2606268" lon="16.0888113"></trkpt>
    <trkpt lat="60.2611301" lon="16.0897026"></trkpt>
    <trkpt lat="60.2613842" lon="16.0902111"></trkpt>
    <trkpt lat="60.2616045" lon="16.0907347"></trkpt>
    <trkpt lat="60.2618770" lon="16.0913749"></trkpt>
    <trkpt lat="60.2619651" lon="16.0914352"></trkpt>
    <trkpt lat="60.2621661" lon="16.0914457"></trkpt>
    <trkpt lat="60.2626039" lon="16.0914762"></trkpt>
    <trkpt lat="60.2630279" lon="16.0916221"></trkpt>
    <trkpt lat="60.2631333" lon="16.0918026"></trkpt>
    <trkpt lat="60.2631921" lon="16.0921092"></trkpt>
    <trkpt lat="60.2632145" lon="16.0924007"></trkpt>
    <trkpt lat="60.2632033" lon="16.0927317"></trkpt>
    <trkpt lat="60.2631903" lon="16.0930083"></trkpt>
    <trkpt lat="60.2631344" lon="16.0935691"></trkpt>
    <trkpt lat="60.2631318" lon="16.0939492"></trkpt>
    <trkpt lat="60.2631798" lon="16.0943967"></trkpt>
    <trkpt lat="60.2632789" lon="16.0947596"></trkpt>
    <trkpt lat="60.2633944" lon="16.0952057"></trkpt>
    <trkpt lat="60.2635007" lon="16.0956680"></trkpt>
    <trkpt lat="60.2635745" lon="16.0961446"></trkpt>
    <trkpt lat="60.2636279" lon="16.0964941"></trkpt>
    <trkpt lat="60.2637493" lon="16.0968847"></trkpt>
    <trkpt lat="60.2641413" lon="16.0980183"></trkpt>
    <trkpt lat="60.2644736" lon="16.0988790"></trkpt>
    <trkpt lat="60.2645444" lon="16.0992490"></trkpt>
    <trkpt lat="60.2647598" lon="16.1004025"></trkpt>
    <trkpt lat="60.2647968" lon="16.1006935"></trkpt>
    <trkpt lat="60.2647694" lon="16.1009196"></trkpt>
    <trkpt lat="60.2646873" lon="16.1010992"></trkpt>
    <trkpt lat="60.2645478" lon="16.1013568"></trkpt>
    <trkpt lat="60.2643428" lon="16.1016952"></trkpt>
    <trkpt lat="60.2640744" lon="16.1024594"></trkpt>
    <trkpt lat="60.2640039" lon="16.1027786"></trkpt>
    <trkpt lat="60.2639893" lon="16.1029637"></trkpt>
    <trkpt lat="60.2640026" lon="16.1030790"></trkpt>
    <trkpt lat="60.2640544" lon="16.1032104"></trkpt>
    <trkpt lat="60.2641582" lon="16.1033714"></trkpt>
    <trkpt lat="60.2642429" lon="16.1036204"></trkpt>
    <trkpt lat="60.2642953" lon="16.1038754"></trkpt>
    <trkpt lat="60.2643050" lon="16.1041675"></trkpt>
    <trkpt lat="60.2643326" lon="16.1044624"></trkpt>
    <trkpt lat="60.2643352" lon="16.1046674"></trkpt>
    <trkpt lat="60.2649532" lon="16.1040692"></trkpt>
    <trkpt lat="60.2654113" lon="16.1036165"></trkpt>
    <trkpt lat="60.2655871" lon="16.1048034"></trkpt>
    <trkpt lat="60.2655626" lon="16.1050907"></trkpt>
    <trkpt lat="60.2656105" lon="16.1052302"></trkpt>
    <trkpt lat="60.2656823" lon="16.1052892"></trkpt>
    <trkpt lat="60.2657435" lon="16.1054501"></trkpt>
    <trkpt lat="60.2657756" lon="16.1072509"></trkpt>
    <trkpt lat="60.2658076" lon="16.1090517"></trkpt>
    <trkpt lat="60.2658397" lon="16.1108524"></trkpt>
    <trkpt lat="60.2658717" lon="16.1126532"></trkpt>
    <trkpt lat="60.2659038" lon="16.1144540"></trkpt>
    <trkpt lat="60.2662591" lon="16.1160472"></trkpt>
    <trkpt lat="60.2663098" lon="16.1165242"></trkpt>
    <trkpt lat="60.2663663" lon="16.1175006"></trkpt>
    <trkpt lat="60.2665868" lon="16.1177651"></trkpt>
    <trkpt lat="60.2672307" lon="16.1179694"></trkpt>
    <trkpt lat="60.2674513" lon="16.1182098"></trkpt>
    <trkpt lat="60.2678388" lon="16.1192075"></trkpt>
    <trkpt lat="60.2681845" lon="16.1205178"></trkpt>
    <trkpt lat="60.2683634" lon="16.1218160"></trkpt>
    <trkpt lat="60.2686885" lon="16.1227225"></trkpt>
    <trkpt lat="60.2690034" lon="16.1231881"></trkpt>
    <trkpt lat="60.2692237" lon="16.1236960"></trkpt>
    <trkpt lat="60.2696226" lon="16.1240769"></trkpt>
    <trkpt lat="60.2698954" lon="16.1245213"></trkpt>
    <trkpt lat="60.2701998" lon="16.1247541"></trkpt>
    <trkpt lat="60.2704936" lon="16.1251562"></trkpt>
    <trkpt lat="60.2707035" lon="16.1256641"></trkpt>
    <trkpt lat="60.2710393" lon="16.1260450"></trkpt>
    <trkpt lat="60.2716470" lon="16.1273127"></trkpt>
    <trkpt lat="60.2722547" lon="16.1285803"></trkpt>
    <trkpt lat="60.2728624" lon="16.1298480"></trkpt>
    <trkpt lat="60.2734701" lon="16.1311157"></trkpt>
    <trkpt lat="60.2740778" lon="16.1323833"></trkpt>
    <trkpt lat="60.2746855" lon="16.1336510"></trkpt>
    <trkpt lat="60.2752932" lon="16.1349187"></trkpt>
    <trkpt lat="60.2759009" lon="16.1361863"></trkpt>
    <trkpt lat="60.2765086" lon="16.1374540"></trkpt>
    <trkpt lat="60.2771163" lon="16.1387216"></trkpt>
    <trkpt lat="60.2777240" lon="16.1399893"></trkpt>
    <trkpt lat="60.2783317" lon="16.1412570"></trkpt>
    <trkpt lat="60.2789394" lon="16.1425246"></trkpt>
    <trkpt lat="60.2795471" lon="16.1437923"></trkpt>
    <trkpt lat="60.2798171" lon="16.1449390"></trkpt>
    <trkpt lat="60.2800870" lon="16.1460856"></trkpt>
    <trkpt lat="60.2800963" lon="16.1464289"></trkpt>
    <trkpt lat="60.2800657" lon="16.1468902"></trkpt>
    <trkpt lat="60.2800311" lon="16.1482581"></trkpt>
    <trkpt lat="60.2800537" lon="16.1498246"></trkpt>
    <trkpt lat="60.2800112" lon="16.1507365"></trkpt>
    <trkpt lat="60.2798676" lon="16.1514232"></trkpt>
    <trkpt lat="60.2795656" lon="16.1524019"></trkpt>
    <trkpt lat="60.2795125" lon="16.1530671"></trkpt>
    <trkpt lat="60.2797039" lon="16.1536679"></trkpt>
    <trkpt lat="60.2801082" lon="16.1541400"></trkpt>
    <trkpt lat="60.2804433" lon="16.1549983"></trkpt>
    <trkpt lat="60.2807784" lon="16.1558566"></trkpt>
    <trkpt lat="60.2807252" lon="16.1568543"></trkpt>
    <trkpt lat="60.2806720" lon="16.1578521"></trkpt>
    <trkpt lat="60.2805671" lon="16.1582020"></trkpt>
    <trkpt lat="60.2804754" lon="16.1588564"></trkpt>
    <trkpt lat="60.2802956" lon="16.1599875"></trkpt>
    <trkpt lat="60.2801686" lon="16.1612679"></trkpt>
    <trkpt lat="60.2800593" lon="16.1623208"></trkpt>
    <trkpt lat="60.2798159" lon="16.1633024"></trkpt>
    <trkpt lat="60.2796325" lon="16.1639569"></trkpt>
    <trkpt lat="60.2795409" lon="16.1643553"></trkpt>
    <trkpt lat="60.2795585" lon="16.1652445"></trkpt>
    <trkpt lat="60.2795479" lon="16.1655148"></trkpt>
    <trkpt lat="60.2795162" lon="16.1656499"></trkpt>
    <trkpt lat="60.2794068" lon="16.1659629"></trkpt>
    <trkpt lat="60.2792517" lon="16.1663044"></trkpt>
    <trkpt lat="60.2789378" lon="16.1669375"></trkpt>
    <trkpt lat="60.2785957" lon="16.1678907"></trkpt>
    <trkpt lat="60.2781795" lon="16.1692992"></trkpt>
    <trkpt lat="60.2778445" lon="16.1699892"></trkpt>
    <trkpt lat="60.2776575" lon="16.1705157"></trkpt>
    <trkpt lat="60.2776611" lon="16.1709354"></trkpt>
    <trkpt lat="60.2776963" lon="16.1711772"></trkpt>
    <trkpt lat="60.2778374" lon="16.1715827"></trkpt>
    <trkpt lat="60.2779961" lon="16.1722443"></trkpt>
    <trkpt lat="60.2781689" lon="16.1726640"></trkpt>
    <trkpt lat="60.2782977" lon="16.1728112"></trkpt>
    <trkpt lat="60.2782567" lon="16.1745009"></trkpt>
    <trkpt lat="60.2783338" lon="16.1755765"></trkpt>
    <trkpt lat="60.2784110" lon="16.1766520"></trkpt>
    <trkpt lat="60.2786251" lon="16.1776095"></trkpt>
    <trkpt lat="60.2788392" lon="16.1785671"></trkpt>
    <trkpt lat="60.2788962" lon="16.1800815"></trkpt>
    <trkpt lat="60.2789532" lon="16.1815959"></trkpt>
    <trkpt lat="60.2790102" lon="16.1831103"></trkpt>
    <trkpt lat="60.2794806" lon="16.1841941"></trkpt>
    <trkpt lat="60.2799509" lon="16.1852780"></trkpt>
    <trkpt lat="60.2793764" lon="16.1861953"></trkpt>
    <trkpt lat="60.2791397" lon="16.1867908"></trkpt>
    <trkpt lat="60.2789349" lon="16.1876062"></trkpt>
    <trkpt lat="60.2794225" lon="16.1888937"></trkpt>
    <trkpt lat="60.2799100" lon="16.1901811"></trkpt>
    <trkpt lat="60.2803976" lon="16.1914685"></trkpt>
    <trkpt lat="60.2808852" lon="16.1927560"></trkpt>
    <trkpt lat="60.2813727" lon="16.1940434"></trkpt>
    <trkpt lat="60.2818603" lon="16.1953309"></trkpt>
    <trkpt lat="60.2824214" lon="16.1955991"></trkpt>
    <trkpt lat="60.2829825" lon="16.1958674"></trkpt>
    <trkpt lat="60.2832863" lon="16.1956417"></trkpt>
    <trkpt lat="60.2838042" lon="16.1954060"></trkpt>
    <trkpt lat="60.2842164" lon="16.1956796"></trkpt>
    <trkpt lat="60.2844158" lon="16.1960444"></trkpt>
    <trkpt lat="60.2847642" lon="16.1967686"></trkpt>
    <trkpt lat="60.2849875" lon="16.1969885"></trkpt>
    <trkpt lat="60.2855610" lon="16.1980637"></trkpt>
    <trkpt lat="60.2861345" lon="16.1991390"></trkpt>
    <trkpt lat="60.2867080" lon="16.2002143"></trkpt>
    <trkpt lat="60.2872815" lon="16.2012895"></trkpt>
    <trkpt lat="60.2875630" lon="16.2013998"></trkpt>
    <trkpt lat="60.2876269" lon="16.2014095"></trkpt>
    <trkpt lat="60.2877203" lon="16.2014236"></trkpt>
    <trkpt lat="60.2881873" lon="16.2014695"></trkpt>
    <trkpt lat="60.2888712" lon="16.2012628"></trkpt>
    <trkpt lat="60.2894852" lon="16.2010012"></trkpt>
    <trkpt lat="60.2900991" lon="16.2007397"></trkpt>
    <trkpt lat="60.2908584" lon="16.2003835"></trkpt>
    <trkpt lat="60.2917369" lon="16.2002122"></trkpt>
    <trkpt lat="60.2924068" lon="16.2004482"></trkpt>
    <trkpt lat="60.2930767" lon="16.2010490"></trkpt>
    <trkpt lat="60.2936191" lon="16.2018000"></trkpt>
    <trkpt lat="60.2939912" lon="16.2026583"></trkpt>
    <trkpt lat="60.2944591" lon="16.2039458"></trkpt>
    <trkpt lat="60.2949163" lon="16.2049543"></trkpt>
    <trkpt lat="60.2952566" lon="16.2055551"></trkpt>
    <trkpt lat="60.2956181" lon="16.2060487"></trkpt>
    <trkpt lat="60.2963517" lon="16.2066495"></trkpt>
    <trkpt lat="60.2969472" lon="16.2071430"></trkpt>
    <trkpt lat="60.2975426" lon="16.2076365"></trkpt>
    <trkpt lat="60.2983241" lon="16.2080871"></trkpt>
    <trkpt lat="60.2991055" lon="16.2085377"></trkpt>
    <trkpt lat="60.2998603" lon="16.2089884"></trkpt>
    <trkpt lat="60.3002749" lon="16.2093317"></trkpt>
    <trkpt lat="60.3007108" lon="16.2099325"></trkpt>
    <trkpt lat="60.3011679" lon="16.2104904"></trkpt>
    <trkpt lat="60.3016060" lon="16.2109237"></trkpt>
    <trkpt lat="60.3020441" lon="16.2113571"></trkpt>
    <trkpt lat="60.3024587" lon="16.2115341"></trkpt>
    <trkpt lat="60.3027697" lon="16.2116843"></trkpt>
    <trkpt lat="60.3034793" lon="16.2116092"></trkpt>
    <trkpt lat="60.3041870" lon="16.2111985"></trkpt>
    <trkpt lat="60.3047610" lon="16.2107264"></trkpt>
    <trkpt lat="60.3053138" lon="16.2099969"></trkpt>
    <trkpt lat="60.3058453" lon="16.2088167"></trkpt>
    <trkpt lat="60.3059933" lon="16.2085527"></trkpt>
    <trkpt lat="60.3059888" lon="16.2085189"></trkpt>
    <trkpt lat="60.3059933" lon="16.2085527"></trkpt>
    <trkpt lat="60.3060519" lon="16.2088430"></trkpt>
    <trkpt lat="60.3060987" lon="16.2091445"></trkpt>
    <trkpt lat="60.3063105" lon="16.2090192"></trkpt>
    <trkpt lat="60.3068182" lon="16.2087839"></trkpt>
    <trkpt lat="60.3069929" lon="16.2087493"></trkpt>
    <trkpt lat="60.3071540" lon="16.2087514"></trkpt>
    <trkpt lat="60.3073198" lon="16.2088124"></trkpt>
    <trkpt lat="60.3076715" lon="16.2091274"></trkpt>
    <trkpt lat="60.3077475" lon="16.2091941"></trkpt>
    <trkpt lat="60.3079657" lon="16.2093803"></trkpt>
    <trkpt lat="60.3080904" lon="16.2094354"></trkpt>
    <trkpt lat="60.3082068" lon="16.2094648"></trkpt>
    <trkpt lat="60.3083477" lon="16.2094765"></trkpt>
    <trkpt lat="60.3084739" lon="16.2094627"></trkpt>
    <trkpt lat="60.3085986" lon="16.2094396"></trkpt>
    <trkpt lat="60.3087421" lon="16.2093665"></trkpt>
    <trkpt lat="60.3089166" lon="16.2092529"></trkpt>
    <trkpt lat="60.3090195" lon="16.2091774"></trkpt>
    <trkpt lat="60.3091917" lon="16.2090381"></trkpt>
    <trkpt lat="60.3096241" lon="16.2087034"></trkpt>
    <trkpt lat="60.3098985" lon="16.2084884"></trkpt>
    <trkpt lat="60.3100842" lon="16.2083156"></trkpt>
    <trkpt lat="60.3101248" lon="16.2082845"></trkpt>
    <trkpt lat="60.3101785" lon="16.2082433"></trkpt>
    <trkpt lat="60.3102696" lon="16.2081795"></trkpt>
    <trkpt lat="60.3103014" lon="16.2081572"></trkpt>
    <trkpt lat="60.3104675" lon="16.2080585"></trkpt>
    <trkpt lat="60.3108706" lon="16.2078627"></trkpt>
    <trkpt lat="60.3109882" lon="16.2077990"></trkpt>
    <trkpt lat="60.3110667" lon="16.2077505"></trkpt>
    <trkpt lat="60.3112276" lon="16.2076586"></trkpt>
    <trkpt lat="60.3115897" lon="16.2073583"></trkpt>
    <trkpt lat="60.3117739" lon="16.2071921"></trkpt>
    <trkpt lat="60.3122437" lon="16.2068116"></trkpt>
    <trkpt lat="60.3123386" lon="16.2067309"></trkpt>
    <trkpt lat="60.3126588" lon="16.2064691"></trkpt>
    <trkpt lat="60.3127929" lon="16.2063862"></trkpt>
    <trkpt lat="60.3128937" lon="16.2063314"></trkpt>
    <trkpt lat="60.3130675" lon="16.2062416"></trkpt>
    <trkpt lat="60.3132265" lon="16.2062242"></trkpt>
    <trkpt lat="60.3136214" lon="16.2062282"></trkpt>
    <trkpt lat="60.3136331" lon="16.2058594"></trkpt>
    <trkpt lat="60.3139059" lon="16.2050003"></trkpt>
    <trkpt lat="60.3145566" lon="16.2049493"></trkpt>
    <trkpt lat="60.3147736" lon="16.2044265"></trkpt>
    <trkpt lat="60.3150606" lon="16.2039329"></trkpt>
    <trkpt lat="60.3151774" lon="16.2036540"></trkpt>
    <trkpt lat="60.3155175" lon="16.2034394"></trkpt>
    <trkpt lat="60.3156911" lon="16.2033419"></trkpt>
    <trkpt lat="60.3158580" lon="16.2032051"></trkpt>
    <trkpt lat="60.3159801" lon="16.2030128"></trkpt>
    <trkpt lat="60.3161318" lon="16.2026216"></trkpt>
    <trkpt lat="60.3160666" lon="16.2024089"></trkpt>
    <trkpt lat="60.3162548" lon="16.2019646"></trkpt>
    <trkpt lat="60.3164915" lon="16.2011996"></trkpt>
    <trkpt lat="60.3166191" lon="16.2003796"></trkpt>
    <trkpt lat="60.3166417" lon="16.1993969"></trkpt>
    <trkpt lat="60.3164860" lon="16.1982757"></trkpt>
    <trkpt lat="60.3167881" lon="16.1978966"></trkpt>
    <trkpt lat="60.3168899" lon="16.1978983"></trkpt>
    <trkpt lat="60.3168704" lon="16.1974417"></trkpt>
    <trkpt lat="60.3169076" lon="16.1967336"></trkpt>
    <trkpt lat="60.3171055" lon="16.1959968"></trkpt>
    <trkpt lat="60.3169097" lon="16.1957358"></trkpt>
    <trkpt lat="60.3172320" lon="16.1954249"></trkpt>
    <trkpt lat="60.3176698" lon="16.1948883"></trkpt>
    <trkpt lat="60.3178271" lon="16.1946954"></trkpt>
    <trkpt lat="60.3182255" lon="16.1942984"></trkpt>
    <trkpt lat="60.3182930" lon="16.1942213"></trkpt>
    <trkpt lat="60.3183175" lon="16.1941287"></trkpt>
    <trkpt lat="60.3188944" lon="16.1934847"></trkpt>
    <trkpt lat="60.3194712" lon="16.1928406"></trkpt>
    <trkpt lat="60.3198693" lon="16.1924796"></trkpt>
    <trkpt lat="60.3201500" lon="16.1920616"></trkpt>
    <trkpt lat="60.3207446" lon="16.1916184"></trkpt>
    <trkpt lat="60.3210237" lon="16.1915859"></trkpt>
    <trkpt lat="60.3211467" lon="16.1915483"></trkpt>
    <trkpt lat="60.3218696" lon="16.1910681"></trkpt>
    <trkpt lat="60.3223196" lon="16.1906345"></trkpt>
    <trkpt lat="60.3227589" lon="16.1900802"></trkpt>
    <trkpt lat="60.3230195" lon="16.1900337"></trkpt>
    <trkpt lat="60.3232331" lon="16.1897997"></trkpt>
    <trkpt lat="60.3234913" lon="16.1896333"></trkpt>
    <trkpt lat="60.3238830" lon="16.1891291"></trkpt>
    <trkpt lat="60.3245225" lon="16.1887338"></trkpt>
    <trkpt lat="60.3247160" lon="16.1885203"></trkpt>
    <trkpt lat="60.3249026" lon="16.1881407"></trkpt>
    <trkpt lat="60.3249889" lon="16.1878548"></trkpt>
    <trkpt lat="60.3251427" lon="16.1875810"></trkpt>
    <trkpt lat="60.3252915" lon="16.1875126"></trkpt>
    <trkpt lat="60.3253560" lon="16.1871900"></trkpt>
    <trkpt lat="60.3256066" lon="16.1866288"></trkpt>
    <trkpt lat="60.3255738" lon="16.1864497"></trkpt>
    <trkpt lat="60.3257073" lon="16.1856846"></trkpt>
    <trkpt lat="60.3258664" lon="16.1851155"></trkpt>
    <trkpt lat="60.3258181" lon="16.1845722"></trkpt>
    <trkpt lat="60.3255738" lon="16.1843683"></trkpt>
    <trkpt lat="60.3254781" lon="16.1842181"></trkpt>
    <trkpt lat="60.3254414" lon="16.1839197"></trkpt>
    <trkpt lat="60.3253934" lon="16.1834710"></trkpt>
    <trkpt lat="60.3252214" lon="16.1831910"></trkpt>
    <trkpt lat="60.3251638" lon="16.1828410"></trkpt>
    <trkpt lat="60.3253279" lon="16.1826108"></trkpt>
    <trkpt lat="60.3259489" lon="16.1821091"></trkpt>
    <trkpt lat="60.3265700" lon="16.1816074"></trkpt>
    <trkpt lat="60.3269715" lon="16.1811565"></trkpt>
    <trkpt lat="60.3275563" lon="16.1813444"></trkpt>
    <trkpt lat="60.3281411" lon="16.1815323"></trkpt>
    <trkpt lat="60.3286266" lon="16.1812244"></trkpt>
    <trkpt lat="60.3288940" lon="16.1809092"></trkpt>
    <trkpt lat="60.3291707" lon="16.1808180"></trkpt>
    <trkpt lat="60.3294370" lon="16.1798583"></trkpt>
    <trkpt lat="60.3295556" lon="16.1796158"></trkpt>
    <trkpt lat="60.3294826" lon="16.1795381"></trkpt>
    <trkpt lat="60.3293784" lon="16.1796137"></trkpt>
    <trkpt lat="60.3293768" lon="16.1797620"></trkpt>
    <trkpt lat="60.3294370" lon="16.1798583"></trkpt>
    <trkpt lat="60.3295328" lon="16.1798173"></trkpt>
    <trkpt lat="60.3295556" lon="16.1796158"></trkpt>
    <trkpt lat="60.3303505" lon="16.1789034"></trkpt>
    <trkpt lat="60.3303763" lon="16.1786668"></trkpt>
    <trkpt lat="60.3306140" lon="16.1780705"></trkpt>
    <trkpt lat="60.3309911" lon="16.1776413"></trkpt>
    <trkpt lat="60.3311557" lon="16.1773946"></trkpt>
    <trkpt lat="60.3317486" lon="16.1773999"></trkpt>
    <trkpt lat="60.3319310" lon="16.1772122"></trkpt>
    <trkpt lat="60.3322850" lon="16.1773141"></trkpt>
    <trkpt lat="60.3324833" lon="16.1770942"></trkpt>
    <trkpt lat="60.3327648" lon="16.1772015"></trkpt>
    <trkpt lat="60.3330709" lon="16.1773678"></trkpt>
    <trkpt lat="60.3332674" lon="16.1772176"></trkpt>
    <trkpt lat="60.3334604" lon="16.1768367"></trkpt>
    <trkpt lat="60.3336675" lon="16.1764290"></trkpt>
    <trkpt lat="60.3342369" lon="16.1757968"></trkpt>
    <trkpt lat="60.3348063" lon="16.1751647"></trkpt>
    <trkpt lat="60.3349887" lon="16.1750804"></trkpt>
    <trkpt lat="60.3350468" lon="16.1750573"></trkpt>
    <trkpt lat="60.3353551" lon="16.1759222"></trkpt>
    <trkpt lat="60.3356605" lon="16.1769925"></trkpt>
    <trkpt lat="60.3359659" lon="16.1780627"></trkpt>
    <trkpt lat="60.3362713" lon="16.1791330"></trkpt>
    <trkpt lat="60.3364826" lon="16.1795671"></trkpt>
    <trkpt lat="60.3367800" lon="16.1799962"></trkpt>
    <trkpt lat="60.3371092" lon="16.1801035"></trkpt>
    <trkpt lat="60.3377676" lon="16.1802322"></trkpt>
    <trkpt lat="60.3384259" lon="16.1803610"></trkpt>
    <trkpt lat="60.3390843" lon="16.1804897"></trkpt>
    <trkpt lat="60.3395091" lon="16.1808545"></trkpt>
    <trkpt lat="60.3399258" lon="16.1817032"></trkpt>
    <trkpt lat="60.3402435" lon="16.1829724"></trkpt>
    <trkpt lat="60.3405611" lon="16.1842416"></trkpt>
    <trkpt lat="60.3408788" lon="16.1855108"></trkpt>
    <trkpt lat="60.3411617" lon="16.1862688"></trkpt>
    <trkpt lat="60.3414447" lon="16.1870268"></trkpt>
    <trkpt lat="60.3414732" lon="16.1879198"></trkpt>
    <trkpt lat="60.3413519" lon="16.1887070"></trkpt>
    <trkpt lat="60.3416025" lon="16.1884267"></trkpt>
    <trkpt lat="60.3419035" lon="16.1879767"></trkpt>
    <trkpt lat="60.3422646" lon="16.1876847"></trkpt>
    <trkpt lat="60.3426377" lon="16.1877212"></trkpt>
    <trkpt lat="60.3430229" lon="16.1877699"></trkpt>
    <trkpt lat="60.3433599" lon="16.1875996"></trkpt>
    <trkpt lat="60.3438354" lon="16.1872104"></trkpt>
    <trkpt lat="60.3440701" lon="16.1868941"></trkpt>
    <trkpt lat="60.3443048" lon="16.1861765"></trkpt>
    <trkpt lat="60.3445576" lon="16.1858481"></trkpt>
    <trkpt lat="60.3452376" lon="16.1853737"></trkpt>
    <trkpt lat="60.3455783" lon="16.1850902"></trkpt>
    <trkpt lat="60.3456468" lon="16.1850332"></trkpt>
    <trkpt lat="60.3460260" lon="16.1853494"></trkpt>
    <trkpt lat="60.3463088" lon="16.1854954"></trkpt>
    <trkpt lat="60.3466217" lon="16.1856900"></trkpt>
    <trkpt lat="60.3468023" lon="16.1861643"></trkpt>
    <trkpt lat="60.3469888" lon="16.1864441"></trkpt>
    <trkpt lat="60.3472656" lon="16.1865292"></trkpt>
    <trkpt lat="60.3476146" lon="16.1864927"></trkpt>
    <trkpt lat="60.3478012" lon="16.1865657"></trkpt>
    <trkpt lat="60.3480118" lon="16.1867968"></trkpt>
    <trkpt lat="60.3482224" lon="16.1868698"></trkpt>
    <trkpt lat="60.3486617" lon="16.1869550"></trkpt>
    <trkpt lat="60.3493176" lon="16.1873928"></trkpt>
    <trkpt lat="60.3494861" lon="16.1877212"></trkpt>
    <trkpt lat="60.3497809" lon="16.1877699"></trkpt>
    <trkpt lat="60.3500577" lon="16.1875509"></trkpt>
    <trkpt lat="60.3504067" lon="16.1873685"></trkpt>
    <trkpt lat="60.3507376" lon="16.1871617"></trkpt>
    <trkpt lat="60.3510324" lon="16.1867360"></trkpt>
    <trkpt lat="60.3513092" lon="16.1867968"></trkpt>
    <trkpt lat="60.3516281" lon="16.1863225"></trkpt>
    <trkpt lat="60.3518929" lon="16.1856170"></trkpt>
    <trkpt lat="60.3519530" lon="16.1849115"></trkpt>
    <trkpt lat="60.3520914" lon="16.1845588"></trkpt>
    <trkpt lat="60.3523742" lon="16.1842061"></trkpt>
    <trkpt lat="60.3527232" lon="16.1839385"></trkpt>
    <trkpt lat="60.3528796" lon="16.1834884"></trkpt>
    <trkpt lat="60.3530180" lon="16.1828924"></trkpt>
    <trkpt lat="60.3531925" lon="16.1819802"></trkpt>
    <trkpt lat="60.3531323" lon="16.1813477"></trkpt>
    <trkpt lat="60.3531022" lon="16.1809463"></trkpt>
    <trkpt lat="60.3531804" lon="16.1799490"></trkpt>
    <trkpt lat="60.3531263" lon="16.1793895"></trkpt>
    <trkpt lat="60.3531022" lon="16.1788664"></trkpt>
    <trkpt lat="60.3531263" lon="16.1785137"></trkpt>
    <trkpt lat="60.3533730" lon="16.1780150"></trkpt>
    <trkpt lat="60.3536136" lon="16.1775163"></trkpt>
    <trkpt lat="60.3541019" lon="16.1769528"></trkpt>
    <trkpt lat="60.3540889" lon="16.1766892"></trkpt>
    <trkpt lat="60.3541009" lon="16.1762392"></trkpt>
    <trkpt lat="60.3541852" lon="16.1753391"></trkpt>
    <trkpt lat="60.3542935" lon="16.1746093"></trkpt>
    <trkpt lat="60.3543596" lon="16.1737579"></trkpt>
    <trkpt lat="60.3544980" lon="16.1734417"></trkpt>
    <trkpt lat="60.3547327" lon="16.1728943"></trkpt>
    <trkpt lat="60.3549793" lon="16.1726511"></trkpt>
    <trkpt lat="60.3552380" lon="16.1721402"></trkpt>
    <trkpt lat="60.3553162" lon="16.1716537"></trkpt>
    <trkpt lat="60.3554546" lon="16.1712645"></trkpt>
    <trkpt lat="60.3555629" lon="16.1706441"></trkpt>
    <trkpt lat="60.3556712" lon="16.1696103"></trkpt>
    <trkpt lat="60.3556231" lon="16.1692940"></trkpt>
    <trkpt lat="60.3555087" lon="16.1690629"></trkpt>
    <trkpt lat="60.3553583" lon="16.1684426"></trkpt>
    <trkpt lat="60.3554366" lon="16.1675060"></trkpt>
    <trkpt lat="60.3555208" lon="16.1664357"></trkpt>
    <trkpt lat="60.3555328" lon="16.1654991"></trkpt>
    <trkpt lat="60.3556471" lon="16.1645382"></trkpt>
    <trkpt lat="60.3556652" lon="16.1638814"></trkpt>
    <trkpt lat="60.3556050" lon="16.1625799"></trkpt>
    <trkpt lat="60.3557253" lon="16.1618866"></trkpt>
    <trkpt lat="60.3555990" lon="16.1610960"></trkpt>
    <trkpt lat="60.3555341" lon="16.1593161"></trkpt>
    <trkpt lat="60.3553343" lon="16.1587121"></trkpt>
    <trkpt lat="60.3550635" lon="16.1577147"></trkpt>
    <trkpt lat="60.3549553" lon="16.1571795"></trkpt>
    <trkpt lat="60.3547447" lon="16.1566443"></trkpt>
    <trkpt lat="60.3544258" lon="16.1562551"></trkpt>
    <trkpt lat="60.3543356" lon="16.1555861"></trkpt>
    <trkpt lat="60.3542935" lon="16.1547833"></trkpt>
    <trkpt lat="60.3544499" lon="16.1541144"></trkpt>
    <trkpt lat="60.3549853" lon="16.1531048"></trkpt>
    <trkpt lat="60.3553583" lon="16.1522169"></trkpt>
    <trkpt lat="60.3557193" lon="16.1512560"></trkpt>
    <trkpt lat="60.3561164" lon="16.1505749"></trkpt>
    <trkpt lat="60.3568202" lon="16.1498694"></trkpt>
    <trkpt lat="60.3572594" lon="16.1493707"></trkpt>
    <trkpt lat="60.3577286" lon="16.1485923"></trkpt>
    <trkpt lat="60.3580945" lon="16.1477735"></trkpt>
    <trkpt lat="60.3583001" lon="16.1473638"></trkpt>
    <trkpt lat="60.3590400" lon="16.1464881"></trkpt>
    <trkpt lat="60.3595513" lon="16.1458191"></trkpt>
    <trkpt lat="60.3598822" lon="16.1453934"></trkpt>
    <trkpt lat="60.3600446" lon="16.1448704"></trkpt>
    <trkpt lat="60.3601769" lon="16.1440554"></trkpt>
    <trkpt lat="60.3603333" lon="16.1432040"></trkpt>
    <trkpt lat="60.3606040" lon="16.1422553"></trkpt>
    <trkpt lat="60.3608867" lon="16.1414282"></trkpt>
    <trkpt lat="60.3609950" lon="16.1409416"></trkpt>
    <trkpt lat="60.3612476" lon="16.1403457"></trkpt>
    <trkpt lat="60.3616205" lon="16.1396888"></trkpt>
    <trkpt lat="60.3619935" lon="16.1391658"></trkpt>
    <trkpt lat="60.3623604" lon="16.1387158"></trkpt>
    <trkpt lat="60.3627754" lon="16.1385577"></trkpt>
    <trkpt lat="60.3631182" lon="16.1385820"></trkpt>
    <trkpt lat="60.3634430" lon="16.1386550"></trkpt>
    <trkpt lat="60.3636836" lon="16.1387888"></trkpt>
    <trkpt lat="60.3640806" lon="16.1394334"></trkpt>
    <trkpt lat="60.3645076" lon="16.1405403"></trkpt>
    <trkpt lat="60.3650128" lon="16.1414890"></trkpt>
    <trkpt lat="60.3653616" lon="16.1425107"></trkpt>
    <trkpt lat="60.3657646" lon="16.1433864"></trkpt>
    <trkpt lat="60.3663299" lon="16.1440433"></trkpt>
    <trkpt lat="60.3668231" lon="16.1446514"></trkpt>
    <trkpt lat="60.3670610" lon="16.1446959"></trkpt>
    <trkpt lat="60.3671365" lon="16.1450726"></trkpt>
    <trkpt lat="60.3672320" lon="16.1454361"></trkpt>
    <trkpt lat="60.3672805" lon="16.1456573"></trkpt>
    <trkpt lat="60.3673175" lon="16.1459077"></trkpt>
    <trkpt lat="60.3673762" lon="16.1466231"></trkpt>
    <trkpt lat="60.3675026" lon="16.1473017"></trkpt>
    <trkpt lat="60.3675651" lon="16.1475314"></trkpt>
    <trkpt lat="60.3676704" lon="16.1478512"></trkpt>
    <trkpt lat="60.3677765" lon="16.1481263"></trkpt>
    <trkpt lat="60.3678831" lon="16.1484444"></trkpt>
    <trkpt lat="60.3679379" lon="16.1486353"></trkpt>
    <trkpt lat="60.3680315" lon="16.1489960"></trkpt>
    <trkpt lat="60.3681150" lon="16.1493528"></trkpt>
    <trkpt lat="60.3681863" lon="16.1497325"></trkpt>
    <trkpt lat="60.3682397" lon="16.1500413"></trkpt>
    <trkpt lat="60.3682984" lon="16.1503941"></trkpt>
    <trkpt lat="60.3683616" lon="16.1507452"></trkpt>
    <trkpt lat="60.3684414" lon="16.1514722"></trkpt>
    <trkpt lat="60.3684783" lon="16.1519792"></trkpt>
    <trkpt lat="60.3685139" lon="16.1524592"></trkpt>
    <trkpt lat="60.3685572" lon="16.1529829"></trkpt>
    <trkpt lat="60.3685754" lon="16.1531200"></trkpt>
    <trkpt lat="60.3686430" lon="16.1535188"></trkpt>
    <trkpt lat="60.3686918" lon="16.1537322"></trkpt>
    <trkpt lat="60.3687721" lon="16.1540728"></trkpt>
    <trkpt lat="60.3688981" lon="16.1544950"></trkpt>
    <trkpt lat="60.3689685" lon="16.1547348"></trkpt>
    <trkpt lat="60.3690700" lon="16.1549974"></trkpt>
    <trkpt lat="60.3692190" lon="16.1553530"></trkpt>
    <trkpt lat="60.3693136" lon="16.1555579"></trkpt>
    <trkpt lat="60.3694060" lon="16.1557673"></trkpt>
    <trkpt lat="60.3695133" lon="16.1560130"></trkpt>
    <trkpt lat="60.3696339" lon="16.1564537"></trkpt>
    <trkpt lat="60.3697286" lon="16.1567841"></trkpt>
    <trkpt lat="60.3698353" lon="16.1574460"></trkpt>
    <trkpt lat="60.3699796" lon="16.1584539"></trkpt>
    <trkpt lat="60.3701240" lon="16.1594618"></trkpt>
    <trkpt lat="60.3702739" lon="16.1603183"></trkpt>
    <trkpt lat="60.3704588" lon="16.1613669"></trkpt>
    <trkpt lat="60.3705093" lon="16.1616203"></trkpt>
    <trkpt lat="60.3707687" lon="16.1624464"></trkpt>
    <trkpt lat="60.3709163" lon="16.1628837"></trkpt>
    <trkpt lat="60.3709378" lon="16.1631245"></trkpt>
    <trkpt lat="60.3709450" lon="16.1633583"></trkpt>
    <trkpt lat="60.3709378" lon="16.1634848"></trkpt>
    <trkpt lat="60.3707210" lon="16.1641785"></trkpt>
    <trkpt lat="60.3704671" lon="16.1649505"></trkpt>
    <trkpt lat="60.3704293" lon="16.1650668"></trkpt>
    <trkpt lat="60.3702630" lon="16.1657625"></trkpt>
    <trkpt lat="60.3702157" lon="16.1660292"></trkpt>
    <trkpt lat="60.3701683" lon="16.1666948"></trkpt>
    <trkpt lat="60.3701674" lon="16.1669924"></trkpt>
    <trkpt lat="60.3703035" lon="16.1672506"></trkpt>
    <trkpt lat="60.3703547" lon="16.1672554"></trkpt>
    <trkpt lat="60.3704343" lon="16.1672976"></trkpt>
    <trkpt lat="60.3705186" lon="16.1674153"></trkpt>
    <trkpt lat="60.3706228" lon="16.1675397"></trkpt>
    <trkpt lat="60.3708465" lon="16.1678154"></trkpt>
    <trkpt lat="60.3709773" lon="16.1680383"></trkpt>
    <trkpt lat="60.3711500" lon="16.1684973"></trkpt>
    <trkpt lat="60.3712885" lon="16.1686716"></trkpt>
    <trkpt lat="60.3715168" lon="16.1689590"></trkpt>
    <trkpt lat="60.3715946" lon="16.1690543"></trkpt>
    <trkpt lat="60.3720712" lon="16.1696557"></trkpt>
    <trkpt lat="60.3724118" lon="16.1700856"></trkpt>
    <trkpt lat="60.3724803" lon="16.1701724"></trkpt>
    <trkpt lat="60.3731603" lon="16.1710342"></trkpt>
    <trkpt lat="60.3738670" lon="16.1719529"></trkpt>
    <trkpt lat="60.3745736" lon="16.1728715"></trkpt>
    <trkpt lat="60.3750157" lon="16.1734476"></trkpt>
    <trkpt lat="60.3754578" lon="16.1740238"></trkpt>
    <trkpt lat="60.3757796" lon="16.1744290"></trkpt>
    <trkpt lat="60.3759597" lon="16.1746976"></trkpt>
    <trkpt lat="60.3762017" lon="16.1748440"></trkpt>
    <trkpt lat="60.3764351" lon="16.1754276"></trkpt>
    <trkpt lat="60.3767151" lon="16.1761229"></trkpt>
    <trkpt lat="60.3769824" lon="16.1769812"></trkpt>
    <trkpt lat="60.3773133" lon="16.1778824"></trkpt>
    <trkpt lat="60.3774448" lon="16.1786119"></trkpt>
    <trkpt lat="60.3776569" lon="16.1793844"></trkpt>
    <trkpt lat="60.3782169" lon="16.1802599"></trkpt>
    <trkpt lat="60.3784969" lon="16.1806376"></trkpt>
    <trkpt lat="60.3786921" lon="16.1816504"></trkpt>
    <trkpt lat="60.3786403" lon="16.1821217"></trkpt>
    <trkpt lat="60.3785648" lon="16.1828091"></trkpt>
    <trkpt lat="60.3786369" lon="16.1831266"></trkpt>
    <trkpt lat="60.3786030" lon="16.1839764"></trkpt>
    <trkpt lat="60.3786454" lon="16.1847574"></trkpt>
    <trkpt lat="60.3789848" lon="16.1853497"></trkpt>
    <trkpt lat="60.3793072" lon="16.1860621"></trkpt>
    <trkpt lat="60.3795023" lon="16.1866714"></trkpt>
    <trkpt lat="60.3796805" lon="16.1871607"></trkpt>
    <trkpt lat="60.3800114" lon="16.1876757"></trkpt>
    <trkpt lat="60.3803423" lon="16.1885082"></trkpt>
    <trkpt lat="60.3805671" lon="16.1891005"></trkpt>
    <trkpt lat="60.3806901" lon="16.1898987"></trkpt>
    <trkpt lat="60.3809383" lon="16.1909415"></trkpt>
    <trkpt lat="60.3811865" lon="16.1919844"></trkpt>
    <trkpt lat="60.3816149" lon="16.1931688"></trkpt>
    <trkpt lat="60.3819288" lon="16.1935465"></trkpt>
    <trkpt lat="60.3821663" lon="16.1938641"></trkpt>
    <trkpt lat="60.3823996" lon="16.1945593"></trkpt>
    <trkpt lat="60.3825396" lon="16.1949455"></trkpt>
    <trkpt lat="60.3829426" lon="16.1951944"></trkpt>
    <trkpt lat="60.3835152" lon="16.1952030"></trkpt>
    <trkpt lat="60.3840539" lon="16.1962244"></trkpt>
    <trkpt lat="60.3844017" lon="16.1964561"></trkpt>
    <trkpt lat="60.3850295" lon="16.1963961"></trkpt>
    <trkpt lat="60.3856360" lon="16.1970741"></trkpt>
    <trkpt lat="60.3862425" lon="16.1977522"></trkpt>
    <trkpt lat="60.3867642" lon="16.1987478"></trkpt>
    <trkpt lat="60.3870823" lon="16.1997520"></trkpt>
    <trkpt lat="60.3873580" lon="16.2003529"></trkpt>
    <trkpt lat="60.3875022" lon="16.2012970"></trkpt>
    <trkpt lat="60.3876336" lon="16.2019321"></trkpt>
    <trkpt lat="60.3877312" lon="16.2026789"></trkpt>
    <trkpt lat="60.3878669" lon="16.2036488"></trkpt>
    <trkpt lat="60.3883758" lon="16.2049362"></trkpt>
    <trkpt lat="60.3887957" lon="16.2057344"></trkpt>
    <trkpt lat="60.3894530" lon="16.2059662"></trkpt>
    <trkpt lat="60.3897287" lon="16.2061550"></trkpt>
    <trkpt lat="60.3898856" lon="16.2064983"></trkpt>
    <trkpt lat="60.3900892" lon="16.2072794"></trkpt>
    <trkpt lat="60.3903055" lon="16.2078630"></trkpt>
    <trkpt lat="60.3905896" lon="16.2082665"></trkpt>
    <trkpt lat="60.3910306" lon="16.2089102"></trkpt>
    <trkpt lat="60.3913784" lon="16.2090818"></trkpt>
    <trkpt lat="60.3918427" lon="16.2093565"></trkpt>
    <trkpt lat="60.3923071" lon="16.2096312"></trkpt>
    <trkpt lat="60.3932018" lon="16.2096998"></trkpt>
    <trkpt lat="60.3935961" lon="16.2100861"></trkpt>
    <trkpt lat="60.3944230" lon="16.2106955"></trkpt>
    <trkpt lat="60.3947453" lon="16.2107813"></trkpt>
    <trkpt lat="60.3952541" lon="16.2103521"></trkpt>
    <trkpt lat="60.3955509" lon="16.2103006"></trkpt>
    <trkpt lat="60.3961318" lon="16.2106955"></trkpt>
    <trkpt lat="60.3968823" lon="16.2112705"></trkpt>
    <trkpt lat="60.3972681" lon="16.2114508"></trkpt>
    <trkpt lat="60.3976497" lon="16.2117683"></trkpt>
    <trkpt lat="60.3981499" lon="16.2122065"></trkpt>
    <trkpt lat="60.3986500" lon="16.2126447"></trkpt>
    <trkpt lat="60.3989808" lon="16.2135131"></trkpt>
    <trkpt lat="60.3993401" lon="16.2142155"></trkpt>
    <trkpt lat="60.3996994" lon="16.2149180"></trkpt>
    <trkpt lat="60.3999081" lon="16.2154845"></trkpt>
    <trkpt lat="60.3999970" lon="16.2156812"></trkpt>
    <trkpt lat="60.4003278" lon="16.2154131"></trkpt>
    <trkpt lat="60.4007899" lon="16.2156605"></trkpt>
    <trkpt lat="60.4012520" lon="16.2159080"></trkpt>
    <trkpt lat="60.4017166" lon="16.2167668"></trkpt>
    <trkpt lat="60.4019912" lon="16.2172099"></trkpt>
    <trkpt lat="60.4025072" lon="16.2166763"></trkpt>
    <trkpt lat="60.4031627" lon="16.2160649"></trkpt>
    <trkpt lat="60.4035697" lon="16.2156398"></trkpt>
    <trkpt lat="60.4039767" lon="16.2152147"></trkpt>
    <trkpt lat="60.4044813" lon="16.2147007"></trkpt>
    <trkpt lat="60.4050296" lon="16.2141110"></trkpt>
    <trkpt lat="60.4057678" lon="16.2133676"></trkpt>
    <trkpt lat="60.4063231" lon="16.2128684"></trkpt>
    <trkpt lat="60.4068785" lon="16.2123692"></trkpt>
    <trkpt lat="60.4075186" lon="16.2119572"></trkpt>
    <trkpt lat="60.4078025" lon="16.2120688"></trkpt>
    <trkpt lat="60.4082264" lon="16.2118799"></trkpt>
    <trkpt lat="60.4086417" lon="16.2118971"></trkpt>
    <trkpt lat="60.4089384" lon="16.2121031"></trkpt>
    <trkpt lat="60.4095360" lon="16.2117340"></trkpt>
    <trkpt lat="60.4101124" lon="16.2114765"></trkpt>
    <trkpt lat="60.4103201" lon="16.2116138"></trkpt>
    <trkpt lat="60.4107524" lon="16.2115366"></trkpt>
    <trkpt lat="60.4112144" lon="16.2117941"></trkpt>
    <trkpt lat="60.4116255" lon="16.2122061"></trkpt>
    <trkpt lat="60.4118924" lon="16.2119314"></trkpt>
    <trkpt lat="60.4120789" lon="16.2117254"></trkpt>
    <trkpt lat="60.4121298" lon="16.2113907"></trkpt>
    <trkpt lat="60.4122230" lon="16.2111847"></trkpt>
    <trkpt lat="60.4124756" lon="16.2114746"></trkpt>
    <trkpt lat="60.4127737" lon="16.2103532"></trkpt>
    <trkpt lat="60.4130087" lon="16.2095098"></trkpt>
    <trkpt lat="60.4134270" lon="16.2080086"></trkpt>
    <trkpt lat="60.4138841" lon="16.2065766"></trkpt>
    <trkpt lat="60.4141294" lon="16.2063058"></trkpt>
    <trkpt lat="60.4147994" lon="16.2062505"></trkpt>
    <trkpt lat="60.4154054" lon="16.2059329"></trkpt>
    <trkpt lat="60.4158662" lon="16.2058347"></trkpt>
    <trkpt lat="60.4163767" lon="16.2062315"></trkpt>
    <trkpt lat="60.4168080" lon="16.2066215"></trkpt>
    <trkpt lat="60.4170415" lon="16.2068327"></trkpt>
    <trkpt lat="60.4175105" lon="16.2069529"></trkpt>
    <trkpt lat="60.4181872" lon="16.2070010"></trkpt>
    <trkpt lat="60.4187689" lon="16.2070611"></trkpt>
    <trkpt lat="60.4195999" lon="16.2073257"></trkpt>
    <trkpt lat="60.4203656" lon="16.2073617"></trkpt>
    <trkpt lat="60.4210304" lon="16.2073497"></trkpt>
    <trkpt lat="60.4214696" lon="16.2076864"></trkpt>
    <trkpt lat="60.4217019" lon="16.2085497"></trkpt>
    <trkpt lat="60.4220154" lon="16.2091076"></trkpt>
    <trkpt lat="60.4222866" lon="16.2097857"></trkpt>
    <trkpt lat="60.4226763" lon="16.2102835"></trkpt>
    <trkpt lat="60.4229814" lon="16.2110731"></trkpt>
    <trkpt lat="60.4232144" lon="16.2114937"></trkpt>
    <trkpt lat="60.4234135" lon="16.2122747"></trkpt>
    <trkpt lat="60.4233287" lon="16.2131716"></trkpt>
    <trkpt lat="60.4232440" lon="16.2140686"></trkpt>
    <trkpt lat="60.4232779" lon="16.2145493"></trkpt>
    <trkpt lat="60.4235660" lon="16.2149269"></trkpt>
    <trkpt lat="60.4240447" lon="16.2155706"></trkpt>
    <trkpt lat="60.4241422" lon="16.2159655"></trkpt>
    <trkpt lat="60.4245277" lon="16.2164461"></trkpt>
    <trkpt lat="60.4250085" lon="16.2167079"></trkpt>
    <trkpt lat="60.4254893" lon="16.2169697"></trkpt>
    <trkpt lat="60.4257604" lon="16.2172615"></trkpt>
    <trkpt lat="60.4260104" lon="16.2172529"></trkpt>
    <trkpt lat="60.4263850" lon="16.2173629"></trkpt>
    <trkpt lat="60.4267186" lon="16.2176984"></trkpt>
    <trkpt lat="60.4270137" lon="16.2177013"></trkpt>
    <trkpt lat="60.4271930" lon="16.2175967"></trkpt>
    <trkpt lat="60.4275242" lon="16.2174730"></trkpt>
    <trkpt lat="60.4281868" lon="16.2172437"></trkpt>
    <trkpt lat="60.4285223" lon="16.2171843"></trkpt>
    <trkpt lat="60.4288763" lon="16.2169524"></trkpt>
    <trkpt lat="60.4290892" lon="16.2168586"></trkpt>
    <trkpt lat="60.4293533" lon="16.2166716"></trkpt>
    <trkpt lat="60.4296396" lon="16.2163493"></trkpt>
    <trkpt lat="60.4300722" lon="16.2157369"></trkpt>
    <trkpt lat="60.4303140" lon="16.2151374"></trkpt>
    <trkpt lat="60.4305589" lon="16.2145060"></trkpt>
    <trkpt lat="60.4307251" lon="16.2138639"></trkpt>
    <trkpt lat="60.4309362" lon="16.2130482"></trkpt>
    <trkpt lat="60.4310306" lon="16.2127118"></trkpt>
    <trkpt lat="60.4311823" lon="16.2121276"></trkpt>
    <trkpt lat="60.4312712" lon="16.2117698"></trkpt>
    <trkpt lat="60.4313007" lon="16.2115567"></trkpt>
    <trkpt lat="60.4313133" lon="16.2114115"></trkpt>
    <trkpt lat="60.4314720" lon="16.2110788"></trkpt>
    <trkpt lat="60.4317487" lon="16.2105281"></trkpt>
    <trkpt lat="60.4325610" lon="16.2101523"></trkpt>
    <trkpt lat="60.4333734" lon="16.2097765"></trkpt>
    <trkpt lat="60.4341857" lon="16.2094008"></trkpt>
    <trkpt lat="60.4349981" lon="16.2090250"></trkpt>
    <trkpt lat="60.4358104" lon="16.2086492"></trkpt>
    <trkpt lat="60.4356971" lon="16.2086059"></trkpt>
    <trkpt lat="60.4355847" lon="16.2085616"></trkpt>
    <trkpt lat="60.4354625" lon="16.2085240"></trkpt>
    <trkpt lat="60.4353937" lon="16.2085049"></trkpt>
    <trkpt lat="60.4350260" lon="16.2074053"></trkpt>
    <trkpt lat="60.4344796" lon="16.2060873"></trkpt>
    <trkpt lat="60.4340820" lon="16.2050015"></trkpt>
    <trkpt lat="60.4336845" lon="16.2039158"></trkpt>
    <trkpt lat="60.4332869" lon="16.2028300"></trkpt>
    <trkpt lat="60.4333010" lon="16.2028695"></trkpt>
    <trkpt lat="60.4333533" lon="16.2030165"></trkpt>
    <trkpt lat="60.4333876" lon="16.2032084"></trkpt>
    <trkpt lat="60.4333993" lon="16.2034633"></trkpt>
    <trkpt lat="60.4334400" lon="16.2035881"></trkpt>
    <trkpt lat="60.4335105" lon="16.2038575"></trkpt>
    <trkpt lat="60.4336313" lon="16.2041270"></trkpt>
    <trkpt lat="60.4337502" lon="16.2042372"></trkpt>
    <trkpt lat="60.4338388" lon="16.2044577"></trkpt>
    <trkpt lat="60.4339375" lon="16.2046577"></trkpt>
    <trkpt lat="60.4340222" lon="16.2047965"></trkpt>
    <trkpt lat="60.4341128" lon="16.2049394"></trkpt>
    <trkpt lat="60.4342196" lon="16.2050170"></trkpt>
    <trkpt lat="60.4342860" lon="16.2050905"></trkpt>
    <trkpt lat="60.4343324" lon="16.2052374"></trkpt>
    <trkpt lat="60.4343968" lon="16.2054130"></trkpt>
    <trkpt lat="60.4344673" lon="16.2055314"></trkpt>
    <trkpt lat="60.4345358" lon="16.2055845"></trkpt>
    <trkpt lat="60.4345934" lon="16.2055969"></trkpt>
    <trkpt lat="60.4346685" lon="16.2057810"></trkpt>
    <trkpt lat="60.4346496" lon="16.2058128"></trkpt>
    <trkpt lat="60.4344796" lon="16.2060873"></trkpt>
    <trkpt lat="60.4343487" lon="16.2063008"></trkpt>
    <trkpt lat="60.4341626" lon="16.2066145"></trkpt>
    <trkpt lat="60.4339286" lon="16.2070192"></trkpt>
    <trkpt lat="60.4335631" lon="16.2076835"></trkpt>
    <trkpt lat="60.4333563" lon="16.2080258"></trkpt>
    <trkpt lat="60.4331424" lon="16.2083771"></trkpt>
    <trkpt lat="60.4328758" lon="16.2087855"></trkpt>
    <trkpt lat="60.4323085" lon="16.2097563"></trkpt>
    <trkpt lat="60.4322073" lon="16.2099966"></trkpt>
    <trkpt lat="60.4321104" lon="16.2100323"></trkpt>
    <trkpt lat="60.4318982" lon="16.2092066"></trkpt>
    <trkpt lat="60.4319629" lon="16.2094724"></trkpt>
    <trkpt lat="60.4320512" lon="16.2097784"></trkpt>
    <trkpt lat="60.4321104" lon="16.2100323"></trkpt>
    <trkpt lat="60.4319962" lon="16.2100481"></trkpt>
    <trkpt lat="60.4318504" lon="16.2100736"></trkpt>
    <trkpt lat="60.4317042" lon="16.2101091"></trkpt>
    <trkpt lat="60.4318982" lon="16.2092066"></trkpt>
    <trkpt lat="60.4321909" lon="16.2080140"></trkpt>
    <trkpt lat="60.4322786" lon="16.2076377"></trkpt>
    <trkpt lat="60.4326012" lon="16.2062541"></trkpt>
    <trkpt lat="60.4327435" lon="16.2054703"></trkpt>
    <trkpt lat="60.4328271" lon="16.2050100"></trkpt>
    <trkpt lat="60.4329301" lon="16.2045148"></trkpt>
    <trkpt lat="60.4331254" lon="16.2035298"></trkpt>
    <trkpt lat="60.4332869" lon="16.2028300"></trkpt>
    <trkpt lat="60.4335575" lon="16.2012922"></trkpt>
    <trkpt lat="60.4338095" lon="16.1998958"></trkpt>
    <trkpt lat="60.4340072" lon="16.1987827"></trkpt>
    <trkpt lat="60.4341790" lon="16.1979253"></trkpt>
    <trkpt lat="60.4343539" lon="16.1970293"></trkpt>
    <trkpt lat="60.4345384" lon="16.1963717"></trkpt>
    <trkpt lat="60.4346402" lon="16.1961590"></trkpt>
    <trkpt lat="60.4348597" lon="16.1957206"></trkpt>
    <trkpt lat="60.4349062" lon="16.1956257"></trkpt>
    <trkpt lat="60.4351205" lon="16.1953209"></trkpt>
    <trkpt lat="60.4355298" lon="16.1945916"></trkpt>
    <trkpt lat="60.4359391" lon="16.1938623"></trkpt>
    <trkpt lat="60.4364485" lon="16.1926662"></trkpt>
    <trkpt lat="60.4367963" lon="16.1915330"></trkpt>
    <trkpt lat="60.4370199" lon="16.1907272"></trkpt>
    <trkpt lat="60.4372436" lon="16.1899214"></trkpt>
    <trkpt lat="60.4375861" lon="16.1886989"></trkpt>
    <trkpt lat="60.4378462" lon="16.1872900"></trkpt>
    <trkpt lat="60.4380323" lon="16.1864262"></trkpt>
    <trkpt lat="60.4382183" lon="16.1855623"></trkpt>
    <trkpt lat="60.4385681" lon="16.1840538"></trkpt>
    <trkpt lat="60.4387876" lon="16.1831191"></trkpt>
    <trkpt lat="60.4390865" lon="16.1817911"></trkpt>
    <trkpt lat="60.4393855" lon="16.1804632"></trkpt>
    <trkpt lat="60.4395508" lon="16.1797670"></trkpt>
    <trkpt lat="60.4396622" lon="16.1793350"></trkpt>
    <trkpt lat="60.4396431" lon="16.1785937"></trkpt>
    <trkpt lat="60.4395985" lon="16.1779362"></trkpt>
    <trkpt lat="60.4394713" lon="16.1774011"></trkpt>
    <trkpt lat="60.4394253" lon="16.1771977"></trkpt>
    <trkpt lat="60.4392217" lon="16.1762984"></trkpt>
    <trkpt lat="60.4390974" lon="16.1753616"></trkpt>
    <trkpt lat="60.4390328" lon="16.1743745"></trkpt>
    <trkpt lat="60.4391620" lon="16.1730953"></trkpt>
    <trkpt lat="60.4393161" lon="16.1721988"></trkpt>
    <trkpt lat="60.4394900" lon="16.1713426"></trkpt>
    <trkpt lat="60.4398528" lon="16.1700332"></trkpt>
    <trkpt lat="60.4402404" lon="16.1687641"></trkpt>
    <trkpt lat="60.4404491" lon="16.1681295"></trkpt>
    <trkpt lat="60.4408764" lon="16.1666891"></trkpt>
    <trkpt lat="60.4412481" lon="16.1655144"></trkpt>
    <trkpt lat="60.4412835" lon="16.1654028"></trkpt>
    <trkpt lat="60.4413832" lon="16.1650876"></trkpt>
    <trkpt lat="60.4417213" lon="16.1638574"></trkpt>
    <trkpt lat="60.4418507" lon="16.1640719"></trkpt>
    <trkpt lat="60.4419483" lon="16.1638457"></trkpt>
    <trkpt lat="60.4420233" lon="16.1635645"></trkpt>
    <trkpt lat="60.4421083" lon="16.1629519"></trkpt>
    <trkpt lat="60.4421691" lon="16.1627017"></trkpt>
    <trkpt lat="60.4423041" lon="16.1622351"></trkpt>
    <trkpt lat="60.4425832" lon="16.1612003"></trkpt>
    <trkpt lat="60.4429556" lon="16.1599921"></trkpt>
    <trkpt lat="60.4432508" lon="16.1590344"></trkpt>
    <trkpt lat="60.4433808" lon="16.1586290"></trkpt>
    <trkpt lat="60.4436521" lon="16.1577371"></trkpt>
    <trkpt lat="60.4439081" lon="16.1568956"></trkpt>
    <trkpt lat="60.4441641" lon="16.1560540"></trkpt>
    <trkpt lat="60.4443589" lon="16.1554727"></trkpt>
    <trkpt lat="60.4446425" lon="16.1546261"></trkpt>
    <trkpt lat="60.4449262" lon="16.1537795"></trkpt>
    <trkpt lat="60.4454554" lon="16.1525993"></trkpt>
    <trkpt lat="60.4459846" lon="16.1514192"></trkpt>
    <trkpt lat="60.4464685" lon="16.1504380"></trkpt>
    <trkpt lat="60.4465601" lon="16.1502524"></trkpt>
    <trkpt lat="60.4467254" lon="16.1499172"></trkpt>
    <trkpt lat="60.4468379" lon="16.1497856"></trkpt>
    <trkpt lat="60.4470535" lon="16.1494044"></trkpt>
    <trkpt lat="60.4472758" lon="16.1492734"></trkpt>
    <trkpt lat="60.4473893" lon="16.1490586"></trkpt>
    <trkpt lat="60.4475217" lon="16.1488081"></trkpt>
    <trkpt lat="60.4476255" lon="16.1486676"></trkpt>
    <trkpt lat="60.4478767" lon="16.1480362"></trkpt>
    <trkpt lat="60.4479489" lon="16.1475828"></trkpt>
    <trkpt lat="60.4479752" lon="16.1471756"></trkpt>
    <trkpt lat="60.4478473" lon="16.1460977"></trkpt>
    <trkpt lat="60.4478067" lon="16.1457598"></trkpt>
    <trkpt lat="60.4476202" lon="16.1442085"></trkpt>
    <trkpt lat="60.4474268" lon="16.1425997"></trkpt>
    <trkpt lat="60.4472334" lon="16.1409908"></trkpt>
    <trkpt lat="60.4470936" lon="16.1394100"></trkpt>
    <trkpt lat="60.4470633" lon="16.1388232"></trkpt>
    <trkpt lat="60.4470515" lon="16.1385948"></trkpt>
    <trkpt lat="60.4470525" lon="16.1384280"></trkpt>
    <trkpt lat="60.4471911" lon="16.1379009"></trkpt>
    <trkpt lat="60.4474028" lon="16.1375575"></trkpt>
    <trkpt lat="60.4480589" lon="16.1366992"></trkpt>
    <trkpt lat="60.4486201" lon="16.1360271"></trkpt>
    <trkpt lat="60.4488844" lon="16.1355834"></trkpt>
    <trkpt lat="60.4489535" lon="16.1352665"></trkpt>
    <trkpt lat="60.4489546" lon="16.1349329"></trkpt>
    <trkpt lat="60.4488625" lon="16.1346415"></trkpt>
    <trkpt lat="60.4487322" lon="16.1344253"></trkpt>
    <trkpt lat="60.4486120" lon="16.1342705"></trkpt>
    <trkpt lat="60.4479344" lon="16.1333977"></trkpt>
    <trkpt lat="60.4478701" lon="16.1333148"></trkpt>
    <trkpt lat="60.4472984" lon="16.1325816"></trkpt>
    <trkpt lat="60.4467266" lon="16.1318484"></trkpt>
    <trkpt lat="60.4461549" lon="16.1311152"></trkpt>
    <trkpt lat="60.4458797" lon="16.1307497"></trkpt>
    <trkpt lat="60.4462897" lon="16.1293032"></trkpt>
    <trkpt lat="60.4465274" lon="16.1284707"></trkpt>
    <trkpt lat="60.4467651" lon="16.1276382"></trkpt>
    <trkpt lat="60.4468784" lon="16.1272831"></trkpt>
    <trkpt lat="60.4470292" lon="16.1267964"></trkpt>
    <trkpt lat="60.4473459" lon="16.1257217"></trkpt>
    <trkpt lat="60.4476627" lon="16.1246470"></trkpt>
    <trkpt lat="60.4479794" lon="16.1235723"></trkpt>
    <trkpt lat="60.4483040" lon="16.1224918"></trkpt>
    <trkpt lat="60.4486286" lon="16.1214112"></trkpt>
    <trkpt lat="60.4487269" lon="16.1210890"></trkpt>
    <trkpt lat="60.4490493" lon="16.1200173"></trkpt>
    <trkpt lat="60.4493717" lon="16.1189455"></trkpt>
    <trkpt lat="60.4494733" lon="16.1185858"></trkpt>
    <trkpt lat="60.4499124" lon="16.1170801"></trkpt>
    <trkpt lat="60.4503514" lon="16.1155744"></trkpt>
    <trkpt lat="60.4507905" lon="16.1140687"></trkpt>
    <trkpt lat="60.4511263" lon="16.1129167"></trkpt>
    <trkpt lat="60.4514621" lon="16.1117646"></trkpt>
    <trkpt lat="60.4515567" lon="16.1114401"></trkpt>
    <trkpt lat="60.4518227" lon="16.1105402"></trkpt>
    <trkpt lat="60.4520453" lon="16.1098082"></trkpt>
    <trkpt lat="60.4521285" lon="16.1095346"></trkpt>
    <trkpt lat="60.4526018" lon="16.1082584"></trkpt>
    <trkpt lat="60.4530709" lon="16.1072823"></trkpt>
    <trkpt lat="60.4531064" lon="16.1072085"></trkpt>
    <trkpt lat="60.4533792" lon="16.1065894"></trkpt>
    <trkpt lat="60.4536640" lon="16.1058419"></trkpt>
    <trkpt lat="60.4538705" lon="16.1050607"></trkpt>
    <trkpt lat="60.4542072" lon="16.1037410"></trkpt>
    <trkpt lat="60.4545438" lon="16.1024213"></trkpt>
    <trkpt lat="60.4548695" lon="16.1011774"></trkpt>
    <trkpt lat="60.4551951" lon="16.0999335"></trkpt>
    <trkpt lat="60.4553421" lon="16.0995450"></trkpt>
    <trkpt lat="60.4558431" lon="16.0986373"></trkpt>
    <trkpt lat="60.4563442" lon="16.0977296"></trkpt>
    <trkpt lat="60.4567577" lon="16.0965979"></trkpt>
    <trkpt lat="60.4570606" lon="16.0954249"></trkpt>
    <trkpt lat="60.4571385" lon="16.0951098"></trkpt>
    <trkpt lat="60.4573864" lon="16.0942148"></trkpt>
    <trkpt lat="60.4576342" lon="16.0933198"></trkpt>
    <trkpt lat="60.4580480" lon="16.0917382"></trkpt>
    <trkpt lat="60.4583371" lon="16.0905487"></trkpt>
    <trkpt lat="60.4585372" lon="16.0898509"></trkpt>
    <trkpt lat="60.4586974" lon="16.0891759"></trkpt>
    <trkpt lat="60.4591809" lon="16.0876381"></trkpt>
    <trkpt lat="60.4593918" lon="16.0866813"></trkpt>
    <trkpt lat="60.4596169" lon="16.0857460"></trkpt>
    <trkpt lat="60.4598419" lon="16.0848107"></trkpt>
    <trkpt lat="60.4599622" lon="16.0840456"></trkpt>
    <trkpt lat="60.4599669" lon="16.0839425"></trkpt>
    <trkpt lat="60.4599927" lon="16.0833731"></trkpt>
    <trkpt lat="60.4600342" lon="16.0824595"></trkpt>
    <trkpt lat="60.4600692" lon="16.0813693"></trkpt>
    <trkpt lat="60.4601041" lon="16.0802790"></trkpt>
    <trkpt lat="60.4601077" lon="16.0801214"></trkpt>
    <trkpt lat="60.4601096" lon="16.0800342"></trkpt>
    <trkpt lat="60.4601122" lon="16.0797984"></trkpt>
    <trkpt lat="60.4601512" lon="16.0782990"></trkpt>
    <trkpt lat="60.4601901" lon="16.0767997"></trkpt>
    <trkpt lat="60.4602108" lon="16.0755357"></trkpt>
    <trkpt lat="60.4602514" lon="16.0738285"></trkpt>
    <trkpt lat="60.4602577" lon="16.0731948"></trkpt>
    <trkpt lat="60.4602927" lon="16.0715566"></trkpt>
    <trkpt lat="60.4603277" lon="16.0699183"></trkpt>
    <trkpt lat="60.4603346" lon="16.0695949"></trkpt>
    <trkpt lat="60.4603423" lon="16.0692439"></trkpt>
    <trkpt lat="60.4603616" lon="16.0683693"></trkpt>
    <trkpt lat="60.4603742" lon="16.0678006"></trkpt>
    <trkpt lat="60.4604112" lon="16.0661178"></trkpt>
    <trkpt lat="60.4604253" lon="16.0654794"></trkpt>
    <trkpt lat="60.4604317" lon="16.0651897"></trkpt>
    <trkpt lat="60.4604306" lon="16.0642368"></trkpt>
    <trkpt lat="60.4603785" lon="16.0632847"></trkpt>
    <trkpt lat="60.4601534" lon="16.0618003"></trkpt>
    <trkpt lat="60.4599283" lon="16.0603159"></trkpt>
    <trkpt lat="60.4597894" lon="16.0593561"></trkpt>
    <trkpt lat="60.4596505" lon="16.0583963"></trkpt>
    <trkpt lat="60.4594601" lon="16.0570798"></trkpt>
    <trkpt lat="60.4593912" lon="16.0557845"></trkpt>
    <trkpt lat="60.4593773" lon="16.0552172"></trkpt>
    <trkpt lat="60.4593365" lon="16.0542701"></trkpt>
    <trkpt lat="60.4593140" lon="16.0538701"></trkpt>
    <trkpt lat="60.4591840" lon="16.0537945"></trkpt>
    <trkpt lat="60.4589728" lon="16.0536716"></trkpt>
    <trkpt lat="60.4587083" lon="16.0535429"></trkpt>
    <trkpt lat="60.4583355" lon="16.0534992"></trkpt>
    <trkpt lat="60.4582507" lon="16.0534892"></trkpt>
    <trkpt lat="60.4578328" lon="16.0535268"></trkpt>
    <trkpt lat="60.4574308" lon="16.0536072"></trkpt>
    <trkpt lat="60.4571504" lon="16.0535911"></trkpt>
    <trkpt lat="60.4570417" lon="16.0535949"></trkpt>
    <trkpt lat="60.4568660" lon="16.0535224"></trkpt>
    <trkpt lat="60.4567351" lon="16.0534549"></trkpt>
    <trkpt lat="60.4565186" lon="16.0532842"></trkpt>
    <trkpt lat="60.4563486" lon="16.0530725"></trkpt>
    <trkpt lat="60.4562324" lon="16.0528314"></trkpt>
    <trkpt lat="60.4559838" lon="16.0521753"></trkpt>
    <trkpt lat="60.4557399" lon="16.0513608"></trkpt>
    <trkpt lat="60.4554960" lon="16.0505463"></trkpt>
    <trkpt lat="60.4554620" lon="16.0504290"></trkpt>
    <trkpt lat="60.4551850" lon="16.0494745"></trkpt>
    <trkpt lat="60.4549079" lon="16.0485201"></trkpt>
    <trkpt lat="60.4548697" lon="16.0483884"></trkpt>
    <trkpt lat="60.4545542" lon="16.0470197"></trkpt>
    <trkpt lat="60.4544883" lon="16.0466644"></trkpt>
    <trkpt lat="60.4544153" lon="16.0461829"></trkpt>
    <trkpt lat="60.4543452" lon="16.0454587"></trkpt>
    <trkpt lat="60.4543141" lon="16.0450521"></trkpt>
    <trkpt lat="60.4542553" lon="16.0442839"></trkpt>
    <trkpt lat="60.4535907" lon="16.0434275"></trkpt>
    <trkpt lat="60.4529262" lon="16.0425711"></trkpt>
    <trkpt lat="60.4522616" lon="16.0417147"></trkpt>
    <trkpt lat="60.4518812" lon="16.0418045"></trkpt>
    <trkpt lat="60.4511518" lon="16.0423037"></trkpt>
    <trkpt lat="60.4507677" lon="16.0425558"></trkpt>
    <trkpt lat="60.4503128" lon="16.0428458"></trkpt>
    <trkpt lat="60.4497975" lon="16.0430928"></trkpt>
    <trkpt lat="60.4492405" lon="16.0432765"></trkpt>
    <trkpt lat="60.4486479" lon="16.0433119"></trkpt>
    <trkpt lat="60.4481286" lon="16.0433146"></trkpt>
    <trkpt lat="60.4476368" lon="16.0432990"></trkpt>
    <trkpt lat="60.4471449" lon="16.0432833"></trkpt>
    <trkpt lat="60.4466987" lon="16.0432754"></trkpt>
    <trkpt lat="60.4463842" lon="16.0432309"></trkpt>
    <trkpt lat="60.4458426" lon="16.0430337"></trkpt>
    <trkpt lat="60.4455101" lon="16.0428046"></trkpt>
    <trkpt lat="60.4452646" lon="16.0426179"></trkpt>
    <trkpt lat="60.4447555" lon="16.0422684"></trkpt>
    <trkpt lat="60.4441379" lon="16.0409816"></trkpt>
    <trkpt lat="60.4436309" lon="16.0399259"></trkpt>
    <trkpt lat="60.4431652" lon="16.0397757"></trkpt>
    <trkpt lat="60.4426995" lon="16.0396255"></trkpt>
    <trkpt lat="60.4421702" lon="16.0397971"></trkpt>
    <trkpt lat="60.4415563" lon="16.0396255"></trkpt>
    <trkpt lat="60.4410058" lon="16.0393680"></trkpt>
    <trkpt lat="60.4404554" lon="16.0391105"></trkpt>
    <trkpt lat="60.4399261" lon="16.0392822"></trkpt>
    <trkpt lat="60.4394804" lon="16.0386642"></trkpt>
    <trkpt lat="60.4387828" lon="16.0382736"></trkpt>
    <trkpt lat="60.4384441" lon="16.0379089"></trkpt>
    <trkpt lat="60.4380630" lon="16.0373295"></trkpt>
    <trkpt lat="60.4377136" lon="16.0368789"></trkpt>
    <trkpt lat="60.4370890" lon="16.0368252"></trkpt>
    <trkpt lat="60.4364644" lon="16.0367716"></trkpt>
    <trkpt lat="60.4357550" lon="16.0363639"></trkpt>
    <trkpt lat="60.4352468" lon="16.0364068"></trkpt>
    <trkpt lat="60.4349398" lon="16.0366214"></trkpt>
    <trkpt lat="60.4346751" lon="16.0365570"></trkpt>
    <trkpt lat="60.4344951" lon="16.0366429"></trkpt>
    <trkpt lat="60.4342516" lon="16.0369433"></trkpt>
    <trkpt lat="60.4339446" lon="16.0371793"></trkpt>
    <trkpt lat="60.4335316" lon="16.0372008"></trkpt>
    <trkpt lat="60.4329757" lon="16.0368682"></trkpt>
    <trkpt lat="60.4324199" lon="16.0365356"></trkpt>
    <trkpt lat="60.4317528" lon="16.0355914"></trkpt>
    <trkpt lat="60.4315516" lon="16.0351408"></trkpt>
    <trkpt lat="60.4312587" lon="16.0337031"></trkpt>
    <trkpt lat="60.4309657" lon="16.0322655"></trkpt>
    <trkpt lat="60.4306728" lon="16.0308278"></trkpt>
    <trkpt lat="60.4301904" lon="16.0300365"></trkpt>
    <trkpt lat="60.4297081" lon="16.0292453"></trkpt>
    <trkpt lat="60.4295080" lon="16.0286177"></trkpt>
    <trkpt lat="60.4290728" lon="16.0278720"></trkpt>
    <trkpt lat="60.4288716" lon="16.0273356"></trkpt>
    <trkpt lat="60.4286608" lon="16.0264290"></trkpt>
    <trkpt lat="60.4283950" lon="16.0258550"></trkpt>
    <trkpt lat="60.4277289" lon="16.0251630"></trkpt>
    <trkpt lat="60.4271889" lon="16.0241330"></trkpt>
    <trkpt lat="60.4266488" lon="16.0231031"></trkpt>
    <trkpt lat="60.4261616" lon="16.0226310"></trkpt>
    <trkpt lat="60.4256745" lon="16.0221589"></trkpt>
    <trkpt lat="60.4252085" lon="16.0219014"></trkpt>
    <trkpt lat="60.4249861" lon="16.0217083"></trkpt>
    <trkpt lat="60.4247107" lon="16.0212363"></trkpt>
    <trkpt lat="60.4243559" lon="16.0206462"></trkpt>
    <trkpt lat="60.4240011" lon="16.0200561"></trkpt>
    <trkpt lat="60.4237988" lon="16.0199112"></trkpt>
    <trkpt lat="60.4235245" lon="16.0192836"></trkpt>
    <trkpt lat="60.4230998" lon="16.0186882"></trkpt>
    <trkpt lat="60.4227609" lon="16.0183448"></trkpt>
    <trkpt lat="60.4224124" lon="16.0178889"></trkpt>
    <trkpt lat="60.4223054" lon="16.0177440"></trkpt>
    <trkpt lat="60.4220724" lon="16.0169501"></trkpt>
    <trkpt lat="60.4219570" lon="16.0167087"></trkpt>
    <trkpt lat="60.4214909" lon="16.0164297"></trkpt>
    <trkpt lat="60.4212463" lon="16.0161776"></trkpt>
    <trkpt lat="60.4206224" lon="16.0161079"></trkpt>
    <trkpt lat="60.4200705" lon="16.0163922"></trkpt>
    <trkpt lat="60.4195785" lon="16.0168938"></trkpt>
    <trkpt lat="60.4190865" lon="16.0173953"></trkpt>
    <trkpt lat="60.4187581" lon="16.0176743"></trkpt>
    <trkpt lat="60.4184605" lon="16.0177440"></trkpt>
    <trkpt lat="60.4180579" lon="16.0174865"></trkpt>
    <trkpt lat="60.4176448" lon="16.0174221"></trkpt>
    <trkpt lat="60.4173281" lon="16.0175670"></trkpt>
    <trkpt lat="60.4170304" lon="16.0174221"></trkpt>
    <trkpt lat="60.4166289" lon="16.0172880"></trkpt>
    <trkpt lat="60.4162041" lon="16.0167999"></trkpt>
    <trkpt lat="60.4160145" lon="16.0166872"></trkpt>
    <trkpt lat="60.4155060" lon="16.0168160"></trkpt>
    <trkpt lat="60.4153153" lon="16.0167945"></trkpt>
    <trkpt lat="60.4149975" lon="16.0164083"></trkpt>
    <trkpt lat="60.4147962" lon="16.0159147"></trkpt>
    <trkpt lat="60.4147326" lon="16.0153783"></trkpt>
    <trkpt lat="60.4146479" lon="16.0149492"></trkpt>
    <trkpt lat="60.4144678" lon="16.0144342"></trkpt>
    <trkpt lat="60.4141817" lon="16.0129965"></trkpt>
    <trkpt lat="60.4137262" lon="16.0126746"></trkpt>
    <trkpt lat="60.4130058" lon="16.0126746"></trkpt>
    <trkpt lat="60.4125396" lon="16.0125459"></trkpt>
    <trkpt lat="60.4117344" lon="16.0129321"></trkpt>
    <trkpt lat="60.4109821" lon="16.0125459"></trkpt>
    <trkpt lat="60.4102299" lon="16.0121597"></trkpt>
    <trkpt lat="60.4099120" lon="16.0124171"></trkpt>
    <trkpt lat="60.4094670" lon="16.0126531"></trkpt>
    <trkpt lat="60.4090220" lon="16.0128892"></trkpt>
    <trkpt lat="60.4087253" lon="16.0124601"></trkpt>
    <trkpt lat="60.4084286" lon="16.0121167"></trkpt>
    <trkpt lat="60.4078776" lon="16.0112155"></trkpt>
    <trkpt lat="60.4075173" lon="16.0108722"></trkpt>
    <trkpt lat="60.4069875" lon="16.0106147"></trkpt>
    <trkpt lat="60.4063729" lon="16.0102285"></trkpt>
    <trkpt lat="60.4059066" lon="16.0103143"></trkpt>
    <trkpt lat="60.4053344" lon="16.0102285"></trkpt>
    <trkpt lat="60.4048257" lon="16.0103572"></trkpt>
    <trkpt lat="60.4042534" lon="16.0101212"></trkpt>
    <trkpt lat="60.4036812" lon="16.0098851"></trkpt>
    <trkpt lat="60.4033421" lon="16.0099710"></trkpt>
    <trkpt lat="60.4029817" lon="16.0097993"></trkpt>
    <trkpt lat="60.4025860" lon="16.0095209"></trkpt>
    <trkpt lat="60.4023475" lon="16.0094726"></trkpt>
    <trkpt lat="60.4018209" lon="16.0095598"></trkpt>
    <trkpt lat="60.4010518" lon="16.0097392"></trkpt>
    <trkpt lat="60.4009088" lon="16.0099795"></trkpt>
    <trkpt lat="60.4008822" lon="16.0100826"></trkpt>
    <trkpt lat="60.4008346" lon="16.0101807"></trkpt>
    <trkpt lat="60.4007472" lon="16.0102826"></trkpt>
    <trkpt lat="60.4006491" lon="16.0103400"></trkpt>
    <trkpt lat="60.4005392" lon="16.0103604"></trkpt>
    <trkpt lat="60.4004107" lon="16.0103524"></trkpt>
    <trkpt lat="60.4002199" lon="16.0102907"></trkpt>
    <trkpt lat="60.4001120" lon="16.0102333"></trkpt>
    <trkpt lat="60.3999066" lon="16.0100158"></trkpt>
    <trkpt lat="60.3998688" lon="16.0099930"></trkpt>
    <trkpt lat="60.3998324" lon="16.0099836"></trkpt>
    <trkpt lat="60.3995402" lon="16.0100090"></trkpt>
    <trkpt lat="60.3992304" lon="16.0100042"></trkpt>
    <trkpt lat="60.3989975" lon="16.0097966"></trkpt>
    <trkpt lat="60.3986692" lon="16.0095890"></trkpt>
    <trkpt lat="60.3984805" lon="16.0095266"></trkpt>
    <trkpt lat="60.3981570" lon="16.0090986"></trkpt>
    <trkpt lat="60.3979746" lon="16.0087293"></trkpt>
    <trkpt lat="60.3978321" lon="16.0084027"></trkpt>
    <trkpt lat="60.3976779" lon="16.0079010"></trkpt>
    <trkpt lat="60.3975941" lon="16.0070811"></trkpt>
    <trkpt lat="60.3976473" lon="16.0063171"></trkpt>
    <trkpt lat="60.3977865" lon="16.0056144"></trkpt>
    <trkpt lat="60.3977827" lon="16.0048468"></trkpt>
    <trkpt lat="60.3977603" lon="16.0041427"></trkpt>
    <trkpt lat="60.3975956" lon="16.0036407"></trkpt>
    <trkpt lat="60.3974159" lon="16.0033397"></trkpt>
    <trkpt lat="60.3971773" lon="16.0030488"></trkpt>
    <trkpt lat="60.3968109" lon="16.0020276"></trkpt>
    <trkpt lat="60.3964445" lon="16.0010064"></trkpt>
    <trkpt lat="60.3963234" lon="16.0006424"></trkpt>
    <trkpt lat="60.3961822" lon="15.9998837"></trkpt>
    <trkpt lat="60.3960798" lon="15.9991756"></trkpt>
    <trkpt lat="60.3959642" lon="15.9986045"></trkpt>
    <trkpt lat="60.3958920" lon="15.9982579"></trkpt>
    <trkpt lat="60.3957629" lon="15.9980460"></trkpt>
    <trkpt lat="60.3952899" lon="15.9978098"></trkpt>
    <trkpt lat="60.3950037" lon="15.9977216"></trkpt>
    <trkpt lat="60.3949068" lon="15.9975743"></trkpt>
    <trkpt lat="60.3948060" lon="15.9972349"></trkpt>
    <trkpt lat="60.3944897" lon="15.9962133"></trkpt>
    <trkpt lat="60.3942004" lon="15.9953133"></trkpt>
    <trkpt lat="60.3939110" lon="15.9944134"></trkpt>
    <trkpt lat="60.3933439" lon="15.9951015"></trkpt>
    <trkpt lat="60.3927613" lon="15.9956889"></trkpt>
    <trkpt lat="60.3921787" lon="15.9962763"></trkpt>
    <trkpt lat="60.3919608" lon="15.9965258"></trkpt>
    <trkpt lat="60.3918246" lon="15.9966988"></trkpt>
    <trkpt lat="60.3915734" lon="15.9968087"></trkpt>
    <trkpt lat="60.3911974" lon="15.9966856"></trkpt>
    <trkpt lat="60.3911305" lon="15.9966637"></trkpt>
    <trkpt lat="60.3909244" lon="15.9967315"></trkpt>
    <trkpt lat="60.3904093" lon="15.9973103"></trkpt>
    <trkpt lat="60.3897128" lon="15.9981052"></trkpt>
    <trkpt lat="60.3893002" lon="15.9986366"></trkpt>
    <trkpt lat="60.3887447" lon="15.9993980"></trkpt>
    <trkpt lat="60.3886181" lon="15.9990124"></trkpt>
    <trkpt lat="60.3883129" lon="15.9981217"></trkpt>
    <trkpt lat="60.3880078" lon="15.9972310"></trkpt>
    <trkpt lat="60.3877295" lon="15.9964451"></trkpt>
    <trkpt lat="60.3875492" lon="15.9958926"></trkpt>
    <trkpt lat="60.3870394" lon="15.9946450"></trkpt>
    <trkpt lat="60.3868162" lon="15.9942427"></trkpt>
    <trkpt lat="60.3862320" lon="15.9931898"></trkpt>
    <trkpt lat="60.3861373" lon="15.9930101"></trkpt>
    <trkpt lat="60.3856790" lon="15.9921397"></trkpt>
    <trkpt lat="60.3853772" lon="15.9914204"></trkpt>
    <trkpt lat="60.3851709" lon="15.9910512"></trkpt>
    <trkpt lat="60.3849124" lon="15.9903220"></trkpt>
    <trkpt lat="60.3846918" lon="15.9893092"></trkpt>
    <trkpt lat="60.3846793" lon="15.9886549"></trkpt>
    <trkpt lat="60.3847632" lon="15.9881329"></trkpt>
    <trkpt lat="60.3846519" lon="15.9879184"></trkpt>
    <trkpt lat="60.3845909" lon="15.9876341"></trkpt>
    <trkpt lat="60.3844477" lon="15.9868401"></trkpt>
    <trkpt lat="60.3842939" lon="15.9858664"></trkpt>
    <trkpt lat="60.3841402" lon="15.9848928"></trkpt>
    <trkpt lat="60.3840740" lon="15.9843457"></trkpt>
    <trkpt lat="60.3840925" lon="15.9837127"></trkpt>
    <trkpt lat="60.3840899" lon="15.9832460"></trkpt>
    <trkpt lat="60.3839785" lon="15.9826344"></trkpt>
    <trkpt lat="60.3838857" lon="15.9820497"></trkpt>
    <trkpt lat="60.3837479" lon="15.9809232"></trkpt>
    <trkpt lat="60.3836869" lon="15.9801453"></trkpt>
    <trkpt lat="60.3837108" lon="15.9797215"></trkpt>
    <trkpt lat="60.3838027" lon="15.9784437"></trkpt>
    <trkpt lat="60.3838539" lon="15.9779513"></trkpt>
    <trkpt lat="60.3839098" lon="15.9775886"></trkpt>
    <trkpt lat="60.3840185" lon="15.9771302"></trkpt>
    <trkpt lat="60.3841097" lon="15.9768046"></trkpt>
    <trkpt lat="60.3841537" lon="15.9764237"></trkpt>
    <trkpt lat="60.3841414" lon="15.9759771"></trkpt>
    <trkpt lat="60.3840064" lon="15.9748128"></trkpt>
    <trkpt lat="60.3838918" lon="15.9738083"></trkpt>
    <trkpt lat="60.3837617" lon="15.9728054"></trkpt>
    <trkpt lat="60.3836687" lon="15.9721295"></trkpt>
    <trkpt lat="60.3836308" lon="15.9716027"></trkpt>
    <trkpt lat="60.3836089" lon="15.9711733"></trkpt>
    <trkpt lat="60.3836223" lon="15.9705783"></trkpt>
    <trkpt lat="60.3835952" lon="15.9700424"></trkpt>
    <trkpt lat="60.3835101" lon="15.9695347"></trkpt>
    <trkpt lat="60.3831195" lon="15.9680490"></trkpt>
    <trkpt lat="60.3830760" lon="15.9677674"></trkpt>
    <trkpt lat="60.3830624" lon="15.9675171"></trkpt>
    <trkpt lat="60.3830994" lon="15.9672460"></trkpt>
    <trkpt lat="60.3831899" lon="15.9669705"></trkpt>
    <trkpt lat="60.3833651" lon="15.9666562"></trkpt>
    <trkpt lat="60.3834469" lon="15.9664451"></trkpt>
    <trkpt lat="60.3834960" lon="15.9662327"></trkpt>
    <trkpt lat="60.3835186" lon="15.9659913"></trkpt>
    <trkpt lat="60.3835013" lon="15.9655890"></trkpt>
    <trkpt lat="60.3833635" lon="15.9651652"></trkpt>
    <trkpt lat="60.3830347" lon="15.9643149"></trkpt>
    <trkpt lat="60.3826619" lon="15.9635046"></trkpt>
    <trkpt lat="60.3824812" lon="15.9628986"></trkpt>
    <trkpt lat="60.3822884" lon="15.9622520"></trkpt>
    <trkpt lat="60.3822020" lon="15.9616133"></trkpt>
    <trkpt lat="60.3821978" lon="15.9611209"></trkpt>
    <trkpt lat="60.3821737" lon="15.9603387"></trkpt>
    <trkpt lat="60.3820933" lon="15.9597715"></trkpt>
    <trkpt lat="60.3819276" lon="15.9590711"></trkpt>
    <trkpt lat="60.3816827" lon="15.9582424"></trkpt>
    <trkpt lat="60.3815095" lon="15.9578958"></trkpt>
    <trkpt lat="60.3813274" lon="15.9565346"></trkpt>
    <trkpt lat="60.3811453" lon="15.9551734"></trkpt>
    <trkpt lat="60.3810561" lon="15.9540903"></trkpt>
    <trkpt lat="60.3810082" lon="15.9534970"></trkpt>
    <trkpt lat="60.3809401" lon="15.9530260"></trkpt>
    <trkpt lat="60.3806657" lon="15.9519907"></trkpt>
    <trkpt lat="60.3806180" lon="15.9516367"></trkpt>
    <trkpt lat="60.3805252" lon="15.9507248"></trkpt>
    <trkpt lat="60.3805491" lon="15.9497378"></trkpt>
    <trkpt lat="60.3805730" lon="15.9487507"></trkpt>
    <trkpt lat="60.3805305" lon="15.9479460"></trkpt>
    <trkpt lat="60.3804086" lon="15.9471306"></trkpt>
    <trkpt lat="60.3801276" lon="15.9461865"></trkpt>
    <trkpt lat="60.3799260" lon="15.9454569"></trkpt>
    <trkpt lat="60.3797139" lon="15.9448990"></trkpt>
    <trkpt lat="60.3793799" lon="15.9445342"></trkpt>
    <trkpt lat="60.3788708" lon="15.9442338"></trkpt>
    <trkpt lat="60.3785261" lon="15.9439441"></trkpt>
    <trkpt lat="60.3783140" lon="15.9435686"></trkpt>
    <trkpt lat="60.3784943" lon="15.9429034"></trkpt>
    <trkpt lat="60.3785261" lon="15.9426138"></trkpt>
    <trkpt lat="60.3785473" lon="15.9422490"></trkpt>
    <trkpt lat="60.3786428" lon="15.9418842"></trkpt>
    <trkpt lat="60.3788443" lon="15.9415623"></trkpt>
    <trkpt lat="60.3789185" lon="15.9413263"></trkpt>
    <trkpt lat="60.3789981" lon="15.9408435"></trkpt>
    <trkpt lat="60.3790935" lon="15.9404680"></trkpt>
    <trkpt lat="60.3792155" lon="15.9401783"></trkpt>
    <trkpt lat="60.3792738" lon="15.9398672"></trkpt>
    <trkpt lat="60.3792950" lon="15.9396526"></trkpt>
    <trkpt lat="60.3792632" lon="15.9392449"></trkpt>
    <trkpt lat="60.3791412" lon="15.9387192"></trkpt>
    <trkpt lat="60.3789822" lon="15.9381935"></trkpt>
    <trkpt lat="60.3789106" lon="15.9379682"></trkpt>
    <trkpt lat="60.3786746" lon="15.9377536"></trkpt>
    <trkpt lat="60.3786257" lon="15.9374124"></trkpt>
    <trkpt lat="60.3785049" lon="15.9376088"></trkpt>
    <trkpt lat="60.3778579" lon="15.9372547"></trkpt>
    <trkpt lat="60.3774682" lon="15.9368846"></trkpt>
    <trkpt lat="60.3770229" lon="15.9362988"></trkpt>
    <trkpt lat="60.3767577" lon="15.9359770"></trkpt>
    <trkpt lat="60.3765933" lon="15.9351079"></trkpt>
    <trkpt lat="60.3765084" lon="15.9345822"></trkpt>
    <trkpt lat="60.3763918" lon="15.9344427"></trkpt>
    <trkpt lat="60.3762804" lon="15.9342496"></trkpt>
    <trkpt lat="60.3759410" lon="15.9342389"></trkpt>
    <trkpt lat="60.3757660" lon="15.9341960"></trkpt>
    <trkpt lat="60.3755857" lon="15.9342711"></trkpt>
    <trkpt lat="60.3753682" lon="15.9342496"></trkpt>
    <trkpt lat="60.3750871" lon="15.9341423"></trkpt>
    <trkpt lat="60.3749387" lon="15.9341852"></trkpt>
    <trkpt lat="60.3741325" lon="15.9346895"></trkpt>
    <trkpt lat="60.3738885" lon="15.9347217"></trkpt>
    <trkpt lat="60.3736446" lon="15.9345822"></trkpt>
    <trkpt lat="60.3734218" lon="15.9345822"></trkpt>
    <trkpt lat="60.3730452" lon="15.9349148"></trkpt>
    <trkpt lat="60.3728967" lon="15.9351079"></trkpt>
    <trkpt lat="60.3726262" lon="15.9352689"></trkpt>
    <trkpt lat="60.3724671" lon="15.9351401"></trkpt>
    <trkpt lat="60.3723876" lon="15.9347968"></trkpt>
    <trkpt lat="60.3722285" lon="15.9338151"></trkpt>
    <trkpt lat="60.3720693" lon="15.9328334"></trkpt>
    <trkpt lat="60.3719898" lon="15.9326832"></trkpt>
    <trkpt lat="60.3717299" lon="15.9323721"></trkpt>
    <trkpt lat="60.3716132" lon="15.9320502"></trkpt>
    <trkpt lat="60.3716185" lon="15.9318678"></trkpt>
    <trkpt lat="60.3715296" lon="15.9312806"></trkpt>
    <trkpt lat="60.3712220" lon="15.9300773"></trkpt>
    <trkpt lat="60.3709143" lon="15.9288739"></trkpt>
    <trkpt lat="60.3706067" lon="15.9276706"></trkpt>
    <trkpt lat="60.3701903" lon="15.9260613"></trkpt>
    <trkpt lat="60.3697739" lon="15.9244519"></trkpt>
    <trkpt lat="60.3694291" lon="15.9229765"></trkpt>
    <trkpt lat="60.3691391" lon="15.9223034"></trkpt>
    <trkpt lat="60.3686500" lon="15.9232402"></trkpt>
    <trkpt lat="60.3680769" lon="15.9239672"></trkpt>
    <trkpt lat="60.3675860" lon="15.9243460"></trkpt>
    <trkpt lat="60.3673989" lon="15.9234416"></trkpt>
    <trkpt lat="60.3673560" lon="15.9232449"></trkpt>
    <trkpt lat="60.3672923" lon="15.9231752"></trkpt>
    <trkpt lat="60.3671916" lon="15.9231162"></trkpt>
    <trkpt lat="60.3665099" lon="15.9233200"></trkpt>
    <trkpt lat="60.3662499" lon="15.9234381"></trkpt>
    <trkpt lat="60.3660696" lon="15.9235722"></trkpt>
    <trkpt lat="60.3658309" lon="15.9238350"></trkpt>
    <trkpt lat="60.3656080" lon="15.9241515"></trkpt>
    <trkpt lat="60.3653879" lon="15.9243339"></trkpt>
    <trkpt lat="60.3653322" lon="15.9244090"></trkpt>
    <trkpt lat="60.3653110" lon="15.9244841"></trkpt>
    <trkpt lat="60.3652871" lon="15.9248757"></trkpt>
    <trkpt lat="60.3652320" lon="15.9251514"></trkpt>
    <trkpt lat="60.3651472" lon="15.9250970"></trkpt>
    <trkpt lat="60.3647111" lon="15.9251463"></trkpt>
    <trkpt lat="60.3643458" lon="15.9252432"></trkpt>
    <trkpt lat="60.3642835" lon="15.9250849"></trkpt>
    <trkpt lat="60.3640076" lon="15.9249669"></trkpt>
    <trkpt lat="60.3632967" lon="15.9249401"></trkpt>
    <trkpt lat="60.3629333" lon="15.9247577"></trkpt>
    <trkpt lat="60.3628033" lon="15.9246504"></trkpt>
    <trkpt lat="60.3625964" lon="15.9241033"></trkpt>
    <trkpt lat="60.3624929" lon="15.9239423"></trkpt>
    <trkpt lat="60.3623735" lon="15.9238511"></trkpt>
    <trkpt lat="60.3622833" lon="15.9237854"></trkpt>
    <trkpt lat="60.3622196" lon="15.9236846"></trkpt>
    <trkpt lat="60.3621772" lon="15.9233734"></trkpt>
    <trkpt lat="60.3621241" lon="15.9229335"></trkpt>
    <trkpt lat="60.3621135" lon="15.9225366"></trkpt>
    <trkpt lat="60.3621400" lon="15.9223220"></trkpt>
    <trkpt lat="60.3622700" lon="15.9220216"></trkpt>
    <trkpt lat="60.3623231" lon="15.9218928"></trkpt>
    <trkpt lat="60.3623125" lon="15.9217319"></trkpt>
    <trkpt lat="60.3621586" lon="15.9205017"></trkpt>
    <trkpt lat="60.3620048" lon="15.9192714"></trkpt>
    <trkpt lat="60.3618509" lon="15.9180412"></trkpt>
    <trkpt lat="60.3616996" lon="15.9167644"></trkpt>
    <trkpt lat="60.3615484" lon="15.9154877"></trkpt>
    <trkpt lat="60.3614371" lon="15.9144473"></trkpt>
    <trkpt lat="60.3613602" lon="15.9137070"></trkpt>
    <trkpt lat="60.3612965" lon="15.9129560"></trkpt>
    <trkpt lat="60.3612408" lon="15.9124839"></trkpt>
    <trkpt lat="60.3611453" lon="15.9120601"></trkpt>
    <trkpt lat="60.3606412" lon="15.9106976"></trkpt>
    <trkpt lat="60.3602001" lon="15.9104608"></trkpt>
    <trkpt lat="60.3599275" lon="15.9104608"></trkpt>
    <trkpt lat="60.3591643" lon="15.9113059"></trkpt>
    <trkpt lat="60.3588736" lon="15.9111038"></trkpt>
    <trkpt lat="60.3585737" lon="15.9111589"></trkpt>
    <trkpt lat="60.3582103" lon="15.9115815"></trkpt>
    <trkpt lat="60.3575288" lon="15.9120592"></trkpt>
    <trkpt lat="60.3573198" lon="15.9120040"></trkpt>
    <trkpt lat="60.3570381" lon="15.9116366"></trkpt>
    <trkpt lat="60.3569836" lon="15.9112508"></trkpt>
    <trkpt lat="60.3570290" lon="15.9101485"></trkpt>
    <trkpt lat="60.3572471" lon="15.9086420"></trkpt>
    <trkpt lat="60.3573471" lon="15.9075764"></trkpt>
    <trkpt lat="60.3567063" lon="15.9070996"></trkpt>
    <trkpt lat="60.3560655" lon="15.9066227"></trkpt>
    <trkpt lat="60.3554247" lon="15.9061459"></trkpt>
    <trkpt lat="60.3552178" lon="15.9053949"></trkpt>
    <trkpt lat="60.3548728" lon="15.9053627"></trkpt>
    <trkpt lat="60.3540078" lon="15.9054807"></trkpt>
    <trkpt lat="60.3537955" lon="15.9051803"></trkpt>
    <trkpt lat="60.3535408" lon="15.9051266"></trkpt>
    <trkpt lat="60.3533550" lon="15.9049442"></trkpt>
    <trkpt lat="60.3527182" lon="15.9050193"></trkpt>
    <trkpt lat="60.3521397" lon="15.9057167"></trkpt>
    <trkpt lat="60.3518903" lon="15.9057060"></trkpt>
    <trkpt lat="60.3512694" lon="15.9060060"></trkpt>
    <trkpt lat="60.3510464" lon="15.9061137"></trkpt>
    <trkpt lat="60.3506006" lon="15.9059635"></trkpt>
    <trkpt lat="60.3502468" lon="15.9059565"></trkpt>
    <trkpt lat="60.3494235" lon="15.9060411"></trkpt>
    <trkpt lat="60.3486002" lon="15.9061256"></trkpt>
    <trkpt lat="60.3477769" lon="15.9062102"></trkpt>
    <trkpt lat="60.3476734" lon="15.9061244"></trkpt>
    <trkpt lat="60.3475487" lon="15.9058186"></trkpt>
    <trkpt lat="60.3475062" lon="15.9055075"></trkpt>
    <trkpt lat="60.3475062" lon="15.9049335"></trkpt>
    <trkpt lat="60.3474505" lon="15.9046814"></trkpt>
    <trkpt lat="60.3473363" lon="15.9044507"></trkpt>
    <trkpt lat="60.3469170" lon="15.9039679"></trkpt>
    <trkpt lat="60.3466357" lon="15.9037855"></trkpt>
    <trkpt lat="60.3463543" lon="15.9032920"></trkpt>
    <trkpt lat="60.3462110" lon="15.9026483"></trkpt>
    <trkpt lat="60.3459403" lon="15.9021869"></trkpt>
    <trkpt lat="60.3457439" lon="15.9011462"></trkpt>
    <trkpt lat="60.3457402" lon="15.9000815"></trkpt>
    <trkpt lat="60.3455124" lon="15.9000721"></trkpt>
    <trkpt lat="60.3447056" lon="15.9002920"></trkpt>
    <trkpt lat="60.3444826" lon="15.9004422"></trkpt>
    <trkpt lat="60.3443871" lon="15.9006944"></trkpt>
    <trkpt lat="60.3441880" lon="15.9017941"></trkpt>
    <trkpt lat="60.3441110" lon="15.9026041"></trkpt>
    <trkpt lat="60.3440606" lon="15.9033444"></trkpt>
    <trkpt lat="60.3439199" lon="15.9041651"></trkpt>
    <trkpt lat="60.3436120" lon="15.9050342"></trkpt>
    <trkpt lat="60.3434634" lon="15.9053936"></trkpt>
    <trkpt lat="60.3433094" lon="15.9055384"></trkpt>
    <trkpt lat="60.3430573" lon="15.9057155"></trkpt>
    <trkpt lat="60.3427945" lon="15.9058710"></trkpt>
    <trkpt lat="60.3424945" lon="15.9060641"></trkpt>
    <trkpt lat="60.3423459" lon="15.9060695"></trkpt>
    <trkpt lat="60.3417327" lon="15.9057852"></trkpt>
    <trkpt lat="60.3415480" lon="15.9057782"></trkpt>
    <trkpt lat="60.3414062" lon="15.9058496"></trkpt>
    <trkpt lat="60.3411302" lon="15.9060212"></trkpt>
    <trkpt lat="60.3409109" lon="15.9061859"></trkpt>
    <trkpt lat="60.3406454" lon="15.9065507"></trkpt>
    <trkpt lat="60.3405101" lon="15.9067867"></trkpt>
    <trkpt lat="60.3403879" lon="15.9070442"></trkpt>
    <trkpt lat="60.3403110" lon="15.9071247"></trkpt>
    <trkpt lat="60.3402414" lon="15.9071047"></trkpt>
    <trkpt lat="60.3399760" lon="15.9069115"></trkpt>
    <trkpt lat="60.3395406" lon="15.9070832"></trkpt>
    <trkpt lat="60.3391690" lon="15.9071047"></trkpt>
    <trkpt lat="60.3387548" lon="15.9070188"></trkpt>
    <trkpt lat="60.3383725" lon="15.9070188"></trkpt>
    <trkpt lat="60.3380009" lon="15.9070188"></trkpt>
    <trkpt lat="60.3375443" lon="15.9069115"></trkpt>
    <trkpt lat="60.3370664" lon="15.9068901"></trkpt>
    <trkpt lat="60.3367903" lon="15.9068043"></trkpt>
    <trkpt lat="60.3364505" lon="15.9066540"></trkpt>
    <trkpt lat="60.3361425" lon="15.9065682"></trkpt>
    <trkpt lat="60.3357283" lon="15.9067184"></trkpt>
    <trkpt lat="60.3350699" lon="15.9068686"></trkpt>
    <trkpt lat="60.3342203" lon="15.9071690"></trkpt>
    <trkpt lat="60.3338167" lon="15.9072549"></trkpt>
    <trkpt lat="60.3336415" lon="15.9070617"></trkpt>
    <trkpt lat="60.3335724" lon="15.9061820"></trkpt>
    <trkpt lat="60.3335831" lon="15.9056670"></trkpt>
    <trkpt lat="60.3336574" lon="15.9050662"></trkpt>
    <trkpt lat="60.3336679" lon="15.9047971"></trkpt>
    <trkpt lat="60.3336733" lon="15.9046585"></trkpt>
    <trkpt lat="60.3336521" lon="15.9039826"></trkpt>
    <trkpt lat="60.3336149" lon="15.9030062"></trkpt>
    <trkpt lat="60.3336309" lon="15.9022660"></trkpt>
    <trkpt lat="60.3336787" lon="15.9016866"></trkpt>
    <trkpt lat="60.3337742" lon="15.9011931"></trkpt>
    <trkpt lat="60.3339548" lon="15.9005386"></trkpt>
    <trkpt lat="60.3342097" lon="15.8994335"></trkpt>
    <trkpt lat="60.3342992" lon="15.8989161"></trkpt>
    <trkpt lat="60.3343637" lon="15.8985430"></trkpt>
    <trkpt lat="60.3344274" lon="15.8978457"></trkpt>
    <trkpt lat="60.3343836" lon="15.8966119"></trkpt>
    <trkpt lat="60.3343637" lon="15.8963436"></trkpt>
    <trkpt lat="60.3343424" lon="15.8957643"></trkpt>
    <trkpt lat="60.3344168" lon="15.8950991"></trkpt>
    <trkpt lat="60.3345336" lon="15.8944661"></trkpt>
    <trkpt lat="60.3346341" lon="15.8937161"></trkpt>
    <trkpt lat="60.3346716" lon="15.8934361"></trkpt>
    <trkpt lat="60.3347778" lon="15.8922774"></trkpt>
    <trkpt lat="60.3348150" lon="15.8918483"></trkpt>
    <trkpt lat="60.3348256" lon="15.8910972"></trkpt>
    <trkpt lat="60.3347407" lon="15.8904535"></trkpt>
    <trkpt lat="60.3345389" lon="15.8893592"></trkpt>
    <trkpt lat="60.3344752" lon="15.8886081"></trkpt>
    <trkpt lat="60.3344274" lon="15.8876962"></trkpt>
    <trkpt lat="60.3343796" lon="15.8867842"></trkpt>
    <trkpt lat="60.3342521" lon="15.8857114"></trkpt>
    <trkpt lat="60.3340928" lon="15.8842522"></trkpt>
    <trkpt lat="60.3339654" lon="15.8835656"></trkpt>
    <trkpt lat="60.3336680" lon="15.8823425"></trkpt>
    <trkpt lat="60.3336043" lon="15.8819563"></trkpt>
    <trkpt lat="60.3336043" lon="15.8813769"></trkpt>
    <trkpt lat="60.3335618" lon="15.8808619"></trkpt>
    <trkpt lat="60.3334450" lon="15.8801109"></trkpt>
    <trkpt lat="60.3332751" lon="15.8795101"></trkpt>
    <trkpt lat="60.3330839" lon="15.8787162"></trkpt>
    <trkpt lat="60.3330202" lon="15.8780081"></trkpt>
    <trkpt lat="60.3329671" lon="15.8772570"></trkpt>
    <trkpt lat="60.3328715" lon="15.8768493"></trkpt>
    <trkpt lat="60.3323479" lon="15.8756391"></trkpt>
    <trkpt lat="60.3318243" lon="15.8744289"></trkpt>
    <trkpt lat="60.3316332" lon="15.8738882"></trkpt>
    <trkpt lat="60.3313358" lon="15.8727724"></trkpt>
    <trkpt lat="60.3312380" lon="15.8724892"></trkpt>
    <trkpt lat="60.3310086" lon="15.8720600"></trkpt>
    <trkpt lat="60.3306135" lon="15.8715879"></trkpt>
    <trkpt lat="60.3302878" lon="15.8711769"></trkpt>
    <trkpt lat="60.3305744" lon="15.8703607"></trkpt>
    <trkpt lat="60.3308610" lon="15.8695445"></trkpt>
    <trkpt lat="60.3309776" lon="15.8689337"></trkpt>
    <trkpt lat="60.3311642" lon="15.8683021"></trkpt>
    <trkpt lat="60.3312314" lon="15.8677522"></trkpt>
    <trkpt lat="60.3309738" lon="15.8669170"></trkpt>
    <trkpt lat="60.3309550" lon="15.8666670"></trkpt>
    <trkpt lat="60.3309721" lon="15.8662453"></trkpt>
    <trkpt lat="60.3312428" lon="15.8661391"></trkpt>
    <trkpt lat="60.3313000" lon="15.8660320"></trkpt>
    <trkpt lat="60.3315853" lon="15.8654280"></trkpt>
    <trkpt lat="60.3316744" lon="15.8649401"></trkpt>
    <trkpt lat="60.3318156" lon="15.8642112"></trkpt>
    <trkpt lat="60.3318974" lon="15.8629698"></trkpt>
    <trkpt lat="60.3319770" lon="15.8622820"></trkpt>
    <trkpt lat="60.3319394" lon="15.8614504"></trkpt>
    <trkpt lat="60.3318996" lon="15.8610695"></trkpt>
    <trkpt lat="60.3317815" lon="15.8601897"></trkpt>
    <trkpt lat="60.3316633" lon="15.8593100"></trkpt>
    <trkpt lat="60.3316155" lon="15.8586019"></trkpt>
    <trkpt lat="60.3315677" lon="15.8582639"></trkpt>
    <trkpt lat="60.3315040" lon="15.8580493"></trkpt>
    <trkpt lat="60.3313760" lon="15.8574880"></trkpt>
    <trkpt lat="60.3313314" lon="15.8573788"></trkpt>
    <trkpt lat="60.3311535" lon="15.8573198"></trkpt>
    <trkpt lat="60.3309676" lon="15.8569979"></trkpt>
    <trkpt lat="60.3306729" lon="15.8564454"></trkpt>
    <trkpt lat="60.3305003" lon="15.8561664"></trkpt>
    <trkpt lat="60.3303038" lon="15.8560484"></trkpt>
    <trkpt lat="60.3301312" lon="15.8560162"></trkpt>
    <trkpt lat="60.3298656" lon="15.8558446"></trkpt>
    <trkpt lat="60.3296378" lon="15.8558390"></trkpt>
    <trkpt lat="60.3296161" lon="15.8553441"></trkpt>
    <trkpt lat="60.3296058" lon="15.8544563"></trkpt>
    <trkpt lat="60.3296038" lon="15.8537946"></trkpt>
    <trkpt lat="60.3295437" lon="15.8537662"></trkpt>
    <trkpt lat="60.3294159" lon="15.8536122"></trkpt>
    <trkpt lat="60.3292769" lon="15.8534219"></trkpt>
    <trkpt lat="60.3291289" lon="15.8532951"></trkpt>
    <trkpt lat="60.3290123" lon="15.8532407"></trkpt>
    <trkpt lat="60.3289793" lon="15.8532164"></trkpt>
    <trkpt lat="60.3288618" lon="15.8533766"></trkpt>
    <trkpt lat="60.3286591" lon="15.8535141"></trkpt>
    <trkpt lat="60.3282331" lon="15.8536631"></trkpt>
    <trkpt lat="60.3276834" lon="15.8538509"></trkpt>
    <trkpt lat="60.3274683" lon="15.8538573"></trkpt>
    <trkpt lat="60.3266897" lon="15.8540252"></trkpt>
    <trkpt lat="60.3264718" lon="15.8540685"></trkpt>
    <trkpt lat="60.3262939" lon="15.8538963"></trkpt>
    <trkpt lat="60.3260549" lon="15.8537408"></trkpt>
    <trkpt lat="60.3258318" lon="15.8536549"></trkpt>
    <trkpt lat="60.3256167" lon="15.8536657"></trkpt>
    <trkpt lat="60.3252848" lon="15.8537730"></trkpt>
    <trkpt lat="60.3246261" lon="15.8538749"></trkpt>
    <trkpt lat="60.3245282" lon="15.8539154"></trkpt>
    <trkpt lat="60.3241507" lon="15.8542450"></trkpt>
    <trkpt lat="60.3240847" lon="15.8542265"></trkpt>
    <trkpt lat="60.3240502" lon="15.8541836"></trkpt>
    <trkpt lat="60.3240024" lon="15.8540388"></trkpt>
    <trkpt lat="60.3237952" lon="15.8527620"></trkpt>
    <trkpt lat="60.3237497" lon="15.8525713"></trkpt>
    <trkpt lat="60.3235160" lon="15.8527269"></trkpt>
    <trkpt lat="60.3232663" lon="15.8528664"></trkpt>
    <trkpt lat="60.3231472" lon="15.8528962"></trkpt>
    <trkpt lat="60.3230914" lon="15.8528479"></trkpt>
    <trkpt lat="60.3230330" lon="15.8527674"></trkpt>
    <trkpt lat="60.3227545" lon="15.8517572"></trkpt>
    <trkpt lat="60.3224761" lon="15.8507469"></trkpt>
    <trkpt lat="60.3221573" lon="15.8496374"></trkpt>
    <trkpt lat="60.3218386" lon="15.8485278"></trkpt>
    <trkpt lat="60.3218628" lon="15.8484929"></trkpt>
    <trkpt lat="60.3218386" lon="15.8485278"></trkpt>
    <trkpt lat="60.3211292" lon="15.8494671"></trkpt>
    <trkpt lat="60.3204197" lon="15.8504064"></trkpt>
    <trkpt lat="60.3202368" lon="15.8506027"></trkpt>
    <trkpt lat="60.3200922" lon="15.8507234"></trkpt>
    <trkpt lat="60.3199571" lon="15.8508063"></trkpt>
    <trkpt lat="60.3197837" lon="15.8508987"></trkpt>
    <trkpt lat="60.3196045" lon="15.8509391"></trkpt>
    <trkpt lat="60.3194231" lon="15.8509610"></trkpt>
    <trkpt lat="60.3189939" lon="15.8508786"></trkpt>
    <trkpt lat="60.3184357" lon="15.8507438"></trkpt>
    <trkpt lat="60.3183750" lon="15.8493519"></trkpt>
    <trkpt lat="60.3183143" lon="15.8479600"></trkpt>
    <trkpt lat="60.3182559" lon="15.8469194"></trkpt>
    <trkpt lat="60.3182319" lon="15.8466847"></trkpt>
    <trkpt lat="60.3181603" lon="15.8459859"></trkpt>
    <trkpt lat="60.3179862" lon="15.8450700"></trkpt>
    <trkpt lat="60.3179341" lon="15.8447734"></trkpt>
    <trkpt lat="60.3178999" lon="15.8443873"></trkpt>
    <trkpt lat="60.3177353" lon="15.8437329"></trkpt>
    <trkpt lat="60.3175011" lon="15.8430367"></trkpt>
    <trkpt lat="60.3173527" lon="15.8425956"></trkpt>
    <trkpt lat="60.3170263" lon="15.8416154"></trkpt>
    <trkpt lat="60.3169383" lon="15.8413511"></trkpt>
    <trkpt lat="60.3165505" lon="15.8401065"></trkpt>
    <trkpt lat="60.3161361" lon="15.8385079"></trkpt>
    <trkpt lat="60.3158080" lon="15.8373311"></trkpt>
    <trkpt lat="60.3154295" lon="15.8376422"></trkpt>
    <trkpt lat="60.3151851" lon="15.8378300"></trkpt>
    <trkpt lat="60.3150907" lon="15.8378944"></trkpt>
    <trkpt lat="60.3145448" lon="15.8384818"></trkpt>
    <trkpt lat="60.3142791" lon="15.8388278"></trkpt>
    <trkpt lat="60.3139723" lon="15.8392623"></trkpt>
    <trkpt lat="60.3137425" lon="15.8394366"></trkpt>
    <trkpt lat="60.3134874" lon="15.8395708"></trkpt>
    <trkpt lat="60.3132536" lon="15.8397371"></trkpt>
    <trkpt lat="60.3131115" lon="15.8399785"></trkpt>
    <trkpt lat="60.3129640" lon="15.8406323"></trkpt>
    <trkpt lat="60.3127940" lon="15.8411472"></trkpt>
    <trkpt lat="60.3126664" lon="15.8414047"></trkpt>
    <trkpt lat="60.3124698" lon="15.8415978"></trkpt>
    <trkpt lat="60.3122785" lon="15.8418339"></trkpt>
    <trkpt lat="60.3121244" lon="15.8421557"></trkpt>
    <trkpt lat="60.3119703" lon="15.8424454"></trkpt>
    <trkpt lat="60.3119628" lon="15.8424543"></trkpt>
    <trkpt lat="60.3117631" lon="15.8426922"></trkpt>
    <trkpt lat="60.3113911" lon="15.8430784"></trkpt>
    <trkpt lat="60.3110245" lon="15.8434325"></trkpt>
    <trkpt lat="60.3108598" lon="15.8434539"></trkpt>
    <trkpt lat="60.3106791" lon="15.8433896"></trkpt>
    <trkpt lat="60.3104293" lon="15.8432608"></trkpt>
    <trkpt lat="60.3102699" lon="15.8432608"></trkpt>
    <trkpt lat="60.3099404" lon="15.8434861"></trkpt>
    <trkpt lat="60.3095897" lon="15.8438509"></trkpt>
    <trkpt lat="60.3094418" lon="15.8440819"></trkpt>
    <trkpt lat="60.3093311" lon="15.8443458"></trkpt>
    <trkpt lat="60.3092018" lon="15.8448272"></trkpt>
    <trkpt lat="60.3090317" lon="15.8451598"></trkpt>
    <trkpt lat="60.3086757" lon="15.8456641"></trkpt>
    <trkpt lat="60.3083302" lon="15.8461361"></trkpt>
    <trkpt lat="60.3081070" lon="15.8466404"></trkpt>
    <trkpt lat="60.3078147" lon="15.8474665"></trkpt>
    <trkpt lat="60.3076340" lon="15.8482283"></trkpt>
    <trkpt lat="60.3075596" lon="15.8488398"></trkpt>
    <trkpt lat="60.3074852" lon="15.8494084"></trkpt>
    <trkpt lat="60.3073949" lon="15.8497303"></trkpt>
    <trkpt lat="60.3072248" lon="15.8499771"></trkpt>
    <trkpt lat="60.3069325" lon="15.8502238"></trkpt>
    <trkpt lat="60.3065605" lon="15.8505779"></trkpt>
    <trkpt lat="60.3057755" lon="15.8514579"></trkpt>
    <trkpt lat="60.3057193" lon="15.8514794"></trkpt>
    <trkpt lat="60.3050507" lon="15.8519674"></trkpt>
    <trkpt lat="60.3047239" lon="15.8522839"></trkpt>
    <trkpt lat="60.3045434" lon="15.8526004"></trkpt>
    <trkpt lat="60.3043213" lon="15.8521401"></trkpt>
    <trkpt lat="60.3038325" lon="15.8510650"></trkpt>
    <trkpt lat="60.3033436" lon="15.8499900"></trkpt>
    <trkpt lat="60.3031548" lon="15.8496775"></trkpt>
    <trkpt lat="60.3030324" lon="15.8495909"></trkpt>
    <trkpt lat="60.3029264" lon="15.8495810"></trkpt>
    <trkpt lat="60.3025699" lon="15.8496660"></trkpt>
    <trkpt lat="60.3025249" lon="15.8496315"></trkpt>
    <trkpt lat="60.3024943" lon="15.8495441"></trkpt>
    <trkpt lat="60.3024756" lon="15.8493575"></trkpt>
    <trkpt lat="60.3024668" lon="15.8492078"></trkpt>
    <trkpt lat="60.3024539" lon="15.8490719"></trkpt>
    <trkpt lat="60.3024314" lon="15.8490115"></trkpt>
    <trkpt lat="60.3023438" lon="15.8489354"></trkpt>
    <trkpt lat="60.3020420" lon="15.8488399"></trkpt>
    <trkpt lat="60.3018224" lon="15.8486146"></trkpt>
    <trkpt lat="60.3015577" lon="15.8481642"></trkpt>
    <trkpt lat="60.3013821" lon="15.8478169"></trkpt>
    <trkpt lat="60.3013450" lon="15.8475853"></trkpt>
    <trkpt lat="60.3014037" lon="15.8476100"></trkpt>
    <trkpt lat="60.3013071" lon="15.8472416"></trkpt>
    <trkpt lat="60.3012148" lon="15.8465720"></trkpt>
    <trkpt lat="60.3011735" lon="15.8462267"></trkpt>
    <trkpt lat="60.3011222" lon="15.8460081"></trkpt>
    <trkpt lat="60.3009480" lon="15.8457139"></trkpt>
    <trkpt lat="60.3007068" lon="15.8453821"></trkpt>
    <trkpt lat="60.3006324" lon="15.8451461"></trkpt>
    <trkpt lat="60.3006005" lon="15.8447169"></trkpt>
    <trkpt lat="60.3004835" lon="15.8442448"></trkpt>
    <trkpt lat="60.3002787" lon="15.8436330"></trkpt>
    <trkpt lat="60.3002972" lon="15.8433438"></trkpt>
    <trkpt lat="60.3003933" lon="15.8418061"></trkpt>
    <trkpt lat="60.3004611" lon="15.8407717"></trkpt>
    <trkpt lat="60.3005288" lon="15.8397373"></trkpt>
    <trkpt lat="60.3006193" lon="15.8385159"></trkpt>
    <trkpt lat="60.3007098" lon="15.8372946"></trkpt>
    <trkpt lat="60.3008003" lon="15.8360732"></trkpt>
    <trkpt lat="60.3008309" lon="15.8347321"></trkpt>
    <trkpt lat="60.3007937" lon="15.8337423"></trkpt>
    <trkpt lat="60.3007007" lon="15.8329833"></trkpt>
    <trkpt lat="60.3005226" lon="15.8320973"></trkpt>
    <trkpt lat="60.3004216" lon="15.8313042"></trkpt>
    <trkpt lat="60.3001577" lon="15.8300884"></trkpt>
    <trkpt lat="60.2998938" lon="15.8288725"></trkpt>
    <trkpt lat="60.2998078" lon="15.8285439"></trkpt>
    <trkpt lat="60.2994745" lon="15.8275735"></trkpt>
    <trkpt lat="60.2991948" lon="15.8268243"></trkpt>
    <trkpt lat="60.2989184" lon="15.8261515"></trkpt>
    <trkpt lat="60.2983438" lon="15.8248248"></trkpt>
    <trkpt lat="60.2979319" lon="15.8242463"></trkpt>
    <trkpt lat="60.2976316" lon="15.8240082"></trkpt>
    <trkpt lat="60.2973286" lon="15.8239494"></trkpt>
    <trkpt lat="60.2970291" lon="15.8240155"></trkpt>
    <trkpt lat="60.2965664" lon="15.8241486"></trkpt>
    <trkpt lat="60.2957504" lon="15.8243476"></trkpt>
    <trkpt lat="60.2949344" lon="15.8245466"></trkpt>
    <trkpt lat="60.2947042" lon="15.8244431"></trkpt>
    <trkpt lat="60.2944444" lon="15.8240961"></trkpt>
    <trkpt lat="60.2943062" lon="15.8239022"></trkpt>
    <trkpt lat="60.2941967" lon="15.8237067"></trkpt>
    <trkpt lat="60.2941103" lon="15.8233998"></trkpt>
    <trkpt lat="60.2946093" lon="15.8229386"></trkpt>
    <trkpt lat="60.2951083" lon="15.8224774"></trkpt>
    <trkpt lat="60.2951586" lon="15.8220628"></trkpt>
    <trkpt lat="60.2950666" lon="15.8208558"></trkpt>
    <trkpt lat="60.2949747" lon="15.8196488"></trkpt>
    <trkpt lat="60.2953862" lon="15.8194210"></trkpt>
    <trkpt lat="60.2960233" lon="15.8182023"></trkpt>
    <trkpt lat="60.2966604" lon="15.8169836"></trkpt>
    <trkpt lat="60.2972975" lon="15.8157649"></trkpt>
    <trkpt lat="60.2976120" lon="15.8151858"></trkpt>
    <trkpt lat="60.2976368" lon="15.8147969"></trkpt>
    <trkpt lat="60.2977031" lon="15.8144782"></trkpt>
    <trkpt lat="60.2977570" lon="15.8140094"></trkpt>
    <trkpt lat="60.2977742" lon="15.8129582"></trkpt>
    <trkpt lat="60.2978190" lon="15.8122182"></trkpt>
    <trkpt lat="60.2978510" lon="15.8115345"></trkpt>
    <trkpt lat="60.2978260" lon="15.8112840"></trkpt>
    <trkpt lat="60.2978100" lon="15.8108709"></trkpt>
    <trkpt lat="60.2977712" lon="15.8108272"></trkpt>
    <trkpt lat="60.2973578" lon="15.8098482"></trkpt>
    <trkpt lat="60.2972184" lon="15.8095834"></trkpt>
    <trkpt lat="60.2971771" lon="15.8095049"></trkpt>
    <trkpt lat="60.2969251" lon="15.8092506"></trkpt>
    <trkpt lat="60.2966242" lon="15.8089470"></trkpt>
    <trkpt lat="60.2963477" lon="15.8084964"></trkpt>
    <trkpt lat="60.2957629" lon="15.8071445"></trkpt>
    <trkpt lat="60.2954652" lon="15.8065866"></trkpt>
    <trkpt lat="60.2951994" lon="15.8064364"></trkpt>
    <trkpt lat="60.2949655" lon="15.8063506"></trkpt>
    <trkpt lat="60.2946308" lon="15.8054845"></trkpt>
    <trkpt lat="60.2944763" lon="15.8050846"></trkpt>
    <trkpt lat="60.2940204" lon="15.8040506"></trkpt>
    <trkpt lat="60.2938043" lon="15.8039272"></trkpt>
    <trkpt lat="60.2929239" lon="15.8042692"></trkpt>
    <trkpt lat="60.2924772" lon="15.8045589"></trkpt>
    <trkpt lat="60.2920306" lon="15.8048486"></trkpt>
    <trkpt lat="60.2917860" lon="15.8051490"></trkpt>
    <trkpt lat="60.2914621" lon="15.8056456"></trkpt>
    <trkpt lat="60.2910261" lon="15.8062250"></trkpt>
    <trkpt lat="60.2908666" lon="15.8065039"></trkpt>
    <trkpt lat="60.2908028" lon="15.8074052"></trkpt>
    <trkpt lat="60.2904944" lon="15.8081133"></trkpt>
    <trkpt lat="60.2901115" lon="15.8093578"></trkpt>
    <trkpt lat="60.2900663" lon="15.8105069"></trkpt>
    <trkpt lat="60.2901727" lon="15.8114939"></trkpt>
    <trkpt lat="60.2899493" lon="15.8120518"></trkpt>
    <trkpt lat="60.2891969" lon="15.8125979"></trkpt>
    <trkpt lat="60.2884844" lon="15.8129412"></trkpt>
    <trkpt lat="60.2879952" lon="15.8133060"></trkpt>
    <trkpt lat="60.2876219" lon="15.8136096"></trkpt>
    <trkpt lat="60.2871018" lon="15.8146793"></trkpt>
    <trkpt lat="60.2867987" lon="15.8154625"></trkpt>
    <trkpt lat="60.2864956" lon="15.8162457"></trkpt>
    <trkpt lat="60.2859425" lon="15.8166749"></trkpt>
    <trkpt lat="60.2853788" lon="15.8168251"></trkpt>
    <trkpt lat="60.2848151" lon="15.8169753"></trkpt>
    <trkpt lat="60.2842939" lon="15.8169109"></trkpt>
    <trkpt lat="60.2837727" lon="15.8168465"></trkpt>
    <trkpt lat="60.2832063" lon="15.8165794"></trkpt>
    <trkpt lat="60.2826239" lon="15.8157951"></trkpt>
    <trkpt lat="60.2821027" lon="15.8151299"></trkpt>
    <trkpt lat="60.2814006" lon="15.8142931"></trkpt>
    <trkpt lat="60.2808023" lon="15.8131676"></trkpt>
    <trkpt lat="60.2806773" lon="15.8118040"></trkpt>
    <trkpt lat="60.2801986" lon="15.8107526"></trkpt>
    <trkpt lat="60.2794858" lon="15.8097655"></trkpt>
    <trkpt lat="60.2791880" lon="15.8090359"></trkpt>
    <trkpt lat="60.2787943" lon="15.8078558"></trkpt>
    <trkpt lat="60.2783262" lon="15.8068902"></trkpt>
    <trkpt lat="60.2781135" lon="15.8065898"></trkpt>
    <trkpt lat="60.2779584" lon="15.8064677"></trkpt>
    <trkpt lat="60.2779462" lon="15.8065092"></trkpt>
    <trkpt lat="60.2775771" lon="15.8077802"></trkpt>
    <trkpt lat="60.2772080" lon="15.8090511"></trkpt>
    <trkpt lat="60.2768389" lon="15.8103221"></trkpt>
    <trkpt lat="60.2765325" lon="15.8113006"></trkpt>
    <trkpt lat="60.2763198" lon="15.8117387"></trkpt>
    <trkpt lat="60.2764460" lon="15.8120426"></trkpt>
    <trkpt lat="60.2765623" lon="15.8127082"></trkpt>
    <trkpt lat="60.2767693" lon="15.8144225"></trkpt>
    <trkpt lat="60.2768104" lon="15.8151609"></trkpt>
    <trkpt lat="60.2767234" lon="15.8162502"></trkpt>
    <trkpt lat="60.2765523" lon="15.8168577"></trkpt>
    <trkpt lat="60.2762861" lon="15.8178779"></trkpt>
    <trkpt lat="60.2760199" lon="15.8188980"></trkpt>
    <trkpt lat="60.2757708" lon="15.8204330"></trkpt>
    <trkpt lat="60.2756541" lon="15.8214804"></trkpt>
    <trkpt lat="60.2755374" lon="15.8225279"></trkpt>
    <trkpt lat="60.2753111" lon="15.8232225"></trkpt>
    <trkpt lat="60.2751841" lon="15.8235535"></trkpt>
    <trkpt lat="60.2745249" lon="15.8243374"></trkpt>
    <trkpt lat="60.2738657" lon="15.8251214"></trkpt>
    <trkpt lat="60.2732065" lon="15.8259053"></trkpt>
    <trkpt lat="60.2726426" lon="15.8265204"></trkpt>
    <trkpt lat="60.2720786" lon="15.8271356"></trkpt>
    <trkpt lat="60.2715147" lon="15.8277507"></trkpt>
    <trkpt lat="60.2713870" lon="15.8275576"></trkpt>
    <trkpt lat="60.2711168" lon="15.8273638"></trkpt>
    <trkpt lat="60.2707125" lon="15.8272093"></trkpt>
    <trkpt lat="60.2700953" lon="15.8272093"></trkpt>
    <trkpt lat="60.2694919" lon="15.8273393"></trkpt>
    <trkpt lat="60.2691727" lon="15.8272963"></trkpt>
    <trkpt lat="60.2688322" lon="15.8271891"></trkpt>
    <trkpt lat="60.2684597" lon="15.8270388"></trkpt>
    <trkpt lat="60.2682362" lon="15.8269959"></trkpt>
    <trkpt lat="60.2678819" lon="15.8270548"></trkpt>
    <trkpt lat="60.2674913" lon="15.8271891"></trkpt>
    <trkpt lat="60.2670763" lon="15.8272534"></trkpt>
    <trkpt lat="60.2667038" lon="15.8271676"></trkpt>
    <trkpt lat="60.2665122" lon="15.8271247"></trkpt>
    <trkpt lat="60.2662430" lon="15.8273381"></trkpt>
    <trkpt lat="60.2657917" lon="15.8277930"></trkpt>
    <trkpt lat="60.2655331" lon="15.8280903"></trkpt>
    <trkpt lat="60.2652564" lon="15.8287340"></trkpt>
    <trkpt lat="60.2649072" lon="15.8298482"></trkpt>
    <trkpt lat="60.2643411" lon="15.8295709"></trkpt>
    <trkpt lat="60.2637132" lon="15.8291632"></trkpt>
    <trkpt lat="60.2634471" lon="15.8289271"></trkpt>
    <trkpt lat="60.2630533" lon="15.8281546"></trkpt>
    <trkpt lat="60.2625956" lon="15.8275538"></trkpt>
    <trkpt lat="60.2618506" lon="15.8268243"></trkpt>
    <trkpt lat="60.2614515" lon="15.8263415"></trkpt>
    <trkpt lat="60.2610523" lon="15.8258587"></trkpt>
    <trkpt lat="60.2607383" lon="15.8251935"></trkpt>
    <trkpt lat="60.2604243" lon="15.8245283"></trkpt>
    <trkpt lat="60.2600304" lon="15.8235198"></trkpt>
    <trkpt lat="60.2597643" lon="15.8230263"></trkpt>
    <trkpt lat="60.2594971" lon="15.8228362"></trkpt>
    <trkpt lat="60.2591736" lon="15.8228534"></trkpt>
    <trkpt lat="60.2588883" lon="15.8227933"></trkpt>
    <trkpt lat="60.2581346" lon="15.8223813"></trkpt>
    <trkpt lat="60.2574959" lon="15.8219779"></trkpt>
    <trkpt lat="60.2573128" lon="15.8217805"></trkpt>
    <trkpt lat="60.2571638" lon="15.8213513"></trkpt>
    <trkpt lat="60.2569722" lon="15.8211539"></trkpt>
    <trkpt lat="60.2564910" lon="15.8209479"></trkpt>
    <trkpt lat="60.2558224" lon="15.8203815"></trkpt>
    <trkpt lat="60.2556393" lon="15.8201240"></trkpt>
    <trkpt lat="60.2555584" lon="15.8197377"></trkpt>
    <trkpt lat="60.2554307" lon="15.8191197"></trkpt>
    <trkpt lat="60.2552178" lon="15.8182443"></trkpt>
    <trkpt lat="60.2550134" lon="15.8176435"></trkpt>
    <trkpt lat="60.2545023" lon="15.8165019"></trkpt>
    <trkpt lat="60.2542213" lon="15.8156650"></trkpt>
    <trkpt lat="60.2539402" lon="15.8148282"></trkpt>
    <trkpt lat="60.2535442" lon="15.8134721"></trkpt>
    <trkpt lat="60.2534292" lon="15.8126824"></trkpt>
    <trkpt lat="60.2533440" lon="15.8114980"></trkpt>
    <trkpt lat="60.2533099" lon="15.8110087"></trkpt>
    <trkpt lat="60.2530459" lon="15.8099359"></trkpt>
    <trkpt lat="60.2527776" lon="15.8087600"></trkpt>
    <trkpt lat="60.2524156" lon="15.8073867"></trkpt>
    <trkpt lat="60.2520110" lon="15.8063396"></trkpt>
    <trkpt lat="60.2514795" lon="15.8051983"></trkpt>
    <trkpt lat="60.2511716" lon="15.8042828"></trkpt>
    <trkpt lat="60.2508637" lon="15.8033672"></trkpt>
    <trkpt lat="60.2505288" lon="15.8022669"></trkpt>
    <trkpt lat="60.2502562" lon="15.8015985"></trkpt>
    <trkpt lat="60.2500446" lon="15.8012160"></trkpt>
    <trkpt lat="60.2493270" lon="15.8002649"></trkpt>
    <trkpt lat="60.2491140" lon="15.7998009"></trkpt>
    <trkpt lat="60.2487341" lon="15.7986577"></trkpt>
    <trkpt lat="60.2480660" lon="15.7976224"></trkpt>
    <trkpt lat="60.2472962" lon="15.7968038"></trkpt>
    <trkpt lat="60.2468401" lon="15.7963290"></trkpt>
    <trkpt lat="60.2466726" lon="15.7960302"></trkpt>
    <trkpt lat="60.2465470" lon="15.7955630"></trkpt>
    <trkpt lat="60.2463338" lon="15.7947146"></trkpt>
    <trkpt lat="60.2461207" lon="15.7938662"></trkpt>
    <trkpt lat="60.2457809" lon="15.7930599"></trkpt>
    <trkpt lat="60.2454411" lon="15.7922537"></trkpt>
    <trkpt lat="60.2452387" lon="15.7913289"></trkpt>
    <trkpt lat="60.2449879" lon="15.7905081"></trkpt>
    <trkpt lat="60.2448282" lon="15.7902281"></trkpt>
    <trkpt lat="60.2443676" lon="15.7899658"></trkpt>
    <trkpt lat="60.2441860" lon="15.7896208"></trkpt>
    <trkpt lat="60.2440897" lon="15.7891729"></trkpt>
    <trkpt lat="60.2440777" lon="15.7882309"></trkpt>
    <trkpt lat="60.2439805" lon="15.7877599"></trkpt>
    <trkpt lat="60.2437984" lon="15.7873238"></trkpt>
    <trkpt lat="60.2436323" lon="15.7869612"></trkpt>
    <trkpt lat="60.2433604" lon="15.7857762"></trkpt>
    <trkpt lat="60.2431477" lon="15.7850664"></trkpt>
    <trkpt lat="60.2429371" lon="15.7846609"></trkpt>
    <trkpt lat="60.2425366" lon="15.7840724"></trkpt>
    <trkpt lat="60.2420406" lon="15.7832825"></trkpt>
    <trkpt lat="60.2415442" lon="15.7822984"></trkpt>
    <trkpt lat="60.2412508" lon="15.7814227"></trkpt>
    <trkpt lat="60.2411052" lon="15.7811587"></trkpt>
    <trkpt lat="60.2408472" lon="15.7810190"></trkpt>
    <trkpt lat="60.2404038" lon="15.7809938"></trkpt>
    <trkpt lat="60.2397945" lon="15.7808221"></trkpt>
    <trkpt lat="60.2391384" lon="15.7802556"></trkpt>
    <trkpt lat="60.2386442" lon="15.7799810"></trkpt>
    <trkpt lat="60.2382863" lon="15.7800668"></trkpt>
    <trkpt lat="60.2379966" lon="15.7804101"></trkpt>
    <trkpt lat="60.2374640" lon="15.7806504"></trkpt>
    <trkpt lat="60.2372382" lon="15.7809423"></trkpt>
    <trkpt lat="60.2368547" lon="15.7810538"></trkpt>
    <trkpt lat="60.2364116" lon="15.7809680"></trkpt>
    <trkpt lat="60.2357725" lon="15.7804359"></trkpt>
    <trkpt lat="60.2352313" lon="15.7800925"></trkpt>
    <trkpt lat="60.2346774" lon="15.7801955"></trkpt>
    <trkpt lat="60.2343791" lon="15.7804101"></trkpt>
    <trkpt lat="60.2340681" lon="15.7807534"></trkpt>
    <trkpt lat="60.2338848" lon="15.7812255"></trkpt>
    <trkpt lat="60.2336718" lon="15.7813714"></trkpt>
    <trkpt lat="60.2333863" lon="15.7812255"></trkpt>
    <trkpt lat="60.2330326" lon="15.7811997"></trkpt>
    <trkpt lat="60.2327769" lon="15.7810023"></trkpt>
    <trkpt lat="60.2325425" lon="15.7804702"></trkpt>
    <trkpt lat="60.2323210" lon="15.7802556"></trkpt>
    <trkpt lat="60.2321164" lon="15.7802985"></trkpt>
    <trkpt lat="60.2319459" lon="15.7804702"></trkpt>
    <trkpt lat="60.2316988" lon="15.7805732"></trkpt>
    <trkpt lat="60.2313408" lon="15.7804273"></trkpt>
    <trkpt lat="60.2307613" lon="15.7796977"></trkpt>
    <trkpt lat="60.2306036" lon="15.7796548"></trkpt>
    <trkpt lat="60.2303351" lon="15.7797921"></trkpt>
    <trkpt lat="60.2297214" lon="15.7792943"></trkpt>
    <trkpt lat="60.2295254" lon="15.7788823"></trkpt>
    <trkpt lat="60.2291674" lon="15.7782643"></trkpt>
    <trkpt lat="60.2287583" lon="15.7778180"></trkpt>
    <trkpt lat="60.2285281" lon="15.7775949"></trkpt>
    <trkpt lat="60.2279357" lon="15.7775820"></trkpt>
    <trkpt lat="60.2273433" lon="15.7775691"></trkpt>
    <trkpt lat="60.2266401" lon="15.7778094"></trkpt>
    <trkpt lat="60.2260945" lon="15.7779382"></trkpt>
    <trkpt lat="60.2256086" lon="15.7777923"></trkpt>
    <trkpt lat="60.2252122" lon="15.7778094"></trkpt>
    <trkpt lat="60.2245644" lon="15.7777923"></trkpt>
    <trkpt lat="60.2240102" lon="15.7775090"></trkpt>
    <trkpt lat="60.2237402" lon="15.7767869"></trkpt>
    <trkpt lat="60.2235322" lon="15.7765152"></trkpt>
    <trkpt lat="60.2231451" lon="15.7761665"></trkpt>
    <trkpt lat="60.2230415" lon="15.7759812"></trkpt>
    <trkpt lat="60.2227722" lon="15.7757210"></trkpt>
    <trkpt lat="60.2225608" lon="15.7757647"></trkpt>
    <trkpt lat="60.2223066" lon="15.7759900"></trkpt>
    <trkpt lat="60.2219264" lon="15.7766567"></trkpt>
    <trkpt lat="60.2215462" lon="15.7773234"></trkpt>
    <trkpt lat="60.2211978" lon="15.7779094"></trkpt>
    <trkpt lat="60.2208493" lon="15.7784955"></trkpt>
  </trkseg></trk>
</gpx>
